<?xml version="1.0" encoding="UTF-8"?>
<gpx version="1.1" creator="BRouter paired review" xmlns="http://www.topografix.com/GPX/1/1">
<trk><name>Route A</name><trkseg>
<trkpt lat="47.560133" lon="7.589854"><ele>248.75</ele></trkpt>
<trkpt lat="47.560569" lon="7.590732"><ele>250.0</ele></trkpt>
<trkpt lat="47.560580" lon="7.590754"><ele>250.75</ele></trkpt>
<trkpt lat="47.560638" lon="7.590693"><ele>250.0</ele></trkpt>
<trkpt lat="47.559653" lon="7.588712"><ele>249.75</ele></trkpt>
<trkpt lat="47.559632" lon="7.588624"><ele>252.0</ele></trkpt>
<trkpt lat="47.559629" lon="7.588560"><ele>252.25</ele></trkpt>
<trkpt lat="47.559631" lon="7.588516"><ele>252.5</ele></trkpt>
<trkpt lat="47.559647" lon="7.588443"><ele>252.5</ele></trkpt>
<trkpt lat="47.559694" lon="7.588340"><ele>252.75</ele></trkpt>
<trkpt lat="47.559834" lon="7.588131"><ele>251.75</ele></trkpt>
<trkpt lat="47.559883" lon="7.588026"><ele>252.25</ele></trkpt>
<trkpt lat="47.559911" lon="7.587947"><ele>252.0</ele></trkpt>
<trkpt lat="47.559946" lon="7.587849"><ele>252.0</ele></trkpt>
<trkpt lat="47.559956" lon="7.587828"><ele>252.0</ele></trkpt>
<trkpt lat="47.560022" lon="7.587709"><ele>252.0</ele></trkpt>
<trkpt lat="47.560076" lon="7.587652"><ele>252.0</ele></trkpt>
<trkpt lat="47.560314" lon="7.587456"><ele>252.75</ele></trkpt>
<trkpt lat="47.560343" lon="7.587433"><ele>252.75</ele></trkpt>
<trkpt lat="47.560570" lon="7.587271"><ele>252.75</ele></trkpt>
<trkpt lat="47.560664" lon="7.587210"><ele>253.25</ele></trkpt>
<trkpt lat="47.560783" lon="7.587099"><ele>254.25</ele></trkpt>
<trkpt lat="47.560855" lon="7.587017"><ele>254.5</ele></trkpt>
<trkpt lat="47.560981" lon="7.586837"><ele>255.5</ele></trkpt>
<trkpt lat="47.561012" lon="7.586791"><ele>255.75</ele></trkpt>
<trkpt lat="47.561166" lon="7.586552"><ele>256.0</ele></trkpt>
<trkpt lat="47.561283" lon="7.586387"><ele>257.0</ele></trkpt>
<trkpt lat="47.561372" lon="7.586286"><ele>257.25</ele></trkpt>
<trkpt lat="47.561403" lon="7.586255"><ele>257.25</ele></trkpt>
<trkpt lat="47.561427" lon="7.586234"><ele>257.25</ele></trkpt>
<trkpt lat="47.561473" lon="7.586191"><ele>257.5</ele></trkpt>
<trkpt lat="47.561486" lon="7.586180"><ele>257.5</ele></trkpt>
<trkpt lat="47.561547" lon="7.586131"><ele>257.75</ele></trkpt>
<trkpt lat="47.561535" lon="7.586117"><ele>257.75</ele></trkpt>
<trkpt lat="47.561368" lon="7.585921"><ele>258.0</ele></trkpt>
<trkpt lat="47.561271" lon="7.585774"><ele>258.25</ele></trkpt>
<trkpt lat="47.561213" lon="7.585693"><ele>258.5</ele></trkpt>
<trkpt lat="47.560874" lon="7.585370"><ele>260.25</ele></trkpt>
<trkpt lat="47.560645" lon="7.585192"><ele>261.25</ele></trkpt>
<trkpt lat="47.560564" lon="7.585131"><ele>261.25</ele></trkpt>
<trkpt lat="47.560517" lon="7.585095"><ele>261.5</ele></trkpt>
<trkpt lat="47.560052" lon="7.584802"><ele>264.75</ele></trkpt>
<trkpt lat="47.559985" lon="7.584760"><ele>265.0</ele></trkpt>
<trkpt lat="47.560615" lon="7.582706"><ele>265.0</ele></trkpt>
<trkpt lat="47.560715" lon="7.582379"><ele>265.0</ele></trkpt>
<trkpt lat="47.560870" lon="7.581874"><ele>265.0</ele></trkpt>
<trkpt lat="47.561030" lon="7.581298"><ele>265.0</ele></trkpt>
<trkpt lat="47.560672" lon="7.581150"><ele>266.25</ele></trkpt>
<trkpt lat="47.560129" lon="7.580875"><ele>267.75</ele></trkpt>
<trkpt lat="47.559965" lon="7.580792"><ele>268.0</ele></trkpt>
<trkpt lat="47.560080" lon="7.580302"><ele>268.5</ele></trkpt>
<trkpt lat="47.560185" lon="7.580199"><ele>268.25</ele></trkpt>
<trkpt lat="47.560223" lon="7.580182"><ele>268.0</ele></trkpt>
<trkpt lat="47.560241" lon="7.580184"><ele>268.0</ele></trkpt>
<trkpt lat="47.560293" lon="7.580198"><ele>268.0</ele></trkpt>
<trkpt lat="47.560308" lon="7.580140"><ele>268.0</ele></trkpt>
<trkpt lat="47.560338" lon="7.579996"><ele>268.0</ele></trkpt>
<trkpt lat="47.560293" lon="7.579936"><ele>268.0</ele></trkpt>
<trkpt lat="47.560278" lon="7.579894"><ele>268.25</ele></trkpt>
<trkpt lat="47.560271" lon="7.579851"><ele>268.5</ele></trkpt>
<trkpt lat="47.560272" lon="7.579801"><ele>268.5</ele></trkpt>
<trkpt lat="47.560289" lon="7.579712"><ele>268.75</ele></trkpt>
<trkpt lat="47.560840" lon="7.579002"><ele>267.75</ele></trkpt>
<trkpt lat="47.561218" lon="7.578500"><ele>268.0</ele></trkpt>
<trkpt lat="47.561474" lon="7.578196"><ele>268.25</ele></trkpt>
<trkpt lat="47.562083" lon="7.577554"><ele>268.25</ele></trkpt>
<trkpt lat="47.563276" lon="7.576259"><ele>267.5</ele></trkpt>
<trkpt lat="47.562840" lon="7.575612"><ele>268.75</ele></trkpt>
<trkpt lat="47.561954" lon="7.574232"><ele>271.0</ele></trkpt>
<trkpt lat="47.561938" lon="7.574207"><ele>271.0</ele></trkpt>
<trkpt lat="47.561936" lon="7.574099"><ele>271.0</ele></trkpt>
<trkpt lat="47.561943" lon="7.574018"><ele>271.0</ele></trkpt>
<trkpt lat="47.561921" lon="7.573970"><ele>271.0</ele></trkpt>
<trkpt lat="47.561911" lon="7.573947"><ele>271.0</ele></trkpt>
<trkpt lat="47.561907" lon="7.573940"><ele>271.0</ele></trkpt>
<trkpt lat="47.561896" lon="7.573916"><ele>271.0</ele></trkpt>
<trkpt lat="47.561896" lon="7.573914"><ele>271.0</ele></trkpt>
<trkpt lat="47.561881" lon="7.573883"><ele>271.0</ele></trkpt>
<trkpt lat="47.561830" lon="7.573768"><ele>271.0</ele></trkpt>
<trkpt lat="47.561803" lon="7.573703"><ele>271.25</ele></trkpt>
<trkpt lat="47.561768" lon="7.573644"><ele>271.5</ele></trkpt>
<trkpt lat="47.561627" lon="7.573447"><ele>272.0</ele></trkpt>
<trkpt lat="47.561432" lon="7.573206"><ele>272.75</ele></trkpt>
<trkpt lat="47.561098" lon="7.572772"><ele>275.0</ele></trkpt>
<trkpt lat="47.561737" lon="7.571453"><ele>274.5</ele></trkpt>
<trkpt lat="47.562052" lon="7.570796"><ele>274.5</ele></trkpt>
<trkpt lat="47.562404" lon="7.570062"><ele>273.75</ele></trkpt>
<trkpt lat="47.562463" lon="7.569942"><ele>273.25</ele></trkpt>
<trkpt lat="47.562514" lon="7.569840"><ele>273.5</ele></trkpt>
<trkpt lat="47.562898" lon="7.569087"><ele>273.5</ele></trkpt>
<trkpt lat="47.563211" lon="7.568370"><ele>273.5</ele></trkpt>
<trkpt lat="47.562169" lon="7.567270"><ele>275.25</ele></trkpt>
<trkpt lat="47.561601" lon="7.566671"><ele>276.0</ele></trkpt>
<trkpt lat="47.561528" lon="7.566636"><ele>276.0</ele></trkpt>
<trkpt lat="47.561442" lon="7.566635"><ele>276.0</ele></trkpt>
<trkpt lat="47.561431" lon="7.566103"><ele>276.0</ele></trkpt>
<trkpt lat="47.561414" lon="7.565333"><ele>276.0</ele></trkpt>
<trkpt lat="47.561364" lon="7.564525"><ele>276.0</ele></trkpt>
<trkpt lat="47.561361" lon="7.564473"><ele>276.0</ele></trkpt>
<trkpt lat="47.561354" lon="7.564339"><ele>276.0</ele></trkpt>
<trkpt lat="47.561339" lon="7.564172"><ele>276.0</ele></trkpt>
<trkpt lat="47.561333" lon="7.564116"><ele>276.0</ele></trkpt>
<trkpt lat="47.561244" lon="7.563368"><ele>276.0</ele></trkpt>
<trkpt lat="47.561221" lon="7.563225"><ele>276.0</ele></trkpt>
<trkpt lat="47.561193" lon="7.563131"><ele>276.0</ele></trkpt>
<trkpt lat="47.561106" lon="7.562800"><ele>275.0</ele></trkpt>
<trkpt lat="47.560953" lon="7.562246"><ele>276.0</ele></trkpt>
<trkpt lat="47.560877" lon="7.561961"><ele>275.0</ele></trkpt>
<trkpt lat="47.560754" lon="7.561502"><ele>275.25</ele></trkpt>
<trkpt lat="47.560670" lon="7.561173"><ele>275.0</ele></trkpt>
<trkpt lat="47.560491" lon="7.560403"><ele>275.5</ele></trkpt>
<trkpt lat="47.560404" lon="7.559989"><ele>275.25</ele></trkpt>
<trkpt lat="47.560385" lon="7.559897"><ele>275.5</ele></trkpt>
<trkpt lat="47.560335" lon="7.559691"><ele>275.75</ele></trkpt>
<trkpt lat="47.560272" lon="7.559429"><ele>276.0</ele></trkpt>
<trkpt lat="47.560201" lon="7.559183"><ele>276.0</ele></trkpt>
<trkpt lat="47.560153" lon="7.559047"><ele>275.75</ele></trkpt>
<trkpt lat="47.560074" lon="7.558861"><ele>275.5</ele></trkpt>
<trkpt lat="47.559851" lon="7.558468"><ele>276.0</ele></trkpt>
<trkpt lat="47.559816" lon="7.558421"><ele>276.0</ele></trkpt>
<trkpt lat="47.559474" lon="7.557883"><ele>276.0</ele></trkpt>
<trkpt lat="47.559395" lon="7.557768"><ele>276.0</ele></trkpt>
<trkpt lat="47.559098" lon="7.557321"><ele>275.75</ele></trkpt>
<trkpt lat="47.558764" lon="7.556830"><ele>276.0</ele></trkpt>
<trkpt lat="47.558697" lon="7.556708"><ele>276.0</ele></trkpt>
<trkpt lat="47.558505" lon="7.556354"><ele>275.75</ele></trkpt>
<trkpt lat="47.558301" lon="7.555986"><ele>275.5</ele></trkpt>
<trkpt lat="47.558142" lon="7.555640"><ele>275.5</ele></trkpt>
<trkpt lat="47.558017" lon="7.555370"><ele>275.5</ele></trkpt>
<trkpt lat="47.557889" lon="7.555092"><ele>275.5</ele></trkpt>
<trkpt lat="47.557835" lon="7.554983"><ele>275.25</ele></trkpt>
<trkpt lat="47.557703" lon="7.554715"><ele>275.75</ele></trkpt>
<trkpt lat="47.557686" lon="7.554680"><ele>275.75</ele></trkpt>
<trkpt lat="47.557380" lon="7.554027"><ele>276.0</ele></trkpt>
<trkpt lat="47.556952" lon="7.553115"><ele>276.0</ele></trkpt>
<trkpt lat="47.556901" lon="7.553006"><ele>276.0</ele></trkpt>
<trkpt lat="47.556894" lon="7.552990"><ele>276.0</ele></trkpt>
<trkpt lat="47.556677" lon="7.552528"><ele>276.0</ele></trkpt>
<trkpt lat="47.556574" lon="7.552254"><ele>276.0</ele></trkpt>
<trkpt lat="47.556385" lon="7.551859"><ele>276.0</ele></trkpt>
<trkpt lat="47.556299" lon="7.551744"><ele>276.0</ele></trkpt>
<trkpt lat="47.556014" lon="7.551124"><ele>276.0</ele></trkpt>
<trkpt lat="47.555778" lon="7.550625"><ele>276.0</ele></trkpt>
<trkpt lat="47.555729" lon="7.550522"><ele>276.0</ele></trkpt>
<trkpt lat="47.555273" lon="7.549547"><ele>276.0</ele></trkpt>
<trkpt lat="47.555019" lon="7.549003"><ele>275.75</ele></trkpt>
<trkpt lat="47.554747" lon="7.548447"><ele>276.0</ele></trkpt>
<trkpt lat="47.554434" lon="7.547810"><ele>276.0</ele></trkpt>
<trkpt lat="47.554405" lon="7.547751"><ele>276.0</ele></trkpt>
<trkpt lat="47.554244" lon="7.547420"><ele>276.0</ele></trkpt>
<trkpt lat="47.554202" lon="7.547334"><ele>276.0</ele></trkpt>
<trkpt lat="47.554023" lon="7.546967"><ele>276.75</ele></trkpt>
<trkpt lat="47.553769" lon="7.546444"><ele>277.25</ele></trkpt>
<trkpt lat="47.553709" lon="7.546318"><ele>277.25</ele></trkpt>
<trkpt lat="47.553432" lon="7.545714"><ele>277.0</ele></trkpt>
<trkpt lat="47.553201" lon="7.545229"><ele>277.25</ele></trkpt>
<trkpt lat="47.553016" lon="7.544839"><ele>278.0</ele></trkpt>
<trkpt lat="47.552997" lon="7.544822"><ele>278.0</ele></trkpt>
<trkpt lat="47.552873" lon="7.544694"><ele>278.0</ele></trkpt>
<trkpt lat="47.552714" lon="7.544568"><ele>278.0</ele></trkpt>
<trkpt lat="47.553093" lon="7.544071"><ele>278.25</ele></trkpt>
<trkpt lat="47.553186" lon="7.543730"><ele>279.0</ele></trkpt>
<trkpt lat="47.553015" lon="7.543483"><ele>279.0</ele></trkpt>
<trkpt lat="47.553056" lon="7.543456"><ele>279.0</ele></trkpt>
<trkpt lat="47.553044" lon="7.543352"><ele>279.0</ele></trkpt>
<trkpt lat="47.553027" lon="7.543264"><ele>279.0</ele></trkpt>
<trkpt lat="47.553015" lon="7.543203"><ele>279.0</ele></trkpt>
<trkpt lat="47.552988" lon="7.543202"><ele>279.0</ele></trkpt>
<trkpt lat="47.552964" lon="7.543177"><ele>279.0</ele></trkpt>
<trkpt lat="47.552947" lon="7.543058"><ele>279.0</ele></trkpt>
<trkpt lat="47.552967" lon="7.542810"><ele>279.5</ele></trkpt>
<trkpt lat="47.553007" lon="7.542471"><ele>280.75</ele></trkpt>
<trkpt lat="47.553012" lon="7.542090"><ele>280.75</ele></trkpt>
<trkpt lat="47.552945" lon="7.541643"><ele>280.5</ele></trkpt>
<trkpt lat="47.552448" lon="7.540052"><ele>281.5</ele></trkpt>
<trkpt lat="47.552339" lon="7.539814"><ele>281.25</ele></trkpt>
<trkpt lat="47.552109" lon="7.539388"><ele>281.5</ele></trkpt>
<trkpt lat="47.552084" lon="7.539348"><ele>281.5</ele></trkpt>
<trkpt lat="47.551887" lon="7.538920"><ele>282.5</ele></trkpt>
<trkpt lat="47.551773" lon="7.538569"><ele>282.0</ele></trkpt>
<trkpt lat="47.551603" lon="7.537924"><ele>282.75</ele></trkpt>
<trkpt lat="47.551614" lon="7.537871"><ele>282.75</ele></trkpt>
<trkpt lat="47.551522" lon="7.537530"><ele>283.0</ele></trkpt>
<trkpt lat="47.551504" lon="7.537465"><ele>283.0</ele></trkpt>
<trkpt lat="47.551496" lon="7.537407"><ele>283.0</ele></trkpt>
<trkpt lat="47.551491" lon="7.537338"><ele>283.0</ele></trkpt>
<trkpt lat="47.551732" lon="7.537329"><ele>283.0</ele></trkpt>
<trkpt lat="47.551803" lon="7.537303"><ele>283.0</ele></trkpt>
<trkpt lat="47.551966" lon="7.537174"><ele>283.0</ele></trkpt>
<trkpt lat="47.552225" lon="7.536930"><ele>282.75</ele></trkpt>
<trkpt lat="47.552303" lon="7.536852"><ele>282.5</ele></trkpt>
<trkpt lat="47.552342" lon="7.536757"><ele>282.5</ele></trkpt>
<trkpt lat="47.552367" lon="7.536654"><ele>282.5</ele></trkpt>
<trkpt lat="47.552391" lon="7.536515"><ele>282.75</ele></trkpt>
<trkpt lat="47.552405" lon="7.536281"><ele>283.5</ele></trkpt>
<trkpt lat="47.552402" lon="7.536169"><ele>284.0</ele></trkpt>
<trkpt lat="47.552385" lon="7.535975"><ele>284.75</ele></trkpt>
<trkpt lat="47.552353" lon="7.535767"><ele>285.5</ele></trkpt>
<trkpt lat="47.552300" lon="7.535591"><ele>286.25</ele></trkpt>
<trkpt lat="47.552197" lon="7.535326"><ele>288.75</ele></trkpt>
<trkpt lat="47.552130" lon="7.535164"><ele>290.25</ele></trkpt>
<trkpt lat="47.551952" lon="7.534788"><ele>293.5</ele></trkpt>
<trkpt lat="47.551892" lon="7.534700"><ele>294.0</ele></trkpt>
<trkpt lat="47.551643" lon="7.534287"><ele>295.0</ele></trkpt>
<trkpt lat="47.551581" lon="7.534137"><ele>296.5</ele></trkpt>
<trkpt lat="47.551421" lon="7.533685"><ele>297.75</ele></trkpt>
<trkpt lat="47.551356" lon="7.533468"><ele>299.0</ele></trkpt>
<trkpt lat="47.551271" lon="7.533141"><ele>301.75</ele></trkpt>
<trkpt lat="47.551223" lon="7.532903"><ele>301.75</ele></trkpt>
<trkpt lat="47.551114" lon="7.532333"><ele>301.5</ele></trkpt>
<trkpt lat="47.551102" lon="7.532273"><ele>301.75</ele></trkpt>
<trkpt lat="47.551009" lon="7.531765"><ele>304.25</ele></trkpt>
<trkpt lat="47.550981" lon="7.531620"><ele>304.75</ele></trkpt>
<trkpt lat="47.550910" lon="7.531271"><ele>305.0</ele></trkpt>
<trkpt lat="47.550591" lon="7.529775"><ele>306.25</ele></trkpt>
<trkpt lat="47.550489" lon="7.529346"><ele>306.5</ele></trkpt>
<trkpt lat="47.550475" lon="7.529298"><ele>306.75</ele></trkpt>
<trkpt lat="47.550386" lon="7.529030"><ele>307.0</ele></trkpt>
<trkpt lat="47.550009" lon="7.527956"><ele>308.25</ele></trkpt>
<trkpt lat="47.549946" lon="7.527776"><ele>309.5</ele></trkpt>
<trkpt lat="47.549835" lon="7.527456"><ele>310.75</ele></trkpt>
<trkpt lat="47.549812" lon="7.527388"><ele>310.75</ele></trkpt>
<trkpt lat="47.549727" lon="7.527127"><ele>311.0</ele></trkpt>
<trkpt lat="47.549620" lon="7.526733"><ele>313.75</ele></trkpt>
<trkpt lat="47.549546" lon="7.526286"><ele>316.5</ele></trkpt>
<trkpt lat="47.549523" lon="7.526114"><ele>318.0</ele></trkpt>
<trkpt lat="47.549455" lon="7.526033"><ele>317.0</ele></trkpt>
<trkpt lat="47.548921" lon="7.525224"><ele>320.0</ele></trkpt>
<trkpt lat="47.548700" lon="7.524873"><ele>322.5</ele></trkpt>
<trkpt lat="47.548062" lon="7.523890"><ele>328.0</ele></trkpt>
<trkpt lat="47.546956" lon="7.522179"><ele>332.75</ele></trkpt>
<trkpt lat="47.547618" lon="7.520899"><ele>332.5</ele></trkpt>
<trkpt lat="47.546688" lon="7.519560"><ele>334.25</ele></trkpt>
<trkpt lat="47.546437" lon="7.519209"><ele>334.75</ele></trkpt>
<trkpt lat="47.545899" lon="7.518446"><ele>335.75</ele></trkpt>
<trkpt lat="47.545739" lon="7.518312"><ele>336.25</ele></trkpt>
<trkpt lat="47.545686" lon="7.518256"><ele>336.25</ele></trkpt>
<trkpt lat="47.545411" lon="7.517804"><ele>336.0</ele></trkpt>
<trkpt lat="47.545365" lon="7.517667"><ele>336.0</ele></trkpt>
<trkpt lat="47.545341" lon="7.517547"><ele>335.75</ele></trkpt>
<trkpt lat="47.545016" lon="7.516933"><ele>334.75</ele></trkpt>
<trkpt lat="47.544757" lon="7.516471"><ele>335.75</ele></trkpt>
<trkpt lat="47.544479" lon="7.515968"><ele>337.75</ele></trkpt>
<trkpt lat="47.544309" lon="7.515714"><ele>339.0</ele></trkpt>
<trkpt lat="47.544081" lon="7.515447"><ele>340.0</ele></trkpt>
<trkpt lat="47.543881" lon="7.515166"><ele>340.5</ele></trkpt>
<trkpt lat="47.543738" lon="7.514939"><ele>341.0</ele></trkpt>
<trkpt lat="47.542820" lon="7.513074"><ele>341.5</ele></trkpt>
<trkpt lat="47.542565" lon="7.512579"><ele>342.5</ele></trkpt>
<trkpt lat="47.542525" lon="7.512503"><ele>342.5</ele></trkpt>
<trkpt lat="47.542385" lon="7.512241"><ele>343.25</ele></trkpt>
<trkpt lat="47.542020" lon="7.511520"><ele>345.25</ele></trkpt>
<trkpt lat="47.541764" lon="7.510994"><ele>348.25</ele></trkpt>
<trkpt lat="47.541561" lon="7.510530"><ele>349.0</ele></trkpt>
<trkpt lat="47.541172" lon="7.510715"><ele>351.75</ele></trkpt>
<trkpt lat="47.540735" lon="7.509828"><ele>356.0</ele></trkpt>
<trkpt lat="47.539882" lon="7.508035"><ele>359.75</ele></trkpt>
<trkpt lat="47.540171" lon="7.508106"><ele>357.75</ele></trkpt>
<trkpt lat="47.540303" lon="7.508102"><ele>356.75</ele></trkpt>
<trkpt lat="47.540449" lon="7.508047"><ele>355.75</ele></trkpt>
<trkpt lat="47.540951" lon="7.507490"><ele>353.0</ele></trkpt>
<trkpt lat="47.541138" lon="7.507234"><ele>349.5</ele></trkpt>
<trkpt lat="47.541193" lon="7.507158"><ele>348.25</ele></trkpt>
<trkpt lat="47.541519" lon="7.506817"><ele>343.25</ele></trkpt>
<trkpt lat="47.541846" lon="7.506430"><ele>339.75</ele></trkpt>
<trkpt lat="47.541612" lon="7.506007"><ele>339.5</ele></trkpt>
<trkpt lat="47.541570" lon="7.505929"><ele>339.5</ele></trkpt>
<trkpt lat="47.541390" lon="7.505589"><ele>339.0</ele></trkpt>
<trkpt lat="47.541206" lon="7.505241"><ele>339.0</ele></trkpt>
<trkpt lat="47.541030" lon="7.504910"><ele>339.0</ele></trkpt>
<trkpt lat="47.540892" lon="7.504650"><ele>338.75</ele></trkpt>
<trkpt lat="47.540820" lon="7.504519"><ele>338.5</ele></trkpt>
<trkpt lat="47.540357" lon="7.503625"><ele>337.25</ele></trkpt>
<trkpt lat="47.540172" lon="7.503275"><ele>338.25</ele></trkpt>
<trkpt lat="47.540008" lon="7.502963"><ele>338.5</ele></trkpt>
<trkpt lat="47.539701" lon="7.502395"><ele>338.75</ele></trkpt>
<trkpt lat="47.539285" lon="7.501585"><ele>339.75</ele></trkpt>
<trkpt lat="47.538834" lon="7.500719"><ele>339.0</ele></trkpt>
<trkpt lat="47.538764" lon="7.500702"><ele>339.25</ele></trkpt>
<trkpt lat="47.538729" lon="7.500724"><ele>339.5</ele></trkpt>
<trkpt lat="47.538563" lon="7.500923"><ele>341.25</ele></trkpt>
<trkpt lat="47.538290" lon="7.501257"><ele>344.0</ele></trkpt>
<trkpt lat="47.538108" lon="7.501466"><ele>346.5</ele></trkpt>
<trkpt lat="47.538033" lon="7.501503"><ele>347.25</ele></trkpt>
<trkpt lat="47.537912" lon="7.501475"><ele>347.75</ele></trkpt>
<trkpt lat="47.537732" lon="7.501272"><ele>346.75</ele></trkpt>
<trkpt lat="47.537565" lon="7.501129"><ele>346.75</ele></trkpt>
<trkpt lat="47.537527" lon="7.500986"><ele>346.75</ele></trkpt>
<trkpt lat="47.537373" lon="7.500692"><ele>347.5</ele></trkpt>
<trkpt lat="47.537360" lon="7.500613"><ele>347.5</ele></trkpt>
<trkpt lat="47.537372" lon="7.500534"><ele>347.25</ele></trkpt>
<trkpt lat="47.537436" lon="7.500400"><ele>347.25</ele></trkpt>
<trkpt lat="47.537807" lon="7.500014"><ele>345.75</ele></trkpt>
<trkpt lat="47.537975" lon="7.499757"><ele>345.25</ele></trkpt>
<trkpt lat="47.538041" lon="7.499594"><ele>345.0</ele></trkpt>
<trkpt lat="47.538064" lon="7.499418"><ele>344.75</ele></trkpt>
<trkpt lat="47.538085" lon="7.499003"><ele>344.0</ele></trkpt>
<trkpt lat="47.538059" lon="7.498968"><ele>344.25</ele></trkpt>
<trkpt lat="47.538069" lon="7.498937"><ele>344.0</ele></trkpt>
<trkpt lat="47.538097" lon="7.498868"><ele>343.75</ele></trkpt>
<trkpt lat="47.538470" lon="7.498785"><ele>340.0</ele></trkpt>
<trkpt lat="47.538548" lon="7.498707"><ele>338.75</ele></trkpt>
<trkpt lat="47.538992" lon="7.497861"><ele>331.25</ele></trkpt>
<trkpt lat="47.539621" lon="7.497225"><ele>329.5</ele></trkpt>
<trkpt lat="47.540051" lon="7.496612"><ele>332.5</ele></trkpt>
<trkpt lat="47.540074" lon="7.496579"><ele>333.0</ele></trkpt>
<trkpt lat="47.540095" lon="7.496677"><ele>333.0</ele></trkpt>
<trkpt lat="47.540232" lon="7.496446"><ele>334.5</ele></trkpt>
<trkpt lat="47.540364" lon="7.496235"><ele>336.5</ele></trkpt>
<trkpt lat="47.540484" lon="7.496052"><ele>338.25</ele></trkpt>
<trkpt lat="47.540522" lon="7.496007"><ele>339.0</ele></trkpt>
<trkpt lat="47.540979" lon="7.495622"><ele>345.5</ele></trkpt>
<trkpt lat="47.541040" lon="7.495548"><ele>346.25</ele></trkpt>
<trkpt lat="47.541090" lon="7.495461"><ele>347.0</ele></trkpt>
<trkpt lat="47.541141" lon="7.495327"><ele>348.5</ele></trkpt>
<trkpt lat="47.541162" lon="7.495147"><ele>350.25</ele></trkpt>
<trkpt lat="47.541169" lon="7.494952"><ele>351.75</ele></trkpt>
<trkpt lat="47.541187" lon="7.494435"><ele>355.0</ele></trkpt>
<trkpt lat="47.541210" lon="7.494230"><ele>356.75</ele></trkpt>
<trkpt lat="47.541291" lon="7.493863"><ele>359.0</ele></trkpt>
<trkpt lat="47.541317" lon="7.493793"><ele>359.25</ele></trkpt>
<trkpt lat="47.541361" lon="7.493752"><ele>359.75</ele></trkpt>
<trkpt lat="47.541399" lon="7.493747"><ele>360.0</ele></trkpt>
<trkpt lat="47.541428" lon="7.493752"><ele>360.25</ele></trkpt>
<trkpt lat="47.541461" lon="7.493775"><ele>360.75</ele></trkpt>
<trkpt lat="47.541490" lon="7.493811"><ele>361.0</ele></trkpt>
<trkpt lat="47.541505" lon="7.493857"><ele>361.25</ele></trkpt>
<trkpt lat="47.541586" lon="7.494242"><ele>363.0</ele></trkpt>
<trkpt lat="47.541613" lon="7.494282"><ele>363.25</ele></trkpt>
<trkpt lat="47.541641" lon="7.494297"><ele>363.5</ele></trkpt>
<trkpt lat="47.541696" lon="7.494290"><ele>364.25</ele></trkpt>
<trkpt lat="47.541778" lon="7.494246"><ele>365.25</ele></trkpt>
<trkpt lat="47.542392" lon="7.493766"><ele>371.25</ele></trkpt>
<trkpt lat="47.542745" lon="7.493421"><ele>375.0</ele></trkpt>
<trkpt lat="47.543246" lon="7.492768"><ele>378.25</ele></trkpt>
<trkpt lat="47.543288" lon="7.492707"><ele>378.0</ele></trkpt>
<trkpt lat="47.543323" lon="7.492624"><ele>378.0</ele></trkpt>
<trkpt lat="47.543355" lon="7.492484"><ele>378.0</ele></trkpt>
<trkpt lat="47.543381" lon="7.492472"><ele>378.0</ele></trkpt>
<trkpt lat="47.543414" lon="7.492444"><ele>378.0</ele></trkpt>
<trkpt lat="47.543534" lon="7.492231"><ele>377.75</ele></trkpt>
<trkpt lat="47.543575" lon="7.492123"><ele>377.0</ele></trkpt>
<trkpt lat="47.543786" lon="7.491493"><ele>375.5</ele></trkpt>
<trkpt lat="47.543830" lon="7.491384"><ele>375.0</ele></trkpt>
<trkpt lat="47.543884" lon="7.491280"><ele>374.5</ele></trkpt>
<trkpt lat="47.543959" lon="7.491162"><ele>374.0</ele></trkpt>
<trkpt lat="47.544188" lon="7.490867"><ele>373.75</ele></trkpt>
<trkpt lat="47.544295" lon="7.490718"><ele>374.0</ele></trkpt>
<trkpt lat="47.544471" lon="7.490437"><ele>375.0</ele></trkpt>
<trkpt lat="47.545126" lon="7.489348"><ele>379.5</ele></trkpt>
<trkpt lat="47.545442" lon="7.488815"><ele>382.0</ele></trkpt>
<trkpt lat="47.545492" lon="7.488714"><ele>382.0</ele></trkpt>
<trkpt lat="47.545542" lon="7.488604"><ele>382.0</ele></trkpt>
<trkpt lat="47.545589" lon="7.488469"><ele>381.75</ele></trkpt>
<trkpt lat="47.545935" lon="7.487304"><ele>378.5</ele></trkpt>
<trkpt lat="47.546035" lon="7.487029"><ele>377.25</ele></trkpt>
<trkpt lat="47.546085" lon="7.486941"><ele>376.25</ele></trkpt>
<trkpt lat="47.546130" lon="7.486877"><ele>376.0</ele></trkpt>
<trkpt lat="47.547321" lon="7.485329"><ele>368.0</ele></trkpt>
<trkpt lat="47.547422" lon="7.485214"><ele>368.0</ele></trkpt>
<trkpt lat="47.547454" lon="7.485171"><ele>368.0</ele></trkpt>
<trkpt lat="47.547928" lon="7.484552"><ele>367.5</ele></trkpt>
<trkpt lat="47.547975" lon="7.484481"><ele>367.5</ele></trkpt>
<trkpt lat="47.548039" lon="7.484355"><ele>367.25</ele></trkpt>
<trkpt lat="47.548312" lon="7.483614"><ele>363.25</ele></trkpt>
<trkpt lat="47.548445" lon="7.483284"><ele>362.25</ele></trkpt>
<trkpt lat="47.548507" lon="7.483087"><ele>361.25</ele></trkpt>
<trkpt lat="47.548531" lon="7.482968"><ele>360.5</ele></trkpt>
<trkpt lat="47.548640" lon="7.482284"><ele>355.25</ele></trkpt>
<trkpt lat="47.548704" lon="7.481994"><ele>355.0</ele></trkpt>
<trkpt lat="47.548794" lon="7.481725"><ele>354.0</ele></trkpt>
<trkpt lat="47.548979" lon="7.481278"><ele>350.0</ele></trkpt>
<trkpt lat="47.549001" lon="7.481225"><ele>349.5</ele></trkpt>
<trkpt lat="47.549165" lon="7.480876"><ele>346.25</ele></trkpt>
<trkpt lat="47.549226" lon="7.480728"><ele>344.75</ele></trkpt>
<trkpt lat="47.549332" lon="7.480286"><ele>341.0</ele></trkpt>
<trkpt lat="47.549353" lon="7.480145"><ele>340.5</ele></trkpt>
<trkpt lat="47.549358" lon="7.480065"><ele>340.0</ele></trkpt>
<trkpt lat="47.549363" lon="7.479887"><ele>339.5</ele></trkpt>
<trkpt lat="47.549377" lon="7.479701"><ele>339.25</ele></trkpt>
<trkpt lat="47.549382" lon="7.479649"><ele>339.5</ele></trkpt>
<trkpt lat="47.549347" lon="7.479621"><ele>339.75</ele></trkpt>
<trkpt lat="47.549301" lon="7.479538"><ele>340.0</ele></trkpt>
<trkpt lat="47.549171" lon="7.479102"><ele>340.75</ele></trkpt>
<trkpt lat="47.549138" lon="7.478995"><ele>340.5</ele></trkpt>
<trkpt lat="47.549094" lon="7.478882"><ele>340.75</ele></trkpt>
<trkpt lat="47.549053" lon="7.478796"><ele>340.75</ele></trkpt>
<trkpt lat="47.549007" lon="7.478726"><ele>341.0</ele></trkpt>
<trkpt lat="47.548889" lon="7.478586"><ele>340.75</ele></trkpt>
<trkpt lat="47.548798" lon="7.478479"><ele>341.5</ele></trkpt>
<trkpt lat="47.548672" lon="7.478212"><ele>342.5</ele></trkpt>
<trkpt lat="47.548614" lon="7.478065"><ele>342.75</ele></trkpt>
<trkpt lat="47.548359" lon="7.477333"><ele>345.75</ele></trkpt>
<trkpt lat="47.548195" lon="7.476973"><ele>344.75</ele></trkpt>
<trkpt lat="47.548158" lon="7.476864"><ele>344.25</ele></trkpt>
<trkpt lat="47.548099" lon="7.476624"><ele>344.0</ele></trkpt>
<trkpt lat="47.548009" lon="7.476164"><ele>344.5</ele></trkpt>
<trkpt lat="47.547982" lon="7.475977"><ele>343.75</ele></trkpt>
<trkpt lat="47.547979" lon="7.475709"><ele>342.75</ele></trkpt>
<trkpt lat="47.547993" lon="7.475295"><ele>342.5</ele></trkpt>
<trkpt lat="47.548004" lon="7.475195"><ele>342.5</ele></trkpt>
<trkpt lat="47.548023" lon="7.475106"><ele>342.25</ele></trkpt>
<trkpt lat="47.548054" lon="7.475010"><ele>342.0</ele></trkpt>
<trkpt lat="47.548084" lon="7.474945"><ele>342.25</ele></trkpt>
<trkpt lat="47.548119" lon="7.474896"><ele>342.5</ele></trkpt>
<trkpt lat="47.548085" lon="7.474829"><ele>342.5</ele></trkpt>
<trkpt lat="47.548071" lon="7.474782"><ele>342.75</ele></trkpt>
<trkpt lat="47.548049" lon="7.474652"><ele>342.75</ele></trkpt>
<trkpt lat="47.548053" lon="7.474389"><ele>342.75</ele></trkpt>
<trkpt lat="47.548070" lon="7.474187"><ele>343.0</ele></trkpt>
<trkpt lat="47.548088" lon="7.474064"><ele>343.5</ele></trkpt>
<trkpt lat="47.548116" lon="7.473930"><ele>344.0</ele></trkpt>
<trkpt lat="47.548313" lon="7.473179"><ele>345.0</ele></trkpt>
<trkpt lat="47.548323" lon="7.473101"><ele>345.0</ele></trkpt>
<trkpt lat="47.548323" lon="7.472991"><ele>345.25</ele></trkpt>
<trkpt lat="47.548304" lon="7.472905"><ele>345.5</ele></trkpt>
<trkpt lat="47.548262" lon="7.472801"><ele>346.0</ele></trkpt>
<trkpt lat="47.547818" lon="7.472110"><ele>349.25</ele></trkpt>
<trkpt lat="47.547720" lon="7.471922"><ele>349.75</ele></trkpt>
<trkpt lat="47.547329" lon="7.471065"><ele>352.5</ele></trkpt>
<trkpt lat="47.547015" lon="7.470297"><ele>353.25</ele></trkpt>
<trkpt lat="47.546726" lon="7.469606"><ele>354.5</ele></trkpt>
<trkpt lat="47.546632" lon="7.469357"><ele>354.75</ele></trkpt>
<trkpt lat="47.546443" lon="7.468800"><ele>355.25</ele></trkpt>
<trkpt lat="47.546177" lon="7.467868"><ele>355.75</ele></trkpt>
<trkpt lat="47.546113" lon="7.467538"><ele>356.0</ele></trkpt>
<trkpt lat="47.546105" lon="7.467455"><ele>356.0</ele></trkpt>
<trkpt lat="47.546110" lon="7.467319"><ele>356.5</ele></trkpt>
<trkpt lat="47.546176" lon="7.466797"><ele>358.0</ele></trkpt>
<trkpt lat="47.546196" lon="7.466581"><ele>358.5</ele></trkpt>
<trkpt lat="47.546199" lon="7.466396"><ele>359.25</ele></trkpt>
<trkpt lat="47.546180" lon="7.466171"><ele>359.25</ele></trkpt>
<trkpt lat="47.546116" lon="7.465840"><ele>359.75</ele></trkpt>
<trkpt lat="47.546072" lon="7.465675"><ele>360.25</ele></trkpt>
<trkpt lat="47.545972" lon="7.465368"><ele>360.5</ele></trkpt>
<trkpt lat="47.545739" lon="7.464667"><ele>362.25</ele></trkpt>
<trkpt lat="47.545712" lon="7.464572"><ele>362.25</ele></trkpt>
<trkpt lat="47.545598" lon="7.464134"><ele>363.25</ele></trkpt>
<trkpt lat="47.545508" lon="7.463721"><ele>364.0</ele></trkpt>
<trkpt lat="47.545494" lon="7.463630"><ele>364.25</ele></trkpt>
<trkpt lat="47.545489" lon="7.463542"><ele>364.25</ele></trkpt>
<trkpt lat="47.545501" lon="7.463519"><ele>364.25</ele></trkpt>
<trkpt lat="47.545539" lon="7.463484"><ele>364.75</ele></trkpt>
<trkpt lat="47.545668" lon="7.463434"><ele>365.25</ele></trkpt>
<trkpt lat="47.545816" lon="7.463392"><ele>365.5</ele></trkpt>
<trkpt lat="47.545935" lon="7.463348"><ele>366.25</ele></trkpt>
<trkpt lat="47.545969" lon="7.463311"><ele>366.5</ele></trkpt>
<trkpt lat="47.545972" lon="7.463244"><ele>366.5</ele></trkpt>
<trkpt lat="47.545949" lon="7.463148"><ele>366.5</ele></trkpt>
<trkpt lat="47.545753" lon="7.462477"><ele>367.75</ele></trkpt>
<trkpt lat="47.545695" lon="7.462298"><ele>367.75</ele></trkpt>
<trkpt lat="47.545233" lon="7.461477"><ele>367.5</ele></trkpt>
<trkpt lat="47.544674" lon="7.460412"><ele>366.5</ele></trkpt>
<trkpt lat="47.544423" lon="7.459952"><ele>367.0</ele></trkpt>
<trkpt lat="47.544152" lon="7.459640"><ele>368.25</ele></trkpt>
<trkpt lat="47.543668" lon="7.459396"><ele>370.75</ele></trkpt>
<trkpt lat="47.543386" lon="7.459210"><ele>372.5</ele></trkpt>
<trkpt lat="47.543074" lon="7.458892"><ele>373.75</ele></trkpt>
<trkpt lat="47.542842" lon="7.458593"><ele>375.75</ele></trkpt>
<trkpt lat="47.541980" lon="7.457289"><ele>380.75</ele></trkpt>
<trkpt lat="47.541431" lon="7.456537"><ele>386.0</ele></trkpt>
<trkpt lat="47.541305" lon="7.456391"><ele>387.25</ele></trkpt>
<trkpt lat="47.541188" lon="7.456285"><ele>388.25</ele></trkpt>
<trkpt lat="47.541023" lon="7.456073"><ele>390.0</ele></trkpt>
<trkpt lat="47.540450" lon="7.455197"><ele>393.5</ele></trkpt>
<trkpt lat="47.540219" lon="7.454763"><ele>395.25</ele></trkpt>
<trkpt lat="47.539991" lon="7.454277"><ele>396.5</ele></trkpt>
<trkpt lat="47.539531" lon="7.453191"><ele>398.0</ele></trkpt>
<trkpt lat="47.539350" lon="7.452735"><ele>399.5</ele></trkpt>
<trkpt lat="47.539272" lon="7.452479"><ele>400.75</ele></trkpt>
<trkpt lat="47.539214" lon="7.452365"><ele>400.5</ele></trkpt>
<trkpt lat="47.539074" lon="7.452231"><ele>400.5</ele></trkpt>
<trkpt lat="47.539035" lon="7.452193"><ele>400.5</ele></trkpt>
<trkpt lat="47.538693" lon="7.451700"><ele>401.25</ele></trkpt>
<trkpt lat="47.538549" lon="7.451417"><ele>403.0</ele></trkpt>
<trkpt lat="47.538426" lon="7.451124"><ele>403.5</ele></trkpt>
<trkpt lat="47.538295" lon="7.450761"><ele>404.0</ele></trkpt>
<trkpt lat="47.538196" lon="7.450408"><ele>404.25</ele></trkpt>
<trkpt lat="47.538087" lon="7.449893"><ele>403.5</ele></trkpt>
<trkpt lat="47.538069" lon="7.449725"><ele>404.0</ele></trkpt>
<trkpt lat="47.538062" lon="7.449380"><ele>405.0</ele></trkpt>
<trkpt lat="47.538082" lon="7.449141"><ele>405.25</ele></trkpt>
<trkpt lat="47.538082" lon="7.448960"><ele>405.25</ele></trkpt>
<trkpt lat="47.538081" lon="7.448738"><ele>405.25</ele></trkpt>
<trkpt lat="47.538067" lon="7.448416"><ele>405.75</ele></trkpt>
<trkpt lat="47.538028" lon="7.448051"><ele>405.75</ele></trkpt>
<trkpt lat="47.537919" lon="7.447405"><ele>407.25</ele></trkpt>
<trkpt lat="47.537915" lon="7.447291"><ele>407.75</ele></trkpt>
<trkpt lat="47.537921" lon="7.446984"><ele>408.25</ele></trkpt>
<trkpt lat="47.537914" lon="7.446378"><ele>412.0</ele></trkpt>
<trkpt lat="47.537875" lon="7.446211"><ele>413.5</ele></trkpt>
<trkpt lat="47.537788" lon="7.445994"><ele>415.75</ele></trkpt>
<trkpt lat="47.537713" lon="7.445556"><ele>418.75</ele></trkpt>
<trkpt lat="47.537622" lon="7.445194"><ele>420.75</ele></trkpt>
<trkpt lat="47.537573" lon="7.445042"><ele>421.5</ele></trkpt>
<trkpt lat="47.537529" lon="7.444940"><ele>422.25</ele></trkpt>
<trkpt lat="47.537259" lon="7.444456"><ele>426.0</ele></trkpt>
<trkpt lat="47.537012" lon="7.443839"><ele>430.25</ele></trkpt>
<trkpt lat="47.536886" lon="7.443571"><ele>432.25</ele></trkpt>
<trkpt lat="47.536805" lon="7.443378"><ele>433.25</ele></trkpt>
<trkpt lat="47.536265" lon="7.441974"><ele>442.75</ele></trkpt>
<trkpt lat="47.536211" lon="7.441826"><ele>443.75</ele></trkpt>
<trkpt lat="47.536006" lon="7.441124"><ele>448.5</ele></trkpt>
<trkpt lat="47.535965" lon="7.440949"><ele>449.25</ele></trkpt>
<trkpt lat="47.535912" lon="7.440652"><ele>450.75</ele></trkpt>
<trkpt lat="47.535286" lon="7.438137"><ele>465.25</ele></trkpt>
<trkpt lat="47.535044" lon="7.437037"><ele>475.0</ele></trkpt>
<trkpt lat="47.534969" lon="7.436759"><ele>476.75</ele></trkpt>
<trkpt lat="47.534921" lon="7.436753"><ele>476.75</ele></trkpt>
<trkpt lat="47.534836" lon="7.436504"><ele>478.0</ele></trkpt>
<trkpt lat="47.534064" lon="7.434854"><ele>482.25</ele></trkpt>
<trkpt lat="47.533180" lon="7.432918"><ele>482.5</ele></trkpt>
<trkpt lat="47.533045" lon="7.432642"><ele>482.0</ele></trkpt>
<trkpt lat="47.532753" lon="7.432045"><ele>481.25</ele></trkpt>
<trkpt lat="47.532393" lon="7.430713"><ele>479.5</ele></trkpt>
<trkpt lat="47.532097" lon="7.429527"><ele>480.25</ele></trkpt>
<trkpt lat="47.533149" lon="7.429337"><ele>481.5</ele></trkpt>
<trkpt lat="47.533287" lon="7.429273"><ele>482.0</ele></trkpt>
<trkpt lat="47.533479" lon="7.428969"><ele>483.25</ele></trkpt>
<trkpt lat="47.533559" lon="7.428842"><ele>483.75</ele></trkpt>
<trkpt lat="47.533589" lon="7.428794"><ele>483.75</ele></trkpt>
<trkpt lat="47.533875" lon="7.428635"><ele>483.0</ele></trkpt>
<trkpt lat="47.535072" lon="7.428156"><ele>477.5</ele></trkpt>
<trkpt lat="47.535337" lon="7.428027"><ele>476.75</ele></trkpt>
<trkpt lat="47.535477" lon="7.427935"><ele>476.25</ele></trkpt>
<trkpt lat="47.535664" lon="7.427672"><ele>476.0</ele></trkpt>
<trkpt lat="47.535575" lon="7.427573"><ele>476.5</ele></trkpt>
<trkpt lat="47.535613" lon="7.427493"><ele>476.5</ele></trkpt>
<trkpt lat="47.535721" lon="7.427367"><ele>475.5</ele></trkpt>
<trkpt lat="47.535780" lon="7.427271"><ele>475.0</ele></trkpt>
<trkpt lat="47.535865" lon="7.426980"><ele>475.0</ele></trkpt>
<trkpt lat="47.535958" lon="7.426867"><ele>475.0</ele></trkpt>
<trkpt lat="47.536184" lon="7.426644"><ele>474.5</ele></trkpt>
<trkpt lat="47.536519" lon="7.426295"><ele>474.0</ele></trkpt>
<trkpt lat="47.536605" lon="7.426151"><ele>474.0</ele></trkpt>
<trkpt lat="47.536769" lon="7.425738"><ele>473.0</ele></trkpt>
<trkpt lat="47.536844" lon="7.425387"><ele>473.0</ele></trkpt>
<trkpt lat="47.536875" lon="7.425093"><ele>472.5</ele></trkpt>
<trkpt lat="47.537015" lon="7.423805"><ele>471.0</ele></trkpt>
<trkpt lat="47.537014" lon="7.423300"><ele>470.5</ele></trkpt>
<trkpt lat="47.537026" lon="7.423013"><ele>470.0</ele></trkpt>
<trkpt lat="47.535300" lon="7.422096"><ele>477.75</ele></trkpt>
<trkpt lat="47.535183" lon="7.421970"><ele>478.25</ele></trkpt>
<trkpt lat="47.535263" lon="7.421847"><ele>477.5</ele></trkpt>
<trkpt lat="47.536220" lon="7.418907"><ele>470.0</ele></trkpt>
<trkpt lat="47.536374" lon="7.418470"><ele>470.0</ele></trkpt>
<trkpt lat="47.536446" lon="7.418187"><ele>469.75</ele></trkpt>
<trkpt lat="47.536576" lon="7.417504"><ele>469.25</ele></trkpt>
<trkpt lat="47.536735" lon="7.416854"><ele>469.75</ele></trkpt>
<trkpt lat="47.537004" lon="7.415981"><ele>469.25</ele></trkpt>
<trkpt lat="47.537304" lon="7.415141"><ele>469.5</ele></trkpt>
<trkpt lat="47.537725" lon="7.414207"><ele>470.0</ele></trkpt>
<trkpt lat="47.537867" lon="7.413666"><ele>469.5</ele></trkpt>
<trkpt lat="47.538172" lon="7.412377"><ele>469.5</ele></trkpt>
<trkpt lat="47.538311" lon="7.412007"><ele>469.0</ele></trkpt>
<trkpt lat="47.538333" lon="7.411949"><ele>469.0</ele></trkpt>
<trkpt lat="47.538736" lon="7.411073"><ele>468.75</ele></trkpt>
<trkpt lat="47.539162" lon="7.410327"><ele>467.0</ele></trkpt>
<trkpt lat="47.539511" lon="7.409849"><ele>467.25</ele></trkpt>
<trkpt lat="47.540024" lon="7.409236"><ele>466.0</ele></trkpt>
<trkpt lat="47.540127" lon="7.409082"><ele>466.0</ele></trkpt>
<trkpt lat="47.540265" lon="7.408768"><ele>466.0</ele></trkpt>
<trkpt lat="47.540627" lon="7.407686"><ele>465.0</ele></trkpt>
<trkpt lat="47.540716" lon="7.407481"><ele>465.25</ele></trkpt>
<trkpt lat="47.540848" lon="7.407269"><ele>464.75</ele></trkpt>
<trkpt lat="47.541372" lon="7.406508"><ele>464.0</ele></trkpt>
<trkpt lat="47.541537" lon="7.406174"><ele>464.25</ele></trkpt>
<trkpt lat="47.541690" lon="7.405733"><ele>463.0</ele></trkpt>
<trkpt lat="47.541714" lon="7.405631"><ele>463.0</ele></trkpt>
<trkpt lat="47.541732" lon="7.405514"><ele>463.0</ele></trkpt>
<trkpt lat="47.541928" lon="7.404716"><ele>466.0</ele></trkpt>
<trkpt lat="47.541940" lon="7.404583"><ele>465.5</ele></trkpt>
<trkpt lat="47.541921" lon="7.404194"><ele>465.0</ele></trkpt>
<trkpt lat="47.541918" lon="7.404122"><ele>465.0</ele></trkpt>
<trkpt lat="47.542065" lon="7.404018"><ele>464.75</ele></trkpt>
<trkpt lat="47.542521" lon="7.403692"><ele>463.25</ele></trkpt>
<trkpt lat="47.543198" lon="7.403209"><ele>460.75</ele></trkpt>
<trkpt lat="47.543183" lon="7.403132"><ele>461.0</ele></trkpt>
<trkpt lat="47.543491" lon="7.402407"><ele>459.0</ele></trkpt>
<trkpt lat="47.543537" lon="7.402159"><ele>458.5</ele></trkpt>
<trkpt lat="47.543598" lon="7.401450"><ele>457.0</ele></trkpt>
<trkpt lat="47.543589" lon="7.401338"><ele>456.75</ele></trkpt>
<trkpt lat="47.543591" lon="7.401201"><ele>456.25</ele></trkpt>
<trkpt lat="47.543630" lon="7.400804"><ele>455.75</ele></trkpt>
<trkpt lat="47.543668" lon="7.400608"><ele>455.75</ele></trkpt>
<trkpt lat="47.543947" lon="7.399539"><ele>451.0</ele></trkpt>
<trkpt lat="47.544146" lon="7.398403"><ele>447.25</ele></trkpt>
<trkpt lat="47.544178" lon="7.398126"><ele>446.0</ele></trkpt>
<trkpt lat="47.544219" lon="7.397345"><ele>444.0</ele></trkpt>
<trkpt lat="47.544223" lon="7.397133"><ele>443.25</ele></trkpt>
<trkpt lat="47.544224" lon="7.397046"><ele>443.0</ele></trkpt>
<trkpt lat="47.544214" lon="7.396873"><ele>442.5</ele></trkpt>
<trkpt lat="47.544178" lon="7.396731"><ele>442.0</ele></trkpt>
<trkpt lat="47.544124" lon="7.396561"><ele>441.75</ele></trkpt>
<trkpt lat="47.543925" lon="7.396085"><ele>440.75</ele></trkpt>
<trkpt lat="47.543794" lon="7.395805"><ele>439.75</ele></trkpt>
<trkpt lat="47.543664" lon="7.395600"><ele>439.0</ele></trkpt>
<trkpt lat="47.543648" lon="7.395551"><ele>438.75</ele></trkpt>
<trkpt lat="47.543643" lon="7.395511"><ele>438.5</ele></trkpt>
<trkpt lat="47.543646" lon="7.395463"><ele>438.25</ele></trkpt>
<trkpt lat="47.544034" lon="7.393623"><ele>428.0</ele></trkpt>
<trkpt lat="47.544319" lon="7.392286"><ele>422.25</ele></trkpt>
<trkpt lat="47.544371" lon="7.392145"><ele>421.75</ele></trkpt>
<trkpt lat="47.544430" lon="7.392020"><ele>421.25</ele></trkpt>
<trkpt lat="47.544827" lon="7.391311"><ele>416.0</ele></trkpt>
<trkpt lat="47.544897" lon="7.391194"><ele>414.75</ele></trkpt>
<trkpt lat="47.544951" lon="7.391130"><ele>414.0</ele></trkpt>
<trkpt lat="47.545099" lon="7.391032"><ele>413.0</ele></trkpt>
<trkpt lat="47.545326" lon="7.390965"><ele>412.25</ele></trkpt>
<trkpt lat="47.545479" lon="7.390900"><ele>411.5</ele></trkpt>
<trkpt lat="47.545647" lon="7.390824"><ele>410.75</ele></trkpt>
<trkpt lat="47.545719" lon="7.390772"><ele>410.75</ele></trkpt>
<trkpt lat="47.545774" lon="7.390715"><ele>410.5</ele></trkpt>
<trkpt lat="47.545980" lon="7.390361"><ele>409.25</ele></trkpt>
<trkpt lat="47.546004" lon="7.390327"><ele>408.75</ele></trkpt>
<trkpt lat="47.545771" lon="7.389921"><ele>408.5</ele></trkpt>
<trkpt lat="47.545722" lon="7.389801"><ele>408.25</ele></trkpt>
<trkpt lat="47.545683" lon="7.389681"><ele>408.25</ele></trkpt>
<trkpt lat="47.545648" lon="7.389500"><ele>408.0</ele></trkpt>
<trkpt lat="47.545637" lon="7.389341"><ele>408.25</ele></trkpt>
<trkpt lat="47.545655" lon="7.389099"><ele>409.0</ele></trkpt>
<trkpt lat="47.545674" lon="7.388980"><ele>409.25</ele></trkpt>
<trkpt lat="47.545720" lon="7.388819"><ele>409.25</ele></trkpt>
<trkpt lat="47.545795" lon="7.388607"><ele>409.0</ele></trkpt>
<trkpt lat="47.546006" lon="7.388116"><ele>409.75</ele></trkpt>
<trkpt lat="47.546080" lon="7.387982"><ele>409.0</ele></trkpt>
<trkpt lat="47.546175" lon="7.387859"><ele>408.75</ele></trkpt>
<trkpt lat="47.546282" lon="7.387753"><ele>409.0</ele></trkpt>
<trkpt lat="47.546297" lon="7.387792"><ele>408.75</ele></trkpt>
<trkpt lat="47.546340" lon="7.387894"><ele>408.5</ele></trkpt>
<trkpt lat="47.546388" lon="7.387971"><ele>408.25</ele></trkpt>
<trkpt lat="47.546431" lon="7.388023"><ele>408.0</ele></trkpt>
<trkpt lat="47.547085" lon="7.388577"><ele>406.0</ele></trkpt>
<trkpt lat="47.547432" lon="7.388789"><ele>404.75</ele></trkpt>
<trkpt lat="47.547527" lon="7.388852"><ele>404.75</ele></trkpt>
<trkpt lat="47.548160" lon="7.389264"><ele>410.0</ele></trkpt>
<trkpt lat="47.548520" lon="7.389359"><ele>414.25</ele></trkpt>
<trkpt lat="47.548560" lon="7.389140"><ele>414.25</ele></trkpt>
<trkpt lat="47.549142" lon="7.386928"><ele>415.25</ele></trkpt>
<trkpt lat="47.549321" lon="7.386040"><ele>413.5</ele></trkpt>
<trkpt lat="47.549433" lon="7.385349"><ele>414.75</ele></trkpt>
<trkpt lat="47.549474" lon="7.384735"><ele>414.0</ele></trkpt>
<trkpt lat="47.549502" lon="7.383634"><ele>415.25</ele></trkpt>
<trkpt lat="47.549515" lon="7.382483"><ele>413.5</ele></trkpt>
<trkpt lat="47.549533" lon="7.382392"><ele>413.75</ele></trkpt>
<trkpt lat="47.549532" lon="7.382235"><ele>413.5</ele></trkpt>
<trkpt lat="47.549577" lon="7.382260"><ele>414.0</ele></trkpt>
<trkpt lat="47.549703" lon="7.382466"><ele>415.5</ele></trkpt>
<trkpt lat="47.549735" lon="7.382412"><ele>415.75</ele></trkpt>
<trkpt lat="47.549752" lon="7.382338"><ele>415.5</ele></trkpt>
<trkpt lat="47.549791" lon="7.381842"><ele>415.25</ele></trkpt>
<trkpt lat="47.549919" lon="7.380893"><ele>415.0</ele></trkpt>
<trkpt lat="47.549998" lon="7.380519"><ele>415.75</ele></trkpt>
<trkpt lat="47.550152" lon="7.379426"><ele>416.0</ele></trkpt>
<trkpt lat="47.550157" lon="7.379321"><ele>416.0</ele></trkpt>
<trkpt lat="47.550193" lon="7.379073"><ele>416.25</ele></trkpt>
<trkpt lat="47.550245" lon="7.378578"><ele>415.75</ele></trkpt>
<trkpt lat="47.550304" lon="7.377641"><ele>414.75</ele></trkpt>
<trkpt lat="47.550275" lon="7.376643"><ele>412.75</ele></trkpt>
<trkpt lat="47.550303" lon="7.375598"><ele>410.25</ele></trkpt>
<trkpt lat="47.550286" lon="7.375015"><ele>409.0</ele></trkpt>
<trkpt lat="47.550288" lon="7.374608"><ele>408.5</ele></trkpt>
<trkpt lat="47.550336" lon="7.373966"><ele>408.0</ele></trkpt>
<trkpt lat="47.550453" lon="7.373516"><ele>406.0</ele></trkpt>
<trkpt lat="47.550180" lon="7.373411"><ele>402.0</ele></trkpt>
<trkpt lat="47.550249" lon="7.373302"><ele>401.75</ele></trkpt>
<trkpt lat="47.550404" lon="7.373127"><ele>403.75</ele></trkpt>
<trkpt lat="47.550575" lon="7.372915"><ele>406.0</ele></trkpt>
<trkpt lat="47.550525" lon="7.372741"><ele>405.5</ele></trkpt>
<trkpt lat="47.550512" lon="7.372667"><ele>405.5</ele></trkpt>
<trkpt lat="47.550518" lon="7.372530"><ele>406.0</ele></trkpt>
<trkpt lat="47.550594" lon="7.371944"><ele>406.25</ele></trkpt>
<trkpt lat="47.550890" lon="7.370061"><ele>404.75</ele></trkpt>
<trkpt lat="47.550995" lon="7.369084"><ele>403.25</ele></trkpt>
<trkpt lat="47.551065" lon="7.368082"><ele>401.25</ele></trkpt>
<trkpt lat="47.551298" lon="7.365904"><ele>399.5</ele></trkpt>
<trkpt lat="47.551393" lon="7.365016"><ele>398.0</ele></trkpt>
<trkpt lat="47.551763" lon="7.361186"><ele>392.25</ele></trkpt>
<trkpt lat="47.551863" lon="7.360087"><ele>391.25</ele></trkpt>
<trkpt lat="47.552031" lon="7.358257"><ele>390.75</ele></trkpt>
<trkpt lat="47.552052" lon="7.357334"><ele>388.5</ele></trkpt>
<trkpt lat="47.552260" lon="7.352618"><ele>383.25</ele></trkpt>
<trkpt lat="47.552463" lon="7.347271"><ele>379.25</ele></trkpt>
<trkpt lat="47.552478" lon="7.345723"><ele>376.75</ele></trkpt>
<trkpt lat="47.552521" lon="7.344197"><ele>375.0</ele></trkpt>
<trkpt lat="47.552475" lon="7.343576"><ele>373.75</ele></trkpt>
<trkpt lat="47.554277" lon="7.343911"><ele>394.25</ele></trkpt>
<trkpt lat="47.554219" lon="7.342711"><ele>393.75</ele></trkpt>
<trkpt lat="47.554242" lon="7.342239"><ele>394.0</ele></trkpt>
<trkpt lat="47.554321" lon="7.341773"><ele>394.5</ele></trkpt>
<trkpt lat="47.554359" lon="7.341724"><ele>394.5</ele></trkpt>
<trkpt lat="47.554406" lon="7.341726"><ele>395.0</ele></trkpt>
<trkpt lat="47.554814" lon="7.342019"><ele>400.0</ele></trkpt>
<trkpt lat="47.554958" lon="7.342051"><ele>401.0</ele></trkpt>
<trkpt lat="47.555079" lon="7.342008"><ele>401.75</ele></trkpt>
<trkpt lat="47.555235" lon="7.342471"><ele>404.5</ele></trkpt>
<trkpt lat="47.555516" lon="7.342944"><ele>408.5</ele></trkpt>
<trkpt lat="47.555560" lon="7.342998"><ele>409.0</ele></trkpt>
<trkpt lat="47.555621" lon="7.343057"><ele>409.25</ele></trkpt>
<trkpt lat="47.555671" lon="7.343090"><ele>409.75</ele></trkpt>
<trkpt lat="47.555738" lon="7.343121"><ele>410.25</ele></trkpt>
<trkpt lat="47.555836" lon="7.343150"><ele>411.25</ele></trkpt>
<trkpt lat="47.555940" lon="7.343169"><ele>412.75</ele></trkpt>
<trkpt lat="47.556022" lon="7.343184"><ele>413.75</ele></trkpt>
<trkpt lat="47.556276" lon="7.343221"><ele>417.0</ele></trkpt>
<trkpt lat="47.556520" lon="7.343234"><ele>419.5</ele></trkpt>
<trkpt lat="47.556808" lon="7.343188"><ele>422.5</ele></trkpt>
<trkpt lat="47.557041" lon="7.343165"><ele>424.5</ele></trkpt>
<trkpt lat="47.557197" lon="7.343179"><ele>425.75</ele></trkpt>
<trkpt lat="47.557321" lon="7.343207"><ele>427.25</ele></trkpt>
<trkpt lat="47.557519" lon="7.343272"><ele>429.5</ele></trkpt>
<trkpt lat="47.557841" lon="7.343415"><ele>431.25</ele></trkpt>
<trkpt lat="47.558072" lon="7.343566"><ele>432.5</ele></trkpt>
<trkpt lat="47.558171" lon="7.343647"><ele>433.75</ele></trkpt>
<trkpt lat="47.558305" lon="7.343766"><ele>435.25</ele></trkpt>
<trkpt lat="47.558861" lon="7.344313"><ele>439.25</ele></trkpt>
<trkpt lat="47.559115" lon="7.344536"><ele>440.75</ele></trkpt>
<trkpt lat="47.559406" lon="7.344754"><ele>442.75</ele></trkpt>
<trkpt lat="47.559990" lon="7.345117"><ele>444.5</ele></trkpt>
<trkpt lat="47.560357" lon="7.345301"><ele>443.0</ele></trkpt>
<trkpt lat="47.560728" lon="7.345448"><ele>442.25</ele></trkpt>
<trkpt lat="47.561023" lon="7.345573"><ele>441.75</ele></trkpt>
<trkpt lat="47.561515" lon="7.345837"><ele>441.0</ele></trkpt>
<trkpt lat="47.561994" lon="7.344494"><ele>431.75</ele></trkpt>
<trkpt lat="47.561603" lon="7.345891"><ele>440.75</ele></trkpt>
<trkpt lat="47.562612" lon="7.346504"><ele>439.75</ele></trkpt>
<trkpt lat="47.563807" lon="7.347245"><ele>439.5</ele></trkpt>
<trkpt lat="47.563853" lon="7.347274"><ele>439.75</ele></trkpt>
<trkpt lat="47.564320" lon="7.347564"><ele>439.0</ele></trkpt>
<trkpt lat="47.564721" lon="7.347882"><ele>437.0</ele></trkpt>
<trkpt lat="47.565368" lon="7.348565"><ele>434.5</ele></trkpt>
<trkpt lat="47.565712" lon="7.348875"><ele>433.25</ele></trkpt>
<trkpt lat="47.566320" lon="7.349321"><ele>432.5</ele></trkpt>
<trkpt lat="47.567545" lon="7.350048"><ele>426.75</ele></trkpt>
<trkpt lat="47.567790" lon="7.350228"><ele>426.75</ele></trkpt>
<trkpt lat="47.567858" lon="7.350278"><ele>427.0</ele></trkpt>
<trkpt lat="47.569093" lon="7.351508"><ele>432.25</ele></trkpt>
<trkpt lat="47.569991" lon="7.352424"><ele>435.75</ele></trkpt>
<trkpt lat="47.570354" lon="7.352730"><ele>437.0</ele></trkpt>
<trkpt lat="47.570596" lon="7.352868"><ele>436.25</ele></trkpt>
<trkpt lat="47.570880" lon="7.352948"><ele>434.5</ele></trkpt>
<trkpt lat="47.571569" lon="7.352900"><ele>432.75</ele></trkpt>
<trkpt lat="47.571849" lon="7.352937"><ele>432.25</ele></trkpt>
<trkpt lat="47.572221" lon="7.353064"><ele>432.75</ele></trkpt>
<trkpt lat="47.572411" lon="7.353168"><ele>433.5</ele></trkpt>
<trkpt lat="47.572432" lon="7.353186"><ele>433.5</ele></trkpt>
<trkpt lat="47.574169" lon="7.354746"><ele>429.75</ele></trkpt>
<trkpt lat="47.575291" lon="7.355693"><ele>427.25</ele></trkpt>
<trkpt lat="47.575109" lon="7.356188"><ele>425.5</ele></trkpt>
<trkpt lat="47.573727" lon="7.361113"><ele>420.5</ele></trkpt>
<trkpt lat="47.573566" lon="7.362798"><ele>423.0</ele></trkpt>
<trkpt lat="47.573366" lon="7.364407"><ele>426.0</ele></trkpt>
<trkpt lat="47.572999" lon="7.365904"><ele>428.0</ele></trkpt>
<trkpt lat="47.572638" lon="7.367259"><ele>429.5</ele></trkpt>
<trkpt lat="47.572349" lon="7.368132"><ele>428.25</ele></trkpt>
<trkpt lat="47.571906" lon="7.369761"><ele>429.0</ele></trkpt>
<trkpt lat="47.572003" lon="7.369819"><ele>429.5</ele></trkpt>
<trkpt lat="47.572728" lon="7.370672"><ele>432.0</ele></trkpt>
<trkpt lat="47.573204" lon="7.371263"><ele>432.25</ele></trkpt>
<trkpt lat="47.574783" lon="7.373500"><ele>429.0</ele></trkpt>
<trkpt lat="47.574896" lon="7.373608"><ele>428.25</ele></trkpt>
<trkpt lat="47.575047" lon="7.373537"><ele>428.0</ele></trkpt>
<trkpt lat="47.575136" lon="7.373441"><ele>428.25</ele></trkpt>
<trkpt lat="47.577214" lon="7.371799"><ele>427.75</ele></trkpt>
<trkpt lat="47.577435" lon="7.371611"><ele>427.75</ele></trkpt>
<trkpt lat="47.577566" lon="7.371475"><ele>428.0</ele></trkpt>
<trkpt lat="47.577620" lon="7.371396"><ele>428.25</ele></trkpt>
<trkpt lat="47.578211" lon="7.370257"><ele>427.25</ele></trkpt>
<trkpt lat="47.578456" lon="7.370507"><ele>425.75</ele></trkpt>
<trkpt lat="47.580702" lon="7.373342"><ele>406.75</ele></trkpt>
<trkpt lat="47.581002" lon="7.373772"><ele>404.0</ele></trkpt>
<trkpt lat="47.581422" lon="7.374376"><ele>399.0</ele></trkpt>
<trkpt lat="47.581648" lon="7.374596"><ele>397.5</ele></trkpt>
<trkpt lat="47.581899" lon="7.374726"><ele>396.0</ele></trkpt>
<trkpt lat="47.582998" lon="7.374888"><ele>390.0</ele></trkpt>
<trkpt lat="47.583078" lon="7.374912"><ele>389.5</ele></trkpt>
<trkpt lat="47.583632" lon="7.375518"><ele>385.0</ele></trkpt>
<trkpt lat="47.584428" lon="7.376535"><ele>379.5</ele></trkpt>
<trkpt lat="47.584859" lon="7.377045"><ele>377.0</ele></trkpt>
<trkpt lat="47.585181" lon="7.377302"><ele>375.0</ele></trkpt>
<trkpt lat="47.585325" lon="7.377511"><ele>373.75</ele></trkpt>
<trkpt lat="47.585715" lon="7.378146"><ele>372.75</ele></trkpt>
<trkpt lat="47.586045" lon="7.378728"><ele>371.25</ele></trkpt>
<trkpt lat="47.586078" lon="7.378787"><ele>371.0</ele></trkpt>
<trkpt lat="47.585630" lon="7.379350"><ele>372.25</ele></trkpt>
<trkpt lat="47.585301" lon="7.379844"><ele>372.75</ele></trkpt>
<trkpt lat="47.584962" lon="7.380355"><ele>372.75</ele></trkpt>
<trkpt lat="47.584721" lon="7.380736"><ele>373.25</ele></trkpt>
<trkpt lat="47.584549" lon="7.381061"><ele>373.5</ele></trkpt>
<trkpt lat="47.584465" lon="7.381220"><ele>373.5</ele></trkpt>
<trkpt lat="47.584629" lon="7.381493"><ele>372.5</ele></trkpt>
<trkpt lat="47.585303" lon="7.382660"><ele>365.25</ele></trkpt>
<trkpt lat="47.585348" lon="7.382739"><ele>365.0</ele></trkpt>
<trkpt lat="47.585382" lon="7.382799"><ele>364.75</ele></trkpt>
<trkpt lat="47.585519" lon="7.383050"><ele>364.0</ele></trkpt>
<trkpt lat="47.585617" lon="7.383258"><ele>363.0</ele></trkpt>
<trkpt lat="47.585780" lon="7.383651"><ele>362.5</ele></trkpt>
<trkpt lat="47.585792" lon="7.383682"><ele>362.25</ele></trkpt>
<trkpt lat="47.585807" lon="7.383720"><ele>362.0</ele></trkpt>
<trkpt lat="47.585854" lon="7.383842"><ele>361.25</ele></trkpt>
<trkpt lat="47.585889" lon="7.383938"><ele>361.0</ele></trkpt>
<trkpt lat="47.585932" lon="7.384044"><ele>361.5</ele></trkpt>
<trkpt lat="47.585985" lon="7.384139"><ele>361.75</ele></trkpt>
<trkpt lat="47.586140" lon="7.384362"><ele>362.0</ele></trkpt>
<trkpt lat="47.586329" lon="7.384657"><ele>362.75</ele></trkpt>
<trkpt lat="47.586419" lon="7.384734"><ele>363.0</ele></trkpt>
<trkpt lat="47.586647" lon="7.384877"><ele>363.75</ele></trkpt>
<trkpt lat="47.586720" lon="7.384915"><ele>364.25</ele></trkpt>
<trkpt lat="47.586768" lon="7.384959"><ele>364.5</ele></trkpt>
<trkpt lat="47.586812" lon="7.385049"><ele>365.0</ele></trkpt>
<trkpt lat="47.586938" lon="7.385376"><ele>365.25</ele></trkpt>
<trkpt lat="47.587116" lon="7.385831"><ele>368.5</ele></trkpt>
<trkpt lat="47.587197" lon="7.385981"><ele>369.25</ele></trkpt>
<trkpt lat="47.587313" lon="7.386126"><ele>371.25</ele></trkpt>
<trkpt lat="47.587604" lon="7.386517"><ele>375.25</ele></trkpt>
<trkpt lat="47.587818" lon="7.386868"><ele>378.0</ele></trkpt>
<trkpt lat="47.587975" lon="7.387122"><ele>380.0</ele></trkpt>
<trkpt lat="47.588379" lon="7.387657"><ele>385.75</ele></trkpt>
<trkpt lat="47.588413" lon="7.387700"><ele>386.0</ele></trkpt>
<trkpt lat="47.588510" lon="7.387800"><ele>386.75</ele></trkpt>
<trkpt lat="47.588999" lon="7.388361"><ele>391.75</ele></trkpt>
<trkpt lat="47.589680" lon="7.389182"><ele>398.75</ele></trkpt>
<trkpt lat="47.590286" lon="7.389823"><ele>402.25</ele></trkpt>
<trkpt lat="47.590440" lon="7.389994"><ele>402.75</ele></trkpt>
<trkpt lat="47.590777" lon="7.390393"><ele>405.0</ele></trkpt>
<trkpt lat="47.590920" lon="7.390569"><ele>405.0</ele></trkpt>
<trkpt lat="47.591142" lon="7.390865"><ele>404.75</ele></trkpt>
<trkpt lat="47.591428" lon="7.391322"><ele>404.5</ele></trkpt>
<trkpt lat="47.591773" lon="7.391967"><ele>403.25</ele></trkpt>
<trkpt lat="47.592011" lon="7.392457"><ele>403.0</ele></trkpt>
<trkpt lat="47.592156" lon="7.392824"><ele>402.5</ele></trkpt>
<trkpt lat="47.592308" lon="7.393284"><ele>402.25</ele></trkpt>
<trkpt lat="47.592445" lon="7.393758"><ele>402.5</ele></trkpt>
<trkpt lat="47.592495" lon="7.393981"><ele>403.0</ele></trkpt>
<trkpt lat="47.592531" lon="7.394189"><ele>402.75</ele></trkpt>
<trkpt lat="47.592687" lon="7.395219"><ele>403.5</ele></trkpt>
<trkpt lat="47.592763" lon="7.395661"><ele>402.5</ele></trkpt>
<trkpt lat="47.592811" lon="7.395859"><ele>402.0</ele></trkpt>
<trkpt lat="47.592848" lon="7.395979"><ele>402.5</ele></trkpt>
<trkpt lat="47.592891" lon="7.396082"><ele>402.5</ele></trkpt>
<trkpt lat="47.592972" lon="7.396229"><ele>402.25</ele></trkpt>
<trkpt lat="47.593055" lon="7.396328"><ele>401.75</ele></trkpt>
<trkpt lat="47.593110" lon="7.396376"><ele>401.5</ele></trkpt>
<trkpt lat="47.593177" lon="7.396422"><ele>401.0</ele></trkpt>
<trkpt lat="47.593536" lon="7.396630"><ele>401.5</ele></trkpt>
<trkpt lat="47.593614" lon="7.396684"><ele>402.0</ele></trkpt>
<trkpt lat="47.593748" lon="7.396795"><ele>402.25</ele></trkpt>
<trkpt lat="47.593865" lon="7.396912"><ele>402.75</ele></trkpt>
<trkpt lat="47.593966" lon="7.397026"><ele>403.75</ele></trkpt>
<trkpt lat="47.594047" lon="7.397141"><ele>404.5</ele></trkpt>
<trkpt lat="47.594153" lon="7.397344"><ele>405.25</ele></trkpt>
<trkpt lat="47.594201" lon="7.397459"><ele>406.0</ele></trkpt>
<trkpt lat="47.594265" lon="7.397637"><ele>407.0</ele></trkpt>
<trkpt lat="47.594316" lon="7.397809"><ele>408.0</ele></trkpt>
<trkpt lat="47.594352" lon="7.397960"><ele>408.5</ele></trkpt>
<trkpt lat="47.594392" lon="7.398149"><ele>409.0</ele></trkpt>
<trkpt lat="47.594476" lon="7.398617"><ele>411.0</ele></trkpt>
<trkpt lat="47.594498" lon="7.398667"><ele>411.5</ele></trkpt>
<trkpt lat="47.594601" lon="7.398795"><ele>412.75</ele></trkpt>
<trkpt lat="47.594340" lon="7.399532"><ele>412.75</ele></trkpt>
<trkpt lat="47.594378" lon="7.399574"><ele>413.25</ele></trkpt>
<trkpt lat="47.594409" lon="7.399653"><ele>413.5</ele></trkpt>
<trkpt lat="47.594460" lon="7.399973"><ele>414.0</ele></trkpt>
<trkpt lat="47.594567" lon="7.400544"><ele>415.25</ele></trkpt>
<trkpt lat="47.594721" lon="7.401083"><ele>415.75</ele></trkpt>
<trkpt lat="47.594905" lon="7.401516"><ele>417.0</ele></trkpt>
<trkpt lat="47.595442" lon="7.402540"><ele>419.0</ele></trkpt>
<trkpt lat="47.595677" lon="7.403111"><ele>418.5</ele></trkpt>
<trkpt lat="47.595962" lon="7.404008"><ele>418.5</ele></trkpt>
<trkpt lat="47.596067" lon="7.404441"><ele>418.25</ele></trkpt>
<trkpt lat="47.596183" lon="7.404859"><ele>418.0</ele></trkpt>
<trkpt lat="47.596944" lon="7.406488"><ele>413.25</ele></trkpt>
<trkpt lat="47.597357" lon="7.407336"><ele>412.5</ele></trkpt>
<trkpt lat="47.597894" lon="7.408271"><ele>412.25</ele></trkpt>
<trkpt lat="47.598620" lon="7.409353"><ele>413.0</ele></trkpt>
<trkpt lat="47.598804" lon="7.409626"><ele>413.5</ele></trkpt>
<trkpt lat="47.598851" lon="7.409740"><ele>414.0</ele></trkpt>
<trkpt lat="47.599147" lon="7.409661"><ele>414.5</ele></trkpt>
<trkpt lat="47.599628" lon="7.409487"><ele>416.25</ele></trkpt>
<trkpt lat="47.599822" lon="7.409407"><ele>416.75</ele></trkpt>
<trkpt lat="47.599961" lon="7.409340"><ele>416.5</ele></trkpt>
<trkpt lat="47.600436" lon="7.409038"><ele>413.75</ele></trkpt>
<trkpt lat="47.600813" lon="7.408812"><ele>412.25</ele></trkpt>
<trkpt lat="47.601657" lon="7.408267"><ele>411.25</ele></trkpt>
<trkpt lat="47.601951" lon="7.408099"><ele>411.75</ele></trkpt>
<trkpt lat="47.602479" lon="7.407822"><ele>412.75</ele></trkpt>
<trkpt lat="47.602827" lon="7.407658"><ele>413.75</ele></trkpt>
<trkpt lat="47.604095" lon="7.407155"><ele>409.0</ele></trkpt>
<trkpt lat="47.604307" lon="7.407007"><ele>406.75</ele></trkpt>
<trkpt lat="47.604916" lon="7.406762"><ele>404.0</ele></trkpt>
<trkpt lat="47.605138" lon="7.406718"><ele>403.25</ele></trkpt>
<trkpt lat="47.605827" lon="7.406666"><ele>401.0</ele></trkpt>
<trkpt lat="47.606540" lon="7.406614"><ele>398.25</ele></trkpt>
<trkpt lat="47.606548" lon="7.406549"><ele>398.25</ele></trkpt>
<trkpt lat="47.606597" lon="7.406554"><ele>398.25</ele></trkpt>
<trkpt lat="47.606615" lon="7.406557"><ele>398.0</ele></trkpt>
<trkpt lat="47.606663" lon="7.406590"><ele>398.0</ele></trkpt>
<trkpt lat="47.606720" lon="7.406607"><ele>397.5</ele></trkpt>
<trkpt lat="47.607077" lon="7.406619"><ele>395.5</ele></trkpt>
<trkpt lat="47.607199" lon="7.406626"><ele>395.0</ele></trkpt>
<trkpt lat="47.608425" lon="7.406523"><ele>397.75</ele></trkpt>
<trkpt lat="47.609062" lon="7.406504"><ele>398.25</ele></trkpt>
<trkpt lat="47.609381" lon="7.406603"><ele>398.0</ele></trkpt>
<trkpt lat="47.609600" lon="7.406609"><ele>398.75</ele></trkpt>
<trkpt lat="47.609725" lon="7.406592"><ele>399.25</ele></trkpt>
<trkpt lat="47.610470" lon="7.406247"><ele>403.5</ele></trkpt>
<trkpt lat="47.611662" lon="7.406121"><ele>405.75</ele></trkpt>
<trkpt lat="47.612014" lon="7.406071"><ele>406.25</ele></trkpt>
<trkpt lat="47.612704" lon="7.405925"><ele>407.5</ele></trkpt>
<trkpt lat="47.613483" lon="7.405551"><ele>407.0</ele></trkpt>
<trkpt lat="47.614294" lon="7.405099"><ele>407.5</ele></trkpt>
<trkpt lat="47.614405" lon="7.405074"><ele>407.0</ele></trkpt>
<trkpt lat="47.614451" lon="7.405073"><ele>406.75</ele></trkpt>
<trkpt lat="47.614982" lon="7.405184"><ele>405.0</ele></trkpt>
<trkpt lat="47.615124" lon="7.405306"><ele>404.5</ele></trkpt>
<trkpt lat="47.615210" lon="7.405512"><ele>405.0</ele></trkpt>
<trkpt lat="47.615273" lon="7.405625"><ele>405.0</ele></trkpt>
<trkpt lat="47.615477" lon="7.405657"><ele>403.75</ele></trkpt>
<trkpt lat="47.616205" lon="7.405388"><ele>400.5</ele></trkpt>
<trkpt lat="47.616368" lon="7.405259"><ele>400.0</ele></trkpt>
<trkpt lat="47.616592" lon="7.405101"><ele>399.25</ele></trkpt>
<trkpt lat="47.616784" lon="7.405057"><ele>399.0</ele></trkpt>
<trkpt lat="47.616865" lon="7.405128"><ele>399.25</ele></trkpt>
<trkpt lat="47.616922" lon="7.405248"><ele>399.75</ele></trkpt>
<trkpt lat="47.617048" lon="7.405880"><ele>400.0</ele></trkpt>
<trkpt lat="47.617177" lon="7.406587"><ele>401.0</ele></trkpt>
<trkpt lat="47.617196" lon="7.407162"><ele>401.0</ele></trkpt>
<trkpt lat="47.617462" lon="7.409060"><ele>398.0</ele></trkpt>
<trkpt lat="47.617545" lon="7.409109"><ele>398.0</ele></trkpt>
<trkpt lat="47.619764" lon="7.407595"><ele>399.5</ele></trkpt>
<trkpt lat="47.619884" lon="7.407555"><ele>399.75</ele></trkpt>
<trkpt lat="47.619971" lon="7.407574"><ele>399.5</ele></trkpt>
<trkpt lat="47.620234" lon="7.407737"><ele>399.0</ele></trkpt>
<trkpt lat="47.620746" lon="7.407893"><ele>398.0</ele></trkpt>
<trkpt lat="47.621122" lon="7.407960"><ele>397.75</ele></trkpt>
<trkpt lat="47.621559" lon="7.407941"><ele>396.75</ele></trkpt>
<trkpt lat="47.621620" lon="7.407975"><ele>396.25</ele></trkpt>
<trkpt lat="47.621694" lon="7.408090"><ele>396.0</ele></trkpt>
<trkpt lat="47.622298" lon="7.409797"><ele>393.0</ele></trkpt>
<trkpt lat="47.622712" lon="7.411158"><ele>390.25</ele></trkpt>
<trkpt lat="47.622774" lon="7.411423"><ele>389.5</ele></trkpt>
<trkpt lat="47.623425" lon="7.413318"><ele>384.0</ele></trkpt>
<trkpt lat="47.623470" lon="7.413507"><ele>383.0</ele></trkpt>
<trkpt lat="47.623488" lon="7.413655"><ele>382.5</ele></trkpt>
<trkpt lat="47.623512" lon="7.413944"><ele>381.5</ele></trkpt>
<trkpt lat="47.623549" lon="7.414223"><ele>380.75</ele></trkpt>
<trkpt lat="47.623698" lon="7.414970"><ele>377.75</ele></trkpt>
<trkpt lat="47.623757" lon="7.415312"><ele>375.75</ele></trkpt>
<trkpt lat="47.623781" lon="7.415701"><ele>374.0</ele></trkpt>
<trkpt lat="47.623801" lon="7.415814"><ele>373.75</ele></trkpt>
<trkpt lat="47.623924" lon="7.416197"><ele>371.75</ele></trkpt>
<trkpt lat="47.624548" lon="7.417588"><ele>367.5</ele></trkpt>
<trkpt lat="47.624636" lon="7.417812"><ele>366.5</ele></trkpt>
<trkpt lat="47.624667" lon="7.417909"><ele>365.5</ele></trkpt>
<trkpt lat="47.624696" lon="7.418038"><ele>364.25</ele></trkpt>
<trkpt lat="47.624730" lon="7.418255"><ele>363.25</ele></trkpt>
<trkpt lat="47.624762" lon="7.418694"><ele>361.0</ele></trkpt>
<trkpt lat="47.624766" lon="7.418935"><ele>360.0</ele></trkpt>
<trkpt lat="47.624755" lon="7.419463"><ele>357.25</ele></trkpt>
<trkpt lat="47.624716" lon="7.420257"><ele>353.0</ele></trkpt>
<trkpt lat="47.624656" lon="7.420791"><ele>351.0</ele></trkpt>
<trkpt lat="47.624526" lon="7.421266"><ele>349.0</ele></trkpt>
<trkpt lat="47.624500" lon="7.421400"><ele>348.25</ele></trkpt>
<trkpt lat="47.624493" lon="7.422299"><ele>346.5</ele></trkpt>
<trkpt lat="47.624495" lon="7.422382"><ele>346.0</ele></trkpt>
<trkpt lat="47.624506" lon="7.422801"><ele>344.75</ele></trkpt>
<trkpt lat="47.624453" lon="7.423703"><ele>341.75</ele></trkpt>
<trkpt lat="47.624453" lon="7.424237"><ele>339.75</ele></trkpt>
<trkpt lat="47.624470" lon="7.424471"><ele>339.0</ele></trkpt>
<trkpt lat="47.624474" lon="7.424902"><ele>337.75</ele></trkpt>
<trkpt lat="47.624433" lon="7.425283"><ele>336.75</ele></trkpt>
<trkpt lat="47.624367" lon="7.425641"><ele>335.25</ele></trkpt>
<trkpt lat="47.624464" lon="7.425695"><ele>335.5</ele></trkpt>
<trkpt lat="47.624781" lon="7.426137"><ele>336.25</ele></trkpt>
<trkpt lat="47.625301" lon="7.426608"><ele>338.0</ele></trkpt>
<trkpt lat="47.625616" lon="7.427091"><ele>338.5</ele></trkpt>
<trkpt lat="47.625655" lon="7.427236"><ele>338.25</ele></trkpt>
<trkpt lat="47.625770" lon="7.427836"><ele>337.0</ele></trkpt>
<trkpt lat="47.625790" lon="7.428114"><ele>337.0</ele></trkpt>
<trkpt lat="47.625848" lon="7.429529"><ele>334.0</ele></trkpt>
<trkpt lat="47.625861" lon="7.429627"><ele>334.0</ele></trkpt>
<trkpt lat="47.625871" lon="7.429700"><ele>334.0</ele></trkpt>
<trkpt lat="47.625931" lon="7.429922"><ele>334.75</ele></trkpt>
<trkpt lat="47.626068" lon="7.430677"><ele>333.75</ele></trkpt>
<trkpt lat="47.626187" lon="7.431624"><ele>331.75</ele></trkpt>
<trkpt lat="47.626285" lon="7.432344"><ele>328.25</ele></trkpt>
<trkpt lat="47.626541" lon="7.434270"><ele>324.0</ele></trkpt>
<trkpt lat="47.626600" lon="7.434538"><ele>322.75</ele></trkpt>
<trkpt lat="47.626708" lon="7.434892"><ele>321.5</ele></trkpt>
<trkpt lat="47.626762" lon="7.435161"><ele>320.75</ele></trkpt>
<trkpt lat="47.626952" lon="7.436921"><ele>320.0</ele></trkpt>
<trkpt lat="47.627046" lon="7.437729"><ele>319.5</ele></trkpt>
<trkpt lat="47.627105" lon="7.439270"><ele>316.0</ele></trkpt>
<trkpt lat="47.627212" lon="7.441239"><ele>312.5</ele></trkpt>
<trkpt lat="47.627232" lon="7.441429"><ele>312.0</ele></trkpt>
<trkpt lat="47.627975" lon="7.441167"><ele>304.5</ele></trkpt>
<trkpt lat="47.628406" lon="7.441069"><ele>302.5</ele></trkpt>
<trkpt lat="47.628837" lon="7.441074"><ele>301.0</ele></trkpt>
<trkpt lat="47.629060" lon="7.441124"><ele>300.75</ele></trkpt>
<trkpt lat="47.629173" lon="7.441175"><ele>300.75</ele></trkpt>
<trkpt lat="47.629144" lon="7.441512"><ele>300.0</ele></trkpt>
<trkpt lat="47.629134" lon="7.441868"><ele>300.0</ele></trkpt>
<trkpt lat="47.629198" lon="7.441943"><ele>300.0</ele></trkpt>
<trkpt lat="47.631551" lon="7.441849"><ele>310.5</ele></trkpt>
<trkpt lat="47.632182" lon="7.441779"><ele>308.5</ele></trkpt>
<trkpt lat="47.633520" lon="7.441271"><ele>302.25</ele></trkpt>
<trkpt lat="47.634336" lon="7.440907"><ele>303.75</ele></trkpt>
<trkpt lat="47.635628" lon="7.440386"><ele>307.75</ele></trkpt>
<trkpt lat="47.636112" lon="7.442960"><ele>308.5</ele></trkpt>
<trkpt lat="47.636456" lon="7.444494"><ele>308.5</ele></trkpt>
<trkpt lat="47.636521" lon="7.444729"><ele>308.5</ele></trkpt>
<trkpt lat="47.636675" lon="7.445087"><ele>307.75</ele></trkpt>
<trkpt lat="47.636926" lon="7.445366"><ele>304.75</ele></trkpt>
<trkpt lat="47.637757" lon="7.445750"><ele>296.5</ele></trkpt>
<trkpt lat="47.639107" lon="7.446856"><ele>286.25</ele></trkpt>
<trkpt lat="47.639401" lon="7.447043"><ele>285.5</ele></trkpt>
<trkpt lat="47.639682" lon="7.446986"><ele>285.0</ele></trkpt>
<trkpt lat="47.640098" lon="7.446876"><ele>285.0</ele></trkpt>
<trkpt lat="47.640302" lon="7.446852"><ele>285.0</ele></trkpt>
<trkpt lat="47.640900" lon="7.446803"><ele>286.75</ele></trkpt>
<trkpt lat="47.641144" lon="7.446783"><ele>287.5</ele></trkpt>
<trkpt lat="47.641431" lon="7.446705"><ele>286.75</ele></trkpt>
<trkpt lat="47.642299" lon="7.446442"><ele>289.25</ele></trkpt>
<trkpt lat="47.643942" lon="7.445869"><ele>305.0</ele></trkpt>
<trkpt lat="47.644011" lon="7.445865"><ele>305.25</ele></trkpt>
<trkpt lat="47.644071" lon="7.445926"><ele>305.5</ele></trkpt>
<trkpt lat="47.644380" lon="7.446867"><ele>305.0</ele></trkpt>
<trkpt lat="47.644464" lon="7.447081"><ele>304.75</ele></trkpt>
<trkpt lat="47.644539" lon="7.447247"><ele>304.25</ele></trkpt>
<trkpt lat="47.644615" lon="7.447383"><ele>303.75</ele></trkpt>
<trkpt lat="47.644665" lon="7.447458"><ele>303.25</ele></trkpt>
<trkpt lat="47.644778" lon="7.447588"><ele>302.5</ele></trkpt>
<trkpt lat="47.644956" lon="7.447774"><ele>301.25</ele></trkpt>
<trkpt lat="47.645087" lon="7.447896"><ele>300.5</ele></trkpt>
<trkpt lat="47.645116" lon="7.447908"><ele>300.5</ele></trkpt>
<trkpt lat="47.645138" lon="7.447907"><ele>300.5</ele></trkpt>
<trkpt lat="47.645185" lon="7.447994"><ele>300.25</ele></trkpt>
<trkpt lat="47.645245" lon="7.448079"><ele>300.0</ele></trkpt>
<trkpt lat="47.645393" lon="7.448237"><ele>298.75</ele></trkpt>
<trkpt lat="47.645552" lon="7.448474"><ele>297.25</ele></trkpt>
<trkpt lat="47.645699" lon="7.448877"><ele>296.0</ele></trkpt>
<trkpt lat="47.645958" lon="7.449702"><ele>293.25</ele></trkpt>
<trkpt lat="47.646471" lon="7.451392"><ele>288.75</ele></trkpt>
<trkpt lat="47.646522" lon="7.451492"><ele>289.0</ele></trkpt>
<trkpt lat="47.646631" lon="7.451529"><ele>289.5</ele></trkpt>
<trkpt lat="47.646864" lon="7.451242"><ele>294.75</ele></trkpt>
<trkpt lat="47.646902" lon="7.451232"><ele>295.5</ele></trkpt>
<trkpt lat="47.646947" lon="7.451275"><ele>295.75</ele></trkpt>
<trkpt lat="47.647486" lon="7.453359"><ele>292.5</ele></trkpt>
<trkpt lat="47.647677" lon="7.453774"><ele>291.5</ele></trkpt>
<trkpt lat="47.647872" lon="7.454019"><ele>292.0</ele></trkpt>
<trkpt lat="47.648336" lon="7.454273"><ele>292.0</ele></trkpt>
<trkpt lat="47.648270" lon="7.454379"><ele>293.0</ele></trkpt>
<trkpt lat="47.648158" lon="7.454826"><ele>292.5</ele></trkpt>
<trkpt lat="47.648124" lon="7.455436"><ele>286.75</ele></trkpt>
<trkpt lat="47.648123" lon="7.456176"><ele>283.0</ele></trkpt>
<trkpt lat="47.648072" lon="7.457046"><ele>273.25</ele></trkpt>
<trkpt lat="47.648008" lon="7.457692"><ele>271.5</ele></trkpt>
<trkpt lat="47.648002" lon="7.458058"><ele>271.0</ele></trkpt>
<trkpt lat="47.648021" lon="7.458729"><ele>267.75</ele></trkpt>
<trkpt lat="47.648046" lon="7.459288"><ele>264.5</ele></trkpt>
<trkpt lat="47.648096" lon="7.459813"><ele>262.75</ele></trkpt>
<trkpt lat="47.648119" lon="7.460105"><ele>260.5</ele></trkpt>
<trkpt lat="47.648131" lon="7.460362"><ele>260.25</ele></trkpt>
<trkpt lat="47.648126" lon="7.460510"><ele>260.0</ele></trkpt>
<trkpt lat="47.648112" lon="7.460631"><ele>259.75</ele></trkpt>
<trkpt lat="47.648105" lon="7.460676"><ele>259.75</ele></trkpt>
<trkpt lat="47.648099" lon="7.460715"><ele>259.75</ele></trkpt>
<trkpt lat="47.648088" lon="7.460778"><ele>259.75</ele></trkpt>
<trkpt lat="47.648057" lon="7.460786"><ele>259.75</ele></trkpt>
<trkpt lat="47.648029" lon="7.460806"><ele>260.0</ele></trkpt>
<trkpt lat="47.648006" lon="7.460837"><ele>259.75</ele></trkpt>
<trkpt lat="47.647990" lon="7.460877"><ele>259.75</ele></trkpt>
<trkpt lat="47.647982" lon="7.460923"><ele>259.5</ele></trkpt>
<trkpt lat="47.647984" lon="7.460969"><ele>259.5</ele></trkpt>
<trkpt lat="47.647998" lon="7.461021"><ele>259.25</ele></trkpt>
<trkpt lat="47.648024" lon="7.461063"><ele>259.0</ele></trkpt>
<trkpt lat="47.648058" lon="7.461089"><ele>259.0</ele></trkpt>
<trkpt lat="47.648096" lon="7.461095"><ele>258.75</ele></trkpt>
<trkpt lat="47.648101" lon="7.461157"><ele>258.75</ele></trkpt>
<trkpt lat="47.648107" lon="7.461231"><ele>258.75</ele></trkpt>
<trkpt lat="47.648121" lon="7.461358"><ele>258.75</ele></trkpt>
<trkpt lat="47.648159" lon="7.461877"><ele>258.25</ele></trkpt>
<trkpt lat="47.648363" lon="7.463105"><ele>257.75</ele></trkpt>
<trkpt lat="47.648418" lon="7.463356"><ele>257.25</ele></trkpt>
<trkpt lat="47.648475" lon="7.463653"><ele>257.0</ele></trkpt>
<trkpt lat="47.648505" lon="7.463801"><ele>257.0</ele></trkpt>
<trkpt lat="47.648599" lon="7.464164"><ele>257.0</ele></trkpt>
<trkpt lat="47.648762" lon="7.464604"><ele>257.25</ele></trkpt>
<trkpt lat="47.648888" lon="7.465040"><ele>260.0</ele></trkpt>
<trkpt lat="47.648989" lon="7.465445"><ele>258.75</ele></trkpt>
<trkpt lat="47.649031" lon="7.465648"><ele>258.0</ele></trkpt>
<trkpt lat="47.649106" lon="7.466282"><ele>260.0</ele></trkpt>
<trkpt lat="47.649127" lon="7.466487"><ele>260.5</ele></trkpt>
<trkpt lat="47.649154" lon="7.466786"><ele>265.0</ele></trkpt>
<trkpt lat="47.649158" lon="7.467097"><ele>265.0</ele></trkpt>
<trkpt lat="47.649145" lon="7.467415"><ele>263.5</ele></trkpt>
<trkpt lat="47.649127" lon="7.467595"><ele>262.25</ele></trkpt>
<trkpt lat="47.649098" lon="7.467793"><ele>260.5</ele></trkpt>
<trkpt lat="47.648968" lon="7.468469"><ele>256.5</ele></trkpt>
<trkpt lat="47.648940" lon="7.468655"><ele>256.75</ele></trkpt>
<trkpt lat="47.648927" lon="7.468825"><ele>256.75</ele></trkpt>
<trkpt lat="47.648926" lon="7.468929"><ele>256.75</ele></trkpt>
<trkpt lat="47.648892" lon="7.469090"><ele>256.75</ele></trkpt>
<trkpt lat="47.648876" lon="7.469285"><ele>256.5</ele></trkpt>
<trkpt lat="47.648882" lon="7.469434"><ele>256.0</ele></trkpt>
<trkpt lat="47.648895" lon="7.470552"><ele>256.0</ele></trkpt>
<trkpt lat="47.648927" lon="7.471934"><ele>256.75</ele></trkpt>
<trkpt lat="47.650170" lon="7.471714"><ele>256.0</ele></trkpt>
<trkpt lat="47.650369" lon="7.471641"><ele>256.0</ele></trkpt>
<trkpt lat="47.653066" lon="7.469551"><ele>256.0</ele></trkpt>
<trkpt lat="47.653579" lon="7.471018"><ele>255.75</ele></trkpt>
<trkpt lat="47.654404" lon="7.470387"><ele>255.5</ele></trkpt>
<trkpt lat="47.656340" lon="7.468865"><ele>256.0</ele></trkpt>
<trkpt lat="47.656371" lon="7.468962"><ele>256.0</ele></trkpt>
<trkpt lat="47.657182" lon="7.471494"><ele>255.0</ele></trkpt>
<trkpt lat="47.657417" lon="7.472197"><ele>255.25</ele></trkpt>
<trkpt lat="47.657989" lon="7.473922"><ele>255.0</ele></trkpt>
<trkpt lat="47.658094" lon="7.474144"><ele>255.0</ele></trkpt>
<trkpt lat="47.658903" lon="7.475520"><ele>255.75</ele></trkpt>
<trkpt lat="47.658936" lon="7.475691"><ele>255.75</ele></trkpt>
<trkpt lat="47.658953" lon="7.476047"><ele>255.75</ele></trkpt>
<trkpt lat="47.658979" lon="7.476267"><ele>255.5</ele></trkpt>
<trkpt lat="47.659008" lon="7.476520"><ele>255.25</ele></trkpt>
<trkpt lat="47.659121" lon="7.476950"><ele>255.0</ele></trkpt>
<trkpt lat="47.659251" lon="7.477307"><ele>255.0</ele></trkpt>
<trkpt lat="47.659405" lon="7.477619"><ele>255.0</ele></trkpt>
<trkpt lat="47.659605" lon="7.477942"><ele>255.0</ele></trkpt>
<trkpt lat="47.659705" lon="7.478193"><ele>255.0</ele></trkpt>
<trkpt lat="47.659959" lon="7.479042"><ele>255.0</ele></trkpt>
<trkpt lat="47.660258" lon="7.480179"><ele>255.0</ele></trkpt>
<trkpt lat="47.660521" lon="7.481553"><ele>256.5</ele></trkpt>
<trkpt lat="47.660732" lon="7.483207"><ele>253.75</ele></trkpt>
<trkpt lat="47.660820" lon="7.484007"><ele>257.0</ele></trkpt>
<trkpt lat="47.661046" lon="7.486156"><ele>253.0</ele></trkpt>
<trkpt lat="47.661386" lon="7.490125"><ele>253.0</ele></trkpt>
<trkpt lat="47.652875" lon="7.494514"><ele>254.5</ele></trkpt>
<trkpt lat="47.653587" lon="7.498275"><ele>252.5</ele></trkpt>
<trkpt lat="47.653625" lon="7.498676"><ele>253.0</ele></trkpt>
<trkpt lat="47.653676" lon="7.499308"><ele>253.0</ele></trkpt>
<trkpt lat="47.653788" lon="7.500012"><ele>252.5</ele></trkpt>
<trkpt lat="47.653841" lon="7.500367"><ele>252.75</ele></trkpt>
<trkpt lat="47.653853" lon="7.501034"><ele>252.25</ele></trkpt>
<trkpt lat="47.653839" lon="7.501325"><ele>252.0</ele></trkpt>
<trkpt lat="47.653791" lon="7.501642"><ele>252.0</ele></trkpt>
<trkpt lat="47.653671" lon="7.502167"><ele>252.0</ele></trkpt>
<trkpt lat="47.653620" lon="7.502624"><ele>251.75</ele></trkpt>
<trkpt lat="47.653609" lon="7.502896"><ele>251.75</ele></trkpt>
<trkpt lat="47.653611" lon="7.503076"><ele>251.75</ele></trkpt>
<trkpt lat="47.653617" lon="7.503231"><ele>251.25</ele></trkpt>
<trkpt lat="47.653645" lon="7.503716"><ele>250.75</ele></trkpt>
<trkpt lat="47.653663" lon="7.503849"><ele>250.75</ele></trkpt>
<trkpt lat="47.653669" lon="7.503992"><ele>251.0</ele></trkpt>
<trkpt lat="47.653683" lon="7.504235"><ele>251.0</ele></trkpt>
<trkpt lat="47.653687" lon="7.504330"><ele>251.0</ele></trkpt>
<trkpt lat="47.653699" lon="7.504417"><ele>251.0</ele></trkpt>
<trkpt lat="47.653668" lon="7.504425"><ele>251.0</ele></trkpt>
<trkpt lat="47.653611" lon="7.504472"><ele>250.75</ele></trkpt>
<trkpt lat="47.653530" lon="7.504579"><ele>249.75</ele></trkpt>
<trkpt lat="47.653574" lon="7.504659"><ele>249.25</ele></trkpt>
<trkpt lat="47.653983" lon="7.505389"><ele>247.25</ele></trkpt>
<trkpt lat="47.654102" lon="7.505690"><ele>245.5</ele></trkpt>
<trkpt lat="47.654180" lon="7.506001"><ele>242.75</ele></trkpt>
<trkpt lat="47.654238" lon="7.506463"><ele>240.75</ele></trkpt>
<trkpt lat="47.654245" lon="7.507026"><ele>238.5</ele></trkpt>
<trkpt lat="47.654247" lon="7.507186"><ele>238.0</ele></trkpt>
<trkpt lat="47.654261" lon="7.507370"><ele>238.0</ele></trkpt>
<trkpt lat="47.654306" lon="7.507590"><ele>237.75</ele></trkpt>
<trkpt lat="47.654372" lon="7.507793"><ele>237.0</ele></trkpt>
<trkpt lat="47.654459" lon="7.508008"><ele>237.0</ele></trkpt>
<trkpt lat="47.654562" lon="7.508205"><ele>237.0</ele></trkpt>
<trkpt lat="47.654666" lon="7.508357"><ele>237.0</ele></trkpt>
<trkpt lat="47.654762" lon="7.508453"><ele>237.25</ele></trkpt>
<trkpt lat="47.654852" lon="7.508512"><ele>237.5</ele></trkpt>
<trkpt lat="47.654951" lon="7.508550"><ele>237.75</ele></trkpt>
<trkpt lat="47.655056" lon="7.508575"><ele>237.75</ele></trkpt>
<trkpt lat="47.655202" lon="7.508568"><ele>237.75</ele></trkpt>
<trkpt lat="47.655767" lon="7.508457"><ele>237.25</ele></trkpt>
<trkpt lat="47.655902" lon="7.508465"><ele>237.25</ele></trkpt>
<trkpt lat="47.657009" lon="7.508890"><ele>236.75</ele></trkpt>
<trkpt lat="47.657325" lon="7.509075"><ele>236.25</ele></trkpt>
<trkpt lat="47.657785" lon="7.509485"><ele>236.0</ele></trkpt>
<trkpt lat="47.658372" lon="7.510092"><ele>236.25</ele></trkpt>
<trkpt lat="47.658462" lon="7.510171"><ele>236.75</ele></trkpt>
<trkpt lat="47.658526" lon="7.510224"><ele>236.75</ele></trkpt>
<trkpt lat="47.658551" lon="7.510252"><ele>236.75</ele></trkpt>
<trkpt lat="47.658571" lon="7.510299"><ele>237.0</ele></trkpt>
<trkpt lat="47.658631" lon="7.510374"><ele>237.0</ele></trkpt>
<trkpt lat="47.658697" lon="7.510442"><ele>237.0</ele></trkpt>
<trkpt lat="47.659038" lon="7.510833"><ele>238.5</ele></trkpt>
<trkpt lat="47.659097" lon="7.510916"><ele>238.75</ele></trkpt>
<trkpt lat="47.659135" lon="7.510992"><ele>238.5</ele></trkpt>
<trkpt lat="47.659275" lon="7.511361"><ele>238.5</ele></trkpt>
<trkpt lat="47.659316" lon="7.511479"><ele>238.25</ele></trkpt>
<trkpt lat="47.659398" lon="7.511749"><ele>238.0</ele></trkpt>
<trkpt lat="47.659484" lon="7.512110"><ele>237.5</ele></trkpt>
<trkpt lat="47.659510" lon="7.512262"><ele>236.75</ele></trkpt>
<trkpt lat="47.659493" lon="7.512388"><ele>236.75</ele></trkpt>
<trkpt lat="47.659486" lon="7.512494"><ele>236.75</ele></trkpt>
<trkpt lat="47.659468" lon="7.512581"><ele>236.5</ele></trkpt>
<trkpt lat="47.659397" lon="7.512848"><ele>236.25</ele></trkpt>
<trkpt lat="47.659341" lon="7.512960"><ele>236.5</ele></trkpt>
<trkpt lat="47.659268" lon="7.512982"><ele>236.5</ele></trkpt>
<trkpt lat="47.659203" lon="7.513041"><ele>236.75</ele></trkpt>
<trkpt lat="47.659176" lon="7.513083"><ele>237.0</ele></trkpt>
<trkpt lat="47.659151" lon="7.513143"><ele>237.0</ele></trkpt>
<trkpt lat="47.659139" lon="7.513190"><ele>237.0</ele></trkpt>
<trkpt lat="47.659054" lon="7.513156"><ele>237.0</ele></trkpt>
<trkpt lat="47.659011" lon="7.513176"><ele>237.0</ele></trkpt>
<trkpt lat="47.658822" lon="7.513382"><ele>237.0</ele></trkpt>
<trkpt lat="47.658809" lon="7.513356"><ele>237.0</ele></trkpt>
<trkpt lat="47.658419" lon="7.513779"><ele>237.0</ele></trkpt>
<trkpt lat="47.658381" lon="7.513835"><ele>237.0</ele></trkpt>
<trkpt lat="47.658359" lon="7.513894"><ele>237.0</ele></trkpt>
<trkpt lat="47.658343" lon="7.513953"><ele>237.0</ele></trkpt>
<trkpt lat="47.658011" lon="7.514387"><ele>237.0</ele></trkpt>
<trkpt lat="47.657919" lon="7.514408"><ele>237.0</ele></trkpt>
<trkpt lat="47.657803" lon="7.514501"><ele>237.0</ele></trkpt>
<trkpt lat="47.657796" lon="7.514688"><ele>237.0</ele></trkpt>
<trkpt lat="47.657640" lon="7.514806"><ele>237.25</ele></trkpt>
<trkpt lat="47.657526" lon="7.514924"><ele>237.5</ele></trkpt>
<trkpt lat="47.656673" lon="7.515930"><ele>239.25</ele></trkpt>
<trkpt lat="47.655250" lon="7.517592"><ele>244.25</ele></trkpt>
<trkpt lat="47.654960" lon="7.517931"><ele>245.5</ele></trkpt>
<trkpt lat="47.654922" lon="7.518033"><ele>246.0</ele></trkpt>
<trkpt lat="47.654902" lon="7.518145"><ele>246.0</ele></trkpt>
<trkpt lat="47.654913" lon="7.518246"><ele>245.5</ele></trkpt>
<trkpt lat="47.654949" lon="7.518367"><ele>245.0</ele></trkpt>
<trkpt lat="47.654954" lon="7.518382"><ele>245.0</ele></trkpt>
<trkpt lat="47.655825" lon="7.520313"><ele>244.0</ele></trkpt>
<trkpt lat="47.655850" lon="7.520416"><ele>244.5</ele></trkpt>
<trkpt lat="47.655860" lon="7.520454"><ele>244.75</ele></trkpt>
<trkpt lat="47.655861" lon="7.520566"><ele>245.5</ele></trkpt>
<trkpt lat="47.655832" lon="7.520700"><ele>246.0</ele></trkpt>
<trkpt lat="47.655761" lon="7.520817"><ele>246.0</ele></trkpt>
<trkpt lat="47.655404" lon="7.521167"><ele>246.0</ele></trkpt>
<trkpt lat="47.654126" lon="7.522584"><ele>246.0</ele></trkpt>
<trkpt lat="47.652893" lon="7.524050"><ele>246.0</ele></trkpt>
<trkpt lat="47.652820" lon="7.524184"><ele>245.75</ele></trkpt>
<trkpt lat="47.652800" lon="7.524305"><ele>245.75</ele></trkpt>
<trkpt lat="47.652802" lon="7.524437"><ele>245.5</ele></trkpt>
<trkpt lat="47.652839" lon="7.524561"><ele>244.75</ele></trkpt>
<trkpt lat="47.652983" lon="7.524829"><ele>239.5</ele></trkpt>
<trkpt lat="47.653460" lon="7.525709"><ele>238.5</ele></trkpt>
<trkpt lat="47.653528" lon="7.525836"><ele>243.75</ele></trkpt>
<trkpt lat="47.653680" lon="7.526160"><ele>245.75</ele></trkpt>
<trkpt lat="47.653676" lon="7.526283"><ele>245.75</ele></trkpt>
<trkpt lat="47.653659" lon="7.526395"><ele>245.75</ele></trkpt>
<trkpt lat="47.653619" lon="7.526472"><ele>245.5</ele></trkpt>
<trkpt lat="47.652607" lon="7.527922"><ele>244.25</ele></trkpt>
<trkpt lat="47.652482" lon="7.528100"><ele>245.5</ele></trkpt>
<trkpt lat="47.652332" lon="7.528336"><ele>244.75</ele></trkpt>
<trkpt lat="47.652201" lon="7.528499"><ele>244.75</ele></trkpt>
<trkpt lat="47.651704" lon="7.528901"><ele>245.25</ele></trkpt>
<trkpt lat="47.651556" lon="7.529004"><ele>244.75</ele></trkpt>
<trkpt lat="47.651440" lon="7.529083"><ele>245.0</ele></trkpt>
<trkpt lat="47.651346" lon="7.529167"><ele>245.75</ele></trkpt>
<trkpt lat="47.650184" lon="7.530566"><ele>246.0</ele></trkpt>
<trkpt lat="47.650017" lon="7.530720"><ele>245.25</ele></trkpt>
<trkpt lat="47.649803" lon="7.530866"><ele>245.75</ele></trkpt>
<trkpt lat="47.649282" lon="7.531261"><ele>245.5</ele></trkpt>
<trkpt lat="47.649138" lon="7.531398"><ele>245.75</ele></trkpt>
<trkpt lat="47.645881" lon="7.535111"><ele>245.25</ele></trkpt>
<trkpt lat="47.646020" lon="7.535446"><ele>242.25</ele></trkpt>
<trkpt lat="47.645822" lon="7.535804"><ele>240.5</ele></trkpt>
<trkpt lat="47.645541" lon="7.536122"><ele>240.0</ele></trkpt>
<trkpt lat="47.644228" lon="7.537696"><ele>239.5</ele></trkpt>
<trkpt lat="47.643209" lon="7.538918"><ele>239.0</ele></trkpt>
<trkpt lat="47.642466" lon="7.539705"><ele>239.5</ele></trkpt>
<trkpt lat="47.641064" lon="7.541433"><ele>238.5</ele></trkpt>
<trkpt lat="47.640380" lon="7.542307"><ele>239.5</ele></trkpt>
<trkpt lat="47.639707" lon="7.543267"><ele>238.5</ele></trkpt>
<trkpt lat="47.638966" lon="7.544225"><ele>239.0</ele></trkpt>
<trkpt lat="47.638732" lon="7.544479"><ele>239.5</ele></trkpt>
<trkpt lat="47.637857" lon="7.545377"><ele>241.5</ele></trkpt>
<trkpt lat="47.634891" lon="7.549026"><ele>240.25</ele></trkpt>
<trkpt lat="47.633116" lon="7.551314"><ele>239.75</ele></trkpt>
<trkpt lat="47.630865" lon="7.554082"><ele>240.5</ele></trkpt>
<trkpt lat="47.630193" lon="7.554954"><ele>240.25</ele></trkpt>
<trkpt lat="47.627901" lon="7.557783"><ele>242.0</ele></trkpt>
<trkpt lat="47.626637" lon="7.559383"><ele>242.25</ele></trkpt>
<trkpt lat="47.625981" lon="7.560102"><ele>243.5</ele></trkpt>
<trkpt lat="47.625475" lon="7.560773"><ele>243.5</ele></trkpt>
<trkpt lat="47.621967" lon="7.565139"><ele>242.75</ele></trkpt>
<trkpt lat="47.620856" lon="7.566600"><ele>242.25</ele></trkpt>
<trkpt lat="47.620594" lon="7.566838"><ele>243.75</ele></trkpt>
<trkpt lat="47.620503" lon="7.566903"><ele>243.75</ele></trkpt>
<trkpt lat="47.620507" lon="7.566766"><ele>245.0</ele></trkpt>
<trkpt lat="47.620487" lon="7.566654"><ele>245.5</ele></trkpt>
<trkpt lat="47.619569" lon="7.567938"><ele>242.0</ele></trkpt>
<trkpt lat="47.619478" lon="7.568100"></trkpt>
<trkpt lat="47.619375" lon="7.568359"><ele>242.75</ele></trkpt>
<trkpt lat="47.619345" lon="7.568408"><ele>243.0</ele></trkpt>
<trkpt lat="47.619280" lon="7.568518"><ele>244.0</ele></trkpt>
<trkpt lat="47.619034" lon="7.568754"><ele>245.75</ele></trkpt>
<trkpt lat="47.618977" lon="7.568830"><ele>245.75</ele></trkpt>
<trkpt lat="47.618908" lon="7.568922"><ele>245.75</ele></trkpt>
<trkpt lat="47.618845" lon="7.569095"><ele>245.75</ele></trkpt>
<trkpt lat="47.618815" lon="7.569250"><ele>246.0</ele></trkpt>
<trkpt lat="47.618755" lon="7.569519"><ele>246.5</ele></trkpt>
<trkpt lat="47.618767" lon="7.569700"><ele>246.25</ele></trkpt>
<trkpt lat="47.619056" lon="7.571216"><ele>242.0</ele></trkpt>
<trkpt lat="47.619277" lon="7.572336"></trkpt>
<trkpt lat="47.619495" lon="7.573441"><ele>238.75</ele></trkpt>
<trkpt lat="47.619541" lon="7.573651"><ele>244.75</ele></trkpt>
<trkpt lat="47.619594" lon="7.573931"><ele>245.0</ele></trkpt>
<trkpt lat="47.619678" lon="7.573870"><ele>244.75</ele></trkpt>
<trkpt lat="47.620016" lon="7.573500"><ele>240.25</ele></trkpt>
<trkpt lat="47.620099" lon="7.573435"><ele>240.0</ele></trkpt>
<trkpt lat="47.620176" lon="7.573392"><ele>240.0</ele></trkpt>
<trkpt lat="47.620682" lon="7.573239"><ele>239.25</ele></trkpt>
<trkpt lat="47.624072" lon="7.572307"><ele>238.75</ele></trkpt>
<trkpt lat="47.624129" lon="7.572295"><ele>238.75</ele></trkpt>
<trkpt lat="47.624259" lon="7.572250"><ele>238.75</ele></trkpt>
<trkpt lat="47.624584" lon="7.572126"><ele>237.75</ele></trkpt>
<trkpt lat="47.625146" lon="7.571964"><ele>237.75</ele></trkpt>
<trkpt lat="47.626680" lon="7.571498"><ele>236.25</ele></trkpt>
<trkpt lat="47.627781" lon="7.571096"><ele>239.5</ele></trkpt>
<trkpt lat="47.629194" lon="7.570399"><ele>234.5</ele></trkpt>
<trkpt lat="47.630017" lon="7.569904"><ele>232.75</ele></trkpt>
<trkpt lat="47.630094" lon="7.570107"><ele>234.25</ele></trkpt>
<trkpt lat="47.630213" lon="7.570376"><ele>236.25</ele></trkpt>
<trkpt lat="47.630320" lon="7.570705"><ele>238.5</ele></trkpt>
<trkpt lat="47.630431" lon="7.570781"><ele>238.75</ele></trkpt>
<trkpt lat="47.630509" lon="7.570842"><ele>239.0</ele></trkpt>
<trkpt lat="47.630609" lon="7.570834"><ele>238.75</ele></trkpt>
<trkpt lat="47.630833" lon="7.570694"><ele>237.25</ele></trkpt>
<trkpt lat="47.630877" lon="7.570678"><ele>237.25</ele></trkpt>
<trkpt lat="47.630938" lon="7.570681"><ele>237.25</ele></trkpt>
<trkpt lat="47.630994" lon="7.570776"><ele>237.25</ele></trkpt>
<trkpt lat="47.631283" lon="7.571588"><ele>238.75</ele></trkpt>
<trkpt lat="47.631391" lon="7.571796"><ele>239.0</ele></trkpt>
<trkpt lat="47.631551" lon="7.571933"><ele>239.5</ele></trkpt>
<trkpt lat="47.631639" lon="7.571989"><ele>239.75</ele></trkpt>
<trkpt lat="47.631723" lon="7.572026"><ele>240.0</ele></trkpt>
<trkpt lat="47.631990" lon="7.572111"><ele>240.0</ele></trkpt>
<trkpt lat="47.632268" lon="7.572169"><ele>240.0</ele></trkpt>
<trkpt lat="47.632636" lon="7.572262"><ele>240.0</ele></trkpt>
<trkpt lat="47.632740" lon="7.572317"><ele>240.0</ele></trkpt>
<trkpt lat="47.632839" lon="7.572406"><ele>240.0</ele></trkpt>
<trkpt lat="47.632933" lon="7.572516"><ele>240.0</ele></trkpt>
<trkpt lat="47.633033" lon="7.572680"><ele>240.0</ele></trkpt>
<trkpt lat="47.633164" lon="7.573047"><ele>240.25</ele></trkpt>
<trkpt lat="47.633211" lon="7.573290"><ele>240.5</ele></trkpt>
<trkpt lat="47.633249" lon="7.573575"><ele>240.75</ele></trkpt>
<trkpt lat="47.633326" lon="7.573940"><ele>241.0</ele></trkpt>
<trkpt lat="47.633376" lon="7.573946"><ele>241.0</ele></trkpt>
<trkpt lat="47.633398" lon="7.574094"><ele>241.0</ele></trkpt>
<trkpt lat="47.633405" lon="7.574482"><ele>241.25</ele></trkpt>
<trkpt lat="47.633399" lon="7.574920"><ele>242.0</ele></trkpt>
<trkpt lat="47.633304" lon="7.576060"><ele>243.0</ele></trkpt>
<trkpt lat="47.632975" lon="7.576962"><ele>244.0</ele></trkpt>
<trkpt lat="47.632714" lon="7.577708"><ele>245.0</ele></trkpt>
<trkpt lat="47.632498" lon="7.578667"><ele>247.0</ele></trkpt>
<trkpt lat="47.632454" lon="7.578764"><ele>247.25</ele></trkpt>
<trkpt lat="47.632173" lon="7.579098"><ele>249.0</ele></trkpt>
<trkpt lat="47.632368" lon="7.579867"><ele>249.0</ele></trkpt>
<trkpt lat="47.632519" lon="7.580151"><ele>249.25</ele></trkpt>
<trkpt lat="47.632836" lon="7.580676"><ele>249.0</ele></trkpt>
<trkpt lat="47.633046" lon="7.581150"><ele>250.0</ele></trkpt>
<trkpt lat="47.633230" lon="7.581642"><ele>250.0</ele></trkpt>
<trkpt lat="47.633282" lon="7.582046"><ele>250.0</ele></trkpt>
<trkpt lat="47.633287" lon="7.582568"><ele>250.0</ele></trkpt>
<trkpt lat="47.633302" lon="7.582679"><ele>250.0</ele></trkpt>
<trkpt lat="47.633397" lon="7.582669"><ele>250.0</ele></trkpt>
<trkpt lat="47.633801" lon="7.582919"><ele>249.75</ele></trkpt>
<trkpt lat="47.633965" lon="7.583023"><ele>249.75</ele></trkpt>
<trkpt lat="47.634020" lon="7.583055"><ele>249.75</ele></trkpt>
<trkpt lat="47.634237" lon="7.583205"><ele>250.25</ele></trkpt>
<trkpt lat="47.634360" lon="7.583224"><ele>250.5</ele></trkpt>
<trkpt lat="47.634325" lon="7.584063"><ele>252.75</ele></trkpt>
<trkpt lat="47.634326" lon="7.584874"><ele>253.75</ele></trkpt>
<trkpt lat="47.634304" lon="7.585897"><ele>254.0</ele></trkpt>
<trkpt lat="47.634280" lon="7.586247"><ele>254.0</ele></trkpt>
<trkpt lat="47.634166" lon="7.587471"><ele>255.75</ele></trkpt>
<trkpt lat="47.633992" lon="7.588211"><ele>255.25</ele></trkpt>
<trkpt lat="47.633980" lon="7.588268"><ele>255.25</ele></trkpt>
<trkpt lat="47.633871" lon="7.588885"><ele>255.0</ele></trkpt>
<trkpt lat="47.633829" lon="7.589006"><ele>255.0</ele></trkpt>
<trkpt lat="47.633753" lon="7.589135"><ele>255.0</ele></trkpt>
<trkpt lat="47.632847" lon="7.590075"><ele>255.0</ele></trkpt>
<trkpt lat="47.632807" lon="7.590167"><ele>255.0</ele></trkpt>
<trkpt lat="47.632820" lon="7.590297"><ele>255.0</ele></trkpt>
<trkpt lat="47.633003" lon="7.590614"><ele>256.0</ele></trkpt>
<trkpt lat="47.633058" lon="7.590757"><ele>256.0</ele></trkpt>
<trkpt lat="47.633161" lon="7.590968"><ele>256.5</ele></trkpt>
<trkpt lat="47.633203" lon="7.591209"><ele>257.0</ele></trkpt>
<trkpt lat="47.633192" lon="7.591499"><ele>257.25</ele></trkpt>
<trkpt lat="47.633142" lon="7.592324"><ele>258.5</ele></trkpt>
<trkpt lat="47.633061" lon="7.592573"><ele>259.0</ele></trkpt>
<trkpt lat="47.632986" lon="7.593002"><ele>258.75</ele></trkpt>
<trkpt lat="47.632922" lon="7.593646"><ele>259.5</ele></trkpt>
<trkpt lat="47.632433" lon="7.594414"><ele>261.0</ele></trkpt>
<trkpt lat="47.632342" lon="7.594528"><ele>261.5</ele></trkpt>
<trkpt lat="47.632318" lon="7.594692"><ele>261.75</ele></trkpt>
<trkpt lat="47.632303" lon="7.594745"><ele>262.0</ele></trkpt>
<trkpt lat="47.632306" lon="7.594811"><ele>262.0</ele></trkpt>
<trkpt lat="47.632333" lon="7.594972"><ele>262.0</ele></trkpt>
<trkpt lat="47.632335" lon="7.595032"><ele>262.0</ele></trkpt>
<trkpt lat="47.632340" lon="7.595088"><ele>262.0</ele></trkpt>
<trkpt lat="47.632342" lon="7.595111"><ele>262.0</ele></trkpt>
<trkpt lat="47.632349" lon="7.595188"><ele>262.25</ele></trkpt>
<trkpt lat="47.632455" lon="7.595523"><ele>262.75</ele></trkpt>
<trkpt lat="47.632911" lon="7.596004"><ele>264.25</ele></trkpt>
<trkpt lat="47.633490" lon="7.596577"><ele>265.0</ele></trkpt>
<trkpt lat="47.633693" lon="7.596797"><ele>265.0</ele></trkpt>
<trkpt lat="47.633760" lon="7.596869"><ele>265.0</ele></trkpt>
<trkpt lat="47.633963" lon="7.597070"><ele>265.0</ele></trkpt>
<trkpt lat="47.634243" lon="7.597269"><ele>265.0</ele></trkpt>
<trkpt lat="47.634569" lon="7.597445"><ele>265.0</ele></trkpt>
<trkpt lat="47.634660" lon="7.597494"><ele>265.0</ele></trkpt>
<trkpt lat="47.634876" lon="7.597627"><ele>265.0</ele></trkpt>
<trkpt lat="47.635342" lon="7.597912"><ele>265.0</ele></trkpt>
<trkpt lat="47.635323" lon="7.600790"><ele>265.0</ele></trkpt>
<trkpt lat="47.636761" lon="7.601660"><ele>265.25</ele></trkpt>
<trkpt lat="47.635751" lon="7.603059"><ele>266.0</ele></trkpt>
<trkpt lat="47.636194" lon="7.603837"><ele>266.0</ele></trkpt>
<trkpt lat="47.636581" lon="7.604680"><ele>266.25</ele></trkpt>
<trkpt lat="47.636830" lon="7.605261"><ele>267.0</ele></trkpt>
<trkpt lat="47.637525" lon="7.606782"><ele>268.0</ele></trkpt>
<trkpt lat="47.638173" lon="7.608180"><ele>269.0</ele></trkpt>
<trkpt lat="47.638218" lon="7.608237"><ele>269.25</ele></trkpt>
<trkpt lat="47.638279" lon="7.608306"><ele>269.5</ele></trkpt>
<trkpt lat="47.638445" lon="7.608852"><ele>273.0</ele></trkpt>
<trkpt lat="47.638634" lon="7.609535"><ele>278.75</ele></trkpt>
<trkpt lat="47.638779" lon="7.610016"><ele>285.0</ele></trkpt>
<trkpt lat="47.638992" lon="7.610678"><ele>294.25</ele></trkpt>
<trkpt lat="47.638933" lon="7.610733"><ele>294.25</ele></trkpt>
<trkpt lat="47.638805" lon="7.610788"><ele>293.75</ele></trkpt>
<trkpt lat="47.638536" lon="7.610848"><ele>293.0</ele></trkpt>
<trkpt lat="47.638375" lon="7.610901"><ele>293.75</ele></trkpt>
<trkpt lat="47.637862" lon="7.611123"><ele>300.75</ele></trkpt>
<trkpt lat="47.638116" lon="7.612037"><ele>308.75</ele></trkpt>
<trkpt lat="47.638211" lon="7.612420"><ele>312.5</ele></trkpt>
<trkpt lat="47.638548" lon="7.613320"><ele>319.75</ele></trkpt>
<trkpt lat="47.639002" lon="7.614447"><ele>327.25</ele></trkpt>
<trkpt lat="47.639053" lon="7.614555"><ele>328.25</ele></trkpt>
<trkpt lat="47.639094" lon="7.614614"><ele>328.75</ele></trkpt>
<trkpt lat="47.638472" lon="7.615492"><ele>330.25</ele></trkpt>
<trkpt lat="47.638107" lon="7.616084"><ele>329.25</ele></trkpt>
<trkpt lat="47.638919" lon="7.617917"><ele>328.0</ele></trkpt>
<trkpt lat="47.639807" lon="7.619878"><ele>327.0</ele></trkpt>
<trkpt lat="47.641257" lon="7.621033"><ele>335.0</ele></trkpt>
<trkpt lat="47.640810" lon="7.621998"><ele>327.75</ele></trkpt>
<trkpt lat="47.639977" lon="7.623755"><ele>319.75</ele></trkpt>
<trkpt lat="47.639331" lon="7.624609"><ele>311.5</ele></trkpt>
<trkpt lat="47.637644" lon="7.626826"><ele>288.75</ele></trkpt>
<trkpt lat="47.637260" lon="7.627287"><ele>284.0</ele></trkpt>
<trkpt lat="47.637163" lon="7.627410"><ele>283.0</ele></trkpt>
<trkpt lat="47.637300" lon="7.628233"><ele>281.75</ele></trkpt>
<trkpt lat="47.637380" lon="7.628688"><ele>281.0</ele></trkpt>
<trkpt lat="47.637493" lon="7.629002"><ele>281.75</ele></trkpt>
<trkpt lat="47.637474" lon="7.629050"><ele>281.5</ele></trkpt>
<trkpt lat="47.636911" lon="7.629605"><ele>276.25</ele></trkpt>
<trkpt lat="47.636529" lon="7.629976"><ele>274.5</ele></trkpt>
<trkpt lat="47.636699" lon="7.630340"><ele>275.0</ele></trkpt>
<trkpt lat="47.636801" lon="7.630550"><ele>275.0</ele></trkpt>
<trkpt lat="47.637190" lon="7.631360"><ele>275.0</ele></trkpt>
<trkpt lat="47.637254" lon="7.631465"><ele>275.25</ele></trkpt>
<trkpt lat="47.637575" lon="7.631993"><ele>276.5</ele></trkpt>
<trkpt lat="47.638006" lon="7.632579"><ele>277.75</ele></trkpt>
<trkpt lat="47.638353" lon="7.632931"><ele>278.5</ele></trkpt>
<trkpt lat="47.639024" lon="7.633490"><ele>278.25</ele></trkpt>
<trkpt lat="47.639955" lon="7.634158"><ele>278.75</ele></trkpt>
<trkpt lat="47.640238" lon="7.634332"><ele>278.25</ele></trkpt>
<trkpt lat="47.640880" lon="7.634705"><ele>278.0</ele></trkpt>
<trkpt lat="47.641027" lon="7.634745"><ele>278.5</ele></trkpt>
<trkpt lat="47.641177" lon="7.634752"><ele>279.0</ele></trkpt>
<trkpt lat="47.641338" lon="7.634709"><ele>279.75</ele></trkpt>
<trkpt lat="47.641726" lon="7.634618"><ele>281.0</ele></trkpt>
<trkpt lat="47.641832" lon="7.634621"><ele>281.0</ele></trkpt>
<trkpt lat="47.641890" lon="7.634631"><ele>281.25</ele></trkpt>
<trkpt lat="47.642066" lon="7.634673"><ele>281.5</ele></trkpt>
<trkpt lat="47.642227" lon="7.634724"><ele>282.0</ele></trkpt>
<trkpt lat="47.642383" lon="7.634835"><ele>281.75</ele></trkpt>
<trkpt lat="47.642468" lon="7.634922"><ele>281.5</ele></trkpt>
<trkpt lat="47.642508" lon="7.635013"><ele>280.75</ele></trkpt>
<trkpt lat="47.642519" lon="7.635101"><ele>280.5</ele></trkpt>
<trkpt lat="47.642519" lon="7.635225"><ele>280.25</ele></trkpt>
<trkpt lat="47.642471" lon="7.635947"><ele>277.0</ele></trkpt>
<trkpt lat="47.642465" lon="7.636020"><ele>277.0</ele></trkpt>
<trkpt lat="47.642445" lon="7.636200"><ele>277.0</ele></trkpt>
<trkpt lat="47.642444" lon="7.636371"><ele>277.0</ele></trkpt>
<trkpt lat="47.642503" lon="7.636633"><ele>276.75</ele></trkpt>
<trkpt lat="47.642569" lon="7.636542"><ele>277.0</ele></trkpt>
<trkpt lat="47.642482" lon="7.636887"><ele>277.0</ele></trkpt>
<trkpt lat="47.642482" lon="7.637417"><ele>277.0</ele></trkpt>
<trkpt lat="47.642529" lon="7.638395"><ele>278.0</ele></trkpt>
<trkpt lat="47.643012" lon="7.638396"><ele>277.25</ele></trkpt>
<trkpt lat="47.643361" lon="7.638494"><ele>277.0</ele></trkpt>
<trkpt lat="47.643481" lon="7.638556"><ele>277.0</ele></trkpt>
<trkpt lat="47.644645" lon="7.639764"><ele>278.0</ele></trkpt>
<trkpt lat="47.645856" lon="7.641020"><ele>279.0</ele></trkpt>
<trkpt lat="47.645945" lon="7.641182"><ele>279.5</ele></trkpt>
<trkpt lat="47.645400" lon="7.642298"><ele>281.5</ele></trkpt>
<trkpt lat="47.645479" lon="7.642366"><ele>282.0</ele></trkpt>
<trkpt lat="47.645578" lon="7.642500"><ele>283.0</ele></trkpt>
<trkpt lat="47.645853" lon="7.642639"><ele>284.25</ele></trkpt>
<trkpt lat="47.646195" lon="7.642790"><ele>282.5</ele></trkpt>
<trkpt lat="47.647635" lon="7.643336"><ele>282.0</ele></trkpt>
<trkpt lat="47.647906" lon="7.643464"><ele>281.0</ele></trkpt>
<trkpt lat="47.648160" lon="7.643609"><ele>281.5</ele></trkpt>
<trkpt lat="47.648444" lon="7.643820"><ele>281.75</ele></trkpt>
<trkpt lat="47.649024" lon="7.644231"><ele>281.5</ele></trkpt>
<trkpt lat="47.649295" lon="7.644402"><ele>281.25</ele></trkpt>
<trkpt lat="47.649558" lon="7.644593"><ele>281.5</ele></trkpt>
<trkpt lat="47.649631" lon="7.644646"><ele>281.5</ele></trkpt>
<trkpt lat="47.649646" lon="7.644657"><ele>281.75</ele></trkpt>
<trkpt lat="47.649619" lon="7.644725"><ele>282.0</ele></trkpt>
<trkpt lat="47.649570" lon="7.644852"><ele>282.25</ele></trkpt>
<trkpt lat="47.649325" lon="7.645329"><ele>283.5</ele></trkpt>
<trkpt lat="47.649225" lon="7.645566"><ele>284.75</ele></trkpt>
<trkpt lat="47.649170" lon="7.645509"><ele>284.75</ele></trkpt>
<trkpt lat="47.649088" lon="7.645421"><ele>284.75</ele></trkpt>
<trkpt lat="47.648928" lon="7.646058"><ele>286.5</ele></trkpt>
<trkpt lat="47.648451" lon="7.647270"><ele>291.25</ele></trkpt>
<trkpt lat="47.647799" lon="7.647944"><ele>296.5</ele></trkpt>
<trkpt lat="47.647475" lon="7.648349"><ele>298.0</ele></trkpt>
<trkpt lat="47.647107" lon="7.648756"><ele>301.25</ele></trkpt>
<trkpt lat="47.646987" lon="7.649035"><ele>303.0</ele></trkpt>
<trkpt lat="47.646827" lon="7.649370"><ele>305.0</ele></trkpt>
<trkpt lat="47.646748" lon="7.649600"><ele>306.25</ele></trkpt>
<trkpt lat="47.646784" lon="7.649857"><ele>306.75</ele></trkpt>
<trkpt lat="47.646800" lon="7.649906"><ele>306.75</ele></trkpt>
<trkpt lat="47.646846" lon="7.649969"><ele>306.75</ele></trkpt>
<trkpt lat="47.647048" lon="7.650144"><ele>307.0</ele></trkpt>
<trkpt lat="47.648202" lon="7.651092"><ele>308.25</ele></trkpt>
<trkpt lat="47.648021" lon="7.651817"><ele>314.0</ele></trkpt>
<trkpt lat="47.647907" lon="7.652780"><ele>322.0</ele></trkpt>
<trkpt lat="47.647800" lon="7.653114"><ele>325.25</ele></trkpt>
<trkpt lat="47.647383" lon="7.654322"><ele>335.75</ele></trkpt>
<trkpt lat="47.647182" lon="7.654751"><ele>339.25</ele></trkpt>
<trkpt lat="47.647008" lon="7.655004"><ele>341.75</ele></trkpt>
<trkpt lat="47.646767" lon="7.655261"><ele>343.75</ele></trkpt>
<trkpt lat="47.646158" lon="7.656037"><ele>350.25</ele></trkpt>
<trkpt lat="47.645978" lon="7.656485"><ele>355.0</ele></trkpt>
<trkpt lat="47.645736" lon="7.657003"><ele>359.75</ele></trkpt>
<trkpt lat="47.645440" lon="7.657511"><ele>365.0</ele></trkpt>
<trkpt lat="47.645135" lon="7.659022"><ele>376.75</ele></trkpt>
<trkpt lat="47.645060" lon="7.659240"><ele>378.75</ele></trkpt>
<trkpt lat="47.644877" lon="7.659724"><ele>380.25</ele></trkpt>
<trkpt lat="47.644522" lon="7.660570"><ele>383.75</ele></trkpt>
<trkpt lat="47.644182" lon="7.661164"><ele>388.0</ele></trkpt>
<trkpt lat="47.644663" lon="7.661631"><ele>389.75</ele></trkpt>
<trkpt lat="47.644843" lon="7.661760"><ele>389.5</ele></trkpt>
<trkpt lat="47.645091" lon="7.662031"><ele>390.5</ele></trkpt>
<trkpt lat="47.645420" lon="7.662288"><ele>391.5</ele></trkpt>
<trkpt lat="47.645599" lon="7.662503"><ele>392.5</ele></trkpt>
<trkpt lat="47.645837" lon="7.662942"><ele>396.25</ele></trkpt>
<trkpt lat="47.646538" lon="7.664037"><ele>398.0</ele></trkpt>
<trkpt lat="47.646638" lon="7.664139"><ele>398.0</ele></trkpt>
<trkpt lat="47.646829" lon="7.664367"><ele>400.0</ele></trkpt>
<trkpt lat="47.647335" lon="7.664630"><ele>404.75</ele></trkpt>
<trkpt lat="47.647660" lon="7.664892"><ele>407.75</ele></trkpt>
<trkpt lat="47.647814" lon="7.665000"><ele>409.0</ele></trkpt>
<trkpt lat="47.648190" lon="7.665163"><ele>413.0</ele></trkpt>
<trkpt lat="47.648419" lon="7.665289"><ele>415.0</ele></trkpt>
<trkpt lat="47.649091" lon="7.665898"><ele>420.75</ele></trkpt>
<trkpt lat="47.649597" lon="7.666569"><ele>422.0</ele></trkpt>
<trkpt lat="47.650230" lon="7.667409"><ele>425.5</ele></trkpt>
<trkpt lat="47.650688" lon="7.668195"><ele>430.0</ele></trkpt>
<trkpt lat="47.651360" lon="7.668276"><ele>430.0</ele></trkpt>
<trkpt lat="47.651615" lon="7.668298"><ele>430.0</ele></trkpt>
<trkpt lat="47.651773" lon="7.668289"><ele>430.0</ele></trkpt>
<trkpt lat="47.651826" lon="7.668255"><ele>430.0</ele></trkpt>
<trkpt lat="47.651893" lon="7.668346"><ele>430.0</ele></trkpt>
<trkpt lat="47.652005" lon="7.668604"><ele>429.75</ele></trkpt>
<trkpt lat="47.652187" lon="7.668735"><ele>428.5</ele></trkpt>
<trkpt lat="47.652366" lon="7.668781"><ele>428.25</ele></trkpt>
<trkpt lat="47.652350" lon="7.669122"><ele>427.0</ele></trkpt>
<trkpt lat="47.652323" lon="7.669380"><ele>425.25</ele></trkpt>
<trkpt lat="47.652245" lon="7.669610"><ele>423.0</ele></trkpt>
<trkpt lat="47.651805" lon="7.670710"><ele>416.75</ele></trkpt>
<trkpt lat="47.651649" lon="7.671027"><ele>414.75</ele></trkpt>
<trkpt lat="47.651614" lon="7.671110"><ele>414.25</ele></trkpt>
<trkpt lat="47.651775" lon="7.672072"><ele>415.75</ele></trkpt>
<trkpt lat="47.651880" lon="7.672914"><ele>415.5</ele></trkpt>
<trkpt lat="47.652192" lon="7.673399"><ele>416.25</ele></trkpt>
<trkpt lat="47.651798" lon="7.673710"><ele>411.0</ele></trkpt>
<trkpt lat="47.650555" lon="7.674742"><ele>395.75</ele></trkpt>
<trkpt lat="47.649843" lon="7.675308"><ele>386.25</ele></trkpt>
<trkpt lat="47.649648" lon="7.675417"><ele>382.25</ele></trkpt>
<trkpt lat="47.649653" lon="7.674810"><ele>385.25</ele></trkpt>
<trkpt lat="47.649516" lon="7.673905"><ele>387.5</ele></trkpt>
<trkpt lat="47.649405" lon="7.673485"><ele>387.75</ele></trkpt>
<trkpt lat="47.649390" lon="7.673194"><ele>387.5</ele></trkpt>
<trkpt lat="47.649635" lon="7.672682"><ele>388.75</ele></trkpt>
<trkpt lat="47.649665" lon="7.672565"><ele>388.75</ele></trkpt>
<trkpt lat="47.649664" lon="7.672488"><ele>389.0</ele></trkpt>
<trkpt lat="47.649630" lon="7.672417"><ele>390.0</ele></trkpt>
<trkpt lat="47.649506" lon="7.672393"><ele>390.0</ele></trkpt>
<trkpt lat="47.649116" lon="7.672399"><ele>389.0</ele></trkpt>
<trkpt lat="47.648704" lon="7.672217"><ele>388.5</ele></trkpt>
<trkpt lat="47.648360" lon="7.672016"><ele>388.25</ele></trkpt>
<trkpt lat="47.647855" lon="7.671520"><ele>388.0</ele></trkpt>
<trkpt lat="47.647767" lon="7.671465"><ele>387.5</ele></trkpt>
<trkpt lat="47.647659" lon="7.671489"><ele>388.25</ele></trkpt>
<trkpt lat="47.647522" lon="7.671638"><ele>387.25</ele></trkpt>
<trkpt lat="47.647320" lon="7.671821"><ele>387.5</ele></trkpt>
<trkpt lat="47.647142" lon="7.671896"><ele>388.0</ele></trkpt>
<trkpt lat="47.646098" lon="7.671963"><ele>389.75</ele></trkpt>
<trkpt lat="47.645489" lon="7.672133"><ele>393.5</ele></trkpt>
<trkpt lat="47.645307" lon="7.672275"><ele>394.0</ele></trkpt>
<trkpt lat="47.645138" lon="7.672561"><ele>390.5</ele></trkpt>
<trkpt lat="47.644993" lon="7.672990"><ele>388.0</ele></trkpt>
<trkpt lat="47.644900" lon="7.673385"><ele>386.0</ele></trkpt>
<trkpt lat="47.644895" lon="7.673806"><ele>385.0</ele></trkpt>
<trkpt lat="47.644753" lon="7.673704"><ele>385.0</ele></trkpt>
<trkpt lat="47.644675" lon="7.673638"><ele>384.75</ele></trkpt>
<trkpt lat="47.643498" lon="7.672417"><ele>360.5</ele></trkpt>
<trkpt lat="47.643440" lon="7.672386"><ele>359.25</ele></trkpt>
<trkpt lat="47.643381" lon="7.672395"><ele>358.0</ele></trkpt>
<trkpt lat="47.642522" lon="7.672647"><ele>343.75</ele></trkpt>
<trkpt lat="47.642387" lon="7.672672"><ele>341.75</ele></trkpt>
<trkpt lat="47.642249" lon="7.672673"><ele>339.5</ele></trkpt>
<trkpt lat="47.642114" lon="7.672575"><ele>336.75</ele></trkpt>
<trkpt lat="47.641965" lon="7.672386"><ele>334.5</ele></trkpt>
<trkpt lat="47.641663" lon="7.672152"><ele>333.75</ele></trkpt>
<trkpt lat="47.641034" lon="7.673148"><ele>325.25</ele></trkpt>
<trkpt lat="47.640780" lon="7.673497"><ele>321.5</ele></trkpt>
<trkpt lat="47.640385" lon="7.673846"><ele>317.25</ele></trkpt>
<trkpt lat="47.640170" lon="7.673993"><ele>315.75</ele></trkpt>
<trkpt lat="47.639906" lon="7.674101"><ele>314.0</ele></trkpt>
<trkpt lat="47.639697" lon="7.674105"><ele>312.25</ele></trkpt>
<trkpt lat="47.639582" lon="7.674068"><ele>311.5</ele></trkpt>
<trkpt lat="47.639474" lon="7.674044"><ele>310.5</ele></trkpt>
<trkpt lat="47.639388" lon="7.674037"><ele>310.0</ele></trkpt>
<trkpt lat="47.639291" lon="7.674058"><ele>309.0</ele></trkpt>
<trkpt lat="47.639156" lon="7.674118"><ele>308.0</ele></trkpt>
<trkpt lat="47.638694" lon="7.672943"><ele>309.5</ele></trkpt>
<trkpt lat="47.638510" lon="7.672560"><ele>309.5</ele></trkpt>
<trkpt lat="47.638487" lon="7.672513"><ele>309.5</ele></trkpt>
<trkpt lat="47.638370" lon="7.672322"><ele>309.0</ele></trkpt>
<trkpt lat="47.638232" lon="7.672171"><ele>308.5</ele></trkpt>
<trkpt lat="47.638068" lon="7.672024"><ele>307.75</ele></trkpt>
<trkpt lat="47.637886" lon="7.671920"><ele>306.75</ele></trkpt>
<trkpt lat="47.637719" lon="7.671850"><ele>305.75</ele></trkpt>
<trkpt lat="47.637536" lon="7.671837"><ele>304.5</ele></trkpt>
<trkpt lat="47.637423" lon="7.671560"><ele>305.0</ele></trkpt>
<trkpt lat="47.637408" lon="7.671530"><ele>304.75</ele></trkpt>
<trkpt lat="47.637242" lon="7.671259"><ele>304.5</ele></trkpt>
<trkpt lat="47.637076" lon="7.670990"><ele>305.0</ele></trkpt>
<trkpt lat="47.636920" lon="7.670722"><ele>305.5</ele></trkpt>
<trkpt lat="47.636765" lon="7.670466"><ele>306.25</ele></trkpt>
<trkpt lat="47.636697" lon="7.670370"><ele>306.5</ele></trkpt>
<trkpt lat="47.636674" lon="7.670330"><ele>306.5</ele></trkpt>
<trkpt lat="47.636313" lon="7.670050"><ele>306.5</ele></trkpt>
<trkpt lat="47.636188" lon="7.669932"><ele>306.75</ele></trkpt>
<trkpt lat="47.635790" lon="7.669595"><ele>307.75</ele></trkpt>
<trkpt lat="47.635711" lon="7.669419"><ele>308.75</ele></trkpt>
<trkpt lat="47.635582" lon="7.669273"><ele>309.5</ele></trkpt>
<trkpt lat="47.635370" lon="7.669025"><ele>311.75</ele></trkpt>
<trkpt lat="47.635280" lon="7.668961"><ele>311.5</ele></trkpt>
<trkpt lat="47.635240" lon="7.668957"><ele>311.25</ele></trkpt>
<trkpt lat="47.635181" lon="7.668973"><ele>310.25</ele></trkpt>
<trkpt lat="47.634937" lon="7.668774"><ele>310.5</ele></trkpt>
<trkpt lat="47.634859" lon="7.668755"><ele>309.75</ele></trkpt>
<trkpt lat="47.634786" lon="7.668775"><ele>308.5</ele></trkpt>
<trkpt lat="47.634537" lon="7.669073"><ele>303.25</ele></trkpt>
<trkpt lat="47.634461" lon="7.669115"><ele>302.25</ele></trkpt>
<trkpt lat="47.634440" lon="7.669127"><ele>302.0</ele></trkpt>
<trkpt lat="47.634327" lon="7.668501"><ele>303.25</ele></trkpt>
<trkpt lat="47.634269" lon="7.668179"><ele>305.25</ele></trkpt>
<trkpt lat="47.634113" lon="7.667781"><ele>307.25</ele></trkpt>
<trkpt lat="47.633871" lon="7.667395"><ele>307.25</ele></trkpt>
<trkpt lat="47.633643" lon="7.667168"><ele>305.75</ele></trkpt>
<trkpt lat="47.633468" lon="7.667072"><ele>305.25</ele></trkpt>
<trkpt lat="47.633172" lon="7.666983"><ele>304.25</ele></trkpt>
<trkpt lat="47.633023" lon="7.666800"><ele>305.75</ele></trkpt>
<trkpt lat="47.632873" lon="7.666620"><ele>307.0</ele></trkpt>
<trkpt lat="47.632759" lon="7.666458"><ele>307.0</ele></trkpt>
<trkpt lat="47.632715" lon="7.666382"><ele>306.75</ele></trkpt>
<trkpt lat="47.632679" lon="7.666289"><ele>306.75</ele></trkpt>
<trkpt lat="47.632660" lon="7.666190"><ele>307.25</ele></trkpt>
<trkpt lat="47.632665" lon="7.666077"><ele>308.0</ele></trkpt>
<trkpt lat="47.632727" lon="7.664917"><ele>310.25</ele></trkpt>
<trkpt lat="47.632799" lon="7.664291"><ele>310.5</ele></trkpt>
<trkpt lat="47.632863" lon="7.663978"><ele>311.0</ele></trkpt>
<trkpt lat="47.632876" lon="7.663707"><ele>311.0</ele></trkpt>
<trkpt lat="47.632863" lon="7.663555"><ele>311.0</ele></trkpt>
<trkpt lat="47.632787" lon="7.663180"><ele>310.75</ele></trkpt>
<trkpt lat="47.632752" lon="7.662971"><ele>310.25</ele></trkpt>
<trkpt lat="47.632686" lon="7.662278"><ele>312.25</ele></trkpt>
<trkpt lat="47.632714" lon="7.661849"><ele>315.0</ele></trkpt>
<trkpt lat="47.632708" lon="7.661823"><ele>315.0</ele></trkpt>
<trkpt lat="47.632676" lon="7.661779"><ele>314.5</ele></trkpt>
<trkpt lat="47.632609" lon="7.661742"><ele>313.5</ele></trkpt>
<trkpt lat="47.632589" lon="7.661721"><ele>313.25</ele></trkpt>
<trkpt lat="47.632576" lon="7.661660"><ele>313.25</ele></trkpt>
<trkpt lat="47.632574" lon="7.661329"><ele>315.25</ele></trkpt>
<trkpt lat="47.632541" lon="7.661466"><ele>314.0</ele></trkpt>
<trkpt lat="47.632497" lon="7.661592"><ele>312.25</ele></trkpt>
<trkpt lat="47.632460" lon="7.661621"><ele>311.25</ele></trkpt>
<trkpt lat="47.632422" lon="7.661619"><ele>310.5</ele></trkpt>
<trkpt lat="47.632371" lon="7.661573"><ele>310.0</ele></trkpt>
<trkpt lat="47.632249" lon="7.661259"><ele>310.25</ele></trkpt>
<trkpt lat="47.631842" lon="7.660321"><ele>312.75</ele></trkpt>
<trkpt lat="47.631552" lon="7.659549"><ele>312.75</ele></trkpt>
<trkpt lat="47.631266" lon="7.658946"><ele>309.5</ele></trkpt>
<trkpt lat="47.630978" lon="7.658359"><ele>307.25</ele></trkpt>
<trkpt lat="47.630881" lon="7.658213"><ele>307.25</ele></trkpt>
<trkpt lat="47.630819" lon="7.658179"><ele>307.0</ele></trkpt>
<trkpt lat="47.630821" lon="7.658143"><ele>307.25</ele></trkpt>
<trkpt lat="47.630804" lon="7.658051"><ele>307.75</ele></trkpt>
<trkpt lat="47.630793" lon="7.658025"><ele>308.0</ele></trkpt>
<trkpt lat="47.630784" lon="7.658003"><ele>308.0</ele></trkpt>
<trkpt lat="47.630141" lon="7.657283"><ele>308.75</ele></trkpt>
<trkpt lat="47.629511" lon="7.656578"><ele>307.5</ele></trkpt>
<trkpt lat="47.629396" lon="7.656353"><ele>307.5</ele></trkpt>
<trkpt lat="47.629327" lon="7.656103"><ele>308.25</ele></trkpt>
<trkpt lat="47.629310" lon="7.655957"><ele>308.75</ele></trkpt>
<trkpt lat="47.629228" lon="7.655906"><ele>308.0</ele></trkpt>
<trkpt lat="47.629139" lon="7.655789"><ele>308.0</ele></trkpt>
<trkpt lat="47.629101" lon="7.655729"><ele>308.5</ele></trkpt>
<trkpt lat="47.628816" lon="7.655531"><ele>308.25</ele></trkpt>
<trkpt lat="47.628707" lon="7.655416"><ele>308.0</ele></trkpt>
<trkpt lat="47.628131" lon="7.654692"><ele>306.75</ele></trkpt>
<trkpt lat="47.627978" lon="7.654419"><ele>307.25</ele></trkpt>
<trkpt lat="47.627924" lon="7.654396"><ele>306.75</ele></trkpt>
<trkpt lat="47.627676" lon="7.654278"><ele>305.75</ele></trkpt>
<trkpt lat="47.627613" lon="7.654247"><ele>305.75</ele></trkpt>
<trkpt lat="47.627496" lon="7.654107"><ele>306.0</ele></trkpt>
<trkpt lat="47.627412" lon="7.654123"><ele>305.75</ele></trkpt>
<trkpt lat="47.627096" lon="7.654020"><ele>305.0</ele></trkpt>
<trkpt lat="47.627017" lon="7.654010"><ele>304.75</ele></trkpt>
<trkpt lat="47.626968" lon="7.653819"><ele>305.5</ele></trkpt>
<trkpt lat="47.626951" lon="7.653754"><ele>305.75</ele></trkpt>
<trkpt lat="47.626666" lon="7.653766"><ele>305.75</ele></trkpt>
<trkpt lat="47.626387" lon="7.653818"><ele>306.5</ele></trkpt>
<trkpt lat="47.626313" lon="7.653838"><ele>306.25</ele></trkpt>
<trkpt lat="47.626237" lon="7.653838"><ele>306.25</ele></trkpt>
<trkpt lat="47.626105" lon="7.653800"><ele>306.5</ele></trkpt>
<trkpt lat="47.626005" lon="7.653727"><ele>306.75</ele></trkpt>
<trkpt lat="47.625934" lon="7.653700"><ele>306.5</ele></trkpt>
<trkpt lat="47.625882" lon="7.653709"><ele>306.25</ele></trkpt>
<trkpt lat="47.625833" lon="7.653738"><ele>306.0</ele></trkpt>
<trkpt lat="47.625803" lon="7.653795"><ele>305.5</ele></trkpt>
<trkpt lat="47.625753" lon="7.654000"><ele>303.5</ele></trkpt>
<trkpt lat="47.625528" lon="7.653936"><ele>303.5</ele></trkpt>
<trkpt lat="47.625298" lon="7.653847"><ele>304.25</ele></trkpt>
<trkpt lat="47.625054" lon="7.653670"><ele>302.25</ele></trkpt>
<trkpt lat="47.624826" lon="7.653485"><ele>301.0</ele></trkpt>
<trkpt lat="47.624685" lon="7.653322"><ele>300.5</ele></trkpt>
<trkpt lat="47.624278" lon="7.652713"><ele>301.25</ele></trkpt>
<trkpt lat="47.624111" lon="7.652510"><ele>301.0</ele></trkpt>
<trkpt lat="47.623912" lon="7.652413"><ele>299.25</ele></trkpt>
<trkpt lat="47.623696" lon="7.652412"><ele>296.75</ele></trkpt>
<trkpt lat="47.623596" lon="7.651871"><ele>301.5</ele></trkpt>
<trkpt lat="47.623574" lon="7.651619"><ele>303.75</ele></trkpt>
<trkpt lat="47.623570" lon="7.651292"><ele>306.75</ele></trkpt>
<trkpt lat="47.623591" lon="7.651055"><ele>309.5</ele></trkpt>
<trkpt lat="47.623627" lon="7.650818"><ele>312.0</ele></trkpt>
<trkpt lat="47.623734" lon="7.650546"><ele>314.75</ele></trkpt>
<trkpt lat="47.623600" lon="7.650463"><ele>314.75</ele></trkpt>
<trkpt lat="47.623393" lon="7.650237"><ele>316.5</ele></trkpt>
<trkpt lat="47.623265" lon="7.650062"><ele>317.25</ele></trkpt>
<trkpt lat="47.622981" lon="7.649768"><ele>318.25</ele></trkpt>
<trkpt lat="47.622865" lon="7.649722"><ele>318.25</ele></trkpt>
<trkpt lat="47.622829" lon="7.649707"><ele>318.25</ele></trkpt>
<trkpt lat="47.622499" lon="7.649649"><ele>318.75</ele></trkpt>
<trkpt lat="47.621011" lon="7.649752"><ele>326.0</ele></trkpt>
<trkpt lat="47.620497" lon="7.649599"><ele>327.75</ele></trkpt>
<trkpt lat="47.619979" lon="7.649421"><ele>328.0</ele></trkpt>
<trkpt lat="47.618855" lon="7.649064"><ele>330.5</ele></trkpt>
<trkpt lat="47.618445" lon="7.648935"><ele>331.0</ele></trkpt>
<trkpt lat="47.617551" lon="7.648671"><ele>333.25</ele></trkpt>
<trkpt lat="47.617251" lon="7.648614"><ele>334.75</ele></trkpt>
<trkpt lat="47.616954" lon="7.648545"><ele>335.75</ele></trkpt>
<trkpt lat="47.616653" lon="7.648490"><ele>337.25</ele></trkpt>
<trkpt lat="47.616354" lon="7.648451"><ele>336.25</ele></trkpt>
<trkpt lat="47.616053" lon="7.648436"><ele>333.75</ele></trkpt>
<trkpt lat="47.615344" lon="7.648364"><ele>331.75</ele></trkpt>
<trkpt lat="47.614862" lon="7.648276"><ele>332.25</ele></trkpt>
<trkpt lat="47.614246" lon="7.648175"><ele>332.5</ele></trkpt>
<trkpt lat="47.613935" lon="7.648217"><ele>332.25</ele></trkpt>
<trkpt lat="47.613863" lon="7.648234"><ele>332.0</ele></trkpt>
<trkpt lat="47.613687" lon="7.648225"><ele>332.75</ele></trkpt>
<trkpt lat="47.613178" lon="7.648137"><ele>335.0</ele></trkpt>
<trkpt lat="47.613095" lon="7.648112"><ele>335.25</ele></trkpt>
<trkpt lat="47.612637" lon="7.647818"><ele>341.0</ele></trkpt>
<trkpt lat="47.612548" lon="7.647791"><ele>342.25</ele></trkpt>
<trkpt lat="47.610478" lon="7.647823"><ele>349.75</ele></trkpt>
<trkpt lat="47.610357" lon="7.647787"><ele>350.5</ele></trkpt>
<trkpt lat="47.610274" lon="7.647753"><ele>351.0</ele></trkpt>
<trkpt lat="47.609650" lon="7.647425"><ele>357.25</ele></trkpt>
<trkpt lat="47.609247" lon="7.647321"><ele>361.0</ele></trkpt>
<trkpt lat="47.608285" lon="7.647124"><ele>365.0</ele></trkpt>
<trkpt lat="47.608212" lon="7.647116"><ele>364.75</ele></trkpt>
<trkpt lat="47.608124" lon="7.647120"><ele>364.5</ele></trkpt>
<trkpt lat="47.607751" lon="7.647191"><ele>363.75</ele></trkpt>
<trkpt lat="47.607574" lon="7.647225"><ele>364.25</ele></trkpt>
<trkpt lat="47.607470" lon="7.647235"><ele>364.75</ele></trkpt>
<trkpt lat="47.607235" lon="7.647213"><ele>365.0</ele></trkpt>
<trkpt lat="47.605690" lon="7.646682"><ele>364.5</ele></trkpt>
<trkpt lat="47.605092" lon="7.646369"><ele>368.0</ele></trkpt>
<trkpt lat="47.604848" lon="7.646263"><ele>367.75</ele></trkpt>
<trkpt lat="47.604602" lon="7.646139"><ele>367.75</ele></trkpt>
<trkpt lat="47.604451" lon="7.646134"><ele>366.75</ele></trkpt>
<trkpt lat="47.604155" lon="7.645933"><ele>367.75</ele></trkpt>
<trkpt lat="47.603966" lon="7.645772"><ele>368.5</ele></trkpt>
<trkpt lat="47.603844" lon="7.645602"><ele>369.5</ele></trkpt>
<trkpt lat="47.603720" lon="7.645470"><ele>370.0</ele></trkpt>
<trkpt lat="47.603683" lon="7.645438"><ele>370.0</ele></trkpt>
<trkpt lat="47.603632" lon="7.645400"><ele>370.0</ele></trkpt>
<trkpt lat="47.603524" lon="7.645343"><ele>370.0</ele></trkpt>
<trkpt lat="47.603252" lon="7.645246"><ele>369.75</ele></trkpt>
<trkpt lat="47.602928" lon="7.645105"><ele>370.5</ele></trkpt>
<trkpt lat="47.602795" lon="7.645046"><ele>370.5</ele></trkpt>
<trkpt lat="47.602604" lon="7.644961"><ele>371.25</ele></trkpt>
<trkpt lat="47.602523" lon="7.644921"><ele>371.5</ele></trkpt>
<trkpt lat="47.602361" lon="7.644841"><ele>371.5</ele></trkpt>
<trkpt lat="47.602307" lon="7.644806"><ele>371.5</ele></trkpt>
<trkpt lat="47.602158" lon="7.644668"><ele>372.0</ele></trkpt>
<trkpt lat="47.601831" lon="7.645131"><ele>367.5</ele></trkpt>
<trkpt lat="47.601479" lon="7.645656"><ele>361.5</ele></trkpt>
<trkpt lat="47.601383" lon="7.645774"><ele>359.75</ele></trkpt>
<trkpt lat="47.601332" lon="7.645814"><ele>359.25</ele></trkpt>
<trkpt lat="47.601290" lon="7.645840"><ele>358.75</ele></trkpt>
<trkpt lat="47.600949" lon="7.645882"><ele>358.75</ele></trkpt>
<trkpt lat="47.600766" lon="7.645875"><ele>359.25</ele></trkpt>
<trkpt lat="47.599939" lon="7.645844"><ele>358.0</ele></trkpt>
<trkpt lat="47.599825" lon="7.645816"><ele>357.25</ele></trkpt>
<trkpt lat="47.599713" lon="7.645750"><ele>357.0</ele></trkpt>
<trkpt lat="47.599430" lon="7.645518"><ele>357.0</ele></trkpt>
<trkpt lat="47.599144" lon="7.645312"><ele>356.75</ele></trkpt>
<trkpt lat="47.598925" lon="7.645180"><ele>355.25</ele></trkpt>
<trkpt lat="47.598679" lon="7.645002"><ele>355.5</ele></trkpt>
<trkpt lat="47.598258" lon="7.644947"><ele>352.25</ele></trkpt>
<trkpt lat="47.597986" lon="7.644843"><ele>352.0</ele></trkpt>
<trkpt lat="47.597814" lon="7.644774"><ele>351.25</ele></trkpt>
<trkpt lat="47.597175" lon="7.644553"><ele>350.25</ele></trkpt>
<trkpt lat="47.596528" lon="7.644392"><ele>349.75</ele></trkpt>
<trkpt lat="47.596377" lon="7.645061"><ele>342.0</ele></trkpt>
<trkpt lat="47.596232" lon="7.645007"><ele>341.0</ele></trkpt>
<trkpt lat="47.596175" lon="7.644916"><ele>341.75</ele></trkpt>
<trkpt lat="47.596144" lon="7.644845"><ele>342.5</ele></trkpt>
<trkpt lat="47.596107" lon="7.644783"><ele>343.0</ele></trkpt>
<trkpt lat="47.595777" lon="7.644472"><ele>340.0</ele></trkpt>
<trkpt lat="47.595705" lon="7.644358"><ele>338.75</ele></trkpt>
<trkpt lat="47.595568" lon="7.644048"><ele>337.5</ele></trkpt>
<trkpt lat="47.595292" lon="7.643477"><ele>337.75</ele></trkpt>
<trkpt lat="47.595277" lon="7.643371"><ele>337.75</ele></trkpt>
<trkpt lat="47.595269" lon="7.643258"><ele>338.0</ele></trkpt>
<trkpt lat="47.595175" lon="7.643108"><ele>337.75</ele></trkpt>
<trkpt lat="47.594804" lon="7.642557"><ele>335.75</ele></trkpt>
<trkpt lat="47.594075" lon="7.641432"><ele>325.5</ele></trkpt>
<trkpt lat="47.594010" lon="7.641328"><ele>324.0</ele></trkpt>
<trkpt lat="47.593962" lon="7.641202"><ele>322.75</ele></trkpt>
<trkpt lat="47.593944" lon="7.641048"><ele>321.75</ele></trkpt>
<trkpt lat="47.593948" lon="7.640884"><ele>319.75</ele></trkpt>
<trkpt lat="47.593976" lon="7.640505"><ele>317.5</ele></trkpt>
<trkpt lat="47.593988" lon="7.640119"><ele>314.0</ele></trkpt>
<trkpt lat="47.593987" lon="7.639858"><ele>312.0</ele></trkpt>
<trkpt lat="47.593994" lon="7.639594"><ele>310.75</ele></trkpt>
<trkpt lat="47.594017" lon="7.639413"><ele>310.5</ele></trkpt>
<trkpt lat="47.594067" lon="7.639133"><ele>310.5</ele></trkpt>
<trkpt lat="47.594076" lon="7.639043"><ele>310.25</ele></trkpt>
<trkpt lat="47.594072" lon="7.638599"><ele>307.75</ele></trkpt>
<trkpt lat="47.593948" lon="7.638613"><ele>305.25</ele></trkpt>
<trkpt lat="47.593894" lon="7.638629"><ele>304.0</ele></trkpt>
<trkpt lat="47.593830" lon="7.638683"><ele>303.5</ele></trkpt>
<trkpt lat="47.593733" lon="7.638788"><ele>302.5</ele></trkpt>
<trkpt lat="47.593646" lon="7.638915"><ele>301.5</ele></trkpt>
<trkpt lat="47.593435" lon="7.639406"><ele>297.0</ele></trkpt>
<trkpt lat="47.593358" lon="7.639607"><ele>294.75</ele></trkpt>
<trkpt lat="47.593179" lon="7.640226"><ele>291.25</ele></trkpt>
<trkpt lat="47.593169" lon="7.640484"><ele>292.0</ele></trkpt>
<trkpt lat="47.593157" lon="7.640553"><ele>291.75</ele></trkpt>
<trkpt lat="47.593120" lon="7.640601"><ele>291.0</ele></trkpt>
<trkpt lat="47.593009" lon="7.640677"><ele>288.25</ele></trkpt>
<trkpt lat="47.592864" lon="7.639770"><ele>285.0</ele></trkpt>
<trkpt lat="47.592632" lon="7.639778"><ele>282.75</ele></trkpt>
<trkpt lat="47.592167" lon="7.639787"><ele>280.0</ele></trkpt>
<trkpt lat="47.592145" lon="7.639787"><ele>280.0</ele></trkpt>
<trkpt lat="47.592100" lon="7.639639"><ele>280.5</ele></trkpt>
<trkpt lat="47.592042" lon="7.639591"><ele>280.75</ele></trkpt>
<trkpt lat="47.591795" lon="7.638948"><ele>280.75</ele></trkpt>
<trkpt lat="47.591669" lon="7.638617"><ele>281.0</ele></trkpt>
<trkpt lat="47.591609" lon="7.638432"><ele>281.0</ele></trkpt>
<trkpt lat="47.591561" lon="7.638177"><ele>281.0</ele></trkpt>
<trkpt lat="47.591560" lon="7.638083"><ele>280.75</ele></trkpt>
<trkpt lat="47.591497" lon="7.638049"><ele>281.0</ele></trkpt>
<trkpt lat="47.591160" lon="7.637758"><ele>280.0</ele></trkpt>
<trkpt lat="47.590454" lon="7.637108"><ele>280.25</ele></trkpt>
<trkpt lat="47.589846" lon="7.636352"><ele>280.0</ele></trkpt>
<trkpt lat="47.589544" lon="7.635973"><ele>280.5</ele></trkpt>
<trkpt lat="47.589283" lon="7.635470"><ele>280.0</ele></trkpt>
<trkpt lat="47.589065" lon="7.634877"><ele>279.0</ele></trkpt>
<trkpt lat="47.588928" lon="7.634391"><ele>278.0</ele></trkpt>
<trkpt lat="47.588847" lon="7.633865"><ele>278.0</ele></trkpt>
<trkpt lat="47.588810" lon="7.633407"><ele>278.0</ele></trkpt>
<trkpt lat="47.588798" lon="7.633279"><ele>278.0</ele></trkpt>
<trkpt lat="47.588797" lon="7.632976"><ele>278.0</ele></trkpt>
<trkpt lat="47.588821" lon="7.632530"><ele>278.0</ele></trkpt>
<trkpt lat="47.588053" lon="7.632642"><ele>277.25</ele></trkpt>
<trkpt lat="47.587950" lon="7.632626"><ele>277.25</ele></trkpt>
<trkpt lat="47.587766" lon="7.632523"><ele>278.0</ele></trkpt>
<trkpt lat="47.587682" lon="7.632497"></trkpt>
<trkpt lat="47.587233" lon="7.632405"><ele>276.75</ele></trkpt>
<trkpt lat="47.587147" lon="7.632407"><ele>277.75</ele></trkpt>
<trkpt lat="47.587103" lon="7.632423"><ele>278.0</ele></trkpt>
<trkpt lat="47.587062" lon="7.632449"><ele>278.25</ele></trkpt>
<trkpt lat="47.586968" lon="7.632551"><ele>279.0</ele></trkpt>
<trkpt lat="47.586924" lon="7.632583"><ele>279.25</ele></trkpt>
<trkpt lat="47.586848" lon="7.632615"><ele>279.0</ele></trkpt>
<trkpt lat="47.586361" lon="7.632721"><ele>275.75</ele></trkpt>
<trkpt lat="47.586185" lon="7.632703"><ele>274.25</ele></trkpt>
<trkpt lat="47.585568" lon="7.632472"><ele>275.0</ele></trkpt>
<trkpt lat="47.585159" lon="7.632301"><ele>271.25</ele></trkpt>
<trkpt lat="47.585046" lon="7.632245"><ele>269.5</ele></trkpt>
<trkpt lat="47.584886" lon="7.632099"><ele>266.0</ele></trkpt>
<trkpt lat="47.584710" lon="7.631867"><ele>264.0</ele></trkpt>
<trkpt lat="47.584466" lon="7.631457"><ele>262.75</ele></trkpt>
<trkpt lat="47.584357" lon="7.631258"><ele>262.75</ele></trkpt>
<trkpt lat="47.584314" lon="7.631164"><ele>262.5</ele></trkpt>
<trkpt lat="47.584263" lon="7.630933"><ele>262.5</ele></trkpt>
<trkpt lat="47.584220" lon="7.630827"><ele>262.75</ele></trkpt>
<trkpt lat="47.584125" lon="7.630651"><ele>263.0</ele></trkpt>
<trkpt lat="47.583603" lon="7.629997"><ele>262.0</ele></trkpt>
<trkpt lat="47.583288" lon="7.629610"><ele>261.5</ele></trkpt>
<trkpt lat="47.582951" lon="7.629169"><ele>261.25</ele></trkpt>
<trkpt lat="47.582350" lon="7.628345"><ele>261.5</ele></trkpt>
<trkpt lat="47.582068" lon="7.627942"><ele>262.0</ele></trkpt>
<trkpt lat="47.581966" lon="7.627782"><ele>262.75</ele></trkpt>
<trkpt lat="47.581829" lon="7.627669"><ele>262.75</ele></trkpt>
<trkpt lat="47.581754" lon="7.627667"><ele>262.25</ele></trkpt>
<trkpt lat="47.581638" lon="7.627679"><ele>262.0</ele></trkpt>
<trkpt lat="47.581531" lon="7.627617"><ele>262.0</ele></trkpt>
<trkpt lat="47.581491" lon="7.627455"><ele>262.0</ele></trkpt>
<trkpt lat="47.581478" lon="7.627364"><ele>262.0</ele></trkpt>
<trkpt lat="47.581470" lon="7.627264"><ele>262.0</ele></trkpt>
<trkpt lat="47.581488" lon="7.627154"><ele>262.0</ele></trkpt>
<trkpt lat="47.581551" lon="7.626993"><ele>262.0</ele></trkpt>
<trkpt lat="47.581862" lon="7.626396"><ele>261.25</ele></trkpt>
<trkpt lat="47.581891" lon="7.626289"><ele>261.25</ele></trkpt>
<trkpt lat="47.581889" lon="7.626216"><ele>261.5</ele></trkpt>
<trkpt lat="47.581828" lon="7.625733"><ele>261.0</ele></trkpt>
<trkpt lat="47.581747" lon="7.625307"><ele>261.0</ele></trkpt>
<trkpt lat="47.581676" lon="7.625019"><ele>261.0</ele></trkpt>
<trkpt lat="47.581537" lon="7.624651"><ele>261.0</ele></trkpt>
<trkpt lat="47.581463" lon="7.624430"><ele>260.75</ele></trkpt>
<trkpt lat="47.581378" lon="7.624277"><ele>261.0</ele></trkpt>
<trkpt lat="47.581233" lon="7.624072"><ele>260.75</ele></trkpt>
<trkpt lat="47.581110" lon="7.623948"><ele>261.0</ele></trkpt>
<trkpt lat="47.581006" lon="7.623856"><ele>260.75</ele></trkpt>
<trkpt lat="47.580874" lon="7.623771"><ele>260.75</ele></trkpt>
<trkpt lat="47.580420" lon="7.623452"><ele>260.0</ele></trkpt>
<trkpt lat="47.580324" lon="7.623407"><ele>259.75</ele></trkpt>
<trkpt lat="47.580279" lon="7.623340"><ele>260.0</ele></trkpt>
<trkpt lat="47.580266" lon="7.623168"><ele>260.0</ele></trkpt>
<trkpt lat="47.580257" lon="7.623002"><ele>260.0</ele></trkpt>
<trkpt lat="47.580155" lon="7.622053"><ele>259.5</ele></trkpt>
<trkpt lat="47.580104" lon="7.621801"><ele>259.5</ele></trkpt>
<trkpt lat="47.579984" lon="7.621476"><ele>259.25</ele></trkpt>
<trkpt lat="47.579940" lon="7.621317"><ele>259.0</ele></trkpt>
<trkpt lat="47.579895" lon="7.621080"><ele>259.0</ele></trkpt>
<trkpt lat="47.579825" lon="7.620779"><ele>259.0</ele></trkpt>
<trkpt lat="47.579617" lon="7.620268"><ele>258.75</ele></trkpt>
<trkpt lat="47.579428" lon="7.620416"><ele>259.0</ele></trkpt>
<trkpt lat="47.579149" lon="7.620560"><ele>259.0</ele></trkpt>
<trkpt lat="47.578936" lon="7.620645"><ele>258.75</ele></trkpt>
<trkpt lat="47.578155" lon="7.620772"><ele>258.0</ele></trkpt>
<trkpt lat="47.578057" lon="7.620778"><ele>258.0</ele></trkpt>
<trkpt lat="47.578000" lon="7.620812"><ele>258.0</ele></trkpt>
<trkpt lat="47.577953" lon="7.620882"><ele>257.75</ele></trkpt>
<trkpt lat="47.577929" lon="7.620986"><ele>257.5</ele></trkpt>
<trkpt lat="47.577905" lon="7.621054"><ele>257.5</ele></trkpt>
<trkpt lat="47.577880" lon="7.621113"><ele>257.5</ele></trkpt>
<trkpt lat="47.577834" lon="7.621131"><ele>257.75</ele></trkpt>
<trkpt lat="47.577787" lon="7.621135"><ele>257.75</ele></trkpt>
<trkpt lat="47.576942" lon="7.619310"><ele>257.5</ele></trkpt>
<trkpt lat="47.576817" lon="7.619104"><ele>257.0</ele></trkpt>
<trkpt lat="47.576777" lon="7.619037"><ele>257.0</ele></trkpt>
<trkpt lat="47.576767" lon="7.618985"><ele>257.0</ele></trkpt>
<trkpt lat="47.576751" lon="7.618877"><ele>257.25</ele></trkpt>
<trkpt lat="47.576710" lon="7.618614"><ele>257.75</ele></trkpt>
<trkpt lat="47.576681" lon="7.618457"><ele>258.0</ele></trkpt>
<trkpt lat="47.576639" lon="7.618109"><ele>257.5</ele></trkpt>
<trkpt lat="47.576601" lon="7.617804"><ele>257.25</ele></trkpt>
<trkpt lat="47.576289" lon="7.614761"><ele>255.25</ele></trkpt>
<trkpt lat="47.576101" lon="7.612765"><ele>256.75</ele></trkpt>
<trkpt lat="47.576097" lon="7.612728"><ele>256.5</ele></trkpt>
<trkpt lat="47.576077" lon="7.612104"><ele>255.25</ele></trkpt>
<trkpt lat="47.576047" lon="7.611840"><ele>254.75</ele></trkpt>
<trkpt lat="47.575995" lon="7.611448"><ele>254.5</ele></trkpt>
<trkpt lat="47.575927" lon="7.610942"><ele>254.0</ele></trkpt>
<trkpt lat="47.575846" lon="7.610056"><ele>255.75</ele></trkpt>
<trkpt lat="47.575829" lon="7.609808"><ele>255.75</ele></trkpt>
<trkpt lat="47.575832" lon="7.609602"><ele>255.75</ele></trkpt>
<trkpt lat="47.575788" lon="7.609389"><ele>255.25</ele></trkpt>
<trkpt lat="47.575599" lon="7.607510"><ele>253.75</ele></trkpt>
<trkpt lat="47.575321" lon="7.604601"><ele>252.75</ele></trkpt>
<trkpt lat="47.575261" lon="7.603987"><ele>252.75</ele></trkpt>
<trkpt lat="47.575171" lon="7.603039"><ele>252.25</ele></trkpt>
<trkpt lat="47.575177" lon="7.602866"><ele>253.5</ele></trkpt>
<trkpt lat="47.575132" lon="7.602262"><ele>254.0</ele></trkpt>
<trkpt lat="47.575103" lon="7.601983"><ele>252.25</ele></trkpt>
<trkpt lat="47.575081" lon="7.601872"><ele>252.25</ele></trkpt>
<trkpt lat="47.575060" lon="7.601793"><ele>252.0</ele></trkpt>
<trkpt lat="47.575043" lon="7.601617"><ele>252.25</ele></trkpt>
<trkpt lat="47.575058" lon="7.601512"><ele>252.5</ele></trkpt>
<trkpt lat="47.575006" lon="7.601543"><ele>252.25</ele></trkpt>
<trkpt lat="47.574557" lon="7.601838"><ele>252.25</ele></trkpt>
<trkpt lat="47.574525" lon="7.601857"><ele>252.5</ele></trkpt>
<trkpt lat="47.574509" lon="7.601676"><ele>253.0</ele></trkpt>
<trkpt lat="47.574512" lon="7.601522"><ele>253.0</ele></trkpt>
<trkpt lat="47.574535" lon="7.601224"><ele>252.5</ele></trkpt>
<trkpt lat="47.574509" lon="7.600644"><ele>252.25</ele></trkpt>
<trkpt lat="47.574477" lon="7.599997"><ele>251.5</ele></trkpt>
<trkpt lat="47.574453" lon="7.599484"><ele>251.25</ele></trkpt>
<trkpt lat="47.574424" lon="7.598850"><ele>251.25</ele></trkpt>
<trkpt lat="47.574364" lon="7.598354"><ele>252.75</ele></trkpt>
<trkpt lat="47.574361" lon="7.598203"><ele>253.0</ele></trkpt>
<trkpt lat="47.574134" lon="7.598146"><ele>255.0</ele></trkpt>
<trkpt lat="47.574082" lon="7.598143"><ele>255.0</ele></trkpt>
<trkpt lat="47.574017" lon="7.598157"><ele>255.0</ele></trkpt>
<trkpt lat="47.573925" lon="7.598199"><ele>255.0</ele></trkpt>
<trkpt lat="47.573901" lon="7.598201"><ele>255.0</ele></trkpt>
<trkpt lat="47.573872" lon="7.598176"><ele>255.0</ele></trkpt>
<trkpt lat="47.573843" lon="7.598113"><ele>255.0</ele></trkpt>
<trkpt lat="47.573759" lon="7.598114"><ele>255.0</ele></trkpt>
<trkpt lat="47.573695" lon="7.598115"><ele>255.0</ele></trkpt>
<trkpt lat="47.573655" lon="7.598125"><ele>255.0</ele></trkpt>
<trkpt lat="47.573602" lon="7.598161"><ele>255.0</ele></trkpt>
<trkpt lat="47.573567" lon="7.598170"><ele>255.0</ele></trkpt>
<trkpt lat="47.573523" lon="7.598166"><ele>255.0</ele></trkpt>
<trkpt lat="47.572429" lon="7.597964"><ele>255.0</ele></trkpt>
<trkpt lat="47.572038" lon="7.597881"><ele>255.0</ele></trkpt>
<trkpt lat="47.571952" lon="7.597839"><ele>255.0</ele></trkpt>
<trkpt lat="47.571973" lon="7.597578"><ele>255.0</ele></trkpt>
<trkpt lat="47.571959" lon="7.597442"><ele>255.0</ele></trkpt>
<trkpt lat="47.571947" lon="7.597410"><ele>255.0</ele></trkpt>
<trkpt lat="47.571602" lon="7.596466"><ele>255.0</ele></trkpt>
<trkpt lat="47.571524" lon="7.596480"><ele>255.0</ele></trkpt>
<trkpt lat="47.570295" lon="7.596334"><ele>255.0</ele></trkpt>
<trkpt lat="47.570281" lon="7.596333"><ele>255.0</ele></trkpt>
<trkpt lat="47.570268" lon="7.596331"><ele>255.0</ele></trkpt>
<trkpt lat="47.570206" lon="7.596324"><ele>255.25</ele></trkpt>
<trkpt lat="47.570058" lon="7.596312"><ele>255.75</ele></trkpt>
<trkpt lat="47.569628" lon="7.596256"><ele>256.0</ele></trkpt>
<trkpt lat="47.569405" lon="7.596282"><ele>256.0</ele></trkpt>
<trkpt lat="47.568886" lon="7.596347"><ele>256.0</ele></trkpt>
<trkpt lat="47.568407" lon="7.596403"><ele>256.0</ele></trkpt>
<trkpt lat="47.568136" lon="7.596437"><ele>256.0</ele></trkpt>
<trkpt lat="47.568005" lon="7.596453"><ele>256.0</ele></trkpt>
<trkpt lat="47.567820" lon="7.594991"><ele>256.0</ele></trkpt>
<trkpt lat="47.567090" lon="7.595164"><ele>256.0</ele></trkpt>
<trkpt lat="47.567061" lon="7.595170"><ele>256.0</ele></trkpt>
<trkpt lat="47.567004" lon="7.595185"><ele>256.0</ele></trkpt>
<trkpt lat="47.566931" lon="7.595205"><ele>256.0</ele></trkpt>
<trkpt lat="47.566866" lon="7.595222"><ele>256.0</ele></trkpt>
<trkpt lat="47.566678" lon="7.595265"><ele>256.0</ele></trkpt>
<trkpt lat="47.566179" lon="7.595384"><ele>256.0</ele></trkpt>
<trkpt lat="47.565500" lon="7.595557"><ele>256.0</ele></trkpt>
<trkpt lat="47.565439" lon="7.595555"><ele>256.0</ele></trkpt>
<trkpt lat="47.564864" lon="7.595539"><ele>256.0</ele></trkpt>
<trkpt lat="47.564651" lon="7.595571"><ele>256.25</ele></trkpt>
<trkpt lat="47.564580" lon="7.595582"><ele>256.5</ele></trkpt>
<trkpt lat="47.564213" lon="7.595767"><ele>257.0</ele></trkpt>
<trkpt lat="47.564144" lon="7.595530"><ele>257.0</ele></trkpt>
<trkpt lat="47.563964" lon="7.594953"><ele>256.25</ele></trkpt>
<trkpt lat="47.563920" lon="7.594814"><ele>256.0</ele></trkpt>
<trkpt lat="47.563820" lon="7.594492"><ele>256.0</ele></trkpt>
<trkpt lat="47.563610" lon="7.593834"><ele>255.0</ele></trkpt>
<trkpt lat="47.563546" lon="7.593636"><ele>255.0</ele></trkpt>
<trkpt lat="47.563490" lon="7.593472"><ele>255.0</ele></trkpt>
<trkpt lat="47.563444" lon="7.593328"><ele>254.75</ele></trkpt>
<trkpt lat="47.563175" lon="7.592469"><ele>254.0</ele></trkpt>
<trkpt lat="47.563067" lon="7.592098"><ele>254.0</ele></trkpt>
<trkpt lat="47.563036" lon="7.591990"><ele>254.0</ele></trkpt>
<trkpt lat="47.563031" lon="7.591973"><ele>254.0</ele></trkpt>
<trkpt lat="47.563026" lon="7.591957"><ele>254.0</ele></trkpt>
<trkpt lat="47.562981" lon="7.591802"><ele>254.0</ele></trkpt>
<trkpt lat="47.562971" lon="7.591768"><ele>254.0</ele></trkpt>
<trkpt lat="47.562787" lon="7.591135"><ele>253.0</ele></trkpt>
<trkpt lat="47.562684" lon="7.590795"><ele>251.75</ele></trkpt>
<trkpt lat="47.562636" lon="7.590710"><ele>252.0</ele></trkpt>
<trkpt lat="47.562435" lon="7.590843"><ele>252.0</ele></trkpt>
<trkpt lat="47.562408" lon="7.590858"><ele>252.0</ele></trkpt>
<trkpt lat="47.562098" lon="7.591028"><ele>252.25</ele></trkpt>
<trkpt lat="47.562076" lon="7.590918"><ele>252.0</ele></trkpt>
<trkpt lat="47.561470" lon="7.590720"><ele>251.0</ele></trkpt>
<trkpt lat="47.561317" lon="7.590792"><ele>251.25</ele></trkpt>
<trkpt lat="47.561280" lon="7.590797"><ele>251.25</ele></trkpt>
<trkpt lat="47.561056" lon="7.590976"><ele>251.5</ele></trkpt>
<trkpt lat="47.560940" lon="7.591090"><ele>252.0</ele></trkpt>
<trkpt lat="47.560921" lon="7.591111"><ele>252.0</ele></trkpt>
<trkpt lat="47.560877" lon="7.591161"><ele>252.0</ele></trkpt>
<trkpt lat="47.560864" lon="7.591177"><ele>252.0</ele></trkpt>
<trkpt lat="47.560694" lon="7.590808"><ele>252.5</ele></trkpt>
<trkpt lat="47.560638" lon="7.590693"><ele>250.0</ele></trkpt>
<trkpt lat="47.560580" lon="7.590754"><ele>250.75</ele></trkpt>
<trkpt lat="47.560569" lon="7.590732"><ele>250.0</ele></trkpt>
<trkpt lat="47.560133" lon="7.589854"><ele>247.5</ele></trkpt>
</trkseg></trk></gpx>
