<?xml version="1.0" encoding="UTF-8"?>
<!-- track-length = 76819 filtered ascend = 560 plain-ascend = 0 cost=205123 energy=.0kwh time=10m 20s AUTO selected ISO_GREEDY (score 0.891) after 1 candidate(s) in 1841ms. short shared stem near start/end: 126m -->
<gpx
 xmlns="http://www.topografix.com/GPX/1/1"
 xmlns:xsi="http://www.w3.org/2001/XMLSchema-instance"
 xsi:schemaLocation="http://www.topografix.com/GPX/1/1 http://www.topografix.com/GPX/1/1/gpx.xsd"
 creator="BRouter-null" version="1.1">
 <trk>
  <name>unset</name>
  <trkseg>
   <trkpt lon="7.589854" lat="47.560133"><ele>248.75</ele></trkpt>
   <trkpt lon="7.590732" lat="47.560569"><ele>250.0</ele></trkpt>
   <trkpt lon="7.590754" lat="47.560580"><ele>250.75</ele></trkpt>
   <trkpt lon="7.590693" lat="47.560638"><ele>250.0</ele></trkpt>
   <trkpt lon="7.588712" lat="47.559653"><ele>249.75</ele></trkpt>
   <trkpt lon="7.588624" lat="47.559632"><ele>252.0</ele></trkpt>
   <trkpt lon="7.588560" lat="47.559629"><ele>252.25</ele></trkpt>
   <trkpt lon="7.588516" lat="47.559631"><ele>252.5</ele></trkpt>
   <trkpt lon="7.588443" lat="47.559647"><ele>252.5</ele></trkpt>
   <trkpt lon="7.588340" lat="47.559694"><ele>252.75</ele></trkpt>
   <trkpt lon="7.588131" lat="47.559834"><ele>251.75</ele></trkpt>
   <trkpt lon="7.588026" lat="47.559883"><ele>252.25</ele></trkpt>
   <trkpt lon="7.587947" lat="47.559911"><ele>252.0</ele></trkpt>
   <trkpt lon="7.587849" lat="47.559946"><ele>252.0</ele></trkpt>
   <trkpt lon="7.587828" lat="47.559956"><ele>252.0</ele></trkpt>
   <trkpt lon="7.587709" lat="47.560022"><ele>252.0</ele></trkpt>
   <trkpt lon="7.587652" lat="47.560076"><ele>252.0</ele></trkpt>
   <trkpt lon="7.587456" lat="47.560314"><ele>252.75</ele></trkpt>
   <trkpt lon="7.587433" lat="47.560343"><ele>252.75</ele></trkpt>
   <trkpt lon="7.587271" lat="47.560570"><ele>252.75</ele></trkpt>
   <trkpt lon="7.587210" lat="47.560664"><ele>253.25</ele></trkpt>
   <trkpt lon="7.587099" lat="47.560783"><ele>254.25</ele></trkpt>
   <trkpt lon="7.587017" lat="47.560855"><ele>254.5</ele></trkpt>
   <trkpt lon="7.586837" lat="47.560981"><ele>255.5</ele></trkpt>
   <trkpt lon="7.586791" lat="47.561012"><ele>255.75</ele></trkpt>
   <trkpt lon="7.586552" lat="47.561166"><ele>256.0</ele></trkpt>
   <trkpt lon="7.586387" lat="47.561283"><ele>257.0</ele></trkpt>
   <trkpt lon="7.586286" lat="47.561372"><ele>257.25</ele></trkpt>
   <trkpt lon="7.586255" lat="47.561403"><ele>257.25</ele></trkpt>
   <trkpt lon="7.586234" lat="47.561427"><ele>257.25</ele></trkpt>
   <trkpt lon="7.586191" lat="47.561473"><ele>257.5</ele></trkpt>
   <trkpt lon="7.586180" lat="47.561486"><ele>257.5</ele></trkpt>
   <trkpt lon="7.586131" lat="47.561547"><ele>257.75</ele></trkpt>
   <trkpt lon="7.586117" lat="47.561535"><ele>257.75</ele></trkpt>
   <trkpt lon="7.585921" lat="47.561368"><ele>258.0</ele></trkpt>
   <trkpt lon="7.585774" lat="47.561271"><ele>258.25</ele></trkpt>
   <trkpt lon="7.585693" lat="47.561213"><ele>258.5</ele></trkpt>
   <trkpt lon="7.585370" lat="47.560874"><ele>260.25</ele></trkpt>
   <trkpt lon="7.585192" lat="47.560645"><ele>261.25</ele></trkpt>
   <trkpt lon="7.585131" lat="47.560564"><ele>261.25</ele></trkpt>
   <trkpt lon="7.585095" lat="47.560517"><ele>261.5</ele></trkpt>
   <trkpt lon="7.584802" lat="47.560052"><ele>264.75</ele></trkpt>
   <trkpt lon="7.584760" lat="47.559985"><ele>265.0</ele></trkpt>
   <trkpt lon="7.582706" lat="47.560615"><ele>265.0</ele></trkpt>
   <trkpt lon="7.582379" lat="47.560715"><ele>265.0</ele></trkpt>
   <trkpt lon="7.581874" lat="47.560870"><ele>265.0</ele></trkpt>
   <trkpt lon="7.581298" lat="47.561030"><ele>265.0</ele></trkpt>
   <trkpt lon="7.581150" lat="47.560672"><ele>266.25</ele></trkpt>
   <trkpt lon="7.580875" lat="47.560129"><ele>267.75</ele></trkpt>
   <trkpt lon="7.580792" lat="47.559965"><ele>268.0</ele></trkpt>
   <trkpt lon="7.580302" lat="47.560080"><ele>268.5</ele></trkpt>
   <trkpt lon="7.580199" lat="47.560185"><ele>268.25</ele></trkpt>
   <trkpt lon="7.580182" lat="47.560223"><ele>268.0</ele></trkpt>
   <trkpt lon="7.580184" lat="47.560241"><ele>268.0</ele></trkpt>
   <trkpt lon="7.580198" lat="47.560293"><ele>268.0</ele></trkpt>
   <trkpt lon="7.580140" lat="47.560308"><ele>268.0</ele></trkpt>
   <trkpt lon="7.579996" lat="47.560338"><ele>268.0</ele></trkpt>
   <trkpt lon="7.579936" lat="47.560293"><ele>268.0</ele></trkpt>
   <trkpt lon="7.579894" lat="47.560278"><ele>268.25</ele></trkpt>
   <trkpt lon="7.579851" lat="47.560271"><ele>268.5</ele></trkpt>
   <trkpt lon="7.579801" lat="47.560272"><ele>268.5</ele></trkpt>
   <trkpt lon="7.579712" lat="47.560289"><ele>268.75</ele></trkpt>
   <trkpt lon="7.579002" lat="47.560840"><ele>267.75</ele></trkpt>
   <trkpt lon="7.578500" lat="47.561218"><ele>268.0</ele></trkpt>
   <trkpt lon="7.578196" lat="47.561474"><ele>268.25</ele></trkpt>
   <trkpt lon="7.577554" lat="47.562083"><ele>268.25</ele></trkpt>
   <trkpt lon="7.576259" lat="47.563276"><ele>267.5</ele></trkpt>
   <trkpt lon="7.575612" lat="47.562840"><ele>268.75</ele></trkpt>
   <trkpt lon="7.574232" lat="47.561954"><ele>271.0</ele></trkpt>
   <trkpt lon="7.574207" lat="47.561938"><ele>271.0</ele></trkpt>
   <trkpt lon="7.574099" lat="47.561936"><ele>271.0</ele></trkpt>
   <trkpt lon="7.574018" lat="47.561943"><ele>271.0</ele></trkpt>
   <trkpt lon="7.573970" lat="47.561921"><ele>271.0</ele></trkpt>
   <trkpt lon="7.573947" lat="47.561911"><ele>271.0</ele></trkpt>
   <trkpt lon="7.573940" lat="47.561907"><ele>271.0</ele></trkpt>
   <trkpt lon="7.573916" lat="47.561896"><ele>271.0</ele></trkpt>
   <trkpt lon="7.573914" lat="47.561896"><ele>271.0</ele></trkpt>
   <trkpt lon="7.573883" lat="47.561881"><ele>271.0</ele></trkpt>
   <trkpt lon="7.573768" lat="47.561830"><ele>271.0</ele></trkpt>
   <trkpt lon="7.573703" lat="47.561803"><ele>271.25</ele></trkpt>
   <trkpt lon="7.573644" lat="47.561768"><ele>271.5</ele></trkpt>
   <trkpt lon="7.573447" lat="47.561627"><ele>272.0</ele></trkpt>
   <trkpt lon="7.573206" lat="47.561432"><ele>272.75</ele></trkpt>
   <trkpt lon="7.572772" lat="47.561098"><ele>275.0</ele></trkpt>
   <trkpt lon="7.571453" lat="47.561737"><ele>274.5</ele></trkpt>
   <trkpt lon="7.570796" lat="47.562052"><ele>274.5</ele></trkpt>
   <trkpt lon="7.570062" lat="47.562404"><ele>273.75</ele></trkpt>
   <trkpt lon="7.569942" lat="47.562463"><ele>273.25</ele></trkpt>
   <trkpt lon="7.569840" lat="47.562514"><ele>273.5</ele></trkpt>
   <trkpt lon="7.569087" lat="47.562898"><ele>273.5</ele></trkpt>
   <trkpt lon="7.568370" lat="47.563211"><ele>273.5</ele></trkpt>
   <trkpt lon="7.567270" lat="47.562169"><ele>275.25</ele></trkpt>
   <trkpt lon="7.566671" lat="47.561601"><ele>276.0</ele></trkpt>
   <trkpt lon="7.566636" lat="47.561528"><ele>276.0</ele></trkpt>
   <trkpt lon="7.566635" lat="47.561442"><ele>276.0</ele></trkpt>
   <trkpt lon="7.566103" lat="47.561431"><ele>276.0</ele></trkpt>
   <trkpt lon="7.565333" lat="47.561414"><ele>276.0</ele></trkpt>
   <trkpt lon="7.564525" lat="47.561364"><ele>276.0</ele></trkpt>
   <trkpt lon="7.564473" lat="47.561361"><ele>276.0</ele></trkpt>
   <trkpt lon="7.564339" lat="47.561354"><ele>276.0</ele></trkpt>
   <trkpt lon="7.564172" lat="47.561339"><ele>276.0</ele></trkpt>
   <trkpt lon="7.564116" lat="47.561333"><ele>276.0</ele></trkpt>
   <trkpt lon="7.563368" lat="47.561244"><ele>276.0</ele></trkpt>
   <trkpt lon="7.563225" lat="47.561221"><ele>276.0</ele></trkpt>
   <trkpt lon="7.563131" lat="47.561193"><ele>276.0</ele></trkpt>
   <trkpt lon="7.562800" lat="47.561106"><ele>275.0</ele></trkpt>
   <trkpt lon="7.562246" lat="47.560953"><ele>276.0</ele></trkpt>
   <trkpt lon="7.561961" lat="47.560877"><ele>275.0</ele></trkpt>
   <trkpt lon="7.561502" lat="47.560754"><ele>275.25</ele></trkpt>
   <trkpt lon="7.561173" lat="47.560670"><ele>275.0</ele></trkpt>
   <trkpt lon="7.560403" lat="47.560491"><ele>275.5</ele></trkpt>
   <trkpt lon="7.559989" lat="47.560404"><ele>275.25</ele></trkpt>
   <trkpt lon="7.559897" lat="47.560385"><ele>275.5</ele></trkpt>
   <trkpt lon="7.559691" lat="47.560335"><ele>275.75</ele></trkpt>
   <trkpt lon="7.559429" lat="47.560272"><ele>276.0</ele></trkpt>
   <trkpt lon="7.559183" lat="47.560201"><ele>276.0</ele></trkpt>
   <trkpt lon="7.559047" lat="47.560153"><ele>275.75</ele></trkpt>
   <trkpt lon="7.558861" lat="47.560074"><ele>275.5</ele></trkpt>
   <trkpt lon="7.558468" lat="47.559851"><ele>276.0</ele></trkpt>
   <trkpt lon="7.558421" lat="47.559816"><ele>276.0</ele></trkpt>
   <trkpt lon="7.557883" lat="47.559474"><ele>276.0</ele></trkpt>
   <trkpt lon="7.557768" lat="47.559395"><ele>276.0</ele></trkpt>
   <trkpt lon="7.557321" lat="47.559098"><ele>275.75</ele></trkpt>
   <trkpt lon="7.556830" lat="47.558764"><ele>276.0</ele></trkpt>
   <trkpt lon="7.556708" lat="47.558697"><ele>276.0</ele></trkpt>
   <trkpt lon="7.556354" lat="47.558505"><ele>275.75</ele></trkpt>
   <trkpt lon="7.555986" lat="47.558301"><ele>275.5</ele></trkpt>
   <trkpt lon="7.555640" lat="47.558142"><ele>275.5</ele></trkpt>
   <trkpt lon="7.555370" lat="47.558017"><ele>275.5</ele></trkpt>
   <trkpt lon="7.555092" lat="47.557889"><ele>275.5</ele></trkpt>
   <trkpt lon="7.554983" lat="47.557835"><ele>275.25</ele></trkpt>
   <trkpt lon="7.554715" lat="47.557703"><ele>275.75</ele></trkpt>
   <trkpt lon="7.554680" lat="47.557686"><ele>275.75</ele></trkpt>
   <trkpt lon="7.554027" lat="47.557380"><ele>276.0</ele></trkpt>
   <trkpt lon="7.553115" lat="47.556952"><ele>276.0</ele></trkpt>
   <trkpt lon="7.553006" lat="47.556901"><ele>276.0</ele></trkpt>
   <trkpt lon="7.552990" lat="47.556894"><ele>276.0</ele></trkpt>
   <trkpt lon="7.552528" lat="47.556677"><ele>276.0</ele></trkpt>
   <trkpt lon="7.552254" lat="47.556574"><ele>276.0</ele></trkpt>
   <trkpt lon="7.551859" lat="47.556385"><ele>276.0</ele></trkpt>
   <trkpt lon="7.551744" lat="47.556299"><ele>276.0</ele></trkpt>
   <trkpt lon="7.551124" lat="47.556014"><ele>276.0</ele></trkpt>
   <trkpt lon="7.550625" lat="47.555778"><ele>276.0</ele></trkpt>
   <trkpt lon="7.550522" lat="47.555729"><ele>276.0</ele></trkpt>
   <trkpt lon="7.549547" lat="47.555273"><ele>276.0</ele></trkpt>
   <trkpt lon="7.549003" lat="47.555019"><ele>275.75</ele></trkpt>
   <trkpt lon="7.548447" lat="47.554747"><ele>276.0</ele></trkpt>
   <trkpt lon="7.547810" lat="47.554434"><ele>276.0</ele></trkpt>
   <trkpt lon="7.547751" lat="47.554405"><ele>276.0</ele></trkpt>
   <trkpt lon="7.547420" lat="47.554244"><ele>276.0</ele></trkpt>
   <trkpt lon="7.547334" lat="47.554202"><ele>276.0</ele></trkpt>
   <trkpt lon="7.546967" lat="47.554023"><ele>276.75</ele></trkpt>
   <trkpt lon="7.546444" lat="47.553769"><ele>277.25</ele></trkpt>
   <trkpt lon="7.546318" lat="47.553709"><ele>277.25</ele></trkpt>
   <trkpt lon="7.545714" lat="47.553432"><ele>277.0</ele></trkpt>
   <trkpt lon="7.545229" lat="47.553201"><ele>277.25</ele></trkpt>
   <trkpt lon="7.544839" lat="47.553016"><ele>278.0</ele></trkpt>
   <trkpt lon="7.544822" lat="47.552997"><ele>278.0</ele></trkpt>
   <trkpt lon="7.544694" lat="47.552873"><ele>278.0</ele></trkpt>
   <trkpt lon="7.544568" lat="47.552714"><ele>278.0</ele></trkpt>
   <trkpt lon="7.544071" lat="47.553093"><ele>278.25</ele></trkpt>
   <trkpt lon="7.543730" lat="47.553186"><ele>279.0</ele></trkpt>
   <trkpt lon="7.543483" lat="47.553015"><ele>279.0</ele></trkpt>
   <trkpt lon="7.543456" lat="47.553056"><ele>279.0</ele></trkpt>
   <trkpt lon="7.543352" lat="47.553044"><ele>279.0</ele></trkpt>
   <trkpt lon="7.543264" lat="47.553027"><ele>279.0</ele></trkpt>
   <trkpt lon="7.543203" lat="47.553015"><ele>279.0</ele></trkpt>
   <trkpt lon="7.543202" lat="47.552988"><ele>279.0</ele></trkpt>
   <trkpt lon="7.543177" lat="47.552964"><ele>279.0</ele></trkpt>
   <trkpt lon="7.543058" lat="47.552947"><ele>279.0</ele></trkpt>
   <trkpt lon="7.542810" lat="47.552967"><ele>279.5</ele></trkpt>
   <trkpt lon="7.542471" lat="47.553007"><ele>280.75</ele></trkpt>
   <trkpt lon="7.542090" lat="47.553012"><ele>280.75</ele></trkpt>
   <trkpt lon="7.541643" lat="47.552945"><ele>280.5</ele></trkpt>
   <trkpt lon="7.540052" lat="47.552448"><ele>281.5</ele></trkpt>
   <trkpt lon="7.539814" lat="47.552339"><ele>281.25</ele></trkpt>
   <trkpt lon="7.539388" lat="47.552109"><ele>281.5</ele></trkpt>
   <trkpt lon="7.539348" lat="47.552084"><ele>281.5</ele></trkpt>
   <trkpt lon="7.538920" lat="47.551887"><ele>282.5</ele></trkpt>
   <trkpt lon="7.538569" lat="47.551773"><ele>282.0</ele></trkpt>
   <trkpt lon="7.537924" lat="47.551603"><ele>282.75</ele></trkpt>
   <trkpt lon="7.537871" lat="47.551614"><ele>282.75</ele></trkpt>
   <trkpt lon="7.537530" lat="47.551522"><ele>283.0</ele></trkpt>
   <trkpt lon="7.537465" lat="47.551504"><ele>283.0</ele></trkpt>
   <trkpt lon="7.537407" lat="47.551496"><ele>283.0</ele></trkpt>
   <trkpt lon="7.537338" lat="47.551491"><ele>283.0</ele></trkpt>
   <trkpt lon="7.537329" lat="47.551732"><ele>283.0</ele></trkpt>
   <trkpt lon="7.537303" lat="47.551803"><ele>283.0</ele></trkpt>
   <trkpt lon="7.537174" lat="47.551966"><ele>283.0</ele></trkpt>
   <trkpt lon="7.536930" lat="47.552225"><ele>282.75</ele></trkpt>
   <trkpt lon="7.536852" lat="47.552303"><ele>282.5</ele></trkpt>
   <trkpt lon="7.536757" lat="47.552342"><ele>282.5</ele></trkpt>
   <trkpt lon="7.536654" lat="47.552367"><ele>282.5</ele></trkpt>
   <trkpt lon="7.536515" lat="47.552391"><ele>282.75</ele></trkpt>
   <trkpt lon="7.536281" lat="47.552405"><ele>283.5</ele></trkpt>
   <trkpt lon="7.536169" lat="47.552402"><ele>284.0</ele></trkpt>
   <trkpt lon="7.535975" lat="47.552385"><ele>284.75</ele></trkpt>
   <trkpt lon="7.535767" lat="47.552353"><ele>285.5</ele></trkpt>
   <trkpt lon="7.535591" lat="47.552300"><ele>286.25</ele></trkpt>
   <trkpt lon="7.535326" lat="47.552197"><ele>288.75</ele></trkpt>
   <trkpt lon="7.535164" lat="47.552130"><ele>290.25</ele></trkpt>
   <trkpt lon="7.534788" lat="47.551952"><ele>293.5</ele></trkpt>
   <trkpt lon="7.534700" lat="47.551892"><ele>294.0</ele></trkpt>
   <trkpt lon="7.534287" lat="47.551643"><ele>295.0</ele></trkpt>
   <trkpt lon="7.534137" lat="47.551581"><ele>296.5</ele></trkpt>
   <trkpt lon="7.533685" lat="47.551421"><ele>297.75</ele></trkpt>
   <trkpt lon="7.533468" lat="47.551356"><ele>299.0</ele></trkpt>
   <trkpt lon="7.533141" lat="47.551271"><ele>301.75</ele></trkpt>
   <trkpt lon="7.532903" lat="47.551223"><ele>301.75</ele></trkpt>
   <trkpt lon="7.532333" lat="47.551114"><ele>301.5</ele></trkpt>
   <trkpt lon="7.532273" lat="47.551102"><ele>301.75</ele></trkpt>
   <trkpt lon="7.531765" lat="47.551009"><ele>304.25</ele></trkpt>
   <trkpt lon="7.531620" lat="47.550981"><ele>304.75</ele></trkpt>
   <trkpt lon="7.531271" lat="47.550910"><ele>305.0</ele></trkpt>
   <trkpt lon="7.529775" lat="47.550591"><ele>306.25</ele></trkpt>
   <trkpt lon="7.529346" lat="47.550489"><ele>306.5</ele></trkpt>
   <trkpt lon="7.529298" lat="47.550475"><ele>306.75</ele></trkpt>
   <trkpt lon="7.529030" lat="47.550386"><ele>307.0</ele></trkpt>
   <trkpt lon="7.527956" lat="47.550009"><ele>308.25</ele></trkpt>
   <trkpt lon="7.527776" lat="47.549946"><ele>309.5</ele></trkpt>
   <trkpt lon="7.527456" lat="47.549835"><ele>310.75</ele></trkpt>
   <trkpt lon="7.527388" lat="47.549812"><ele>310.75</ele></trkpt>
   <trkpt lon="7.527127" lat="47.549727"><ele>311.0</ele></trkpt>
   <trkpt lon="7.526733" lat="47.549620"><ele>313.75</ele></trkpt>
   <trkpt lon="7.526286" lat="47.549546"><ele>316.5</ele></trkpt>
   <trkpt lon="7.526114" lat="47.549523"><ele>318.0</ele></trkpt>
   <trkpt lon="7.526033" lat="47.549455"><ele>317.0</ele></trkpt>
   <trkpt lon="7.525224" lat="47.548921"><ele>320.0</ele></trkpt>
   <trkpt lon="7.524873" lat="47.548700"><ele>322.5</ele></trkpt>
   <trkpt lon="7.523890" lat="47.548062"><ele>328.0</ele></trkpt>
   <trkpt lon="7.522179" lat="47.546956"><ele>332.75</ele></trkpt>
   <trkpt lon="7.520899" lat="47.547618"><ele>332.5</ele></trkpt>
   <trkpt lon="7.519560" lat="47.546688"><ele>334.25</ele></trkpt>
   <trkpt lon="7.519209" lat="47.546437"><ele>334.75</ele></trkpt>
   <trkpt lon="7.518446" lat="47.545899"><ele>335.75</ele></trkpt>
   <trkpt lon="7.518312" lat="47.545739"><ele>336.25</ele></trkpt>
   <trkpt lon="7.518256" lat="47.545686"><ele>336.25</ele></trkpt>
   <trkpt lon="7.517804" lat="47.545411"><ele>336.0</ele></trkpt>
   <trkpt lon="7.517667" lat="47.545365"><ele>336.0</ele></trkpt>
   <trkpt lon="7.517547" lat="47.545341"><ele>335.75</ele></trkpt>
   <trkpt lon="7.516933" lat="47.545016"><ele>334.75</ele></trkpt>
   <trkpt lon="7.516471" lat="47.544757"><ele>335.75</ele></trkpt>
   <trkpt lon="7.515968" lat="47.544479"><ele>337.75</ele></trkpt>
   <trkpt lon="7.515714" lat="47.544309"><ele>339.0</ele></trkpt>
   <trkpt lon="7.515447" lat="47.544081"><ele>340.0</ele></trkpt>
   <trkpt lon="7.515166" lat="47.543881"><ele>340.5</ele></trkpt>
   <trkpt lon="7.514939" lat="47.543738"><ele>341.0</ele></trkpt>
   <trkpt lon="7.513074" lat="47.542820"><ele>341.5</ele></trkpt>
   <trkpt lon="7.512579" lat="47.542565"><ele>342.5</ele></trkpt>
   <trkpt lon="7.512503" lat="47.542525"><ele>342.5</ele></trkpt>
   <trkpt lon="7.512241" lat="47.542385"><ele>343.25</ele></trkpt>
   <trkpt lon="7.511520" lat="47.542020"><ele>345.25</ele></trkpt>
   <trkpt lon="7.510994" lat="47.541764"><ele>348.25</ele></trkpt>
   <trkpt lon="7.510530" lat="47.541561"><ele>349.0</ele></trkpt>
   <trkpt lon="7.510715" lat="47.541172"><ele>351.75</ele></trkpt>
   <trkpt lon="7.509828" lat="47.540735"><ele>356.0</ele></trkpt>
   <trkpt lon="7.508035" lat="47.539882"><ele>359.75</ele></trkpt>
   <trkpt lon="7.508106" lat="47.540171"><ele>357.75</ele></trkpt>
   <trkpt lon="7.508102" lat="47.540303"><ele>356.75</ele></trkpt>
   <trkpt lon="7.508047" lat="47.540449"><ele>355.75</ele></trkpt>
   <trkpt lon="7.507490" lat="47.540951"><ele>353.0</ele></trkpt>
   <trkpt lon="7.507234" lat="47.541138"><ele>349.5</ele></trkpt>
   <trkpt lon="7.507158" lat="47.541193"><ele>348.25</ele></trkpt>
   <trkpt lon="7.506817" lat="47.541519"><ele>343.25</ele></trkpt>
   <trkpt lon="7.506430" lat="47.541846"><ele>339.75</ele></trkpt>
   <trkpt lon="7.506007" lat="47.541612"><ele>339.5</ele></trkpt>
   <trkpt lon="7.505929" lat="47.541570"><ele>339.5</ele></trkpt>
   <trkpt lon="7.505589" lat="47.541390"><ele>339.0</ele></trkpt>
   <trkpt lon="7.505241" lat="47.541206"><ele>339.0</ele></trkpt>
   <trkpt lon="7.504910" lat="47.541030"><ele>339.0</ele></trkpt>
   <trkpt lon="7.504650" lat="47.540892"><ele>338.75</ele></trkpt>
   <trkpt lon="7.504519" lat="47.540820"><ele>338.5</ele></trkpt>
   <trkpt lon="7.503625" lat="47.540357"><ele>337.25</ele></trkpt>
   <trkpt lon="7.503275" lat="47.540172"><ele>338.25</ele></trkpt>
   <trkpt lon="7.502963" lat="47.540008"><ele>338.5</ele></trkpt>
   <trkpt lon="7.502395" lat="47.539701"><ele>338.75</ele></trkpt>
   <trkpt lon="7.501585" lat="47.539285"><ele>339.75</ele></trkpt>
   <trkpt lon="7.500719" lat="47.538834"><ele>339.0</ele></trkpt>
   <trkpt lon="7.500702" lat="47.538764"><ele>339.25</ele></trkpt>
   <trkpt lon="7.500724" lat="47.538729"><ele>339.5</ele></trkpt>
   <trkpt lon="7.500923" lat="47.538563"><ele>341.25</ele></trkpt>
   <trkpt lon="7.501257" lat="47.538290"><ele>344.0</ele></trkpt>
   <trkpt lon="7.501466" lat="47.538108"><ele>346.5</ele></trkpt>
   <trkpt lon="7.501503" lat="47.538033"><ele>347.25</ele></trkpt>
   <trkpt lon="7.501475" lat="47.537912"><ele>347.75</ele></trkpt>
   <trkpt lon="7.501272" lat="47.537732"><ele>346.75</ele></trkpt>
   <trkpt lon="7.501129" lat="47.537565"><ele>346.75</ele></trkpt>
   <trkpt lon="7.500986" lat="47.537527"><ele>346.75</ele></trkpt>
   <trkpt lon="7.500692" lat="47.537373"><ele>347.5</ele></trkpt>
   <trkpt lon="7.500613" lat="47.537360"><ele>347.5</ele></trkpt>
   <trkpt lon="7.500534" lat="47.537372"><ele>347.25</ele></trkpt>
   <trkpt lon="7.500400" lat="47.537436"><ele>347.25</ele></trkpt>
   <trkpt lon="7.500014" lat="47.537807"><ele>345.75</ele></trkpt>
   <trkpt lon="7.499757" lat="47.537975"><ele>345.25</ele></trkpt>
   <trkpt lon="7.499594" lat="47.538041"><ele>345.0</ele></trkpt>
   <trkpt lon="7.499418" lat="47.538064"><ele>344.75</ele></trkpt>
   <trkpt lon="7.499003" lat="47.538085"><ele>344.0</ele></trkpt>
   <trkpt lon="7.498968" lat="47.538059"><ele>344.25</ele></trkpt>
   <trkpt lon="7.498937" lat="47.538069"><ele>344.0</ele></trkpt>
   <trkpt lon="7.498868" lat="47.538097"><ele>343.75</ele></trkpt>
   <trkpt lon="7.498785" lat="47.538470"><ele>340.0</ele></trkpt>
   <trkpt lon="7.498707" lat="47.538548"><ele>338.75</ele></trkpt>
   <trkpt lon="7.497861" lat="47.538992"><ele>331.25</ele></trkpt>
   <trkpt lon="7.497225" lat="47.539621"><ele>329.5</ele></trkpt>
   <trkpt lon="7.496612" lat="47.540051"><ele>332.5</ele></trkpt>
   <trkpt lon="7.496579" lat="47.540074"><ele>333.0</ele></trkpt>
   <trkpt lon="7.496677" lat="47.540095"><ele>333.0</ele></trkpt>
   <trkpt lon="7.496446" lat="47.540232"><ele>334.5</ele></trkpt>
   <trkpt lon="7.496235" lat="47.540364"><ele>336.5</ele></trkpt>
   <trkpt lon="7.496052" lat="47.540484"><ele>338.25</ele></trkpt>
   <trkpt lon="7.496007" lat="47.540522"><ele>339.0</ele></trkpt>
   <trkpt lon="7.495622" lat="47.540979"><ele>345.5</ele></trkpt>
   <trkpt lon="7.495548" lat="47.541040"><ele>346.25</ele></trkpt>
   <trkpt lon="7.495461" lat="47.541090"><ele>347.0</ele></trkpt>
   <trkpt lon="7.495327" lat="47.541141"><ele>348.5</ele></trkpt>
   <trkpt lon="7.495147" lat="47.541162"><ele>350.25</ele></trkpt>
   <trkpt lon="7.494952" lat="47.541169"><ele>351.75</ele></trkpt>
   <trkpt lon="7.494435" lat="47.541187"><ele>355.0</ele></trkpt>
   <trkpt lon="7.494230" lat="47.541210"><ele>356.75</ele></trkpt>
   <trkpt lon="7.493863" lat="47.541291"><ele>359.0</ele></trkpt>
   <trkpt lon="7.493793" lat="47.541317"><ele>359.25</ele></trkpt>
   <trkpt lon="7.493752" lat="47.541361"><ele>359.75</ele></trkpt>
   <trkpt lon="7.493747" lat="47.541399"><ele>360.0</ele></trkpt>
   <trkpt lon="7.493752" lat="47.541428"><ele>360.25</ele></trkpt>
   <trkpt lon="7.493775" lat="47.541461"><ele>360.75</ele></trkpt>
   <trkpt lon="7.493811" lat="47.541490"><ele>361.0</ele></trkpt>
   <trkpt lon="7.493857" lat="47.541505"><ele>361.25</ele></trkpt>
   <trkpt lon="7.494242" lat="47.541586"><ele>363.0</ele></trkpt>
   <trkpt lon="7.494282" lat="47.541613"><ele>363.25</ele></trkpt>
   <trkpt lon="7.494297" lat="47.541641"><ele>363.5</ele></trkpt>
   <trkpt lon="7.494290" lat="47.541696"><ele>364.25</ele></trkpt>
   <trkpt lon="7.494246" lat="47.541778"><ele>365.25</ele></trkpt>
   <trkpt lon="7.493766" lat="47.542392"><ele>371.25</ele></trkpt>
   <trkpt lon="7.493421" lat="47.542745"><ele>375.0</ele></trkpt>
   <trkpt lon="7.492768" lat="47.543246"><ele>378.25</ele></trkpt>
   <trkpt lon="7.492707" lat="47.543288"><ele>378.0</ele></trkpt>
   <trkpt lon="7.492624" lat="47.543323"><ele>378.0</ele></trkpt>
   <trkpt lon="7.492484" lat="47.543355"><ele>378.0</ele></trkpt>
   <trkpt lon="7.492472" lat="47.543381"><ele>378.0</ele></trkpt>
   <trkpt lon="7.492444" lat="47.543414"><ele>378.0</ele></trkpt>
   <trkpt lon="7.492231" lat="47.543534"><ele>377.75</ele></trkpt>
   <trkpt lon="7.492123" lat="47.543575"><ele>377.0</ele></trkpt>
   <trkpt lon="7.491493" lat="47.543786"><ele>375.5</ele></trkpt>
   <trkpt lon="7.491384" lat="47.543830"><ele>375.0</ele></trkpt>
   <trkpt lon="7.491280" lat="47.543884"><ele>374.5</ele></trkpt>
   <trkpt lon="7.491162" lat="47.543959"><ele>374.0</ele></trkpt>
   <trkpt lon="7.490867" lat="47.544188"><ele>373.75</ele></trkpt>
   <trkpt lon="7.490718" lat="47.544295"><ele>374.0</ele></trkpt>
   <trkpt lon="7.490437" lat="47.544471"><ele>375.0</ele></trkpt>
   <trkpt lon="7.489348" lat="47.545126"><ele>379.5</ele></trkpt>
   <trkpt lon="7.488815" lat="47.545442"><ele>382.0</ele></trkpt>
   <trkpt lon="7.488714" lat="47.545492"><ele>382.0</ele></trkpt>
   <trkpt lon="7.488604" lat="47.545542"><ele>382.0</ele></trkpt>
   <trkpt lon="7.488469" lat="47.545589"><ele>381.75</ele></trkpt>
   <trkpt lon="7.487304" lat="47.545935"><ele>378.5</ele></trkpt>
   <trkpt lon="7.487029" lat="47.546035"><ele>377.25</ele></trkpt>
   <trkpt lon="7.486941" lat="47.546085"><ele>376.25</ele></trkpt>
   <trkpt lon="7.486877" lat="47.546130"><ele>376.0</ele></trkpt>
   <trkpt lon="7.485329" lat="47.547321"><ele>368.0</ele></trkpt>
   <trkpt lon="7.485214" lat="47.547422"><ele>368.0</ele></trkpt>
   <trkpt lon="7.485171" lat="47.547454"><ele>368.0</ele></trkpt>
   <trkpt lon="7.484552" lat="47.547928"><ele>367.5</ele></trkpt>
   <trkpt lon="7.484481" lat="47.547975"><ele>367.5</ele></trkpt>
   <trkpt lon="7.484355" lat="47.548039"><ele>367.25</ele></trkpt>
   <trkpt lon="7.483614" lat="47.548312"><ele>363.25</ele></trkpt>
   <trkpt lon="7.483284" lat="47.548445"><ele>362.25</ele></trkpt>
   <trkpt lon="7.483087" lat="47.548507"><ele>361.25</ele></trkpt>
   <trkpt lon="7.482968" lat="47.548531"><ele>360.5</ele></trkpt>
   <trkpt lon="7.482284" lat="47.548640"><ele>355.25</ele></trkpt>
   <trkpt lon="7.481994" lat="47.548704"><ele>355.0</ele></trkpt>
   <trkpt lon="7.481725" lat="47.548794"><ele>354.0</ele></trkpt>
   <trkpt lon="7.481278" lat="47.548979"><ele>350.0</ele></trkpt>
   <trkpt lon="7.481225" lat="47.549001"><ele>349.5</ele></trkpt>
   <trkpt lon="7.480876" lat="47.549165"><ele>346.25</ele></trkpt>
   <trkpt lon="7.480728" lat="47.549226"><ele>344.75</ele></trkpt>
   <trkpt lon="7.480286" lat="47.549332"><ele>341.0</ele></trkpt>
   <trkpt lon="7.480145" lat="47.549353"><ele>340.5</ele></trkpt>
   <trkpt lon="7.480065" lat="47.549358"><ele>340.0</ele></trkpt>
   <trkpt lon="7.479887" lat="47.549363"><ele>339.5</ele></trkpt>
   <trkpt lon="7.479701" lat="47.549377"><ele>339.25</ele></trkpt>
   <trkpt lon="7.479649" lat="47.549382"><ele>339.5</ele></trkpt>
   <trkpt lon="7.479621" lat="47.549347"><ele>339.75</ele></trkpt>
   <trkpt lon="7.479538" lat="47.549301"><ele>340.0</ele></trkpt>
   <trkpt lon="7.479102" lat="47.549171"><ele>340.75</ele></trkpt>
   <trkpt lon="7.478995" lat="47.549138"><ele>340.5</ele></trkpt>
   <trkpt lon="7.478882" lat="47.549094"><ele>340.75</ele></trkpt>
   <trkpt lon="7.478796" lat="47.549053"><ele>340.75</ele></trkpt>
   <trkpt lon="7.478726" lat="47.549007"><ele>341.0</ele></trkpt>
   <trkpt lon="7.478586" lat="47.548889"><ele>340.75</ele></trkpt>
   <trkpt lon="7.478479" lat="47.548798"><ele>341.5</ele></trkpt>
   <trkpt lon="7.478212" lat="47.548672"><ele>342.5</ele></trkpt>
   <trkpt lon="7.478065" lat="47.548614"><ele>342.75</ele></trkpt>
   <trkpt lon="7.477333" lat="47.548359"><ele>345.75</ele></trkpt>
   <trkpt lon="7.476973" lat="47.548195"><ele>344.75</ele></trkpt>
   <trkpt lon="7.476864" lat="47.548158"><ele>344.25</ele></trkpt>
   <trkpt lon="7.476624" lat="47.548099"><ele>344.0</ele></trkpt>
   <trkpt lon="7.476164" lat="47.548009"><ele>344.5</ele></trkpt>
   <trkpt lon="7.475977" lat="47.547982"><ele>343.75</ele></trkpt>
   <trkpt lon="7.475709" lat="47.547979"><ele>342.75</ele></trkpt>
   <trkpt lon="7.475295" lat="47.547993"><ele>342.5</ele></trkpt>
   <trkpt lon="7.475195" lat="47.548004"><ele>342.5</ele></trkpt>
   <trkpt lon="7.475106" lat="47.548023"><ele>342.25</ele></trkpt>
   <trkpt lon="7.475010" lat="47.548054"><ele>342.0</ele></trkpt>
   <trkpt lon="7.474945" lat="47.548084"><ele>342.25</ele></trkpt>
   <trkpt lon="7.474896" lat="47.548119"><ele>342.5</ele></trkpt>
   <trkpt lon="7.474829" lat="47.548085"><ele>342.5</ele></trkpt>
   <trkpt lon="7.474782" lat="47.548071"><ele>342.75</ele></trkpt>
   <trkpt lon="7.474652" lat="47.548049"><ele>342.75</ele></trkpt>
   <trkpt lon="7.474389" lat="47.548053"><ele>342.75</ele></trkpt>
   <trkpt lon="7.474187" lat="47.548070"><ele>343.0</ele></trkpt>
   <trkpt lon="7.474064" lat="47.548088"><ele>343.5</ele></trkpt>
   <trkpt lon="7.473930" lat="47.548116"><ele>344.0</ele></trkpt>
   <trkpt lon="7.473179" lat="47.548313"><ele>345.0</ele></trkpt>
   <trkpt lon="7.473101" lat="47.548323"><ele>345.0</ele></trkpt>
   <trkpt lon="7.472991" lat="47.548323"><ele>345.25</ele></trkpt>
   <trkpt lon="7.472905" lat="47.548304"><ele>345.5</ele></trkpt>
   <trkpt lon="7.472801" lat="47.548262"><ele>346.0</ele></trkpt>
   <trkpt lon="7.472110" lat="47.547818"><ele>349.25</ele></trkpt>
   <trkpt lon="7.471922" lat="47.547720"><ele>349.75</ele></trkpt>
   <trkpt lon="7.471065" lat="47.547329"><ele>352.5</ele></trkpt>
   <trkpt lon="7.470297" lat="47.547015"><ele>353.25</ele></trkpt>
   <trkpt lon="7.469606" lat="47.546726"><ele>354.5</ele></trkpt>
   <trkpt lon="7.469357" lat="47.546632"><ele>354.75</ele></trkpt>
   <trkpt lon="7.468800" lat="47.546443"><ele>355.25</ele></trkpt>
   <trkpt lon="7.467868" lat="47.546177"><ele>355.75</ele></trkpt>
   <trkpt lon="7.467538" lat="47.546113"><ele>356.0</ele></trkpt>
   <trkpt lon="7.467455" lat="47.546105"><ele>356.0</ele></trkpt>
   <trkpt lon="7.467319" lat="47.546110"><ele>356.5</ele></trkpt>
   <trkpt lon="7.466797" lat="47.546176"><ele>358.0</ele></trkpt>
   <trkpt lon="7.466581" lat="47.546196"><ele>358.5</ele></trkpt>
   <trkpt lon="7.466396" lat="47.546199"><ele>359.25</ele></trkpt>
   <trkpt lon="7.466171" lat="47.546180"><ele>359.25</ele></trkpt>
   <trkpt lon="7.465840" lat="47.546116"><ele>359.75</ele></trkpt>
   <trkpt lon="7.465675" lat="47.546072"><ele>360.25</ele></trkpt>
   <trkpt lon="7.465368" lat="47.545972"><ele>360.5</ele></trkpt>
   <trkpt lon="7.464667" lat="47.545739"><ele>362.25</ele></trkpt>
   <trkpt lon="7.464572" lat="47.545712"><ele>362.25</ele></trkpt>
   <trkpt lon="7.464134" lat="47.545598"><ele>363.25</ele></trkpt>
   <trkpt lon="7.463721" lat="47.545508"><ele>364.0</ele></trkpt>
   <trkpt lon="7.463630" lat="47.545494"><ele>364.25</ele></trkpt>
   <trkpt lon="7.463542" lat="47.545489"><ele>364.25</ele></trkpt>
   <trkpt lon="7.463519" lat="47.545501"><ele>364.25</ele></trkpt>
   <trkpt lon="7.463484" lat="47.545539"><ele>364.75</ele></trkpt>
   <trkpt lon="7.463434" lat="47.545668"><ele>365.25</ele></trkpt>
   <trkpt lon="7.463392" lat="47.545816"><ele>365.5</ele></trkpt>
   <trkpt lon="7.463348" lat="47.545935"><ele>366.25</ele></trkpt>
   <trkpt lon="7.463311" lat="47.545969"><ele>366.5</ele></trkpt>
   <trkpt lon="7.463244" lat="47.545972"><ele>366.5</ele></trkpt>
   <trkpt lon="7.463148" lat="47.545949"><ele>366.5</ele></trkpt>
   <trkpt lon="7.462477" lat="47.545753"><ele>367.75</ele></trkpt>
   <trkpt lon="7.462298" lat="47.545695"><ele>367.75</ele></trkpt>
   <trkpt lon="7.461477" lat="47.545233"><ele>367.5</ele></trkpt>
   <trkpt lon="7.460412" lat="47.544674"><ele>366.5</ele></trkpt>
   <trkpt lon="7.459952" lat="47.544423"><ele>367.0</ele></trkpt>
   <trkpt lon="7.459640" lat="47.544152"><ele>368.25</ele></trkpt>
   <trkpt lon="7.459396" lat="47.543668"><ele>370.75</ele></trkpt>
   <trkpt lon="7.459210" lat="47.543386"><ele>372.5</ele></trkpt>
   <trkpt lon="7.458892" lat="47.543074"><ele>373.75</ele></trkpt>
   <trkpt lon="7.458593" lat="47.542842"><ele>375.75</ele></trkpt>
   <trkpt lon="7.457289" lat="47.541980"><ele>380.75</ele></trkpt>
   <trkpt lon="7.456537" lat="47.541431"><ele>386.0</ele></trkpt>
   <trkpt lon="7.456391" lat="47.541305"><ele>387.25</ele></trkpt>
   <trkpt lon="7.456285" lat="47.541188"><ele>388.25</ele></trkpt>
   <trkpt lon="7.456073" lat="47.541023"><ele>390.0</ele></trkpt>
   <trkpt lon="7.455197" lat="47.540450"><ele>393.5</ele></trkpt>
   <trkpt lon="7.454763" lat="47.540219"><ele>395.25</ele></trkpt>
   <trkpt lon="7.454277" lat="47.539991"><ele>396.5</ele></trkpt>
   <trkpt lon="7.453191" lat="47.539531"><ele>398.0</ele></trkpt>
   <trkpt lon="7.452735" lat="47.539350"><ele>399.5</ele></trkpt>
   <trkpt lon="7.452479" lat="47.539272"><ele>400.75</ele></trkpt>
   <trkpt lon="7.452365" lat="47.539214"><ele>400.5</ele></trkpt>
   <trkpt lon="7.452231" lat="47.539074"><ele>400.5</ele></trkpt>
   <trkpt lon="7.452193" lat="47.539035"><ele>400.5</ele></trkpt>
   <trkpt lon="7.451700" lat="47.538693"><ele>401.25</ele></trkpt>
   <trkpt lon="7.451417" lat="47.538549"><ele>403.0</ele></trkpt>
   <trkpt lon="7.451124" lat="47.538426"><ele>403.5</ele></trkpt>
   <trkpt lon="7.450761" lat="47.538295"><ele>404.0</ele></trkpt>
   <trkpt lon="7.450408" lat="47.538196"><ele>404.25</ele></trkpt>
   <trkpt lon="7.449893" lat="47.538087"><ele>403.5</ele></trkpt>
   <trkpt lon="7.449725" lat="47.538069"><ele>404.0</ele></trkpt>
   <trkpt lon="7.449380" lat="47.538062"><ele>405.0</ele></trkpt>
   <trkpt lon="7.449141" lat="47.538082"><ele>405.25</ele></trkpt>
   <trkpt lon="7.448960" lat="47.538082"><ele>405.25</ele></trkpt>
   <trkpt lon="7.448738" lat="47.538081"><ele>405.25</ele></trkpt>
   <trkpt lon="7.448416" lat="47.538067"><ele>405.75</ele></trkpt>
   <trkpt lon="7.448051" lat="47.538028"><ele>405.75</ele></trkpt>
   <trkpt lon="7.447405" lat="47.537919"><ele>407.25</ele></trkpt>
   <trkpt lon="7.447291" lat="47.537915"><ele>407.75</ele></trkpt>
   <trkpt lon="7.446984" lat="47.537921"><ele>408.25</ele></trkpt>
   <trkpt lon="7.446378" lat="47.537914"><ele>412.0</ele></trkpt>
   <trkpt lon="7.446211" lat="47.537875"><ele>413.5</ele></trkpt>
   <trkpt lon="7.445994" lat="47.537788"><ele>415.75</ele></trkpt>
   <trkpt lon="7.445556" lat="47.537713"><ele>418.75</ele></trkpt>
   <trkpt lon="7.445194" lat="47.537622"><ele>420.75</ele></trkpt>
   <trkpt lon="7.445042" lat="47.537573"><ele>421.5</ele></trkpt>
   <trkpt lon="7.444940" lat="47.537529"><ele>422.25</ele></trkpt>
   <trkpt lon="7.444456" lat="47.537259"><ele>426.0</ele></trkpt>
   <trkpt lon="7.443839" lat="47.537012"><ele>430.25</ele></trkpt>
   <trkpt lon="7.443571" lat="47.536886"><ele>432.25</ele></trkpt>
   <trkpt lon="7.443378" lat="47.536805"><ele>433.25</ele></trkpt>
   <trkpt lon="7.441974" lat="47.536265"><ele>442.75</ele></trkpt>
   <trkpt lon="7.441826" lat="47.536211"><ele>443.75</ele></trkpt>
   <trkpt lon="7.441124" lat="47.536006"><ele>448.5</ele></trkpt>
   <trkpt lon="7.440949" lat="47.535965"><ele>449.25</ele></trkpt>
   <trkpt lon="7.440652" lat="47.535912"><ele>450.75</ele></trkpt>
   <trkpt lon="7.438137" lat="47.535286"><ele>465.25</ele></trkpt>
   <trkpt lon="7.437037" lat="47.535044"><ele>475.0</ele></trkpt>
   <trkpt lon="7.436759" lat="47.534969"><ele>476.75</ele></trkpt>
   <trkpt lon="7.436753" lat="47.534921"><ele>476.75</ele></trkpt>
   <trkpt lon="7.436504" lat="47.534836"><ele>478.0</ele></trkpt>
   <trkpt lon="7.434854" lat="47.534064"><ele>482.25</ele></trkpt>
   <trkpt lon="7.432918" lat="47.533180"><ele>482.5</ele></trkpt>
   <trkpt lon="7.432642" lat="47.533045"><ele>482.0</ele></trkpt>
   <trkpt lon="7.432045" lat="47.532753"><ele>481.25</ele></trkpt>
   <trkpt lon="7.430713" lat="47.532393"><ele>479.5</ele></trkpt>
   <trkpt lon="7.429527" lat="47.532097"><ele>480.25</ele></trkpt>
   <trkpt lon="7.429337" lat="47.533149"><ele>481.5</ele></trkpt>
   <trkpt lon="7.429273" lat="47.533287"><ele>482.0</ele></trkpt>
   <trkpt lon="7.428969" lat="47.533479"><ele>483.25</ele></trkpt>
   <trkpt lon="7.428842" lat="47.533559"><ele>483.75</ele></trkpt>
   <trkpt lon="7.428794" lat="47.533589"><ele>483.75</ele></trkpt>
   <trkpt lon="7.428635" lat="47.533875"><ele>483.0</ele></trkpt>
   <trkpt lon="7.428156" lat="47.535072"><ele>477.5</ele></trkpt>
   <trkpt lon="7.428027" lat="47.535337"><ele>476.75</ele></trkpt>
   <trkpt lon="7.427935" lat="47.535477"><ele>476.25</ele></trkpt>
   <trkpt lon="7.427672" lat="47.535664"><ele>476.0</ele></trkpt>
   <trkpt lon="7.427573" lat="47.535575"><ele>476.5</ele></trkpt>
   <trkpt lon="7.427493" lat="47.535613"><ele>476.5</ele></trkpt>
   <trkpt lon="7.427367" lat="47.535721"><ele>475.5</ele></trkpt>
   <trkpt lon="7.427271" lat="47.535780"><ele>475.0</ele></trkpt>
   <trkpt lon="7.426980" lat="47.535865"><ele>475.0</ele></trkpt>
   <trkpt lon="7.426867" lat="47.535958"><ele>475.0</ele></trkpt>
   <trkpt lon="7.426644" lat="47.536184"><ele>474.5</ele></trkpt>
   <trkpt lon="7.426295" lat="47.536519"><ele>474.0</ele></trkpt>
   <trkpt lon="7.426151" lat="47.536605"><ele>474.0</ele></trkpt>
   <trkpt lon="7.425738" lat="47.536769"><ele>473.0</ele></trkpt>
   <trkpt lon="7.425387" lat="47.536844"><ele>473.0</ele></trkpt>
   <trkpt lon="7.425093" lat="47.536875"><ele>472.5</ele></trkpt>
   <trkpt lon="7.423805" lat="47.537015"><ele>471.0</ele></trkpt>
   <trkpt lon="7.423300" lat="47.537014"><ele>470.5</ele></trkpt>
   <trkpt lon="7.423013" lat="47.537026"><ele>470.0</ele></trkpt>
   <trkpt lon="7.422096" lat="47.535300"><ele>477.75</ele></trkpt>
   <trkpt lon="7.421970" lat="47.535183"><ele>478.25</ele></trkpt>
   <trkpt lon="7.421847" lat="47.535263"><ele>477.5</ele></trkpt>
   <trkpt lon="7.418907" lat="47.536220"><ele>470.0</ele></trkpt>
   <trkpt lon="7.418470" lat="47.536374"><ele>470.0</ele></trkpt>
   <trkpt lon="7.418187" lat="47.536446"><ele>469.75</ele></trkpt>
   <trkpt lon="7.417504" lat="47.536576"><ele>469.25</ele></trkpt>
   <trkpt lon="7.416854" lat="47.536735"><ele>469.75</ele></trkpt>
   <trkpt lon="7.415981" lat="47.537004"><ele>469.25</ele></trkpt>
   <trkpt lon="7.415141" lat="47.537304"><ele>469.5</ele></trkpt>
   <trkpt lon="7.414207" lat="47.537725"><ele>470.0</ele></trkpt>
   <trkpt lon="7.413666" lat="47.537867"><ele>469.5</ele></trkpt>
   <trkpt lon="7.412377" lat="47.538172"><ele>469.5</ele></trkpt>
   <trkpt lon="7.412007" lat="47.538311"><ele>469.0</ele></trkpt>
   <trkpt lon="7.411949" lat="47.538333"><ele>469.0</ele></trkpt>
   <trkpt lon="7.411073" lat="47.538736"><ele>468.75</ele></trkpt>
   <trkpt lon="7.410327" lat="47.539162"><ele>467.0</ele></trkpt>
   <trkpt lon="7.409849" lat="47.539511"><ele>467.25</ele></trkpt>
   <trkpt lon="7.409236" lat="47.540024"><ele>466.0</ele></trkpt>
   <trkpt lon="7.409082" lat="47.540127"><ele>466.0</ele></trkpt>
   <trkpt lon="7.408768" lat="47.540265"><ele>466.0</ele></trkpt>
   <trkpt lon="7.407686" lat="47.540627"><ele>465.0</ele></trkpt>
   <trkpt lon="7.407481" lat="47.540716"><ele>465.25</ele></trkpt>
   <trkpt lon="7.407269" lat="47.540848"><ele>464.75</ele></trkpt>
   <trkpt lon="7.406508" lat="47.541372"><ele>464.0</ele></trkpt>
   <trkpt lon="7.406174" lat="47.541537"><ele>464.25</ele></trkpt>
   <trkpt lon="7.405733" lat="47.541690"><ele>463.0</ele></trkpt>
   <trkpt lon="7.405631" lat="47.541714"><ele>463.0</ele></trkpt>
   <trkpt lon="7.405514" lat="47.541732"><ele>463.0</ele></trkpt>
   <trkpt lon="7.404716" lat="47.541928"><ele>466.0</ele></trkpt>
   <trkpt lon="7.404583" lat="47.541940"><ele>465.5</ele></trkpt>
   <trkpt lon="7.404194" lat="47.541921"><ele>465.0</ele></trkpt>
   <trkpt lon="7.404122" lat="47.541918"><ele>465.0</ele></trkpt>
   <trkpt lon="7.404018" lat="47.542065"><ele>464.75</ele></trkpt>
   <trkpt lon="7.403692" lat="47.542521"><ele>463.25</ele></trkpt>
   <trkpt lon="7.403209" lat="47.543198"><ele>460.75</ele></trkpt>
   <trkpt lon="7.403132" lat="47.543183"><ele>461.0</ele></trkpt>
   <trkpt lon="7.402407" lat="47.543491"><ele>459.0</ele></trkpt>
   <trkpt lon="7.402159" lat="47.543537"><ele>458.5</ele></trkpt>
   <trkpt lon="7.401450" lat="47.543598"><ele>457.0</ele></trkpt>
   <trkpt lon="7.401338" lat="47.543589"><ele>456.75</ele></trkpt>
   <trkpt lon="7.401201" lat="47.543591"><ele>456.25</ele></trkpt>
   <trkpt lon="7.400804" lat="47.543630"><ele>455.75</ele></trkpt>
   <trkpt lon="7.400608" lat="47.543668"><ele>455.75</ele></trkpt>
   <trkpt lon="7.399539" lat="47.543947"><ele>451.0</ele></trkpt>
   <trkpt lon="7.398403" lat="47.544146"><ele>447.25</ele></trkpt>
   <trkpt lon="7.398126" lat="47.544178"><ele>446.0</ele></trkpt>
   <trkpt lon="7.397345" lat="47.544219"><ele>444.0</ele></trkpt>
   <trkpt lon="7.397133" lat="47.544223"><ele>443.25</ele></trkpt>
   <trkpt lon="7.397046" lat="47.544224"><ele>443.0</ele></trkpt>
   <trkpt lon="7.396873" lat="47.544214"><ele>442.5</ele></trkpt>
   <trkpt lon="7.396731" lat="47.544178"><ele>442.0</ele></trkpt>
   <trkpt lon="7.396561" lat="47.544124"><ele>441.75</ele></trkpt>
   <trkpt lon="7.396085" lat="47.543925"><ele>440.75</ele></trkpt>
   <trkpt lon="7.395805" lat="47.543794"><ele>439.75</ele></trkpt>
   <trkpt lon="7.395600" lat="47.543664"><ele>439.0</ele></trkpt>
   <trkpt lon="7.395551" lat="47.543648"><ele>438.75</ele></trkpt>
   <trkpt lon="7.395511" lat="47.543643"><ele>438.5</ele></trkpt>
   <trkpt lon="7.395463" lat="47.543646"><ele>438.25</ele></trkpt>
   <trkpt lon="7.393623" lat="47.544034"><ele>428.0</ele></trkpt>
   <trkpt lon="7.392286" lat="47.544319"><ele>422.25</ele></trkpt>
   <trkpt lon="7.392145" lat="47.544371"><ele>421.75</ele></trkpt>
   <trkpt lon="7.392020" lat="47.544430"><ele>421.25</ele></trkpt>
   <trkpt lon="7.391311" lat="47.544827"><ele>416.0</ele></trkpt>
   <trkpt lon="7.391194" lat="47.544897"><ele>414.75</ele></trkpt>
   <trkpt lon="7.391130" lat="47.544951"><ele>414.0</ele></trkpt>
   <trkpt lon="7.391032" lat="47.545099"><ele>413.0</ele></trkpt>
   <trkpt lon="7.390965" lat="47.545326"><ele>412.25</ele></trkpt>
   <trkpt lon="7.390900" lat="47.545479"><ele>411.5</ele></trkpt>
   <trkpt lon="7.390824" lat="47.545647"><ele>410.75</ele></trkpt>
   <trkpt lon="7.390772" lat="47.545719"><ele>410.75</ele></trkpt>
   <trkpt lon="7.390715" lat="47.545774"><ele>410.5</ele></trkpt>
   <trkpt lon="7.390361" lat="47.545980"><ele>409.25</ele></trkpt>
   <trkpt lon="7.390327" lat="47.546004"><ele>408.75</ele></trkpt>
   <trkpt lon="7.389921" lat="47.545771"><ele>408.5</ele></trkpt>
   <trkpt lon="7.389801" lat="47.545722"><ele>408.25</ele></trkpt>
   <trkpt lon="7.389681" lat="47.545683"><ele>408.25</ele></trkpt>
   <trkpt lon="7.389500" lat="47.545648"><ele>408.0</ele></trkpt>
   <trkpt lon="7.389341" lat="47.545637"><ele>408.25</ele></trkpt>
   <trkpt lon="7.389099" lat="47.545655"><ele>409.0</ele></trkpt>
   <trkpt lon="7.388980" lat="47.545674"><ele>409.25</ele></trkpt>
   <trkpt lon="7.388819" lat="47.545720"><ele>409.25</ele></trkpt>
   <trkpt lon="7.388607" lat="47.545795"><ele>409.0</ele></trkpt>
   <trkpt lon="7.388116" lat="47.546006"><ele>409.75</ele></trkpt>
   <trkpt lon="7.387982" lat="47.546080"><ele>409.0</ele></trkpt>
   <trkpt lon="7.387859" lat="47.546175"><ele>408.75</ele></trkpt>
   <trkpt lon="7.387753" lat="47.546282"><ele>409.0</ele></trkpt>
   <trkpt lon="7.387792" lat="47.546297"><ele>408.75</ele></trkpt>
   <trkpt lon="7.387894" lat="47.546340"><ele>408.5</ele></trkpt>
   <trkpt lon="7.387971" lat="47.546388"><ele>408.25</ele></trkpt>
   <trkpt lon="7.388023" lat="47.546431"><ele>408.0</ele></trkpt>
   <trkpt lon="7.388577" lat="47.547085"><ele>406.0</ele></trkpt>
   <trkpt lon="7.388789" lat="47.547432"><ele>404.75</ele></trkpt>
   <trkpt lon="7.388852" lat="47.547527"><ele>404.75</ele></trkpt>
   <trkpt lon="7.389264" lat="47.548160"><ele>410.0</ele></trkpt>
   <trkpt lon="7.389359" lat="47.548520"><ele>414.25</ele></trkpt>
   <trkpt lon="7.389140" lat="47.548560"><ele>414.25</ele></trkpt>
   <trkpt lon="7.386928" lat="47.549142"><ele>415.25</ele></trkpt>
   <trkpt lon="7.386040" lat="47.549321"><ele>413.5</ele></trkpt>
   <trkpt lon="7.385349" lat="47.549433"><ele>414.75</ele></trkpt>
   <trkpt lon="7.384735" lat="47.549474"><ele>414.0</ele></trkpt>
   <trkpt lon="7.383634" lat="47.549502"><ele>415.25</ele></trkpt>
   <trkpt lon="7.382483" lat="47.549515"><ele>413.5</ele></trkpt>
   <trkpt lon="7.382392" lat="47.549533"><ele>413.75</ele></trkpt>
   <trkpt lon="7.382235" lat="47.549532"><ele>413.5</ele></trkpt>
   <trkpt lon="7.382260" lat="47.549577"><ele>414.0</ele></trkpt>
   <trkpt lon="7.382466" lat="47.549703"><ele>415.5</ele></trkpt>
   <trkpt lon="7.382412" lat="47.549735"><ele>415.75</ele></trkpt>
   <trkpt lon="7.382338" lat="47.549752"><ele>415.5</ele></trkpt>
   <trkpt lon="7.381842" lat="47.549791"><ele>415.25</ele></trkpt>
   <trkpt lon="7.380893" lat="47.549919"><ele>415.0</ele></trkpt>
   <trkpt lon="7.380519" lat="47.549998"><ele>415.75</ele></trkpt>
   <trkpt lon="7.379426" lat="47.550152"><ele>416.0</ele></trkpt>
   <trkpt lon="7.379321" lat="47.550157"><ele>416.0</ele></trkpt>
   <trkpt lon="7.379073" lat="47.550193"><ele>416.25</ele></trkpt>
   <trkpt lon="7.378578" lat="47.550245"><ele>415.75</ele></trkpt>
   <trkpt lon="7.377641" lat="47.550304"><ele>414.75</ele></trkpt>
   <trkpt lon="7.376643" lat="47.550275"><ele>412.75</ele></trkpt>
   <trkpt lon="7.375598" lat="47.550303"><ele>410.25</ele></trkpt>
   <trkpt lon="7.375015" lat="47.550286"><ele>409.0</ele></trkpt>
   <trkpt lon="7.374608" lat="47.550288"><ele>408.5</ele></trkpt>
   <trkpt lon="7.373966" lat="47.550336"><ele>408.0</ele></trkpt>
   <trkpt lon="7.373516" lat="47.550453"><ele>406.0</ele></trkpt>
   <trkpt lon="7.373411" lat="47.550180"><ele>402.0</ele></trkpt>
   <trkpt lon="7.373302" lat="47.550249"><ele>401.75</ele></trkpt>
   <trkpt lon="7.373127" lat="47.550404"><ele>403.75</ele></trkpt>
   <trkpt lon="7.372915" lat="47.550575"><ele>406.0</ele></trkpt>
   <trkpt lon="7.372741" lat="47.550525"><ele>405.5</ele></trkpt>
   <trkpt lon="7.372667" lat="47.550512"><ele>405.5</ele></trkpt>
   <trkpt lon="7.372530" lat="47.550518"><ele>406.0</ele></trkpt>
   <trkpt lon="7.371944" lat="47.550594"><ele>406.25</ele></trkpt>
   <trkpt lon="7.370061" lat="47.550890"><ele>404.75</ele></trkpt>
   <trkpt lon="7.369084" lat="47.550995"><ele>403.25</ele></trkpt>
   <trkpt lon="7.368082" lat="47.551065"><ele>401.25</ele></trkpt>
   <trkpt lon="7.365904" lat="47.551298"><ele>399.5</ele></trkpt>
   <trkpt lon="7.365016" lat="47.551393"><ele>398.0</ele></trkpt>
   <trkpt lon="7.361186" lat="47.551763"><ele>392.25</ele></trkpt>
   <trkpt lon="7.360087" lat="47.551863"><ele>391.25</ele></trkpt>
   <trkpt lon="7.358257" lat="47.552031"><ele>390.75</ele></trkpt>
   <trkpt lon="7.357334" lat="47.552052"><ele>388.5</ele></trkpt>
   <trkpt lon="7.352618" lat="47.552260"><ele>383.25</ele></trkpt>
   <trkpt lon="7.347271" lat="47.552463"><ele>379.25</ele></trkpt>
   <trkpt lon="7.345723" lat="47.552478"><ele>376.75</ele></trkpt>
   <trkpt lon="7.344197" lat="47.552521"><ele>375.0</ele></trkpt>
   <trkpt lon="7.343576" lat="47.552475"><ele>373.75</ele></trkpt>
   <trkpt lon="7.343911" lat="47.554277"><ele>394.25</ele></trkpt>
   <trkpt lon="7.342711" lat="47.554219"><ele>393.75</ele></trkpt>
   <trkpt lon="7.342239" lat="47.554242"><ele>394.0</ele></trkpt>
   <trkpt lon="7.341773" lat="47.554321"><ele>394.5</ele></trkpt>
   <trkpt lon="7.341724" lat="47.554359"><ele>394.5</ele></trkpt>
   <trkpt lon="7.341726" lat="47.554406"><ele>395.0</ele></trkpt>
   <trkpt lon="7.342019" lat="47.554814"><ele>400.0</ele></trkpt>
   <trkpt lon="7.342051" lat="47.554958"><ele>401.0</ele></trkpt>
   <trkpt lon="7.342008" lat="47.555079"><ele>401.75</ele></trkpt>
   <trkpt lon="7.342471" lat="47.555235"><ele>404.5</ele></trkpt>
   <trkpt lon="7.342944" lat="47.555516"><ele>408.5</ele></trkpt>
   <trkpt lon="7.342998" lat="47.555560"><ele>409.0</ele></trkpt>
   <trkpt lon="7.343057" lat="47.555621"><ele>409.25</ele></trkpt>
   <trkpt lon="7.343090" lat="47.555671"><ele>409.75</ele></trkpt>
   <trkpt lon="7.343121" lat="47.555738"><ele>410.25</ele></trkpt>
   <trkpt lon="7.343150" lat="47.555836"><ele>411.25</ele></trkpt>
   <trkpt lon="7.343169" lat="47.555940"><ele>412.75</ele></trkpt>
   <trkpt lon="7.343184" lat="47.556022"><ele>413.75</ele></trkpt>
   <trkpt lon="7.343221" lat="47.556276"><ele>417.0</ele></trkpt>
   <trkpt lon="7.343234" lat="47.556520"><ele>419.5</ele></trkpt>
   <trkpt lon="7.343188" lat="47.556808"><ele>422.5</ele></trkpt>
   <trkpt lon="7.343165" lat="47.557041"><ele>424.5</ele></trkpt>
   <trkpt lon="7.343179" lat="47.557197"><ele>425.75</ele></trkpt>
   <trkpt lon="7.343207" lat="47.557321"><ele>427.25</ele></trkpt>
   <trkpt lon="7.343272" lat="47.557519"><ele>429.5</ele></trkpt>
   <trkpt lon="7.343415" lat="47.557841"><ele>431.25</ele></trkpt>
   <trkpt lon="7.343566" lat="47.558072"><ele>432.5</ele></trkpt>
   <trkpt lon="7.343647" lat="47.558171"><ele>433.75</ele></trkpt>
   <trkpt lon="7.343766" lat="47.558305"><ele>435.25</ele></trkpt>
   <trkpt lon="7.344313" lat="47.558861"><ele>439.25</ele></trkpt>
   <trkpt lon="7.344536" lat="47.559115"><ele>440.75</ele></trkpt>
   <trkpt lon="7.344754" lat="47.559406"><ele>442.75</ele></trkpt>
   <trkpt lon="7.345117" lat="47.559990"><ele>444.5</ele></trkpt>
   <trkpt lon="7.345301" lat="47.560357"><ele>443.0</ele></trkpt>
   <trkpt lon="7.345448" lat="47.560728"><ele>442.25</ele></trkpt>
   <trkpt lon="7.345573" lat="47.561023"><ele>441.75</ele></trkpt>
   <trkpt lon="7.345837" lat="47.561515"><ele>441.0</ele></trkpt>
   <trkpt lon="7.344494" lat="47.561994"><ele>431.75</ele></trkpt>
   <trkpt lon="7.342720" lat="47.562627"><ele>431.75</ele></trkpt>
   <trkpt lon="7.342461" lat="47.562752"><ele>431.0</ele></trkpt>
   <trkpt lon="7.342388" lat="47.562799"><ele>431.0</ele></trkpt>
   <trkpt lon="7.342308" lat="47.562850"><ele>431.0</ele></trkpt>
   <trkpt lon="7.341062" lat="47.564066"><ele>436.75</ele></trkpt>
   <trkpt lon="7.340891" lat="47.564261"><ele>437.5</ele></trkpt>
   <trkpt lon="7.340136" lat="47.565539"><ele>432.5</ele></trkpt>
   <trkpt lon="7.339804" lat="47.566104"><ele>432.75</ele></trkpt>
   <trkpt lon="7.339167" lat="47.568175"><ele>430.0</ele></trkpt>
   <trkpt lon="7.339100" lat="47.568298"><ele>429.75</ele></trkpt>
   <trkpt lon="7.338405" lat="47.568219"><ele>428.25</ele></trkpt>
   <trkpt lon="7.337958" lat="47.568205"><ele>427.75</ele></trkpt>
   <trkpt lon="7.337044" lat="47.568202"><ele>425.5</ele></trkpt>
   <trkpt lon="7.336906" lat="47.568213"><ele>425.25</ele></trkpt>
   <trkpt lon="7.336862" lat="47.568250"><ele>425.0</ele></trkpt>
   <trkpt lon="7.336755" lat="47.569001"><ele>424.25</ele></trkpt>
   <trkpt lon="7.336597" lat="47.569336"><ele>423.25</ele></trkpt>
   <trkpt lon="7.336321" lat="47.569777"><ele>422.5</ele></trkpt>
   <trkpt lon="7.335815" lat="47.570345"><ele>420.75</ele></trkpt>
   <trkpt lon="7.335246" lat="47.571047"><ele>419.75</ele></trkpt>
   <trkpt lon="7.335157" lat="47.571192"><ele>419.25</ele></trkpt>
   <trkpt lon="7.334704" lat="47.571933"><ele>418.0</ele></trkpt>
   <trkpt lon="7.334309" lat="47.572416"><ele>418.0</ele></trkpt>
   <trkpt lon="7.333862" lat="47.572773"><ele>417.75</ele></trkpt>
   <trkpt lon="7.334008" lat="47.572818"><ele>418.0</ele></trkpt>
   <trkpt lon="7.337799" lat="47.573207"><ele>427.5</ele></trkpt>
   <trkpt lon="7.338921" lat="47.573315"><ele>424.75</ele></trkpt>
   <trkpt lon="7.339044" lat="47.573327"><ele>424.25</ele></trkpt>
   <trkpt lon="7.340981" lat="47.573841"><ele>419.5</ele></trkpt>
   <trkpt lon="7.341794" lat="47.574075"><ele>418.0</ele></trkpt>
   <trkpt lon="7.343144" lat="47.574450"><ele>419.25</ele></trkpt>
   <trkpt lon="7.343214" lat="47.574515"><ele>419.25</ele></trkpt>
   <trkpt lon="7.343727" lat="47.575831"><ele>417.25</ele></trkpt>
   <trkpt lon="7.343700" lat="47.575961"><ele>417.0</ele></trkpt>
   <trkpt lon="7.342923" lat="47.577702"><ele>413.5</ele></trkpt>
   <trkpt lon="7.342923" lat="47.577811"><ele>413.5</ele></trkpt>
   <trkpt lon="7.343888" lat="47.578820"><ele>417.75</ele></trkpt>
   <trkpt lon="7.341283" lat="47.580097"><ele>417.0</ele></trkpt>
   <trkpt lon="7.338738" lat="47.581425"><ele>417.25</ele></trkpt>
   <trkpt lon="7.337949" lat="47.581913"><ele>415.0</ele></trkpt>
   <trkpt lon="7.337465" lat="47.582224"><ele>412.75</ele></trkpt>
   <trkpt lon="7.337306" lat="47.582416"><ele>411.25</ele></trkpt>
   <trkpt lon="7.337047" lat="47.582755"><ele>409.0</ele></trkpt>
   <trkpt lon="7.336795" lat="47.582961"><ele>408.0</ele></trkpt>
   <trkpt lon="7.335658" lat="47.583758"><ele>404.0</ele></trkpt>
   <trkpt lon="7.333784" lat="47.585265"><ele>401.25</ele></trkpt>
   <trkpt lon="7.332520" lat="47.585935"><ele>399.0</ele></trkpt>
   <trkpt lon="7.330618" lat="47.586790"><ele>398.0</ele></trkpt>
   <trkpt lon="7.328403" lat="47.587715"><ele>397.5</ele></trkpt>
   <trkpt lon="7.329065" lat="47.588560"><ele>389.75</ele></trkpt>
   <trkpt lon="7.329742" lat="47.589531"><ele>384.5</ele></trkpt>
   <trkpt lon="7.330202" lat="47.590205"><ele>380.5</ele></trkpt>
   <trkpt lon="7.330968" lat="47.591329"><ele>372.75</ele></trkpt>
   <trkpt lon="7.332133" lat="47.592790"><ele>363.25</ele></trkpt>
   <trkpt lon="7.332526" lat="47.593260"><ele>359.75</ele></trkpt>
   <trkpt lon="7.332932" lat="47.593744"><ele>356.5</ele></trkpt>
   <trkpt lon="7.333464" lat="47.594547"><ele>351.5</ele></trkpt>
   <trkpt lon="7.334103" lat="47.595642"><ele>347.0</ele></trkpt>
   <trkpt lon="7.334445" lat="47.596296"><ele>345.25</ele></trkpt>
   <trkpt lon="7.335290" lat="47.597717"><ele>340.5</ele></trkpt>
   <trkpt lon="7.336827" lat="47.600011"><ele>329.75</ele></trkpt>
   <trkpt lon="7.336891" lat="47.600128"><ele>329.0</ele></trkpt>
   <trkpt lon="7.337215" lat="47.600612"><ele>326.5</ele></trkpt>
   <trkpt lon="7.337532" lat="47.601116"><ele>324.75</ele></trkpt>
   <trkpt lon="7.337453" lat="47.601141"><ele>324.75</ele></trkpt>
   <trkpt lon="7.337310" lat="47.601187"><ele>324.75</ele></trkpt>
   <trkpt lon="7.336393" lat="47.601439"><ele>324.0</ele></trkpt>
   <trkpt lon="7.336299" lat="47.601468"><ele>324.0</ele></trkpt>
   <trkpt lon="7.335738" lat="47.601626"><ele>325.0</ele></trkpt>
   <trkpt lon="7.335563" lat="47.601697"><ele>324.75</ele></trkpt>
   <trkpt lon="7.335491" lat="47.601737"><ele>324.75</ele></trkpt>
   <trkpt lon="7.335351" lat="47.601843"><ele>324.5</ele></trkpt>
   <trkpt lon="7.335237" lat="47.601949"><ele>324.0</ele></trkpt>
   <trkpt lon="7.335197" lat="47.601998"><ele>324.0</ele></trkpt>
   <trkpt lon="7.335103" lat="47.602182"><ele>324.0</ele></trkpt>
   <trkpt lon="7.335077" lat="47.602252"><ele>323.75</ele></trkpt>
   <trkpt lon="7.335066" lat="47.602281"><ele>323.5</ele></trkpt>
   <trkpt lon="7.334818" lat="47.602275"><ele>323.5</ele></trkpt>
   <trkpt lon="7.334464" lat="47.602286"><ele>323.75</ele></trkpt>
   <trkpt lon="7.333743" lat="47.602392"><ele>324.5</ele></trkpt>
   <trkpt lon="7.333762" lat="47.602420"><ele>324.25</ele></trkpt>
   <trkpt lon="7.333781" lat="47.602455"><ele>324.0</ele></trkpt>
   <trkpt lon="7.333807" lat="47.602499"><ele>323.5</ele></trkpt>
   <trkpt lon="7.333859" lat="47.602651"><ele>322.5</ele></trkpt>
   <trkpt lon="7.333950" lat="47.603122"><ele>320.75</ele></trkpt>
   <trkpt lon="7.333993" lat="47.603459"><ele>319.25</ele></trkpt>
   <trkpt lon="7.333992" lat="47.603575"><ele>318.5</ele></trkpt>
   <trkpt lon="7.333990" lat="47.603609"><ele>318.25</ele></trkpt>
   <trkpt lon="7.333979" lat="47.603717"><ele>319.0</ele></trkpt>
   <trkpt lon="7.333924" lat="47.604035"><ele>320.75</ele></trkpt>
   <trkpt lon="7.333931" lat="47.604205"><ele>321.0</ele></trkpt>
   <trkpt lon="7.333953" lat="47.604359"><ele>321.0</ele></trkpt>
   <trkpt lon="7.333973" lat="47.604431"><ele>321.25</ele></trkpt>
   <trkpt lon="7.334027" lat="47.604551"><ele>322.0</ele></trkpt>
   <trkpt lon="7.334101" lat="47.604663"><ele>322.5</ele></trkpt>
   <trkpt lon="7.334176" lat="47.604764"><ele>323.25</ele></trkpt>
   <trkpt lon="7.334309" lat="47.604921"><ele>325.0</ele></trkpt>
   <trkpt lon="7.335175" lat="47.605944"><ele>336.0</ele></trkpt>
   <trkpt lon="7.335431" lat="47.606258"><ele>339.75</ele></trkpt>
   <trkpt lon="7.335909" lat="47.606867"><ele>347.0</ele></trkpt>
   <trkpt lon="7.336054" lat="47.607065"><ele>349.25</ele></trkpt>
   <trkpt lon="7.336198" lat="47.607291"><ele>352.0</ele></trkpt>
   <trkpt lon="7.336846" lat="47.608397"><ele>367.75</ele></trkpt>
   <trkpt lon="7.336935" lat="47.608587"><ele>369.75</ele></trkpt>
   <trkpt lon="7.337002" lat="47.608831"><ele>372.5</ele></trkpt>
   <trkpt lon="7.337023" lat="47.608964"><ele>374.0</ele></trkpt>
   <trkpt lon="7.337046" lat="47.609159"><ele>376.5</ele></trkpt>
   <trkpt lon="7.337061" lat="47.609398"><ele>378.0</ele></trkpt>
   <trkpt lon="7.337031" lat="47.609815"><ele>380.75</ele></trkpt>
   <trkpt lon="7.336960" lat="47.610290"><ele>384.25</ele></trkpt>
   <trkpt lon="7.336969" lat="47.610582"><ele>387.25</ele></trkpt>
   <trkpt lon="7.337029" lat="47.610858"><ele>389.75</ele></trkpt>
   <trkpt lon="7.337138" lat="47.611199"><ele>392.5</ele></trkpt>
   <trkpt lon="7.337186" lat="47.611338"><ele>393.5</ele></trkpt>
   <trkpt lon="7.337259" lat="47.611488"><ele>394.0</ele></trkpt>
   <trkpt lon="7.337281" lat="47.611518"><ele>394.0</ele></trkpt>
   <trkpt lon="7.337315" lat="47.611555"><ele>394.0</ele></trkpt>
   <trkpt lon="7.337363" lat="47.611618"><ele>394.0</ele></trkpt>
   <trkpt lon="7.337506" lat="47.611772"><ele>393.5</ele></trkpt>
   <trkpt lon="7.338016" lat="47.612270"><ele>391.0</ele></trkpt>
   <trkpt lon="7.338249" lat="47.612507"><ele>390.25</ele></trkpt>
   <trkpt lon="7.338383" lat="47.612661"><ele>389.75</ele></trkpt>
   <trkpt lon="7.338546" lat="47.612859"><ele>389.0</ele></trkpt>
   <trkpt lon="7.339122" lat="47.613602"><ele>387.0</ele></trkpt>
   <trkpt lon="7.339479" lat="47.614040"><ele>386.75</ele></trkpt>
   <trkpt lon="7.339811" lat="47.614488"><ele>384.5</ele></trkpt>
   <trkpt lon="7.339897" lat="47.614623"><ele>383.75</ele></trkpt>
   <trkpt lon="7.339949" lat="47.614732"><ele>383.25</ele></trkpt>
   <trkpt lon="7.339985" lat="47.614862"><ele>382.5</ele></trkpt>
   <trkpt lon="7.340016" lat="47.615038"><ele>381.5</ele></trkpt>
   <trkpt lon="7.340080" lat="47.615405"><ele>379.25</ele></trkpt>
   <trkpt lon="7.340094" lat="47.615527"><ele>378.75</ele></trkpt>
   <trkpt lon="7.340090" lat="47.615665"><ele>377.75</ele></trkpt>
   <trkpt lon="7.340059" lat="47.615852"><ele>376.5</ele></trkpt>
   <trkpt lon="7.340014" lat="47.616031"><ele>376.0</ele></trkpt>
   <trkpt lon="7.339958" lat="47.616201"><ele>375.5</ele></trkpt>
   <trkpt lon="7.339861" lat="47.616420"><ele>374.75</ele></trkpt>
   <trkpt lon="7.339725" lat="47.616832"><ele>373.75</ele></trkpt>
   <trkpt lon="7.339652" lat="47.617191"><ele>372.5</ele></trkpt>
   <trkpt lon="7.339642" lat="47.617455"><ele>371.5</ele></trkpt>
   <trkpt lon="7.339652" lat="47.617667"><ele>370.75</ele></trkpt>
   <trkpt lon="7.339672" lat="47.617762"><ele>370.25</ele></trkpt>
   <trkpt lon="7.339705" lat="47.617868"><ele>369.75</ele></trkpt>
   <trkpt lon="7.339756" lat="47.617993"><ele>369.0</ele></trkpt>
   <trkpt lon="7.339832" lat="47.618156"><ele>368.25</ele></trkpt>
   <trkpt lon="7.340010" lat="47.618480"><ele>366.25</ele></trkpt>
   <trkpt lon="7.340297" lat="47.618943"><ele>363.75</ele></trkpt>
   <trkpt lon="7.340404" lat="47.619100"><ele>363.5</ele></trkpt>
   <trkpt lon="7.340603" lat="47.619299"><ele>362.25</ele></trkpt>
   <trkpt lon="7.341114" lat="47.619837"><ele>359.5</ele></trkpt>
   <trkpt lon="7.341230" lat="47.619970"><ele>359.0</ele></trkpt>
   <trkpt lon="7.341960" lat="47.621071"><ele>350.5</ele></trkpt>
   <trkpt lon="7.342398" lat="47.621804"><ele>346.75</ele></trkpt>
   <trkpt lon="7.342532" lat="47.621974"><ele>345.0</ele></trkpt>
   <trkpt lon="7.342907" lat="47.622312"><ele>343.75</ele></trkpt>
   <trkpt lon="7.343253" lat="47.622590"><ele>343.25</ele></trkpt>
   <trkpt lon="7.343392" lat="47.622716"><ele>343.0</ele></trkpt>
   <trkpt lon="7.343946" lat="47.623298"><ele>341.0</ele></trkpt>
   <trkpt lon="7.344008" lat="47.623371"><ele>340.75</ele></trkpt>
   <trkpt lon="7.344070" lat="47.623460"><ele>340.75</ele></trkpt>
   <trkpt lon="7.344130" lat="47.623573"><ele>340.75</ele></trkpt>
   <trkpt lon="7.344179" lat="47.623695"><ele>340.5</ele></trkpt>
   <trkpt lon="7.344284" lat="47.624103"><ele>339.75</ele></trkpt>
   <trkpt lon="7.344370" lat="47.624487"><ele>339.0</ele></trkpt>
   <trkpt lon="7.344403" lat="47.624590"><ele>338.5</ele></trkpt>
   <trkpt lon="7.344434" lat="47.624654"><ele>338.25</ele></trkpt>
   <trkpt lon="7.344487" lat="47.624722"><ele>338.25</ele></trkpt>
   <trkpt lon="7.344565" lat="47.624783"><ele>338.5</ele></trkpt>
   <trkpt lon="7.344711" lat="47.624880"><ele>338.75</ele></trkpt>
   <trkpt lon="7.344991" lat="47.625094"><ele>338.0</ele></trkpt>
   <trkpt lon="7.345307" lat="47.625270"><ele>334.75</ele></trkpt>
   <trkpt lon="7.345609" lat="47.625461"><ele>333.75</ele></trkpt>
   <trkpt lon="7.345705" lat="47.625550"><ele>333.25</ele></trkpt>
   <trkpt lon="7.345832" lat="47.625686"><ele>332.5</ele></trkpt>
   <trkpt lon="7.345894" lat="47.625776"><ele>331.75</ele></trkpt>
   <trkpt lon="7.345979" lat="47.625939"><ele>331.25</ele></trkpt>
   <trkpt lon="7.345999" lat="47.626020"><ele>331.0</ele></trkpt>
   <trkpt lon="7.345998" lat="47.626195"><ele>330.5</ele></trkpt>
   <trkpt lon="7.345955" lat="47.626536"><ele>329.25</ele></trkpt>
   <trkpt lon="7.345922" lat="47.627062"><ele>327.25</ele></trkpt>
   <trkpt lon="7.345936" lat="47.627121"><ele>327.0</ele></trkpt>
   <trkpt lon="7.346065" lat="47.627163"><ele>327.0</ele></trkpt>
   <trkpt lon="7.346357" lat="47.627226"><ele>326.0</ele></trkpt>
   <trkpt lon="7.346487" lat="47.627278"><ele>327.0</ele></trkpt>
   <trkpt lon="7.346539" lat="47.627311"><ele>327.5</ele></trkpt>
   <trkpt lon="7.346582" lat="47.627343"><ele>327.75</ele></trkpt>
   <trkpt lon="7.346711" lat="47.627473"><ele>329.0</ele></trkpt>
   <trkpt lon="7.347016" lat="47.627814"><ele>330.5</ele></trkpt>
   <trkpt lon="7.347086" lat="47.627908"><ele>331.25</ele></trkpt>
   <trkpt lon="7.347178" lat="47.628032"><ele>332.5</ele></trkpt>
   <trkpt lon="7.347221" lat="47.628076"><ele>333.0</ele></trkpt>
   <trkpt lon="7.347272" lat="47.628108"><ele>333.5</ele></trkpt>
   <trkpt lon="7.347341" lat="47.628143"><ele>334.0</ele></trkpt>
   <trkpt lon="7.347439" lat="47.628172"><ele>334.5</ele></trkpt>
   <trkpt lon="7.347531" lat="47.628183"><ele>335.0</ele></trkpt>
   <trkpt lon="7.347624" lat="47.628184"><ele>335.75</ele></trkpt>
   <trkpt lon="7.347716" lat="47.628176"><ele>336.5</ele></trkpt>
   <trkpt lon="7.347937" lat="47.628147"><ele>338.0</ele></trkpt>
   <trkpt lon="7.348619" lat="47.628007"><ele>342.0</ele></trkpt>
   <trkpt lon="7.348864" lat="47.627944"><ele>343.25</ele></trkpt>
   <trkpt lon="7.349318" lat="47.627796"><ele>345.25</ele></trkpt>
   <trkpt lon="7.349396" lat="47.627777"><ele>345.75</ele></trkpt>
   <trkpt lon="7.349456" lat="47.627765"><ele>346.0</ele></trkpt>
   <trkpt lon="7.349571" lat="47.627767"><ele>346.5</ele></trkpt>
   <trkpt lon="7.349662" lat="47.627778"><ele>346.75</ele></trkpt>
   <trkpt lon="7.349622" lat="47.627840"><ele>346.25</ele></trkpt>
   <trkpt lon="7.349402" lat="47.628100"><ele>343.75</ele></trkpt>
   <trkpt lon="7.348936" lat="47.628719"><ele>339.25</ele></trkpt>
   <trkpt lon="7.348275" lat="47.629498"><ele>334.75</ele></trkpt>
   <trkpt lon="7.347719" lat="47.630146"><ele>331.75</ele></trkpt>
   <trkpt lon="7.347350" lat="47.630561"><ele>329.25</ele></trkpt>
   <trkpt lon="7.347292" lat="47.630615"><ele>329.25</ele></trkpt>
   <trkpt lon="7.347346" lat="47.630649"><ele>329.25</ele></trkpt>
   <trkpt lon="7.347308" lat="47.630670"><ele>329.25</ele></trkpt>
   <trkpt lon="7.346695" lat="47.631438"><ele>325.75</ele></trkpt>
   <trkpt lon="7.346349" lat="47.631892"><ele>323.25</ele></trkpt>
   <trkpt lon="7.345992" lat="47.631806"><ele>323.25</ele></trkpt>
   <trkpt lon="7.345732" lat="47.631770"><ele>323.0</ele></trkpt>
   <trkpt lon="7.345658" lat="47.631769"><ele>322.75</ele></trkpt>
   <trkpt lon="7.345595" lat="47.631783"><ele>322.5</ele></trkpt>
   <trkpt lon="7.345540" lat="47.631811"><ele>322.25</ele></trkpt>
   <trkpt lon="7.345493" lat="47.631846"><ele>322.25</ele></trkpt>
   <trkpt lon="7.345444" lat="47.631892"><ele>322.0</ele></trkpt>
   <trkpt lon="7.345118" lat="47.632255"><ele>321.25</ele></trkpt>
   <trkpt lon="7.345060" lat="47.632308"><ele>321.25</ele></trkpt>
   <trkpt lon="7.344927" lat="47.632396"><ele>321.5</ele></trkpt>
   <trkpt lon="7.344855" lat="47.632433"><ele>321.75</ele></trkpt>
   <trkpt lon="7.344775" lat="47.632461"><ele>321.75</ele></trkpt>
   <trkpt lon="7.344686" lat="47.632482"><ele>321.75</ele></trkpt>
   <trkpt lon="7.344617" lat="47.632486"><ele>321.75</ele></trkpt>
   <trkpt lon="7.344537" lat="47.632482"><ele>321.75</ele></trkpt>
   <trkpt lon="7.344255" lat="47.632457"><ele>321.75</ele></trkpt>
   <trkpt lon="7.344160" lat="47.632461"><ele>321.75</ele></trkpt>
   <trkpt lon="7.344036" lat="47.632483"><ele>321.75</ele></trkpt>
   <trkpt lon="7.343880" lat="47.632557"><ele>322.0</ele></trkpt>
   <trkpt lon="7.343762" lat="47.632633"><ele>322.25</ele></trkpt>
   <trkpt lon="7.343560" lat="47.632784"><ele>322.0</ele></trkpt>
   <trkpt lon="7.343186" lat="47.633081"><ele>324.0</ele></trkpt>
   <trkpt lon="7.343144" lat="47.633139"><ele>324.0</ele></trkpt>
   <trkpt lon="7.343147" lat="47.633176"><ele>324.25</ele></trkpt>
   <trkpt lon="7.343169" lat="47.633217"><ele>324.25</ele></trkpt>
   <trkpt lon="7.343215" lat="47.633270"><ele>324.25</ele></trkpt>
   <trkpt lon="7.343268" lat="47.633314"><ele>324.0</ele></trkpt>
   <trkpt lon="7.343332" lat="47.633351"><ele>324.25</ele></trkpt>
   <trkpt lon="7.343436" lat="47.633400"><ele>325.75</ele></trkpt>
   <trkpt lon="7.343551" lat="47.633440"><ele>326.75</ele></trkpt>
   <trkpt lon="7.343684" lat="47.633480"><ele>327.25</ele></trkpt>
   <trkpt lon="7.343904" lat="47.633530"><ele>326.5</ele></trkpt>
   <trkpt lon="7.344556" lat="47.633648"><ele>328.25</ele></trkpt>
   <trkpt lon="7.344681" lat="47.633678"><ele>328.5</ele></trkpt>
   <trkpt lon="7.344968" lat="47.633773"><ele>328.25</ele></trkpt>
   <trkpt lon="7.345296" lat="47.633907"><ele>328.75</ele></trkpt>
   <trkpt lon="7.345446" lat="47.633959"><ele>328.5</ele></trkpt>
   <trkpt lon="7.346972" lat="47.634430"><ele>328.5</ele></trkpt>
   <trkpt lon="7.347156" lat="47.634513"><ele>328.25</ele></trkpt>
   <trkpt lon="7.347733" lat="47.634945"><ele>330.5</ele></trkpt>
   <trkpt lon="7.347812" lat="47.635042"><ele>331.0</ele></trkpt>
   <trkpt lon="7.347845" lat="47.635106"><ele>331.25</ele></trkpt>
   <trkpt lon="7.347884" lat="47.635219"><ele>331.75</ele></trkpt>
   <trkpt lon="7.348038" lat="47.636121"><ele>337.0</ele></trkpt>
   <trkpt lon="7.348095" lat="47.636340"><ele>337.75</ele></trkpt>
   <trkpt lon="7.348163" lat="47.636479"><ele>338.25</ele></trkpt>
   <trkpt lon="7.348550" lat="47.637185"><ele>339.75</ele></trkpt>
   <trkpt lon="7.348653" lat="47.637390"><ele>339.75</ele></trkpt>
   <trkpt lon="7.348682" lat="47.637471"><ele>339.5</ele></trkpt>
   <trkpt lon="7.348691" lat="47.637532"><ele>339.5</ele></trkpt>
   <trkpt lon="7.348714" lat="47.638042"><ele>337.25</ele></trkpt>
   <trkpt lon="7.348754" lat="47.638433"><ele>335.5</ele></trkpt>
   <trkpt lon="7.348750" lat="47.638492"><ele>335.25</ele></trkpt>
   <trkpt lon="7.348613" lat="47.639224"><ele>334.75</ele></trkpt>
   <trkpt lon="7.348606" lat="47.639375"><ele>335.0</ele></trkpt>
   <trkpt lon="7.348618" lat="47.639431"><ele>334.75</ele></trkpt>
   <trkpt lon="7.348648" lat="47.639498"><ele>334.5</ele></trkpt>
   <trkpt lon="7.348726" lat="47.639606"><ele>334.25</ele></trkpt>
   <trkpt lon="7.348932" lat="47.639826"><ele>335.0</ele></trkpt>
   <trkpt lon="7.349012" lat="47.639940"><ele>335.0</ele></trkpt>
   <trkpt lon="7.349069" lat="47.640100"><ele>335.0</ele></trkpt>
   <trkpt lon="7.349202" lat="47.640557"><ele>336.0</ele></trkpt>
   <trkpt lon="7.349223" lat="47.640814"><ele>336.75</ele></trkpt>
   <trkpt lon="7.349232" lat="47.641063"><ele>337.75</ele></trkpt>
   <trkpt lon="7.349222" lat="47.641453"><ele>338.25</ele></trkpt>
   <trkpt lon="7.349233" lat="47.641585"><ele>338.75</ele></trkpt>
   <trkpt lon="7.349265" lat="47.641675"><ele>339.0</ele></trkpt>
   <trkpt lon="7.349315" lat="47.641761"><ele>339.0</ele></trkpt>
   <trkpt lon="7.349552" lat="47.642078"><ele>338.5</ele></trkpt>
   <trkpt lon="7.349634" lat="47.642216"><ele>338.0</ele></trkpt>
   <trkpt lon="7.349657" lat="47.642277"><ele>338.0</ele></trkpt>
   <trkpt lon="7.349677" lat="47.642356"><ele>338.0</ele></trkpt>
   <trkpt lon="7.349707" lat="47.642577"><ele>337.5</ele></trkpt>
   <trkpt lon="7.349707" lat="47.642809"><ele>337.0</ele></trkpt>
   <trkpt lon="7.349658" lat="47.643366"><ele>337.0</ele></trkpt>
   <trkpt lon="7.349667" lat="47.643525"><ele>337.0</ele></trkpt>
   <trkpt lon="7.349685" lat="47.643600"><ele>337.0</ele></trkpt>
   <trkpt lon="7.349846" lat="47.643918"><ele>338.0</ele></trkpt>
   <trkpt lon="7.349859" lat="47.643970"><ele>338.0</ele></trkpt>
   <trkpt lon="7.349863" lat="47.644035"><ele>338.25</ele></trkpt>
   <trkpt lon="7.349856" lat="47.644157"><ele>338.25</ele></trkpt>
   <trkpt lon="7.349741" lat="47.644770"><ele>339.5</ele></trkpt>
   <trkpt lon="7.349714" lat="47.644824"><ele>338.75</ele></trkpt>
   <trkpt lon="7.349768" lat="47.644864"><ele>338.75</ele></trkpt>
   <trkpt lon="7.350460" lat="47.645110"><ele>339.75</ele></trkpt>
   <trkpt lon="7.351957" lat="47.645729"><ele>342.75</ele></trkpt>
   <trkpt lon="7.353127" lat="47.646254"><ele>344.5</ele></trkpt>
   <trkpt lon="7.353435" lat="47.646384"><ele>344.75</ele></trkpt>
   <trkpt lon="7.354063" lat="47.646613"><ele>344.25</ele></trkpt>
   <trkpt lon="7.354318" lat="47.646719"><ele>344.0</ele></trkpt>
   <trkpt lon="7.354556" lat="47.646828"><ele>344.0</ele></trkpt>
   <trkpt lon="7.355440" lat="47.647257"><ele>345.0</ele></trkpt>
   <trkpt lon="7.356651" lat="47.647803"><ele>347.0</ele></trkpt>
   <trkpt lon="7.356895" lat="47.647924"><ele>347.0</ele></trkpt>
   <trkpt lon="7.357604" lat="47.648324"><ele>348.75</ele></trkpt>
   <trkpt lon="7.358001" lat="47.648565"><ele>349.0</ele></trkpt>
   <trkpt lon="7.358551" lat="47.648912"><ele>348.75</ele></trkpt>
   <trkpt lon="7.358736" lat="47.649043"><ele>348.25</ele></trkpt>
   <trkpt lon="7.358848" lat="47.649100"><ele>348.5</ele></trkpt>
   <trkpt lon="7.359214" lat="47.649260"><ele>347.75</ele></trkpt>
   <trkpt lon="7.359592" lat="47.649415"><ele>347.25</ele></trkpt>
   <trkpt lon="7.359860" lat="47.649516"><ele>346.5</ele></trkpt>
   <trkpt lon="7.359986" lat="47.649556"><ele>346.25</ele></trkpt>
   <trkpt lon="7.360120" lat="47.649584"><ele>346.25</ele></trkpt>
   <trkpt lon="7.360651" lat="47.649667"><ele>344.25</ele></trkpt>
   <trkpt lon="7.360774" lat="47.649695"><ele>343.5</ele></trkpt>
   <trkpt lon="7.361055" lat="47.649787"><ele>343.25</ele></trkpt>
   <trkpt lon="7.362128" lat="47.650193"><ele>336.25</ele></trkpt>
   <trkpt lon="7.362264" lat="47.650254"><ele>335.0</ele></trkpt>
   <trkpt lon="7.362606" lat="47.650439"><ele>333.25</ele></trkpt>
   <trkpt lon="7.362800" lat="47.650533"><ele>332.75</ele></trkpt>
   <trkpt lon="7.363699" lat="47.650913"><ele>331.0</ele></trkpt>
   <trkpt lon="7.363819" lat="47.650957"><ele>330.75</ele></trkpt>
   <trkpt lon="7.363929" lat="47.650988"><ele>330.25</ele></trkpt>
   <trkpt lon="7.364232" lat="47.651036"><ele>329.25</ele></trkpt>
   <trkpt lon="7.365031" lat="47.651115"><ele>326.75</ele></trkpt>
   <trkpt lon="7.364796" lat="47.651531"><ele>326.25</ele></trkpt>
   <trkpt lon="7.364298" lat="47.652325"><ele>323.25</ele></trkpt>
   <trkpt lon="7.364001" lat="47.652775"><ele>323.5</ele></trkpt>
   <trkpt lon="7.363920" lat="47.652891"><ele>323.75</ele></trkpt>
   <trkpt lon="7.363836" lat="47.653032"><ele>324.0</ele></trkpt>
   <trkpt lon="7.363761" lat="47.653206"><ele>325.0</ele></trkpt>
   <trkpt lon="7.363679" lat="47.653419"><ele>326.25</ele></trkpt>
   <trkpt lon="7.363453" lat="47.654154"><ele>328.5</ele></trkpt>
   <trkpt lon="7.363361" lat="47.654389"><ele>327.25</ele></trkpt>
   <trkpt lon="7.363139" lat="47.654821"><ele>327.0</ele></trkpt>
   <trkpt lon="7.363128" lat="47.654856"><ele>327.0</ele></trkpt>
   <trkpt lon="7.363130" lat="47.654883"><ele>327.0</ele></trkpt>
   <trkpt lon="7.363155" lat="47.654928"><ele>326.75</ele></trkpt>
   <trkpt lon="7.363278" lat="47.654960"><ele>326.0</ele></trkpt>
   <trkpt lon="7.364376" lat="47.655132"><ele>322.0</ele></trkpt>
   <trkpt lon="7.363395" lat="47.656445"><ele>329.25</ele></trkpt>
   <trkpt lon="7.363583" lat="47.656532"><ele>329.0</ele></trkpt>
   <trkpt lon="7.364215" lat="47.656696"><ele>327.0</ele></trkpt>
   <trkpt lon="7.365004" lat="47.656936"><ele>325.75</ele></trkpt>
   <trkpt lon="7.365053" lat="47.657002"><ele>326.5</ele></trkpt>
   <trkpt lon="7.364833" lat="47.657351"><ele>331.25</ele></trkpt>
   <trkpt lon="7.364219" lat="47.658268"><ele>333.25</ele></trkpt>
   <trkpt lon="7.364217" lat="47.658342"><ele>333.0</ele></trkpt>
   <trkpt lon="7.364321" lat="47.658394"><ele>333.25</ele></trkpt>
   <trkpt lon="7.365963" lat="47.658961"><ele>334.25</ele></trkpt>
   <trkpt lon="7.366259" lat="47.659079"><ele>334.0</ele></trkpt>
   <trkpt lon="7.367704" lat="47.659653"><ele>334.0</ele></trkpt>
   <trkpt lon="7.368012" lat="47.659764"><ele>333.75</ele></trkpt>
   <trkpt lon="7.369139" lat="47.660065"><ele>332.25</ele></trkpt>
   <trkpt lon="7.369497" lat="47.660144"><ele>331.75</ele></trkpt>
   <trkpt lon="7.369953" lat="47.660291"><ele>331.25</ele></trkpt>
   <trkpt lon="7.370050" lat="47.660343"><ele>331.25</ele></trkpt>
   <trkpt lon="7.370449" lat="47.660239"><ele>328.75</ele></trkpt>
   <trkpt lon="7.370726" lat="47.660157"><ele>328.25</ele></trkpt>
   <trkpt lon="7.370966" lat="47.660077"><ele>326.5</ele></trkpt>
   <trkpt lon="7.371162" lat="47.660002"><ele>324.5</ele></trkpt>
   <trkpt lon="7.371390" lat="47.659904"><ele>323.0</ele></trkpt>
   <trkpt lon="7.371493" lat="47.659848"><ele>322.5</ele></trkpt>
   <trkpt lon="7.371567" lat="47.659799"><ele>321.75</ele></trkpt>
   <trkpt lon="7.371656" lat="47.659716"><ele>320.0</ele></trkpt>
   <trkpt lon="7.371725" lat="47.659643"><ele>319.75</ele></trkpt>
   <trkpt lon="7.371851" lat="47.659479"><ele>318.5</ele></trkpt>
   <trkpt lon="7.372487" lat="47.658563"><ele>311.5</ele></trkpt>
   <trkpt lon="7.372723" lat="47.658248"><ele>309.25</ele></trkpt>
   <trkpt lon="7.372957" lat="47.657956"><ele>307.5</ele></trkpt>
   <trkpt lon="7.373320" lat="47.657527"><ele>306.0</ele></trkpt>
   <trkpt lon="7.373463" lat="47.657374"><ele>305.0</ele></trkpt>
   <trkpt lon="7.373659" lat="47.657199"><ele>304.0</ele></trkpt>
   <trkpt lon="7.373749" lat="47.657134"><ele>304.0</ele></trkpt>
   <trkpt lon="7.373795" lat="47.657109"><ele>304.0</ele></trkpt>
   <trkpt lon="7.373878" lat="47.657071"><ele>304.0</ele></trkpt>
   <trkpt lon="7.373899" lat="47.656960"><ele>303.75</ele></trkpt>
   <trkpt lon="7.373934" lat="47.656890"><ele>303.5</ele></trkpt>
   <trkpt lon="7.374006" lat="47.656786"><ele>303.0</ele></trkpt>
   <trkpt lon="7.374111" lat="47.656664"><ele>302.75</ele></trkpt>
   <trkpt lon="7.374618" lat="47.656114"><ele>301.75</ele></trkpt>
   <trkpt lon="7.374895" lat="47.655797"><ele>301.5</ele></trkpt>
   <trkpt lon="7.375105" lat="47.655543"><ele>301.5</ele></trkpt>
   <trkpt lon="7.375997" lat="47.655932"><ele>300.25</ele></trkpt>
   <trkpt lon="7.376106" lat="47.655956"><ele>300.25</ele></trkpt>
   <trkpt lon="7.376116" lat="47.655921"><ele>300.25</ele></trkpt>
   <trkpt lon="7.376280" lat="47.655323"><ele>299.25</ele></trkpt>
   <trkpt lon="7.376374" lat="47.654955"><ele>298.0</ele></trkpt>
   <trkpt lon="7.376503" lat="47.654779"><ele>298.25</ele></trkpt>
   <trkpt lon="7.377002" lat="47.654157"><ele>297.0</ele></trkpt>
   <trkpt lon="7.377011" lat="47.654114"><ele>297.0</ele></trkpt>
   <trkpt lon="7.376626" lat="47.653974"><ele>297.25</ele></trkpt>
   <trkpt lon="7.376543" lat="47.653937"><ele>297.0</ele></trkpt>
   <trkpt lon="7.376520" lat="47.653911"><ele>297.0</ele></trkpt>
   <trkpt lon="7.376513" lat="47.653878"><ele>296.75</ele></trkpt>
   <trkpt lon="7.376546" lat="47.653354"><ele>296.25</ele></trkpt>
   <trkpt lon="7.376634" lat="47.653057"><ele>296.0</ele></trkpt>
   <trkpt lon="7.376671" lat="47.653031"><ele>296.0</ele></trkpt>
   <trkpt lon="7.376748" lat="47.653002"><ele>296.0</ele></trkpt>
   <trkpt lon="7.377211" lat="47.652862"><ele>296.0</ele></trkpt>
   <trkpt lon="7.377295" lat="47.652828"><ele>296.0</ele></trkpt>
   <trkpt lon="7.377351" lat="47.652796"><ele>296.0</ele></trkpt>
   <trkpt lon="7.377411" lat="47.652751"><ele>295.75</ele></trkpt>
   <trkpt lon="7.377802" lat="47.652330"><ele>296.0</ele></trkpt>
   <trkpt lon="7.377843" lat="47.652272"><ele>296.0</ele></trkpt>
   <trkpt lon="7.377957" lat="47.652026"><ele>295.5</ele></trkpt>
   <trkpt lon="7.378120" lat="47.651600"><ele>295.0</ele></trkpt>
   <trkpt lon="7.378274" lat="47.651393"><ele>295.0</ele></trkpt>
   <trkpt lon="7.378296" lat="47.651364"><ele>295.0</ele></trkpt>
   <trkpt lon="7.378391" lat="47.651262"><ele>295.0</ele></trkpt>
   <trkpt lon="7.378570" lat="47.651114"><ele>295.0</ele></trkpt>
   <trkpt lon="7.378637" lat="47.651068"><ele>295.0</ele></trkpt>
   <trkpt lon="7.378678" lat="47.651106"><ele>295.0</ele></trkpt>
   <trkpt lon="7.379399" lat="47.650692"><ele>295.0</ele></trkpt>
   <trkpt lon="7.381555" lat="47.650020"><ele>293.5</ele></trkpt>
   <trkpt lon="7.381898" lat="47.649853"><ele>293.25</ele></trkpt>
   <trkpt lon="7.382354" lat="47.649625"><ele>293.0</ele></trkpt>
   <trkpt lon="7.382841" lat="47.649446"><ele>292.0</ele></trkpt>
   <trkpt lon="7.383303" lat="47.649312"><ele>292.5</ele></trkpt>
   <trkpt lon="7.383574" lat="47.649208"><ele>293.0</ele></trkpt>
   <trkpt lon="7.384237" lat="47.648909"><ele>292.25</ele></trkpt>
   <trkpt lon="7.384392" lat="47.648833"><ele>292.5</ele></trkpt>
   <trkpt lon="7.384473" lat="47.648807"><ele>292.5</ele></trkpt>
   <trkpt lon="7.384539" lat="47.648799"><ele>292.5</ele></trkpt>
   <trkpt lon="7.384734" lat="47.648807"><ele>292.5</ele></trkpt>
   <trkpt lon="7.388307" lat="47.649159"><ele>294.75</ele></trkpt>
   <trkpt lon="7.389087" lat="47.649237"><ele>294.5</ele></trkpt>
   <trkpt lon="7.390339" lat="47.649409"><ele>292.75</ele></trkpt>
   <trkpt lon="7.390306" lat="47.649631"><ele>294.25</ele></trkpt>
   <trkpt lon="7.390291" lat="47.649937"><ele>295.75</ele></trkpt>
   <trkpt lon="7.390299" lat="47.649953"><ele>295.75</ele></trkpt>
   <trkpt lon="7.390322" lat="47.649969"><ele>295.75</ele></trkpt>
   <trkpt lon="7.390403" lat="47.650012"><ele>296.0</ele></trkpt>
   <trkpt lon="7.390496" lat="47.650036"><ele>296.25</ele></trkpt>
   <trkpt lon="7.390484" lat="47.650097"><ele>296.75</ele></trkpt>
   <trkpt lon="7.390521" lat="47.650254"><ele>298.0</ele></trkpt>
   <trkpt lon="7.390589" lat="47.650397"><ele>298.75</ele></trkpt>
   <trkpt lon="7.390627" lat="47.650451"><ele>299.0</ele></trkpt>
   <trkpt lon="7.390668" lat="47.650474"><ele>299.0</ele></trkpt>
   <trkpt lon="7.390715" lat="47.650491"><ele>299.0</ele></trkpt>
   <trkpt lon="7.390897" lat="47.650521"><ele>299.0</ele></trkpt>
   <trkpt lon="7.390811" lat="47.650637"><ele>299.75</ele></trkpt>
   <trkpt lon="7.390666" lat="47.650748"><ele>300.75</ele></trkpt>
   <trkpt lon="7.390325" lat="47.651318"><ele>304.0</ele></trkpt>
   <trkpt lon="7.390224" lat="47.651479"><ele>305.25</ele></trkpt>
   <trkpt lon="7.390397" lat="47.651563"><ele>305.75</ele></trkpt>
   <trkpt lon="7.390895" lat="47.651851"><ele>305.25</ele></trkpt>
   <trkpt lon="7.391866" lat="47.652380"><ele>306.0</ele></trkpt>
   <trkpt lon="7.391920" lat="47.652405"><ele>306.25</ele></trkpt>
   <trkpt lon="7.391981" lat="47.652423"><ele>306.25</ele></trkpt>
   <trkpt lon="7.392141" lat="47.652447"><ele>306.75</ele></trkpt>
   <trkpt lon="7.393317" lat="47.652558"><ele>307.25</ele></trkpt>
   <trkpt lon="7.393642" lat="47.652573"><ele>308.25</ele></trkpt>
   <trkpt lon="7.394111" lat="47.652616"><ele>308.25</ele></trkpt>
   <trkpt lon="7.395036" lat="47.652675"><ele>307.0</ele></trkpt>
   <trkpt lon="7.395076" lat="47.652673"><ele>307.0</ele></trkpt>
   <trkpt lon="7.395111" lat="47.652664"><ele>307.25</ele></trkpt>
   <trkpt lon="7.395128" lat="47.652653"><ele>307.25</ele></trkpt>
   <trkpt lon="7.395229" lat="47.652681"><ele>307.75</ele></trkpt>
   <trkpt lon="7.395284" lat="47.652711"><ele>308.0</ele></trkpt>
   <trkpt lon="7.395466" lat="47.652784"><ele>308.0</ele></trkpt>
   <trkpt lon="7.396031" lat="47.652967"><ele>311.0</ele></trkpt>
   <trkpt lon="7.396187" lat="47.653028"><ele>310.75</ele></trkpt>
   <trkpt lon="7.396321" lat="47.653084"><ele>311.25</ele></trkpt>
   <trkpt lon="7.396709" lat="47.653285"><ele>313.25</ele></trkpt>
   <trkpt lon="7.397028" lat="47.653478"><ele>314.75</ele></trkpt>
   <trkpt lon="7.397203" lat="47.653604"><ele>315.0</ele></trkpt>
   <trkpt lon="7.398265" lat="47.654667"><ele>313.0</ele></trkpt>
   <trkpt lon="7.398383" lat="47.654776"><ele>312.0</ele></trkpt>
   <trkpt lon="7.398529" lat="47.654961"><ele>310.5</ele></trkpt>
   <trkpt lon="7.398691" lat="47.655233"><ele>309.0</ele></trkpt>
   <trkpt lon="7.398806" lat="47.655556"><ele>307.25</ele></trkpt>
   <trkpt lon="7.398855" lat="47.655950"><ele>304.75</ele></trkpt>
   <trkpt lon="7.398963" lat="47.656650"><ele>301.75</ele></trkpt>
   <trkpt lon="7.399004" lat="47.657403"><ele>298.5</ele></trkpt>
   <trkpt lon="7.399028" lat="47.657492"><ele>298.5</ele></trkpt>
   <trkpt lon="7.399082" lat="47.657547"><ele>298.0</ele></trkpt>
   <trkpt lon="7.399185" lat="47.657588"><ele>297.5</ele></trkpt>
   <trkpt lon="7.400204" lat="47.657637"><ele>296.5</ele></trkpt>
   <trkpt lon="7.400338" lat="47.657712"><ele>296.0</ele></trkpt>
   <trkpt lon="7.400556" lat="47.657940"><ele>297.0</ele></trkpt>
   <trkpt lon="7.400840" lat="47.658185"><ele>298.75</ele></trkpt>
   <trkpt lon="7.401028" lat="47.658226"><ele>298.75</ele></trkpt>
   <trkpt lon="7.402610" lat="47.658363"><ele>299.0</ele></trkpt>
   <trkpt lon="7.404588" lat="47.658744"><ele>297.5</ele></trkpt>
   <trkpt lon="7.404983" lat="47.658753"><ele>297.0</ele></trkpt>
   <trkpt lon="7.405730" lat="47.658723"><ele>295.75</ele></trkpt>
   <trkpt lon="7.406053" lat="47.658680"><ele>294.75</ele></trkpt>
   <trkpt lon="7.406229" lat="47.658596"><ele>293.75</ele></trkpt>
   <trkpt lon="7.406480" lat="47.658355"><ele>293.0</ele></trkpt>
   <trkpt lon="7.406886" lat="47.657559"><ele>290.0</ele></trkpt>
   <trkpt lon="7.406951" lat="47.657525"><ele>290.0</ele></trkpt>
   <trkpt lon="7.407016" lat="47.657512"><ele>290.0</ele></trkpt>
   <trkpt lon="7.408973" lat="47.657697"><ele>288.25</ele></trkpt>
   <trkpt lon="7.411391" lat="47.657776"><ele>285.0</ele></trkpt>
   <trkpt lon="7.412418" lat="47.657892"><ele>284.5</ele></trkpt>
   <trkpt lon="7.416150" lat="47.658038"><ele>281.0</ele></trkpt>
   <trkpt lon="7.418287" lat="47.658667"><ele>279.5</ele></trkpt>
   <trkpt lon="7.418825" lat="47.658732"><ele>279.5</ele></trkpt>
   <trkpt lon="7.419452" lat="47.658714"><ele>279.0</ele></trkpt>
   <trkpt lon="7.419879" lat="47.658695"><ele>278.5</ele></trkpt>
   <trkpt lon="7.420446" lat="47.658593"><ele>278.5</ele></trkpt>
   <trkpt lon="7.420663" lat="47.658597"><ele>278.5</ele></trkpt>
   <trkpt lon="7.419928" lat="47.659875"><ele>286.75</ele></trkpt>
   <trkpt lon="7.419353" lat="47.660773"><ele>297.25</ele></trkpt>
   <trkpt lon="7.419173" lat="47.661083"><ele>296.25</ele></trkpt>
   <trkpt lon="7.419004" lat="47.661437"><ele>296.0</ele></trkpt>
   <trkpt lon="7.418887" lat="47.661756"><ele>296.25</ele></trkpt>
   <trkpt lon="7.418842" lat="47.662171"><ele>295.25</ele></trkpt>
   <trkpt lon="7.418849" lat="47.662335"><ele>294.0</ele></trkpt>
   <trkpt lon="7.418765" lat="47.662951"><ele>289.75</ele></trkpt>
   <trkpt lon="7.418705" lat="47.663552"><ele>287.75</ele></trkpt>
   <trkpt lon="7.419270" lat="47.663513"><ele>286.0</ele></trkpt>
   <trkpt lon="7.419814" lat="47.663459"><ele>284.5</ele></trkpt>
   <trkpt lon="7.420822" lat="47.663300"><ele>283.0</ele></trkpt>
   <trkpt lon="7.421069" lat="47.663277"><ele>282.0</ele></trkpt>
   <trkpt lon="7.421993" lat="47.663346"><ele>280.75</ele></trkpt>
   <trkpt lon="7.422207" lat="47.663373"><ele>280.75</ele></trkpt>
   <trkpt lon="7.422795" lat="47.663523"><ele>280.5</ele></trkpt>
   <trkpt lon="7.422993" lat="47.663562"><ele>280.25</ele></trkpt>
   <trkpt lon="7.423216" lat="47.663591"><ele>280.0</ele></trkpt>
   <trkpt lon="7.423454" lat="47.663611"><ele>280.0</ele></trkpt>
   <trkpt lon="7.424543" lat="47.663678"><ele>278.75</ele></trkpt>
   <trkpt lon="7.424793" lat="47.663690"><ele>279.0</ele></trkpt>
   <trkpt lon="7.425057" lat="47.663693"><ele>279.0</ele></trkpt>
   <trkpt lon="7.425198" lat="47.663675"><ele>279.0</ele></trkpt>
   <trkpt lon="7.425298" lat="47.663650"><ele>278.75</ele></trkpt>
   <trkpt lon="7.425730" lat="47.663512"><ele>279.25</ele></trkpt>
   <trkpt lon="7.426523" lat="47.663123"><ele>278.5</ele></trkpt>
   <trkpt lon="7.427857" lat="47.662548"><ele>277.75</ele></trkpt>
   <trkpt lon="7.428329" lat="47.662651"><ele>277.5</ele></trkpt>
   <trkpt lon="7.428588" lat="47.662726"><ele>277.75</ele></trkpt>
   <trkpt lon="7.430187" lat="47.663181"><ele>284.5</ele></trkpt>
   <trkpt lon="7.431170" lat="47.663449"><ele>288.0</ele></trkpt>
   <trkpt lon="7.432270" lat="47.663719"><ele>289.5</ele></trkpt>
   <trkpt lon="7.432417" lat="47.663723"><ele>289.75</ele></trkpt>
   <trkpt lon="7.432479" lat="47.663708"><ele>289.75</ele></trkpt>
   <trkpt lon="7.432546" lat="47.663633"><ele>289.75</ele></trkpt>
   <trkpt lon="7.433004" lat="47.662443"><ele>291.0</ele></trkpt>
   <trkpt lon="7.433299" lat="47.661617"><ele>293.25</ele></trkpt>
   <trkpt lon="7.433329" lat="47.661383"><ele>295.0</ele></trkpt>
   <trkpt lon="7.433382" lat="47.661278"><ele>295.25</ele></trkpt>
   <trkpt lon="7.433908" lat="47.661719"><ele>289.75</ele></trkpt>
   <trkpt lon="7.436249" lat="47.663254"><ele>272.5</ele></trkpt>
   <trkpt lon="7.437043" lat="47.663619"><ele>267.75</ele></trkpt>
   <trkpt lon="7.438971" lat="47.664322"><ele>259.5</ele></trkpt>
   <trkpt lon="7.440067" lat="47.664730"><ele>255.75</ele></trkpt>
   <trkpt lon="7.440138" lat="47.664795"><ele>255.5</ele></trkpt>
   <trkpt lon="7.440280" lat="47.664803"><ele>255.5</ele></trkpt>
   <trkpt lon="7.441007" lat="47.664932"><ele>254.0</ele></trkpt>
   <trkpt lon="7.441582" lat="47.664988"><ele>254.0</ele></trkpt>
   <trkpt lon="7.441847" lat="47.664985"><ele>254.0</ele></trkpt>
   <trkpt lon="7.441988" lat="47.664983"><ele>254.0</ele></trkpt>
   <trkpt lon="7.443212" lat="47.664948"><ele>253.0</ele></trkpt>
   <trkpt lon="7.443476" lat="47.664949"><ele>253.0</ele></trkpt>
   <trkpt lon="7.443530" lat="47.664951"><ele>253.0</ele></trkpt>
   <trkpt lon="7.443648" lat="47.664955"><ele>253.25</ele></trkpt>
   <trkpt lon="7.443686" lat="47.664956"><ele>253.25</ele></trkpt>
   <trkpt lon="7.443696" lat="47.664908"><ele>253.25</ele></trkpt>
   <trkpt lon="7.443751" lat="47.664679"><ele>253.25</ele></trkpt>
   <trkpt lon="7.443762" lat="47.664647"><ele>253.25</ele></trkpt>
   <trkpt lon="7.443782" lat="47.664623"><ele>253.25</ele></trkpt>
   <trkpt lon="7.443816" lat="47.664593"><ele>253.25</ele></trkpt>
   <trkpt lon="7.444462" lat="47.664210"><ele>253.25</ele></trkpt>
   <trkpt lon="7.444863" lat="47.664302"><ele>253.0</ele></trkpt>
   <trkpt lon="7.444951" lat="47.664252"><ele>253.25</ele></trkpt>
   <trkpt lon="7.445102" lat="47.664196"><ele>253.25</ele></trkpt>
   <trkpt lon="7.445125" lat="47.664180"><ele>253.25</ele></trkpt>
   <trkpt lon="7.445587" lat="47.663577"><ele>254.0</ele></trkpt>
   <trkpt lon="7.445726" lat="47.663374"><ele>254.0</ele></trkpt>
   <trkpt lon="7.446016" lat="47.662979"><ele>254.25</ele></trkpt>
   <trkpt lon="7.446137" lat="47.662825"><ele>254.0</ele></trkpt>
   <trkpt lon="7.446366" lat="47.662576"><ele>254.5</ele></trkpt>
   <trkpt lon="7.446670" lat="47.662290"><ele>254.75</ele></trkpt>
   <trkpt lon="7.446852" lat="47.662138"><ele>254.5</ele></trkpt>
   <trkpt lon="7.447209" lat="47.661849"><ele>254.5</ele></trkpt>
   <trkpt lon="7.447961" lat="47.661273"><ele>254.75</ele></trkpt>
   <trkpt lon="7.447971" lat="47.661256"><ele>254.75</ele></trkpt>
   <trkpt lon="7.447961" lat="47.661239"><ele>254.75</ele></trkpt>
   <trkpt lon="7.447886" lat="47.661194"><ele>254.75</ele></trkpt>
   <trkpt lon="7.447915" lat="47.661155"><ele>254.75</ele></trkpt>
   <trkpt lon="7.447951" lat="47.661123"><ele>254.75</ele></trkpt>
   <trkpt lon="7.448028" lat="47.661155"><ele>254.75</ele></trkpt>
   <trkpt lon="7.448090" lat="47.661161"><ele>254.75</ele></trkpt>
   <trkpt lon="7.448132" lat="47.661156"><ele>254.75</ele></trkpt>
   <trkpt lon="7.448179" lat="47.661146"><ele>254.75</ele></trkpt>
   <trkpt lon="7.448235" lat="47.661109"><ele>255.0</ele></trkpt>
   <trkpt lon="7.449029" lat="47.660418"><ele>255.0</ele></trkpt>
   <trkpt lon="7.449168" lat="47.660290"><ele>254.75</ele></trkpt>
   <trkpt lon="7.449220" lat="47.660239"><ele>255.0</ele></trkpt>
   <trkpt lon="7.449299" lat="47.660143"><ele>255.0</ele></trkpt>
   <trkpt lon="7.449326" lat="47.660101"><ele>255.25</ele></trkpt>
   <trkpt lon="7.449344" lat="47.660034"><ele>255.5</ele></trkpt>
   <trkpt lon="7.449371" lat="47.660006"><ele>255.5</ele></trkpt>
   <trkpt lon="7.449510" lat="47.659938"><ele>255.75</ele></trkpt>
   <trkpt lon="7.449619" lat="47.659868"><ele>255.5</ele></trkpt>
   <trkpt lon="7.449821" lat="47.659701"><ele>256.0</ele></trkpt>
   <trkpt lon="7.450187" lat="47.659365"><ele>256.0</ele></trkpt>
   <trkpt lon="7.450623" lat="47.658943"><ele>255.75</ele></trkpt>
   <trkpt lon="7.451129" lat="47.658359"><ele>256.75</ele></trkpt>
   <trkpt lon="7.451165" lat="47.658344"><ele>256.75</ele></trkpt>
   <trkpt lon="7.451219" lat="47.658350"><ele>256.5</ele></trkpt>
   <trkpt lon="7.451258" lat="47.658359"><ele>256.25</ele></trkpt>
   <trkpt lon="7.451288" lat="47.658356"><ele>256.25</ele></trkpt>
   <trkpt lon="7.451526" lat="47.658062"><ele>256.75</ele></trkpt>
   <trkpt lon="7.451464" lat="47.658037"><ele>257.0</ele></trkpt>
   <trkpt lon="7.451508" lat="47.657989"><ele>257.0</ele></trkpt>
   <trkpt lon="7.451572" lat="47.657918"><ele>257.0</ele></trkpt>
   <trkpt lon="7.451680" lat="47.657955"><ele>257.0</ele></trkpt>
   <trkpt lon="7.451747" lat="47.657977"><ele>257.0</ele></trkpt>
   <trkpt lon="7.452629" lat="47.658299"><ele>255.5</ele></trkpt>
   <trkpt lon="7.452664" lat="47.658259"><ele>255.5</ele></trkpt>
   <trkpt lon="7.453191" lat="47.657659"><ele>256.0</ele></trkpt>
   <trkpt lon="7.453634" lat="47.657078"><ele>256.0</ele></trkpt>
   <trkpt lon="7.453825" lat="47.656816"><ele>256.0</ele></trkpt>
   <trkpt lon="7.453858" lat="47.656790"><ele>256.0</ele></trkpt>
   <trkpt lon="7.453898" lat="47.656777"><ele>256.0</ele></trkpt>
   <trkpt lon="7.453958" lat="47.656774"><ele>256.0</ele></trkpt>
   <trkpt lon="7.454038" lat="47.656793"><ele>256.0</ele></trkpt>
   <trkpt lon="7.454332" lat="47.656899"><ele>256.0</ele></trkpt>
   <trkpt lon="7.454538" lat="47.656988"><ele>256.0</ele></trkpt>
   <trkpt lon="7.455272" lat="47.657247"><ele>256.0</ele></trkpt>
   <trkpt lon="7.456868" lat="47.657870"><ele>256.5</ele></trkpt>
   <trkpt lon="7.457268" lat="47.657395"><ele>257.0</ele></trkpt>
   <trkpt lon="7.457418" lat="47.657218"><ele>257.0</ele></trkpt>
   <trkpt lon="7.457620" lat="47.656900"><ele>256.5</ele></trkpt>
   <trkpt lon="7.457841" lat="47.656554"><ele>257.0</ele></trkpt>
   <trkpt lon="7.457958" lat="47.656370"><ele>257.0</ele></trkpt>
   <trkpt lon="7.457994" lat="47.656312"><ele>257.0</ele></trkpt>
   <trkpt lon="7.458210" lat="47.656370"><ele>257.0</ele></trkpt>
   <trkpt lon="7.458307" lat="47.656395"><ele>257.0</ele></trkpt>
   <trkpt lon="7.458911" lat="47.656551"><ele>258.75</ele></trkpt>
   <trkpt lon="7.459068" lat="47.656593"><ele>258.0</ele></trkpt>
   <trkpt lon="7.459435" lat="47.656688"><ele>257.0</ele></trkpt>
   <trkpt lon="7.459565" lat="47.656729"><ele>257.0</ele></trkpt>
   <trkpt lon="7.459736" lat="47.656755"><ele>257.0</ele></trkpt>
   <trkpt lon="7.459962" lat="47.656809"><ele>257.0</ele></trkpt>
   <trkpt lon="7.460053" lat="47.656846"><ele>257.0</ele></trkpt>
   <trkpt lon="7.460400" lat="47.656929"><ele>257.0</ele></trkpt>
   <trkpt lon="7.460428" lat="47.656888"><ele>257.0</ele></trkpt>
   <trkpt lon="7.461173" lat="47.655771"><ele>257.75</ele></trkpt>
   <trkpt lon="7.461128" lat="47.655741"><ele>257.5</ele></trkpt>
   <trkpt lon="7.461122" lat="47.655706"><ele>257.5</ele></trkpt>
   <trkpt lon="7.461185" lat="47.655573"><ele>257.25</ele></trkpt>
   <trkpt lon="7.461391" lat="47.655293"><ele>257.0</ele></trkpt>
   <trkpt lon="7.461441" lat="47.655229"><ele>257.0</ele></trkpt>
   <trkpt lon="7.461470" lat="47.655191"><ele>257.0</ele></trkpt>
   <trkpt lon="7.461624" lat="47.655127"><ele>257.0</ele></trkpt>
   <trkpt lon="7.462323" lat="47.654134"><ele>256.75</ele></trkpt>
   <trkpt lon="7.462421" lat="47.654144"><ele>256.75</ele></trkpt>
   <trkpt lon="7.463000" lat="47.654316"><ele>256.0</ele></trkpt>
   <trkpt lon="7.463741" lat="47.654564"><ele>256.25</ele></trkpt>
   <trkpt lon="7.464250" lat="47.654706"><ele>256.0</ele></trkpt>
   <trkpt lon="7.464840" lat="47.654862"><ele>256.0</ele></trkpt>
   <trkpt lon="7.465087" lat="47.654989"><ele>256.0</ele></trkpt>
   <trkpt lon="7.466183" lat="47.655581"><ele>256.0</ele></trkpt>
   <trkpt lon="7.466382" lat="47.655648"><ele>256.0</ele></trkpt>
   <trkpt lon="7.467392" lat="47.655884"><ele>255.75</ele></trkpt>
   <trkpt lon="7.467434" lat="47.655775"><ele>256.0</ele></trkpt>
   <trkpt lon="7.468742" lat="47.654111"><ele>256.0</ele></trkpt>
   <trkpt lon="7.471641" lat="47.650369"><ele>256.0</ele></trkpt>
   <trkpt lon="7.471714" lat="47.650170"><ele>256.0</ele></trkpt>
   <trkpt lon="7.471934" lat="47.648927"><ele>256.75</ele></trkpt>
   <trkpt lon="7.472542" lat="47.648914"><ele>257.0</ele></trkpt>
   <trkpt lon="7.472669" lat="47.648868"><ele>257.0</ele></trkpt>
   <trkpt lon="7.472826" lat="47.648885"><ele>257.0</ele></trkpt>
   <trkpt lon="7.473801" lat="47.648792"><ele>257.0</ele></trkpt>
   <trkpt lon="7.474004" lat="47.648806"><ele>257.0</ele></trkpt>
   <trkpt lon="7.479573" lat="47.649925"><ele>256.75</ele></trkpt>
   <trkpt lon="7.482387" lat="47.650490"><ele>258.0</ele></trkpt>
   <trkpt lon="7.484981" lat="47.651001"><ele>257.25</ele></trkpt>
   <trkpt lon="7.486586" lat="47.651322"><ele>256.75</ele></trkpt>
   <trkpt lon="7.490201" lat="47.652057"><ele>256.25</ele></trkpt>
   <trkpt lon="7.490903" lat="47.652201"><ele>257.75</ele></trkpt>
   <trkpt lon="7.494514" lat="47.652875"><ele>254.5</ele></trkpt>
   <trkpt lon="7.497358" lat="47.647316"><ele>256.0</ele></trkpt>
   <trkpt lon="7.502296" lat="47.637592"><ele>259.0</ele></trkpt>
   <trkpt lon="7.502324" lat="47.637517"><ele>259.0</ele></trkpt>
   <trkpt lon="7.502359" lat="47.637492"><ele>259.0</ele></trkpt>
   <trkpt lon="7.502411" lat="47.637469"><ele>259.0</ele></trkpt>
   <trkpt lon="7.502511" lat="47.637444"><ele>259.25</ele></trkpt>
   <trkpt lon="7.502882" lat="47.637421"><ele>259.25</ele></trkpt>
   <trkpt lon="7.503539" lat="47.637412"><ele>259.25</ele></trkpt>
   <trkpt lon="7.503652" lat="47.637405"><ele>259.25</ele></trkpt>
   <trkpt lon="7.503713" lat="47.637392"><ele>259.0</ele></trkpt>
   <trkpt lon="7.503798" lat="47.637358"><ele>259.0</ele></trkpt>
   <trkpt lon="7.503857" lat="47.637317"><ele>259.0</ele></trkpt>
   <trkpt lon="7.503911" lat="47.637167"><ele>259.0</ele></trkpt>
   <trkpt lon="7.503950" lat="47.637172"><ele>259.0</ele></trkpt>
   <trkpt lon="7.505187" lat="47.637338"><ele>255.5</ele></trkpt>
   <trkpt lon="7.505587" lat="47.637410"><ele>254.25</ele></trkpt>
   <trkpt lon="7.505954" lat="47.637463"><ele>253.5</ele></trkpt>
   <trkpt lon="7.506007" lat="47.637471"><ele>253.25</ele></trkpt>
   <trkpt lon="7.506598" lat="47.637556"><ele>252.0</ele></trkpt>
   <trkpt lon="7.507032" lat="47.637618"><ele>251.5</ele></trkpt>
   <trkpt lon="7.507095" lat="47.637627"><ele>251.5</ele></trkpt>
   <trkpt lon="7.507129" lat="47.637647"><ele>251.25</ele></trkpt>
   <trkpt lon="7.507240" lat="47.637663"><ele>251.25</ele></trkpt>
   <trkpt lon="7.507320" lat="47.637663"><ele>251.25</ele></trkpt>
   <trkpt lon="7.510307" lat="47.638132"><ele>251.5</ele></trkpt>
   <trkpt lon="7.512557" lat="47.638485"><ele>251.0</ele></trkpt>
   <trkpt lon="7.512935" lat="47.638544"><ele>250.25</ele></trkpt>
   <trkpt lon="7.513048" lat="47.638616"><ele>250.0</ele></trkpt>
   <trkpt lon="7.513091" lat="47.638675"><ele>250.0</ele></trkpt>
   <trkpt lon="7.513105" lat="47.638743"><ele>250.25</ele></trkpt>
   <trkpt lon="7.513070" lat="47.638848"><ele>250.75</ele></trkpt>
   <trkpt lon="7.513124" lat="47.638867"><ele>250.5</ele></trkpt>
   <trkpt lon="7.513171" lat="47.638884"><ele>250.5</ele></trkpt>
   <trkpt lon="7.513313" lat="47.638747"><ele>250.0</ele></trkpt>
   <trkpt lon="7.513466" lat="47.638642"><ele>250.0</ele></trkpt>
   <trkpt lon="7.513566" lat="47.638616"><ele>250.0</ele></trkpt>
   <trkpt lon="7.513657" lat="47.638629"><ele>249.75</ele></trkpt>
   <trkpt lon="7.513749" lat="47.638664"><ele>249.5</ele></trkpt>
   <trkpt lon="7.513801" lat="47.638601"><ele>249.25</ele></trkpt>
   <trkpt lon="7.513838" lat="47.638558"><ele>249.0</ele></trkpt>
   <trkpt lon="7.513939" lat="47.638645"><ele>248.5</ele></trkpt>
   <trkpt lon="7.514260" lat="47.638769"><ele>245.5</ele></trkpt>
   <trkpt lon="7.514343" lat="47.638801"><ele>245.0</ele></trkpt>
   <trkpt lon="7.514483" lat="47.638842"><ele>244.25</ele></trkpt>
   <trkpt lon="7.514684" lat="47.638920"><ele>242.5</ele></trkpt>
   <trkpt lon="7.514825" lat="47.638967"><ele>241.0</ele></trkpt>
   <trkpt lon="7.514902" lat="47.638966"><ele>240.5</ele></trkpt>
   <trkpt lon="7.514936" lat="47.638832"><ele>240.25</ele></trkpt>
   <trkpt lon="7.514981" lat="47.638744"><ele>239.5</ele></trkpt>
   <trkpt lon="7.515047" lat="47.638698"><ele>239.0</ele></trkpt>
   <trkpt lon="7.515102" lat="47.638673"><ele>239.0</ele></trkpt>
   <trkpt lon="7.515121" lat="47.638679"><ele>239.0</ele></trkpt>
   <trkpt lon="7.515166" lat="47.638694"><ele>238.75</ele></trkpt>
   <trkpt lon="7.515534" lat="47.638986"><ele>238.25</ele></trkpt>
   <trkpt lon="7.515870" lat="47.639213"><ele>239.0</ele></trkpt>
   <trkpt lon="7.515943" lat="47.639270"><ele>239.0</ele></trkpt>
   <trkpt lon="7.516073" lat="47.639369"><ele>239.0</ele></trkpt>
   <trkpt lon="7.516207" lat="47.639409"><ele>239.0</ele></trkpt>
   <trkpt lon="7.517455" lat="47.639561"><ele>238.25</ele></trkpt>
   <trkpt lon="7.517636" lat="47.639545"><ele>238.25</ele></trkpt>
   <trkpt lon="7.518065" lat="47.639359"><ele>238.75</ele></trkpt>
   <trkpt lon="7.518668" lat="47.638916"><ele>238.25</ele></trkpt>
   <trkpt lon="7.519310" lat="47.638489"><ele>239.0</ele></trkpt>
   <trkpt lon="7.520367" lat="47.637753"><ele>239.0</ele></trkpt>
   <trkpt lon="7.520732" lat="47.637540"><ele>239.0</ele></trkpt>
   <trkpt lon="7.521171" lat="47.637349"><ele>239.25</ele></trkpt>
   <trkpt lon="7.522012" lat="47.637057"><ele>238.75</ele></trkpt>
   <trkpt lon="7.522143" lat="47.637047"><ele>239.0</ele></trkpt>
   <trkpt lon="7.522724" lat="47.637088"><ele>239.5</ele></trkpt>
   <trkpt lon="7.523739" lat="47.637192"><ele>239.0</ele></trkpt>
   <trkpt lon="7.523787" lat="47.637197"><ele>239.0</ele></trkpt>
   <trkpt lon="7.523843" lat="47.637203"><ele>239.0</ele></trkpt>
   <trkpt lon="7.524477" lat="47.637269"><ele>239.0</ele></trkpt>
   <trkpt lon="7.524630" lat="47.637280"><ele>239.0</ele></trkpt>
   <trkpt lon="7.524730" lat="47.637280"><ele>239.0</ele></trkpt>
   <trkpt lon="7.524906" lat="47.637253"><ele>239.0</ele></trkpt>
   <trkpt lon="7.524951" lat="47.637246"><ele>239.0</ele></trkpt>
   <trkpt lon="7.525015" lat="47.637235"><ele>239.0</ele></trkpt>
   <trkpt lon="7.525043" lat="47.637230"><ele>239.0</ele></trkpt>
   <trkpt lon="7.525172" lat="47.637240"><ele>239.5</ele></trkpt>
   <trkpt lon="7.525221" lat="47.637237"><ele>239.75</ele></trkpt>
   <trkpt lon="7.525478" lat="47.637199"><ele>239.75</ele></trkpt>
   <trkpt lon="7.525550" lat="47.637189"><ele>239.75</ele></trkpt>
   <trkpt lon="7.525751" lat="47.637189"><ele>239.75</ele></trkpt>
   <trkpt lon="7.525781" lat="47.637202"><ele>239.75</ele></trkpt>
   <trkpt lon="7.528190" lat="47.636865"><ele>239.5</ele></trkpt>
   <trkpt lon="7.528947" lat="47.636757"><ele>239.75</ele></trkpt>
   <trkpt lon="7.529078" lat="47.636755"><ele>240.0</ele></trkpt>
   <trkpt lon="7.529184" lat="47.636766"><ele>239.75</ele></trkpt>
   <trkpt lon="7.529304" lat="47.636783"><ele>239.75</ele></trkpt>
   <trkpt lon="7.529351" lat="47.636793"><ele>239.75</ele></trkpt>
   <trkpt lon="7.529409" lat="47.636823"><ele>239.25</ele></trkpt>
   <trkpt lon="7.529533" lat="47.636862"><ele>239.5</ele></trkpt>
   <trkpt lon="7.529650" lat="47.636909"><ele>240.25</ele></trkpt>
   <trkpt lon="7.529673" lat="47.636916"><ele>240.5</ele></trkpt>
   <trkpt lon="7.529716" lat="47.636932"><ele>240.75</ele></trkpt>
   <trkpt lon="7.529967" lat="47.637047"><ele>240.0</ele></trkpt>
   <trkpt lon="7.530057" lat="47.637008"><ele>240.0</ele></trkpt>
   <trkpt lon="7.530260" lat="47.637000"><ele>240.0</ele></trkpt>
   <trkpt lon="7.530947" lat="47.636925"><ele>240.0</ele></trkpt>
   <trkpt lon="7.531197" lat="47.636915"><ele>240.0</ele></trkpt>
   <trkpt lon="7.531358" lat="47.636917"><ele>240.0</ele></trkpt>
   <trkpt lon="7.532186" lat="47.636926"><ele>240.0</ele></trkpt>
   <trkpt lon="7.532336" lat="47.636923"><ele>240.25</ele></trkpt>
   <trkpt lon="7.532760" lat="47.636898"><ele>240.0</ele></trkpt>
   <trkpt lon="7.532902" lat="47.636877"><ele>240.0</ele></trkpt>
   <trkpt lon="7.533123" lat="47.636831"><ele>240.0</ele></trkpt>
   <trkpt lon="7.533743" lat="47.636666"><ele>240.0</ele></trkpt>
   <trkpt lon="7.533852" lat="47.636645"><ele>240.0</ele></trkpt>
   <trkpt lon="7.533962" lat="47.636644"><ele>239.5</ele></trkpt>
   <trkpt lon="7.534081" lat="47.636671"><ele>239.25</ele></trkpt>
   <trkpt lon="7.534130" lat="47.636690"><ele>239.0</ele></trkpt>
   <trkpt lon="7.534163" lat="47.636707"><ele>239.0</ele></trkpt>
   <trkpt lon="7.534194" lat="47.636734"><ele>238.75</ele></trkpt>
   <trkpt lon="7.534241" lat="47.636806"><ele>239.0</ele></trkpt>
   <trkpt lon="7.534316" lat="47.636993"><ele>239.0</ele></trkpt>
   <trkpt lon="7.534408" lat="47.637031"><ele>239.0</ele></trkpt>
   <trkpt lon="7.534469" lat="47.637046"><ele>239.0</ele></trkpt>
   <trkpt lon="7.534604" lat="47.637058"><ele>239.0</ele></trkpt>
   <trkpt lon="7.534665" lat="47.637062"><ele>239.0</ele></trkpt>
   <trkpt lon="7.534737" lat="47.636997"><ele>239.0</ele></trkpt>
   <trkpt lon="7.535186" lat="47.636593"><ele>239.0</ele></trkpt>
   <trkpt lon="7.535260" lat="47.636521"><ele>239.0</ele></trkpt>
   <trkpt lon="7.535395" lat="47.636379"><ele>239.25</ele></trkpt>
   <trkpt lon="7.535440" lat="47.636285"><ele>239.5</ele></trkpt>
   <trkpt lon="7.535474" lat="47.636044"><ele>239.75</ele></trkpt>
   <trkpt lon="7.535485" lat="47.635770"><ele>239.5</ele></trkpt>
   <trkpt lon="7.535535" lat="47.635784"><ele>239.75</ele></trkpt>
   <trkpt lon="7.535693" lat="47.635836"><ele>239.5</ele></trkpt>
   <trkpt lon="7.536568" lat="47.636196"><ele>239.75</ele></trkpt>
   <trkpt lon="7.536630" lat="47.636203"><ele>239.75</ele></trkpt>
   <trkpt lon="7.536866" lat="47.636057"><ele>239.75</ele></trkpt>
   <trkpt lon="7.537139" lat="47.635965"><ele>239.25</ele></trkpt>
   <trkpt lon="7.537221" lat="47.635948"><ele>239.25</ele></trkpt>
   <trkpt lon="7.537269" lat="47.635951"><ele>239.25</ele></trkpt>
   <trkpt lon="7.537385" lat="47.635977"><ele>239.0</ele></trkpt>
   <trkpt lon="7.537459" lat="47.636004"><ele>239.0</ele></trkpt>
   <trkpt lon="7.537548" lat="47.636046"><ele>238.75</ele></trkpt>
   <trkpt lon="7.538818" lat="47.636753"><ele>239.0</ele></trkpt>
   <trkpt lon="7.539332" lat="47.637028"><ele>239.0</ele></trkpt>
   <trkpt lon="7.539972" lat="47.636629"><ele>239.0</ele></trkpt>
   <trkpt lon="7.540087" lat="47.636549"><ele>239.0</ele></trkpt>
   <trkpt lon="7.540288" lat="47.636388"><ele>238.75</ele></trkpt>
   <trkpt lon="7.540382" lat="47.636294"><ele>238.75</ele></trkpt>
   <trkpt lon="7.540412" lat="47.636263"><ele>238.75</ele></trkpt>
   <trkpt lon="7.540436" lat="47.636273"><ele>238.75</ele></trkpt>
   <trkpt lon="7.540457" lat="47.636248"><ele>238.75</ele></trkpt>
   <trkpt lon="7.541072" lat="47.635539"><ele>239.0</ele></trkpt>
   <trkpt lon="7.541925" lat="47.634531"><ele>239.0</ele></trkpt>
   <trkpt lon="7.542428" lat="47.633941"><ele>239.75</ele></trkpt>
   <trkpt lon="7.542512" lat="47.633842"><ele>239.75</ele></trkpt>
   <trkpt lon="7.542427" lat="47.633783"><ele>239.75</ele></trkpt>
   <trkpt lon="7.541917" lat="47.633154"><ele>239.5</ele></trkpt>
   <trkpt lon="7.541612" lat="47.632840"><ele>239.0</ele></trkpt>
   <trkpt lon="7.541439" lat="47.632607"><ele>239.0</ele></trkpt>
   <trkpt lon="7.541327" lat="47.632526"><ele>239.0</ele></trkpt>
   <trkpt lon="7.541370" lat="47.632427"><ele>239.0</ele></trkpt>
   <trkpt lon="7.541778" lat="47.631933"><ele>238.75</ele></trkpt>
   <trkpt lon="7.541802" lat="47.631830"><ele>239.0</ele></trkpt>
   <trkpt lon="7.541716" lat="47.631794"><ele>239.0</ele></trkpt>
   <trkpt lon="7.541651" lat="47.631734"><ele>239.0</ele></trkpt>
   <trkpt lon="7.540267" lat="47.631182"><ele>239.75</ele></trkpt>
   <trkpt lon="7.540139" lat="47.631104"><ele>240.5</ele></trkpt>
   <trkpt lon="7.540072" lat="47.631078"><ele>240.75</ele></trkpt>
   <trkpt lon="7.539787" lat="47.631001"><ele>241.0</ele></trkpt>
   <trkpt lon="7.539777" lat="47.630959"><ele>241.0</ele></trkpt>
   <trkpt lon="7.539769" lat="47.630920"><ele>241.0</ele></trkpt>
   <trkpt lon="7.539876" lat="47.630888"><ele>241.0</ele></trkpt>
   <trkpt lon="7.539910" lat="47.630856"><ele>241.0</ele></trkpt>
   <trkpt lon="7.539963" lat="47.630837"><ele>241.0</ele></trkpt>
   <trkpt lon="7.540022" lat="47.630837"><ele>240.75</ele></trkpt>
   <trkpt lon="7.540092" lat="47.630785"><ele>241.0</ele></trkpt>
   <trkpt lon="7.540167" lat="47.630750"><ele>241.0</ele></trkpt>
   <trkpt lon="7.540262" lat="47.630705"><ele>241.25</ele></trkpt>
   <trkpt lon="7.540565" lat="47.630583"><ele>241.75</ele></trkpt>
   <trkpt lon="7.540636" lat="47.630549"><ele>241.5</ele></trkpt>
   <trkpt lon="7.541147" lat="47.630256"><ele>241.75</ele></trkpt>
   <trkpt lon="7.541990" lat="47.629749"><ele>241.75</ele></trkpt>
   <trkpt lon="7.541950" lat="47.629705"><ele>241.75</ele></trkpt>
   <trkpt lon="7.540945" lat="47.628598"><ele>241.0</ele></trkpt>
   <trkpt lon="7.539776" lat="47.627276"><ele>241.0</ele></trkpt>
   <trkpt lon="7.539593" lat="47.627218"><ele>240.75</ele></trkpt>
   <trkpt lon="7.539457" lat="47.627161"><ele>241.0</ele></trkpt>
   <trkpt lon="7.539370" lat="47.627067"><ele>241.25</ele></trkpt>
   <trkpt lon="7.539494" lat="47.626944"><ele>241.5</ele></trkpt>
   <trkpt lon="7.541932" lat="47.624443"><ele>241.75</ele></trkpt>
   <trkpt lon="7.544363" lat="47.621996"><ele>242.0</ele></trkpt>
   <trkpt lon="7.546099" lat="47.620179"><ele>242.75</ele></trkpt>
   <trkpt lon="7.546343" lat="47.619939"><ele>243.25</ele></trkpt>
   <trkpt lon="7.550182" lat="47.616081"><ele>242.0</ele></trkpt>
   <trkpt lon="7.554697" lat="47.611505"><ele>242.25</ele></trkpt>
   <trkpt lon="7.555399" lat="47.610783"><ele>242.75</ele></trkpt>
   <trkpt lon="7.556638" lat="47.609511"><ele>243.0</ele></trkpt>
   <trkpt lon="7.557323" lat="47.608824"><ele>242.75</ele></trkpt>
   <trkpt lon="7.557850" lat="47.608295"><ele>242.75</ele></trkpt>
   <trkpt lon="7.558442" lat="47.607693"><ele>242.75</ele></trkpt>
   <trkpt lon="7.558403" lat="47.607675"><ele>242.75</ele></trkpt>
   <trkpt lon="7.558110" lat="47.607531"><ele>243.25</ele></trkpt>
   <trkpt lon="7.558077" lat="47.607517"><ele>243.5</ele></trkpt>
   <trkpt lon="7.560377" lat="47.605195"><ele>244.0</ele></trkpt>
   <trkpt lon="7.560673" lat="47.604883"><ele>244.25</ele></trkpt>
   <trkpt lon="7.560878" lat="47.604707"><ele>244.5</ele></trkpt>
   <trkpt lon="7.561272" lat="47.604401"><ele>243.75</ele></trkpt>
   <trkpt lon="7.561491" lat="47.604318"><ele>244.0</ele></trkpt>
   <trkpt lon="7.561568" lat="47.604274"><ele>244.25</ele></trkpt>
   <trkpt lon="7.561651" lat="47.604202"><ele>244.0</ele></trkpt>
   <trkpt lon="7.561696" lat="47.604136"><ele>243.75</ele></trkpt>
   <trkpt lon="7.561763" lat="47.604013"><ele>244.0</ele></trkpt>
   <trkpt lon="7.561854" lat="47.603924"><ele>243.75</ele></trkpt>
   <trkpt lon="7.562035" lat="47.603761"><ele>243.5</ele></trkpt>
   <trkpt lon="7.562511" lat="47.603381"><ele>244.25</ele></trkpt>
   <trkpt lon="7.563375" lat="47.602765"><ele>244.5</ele></trkpt>
   <trkpt lon="7.564313" lat="47.602112"><ele>243.75</ele></trkpt>
   <trkpt lon="7.565392" lat="47.601330"><ele>243.75</ele></trkpt>
   <trkpt lon="7.567435" lat="47.599901"><ele>244.0</ele></trkpt>
   <trkpt lon="7.569532" lat="47.598383"><ele>244.25</ele></trkpt>
   <trkpt lon="7.569745" lat="47.598243"><ele>243.5</ele></trkpt>
   <trkpt lon="7.570012" lat="47.598084"><ele>243.5</ele></trkpt>
   <trkpt lon="7.570112" lat="47.598045"><ele>243.25</ele></trkpt>
   <trkpt lon="7.570218" lat="47.598011"><ele>243.0</ele></trkpt>
   <trkpt lon="7.570353" lat="47.597921"><ele>243.5</ele></trkpt>
   <trkpt lon="7.570396" lat="47.597830"><ele>244.0</ele></trkpt>
   <trkpt lon="7.570535" lat="47.597692"><ele>243.25</ele></trkpt>
   <trkpt lon="7.570809" lat="47.597467"><ele>244.0</ele></trkpt>
   <trkpt lon="7.571305" lat="47.597111"><ele>243.5</ele></trkpt>
   <trkpt lon="7.574965" lat="47.594505"><ele>245.75</ele></trkpt>
   <trkpt lon="7.575093" lat="47.594414"><ele>245.5</ele></trkpt>
   <trkpt lon="7.577048" lat="47.593084"><ele>244.75</ele></trkpt>
   <trkpt lon="7.577252" lat="47.592952"><ele>244.0</ele></trkpt>
   <trkpt lon="7.577368" lat="47.592916"><ele>244.0</ele></trkpt>
   <trkpt lon="7.577422" lat="47.592883"><ele>244.0</ele></trkpt>
   <trkpt lon="7.577555" lat="47.592786"><ele>243.5</ele></trkpt>
   <trkpt lon="7.577585" lat="47.592764"><ele>243.5</ele></trkpt>
   <trkpt lon="7.577668" lat="47.592659"><ele>244.75</ele></trkpt>
   <trkpt lon="7.579091" lat="47.591662"><ele>243.5</ele></trkpt>
   <trkpt lon="7.579151" lat="47.591608"><ele>243.25</ele></trkpt>
   <trkpt lon="7.579223" lat="47.591481"><ele>244.75</ele></trkpt>
   <trkpt lon="7.579335" lat="47.591402"><ele>244.25</ele></trkpt>
   <trkpt lon="7.579442" lat="47.591273"><ele>244.25</ele></trkpt>
   <trkpt lon="7.579685" lat="47.590965"><ele>244.0</ele></trkpt>
   <trkpt lon="7.579851" lat="47.590822"><ele>243.75</ele></trkpt>
   <trkpt lon="7.580170" lat="47.590615"><ele>244.0</ele></trkpt>
   <trkpt lon="7.580704" lat="47.590209"><ele>244.5</ele></trkpt>
   <trkpt lon="7.580959" lat="47.590107"><ele>245.0</ele></trkpt>
   <trkpt lon="7.581055" lat="47.590041"><ele>245.75</ele></trkpt>
   <trkpt lon="7.581173" lat="47.589974"><ele>245.25</ele></trkpt>
   <trkpt lon="7.581347" lat="47.589848"><ele>245.5</ele></trkpt>
   <trkpt lon="7.581470" lat="47.589795"><ele>245.5</ele></trkpt>
   <trkpt lon="7.581702" lat="47.589645"><ele>244.75</ele></trkpt>
   <trkpt lon="7.581968" lat="47.589577"><ele>244.5</ele></trkpt>
   <trkpt lon="7.582067" lat="47.589525"><ele>244.5</ele></trkpt>
   <trkpt lon="7.582263" lat="47.589369"><ele>244.0</ele></trkpt>
   <trkpt lon="7.582693" lat="47.589146"><ele>244.75</ele></trkpt>
   <trkpt lon="7.582806" lat="47.589062"><ele>245.25</ele></trkpt>
   <trkpt lon="7.582933" lat="47.588992"><ele>245.5</ele></trkpt>
   <trkpt lon="7.583252" lat="47.588813"><ele>246.0</ele></trkpt>
   <trkpt lon="7.583365" lat="47.588748"><ele>246.25</ele></trkpt>
   <trkpt lon="7.583607" lat="47.588612"><ele>247.0</ele></trkpt>
   <trkpt lon="7.583834" lat="47.588485"><ele>246.5</ele></trkpt>
   <trkpt lon="7.584028" lat="47.588375"><ele>247.0</ele></trkpt>
   <trkpt lon="7.584174" lat="47.588316"><ele>247.0</ele></trkpt>
   <trkpt lon="7.584234" lat="47.588286"><ele>246.75</ele></trkpt>
   <trkpt lon="7.584366" lat="47.588213"><ele>246.5</ele></trkpt>
   <trkpt lon="7.584616" lat="47.588125"><ele>246.5</ele></trkpt>
   <trkpt lon="7.584832" lat="47.588007"><ele>248.0</ele></trkpt>
   <trkpt lon="7.584934" lat="47.587949"><ele>248.5</ele></trkpt>
   <trkpt lon="7.585229" lat="47.587787"><ele>249.0</ele></trkpt>
   <trkpt lon="7.585308" lat="47.587815"><ele>248.75</ele></trkpt>
   <trkpt lon="7.585375" lat="47.587851"><ele>248.25</ele></trkpt>
   <trkpt lon="7.585816" lat="47.587490"><ele>247.0</ele></trkpt>
   <trkpt lon="7.585840" lat="47.587455"><ele>246.75</ele></trkpt>
   <trkpt lon="7.585855" lat="47.587404"><ele>246.75</ele></trkpt>
   <trkpt lon="7.585837" lat="47.587274"><ele>246.75</ele></trkpt>
   <trkpt lon="7.585781" lat="47.587204"><ele>247.25</ele></trkpt>
   <trkpt lon="7.585710" lat="47.587161"><ele>247.5</ele></trkpt>
   <trkpt lon="7.585692" lat="47.587141"><ele>247.5</ele></trkpt>
   <trkpt lon="7.585680" lat="47.587121"><ele>247.5</ele></trkpt>
   <trkpt lon="7.585677" lat="47.587087"><ele>247.25</ele></trkpt>
   <trkpt lon="7.585651" lat="47.587001"><ele>247.0</ele></trkpt>
   <trkpt lon="7.585447" lat="47.586561"><ele>247.25</ele></trkpt>
   <trkpt lon="7.585024" lat="47.585701"><ele>247.25</ele></trkpt>
   <trkpt lon="7.584760" lat="47.585109"><ele>247.0</ele></trkpt>
   <trkpt lon="7.584358" lat="47.584143"><ele>246.5</ele></trkpt>
   <trkpt lon="7.584321" lat="47.584123"><ele>246.5</ele></trkpt>
   <trkpt lon="7.584303" lat="47.584060"><ele>246.5</ele></trkpt>
   <trkpt lon="7.584266" lat="47.583989"><ele>246.5</ele></trkpt>
   <trkpt lon="7.583813" lat="47.583110"><ele>247.25</ele></trkpt>
   <trkpt lon="7.583789" lat="47.583034"><ele>247.25</ele></trkpt>
   <trkpt lon="7.583637" lat="47.582302"><ele>247.5</ele></trkpt>
   <trkpt lon="7.583601" lat="47.582082"><ele>247.5</ele></trkpt>
   <trkpt lon="7.583447" lat="47.581434"><ele>247.75</ele></trkpt>
   <trkpt lon="7.583440" lat="47.581361"><ele>247.5</ele></trkpt>
   <trkpt lon="7.583345" lat="47.581043"></trkpt>
   <trkpt lon="7.583273" lat="47.580761"></trkpt>
   <trkpt lon="7.583214" lat="47.580440"></trkpt>
   <trkpt lon="7.583178" lat="47.580116"></trkpt>
   <trkpt lon="7.583123" lat="47.579731"><ele>248.0</ele></trkpt>
   <trkpt lon="7.583111" lat="47.579676"><ele>248.0</ele></trkpt>
   <trkpt lon="7.583036" lat="47.579544"><ele>248.75</ele></trkpt>
   <trkpt lon="7.583005" lat="47.579448"><ele>249.25</ele></trkpt>
   <trkpt lon="7.582908" lat="47.578788"><ele>251.0</ele></trkpt>
   <trkpt lon="7.582886" lat="47.578232"><ele>251.75</ele></trkpt>
   <trkpt lon="7.582993" lat="47.576211"><ele>251.0</ele></trkpt>
   <trkpt lon="7.582988" lat="47.575965"><ele>250.25</ele></trkpt>
   <trkpt lon="7.583000" lat="47.575829"><ele>250.0</ele></trkpt>
   <trkpt lon="7.583011" lat="47.575788"><ele>250.0</ele></trkpt>
   <trkpt lon="7.583066" lat="47.575695"><ele>249.75</ele></trkpt>
   <trkpt lon="7.583109" lat="47.575589"><ele>249.5</ele></trkpt>
   <trkpt lon="7.583118" lat="47.575494"><ele>249.75</ele></trkpt>
   <trkpt lon="7.583116" lat="47.575403"><ele>250.0</ele></trkpt>
   <trkpt lon="7.583139" lat="47.575269"><ele>250.25</ele></trkpt>
   <trkpt lon="7.583196" lat="47.575138"><ele>249.5</ele></trkpt>
   <trkpt lon="7.583246" lat="47.574909"><ele>249.5</ele></trkpt>
   <trkpt lon="7.583358" lat="47.574501"><ele>247.5</ele></trkpt>
   <trkpt lon="7.583359" lat="47.574366"><ele>249.0</ele></trkpt>
   <trkpt lon="7.583404" lat="47.574254"><ele>249.75</ele></trkpt>
   <trkpt lon="7.583470" lat="47.574101"><ele>249.25</ele></trkpt>
   <trkpt lon="7.583430" lat="47.573915"><ele>251.0</ele></trkpt>
   <trkpt lon="7.583563" lat="47.573653"><ele>248.25</ele></trkpt>
   <trkpt lon="7.583568" lat="47.573459"><ele>248.75</ele></trkpt>
   <trkpt lon="7.583620" lat="47.573302"><ele>247.75</ele></trkpt>
   <trkpt lon="7.583597" lat="47.573178"><ele>248.25</ele></trkpt>
   <trkpt lon="7.583598" lat="47.572981"><ele>248.5</ele></trkpt>
   <trkpt lon="7.583626" lat="47.572858"><ele>248.5</ele></trkpt>
   <trkpt lon="7.583668" lat="47.572596"><ele>248.5</ele></trkpt>
   <trkpt lon="7.583625" lat="47.572410"><ele>249.25</ele></trkpt>
   <trkpt lon="7.583526" lat="47.572269"><ele>250.25</ele></trkpt>
   <trkpt lon="7.583514" lat="47.572036"><ele>250.25</ele></trkpt>
   <trkpt lon="7.583530" lat="47.571689"><ele>251.0</ele></trkpt>
   <trkpt lon="7.583516" lat="47.571585"><ele>250.75</ele></trkpt>
   <trkpt lon="7.583467" lat="47.571454"><ele>251.25</ele></trkpt>
   <trkpt lon="7.583400" lat="47.571310"><ele>253.0</ele></trkpt>
   <trkpt lon="7.583325" lat="47.571203"><ele>255.0</ele></trkpt>
   <trkpt lon="7.583331" lat="47.571172"><ele>255.0</ele></trkpt>
   <trkpt lon="7.583317" lat="47.571140"><ele>255.0</ele></trkpt>
   <trkpt lon="7.583285" lat="47.571130"><ele>255.0</ele></trkpt>
   <trkpt lon="7.583199" lat="47.571126"><ele>255.5</ele></trkpt>
   <trkpt lon="7.583158" lat="47.571118"><ele>255.5</ele></trkpt>
   <trkpt lon="7.583130" lat="47.571094"><ele>255.75</ele></trkpt>
   <trkpt lon="7.583101" lat="47.571008"><ele>257.0</ele></trkpt>
   <trkpt lon="7.582829" lat="47.571015"><ele>257.0</ele></trkpt>
   <trkpt lon="7.582744" lat="47.571017"><ele>256.75</ele></trkpt>
   <trkpt lon="7.582593" lat="47.571022"><ele>255.75</ele></trkpt>
   <trkpt lon="7.582351" lat="47.571005"><ele>255.25</ele></trkpt>
   <trkpt lon="7.582058" lat="47.571030"><ele>256.0</ele></trkpt>
   <trkpt lon="7.581924" lat="47.571009"><ele>256.25</ele></trkpt>
   <trkpt lon="7.581791" lat="47.571000"><ele>256.25</ele></trkpt>
   <trkpt lon="7.581698" lat="47.571015"><ele>256.25</ele></trkpt>
   <trkpt lon="7.581600" lat="47.571042"><ele>256.0</ele></trkpt>
   <trkpt lon="7.581406" lat="47.571090"><ele>256.0</ele></trkpt>
   <trkpt lon="7.581308" lat="47.571115"><ele>256.0</ele></trkpt>
   <trkpt lon="7.581294" lat="47.571065"><ele>256.0</ele></trkpt>
   <trkpt lon="7.581292" lat="47.571018"><ele>256.25</ele></trkpt>
   <trkpt lon="7.581298" lat="47.570992"><ele>256.25</ele></trkpt>
   <trkpt lon="7.581316" lat="47.570967"><ele>256.5</ele></trkpt>
   <trkpt lon="7.581377" lat="47.570948"><ele>256.5</ele></trkpt>
   <trkpt lon="7.581442" lat="47.570943"><ele>256.5</ele></trkpt>
   <trkpt lon="7.582318" lat="47.570929"><ele>255.0</ele></trkpt>
   <trkpt lon="7.582541" lat="47.570923"></trkpt>
   <trkpt lon="7.582722" lat="47.570911"></trkpt>
   <trkpt lon="7.582798" lat="47.570894"></trkpt>
   <trkpt lon="7.583052" lat="47.570855"></trkpt>
   <trkpt lon="7.586900" lat="47.570801"></trkpt>
   <trkpt lon="7.587215" lat="47.570809"></trkpt>
   <trkpt lon="7.587630" lat="47.570851"></trkpt>
   <trkpt lon="7.589259" lat="47.570861"><ele>253.5</ele></trkpt>
   <trkpt lon="7.589460" lat="47.570867"><ele>253.5</ele></trkpt>
   <trkpt lon="7.589768" lat="47.570877"><ele>253.0</ele></trkpt>
   <trkpt lon="7.589835" lat="47.570891"><ele>253.0</ele></trkpt>
   <trkpt lon="7.589853" lat="47.570866"><ele>253.0</ele></trkpt>
   <trkpt lon="7.589862" lat="47.570793"><ele>253.0</ele></trkpt>
   <trkpt lon="7.589865" lat="47.570763"><ele>253.0</ele></trkpt>
   <trkpt lon="7.589866" lat="47.570746"><ele>253.0</ele></trkpt>
   <trkpt lon="7.589867" lat="47.570729"><ele>253.0</ele></trkpt>
   <trkpt lon="7.589867" lat="47.570726"><ele>253.0</ele></trkpt>
   <trkpt lon="7.589869" lat="47.570707"><ele>253.0</ele></trkpt>
   <trkpt lon="7.589870" lat="47.570694"><ele>253.0</ele></trkpt>
   <trkpt lon="7.589870" lat="47.570689"><ele>253.0</ele></trkpt>
   <trkpt lon="7.589875" lat="47.570624"><ele>253.0</ele></trkpt>
   <trkpt lon="7.589881" lat="47.570541"><ele>253.0</ele></trkpt>
   <trkpt lon="7.590099" lat="47.570555"><ele>253.0</ele></trkpt>
   <trkpt lon="7.590178" lat="47.570562"><ele>253.0</ele></trkpt>
   <trkpt lon="7.590213" lat="47.570565"><ele>253.0</ele></trkpt>
   <trkpt lon="7.590220" lat="47.570566"><ele>253.0</ele></trkpt>
   <trkpt lon="7.590276" lat="47.570560"><ele>253.0</ele></trkpt>
   <trkpt lon="7.590352" lat="47.570532"><ele>253.0</ele></trkpt>
   <trkpt lon="7.590458" lat="47.570539"><ele>253.0</ele></trkpt>
   <trkpt lon="7.590439" lat="47.570656"><ele>252.75</ele></trkpt>
   <trkpt lon="7.590730" lat="47.570681"><ele>253.0</ele></trkpt>
   <trkpt lon="7.590881" lat="47.570682"><ele>253.0</ele></trkpt>
   <trkpt lon="7.591525" lat="47.570700"><ele>253.0</ele></trkpt>
   <trkpt lon="7.592158" lat="47.570695"><ele>253.25</ele></trkpt>
   <trkpt lon="7.592276" lat="47.570692"><ele>253.5</ele></trkpt>
   <trkpt lon="7.592397" lat="47.570692"><ele>253.75</ele></trkpt>
   <trkpt lon="7.594881" lat="47.570662"><ele>255.5</ele></trkpt>
   <trkpt lon="7.594961" lat="47.570660"><ele>255.5</ele></trkpt>
   <trkpt lon="7.594997" lat="47.570659"><ele>255.5</ele></trkpt>
   <trkpt lon="7.595140" lat="47.570654"><ele>255.75</ele></trkpt>
   <trkpt lon="7.595241" lat="47.570632"><ele>255.75</ele></trkpt>
   <trkpt lon="7.596333" lat="47.570281"><ele>255.0</ele></trkpt>
   <trkpt lon="7.597465" lat="47.569913"><ele>255.75</ele></trkpt>
   <trkpt lon="7.597526" lat="47.569898"><ele>256.0</ele></trkpt>
   <trkpt lon="7.597635" lat="47.569881"><ele>256.0</ele></trkpt>
   <trkpt lon="7.597765" lat="47.569873"><ele>256.0</ele></trkpt>
   <trkpt lon="7.598549" lat="47.569856"><ele>256.0</ele></trkpt>
   <trkpt lon="7.598655" lat="47.569860"><ele>256.0</ele></trkpt>
   <trkpt lon="7.598781" lat="47.569884"><ele>256.25</ele></trkpt>
   <trkpt lon="7.598810" lat="47.569889"><ele>256.25</ele></trkpt>
   <trkpt lon="7.600033" lat="47.569898"><ele>256.0</ele></trkpt>
   <trkpt lon="7.600041" lat="47.570108"><ele>256.25</ele></trkpt>
   <trkpt lon="7.600069" lat="47.570145"><ele>256.5</ele></trkpt>
   <trkpt lon="7.600889" lat="47.570188"><ele>256.0</ele></trkpt>
   <trkpt lon="7.601733" lat="47.570233"><ele>256.0</ele></trkpt>
   <trkpt lon="7.602024" lat="47.570249"><ele>256.0</ele></trkpt>
   <trkpt lon="7.603535" lat="47.569428"><ele>256.0</ele></trkpt>
   <trkpt lon="7.604027" lat="47.569587"><ele>256.0</ele></trkpt>
   <trkpt lon="7.604231" lat="47.569631"><ele>256.0</ele></trkpt>
   <trkpt lon="7.604239" lat="47.569616"><ele>256.0</ele></trkpt>
   <trkpt lon="7.604253" lat="47.569591"><ele>256.0</ele></trkpt>
   <trkpt lon="7.604352" lat="47.569624"><ele>256.0</ele></trkpt>
   <trkpt lon="7.604398" lat="47.569623"><ele>256.0</ele></trkpt>
   <trkpt lon="7.604434" lat="47.569609"><ele>256.0</ele></trkpt>
   <trkpt lon="7.604492" lat="47.569533"><ele>256.0</ele></trkpt>
   <trkpt lon="7.604829" lat="47.569109"><ele>256.75</ele></trkpt>
   <trkpt lon="7.604956" lat="47.568930"><ele>256.0</ele></trkpt>
   <trkpt lon="7.605121" lat="47.568737"><ele>256.25</ele></trkpt>
   <trkpt lon="7.605288" lat="47.568523"><ele>257.0</ele></trkpt>
   <trkpt lon="7.605330" lat="47.568484"><ele>257.0</ele></trkpt>
   <trkpt lon="7.605411" lat="47.568387"><ele>257.0</ele></trkpt>
   <trkpt lon="7.605552" lat="47.568437"><ele>257.0</ele></trkpt>
   <trkpt lon="7.605695" lat="47.568490"><ele>257.0</ele></trkpt>
   <trkpt lon="7.605775" lat="47.568518"><ele>257.0</ele></trkpt>
   <trkpt lon="7.605824" lat="47.568536"><ele>257.0</ele></trkpt>
   <trkpt lon="7.605895" lat="47.568561"><ele>257.0</ele></trkpt>
   <trkpt lon="7.606158" lat="47.568656"><ele>258.5</ele></trkpt>
   <trkpt lon="7.607625" lat="47.569187"></trkpt>
   <trkpt lon="7.607750" lat="47.569232"><ele>261.25</ele></trkpt>
   <trkpt lon="7.607813" lat="47.569254"><ele>261.75</ele></trkpt>
   <trkpt lon="7.608128" lat="47.569367"><ele>261.0</ele></trkpt>
   <trkpt lon="7.608171" lat="47.569382"><ele>260.25</ele></trkpt>
   <trkpt lon="7.608287" lat="47.569419"><ele>257.5</ele></trkpt>
   <trkpt lon="7.608501" lat="47.569482"><ele>256.5</ele></trkpt>
   <trkpt lon="7.608941" lat="47.569605"><ele>256.25</ele></trkpt>
   <trkpt lon="7.609032" lat="47.569631"><ele>256.25</ele></trkpt>
   <trkpt lon="7.609161" lat="47.569656"><ele>256.0</ele></trkpt>
   <trkpt lon="7.609548" lat="47.569716"><ele>256.0</ele></trkpt>
   <trkpt lon="7.609607" lat="47.569731"><ele>256.0</ele></trkpt>
   <trkpt lon="7.609650" lat="47.569753"><ele>256.0</ele></trkpt>
   <trkpt lon="7.609679" lat="47.569733"><ele>256.0</ele></trkpt>
   <trkpt lon="7.609742" lat="47.569698"><ele>256.0</ele></trkpt>
   <trkpt lon="7.609783" lat="47.569690"><ele>256.0</ele></trkpt>
   <trkpt lon="7.609844" lat="47.569688"><ele>256.0</ele></trkpt>
   <trkpt lon="7.610513" lat="47.569728"><ele>256.75</ele></trkpt>
   <trkpt lon="7.611343" lat="47.569793"><ele>256.5</ele></trkpt>
   <trkpt lon="7.612225" lat="47.569898"><ele>257.0</ele></trkpt>
   <trkpt lon="7.612338" lat="47.569913"><ele>257.0</ele></trkpt>
   <trkpt lon="7.613372" lat="47.570074"><ele>257.25</ele></trkpt>
   <trkpt lon="7.614204" lat="47.570254"><ele>257.0</ele></trkpt>
   <trkpt lon="7.614785" lat="47.570377"><ele>257.75</ele></trkpt>
   <trkpt lon="7.614871" lat="47.570397"><ele>257.5</ele></trkpt>
   <trkpt lon="7.615154" lat="47.570468"><ele>257.75</ele></trkpt>
   <trkpt lon="7.615510" lat="47.570562"><ele>257.0</ele></trkpt>
   <trkpt lon="7.616045" lat="47.570714"><ele>258.0</ele></trkpt>
   <trkpt lon="7.616165" lat="47.570749"><ele>258.0</ele></trkpt>
   <trkpt lon="7.616295" lat="47.570793"><ele>258.0</ele></trkpt>
   <trkpt lon="7.616323" lat="47.570718"><ele>258.0</ele></trkpt>
   <trkpt lon="7.616355" lat="47.570659"><ele>258.0</ele></trkpt>
   <trkpt lon="7.616666" lat="47.570400"><ele>258.5</ele></trkpt>
   <trkpt lon="7.616690" lat="47.570430"><ele>258.25</ele></trkpt>
   <trkpt lon="7.616761" lat="47.570470"><ele>258.5</ele></trkpt>
   <trkpt lon="7.616804" lat="47.570493"><ele>258.5</ele></trkpt>
   <trkpt lon="7.616973" lat="47.570520"><ele>258.75</ele></trkpt>
   <trkpt lon="7.617051" lat="47.570552"><ele>258.5</ele></trkpt>
   <trkpt lon="7.617209" lat="47.570632"><ele>258.0</ele></trkpt>
   <trkpt lon="7.617227" lat="47.570641"><ele>258.0</ele></trkpt>
   <trkpt lon="7.617782" lat="47.570941"><ele>258.0</ele></trkpt>
   <trkpt lon="7.617886" lat="47.570995"><ele>258.0</ele></trkpt>
   <trkpt lon="7.618139" lat="47.571134"><ele>258.0</ele></trkpt>
   <trkpt lon="7.618616" lat="47.571368"><ele>258.0</ele></trkpt>
   <trkpt lon="7.618892" lat="47.571457"><ele>258.0</ele></trkpt>
   <trkpt lon="7.619096" lat="47.571506"><ele>258.0</ele></trkpt>
   <trkpt lon="7.621150" lat="47.571914"><ele>258.0</ele></trkpt>
   <trkpt lon="7.621756" lat="47.572025"><ele>259.0</ele></trkpt>
   <trkpt lon="7.622968" lat="47.572234"><ele>259.0</ele></trkpt>
   <trkpt lon="7.623872" lat="47.572382"><ele>259.25</ele></trkpt>
   <trkpt lon="7.625335" lat="47.572606"><ele>260.0</ele></trkpt>
   <trkpt lon="7.627398" lat="47.572925"><ele>260.25</ele></trkpt>
   <trkpt lon="7.627579" lat="47.572941"><ele>260.25</ele></trkpt>
   <trkpt lon="7.627765" lat="47.572944"><ele>260.25</ele></trkpt>
   <trkpt lon="7.628762" lat="47.572910"><ele>261.0</ele></trkpt>
   <trkpt lon="7.628764" lat="47.572875"><ele>261.0</ele></trkpt>
   <trkpt lon="7.628766" lat="47.572844"><ele>261.0</ele></trkpt>
   <trkpt lon="7.628769" lat="47.572796"><ele>261.0</ele></trkpt>
   <trkpt lon="7.628765" lat="47.572727"><ele>261.0</ele></trkpt>
   <trkpt lon="7.628714" lat="47.572671"><ele>261.0</ele></trkpt>
   <trkpt lon="7.628640" lat="47.572594"><ele>261.0</ele></trkpt>
   <trkpt lon="7.628607" lat="47.572530"><ele>260.75</ele></trkpt>
   <trkpt lon="7.628646" lat="47.572475"><ele>261.0</ele></trkpt>
   <trkpt lon="7.630309" lat="47.571330"><ele>261.0</ele></trkpt>
   <trkpt lon="7.630402" lat="47.571256"><ele>261.0</ele></trkpt>
   <trkpt lon="7.630962" lat="47.570788"><ele>261.0</ele></trkpt>
   <trkpt lon="7.632313" lat="47.569657"><ele>261.5</ele></trkpt>
   <trkpt lon="7.632179" lat="47.569586"><ele>261.0</ele></trkpt>
   <trkpt lon="7.631609" lat="47.569283"><ele>260.5</ele></trkpt>
   <trkpt lon="7.630901" lat="47.568926"><ele>260.75</ele></trkpt>
   <trkpt lon="7.630740" lat="47.569041"><ele>261.0</ele></trkpt>
   <trkpt lon="7.629590" lat="47.569867"><ele>261.0</ele></trkpt>
   <trkpt lon="7.629542" lat="47.569916"><ele>261.0</ele></trkpt>
   <trkpt lon="7.629530" lat="47.569955"><ele>261.0</ele></trkpt>
   <trkpt lon="7.629409" lat="47.569954"><ele>260.75</ele></trkpt>
   <trkpt lon="7.628810" lat="47.570440"><ele>260.75</ele></trkpt>
   <trkpt lon="7.628753" lat="47.570486"><ele>260.75</ele></trkpt>
   <trkpt lon="7.628660" lat="47.570557"><ele>261.0</ele></trkpt>
   <trkpt lon="7.626459" lat="47.569520"><ele>260.5</ele></trkpt>
   <trkpt lon="7.625012" lat="47.568840"><ele>259.0</ele></trkpt>
   <trkpt lon="7.624918" lat="47.568796"><ele>259.0</ele></trkpt>
   <trkpt lon="7.624632" lat="47.568660"><ele>259.5</ele></trkpt>
   <trkpt lon="7.624399" lat="47.568548"><ele>260.0</ele></trkpt>
   <trkpt lon="7.623983" lat="47.568349"><ele>260.0</ele></trkpt>
   <trkpt lon="7.622669" lat="47.567725"><ele>260.0</ele></trkpt>
   <trkpt lon="7.620807" lat="47.566842"><ele>260.0</ele></trkpt>
   <trkpt lon="7.620740" lat="47.566787"><ele>260.0</ele></trkpt>
   <trkpt lon="7.620683" lat="47.566744"><ele>260.0</ele></trkpt>
   <trkpt lon="7.620501" lat="47.566658"><ele>260.0</ele></trkpt>
   <trkpt lon="7.620332" lat="47.566577"><ele>260.0</ele></trkpt>
   <trkpt lon="7.619870" lat="47.566358"><ele>260.0</ele></trkpt>
   <trkpt lon="7.619830" lat="47.566397"><ele>260.0</ele></trkpt>
   <trkpt lon="7.619086" lat="47.566045"><ele>260.0</ele></trkpt>
   <trkpt lon="7.618905" lat="47.565960"><ele>260.0</ele></trkpt>
   <trkpt lon="7.618817" lat="47.565920"><ele>260.0</ele></trkpt>
   <trkpt lon="7.618753" lat="47.565891"><ele>260.0</ele></trkpt>
   <trkpt lon="7.618486" lat="47.565759"><ele>260.0</ele></trkpt>
   <trkpt lon="7.618406" lat="47.565722"><ele>260.0</ele></trkpt>
   <trkpt lon="7.618184" lat="47.565617"><ele>260.0</ele></trkpt>
   <trkpt lon="7.617896" lat="47.565480"><ele>260.0</ele></trkpt>
   <trkpt lon="7.617816" lat="47.565443"><ele>260.0</ele></trkpt>
   <trkpt lon="7.617534" lat="47.565309"><ele>260.0</ele></trkpt>
   <trkpt lon="7.617370" lat="47.565231"><ele>260.0</ele></trkpt>
   <trkpt lon="7.617115" lat="47.565440"><ele>260.0</ele></trkpt>
   <trkpt lon="7.616789" lat="47.565687"><ele>260.75</ele></trkpt>
   <trkpt lon="7.616497" lat="47.565891"><ele>261.0</ele></trkpt>
   <trkpt lon="7.616246" lat="47.566076"><ele>261.0</ele></trkpt>
   <trkpt lon="7.616031" lat="47.566227"><ele>261.0</ele></trkpt>
   <trkpt lon="7.615973" lat="47.566268"><ele>261.0</ele></trkpt>
   <trkpt lon="7.615707" lat="47.566461"><ele>261.0</ele></trkpt>
   <trkpt lon="7.615446" lat="47.566646"><ele>261.0</ele></trkpt>
   <trkpt lon="7.615415" lat="47.566669"><ele>261.0</ele></trkpt>
   <trkpt lon="7.615157" lat="47.566858"><ele>260.75</ele></trkpt>
   <trkpt lon="7.614853" lat="47.567083"><ele>260.5</ele></trkpt>
   <trkpt lon="7.614734" lat="47.567171"><ele>260.75</ele></trkpt>
   <trkpt lon="7.614523" lat="47.567328"><ele>260.5</ele></trkpt>
   <trkpt lon="7.614059" lat="47.567038"><ele>260.0</ele></trkpt>
   <trkpt lon="7.613520" lat="47.566700"><ele>260.0</ele></trkpt>
   <trkpt lon="7.613454" lat="47.566725"><ele>260.0</ele></trkpt>
   <trkpt lon="7.613069" lat="47.566866"><ele>260.0</ele></trkpt>
   <trkpt lon="7.612515" lat="47.567053"><ele>260.0</ele></trkpt>
   <trkpt lon="7.611738" lat="47.567309"><ele>259.75</ele></trkpt>
   <trkpt lon="7.611696" lat="47.567329"><ele>259.5</ele></trkpt>
   <trkpt lon="7.611621" lat="47.567283"><ele>259.5</ele></trkpt>
   <trkpt lon="7.611556" lat="47.567261"><ele>259.5</ele></trkpt>
   <trkpt lon="7.611207" lat="47.567064"><ele>258.5</ele></trkpt>
   <trkpt lon="7.611043" lat="47.566971"><ele>258.25</ele></trkpt>
   <trkpt lon="7.610937" lat="47.566905"><ele>257.75</ele></trkpt>
   <trkpt lon="7.610701" lat="47.566820"><ele>257.5</ele></trkpt>
   <trkpt lon="7.610682" lat="47.566813"><ele>257.5</ele></trkpt>
   <trkpt lon="7.609764" lat="47.566482"><ele>261.75</ele></trkpt>
   <trkpt lon="7.608406" lat="47.565992"><ele>259.25</ele></trkpt>
   <trkpt lon="7.608311" lat="47.565942"><ele>258.0</ele></trkpt>
   <trkpt lon="7.608269" lat="47.565839"><ele>257.0</ele></trkpt>
   <trkpt lon="7.608146" lat="47.565823"><ele>257.0</ele></trkpt>
   <trkpt lon="7.608108" lat="47.565824"><ele>257.0</ele></trkpt>
   <trkpt lon="7.608053" lat="47.565826"><ele>257.0</ele></trkpt>
   <trkpt lon="7.607986" lat="47.565884"><ele>257.0</ele></trkpt>
   <trkpt lon="7.607907" lat="47.565952"><ele>257.0</ele></trkpt>
   <trkpt lon="7.607891" lat="47.565978"><ele>257.0</ele></trkpt>
   <trkpt lon="7.607853" lat="47.566044"><ele>257.0</ele></trkpt>
   <trkpt lon="7.607847" lat="47.566064"><ele>257.0</ele></trkpt>
   <trkpt lon="7.607842" lat="47.566084"><ele>257.0</ele></trkpt>
   <trkpt lon="7.607816" lat="47.566121"><ele>257.0</ele></trkpt>
   <trkpt lon="7.607742" lat="47.566194"><ele>257.25</ele></trkpt>
   <trkpt lon="7.607620" lat="47.566347"><ele>257.75</ele></trkpt>
   <trkpt lon="7.607530" lat="47.566461"><ele>258.0</ele></trkpt>
   <trkpt lon="7.607342" lat="47.566662"><ele>258.0</ele></trkpt>
   <trkpt lon="7.607304" lat="47.566720"><ele>258.0</ele></trkpt>
   <trkpt lon="7.606995" lat="47.566611"><ele>257.75</ele></trkpt>
   <trkpt lon="7.606845" lat="47.566550"><ele>257.5</ele></trkpt>
   <trkpt lon="7.606804" lat="47.566534"><ele>257.5</ele></trkpt>
   <trkpt lon="7.606827" lat="47.566500"><ele>257.25</ele></trkpt>
   <trkpt lon="7.606787" lat="47.566437"><ele>257.0</ele></trkpt>
   <trkpt lon="7.606820" lat="47.566391"><ele>257.0</ele></trkpt>
   <trkpt lon="7.606800" lat="47.566361"><ele>257.0</ele></trkpt>
   <trkpt lon="7.606721" lat="47.566307"><ele>257.0</ele></trkpt>
   <trkpt lon="7.606245" lat="47.566087"><ele>256.75</ele></trkpt>
   <trkpt lon="7.604891" lat="47.565430"><ele>257.0</ele></trkpt>
   <trkpt lon="7.604792" lat="47.565400"><ele>257.0</ele></trkpt>
   <trkpt lon="7.604719" lat="47.565367"><ele>257.0</ele></trkpt>
   <trkpt lon="7.604693" lat="47.565353"><ele>257.0</ele></trkpt>
   <trkpt lon="7.604664" lat="47.565339"><ele>257.0</ele></trkpt>
   <trkpt lon="7.604584" lat="47.565300"><ele>257.0</ele></trkpt>
   <trkpt lon="7.604434" lat="47.565216"><ele>256.75</ele></trkpt>
   <trkpt lon="7.603449" lat="47.564734"><ele>256.75</ele></trkpt>
   <trkpt lon="7.603296" lat="47.564663"><ele>256.75</ele></trkpt>
   <trkpt lon="7.603202" lat="47.564620"><ele>256.75</ele></trkpt>
   <trkpt lon="7.602560" lat="47.564340"><ele>256.25</ele></trkpt>
   <trkpt lon="7.602399" lat="47.564272"><ele>256.5</ele></trkpt>
   <trkpt lon="7.602105" lat="47.564151"><ele>257.0</ele></trkpt>
   <trkpt lon="7.601824" lat="47.564064"><ele>257.0</ele></trkpt>
   <trkpt lon="7.601721" lat="47.564033"><ele>257.0</ele></trkpt>
   <trkpt lon="7.600896" lat="47.563797"><ele>256.25</ele></trkpt>
   <trkpt lon="7.600819" lat="47.563775"><ele>256.25</ele></trkpt>
   <trkpt lon="7.600826" lat="47.563764"><ele>256.25</ele></trkpt>
   <trkpt lon="7.600831" lat="47.563755"><ele>256.25</ele></trkpt>
   <trkpt lon="7.600706" lat="47.563721"><ele>256.75</ele></trkpt>
   <trkpt lon="7.600633" lat="47.563698"><ele>256.75</ele></trkpt>
   <trkpt lon="7.600635" lat="47.563694"><ele>256.75</ele></trkpt>
   <trkpt lon="7.600643" lat="47.563682"><ele>256.75</ele></trkpt>
   <trkpt lon="7.600647" lat="47.563675"><ele>256.75</ele></trkpt>
   <trkpt lon="7.600105" lat="47.563519"><ele>257.0</ele></trkpt>
   <trkpt lon="7.600071" lat="47.563519"><ele>257.0</ele></trkpt>
   <trkpt lon="7.599866" lat="47.563455"><ele>257.0</ele></trkpt>
   <trkpt lon="7.599756" lat="47.563445"><ele>257.0</ele></trkpt>
   <trkpt lon="7.599677" lat="47.563442"><ele>256.75</ele></trkpt>
   <trkpt lon="7.599619" lat="47.563431"><ele>256.75</ele></trkpt>
   <trkpt lon="7.599570" lat="47.563417"><ele>256.5</ele></trkpt>
   <trkpt lon="7.599501" lat="47.563436"><ele>256.25</ele></trkpt>
   <trkpt lon="7.599485" lat="47.563440"><ele>256.25</ele></trkpt>
   <trkpt lon="7.599428" lat="47.563456"><ele>256.25</ele></trkpt>
   <trkpt lon="7.599372" lat="47.563469"><ele>256.5</ele></trkpt>
   <trkpt lon="7.599289" lat="47.563488"><ele>256.75</ele></trkpt>
   <trkpt lon="7.599189" lat="47.563462"><ele>256.75</ele></trkpt>
   <trkpt lon="7.599137" lat="47.563447"><ele>256.75</ele></trkpt>
   <trkpt lon="7.599104" lat="47.563441"><ele>256.75</ele></trkpt>
   <trkpt lon="7.599074" lat="47.563430"><ele>256.75</ele></trkpt>
   <trkpt lon="7.598769" lat="47.563329"><ele>256.0</ele></trkpt>
   <trkpt lon="7.597895" lat="47.563041"><ele>256.0</ele></trkpt>
   <trkpt lon="7.596806" lat="47.562688"><ele>256.0</ele></trkpt>
   <trkpt lon="7.596797" lat="47.562698"><ele>256.0</ele></trkpt>
   <trkpt lon="7.596783" lat="47.562716"><ele>256.0</ele></trkpt>
   <trkpt lon="7.596748" lat="47.562760"><ele>256.0</ele></trkpt>
   <trkpt lon="7.596565" lat="47.563033"><ele>256.0</ele></trkpt>
   <trkpt lon="7.596120" lat="47.562896"><ele>256.0</ele></trkpt>
   <trkpt lon="7.595171" lat="47.562796"><ele>256.0</ele></trkpt>
   <trkpt lon="7.594947" lat="47.563147"><ele>256.0</ele></trkpt>
   <trkpt lon="7.594362" lat="47.562964"><ele>255.5</ele></trkpt>
   <trkpt lon="7.594128" lat="47.562898"><ele>255.25</ele></trkpt>
   <trkpt lon="7.593952" lat="47.562848"><ele>255.0</ele></trkpt>
   <trkpt lon="7.592939" lat="47.562558"><ele>254.0</ele></trkpt>
   <trkpt lon="7.592570" lat="47.562336"><ele>254.0</ele></trkpt>
   <trkpt lon="7.592551" lat="47.562325"><ele>253.75</ele></trkpt>
   <trkpt lon="7.592399" lat="47.562449"><ele>254.0</ele></trkpt>
   <trkpt lon="7.592380" lat="47.562440"><ele>254.0</ele></trkpt>
   <trkpt lon="7.592309" lat="47.562415"><ele>254.0</ele></trkpt>
   <trkpt lon="7.591783" lat="47.562268"><ele>253.0</ele></trkpt>
   <trkpt lon="7.591443" lat="47.562180"><ele>252.25</ele></trkpt>
   <trkpt lon="7.591298" lat="47.562152"><ele>252.25</ele></trkpt>
   <trkpt lon="7.591028" lat="47.562098"><ele>252.25</ele></trkpt>
   <trkpt lon="7.590918" lat="47.562076"><ele>252.0</ele></trkpt>
   <trkpt lon="7.590720" lat="47.561470"><ele>251.0</ele></trkpt>
   <trkpt lon="7.590792" lat="47.561317"><ele>251.25</ele></trkpt>
   <trkpt lon="7.590797" lat="47.561280"><ele>251.25</ele></trkpt>
   <trkpt lon="7.590976" lat="47.561056"><ele>251.5</ele></trkpt>
   <trkpt lon="7.591090" lat="47.560940"><ele>252.0</ele></trkpt>
   <trkpt lon="7.591111" lat="47.560921"><ele>252.0</ele></trkpt>
   <trkpt lon="7.591161" lat="47.560877"><ele>252.0</ele></trkpt>
   <trkpt lon="7.591177" lat="47.560864"><ele>252.0</ele></trkpt>
   <trkpt lon="7.590808" lat="47.560694"><ele>252.5</ele></trkpt>
   <trkpt lon="7.590693" lat="47.560638"><ele>250.0</ele></trkpt>
   <trkpt lon="7.590754" lat="47.560580"><ele>250.75</ele></trkpt>
   <trkpt lon="7.590732" lat="47.560569"><ele>250.0</ele></trkpt>
   <trkpt lon="7.589854" lat="47.560133"><ele>247.5</ele></trkpt>
  </trkseg>
 </trk>
</gpx>
