<?xml version="1.0" encoding="UTF-8"?>
<!-- track-length = 69216 filtered ascend = 807 plain-ascend = -1 cost=110515 energy=.1kwh time=1h 23m 21s AUTO selected ISO_GREEDY (score 0.705) after 2 candidate(s) in 1638ms. Also tried WAYPOINT: no track. minor mid-route overlap: 371m (below 6000m rejection cap) Note: route crosses its own path 1 time. Note: route contains 1 out-and-back section (longest 1.1km). -->
<gpx
 xmlns="http://www.topografix.com/GPX/1/1"
 xmlns:xsi="http://www.w3.org/2001/XMLSchema-instance"
 xsi:schemaLocation="http://www.topografix.com/GPX/1/1 http://www.topografix.com/GPX/1/1/gpx.xsd"
 creator="BRouter-null" version="1.1">
 <trk>
  <name>unset</name>
  <trkseg>
   <trkpt lon="11.560847" lat="43.230048"><ele>190.5</ele></trkpt>
   <trkpt lon="11.560889" lat="43.229657"><ele>188.75</ele></trkpt>
   <trkpt lon="11.560911" lat="43.229611"><ele>188.5</ele></trkpt>
   <trkpt lon="11.560961" lat="43.229542"><ele>189.0</ele></trkpt>
   <trkpt lon="11.561064" lat="43.229439"><ele>190.75</ele></trkpt>
   <trkpt lon="11.561904" lat="43.228707"><ele>192.0</ele></trkpt>
   <trkpt lon="11.562018" lat="43.228615"><ele>192.0</ele></trkpt>
   <trkpt lon="11.562243" lat="43.228455"><ele>192.75</ele></trkpt>
   <trkpt lon="11.562643" lat="43.228210"><ele>193.25</ele></trkpt>
   <trkpt lon="11.563075" lat="43.227946"><ele>191.5</ele></trkpt>
   <trkpt lon="11.563242" lat="43.227830"><ele>191.75</ele></trkpt>
   <trkpt lon="11.563528" lat="43.227607"><ele>191.5</ele></trkpt>
   <trkpt lon="11.563686" lat="43.227478"><ele>191.75</ele></trkpt>
   <trkpt lon="11.564203" lat="43.226947"><ele>191.5</ele></trkpt>
   <trkpt lon="11.564455" lat="43.226605"><ele>191.25</ele></trkpt>
   <trkpt lon="11.564665" lat="43.226340"><ele>190.5</ele></trkpt>
   <trkpt lon="11.564807" lat="43.226208"><ele>190.5</ele></trkpt>
   <trkpt lon="11.565035" lat="43.225977"><ele>190.5</ele></trkpt>
   <trkpt lon="11.565770" lat="43.225447"><ele>190.75</ele></trkpt>
   <trkpt lon="11.566965" lat="43.224641"><ele>188.75</ele></trkpt>
   <trkpt lon="11.567661" lat="43.224248"><ele>189.5</ele></trkpt>
   <trkpt lon="11.567942" lat="43.224145"><ele>189.75</ele></trkpt>
   <trkpt lon="11.569094" lat="43.223750"><ele>191.0</ele></trkpt>
   <trkpt lon="11.569523" lat="43.223609"><ele>190.25</ele></trkpt>
   <trkpt lon="11.569836" lat="43.223540"><ele>191.25</ele></trkpt>
   <trkpt lon="11.571238" lat="43.223405"><ele>191.25</ele></trkpt>
   <trkpt lon="11.571474" lat="43.223375"><ele>190.0</ele></trkpt>
   <trkpt lon="11.571851" lat="43.223317"><ele>189.25</ele></trkpt>
   <trkpt lon="11.572030" lat="43.223284"><ele>189.75</ele></trkpt>
   <trkpt lon="11.572197" lat="43.223245"><ele>189.75</ele></trkpt>
   <trkpt lon="11.572276" lat="43.223219"><ele>189.75</ele></trkpt>
   <trkpt lon="11.572360" lat="43.223175"><ele>189.75</ele></trkpt>
   <trkpt lon="11.572458" lat="43.223113"><ele>189.25</ele></trkpt>
   <trkpt lon="11.572594" lat="43.222991"><ele>189.0</ele></trkpt>
   <trkpt lon="11.572669" lat="43.222889"><ele>189.0</ele></trkpt>
   <trkpt lon="11.572710" lat="43.222819"><ele>188.75</ele></trkpt>
   <trkpt lon="11.572783" lat="43.222647"><ele>189.0</ele></trkpt>
   <trkpt lon="11.572799" lat="43.222617"><ele>189.0</ele></trkpt>
   <trkpt lon="11.572912" lat="43.222417"><ele>189.25</ele></trkpt>
   <trkpt lon="11.572992" lat="43.222282"><ele>189.5</ele></trkpt>
   <trkpt lon="11.573100" lat="43.222164"><ele>190.25</ele></trkpt>
   <trkpt lon="11.573185" lat="43.222092"><ele>191.0</ele></trkpt>
   <trkpt lon="11.574046" lat="43.221527"><ele>195.75</ele></trkpt>
   <trkpt lon="11.574293" lat="43.221357"><ele>195.75</ele></trkpt>
   <trkpt lon="11.574870" lat="43.221001"><ele>196.25</ele></trkpt>
   <trkpt lon="11.575997" lat="43.220231"><ele>195.25</ele></trkpt>
   <trkpt lon="11.576110" lat="43.220132"><ele>195.75</ele></trkpt>
   <trkpt lon="11.576183" lat="43.220039"><ele>196.5</ele></trkpt>
   <trkpt lon="11.576250" lat="43.219892"><ele>196.0</ele></trkpt>
   <trkpt lon="11.576281" lat="43.219782"><ele>195.25</ele></trkpt>
   <trkpt lon="11.576443" lat="43.219197"><ele>198.25</ele></trkpt>
   <trkpt lon="11.576617" lat="43.218716"><ele>198.5</ele></trkpt>
   <trkpt lon="11.576663" lat="43.218486"><ele>198.75</ele></trkpt>
   <trkpt lon="11.576742" lat="43.217350"><ele>197.0</ele></trkpt>
   <trkpt lon="11.576802" lat="43.216989"><ele>196.75</ele></trkpt>
   <trkpt lon="11.576837" lat="43.216837"><ele>197.0</ele></trkpt>
   <trkpt lon="11.576886" lat="43.216705"><ele>197.5</ele></trkpt>
   <trkpt lon="11.576964" lat="43.216567"><ele>197.25</ele></trkpt>
   <trkpt lon="11.577153" lat="43.216322"><ele>196.5</ele></trkpt>
   <trkpt lon="11.577311" lat="43.216151"><ele>194.75</ele></trkpt>
   <trkpt lon="11.577443" lat="43.216036"><ele>193.75</ele></trkpt>
   <trkpt lon="11.577604" lat="43.215924"><ele>193.5</ele></trkpt>
   <trkpt lon="11.577742" lat="43.215843"><ele>193.75</ele></trkpt>
   <trkpt lon="11.577996" lat="43.215669"><ele>192.25</ele></trkpt>
   <trkpt lon="11.578095" lat="43.215578"><ele>191.0</ele></trkpt>
   <trkpt lon="11.578167" lat="43.215481"><ele>190.25</ele></trkpt>
   <trkpt lon="11.578359" lat="43.215107"><ele>193.0</ele></trkpt>
   <trkpt lon="11.578445" lat="43.214991"><ele>193.5</ele></trkpt>
   <trkpt lon="11.578549" lat="43.214913"><ele>193.5</ele></trkpt>
   <trkpt lon="11.578688" lat="43.214847"><ele>194.25</ele></trkpt>
   <trkpt lon="11.578935" lat="43.214796"><ele>195.25</ele></trkpt>
   <trkpt lon="11.579202" lat="43.214772"><ele>196.25</ele></trkpt>
   <trkpt lon="11.580022" lat="43.214727"><ele>199.75</ele></trkpt>
   <trkpt lon="11.581352" lat="43.214595"><ele>204.0</ele></trkpt>
   <trkpt lon="11.581796" lat="43.214543"><ele>205.0</ele></trkpt>
   <trkpt lon="11.582165" lat="43.214481"><ele>206.25</ele></trkpt>
   <trkpt lon="11.582810" lat="43.214359"><ele>209.0</ele></trkpt>
   <trkpt lon="11.583482" lat="43.214210"><ele>212.25</ele></trkpt>
   <trkpt lon="11.583680" lat="43.214174"><ele>213.0</ele></trkpt>
   <trkpt lon="11.583896" lat="43.214157"><ele>214.25</ele></trkpt>
   <trkpt lon="11.585140" lat="43.214190"><ele>219.0</ele></trkpt>
   <trkpt lon="11.585283" lat="43.214178"><ele>220.5</ele></trkpt>
   <trkpt lon="11.585483" lat="43.214138"><ele>221.5</ele></trkpt>
   <trkpt lon="11.586560" lat="43.213774"><ele>227.0</ele></trkpt>
   <trkpt lon="11.586687" lat="43.213717"><ele>227.25</ele></trkpt>
   <trkpt lon="11.586806" lat="43.213634"><ele>227.5</ele></trkpt>
   <trkpt lon="11.587122" lat="43.213248"><ele>231.0</ele></trkpt>
   <trkpt lon="11.587256" lat="43.213109"><ele>232.25</ele></trkpt>
   <trkpt lon="11.587411" lat="43.212977"><ele>232.75</ele></trkpt>
   <trkpt lon="11.588050" lat="43.212505"><ele>234.75</ele></trkpt>
   <trkpt lon="11.588161" lat="43.212412"><ele>235.25</ele></trkpt>
   <trkpt lon="11.588252" lat="43.212303"><ele>236.25</ele></trkpt>
   <trkpt lon="11.588306" lat="43.212178"><ele>237.25</ele></trkpt>
   <trkpt lon="11.588571" lat="43.211239"><ele>242.25</ele></trkpt>
   <trkpt lon="11.588638" lat="43.211078"><ele>243.0</ele></trkpt>
   <trkpt lon="11.588739" lat="43.210911"><ele>244.25</ele></trkpt>
   <trkpt lon="11.588856" lat="43.210777"><ele>244.75</ele></trkpt>
   <trkpt lon="11.589477" lat="43.210173"><ele>249.25</ele></trkpt>
   <trkpt lon="11.589643" lat="43.209964"><ele>250.5</ele></trkpt>
   <trkpt lon="11.589833" lat="43.209768"><ele>251.0</ele></trkpt>
   <trkpt lon="11.590269" lat="43.209377"><ele>253.5</ele></trkpt>
   <trkpt lon="11.590445" lat="43.209252"><ele>254.5</ele></trkpt>
   <trkpt lon="11.590611" lat="43.209158"><ele>256.0</ele></trkpt>
   <trkpt lon="11.591386" lat="43.208753"><ele>257.75</ele></trkpt>
   <trkpt lon="11.592215" lat="43.208409"><ele>260.5</ele></trkpt>
   <trkpt lon="11.593143" lat="43.208080"><ele>263.5</ele></trkpt>
   <trkpt lon="11.593990" lat="43.207860"><ele>263.25</ele></trkpt>
   <trkpt lon="11.594232" lat="43.207785"><ele>266.0</ele></trkpt>
   <trkpt lon="11.594504" lat="43.207679"><ele>265.75</ele></trkpt>
   <trkpt lon="11.595947" lat="43.206905"><ele>270.5</ele></trkpt>
   <trkpt lon="11.596145" lat="43.206781"><ele>269.75</ele></trkpt>
   <trkpt lon="11.596925" lat="43.206185"><ele>273.25</ele></trkpt>
   <trkpt lon="11.597609" lat="43.205704"><ele>279.0</ele></trkpt>
   <trkpt lon="11.597732" lat="43.205603"><ele>280.0</ele></trkpt>
   <trkpt lon="11.597962" lat="43.205324"><ele>282.0</ele></trkpt>
   <trkpt lon="11.598030" lat="43.205259"><ele>283.0</ele></trkpt>
   <trkpt lon="11.598111" lat="43.205203"><ele>282.5</ele></trkpt>
   <trkpt lon="11.598187" lat="43.205176"><ele>282.75</ele></trkpt>
   <trkpt lon="11.598312" lat="43.205161"><ele>283.75</ele></trkpt>
   <trkpt lon="11.598444" lat="43.205171"><ele>285.75</ele></trkpt>
   <trkpt lon="11.598579" lat="43.205220"><ele>287.75</ele></trkpt>
   <trkpt lon="11.598790" lat="43.205311"><ele>289.25</ele></trkpt>
   <trkpt lon="11.599165" lat="43.205453"><ele>290.75</ele></trkpt>
   <trkpt lon="11.599411" lat="43.205536"><ele>291.0</ele></trkpt>
   <trkpt lon="11.599506" lat="43.205544"><ele>291.25</ele></trkpt>
   <trkpt lon="11.599574" lat="43.205526"><ele>292.0</ele></trkpt>
   <trkpt lon="11.599622" lat="43.205494"><ele>293.0</ele></trkpt>
   <trkpt lon="11.599647" lat="43.205462"><ele>293.75</ele></trkpt>
   <trkpt lon="11.599656" lat="43.205432"><ele>294.75</ele></trkpt>
   <trkpt lon="11.599650" lat="43.205386"><ele>295.75</ele></trkpt>
   <trkpt lon="11.599615" lat="43.205347"><ele>296.5</ele></trkpt>
   <trkpt lon="11.599376" lat="43.205160"><ele>298.0</ele></trkpt>
   <trkpt lon="11.599312" lat="43.205094"><ele>298.5</ele></trkpt>
   <trkpt lon="11.599242" lat="43.204995"><ele>299.5</ele></trkpt>
   <trkpt lon="11.599197" lat="43.204898"><ele>300.0</ele></trkpt>
   <trkpt lon="11.599177" lat="43.204813"><ele>300.5</ele></trkpt>
   <trkpt lon="11.599170" lat="43.204683"><ele>301.0</ele></trkpt>
   <trkpt lon="11.599199" lat="43.204454"><ele>301.5</ele></trkpt>
   <trkpt lon="11.599187" lat="43.204348"><ele>302.75</ele></trkpt>
   <trkpt lon="11.599154" lat="43.204269"><ele>303.25</ele></trkpt>
   <trkpt lon="11.599101" lat="43.204183"><ele>304.0</ele></trkpt>
   <trkpt lon="11.598710" lat="43.203714"><ele>308.75</ele></trkpt>
   <trkpt lon="11.598632" lat="43.203583"><ele>310.25</ele></trkpt>
   <trkpt lon="11.598593" lat="43.203487"><ele>310.25</ele></trkpt>
   <trkpt lon="11.598571" lat="43.203392"><ele>310.5</ele></trkpt>
   <trkpt lon="11.598558" lat="43.203131"><ele>311.0</ele></trkpt>
   <trkpt lon="11.598539" lat="43.202969"><ele>311.75</ele></trkpt>
   <trkpt lon="11.598501" lat="43.202857"><ele>312.5</ele></trkpt>
   <trkpt lon="11.598448" lat="43.202767"><ele>313.25</ele></trkpt>
   <trkpt lon="11.598390" lat="43.202701"><ele>313.75</ele></trkpt>
   <trkpt lon="11.598319" lat="43.202641"><ele>314.25</ele></trkpt>
   <trkpt lon="11.598082" lat="43.202464"><ele>314.25</ele></trkpt>
   <trkpt lon="11.597830" lat="43.202317"><ele>315.5</ele></trkpt>
   <trkpt lon="11.597481" lat="43.202178"><ele>315.75</ele></trkpt>
   <trkpt lon="11.597094" lat="43.202052"><ele>315.25</ele></trkpt>
   <trkpt lon="11.596920" lat="43.201974"><ele>315.75</ele></trkpt>
   <trkpt lon="11.596621" lat="43.201811"><ele>316.75</ele></trkpt>
   <trkpt lon="11.596438" lat="43.201761"><ele>317.0</ele></trkpt>
   <trkpt lon="11.596028" lat="43.201707"><ele>317.25</ele></trkpt>
   <trkpt lon="11.595791" lat="43.201667"><ele>317.25</ele></trkpt>
   <trkpt lon="11.595615" lat="43.201620"><ele>316.0</ele></trkpt>
   <trkpt lon="11.595349" lat="43.201498"><ele>317.25</ele></trkpt>
   <trkpt lon="11.594990" lat="43.201393"><ele>316.75</ele></trkpt>
   <trkpt lon="11.594499" lat="43.201283"><ele>316.5</ele></trkpt>
   <trkpt lon="11.594015" lat="43.201186"><ele>318.25</ele></trkpt>
   <trkpt lon="11.593690" lat="43.201134"><ele>318.0</ele></trkpt>
   <trkpt lon="11.593534" lat="43.201104"><ele>317.75</ele></trkpt>
   <trkpt lon="11.593384" lat="43.201051"><ele>317.75</ele></trkpt>
   <trkpt lon="11.592899" lat="43.200824"><ele>317.5</ele></trkpt>
   <trkpt lon="11.592623" lat="43.200747"><ele>317.75</ele></trkpt>
   <trkpt lon="11.592320" lat="43.200676"><ele>317.25</ele></trkpt>
   <trkpt lon="11.591811" lat="43.200596"><ele>318.0</ele></trkpt>
   <trkpt lon="11.591579" lat="43.200573"><ele>318.5</ele></trkpt>
   <trkpt lon="11.591392" lat="43.200570"><ele>318.5</ele></trkpt>
   <trkpt lon="11.591003" lat="43.200585"><ele>319.25</ele></trkpt>
   <trkpt lon="11.590874" lat="43.200581"><ele>320.25</ele></trkpt>
   <trkpt lon="11.590737" lat="43.200565"><ele>320.75</ele></trkpt>
   <trkpt lon="11.590565" lat="43.200497"><ele>321.25</ele></trkpt>
   <trkpt lon="11.590455" lat="43.200407"><ele>322.0</ele></trkpt>
   <trkpt lon="11.590292" lat="43.200186"><ele>323.5</ele></trkpt>
   <trkpt lon="11.590112" lat="43.199826"><ele>325.0</ele></trkpt>
   <trkpt lon="11.590068" lat="43.199767"><ele>325.75</ele></trkpt>
   <trkpt lon="11.589982" lat="43.199672"><ele>326.5</ele></trkpt>
   <trkpt lon="11.589763" lat="43.199504"><ele>328.5</ele></trkpt>
   <trkpt lon="11.589089" lat="43.199162"><ele>333.0</ele></trkpt>
   <trkpt lon="11.588278" lat="43.198664"><ele>332.25</ele></trkpt>
   <trkpt lon="11.587845" lat="43.198341"><ele>332.25</ele></trkpt>
   <trkpt lon="11.587556" lat="43.198100"><ele>331.75</ele></trkpt>
   <trkpt lon="11.585556" lat="43.196534"><ele>330.0</ele></trkpt>
   <trkpt lon="11.584869" lat="43.196049"><ele>329.75</ele></trkpt>
   <trkpt lon="11.582910" lat="43.194762"><ele>330.0</ele></trkpt>
   <trkpt lon="11.582798" lat="43.194666"><ele>330.25</ele></trkpt>
   <trkpt lon="11.582737" lat="43.194581"><ele>331.0</ele></trkpt>
   <trkpt lon="11.582713" lat="43.194499"><ele>331.75</ele></trkpt>
   <trkpt lon="11.582710" lat="43.194410"><ele>332.25</ele></trkpt>
   <trkpt lon="11.582733" lat="43.194323"><ele>333.0</ele></trkpt>
   <trkpt lon="11.582777" lat="43.194231"><ele>333.5</ele></trkpt>
   <trkpt lon="11.582850" lat="43.194140"><ele>333.25</ele></trkpt>
   <trkpt lon="11.583064" lat="43.193979"><ele>331.25</ele></trkpt>
   <trkpt lon="11.586200" lat="43.192211"><ele>337.75</ele></trkpt>
   <trkpt lon="11.586368" lat="43.192085"><ele>338.5</ele></trkpt>
   <trkpt lon="11.586451" lat="43.192002"><ele>338.75</ele></trkpt>
   <trkpt lon="11.586513" lat="43.191917"><ele>339.25</ele></trkpt>
   <trkpt lon="11.586567" lat="43.191818"><ele>339.75</ele></trkpt>
   <trkpt lon="11.586607" lat="43.191719"><ele>340.0</ele></trkpt>
   <trkpt lon="11.586658" lat="43.191521"><ele>340.25</ele></trkpt>
   <trkpt lon="11.586666" lat="43.191440"><ele>340.0</ele></trkpt>
   <trkpt lon="11.586663" lat="43.191218"><ele>339.75</ele></trkpt>
   <trkpt lon="11.586634" lat="43.191087"><ele>340.0</ele></trkpt>
   <trkpt lon="11.586596" lat="43.190969"><ele>340.0</ele></trkpt>
   <trkpt lon="11.586546" lat="43.190852"><ele>340.0</ele></trkpt>
   <trkpt lon="11.586492" lat="43.190753"><ele>340.0</ele></trkpt>
   <trkpt lon="11.586433" lat="43.190668"><ele>340.0</ele></trkpt>
   <trkpt lon="11.586321" lat="43.190565"><ele>340.0</ele></trkpt>
   <trkpt lon="11.585976" lat="43.190274"><ele>340.0</ele></trkpt>
   <trkpt lon="11.584999" lat="43.189518"><ele>341.25</ele></trkpt>
   <trkpt lon="11.584573" lat="43.189159"><ele>340.0</ele></trkpt>
   <trkpt lon="11.583792" lat="43.188449"><ele>342.75</ele></trkpt>
   <trkpt lon="11.583656" lat="43.188307"><ele>343.25</ele></trkpt>
   <trkpt lon="11.583573" lat="43.188193"><ele>341.75</ele></trkpt>
   <trkpt lon="11.583515" lat="43.188076"><ele>340.0</ele></trkpt>
   <trkpt lon="11.583476" lat="43.187961"><ele>340.0</ele></trkpt>
   <trkpt lon="11.583455" lat="43.187826"><ele>340.0</ele></trkpt>
   <trkpt lon="11.583454" lat="43.187395"><ele>340.25</ele></trkpt>
   <trkpt lon="11.583441" lat="43.187299"><ele>340.5</ele></trkpt>
   <trkpt lon="11.583417" lat="43.187209"><ele>341.0</ele></trkpt>
   <trkpt lon="11.583361" lat="43.187115"><ele>342.5</ele></trkpt>
   <trkpt lon="11.583282" lat="43.187028"><ele>343.75</ele></trkpt>
   <trkpt lon="11.583187" lat="43.186952"><ele>345.25</ele></trkpt>
   <trkpt lon="11.583068" lat="43.186877"><ele>346.75</ele></trkpt>
   <trkpt lon="11.582951" lat="43.186830"><ele>347.5</ele></trkpt>
   <trkpt lon="11.582820" lat="43.186788"><ele>348.25</ele></trkpt>
   <trkpt lon="11.582099" lat="43.186659"><ele>350.0</ele></trkpt>
   <trkpt lon="11.581945" lat="43.186597"><ele>351.0</ele></trkpt>
   <trkpt lon="11.581853" lat="43.186529"><ele>350.75</ele></trkpt>
   <trkpt lon="11.581775" lat="43.186443"><ele>350.75</ele></trkpt>
   <trkpt lon="11.581619" lat="43.186153"><ele>353.0</ele></trkpt>
   <trkpt lon="11.581416" lat="43.185848"><ele>355.0</ele></trkpt>
   <trkpt lon="11.581089" lat="43.185546"><ele>356.75</ele></trkpt>
   <trkpt lon="11.580819" lat="43.185323"><ele>357.75</ele></trkpt>
   <trkpt lon="11.580724" lat="43.185195"><ele>358.5</ele></trkpt>
   <trkpt lon="11.580587" lat="43.184967"><ele>361.0</ele></trkpt>
   <trkpt lon="11.580524" lat="43.184879"><ele>361.75</ele></trkpt>
   <trkpt lon="11.580416" lat="43.184785"><ele>362.5</ele></trkpt>
   <trkpt lon="11.580237" lat="43.184674"><ele>364.0</ele></trkpt>
   <trkpt lon="11.579994" lat="43.184556"><ele>365.5</ele></trkpt>
   <trkpt lon="11.579819" lat="43.184479"><ele>365.75</ele></trkpt>
   <trkpt lon="11.579635" lat="43.184418"><ele>365.5</ele></trkpt>
   <trkpt lon="11.579527" lat="43.184404"><ele>364.5</ele></trkpt>
   <trkpt lon="11.579408" lat="43.184399"><ele>363.75</ele></trkpt>
   <trkpt lon="11.579219" lat="43.184416"><ele>362.5</ele></trkpt>
   <trkpt lon="11.578955" lat="43.184455"><ele>361.5</ele></trkpt>
   <trkpt lon="11.578804" lat="43.184463"><ele>361.5</ele></trkpt>
   <trkpt lon="11.578689" lat="43.184460"><ele>361.5</ele></trkpt>
   <trkpt lon="11.578565" lat="43.184433"><ele>361.5</ele></trkpt>
   <trkpt lon="11.578469" lat="43.184398"><ele>361.0</ele></trkpt>
   <trkpt lon="11.578398" lat="43.184347"><ele>360.75</ele></trkpt>
   <trkpt lon="11.578329" lat="43.184273"><ele>360.5</ele></trkpt>
   <trkpt lon="11.578286" lat="43.184194"><ele>360.5</ele></trkpt>
   <trkpt lon="11.578046" lat="43.183651"><ele>359.75</ele></trkpt>
   <trkpt lon="11.577907" lat="43.183289"><ele>357.0</ele></trkpt>
   <trkpt lon="11.577899" lat="43.183208"><ele>356.75</ele></trkpt>
   <trkpt lon="11.577925" lat="43.183127"><ele>356.75</ele></trkpt>
   <trkpt lon="11.577967" lat="43.183081"><ele>357.25</ele></trkpt>
   <trkpt lon="11.578068" lat="43.182997"><ele>358.5</ele></trkpt>
   <trkpt lon="11.578629" lat="43.182623"><ele>361.25</ele></trkpt>
   <trkpt lon="11.578725" lat="43.182575"><ele>361.25</ele></trkpt>
   <trkpt lon="11.578833" lat="43.182540"><ele>361.25</ele></trkpt>
   <trkpt lon="11.578947" lat="43.182516"><ele>361.5</ele></trkpt>
   <trkpt lon="11.579115" lat="43.182507"><ele>362.0</ele></trkpt>
   <trkpt lon="11.579297" lat="43.182517"><ele>362.75</ele></trkpt>
   <trkpt lon="11.579475" lat="43.182539"><ele>364.0</ele></trkpt>
   <trkpt lon="11.579619" lat="43.182565"><ele>364.75</ele></trkpt>
   <trkpt lon="11.579742" lat="43.182601"><ele>365.5</ele></trkpt>
   <trkpt lon="11.579882" lat="43.182662"><ele>366.0</ele></trkpt>
   <trkpt lon="11.580182" lat="43.182830"><ele>369.0</ele></trkpt>
   <trkpt lon="11.580294" lat="43.182874"><ele>370.0</ele></trkpt>
   <trkpt lon="11.580414" lat="43.182909"><ele>371.0</ele></trkpt>
   <trkpt lon="11.580535" lat="43.182929"><ele>371.5</ele></trkpt>
   <trkpt lon="11.581204" lat="43.182989"><ele>373.75</ele></trkpt>
   <trkpt lon="11.581345" lat="43.182987"><ele>374.5</ele></trkpt>
   <trkpt lon="11.581487" lat="43.182972"><ele>375.0</ele></trkpt>
   <trkpt lon="11.581604" lat="43.182940"><ele>375.25</ele></trkpt>
   <trkpt lon="11.581740" lat="43.182893"><ele>375.25</ele></trkpt>
   <trkpt lon="11.581849" lat="43.182838"><ele>374.75</ele></trkpt>
   <trkpt lon="11.581983" lat="43.182737"><ele>374.0</ele></trkpt>
   <trkpt lon="11.582103" lat="43.182592"><ele>371.5</ele></trkpt>
   <trkpt lon="11.582878" lat="43.181406"><ele>369.75</ele></trkpt>
   <trkpt lon="11.583161" lat="43.180884"><ele>371.75</ele></trkpt>
   <trkpt lon="11.583537" lat="43.180173"><ele>372.75</ele></trkpt>
   <trkpt lon="11.583714" lat="43.179737"><ele>372.75</ele></trkpt>
   <trkpt lon="11.583753" lat="43.179604"><ele>372.25</ele></trkpt>
   <trkpt lon="11.583779" lat="43.179489"><ele>372.25</ele></trkpt>
   <trkpt lon="11.583778" lat="43.179334"><ele>371.25</ele></trkpt>
   <trkpt lon="11.583769" lat="43.179239"><ele>370.5</ele></trkpt>
   <trkpt lon="11.583517" lat="43.178068"><ele>370.5</ele></trkpt>
   <trkpt lon="11.583397" lat="43.177709"><ele>370.0</ele></trkpt>
   <trkpt lon="11.583140" lat="43.177048"><ele>369.75</ele></trkpt>
   <trkpt lon="11.583091" lat="43.176823"><ele>369.75</ele></trkpt>
   <trkpt lon="11.582932" lat="43.175856"><ele>370.0</ele></trkpt>
   <trkpt lon="11.582928" lat="43.175674"><ele>370.0</ele></trkpt>
   <trkpt lon="11.582969" lat="43.175466"><ele>369.75</ele></trkpt>
   <trkpt lon="11.583292" lat="43.174646"><ele>367.75</ele></trkpt>
   <trkpt lon="11.583420" lat="43.174468"><ele>368.75</ele></trkpt>
   <trkpt lon="11.583734" lat="43.174136"><ele>367.0</ele></trkpt>
   <trkpt lon="11.584869" lat="43.173037"><ele>360.0</ele></trkpt>
   <trkpt lon="11.585330" lat="43.172605"><ele>360.0</ele></trkpt>
   <trkpt lon="11.585499" lat="43.172422"><ele>361.0</ele></trkpt>
   <trkpt lon="11.585559" lat="43.172338"><ele>361.5</ele></trkpt>
   <trkpt lon="11.585602" lat="43.172248"><ele>361.5</ele></trkpt>
   <trkpt lon="11.585629" lat="43.172125"><ele>361.0</ele></trkpt>
   <trkpt lon="11.585645" lat="43.172002"><ele>360.5</ele></trkpt>
   <trkpt lon="11.585699" lat="43.171282"><ele>366.0</ele></trkpt>
   <trkpt lon="11.585742" lat="43.170997"><ele>365.0</ele></trkpt>
   <trkpt lon="11.585809" lat="43.170788"><ele>362.25</ele></trkpt>
   <trkpt lon="11.585848" lat="43.170588"><ele>360.25</ele></trkpt>
   <trkpt lon="11.585820" lat="43.170388"><ele>360.0</ele></trkpt>
   <trkpt lon="11.585716" lat="43.169948"><ele>359.0</ele></trkpt>
   <trkpt lon="11.585724" lat="43.169496"><ele>357.5</ele></trkpt>
   <trkpt lon="11.585797" lat="43.169027"><ele>359.0</ele></trkpt>
   <trkpt lon="11.585904" lat="43.168626"><ele>358.0</ele></trkpt>
   <trkpt lon="11.585991" lat="43.168170"><ele>357.0</ele></trkpt>
   <trkpt lon="11.585988" lat="43.168088"><ele>357.0</ele></trkpt>
   <trkpt lon="11.585967" lat="43.168005"><ele>356.75</ele></trkpt>
   <trkpt lon="11.585929" lat="43.167938"><ele>356.75</ele></trkpt>
   <trkpt lon="11.585864" lat="43.167874"><ele>357.0</ele></trkpt>
   <trkpt lon="11.585222" lat="43.167346"><ele>352.25</ele></trkpt>
   <trkpt lon="11.585110" lat="43.167199"><ele>349.75</ele></trkpt>
   <trkpt lon="11.585035" lat="43.167051"><ele>350.25</ele></trkpt>
   <trkpt lon="11.584992" lat="43.166848"><ele>351.25</ele></trkpt>
   <trkpt lon="11.585032" lat="43.166561"><ele>351.0</ele></trkpt>
   <trkpt lon="11.585097" lat="43.166219"><ele>350.0</ele></trkpt>
   <trkpt lon="11.585149" lat="43.165856"><ele>351.25</ele></trkpt>
   <trkpt lon="11.585170" lat="43.165550"><ele>351.5</ele></trkpt>
   <trkpt lon="11.585156" lat="43.165399"><ele>350.25</ele></trkpt>
   <trkpt lon="11.585062" lat="43.165228"><ele>349.25</ele></trkpt>
   <trkpt lon="11.584818" lat="43.164896"><ele>349.75</ele></trkpt>
   <trkpt lon="11.584781" lat="43.164829"><ele>350.25</ele></trkpt>
   <trkpt lon="11.584769" lat="43.164771"><ele>350.75</ele></trkpt>
   <trkpt lon="11.584775" lat="43.164674"><ele>351.5</ele></trkpt>
   <trkpt lon="11.584812" lat="43.164583"><ele>352.5</ele></trkpt>
   <trkpt lon="11.584930" lat="43.164346"><ele>353.5</ele></trkpt>
   <trkpt lon="11.584972" lat="43.164225"><ele>353.75</ele></trkpt>
   <trkpt lon="11.584988" lat="43.164105"><ele>354.0</ele></trkpt>
   <trkpt lon="11.584991" lat="43.163168"><ele>350.75</ele></trkpt>
   <trkpt lon="11.585002" lat="43.162873"><ele>349.75</ele></trkpt>
   <trkpt lon="11.585004" lat="43.162852"><ele>349.75</ele></trkpt>
   <trkpt lon="11.585036" lat="43.162646"><ele>349.0</ele></trkpt>
   <trkpt lon="11.585090" lat="43.162441"><ele>348.0</ele></trkpt>
   <trkpt lon="11.585177" lat="43.162186"><ele>347.0</ele></trkpt>
   <trkpt lon="11.585306" lat="43.161917"><ele>344.75</ele></trkpt>
   <trkpt lon="11.585590" lat="43.161628"><ele>340.0</ele></trkpt>
   <trkpt lon="11.585644" lat="43.161539"><ele>340.0</ele></trkpt>
   <trkpt lon="11.585675" lat="43.161448"><ele>339.75</ele></trkpt>
   <trkpt lon="11.585695" lat="43.160930"><ele>332.75</ele></trkpt>
   <trkpt lon="11.585730" lat="43.160725"><ele>329.75</ele></trkpt>
   <trkpt lon="11.585832" lat="43.160355"><ele>327.0</ele></trkpt>
   <trkpt lon="11.586004" lat="43.160012"><ele>321.25</ele></trkpt>
   <trkpt lon="11.586080" lat="43.159878"><ele>320.5</ele></trkpt>
   <trkpt lon="11.586319" lat="43.159427"><ele>319.0</ele></trkpt>
   <trkpt lon="11.586416" lat="43.159293"><ele>318.0</ele></trkpt>
   <trkpt lon="11.586553" lat="43.159154"><ele>318.0</ele></trkpt>
   <trkpt lon="11.586702" lat="43.159019"><ele>316.5</ele></trkpt>
   <trkpt lon="11.586862" lat="43.158915"><ele>316.25</ele></trkpt>
   <trkpt lon="11.587698" lat="43.158494"><ele>317.5</ele></trkpt>
   <trkpt lon="11.587869" lat="43.158349"><ele>318.25</ele></trkpt>
   <trkpt lon="11.588103" lat="43.158014"><ele>320.25</ele></trkpt>
   <trkpt lon="11.588149" lat="43.157896"><ele>320.5</ele></trkpt>
   <trkpt lon="11.588156" lat="43.157802"><ele>320.25</ele></trkpt>
   <trkpt lon="11.588131" lat="43.157686"><ele>320.0</ele></trkpt>
   <trkpt lon="11.587864" lat="43.157227"><ele>320.5</ele></trkpt>
   <trkpt lon="11.587809" lat="43.157097"><ele>321.25</ele></trkpt>
   <trkpt lon="11.587640" lat="43.156603"><ele>321.25</ele></trkpt>
   <trkpt lon="11.587597" lat="43.156390"><ele>320.25</ele></trkpt>
   <trkpt lon="11.587580" lat="43.156264"><ele>320.25</ele></trkpt>
   <trkpt lon="11.587596" lat="43.156171"><ele>320.25</ele></trkpt>
   <trkpt lon="11.587695" lat="43.155809"><ele>319.5</ele></trkpt>
   <trkpt lon="11.587720" lat="43.155748"><ele>319.75</ele></trkpt>
   <trkpt lon="11.587791" lat="43.155639"><ele>320.75</ele></trkpt>
   <trkpt lon="11.587884" lat="43.155558"><ele>321.75</ele></trkpt>
   <trkpt lon="11.587951" lat="43.155514"><ele>322.0</ele></trkpt>
   <trkpt lon="11.588353" lat="43.155283"><ele>323.0</ele></trkpt>
   <trkpt lon="11.588429" lat="43.155237"><ele>323.0</ele></trkpt>
   <trkpt lon="11.588503" lat="43.155191"><ele>322.75</ele></trkpt>
   <trkpt lon="11.588745" lat="43.155038"><ele>322.75</ele></trkpt>
   <trkpt lon="11.588853" lat="43.154954"><ele>323.0</ele></trkpt>
   <trkpt lon="11.588953" lat="43.154838"><ele>323.0</ele></trkpt>
   <trkpt lon="11.589015" lat="43.154738"><ele>322.75</ele></trkpt>
   <trkpt lon="11.589192" lat="43.154308"><ele>318.75</ele></trkpt>
   <trkpt lon="11.589291" lat="43.154127"><ele>318.5</ele></trkpt>
   <trkpt lon="11.589362" lat="43.153969"><ele>318.25</ele></trkpt>
   <trkpt lon="11.589393" lat="43.153888"><ele>318.0</ele></trkpt>
   <trkpt lon="11.589475" lat="43.153605"><ele>315.0</ele></trkpt>
   <trkpt lon="11.589524" lat="43.153535"><ele>314.5</ele></trkpt>
   <trkpt lon="11.589578" lat="43.153482"><ele>314.25</ele></trkpt>
   <trkpt lon="11.589619" lat="43.153454"><ele>314.25</ele></trkpt>
   <trkpt lon="11.589674" lat="43.153430"><ele>314.25</ele></trkpt>
   <trkpt lon="11.589725" lat="43.153416"><ele>314.25</ele></trkpt>
   <trkpt lon="11.589777" lat="43.153405"><ele>314.0</ele></trkpt>
   <trkpt lon="11.589825" lat="43.153405"><ele>314.0</ele></trkpt>
   <trkpt lon="11.589869" lat="43.153412"><ele>313.75</ele></trkpt>
   <trkpt lon="11.589947" lat="43.153436"><ele>313.75</ele></trkpt>
   <trkpt lon="11.590029" lat="43.153484"><ele>313.75</ele></trkpt>
   <trkpt lon="11.590118" lat="43.153549"><ele>313.0</ele></trkpt>
   <trkpt lon="11.590167" lat="43.153580"><ele>312.5</ele></trkpt>
   <trkpt lon="11.590436" lat="43.153769"><ele>311.0</ele></trkpt>
   <trkpt lon="11.590548" lat="43.153823"><ele>310.0</ele></trkpt>
   <trkpt lon="11.590606" lat="43.153833"><ele>309.5</ele></trkpt>
   <trkpt lon="11.590950" lat="43.153828"><ele>305.75</ele></trkpt>
   <trkpt lon="11.591004" lat="43.153821"><ele>304.75</ele></trkpt>
   <trkpt lon="11.591089" lat="43.153795"><ele>303.0</ele></trkpt>
   <trkpt lon="11.591134" lat="43.153756"><ele>301.75</ele></trkpt>
   <trkpt lon="11.591156" lat="43.153718"><ele>301.0</ele></trkpt>
   <trkpt lon="11.591170" lat="43.153675"><ele>300.5</ele></trkpt>
   <trkpt lon="11.591168" lat="43.153586"><ele>300.0</ele></trkpt>
   <trkpt lon="11.590967" lat="43.152454"><ele>296.75</ele></trkpt>
   <trkpt lon="11.590910" lat="43.152264"><ele>295.5</ele></trkpt>
   <trkpt lon="11.590866" lat="43.152146"><ele>293.5</ele></trkpt>
   <trkpt lon="11.590820" lat="43.152066"><ele>292.0</ele></trkpt>
   <trkpt lon="11.590792" lat="43.152034"><ele>291.5</ele></trkpt>
   <trkpt lon="11.590709" lat="43.151970"><ele>290.0</ele></trkpt>
   <trkpt lon="11.590666" lat="43.151946"><ele>289.25</ele></trkpt>
   <trkpt lon="11.590553" lat="43.151900"><ele>288.25</ele></trkpt>
   <trkpt lon="11.590366" lat="43.151852"><ele>287.5</ele></trkpt>
   <trkpt lon="11.590203" lat="43.151833"><ele>286.75</ele></trkpt>
   <trkpt lon="11.590057" lat="43.151835"><ele>285.75</ele></trkpt>
   <trkpt lon="11.589938" lat="43.151847"><ele>285.5</ele></trkpt>
   <trkpt lon="11.589538" lat="43.151923"><ele>283.5</ele></trkpt>
   <trkpt lon="11.589395" lat="43.151941"><ele>282.25</ele></trkpt>
   <trkpt lon="11.589283" lat="43.151940"><ele>281.0</ele></trkpt>
   <trkpt lon="11.589183" lat="43.151925"><ele>280.0</ele></trkpt>
   <trkpt lon="11.589115" lat="43.151902"><ele>279.25</ele></trkpt>
   <trkpt lon="11.589034" lat="43.151855"><ele>278.5</ele></trkpt>
   <trkpt lon="11.589006" lat="43.151814"><ele>278.0</ele></trkpt>
   <trkpt lon="11.588989" lat="43.151771"><ele>277.75</ele></trkpt>
   <trkpt lon="11.588940" lat="43.151780"><ele>277.5</ele></trkpt>
   <trkpt lon="11.588829" lat="43.151777"><ele>277.25</ele></trkpt>
   <trkpt lon="11.588718" lat="43.151752"><ele>276.75</ele></trkpt>
   <trkpt lon="11.588610" lat="43.151713"><ele>276.25</ele></trkpt>
   <trkpt lon="11.588207" lat="43.151545"><ele>275.5</ele></trkpt>
   <trkpt lon="11.586891" lat="43.150998"><ele>273.5</ele></trkpt>
   <trkpt lon="11.586327" lat="43.150764"><ele>273.5</ele></trkpt>
   <trkpt lon="11.586013" lat="43.150635"><ele>273.0</ele></trkpt>
   <trkpt lon="11.585782" lat="43.150548"><ele>271.75</ele></trkpt>
   <trkpt lon="11.585298" lat="43.150381"><ele>271.25</ele></trkpt>
   <trkpt lon="11.584484" lat="43.150120"><ele>270.0</ele></trkpt>
   <trkpt lon="11.584260" lat="43.150034"><ele>270.0</ele></trkpt>
   <trkpt lon="11.584147" lat="43.149969"><ele>269.75</ele></trkpt>
   <trkpt lon="11.584058" lat="43.149907"><ele>269.0</ele></trkpt>
   <trkpt lon="11.583914" lat="43.149788"><ele>267.0</ele></trkpt>
   <trkpt lon="11.583691" lat="43.149579"><ele>261.0</ele></trkpt>
   <trkpt lon="11.583540" lat="43.149444"><ele>260.5</ele></trkpt>
   <trkpt lon="11.583468" lat="43.149353"><ele>261.5</ele></trkpt>
   <trkpt lon="11.583433" lat="43.149274"><ele>262.25</ele></trkpt>
   <trkpt lon="11.583418" lat="43.149183"><ele>262.75</ele></trkpt>
   <trkpt lon="11.583424" lat="43.149124"><ele>263.25</ele></trkpt>
   <trkpt lon="11.583470" lat="43.148983"><ele>263.75</ele></trkpt>
   <trkpt lon="11.583641" lat="43.148614"><ele>266.75</ele></trkpt>
   <trkpt lon="11.583705" lat="43.148370"><ele>269.5</ele></trkpt>
   <trkpt lon="11.583720" lat="43.148216"><ele>270.0</ele></trkpt>
   <trkpt lon="11.583714" lat="43.148119"><ele>270.0</ele></trkpt>
   <trkpt lon="11.583605" lat="43.147420"><ele>270.0</ele></trkpt>
   <trkpt lon="11.583315" lat="43.145732"><ele>269.5</ele></trkpt>
   <trkpt lon="11.583207" lat="43.145368"><ele>269.0</ele></trkpt>
   <trkpt lon="11.583151" lat="43.145231"><ele>269.0</ele></trkpt>
   <trkpt lon="11.583109" lat="43.145150"><ele>269.25</ele></trkpt>
   <trkpt lon="11.582076" lat="43.143333"><ele>272.0</ele></trkpt>
   <trkpt lon="11.581948" lat="43.143035"><ele>271.75</ele></trkpt>
   <trkpt lon="11.581697" lat="43.142107"><ele>273.25</ele></trkpt>
   <trkpt lon="11.581562" lat="43.141732"><ele>271.0</ele></trkpt>
   <trkpt lon="11.581479" lat="43.141594"><ele>270.25</ele></trkpt>
   <trkpt lon="11.581107" lat="43.140973"><ele>268.0</ele></trkpt>
   <trkpt lon="11.579697" lat="43.138663"><ele>269.25</ele></trkpt>
   <trkpt lon="11.579615" lat="43.138548"><ele>268.75</ele></trkpt>
   <trkpt lon="11.579466" lat="43.138371"><ele>268.0</ele></trkpt>
   <trkpt lon="11.578765" lat="43.137587"><ele>267.25</ele></trkpt>
   <trkpt lon="11.576817" lat="43.135423"><ele>265.5</ele></trkpt>
   <trkpt lon="11.576542" lat="43.135106"><ele>266.0</ele></trkpt>
   <trkpt lon="11.576376" lat="43.134843"><ele>266.0</ele></trkpt>
   <trkpt lon="11.576330" lat="43.134740"><ele>266.0</ele></trkpt>
   <trkpt lon="11.576210" lat="43.134475"><ele>265.75</ele></trkpt>
   <trkpt lon="11.576103" lat="43.134158"><ele>265.0</ele></trkpt>
   <trkpt lon="11.575925" lat="43.133537"><ele>264.75</ele></trkpt>
   <trkpt lon="11.575868" lat="43.133369"><ele>265.5</ele></trkpt>
   <trkpt lon="11.575457" lat="43.132083"><ele>266.25</ele></trkpt>
   <trkpt lon="11.574835" lat="43.129730"><ele>261.5</ele></trkpt>
   <trkpt lon="11.574803" lat="43.129585"><ele>261.0</ele></trkpt>
   <trkpt lon="11.574779" lat="43.129440"><ele>260.75</ele></trkpt>
   <trkpt lon="11.574754" lat="43.129276"><ele>261.75</ele></trkpt>
   <trkpt lon="11.574736" lat="43.129087"><ele>262.5</ele></trkpt>
   <trkpt lon="11.574723" lat="43.128675"><ele>263.5</ele></trkpt>
   <trkpt lon="11.574729" lat="43.128527"><ele>264.25</ele></trkpt>
   <trkpt lon="11.574771" lat="43.127939"><ele>266.25</ele></trkpt>
   <trkpt lon="11.574867" lat="43.127304"><ele>267.5</ele></trkpt>
   <trkpt lon="11.574982" lat="43.126630"><ele>264.75</ele></trkpt>
   <trkpt lon="11.575249" lat="43.124866"><ele>266.75</ele></trkpt>
   <trkpt lon="11.575261" lat="43.124742"><ele>267.0</ele></trkpt>
   <trkpt lon="11.575269" lat="43.124460"><ele>268.0</ele></trkpt>
   <trkpt lon="11.575258" lat="43.124163"><ele>268.0</ele></trkpt>
   <trkpt lon="11.575222" lat="43.123668"><ele>267.5</ele></trkpt>
   <trkpt lon="11.575137" lat="43.122909"><ele>266.25</ele></trkpt>
   <trkpt lon="11.575068" lat="43.122537"><ele>265.5</ele></trkpt>
   <trkpt lon="11.574594" lat="43.121611"><ele>265.0</ele></trkpt>
   <trkpt lon="11.574396" lat="43.121274"><ele>266.0</ele></trkpt>
   <trkpt lon="11.574295" lat="43.121115"><ele>266.0</ele></trkpt>
   <trkpt lon="11.574204" lat="43.120994"><ele>265.75</ele></trkpt>
   <trkpt lon="11.573923" lat="43.120695"><ele>266.25</ele></trkpt>
   <trkpt lon="11.572972" lat="43.119773"><ele>264.75</ele></trkpt>
   <trkpt lon="11.572733" lat="43.119519"><ele>262.75</ele></trkpt>
   <trkpt lon="11.571860" lat="43.118380"><ele>260.0</ele></trkpt>
   <trkpt lon="11.571527" lat="43.117893"><ele>261.5</ele></trkpt>
   <trkpt lon="11.571421" lat="43.117667"><ele>262.25</ele></trkpt>
   <trkpt lon="11.571411" lat="43.117416"><ele>263.75</ele></trkpt>
   <trkpt lon="11.571446" lat="43.117011"><ele>266.75</ele></trkpt>
   <trkpt lon="11.571538" lat="43.116500"><ele>266.5</ele></trkpt>
   <trkpt lon="11.571582" lat="43.116165"><ele>266.75</ele></trkpt>
   <trkpt lon="11.571581" lat="43.115908"><ele>266.0</ele></trkpt>
   <trkpt lon="11.570961" lat="43.114238"><ele>262.5</ele></trkpt>
   <trkpt lon="11.570599" lat="43.112700"><ele>263.0</ele></trkpt>
   <trkpt lon="11.570376" lat="43.111789"><ele>260.0</ele></trkpt>
   <trkpt lon="11.570119" lat="43.111215"><ele>258.25</ele></trkpt>
   <trkpt lon="11.568779" lat="43.108387"><ele>250.25</ele></trkpt>
   <trkpt lon="11.568208" lat="43.107210"><ele>252.25</ele></trkpt>
   <trkpt lon="11.567448" lat="43.105679"><ele>251.75</ele></trkpt>
   <trkpt lon="11.566797" lat="43.104171"><ele>251.5</ele></trkpt>
   <trkpt lon="11.566499" lat="43.103616"><ele>251.5</ele></trkpt>
   <trkpt lon="11.566343" lat="43.103330"><ele>251.0</ele></trkpt>
   <trkpt lon="11.566198" lat="43.103125"><ele>250.75</ele></trkpt>
   <trkpt lon="11.565976" lat="43.102881"><ele>250.5</ele></trkpt>
   <trkpt lon="11.565489" lat="43.102500"><ele>251.0</ele></trkpt>
   <trkpt lon="11.564728" lat="43.101967"><ele>252.75</ele></trkpt>
   <trkpt lon="11.564465" lat="43.101749"><ele>253.0</ele></trkpt>
   <trkpt lon="11.564171" lat="43.101419"><ele>253.0</ele></trkpt>
   <trkpt lon="11.564023" lat="43.101180"><ele>253.5</ele></trkpt>
   <trkpt lon="11.563852" lat="43.100779"><ele>254.0</ele></trkpt>
   <trkpt lon="11.563567" lat="43.099972"><ele>254.75</ele></trkpt>
   <trkpt lon="11.563188" lat="43.099089"><ele>260.75</ele></trkpt>
   <trkpt lon="11.562764" lat="43.098316"><ele>262.0</ele></trkpt>
   <trkpt lon="11.562077" lat="43.097295"><ele>261.5</ele></trkpt>
   <trkpt lon="11.561634" lat="43.096614"><ele>260.25</ele></trkpt>
   <trkpt lon="11.561418" lat="43.096298"><ele>260.0</ele></trkpt>
   <trkpt lon="11.561207" lat="43.096052"><ele>260.75</ele></trkpt>
   <trkpt lon="11.560838" lat="43.095670"><ele>259.5</ele></trkpt>
   <trkpt lon="11.560708" lat="43.095544"><ele>258.25</ele></trkpt>
   <trkpt lon="11.560562" lat="43.095415"><ele>257.75</ele></trkpt>
   <trkpt lon="11.560433" lat="43.095313"><ele>258.0</ele></trkpt>
   <trkpt lon="11.558582" lat="43.093968"><ele>250.75</ele></trkpt>
   <trkpt lon="11.558395" lat="43.093828"><ele>249.5</ele></trkpt>
   <trkpt lon="11.558278" lat="43.093733"><ele>249.25</ele></trkpt>
   <trkpt lon="11.558177" lat="43.093647"><ele>249.75</ele></trkpt>
   <trkpt lon="11.557928" lat="43.093413"><ele>251.25</ele></trkpt>
   <trkpt lon="11.557779" lat="43.093253"><ele>251.75</ele></trkpt>
   <trkpt lon="11.557258" lat="43.092736"><ele>253.5</ele></trkpt>
   <trkpt lon="11.556522" lat="43.092065"><ele>253.25</ele></trkpt>
   <trkpt lon="11.556270" lat="43.091852"><ele>254.25</ele></trkpt>
   <trkpt lon="11.555410" lat="43.091180"><ele>254.5</ele></trkpt>
   <trkpt lon="11.555207" lat="43.091038"><ele>254.5</ele></trkpt>
   <trkpt lon="11.555072" lat="43.090957"><ele>254.25</ele></trkpt>
   <trkpt lon="11.554736" lat="43.090789"><ele>254.25</ele></trkpt>
   <trkpt lon="11.553882" lat="43.090378"><ele>258.5</ele></trkpt>
   <trkpt lon="11.553257" lat="43.090098"><ele>258.0</ele></trkpt>
   <trkpt lon="11.553077" lat="43.090037"><ele>257.5</ele></trkpt>
   <trkpt lon="11.552755" lat="43.089947"><ele>257.0</ele></trkpt>
   <trkpt lon="11.552242" lat="43.089833"><ele>255.75</ele></trkpt>
   <trkpt lon="11.552005" lat="43.089749"><ele>255.75</ele></trkpt>
   <trkpt lon="11.551856" lat="43.089616"><ele>256.75</ele></trkpt>
   <trkpt lon="11.551564" lat="43.089268"><ele>259.0</ele></trkpt>
   <trkpt lon="11.551448" lat="43.089156"><ele>259.25</ele></trkpt>
   <trkpt lon="11.551345" lat="43.089069"><ele>259.25</ele></trkpt>
   <trkpt lon="11.550689" lat="43.088563"><ele>259.0</ele></trkpt>
   <trkpt lon="11.550444" lat="43.088363"><ele>259.0</ele></trkpt>
   <trkpt lon="11.550177" lat="43.088128"><ele>258.75</ele></trkpt>
   <trkpt lon="11.549587" lat="43.087587"><ele>259.0</ele></trkpt>
   <trkpt lon="11.549492" lat="43.087486"><ele>259.25</ele></trkpt>
   <trkpt lon="11.549447" lat="43.087414"><ele>259.5</ele></trkpt>
   <trkpt lon="11.549424" lat="43.087354"><ele>259.5</ele></trkpt>
   <trkpt lon="11.549392" lat="43.087084"><ele>257.25</ele></trkpt>
   <trkpt lon="11.549381" lat="43.086841"><ele>256.5</ele></trkpt>
   <trkpt lon="11.549373" lat="43.086358"><ele>257.5</ele></trkpt>
   <trkpt lon="11.549374" lat="43.086321"><ele>257.25</ele></trkpt>
   <trkpt lon="11.549391" lat="43.086205"><ele>256.5</ele></trkpt>
   <trkpt lon="11.549391" lat="43.086141"><ele>256.25</ele></trkpt>
   <trkpt lon="11.549381" lat="43.086072"><ele>255.75</ele></trkpt>
   <trkpt lon="11.549354" lat="43.085993"><ele>255.25</ele></trkpt>
   <trkpt lon="11.549337" lat="43.085955"><ele>255.25</ele></trkpt>
   <trkpt lon="11.549316" lat="43.085910"><ele>255.0</ele></trkpt>
   <trkpt lon="11.549269" lat="43.085791"><ele>254.0</ele></trkpt>
   <trkpt lon="11.549255" lat="43.085756"><ele>253.75</ele></trkpt>
   <trkpt lon="11.549204" lat="43.085651"><ele>252.75</ele></trkpt>
   <trkpt lon="11.549153" lat="43.085571"><ele>252.0</ele></trkpt>
   <trkpt lon="11.549013" lat="43.085424"><ele>251.25</ele></trkpt>
   <trkpt lon="11.548968" lat="43.085379"><ele>250.75</ele></trkpt>
   <trkpt lon="11.548701" lat="43.085106"><ele>250.0</ele></trkpt>
   <trkpt lon="11.548489" lat="43.084873"><ele>249.75</ele></trkpt>
   <trkpt lon="11.548396" lat="43.084739"><ele>249.75</ele></trkpt>
   <trkpt lon="11.548371" lat="43.084687"><ele>249.5</ele></trkpt>
   <trkpt lon="11.548336" lat="43.084575"><ele>249.25</ele></trkpt>
   <trkpt lon="11.548322" lat="43.084403"><ele>249.0</ele></trkpt>
   <trkpt lon="11.548353" lat="43.083549"><ele>248.5</ele></trkpt>
   <trkpt lon="11.548393" lat="43.082630"><ele>249.5</ele></trkpt>
   <trkpt lon="11.548389" lat="43.082473"><ele>249.5</ele></trkpt>
   <trkpt lon="11.548363" lat="43.082341"><ele>249.25</ele></trkpt>
   <trkpt lon="11.548353" lat="43.082312"><ele>249.0</ele></trkpt>
   <trkpt lon="11.548284" lat="43.082188"><ele>248.75</ele></trkpt>
   <trkpt lon="11.548239" lat="43.082132"><ele>248.5</ele></trkpt>
   <trkpt lon="11.548145" lat="43.082046"><ele>248.25</ele></trkpt>
   <trkpt lon="11.548010" lat="43.081955"><ele>248.25</ele></trkpt>
   <trkpt lon="11.547764" lat="43.081843"><ele>250.0</ele></trkpt>
   <trkpt lon="11.547652" lat="43.081798"><ele>250.5</ele></trkpt>
   <trkpt lon="11.547492" lat="43.081732"><ele>250.75</ele></trkpt>
   <trkpt lon="11.547361" lat="43.081670"><ele>251.5</ele></trkpt>
   <trkpt lon="11.547280" lat="43.081623"></trkpt>
   <trkpt lon="11.547221" lat="43.081572"><ele>252.5</ele></trkpt>
   <trkpt lon="11.547161" lat="43.081504"><ele>253.0</ele></trkpt>
   <trkpt lon="11.547081" lat="43.081359"><ele>253.5</ele></trkpt>
   <trkpt lon="11.547036" lat="43.081212"><ele>254.0</ele></trkpt>
   <trkpt lon="11.546849" lat="43.080193"><ele>249.5</ele></trkpt>
   <trkpt lon="11.546768" lat="43.079948"><ele>248.0</ele></trkpt>
   <trkpt lon="11.546648" lat="43.079700"><ele>246.75</ele></trkpt>
   <trkpt lon="11.546304" lat="43.079110"><ele>246.25</ele></trkpt>
   <trkpt lon="11.545986" lat="43.078597"><ele>247.75</ele></trkpt>
   <trkpt lon="11.545965" lat="43.078523"><ele>248.0</ele></trkpt>
   <trkpt lon="11.545977" lat="43.078434"><ele>248.25</ele></trkpt>
   <trkpt lon="11.546033" lat="43.078378"><ele>248.0</ele></trkpt>
   <trkpt lon="11.546098" lat="43.078341"><ele>248.0</ele></trkpt>
   <trkpt lon="11.546127" lat="43.078331"><ele>247.75</ele></trkpt>
   <trkpt lon="11.546161" lat="43.078320"><ele>247.5</ele></trkpt>
   <trkpt lon="11.546337" lat="43.078249"><ele>246.5</ele></trkpt>
   <trkpt lon="11.546410" lat="43.078205"><ele>246.25</ele></trkpt>
   <trkpt lon="11.546457" lat="43.078152"><ele>246.0</ele></trkpt>
   <trkpt lon="11.546492" lat="43.078081"><ele>246.0</ele></trkpt>
   <trkpt lon="11.546511" lat="43.077897"><ele>246.0</ele></trkpt>
   <trkpt lon="11.546532" lat="43.077831"><ele>245.75</ele></trkpt>
   <trkpt lon="11.546549" lat="43.077800"><ele>245.75</ele></trkpt>
   <trkpt lon="11.546578" lat="43.077478"><ele>244.5</ele></trkpt>
   <trkpt lon="11.546651" lat="43.077132"><ele>245.0</ele></trkpt>
   <trkpt lon="11.546578" lat="43.077478"><ele>244.5</ele></trkpt>
   <trkpt lon="11.546549" lat="43.077800"><ele>245.75</ele></trkpt>
   <trkpt lon="11.546547" lat="43.077859"><ele>245.75</ele></trkpt>
   <trkpt lon="11.546558" lat="43.078219"><ele>245.5</ele></trkpt>
   <trkpt lon="11.546599" lat="43.078583"><ele>243.5</ele></trkpt>
   <trkpt lon="11.546615" lat="43.078675"><ele>243.5</ele></trkpt>
   <trkpt lon="11.546639" lat="43.078788"><ele>243.75</ele></trkpt>
   <trkpt lon="11.546677" lat="43.078947"><ele>243.75</ele></trkpt>
   <trkpt lon="11.546738" lat="43.079139"><ele>243.25</ele></trkpt>
   <trkpt lon="11.547188" lat="43.080346"><ele>250.25</ele></trkpt>
   <trkpt lon="11.547257" lat="43.080656"><ele>251.5</ele></trkpt>
   <trkpt lon="11.547284" lat="43.080925"><ele>252.5</ele></trkpt>
   <trkpt lon="11.547308" lat="43.081281"><ele>251.5</ele></trkpt>
   <trkpt lon="11.547298" lat="43.081535"><ele>251.75</ele></trkpt>
   <trkpt lon="11.547263" lat="43.081748"><ele>253.25</ele></trkpt>
   <trkpt lon="11.547137" lat="43.082230"><ele>261.0</ele></trkpt>
   <trkpt lon="11.547014" lat="43.082545"><ele>263.25</ele></trkpt>
   <trkpt lon="11.546948" lat="43.082681"><ele>263.0</ele></trkpt>
   <trkpt lon="11.546740" lat="43.083034"><ele>260.75</ele></trkpt>
   <trkpt lon="11.546569" lat="43.083274"><ele>261.25</ele></trkpt>
   <trkpt lon="11.546350" lat="43.083541"><ele>261.0</ele></trkpt>
   <trkpt lon="11.546232" lat="43.083669"><ele>260.75</ele></trkpt>
   <trkpt lon="11.546017" lat="43.083882"><ele>261.0</ele></trkpt>
   <trkpt lon="11.545861" lat="43.084021"><ele>261.25</ele></trkpt>
   <trkpt lon="11.545697" lat="43.084157"><ele>261.0</ele></trkpt>
   <trkpt lon="11.545539" lat="43.084275"><ele>261.25</ele></trkpt>
   <trkpt lon="11.545294" lat="43.084442"><ele>262.75</ele></trkpt>
   <trkpt lon="11.544712" lat="43.084785"><ele>267.25</ele></trkpt>
   <trkpt lon="11.543740" lat="43.085330"></trkpt>
   <trkpt lon="11.543524" lat="43.085457"></trkpt>
   <trkpt lon="11.543233" lat="43.085645"></trkpt>
   <trkpt lon="11.542882" lat="43.085921"><ele>259.75</ele></trkpt>
   <trkpt lon="11.542766" lat="43.086019"><ele>259.0</ele></trkpt>
   <trkpt lon="11.542618" lat="43.086158"><ele>258.0</ele></trkpt>
   <trkpt lon="11.542428" lat="43.086356"><ele>255.0</ele></trkpt>
   <trkpt lon="11.542278" lat="43.086532"><ele>252.75</ele></trkpt>
   <trkpt lon="11.542138" lat="43.086711"><ele>251.0</ele></trkpt>
   <trkpt lon="11.542025" lat="43.086867"><ele>249.25</ele></trkpt>
   <trkpt lon="11.541893" lat="43.087077"><ele>246.75</ele></trkpt>
   <trkpt lon="11.541580" lat="43.087689"><ele>243.25</ele></trkpt>
   <trkpt lon="11.541529" lat="43.087779"><ele>242.5</ele></trkpt>
   <trkpt lon="11.541050" lat="43.088690"><ele>235.25</ele></trkpt>
   <trkpt lon="11.540537" lat="43.089671"><ele>230.0</ele></trkpt>
   <trkpt lon="11.540232" lat="43.090246"><ele>228.25</ele></trkpt>
   <trkpt lon="11.540048" lat="43.090544"><ele>229.25</ele></trkpt>
   <trkpt lon="11.539821" lat="43.090854"><ele>225.25</ele></trkpt>
   <trkpt lon="11.539556" lat="43.091164"><ele>220.75</ele></trkpt>
   <trkpt lon="11.539446" lat="43.091279"><ele>220.0</ele></trkpt>
   <trkpt lon="11.539170" lat="43.091537"><ele>219.0</ele></trkpt>
   <trkpt lon="11.538901" lat="43.091758"><ele>216.0</ele></trkpt>
   <trkpt lon="11.538617" lat="43.091968"><ele>213.0</ele></trkpt>
   <trkpt lon="11.538415" lat="43.092105"><ele>210.5</ele></trkpt>
   <trkpt lon="11.538293" lat="43.092181"><ele>209.25</ele></trkpt>
   <trkpt lon="11.537963" lat="43.092369"><ele>207.0</ele></trkpt>
   <trkpt lon="11.537849" lat="43.092430"><ele>206.75</ele></trkpt>
   <trkpt lon="11.537599" lat="43.092549"><ele>205.5</ele></trkpt>
   <trkpt lon="11.537067" lat="43.092776"><ele>202.25</ele></trkpt>
   <trkpt lon="11.536898" lat="43.092839"><ele>201.0</ele></trkpt>
   <trkpt lon="11.536649" lat="43.092921"><ele>199.25</ele></trkpt>
   <trkpt lon="11.536217" lat="43.093040"><ele>198.0</ele></trkpt>
   <trkpt lon="11.535740" lat="43.093147"><ele>196.75</ele></trkpt>
   <trkpt lon="11.535312" lat="43.093221"><ele>194.25</ele></trkpt>
   <trkpt lon="11.534893" lat="43.093273"><ele>191.75</ele></trkpt>
   <trkpt lon="11.533944" lat="43.093365"><ele>187.0</ele></trkpt>
   <trkpt lon="11.532109" lat="43.093553"><ele>172.5</ele></trkpt>
   <trkpt lon="11.531720" lat="43.093606"><ele>170.0</ele></trkpt>
   <trkpt lon="11.531319" lat="43.093676"><ele>169.5</ele></trkpt>
   <trkpt lon="11.531180" lat="43.093701"></trkpt>
   <trkpt lon="11.530868" lat="43.093765"></trkpt>
   <trkpt lon="11.530548" lat="43.093841"></trkpt>
   <trkpt lon="11.530194" lat="43.093935"></trkpt>
   <trkpt lon="11.529760" lat="43.094069"><ele>162.0</ele></trkpt>
   <trkpt lon="11.529288" lat="43.094231"><ele>164.25</ele></trkpt>
   <trkpt lon="11.528894" lat="43.094383"><ele>166.25</ele></trkpt>
   <trkpt lon="11.528530" lat="43.094544"><ele>166.5</ele></trkpt>
   <trkpt lon="11.528035" lat="43.094789"><ele>166.25</ele></trkpt>
   <trkpt lon="11.527729" lat="43.094959"><ele>166.5</ele></trkpt>
   <trkpt lon="11.527484" lat="43.095106"><ele>165.75</ele></trkpt>
   <trkpt lon="11.527227" lat="43.095273"><ele>166.0</ele></trkpt>
   <trkpt lon="11.526787" lat="43.095582"><ele>164.75</ele></trkpt>
   <trkpt lon="11.526625" lat="43.095706"><ele>164.5</ele></trkpt>
   <trkpt lon="11.526437" lat="43.095866"><ele>163.75</ele></trkpt>
   <trkpt lon="11.525677" lat="43.096562"><ele>162.5</ele></trkpt>
   <trkpt lon="11.525500" lat="43.096726"><ele>162.0</ele></trkpt>
   <trkpt lon="11.524591" lat="43.097574"><ele>166.25</ele></trkpt>
   <trkpt lon="11.523991" lat="43.098119"><ele>165.75</ele></trkpt>
   <trkpt lon="11.523258" lat="43.098718"><ele>165.75</ele></trkpt>
   <trkpt lon="11.522643" lat="43.099205"><ele>166.75</ele></trkpt>
   <trkpt lon="11.522550" lat="43.099289"><ele>166.5</ele></trkpt>
   <trkpt lon="11.522429" lat="43.099415"><ele>165.5</ele></trkpt>
   <trkpt lon="11.522326" lat="43.099557"><ele>164.25</ele></trkpt>
   <trkpt lon="11.522176" lat="43.099770"><ele>162.5</ele></trkpt>
   <trkpt lon="11.522128" lat="43.099828"><ele>162.25</ele></trkpt>
   <trkpt lon="11.521930" lat="43.100003"><ele>161.75</ele></trkpt>
   <trkpt lon="11.520947" lat="43.100771"><ele>159.75</ele></trkpt>
   <trkpt lon="11.520781" lat="43.100877"><ele>159.75</ele></trkpt>
   <trkpt lon="11.520538" lat="43.100998"><ele>159.5</ele></trkpt>
   <trkpt lon="11.520280" lat="43.101113"><ele>159.75</ele></trkpt>
   <trkpt lon="11.520022" lat="43.101224"><ele>160.75</ele></trkpt>
   <trkpt lon="11.519755" lat="43.101331"><ele>162.5</ele></trkpt>
   <trkpt lon="11.519427" lat="43.101434"><ele>162.5</ele></trkpt>
   <trkpt lon="11.519287" lat="43.101490"><ele>161.75</ele></trkpt>
   <trkpt lon="11.519197" lat="43.101536"></trkpt>
   <trkpt lon="11.519122" lat="43.101587"><ele>161.5</ele></trkpt>
   <trkpt lon="11.519017" lat="43.101691"><ele>161.75</ele></trkpt>
   <trkpt lon="11.518895" lat="43.101860"><ele>161.0</ele></trkpt>
   <trkpt lon="11.518825" lat="43.101937"><ele>160.5</ele></trkpt>
   <trkpt lon="11.518749" lat="43.102008"><ele>159.75</ele></trkpt>
   <trkpt lon="11.518642" lat="43.102091"><ele>159.0</ele></trkpt>
   <trkpt lon="11.518524" lat="43.102154"><ele>159.0</ele></trkpt>
   <trkpt lon="11.518199" lat="43.102273"><ele>159.5</ele></trkpt>
   <trkpt lon="11.518033" lat="43.102348"><ele>160.75</ele></trkpt>
   <trkpt lon="11.517864" lat="43.102451"><ele>161.75</ele></trkpt>
   <trkpt lon="11.517473" lat="43.102725"><ele>163.75</ele></trkpt>
   <trkpt lon="11.517268" lat="43.102834"><ele>164.0</ele></trkpt>
   <trkpt lon="11.517110" lat="43.102901"><ele>164.0</ele></trkpt>
   <trkpt lon="11.516893" lat="43.102972"><ele>163.5</ele></trkpt>
   <trkpt lon="11.516799" lat="43.102996"><ele>163.0</ele></trkpt>
   <trkpt lon="11.516385" lat="43.103073"><ele>162.75</ele></trkpt>
   <trkpt lon="11.516028" lat="43.103118"><ele>162.25</ele></trkpt>
   <trkpt lon="11.515078" lat="43.103218"><ele>159.0</ele></trkpt>
   <trkpt lon="11.514863" lat="43.103249"><ele>158.0</ele></trkpt>
   <trkpt lon="11.514731" lat="43.103279"><ele>157.0</ele></trkpt>
   <trkpt lon="11.514573" lat="43.103329"><ele>156.0</ele></trkpt>
   <trkpt lon="11.514026" lat="43.103533"><ele>153.5</ele></trkpt>
   <trkpt lon="11.513807" lat="43.103617"><ele>153.5</ele></trkpt>
   <trkpt lon="11.513664" lat="43.103658"><ele>152.5</ele></trkpt>
   <trkpt lon="11.513523" lat="43.103689"><ele>152.5</ele></trkpt>
   <trkpt lon="11.513187" lat="43.103741"><ele>154.25</ele></trkpt>
   <trkpt lon="11.513040" lat="43.103774"><ele>155.0</ele></trkpt>
   <trkpt lon="11.512587" lat="43.103943"><ele>158.0</ele></trkpt>
   <trkpt lon="11.512469" lat="43.103977"><ele>158.25</ele></trkpt>
   <trkpt lon="11.510719" lat="43.104433"><ele>157.75</ele></trkpt>
   <trkpt lon="11.510528" lat="43.104470"><ele>157.25</ele></trkpt>
   <trkpt lon="11.509946" lat="43.104535"><ele>157.25</ele></trkpt>
   <trkpt lon="11.509696" lat="43.104576"><ele>157.75</ele></trkpt>
   <trkpt lon="11.509307" lat="43.104672"><ele>157.75</ele></trkpt>
   <trkpt lon="11.508721" lat="43.104841"><ele>156.25</ele></trkpt>
   <trkpt lon="11.506142" lat="43.105587"><ele>157.0</ele></trkpt>
   <trkpt lon="11.505832" lat="43.105672"><ele>156.75</ele></trkpt>
   <trkpt lon="11.505701" lat="43.105701"><ele>156.75</ele></trkpt>
   <trkpt lon="11.505564" lat="43.105725"><ele>156.75</ele></trkpt>
   <trkpt lon="11.505290" lat="43.105756"><ele>158.0</ele></trkpt>
   <trkpt lon="11.503704" lat="43.105840"><ele>151.25</ele></trkpt>
   <trkpt lon="11.503292" lat="43.105860"><ele>149.75</ele></trkpt>
   <trkpt lon="11.503040" lat="43.105874"><ele>149.75</ele></trkpt>
   <trkpt lon="11.502161" lat="43.105923"><ele>153.75</ele></trkpt>
   <trkpt lon="11.501575" lat="43.105956"><ele>154.75</ele></trkpt>
   <trkpt lon="11.499359" lat="43.106076"><ele>155.25</ele></trkpt>
   <trkpt lon="11.499247" lat="43.106087"><ele>156.25</ele></trkpt>
   <trkpt lon="11.499050" lat="43.106130"><ele>157.0</ele></trkpt>
   <trkpt lon="11.498823" lat="43.106209"><ele>156.75</ele></trkpt>
   <trkpt lon="11.498732" lat="43.106255"><ele>156.75</ele></trkpt>
   <trkpt lon="11.498640" lat="43.106313"><ele>156.0</ele></trkpt>
   <trkpt lon="11.498512" lat="43.106416"><ele>154.75</ele></trkpt>
   <trkpt lon="11.498400" lat="43.106547"><ele>152.75</ele></trkpt>
   <trkpt lon="11.498351" lat="43.106624"><ele>151.5</ele></trkpt>
   <trkpt lon="11.498310" lat="43.106707"><ele>150.75</ele></trkpt>
   <trkpt lon="11.498107" lat="43.107314"><ele>149.0</ele></trkpt>
   <trkpt lon="11.498041" lat="43.107555"><ele>147.5</ele></trkpt>
   <trkpt lon="11.498005" lat="43.107674"></trkpt>
   <trkpt lon="11.497892" lat="43.107986"><ele>148.25</ele></trkpt>
   <trkpt lon="11.497818" lat="43.108164"><ele>149.25</ele></trkpt>
   <trkpt lon="11.497725" lat="43.108329"><ele>149.75</ele></trkpt>
   <trkpt lon="11.497674" lat="43.108395"><ele>149.5</ele></trkpt>
   <trkpt lon="11.497607" lat="43.108465"><ele>149.5</ele></trkpt>
   <trkpt lon="11.497528" lat="43.108532"><ele>149.5</ele></trkpt>
   <trkpt lon="11.497404" lat="43.108616"><ele>150.0</ele></trkpt>
   <trkpt lon="11.497290" lat="43.108674"><ele>150.25</ele></trkpt>
   <trkpt lon="11.496895" lat="43.108853"><ele>151.5</ele></trkpt>
   <trkpt lon="11.495951" lat="43.109264"><ele>153.0</ele></trkpt>
   <trkpt lon="11.495147" lat="43.109624"><ele>153.5</ele></trkpt>
   <trkpt lon="11.494911" lat="43.109725"><ele>154.5</ele></trkpt>
   <trkpt lon="11.494735" lat="43.109792"><ele>154.75</ele></trkpt>
   <trkpt lon="11.494498" lat="43.109864"><ele>151.75</ele></trkpt>
   <trkpt lon="11.494274" lat="43.109914"></trkpt>
   <trkpt lon="11.494050" lat="43.109950"><ele>150.5</ele></trkpt>
   <trkpt lon="11.493945" lat="43.109964"><ele>151.75</ele></trkpt>
   <trkpt lon="11.493628" lat="43.109990"><ele>153.75</ele></trkpt>
   <trkpt lon="11.492393" lat="43.110044"><ele>157.25</ele></trkpt>
   <trkpt lon="11.492235" lat="43.110062"><ele>158.0</ele></trkpt>
   <trkpt lon="11.492101" lat="43.110091"><ele>158.75</ele></trkpt>
   <trkpt lon="11.492028" lat="43.110113"><ele>159.25</ele></trkpt>
   <trkpt lon="11.491866" lat="43.110171"><ele>160.25</ele></trkpt>
   <trkpt lon="11.491438" lat="43.110350"><ele>162.75</ele></trkpt>
   <trkpt lon="11.491234" lat="43.110447"><ele>164.75</ele></trkpt>
   <trkpt lon="11.491001" lat="43.110573"><ele>166.75</ele></trkpt>
   <trkpt lon="11.490631" lat="43.110821"><ele>169.0</ele></trkpt>
   <trkpt lon="11.490325" lat="43.111058"><ele>169.25</ele></trkpt>
   <trkpt lon="11.490080" lat="43.111232"><ele>170.0</ele></trkpt>
   <trkpt lon="11.489947" lat="43.111308"><ele>169.75</ele></trkpt>
   <trkpt lon="11.489799" lat="43.111376"><ele>169.75</ele></trkpt>
   <trkpt lon="11.489342" lat="43.111547"><ele>169.25</ele></trkpt>
   <trkpt lon="11.489081" lat="43.111662"><ele>169.75</ele></trkpt>
   <trkpt lon="11.487915" lat="43.112207"><ele>170.75</ele></trkpt>
   <trkpt lon="11.487728" lat="43.112306"><ele>170.0</ele></trkpt>
   <trkpt lon="11.487582" lat="43.112408"><ele>170.0</ele></trkpt>
   <trkpt lon="11.487434" lat="43.112543"><ele>170.0</ele></trkpt>
   <trkpt lon="11.487204" lat="43.112799"><ele>172.25</ele></trkpt>
   <trkpt lon="11.486739" lat="43.113338"><ele>174.75</ele></trkpt>
   <trkpt lon="11.486254" lat="43.113930"><ele>173.5</ele></trkpt>
   <trkpt lon="11.485393" lat="43.115007"><ele>171.75</ele></trkpt>
   <trkpt lon="11.484859" lat="43.115673"><ele>169.0</ele></trkpt>
   <trkpt lon="11.484733" lat="43.115820"><ele>168.0</ele></trkpt>
   <trkpt lon="11.484651" lat="43.115893"><ele>167.25</ele></trkpt>
   <trkpt lon="11.484516" lat="43.115976"><ele>165.75</ele></trkpt>
   <trkpt lon="11.484383" lat="43.116034"><ele>164.25</ele></trkpt>
   <trkpt lon="11.484217" lat="43.116080"><ele>162.75</ele></trkpt>
   <trkpt lon="11.483879" lat="43.116151"><ele>160.5</ele></trkpt>
   <trkpt lon="11.483782" lat="43.116186"><ele>159.75</ele></trkpt>
   <trkpt lon="11.483733" lat="43.116214"><ele>159.25</ele></trkpt>
   <trkpt lon="11.483689" lat="43.116249"><ele>158.75</ele></trkpt>
   <trkpt lon="11.483629" lat="43.116328"><ele>157.75</ele></trkpt>
   <trkpt lon="11.483601" lat="43.116416"><ele>156.75</ele></trkpt>
   <trkpt lon="11.483618" lat="43.116514"><ele>156.0</ele></trkpt>
   <trkpt lon="11.483670" lat="43.116644"><ele>155.5</ele></trkpt>
   <trkpt lon="11.483856" lat="43.116995"><ele>155.75</ele></trkpt>
   <trkpt lon="11.483901" lat="43.117159"><ele>153.75</ele></trkpt>
   <trkpt lon="11.483910" lat="43.117254"><ele>152.5</ele></trkpt>
   <trkpt lon="11.483899" lat="43.117452"><ele>150.5</ele></trkpt>
   <trkpt lon="11.483847" lat="43.117718"><ele>149.75</ele></trkpt>
   <trkpt lon="11.483731" lat="43.118321"><ele>146.0</ele></trkpt>
   <trkpt lon="11.483599" lat="43.118950"><ele>142.75</ele></trkpt>
   <trkpt lon="11.483553" lat="43.119161"><ele>141.75</ele></trkpt>
   <trkpt lon="11.483511" lat="43.119352"><ele>141.0</ele></trkpt>
   <trkpt lon="11.483486" lat="43.119485"><ele>140.75</ele></trkpt>
   <trkpt lon="11.483410" lat="43.119870"><ele>141.5</ele></trkpt>
   <trkpt lon="11.483360" lat="43.120246"><ele>142.75</ele></trkpt>
   <trkpt lon="11.483324" lat="43.120630"><ele>143.75</ele></trkpt>
   <trkpt lon="11.483313" lat="43.120727"><ele>143.75</ele></trkpt>
   <trkpt lon="11.483264" lat="43.121331"><ele>144.5</ele></trkpt>
   <trkpt lon="11.483176" lat="43.122326"><ele>145.25</ele></trkpt>
   <trkpt lon="11.483171" lat="43.122409"><ele>145.25</ele></trkpt>
   <trkpt lon="11.483166" lat="43.122472"><ele>145.25</ele></trkpt>
   <trkpt lon="11.483121" lat="43.122962"><ele>145.0</ele></trkpt>
   <trkpt lon="11.482854" lat="43.125934"><ele>145.0</ele></trkpt>
   <trkpt lon="11.482781" lat="43.126746"><ele>145.25</ele></trkpt>
   <trkpt lon="11.482740" lat="43.127226"><ele>145.75</ele></trkpt>
   <trkpt lon="11.482627" lat="43.128471"><ele>145.25</ele></trkpt>
   <trkpt lon="11.482610" lat="43.128684"><ele>145.25</ele></trkpt>
   <trkpt lon="11.482531" lat="43.129635"><ele>145.0</ele></trkpt>
   <trkpt lon="11.482523" lat="43.129747"><ele>145.0</ele></trkpt>
   <trkpt lon="11.482493" lat="43.130119"><ele>145.0</ele></trkpt>
   <trkpt lon="11.482367" lat="43.131527"><ele>145.0</ele></trkpt>
   <trkpt lon="11.482350" lat="43.131805"><ele>145.0</ele></trkpt>
   <trkpt lon="11.482358" lat="43.131892"><ele>145.0</ele></trkpt>
   <trkpt lon="11.482365" lat="43.131920"><ele>145.0</ele></trkpt>
   <trkpt lon="11.482417" lat="43.132097"><ele>145.0</ele></trkpt>
   <trkpt lon="11.482436" lat="43.132155"><ele>145.0</ele></trkpt>
   <trkpt lon="11.482387" lat="43.132171"><ele>145.0</ele></trkpt>
   <trkpt lon="11.482355" lat="43.132196"><ele>145.0</ele></trkpt>
   <trkpt lon="11.482303" lat="43.132303"><ele>144.75</ele></trkpt>
   <trkpt lon="11.482295" lat="43.132396"><ele>145.0</ele></trkpt>
   <trkpt lon="11.482256" lat="43.132837"><ele>144.75</ele></trkpt>
   <trkpt lon="11.482207" lat="43.132835"><ele>144.75</ele></trkpt>
   <trkpt lon="11.481983" lat="43.132824"><ele>144.0</ele></trkpt>
   <trkpt lon="11.481847" lat="43.132818"><ele>144.0</ele></trkpt>
   <trkpt lon="11.481531" lat="43.132803"><ele>144.0</ele></trkpt>
   <trkpt lon="11.481382" lat="43.132795"><ele>143.75</ele></trkpt>
   <trkpt lon="11.480901" lat="43.132774"><ele>143.0</ele></trkpt>
   <trkpt lon="11.480769" lat="43.132767"><ele>143.0</ele></trkpt>
   <trkpt lon="11.480700" lat="43.132762"><ele>143.0</ele></trkpt>
   <trkpt lon="11.479897" lat="43.132724"><ele>142.0</ele></trkpt>
   <trkpt lon="11.479771" lat="43.132718"><ele>142.0</ele></trkpt>
   <trkpt lon="11.479309" lat="43.132699"><ele>141.0</ele></trkpt>
   <trkpt lon="11.478771" lat="43.132677"><ele>140.5</ele></trkpt>
   <trkpt lon="11.478758" lat="43.132727"><ele>140.5</ele></trkpt>
   <trkpt lon="11.478665" lat="43.133089"><ele>141.0</ele></trkpt>
   <trkpt lon="11.478580" lat="43.133419"><ele>141.75</ele></trkpt>
   <trkpt lon="11.478491" lat="43.133769"><ele>142.5</ele></trkpt>
   <trkpt lon="11.478343" lat="43.134469"><ele>144.0</ele></trkpt>
   <trkpt lon="11.478202" lat="43.135204"><ele>143.0</ele></trkpt>
   <trkpt lon="11.478143" lat="43.135676"><ele>143.0</ele></trkpt>
   <trkpt lon="11.478120" lat="43.135747"><ele>143.0</ele></trkpt>
   <trkpt lon="11.478098" lat="43.135774"><ele>143.0</ele></trkpt>
   <trkpt lon="11.477981" lat="43.135750"><ele>142.75</ele></trkpt>
   <trkpt lon="11.477479" lat="43.135645"><ele>142.0</ele></trkpt>
   <trkpt lon="11.476717" lat="43.135482"><ele>141.0</ele></trkpt>
   <trkpt lon="11.476451" lat="43.135419"><ele>140.0</ele></trkpt>
   <trkpt lon="11.475835" lat="43.135257"><ele>137.0</ele></trkpt>
   <trkpt lon="11.475434" lat="43.135153"><ele>140.0</ele></trkpt>
   <trkpt lon="11.475124" lat="43.135083"><ele>140.0</ele></trkpt>
   <trkpt lon="11.471339" lat="43.134360"><ele>141.25</ele></trkpt>
   <trkpt lon="11.470179" lat="43.134137"><ele>142.25</ele></trkpt>
   <trkpt lon="11.467756" lat="43.133669"><ele>143.0</ele></trkpt>
   <trkpt lon="11.465751" lat="43.133298"><ele>143.0</ele></trkpt>
   <trkpt lon="11.464244" lat="43.133034"><ele>145.5</ele></trkpt>
   <trkpt lon="11.464067" lat="43.132995"><ele>145.75</ele></trkpt>
   <trkpt lon="11.463945" lat="43.132957"><ele>145.75</ele></trkpt>
   <trkpt lon="11.463838" lat="43.132915"><ele>146.0</ele></trkpt>
   <trkpt lon="11.463190" lat="43.132605"><ele>146.25</ele></trkpt>
   <trkpt lon="11.462968" lat="43.132506"><ele>146.25</ele></trkpt>
   <trkpt lon="11.462490" lat="43.132315"><ele>147.25</ele></trkpt>
   <trkpt lon="11.462202" lat="43.132208"><ele>147.0</ele></trkpt>
   <trkpt lon="11.462081" lat="43.132156"><ele>147.25</ele></trkpt>
   <trkpt lon="11.461939" lat="43.132081"><ele>147.5</ele></trkpt>
   <trkpt lon="11.461645" lat="43.131916"><ele>147.75</ele></trkpt>
   <trkpt lon="11.461613" lat="43.131882"><ele>147.5</ele></trkpt>
   <trkpt lon="11.461585" lat="43.131834"><ele>147.25</ele></trkpt>
   <trkpt lon="11.461566" lat="43.131781"><ele>146.75</ele></trkpt>
   <trkpt lon="11.461511" lat="43.131492"><ele>144.25</ele></trkpt>
   <trkpt lon="11.461477" lat="43.131400"><ele>143.75</ele></trkpt>
   <trkpt lon="11.461444" lat="43.131358"><ele>143.25</ele></trkpt>
   <trkpt lon="11.461381" lat="43.131307"><ele>143.0</ele></trkpt>
   <trkpt lon="11.460887" lat="43.131027"><ele>141.25</ele></trkpt>
   <trkpt lon="11.460855" lat="43.131000"><ele>141.0</ele></trkpt>
   <trkpt lon="11.460828" lat="43.130963"><ele>140.75</ele></trkpt>
   <trkpt lon="11.460817" lat="43.130926"><ele>140.5</ele></trkpt>
   <trkpt lon="11.460791" lat="43.130761"><ele>139.75</ele></trkpt>
   <trkpt lon="11.460757" lat="43.130655"><ele>139.75</ele></trkpt>
   <trkpt lon="11.460714" lat="43.130576"><ele>139.75</ele></trkpt>
   <trkpt lon="11.460677" lat="43.130533"><ele>140.0</ele></trkpt>
   <trkpt lon="11.460619" lat="43.130491"><ele>140.25</ele></trkpt>
   <trkpt lon="11.460530" lat="43.130454"><ele>140.75</ele></trkpt>
   <trkpt lon="11.460415" lat="43.130418"><ele>141.0</ele></trkpt>
   <trkpt lon="11.458835" lat="43.130072"><ele>146.5</ele></trkpt>
   <trkpt lon="11.458610" lat="43.130030"><ele>147.75</ele></trkpt>
   <trkpt lon="11.458444" lat="43.130007"><ele>148.5</ele></trkpt>
   <trkpt lon="11.458236" lat="43.130000"><ele>149.25</ele></trkpt>
   <trkpt lon="11.455838" lat="43.128643"><ele>172.5</ele></trkpt>
   <trkpt lon="11.455701" lat="43.128560"><ele>174.5</ele></trkpt>
   <trkpt lon="11.455578" lat="43.128470"><ele>176.25</ele></trkpt>
   <trkpt lon="11.455490" lat="43.128373"><ele>177.5</ele></trkpt>
   <trkpt lon="11.455421" lat="43.128247"><ele>179.0</ele></trkpt>
   <trkpt lon="11.455022" lat="43.127388"><ele>193.25</ele></trkpt>
   <trkpt lon="11.454922" lat="43.127233"><ele>196.5</ele></trkpt>
   <trkpt lon="11.454841" lat="43.127146"><ele>198.75</ele></trkpt>
   <trkpt lon="11.454767" lat="43.127088"><ele>200.0</ele></trkpt>
   <trkpt lon="11.454636" lat="43.127008"><ele>201.75</ele></trkpt>
   <trkpt lon="11.454430" lat="43.126907"><ele>204.75</ele></trkpt>
   <trkpt lon="11.454314" lat="43.126858"><ele>206.5</ele></trkpt>
   <trkpt lon="11.454217" lat="43.126826"><ele>207.75</ele></trkpt>
   <trkpt lon="11.454118" lat="43.126804"><ele>208.75</ele></trkpt>
   <trkpt lon="11.453969" lat="43.126789"><ele>209.5</ele></trkpt>
   <trkpt lon="11.453447" lat="43.126762"><ele>213.5</ele></trkpt>
   <trkpt lon="11.453117" lat="43.126751"><ele>216.0</ele></trkpt>
   <trkpt lon="11.452920" lat="43.126751"><ele>217.25</ele></trkpt>
   <trkpt lon="11.452851" lat="43.126753"><ele>218.0</ele></trkpt>
   <trkpt lon="11.452535" lat="43.126767"><ele>218.0</ele></trkpt>
   <trkpt lon="11.452356" lat="43.126767"><ele>219.0</ele></trkpt>
   <trkpt lon="11.452196" lat="43.126757"><ele>220.0</ele></trkpt>
   <trkpt lon="11.451543" lat="43.126694"><ele>222.0</ele></trkpt>
   <trkpt lon="11.451395" lat="43.126674"><ele>222.75</ele></trkpt>
   <trkpt lon="11.451274" lat="43.126648"><ele>223.75</ele></trkpt>
   <trkpt lon="11.450614" lat="43.126450"><ele>229.5</ele></trkpt>
   <trkpt lon="11.449849" lat="43.126217"><ele>233.5</ele></trkpt>
   <trkpt lon="11.449529" lat="43.126105"><ele>237.0</ele></trkpt>
   <trkpt lon="11.449426" lat="43.126046"><ele>238.5</ele></trkpt>
   <trkpt lon="11.449329" lat="43.125965"><ele>239.0</ele></trkpt>
   <trkpt lon="11.449247" lat="43.125860"><ele>239.75</ele></trkpt>
   <trkpt lon="11.449199" lat="43.125784"><ele>240.0</ele></trkpt>
   <trkpt lon="11.449167" lat="43.125717"><ele>240.25</ele></trkpt>
   <trkpt lon="11.449007" lat="43.125265"><ele>239.75</ele></trkpt>
   <trkpt lon="11.448904" lat="43.125005"><ele>239.75</ele></trkpt>
   <trkpt lon="11.448848" lat="43.124902"><ele>240.0</ele></trkpt>
   <trkpt lon="11.448750" lat="43.124879"><ele>240.0</ele></trkpt>
   <trkpt lon="11.448657" lat="43.124883"><ele>240.0</ele></trkpt>
   <trkpt lon="11.448551" lat="43.124913"><ele>240.0</ele></trkpt>
   <trkpt lon="11.448444" lat="43.124967"><ele>240.0</ele></trkpt>
   <trkpt lon="11.448390" lat="43.125000"><ele>239.75</ele></trkpt>
   <trkpt lon="11.447419" lat="43.125891"><ele>230.5</ele></trkpt>
   <trkpt lon="11.446641" lat="43.126613"><ele>237.5</ele></trkpt>
   <trkpt lon="11.446487" lat="43.126739"><ele>238.75</ele></trkpt>
   <trkpt lon="11.446383" lat="43.126802"><ele>239.25</ele></trkpt>
   <trkpt lon="11.446203" lat="43.126884"><ele>239.75</ele></trkpt>
   <trkpt lon="11.446040" lat="43.126932"><ele>240.0</ele></trkpt>
   <trkpt lon="11.445806" lat="43.126983"><ele>239.75</ele></trkpt>
   <trkpt lon="11.445684" lat="43.127013"><ele>239.75</ele></trkpt>
   <trkpt lon="11.445630" lat="43.127026"><ele>239.5</ele></trkpt>
   <trkpt lon="11.445412" lat="43.127096"><ele>239.5</ele></trkpt>
   <trkpt lon="11.445257" lat="43.127168"><ele>240.0</ele></trkpt>
   <trkpt lon="11.445202" lat="43.127202"><ele>240.0</ele></trkpt>
   <trkpt lon="11.445154" lat="43.127233"><ele>239.75</ele></trkpt>
   <trkpt lon="11.445008" lat="43.127355"><ele>239.75</ele></trkpt>
   <trkpt lon="11.444668" lat="43.127708"><ele>242.25</ele></trkpt>
   <trkpt lon="11.444223" lat="43.128173"><ele>246.75</ele></trkpt>
   <trkpt lon="11.443885" lat="43.128530"><ele>249.25</ele></trkpt>
   <trkpt lon="11.443586" lat="43.128824"><ele>249.25</ele></trkpt>
   <trkpt lon="11.443421" lat="43.128970"><ele>248.5</ele></trkpt>
   <trkpt lon="11.442865" lat="43.129429"><ele>248.5</ele></trkpt>
   <trkpt lon="11.442403" lat="43.129789"><ele>249.0</ele></trkpt>
   <trkpt lon="11.442227" lat="43.129917"><ele>249.5</ele></trkpt>
   <trkpt lon="11.442110" lat="43.129984"><ele>249.75</ele></trkpt>
   <trkpt lon="11.442022" lat="43.130025"><ele>250.0</ele></trkpt>
   <trkpt lon="11.441864" lat="43.130081"><ele>250.0</ele></trkpt>
   <trkpt lon="11.441717" lat="43.130116"><ele>250.0</ele></trkpt>
   <trkpt lon="11.441612" lat="43.130133"><ele>250.0</ele></trkpt>
   <trkpt lon="11.441392" lat="43.130148"><ele>250.0</ele></trkpt>
   <trkpt lon="11.441223" lat="43.130146"><ele>250.0</ele></trkpt>
   <trkpt lon="11.439729" lat="43.130076"><ele>250.25</ele></trkpt>
   <trkpt lon="11.439232" lat="43.130044"><ele>250.0</ele></trkpt>
   <trkpt lon="11.437863" lat="43.129992"><ele>249.75</ele></trkpt>
   <trkpt lon="11.437066" lat="43.129970"><ele>249.75</ele></trkpt>
   <trkpt lon="11.436664" lat="43.129951"><ele>250.0</ele></trkpt>
   <trkpt lon="11.436466" lat="43.129927"><ele>250.0</ele></trkpt>
   <trkpt lon="11.436206" lat="43.129874"><ele>250.5</ele></trkpt>
   <trkpt lon="11.435974" lat="43.129801"><ele>251.0</ele></trkpt>
   <trkpt lon="11.435721" lat="43.129691"><ele>250.5</ele></trkpt>
   <trkpt lon="11.434633" lat="43.129109"><ele>256.0</ele></trkpt>
   <trkpt lon="11.434462" lat="43.129018"><ele>256.0</ele></trkpt>
   <trkpt lon="11.434162" lat="43.128866"><ele>253.25</ele></trkpt>
   <trkpt lon="11.433968" lat="43.128787"><ele>252.5</ele></trkpt>
   <trkpt lon="11.433804" lat="43.128742"><ele>252.0</ele></trkpt>
   <trkpt lon="11.433690" lat="43.128720"><ele>252.0</ele></trkpt>
   <trkpt lon="11.432688" lat="43.128612"><ele>255.25</ele></trkpt>
   <trkpt lon="11.432349" lat="43.128587"><ele>253.75</ele></trkpt>
   <trkpt lon="11.432248" lat="43.128587"><ele>253.5</ele></trkpt>
   <trkpt lon="11.432072" lat="43.128604"><ele>253.5</ele></trkpt>
   <trkpt lon="11.431784" lat="43.128661"><ele>254.5</ele></trkpt>
   <trkpt lon="11.431004" lat="43.128838"><ele>255.25</ele></trkpt>
   <trkpt lon="11.430045" lat="43.129103"><ele>250.5</ele></trkpt>
   <trkpt lon="11.428987" lat="43.129404"><ele>250.0</ele></trkpt>
   <trkpt lon="11.428768" lat="43.129476"><ele>250.25</ele></trkpt>
   <trkpt lon="11.428554" lat="43.129570"><ele>250.5</ele></trkpt>
   <trkpt lon="11.428440" lat="43.129632"><ele>250.75</ele></trkpt>
   <trkpt lon="11.428311" lat="43.129717"><ele>251.0</ele></trkpt>
   <trkpt lon="11.427677" lat="43.130238"><ele>250.0</ele></trkpt>
   <trkpt lon="11.426900" lat="43.130893"><ele>250.0</ele></trkpt>
   <trkpt lon="11.426772" lat="43.131017"><ele>251.0</ele></trkpt>
   <trkpt lon="11.426692" lat="43.131118"><ele>251.75</ele></trkpt>
   <trkpt lon="11.426660" lat="43.131174"><ele>251.75</ele></trkpt>
   <trkpt lon="11.426625" lat="43.131263"><ele>251.5</ele></trkpt>
   <trkpt lon="11.426592" lat="43.131457"><ele>251.0</ele></trkpt>
   <trkpt lon="11.426554" lat="43.132452"><ele>248.5</ele></trkpt>
   <trkpt lon="11.426492" lat="43.133470"><ele>248.25</ele></trkpt>
   <trkpt lon="11.426473" lat="43.133560"><ele>247.25</ele></trkpt>
   <trkpt lon="11.426441" lat="43.133648"><ele>246.25</ele></trkpt>
   <trkpt lon="11.426405" lat="43.133721"><ele>245.25</ele></trkpt>
   <trkpt lon="11.426348" lat="43.133811"><ele>244.25</ele></trkpt>
   <trkpt lon="11.426235" lat="43.133945"><ele>243.25</ele></trkpt>
   <trkpt lon="11.426134" lat="43.134046"><ele>242.0</ele></trkpt>
   <trkpt lon="11.424076" lat="43.135986"><ele>219.25</ele></trkpt>
   <trkpt lon="11.423908" lat="43.136125"><ele>219.75</ele></trkpt>
   <trkpt lon="11.423769" lat="43.136210"><ele>218.75</ele></trkpt>
   <trkpt lon="11.423138" lat="43.136475"><ele>216.5</ele></trkpt>
   <trkpt lon="11.422963" lat="43.136579"><ele>216.0</ele></trkpt>
   <trkpt lon="11.422871" lat="43.136656"><ele>215.75</ele></trkpt>
   <trkpt lon="11.422832" lat="43.136699"><ele>215.75</ele></trkpt>
   <trkpt lon="11.422762" lat="43.136802"><ele>215.75</ele></trkpt>
   <trkpt lon="11.422699" lat="43.136931"><ele>215.75</ele></trkpt>
   <trkpt lon="11.422625" lat="43.137138"><ele>213.25</ele></trkpt>
   <trkpt lon="11.422538" lat="43.137405"><ele>212.5</ele></trkpt>
   <trkpt lon="11.422480" lat="43.137518"><ele>212.5</ele></trkpt>
   <trkpt lon="11.422435" lat="43.137585"><ele>212.0</ele></trkpt>
   <trkpt lon="11.422330" lat="43.137712"><ele>211.25</ele></trkpt>
   <trkpt lon="11.422230" lat="43.137795"><ele>211.0</ele></trkpt>
   <trkpt lon="11.422116" lat="43.137869"><ele>210.0</ele></trkpt>
   <trkpt lon="11.421985" lat="43.137931"><ele>209.75</ele></trkpt>
   <trkpt lon="11.421913" lat="43.137963"><ele>209.75</ele></trkpt>
   <trkpt lon="11.421772" lat="43.138026"><ele>210.5</ele></trkpt>
   <trkpt lon="11.421651" lat="43.138089"><ele>210.75</ele></trkpt>
   <trkpt lon="11.421592" lat="43.138126"><ele>210.25</ele></trkpt>
   <trkpt lon="11.421519" lat="43.138184"><ele>210.0</ele></trkpt>
   <trkpt lon="11.421488" lat="43.138214"><ele>209.75</ele></trkpt>
   <trkpt lon="11.421460" lat="43.138244"><ele>209.5</ele></trkpt>
   <trkpt lon="11.421417" lat="43.138297"><ele>209.0</ele></trkpt>
   <trkpt lon="11.421356" lat="43.138401"><ele>208.25</ele></trkpt>
   <trkpt lon="11.421301" lat="43.138538"><ele>206.75</ele></trkpt>
   <trkpt lon="11.421195" lat="43.138853"><ele>205.25</ele></trkpt>
   <trkpt lon="11.421159" lat="43.138937"><ele>205.25</ele></trkpt>
   <trkpt lon="11.420886" lat="43.139358"><ele>203.25</ele></trkpt>
   <trkpt lon="11.420831" lat="43.139472"><ele>202.75</ele></trkpt>
   <trkpt lon="11.420791" lat="43.139590"><ele>201.25</ele></trkpt>
   <trkpt lon="11.420745" lat="43.139798"><ele>199.25</ele></trkpt>
   <trkpt lon="11.420709" lat="43.140032"><ele>197.0</ele></trkpt>
   <trkpt lon="11.420709" lat="43.140126"><ele>196.0</ele></trkpt>
   <trkpt lon="11.420734" lat="43.140259"><ele>195.25</ele></trkpt>
   <trkpt lon="11.420785" lat="43.140390"><ele>195.25</ele></trkpt>
   <trkpt lon="11.420826" lat="43.140470"><ele>195.25</ele></trkpt>
   <trkpt lon="11.420893" lat="43.140570"><ele>195.75</ele></trkpt>
   <trkpt lon="11.420969" lat="43.140661"><ele>195.25</ele></trkpt>
   <trkpt lon="11.421040" lat="43.140732"><ele>195.0</ele></trkpt>
   <trkpt lon="11.421390" lat="43.141043"><ele>194.0</ele></trkpt>
   <trkpt lon="11.421474" lat="43.141125"><ele>193.25</ele></trkpt>
   <trkpt lon="11.421565" lat="43.141231"></trkpt>
   <trkpt lon="11.421611" lat="43.141311"><ele>191.5</ele></trkpt>
   <trkpt lon="11.421640" lat="43.141376"><ele>190.75</ele></trkpt>
   <trkpt lon="11.421659" lat="43.141447"><ele>190.75</ele></trkpt>
   <trkpt lon="11.421665" lat="43.141511"><ele>190.75</ele></trkpt>
   <trkpt lon="11.421657" lat="43.141605"><ele>190.75</ele></trkpt>
   <trkpt lon="11.421615" lat="43.141757"><ele>191.0</ele></trkpt>
   <trkpt lon="11.421481" lat="43.142060"><ele>192.0</ele></trkpt>
   <trkpt lon="11.421435" lat="43.142185"><ele>192.25</ele></trkpt>
   <trkpt lon="11.421418" lat="43.142254"><ele>192.5</ele></trkpt>
   <trkpt lon="11.421409" lat="43.142338"><ele>193.25</ele></trkpt>
   <trkpt lon="11.421411" lat="43.142463"><ele>194.5</ele></trkpt>
   <trkpt lon="11.421428" lat="43.142560"><ele>194.75</ele></trkpt>
   <trkpt lon="11.421454" lat="43.142644"><ele>194.25</ele></trkpt>
   <trkpt lon="11.421650" lat="43.143196"><ele>198.25</ele></trkpt>
   <trkpt lon="11.421795" lat="43.143640"><ele>200.0</ele></trkpt>
   <trkpt lon="11.421829" lat="43.143818"><ele>201.25</ele></trkpt>
   <trkpt lon="11.421835" lat="43.143989"><ele>203.25</ele></trkpt>
   <trkpt lon="11.421830" lat="43.144095"><ele>204.5</ele></trkpt>
   <trkpt lon="11.421804" lat="43.144291"><ele>206.0</ele></trkpt>
   <trkpt lon="11.421778" lat="43.144419"><ele>206.5</ele></trkpt>
   <trkpt lon="11.421728" lat="43.144585"><ele>206.25</ele></trkpt>
   <trkpt lon="11.421685" lat="43.144682"><ele>206.0</ele></trkpt>
   <trkpt lon="11.421619" lat="43.144794"><ele>205.75</ele></trkpt>
   <trkpt lon="11.421521" lat="43.144909"><ele>205.5</ele></trkpt>
   <trkpt lon="11.421452" lat="43.144971"><ele>205.25</ele></trkpt>
   <trkpt lon="11.421301" lat="43.145064"><ele>205.75</ele></trkpt>
   <trkpt lon="11.421250" lat="43.145087"><ele>206.0</ele></trkpt>
   <trkpt lon="11.421091" lat="43.145134"><ele>207.0</ele></trkpt>
   <trkpt lon="11.420949" lat="43.145153"><ele>208.0</ele></trkpt>
   <trkpt lon="11.420813" lat="43.145159"><ele>209.0</ele></trkpt>
   <trkpt lon="11.420250" lat="43.145146"><ele>211.5</ele></trkpt>
   <trkpt lon="11.420056" lat="43.145154"><ele>211.75</ele></trkpt>
   <trkpt lon="11.419980" lat="43.145164"><ele>212.25</ele></trkpt>
   <trkpt lon="11.419868" lat="43.145188"><ele>212.75</ele></trkpt>
   <trkpt lon="11.419468" lat="43.145284"><ele>214.0</ele></trkpt>
   <trkpt lon="11.419217" lat="43.145327"><ele>217.5</ele></trkpt>
   <trkpt lon="11.418951" lat="43.145345"><ele>219.75</ele></trkpt>
   <trkpt lon="11.418310" lat="43.145365"><ele>220.75</ele></trkpt>
   <trkpt lon="11.418179" lat="43.145379"><ele>222.0</ele></trkpt>
   <trkpt lon="11.418077" lat="43.145396"><ele>223.0</ele></trkpt>
   <trkpt lon="11.417940" lat="43.145429"><ele>223.5</ele></trkpt>
   <trkpt lon="11.417238" lat="43.145640"><ele>229.5</ele></trkpt>
   <trkpt lon="11.417038" lat="43.145682"><ele>230.0</ele></trkpt>
   <trkpt lon="11.416780" lat="43.145715"><ele>231.25</ele></trkpt>
   <trkpt lon="11.416247" lat="43.145774"><ele>234.25</ele></trkpt>
   <trkpt lon="11.416004" lat="43.145790"><ele>235.0</ele></trkpt>
   <trkpt lon="11.415807" lat="43.145785"><ele>235.5</ele></trkpt>
   <trkpt lon="11.415668" lat="43.145766"><ele>236.25</ele></trkpt>
   <trkpt lon="11.415489" lat="43.145718"><ele>237.25</ele></trkpt>
   <trkpt lon="11.415315" lat="43.145644"><ele>238.5</ele></trkpt>
   <trkpt lon="11.415212" lat="43.145587"><ele>239.25</ele></trkpt>
   <trkpt lon="11.414855" lat="43.145355"><ele>241.25</ele></trkpt>
   <trkpt lon="11.414714" lat="43.145279"><ele>242.0</ele></trkpt>
   <trkpt lon="11.414609" lat="43.145240"><ele>242.25</ele></trkpt>
   <trkpt lon="11.414557" lat="43.145227"><ele>242.5</ele></trkpt>
   <trkpt lon="11.414414" lat="43.145215"><ele>243.5</ele></trkpt>
   <trkpt lon="11.414280" lat="43.145223"><ele>244.5</ele></trkpt>
   <trkpt lon="11.414187" lat="43.145239"><ele>245.25</ele></trkpt>
   <trkpt lon="11.414070" lat="43.145273"><ele>246.25</ele></trkpt>
   <trkpt lon="11.413991" lat="43.145306"><ele>246.75</ele></trkpt>
   <trkpt lon="11.413863" lat="43.145383"><ele>247.75</ele></trkpt>
   <trkpt lon="11.413503" lat="43.145640"><ele>250.0</ele></trkpt>
   <trkpt lon="11.413351" lat="43.145722"><ele>250.0</ele></trkpt>
   <trkpt lon="11.413243" lat="43.145768"><ele>250.0</ele></trkpt>
   <trkpt lon="11.413184" lat="43.145790"><ele>250.0</ele></trkpt>
   <trkpt lon="11.413019" lat="43.145836"><ele>250.0</ele></trkpt>
   <trkpt lon="11.412493" lat="43.145945"><ele>251.75</ele></trkpt>
   <trkpt lon="11.412415" lat="43.145966"><ele>252.5</ele></trkpt>
   <trkpt lon="11.412205" lat="43.146038"><ele>254.5</ele></trkpt>
   <trkpt lon="11.411947" lat="43.146159"><ele>257.0</ele></trkpt>
   <trkpt lon="11.411215" lat="43.146590"><ele>260.75</ele></trkpt>
   <trkpt lon="11.411108" lat="43.146659"><ele>261.0</ele></trkpt>
   <trkpt lon="11.411028" lat="43.146719"><ele>261.25</ele></trkpt>
   <trkpt lon="11.410946" lat="43.146793"><ele>261.75</ele></trkpt>
   <trkpt lon="11.410826" lat="43.146930"><ele>263.0</ele></trkpt>
   <trkpt lon="11.410726" lat="43.147077"><ele>263.75</ele></trkpt>
   <trkpt lon="11.410614" lat="43.147270"><ele>264.75</ele></trkpt>
   <trkpt lon="11.410550" lat="43.147359"><ele>265.0</ele></trkpt>
   <trkpt lon="11.410448" lat="43.147456"><ele>265.75</ele></trkpt>
   <trkpt lon="11.410322" lat="43.147543"><ele>266.5</ele></trkpt>
   <trkpt lon="11.410175" lat="43.147616"><ele>266.75</ele></trkpt>
   <trkpt lon="11.410056" lat="43.147655"><ele>267.0</ele></trkpt>
   <trkpt lon="11.409888" lat="43.147694"><ele>267.75</ele></trkpt>
   <trkpt lon="11.409506" lat="43.147762"><ele>269.75</ele></trkpt>
   <trkpt lon="11.409256" lat="43.147803"><ele>271.75</ele></trkpt>
   <trkpt lon="11.408974" lat="43.147842"><ele>273.75</ele></trkpt>
   <trkpt lon="11.408203" lat="43.147922"><ele>275.25</ele></trkpt>
   <trkpt lon="11.408018" lat="43.147958"><ele>275.75</ele></trkpt>
   <trkpt lon="11.407853" lat="43.148013"><ele>276.5</ele></trkpt>
   <trkpt lon="11.407167" lat="43.148323"><ele>279.5</ele></trkpt>
   <trkpt lon="11.407018" lat="43.148403"><ele>280.0</ele></trkpt>
   <trkpt lon="11.406938" lat="43.148468"><ele>280.5</ele></trkpt>
   <trkpt lon="11.406846" lat="43.148575"><ele>281.25</ele></trkpt>
   <trkpt lon="11.406794" lat="43.148677"><ele>281.75</ele></trkpt>
   <trkpt lon="11.406769" lat="43.148772"><ele>282.25</ele></trkpt>
   <trkpt lon="11.406730" lat="43.149019"><ele>283.0</ele></trkpt>
   <trkpt lon="11.406711" lat="43.149092"><ele>283.25</ele></trkpt>
   <trkpt lon="11.406683" lat="43.149153"><ele>283.75</ele></trkpt>
   <trkpt lon="11.406611" lat="43.149237"><ele>283.5</ele></trkpt>
   <trkpt lon="11.406380" lat="43.149397"><ele>283.25</ele></trkpt>
   <trkpt lon="11.406316" lat="43.149448"><ele>282.5</ele></trkpt>
   <trkpt lon="11.406255" lat="43.149517"><ele>282.25</ele></trkpt>
   <trkpt lon="11.406212" lat="43.149603"><ele>281.5</ele></trkpt>
   <trkpt lon="11.406199" lat="43.149678"><ele>280.5</ele></trkpt>
   <trkpt lon="11.406214" lat="43.149780"><ele>280.75</ele></trkpt>
   <trkpt lon="11.406247" lat="43.149847"><ele>281.25</ele></trkpt>
   <trkpt lon="11.406315" lat="43.149917"><ele>281.25</ele></trkpt>
   <trkpt lon="11.406590" lat="43.150121"><ele>280.5</ele></trkpt>
   <trkpt lon="11.406676" lat="43.150226"><ele>280.75</ele></trkpt>
   <trkpt lon="11.406721" lat="43.150313"><ele>281.25</ele></trkpt>
   <trkpt lon="11.406760" lat="43.150425"><ele>281.5</ele></trkpt>
   <trkpt lon="11.406793" lat="43.150588"><ele>282.0</ele></trkpt>
   <trkpt lon="11.406815" lat="43.150785"><ele>281.75</ele></trkpt>
   <trkpt lon="11.406807" lat="43.150926"><ele>281.75</ele></trkpt>
   <trkpt lon="11.406790" lat="43.151038"><ele>282.0</ele></trkpt>
   <trkpt lon="11.406681" lat="43.151388"><ele>282.5</ele></trkpt>
   <trkpt lon="11.406649" lat="43.151555"><ele>282.5</ele></trkpt>
   <trkpt lon="11.406600" lat="43.152117"><ele>284.75</ele></trkpt>
   <trkpt lon="11.406567" lat="43.152276"><ele>284.75</ele></trkpt>
   <trkpt lon="11.406518" lat="43.152407"><ele>284.5</ele></trkpt>
   <trkpt lon="11.406444" lat="43.152548"><ele>284.0</ele></trkpt>
   <trkpt lon="11.406358" lat="43.152673"><ele>283.5</ele></trkpt>
   <trkpt lon="11.406252" lat="43.152807"><ele>283.5</ele></trkpt>
   <trkpt lon="11.406159" lat="43.152907"><ele>283.5</ele></trkpt>
   <trkpt lon="11.405918" lat="43.153136"><ele>283.0</ele></trkpt>
   <trkpt lon="11.405854" lat="43.153207"><ele>283.0</ele></trkpt>
   <trkpt lon="11.405766" lat="43.153329"><ele>283.25</ele></trkpt>
   <trkpt lon="11.405732" lat="43.153407"><ele>283.25</ele></trkpt>
   <trkpt lon="11.405712" lat="43.153490"><ele>283.25</ele></trkpt>
   <trkpt lon="11.405682" lat="43.153829"><ele>282.75</ele></trkpt>
   <trkpt lon="11.405644" lat="43.153991"><ele>282.5</ele></trkpt>
   <trkpt lon="11.405588" lat="43.154104"><ele>282.25</ele></trkpt>
   <trkpt lon="11.405375" lat="43.154375"><ele>280.0</ele></trkpt>
   <trkpt lon="11.405268" lat="43.154539"><ele>279.0</ele></trkpt>
   <trkpt lon="11.404979" lat="43.155153"><ele>278.25</ele></trkpt>
   <trkpt lon="11.404939" lat="43.155251"><ele>278.5</ele></trkpt>
   <trkpt lon="11.404919" lat="43.155334"><ele>278.25</ele></trkpt>
   <trkpt lon="11.404874" lat="43.155722"><ele>275.5</ele></trkpt>
   <trkpt lon="11.404846" lat="43.155814"><ele>275.0</ele></trkpt>
   <trkpt lon="11.404807" lat="43.155883"><ele>275.25</ele></trkpt>
   <trkpt lon="11.404683" lat="43.156030"><ele>276.5</ele></trkpt>
   <trkpt lon="11.404578" lat="43.156143"><ele>276.5</ele></trkpt>
   <trkpt lon="11.404464" lat="43.156239"><ele>276.75</ele></trkpt>
   <trkpt lon="11.404379" lat="43.156295"><ele>276.75</ele></trkpt>
   <trkpt lon="11.404273" lat="43.156348"><ele>277.0</ele></trkpt>
   <trkpt lon="11.404077" lat="43.156403"><ele>277.0</ele></trkpt>
   <trkpt lon="11.403945" lat="43.156421"><ele>277.0</ele></trkpt>
   <trkpt lon="11.403294" lat="43.156472"><ele>278.75</ele></trkpt>
   <trkpt lon="11.403009" lat="43.156506"><ele>280.25</ele></trkpt>
   <trkpt lon="11.401850" lat="43.156696"><ele>282.5</ele></trkpt>
   <trkpt lon="11.401689" lat="43.156714"><ele>283.0</ele></trkpt>
   <trkpt lon="11.401571" lat="43.156712"><ele>283.0</ele></trkpt>
   <trkpt lon="11.401423" lat="43.156689"><ele>283.75</ele></trkpt>
   <trkpt lon="11.401215" lat="43.156623"><ele>285.0</ele></trkpt>
   <trkpt lon="11.400585" lat="43.156348"><ele>287.25</ele></trkpt>
   <trkpt lon="11.400483" lat="43.156309"><ele>288.5</ele></trkpt>
   <trkpt lon="11.400377" lat="43.156288"><ele>288.75</ele></trkpt>
   <trkpt lon="11.400294" lat="43.156288"><ele>288.5</ele></trkpt>
   <trkpt lon="11.400211" lat="43.156302"><ele>288.5</ele></trkpt>
   <trkpt lon="11.400126" lat="43.156334"><ele>288.5</ele></trkpt>
   <trkpt lon="11.400061" lat="43.156376"><ele>288.5</ele></trkpt>
   <trkpt lon="11.400034" lat="43.156403"><ele>288.5</ele></trkpt>
   <trkpt lon="11.400001" lat="43.156462"><ele>288.5</ele></trkpt>
   <trkpt lon="11.399991" lat="43.156519"><ele>288.75</ele></trkpt>
   <trkpt lon="11.399999" lat="43.156585"><ele>288.25</ele></trkpt>
   <trkpt lon="11.400019" lat="43.156655"><ele>287.5</ele></trkpt>
   <trkpt lon="11.400188" lat="43.157105"><ele>286.25</ele></trkpt>
   <trkpt lon="11.400197" lat="43.157224"><ele>286.25</ele></trkpt>
   <trkpt lon="11.400178" lat="43.157325"><ele>286.25</ele></trkpt>
   <trkpt lon="11.400128" lat="43.157441"><ele>286.25</ele></trkpt>
   <trkpt lon="11.400036" lat="43.157585"><ele>286.5</ele></trkpt>
   <trkpt lon="11.399759" lat="43.157892"><ele>285.5</ele></trkpt>
   <trkpt lon="11.399693" lat="43.157987"><ele>284.75</ele></trkpt>
   <trkpt lon="11.399676" lat="43.158018"><ele>284.5</ele></trkpt>
   <trkpt lon="11.399635" lat="43.158130"><ele>284.0</ele></trkpt>
   <trkpt lon="11.399626" lat="43.158202"><ele>283.25</ele></trkpt>
   <trkpt lon="11.399626" lat="43.158366"><ele>282.0</ele></trkpt>
   <trkpt lon="11.399646" lat="43.158608"><ele>280.25</ele></trkpt>
   <trkpt lon="11.399637" lat="43.158686"><ele>280.0</ele></trkpt>
   <trkpt lon="11.399600" lat="43.158763"><ele>280.0</ele></trkpt>
   <trkpt lon="11.399573" lat="43.158796"><ele>280.0</ele></trkpt>
   <trkpt lon="11.399521" lat="43.158839"><ele>280.0</ele></trkpt>
   <trkpt lon="11.399424" lat="43.158888"><ele>279.75</ele></trkpt>
   <trkpt lon="11.399291" lat="43.158920"><ele>278.75</ele></trkpt>
   <trkpt lon="11.399126" lat="43.158929"><ele>278.0</ele></trkpt>
   <trkpt lon="11.398920" lat="43.158917"><ele>277.5</ele></trkpt>
   <trkpt lon="11.398796" lat="43.158897"><ele>276.75</ele></trkpt>
   <trkpt lon="11.398148" lat="43.158746"><ele>273.25</ele></trkpt>
   <trkpt lon="11.397984" lat="43.158715"><ele>272.5</ele></trkpt>
   <trkpt lon="11.397757" lat="43.158688"><ele>271.75</ele></trkpt>
   <trkpt lon="11.397561" lat="43.158674"><ele>271.0</ele></trkpt>
   <trkpt lon="11.397342" lat="43.158671"><ele>271.0</ele></trkpt>
   <trkpt lon="11.396725" lat="43.158678"><ele>271.75</ele></trkpt>
   <trkpt lon="11.395676" lat="43.158696"><ele>271.75</ele></trkpt>
   <trkpt lon="11.395476" lat="43.158708"><ele>271.5</ele></trkpt>
   <trkpt lon="11.395242" lat="43.158737"><ele>271.75</ele></trkpt>
   <trkpt lon="11.395042" lat="43.158783"><ele>271.75</ele></trkpt>
   <trkpt lon="11.394851" lat="43.158850"><ele>271.75</ele></trkpt>
   <trkpt lon="11.394678" lat="43.158935"><ele>272.25</ele></trkpt>
   <trkpt lon="11.394532" lat="43.159017"><ele>273.5</ele></trkpt>
   <trkpt lon="11.394396" lat="43.159104"><ele>274.25</ele></trkpt>
   <trkpt lon="11.394302" lat="43.159172"><ele>274.0</ele></trkpt>
   <trkpt lon="11.394087" lat="43.159349"><ele>274.5</ele></trkpt>
   <trkpt lon="11.393981" lat="43.159452"><ele>275.0</ele></trkpt>
   <trkpt lon="11.393823" lat="43.159643"><ele>275.5</ele></trkpt>
   <trkpt lon="11.393700" lat="43.159839"><ele>276.5</ele></trkpt>
   <trkpt lon="11.393613" lat="43.159996"><ele>277.75</ele></trkpt>
   <trkpt lon="11.393466" lat="43.160307"><ele>278.0</ele></trkpt>
   <trkpt lon="11.393218" lat="43.160895"><ele>279.25</ele></trkpt>
   <trkpt lon="11.393070" lat="43.161212"><ele>279.75</ele></trkpt>
   <trkpt lon="11.392982" lat="43.161333"><ele>280.0</ele></trkpt>
   <trkpt lon="11.392914" lat="43.161401"><ele>280.5</ele></trkpt>
   <trkpt lon="11.392850" lat="43.161449"><ele>280.5</ele></trkpt>
   <trkpt lon="11.392787" lat="43.161487"><ele>280.75</ele></trkpt>
   <trkpt lon="11.392689" lat="43.161527"><ele>281.25</ele></trkpt>
   <trkpt lon="11.392168" lat="43.161679"><ele>283.0</ele></trkpt>
   <trkpt lon="11.392011" lat="43.161733"><ele>283.5</ele></trkpt>
   <trkpt lon="11.391904" lat="43.161786"><ele>284.0</ele></trkpt>
   <trkpt lon="11.391855" lat="43.161820"><ele>284.0</ele></trkpt>
   <trkpt lon="11.391802" lat="43.161869"><ele>284.0</ele></trkpt>
   <trkpt lon="11.391758" lat="43.161929"><ele>284.0</ele></trkpt>
   <trkpt lon="11.391718" lat="43.162022"><ele>283.25</ele></trkpt>
   <trkpt lon="11.391668" lat="43.162235"><ele>281.75</ele></trkpt>
   <trkpt lon="11.391610" lat="43.162697"><ele>280.0</ele></trkpt>
   <trkpt lon="11.391553" lat="43.163003"><ele>279.5</ele></trkpt>
   <trkpt lon="11.391117" lat="43.164737"><ele>272.75</ele></trkpt>
   <trkpt lon="11.391092" lat="43.164828"><ele>272.75</ele></trkpt>
   <trkpt lon="11.390972" lat="43.165319"><ele>271.75</ele></trkpt>
   <trkpt lon="11.390801" lat="43.165856"><ele>271.25</ele></trkpt>
   <trkpt lon="11.390802" lat="43.166021"><ele>270.5</ele></trkpt>
   <trkpt lon="11.390802" lat="43.166062"><ele>270.25</ele></trkpt>
   <trkpt lon="11.390827" lat="43.166086"><ele>270.0</ele></trkpt>
   <trkpt lon="11.390836" lat="43.166135"><ele>269.75</ele></trkpt>
   <trkpt lon="11.390826" lat="43.166158"><ele>269.5</ele></trkpt>
   <trkpt lon="11.390806" lat="43.166178"><ele>269.5</ele></trkpt>
   <trkpt lon="11.390779" lat="43.166193"><ele>269.75</ele></trkpt>
   <trkpt lon="11.390748" lat="43.166201"><ele>270.0</ele></trkpt>
   <trkpt lon="11.390630" lat="43.166235"><ele>270.75</ele></trkpt>
   <trkpt lon="11.390513" lat="43.166288"><ele>271.75</ele></trkpt>
   <trkpt lon="11.390379" lat="43.166376"><ele>272.75</ele></trkpt>
   <trkpt lon="11.390190" lat="43.166497"><ele>273.25</ele></trkpt>
   <trkpt lon="11.390108" lat="43.166563"><ele>273.25</ele></trkpt>
   <trkpt lon="11.390020" lat="43.166660"><ele>272.75</ele></trkpt>
   <trkpt lon="11.389945" lat="43.166775"><ele>271.75</ele></trkpt>
   <trkpt lon="11.389904" lat="43.166853"><ele>271.0</ele></trkpt>
   <trkpt lon="11.389864" lat="43.167008"><ele>270.0</ele></trkpt>
   <trkpt lon="11.389859" lat="43.167186"><ele>270.75</ele></trkpt>
   <trkpt lon="11.389877" lat="43.167495"><ele>273.0</ele></trkpt>
   <trkpt lon="11.389912" lat="43.167804"><ele>276.25</ele></trkpt>
   <trkpt lon="11.389943" lat="43.168271"><ele>279.0</ele></trkpt>
   <trkpt lon="11.389983" lat="43.168730"><ele>282.0</ele></trkpt>
   <trkpt lon="11.389990" lat="43.168813"><ele>283.5</ele></trkpt>
   <trkpt lon="11.390009" lat="43.168975"><ele>286.0</ele></trkpt>
   <trkpt lon="11.390029" lat="43.169111"><ele>288.0</ele></trkpt>
   <trkpt lon="11.390068" lat="43.169273"><ele>290.75</ele></trkpt>
   <trkpt lon="11.390122" lat="43.169411"><ele>293.0</ele></trkpt>
   <trkpt lon="11.390204" lat="43.169561"><ele>295.0</ele></trkpt>
   <trkpt lon="11.390300" lat="43.169704"><ele>296.5</ele></trkpt>
   <trkpt lon="11.390465" lat="43.169913"><ele>298.25</ele></trkpt>
   <trkpt lon="11.390573" lat="43.170043"><ele>299.0</ele></trkpt>
   <trkpt lon="11.390805" lat="43.170325"><ele>300.5</ele></trkpt>
   <trkpt lon="11.390919" lat="43.170481"><ele>301.5</ele></trkpt>
   <trkpt lon="11.391156" lat="43.170903"><ele>302.75</ele></trkpt>
   <trkpt lon="11.391250" lat="43.171057"><ele>302.25</ele></trkpt>
   <trkpt lon="11.391291" lat="43.171135"><ele>302.0</ele></trkpt>
   <trkpt lon="11.391320" lat="43.171225"><ele>302.25</ele></trkpt>
   <trkpt lon="11.391332" lat="43.171397"><ele>303.25</ele></trkpt>
   <trkpt lon="11.391324" lat="43.171547"><ele>303.0</ele></trkpt>
   <trkpt lon="11.391290" lat="43.171700"><ele>302.75</ele></trkpt>
   <trkpt lon="11.391190" lat="43.171946"><ele>303.0</ele></trkpt>
   <trkpt lon="11.390697" lat="43.172931"><ele>291.5</ele></trkpt>
   <trkpt lon="11.390598" lat="43.173043"><ele>290.0</ele></trkpt>
   <trkpt lon="11.390476" lat="43.173142"><ele>288.5</ele></trkpt>
   <trkpt lon="11.390299" lat="43.173269"><ele>287.0</ele></trkpt>
   <trkpt lon="11.390278" lat="43.173346"><ele>285.75</ele></trkpt>
   <trkpt lon="11.390278" lat="43.173387"><ele>285.0</ele></trkpt>
   <trkpt lon="11.390291" lat="43.173421"><ele>284.25</ele></trkpt>
   <trkpt lon="11.390333" lat="43.173469"><ele>283.25</ele></trkpt>
   <trkpt lon="11.390379" lat="43.173500"><ele>282.5</ele></trkpt>
   <trkpt lon="11.390533" lat="43.173488"><ele>282.25</ele></trkpt>
   <trkpt lon="11.391194" lat="43.173448"><ele>279.5</ele></trkpt>
   <trkpt lon="11.391443" lat="43.173449"><ele>278.0</ele></trkpt>
   <trkpt lon="11.391602" lat="43.173466"><ele>278.0</ele></trkpt>
   <trkpt lon="11.391700" lat="43.173484"><ele>277.75</ele></trkpt>
   <trkpt lon="11.392364" lat="43.173628"><ele>276.25</ele></trkpt>
   <trkpt lon="11.392889" lat="43.173748"><ele>276.5</ele></trkpt>
   <trkpt lon="11.393273" lat="43.173820"><ele>275.5</ele></trkpt>
   <trkpt lon="11.393801" lat="43.173883"><ele>273.25</ele></trkpt>
   <trkpt lon="11.394238" lat="43.173910"><ele>270.5</ele></trkpt>
   <trkpt lon="11.394341" lat="43.173912"><ele>270.0</ele></trkpt>
   <trkpt lon="11.394663" lat="43.173857"><ele>268.5</ele></trkpt>
   <trkpt lon="11.394870" lat="43.173834"><ele>266.5</ele></trkpt>
   <trkpt lon="11.394932" lat="43.173837"><ele>265.75</ele></trkpt>
   <trkpt lon="11.395127" lat="43.173988"><ele>262.5</ele></trkpt>
   <trkpt lon="11.395183" lat="43.174030"><ele>261.5</ele></trkpt>
   <trkpt lon="11.396234" lat="43.174828"><ele>256.25</ele></trkpt>
   <trkpt lon="11.400796" lat="43.178324"><ele>230.0</ele></trkpt>
   <trkpt lon="11.401316" lat="43.178724"><ele>229.5</ele></trkpt>
   <trkpt lon="11.401467" lat="43.178830"><ele>229.25</ele></trkpt>
   <trkpt lon="11.401619" lat="43.178918"><ele>229.25</ele></trkpt>
   <trkpt lon="11.401802" lat="43.179007"><ele>228.25</ele></trkpt>
   <trkpt lon="11.402046" lat="43.179092"><ele>227.25</ele></trkpt>
   <trkpt lon="11.402526" lat="43.179189"><ele>226.25</ele></trkpt>
   <trkpt lon="11.402742" lat="43.179241"><ele>224.25</ele></trkpt>
   <trkpt lon="11.402852" lat="43.179281"><ele>223.75</ele></trkpt>
   <trkpt lon="11.402998" lat="43.179346"><ele>223.25</ele></trkpt>
   <trkpt lon="11.403151" lat="43.179427"><ele>223.25</ele></trkpt>
   <trkpt lon="11.403331" lat="43.179546"><ele>223.0</ele></trkpt>
   <trkpt lon="11.404276" lat="43.180297"><ele>217.75</ele></trkpt>
   <trkpt lon="11.404613" lat="43.180549"><ele>214.5</ele></trkpt>
   <trkpt lon="11.404755" lat="43.180648"><ele>213.75</ele></trkpt>
   <trkpt lon="11.404986" lat="43.180789"><ele>212.5</ele></trkpt>
   <trkpt lon="11.405145" lat="43.180878"><ele>211.5</ele></trkpt>
   <trkpt lon="11.405331" lat="43.180971"><ele>210.5</ele></trkpt>
   <trkpt lon="11.405624" lat="43.181102"><ele>208.25</ele></trkpt>
   <trkpt lon="11.405934" lat="43.181227"><ele>207.25</ele></trkpt>
   <trkpt lon="11.406180" lat="43.181310"><ele>206.0</ele></trkpt>
   <trkpt lon="11.406299" lat="43.181341"><ele>205.75</ele></trkpt>
   <trkpt lon="11.406491" lat="43.181377"><ele>205.5</ele></trkpt>
   <trkpt lon="11.406656" lat="43.181398"><ele>205.75</ele></trkpt>
   <trkpt lon="11.406923" lat="43.181402"><ele>203.75</ele></trkpt>
   <trkpt lon="11.407106" lat="43.181387"><ele>202.75</ele></trkpt>
   <trkpt lon="11.407281" lat="43.181362"><ele>202.0</ele></trkpt>
   <trkpt lon="11.407460" lat="43.181322"><ele>201.75</ele></trkpt>
   <trkpt lon="11.407974" lat="43.181166"><ele>199.25</ele></trkpt>
   <trkpt lon="11.408096" lat="43.181138"><ele>199.0</ele></trkpt>
   <trkpt lon="11.408287" lat="43.181119"><ele>197.25</ele></trkpt>
   <trkpt lon="11.408352" lat="43.181118"><ele>196.75</ele></trkpt>
   <trkpt lon="11.408464" lat="43.181128"><ele>195.75</ele></trkpt>
   <trkpt lon="11.408660" lat="43.181167"><ele>193.75</ele></trkpt>
   <trkpt lon="11.408799" lat="43.181215"><ele>192.0</ele></trkpt>
   <trkpt lon="11.408911" lat="43.181267"><ele>190.75</ele></trkpt>
   <trkpt lon="11.409026" lat="43.181338"><ele>190.0</ele></trkpt>
   <trkpt lon="11.409612" lat="43.181775"><ele>188.75</ele></trkpt>
   <trkpt lon="11.409952" lat="43.182026"></trkpt>
   <trkpt lon="11.410308" lat="43.182289"><ele>188.75</ele></trkpt>
   <trkpt lon="11.410512" lat="43.182415"><ele>189.0</ele></trkpt>
   <trkpt lon="11.410698" lat="43.182497"><ele>189.75</ele></trkpt>
   <trkpt lon="11.410815" lat="43.182532"><ele>190.0</ele></trkpt>
   <trkpt lon="11.410934" lat="43.182558"><ele>190.0</ele></trkpt>
   <trkpt lon="11.411154" lat="43.182583"><ele>190.25</ele></trkpt>
   <trkpt lon="11.411303" lat="43.182577"><ele>191.0</ele></trkpt>
   <trkpt lon="11.411434" lat="43.182561"><ele>191.5</ele></trkpt>
   <trkpt lon="11.411943" lat="43.182440"><ele>194.5</ele></trkpt>
   <trkpt lon="11.412068" lat="43.182418"><ele>195.0</ele></trkpt>
   <trkpt lon="11.412234" lat="43.182403"><ele>195.75</ele></trkpt>
   <trkpt lon="11.412364" lat="43.182404"><ele>196.0</ele></trkpt>
   <trkpt lon="11.412564" lat="43.182422"><ele>196.25</ele></trkpt>
   <trkpt lon="11.412701" lat="43.182445"><ele>196.25</ele></trkpt>
   <trkpt lon="11.412881" lat="43.182488"><ele>196.25</ele></trkpt>
   <trkpt lon="11.413036" lat="43.182541"><ele>196.5</ele></trkpt>
   <trkpt lon="11.413183" lat="43.182615"><ele>196.75</ele></trkpt>
   <trkpt lon="11.413339" lat="43.182710"><ele>197.5</ele></trkpt>
   <trkpt lon="11.413514" lat="43.182843"><ele>197.75</ele></trkpt>
   <trkpt lon="11.413621" lat="43.182949"><ele>198.25</ele></trkpt>
   <trkpt lon="11.413749" lat="43.183107"><ele>198.5</ele></trkpt>
   <trkpt lon="11.413856" lat="43.183289"><ele>199.5</ele></trkpt>
   <trkpt lon="11.414397" lat="43.184390"><ele>202.75</ele></trkpt>
   <trkpt lon="11.415973" lat="43.187590"><ele>213.5</ele></trkpt>
   <trkpt lon="11.416354" lat="43.188364"><ele>213.5</ele></trkpt>
   <trkpt lon="11.417277" lat="43.190233"><ele>225.75</ele></trkpt>
   <trkpt lon="11.417567" lat="43.190807"><ele>229.25</ele></trkpt>
   <trkpt lon="11.417665" lat="43.190939"><ele>230.75</ele></trkpt>
   <trkpt lon="11.417755" lat="43.191024"><ele>231.75</ele></trkpt>
   <trkpt lon="11.417849" lat="43.191096"><ele>232.25</ele></trkpt>
   <trkpt lon="11.418001" lat="43.191179"><ele>232.5</ele></trkpt>
   <trkpt lon="11.418192" lat="43.191250"><ele>233.25</ele></trkpt>
   <trkpt lon="11.418946" lat="43.191445"><ele>231.75</ele></trkpt>
   <trkpt lon="11.419182" lat="43.191504"><ele>231.5</ele></trkpt>
   <trkpt lon="11.419461" lat="43.191553"><ele>230.25</ele></trkpt>
   <trkpt lon="11.419641" lat="43.191572"><ele>230.0</ele></trkpt>
   <trkpt lon="11.419808" lat="43.191584"><ele>229.5</ele></trkpt>
   <trkpt lon="11.420340" lat="43.191606"><ele>227.75</ele></trkpt>
   <trkpt lon="11.420514" lat="43.191620"><ele>227.0</ele></trkpt>
   <trkpt lon="11.420697" lat="43.191646"><ele>226.25</ele></trkpt>
   <trkpt lon="11.420908" lat="43.191690"><ele>225.25</ele></trkpt>
   <trkpt lon="11.421237" lat="43.191779"><ele>224.5</ele></trkpt>
   <trkpt lon="11.421394" lat="43.191834"><ele>224.5</ele></trkpt>
   <trkpt lon="11.421511" lat="43.191887"><ele>223.75</ele></trkpt>
   <trkpt lon="11.421655" lat="43.191981"><ele>223.5</ele></trkpt>
   <trkpt lon="11.421741" lat="43.192059"><ele>222.0</ele></trkpt>
   <trkpt lon="11.421806" lat="43.192139"><ele>221.0</ele></trkpt>
   <trkpt lon="11.421860" lat="43.192219"><ele>220.25</ele></trkpt>
   <trkpt lon="11.421908" lat="43.192311"><ele>219.75</ele></trkpt>
   <trkpt lon="11.422399" lat="43.193463"><ele>216.0</ele></trkpt>
   <trkpt lon="11.422751" lat="43.194250"><ele>207.25</ele></trkpt>
   <trkpt lon="11.422846" lat="43.194393"><ele>205.75</ele></trkpt>
   <trkpt lon="11.422926" lat="43.194471"><ele>205.0</ele></trkpt>
   <trkpt lon="11.422989" lat="43.194515"><ele>204.5</ele></trkpt>
   <trkpt lon="11.423071" lat="43.194560"><ele>204.25</ele></trkpt>
   <trkpt lon="11.423155" lat="43.194597"><ele>203.25</ele></trkpt>
   <trkpt lon="11.423302" lat="43.194640"><ele>202.5</ele></trkpt>
   <trkpt lon="11.423383" lat="43.194654"><ele>202.25</ele></trkpt>
   <trkpt lon="11.423477" lat="43.194661"><ele>201.75</ele></trkpt>
   <trkpt lon="11.423626" lat="43.194657"><ele>201.25</ele></trkpt>
   <trkpt lon="11.423781" lat="43.194629"><ele>200.25</ele></trkpt>
   <trkpt lon="11.423889" lat="43.194600"><ele>199.75</ele></trkpt>
   <trkpt lon="11.425034" lat="43.194271"><ele>192.75</ele></trkpt>
   <trkpt lon="11.425870" lat="43.194028"><ele>190.5</ele></trkpt>
   <trkpt lon="11.426024" lat="43.193991"><ele>189.75</ele></trkpt>
   <trkpt lon="11.426116" lat="43.193985"><ele>189.25</ele></trkpt>
   <trkpt lon="11.426199" lat="43.193990"><ele>188.5</ele></trkpt>
   <trkpt lon="11.426288" lat="43.194012"><ele>187.75</ele></trkpt>
   <trkpt lon="11.426355" lat="43.194044"><ele>187.0</ele></trkpt>
   <trkpt lon="11.426439" lat="43.194108"><ele>185.75</ele></trkpt>
   <trkpt lon="11.426472" lat="43.194152"><ele>185.0</ele></trkpt>
   <trkpt lon="11.426494" lat="43.194205"><ele>184.25</ele></trkpt>
   <trkpt lon="11.426503" lat="43.194257"><ele>183.5</ele></trkpt>
   <trkpt lon="11.426497" lat="43.194303"><ele>183.0</ele></trkpt>
   <trkpt lon="11.426459" lat="43.194387"><ele>182.25</ele></trkpt>
   <trkpt lon="11.426405" lat="43.194448"><ele>181.75</ele></trkpt>
   <trkpt lon="11.426327" lat="43.194502"><ele>181.25</ele></trkpt>
   <trkpt lon="11.425827" lat="43.194738"><ele>178.5</ele></trkpt>
   <trkpt lon="11.425711" lat="43.194795"><ele>178.0</ele></trkpt>
   <trkpt lon="11.425642" lat="43.194836"><ele>177.75</ele></trkpt>
   <trkpt lon="11.425541" lat="43.194914"><ele>177.25</ele></trkpt>
   <trkpt lon="11.425489" lat="43.194970"><ele>176.75</ele></trkpt>
   <trkpt lon="11.425419" lat="43.195069"><ele>176.5</ele></trkpt>
   <trkpt lon="11.425378" lat="43.195186"><ele>176.75</ele></trkpt>
   <trkpt lon="11.425370" lat="43.195247"><ele>176.5</ele></trkpt>
   <trkpt lon="11.425379" lat="43.195368"><ele>176.75</ele></trkpt>
   <trkpt lon="11.425421" lat="43.195512"><ele>176.75</ele></trkpt>
   <trkpt lon="11.425648" lat="43.196150"><ele>170.25</ele></trkpt>
   <trkpt lon="11.425719" lat="43.196345"><ele>169.0</ele></trkpt>
   <trkpt lon="11.426541" lat="43.198587"><ele>153.0</ele></trkpt>
   <trkpt lon="11.426688" lat="43.198994"><ele>153.5</ele></trkpt>
   <trkpt lon="11.427522" lat="43.201282"><ele>160.0</ele></trkpt>
   <trkpt lon="11.427941" lat="43.202432"><ele>163.75</ele></trkpt>
   <trkpt lon="11.428005" lat="43.202565"><ele>164.25</ele></trkpt>
   <trkpt lon="11.428146" lat="43.202742"><ele>165.5</ele></trkpt>
   <trkpt lon="11.428266" lat="43.202851"><ele>166.5</ele></trkpt>
   <trkpt lon="11.428332" lat="43.202901"><ele>166.75</ele></trkpt>
   <trkpt lon="11.428474" lat="43.202989"><ele>167.5</ele></trkpt>
   <trkpt lon="11.428627" lat="43.203059"><ele>168.0</ele></trkpt>
   <trkpt lon="11.428731" lat="43.203098"><ele>168.25</ele></trkpt>
   <trkpt lon="11.428895" lat="43.203149"><ele>169.0</ele></trkpt>
   <trkpt lon="11.430777" lat="43.203679"><ele>175.0</ele></trkpt>
   <trkpt lon="11.431514" lat="43.203891"><ele>180.5</ele></trkpt>
   <trkpt lon="11.433632" lat="43.204497"><ele>184.5</ele></trkpt>
   <trkpt lon="11.434264" lat="43.204676"><ele>177.0</ele></trkpt>
   <trkpt lon="11.434468" lat="43.204740"><ele>176.75</ele></trkpt>
   <trkpt lon="11.434590" lat="43.204794"><ele>176.5</ele></trkpt>
   <trkpt lon="11.434698" lat="43.204862"><ele>176.25</ele></trkpt>
   <trkpt lon="11.434799" lat="43.204952"><ele>175.5</ele></trkpt>
   <trkpt lon="11.434835" lat="43.205002"><ele>174.75</ele></trkpt>
   <trkpt lon="11.434893" lat="43.205111"><ele>173.75</ele></trkpt>
   <trkpt lon="11.434920" lat="43.205185"><ele>173.25</ele></trkpt>
   <trkpt lon="11.434927" lat="43.205272"><ele>172.5</ele></trkpt>
   <trkpt lon="11.434922" lat="43.205352"><ele>171.5</ele></trkpt>
   <trkpt lon="11.434904" lat="43.205419"><ele>170.75</ele></trkpt>
   <trkpt lon="11.434814" lat="43.205581"><ele>169.25</ele></trkpt>
   <trkpt lon="11.434745" lat="43.205659"><ele>169.0</ele></trkpt>
   <trkpt lon="11.434613" lat="43.205767"><ele>169.0</ele></trkpt>
   <trkpt lon="11.434041" lat="43.206186"><ele>167.25</ele></trkpt>
   <trkpt lon="11.433613" lat="43.206531"><ele>166.25</ele></trkpt>
   <trkpt lon="11.433482" lat="43.206646"><ele>165.5</ele></trkpt>
   <trkpt lon="11.433073" lat="43.207039"><ele>164.75</ele></trkpt>
   <trkpt lon="11.432929" lat="43.207200"><ele>165.0</ele></trkpt>
   <trkpt lon="11.432853" lat="43.207302"><ele>165.0</ele></trkpt>
   <trkpt lon="11.432714" lat="43.207524"><ele>165.0</ele></trkpt>
   <trkpt lon="11.432653" lat="43.207653"><ele>165.0</ele></trkpt>
   <trkpt lon="11.432628" lat="43.207824"><ele>165.0</ele></trkpt>
   <trkpt lon="11.432638" lat="43.207912"><ele>165.0</ele></trkpt>
   <trkpt lon="11.432666" lat="43.208031"><ele>165.0</ele></trkpt>
   <trkpt lon="11.432715" lat="43.208151"><ele>164.5</ele></trkpt>
   <trkpt lon="11.432779" lat="43.208270"><ele>164.0</ele></trkpt>
   <trkpt lon="11.432875" lat="43.208449"><ele>164.0</ele></trkpt>
   <trkpt lon="11.433049" lat="43.208624"><ele>164.0</ele></trkpt>
   <trkpt lon="11.433104" lat="43.208711"><ele>163.75</ele></trkpt>
   <trkpt lon="11.433113" lat="43.208787"><ele>163.75</ele></trkpt>
   <trkpt lon="11.433113" lat="43.208854"><ele>163.75</ele></trkpt>
   <trkpt lon="11.432645" lat="43.209019"><ele>164.5</ele></trkpt>
   <trkpt lon="11.432481" lat="43.209079"><ele>165.0</ele></trkpt>
   <trkpt lon="11.432332" lat="43.209142"><ele>165.5</ele></trkpt>
   <trkpt lon="11.432260" lat="43.209182"><ele>165.75</ele></trkpt>
   <trkpt lon="11.432146" lat="43.209266"><ele>166.0</ele></trkpt>
   <trkpt lon="11.432076" lat="43.209348"><ele>166.0</ele></trkpt>
   <trkpt lon="11.432034" lat="43.209436"><ele>166.0</ele></trkpt>
   <trkpt lon="11.432021" lat="43.209490"><ele>166.0</ele></trkpt>
   <trkpt lon="11.431841" lat="43.212527"><ele>165.75</ele></trkpt>
   <trkpt lon="11.431841" lat="43.212588"><ele>165.5</ele></trkpt>
   <trkpt lon="11.431857" lat="43.212861"><ele>165.0</ele></trkpt>
   <trkpt lon="11.431889" lat="43.213024"><ele>165.0</ele></trkpt>
   <trkpt lon="11.431966" lat="43.213356"><ele>163.75</ele></trkpt>
   <trkpt lon="11.432189" lat="43.214191"><ele>161.75</ele></trkpt>
   <trkpt lon="11.432238" lat="43.214326"><ele>161.25</ele></trkpt>
   <trkpt lon="11.432625" lat="43.215076"><ele>159.5</ele></trkpt>
   <trkpt lon="11.432680" lat="43.215184"><ele>159.25</ele></trkpt>
   <trkpt lon="11.432795" lat="43.215315"><ele>159.0</ele></trkpt>
   <trkpt lon="11.432917" lat="43.215378"><ele>159.0</ele></trkpt>
   <trkpt lon="11.433021" lat="43.215417"><ele>159.0</ele></trkpt>
   <trkpt lon="11.433112" lat="43.215424"><ele>159.0</ele></trkpt>
   <trkpt lon="11.433204" lat="43.215447"><ele>159.0</ele></trkpt>
   <trkpt lon="11.433287" lat="43.215484"><ele>159.0</ele></trkpt>
   <trkpt lon="11.433374" lat="43.215541"><ele>158.75</ele></trkpt>
   <trkpt lon="11.433429" lat="43.215620"><ele>158.5</ele></trkpt>
   <trkpt lon="11.433460" lat="43.215720"><ele>158.5</ele></trkpt>
   <trkpt lon="11.433446" lat="43.215822"><ele>158.5</ele></trkpt>
   <trkpt lon="11.433413" lat="43.215886"><ele>158.75</ele></trkpt>
   <trkpt lon="11.433363" lat="43.215943"><ele>158.75</ele></trkpt>
   <trkpt lon="11.433298" lat="43.215991"><ele>159.0</ele></trkpt>
   <trkpt lon="11.433221" lat="43.216028"><ele>159.0</ele></trkpt>
   <trkpt lon="11.433135" lat="43.216052"><ele>159.0</ele></trkpt>
   <trkpt lon="11.433045" lat="43.216063"><ele>159.0</ele></trkpt>
   <trkpt lon="11.432946" lat="43.216060"><ele>159.0</ele></trkpt>
   <trkpt lon="11.432844" lat="43.216097"><ele>159.0</ele></trkpt>
   <trkpt lon="11.432747" lat="43.216145"><ele>158.75</ele></trkpt>
   <trkpt lon="11.432696" lat="43.216180"><ele>159.0</ele></trkpt>
   <trkpt lon="11.432637" lat="43.216232"><ele>159.0</ele></trkpt>
   <trkpt lon="11.432312" lat="43.216604"><ele>159.5</ele></trkpt>
   <trkpt lon="11.432211" lat="43.216738"><ele>160.0</ele></trkpt>
   <trkpt lon="11.432175" lat="43.216782"><ele>160.0</ele></trkpt>
   <trkpt lon="11.431973" lat="43.217035"><ele>160.0</ele></trkpt>
   <trkpt lon="11.431830" lat="43.217212"><ele>160.0</ele></trkpt>
   <trkpt lon="11.431680" lat="43.217397"><ele>160.0</ele></trkpt>
   <trkpt lon="11.431292" lat="43.217880"><ele>160.0</ele></trkpt>
   <trkpt lon="11.431260" lat="43.217919"><ele>160.0</ele></trkpt>
   <trkpt lon="11.431134" lat="43.218075"><ele>159.75</ele></trkpt>
   <trkpt lon="11.431081" lat="43.218141"><ele>160.0</ele></trkpt>
   <trkpt lon="11.430904" lat="43.218363"><ele>160.0</ele></trkpt>
   <trkpt lon="11.430714" lat="43.218595"><ele>160.0</ele></trkpt>
   <trkpt lon="11.430598" lat="43.218740"><ele>160.0</ele></trkpt>
   <trkpt lon="11.429999" lat="43.219472"><ele>160.0</ele></trkpt>
   <trkpt lon="11.429640" lat="43.219910"><ele>160.0</ele></trkpt>
   <trkpt lon="11.428967" lat="43.220758"><ele>159.75</ele></trkpt>
   <trkpt lon="11.428903" lat="43.220839"><ele>159.75</ele></trkpt>
   <trkpt lon="11.428532" lat="43.221309"><ele>160.25</ele></trkpt>
   <trkpt lon="11.428487" lat="43.221365"><ele>160.25</ele></trkpt>
   <trkpt lon="11.428154" lat="43.221787"><ele>160.5</ele></trkpt>
   <trkpt lon="11.428116" lat="43.221834"><ele>160.75</ele></trkpt>
   <trkpt lon="11.427925" lat="43.222070"><ele>160.75</ele></trkpt>
   <trkpt lon="11.427598" lat="43.222452"><ele>160.0</ele></trkpt>
   <trkpt lon="11.427284" lat="43.222788"><ele>159.75</ele></trkpt>
   <trkpt lon="11.427021" lat="43.223047"><ele>160.5</ele></trkpt>
   <trkpt lon="11.426841" lat="43.223223"><ele>161.0</ele></trkpt>
   <trkpt lon="11.426661" lat="43.223389"><ele>161.0</ele></trkpt>
   <trkpt lon="11.426440" lat="43.223593"><ele>161.75</ele></trkpt>
   <trkpt lon="11.426316" lat="43.223700"><ele>162.0</ele></trkpt>
   <trkpt lon="11.426279" lat="43.223734"><ele>162.0</ele></trkpt>
   <trkpt lon="11.425982" lat="43.223977"><ele>162.0</ele></trkpt>
   <trkpt lon="11.425623" lat="43.224278"><ele>162.0</ele></trkpt>
   <trkpt lon="11.425538" lat="43.224349"><ele>162.0</ele></trkpt>
   <trkpt lon="11.425235" lat="43.224599"><ele>161.25</ele></trkpt>
   <trkpt lon="11.425051" lat="43.224754"><ele>160.75</ele></trkpt>
   <trkpt lon="11.424934" lat="43.224852"><ele>160.5</ele></trkpt>
   <trkpt lon="11.424720" lat="43.225035"><ele>160.75</ele></trkpt>
   <trkpt lon="11.424497" lat="43.225258"><ele>160.75</ele></trkpt>
   <trkpt lon="11.424396" lat="43.225376"><ele>161.0</ele></trkpt>
   <trkpt lon="11.423827" lat="43.226137"><ele>162.0</ele></trkpt>
   <trkpt lon="11.423744" lat="43.226272"><ele>162.25</ele></trkpt>
   <trkpt lon="11.423688" lat="43.226478"><ele>162.5</ele></trkpt>
   <trkpt lon="11.423672" lat="43.226668"><ele>162.75</ele></trkpt>
   <trkpt lon="11.423669" lat="43.226876"><ele>162.75</ele></trkpt>
   <trkpt lon="11.423677" lat="43.227255"><ele>162.75</ele></trkpt>
   <trkpt lon="11.423683" lat="43.227513"><ele>163.0</ele></trkpt>
   <trkpt lon="11.423661" lat="43.227859"><ele>163.0</ele></trkpt>
   <trkpt lon="11.423632" lat="43.228015"><ele>163.75</ele></trkpt>
   <trkpt lon="11.423574" lat="43.228228"><ele>163.25</ele></trkpt>
   <trkpt lon="11.423554" lat="43.228283"><ele>163.25</ele></trkpt>
   <trkpt lon="11.423573" lat="43.228362"><ele>163.0</ele></trkpt>
   <trkpt lon="11.423640" lat="43.228500"><ele>163.5</ele></trkpt>
   <trkpt lon="11.423660" lat="43.228533"><ele>163.5</ele></trkpt>
   <trkpt lon="11.423732" lat="43.228580"><ele>163.75</ele></trkpt>
   <trkpt lon="11.423836" lat="43.228626"><ele>164.0</ele></trkpt>
   <trkpt lon="11.423943" lat="43.228666"><ele>164.0</ele></trkpt>
   <trkpt lon="11.424533" lat="43.228732"><ele>163.5</ele></trkpt>
   <trkpt lon="11.425021" lat="43.228788"><ele>162.5</ele></trkpt>
   <trkpt lon="11.426348" lat="43.228943"><ele>159.75</ele></trkpt>
   <trkpt lon="11.427133" lat="43.229037"><ele>159.25</ele></trkpt>
   <trkpt lon="11.427874" lat="43.229123"><ele>161.25</ele></trkpt>
   <trkpt lon="11.428139" lat="43.229147"><ele>162.25</ele></trkpt>
   <trkpt lon="11.428214" lat="43.229147"><ele>162.5</ele></trkpt>
   <trkpt lon="11.428351" lat="43.229132"><ele>163.0</ele></trkpt>
   <trkpt lon="11.428494" lat="43.229097"><ele>163.5</ele></trkpt>
   <trkpt lon="11.428583" lat="43.229058"><ele>163.75</ele></trkpt>
   <trkpt lon="11.428674" lat="43.229006"><ele>164.0</ele></trkpt>
   <trkpt lon="11.428760" lat="43.228941"><ele>164.0</ele></trkpt>
   <trkpt lon="11.428801" lat="43.228902"><ele>163.75</ele></trkpt>
   <trkpt lon="11.429036" lat="43.228651"><ele>164.0</ele></trkpt>
   <trkpt lon="11.429209" lat="43.228459"><ele>164.0</ele></trkpt>
   <trkpt lon="11.429362" lat="43.228302"><ele>164.0</ele></trkpt>
   <trkpt lon="11.429549" lat="43.228149"><ele>163.75</ele></trkpt>
   <trkpt lon="11.429590" lat="43.228120"><ele>164.0</ele></trkpt>
   <trkpt lon="11.429726" lat="43.228033"><ele>163.75</ele></trkpt>
   <trkpt lon="11.432213" lat="43.226565"><ele>163.75</ele></trkpt>
   <trkpt lon="11.432565" lat="43.226374"><ele>164.0</ele></trkpt>
   <trkpt lon="11.433013" lat="43.226168"><ele>164.0</ele></trkpt>
   <trkpt lon="11.434855" lat="43.225383"><ele>163.25</ele></trkpt>
   <trkpt lon="11.436552" lat="43.224662"><ele>163.0</ele></trkpt>
   <trkpt lon="11.438345" lat="43.223899"><ele>162.0</ele></trkpt>
   <trkpt lon="11.439795" lat="43.223282"><ele>160.75</ele></trkpt>
   <trkpt lon="11.442022" lat="43.222333"><ele>155.25</ele></trkpt>
   <trkpt lon="11.442351" lat="43.222193"><ele>156.25</ele></trkpt>
   <trkpt lon="11.442629" lat="43.222086"><ele>157.0</ele></trkpt>
   <trkpt lon="11.442789" lat="43.222047"><ele>158.25</ele></trkpt>
   <trkpt lon="11.442917" lat="43.222026"><ele>158.75</ele></trkpt>
   <trkpt lon="11.443105" lat="43.222004"><ele>159.5</ele></trkpt>
   <trkpt lon="11.443846" lat="43.221937"><ele>161.75</ele></trkpt>
   <trkpt lon="11.444217" lat="43.221909"><ele>163.0</ele></trkpt>
   <trkpt lon="11.444362" lat="43.221910"><ele>163.5</ele></trkpt>
   <trkpt lon="11.444498" lat="43.221924"><ele>164.25</ele></trkpt>
   <trkpt lon="11.444546" lat="43.221934"><ele>164.5</ele></trkpt>
   <trkpt lon="11.444650" lat="43.221968"><ele>165.5</ele></trkpt>
   <trkpt lon="11.444751" lat="43.222019"><ele>166.0</ele></trkpt>
   <trkpt lon="11.444852" lat="43.222094"><ele>166.25</ele></trkpt>
   <trkpt lon="11.444890" lat="43.222139"><ele>166.5</ele></trkpt>
   <trkpt lon="11.444964" lat="43.222242"><ele>166.75</ele></trkpt>
   <trkpt lon="11.445123" lat="43.222599"><ele>168.0</ele></trkpt>
   <trkpt lon="11.445509" lat="43.223555"><ele>169.0</ele></trkpt>
   <trkpt lon="11.445672" lat="43.224084"><ele>169.75</ele></trkpt>
   <trkpt lon="11.445827" lat="43.224673"><ele>170.0</ele></trkpt>
   <trkpt lon="11.445904" lat="43.225107"><ele>170.5</ele></trkpt>
   <trkpt lon="11.446176" lat="43.226920"><ele>164.25</ele></trkpt>
   <trkpt lon="11.446228" lat="43.227187"><ele>166.0</ele></trkpt>
   <trkpt lon="11.446279" lat="43.227320"><ele>167.0</ele></trkpt>
   <trkpt lon="11.446334" lat="43.227412"><ele>167.5</ele></trkpt>
   <trkpt lon="11.446388" lat="43.227482"><ele>167.75</ele></trkpt>
   <trkpt lon="11.446461" lat="43.227548"><ele>168.25</ele></trkpt>
   <trkpt lon="11.446723" lat="43.227707"><ele>169.25</ele></trkpt>
   <trkpt lon="11.448658" lat="43.228804"><ele>179.25</ele></trkpt>
   <trkpt lon="11.449019" lat="43.229003"><ele>183.25</ele></trkpt>
   <trkpt lon="11.449221" lat="43.229097"><ele>183.25</ele></trkpt>
   <trkpt lon="11.449439" lat="43.229180"><ele>184.25</ele></trkpt>
   <trkpt lon="11.449893" lat="43.229329"><ele>186.0</ele></trkpt>
   <trkpt lon="11.450118" lat="43.229394"><ele>186.5</ele></trkpt>
   <trkpt lon="11.450376" lat="43.229453"><ele>187.0</ele></trkpt>
   <trkpt lon="11.451866" lat="43.229684"><ele>194.75</ele></trkpt>
   <trkpt lon="11.452076" lat="43.229712"><ele>194.75</ele></trkpt>
   <trkpt lon="11.452553" lat="43.229759"><ele>197.25</ele></trkpt>
   <trkpt lon="11.452914" lat="43.229773"><ele>199.75</ele></trkpt>
   <trkpt lon="11.453099" lat="43.229767"><ele>200.75</ele></trkpt>
   <trkpt lon="11.453292" lat="43.229753"><ele>201.75</ele></trkpt>
   <trkpt lon="11.454842" lat="43.229587"><ele>206.25</ele></trkpt>
   <trkpt lon="11.456212" lat="43.229431"><ele>215.75</ele></trkpt>
   <trkpt lon="11.456519" lat="43.229388"><ele>214.75</ele></trkpt>
   <trkpt lon="11.456678" lat="43.229370"><ele>214.0</ele></trkpt>
   <trkpt lon="11.456863" lat="43.229375"><ele>213.25</ele></trkpt>
   <trkpt lon="11.457011" lat="43.229397"><ele>212.75</ele></trkpt>
   <trkpt lon="11.457170" lat="43.229436"><ele>212.75</ele></trkpt>
   <trkpt lon="11.457332" lat="43.229498"><ele>211.75</ele></trkpt>
   <trkpt lon="11.457499" lat="43.229577"><ele>211.0</ele></trkpt>
   <trkpt lon="11.457880" lat="43.229830"><ele>206.75</ele></trkpt>
   <trkpt lon="11.457987" lat="43.229876"><ele>205.0</ele></trkpt>
   <trkpt lon="11.458089" lat="43.229896"><ele>204.5</ele></trkpt>
   <trkpt lon="11.458177" lat="43.229900"><ele>204.25</ele></trkpt>
   <trkpt lon="11.458262" lat="43.229888"><ele>204.5</ele></trkpt>
   <trkpt lon="11.458346" lat="43.229861"><ele>205.25</ele></trkpt>
   <trkpt lon="11.458440" lat="43.229813"><ele>205.0</ele></trkpt>
   <trkpt lon="11.458765" lat="43.229570"><ele>203.5</ele></trkpt>
   <trkpt lon="11.458915" lat="43.229469"><ele>202.75</ele></trkpt>
   <trkpt lon="11.459061" lat="43.229381"><ele>201.5</ele></trkpt>
   <trkpt lon="11.459231" lat="43.229297"><ele>200.75</ele></trkpt>
   <trkpt lon="11.459368" lat="43.229243"><ele>200.5</ele></trkpt>
   <trkpt lon="11.459547" lat="43.229193"><ele>199.25</ele></trkpt>
   <trkpt lon="11.459832" lat="43.229129"><ele>196.75</ele></trkpt>
   <trkpt lon="11.459958" lat="43.229079"><ele>196.5</ele></trkpt>
   <trkpt lon="11.460066" lat="43.229016"><ele>196.5</ele></trkpt>
   <trkpt lon="11.460151" lat="43.228952"><ele>196.25</ele></trkpt>
   <trkpt lon="11.460260" lat="43.228813"><ele>196.0</ele></trkpt>
   <trkpt lon="11.460343" lat="43.228656"><ele>195.75</ele></trkpt>
   <trkpt lon="11.460552" lat="43.228088"><ele>192.0</ele></trkpt>
   <trkpt lon="11.460598" lat="43.228009"><ele>191.75</ele></trkpt>
   <trkpt lon="11.460649" lat="43.227955"><ele>191.5</ele></trkpt>
   <trkpt lon="11.460716" lat="43.227898"><ele>191.0</ele></trkpt>
   <trkpt lon="11.460793" lat="43.227856"><ele>189.75</ele></trkpt>
   <trkpt lon="11.460875" lat="43.227823"><ele>189.0</ele></trkpt>
   <trkpt lon="11.460999" lat="43.227790"><ele>188.0</ele></trkpt>
   <trkpt lon="11.461396" lat="43.227729"><ele>184.75</ele></trkpt>
   <trkpt lon="11.461523" lat="43.227703"><ele>184.25</ele></trkpt>
   <trkpt lon="11.461604" lat="43.227679"><ele>184.25</ele></trkpt>
   <trkpt lon="11.461685" lat="43.227644"><ele>184.5</ele></trkpt>
   <trkpt lon="11.461770" lat="43.227593"><ele>184.75</ele></trkpt>
   <trkpt lon="11.461846" lat="43.227534"><ele>185.0</ele></trkpt>
   <trkpt lon="11.461963" lat="43.227419"><ele>184.25</ele></trkpt>
   <trkpt lon="11.462060" lat="43.227304"><ele>183.0</ele></trkpt>
   <trkpt lon="11.462146" lat="43.227181"><ele>182.25</ele></trkpt>
   <trkpt lon="11.462221" lat="43.227060"><ele>181.0</ele></trkpt>
   <trkpt lon="11.462285" lat="43.226923"><ele>181.0</ele></trkpt>
   <trkpt lon="11.462375" lat="43.226638"><ele>178.25</ele></trkpt>
   <trkpt lon="11.462393" lat="43.226530"><ele>178.0</ele></trkpt>
   <trkpt lon="11.462390" lat="43.226391"><ele>178.25</ele></trkpt>
   <trkpt lon="11.462357" lat="43.225916"><ele>175.25</ele></trkpt>
   <trkpt lon="11.462404" lat="43.225806"><ele>173.75</ele></trkpt>
   <trkpt lon="11.462452" lat="43.225749"><ele>172.75</ele></trkpt>
   <trkpt lon="11.462514" lat="43.225693"><ele>171.75</ele></trkpt>
   <trkpt lon="11.462597" lat="43.225645"><ele>171.0</ele></trkpt>
   <trkpt lon="11.462851" lat="43.225560"><ele>170.0</ele></trkpt>
   <trkpt lon="11.464141" lat="43.225150"><ele>164.5</ele></trkpt>
   <trkpt lon="11.464527" lat="43.225029"><ele>165.75</ele></trkpt>
   <trkpt lon="11.464622" lat="43.224998"><ele>166.75</ele></trkpt>
   <trkpt lon="11.464708" lat="43.224985"><ele>167.75</ele></trkpt>
   <trkpt lon="11.464792" lat="43.224983"><ele>169.0</ele></trkpt>
   <trkpt lon="11.464849" lat="43.224996"><ele>170.25</ele></trkpt>
   <trkpt lon="11.464895" lat="43.225015"><ele>171.25</ele></trkpt>
   <trkpt lon="11.464942" lat="43.225068"><ele>172.75</ele></trkpt>
   <trkpt lon="11.464956" lat="43.225123"><ele>173.75</ele></trkpt>
   <trkpt lon="11.464937" lat="43.225221"><ele>174.75</ele></trkpt>
   <trkpt lon="11.464826" lat="43.225558"><ele>174.5</ele></trkpt>
   <trkpt lon="11.464829" lat="43.225641"><ele>174.5</ele></trkpt>
   <trkpt lon="11.464856" lat="43.225729"><ele>175.0</ele></trkpt>
   <trkpt lon="11.464895" lat="43.225789"><ele>176.0</ele></trkpt>
   <trkpt lon="11.465024" lat="43.225874"><ele>178.75</ele></trkpt>
   <trkpt lon="11.465634" lat="43.226208"><ele>181.0</ele></trkpt>
   <trkpt lon="11.465776" lat="43.226260"><ele>181.0</ele></trkpt>
   <trkpt lon="11.465906" lat="43.226258"><ele>182.25</ele></trkpt>
   <trkpt lon="11.465965" lat="43.226245"><ele>183.25</ele></trkpt>
   <trkpt lon="11.466007" lat="43.226207"><ele>184.75</ele></trkpt>
   <trkpt lon="11.466024" lat="43.226151"><ele>186.5</ele></trkpt>
   <trkpt lon="11.466009" lat="43.226095"><ele>188.0</ele></trkpt>
   <trkpt lon="11.465937" lat="43.226056"><ele>188.0</ele></trkpt>
   <trkpt lon="11.465650" lat="43.225944"><ele>189.5</ele></trkpt>
   <trkpt lon="11.465548" lat="43.225893"><ele>190.75</ele></trkpt>
   <trkpt lon="11.465454" lat="43.225837"><ele>191.25</ele></trkpt>
   <trkpt lon="11.465339" lat="43.225736"><ele>190.75</ele></trkpt>
   <trkpt lon="11.465315" lat="43.225685"><ele>190.75</ele></trkpt>
   <trkpt lon="11.465305" lat="43.225630"><ele>191.0</ele></trkpt>
   <trkpt lon="11.465311" lat="43.225578"><ele>191.5</ele></trkpt>
   <trkpt lon="11.465382" lat="43.225416"><ele>191.25</ele></trkpt>
   <trkpt lon="11.465435" lat="43.225346"><ele>191.5</ele></trkpt>
   <trkpt lon="11.465508" lat="43.225283"><ele>192.5</ele></trkpt>
   <trkpt lon="11.465593" lat="43.225228"><ele>193.25</ele></trkpt>
   <trkpt lon="11.465710" lat="43.225188"><ele>194.0</ele></trkpt>
   <trkpt lon="11.466043" lat="43.225100"><ele>196.0</ele></trkpt>
   <trkpt lon="11.466119" lat="43.225072"><ele>196.5</ele></trkpt>
   <trkpt lon="11.466258" lat="43.224989"><ele>197.5</ele></trkpt>
   <trkpt lon="11.466315" lat="43.224920"><ele>198.0</ele></trkpt>
   <trkpt lon="11.466514" lat="43.224558"><ele>200.0</ele></trkpt>
   <trkpt lon="11.466601" lat="43.224468"><ele>201.5</ele></trkpt>
   <trkpt lon="11.466741" lat="43.224412"><ele>203.0</ele></trkpt>
   <trkpt lon="11.467000" lat="43.224354"><ele>205.25</ele></trkpt>
   <trkpt lon="11.467105" lat="43.224310"><ele>205.75</ele></trkpt>
   <trkpt lon="11.467379" lat="43.224113"><ele>207.25</ele></trkpt>
   <trkpt lon="11.467494" lat="43.224010"><ele>208.0</ele></trkpt>
   <trkpt lon="11.467579" lat="43.223896"><ele>208.25</ele></trkpt>
   <trkpt lon="11.467676" lat="43.223784"><ele>208.25</ele></trkpt>
   <trkpt lon="11.467765" lat="43.223744"><ele>209.5</ele></trkpt>
   <trkpt lon="11.467875" lat="43.223733"><ele>209.5</ele></trkpt>
   <trkpt lon="11.467998" lat="43.223747"><ele>210.25</ele></trkpt>
   <trkpt lon="11.468116" lat="43.223788"><ele>211.25</ele></trkpt>
   <trkpt lon="11.468217" lat="43.223837"><ele>212.0</ele></trkpt>
   <trkpt lon="11.468906" lat="43.224259"><ele>216.0</ele></trkpt>
   <trkpt lon="11.469090" lat="43.224353"><ele>216.25</ele></trkpt>
   <trkpt lon="11.469273" lat="43.224425"><ele>216.0</ele></trkpt>
   <trkpt lon="11.470053" lat="43.224692"><ele>218.0</ele></trkpt>
   <trkpt lon="11.470129" lat="43.224708"><ele>218.75</ele></trkpt>
   <trkpt lon="11.470215" lat="43.224718"><ele>219.5</ele></trkpt>
   <trkpt lon="11.470324" lat="43.224719"><ele>220.5</ele></trkpt>
   <trkpt lon="11.470439" lat="43.224700"><ele>221.5</ele></trkpt>
   <trkpt lon="11.470534" lat="43.224673"><ele>222.25</ele></trkpt>
   <trkpt lon="11.470863" lat="43.224545"><ele>222.5</ele></trkpt>
   <trkpt lon="11.470965" lat="43.224511"><ele>222.0</ele></trkpt>
   <trkpt lon="11.471067" lat="43.224490"><ele>221.75</ele></trkpt>
   <trkpt lon="11.471165" lat="43.224487"><ele>222.0</ele></trkpt>
   <trkpt lon="11.471256" lat="43.224494"><ele>222.0</ele></trkpt>
   <trkpt lon="11.471370" lat="43.224521"><ele>222.5</ele></trkpt>
   <trkpt lon="11.471463" lat="43.224567"><ele>222.25</ele></trkpt>
   <trkpt lon="11.471540" lat="43.224622"><ele>222.25</ele></trkpt>
   <trkpt lon="11.471697" lat="43.224760"><ele>223.5</ele></trkpt>
   <trkpt lon="11.471840" lat="43.224862"><ele>224.0</ele></trkpt>
   <trkpt lon="11.472334" lat="43.225165"><ele>225.75</ele></trkpt>
   <trkpt lon="11.472578" lat="43.225348"><ele>225.5</ele></trkpt>
   <trkpt lon="11.472633" lat="43.225405"><ele>225.0</ele></trkpt>
   <trkpt lon="11.472680" lat="43.225513"><ele>225.75</ele></trkpt>
   <trkpt lon="11.472692" lat="43.225576"><ele>226.0</ele></trkpt>
   <trkpt lon="11.472673" lat="43.225766"><ele>226.5</ele></trkpt>
   <trkpt lon="11.472679" lat="43.225877"><ele>226.5</ele></trkpt>
   <trkpt lon="11.472704" lat="43.226003"><ele>226.25</ele></trkpt>
   <trkpt lon="11.472946" lat="43.226729"><ele>227.75</ele></trkpt>
   <trkpt lon="11.472996" lat="43.226900"><ele>228.5</ele></trkpt>
   <trkpt lon="11.473040" lat="43.227112"><ele>230.5</ele></trkpt>
   <trkpt lon="11.473068" lat="43.227355"><ele>231.5</ele></trkpt>
   <trkpt lon="11.473071" lat="43.228006"><ele>233.5</ele></trkpt>
   <trkpt lon="11.473090" lat="43.228129"><ele>233.75</ele></trkpt>
   <trkpt lon="11.473124" lat="43.228254"><ele>234.5</ele></trkpt>
   <trkpt lon="11.473170" lat="43.228377"><ele>234.75</ele></trkpt>
   <trkpt lon="11.473628" lat="43.229391"><ele>234.5</ele></trkpt>
   <trkpt lon="11.473801" lat="43.229719"><ele>235.0</ele></trkpt>
   <trkpt lon="11.473877" lat="43.229831"><ele>235.0</ele></trkpt>
   <trkpt lon="11.473951" lat="43.229919"><ele>235.25</ele></trkpt>
   <trkpt lon="11.474050" lat="43.230019"><ele>235.25</ele></trkpt>
   <trkpt lon="11.474171" lat="43.230121"><ele>235.5</ele></trkpt>
   <trkpt lon="11.474268" lat="43.230191"><ele>235.0</ele></trkpt>
   <trkpt lon="11.474373" lat="43.230258"><ele>234.75</ele></trkpt>
   <trkpt lon="11.474816" lat="43.230486"><ele>235.0</ele></trkpt>
   <trkpt lon="11.474980" lat="43.230581"><ele>234.5</ele></trkpt>
   <trkpt lon="11.475100" lat="43.230673"><ele>234.0</ele></trkpt>
   <trkpt lon="11.475198" lat="43.230762"><ele>233.75</ele></trkpt>
   <trkpt lon="11.475596" lat="43.231214"><ele>234.5</ele></trkpt>
   <trkpt lon="11.475730" lat="43.231328"><ele>234.0</ele></trkpt>
   <trkpt lon="11.475925" lat="43.231467"><ele>234.25</ele></trkpt>
   <trkpt lon="11.477022" lat="43.232190"><ele>238.0</ele></trkpt>
   <trkpt lon="11.477464" lat="43.232475"><ele>241.25</ele></trkpt>
   <trkpt lon="11.477834" lat="43.232639"><ele>242.0</ele></trkpt>
   <trkpt lon="11.478002" lat="43.232719"><ele>243.25</ele></trkpt>
   <trkpt lon="11.478133" lat="43.232793"><ele>244.25</ele></trkpt>
   <trkpt lon="11.478246" lat="43.232868"><ele>244.75</ele></trkpt>
   <trkpt lon="11.478339" lat="43.232944"><ele>245.5</ele></trkpt>
   <trkpt lon="11.478481" lat="43.233090"><ele>247.0</ele></trkpt>
   <trkpt lon="11.478670" lat="43.233311"><ele>249.25</ele></trkpt>
   <trkpt lon="11.478781" lat="43.233423"><ele>251.25</ele></trkpt>
   <trkpt lon="11.479022" lat="43.233636"><ele>252.0</ele></trkpt>
   <trkpt lon="11.479585" lat="43.234090"><ele>252.25</ele></trkpt>
   <trkpt lon="11.480159" lat="43.234595"><ele>251.75</ele></trkpt>
   <trkpt lon="11.480256" lat="43.234688"><ele>251.25</ele></trkpt>
   <trkpt lon="11.480366" lat="43.234812"><ele>251.75</ele></trkpt>
   <trkpt lon="11.480419" lat="43.234897"><ele>253.0</ele></trkpt>
   <trkpt lon="11.480447" lat="43.234971"><ele>254.25</ele></trkpt>
   <trkpt lon="11.480470" lat="43.235065"><ele>255.0</ele></trkpt>
   <trkpt lon="11.480478" lat="43.235262"><ele>254.75</ele></trkpt>
   <trkpt lon="11.480475" lat="43.235527"><ele>253.0</ele></trkpt>
   <trkpt lon="11.480488" lat="43.235599"><ele>253.0</ele></trkpt>
   <trkpt lon="11.480512" lat="43.235669"><ele>253.25</ele></trkpt>
   <trkpt lon="11.480557" lat="43.235732"><ele>254.0</ele></trkpt>
   <trkpt lon="11.480635" lat="43.235796"><ele>254.25</ele></trkpt>
   <trkpt lon="11.480722" lat="43.235842"><ele>254.25</ele></trkpt>
   <trkpt lon="11.480831" lat="43.235881"><ele>254.25</ele></trkpt>
   <trkpt lon="11.480947" lat="43.235902"><ele>253.5</ele></trkpt>
   <trkpt lon="11.481053" lat="43.235907"><ele>252.75</ele></trkpt>
   <trkpt lon="11.481174" lat="43.235891"><ele>252.5</ele></trkpt>
   <trkpt lon="11.481314" lat="43.235857"><ele>252.0</ele></trkpt>
   <trkpt lon="11.481678" lat="43.235724"><ele>253.25</ele></trkpt>
   <trkpt lon="11.482235" lat="43.235519"><ele>248.25</ele></trkpt>
   <trkpt lon="11.482378" lat="43.235479"><ele>247.25</ele></trkpt>
   <trkpt lon="11.482592" lat="43.235430"><ele>245.5</ele></trkpt>
   <trkpt lon="11.482947" lat="43.235386"><ele>244.5</ele></trkpt>
   <trkpt lon="11.483157" lat="43.235375"><ele>244.75</ele></trkpt>
   <trkpt lon="11.483354" lat="43.235372"><ele>245.25</ele></trkpt>
   <trkpt lon="11.483559" lat="43.235381"><ele>246.75</ele></trkpt>
   <trkpt lon="11.483727" lat="43.235403"><ele>248.25</ele></trkpt>
   <trkpt lon="11.483860" lat="43.235440"><ele>249.75</ele></trkpt>
   <trkpt lon="11.484003" lat="43.235505"><ele>251.25</ele></trkpt>
   <trkpt lon="11.484292" lat="43.235676"><ele>251.25</ele></trkpt>
   <trkpt lon="11.484381" lat="43.235716"><ele>251.25</ele></trkpt>
   <trkpt lon="11.484478" lat="43.235750"><ele>251.5</ele></trkpt>
   <trkpt lon="11.484700" lat="43.235801"><ele>251.5</ele></trkpt>
   <trkpt lon="11.485617" lat="43.235909"><ele>254.0</ele></trkpt>
   <trkpt lon="11.485715" lat="43.235925"><ele>253.75</ele></trkpt>
   <trkpt lon="11.485905" lat="43.235979"><ele>253.25</ele></trkpt>
   <trkpt lon="11.486070" lat="43.236040"><ele>253.25</ele></trkpt>
   <trkpt lon="11.486375" lat="43.236177"><ele>252.75</ele></trkpt>
   <trkpt lon="11.487129" lat="43.236567"><ele>253.0</ele></trkpt>
   <trkpt lon="11.487273" lat="43.236633"><ele>254.0</ele></trkpt>
   <trkpt lon="11.487430" lat="43.236688"><ele>254.0</ele></trkpt>
   <trkpt lon="11.487602" lat="43.236731"><ele>253.0</ele></trkpt>
   <trkpt lon="11.487811" lat="43.236767"><ele>252.25</ele></trkpt>
   <trkpt lon="11.488094" lat="43.236775"><ele>252.0</ele></trkpt>
   <trkpt lon="11.488222" lat="43.236764"><ele>251.5</ele></trkpt>
   <trkpt lon="11.488358" lat="43.236739"><ele>251.25</ele></trkpt>
   <trkpt lon="11.488907" lat="43.236593"><ele>252.25</ele></trkpt>
   <trkpt lon="11.489020" lat="43.236575"><ele>252.0</ele></trkpt>
   <trkpt lon="11.489145" lat="43.236567"><ele>252.0</ele></trkpt>
   <trkpt lon="11.489290" lat="43.236575"><ele>252.25</ele></trkpt>
   <trkpt lon="11.489474" lat="43.236596"><ele>252.75</ele></trkpt>
   <trkpt lon="11.489676" lat="43.236632"><ele>253.25</ele></trkpt>
   <trkpt lon="11.489853" lat="43.236685"><ele>252.75</ele></trkpt>
   <trkpt lon="11.489980" lat="43.236750"><ele>252.25</ele></trkpt>
   <trkpt lon="11.490105" lat="43.236827"><ele>252.5</ele></trkpt>
   <trkpt lon="11.491836" lat="43.238057"><ele>249.75</ele></trkpt>
   <trkpt lon="11.491970" lat="43.238125"><ele>249.25</ele></trkpt>
   <trkpt lon="11.492089" lat="43.238168"><ele>248.5</ele></trkpt>
   <trkpt lon="11.492200" lat="43.238198"><ele>248.0</ele></trkpt>
   <trkpt lon="11.492548" lat="43.238276"><ele>247.25</ele></trkpt>
   <trkpt lon="11.494898" lat="43.238817"><ele>241.0</ele></trkpt>
   <trkpt lon="11.494998" lat="43.238837"><ele>242.0</ele></trkpt>
   <trkpt lon="11.495114" lat="43.238847"><ele>242.5</ele></trkpt>
   <trkpt lon="11.495177" lat="43.238845"><ele>242.5</ele></trkpt>
   <trkpt lon="11.495274" lat="43.238828"><ele>242.75</ele></trkpt>
   <trkpt lon="11.495359" lat="43.238796"><ele>242.75</ele></trkpt>
   <trkpt lon="11.495423" lat="43.238759"><ele>243.0</ele></trkpt>
   <trkpt lon="11.495502" lat="43.238683"><ele>244.75</ele></trkpt>
   <trkpt lon="11.495932" lat="43.238198"><ele>252.0</ele></trkpt>
   <trkpt lon="11.496171" lat="43.237925"><ele>255.0</ele></trkpt>
   <trkpt lon="11.496418" lat="43.237667"><ele>256.75</ele></trkpt>
   <trkpt lon="11.496501" lat="43.237596"><ele>257.0</ele></trkpt>
   <trkpt lon="11.496950" lat="43.237251"><ele>261.25</ele></trkpt>
   <trkpt lon="11.497112" lat="43.237107"><ele>263.5</ele></trkpt>
   <trkpt lon="11.497145" lat="43.237067"><ele>264.0</ele></trkpt>
   <trkpt lon="11.497191" lat="43.236987"><ele>264.5</ele></trkpt>
   <trkpt lon="11.497357" lat="43.236465"><ele>265.0</ele></trkpt>
   <trkpt lon="11.497403" lat="43.236385"><ele>265.25</ele></trkpt>
   <trkpt lon="11.497451" lat="43.236333"><ele>265.5</ele></trkpt>
   <trkpt lon="11.497519" lat="43.236287"><ele>265.75</ele></trkpt>
   <trkpt lon="11.497607" lat="43.236266"><ele>265.75</ele></trkpt>
   <trkpt lon="11.497699" lat="43.236261"><ele>266.25</ele></trkpt>
   <trkpt lon="11.497781" lat="43.236276"><ele>267.0</ele></trkpt>
   <trkpt lon="11.497914" lat="43.236353"><ele>268.0</ele></trkpt>
   <trkpt lon="11.498606" lat="43.236801"><ele>271.25</ele></trkpt>
   <trkpt lon="11.498781" lat="43.236885"><ele>272.0</ele></trkpt>
   <trkpt lon="11.498907" lat="43.236913"><ele>271.5</ele></trkpt>
   <trkpt lon="11.498975" lat="43.236922"><ele>272.0</ele></trkpt>
   <trkpt lon="11.499097" lat="43.236927"><ele>272.5</ele></trkpt>
   <trkpt lon="11.499234" lat="43.236918"><ele>273.25</ele></trkpt>
   <trkpt lon="11.499400" lat="43.236891"><ele>274.5</ele></trkpt>
   <trkpt lon="11.499534" lat="43.236864"><ele>275.5</ele></trkpt>
   <trkpt lon="11.499726" lat="43.236814"><ele>276.5</ele></trkpt>
   <trkpt lon="11.500008" lat="43.236723"><ele>277.0</ele></trkpt>
   <trkpt lon="11.500146" lat="43.236697"><ele>278.0</ele></trkpt>
   <trkpt lon="11.500368" lat="43.236674"><ele>279.5</ele></trkpt>
   <trkpt lon="11.501283" lat="43.236637"><ele>282.5</ele></trkpt>
   <trkpt lon="11.501451" lat="43.236623"><ele>283.5</ele></trkpt>
   <trkpt lon="11.501594" lat="43.236597"><ele>284.25</ele></trkpt>
   <trkpt lon="11.501730" lat="43.236558"><ele>284.5</ele></trkpt>
   <trkpt lon="11.502022" lat="43.236428"><ele>285.0</ele></trkpt>
   <trkpt lon="11.502428" lat="43.236208"><ele>285.0</ele></trkpt>
   <trkpt lon="11.502565" lat="43.236157"><ele>285.25</ele></trkpt>
   <trkpt lon="11.502710" lat="43.236129"><ele>285.25</ele></trkpt>
   <trkpt lon="11.502816" lat="43.236129"><ele>285.25</ele></trkpt>
   <trkpt lon="11.502912" lat="43.236160"><ele>285.25</ele></trkpt>
   <trkpt lon="11.503088" lat="43.236217"><ele>285.25</ele></trkpt>
   <trkpt lon="11.503179" lat="43.236277"><ele>285.75</ele></trkpt>
   <trkpt lon="11.503286" lat="43.236366"><ele>286.0</ele></trkpt>
   <trkpt lon="11.503687" lat="43.236772"><ele>287.75</ele></trkpt>
   <trkpt lon="11.504060" lat="43.237001"><ele>285.5</ele></trkpt>
   <trkpt lon="11.505668" lat="43.237767"><ele>287.5</ele></trkpt>
   <trkpt lon="11.505798" lat="43.237823"><ele>287.25</ele></trkpt>
   <trkpt lon="11.505950" lat="43.237868"><ele>287.75</ele></trkpt>
   <trkpt lon="11.506093" lat="43.237872"><ele>287.5</ele></trkpt>
   <trkpt lon="11.506231" lat="43.237866"><ele>287.5</ele></trkpt>
   <trkpt lon="11.506450" lat="43.237822"><ele>287.0</ele></trkpt>
   <trkpt lon="11.506568" lat="43.237773"><ele>286.75</ele></trkpt>
   <trkpt lon="11.506650" lat="43.237727"><ele>286.75</ele></trkpt>
   <trkpt lon="11.506750" lat="43.237658"><ele>287.25</ele></trkpt>
   <trkpt lon="11.506882" lat="43.237540"><ele>287.5</ele></trkpt>
   <trkpt lon="11.507358" lat="43.237087"><ele>286.25</ele></trkpt>
   <trkpt lon="11.507479" lat="43.237021"><ele>285.75</ele></trkpt>
   <trkpt lon="11.507530" lat="43.237001"><ele>285.75</ele></trkpt>
   <trkpt lon="11.507583" lat="43.236983"><ele>285.5</ele></trkpt>
   <trkpt lon="11.507695" lat="43.236962"><ele>285.75</ele></trkpt>
   <trkpt lon="11.507830" lat="43.236959"><ele>285.75</ele></trkpt>
   <trkpt lon="11.507960" lat="43.236986"><ele>285.5</ele></trkpt>
   <trkpt lon="11.508032" lat="43.237015"><ele>285.25</ele></trkpt>
   <trkpt lon="11.508096" lat="43.237046"><ele>285.0</ele></trkpt>
   <trkpt lon="11.508461" lat="43.237311"><ele>285.25</ele></trkpt>
   <trkpt lon="11.508580" lat="43.237373"><ele>285.0</ele></trkpt>
   <trkpt lon="11.508705" lat="43.237412"><ele>284.5</ele></trkpt>
   <trkpt lon="11.508845" lat="43.237434"><ele>283.5</ele></trkpt>
   <trkpt lon="11.508957" lat="43.237443"><ele>283.0</ele></trkpt>
   <trkpt lon="11.509808" lat="43.237477"><ele>279.5</ele></trkpt>
   <trkpt lon="11.509926" lat="43.237478"><ele>278.25</ele></trkpt>
   <trkpt lon="11.510057" lat="43.237460"><ele>276.5</ele></trkpt>
   <trkpt lon="11.510155" lat="43.237429"><ele>275.25</ele></trkpt>
   <trkpt lon="11.510254" lat="43.237383"><ele>274.5</ele></trkpt>
   <trkpt lon="11.511851" lat="43.236338"><ele>272.0</ele></trkpt>
   <trkpt lon="11.512001" lat="43.236255"><ele>271.25</ele></trkpt>
   <trkpt lon="11.512178" lat="43.236184"><ele>271.0</ele></trkpt>
   <trkpt lon="11.512448" lat="43.236097"><ele>272.25</ele></trkpt>
   <trkpt lon="11.513084" lat="43.235922"><ele>271.0</ele></trkpt>
   <trkpt lon="11.513206" lat="43.235876"><ele>271.75</ele></trkpt>
   <trkpt lon="11.513390" lat="43.235786"><ele>272.25</ele></trkpt>
   <trkpt lon="11.513549" lat="43.235688"><ele>272.0</ele></trkpt>
   <trkpt lon="11.514017" lat="43.235359"><ele>272.0</ele></trkpt>
   <trkpt lon="11.514220" lat="43.235207"><ele>272.75</ele></trkpt>
   <trkpt lon="11.514293" lat="43.235141"><ele>273.25</ele></trkpt>
   <trkpt lon="11.514352" lat="43.235068"><ele>273.25</ele></trkpt>
   <trkpt lon="11.514401" lat="43.234988"><ele>273.0</ele></trkpt>
   <trkpt lon="11.514456" lat="43.234840"><ele>273.0</ele></trkpt>
   <trkpt lon="11.514476" lat="43.234633"><ele>272.5</ele></trkpt>
   <trkpt lon="11.514472" lat="43.234423"><ele>272.25</ele></trkpt>
   <trkpt lon="11.514487" lat="43.234333"><ele>272.25</ele></trkpt>
   <trkpt lon="11.514525" lat="43.234243"><ele>272.5</ele></trkpt>
   <trkpt lon="11.514593" lat="43.234167"><ele>273.0</ele></trkpt>
   <trkpt lon="11.514692" lat="43.234099"><ele>272.75</ele></trkpt>
   <trkpt lon="11.514837" lat="43.234046"><ele>273.25</ele></trkpt>
   <trkpt lon="11.515673" lat="43.233837"><ele>271.75</ele></trkpt>
   <trkpt lon="11.515790" lat="43.233821"><ele>271.5</ele></trkpt>
   <trkpt lon="11.515917" lat="43.233813"><ele>271.5</ele></trkpt>
   <trkpt lon="11.516116" lat="43.233816"><ele>271.25</ele></trkpt>
   <trkpt lon="11.516490" lat="43.233844"><ele>269.75</ele></trkpt>
   <trkpt lon="11.516662" lat="43.233844"><ele>269.0</ele></trkpt>
   <trkpt lon="11.516844" lat="43.233836"><ele>268.25</ele></trkpt>
   <trkpt lon="11.517048" lat="43.233808"><ele>267.25</ele></trkpt>
   <trkpt lon="11.517258" lat="43.233762"><ele>266.25</ele></trkpt>
   <trkpt lon="11.518082" lat="43.233554"><ele>264.0</ele></trkpt>
   <trkpt lon="11.518289" lat="43.233511"><ele>264.25</ele></trkpt>
   <trkpt lon="11.518520" lat="43.233487"><ele>264.5</ele></trkpt>
   <trkpt lon="11.518733" lat="43.233481"><ele>264.25</ele></trkpt>
   <trkpt lon="11.518972" lat="43.233465"><ele>264.0</ele></trkpt>
   <trkpt lon="11.519139" lat="43.233432"><ele>263.25</ele></trkpt>
   <trkpt lon="11.519329" lat="43.233386"><ele>262.25</ele></trkpt>
   <trkpt lon="11.519482" lat="43.233362"><ele>261.0</ele></trkpt>
   <trkpt lon="11.519656" lat="43.233360"><ele>259.25</ele></trkpt>
   <trkpt lon="11.519831" lat="43.233388"><ele>257.5</ele></trkpt>
   <trkpt lon="11.520708" lat="43.233644"><ele>251.75</ele></trkpt>
   <trkpt lon="11.520915" lat="43.233736"><ele>252.5</ele></trkpt>
   <trkpt lon="11.521108" lat="43.233868"><ele>255.0</ele></trkpt>
   <trkpt lon="11.521589" lat="43.234232"><ele>254.5</ele></trkpt>
   <trkpt lon="11.521954" lat="43.234494"><ele>252.75</ele></trkpt>
   <trkpt lon="11.522048" lat="43.234547"><ele>252.0</ele></trkpt>
   <trkpt lon="11.522192" lat="43.234594"><ele>251.0</ele></trkpt>
   <trkpt lon="11.523353" lat="43.234840"><ele>246.75</ele></trkpt>
   <trkpt lon="11.523499" lat="43.234848"><ele>245.75</ele></trkpt>
   <trkpt lon="11.523651" lat="43.234843"><ele>244.75</ele></trkpt>
   <trkpt lon="11.523806" lat="43.234803"><ele>243.75</ele></trkpt>
   <trkpt lon="11.523952" lat="43.234718"><ele>244.0</ele></trkpt>
   <trkpt lon="11.524141" lat="43.234560"><ele>243.75</ele></trkpt>
   <trkpt lon="11.524300" lat="43.234380"><ele>242.25</ele></trkpt>
   <trkpt lon="11.524902" lat="43.233494"><ele>233.0</ele></trkpt>
   <trkpt lon="11.525027" lat="43.233371"><ele>232.0</ele></trkpt>
   <trkpt lon="11.525173" lat="43.233270"><ele>230.5</ele></trkpt>
   <trkpt lon="11.525302" lat="43.233192"><ele>229.0</ele></trkpt>
   <trkpt lon="11.526019" lat="43.232810"><ele>224.0</ele></trkpt>
   <trkpt lon="11.526315" lat="43.232659"><ele>222.75</ele></trkpt>
   <trkpt lon="11.526493" lat="43.232601"><ele>222.25</ele></trkpt>
   <trkpt lon="11.526687" lat="43.232577"><ele>221.25</ele></trkpt>
   <trkpt lon="11.527727" lat="43.232636"><ele>213.25</ele></trkpt>
   <trkpt lon="11.527879" lat="43.232637"><ele>212.25</ele></trkpt>
   <trkpt lon="11.527999" lat="43.232623"><ele>211.5</ele></trkpt>
   <trkpt lon="11.528113" lat="43.232585"><ele>211.0</ele></trkpt>
   <trkpt lon="11.528204" lat="43.232527"><ele>210.75</ele></trkpt>
   <trkpt lon="11.528277" lat="43.232458"><ele>210.25</ele></trkpt>
   <trkpt lon="11.528331" lat="43.232357"><ele>210.0</ele></trkpt>
   <trkpt lon="11.528360" lat="43.232211"><ele>209.5</ele></trkpt>
   <trkpt lon="11.528406" lat="43.231375"><ele>202.75</ele></trkpt>
   <trkpt lon="11.528399" lat="43.231291"><ele>202.5</ele></trkpt>
   <trkpt lon="11.528373" lat="43.231174"><ele>202.25</ele></trkpt>
   <trkpt lon="11.528348" lat="43.231108"><ele>202.5</ele></trkpt>
   <trkpt lon="11.528263" lat="43.230989"><ele>201.75</ele></trkpt>
   <trkpt lon="11.527698" lat="43.230295"><ele>197.0</ele></trkpt>
   <trkpt lon="11.527599" lat="43.230121"><ele>194.75</ele></trkpt>
   <trkpt lon="11.527580" lat="43.230042"><ele>193.75</ele></trkpt>
   <trkpt lon="11.527583" lat="43.229970"><ele>192.75</ele></trkpt>
   <trkpt lon="11.527604" lat="43.229900"><ele>191.75</ele></trkpt>
   <trkpt lon="11.527644" lat="43.229832"><ele>190.75</ele></trkpt>
   <trkpt lon="11.527700" lat="43.229766"><ele>189.5</ele></trkpt>
   <trkpt lon="11.527793" lat="43.229702"><ele>188.25</ele></trkpt>
   <trkpt lon="11.527902" lat="43.229658"><ele>187.5</ele></trkpt>
   <trkpt lon="11.528050" lat="43.229624"><ele>187.0</ele></trkpt>
   <trkpt lon="11.528184" lat="43.229621"><ele>186.5</ele></trkpt>
   <trkpt lon="11.528338" lat="43.229650"><ele>187.25</ele></trkpt>
   <trkpt lon="11.528475" lat="43.229699"><ele>186.25</ele></trkpt>
   <trkpt lon="11.528785" lat="43.229909"><ele>182.75</ele></trkpt>
   <trkpt lon="11.529969" lat="43.230781"><ele>177.0</ele></trkpt>
   <trkpt lon="11.530540" lat="43.231191"><ele>176.0</ele></trkpt>
   <trkpt lon="11.530702" lat="43.231280"><ele>175.25</ele></trkpt>
   <trkpt lon="11.530847" lat="43.231348"><ele>174.75</ele></trkpt>
   <trkpt lon="11.531001" lat="43.231399"><ele>173.75</ele></trkpt>
   <trkpt lon="11.531273" lat="43.231466"><ele>171.75</ele></trkpt>
   <trkpt lon="11.532364" lat="43.231680"><ele>168.0</ele></trkpt>
   <trkpt lon="11.533760" lat="43.231965"><ele>170.5</ele></trkpt>
   <trkpt lon="11.533916" lat="43.232014"><ele>171.0</ele></trkpt>
   <trkpt lon="11.534042" lat="43.232072"><ele>171.25</ele></trkpt>
   <trkpt lon="11.534245" lat="43.232200"><ele>171.75</ele></trkpt>
   <trkpt lon="11.534387" lat="43.232339"><ele>172.25</ele></trkpt>
   <trkpt lon="11.535137" lat="43.233299"><ele>176.25</ele></trkpt>
   <trkpt lon="11.535252" lat="43.233439"><ele>175.75</ele></trkpt>
   <trkpt lon="11.535344" lat="43.233524"><ele>176.25</ele></trkpt>
   <trkpt lon="11.535456" lat="43.233611"><ele>176.75</ele></trkpt>
   <trkpt lon="11.535632" lat="43.233718"><ele>176.75</ele></trkpt>
   <trkpt lon="11.536954" lat="43.234425"><ele>175.75</ele></trkpt>
   <trkpt lon="11.539328" lat="43.235711"><ele>176.75</ele></trkpt>
   <trkpt lon="11.539577" lat="43.235829"><ele>176.5</ele></trkpt>
   <trkpt lon="11.539724" lat="43.235876"><ele>176.0</ele></trkpt>
   <trkpt lon="11.539813" lat="43.235892"><ele>175.75</ele></trkpt>
   <trkpt lon="11.539986" lat="43.235899"><ele>175.25</ele></trkpt>
   <trkpt lon="11.541062" lat="43.235845"><ele>178.0</ele></trkpt>
   <trkpt lon="11.542945" lat="43.235751"><ele>180.0</ele></trkpt>
   <trkpt lon="11.544269" lat="43.235715"><ele>179.5</ele></trkpt>
   <trkpt lon="11.544806" lat="43.235710"><ele>179.0</ele></trkpt>
   <trkpt lon="11.545250" lat="43.235770"><ele>179.5</ele></trkpt>
   <trkpt lon="11.546025" lat="43.236039"><ele>179.5</ele></trkpt>
   <trkpt lon="11.546277" lat="43.236166"><ele>179.75</ele></trkpt>
   <trkpt lon="11.546578" lat="43.236357"><ele>180.0</ele></trkpt>
   <trkpt lon="11.547132" lat="43.236734"><ele>179.75</ele></trkpt>
   <trkpt lon="11.548058" lat="43.237542"><ele>181.25</ele></trkpt>
   <trkpt lon="11.548735" lat="43.238210"><ele>181.0</ele></trkpt>
   <trkpt lon="11.549585" lat="43.239257"><ele>179.75</ele></trkpt>
   <trkpt lon="11.550473" lat="43.239920"><ele>179.0</ele></trkpt>
   <trkpt lon="11.550751" lat="43.240128"><ele>177.5</ele></trkpt>
   <trkpt lon="11.551643" lat="43.240773"><ele>176.5</ele></trkpt>
   <trkpt lon="11.551727" lat="43.240816"><ele>177.0</ele></trkpt>
   <trkpt lon="11.551823" lat="43.240835"><ele>177.5</ele></trkpt>
   <trkpt lon="11.551912" lat="43.240832"><ele>177.75</ele></trkpt>
   <trkpt lon="11.551972" lat="43.240819"><ele>178.0</ele></trkpt>
   <trkpt lon="11.552418" lat="43.240633"><ele>177.0</ele></trkpt>
   <trkpt lon="11.552486" lat="43.240612"><ele>176.75</ele></trkpt>
   <trkpt lon="11.552564" lat="43.240611"><ele>177.0</ele></trkpt>
   <trkpt lon="11.553028" lat="43.240322"><ele>174.25</ele></trkpt>
   <trkpt lon="11.553317" lat="43.240127"><ele>170.5</ele></trkpt>
   <trkpt lon="11.553544" lat="43.239989"><ele>169.25</ele></trkpt>
   <trkpt lon="11.554013" lat="43.239697"><ele>174.0</ele></trkpt>
   <trkpt lon="11.554239" lat="43.239529"><ele>176.75</ele></trkpt>
   <trkpt lon="11.554347" lat="43.239444"><ele>178.25</ele></trkpt>
   <trkpt lon="11.554500" lat="43.239290"><ele>179.0</ele></trkpt>
   <trkpt lon="11.554585" lat="43.239179"><ele>179.5</ele></trkpt>
   <trkpt lon="11.554610" lat="43.239106"><ele>179.5</ele></trkpt>
   <trkpt lon="11.554622" lat="43.239040"><ele>179.75</ele></trkpt>
   <trkpt lon="11.554610" lat="43.238974"><ele>179.75</ele></trkpt>
   <trkpt lon="11.554580" lat="43.238932"><ele>179.75</ele></trkpt>
   <trkpt lon="11.554568" lat="43.238885"><ele>180.0</ele></trkpt>
   <trkpt lon="11.554577" lat="43.238836"><ele>180.0</ele></trkpt>
   <trkpt lon="11.554608" lat="43.238792"><ele>180.0</ele></trkpt>
   <trkpt lon="11.554656" lat="43.238757"><ele>180.0</ele></trkpt>
   <trkpt lon="11.554717" lat="43.238736"><ele>180.0</ele></trkpt>
   <trkpt lon="11.554773" lat="43.238729"><ele>180.0</ele></trkpt>
   <trkpt lon="11.554821" lat="43.238707"><ele>180.0</ele></trkpt>
   <trkpt lon="11.554887" lat="43.238659"><ele>180.0</ele></trkpt>
   <trkpt lon="11.554942" lat="43.238593"><ele>180.0</ele></trkpt>
   <trkpt lon="11.555304" lat="43.237977"><ele>179.0</ele></trkpt>
   <trkpt lon="11.555353" lat="43.237897"><ele>178.25</ele></trkpt>
   <trkpt lon="11.555428" lat="43.237775"><ele>177.5</ele></trkpt>
   <trkpt lon="11.555480" lat="43.237711"><ele>177.75</ele></trkpt>
   <trkpt lon="11.555540" lat="43.237654"><ele>178.0</ele></trkpt>
   <trkpt lon="11.555789" lat="43.237499"><ele>176.75</ele></trkpt>
   <trkpt lon="11.555900" lat="43.237425"><ele>176.25</ele></trkpt>
   <trkpt lon="11.556106" lat="43.237263"><ele>174.25</ele></trkpt>
   <trkpt lon="11.556149" lat="43.237222"></trkpt>
   <trkpt lon="11.556204" lat="43.237170"><ele>174.0</ele></trkpt>
   <trkpt lon="11.556247" lat="43.237139"><ele>174.0</ele></trkpt>
   <trkpt lon="11.556340" lat="43.237092"><ele>174.25</ele></trkpt>
   <trkpt lon="11.556399" lat="43.237069"><ele>174.5</ele></trkpt>
   <trkpt lon="11.556512" lat="43.237037"><ele>174.75</ele></trkpt>
   <trkpt lon="11.556621" lat="43.237018"><ele>175.25</ele></trkpt>
   <trkpt lon="11.557100" lat="43.236969"><ele>177.25</ele></trkpt>
   <trkpt lon="11.557149" lat="43.236959"><ele>177.5</ele></trkpt>
   <trkpt lon="11.557191" lat="43.236941"><ele>177.75</ele></trkpt>
   <trkpt lon="11.557227" lat="43.236905"><ele>178.0</ele></trkpt>
   <trkpt lon="11.557239" lat="43.236835"><ele>178.0</ele></trkpt>
   <trkpt lon="11.557200" lat="43.236576"><ele>177.75</ele></trkpt>
   <trkpt lon="11.557178" lat="43.236451"><ele>177.75</ele></trkpt>
   <trkpt lon="11.557138" lat="43.236386"><ele>177.5</ele></trkpt>
   <trkpt lon="11.557090" lat="43.236352"><ele>177.5</ele></trkpt>
   <trkpt lon="11.557013" lat="43.236311"><ele>177.25</ele></trkpt>
   <trkpt lon="11.556692" lat="43.236156"><ele>176.0</ele></trkpt>
   <trkpt lon="11.556582" lat="43.236083"><ele>176.0</ele></trkpt>
   <trkpt lon="11.556521" lat="43.236031"><ele>176.0</ele></trkpt>
   <trkpt lon="11.556480" lat="43.235978"><ele>176.0</ele></trkpt>
   <trkpt lon="11.556453" lat="43.235929"><ele>176.0</ele></trkpt>
   <trkpt lon="11.556443" lat="43.235873"><ele>176.0</ele></trkpt>
   <trkpt lon="11.556456" lat="43.235792"><ele>175.75</ele></trkpt>
   <trkpt lon="11.556579" lat="43.235586"><ele>175.5</ele></trkpt>
   <trkpt lon="11.556622" lat="43.235512"><ele>175.75</ele></trkpt>
   <trkpt lon="11.556643" lat="43.235474"><ele>175.75</ele></trkpt>
   <trkpt lon="11.556975" lat="43.234883"><ele>177.0</ele></trkpt>
   <trkpt lon="11.557092" lat="43.234724"><ele>177.5</ele></trkpt>
   <trkpt lon="11.557137" lat="43.234679"><ele>177.5</ele></trkpt>
   <trkpt lon="11.557232" lat="43.234603"><ele>177.5</ele></trkpt>
   <trkpt lon="11.557556" lat="43.234392"><ele>179.0</ele></trkpt>
   <trkpt lon="11.558224" lat="43.233915"><ele>181.25</ele></trkpt>
   <trkpt lon="11.558343" lat="43.233849"><ele>181.5</ele></trkpt>
   <trkpt lon="11.558410" lat="43.233820"><ele>181.75</ele></trkpt>
   <trkpt lon="11.558476" lat="43.233801"><ele>182.25</ele></trkpt>
   <trkpt lon="11.558584" lat="43.233784"><ele>182.75</ele></trkpt>
   <trkpt lon="11.558718" lat="43.233783"><ele>184.0</ele></trkpt>
   <trkpt lon="11.558917" lat="43.233805"><ele>186.5</ele></trkpt>
   <trkpt lon="11.559300" lat="43.233868"><ele>190.75</ele></trkpt>
   <trkpt lon="11.559355" lat="43.233876"><ele>191.25</ele></trkpt>
   <trkpt lon="11.559794" lat="43.233947"><ele>194.5</ele></trkpt>
   <trkpt lon="11.560010" lat="43.233972"><ele>196.0</ele></trkpt>
   <trkpt lon="11.560532" lat="43.234007"><ele>198.75</ele></trkpt>
   <trkpt lon="11.560582" lat="43.234010"><ele>199.0</ele></trkpt>
   <trkpt lon="11.560728" lat="43.234006"><ele>199.5</ele></trkpt>
   <trkpt lon="11.560688" lat="43.233968"><ele>199.25</ele></trkpt>
   <trkpt lon="11.560545" lat="43.233820"><ele>199.0</ele></trkpt>
   <trkpt lon="11.560444" lat="43.233698"><ele>199.25</ele></trkpt>
   <trkpt lon="11.560316" lat="43.233567"><ele>199.25</ele></trkpt>
   <trkpt lon="11.559823" lat="43.233153"><ele>198.5</ele></trkpt>
   <trkpt lon="11.559688" lat="43.233024"><ele>197.75</ele></trkpt>
   <trkpt lon="11.559614" lat="43.232917"><ele>197.5</ele></trkpt>
   <trkpt lon="11.559565" lat="43.232795"><ele>197.25</ele></trkpt>
   <trkpt lon="11.559554" lat="43.232743"><ele>197.25</ele></trkpt>
   <trkpt lon="11.559534" lat="43.232596"><ele>197.5</ele></trkpt>
   <trkpt lon="11.559529" lat="43.232422"><ele>197.25</ele></trkpt>
   <trkpt lon="11.559536" lat="43.232341"><ele>196.75</ele></trkpt>
   <trkpt lon="11.559560" lat="43.232221"><ele>196.25</ele></trkpt>
   <trkpt lon="11.559595" lat="43.232143"><ele>196.0</ele></trkpt>
   <trkpt lon="11.559645" lat="43.232066"><ele>196.0</ele></trkpt>
   <trkpt lon="11.559778" lat="43.231897"><ele>196.25</ele></trkpt>
   <trkpt lon="11.560239" lat="43.231353"><ele>192.75</ele></trkpt>
   <trkpt lon="11.560406" lat="43.231132"><ele>192.0</ele></trkpt>
   <trkpt lon="11.560520" lat="43.230959"><ele>191.75</ele></trkpt>
   <trkpt lon="11.560675" lat="43.230669"><ele>191.0</ele></trkpt>
   <trkpt lon="11.560739" lat="43.230505"><ele>190.75</ele></trkpt>
   <trkpt lon="11.560820" lat="43.230247"><ele>191.25</ele></trkpt>
   <trkpt lon="11.560839" lat="43.230125"><ele>191.0</ele></trkpt>
   <trkpt lon="11.560847" lat="43.230048"><ele>188.75</ele></trkpt>
  </trkseg>
 </trk>
</gpx>
