<?xml version="1.0" encoding="UTF-8"?>
<!-- track-length = 102018 filtered ascend = 1952 plain-ascend = -1 cost=381887 energy=.3kwh time=2h 1m 18s AUTO selected ISO_GREEDY (score 0.832) after 2 candidate(s) in 2452ms. Also tried WAYPOINT: score 0.824. short shared stem near start/end: 1248m -->
<gpx
 xmlns="http://www.topografix.com/GPX/1/1"
 xmlns:xsi="http://www.w3.org/2001/XMLSchema-instance"
 xsi:schemaLocation="http://www.topografix.com/GPX/1/1 http://www.topografix.com/GPX/1/1/gpx.xsd"
 creator="BRouter-null" version="1.1">
 <trk>
  <name>unset</name>
  <trkseg>
   <trkpt lon="11.560847" lat="43.230048"><ele>190.5</ele></trkpt>
   <trkpt lon="11.560839" lat="43.230125"><ele>191.0</ele></trkpt>
   <trkpt lon="11.560820" lat="43.230247"><ele>191.25</ele></trkpt>
   <trkpt lon="11.560739" lat="43.230505"><ele>190.75</ele></trkpt>
   <trkpt lon="11.560675" lat="43.230669"><ele>191.0</ele></trkpt>
   <trkpt lon="11.560520" lat="43.230959"><ele>191.75</ele></trkpt>
   <trkpt lon="11.560406" lat="43.231132"><ele>192.0</ele></trkpt>
   <trkpt lon="11.560239" lat="43.231353"><ele>192.75</ele></trkpt>
   <trkpt lon="11.559778" lat="43.231897"><ele>196.25</ele></trkpt>
   <trkpt lon="11.559645" lat="43.232066"><ele>196.0</ele></trkpt>
   <trkpt lon="11.559595" lat="43.232143"><ele>196.0</ele></trkpt>
   <trkpt lon="11.559560" lat="43.232221"><ele>196.25</ele></trkpt>
   <trkpt lon="11.559536" lat="43.232341"><ele>196.75</ele></trkpt>
   <trkpt lon="11.559529" lat="43.232422"><ele>197.25</ele></trkpt>
   <trkpt lon="11.559534" lat="43.232596"><ele>197.5</ele></trkpt>
   <trkpt lon="11.559554" lat="43.232743"><ele>197.25</ele></trkpt>
   <trkpt lon="11.559565" lat="43.232795"><ele>197.25</ele></trkpt>
   <trkpt lon="11.559614" lat="43.232917"><ele>197.5</ele></trkpt>
   <trkpt lon="11.559688" lat="43.233024"><ele>197.75</ele></trkpt>
   <trkpt lon="11.559823" lat="43.233153"><ele>198.5</ele></trkpt>
   <trkpt lon="11.560316" lat="43.233567"><ele>199.25</ele></trkpt>
   <trkpt lon="11.560444" lat="43.233698"><ele>199.25</ele></trkpt>
   <trkpt lon="11.560545" lat="43.233820"><ele>199.0</ele></trkpt>
   <trkpt lon="11.560688" lat="43.233968"><ele>199.25</ele></trkpt>
   <trkpt lon="11.560728" lat="43.234006"><ele>199.5</ele></trkpt>
   <trkpt lon="11.560828" lat="43.233994"><ele>199.75</ele></trkpt>
   <trkpt lon="11.560786" lat="43.234026"><ele>199.75</ele></trkpt>
   <trkpt lon="11.560538" lat="43.234131"><ele>198.75</ele></trkpt>
   <trkpt lon="11.560441" lat="43.234178"><ele>198.5</ele></trkpt>
   <trkpt lon="11.560447" lat="43.234257"><ele>198.0</ele></trkpt>
   <trkpt lon="11.560443" lat="43.234317"><ele>197.75</ele></trkpt>
   <trkpt lon="11.560419" lat="43.234400"><ele>197.25</ele></trkpt>
   <trkpt lon="11.560385" lat="43.234484"><ele>196.5</ele></trkpt>
   <trkpt lon="11.560348" lat="43.234550"><ele>195.75</ele></trkpt>
   <trkpt lon="11.560154" lat="43.234853"><ele>194.25</ele></trkpt>
   <trkpt lon="11.560009" lat="43.235086"><ele>193.25</ele></trkpt>
   <trkpt lon="11.559942" lat="43.235200"><ele>192.5</ele></trkpt>
   <trkpt lon="11.559831" lat="43.235376"><ele>191.75</ele></trkpt>
   <trkpt lon="11.559479" lat="43.235908"><ele>190.5</ele></trkpt>
   <trkpt lon="11.559815" lat="43.236032"><ele>189.0</ele></trkpt>
   <trkpt lon="11.559566" lat="43.236151"><ele>189.25</ele></trkpt>
   <trkpt lon="11.559502" lat="43.236198"><ele>189.0</ele></trkpt>
   <trkpt lon="11.559463" lat="43.236240"><ele>189.25</ele></trkpt>
   <trkpt lon="11.559393" lat="43.236337"><ele>189.25</ele></trkpt>
   <trkpt lon="11.559303" lat="43.236479"><ele>188.0</ele></trkpt>
   <trkpt lon="11.559161" lat="43.236648"><ele>187.25</ele></trkpt>
   <trkpt lon="11.559318" lat="43.236726"><ele>184.25</ele></trkpt>
   <trkpt lon="11.559315" lat="43.236798"><ele>183.75</ele></trkpt>
   <trkpt lon="11.559264" lat="43.236877"><ele>184.25</ele></trkpt>
   <trkpt lon="11.559192" lat="43.236942"><ele>185.25</ele></trkpt>
   <trkpt lon="11.559157" lat="43.237024"><ele>184.25</ele></trkpt>
   <trkpt lon="11.559166" lat="43.237182"><ele>180.75</ele></trkpt>
   <trkpt lon="11.559154" lat="43.237264"><ele>179.5</ele></trkpt>
   <trkpt lon="11.559045" lat="43.237373"><ele>179.5</ele></trkpt>
   <trkpt lon="11.558480" lat="43.237570"><ele>178.75</ele></trkpt>
   <trkpt lon="11.558070" lat="43.237660"><ele>177.25</ele></trkpt>
   <trkpt lon="11.557972" lat="43.237660"><ele>177.0</ele></trkpt>
   <trkpt lon="11.557905" lat="43.237617"><ele>177.25</ele></trkpt>
   <trkpt lon="11.557870" lat="43.237660"><ele>176.75</ele></trkpt>
   <trkpt lon="11.557887" lat="43.237813"><ele>176.0</ele></trkpt>
   <trkpt lon="11.557863" lat="43.237944"><ele>176.0</ele></trkpt>
   <trkpt lon="11.557809" lat="43.238255"><ele>176.75</ele></trkpt>
   <trkpt lon="11.557666" lat="43.238597"><ele>178.25</ele></trkpt>
   <trkpt lon="11.557569" lat="43.238741"><ele>179.0</ele></trkpt>
   <trkpt lon="11.557521" lat="43.238799"><ele>179.5</ele></trkpt>
   <trkpt lon="11.557214" lat="43.239098"><ele>180.0</ele></trkpt>
   <trkpt lon="11.557189" lat="43.239123"><ele>180.0</ele></trkpt>
   <trkpt lon="11.557050" lat="43.239056"><ele>180.0</ele></trkpt>
   <trkpt lon="11.556502" lat="43.238870"><ele>181.5</ele></trkpt>
   <trkpt lon="11.556370" lat="43.238832"><ele>181.75</ele></trkpt>
   <trkpt lon="11.556277" lat="43.238824"><ele>181.75</ele></trkpt>
   <trkpt lon="11.556141" lat="43.238839"><ele>181.75</ele></trkpt>
   <trkpt lon="11.555954" lat="43.238882"><ele>181.25</ele></trkpt>
   <trkpt lon="11.555669" lat="43.238970"><ele>180.75</ele></trkpt>
   <trkpt lon="11.555255" lat="43.239119"><ele>180.0</ele></trkpt>
   <trkpt lon="11.555159" lat="43.239140"><ele>180.0</ele></trkpt>
   <trkpt lon="11.555066" lat="43.239143"><ele>180.0</ele></trkpt>
   <trkpt lon="11.554916" lat="43.239241"><ele>180.0</ele></trkpt>
   <trkpt lon="11.554612" lat="43.239393"><ele>179.5</ele></trkpt>
   <trkpt lon="11.554239" lat="43.239529"><ele>176.75</ele></trkpt>
   <trkpt lon="11.554013" lat="43.239697"><ele>174.0</ele></trkpt>
   <trkpt lon="11.553544" lat="43.239989"><ele>169.25</ele></trkpt>
   <trkpt lon="11.553317" lat="43.240127"><ele>170.5</ele></trkpt>
   <trkpt lon="11.553028" lat="43.240322"><ele>174.25</ele></trkpt>
   <trkpt lon="11.552564" lat="43.240611"><ele>177.0</ele></trkpt>
   <trkpt lon="11.552486" lat="43.240612"><ele>176.75</ele></trkpt>
   <trkpt lon="11.552418" lat="43.240633"><ele>177.0</ele></trkpt>
   <trkpt lon="11.551972" lat="43.240819"><ele>178.0</ele></trkpt>
   <trkpt lon="11.551912" lat="43.240832"><ele>177.75</ele></trkpt>
   <trkpt lon="11.551823" lat="43.240835"><ele>177.5</ele></trkpt>
   <trkpt lon="11.551727" lat="43.240816"><ele>177.0</ele></trkpt>
   <trkpt lon="11.551643" lat="43.240773"><ele>176.5</ele></trkpt>
   <trkpt lon="11.550751" lat="43.240128"><ele>177.5</ele></trkpt>
   <trkpt lon="11.550473" lat="43.239920"><ele>179.0</ele></trkpt>
   <trkpt lon="11.549585" lat="43.239257"><ele>179.75</ele></trkpt>
   <trkpt lon="11.548735" lat="43.238210"><ele>181.0</ele></trkpt>
   <trkpt lon="11.548058" lat="43.237542"><ele>181.25</ele></trkpt>
   <trkpt lon="11.547132" lat="43.236734"><ele>179.75</ele></trkpt>
   <trkpt lon="11.546578" lat="43.236357"><ele>180.0</ele></trkpt>
   <trkpt lon="11.546277" lat="43.236166"><ele>179.75</ele></trkpt>
   <trkpt lon="11.546025" lat="43.236039"><ele>179.5</ele></trkpt>
   <trkpt lon="11.545250" lat="43.235770"><ele>179.5</ele></trkpt>
   <trkpt lon="11.544806" lat="43.235710"><ele>179.0</ele></trkpt>
   <trkpt lon="11.544650" lat="43.236224"><ele>183.0</ele></trkpt>
   <trkpt lon="11.544515" lat="43.236212"><ele>183.25</ele></trkpt>
   <trkpt lon="11.544466" lat="43.236351"><ele>184.5</ele></trkpt>
   <trkpt lon="11.544378" lat="43.236343"><ele>184.75</ele></trkpt>
   <trkpt lon="11.543597" lat="43.236396"><ele>189.0</ele></trkpt>
   <trkpt lon="11.543356" lat="43.236384"><ele>189.75</ele></trkpt>
   <trkpt lon="11.543176" lat="43.236368"><ele>189.5</ele></trkpt>
   <trkpt lon="11.543042" lat="43.236323"><ele>188.75</ele></trkpt>
   <trkpt lon="11.542697" lat="43.236153"><ele>185.0</ele></trkpt>
   <trkpt lon="11.542543" lat="43.236133"><ele>185.0</ele></trkpt>
   <trkpt lon="11.542570" lat="43.236243"><ele>187.0</ele></trkpt>
   <trkpt lon="11.542547" lat="43.236374"><ele>189.5</ele></trkpt>
   <trkpt lon="11.542464" lat="43.236515"><ele>193.5</ele></trkpt>
   <trkpt lon="11.542333" lat="43.236589"><ele>195.5</ele></trkpt>
   <trkpt lon="11.542136" lat="43.236666"><ele>197.5</ele></trkpt>
   <trkpt lon="11.541924" lat="43.236766"><ele>199.25</ele></trkpt>
   <trkpt lon="11.541779" lat="43.236876"><ele>201.0</ele></trkpt>
   <trkpt lon="11.541719" lat="43.236949"><ele>202.25</ele></trkpt>
   <trkpt lon="11.541702" lat="43.237091"><ele>205.25</ele></trkpt>
   <trkpt lon="11.541740" lat="43.237253"><ele>208.75</ele></trkpt>
   <trkpt lon="11.541825" lat="43.237416"><ele>212.0</ele></trkpt>
   <trkpt lon="11.542184" lat="43.238028"><ele>222.25</ele></trkpt>
   <trkpt lon="11.542539" lat="43.238336"><ele>231.75</ele></trkpt>
   <trkpt lon="11.542926" lat="43.238631"><ele>236.25</ele></trkpt>
   <trkpt lon="11.543264" lat="43.238740"><ele>241.0</ele></trkpt>
   <trkpt lon="11.543630" lat="43.238943"><ele>247.5</ele></trkpt>
   <trkpt lon="11.543718" lat="43.239061"><ele>249.25</ele></trkpt>
   <trkpt lon="11.543806" lat="43.239253"><ele>252.25</ele></trkpt>
   <trkpt lon="11.543827" lat="43.239527"><ele>256.25</ele></trkpt>
   <trkpt lon="11.543768" lat="43.239745"><ele>258.5</ele></trkpt>
   <trkpt lon="11.543584" lat="43.240108"><ele>261.25</ele></trkpt>
   <trkpt lon="11.543334" lat="43.240369"><ele>262.0</ele></trkpt>
   <trkpt lon="11.542894" lat="43.240681"><ele>261.25</ele></trkpt>
   <trkpt lon="11.542304" lat="43.241087"><ele>260.75</ele></trkpt>
   <trkpt lon="11.541955" lat="43.241318"><ele>260.5</ele></trkpt>
   <trkpt lon="11.541574" lat="43.241517"><ele>260.5</ele></trkpt>
   <trkpt lon="11.541104" lat="43.241713"><ele>262.25</ele></trkpt>
   <trkpt lon="11.540717" lat="43.241906"><ele>261.75</ele></trkpt>
   <trkpt lon="11.540350" lat="43.242079"><ele>261.25</ele></trkpt>
   <trkpt lon="11.540004" lat="43.242154"><ele>261.0</ele></trkpt>
   <trkpt lon="11.539746" lat="43.242164"><ele>262.25</ele></trkpt>
   <trkpt lon="11.539461" lat="43.242145"><ele>264.25</ele></trkpt>
   <trkpt lon="11.539056" lat="43.242188"><ele>268.75</ele></trkpt>
   <trkpt lon="11.538783" lat="43.242246"><ele>269.75</ele></trkpt>
   <trkpt lon="11.538396" lat="43.242344"><ele>269.75</ele></trkpt>
   <trkpt lon="11.537850" lat="43.242303"><ele>270.25</ele></trkpt>
   <trkpt lon="11.537193" lat="43.242295"><ele>273.25</ele></trkpt>
   <trkpt lon="11.536706" lat="43.242271"><ele>275.0</ele></trkpt>
   <trkpt lon="11.535415" lat="43.242305"><ele>279.5</ele></trkpt>
   <trkpt lon="11.534664" lat="43.242310"><ele>281.25</ele></trkpt>
   <trkpt lon="11.533939" lat="43.242389"><ele>281.0</ele></trkpt>
   <trkpt lon="11.533637" lat="43.242402"><ele>281.0</ele></trkpt>
   <trkpt lon="11.533335" lat="43.242372"><ele>281.0</ele></trkpt>
   <trkpt lon="11.533056" lat="43.242314"><ele>280.5</ele></trkpt>
   <trkpt lon="11.532590" lat="43.242179"><ele>282.25</ele></trkpt>
   <trkpt lon="11.532311" lat="43.242128"><ele>282.0</ele></trkpt>
   <trkpt lon="11.531932" lat="43.242083"><ele>282.0</ele></trkpt>
   <trkpt lon="11.530806" lat="43.242066"><ele>281.75</ele></trkpt>
   <trkpt lon="11.530586" lat="43.242111"><ele>282.0</ele></trkpt>
   <trkpt lon="11.530424" lat="43.242214"><ele>282.75</ele></trkpt>
   <trkpt lon="11.530275" lat="43.242350"><ele>282.5</ele></trkpt>
   <trkpt lon="11.530210" lat="43.242508"><ele>281.5</ele></trkpt>
   <trkpt lon="11.530113" lat="43.242898"><ele>279.5</ele></trkpt>
   <trkpt lon="11.529975" lat="43.243528"><ele>275.75</ele></trkpt>
   <trkpt lon="11.529797" lat="43.243708"><ele>272.75</ele></trkpt>
   <trkpt lon="11.529609" lat="43.243970"><ele>270.5</ele></trkpt>
   <trkpt lon="11.529356" lat="43.244133"><ele>268.5</ele></trkpt>
   <trkpt lon="11.528828" lat="43.244340"><ele>266.25</ele></trkpt>
   <trkpt lon="11.528227" lat="43.244533"><ele>265.0</ele></trkpt>
   <trkpt lon="11.527640" lat="43.244710"><ele>264.75</ele></trkpt>
   <trkpt lon="11.527355" lat="43.244804"><ele>264.0</ele></trkpt>
   <trkpt lon="11.527118" lat="43.244947"><ele>264.0</ele></trkpt>
   <trkpt lon="11.526915" lat="43.245097"><ele>264.5</ele></trkpt>
   <trkpt lon="11.526584" lat="43.245300"><ele>267.75</ele></trkpt>
   <trkpt lon="11.526191" lat="43.245612"><ele>270.75</ele></trkpt>
   <trkpt lon="11.525903" lat="43.245813"><ele>274.0</ele></trkpt>
   <trkpt lon="11.524609" lat="43.246334"><ele>278.75</ele></trkpt>
   <trkpt lon="11.524369" lat="43.246409"><ele>278.5</ele></trkpt>
   <trkpt lon="11.524204" lat="43.246497"><ele>277.75</ele></trkpt>
   <trkpt lon="11.524014" lat="43.246685"><ele>278.0</ele></trkpt>
   <trkpt lon="11.523682" lat="43.246954"><ele>280.0</ele></trkpt>
   <trkpt lon="11.523521" lat="43.247266"><ele>281.0</ele></trkpt>
   <trkpt lon="11.523004" lat="43.248557"><ele>289.75</ele></trkpt>
   <trkpt lon="11.523009" lat="43.248706"><ele>290.75</ele></trkpt>
   <trkpt lon="11.523064" lat="43.248842"><ele>291.25</ele></trkpt>
   <trkpt lon="11.523191" lat="43.248953"><ele>292.75</ele></trkpt>
   <trkpt lon="11.523679" lat="43.249243"><ele>296.25</ele></trkpt>
   <trkpt lon="11.523884" lat="43.249461"><ele>300.25</ele></trkpt>
   <trkpt lon="11.524079" lat="43.249707"><ele>304.0</ele></trkpt>
   <trkpt lon="11.524148" lat="43.249807"><ele>302.5</ele></trkpt>
   <trkpt lon="11.524244" lat="43.249875"><ele>300.75</ele></trkpt>
   <trkpt lon="11.523920" lat="43.249970"><ele>301.0</ele></trkpt>
   <trkpt lon="11.523579" lat="43.250103"><ele>300.25</ele></trkpt>
   <trkpt lon="11.523223" lat="43.250296"><ele>298.5</ele></trkpt>
   <trkpt lon="11.522953" lat="43.250484"><ele>296.75</ele></trkpt>
   <trkpt lon="11.522017" lat="43.251094"><ele>287.5</ele></trkpt>
   <trkpt lon="11.521794" lat="43.251220"><ele>284.75</ele></trkpt>
   <trkpt lon="11.521572" lat="43.251324"><ele>282.5</ele></trkpt>
   <trkpt lon="11.521126" lat="43.251471"><ele>279.25</ele></trkpt>
   <trkpt lon="11.520715" lat="43.251585"><ele>276.0</ele></trkpt>
   <trkpt lon="11.520246" lat="43.251664"><ele>274.75</ele></trkpt>
   <trkpt lon="11.519915" lat="43.251688"><ele>273.5</ele></trkpt>
   <trkpt lon="11.519674" lat="43.251689"><ele>274.25</ele></trkpt>
   <trkpt lon="11.519392" lat="43.251692"><ele>274.5</ele></trkpt>
   <trkpt lon="11.519119" lat="43.251718"><ele>275.5</ele></trkpt>
   <trkpt lon="11.518823" lat="43.251755"><ele>277.25</ele></trkpt>
   <trkpt lon="11.518402" lat="43.251826"><ele>278.5</ele></trkpt>
   <trkpt lon="11.517478" lat="43.252077"><ele>282.25</ele></trkpt>
   <trkpt lon="11.517021" lat="43.252225"><ele>284.25</ele></trkpt>
   <trkpt lon="11.516764" lat="43.252315"><ele>286.75</ele></trkpt>
   <trkpt lon="11.516209" lat="43.252590"><ele>288.5</ele></trkpt>
   <trkpt lon="11.516005" lat="43.252675"><ele>289.0</ele></trkpt>
   <trkpt lon="11.515868" lat="43.252734"><ele>289.75</ele></trkpt>
   <trkpt lon="11.515778" lat="43.252774"><ele>290.5</ele></trkpt>
   <trkpt lon="11.515545" lat="43.252877"><ele>293.5</ele></trkpt>
   <trkpt lon="11.515280" lat="43.253001"><ele>294.0</ele></trkpt>
   <trkpt lon="11.514601" lat="43.253352"><ele>297.0</ele></trkpt>
   <trkpt lon="11.514434" lat="43.253454"><ele>298.0</ele></trkpt>
   <trkpt lon="11.514241" lat="43.253583"><ele>298.75</ele></trkpt>
   <trkpt lon="11.513913" lat="43.253883"><ele>299.0</ele></trkpt>
   <trkpt lon="11.513859" lat="43.253939"><ele>298.0</ele></trkpt>
   <trkpt lon="11.513771" lat="43.253969"><ele>297.0</ele></trkpt>
   <trkpt lon="11.513514" lat="43.254088"><ele>295.25</ele></trkpt>
   <trkpt lon="11.512411" lat="43.254482"><ele>300.25</ele></trkpt>
   <trkpt lon="11.512252" lat="43.254517"><ele>300.75</ele></trkpt>
   <trkpt lon="11.512152" lat="43.254531"><ele>301.0</ele></trkpt>
   <trkpt lon="11.511830" lat="43.254559"><ele>302.0</ele></trkpt>
   <trkpt lon="11.511727" lat="43.254561"><ele>302.25</ele></trkpt>
   <trkpt lon="11.511645" lat="43.254556"><ele>302.0</ele></trkpt>
   <trkpt lon="11.511577" lat="43.254544"><ele>301.75</ele></trkpt>
   <trkpt lon="11.511415" lat="43.254498"><ele>300.75</ele></trkpt>
   <trkpt lon="11.510949" lat="43.254297"><ele>298.0</ele></trkpt>
   <trkpt lon="11.510444" lat="43.254138"><ele>294.25</ele></trkpt>
   <trkpt lon="11.509753" lat="43.253979"><ele>292.75</ele></trkpt>
   <trkpt lon="11.509343" lat="43.253825"><ele>292.25</ele></trkpt>
   <trkpt lon="11.508538" lat="43.253300"><ele>293.0</ele></trkpt>
   <trkpt lon="11.508293" lat="43.253047"><ele>295.25</ele></trkpt>
   <trkpt lon="11.507867" lat="43.252177"><ele>289.5</ele></trkpt>
   <trkpt lon="11.507065" lat="43.250613"><ele>280.75</ele></trkpt>
   <trkpt lon="11.507027" lat="43.250479"><ele>280.25</ele></trkpt>
   <trkpt lon="11.507050" lat="43.250242"><ele>278.25</ele></trkpt>
   <trkpt lon="11.507236" lat="43.249970"><ele>273.25</ele></trkpt>
   <trkpt lon="11.507483" lat="43.249740"><ele>270.0</ele></trkpt>
   <trkpt lon="11.507650" lat="43.249446"><ele>268.0</ele></trkpt>
   <trkpt lon="11.507801" lat="43.249091"><ele>267.5</ele></trkpt>
   <trkpt lon="11.507846" lat="43.248942"><ele>266.75</ele></trkpt>
   <trkpt lon="11.507851" lat="43.248775"><ele>266.0</ele></trkpt>
   <trkpt lon="11.507765" lat="43.247562"><ele>270.0</ele></trkpt>
   <trkpt lon="11.507801" lat="43.247063"><ele>272.75</ele></trkpt>
   <trkpt lon="11.507882" lat="43.246650"><ele>274.75</ele></trkpt>
   <trkpt lon="11.508377" lat="43.245253"><ele>272.0</ele></trkpt>
   <trkpt lon="11.509060" lat="43.243767"><ele>271.0</ele></trkpt>
   <trkpt lon="11.509190" lat="43.243439"><ele>273.0</ele></trkpt>
   <trkpt lon="11.509190" lat="43.243261"><ele>274.25</ele></trkpt>
   <trkpt lon="11.509154" lat="43.243063"><ele>275.75</ele></trkpt>
   <trkpt lon="11.509140" lat="43.242770"><ele>277.5</ele></trkpt>
   <trkpt lon="11.509002" lat="43.242415"><ele>278.0</ele></trkpt>
   <trkpt lon="11.508841" lat="43.241926"><ele>281.25</ele></trkpt>
   <trkpt lon="11.508764" lat="43.241370"><ele>285.25</ele></trkpt>
   <trkpt lon="11.508808" lat="43.241065"><ele>288.25</ele></trkpt>
   <trkpt lon="11.508818" lat="43.240996"><ele>288.75</ele></trkpt>
   <trkpt lon="11.508810" lat="43.240817"><ele>290.0</ele></trkpt>
   <trkpt lon="11.508715" lat="43.240402"><ele>290.25</ele></trkpt>
   <trkpt lon="11.508384" lat="43.239266"><ele>293.5</ele></trkpt>
   <trkpt lon="11.508260" lat="43.238805"><ele>295.25</ele></trkpt>
   <trkpt lon="11.508242" lat="43.238767"><ele>295.75</ele></trkpt>
   <trkpt lon="11.508185" lat="43.238702"><ele>296.5</ele></trkpt>
   <trkpt lon="11.508095" lat="43.238641"><ele>297.25</ele></trkpt>
   <trkpt lon="11.508040" lat="43.238612"><ele>297.75</ele></trkpt>
   <trkpt lon="11.507637" lat="43.238429"><ele>297.25</ele></trkpt>
   <trkpt lon="11.507411" lat="43.238334"><ele>296.0</ele></trkpt>
   <trkpt lon="11.507186" lat="43.238265"><ele>295.0</ele></trkpt>
   <trkpt lon="11.506775" lat="43.238163"><ele>294.5</ele></trkpt>
   <trkpt lon="11.506401" lat="43.238111"><ele>293.0</ele></trkpt>
   <trkpt lon="11.506246" lat="43.238077"><ele>293.0</ele></trkpt>
   <trkpt lon="11.506170" lat="43.238052"><ele>293.0</ele></trkpt>
   <trkpt lon="11.506052" lat="43.237991"><ele>291.0</ele></trkpt>
   <trkpt lon="11.505998" lat="43.237956"><ele>290.0</ele></trkpt>
   <trkpt lon="11.505972" lat="43.237930"><ele>289.25</ele></trkpt>
   <trkpt lon="11.505959" lat="43.237903"><ele>288.5</ele></trkpt>
   <trkpt lon="11.505950" lat="43.237868"><ele>287.75</ele></trkpt>
   <trkpt lon="11.505798" lat="43.237823"><ele>287.25</ele></trkpt>
   <trkpt lon="11.505668" lat="43.237767"><ele>287.5</ele></trkpt>
   <trkpt lon="11.504060" lat="43.237001"><ele>285.5</ele></trkpt>
   <trkpt lon="11.503687" lat="43.236772"><ele>287.75</ele></trkpt>
   <trkpt lon="11.503286" lat="43.236366"><ele>286.0</ele></trkpt>
   <trkpt lon="11.503179" lat="43.236277"><ele>285.75</ele></trkpt>
   <trkpt lon="11.503088" lat="43.236217"><ele>285.25</ele></trkpt>
   <trkpt lon="11.502912" lat="43.236160"><ele>285.25</ele></trkpt>
   <trkpt lon="11.502816" lat="43.236129"><ele>285.25</ele></trkpt>
   <trkpt lon="11.502786" lat="43.236044"><ele>283.75</ele></trkpt>
   <trkpt lon="11.502661" lat="43.235886"><ele>280.75</ele></trkpt>
   <trkpt lon="11.502562" lat="43.235726"><ele>278.25</ele></trkpt>
   <trkpt lon="11.502558" lat="43.235503"><ele>275.75</ele></trkpt>
   <trkpt lon="11.502598" lat="43.235155"><ele>272.5</ele></trkpt>
   <trkpt lon="11.502602" lat="43.234888"><ele>273.5</ele></trkpt>
   <trkpt lon="11.502518" lat="43.234625"><ele>274.75</ele></trkpt>
   <trkpt lon="11.502411" lat="43.234346"><ele>274.25</ele></trkpt>
   <trkpt lon="11.502358" lat="43.234152"><ele>274.25</ele></trkpt>
   <trkpt lon="11.502370" lat="43.232935"><ele>275.0</ele></trkpt>
   <trkpt lon="11.502428" lat="43.232541"><ele>275.0</ele></trkpt>
   <trkpt lon="11.502458" lat="43.232196"><ele>274.25</ele></trkpt>
   <trkpt lon="11.502469" lat="43.231770"><ele>273.5</ele></trkpt>
   <trkpt lon="11.502509" lat="43.231524"><ele>274.0</ele></trkpt>
   <trkpt lon="11.502579" lat="43.231376"><ele>274.25</ele></trkpt>
   <trkpt lon="11.502748" lat="43.231197"><ele>275.5</ele></trkpt>
   <trkpt lon="11.502844" lat="43.231063"><ele>275.5</ele></trkpt>
   <trkpt lon="11.502929" lat="43.230576"><ele>277.25</ele></trkpt>
   <trkpt lon="11.502993" lat="43.230045"><ele>279.5</ele></trkpt>
   <trkpt lon="11.502996" lat="43.229879"><ele>280.5</ele></trkpt>
   <trkpt lon="11.502861" lat="43.229780"><ele>280.5</ele></trkpt>
   <trkpt lon="11.502487" lat="43.229614"><ele>278.25</ele></trkpt>
   <trkpt lon="11.502181" lat="43.229428"><ele>276.25</ele></trkpt>
   <trkpt lon="11.501840" lat="43.229288"><ele>271.0</ele></trkpt>
   <trkpt lon="11.501776" lat="43.229249"><ele>270.5</ele></trkpt>
   <trkpt lon="11.501669" lat="43.229140"><ele>270.0</ele></trkpt>
   <trkpt lon="11.501630" lat="43.228982"><ele>269.75</ele></trkpt>
   <trkpt lon="11.501719" lat="43.228748"><ele>272.0</ele></trkpt>
   <trkpt lon="11.501922" lat="43.228404"><ele>273.0</ele></trkpt>
   <trkpt lon="11.502156" lat="43.228230"><ele>276.25</ele></trkpt>
   <trkpt lon="11.502263" lat="43.228108"><ele>277.75</ele></trkpt>
   <trkpt lon="11.502302" lat="43.227947"><ele>278.0</ele></trkpt>
   <trkpt lon="11.502245" lat="43.227776"><ele>275.5</ele></trkpt>
   <trkpt lon="11.502036" lat="43.227442"><ele>272.25</ele></trkpt>
   <trkpt lon="11.501605" lat="43.226954"><ele>270.25</ele></trkpt>
   <trkpt lon="11.501367" lat="43.226716"><ele>271.0</ele></trkpt>
   <trkpt lon="11.501310" lat="43.226514"><ele>272.0</ele></trkpt>
   <trkpt lon="11.501399" lat="43.226101"><ele>268.5</ele></trkpt>
   <trkpt lon="11.501495" lat="43.225754"><ele>264.25</ele></trkpt>
   <trkpt lon="11.501512" lat="43.225513"><ele>260.75</ele></trkpt>
   <trkpt lon="11.501477" lat="43.225290"><ele>256.5</ele></trkpt>
   <trkpt lon="11.501335" lat="43.224942"><ele>252.25</ele></trkpt>
   <trkpt lon="11.501345" lat="43.224815"><ele>249.25</ele></trkpt>
   <trkpt lon="11.501495" lat="43.224556"><ele>244.25</ele></trkpt>
   <trkpt lon="11.501527" lat="43.224387"><ele>241.75</ele></trkpt>
   <trkpt lon="11.501544" lat="43.224159"><ele>237.75</ele></trkpt>
   <trkpt lon="11.501616" lat="43.223970"><ele>233.0</ele></trkpt>
   <trkpt lon="11.501715" lat="43.223853"><ele>230.0</ele></trkpt>
   <trkpt lon="11.501886" lat="43.223752"><ele>228.75</ele></trkpt>
   <trkpt lon="11.502470" lat="43.223630"><ele>221.5</ele></trkpt>
   <trkpt lon="11.503416" lat="43.223410"><ele>207.5</ele></trkpt>
   <trkpt lon="11.503651" lat="43.223322"><ele>203.0</ele></trkpt>
   <trkpt lon="11.503708" lat="43.223156"><ele>200.75</ele></trkpt>
   <trkpt lon="11.503676" lat="43.222977"><ele>199.0</ele></trkpt>
   <trkpt lon="11.503537" lat="43.222756"><ele>197.25</ele></trkpt>
   <trkpt lon="11.503153" lat="43.222515"><ele>195.5</ele></trkpt>
   <trkpt lon="11.502665" lat="43.222290"><ele>192.75</ele></trkpt>
   <trkpt lon="11.502391" lat="43.222240"><ele>191.5</ele></trkpt>
   <trkpt lon="11.501697" lat="43.222277"><ele>190.5</ele></trkpt>
   <trkpt lon="11.501409" lat="43.222305"><ele>189.75</ele></trkpt>
   <trkpt lon="11.500683" lat="43.222640"><ele>189.0</ele></trkpt>
   <trkpt lon="11.500310" lat="43.222738"><ele>187.5</ele></trkpt>
   <trkpt lon="11.499861" lat="43.222782"><ele>188.5</ele></trkpt>
   <trkpt lon="11.499495" lat="43.222733"><ele>189.0</ele></trkpt>
   <trkpt lon="11.498972" lat="43.222694"><ele>189.5</ele></trkpt>
   <trkpt lon="11.497979" lat="43.222583"><ele>190.0</ele></trkpt>
   <trkpt lon="11.497324" lat="43.222466"><ele>188.5</ele></trkpt>
   <trkpt lon="11.496887" lat="43.222367"><ele>188.0</ele></trkpt>
   <trkpt lon="11.496556" lat="43.222336"><ele>188.0</ele></trkpt>
   <trkpt lon="11.494841" lat="43.222443"><ele>182.75</ele></trkpt>
   <trkpt lon="11.494417" lat="43.222487"><ele>177.75</ele></trkpt>
   <trkpt lon="11.493631" lat="43.222648"><ele>178.25</ele></trkpt>
   <trkpt lon="11.493182" lat="43.222715"><ele>181.75</ele></trkpt>
   <trkpt lon="11.492915" lat="43.222658"><ele>182.75</ele></trkpt>
   <trkpt lon="11.491829" lat="43.222120"><ele>180.0</ele></trkpt>
   <trkpt lon="11.491562" lat="43.221954"><ele>178.0</ele></trkpt>
   <trkpt lon="11.491128" lat="43.221575"><ele>175.0</ele></trkpt>
   <trkpt lon="11.490740" lat="43.221256"><ele>177.75</ele></trkpt>
   <trkpt lon="11.490356" lat="43.221065"><ele>178.25</ele></trkpt>
   <trkpt lon="11.489917" lat="43.220884"><ele>178.25</ele></trkpt>
   <trkpt lon="11.489487" lat="43.220766"><ele>179.0</ele></trkpt>
   <trkpt lon="11.489092" lat="43.220720"><ele>179.25</ele></trkpt>
   <trkpt lon="11.488637" lat="43.220746"><ele>178.75</ele></trkpt>
   <trkpt lon="11.487758" lat="43.220831"><ele>176.75</ele></trkpt>
   <trkpt lon="11.487231" lat="43.220870"><ele>177.5</ele></trkpt>
   <trkpt lon="11.486808" lat="43.220862"><ele>178.5</ele></trkpt>
   <trkpt lon="11.486157" lat="43.220823"><ele>177.75</ele></trkpt>
   <trkpt lon="11.485687" lat="43.220748"><ele>178.5</ele></trkpt>
   <trkpt lon="11.485128" lat="43.220626"><ele>179.0</ele></trkpt>
   <trkpt lon="11.484790" lat="43.220595"><ele>177.5</ele></trkpt>
   <trkpt lon="11.484449" lat="43.220616"><ele>177.5</ele></trkpt>
   <trkpt lon="11.483719" lat="43.220774"><ele>177.75</ele></trkpt>
   <trkpt lon="11.483064" lat="43.220953"><ele>175.25</ele></trkpt>
   <trkpt lon="11.482566" lat="43.221065"><ele>169.5</ele></trkpt>
   <trkpt lon="11.482210" lat="43.221109"><ele>169.75</ele></trkpt>
   <trkpt lon="11.481922" lat="43.221116"><ele>170.0</ele></trkpt>
   <trkpt lon="11.481702" lat="43.221080"><ele>172.25</ele></trkpt>
   <trkpt lon="11.481566" lat="43.221002"><ele>173.75</ele></trkpt>
   <trkpt lon="11.481435" lat="43.220829"><ele>175.0</ele></trkpt>
   <trkpt lon="11.481310" lat="43.220696"><ele>175.5</ele></trkpt>
   <trkpt lon="11.481182" lat="43.220639"><ele>176.25</ele></trkpt>
   <trkpt lon="11.480773" lat="43.220611"><ele>177.75</ele></trkpt>
   <trkpt lon="11.479958" lat="43.220445"><ele>177.0</ele></trkpt>
   <trkpt lon="11.479357" lat="43.220367"><ele>176.25</ele></trkpt>
   <trkpt lon="11.478698" lat="43.220320"><ele>173.0</ele></trkpt>
   <trkpt lon="11.478328" lat="43.220250"><ele>171.5</ele></trkpt>
   <trkpt lon="11.477524" lat="43.220058"><ele>172.25</ele></trkpt>
   <trkpt lon="11.476460" lat="43.219765"><ele>169.0</ele></trkpt>
   <trkpt lon="11.475962" lat="43.219612"><ele>170.25</ele></trkpt>
   <trkpt lon="11.475250" lat="43.219231"><ele>170.25</ele></trkpt>
   <trkpt lon="11.474271" lat="43.218771"><ele>170.5</ele></trkpt>
   <trkpt lon="11.473770" lat="43.218560"><ele>170.0</ele></trkpt>
   <trkpt lon="11.473423" lat="43.218397"><ele>170.5</ele></trkpt>
   <trkpt lon="11.473131" lat="43.218274"><ele>171.0</ele></trkpt>
   <trkpt lon="11.472693" lat="43.218120"><ele>171.5</ele></trkpt>
   <trkpt lon="11.472328" lat="43.217970"><ele>170.75</ele></trkpt>
   <trkpt lon="11.472092" lat="43.217842"><ele>170.25</ele></trkpt>
   <trkpt lon="11.471976" lat="43.217742"><ele>169.5</ele></trkpt>
   <trkpt lon="11.471337" lat="43.217568"><ele>171.5</ele></trkpt>
   <trkpt lon="11.470977" lat="43.217504"><ele>172.5</ele></trkpt>
   <trkpt lon="11.470615" lat="43.217464"><ele>174.0</ele></trkpt>
   <trkpt lon="11.470332" lat="43.217482"><ele>174.5</ele></trkpt>
   <trkpt lon="11.470081" lat="43.217610"><ele>175.0</ele></trkpt>
   <trkpt lon="11.469776" lat="43.217964"><ele>175.75</ele></trkpt>
   <trkpt lon="11.469667" lat="43.218210"><ele>177.0</ele></trkpt>
   <trkpt lon="11.469333" lat="43.218551"><ele>175.75</ele></trkpt>
   <trkpt lon="11.469249" lat="43.218871"><ele>175.25</ele></trkpt>
   <trkpt lon="11.469320" lat="43.219313"><ele>177.0</ele></trkpt>
   <trkpt lon="11.469283" lat="43.219547"><ele>176.25</ele></trkpt>
   <trkpt lon="11.469145" lat="43.219794"><ele>173.5</ele></trkpt>
   <trkpt lon="11.469140" lat="43.220284"><ele>171.25</ele></trkpt>
   <trkpt lon="11.469262" lat="43.220586"><ele>167.25</ele></trkpt>
   <trkpt lon="11.469400" lat="43.220777"><ele>166.25</ele></trkpt>
   <trkpt lon="11.469604" lat="43.220969"><ele>165.75</ele></trkpt>
   <trkpt lon="11.469980" lat="43.221143"><ele>165.75</ele></trkpt>
   <trkpt lon="11.470637" lat="43.221365"><ele>166.0</ele></trkpt>
   <trkpt lon="11.471138" lat="43.221560"><ele>166.25</ele></trkpt>
   <trkpt lon="11.471326" lat="43.221645"><ele>166.0</ele></trkpt>
   <trkpt lon="11.471159" lat="43.221919"><ele>165.75</ele></trkpt>
   <trkpt lon="11.470950" lat="43.222321"><ele>169.0</ele></trkpt>
   <trkpt lon="11.470841" lat="43.222486"><ele>169.75</ele></trkpt>
   <trkpt lon="11.470524" lat="43.222611"><ele>175.0</ele></trkpt>
   <trkpt lon="11.470077" lat="43.222769"><ele>177.75</ele></trkpt>
   <trkpt lon="11.469709" lat="43.222772"><ele>178.0</ele></trkpt>
   <trkpt lon="11.469019" lat="43.222723"><ele>179.0</ele></trkpt>
   <trkpt lon="11.468225" lat="43.222766"><ele>178.25</ele></trkpt>
   <trkpt lon="11.467586" lat="43.222800"><ele>176.0</ele></trkpt>
   <trkpt lon="11.467306" lat="43.222851"><ele>175.0</ele></trkpt>
   <trkpt lon="11.466867" lat="43.223001"><ele>173.75</ele></trkpt>
   <trkpt lon="11.466587" lat="43.223180"><ele>173.0</ele></trkpt>
   <trkpt lon="11.466211" lat="43.223543"><ele>172.75</ele></trkpt>
   <trkpt lon="11.465580" lat="43.224216"><ele>171.5</ele></trkpt>
   <trkpt lon="11.465250" lat="43.224575"><ele>172.5</ele></trkpt>
   <trkpt lon="11.465124" lat="43.224755"><ele>172.5</ele></trkpt>
   <trkpt lon="11.464895" lat="43.225015"><ele>171.25</ele></trkpt>
   <trkpt lon="11.464849" lat="43.224996"><ele>170.25</ele></trkpt>
   <trkpt lon="11.464792" lat="43.224983"><ele>169.0</ele></trkpt>
   <trkpt lon="11.464708" lat="43.224985"><ele>167.75</ele></trkpt>
   <trkpt lon="11.464622" lat="43.224998"><ele>166.75</ele></trkpt>
   <trkpt lon="11.464527" lat="43.225029"><ele>165.75</ele></trkpt>
   <trkpt lon="11.464141" lat="43.225150"><ele>164.5</ele></trkpt>
   <trkpt lon="11.462851" lat="43.225560"><ele>170.0</ele></trkpt>
   <trkpt lon="11.462597" lat="43.225645"><ele>171.0</ele></trkpt>
   <trkpt lon="11.462514" lat="43.225693"><ele>171.75</ele></trkpt>
   <trkpt lon="11.462452" lat="43.225749"><ele>172.75</ele></trkpt>
   <trkpt lon="11.462404" lat="43.225806"><ele>173.75</ele></trkpt>
   <trkpt lon="11.462357" lat="43.225916"><ele>175.25</ele></trkpt>
   <trkpt lon="11.462390" lat="43.226391"><ele>178.25</ele></trkpt>
   <trkpt lon="11.462393" lat="43.226530"><ele>178.0</ele></trkpt>
   <trkpt lon="11.462375" lat="43.226638"><ele>178.25</ele></trkpt>
   <trkpt lon="11.462285" lat="43.226923"><ele>181.0</ele></trkpt>
   <trkpt lon="11.462221" lat="43.227060"><ele>181.0</ele></trkpt>
   <trkpt lon="11.462146" lat="43.227181"><ele>182.25</ele></trkpt>
   <trkpt lon="11.462060" lat="43.227304"><ele>183.0</ele></trkpt>
   <trkpt lon="11.461963" lat="43.227419"><ele>184.25</ele></trkpt>
   <trkpt lon="11.461846" lat="43.227534"><ele>185.0</ele></trkpt>
   <trkpt lon="11.461770" lat="43.227593"><ele>184.75</ele></trkpt>
   <trkpt lon="11.461685" lat="43.227644"><ele>184.5</ele></trkpt>
   <trkpt lon="11.461604" lat="43.227679"><ele>184.25</ele></trkpt>
   <trkpt lon="11.461523" lat="43.227703"><ele>184.25</ele></trkpt>
   <trkpt lon="11.461396" lat="43.227729"><ele>184.75</ele></trkpt>
   <trkpt lon="11.460999" lat="43.227790"><ele>188.0</ele></trkpt>
   <trkpt lon="11.460875" lat="43.227823"><ele>189.0</ele></trkpt>
   <trkpt lon="11.460793" lat="43.227856"><ele>189.75</ele></trkpt>
   <trkpt lon="11.460716" lat="43.227898"><ele>191.0</ele></trkpt>
   <trkpt lon="11.460649" lat="43.227955"><ele>191.5</ele></trkpt>
   <trkpt lon="11.460598" lat="43.228009"><ele>191.75</ele></trkpt>
   <trkpt lon="11.460552" lat="43.228088"><ele>192.0</ele></trkpt>
   <trkpt lon="11.460343" lat="43.228656"><ele>195.75</ele></trkpt>
   <trkpt lon="11.460260" lat="43.228813"><ele>196.0</ele></trkpt>
   <trkpt lon="11.460151" lat="43.228952"><ele>196.25</ele></trkpt>
   <trkpt lon="11.460066" lat="43.229016"><ele>196.5</ele></trkpt>
   <trkpt lon="11.459958" lat="43.229079"><ele>196.5</ele></trkpt>
   <trkpt lon="11.459832" lat="43.229129"><ele>196.75</ele></trkpt>
   <trkpt lon="11.459547" lat="43.229193"><ele>199.25</ele></trkpt>
   <trkpt lon="11.459368" lat="43.229243"><ele>200.5</ele></trkpt>
   <trkpt lon="11.459231" lat="43.229297"><ele>200.75</ele></trkpt>
   <trkpt lon="11.459061" lat="43.229381"><ele>201.5</ele></trkpt>
   <trkpt lon="11.458915" lat="43.229469"><ele>202.75</ele></trkpt>
   <trkpt lon="11.458765" lat="43.229570"><ele>203.5</ele></trkpt>
   <trkpt lon="11.458440" lat="43.229813"><ele>205.0</ele></trkpt>
   <trkpt lon="11.458346" lat="43.229861"><ele>205.25</ele></trkpt>
   <trkpt lon="11.458262" lat="43.229888"><ele>204.5</ele></trkpt>
   <trkpt lon="11.458177" lat="43.229900"><ele>204.25</ele></trkpt>
   <trkpt lon="11.458089" lat="43.229896"><ele>204.5</ele></trkpt>
   <trkpt lon="11.457987" lat="43.229876"><ele>205.0</ele></trkpt>
   <trkpt lon="11.457880" lat="43.229830"><ele>206.75</ele></trkpt>
   <trkpt lon="11.457499" lat="43.229577"><ele>211.0</ele></trkpt>
   <trkpt lon="11.457332" lat="43.229498"><ele>211.75</ele></trkpt>
   <trkpt lon="11.457170" lat="43.229436"><ele>212.75</ele></trkpt>
   <trkpt lon="11.457011" lat="43.229397"><ele>212.75</ele></trkpt>
   <trkpt lon="11.456863" lat="43.229375"><ele>213.25</ele></trkpt>
   <trkpt lon="11.456678" lat="43.229370"><ele>214.0</ele></trkpt>
   <trkpt lon="11.456519" lat="43.229388"><ele>214.75</ele></trkpt>
   <trkpt lon="11.456212" lat="43.229431"><ele>215.75</ele></trkpt>
   <trkpt lon="11.454842" lat="43.229587"><ele>206.25</ele></trkpt>
   <trkpt lon="11.453292" lat="43.229753"><ele>201.75</ele></trkpt>
   <trkpt lon="11.453099" lat="43.229767"><ele>200.75</ele></trkpt>
   <trkpt lon="11.452914" lat="43.229773"><ele>199.75</ele></trkpt>
   <trkpt lon="11.452553" lat="43.229759"><ele>197.25</ele></trkpt>
   <trkpt lon="11.452076" lat="43.229712"><ele>194.75</ele></trkpt>
   <trkpt lon="11.451866" lat="43.229684"><ele>194.75</ele></trkpt>
   <trkpt lon="11.450376" lat="43.229453"><ele>187.0</ele></trkpt>
   <trkpt lon="11.450118" lat="43.229394"><ele>186.5</ele></trkpt>
   <trkpt lon="11.449893" lat="43.229329"><ele>186.0</ele></trkpt>
   <trkpt lon="11.449439" lat="43.229180"><ele>184.25</ele></trkpt>
   <trkpt lon="11.449221" lat="43.229097"><ele>183.25</ele></trkpt>
   <trkpt lon="11.449019" lat="43.229003"><ele>183.25</ele></trkpt>
   <trkpt lon="11.448658" lat="43.228804"><ele>179.25</ele></trkpt>
   <trkpt lon="11.446723" lat="43.227707"><ele>169.25</ele></trkpt>
   <trkpt lon="11.446461" lat="43.227548"><ele>168.25</ele></trkpt>
   <trkpt lon="11.446388" lat="43.227482"><ele>167.75</ele></trkpt>
   <trkpt lon="11.446334" lat="43.227412"><ele>167.5</ele></trkpt>
   <trkpt lon="11.446279" lat="43.227320"><ele>167.0</ele></trkpt>
   <trkpt lon="11.446228" lat="43.227187"><ele>166.0</ele></trkpt>
   <trkpt lon="11.446176" lat="43.226920"><ele>164.25</ele></trkpt>
   <trkpt lon="11.445904" lat="43.225107"><ele>170.5</ele></trkpt>
   <trkpt lon="11.445827" lat="43.224673"><ele>170.0</ele></trkpt>
   <trkpt lon="11.445672" lat="43.224084"><ele>169.75</ele></trkpt>
   <trkpt lon="11.445509" lat="43.223555"><ele>169.0</ele></trkpt>
   <trkpt lon="11.445123" lat="43.222599"><ele>168.0</ele></trkpt>
   <trkpt lon="11.444964" lat="43.222242"><ele>166.75</ele></trkpt>
   <trkpt lon="11.444890" lat="43.222139"><ele>166.5</ele></trkpt>
   <trkpt lon="11.444852" lat="43.222094"><ele>166.25</ele></trkpt>
   <trkpt lon="11.444751" lat="43.222019"><ele>166.0</ele></trkpt>
   <trkpt lon="11.444650" lat="43.221968"><ele>165.5</ele></trkpt>
   <trkpt lon="11.444546" lat="43.221934"><ele>164.5</ele></trkpt>
   <trkpt lon="11.444498" lat="43.221924"><ele>164.25</ele></trkpt>
   <trkpt lon="11.444540" lat="43.221820"><ele>164.5</ele></trkpt>
   <trkpt lon="11.444545" lat="43.221720"><ele>164.25</ele></trkpt>
   <trkpt lon="11.444369" lat="43.220619"><ele>162.5</ele></trkpt>
   <trkpt lon="11.444368" lat="43.220451"><ele>162.25</ele></trkpt>
   <trkpt lon="11.444376" lat="43.220325"><ele>162.0</ele></trkpt>
   <trkpt lon="11.444397" lat="43.220250"><ele>161.75</ele></trkpt>
   <trkpt lon="11.444813" lat="43.219294"><ele>167.5</ele></trkpt>
   <trkpt lon="11.444977" lat="43.219034"><ele>168.25</ele></trkpt>
   <trkpt lon="11.445385" lat="43.218498"><ele>168.0</ele></trkpt>
   <trkpt lon="11.445508" lat="43.218374"><ele>168.0</ele></trkpt>
   <trkpt lon="11.445597" lat="43.218299"><ele>168.0</ele></trkpt>
   <trkpt lon="11.446209" lat="43.217858"><ele>170.0</ele></trkpt>
   <trkpt lon="11.446625" lat="43.217568"><ele>169.75</ele></trkpt>
   <trkpt lon="11.447075" lat="43.217269"><ele>169.75</ele></trkpt>
   <trkpt lon="11.447527" lat="43.216993"><ele>168.0</ele></trkpt>
   <trkpt lon="11.448605" lat="43.216358"><ele>169.75</ele></trkpt>
   <trkpt lon="11.448658" lat="43.216315"><ele>170.25</ele></trkpt>
   <trkpt lon="11.448701" lat="43.216245"><ele>170.75</ele></trkpt>
   <trkpt lon="11.448711" lat="43.216114"><ele>170.25</ele></trkpt>
   <trkpt lon="11.448724" lat="43.215996"><ele>169.75</ele></trkpt>
   <trkpt lon="11.448785" lat="43.215780"><ele>169.0</ele></trkpt>
   <trkpt lon="11.449112" lat="43.215189"><ele>168.25</ele></trkpt>
   <trkpt lon="11.449452" lat="43.214387"><ele>166.75</ele></trkpt>
   <trkpt lon="11.449490" lat="43.214257"><ele>166.75</ele></trkpt>
   <trkpt lon="11.449533" lat="43.213897"><ele>166.75</ele></trkpt>
   <trkpt lon="11.449525" lat="43.213533"><ele>166.0</ele></trkpt>
   <trkpt lon="11.449469" lat="43.213061"><ele>166.25</ele></trkpt>
   <trkpt lon="11.449432" lat="43.212649"><ele>164.75</ele></trkpt>
   <trkpt lon="11.449378" lat="43.211704"><ele>165.25</ele></trkpt>
   <trkpt lon="11.449378" lat="43.211560"><ele>164.75</ele></trkpt>
   <trkpt lon="11.449401" lat="43.211393"><ele>164.5</ele></trkpt>
   <trkpt lon="11.449440" lat="43.211249"><ele>162.75</ele></trkpt>
   <trkpt lon="11.449516" lat="43.211063"><ele>161.75</ele></trkpt>
   <trkpt lon="11.449626" lat="43.210885"><ele>161.75</ele></trkpt>
   <trkpt lon="11.449737" lat="43.210749"><ele>161.75</ele></trkpt>
   <trkpt lon="11.449817" lat="43.210663"><ele>162.75</ele></trkpt>
   <trkpt lon="11.450141" lat="43.210361"><ele>164.0</ele></trkpt>
   <trkpt lon="11.450723" lat="43.209867"><ele>162.5</ele></trkpt>
   <trkpt lon="11.451283" lat="43.209360"><ele>160.5</ele></trkpt>
   <trkpt lon="11.451979" lat="43.208685"><ele>160.0</ele></trkpt>
   <trkpt lon="11.452545" lat="43.208203"><ele>158.5</ele></trkpt>
   <trkpt lon="11.452688" lat="43.208060"><ele>158.0</ele></trkpt>
   <trkpt lon="11.452847" lat="43.207887"><ele>156.5</ele></trkpt>
   <trkpt lon="11.453039" lat="43.207647"><ele>155.75</ele></trkpt>
   <trkpt lon="11.453097" lat="43.207556"><ele>156.0</ele></trkpt>
   <trkpt lon="11.453197" lat="43.207397"><ele>156.25</ele></trkpt>
   <trkpt lon="11.453604" lat="43.206488"><ele>158.25</ele></trkpt>
   <trkpt lon="11.454254" lat="43.204798"><ele>157.25</ele></trkpt>
   <trkpt lon="11.454490" lat="43.204140"><ele>157.0</ele></trkpt>
   <trkpt lon="11.454680" lat="43.203650"><ele>156.0</ele></trkpt>
   <trkpt lon="11.455049" lat="43.202775"><ele>156.0</ele></trkpt>
   <trkpt lon="11.455380" lat="43.201991"><ele>160.5</ele></trkpt>
   <trkpt lon="11.455387" lat="43.201911"><ele>161.25</ele></trkpt>
   <trkpt lon="11.455378" lat="43.201846"><ele>162.0</ele></trkpt>
   <trkpt lon="11.455296" lat="43.201607"><ele>163.75</ele></trkpt>
   <trkpt lon="11.455169" lat="43.201119"><ele>162.0</ele></trkpt>
   <trkpt lon="11.455147" lat="43.200963"><ele>161.5</ele></trkpt>
   <trkpt lon="11.455024" lat="43.200967"><ele>161.5</ele></trkpt>
   <trkpt lon="11.454790" lat="43.200950"><ele>160.5</ele></trkpt>
   <trkpt lon="11.454386" lat="43.200955"><ele>159.0</ele></trkpt>
   <trkpt lon="11.454306" lat="43.200949"><ele>158.25</ele></trkpt>
   <trkpt lon="11.454027" lat="43.200895"><ele>156.25</ele></trkpt>
   <trkpt lon="11.453912" lat="43.200886"><ele>155.75</ele></trkpt>
   <trkpt lon="11.453780" lat="43.200878"><ele>155.25</ele></trkpt>
   <trkpt lon="11.453208" lat="43.200876"><ele>151.0</ele></trkpt>
   <trkpt lon="11.453105" lat="43.200870"><ele>150.25</ele></trkpt>
   <trkpt lon="11.452952" lat="43.200846"><ele>150.0</ele></trkpt>
   <trkpt lon="11.452658" lat="43.200727"></trkpt>
   <trkpt lon="11.452427" lat="43.200651"><ele>149.5</ele></trkpt>
   <trkpt lon="11.451721" lat="43.200508"><ele>153.0</ele></trkpt>
   <trkpt lon="11.450503" lat="43.200230"><ele>155.0</ele></trkpt>
   <trkpt lon="11.443567" lat="43.198554"><ele>158.0</ele></trkpt>
   <trkpt lon="11.443451" lat="43.198528"><ele>158.0</ele></trkpt>
   <trkpt lon="11.443340" lat="43.198501"><ele>158.0</ele></trkpt>
   <trkpt lon="11.443419" lat="43.198319"><ele>158.0</ele></trkpt>
   <trkpt lon="11.444105" lat="43.196942"><ele>160.0</ele></trkpt>
   <trkpt lon="11.444294" lat="43.196617"><ele>160.0</ele></trkpt>
   <trkpt lon="11.444377" lat="43.196501"><ele>160.25</ele></trkpt>
   <trkpt lon="11.444461" lat="43.196407"><ele>159.75</ele></trkpt>
   <trkpt lon="11.444497" lat="43.196283"><ele>160.0</ele></trkpt>
   <trkpt lon="11.444539" lat="43.196175"><ele>160.25</ele></trkpt>
   <trkpt lon="11.444594" lat="43.196063"><ele>161.0</ele></trkpt>
   <trkpt lon="11.444945" lat="43.195482"><ele>166.25</ele></trkpt>
   <trkpt lon="11.445226" lat="43.195065"><ele>172.0</ele></trkpt>
   <trkpt lon="11.445899" lat="43.194181"><ele>186.25</ele></trkpt>
   <trkpt lon="11.446100" lat="43.193887"><ele>190.0</ele></trkpt>
   <trkpt lon="11.446206" lat="43.193660"><ele>195.5</ele></trkpt>
   <trkpt lon="11.446285" lat="43.193460"><ele>198.25</ele></trkpt>
   <trkpt lon="11.446369" lat="43.193205"><ele>200.0</ele></trkpt>
   <trkpt lon="11.446470" lat="43.193004"><ele>199.75</ele></trkpt>
   <trkpt lon="11.446522" lat="43.192929"><ele>199.75</ele></trkpt>
   <trkpt lon="11.446431" lat="43.192955"><ele>199.5</ele></trkpt>
   <trkpt lon="11.446316" lat="43.193062"><ele>199.75</ele></trkpt>
   <trkpt lon="11.446203" lat="43.193144"><ele>200.0</ele></trkpt>
   <trkpt lon="11.446108" lat="43.193190"><ele>199.75</ele></trkpt>
   <trkpt lon="11.445529" lat="43.193337"><ele>200.0</ele></trkpt>
   <trkpt lon="11.445224" lat="43.193447"><ele>200.75</ele></trkpt>
   <trkpt lon="11.445029" lat="43.193560"><ele>200.25</ele></trkpt>
   <trkpt lon="11.444559" lat="43.193861"><ele>200.5</ele></trkpt>
   <trkpt lon="11.444192" lat="43.194085"><ele>200.0</ele></trkpt>
   <trkpt lon="11.443966" lat="43.194191"><ele>199.75</ele></trkpt>
   <trkpt lon="11.443721" lat="43.194288"><ele>199.75</ele></trkpt>
   <trkpt lon="11.443477" lat="43.194361"><ele>199.5</ele></trkpt>
   <trkpt lon="11.443297" lat="43.194397"><ele>199.5</ele></trkpt>
   <trkpt lon="11.443145" lat="43.194406"><ele>199.5</ele></trkpt>
   <trkpt lon="11.442991" lat="43.194400"><ele>199.5</ele></trkpt>
   <trkpt lon="11.442591" lat="43.194367"><ele>201.5</ele></trkpt>
   <trkpt lon="11.442469" lat="43.194380"><ele>202.75</ele></trkpt>
   <trkpt lon="11.442339" lat="43.194409"><ele>204.25</ele></trkpt>
   <trkpt lon="11.442154" lat="43.194490"><ele>205.75</ele></trkpt>
   <trkpt lon="11.442005" lat="43.194583"><ele>206.25</ele></trkpt>
   <trkpt lon="11.441841" lat="43.194730"><ele>205.75</ele></trkpt>
   <trkpt lon="11.440954" lat="43.195696"><ele>201.0</ele></trkpt>
   <trkpt lon="11.440682" lat="43.196012"><ele>201.75</ele></trkpt>
   <trkpt lon="11.440214" lat="43.196494"><ele>198.5</ele></trkpt>
   <trkpt lon="11.440024" lat="43.196617"><ele>197.25</ele></trkpt>
   <trkpt lon="11.439729" lat="43.196785"><ele>197.0</ele></trkpt>
   <trkpt lon="11.439411" lat="43.196969"><ele>198.75</ele></trkpt>
   <trkpt lon="11.439322" lat="43.197038"><ele>198.75</ele></trkpt>
   <trkpt lon="11.439055" lat="43.197286"><ele>201.0</ele></trkpt>
   <trkpt lon="11.438972" lat="43.197327"><ele>202.25</ele></trkpt>
   <trkpt lon="11.438927" lat="43.197337"><ele>202.5</ele></trkpt>
   <trkpt lon="11.438831" lat="43.197343"><ele>203.5</ele></trkpt>
   <trkpt lon="11.438595" lat="43.197319"><ele>204.75</ele></trkpt>
   <trkpt lon="11.438409" lat="43.197310"><ele>205.75</ele></trkpt>
   <trkpt lon="11.438252" lat="43.197314"><ele>206.0</ele></trkpt>
   <trkpt lon="11.438101" lat="43.197345"><ele>206.25</ele></trkpt>
   <trkpt lon="11.437982" lat="43.197392"><ele>207.25</ele></trkpt>
   <trkpt lon="11.437903" lat="43.197439"><ele>208.5</ele></trkpt>
   <trkpt lon="11.437837" lat="43.197503"><ele>210.0</ele></trkpt>
   <trkpt lon="11.437793" lat="43.197577"><ele>210.5</ele></trkpt>
   <trkpt lon="11.437719" lat="43.197950"><ele>212.5</ele></trkpt>
   <trkpt lon="11.437671" lat="43.198322"><ele>213.0</ele></trkpt>
   <trkpt lon="11.437675" lat="43.198585"><ele>210.75</ele></trkpt>
   <trkpt lon="11.437635" lat="43.198733"><ele>210.25</ele></trkpt>
   <trkpt lon="11.437489" lat="43.198896"><ele>210.0</ele></trkpt>
   <trkpt lon="11.437130" lat="43.199130"><ele>208.75</ele></trkpt>
   <trkpt lon="11.436976" lat="43.199258"><ele>207.5</ele></trkpt>
   <trkpt lon="11.436728" lat="43.199518"><ele>206.0</ele></trkpt>
   <trkpt lon="11.436592" lat="43.199664"><ele>206.25</ele></trkpt>
   <trkpt lon="11.436383" lat="43.199951"><ele>206.25</ele></trkpt>
   <trkpt lon="11.436211" lat="43.200217"><ele>205.25</ele></trkpt>
   <trkpt lon="11.436153" lat="43.200320"><ele>205.0</ele></trkpt>
   <trkpt lon="11.436071" lat="43.200540"><ele>204.5</ele></trkpt>
   <trkpt lon="11.435971" lat="43.200757"><ele>206.75</ele></trkpt>
   <trkpt lon="11.435963" lat="43.200797"><ele>207.25</ele></trkpt>
   <trkpt lon="11.435926" lat="43.200829"><ele>207.5</ele></trkpt>
   <trkpt lon="11.435886" lat="43.200896"><ele>206.5</ele></trkpt>
   <trkpt lon="11.435651" lat="43.201139"><ele>202.75</ele></trkpt>
   <trkpt lon="11.435502" lat="43.201268"><ele>201.75</ele></trkpt>
   <trkpt lon="11.435027" lat="43.201631"><ele>199.75</ele></trkpt>
   <trkpt lon="11.434896" lat="43.201760"><ele>200.0</ele></trkpt>
   <trkpt lon="11.434557" lat="43.202068"><ele>200.75</ele></trkpt>
   <trkpt lon="11.434491" lat="43.202145"><ele>200.75</ele></trkpt>
   <trkpt lon="11.434441" lat="43.202226"><ele>200.75</ele></trkpt>
   <trkpt lon="11.434208" lat="43.203001"><ele>196.0</ele></trkpt>
   <trkpt lon="11.434108" lat="43.203227"><ele>194.75</ele></trkpt>
   <trkpt lon="11.434030" lat="43.203359"><ele>194.25</ele></trkpt>
   <trkpt lon="11.433932" lat="43.203507"><ele>194.0</ele></trkpt>
   <trkpt lon="11.433724" lat="43.203726"><ele>193.25</ele></trkpt>
   <trkpt lon="11.433494" lat="43.203939"><ele>192.5</ele></trkpt>
   <trkpt lon="11.433339" lat="43.204071"><ele>192.25</ele></trkpt>
   <trkpt lon="11.433263" lat="43.204101"><ele>191.5</ele></trkpt>
   <trkpt lon="11.433208" lat="43.204104"><ele>191.0</ele></trkpt>
   <trkpt lon="11.432929" lat="43.204072"><ele>188.75</ele></trkpt>
   <trkpt lon="11.432535" lat="43.204061"><ele>184.75</ele></trkpt>
   <trkpt lon="11.432281" lat="43.204006"><ele>184.0</ele></trkpt>
   <trkpt lon="11.432057" lat="43.203938"><ele>182.25</ele></trkpt>
   <trkpt lon="11.431650" lat="43.203859"><ele>180.25</ele></trkpt>
   <trkpt lon="11.431535" lat="43.203854"><ele>179.75</ele></trkpt>
   <trkpt lon="11.431514" lat="43.203891"><ele>180.5</ele></trkpt>
   <trkpt lon="11.431493" lat="43.203929"><ele>181.25</ele></trkpt>
   <trkpt lon="11.432898" lat="43.204336"><ele>185.75</ele></trkpt>
   <trkpt lon="11.432913" lat="43.204353"><ele>185.5</ele></trkpt>
   <trkpt lon="11.432907" lat="43.204370"><ele>185.25</ele></trkpt>
   <trkpt lon="11.432858" lat="43.204397"><ele>184.75</ele></trkpt>
   <trkpt lon="11.432371" lat="43.204484"><ele>188.5</ele></trkpt>
   <trkpt lon="11.432313" lat="43.204509"><ele>188.5</ele></trkpt>
   <trkpt lon="11.432286" lat="43.204530"><ele>188.5</ele></trkpt>
   <trkpt lon="11.432156" lat="43.204526"><ele>189.25</ele></trkpt>
   <trkpt lon="11.431947" lat="43.204548"><ele>189.75</ele></trkpt>
   <trkpt lon="11.431036" lat="43.204712"><ele>193.25</ele></trkpt>
   <trkpt lon="11.430637" lat="43.204807"><ele>195.25</ele></trkpt>
   <trkpt lon="11.429776" lat="43.205025"><ele>199.75</ele></trkpt>
   <trkpt lon="11.429615" lat="43.205067"><ele>200.0</ele></trkpt>
   <trkpt lon="11.429284" lat="43.205153"><ele>200.25</ele></trkpt>
   <trkpt lon="11.429018" lat="43.205216"><ele>200.75</ele></trkpt>
   <trkpt lon="11.428776" lat="43.205247"><ele>201.0</ele></trkpt>
   <trkpt lon="11.428691" lat="43.205274"><ele>200.75</ele></trkpt>
   <trkpt lon="11.428602" lat="43.205218"><ele>200.5</ele></trkpt>
   <trkpt lon="11.428512" lat="43.205157"><ele>199.25</ele></trkpt>
   <trkpt lon="11.428350" lat="43.205024"><ele>197.25</ele></trkpt>
   <trkpt lon="11.428266" lat="43.204904"><ele>195.5</ele></trkpt>
   <trkpt lon="11.428102" lat="43.204451"><ele>189.25</ele></trkpt>
   <trkpt lon="11.428075" lat="43.204424"><ele>188.25</ele></trkpt>
   <trkpt lon="11.428039" lat="43.204402"><ele>187.25</ele></trkpt>
   <trkpt lon="11.427943" lat="43.204376"><ele>185.75</ele></trkpt>
   <trkpt lon="11.427271" lat="43.204757"><ele>181.25</ele></trkpt>
   <trkpt lon="11.427117" lat="43.204825"><ele>181.0</ele></trkpt>
   <trkpt lon="11.426936" lat="43.204867"><ele>180.0</ele></trkpt>
   <trkpt lon="11.426743" lat="43.204900"><ele>179.0</ele></trkpt>
   <trkpt lon="11.426092" lat="43.204942"><ele>177.25</ele></trkpt>
   <trkpt lon="11.425738" lat="43.204978"><ele>176.75</ele></trkpt>
   <trkpt lon="11.425541" lat="43.205038"><ele>176.5</ele></trkpt>
   <trkpt lon="11.425321" lat="43.205139"><ele>175.75</ele></trkpt>
   <trkpt lon="11.424855" lat="43.205445"><ele>175.5</ele></trkpt>
   <trkpt lon="11.424716" lat="43.205520"><ele>174.5</ele></trkpt>
   <trkpt lon="11.424600" lat="43.205562"><ele>174.0</ele></trkpt>
   <trkpt lon="11.424474" lat="43.205593"><ele>173.5</ele></trkpt>
   <trkpt lon="11.424094" lat="43.205667"><ele>174.0</ele></trkpt>
   <trkpt lon="11.422743" lat="43.205854"><ele>172.0</ele></trkpt>
   <trkpt lon="11.421377" lat="43.206046"><ele>172.75</ele></trkpt>
   <trkpt lon="11.421017" lat="43.206106"><ele>174.75</ele></trkpt>
   <trkpt lon="11.420272" lat="43.206261"><ele>175.0</ele></trkpt>
   <trkpt lon="11.419629" lat="43.206402"><ele>173.75</ele></trkpt>
   <trkpt lon="11.419543" lat="43.206416"><ele>173.5</ele></trkpt>
   <trkpt lon="11.419383" lat="43.206425"><ele>173.25</ele></trkpt>
   <trkpt lon="11.419306" lat="43.206418"><ele>172.75</ele></trkpt>
   <trkpt lon="11.419093" lat="43.206368"><ele>171.75</ele></trkpt>
   <trkpt lon="11.418152" lat="43.206080"><ele>167.0</ele></trkpt>
   <trkpt lon="11.417607" lat="43.205925"><ele>164.5</ele></trkpt>
   <trkpt lon="11.417328" lat="43.205854"><ele>163.75</ele></trkpt>
   <trkpt lon="11.417203" lat="43.205840"><ele>164.0</ele></trkpt>
   <trkpt lon="11.416600" lat="43.205801"><ele>167.25</ele></trkpt>
   <trkpt lon="11.416580" lat="43.205787"><ele>167.5</ele></trkpt>
   <trkpt lon="11.416540" lat="43.205774"><ele>167.75</ele></trkpt>
   <trkpt lon="11.416451" lat="43.205763"><ele>168.5</ele></trkpt>
   <trkpt lon="11.416405" lat="43.205719"><ele>168.75</ele></trkpt>
   <trkpt lon="11.416348" lat="43.205647"><ele>169.0</ele></trkpt>
   <trkpt lon="11.416298" lat="43.205561"><ele>169.25</ele></trkpt>
   <trkpt lon="11.416144" lat="43.205477"><ele>169.5</ele></trkpt>
   <trkpt lon="11.416067" lat="43.205444"><ele>169.5</ele></trkpt>
   <trkpt lon="11.415932" lat="43.205421"><ele>169.5</ele></trkpt>
   <trkpt lon="11.415847" lat="43.205434"><ele>169.5</ele></trkpt>
   <trkpt lon="11.415784" lat="43.205459"><ele>169.5</ele></trkpt>
   <trkpt lon="11.415729" lat="43.205489"><ele>169.75</ele></trkpt>
   <trkpt lon="11.415676" lat="43.205508"><ele>169.75</ele></trkpt>
   <trkpt lon="11.415324" lat="43.205560"><ele>170.0</ele></trkpt>
   <trkpt lon="11.415162" lat="43.205563"><ele>170.5</ele></trkpt>
   <trkpt lon="11.415083" lat="43.205524"><ele>170.5</ele></trkpt>
   <trkpt lon="11.414598" lat="43.205454"><ele>170.75</ele></trkpt>
   <trkpt lon="11.414293" lat="43.205363"><ele>170.25</ele></trkpt>
   <trkpt lon="11.413971" lat="43.205271"><ele>170.5</ele></trkpt>
   <trkpt lon="11.413349" lat="43.205183"><ele>171.75</ele></trkpt>
   <trkpt lon="11.413143" lat="43.205145"><ele>170.75</ele></trkpt>
   <trkpt lon="11.412772" lat="43.205053"><ele>169.75</ele></trkpt>
   <trkpt lon="11.412561" lat="43.204983"><ele>169.5</ele></trkpt>
   <trkpt lon="11.412390" lat="43.204936"><ele>170.0</ele></trkpt>
   <trkpt lon="11.411833" lat="43.204723"><ele>168.25</ele></trkpt>
   <trkpt lon="11.411716" lat="43.204699"><ele>168.5</ele></trkpt>
   <trkpt lon="11.411580" lat="43.204701"><ele>168.75</ele></trkpt>
   <trkpt lon="11.410365" lat="43.204969"><ele>169.5</ele></trkpt>
   <trkpt lon="11.410277" lat="43.205003"><ele>169.0</ele></trkpt>
   <trkpt lon="11.410236" lat="43.205033"><ele>169.0</ele></trkpt>
   <trkpt lon="11.410213" lat="43.205067"><ele>169.0</ele></trkpt>
   <trkpt lon="11.410181" lat="43.205144"><ele>169.5</ele></trkpt>
   <trkpt lon="11.410025" lat="43.205485"><ele>169.75</ele></trkpt>
   <trkpt lon="11.409727" lat="43.206049"><ele>171.5</ele></trkpt>
   <trkpt lon="11.409303" lat="43.206671"><ele>174.75</ele></trkpt>
   <trkpt lon="11.409178" lat="43.206802"><ele>174.0</ele></trkpt>
   <trkpt lon="11.409018" lat="43.206900"><ele>173.5</ele></trkpt>
   <trkpt lon="11.407749" lat="43.207417"><ele>171.75</ele></trkpt>
   <trkpt lon="11.407580" lat="43.207494"><ele>171.5</ele></trkpt>
   <trkpt lon="11.407318" lat="43.207632"><ele>172.5</ele></trkpt>
   <trkpt lon="11.407225" lat="43.207696"><ele>172.75</ele></trkpt>
   <trkpt lon="11.407082" lat="43.207837"><ele>173.25</ele></trkpt>
   <trkpt lon="11.406979" lat="43.207942"><ele>174.0</ele></trkpt>
   <trkpt lon="11.406923" lat="43.207983"><ele>174.25</ele></trkpt>
   <trkpt lon="11.406859" lat="43.207965"><ele>173.5</ele></trkpt>
   <trkpt lon="11.406668" lat="43.207668"><ele>169.5</ele></trkpt>
   <trkpt lon="11.405163" lat="43.205163"><ele>160.5</ele></trkpt>
   <trkpt lon="11.405042" lat="43.204957"><ele>159.75</ele></trkpt>
   <trkpt lon="11.405018" lat="43.204904"><ele>159.25</ele></trkpt>
   <trkpt lon="11.404997" lat="43.204822"><ele>158.5</ele></trkpt>
   <trkpt lon="11.404967" lat="43.204778"><ele>158.25</ele></trkpt>
   <trkpt lon="11.404920" lat="43.204755"><ele>157.75</ele></trkpt>
   <trkpt lon="11.404881" lat="43.204758"><ele>157.75</ele></trkpt>
   <trkpt lon="11.404816" lat="43.204769"><ele>157.5</ele></trkpt>
   <trkpt lon="11.404535" lat="43.204837"><ele>158.5</ele></trkpt>
   <trkpt lon="11.404356" lat="43.204884"><ele>158.5</ele></trkpt>
   <trkpt lon="11.404247" lat="43.204906"><ele>158.0</ele></trkpt>
   <trkpt lon="11.404135" lat="43.204918"><ele>158.0</ele></trkpt>
   <trkpt lon="11.403930" lat="43.204928"><ele>159.25</ele></trkpt>
   <trkpt lon="11.403733" lat="43.204979"><ele>160.0</ele></trkpt>
   <trkpt lon="11.403150" lat="43.205153"><ele>160.25</ele></trkpt>
   <trkpt lon="11.401607" lat="43.205776"><ele>160.0</ele></trkpt>
   <trkpt lon="11.401473" lat="43.205808"><ele>160.5</ele></trkpt>
   <trkpt lon="11.401363" lat="43.205820"><ele>161.0</ele></trkpt>
   <trkpt lon="11.401246" lat="43.205816"><ele>160.5</ele></trkpt>
   <trkpt lon="11.401116" lat="43.205791"><ele>160.25</ele></trkpt>
   <trkpt lon="11.400607" lat="43.205631"><ele>160.75</ele></trkpt>
   <trkpt lon="11.399996" lat="43.205465"><ele>161.75</ele></trkpt>
   <trkpt lon="11.398499" lat="43.205087"><ele>163.75</ele></trkpt>
   <trkpt lon="11.398361" lat="43.205048"><ele>163.75</ele></trkpt>
   <trkpt lon="11.398262" lat="43.205008"><ele>163.75</ele></trkpt>
   <trkpt lon="11.398194" lat="43.204970"><ele>163.75</ele></trkpt>
   <trkpt lon="11.398146" lat="43.204922"><ele>164.0</ele></trkpt>
   <trkpt lon="11.398098" lat="43.204846"><ele>164.5</ele></trkpt>
   <trkpt lon="11.398020" lat="43.204599"><ele>166.5</ele></trkpt>
   <trkpt lon="11.397817" lat="43.204122"><ele>168.0</ele></trkpt>
   <trkpt lon="11.397754" lat="43.203907"><ele>169.0</ele></trkpt>
   <trkpt lon="11.397702" lat="43.203713"><ele>171.0</ele></trkpt>
   <trkpt lon="11.397698" lat="43.203257"><ele>175.75</ele></trkpt>
   <trkpt lon="11.397725" lat="43.203007"><ele>177.75</ele></trkpt>
   <trkpt lon="11.397925" lat="43.202506"><ele>176.25</ele></trkpt>
   <trkpt lon="11.398115" lat="43.202139"><ele>177.5</ele></trkpt>
   <trkpt lon="11.398275" lat="43.201941"><ele>176.25</ele></trkpt>
   <trkpt lon="11.398333" lat="43.201887"><ele>176.0</ele></trkpt>
   <trkpt lon="11.398395" lat="43.201835"><ele>175.75</ele></trkpt>
   <trkpt lon="11.398743" lat="43.201597"><ele>174.0</ele></trkpt>
   <trkpt lon="11.398798" lat="43.201542"><ele>173.5</ele></trkpt>
   <trkpt lon="11.398877" lat="43.201404"><ele>173.0</ele></trkpt>
   <trkpt lon="11.398901" lat="43.201301"><ele>174.0</ele></trkpt>
   <trkpt lon="11.398910" lat="43.201197"><ele>175.5</ele></trkpt>
   <trkpt lon="11.398915" lat="43.200839"><ele>179.0</ele></trkpt>
   <trkpt lon="11.398889" lat="43.200723"><ele>181.75</ele></trkpt>
   <trkpt lon="11.398842" lat="43.200638"><ele>183.0</ele></trkpt>
   <trkpt lon="11.398771" lat="43.200579"><ele>183.25</ele></trkpt>
   <trkpt lon="11.398584" lat="43.200487"><ele>181.75</ele></trkpt>
   <trkpt lon="11.398492" lat="43.200426"><ele>181.5</ele></trkpt>
   <trkpt lon="11.398473" lat="43.200343"><ele>183.0</ele></trkpt>
   <trkpt lon="11.398500" lat="43.200289"><ele>184.5</ele></trkpt>
   <trkpt lon="11.398559" lat="43.200247"><ele>185.5</ele></trkpt>
   <trkpt lon="11.398656" lat="43.200226"><ele>186.5</ele></trkpt>
   <trkpt lon="11.398762" lat="43.200249"><ele>187.0</ele></trkpt>
   <trkpt lon="11.399047" lat="43.200407"><ele>188.25</ele></trkpt>
   <trkpt lon="11.399255" lat="43.200472"><ele>189.5</ele></trkpt>
   <trkpt lon="11.399487" lat="43.200526"><ele>190.75</ele></trkpt>
   <trkpt lon="11.400119" lat="43.200570"><ele>192.5</ele></trkpt>
   <trkpt lon="11.400932" lat="43.200665"><ele>196.25</ele></trkpt>
   <trkpt lon="11.401064" lat="43.200663"><ele>197.25</ele></trkpt>
   <trkpt lon="11.401163" lat="43.200637"><ele>198.0</ele></trkpt>
   <trkpt lon="11.401247" lat="43.200595"><ele>199.0</ele></trkpt>
   <trkpt lon="11.401334" lat="43.200533"><ele>200.5</ele></trkpt>
   <trkpt lon="11.401381" lat="43.200460"><ele>202.0</ele></trkpt>
   <trkpt lon="11.401488" lat="43.200185"><ele>205.25</ele></trkpt>
   <trkpt lon="11.401491" lat="43.199981"><ele>208.5</ele></trkpt>
   <trkpt lon="11.401379" lat="43.199601"><ele>214.0</ele></trkpt>
   <trkpt lon="11.401259" lat="43.199365"><ele>218.25</ele></trkpt>
   <trkpt lon="11.401175" lat="43.199141"><ele>219.5</ele></trkpt>
   <trkpt lon="11.401168" lat="43.199080"><ele>219.75</ele></trkpt>
   <trkpt lon="11.401181" lat="43.198939"><ele>220.0</ele></trkpt>
   <trkpt lon="11.401169" lat="43.198901"><ele>220.25</ele></trkpt>
   <trkpt lon="11.401139" lat="43.198863"><ele>220.5</ele></trkpt>
   <trkpt lon="11.401087" lat="43.198832"><ele>220.75</ele></trkpt>
   <trkpt lon="11.401030" lat="43.198811"><ele>221.0</ele></trkpt>
   <trkpt lon="11.400972" lat="43.198799"><ele>221.25</ele></trkpt>
   <trkpt lon="11.400836" lat="43.198800"><ele>222.0</ele></trkpt>
   <trkpt lon="11.400558" lat="43.198832"><ele>224.0</ele></trkpt>
   <trkpt lon="11.400080" lat="43.198922"><ele>225.5</ele></trkpt>
   <trkpt lon="11.399809" lat="43.199009"><ele>224.5</ele></trkpt>
   <trkpt lon="11.399728" lat="43.199027"><ele>224.0</ele></trkpt>
   <trkpt lon="11.399640" lat="43.199036"><ele>222.75</ele></trkpt>
   <trkpt lon="11.399553" lat="43.199034"><ele>221.5</ele></trkpt>
   <trkpt lon="11.399442" lat="43.199012"><ele>219.75</ele></trkpt>
   <trkpt lon="11.399347" lat="43.198981"><ele>219.25</ele></trkpt>
   <trkpt lon="11.399234" lat="43.198919"><ele>219.5</ele></trkpt>
   <trkpt lon="11.399127" lat="43.198842"><ele>219.0</ele></trkpt>
   <trkpt lon="11.399034" lat="43.198706"><ele>217.75</ele></trkpt>
   <trkpt lon="11.398988" lat="43.198553"><ele>218.25</ele></trkpt>
   <trkpt lon="11.398977" lat="43.198354"><ele>219.75</ele></trkpt>
   <trkpt lon="11.398934" lat="43.198292"><ele>220.5</ele></trkpt>
   <trkpt lon="11.398852" lat="43.198251"><ele>221.5</ele></trkpt>
   <trkpt lon="11.398752" lat="43.198244"><ele>222.0</ele></trkpt>
   <trkpt lon="11.398226" lat="43.198370"><ele>222.75</ele></trkpt>
   <trkpt lon="11.398049" lat="43.198364"><ele>223.5</ele></trkpt>
   <trkpt lon="11.397889" lat="43.198317"><ele>224.25</ele></trkpt>
   <trkpt lon="11.397816" lat="43.198271"><ele>225.0</ele></trkpt>
   <trkpt lon="11.397698" lat="43.198211"><ele>226.5</ele></trkpt>
   <trkpt lon="11.397521" lat="43.198147"><ele>228.0</ele></trkpt>
   <trkpt lon="11.397263" lat="43.198069"><ele>230.5</ele></trkpt>
   <trkpt lon="11.397093" lat="43.197988"><ele>232.0</ele></trkpt>
   <trkpt lon="11.396955" lat="43.197890"><ele>234.0</ele></trkpt>
   <trkpt lon="11.396871" lat="43.197784"><ele>236.5</ele></trkpt>
   <trkpt lon="11.396848" lat="43.197528"><ele>239.25</ele></trkpt>
   <trkpt lon="11.396893" lat="43.196656"><ele>242.75</ele></trkpt>
   <trkpt lon="11.396887" lat="43.195761"><ele>239.75</ele></trkpt>
   <trkpt lon="11.396929" lat="43.193451"><ele>243.75</ele></trkpt>
   <trkpt lon="11.396911" lat="43.193133"><ele>242.25</ele></trkpt>
   <trkpt lon="11.396876" lat="43.192964"><ele>241.0</ele></trkpt>
   <trkpt lon="11.396810" lat="43.192800"><ele>240.0</ele></trkpt>
   <trkpt lon="11.396587" lat="43.192536"><ele>240.25</ele></trkpt>
   <trkpt lon="11.394091" lat="43.189876"><ele>240.0</ele></trkpt>
   <trkpt lon="11.392046" lat="43.187711"><ele>239.5</ele></trkpt>
   <trkpt lon="11.391960" lat="43.187563"><ele>239.75</ele></trkpt>
   <trkpt lon="11.391905" lat="43.187404"><ele>239.5</ele></trkpt>
   <trkpt lon="11.391805" lat="43.187301"><ele>238.0</ele></trkpt>
   <trkpt lon="11.391757" lat="43.187209"><ele>237.0</ele></trkpt>
   <trkpt lon="11.391683" lat="43.186730"><ele>232.25</ele></trkpt>
   <trkpt lon="11.391641" lat="43.186639"><ele>231.25</ele></trkpt>
   <trkpt lon="11.391527" lat="43.186538"><ele>229.25</ele></trkpt>
   <trkpt lon="11.390977" lat="43.186261"><ele>223.5</ele></trkpt>
   <trkpt lon="11.390897" lat="43.186190"><ele>222.5</ele></trkpt>
   <trkpt lon="11.390813" lat="43.186076"><ele>221.75</ele></trkpt>
   <trkpt lon="11.390757" lat="43.185924"><ele>221.0</ele></trkpt>
   <trkpt lon="11.390779" lat="43.185826"><ele>221.0</ele></trkpt>
   <trkpt lon="11.390876" lat="43.185749"><ele>219.5</ele></trkpt>
   <trkpt lon="11.391007" lat="43.185733"><ele>218.75</ele></trkpt>
   <trkpt lon="11.391413" lat="43.185788"><ele>218.0</ele></trkpt>
   <trkpt lon="11.391519" lat="43.185768"><ele>218.0</ele></trkpt>
   <trkpt lon="11.391576" lat="43.185700"><ele>217.0</ele></trkpt>
   <trkpt lon="11.391601" lat="43.185598"><ele>215.25</ele></trkpt>
   <trkpt lon="11.391568" lat="43.185482"><ele>213.25</ele></trkpt>
   <trkpt lon="11.391489" lat="43.185333"><ele>211.0</ele></trkpt>
   <trkpt lon="11.391147" lat="43.184806"><ele>206.25</ele></trkpt>
   <trkpt lon="11.391052" lat="43.184610"><ele>205.75</ele></trkpt>
   <trkpt lon="11.391046" lat="43.184551"><ele>205.75</ele></trkpt>
   <trkpt lon="11.391090" lat="43.184419"><ele>205.75</ele></trkpt>
   <trkpt lon="11.391136" lat="43.184339"><ele>206.0</ele></trkpt>
   <trkpt lon="11.391204" lat="43.184279"><ele>206.75</ele></trkpt>
   <trkpt lon="11.391720" lat="43.183709"><ele>218.5</ele></trkpt>
   <trkpt lon="11.391829" lat="43.183516"><ele>223.0</ele></trkpt>
   <trkpt lon="11.391844" lat="43.183360"><ele>226.75</ele></trkpt>
   <trkpt lon="11.391810" lat="43.183043"><ele>230.5</ele></trkpt>
   <trkpt lon="11.391810" lat="43.182818"><ele>234.75</ele></trkpt>
   <trkpt lon="11.391938" lat="43.182512"><ele>239.75</ele></trkpt>
   <trkpt lon="11.391961" lat="43.182406"><ele>240.25</ele></trkpt>
   <trkpt lon="11.391916" lat="43.182135"><ele>242.25</ele></trkpt>
   <trkpt lon="11.391911" lat="43.181833"><ele>246.0</ele></trkpt>
   <trkpt lon="11.392143" lat="43.181019"><ele>256.25</ele></trkpt>
   <trkpt lon="11.392298" lat="43.180531"><ele>261.0</ele></trkpt>
   <trkpt lon="11.392399" lat="43.180173"><ele>263.0</ele></trkpt>
   <trkpt lon="11.392405" lat="43.180099"><ele>263.25</ele></trkpt>
   <trkpt lon="11.392409" lat="43.180060"><ele>263.25</ele></trkpt>
   <trkpt lon="11.392289" lat="43.179482"><ele>260.0</ele></trkpt>
   <trkpt lon="11.391905" lat="43.177995"><ele>253.25</ele></trkpt>
   <trkpt lon="11.391885" lat="43.177730"><ele>250.75</ele></trkpt>
   <trkpt lon="11.391997" lat="43.175757"><ele>260.0</ele></trkpt>
   <trkpt lon="11.392010" lat="43.175678"><ele>260.0</ele></trkpt>
   <trkpt lon="11.392029" lat="43.175605"><ele>260.0</ele></trkpt>
   <trkpt lon="11.392097" lat="43.175458"><ele>261.5</ele></trkpt>
   <trkpt lon="11.392335" lat="43.175126"><ele>265.5</ele></trkpt>
   <trkpt lon="11.392376" lat="43.175054"><ele>266.0</ele></trkpt>
   <trkpt lon="11.392443" lat="43.174867"><ele>267.0</ele></trkpt>
   <trkpt lon="11.392470" lat="43.174706"><ele>268.0</ele></trkpt>
   <trkpt lon="11.392471" lat="43.174593"><ele>268.75</ele></trkpt>
   <trkpt lon="11.392308" lat="43.173802"><ele>274.0</ele></trkpt>
   <trkpt lon="11.392364" lat="43.173628"><ele>276.25</ele></trkpt>
   <trkpt lon="11.392889" lat="43.173748"><ele>276.5</ele></trkpt>
   <trkpt lon="11.393273" lat="43.173820"><ele>275.5</ele></trkpt>
   <trkpt lon="11.393801" lat="43.173883"><ele>273.25</ele></trkpt>
   <trkpt lon="11.394238" lat="43.173910"><ele>270.5</ele></trkpt>
   <trkpt lon="11.394341" lat="43.173912"><ele>270.0</ele></trkpt>
   <trkpt lon="11.394663" lat="43.173857"><ele>268.5</ele></trkpt>
   <trkpt lon="11.394695" lat="43.173794"><ele>268.5</ele></trkpt>
   <trkpt lon="11.394712" lat="43.173724"><ele>268.5</ele></trkpt>
   <trkpt lon="11.394719" lat="43.173672"><ele>268.75</ele></trkpt>
   <trkpt lon="11.394682" lat="43.173645"><ele>269.0</ele></trkpt>
   <trkpt lon="11.394611" lat="43.173580"><ele>270.0</ele></trkpt>
   <trkpt lon="11.394569" lat="43.173526"><ele>270.5</ele></trkpt>
   <trkpt lon="11.394534" lat="43.173448"><ele>271.5</ele></trkpt>
   <trkpt lon="11.394527" lat="43.173379"><ele>272.25</ele></trkpt>
   <trkpt lon="11.394545" lat="43.173292"><ele>273.25</ele></trkpt>
   <trkpt lon="11.394581" lat="43.173215"><ele>274.0</ele></trkpt>
   <trkpt lon="11.394622" lat="43.173161"><ele>274.5</ele></trkpt>
   <trkpt lon="11.394654" lat="43.173133"><ele>274.75</ele></trkpt>
   <trkpt lon="11.394699" lat="43.173099"><ele>275.25</ele></trkpt>
   <trkpt lon="11.394860" lat="43.173033"><ele>275.5</ele></trkpt>
   <trkpt lon="11.395689" lat="43.172798"><ele>279.25</ele></trkpt>
   <trkpt lon="11.395883" lat="43.172740"><ele>280.75</ele></trkpt>
   <trkpt lon="11.396031" lat="43.172673"><ele>282.0</ele></trkpt>
   <trkpt lon="11.396125" lat="43.172605"><ele>282.75</ele></trkpt>
   <trkpt lon="11.396205" lat="43.172519"><ele>283.25</ele></trkpt>
   <trkpt lon="11.396251" lat="43.172444"><ele>283.75</ele></trkpt>
   <trkpt lon="11.396272" lat="43.172395"><ele>284.0</ele></trkpt>
   <trkpt lon="11.396292" lat="43.172303"><ele>284.75</ele></trkpt>
   <trkpt lon="11.396284" lat="43.172204"><ele>285.0</ele></trkpt>
   <trkpt lon="11.396243" lat="43.172088"><ele>284.25</ele></trkpt>
   <trkpt lon="11.396212" lat="43.172045"><ele>284.0</ele></trkpt>
   <trkpt lon="11.396140" lat="43.171967"><ele>283.75</ele></trkpt>
   <trkpt lon="11.396053" lat="43.171904"><ele>284.25</ele></trkpt>
   <trkpt lon="11.395976" lat="43.171864"><ele>285.0</ele></trkpt>
   <trkpt lon="11.395922" lat="43.171844"><ele>285.5</ele></trkpt>
   <trkpt lon="11.395778" lat="43.171805"><ele>287.0</ele></trkpt>
   <trkpt lon="11.395625" lat="43.171772"><ele>288.5</ele></trkpt>
   <trkpt lon="11.395536" lat="43.171753"><ele>289.25</ele></trkpt>
   <trkpt lon="11.395218" lat="43.171687"><ele>290.0</ele></trkpt>
   <trkpt lon="11.395129" lat="43.171672"><ele>290.0</ele></trkpt>
   <trkpt lon="11.394661" lat="43.171585"><ele>290.0</ele></trkpt>
   <trkpt lon="11.393187" lat="43.171301"><ele>294.5</ele></trkpt>
   <trkpt lon="11.392975" lat="43.171251"><ele>294.75</ele></trkpt>
   <trkpt lon="11.392764" lat="43.171176"><ele>294.25</ele></trkpt>
   <trkpt lon="11.392621" lat="43.171108"><ele>294.0</ele></trkpt>
   <trkpt lon="11.392507" lat="43.171042"><ele>294.0</ele></trkpt>
   <trkpt lon="11.392394" lat="43.170968"><ele>294.0</ele></trkpt>
   <trkpt lon="11.392312" lat="43.170905"><ele>293.5</ele></trkpt>
   <trkpt lon="11.392206" lat="43.170801"><ele>293.0</ele></trkpt>
   <trkpt lon="11.392154" lat="43.170723"><ele>293.0</ele></trkpt>
   <trkpt lon="11.392131" lat="43.170642"><ele>293.0</ele></trkpt>
   <trkpt lon="11.392105" lat="43.170423"><ele>293.25</ele></trkpt>
   <trkpt lon="11.392099" lat="43.170340"><ele>293.25</ele></trkpt>
   <trkpt lon="11.392125" lat="43.170190"><ele>292.75</ele></trkpt>
   <trkpt lon="11.392157" lat="43.170070"><ele>292.5</ele></trkpt>
   <trkpt lon="11.392169" lat="43.170011"><ele>292.25</ele></trkpt>
   <trkpt lon="11.392162" lat="43.169962"><ele>292.0</ele></trkpt>
   <trkpt lon="11.392123" lat="43.169908"><ele>292.0</ele></trkpt>
   <trkpt lon="11.392000" lat="43.169779"><ele>291.5</ele></trkpt>
   <trkpt lon="11.391966" lat="43.169742"><ele>291.0</ele></trkpt>
   <trkpt lon="11.391926" lat="43.169695"><ele>290.75</ele></trkpt>
   <trkpt lon="11.391741" lat="43.169467"><ele>289.75</ele></trkpt>
   <trkpt lon="11.391668" lat="43.169368"><ele>289.0</ele></trkpt>
   <trkpt lon="11.391556" lat="43.169203"><ele>288.0</ele></trkpt>
   <trkpt lon="11.391437" lat="43.169050"><ele>287.0</ele></trkpt>
   <trkpt lon="11.391338" lat="43.168917"><ele>285.5</ele></trkpt>
   <trkpt lon="11.391274" lat="43.168846"><ele>284.75</ele></trkpt>
   <trkpt lon="11.391222" lat="43.168806"><ele>284.5</ele></trkpt>
   <trkpt lon="11.391185" lat="43.168780"><ele>284.5</ele></trkpt>
   <trkpt lon="11.391172" lat="43.168718"><ele>283.75</ele></trkpt>
   <trkpt lon="11.391150" lat="43.168667"><ele>283.25</ele></trkpt>
   <trkpt lon="11.391191" lat="43.168654"><ele>283.0</ele></trkpt>
   <trkpt lon="11.391425" lat="43.168576"><ele>281.5</ele></trkpt>
   <trkpt lon="11.391605" lat="43.168502"><ele>280.5</ele></trkpt>
   <trkpt lon="11.391692" lat="43.168476"><ele>280.25</ele></trkpt>
   <trkpt lon="11.392465" lat="43.168300"><ele>274.0</ele></trkpt>
   <trkpt lon="11.392301" lat="43.167859"><ele>273.5</ele></trkpt>
   <trkpt lon="11.392285" lat="43.167784"><ele>273.5</ele></trkpt>
   <trkpt lon="11.392217" lat="43.167712"><ele>273.5</ele></trkpt>
   <trkpt lon="11.392167" lat="43.167621"><ele>273.0</ele></trkpt>
   <trkpt lon="11.392101" lat="43.167452"><ele>271.5</ele></trkpt>
   <trkpt lon="11.392014" lat="43.167323"><ele>270.0</ele></trkpt>
   <trkpt lon="11.391951" lat="43.167258"><ele>269.25</ele></trkpt>
   <trkpt lon="11.391724" lat="43.167093"><ele>267.0</ele></trkpt>
   <trkpt lon="11.391371" lat="43.166827"><ele>264.0</ele></trkpt>
   <trkpt lon="11.391331" lat="43.166784"><ele>263.5</ele></trkpt>
   <trkpt lon="11.391076" lat="43.166450"><ele>264.5</ele></trkpt>
   <trkpt lon="11.390944" lat="43.166282"><ele>267.25</ele></trkpt>
   <trkpt lon="11.390804" lat="43.166215"><ele>269.5</ele></trkpt>
   <trkpt lon="11.390748" lat="43.166201"><ele>270.0</ele></trkpt>
   <trkpt lon="11.390714" lat="43.166203"><ele>270.25</ele></trkpt>
   <trkpt lon="11.390682" lat="43.166196"><ele>270.5</ele></trkpt>
   <trkpt lon="11.390631" lat="43.166165"><ele>271.0</ele></trkpt>
   <trkpt lon="11.390618" lat="43.166143"><ele>271.25</ele></trkpt>
   <trkpt lon="11.390614" lat="43.166120"><ele>271.5</ele></trkpt>
   <trkpt lon="11.390632" lat="43.166077"><ele>271.5</ele></trkpt>
   <trkpt lon="11.390679" lat="43.166047"><ele>271.25</ele></trkpt>
   <trkpt lon="11.390753" lat="43.165932"><ele>271.25</ele></trkpt>
   <trkpt lon="11.390801" lat="43.165856"><ele>271.25</ele></trkpt>
   <trkpt lon="11.390972" lat="43.165319"><ele>271.75</ele></trkpt>
   <trkpt lon="11.391092" lat="43.164828"><ele>272.75</ele></trkpt>
   <trkpt lon="11.391117" lat="43.164737"><ele>272.75</ele></trkpt>
   <trkpt lon="11.391553" lat="43.163003"><ele>279.5</ele></trkpt>
   <trkpt lon="11.391483" lat="43.163019"><ele>279.5</ele></trkpt>
   <trkpt lon="11.391365" lat="43.163063"><ele>280.0</ele></trkpt>
   <trkpt lon="11.391197" lat="43.163137"><ele>280.0</ele></trkpt>
   <trkpt lon="11.391170" lat="43.163140"><ele>280.0</ele></trkpt>
   <trkpt lon="11.391117" lat="43.163118"><ele>280.0</ele></trkpt>
   <trkpt lon="11.391090" lat="43.163088"><ele>280.0</ele></trkpt>
   <trkpt lon="11.390931" lat="43.162832"><ele>280.0</ele></trkpt>
   <trkpt lon="11.390775" lat="43.162625"><ele>280.0</ele></trkpt>
   <trkpt lon="11.390577" lat="43.162416"><ele>280.25</ele></trkpt>
   <trkpt lon="11.390474" lat="43.162325"><ele>280.25</ele></trkpt>
   <trkpt lon="11.390304" lat="43.162194"><ele>280.0</ele></trkpt>
   <trkpt lon="11.389975" lat="43.161974"><ele>279.25</ele></trkpt>
   <trkpt lon="11.389881" lat="43.161899"><ele>279.0</ele></trkpt>
   <trkpt lon="11.389706" lat="43.161726"><ele>279.25</ele></trkpt>
   <trkpt lon="11.389671" lat="43.161700"><ele>279.5</ele></trkpt>
   <trkpt lon="11.389615" lat="43.161668"><ele>279.75</ele></trkpt>
   <trkpt lon="11.389548" lat="43.161644"><ele>280.25</ele></trkpt>
   <trkpt lon="11.389436" lat="43.161623"><ele>281.0</ele></trkpt>
   <trkpt lon="11.389384" lat="43.161622"><ele>281.25</ele></trkpt>
   <trkpt lon="11.389242" lat="43.161643"><ele>282.0</ele></trkpt>
   <trkpt lon="11.388949" lat="43.161699"><ele>284.5</ele></trkpt>
   <trkpt lon="11.388273" lat="43.161568"><ele>296.5</ele></trkpt>
   <trkpt lon="11.387797" lat="43.161487"><ele>302.0</ele></trkpt>
   <trkpt lon="11.387609" lat="43.161446"><ele>303.5</ele></trkpt>
   <trkpt lon="11.387535" lat="43.161422"><ele>304.5</ele></trkpt>
   <trkpt lon="11.387498" lat="43.161407"><ele>305.0</ele></trkpt>
   <trkpt lon="11.387415" lat="43.161357"><ele>305.0</ele></trkpt>
   <trkpt lon="11.387324" lat="43.161266"><ele>304.5</ele></trkpt>
   <trkpt lon="11.387297" lat="43.161207"><ele>304.5</ele></trkpt>
   <trkpt lon="11.387279" lat="43.161122"><ele>305.0</ele></trkpt>
   <trkpt lon="11.387294" lat="43.160985"><ele>305.25</ele></trkpt>
   <trkpt lon="11.387330" lat="43.160843"><ele>306.25</ele></trkpt>
   <trkpt lon="11.387424" lat="43.160597"><ele>309.25</ele></trkpt>
   <trkpt lon="11.387471" lat="43.160465"><ele>308.25</ele></trkpt>
   <trkpt lon="11.387565" lat="43.160310"><ele>306.25</ele></trkpt>
   <trkpt lon="11.387619" lat="43.160241"><ele>305.25</ele></trkpt>
   <trkpt lon="11.387705" lat="43.160165"><ele>304.25</ele></trkpt>
   <trkpt lon="11.387860" lat="43.160053"><ele>302.25</ele></trkpt>
   <trkpt lon="11.387883" lat="43.160038"><ele>301.75</ele></trkpt>
   <trkpt lon="11.388022" lat="43.159971"><ele>300.75</ele></trkpt>
   <trkpt lon="11.388070" lat="43.159956"><ele>300.5</ele></trkpt>
   <trkpt lon="11.388073" lat="43.159926"><ele>300.5</ele></trkpt>
   <trkpt lon="11.388087" lat="43.159897"><ele>300.25</ele></trkpt>
   <trkpt lon="11.388110" lat="43.159873"><ele>300.0</ele></trkpt>
   <trkpt lon="11.388142" lat="43.159854"><ele>300.0</ele></trkpt>
   <trkpt lon="11.388134" lat="43.159827"><ele>299.75</ele></trkpt>
   <trkpt lon="11.388117" lat="43.159731"><ele>299.75</ele></trkpt>
   <trkpt lon="11.388149" lat="43.159461"><ele>299.75</ele></trkpt>
   <trkpt lon="11.388203" lat="43.159155"><ele>299.75</ele></trkpt>
   <trkpt lon="11.388261" lat="43.158938"><ele>296.75</ele></trkpt>
   <trkpt lon="11.388268" lat="43.158866"><ele>295.75</ele></trkpt>
   <trkpt lon="11.388261" lat="43.158832"><ele>295.25</ele></trkpt>
   <trkpt lon="11.388231" lat="43.158762"><ele>294.0</ele></trkpt>
   <trkpt lon="11.388141" lat="43.158617"><ele>291.25</ele></trkpt>
   <trkpt lon="11.387516" lat="43.157743"><ele>290.0</ele></trkpt>
   <trkpt lon="11.387488" lat="43.157715"><ele>290.0</ele></trkpt>
   <trkpt lon="11.387405" lat="43.157660"><ele>290.5</ele></trkpt>
   <trkpt lon="11.387098" lat="43.157522"><ele>290.75</ele></trkpt>
   <trkpt lon="11.386884" lat="43.157399"><ele>290.5</ele></trkpt>
   <trkpt lon="11.386785" lat="43.157329"><ele>290.5</ele></trkpt>
   <trkpt lon="11.386664" lat="43.157223"><ele>290.75</ele></trkpt>
   <trkpt lon="11.386553" lat="43.157090"><ele>289.25</ele></trkpt>
   <trkpt lon="11.386422" lat="43.156871"><ele>288.0</ele></trkpt>
   <trkpt lon="11.386374" lat="43.156761"><ele>287.75</ele></trkpt>
   <trkpt lon="11.386360" lat="43.156710"><ele>287.5</ele></trkpt>
   <trkpt lon="11.386353" lat="43.156575"><ele>287.0</ele></trkpt>
   <trkpt lon="11.386370" lat="43.156448"><ele>286.75</ele></trkpt>
   <trkpt lon="11.386407" lat="43.156284"><ele>286.0</ele></trkpt>
   <trkpt lon="11.386428" lat="43.156066"><ele>284.0</ele></trkpt>
   <trkpt lon="11.386403" lat="43.155652"><ele>279.25</ele></trkpt>
   <trkpt lon="11.386384" lat="43.155381"><ele>277.75</ele></trkpt>
   <trkpt lon="11.386368" lat="43.155148"><ele>277.25</ele></trkpt>
   <trkpt lon="11.386347" lat="43.155055"><ele>276.75</ele></trkpt>
   <trkpt lon="11.386312" lat="43.154973"><ele>275.75</ele></trkpt>
   <trkpt lon="11.386254" lat="43.154902"><ele>274.0</ele></trkpt>
   <trkpt lon="11.386124" lat="43.154835"><ele>270.5</ele></trkpt>
   <trkpt lon="11.386059" lat="43.154792"><ele>268.75</ele></trkpt>
   <trkpt lon="11.386015" lat="43.154725"><ele>267.5</ele></trkpt>
   <trkpt lon="11.385988" lat="43.154638"><ele>266.75</ele></trkpt>
   <trkpt lon="11.386004" lat="43.154517"><ele>267.25</ele></trkpt>
   <trkpt lon="11.385980" lat="43.154340"><ele>267.0</ele></trkpt>
   <trkpt lon="11.385934" lat="43.154232"><ele>266.25</ele></trkpt>
   <trkpt lon="11.385866" lat="43.154131"><ele>265.0</ele></trkpt>
   <trkpt lon="11.385753" lat="43.154057"><ele>263.0</ele></trkpt>
   <trkpt lon="11.384997" lat="43.153827"><ele>250.5</ele></trkpt>
   <trkpt lon="11.384880" lat="43.153780"><ele>250.0</ele></trkpt>
   <trkpt lon="11.384805" lat="43.153705"><ele>249.75</ele></trkpt>
   <trkpt lon="11.384640" lat="43.153199"><ele>244.25</ele></trkpt>
   <trkpt lon="11.384572" lat="43.153137"><ele>242.5</ele></trkpt>
   <trkpt lon="11.384482" lat="43.153110"><ele>241.0</ele></trkpt>
   <trkpt lon="11.384334" lat="43.153091"><ele>239.0</ele></trkpt>
   <trkpt lon="11.384255" lat="43.153065"><ele>238.0</ele></trkpt>
   <trkpt lon="11.384192" lat="43.153015"><ele>236.75</ele></trkpt>
   <trkpt lon="11.384161" lat="43.152927"><ele>235.5</ele></trkpt>
   <trkpt lon="11.384174" lat="43.152848"><ele>234.75</ele></trkpt>
   <trkpt lon="11.384628" lat="43.152179"><ele>225.5</ele></trkpt>
   <trkpt lon="11.384657" lat="43.152137"><ele>225.0</ele></trkpt>
   <trkpt lon="11.384700" lat="43.152048"><ele>223.75</ele></trkpt>
   <trkpt lon="11.384717" lat="43.151984"><ele>222.75</ele></trkpt>
   <trkpt lon="11.384708" lat="43.151922"><ele>221.5</ele></trkpt>
   <trkpt lon="11.384685" lat="43.151879"><ele>221.0</ele></trkpt>
   <trkpt lon="11.384658" lat="43.151829"><ele>220.25</ele></trkpt>
   <trkpt lon="11.383810" lat="43.150699"><ele>207.5</ele></trkpt>
   <trkpt lon="11.383680" lat="43.150480"><ele>205.0</ele></trkpt>
   <trkpt lon="11.383620" lat="43.150206"><ele>202.25</ele></trkpt>
   <trkpt lon="11.383490" lat="43.149680"><ele>194.75</ele></trkpt>
   <trkpt lon="11.383343" lat="43.149343"><ele>190.0</ele></trkpt>
   <trkpt lon="11.383270" lat="43.149233"><ele>190.0</ele></trkpt>
   <trkpt lon="11.383193" lat="43.149167"><ele>190.0</ele></trkpt>
   <trkpt lon="11.383089" lat="43.149112"><ele>190.25</ele></trkpt>
   <trkpt lon="11.382939" lat="43.149053"><ele>190.0</ele></trkpt>
   <trkpt lon="11.382822" lat="43.149026"><ele>190.0</ele></trkpt>
   <trkpt lon="11.382759" lat="43.149023"><ele>189.75</ele></trkpt>
   <trkpt lon="11.382651" lat="43.149033"><ele>189.75</ele></trkpt>
   <trkpt lon="11.382463" lat="43.149056"><ele>189.5</ele></trkpt>
   <trkpt lon="11.382281" lat="43.149084"><ele>189.75</ele></trkpt>
   <trkpt lon="11.381925" lat="43.149106"><ele>191.0</ele></trkpt>
   <trkpt lon="11.381592" lat="43.149105"><ele>193.25</ele></trkpt>
   <trkpt lon="11.381482" lat="43.149094"><ele>194.0</ele></trkpt>
   <trkpt lon="11.381361" lat="43.149071"><ele>194.75</ele></trkpt>
   <trkpt lon="11.381296" lat="43.149053"><ele>195.25</ele></trkpt>
   <trkpt lon="11.381194" lat="43.149005"><ele>196.5</ele></trkpt>
   <trkpt lon="11.380894" lat="43.148190"><ele>199.25</ele></trkpt>
   <trkpt lon="11.380584" lat="43.147260"><ele>197.75</ele></trkpt>
   <trkpt lon="11.380457" lat="43.146927"><ele>197.75</ele></trkpt>
   <trkpt lon="11.380398" lat="43.146728"><ele>197.0</ele></trkpt>
   <trkpt lon="11.380376" lat="43.146590"><ele>196.75</ele></trkpt>
   <trkpt lon="11.380353" lat="43.146293"><ele>196.0</ele></trkpt>
   <trkpt lon="11.380282" lat="43.145641"><ele>196.75</ele></trkpt>
   <trkpt lon="11.380246" lat="43.145470"><ele>196.5</ele></trkpt>
   <trkpt lon="11.380167" lat="43.145274"><ele>196.25</ele></trkpt>
   <trkpt lon="11.380066" lat="43.145133"><ele>196.0</ele></trkpt>
   <trkpt lon="11.379974" lat="43.145035"><ele>196.0</ele></trkpt>
   <trkpt lon="11.379596" lat="43.144753"><ele>190.5</ele></trkpt>
   <trkpt lon="11.379476" lat="43.144653"><ele>190.5</ele></trkpt>
   <trkpt lon="11.379338" lat="43.144525"><ele>193.25</ele></trkpt>
   <trkpt lon="11.379189" lat="43.144346"><ele>196.25</ele></trkpt>
   <trkpt lon="11.379113" lat="43.144226"><ele>197.0</ele></trkpt>
   <trkpt lon="11.379039" lat="43.144006"><ele>197.75</ele></trkpt>
   <trkpt lon="11.378995" lat="43.143811"><ele>198.0</ele></trkpt>
   <trkpt lon="11.378989" lat="43.143631"><ele>196.75</ele></trkpt>
   <trkpt lon="11.378819" lat="43.143259"><ele>198.0</ele></trkpt>
   <trkpt lon="11.378532" lat="43.142767"><ele>196.75</ele></trkpt>
   <trkpt lon="11.378179" lat="43.142263"><ele>198.5</ele></trkpt>
   <trkpt lon="11.378094" lat="43.142074"><ele>197.5</ele></trkpt>
   <trkpt lon="11.378043" lat="43.141935"><ele>196.25</ele></trkpt>
   <trkpt lon="11.378036" lat="43.141696"><ele>194.0</ele></trkpt>
   <trkpt lon="11.378048" lat="43.141465"><ele>192.25</ele></trkpt>
   <trkpt lon="11.378080" lat="43.141318"><ele>192.75</ele></trkpt>
   <trkpt lon="11.378094" lat="43.141183"><ele>195.0</ele></trkpt>
   <trkpt lon="11.378046" lat="43.141113"><ele>197.0</ele></trkpt>
   <trkpt lon="11.377955" lat="43.141076"><ele>199.5</ele></trkpt>
   <trkpt lon="11.377834" lat="43.141072"><ele>201.25</ele></trkpt>
   <trkpt lon="11.377612" lat="43.141083"><ele>202.75</ele></trkpt>
   <trkpt lon="11.377483" lat="43.141067"><ele>204.5</ele></trkpt>
   <trkpt lon="11.377293" lat="43.140994"><ele>210.0</ele></trkpt>
   <trkpt lon="11.377102" lat="43.140939"><ele>214.5</ele></trkpt>
   <trkpt lon="11.376986" lat="43.140939"><ele>215.0</ele></trkpt>
   <trkpt lon="11.376914" lat="43.140958"><ele>214.75</ele></trkpt>
   <trkpt lon="11.376817" lat="43.141009"><ele>214.0</ele></trkpt>
   <trkpt lon="11.376759" lat="43.141014"><ele>214.25</ele></trkpt>
   <trkpt lon="11.376685" lat="43.141006"><ele>215.25</ele></trkpt>
   <trkpt lon="11.376619" lat="43.140974"><ele>216.25</ele></trkpt>
   <trkpt lon="11.376314" lat="43.140793"><ele>222.0</ele></trkpt>
   <trkpt lon="11.376188" lat="43.140710"><ele>224.25</ele></trkpt>
   <trkpt lon="11.376109" lat="43.140622"><ele>227.0</ele></trkpt>
   <trkpt lon="11.376073" lat="43.140543"><ele>228.75</ele></trkpt>
   <trkpt lon="11.376083" lat="43.140505"><ele>229.75</ele></trkpt>
   <trkpt lon="11.376141" lat="43.140420"><ele>232.25</ele></trkpt>
   <trkpt lon="11.376219" lat="43.140372"><ele>233.75</ele></trkpt>
   <trkpt lon="11.376310" lat="43.140347"><ele>234.5</ele></trkpt>
   <trkpt lon="11.376513" lat="43.140315"><ele>236.25</ele></trkpt>
   <trkpt lon="11.376627" lat="43.140322"><ele>236.5</ele></trkpt>
   <trkpt lon="11.376739" lat="43.140315"><ele>236.5</ele></trkpt>
   <trkpt lon="11.376797" lat="43.140297"><ele>236.5</ele></trkpt>
   <trkpt lon="11.376833" lat="43.140261"><ele>236.75</ele></trkpt>
   <trkpt lon="11.376850" lat="43.140221"><ele>236.75</ele></trkpt>
   <trkpt lon="11.376842" lat="43.140168"><ele>237.25</ele></trkpt>
   <trkpt lon="11.376725" lat="43.140054"><ele>239.0</ele></trkpt>
   <trkpt lon="11.376475" lat="43.139933"><ele>242.25</ele></trkpt>
   <trkpt lon="11.376367" lat="43.139833"><ele>245.0</ele></trkpt>
   <trkpt lon="11.376255" lat="43.139673"><ele>249.0</ele></trkpt>
   <trkpt lon="11.376199" lat="43.139540"><ele>252.0</ele></trkpt>
   <trkpt lon="11.376171" lat="43.139436"><ele>254.25</ele></trkpt>
   <trkpt lon="11.376227" lat="43.139110"><ele>262.75</ele></trkpt>
   <trkpt lon="11.376292" lat="43.138882"><ele>269.0</ele></trkpt>
   <trkpt lon="11.376419" lat="43.138664"><ele>270.25</ele></trkpt>
   <trkpt lon="11.376439" lat="43.138570"><ele>271.0</ele></trkpt>
   <trkpt lon="11.376435" lat="43.138474"><ele>271.5</ele></trkpt>
   <trkpt lon="11.376396" lat="43.138390"><ele>272.5</ele></trkpt>
   <trkpt lon="11.376338" lat="43.138299"><ele>273.75</ele></trkpt>
   <trkpt lon="11.376278" lat="43.138254"><ele>274.5</ele></trkpt>
   <trkpt lon="11.376215" lat="43.138181"><ele>275.25</ele></trkpt>
   <trkpt lon="11.376160" lat="43.138141"><ele>275.75</ele></trkpt>
   <trkpt lon="11.376104" lat="43.138112"><ele>276.5</ele></trkpt>
   <trkpt lon="11.376045" lat="43.138106"><ele>277.25</ele></trkpt>
   <trkpt lon="11.375992" lat="43.138114"><ele>278.25</ele></trkpt>
   <trkpt lon="11.375938" lat="43.138135"><ele>279.0</ele></trkpt>
   <trkpt lon="11.375430" lat="43.138553"><ele>285.75</ele></trkpt>
   <trkpt lon="11.375371" lat="43.138585"><ele>286.25</ele></trkpt>
   <trkpt lon="11.375301" lat="43.138591"><ele>286.75</ele></trkpt>
   <trkpt lon="11.375217" lat="43.138586"><ele>287.25</ele></trkpt>
   <trkpt lon="11.375084" lat="43.138554"><ele>288.5</ele></trkpt>
   <trkpt lon="11.374883" lat="43.138459"><ele>289.5</ele></trkpt>
   <trkpt lon="11.374682" lat="43.138415"><ele>289.5</ele></trkpt>
   <trkpt lon="11.374401" lat="43.138383"><ele>289.75</ele></trkpt>
   <trkpt lon="11.374237" lat="43.138370"><ele>292.5</ele></trkpt>
   <trkpt lon="11.373975" lat="43.138350"><ele>292.5</ele></trkpt>
   <trkpt lon="11.373775" lat="43.138329"><ele>294.75</ele></trkpt>
   <trkpt lon="11.373619" lat="43.138295"><ele>296.25</ele></trkpt>
   <trkpt lon="11.373501" lat="43.138251"><ele>298.5</ele></trkpt>
   <trkpt lon="11.373328" lat="43.138161"><ele>301.75</ele></trkpt>
   <trkpt lon="11.373044" lat="43.137951"><ele>306.75</ele></trkpt>
   <trkpt lon="11.372998" lat="43.137892"><ele>308.0</ele></trkpt>
   <trkpt lon="11.372957" lat="43.137801"><ele>309.5</ele></trkpt>
   <trkpt lon="11.372867" lat="43.137541"><ele>309.0</ele></trkpt>
   <trkpt lon="11.372821" lat="43.137483"><ele>308.75</ele></trkpt>
   <trkpt lon="11.372750" lat="43.137438"><ele>308.0</ele></trkpt>
   <trkpt lon="11.372659" lat="43.137399"><ele>307.5</ele></trkpt>
   <trkpt lon="11.372552" lat="43.137364"><ele>307.0</ele></trkpt>
   <trkpt lon="11.372390" lat="43.137324"><ele>306.5</ele></trkpt>
   <trkpt lon="11.372242" lat="43.137275"><ele>306.0</ele></trkpt>
   <trkpt lon="11.372014" lat="43.137164"><ele>303.75</ele></trkpt>
   <trkpt lon="11.371887" lat="43.137115"><ele>302.75</ele></trkpt>
   <trkpt lon="11.371728" lat="43.137068"><ele>301.0</ele></trkpt>
   <trkpt lon="11.371462" lat="43.137002"><ele>299.75</ele></trkpt>
   <trkpt lon="11.371132" lat="43.136942"><ele>299.75</ele></trkpt>
   <trkpt lon="11.371080" lat="43.136932"><ele>300.0</ele></trkpt>
   <trkpt lon="11.370885" lat="43.136902"><ele>301.0</ele></trkpt>
   <trkpt lon="11.370752" lat="43.136858"><ele>301.0</ele></trkpt>
   <trkpt lon="11.370644" lat="43.136839"><ele>301.0</ele></trkpt>
   <trkpt lon="11.370619" lat="43.136834"><ele>301.0</ele></trkpt>
   <trkpt lon="11.370518" lat="43.136832"><ele>301.25</ele></trkpt>
   <trkpt lon="11.370271" lat="43.136871"><ele>301.5</ele></trkpt>
   <trkpt lon="11.370223" lat="43.136879"><ele>301.25</ele></trkpt>
   <trkpt lon="11.370058" lat="43.136891"><ele>300.5</ele></trkpt>
   <trkpt lon="11.369988" lat="43.136904"><ele>300.25</ele></trkpt>
   <trkpt lon="11.369938" lat="43.136925"><ele>300.0</ele></trkpt>
   <trkpt lon="11.369702" lat="43.137112"><ele>298.75</ele></trkpt>
   <trkpt lon="11.369420" lat="43.137326"><ele>298.0</ele></trkpt>
   <trkpt lon="11.369393" lat="43.137368"><ele>298.25</ele></trkpt>
   <trkpt lon="11.369375" lat="43.137423"><ele>298.75</ele></trkpt>
   <trkpt lon="11.369377" lat="43.137456"><ele>299.25</ele></trkpt>
   <trkpt lon="11.369578" lat="43.137872"><ele>306.25</ele></trkpt>
   <trkpt lon="11.369601" lat="43.137959"><ele>307.25</ele></trkpt>
   <trkpt lon="11.369600" lat="43.138050"><ele>307.75</ele></trkpt>
   <trkpt lon="11.369576" lat="43.138256"><ele>307.25</ele></trkpt>
   <trkpt lon="11.369558" lat="43.138551"><ele>309.25</ele></trkpt>
   <trkpt lon="11.369571" lat="43.138609"><ele>310.25</ele></trkpt>
   <trkpt lon="11.369592" lat="43.138662"><ele>310.75</ele></trkpt>
   <trkpt lon="11.369647" lat="43.138743"><ele>311.5</ele></trkpt>
   <trkpt lon="11.369716" lat="43.138805"><ele>312.5</ele></trkpt>
   <trkpt lon="11.370010" lat="43.139006"><ele>313.75</ele></trkpt>
   <trkpt lon="11.370224" lat="43.139119"><ele>311.75</ele></trkpt>
   <trkpt lon="11.370299" lat="43.139193"><ele>310.75</ele></trkpt>
   <trkpt lon="11.370343" lat="43.139284"><ele>310.25</ele></trkpt>
   <trkpt lon="11.370349" lat="43.139332"><ele>310.0</ele></trkpt>
   <trkpt lon="11.370334" lat="43.139396"><ele>309.5</ele></trkpt>
   <trkpt lon="11.370312" lat="43.139448"><ele>309.0</ele></trkpt>
   <trkpt lon="11.370262" lat="43.139508"><ele>307.75</ele></trkpt>
   <trkpt lon="11.370159" lat="43.139594"><ele>305.5</ele></trkpt>
   <trkpt lon="11.370054" lat="43.139667"><ele>303.25</ele></trkpt>
   <trkpt lon="11.369930" lat="43.139728"><ele>301.25</ele></trkpt>
   <trkpt lon="11.369748" lat="43.139787"><ele>299.0</ele></trkpt>
   <trkpt lon="11.369507" lat="43.139827"><ele>297.5</ele></trkpt>
   <trkpt lon="11.369323" lat="43.139854"><ele>296.5</ele></trkpt>
   <trkpt lon="11.369046" lat="43.139913"><ele>297.25</ele></trkpt>
   <trkpt lon="11.369019" lat="43.139956"><ele>298.0</ele></trkpt>
   <trkpt lon="11.368913" lat="43.140043"><ele>299.25</ele></trkpt>
   <trkpt lon="11.368813" lat="43.140093"><ele>300.0</ele></trkpt>
   <trkpt lon="11.368695" lat="43.140129"><ele>301.25</ele></trkpt>
   <trkpt lon="11.368617" lat="43.140179"><ele>302.5</ele></trkpt>
   <trkpt lon="11.368517" lat="43.140267"><ele>304.5</ele></trkpt>
   <trkpt lon="11.368344" lat="43.140492"><ele>307.0</ele></trkpt>
   <trkpt lon="11.368228" lat="43.140597"><ele>308.25</ele></trkpt>
   <trkpt lon="11.368026" lat="43.140751"><ele>311.0</ele></trkpt>
   <trkpt lon="11.367929" lat="43.140781"><ele>312.0</ele></trkpt>
   <trkpt lon="11.367850" lat="43.140791"><ele>312.75</ele></trkpt>
   <trkpt lon="11.367752" lat="43.140787"><ele>314.0</ele></trkpt>
   <trkpt lon="11.367585" lat="43.140767"><ele>316.5</ele></trkpt>
   <trkpt lon="11.367415" lat="43.140772"><ele>318.25</ele></trkpt>
   <trkpt lon="11.367314" lat="43.140809"><ele>319.0</ele></trkpt>
   <trkpt lon="11.367172" lat="43.140876"><ele>320.75</ele></trkpt>
   <trkpt lon="11.367122" lat="43.140946"><ele>321.75</ele></trkpt>
   <trkpt lon="11.367100" lat="43.141048"><ele>322.75</ele></trkpt>
   <trkpt lon="11.367110" lat="43.141252"><ele>323.5</ele></trkpt>
   <trkpt lon="11.367086" lat="43.141401"><ele>324.25</ele></trkpt>
   <trkpt lon="11.367018" lat="43.141526"><ele>325.5</ele></trkpt>
   <trkpt lon="11.366827" lat="43.141724"><ele>327.75</ele></trkpt>
   <trkpt lon="11.366698" lat="43.141869"><ele>329.25</ele></trkpt>
   <trkpt lon="11.366596" lat="43.141951"><ele>329.75</ele></trkpt>
   <trkpt lon="11.366372" lat="43.142059"><ele>328.75</ele></trkpt>
   <trkpt lon="11.366244" lat="43.142093"><ele>329.0</ele></trkpt>
   <trkpt lon="11.366144" lat="43.142100"><ele>329.75</ele></trkpt>
   <trkpt lon="11.366065" lat="43.142109"><ele>330.25</ele></trkpt>
   <trkpt lon="11.365964" lat="43.142130"><ele>331.0</ele></trkpt>
   <trkpt lon="11.365870" lat="43.142162"><ele>332.5</ele></trkpt>
   <trkpt lon="11.365808" lat="43.142219"><ele>334.0</ele></trkpt>
   <trkpt lon="11.365780" lat="43.142290"><ele>334.5</ele></trkpt>
   <trkpt lon="11.365766" lat="43.142422"><ele>335.0</ele></trkpt>
   <trkpt lon="11.365769" lat="43.142518"><ele>335.25</ele></trkpt>
   <trkpt lon="11.365797" lat="43.142690"><ele>337.0</ele></trkpt>
   <trkpt lon="11.365830" lat="43.142779"><ele>337.0</ele></trkpt>
   <trkpt lon="11.365929" lat="43.142913"><ele>337.75</ele></trkpt>
   <trkpt lon="11.366052" lat="43.143186"><ele>341.75</ele></trkpt>
   <trkpt lon="11.366132" lat="43.143386"><ele>344.5</ele></trkpt>
   <trkpt lon="11.366078" lat="43.143737"><ele>347.5</ele></trkpt>
   <trkpt lon="11.366074" lat="43.144248"><ele>347.75</ele></trkpt>
   <trkpt lon="11.365979" lat="43.144722"><ele>351.75</ele></trkpt>
   <trkpt lon="11.365987" lat="43.144979"><ele>352.5</ele></trkpt>
   <trkpt lon="11.365954" lat="43.145167"><ele>353.25</ele></trkpt>
   <trkpt lon="11.365795" lat="43.145495"><ele>353.0</ele></trkpt>
   <trkpt lon="11.365660" lat="43.145655"><ele>351.5</ele></trkpt>
   <trkpt lon="11.365262" lat="43.145868"><ele>348.25</ele></trkpt>
   <trkpt lon="11.364845" lat="43.146147"><ele>346.5</ele></trkpt>
   <trkpt lon="11.364644" lat="43.146292"><ele>346.0</ele></trkpt>
   <trkpt lon="11.364518" lat="43.146413"><ele>344.75</ele></trkpt>
   <trkpt lon="11.364299" lat="43.146665"><ele>340.5</ele></trkpt>
   <trkpt lon="11.363992" lat="43.147168"><ele>339.0</ele></trkpt>
   <trkpt lon="11.363887" lat="43.147299"><ele>341.25</ele></trkpt>
   <trkpt lon="11.363753" lat="43.147389"><ele>342.0</ele></trkpt>
   <trkpt lon="11.363542" lat="43.147484"><ele>342.5</ele></trkpt>
   <trkpt lon="11.363431" lat="43.147616"><ele>342.25</ele></trkpt>
   <trkpt lon="11.363366" lat="43.147766"><ele>342.25</ele></trkpt>
   <trkpt lon="11.363314" lat="43.148007"><ele>342.0</ele></trkpt>
   <trkpt lon="11.363333" lat="43.148337"><ele>341.75</ele></trkpt>
   <trkpt lon="11.363519" lat="43.148783"><ele>340.0</ele></trkpt>
   <trkpt lon="11.363495" lat="43.148930"><ele>337.75</ele></trkpt>
   <trkpt lon="11.363425" lat="43.149147"><ele>337.5</ele></trkpt>
   <trkpt lon="11.363205" lat="43.149337"><ele>335.0</ele></trkpt>
   <trkpt lon="11.362941" lat="43.149433"><ele>332.25</ele></trkpt>
   <trkpt lon="11.362692" lat="43.149412"><ele>330.0</ele></trkpt>
   <trkpt lon="11.362308" lat="43.149415"><ele>330.0</ele></trkpt>
   <trkpt lon="11.361924" lat="43.149429"><ele>329.75</ele></trkpt>
   <trkpt lon="11.361624" lat="43.149429"><ele>329.5</ele></trkpt>
   <trkpt lon="11.361360" lat="43.149442"><ele>327.5</ele></trkpt>
   <trkpt lon="11.361030" lat="43.149571"><ele>322.75</ele></trkpt>
   <trkpt lon="11.360561" lat="43.149708"><ele>319.75</ele></trkpt>
   <trkpt lon="11.359858" lat="43.149846"><ele>321.0</ele></trkpt>
   <trkpt lon="11.359349" lat="43.149889"><ele>321.0</ele></trkpt>
   <trkpt lon="11.359163" lat="43.149946"><ele>323.5</ele></trkpt>
   <trkpt lon="11.358905" lat="43.150009"><ele>328.5</ele></trkpt>
   <trkpt lon="11.358719" lat="43.150075"><ele>329.25</ele></trkpt>
   <trkpt lon="11.358623" lat="43.150192"><ele>329.75</ele></trkpt>
   <trkpt lon="11.358565" lat="43.150786"><ele>326.0</ele></trkpt>
   <trkpt lon="11.358521" lat="43.151368"><ele>328.25</ele></trkpt>
   <trkpt lon="11.358360" lat="43.151720"><ele>330.0</ele></trkpt>
   <trkpt lon="11.358100" lat="43.151980"><ele>332.75</ele></trkpt>
   <trkpt lon="11.357814" lat="43.152221"><ele>336.5</ele></trkpt>
   <trkpt lon="11.357630" lat="43.152320"><ele>337.5</ele></trkpt>
   <trkpt lon="11.357305" lat="43.152401"><ele>337.5</ele></trkpt>
   <trkpt lon="11.357004" lat="43.152530"><ele>337.0</ele></trkpt>
   <trkpt lon="11.356710" lat="43.152860"><ele>336.5</ele></trkpt>
   <trkpt lon="11.356260" lat="43.153270"><ele>324.75</ele></trkpt>
   <trkpt lon="11.355673" lat="43.153582"><ele>322.75</ele></trkpt>
   <trkpt lon="11.355213" lat="43.153761"><ele>324.75</ele></trkpt>
   <trkpt lon="11.354959" lat="43.154064"><ele>324.5</ele></trkpt>
   <trkpt lon="11.354631" lat="43.154330"><ele>324.25</ele></trkpt>
   <trkpt lon="11.354465" lat="43.154559"><ele>323.5</ele></trkpt>
   <trkpt lon="11.354453" lat="43.154691"><ele>322.25</ele></trkpt>
   <trkpt lon="11.354350" lat="43.155160"><ele>322.5</ele></trkpt>
   <trkpt lon="11.354605" lat="43.155581"><ele>327.25</ele></trkpt>
   <trkpt lon="11.354610" lat="43.155800"><ele>327.5</ele></trkpt>
   <trkpt lon="11.354580" lat="43.155970"><ele>329.0</ele></trkpt>
   <trkpt lon="11.354653" lat="43.156112"><ele>329.0</ele></trkpt>
   <trkpt lon="11.354747" lat="43.156184"><ele>328.25</ele></trkpt>
   <trkpt lon="11.354857" lat="43.156314"><ele>327.5</ele></trkpt>
   <trkpt lon="11.354914" lat="43.156440"><ele>326.5</ele></trkpt>
   <trkpt lon="11.354909" lat="43.156598"><ele>326.25</ele></trkpt>
   <trkpt lon="11.354690" lat="43.156850"><ele>328.25</ele></trkpt>
   <trkpt lon="11.354692" lat="43.156990"><ele>327.5</ele></trkpt>
   <trkpt lon="11.354763" lat="43.157189"><ele>326.25</ele></trkpt>
   <trkpt lon="11.354806" lat="43.157392"><ele>327.25</ele></trkpt>
   <trkpt lon="11.354806" lat="43.157547"><ele>328.75</ele></trkpt>
   <trkpt lon="11.354759" lat="43.157656"><ele>331.0</ele></trkpt>
   <trkpt lon="11.354637" lat="43.157755"><ele>334.25</ele></trkpt>
   <trkpt lon="11.354426" lat="43.157894"><ele>338.5</ele></trkpt>
   <trkpt lon="11.354405" lat="43.157946"><ele>339.0</ele></trkpt>
   <trkpt lon="11.354378" lat="43.158015"><ele>339.75</ele></trkpt>
   <trkpt lon="11.354435" lat="43.158099"><ele>339.25</ele></trkpt>
   <trkpt lon="11.354564" lat="43.158233"><ele>338.75</ele></trkpt>
   <trkpt lon="11.354610" lat="43.158450"><ele>340.5</ele></trkpt>
   <trkpt lon="11.354564" lat="43.158731"><ele>343.5</ele></trkpt>
   <trkpt lon="11.354448" lat="43.159077"><ele>348.5</ele></trkpt>
   <trkpt lon="11.354261" lat="43.159151"><ele>351.0</ele></trkpt>
   <trkpt lon="11.354176" lat="43.159230"><ele>352.25</ele></trkpt>
   <trkpt lon="11.354151" lat="43.159508"><ele>355.25</ele></trkpt>
   <trkpt lon="11.353827" lat="43.159762"><ele>362.25</ele></trkpt>
   <trkpt lon="11.353791" lat="43.159909"><ele>365.0</ele></trkpt>
   <trkpt lon="11.353898" lat="43.160173"><ele>367.25</ele></trkpt>
   <trkpt lon="11.353910" lat="43.160440"><ele>369.75</ele></trkpt>
   <trkpt lon="11.353992" lat="43.160903"><ele>375.75</ele></trkpt>
   <trkpt lon="11.353900" lat="43.161188"><ele>381.25</ele></trkpt>
   <trkpt lon="11.353550" lat="43.161510"><ele>388.5</ele></trkpt>
   <trkpt lon="11.352910" lat="43.161850"><ele>398.5</ele></trkpt>
   <trkpt lon="11.352689" lat="43.162005"><ele>400.75</ele></trkpt>
   <trkpt lon="11.352610" lat="43.162266"><ele>400.75</ele></trkpt>
   <trkpt lon="11.352180" lat="43.162470"><ele>399.75</ele></trkpt>
   <trkpt lon="11.351852" lat="43.162662"><ele>399.0</ele></trkpt>
   <trkpt lon="11.351801" lat="43.162736"><ele>399.5</ele></trkpt>
   <trkpt lon="11.351360" lat="43.163178"><ele>401.25</ele></trkpt>
   <trkpt lon="11.351029" lat="43.163605"><ele>408.75</ele></trkpt>
   <trkpt lon="11.350941" lat="43.163874"><ele>409.75</ele></trkpt>
   <trkpt lon="11.350783" lat="43.164123"><ele>414.5</ele></trkpt>
   <trkpt lon="11.350321" lat="43.164424"><ele>423.0</ele></trkpt>
   <trkpt lon="11.350018" lat="43.164574"><ele>428.0</ele></trkpt>
   <trkpt lon="11.349913" lat="43.164613"><ele>429.5</ele></trkpt>
   <trkpt lon="11.349793" lat="43.164636"><ele>430.75</ele></trkpt>
   <trkpt lon="11.349648" lat="43.164644"><ele>432.25</ele></trkpt>
   <trkpt lon="11.349330" lat="43.164646"><ele>436.75</ele></trkpt>
   <trkpt lon="11.349266" lat="43.164659"><ele>438.0</ele></trkpt>
   <trkpt lon="11.349222" lat="43.164680"><ele>438.75</ele></trkpt>
   <trkpt lon="11.349176" lat="43.164715"><ele>439.75</ele></trkpt>
   <trkpt lon="11.349126" lat="43.164766"><ele>440.5</ele></trkpt>
   <trkpt lon="11.349041" lat="43.164876"><ele>441.25</ele></trkpt>
   <trkpt lon="11.348950" lat="43.165089"><ele>443.25</ele></trkpt>
   <trkpt lon="11.348797" lat="43.165494"><ele>446.75</ele></trkpt>
   <trkpt lon="11.348708" lat="43.165932"><ele>451.0</ele></trkpt>
   <trkpt lon="11.348648" lat="43.166134"><ele>452.25</ele></trkpt>
   <trkpt lon="11.348949" lat="43.166606"><ele>450.25</ele></trkpt>
   <trkpt lon="11.348920" lat="43.166940"><ele>451.75</ele></trkpt>
   <trkpt lon="11.348873" lat="43.167148"><ele>455.5</ele></trkpt>
   <trkpt lon="11.348672" lat="43.167338"><ele>457.25</ele></trkpt>
   <trkpt lon="11.348578" lat="43.167465"><ele>459.0</ele></trkpt>
   <trkpt lon="11.348511" lat="43.167572"><ele>459.0</ele></trkpt>
   <trkpt lon="11.348374" lat="43.168037"><ele>460.75</ele></trkpt>
   <trkpt lon="11.348306" lat="43.168233"><ele>461.75</ele></trkpt>
   <trkpt lon="11.348280" lat="43.168570"><ele>464.25</ele></trkpt>
   <trkpt lon="11.348300" lat="43.168780"><ele>465.0</ele></trkpt>
   <trkpt lon="11.348309" lat="43.168984"><ele>465.25</ele></trkpt>
   <trkpt lon="11.348070" lat="43.169272"><ele>467.5</ele></trkpt>
   <trkpt lon="11.348018" lat="43.169423"><ele>466.75</ele></trkpt>
   <trkpt lon="11.347716" lat="43.170437"><ele>467.25</ele></trkpt>
   <trkpt lon="11.347931" lat="43.171055"><ele>464.0</ele></trkpt>
   <trkpt lon="11.348066" lat="43.171213"><ele>463.75</ele></trkpt>
   <trkpt lon="11.348397" lat="43.171362"><ele>466.75</ele></trkpt>
   <trkpt lon="11.348620" lat="43.171550"><ele>468.75</ele></trkpt>
   <trkpt lon="11.348750" lat="43.172000"><ele>472.0</ele></trkpt>
   <trkpt lon="11.348691" lat="43.172138"><ele>472.25</ele></trkpt>
   <trkpt lon="11.348512" lat="43.172079"><ele>474.0</ele></trkpt>
   <trkpt lon="11.348325" lat="43.172064"><ele>476.0</ele></trkpt>
   <trkpt lon="11.348050" lat="43.172182"><ele>476.25</ele></trkpt>
   <trkpt lon="11.347500" lat="43.172284"><ele>478.75</ele></trkpt>
   <trkpt lon="11.346895" lat="43.172429"><ele>483.0</ele></trkpt>
   <trkpt lon="11.346594" lat="43.172537"><ele>486.0</ele></trkpt>
   <trkpt lon="11.346390" lat="43.172580"><ele>486.75</ele></trkpt>
   <trkpt lon="11.346090" lat="43.172560"><ele>487.25</ele></trkpt>
   <trkpt lon="11.345302" lat="43.172345"><ele>489.75</ele></trkpt>
   <trkpt lon="11.344963" lat="43.172432"><ele>489.75</ele></trkpt>
   <trkpt lon="11.344712" lat="43.172485"><ele>490.25</ele></trkpt>
   <trkpt lon="11.344397" lat="43.172451"><ele>492.0</ele></trkpt>
   <trkpt lon="11.344157" lat="43.172456"><ele>492.0</ele></trkpt>
   <trkpt lon="11.343690" lat="43.172666"><ele>488.25</ele></trkpt>
   <trkpt lon="11.343320" lat="43.172770"><ele>488.0</ele></trkpt>
   <trkpt lon="11.342580" lat="43.172943"><ele>485.25</ele></trkpt>
   <trkpt lon="11.341958" lat="43.172988"><ele>481.75</ele></trkpt>
   <trkpt lon="11.341524" lat="43.173143"><ele>481.5</ele></trkpt>
   <trkpt lon="11.341408" lat="43.173245"><ele>483.0</ele></trkpt>
   <trkpt lon="11.341284" lat="43.173337"><ele>483.0</ele></trkpt>
   <trkpt lon="11.340790" lat="43.173610"><ele>480.0</ele></trkpt>
   <trkpt lon="11.340570" lat="43.173780"><ele>481.0</ele></trkpt>
   <trkpt lon="11.340290" lat="43.173930"><ele>483.75</ele></trkpt>
   <trkpt lon="11.340140" lat="43.174020"><ele>484.75</ele></trkpt>
   <trkpt lon="11.339796" lat="43.174295"><ele>486.75</ele></trkpt>
   <trkpt lon="11.339559" lat="43.174368"><ele>487.25</ele></trkpt>
   <trkpt lon="11.339390" lat="43.174490"><ele>488.5</ele></trkpt>
   <trkpt lon="11.339114" lat="43.174800"><ele>490.0</ele></trkpt>
   <trkpt lon="11.338912" lat="43.174959"><ele>490.0</ele></trkpt>
   <trkpt lon="11.338723" lat="43.175054"><ele>490.0</ele></trkpt>
   <trkpt lon="11.338340" lat="43.175719"><ele>492.75</ele></trkpt>
   <trkpt lon="11.338050" lat="43.175936"><ele>491.75</ele></trkpt>
   <trkpt lon="11.337691" lat="43.176147"><ele>490.25</ele></trkpt>
   <trkpt lon="11.337408" lat="43.176403"><ele>489.5</ele></trkpt>
   <trkpt lon="11.337203" lat="43.176466"><ele>489.0</ele></trkpt>
   <trkpt lon="11.336770" lat="43.176810"><ele>488.0</ele></trkpt>
   <trkpt lon="11.336353" lat="43.177022"><ele>487.5</ele></trkpt>
   <trkpt lon="11.336291" lat="43.177283"><ele>484.75</ele></trkpt>
   <trkpt lon="11.336227" lat="43.177435"><ele>483.25</ele></trkpt>
   <trkpt lon="11.336091" lat="43.177525"><ele>482.5</ele></trkpt>
   <trkpt lon="11.335881" lat="43.177596"><ele>481.25</ele></trkpt>
   <trkpt lon="11.335652" lat="43.177820"><ele>480.0</ele></trkpt>
   <trkpt lon="11.335590" lat="43.177943"><ele>480.0</ele></trkpt>
   <trkpt lon="11.335369" lat="43.178212"><ele>480.0</ele></trkpt>
   <trkpt lon="11.335174" lat="43.178312"><ele>479.75</ele></trkpt>
   <trkpt lon="11.334922" lat="43.178314"><ele>479.75</ele></trkpt>
   <trkpt lon="11.334678" lat="43.178257"><ele>479.5</ele></trkpt>
   <trkpt lon="11.334278" lat="43.178050"><ele>477.0</ele></trkpt>
   <trkpt lon="11.334235" lat="43.178034"><ele>476.75</ele></trkpt>
   <trkpt lon="11.333903" lat="43.177953"><ele>474.75</ele></trkpt>
   <trkpt lon="11.333856" lat="43.177945"><ele>474.5</ele></trkpt>
   <trkpt lon="11.333798" lat="43.177944"><ele>474.75</ele></trkpt>
   <trkpt lon="11.333525" lat="43.177966"><ele>475.25</ele></trkpt>
   <trkpt lon="11.333373" lat="43.177965"><ele>474.0</ele></trkpt>
   <trkpt lon="11.333092" lat="43.177947"><ele>471.75</ele></trkpt>
   <trkpt lon="11.332878" lat="43.177961"><ele>471.0</ele></trkpt>
   <trkpt lon="11.332462" lat="43.178027"><ele>470.25</ele></trkpt>
   <trkpt lon="11.332180" lat="43.178090"><ele>470.75</ele></trkpt>
   <trkpt lon="11.331934" lat="43.178163"><ele>469.25</ele></trkpt>
   <trkpt lon="11.331664" lat="43.178021"><ele>470.25</ele></trkpt>
   <trkpt lon="11.331345" lat="43.177863"><ele>470.0</ele></trkpt>
   <trkpt lon="11.331207" lat="43.177806"><ele>468.75</ele></trkpt>
   <trkpt lon="11.331043" lat="43.177752"><ele>467.25</ele></trkpt>
   <trkpt lon="11.330856" lat="43.177706"><ele>465.75</ele></trkpt>
   <trkpt lon="11.330663" lat="43.177675"><ele>466.0</ele></trkpt>
   <trkpt lon="11.330487" lat="43.177658"><ele>466.25</ele></trkpt>
   <trkpt lon="11.330405" lat="43.177656"><ele>466.0</ele></trkpt>
   <trkpt lon="11.330191" lat="43.177658"><ele>465.25</ele></trkpt>
   <trkpt lon="11.329357" lat="43.177693"><ele>462.5</ele></trkpt>
   <trkpt lon="11.328545" lat="43.177707"><ele>455.0</ele></trkpt>
   <trkpt lon="11.328241" lat="43.177728"><ele>455.75</ele></trkpt>
   <trkpt lon="11.327865" lat="43.177768"><ele>456.0</ele></trkpt>
   <trkpt lon="11.327631" lat="43.177804"><ele>454.5</ele></trkpt>
   <trkpt lon="11.327493" lat="43.177836"><ele>453.0</ele></trkpt>
   <trkpt lon="11.327201" lat="43.177931"><ele>449.5</ele></trkpt>
   <trkpt lon="11.326579" lat="43.178150"><ele>446.0</ele></trkpt>
   <trkpt lon="11.326462" lat="43.178200"><ele>445.25</ele></trkpt>
   <trkpt lon="11.326129" lat="43.178368"><ele>443.25</ele></trkpt>
   <trkpt lon="11.326027" lat="43.178406"><ele>443.0</ele></trkpt>
   <trkpt lon="11.325994" lat="43.178415"><ele>442.75</ele></trkpt>
   <trkpt lon="11.325960" lat="43.178440"><ele>442.5</ele></trkpt>
   <trkpt lon="11.325914" lat="43.178467"><ele>442.25</ele></trkpt>
   <trkpt lon="11.325824" lat="43.178511"><ele>442.0</ele></trkpt>
   <trkpt lon="11.325377" lat="43.178690"><ele>440.25</ele></trkpt>
   <trkpt lon="11.325176" lat="43.178778"><ele>439.25</ele></trkpt>
   <trkpt lon="11.325025" lat="43.178852"><ele>439.0</ele></trkpt>
   <trkpt lon="11.324888" lat="43.178930"><ele>437.25</ele></trkpt>
   <trkpt lon="11.324831" lat="43.178968"><ele>436.75</ele></trkpt>
   <trkpt lon="11.324628" lat="43.179331"><ele>436.25</ele></trkpt>
   <trkpt lon="11.324585" lat="43.179431"><ele>436.25</ele></trkpt>
   <trkpt lon="11.324543" lat="43.179557"><ele>436.25</ele></trkpt>
   <trkpt lon="11.324528" lat="43.179636"><ele>436.25</ele></trkpt>
   <trkpt lon="11.324526" lat="43.179696"><ele>436.0</ele></trkpt>
   <trkpt lon="11.324546" lat="43.179864"><ele>435.75</ele></trkpt>
   <trkpt lon="11.324626" lat="43.180256"><ele>436.25</ele></trkpt>
   <trkpt lon="11.324800" lat="43.180977"><ele>437.75</ele></trkpt>
   <trkpt lon="11.324823" lat="43.181122"><ele>438.0</ele></trkpt>
   <trkpt lon="11.324830" lat="43.181218"><ele>438.0</ele></trkpt>
   <trkpt lon="11.324827" lat="43.181402"><ele>438.0</ele></trkpt>
   <trkpt lon="11.324796" lat="43.181577"><ele>437.25</ele></trkpt>
   <trkpt lon="11.324800" lat="43.181651"><ele>436.75</ele></trkpt>
   <trkpt lon="11.324827" lat="43.181714"><ele>437.5</ele></trkpt>
   <trkpt lon="11.324888" lat="43.181773"><ele>438.0</ele></trkpt>
   <trkpt lon="11.325132" lat="43.181942"><ele>440.5</ele></trkpt>
   <trkpt lon="11.325227" lat="43.182020"><ele>440.0</ele></trkpt>
   <trkpt lon="11.325420" lat="43.182269"><ele>439.25</ele></trkpt>
   <trkpt lon="11.325504" lat="43.182414"><ele>438.5</ele></trkpt>
   <trkpt lon="11.325546" lat="43.182527"><ele>437.75</ele></trkpt>
   <trkpt lon="11.325564" lat="43.182661"><ele>436.0</ele></trkpt>
   <trkpt lon="11.325562" lat="43.183242"><ele>430.75</ele></trkpt>
   <trkpt lon="11.325647" lat="43.183276"><ele>430.5</ele></trkpt>
   <trkpt lon="11.325690" lat="43.183307"><ele>430.5</ele></trkpt>
   <trkpt lon="11.326050" lat="43.183870"><ele>429.5</ele></trkpt>
   <trkpt lon="11.326755" lat="43.184205"><ele>426.25</ele></trkpt>
   <trkpt lon="11.327216" lat="43.185199"><ele>414.0</ele></trkpt>
   <trkpt lon="11.327123" lat="43.185773"><ele>412.25</ele></trkpt>
   <trkpt lon="11.327030" lat="43.186199"><ele>411.0</ele></trkpt>
   <trkpt lon="11.326766" lat="43.187131"><ele>404.5</ele></trkpt>
   <trkpt lon="11.326727" lat="43.187069"><ele>405.5</ele></trkpt>
   <trkpt lon="11.326655" lat="43.186998"><ele>406.25</ele></trkpt>
   <trkpt lon="11.326540" lat="43.186912"><ele>406.0</ele></trkpt>
   <trkpt lon="11.326420" lat="43.186837"><ele>404.75</ele></trkpt>
   <trkpt lon="11.326250" lat="43.187066"><ele>402.75</ele></trkpt>
   <trkpt lon="11.326086" lat="43.187350"><ele>400.75</ele></trkpt>
   <trkpt lon="11.325942" lat="43.187654"><ele>398.75</ele></trkpt>
   <trkpt lon="11.325880" lat="43.187744"><ele>398.75</ele></trkpt>
   <trkpt lon="11.325827" lat="43.187793"><ele>399.0</ele></trkpt>
   <trkpt lon="11.325753" lat="43.187837"><ele>398.5</ele></trkpt>
   <trkpt lon="11.325662" lat="43.187879"><ele>398.0</ele></trkpt>
   <trkpt lon="11.324973" lat="43.188172"><ele>388.5</ele></trkpt>
   <trkpt lon="11.324844" lat="43.188256"><ele>386.0</ele></trkpt>
   <trkpt lon="11.324800" lat="43.188307"><ele>385.25</ele></trkpt>
   <trkpt lon="11.324777" lat="43.188350"><ele>384.75</ele></trkpt>
   <trkpt lon="11.324770" lat="43.188449"><ele>384.5</ele></trkpt>
   <trkpt lon="11.324803" lat="43.188627"><ele>384.75</ele></trkpt>
   <trkpt lon="11.324800" lat="43.188713"><ele>384.75</ele></trkpt>
   <trkpt lon="11.324766" lat="43.188808"><ele>384.0</ele></trkpt>
   <trkpt lon="11.324698" lat="43.188959"><ele>381.5</ele></trkpt>
   <trkpt lon="11.324678" lat="43.189023"><ele>380.25</ele></trkpt>
   <trkpt lon="11.324625" lat="43.189335"><ele>377.5</ele></trkpt>
   <trkpt lon="11.324490" lat="43.189600"><ele>375.0</ele></trkpt>
   <trkpt lon="11.324457" lat="43.189702"><ele>374.0</ele></trkpt>
   <trkpt lon="11.324456" lat="43.189793"><ele>372.75</ele></trkpt>
   <trkpt lon="11.324536" lat="43.189974"><ele>370.25</ele></trkpt>
   <trkpt lon="11.324545" lat="43.190017"><ele>370.0</ele></trkpt>
   <trkpt lon="11.324542" lat="43.190057"><ele>370.0</ele></trkpt>
   <trkpt lon="11.324493" lat="43.190146"><ele>369.0</ele></trkpt>
   <trkpt lon="11.324270" lat="43.190384"><ele>363.0</ele></trkpt>
   <trkpt lon="11.324238" lat="43.190431"><ele>362.25</ele></trkpt>
   <trkpt lon="11.324219" lat="43.190480"><ele>361.5</ele></trkpt>
   <trkpt lon="11.324222" lat="43.190525"><ele>361.25</ele></trkpt>
   <trkpt lon="11.324242" lat="43.190567"><ele>361.25</ele></trkpt>
   <trkpt lon="11.324385" lat="43.190708"><ele>361.0</ele></trkpt>
   <trkpt lon="11.324429" lat="43.190765"><ele>360.25</ele></trkpt>
   <trkpt lon="11.324451" lat="43.190814"><ele>359.5</ele></trkpt>
   <trkpt lon="11.324469" lat="43.190925"><ele>358.25</ele></trkpt>
   <trkpt lon="11.324459" lat="43.191014"><ele>356.5</ele></trkpt>
   <trkpt lon="11.324318" lat="43.191359"><ele>351.75</ele></trkpt>
   <trkpt lon="11.324284" lat="43.191475"><ele>350.25</ele></trkpt>
   <trkpt lon="11.324281" lat="43.191512"><ele>349.75</ele></trkpt>
   <trkpt lon="11.324287" lat="43.191586"><ele>349.5</ele></trkpt>
   <trkpt lon="11.324310" lat="43.191654"><ele>349.5</ele></trkpt>
   <trkpt lon="11.324446" lat="43.191868"><ele>348.5</ele></trkpt>
   <trkpt lon="11.324490" lat="43.191961"><ele>347.75</ele></trkpt>
   <trkpt lon="11.324512" lat="43.192030"><ele>347.75</ele></trkpt>
   <trkpt lon="11.324514" lat="43.192088"><ele>347.5</ele></trkpt>
   <trkpt lon="11.324496" lat="43.192154"><ele>347.0</ele></trkpt>
   <trkpt lon="11.324344" lat="43.192352"><ele>344.0</ele></trkpt>
   <trkpt lon="11.324318" lat="43.192404"><ele>343.5</ele></trkpt>
   <trkpt lon="11.324313" lat="43.192430"><ele>343.5</ele></trkpt>
   <trkpt lon="11.324323" lat="43.192495"><ele>343.75</ele></trkpt>
   <trkpt lon="11.324430" lat="43.192719"><ele>345.75</ele></trkpt>
   <trkpt lon="11.324446" lat="43.192806"><ele>345.5</ele></trkpt>
   <trkpt lon="11.324443" lat="43.192866"><ele>344.5</ele></trkpt>
   <trkpt lon="11.324407" lat="43.192983"><ele>342.5</ele></trkpt>
   <trkpt lon="11.324336" lat="43.193089"><ele>341.0</ele></trkpt>
   <trkpt lon="11.324259" lat="43.193175"><ele>341.5</ele></trkpt>
   <trkpt lon="11.324128" lat="43.193261"><ele>340.0</ele></trkpt>
   <trkpt lon="11.323849" lat="43.193371"><ele>334.25</ele></trkpt>
   <trkpt lon="11.323798" lat="43.193402"><ele>332.25</ele></trkpt>
   <trkpt lon="11.323754" lat="43.193449"><ele>330.0</ele></trkpt>
   <trkpt lon="11.323732" lat="43.193520"><ele>328.25</ele></trkpt>
   <trkpt lon="11.323741" lat="43.193571"><ele>327.75</ele></trkpt>
   <trkpt lon="11.323861" lat="43.193783"><ele>326.75</ele></trkpt>
   <trkpt lon="11.323903" lat="43.193905"><ele>325.0</ele></trkpt>
   <trkpt lon="11.323961" lat="43.194477"><ele>323.0</ele></trkpt>
   <trkpt lon="11.323959" lat="43.194559"><ele>322.0</ele></trkpt>
   <trkpt lon="11.323940" lat="43.194700"><ele>320.5</ele></trkpt>
   <trkpt lon="11.323952" lat="43.194797"><ele>319.75</ele></trkpt>
   <trkpt lon="11.323975" lat="43.194857"><ele>319.25</ele></trkpt>
   <trkpt lon="11.324013" lat="43.194920"><ele>319.0</ele></trkpt>
   <trkpt lon="11.324245" lat="43.195182"><ele>317.0</ele></trkpt>
   <trkpt lon="11.324318" lat="43.195293"><ele>315.75</ele></trkpt>
   <trkpt lon="11.324371" lat="43.195407"><ele>315.5</ele></trkpt>
   <trkpt lon="11.324383" lat="43.195466"><ele>315.0</ele></trkpt>
   <trkpt lon="11.324381" lat="43.195524"><ele>314.75</ele></trkpt>
   <trkpt lon="11.324368" lat="43.195584"><ele>314.0</ele></trkpt>
   <trkpt lon="11.324340" lat="43.195650"><ele>313.25</ele></trkpt>
   <trkpt lon="11.324300" lat="43.195705"><ele>312.5</ele></trkpt>
   <trkpt lon="11.324254" lat="43.195752"><ele>312.25</ele></trkpt>
   <trkpt lon="11.324188" lat="43.195801"><ele>312.0</ele></trkpt>
   <trkpt lon="11.324063" lat="43.195876"><ele>311.25</ele></trkpt>
   <trkpt lon="11.323683" lat="43.196078"><ele>311.0</ele></trkpt>
   <trkpt lon="11.323301" lat="43.196279"><ele>312.25</ele></trkpt>
   <trkpt lon="11.323190" lat="43.196355"><ele>313.0</ele></trkpt>
   <trkpt lon="11.323146" lat="43.196395"><ele>313.5</ele></trkpt>
   <trkpt lon="11.323112" lat="43.196440"><ele>314.0</ele></trkpt>
   <trkpt lon="11.323085" lat="43.196503"><ele>314.5</ele></trkpt>
   <trkpt lon="11.323073" lat="43.196558"><ele>314.75</ele></trkpt>
   <trkpt lon="11.323080" lat="43.196658"><ele>314.5</ele></trkpt>
   <trkpt lon="11.323118" lat="43.196779"><ele>315.25</ele></trkpt>
   <trkpt lon="11.323267" lat="43.197122"><ele>316.0</ele></trkpt>
   <trkpt lon="11.323317" lat="43.197202"><ele>316.0</ele></trkpt>
   <trkpt lon="11.323491" lat="43.197405"><ele>316.5</ele></trkpt>
   <trkpt lon="11.323553" lat="43.197492"><ele>316.5</ele></trkpt>
   <trkpt lon="11.323585" lat="43.197572"><ele>315.75</ele></trkpt>
   <trkpt lon="11.323589" lat="43.197657"><ele>315.0</ele></trkpt>
   <trkpt lon="11.323563" lat="43.197737"><ele>314.75</ele></trkpt>
   <trkpt lon="11.323529" lat="43.197807"><ele>315.25</ele></trkpt>
   <trkpt lon="11.323449" lat="43.197891"><ele>316.75</ele></trkpt>
   <trkpt lon="11.323321" lat="43.197986"><ele>318.75</ele></trkpt>
   <trkpt lon="11.323182" lat="43.198070"><ele>319.25</ele></trkpt>
   <trkpt lon="11.323020" lat="43.198145"><ele>319.25</ele></trkpt>
   <trkpt lon="11.322900" lat="43.198193"><ele>319.5</ele></trkpt>
   <trkpt lon="11.322959" lat="43.198240"><ele>319.0</ele></trkpt>
   <trkpt lon="11.323020" lat="43.198277"><ele>318.5</ele></trkpt>
   <trkpt lon="11.323131" lat="43.198303"><ele>318.25</ele></trkpt>
   <trkpt lon="11.323994" lat="43.198428"><ele>315.0</ele></trkpt>
   <trkpt lon="11.325249" lat="43.198626"><ele>312.75</ele></trkpt>
   <trkpt lon="11.325794" lat="43.198686"><ele>311.0</ele></trkpt>
   <trkpt lon="11.325921" lat="43.198713"><ele>310.75</ele></trkpt>
   <trkpt lon="11.325958" lat="43.198731"><ele>310.5</ele></trkpt>
   <trkpt lon="11.325983" lat="43.198754"><ele>310.25</ele></trkpt>
   <trkpt lon="11.326007" lat="43.198815"><ele>310.0</ele></trkpt>
   <trkpt lon="11.326000" lat="43.198861"><ele>309.75</ele></trkpt>
   <trkpt lon="11.325896" lat="43.199176"><ele>307.25</ele></trkpt>
   <trkpt lon="11.325907" lat="43.199249"><ele>306.25</ele></trkpt>
   <trkpt lon="11.325920" lat="43.199284"><ele>305.75</ele></trkpt>
   <trkpt lon="11.325947" lat="43.199321"><ele>305.0</ele></trkpt>
   <trkpt lon="11.325992" lat="43.199361"><ele>304.25</ele></trkpt>
   <trkpt lon="11.326065" lat="43.199408"><ele>303.5</ele></trkpt>
   <trkpt lon="11.327291" lat="43.200104"><ele>297.75</ele></trkpt>
   <trkpt lon="11.327497" lat="43.200216"><ele>296.25</ele></trkpt>
   <trkpt lon="11.327865" lat="43.200347"><ele>295.0</ele></trkpt>
   <trkpt lon="11.327934" lat="43.200379"><ele>294.25</ele></trkpt>
   <trkpt lon="11.328087" lat="43.200475"><ele>292.75</ele></trkpt>
   <trkpt lon="11.328278" lat="43.200579"><ele>291.5</ele></trkpt>
   <trkpt lon="11.328436" lat="43.200643"><ele>289.75</ele></trkpt>
   <trkpt lon="11.328751" lat="43.200730"><ele>286.75</ele></trkpt>
   <trkpt lon="11.328991" lat="43.200858"><ele>284.0</ele></trkpt>
   <trkpt lon="11.329035" lat="43.200874"><ele>283.25</ele></trkpt>
   <trkpt lon="11.329061" lat="43.200878"><ele>283.0</ele></trkpt>
   <trkpt lon="11.329101" lat="43.200870"><ele>282.5</ele></trkpt>
   <trkpt lon="11.329400" lat="43.200770"><ele>279.25</ele></trkpt>
   <trkpt lon="11.329576" lat="43.200718"><ele>277.75</ele></trkpt>
   <trkpt lon="11.329738" lat="43.200680"><ele>277.0</ele></trkpt>
   <trkpt lon="11.332002" lat="43.200478"><ele>297.5</ele></trkpt>
   <trkpt lon="11.332227" lat="43.200467"><ele>299.0</ele></trkpt>
   <trkpt lon="11.332529" lat="43.200474"><ele>300.75</ele></trkpt>
   <trkpt lon="11.332722" lat="43.200472"><ele>301.0</ele></trkpt>
   <trkpt lon="11.333035" lat="43.200448"><ele>301.5</ele></trkpt>
   <trkpt lon="11.333590" lat="43.200349"><ele>302.25</ele></trkpt>
   <trkpt lon="11.333867" lat="43.200286"><ele>302.75</ele></trkpt>
   <trkpt lon="11.334425" lat="43.200144"><ele>307.25</ele></trkpt>
   <trkpt lon="11.334492" lat="43.200138"><ele>307.5</ele></trkpt>
   <trkpt lon="11.334536" lat="43.200146"><ele>307.75</ele></trkpt>
   <trkpt lon="11.334584" lat="43.200168"><ele>307.75</ele></trkpt>
   <trkpt lon="11.334601" lat="43.200184"><ele>307.75</ele></trkpt>
   <trkpt lon="11.334610" lat="43.200203"><ele>307.75</ele></trkpt>
   <trkpt lon="11.334610" lat="43.200246"><ele>307.5</ele></trkpt>
   <trkpt lon="11.334596" lat="43.200282"><ele>307.25</ele></trkpt>
   <trkpt lon="11.334562" lat="43.200335"><ele>306.5</ele></trkpt>
   <trkpt lon="11.334479" lat="43.200442"><ele>304.5</ele></trkpt>
   <trkpt lon="11.334419" lat="43.200547"><ele>303.0</ele></trkpt>
   <trkpt lon="11.334380" lat="43.200642"><ele>301.75</ele></trkpt>
   <trkpt lon="11.334357" lat="43.200780"><ele>300.0</ele></trkpt>
   <trkpt lon="11.334325" lat="43.201303"><ele>293.75</ele></trkpt>
   <trkpt lon="11.334331" lat="43.201358"><ele>293.25</ele></trkpt>
   <trkpt lon="11.334350" lat="43.201398"><ele>292.75</ele></trkpt>
   <trkpt lon="11.334374" lat="43.201425"><ele>292.75</ele></trkpt>
   <trkpt lon="11.334421" lat="43.201448"><ele>292.75</ele></trkpt>
   <trkpt lon="11.334477" lat="43.201464"><ele>292.75</ele></trkpt>
   <trkpt lon="11.334521" lat="43.201465"><ele>292.75</ele></trkpt>
   <trkpt lon="11.334618" lat="43.201448"><ele>293.0</ele></trkpt>
   <trkpt lon="11.335164" lat="43.201293"><ele>295.0</ele></trkpt>
   <trkpt lon="11.335264" lat="43.201285"><ele>295.25</ele></trkpt>
   <trkpt lon="11.335341" lat="43.201296"><ele>295.25</ele></trkpt>
   <trkpt lon="11.335401" lat="43.201321"><ele>295.25</ele></trkpt>
   <trkpt lon="11.335456" lat="43.201361"><ele>294.75</ele></trkpt>
   <trkpt lon="11.335509" lat="43.201432"><ele>294.25</ele></trkpt>
   <trkpt lon="11.335604" lat="43.201616"><ele>292.5</ele></trkpt>
   <trkpt lon="11.335839" lat="43.202188"><ele>286.5</ele></trkpt>
   <trkpt lon="11.335879" lat="43.202249"><ele>286.25</ele></trkpt>
   <trkpt lon="11.335925" lat="43.202309"><ele>286.25</ele></trkpt>
   <trkpt lon="11.336127" lat="43.202535"><ele>285.5</ele></trkpt>
   <trkpt lon="11.336450" lat="43.202845"><ele>285.5</ele></trkpt>
   <trkpt lon="11.336546" lat="43.202902"><ele>285.75</ele></trkpt>
   <trkpt lon="11.336594" lat="43.202923"><ele>285.75</ele></trkpt>
   <trkpt lon="11.336661" lat="43.202930"><ele>286.25</ele></trkpt>
   <trkpt lon="11.336709" lat="43.202931"><ele>286.25</ele></trkpt>
   <trkpt lon="11.336798" lat="43.202912"><ele>287.0</ele></trkpt>
   <trkpt lon="11.337481" lat="43.202712"><ele>290.25</ele></trkpt>
   <trkpt lon="11.338617" lat="43.202339"><ele>286.75</ele></trkpt>
   <trkpt lon="11.338797" lat="43.202297"><ele>286.0</ele></trkpt>
   <trkpt lon="11.338910" lat="43.202279"><ele>285.5</ele></trkpt>
   <trkpt lon="11.339105" lat="43.202258"><ele>284.25</ele></trkpt>
   <trkpt lon="11.339286" lat="43.202254"><ele>283.0</ele></trkpt>
   <trkpt lon="11.339464" lat="43.202270"><ele>281.5</ele></trkpt>
   <trkpt lon="11.339740" lat="43.202335"><ele>278.75</ele></trkpt>
   <trkpt lon="11.340040" lat="43.202417"><ele>275.0</ele></trkpt>
   <trkpt lon="11.340952" lat="43.202598"><ele>269.75</ele></trkpt>
   <trkpt lon="11.341214" lat="43.202706"><ele>269.0</ele></trkpt>
   <trkpt lon="11.341411" lat="43.202840"><ele>268.25</ele></trkpt>
   <trkpt lon="11.341783" lat="43.203147"><ele>268.75</ele></trkpt>
   <trkpt lon="11.341924" lat="43.203277"><ele>268.75</ele></trkpt>
   <trkpt lon="11.342059" lat="43.203431"><ele>269.0</ele></trkpt>
   <trkpt lon="11.342205" lat="43.203744"><ele>269.0</ele></trkpt>
   <trkpt lon="11.342280" lat="43.203966"><ele>268.5</ele></trkpt>
   <trkpt lon="11.342518" lat="43.204379"><ele>268.5</ele></trkpt>
   <trkpt lon="11.342677" lat="43.204488"><ele>267.0</ele></trkpt>
   <trkpt lon="11.342822" lat="43.204516"><ele>265.5</ele></trkpt>
   <trkpt lon="11.343027" lat="43.204455"><ele>263.25</ele></trkpt>
   <trkpt lon="11.343207" lat="43.204465"><ele>262.5</ele></trkpt>
   <trkpt lon="11.343272" lat="43.204502"><ele>262.25</ele></trkpt>
   <trkpt lon="11.343343" lat="43.204608"><ele>262.0</ele></trkpt>
   <trkpt lon="11.343356" lat="43.204744"><ele>262.25</ele></trkpt>
   <trkpt lon="11.343341" lat="43.204840"><ele>262.25</ele></trkpt>
   <trkpt lon="11.343342" lat="43.205163"><ele>261.75</ele></trkpt>
   <trkpt lon="11.343374" lat="43.205320"><ele>261.0</ele></trkpt>
   <trkpt lon="11.343409" lat="43.205350"><ele>261.0</ele></trkpt>
   <trkpt lon="11.343531" lat="43.205452"><ele>260.75</ele></trkpt>
   <trkpt lon="11.343509" lat="43.205737"><ele>260.0</ele></trkpt>
   <trkpt lon="11.343471" lat="43.206032"><ele>259.75</ele></trkpt>
   <trkpt lon="11.343373" lat="43.206142"><ele>258.5</ele></trkpt>
   <trkpt lon="11.343296" lat="43.206187"><ele>258.75</ele></trkpt>
   <trkpt lon="11.343189" lat="43.206251"><ele>259.75</ele></trkpt>
   <trkpt lon="11.343041" lat="43.206454"><ele>258.75</ele></trkpt>
   <trkpt lon="11.342866" lat="43.206934"><ele>257.0</ele></trkpt>
   <trkpt lon="11.342250" lat="43.207824"><ele>254.5</ele></trkpt>
   <trkpt lon="11.342070" lat="43.208010"><ele>252.5</ele></trkpt>
   <trkpt lon="11.341939" lat="43.208074"><ele>251.5</ele></trkpt>
   <trkpt lon="11.341699" lat="43.208039"><ele>250.5</ele></trkpt>
   <trkpt lon="11.341621" lat="43.208004"><ele>250.75</ele></trkpt>
   <trkpt lon="11.341485" lat="43.207971"><ele>250.5</ele></trkpt>
   <trkpt lon="11.341320" lat="43.208040"><ele>248.0</ele></trkpt>
   <trkpt lon="11.341139" lat="43.208130"><ele>246.0</ele></trkpt>
   <trkpt lon="11.341050" lat="43.208204"><ele>245.0</ele></trkpt>
   <trkpt lon="11.340936" lat="43.208313"><ele>245.5</ele></trkpt>
   <trkpt lon="11.340891" lat="43.208370"><ele>246.25</ele></trkpt>
   <trkpt lon="11.340875" lat="43.208415"><ele>246.5</ele></trkpt>
   <trkpt lon="11.340872" lat="43.208464"><ele>246.5</ele></trkpt>
   <trkpt lon="11.340903" lat="43.208595"><ele>246.5</ele></trkpt>
   <trkpt lon="11.340930" lat="43.208706"><ele>247.5</ele></trkpt>
   <trkpt lon="11.340986" lat="43.209095"><ele>250.75</ele></trkpt>
   <trkpt lon="11.341111" lat="43.209260"><ele>251.5</ele></trkpt>
   <trkpt lon="11.341136" lat="43.209399"><ele>252.25</ele></trkpt>
   <trkpt lon="11.341100" lat="43.209536"><ele>253.0</ele></trkpt>
   <trkpt lon="11.341027" lat="43.209616"><ele>253.75</ele></trkpt>
   <trkpt lon="11.340952" lat="43.209700"><ele>255.0</ele></trkpt>
   <trkpt lon="11.340845" lat="43.209919"><ele>257.5</ele></trkpt>
   <trkpt lon="11.340809" lat="43.210572"><ele>265.25</ele></trkpt>
   <trkpt lon="11.340830" lat="43.210725"><ele>266.0</ele></trkpt>
   <trkpt lon="11.341040" lat="43.211187"><ele>268.5</ele></trkpt>
   <trkpt lon="11.341022" lat="43.211438"><ele>270.5</ele></trkpt>
   <trkpt lon="11.340948" lat="43.211661"><ele>271.5</ele></trkpt>
   <trkpt lon="11.340459" lat="43.212162"><ele>269.5</ele></trkpt>
   <trkpt lon="11.340066" lat="43.212787"><ele>262.5</ele></trkpt>
   <trkpt lon="11.339928" lat="43.212943"><ele>260.5</ele></trkpt>
   <trkpt lon="11.339754" lat="43.213017"><ele>259.25</ele></trkpt>
   <trkpt lon="11.339366" lat="43.213100"><ele>258.25</ele></trkpt>
   <trkpt lon="11.339250" lat="43.213170"><ele>257.5</ele></trkpt>
   <trkpt lon="11.339167" lat="43.213234"><ele>257.0</ele></trkpt>
   <trkpt lon="11.339110" lat="43.213310"><ele>256.5</ele></trkpt>
   <trkpt lon="11.339172" lat="43.213616"><ele>252.75</ele></trkpt>
   <trkpt lon="11.339198" lat="43.213657"><ele>252.75</ele></trkpt>
   <trkpt lon="11.339208" lat="43.213673"><ele>252.75</ele></trkpt>
   <trkpt lon="11.339265" lat="43.213781"><ele>252.5</ele></trkpt>
   <trkpt lon="11.340022" lat="43.214936"><ele>262.5</ele></trkpt>
   <trkpt lon="11.340072" lat="43.215056"><ele>263.75</ele></trkpt>
   <trkpt lon="11.340110" lat="43.215478"><ele>267.75</ele></trkpt>
   <trkpt lon="11.340210" lat="43.215670"><ele>270.0</ele></trkpt>
   <trkpt lon="11.340249" lat="43.215792"><ele>270.75</ele></trkpt>
   <trkpt lon="11.340247" lat="43.215955"><ele>271.75</ele></trkpt>
   <trkpt lon="11.340228" lat="43.216059"><ele>272.5</ele></trkpt>
   <trkpt lon="11.340217" lat="43.216197"><ele>272.25</ele></trkpt>
   <trkpt lon="11.340221" lat="43.216299"><ele>271.5</ele></trkpt>
   <trkpt lon="11.340227" lat="43.216430"><ele>270.5</ele></trkpt>
   <trkpt lon="11.339804" lat="43.217698"><ele>254.0</ele></trkpt>
   <trkpt lon="11.339777" lat="43.217777"><ele>253.5</ele></trkpt>
   <trkpt lon="11.339273" lat="43.219356"><ele>273.0</ele></trkpt>
   <trkpt lon="11.339119" lat="43.219391"><ele>273.75</ele></trkpt>
   <trkpt lon="11.338865" lat="43.219467"><ele>275.0</ele></trkpt>
   <trkpt lon="11.338725" lat="43.219548"><ele>275.75</ele></trkpt>
   <trkpt lon="11.338624" lat="43.219657"><ele>277.25</ele></trkpt>
   <trkpt lon="11.338569" lat="43.219773"><ele>277.75</ele></trkpt>
   <trkpt lon="11.338514" lat="43.219857"><ele>277.75</ele></trkpt>
   <trkpt lon="11.338627" lat="43.219915"><ele>278.0</ele></trkpt>
   <trkpt lon="11.339236" lat="43.220171"><ele>277.25</ele></trkpt>
   <trkpt lon="11.339447" lat="43.220273"><ele>277.75</ele></trkpt>
   <trkpt lon="11.339353" lat="43.220443"><ele>275.25</ele></trkpt>
   <trkpt lon="11.339163" lat="43.220755"><ele>269.25</ele></trkpt>
   <trkpt lon="11.338862" lat="43.221214"><ele>260.25</ele></trkpt>
   <trkpt lon="11.337948" lat="43.222651"><ele>246.5</ele></trkpt>
   <trkpt lon="11.337892" lat="43.222722"><ele>246.25</ele></trkpt>
   <trkpt lon="11.337840" lat="43.222805"><ele>246.75</ele></trkpt>
   <trkpt lon="11.337559" lat="43.223285"><ele>252.75</ele></trkpt>
   <trkpt lon="11.337290" lat="43.223681"><ele>261.0</ele></trkpt>
   <trkpt lon="11.337236" lat="43.223799"><ele>263.25</ele></trkpt>
   <trkpt lon="11.337293" lat="43.223796"><ele>263.0</ele></trkpt>
   <trkpt lon="11.337382" lat="43.223809"><ele>263.0</ele></trkpt>
   <trkpt lon="11.337439" lat="43.223830"><ele>263.25</ele></trkpt>
   <trkpt lon="11.337482" lat="43.223865"><ele>263.5</ele></trkpt>
   <trkpt lon="11.337627" lat="43.223862"><ele>263.0</ele></trkpt>
   <trkpt lon="11.337961" lat="43.223923"><ele>263.0</ele></trkpt>
   <trkpt lon="11.338861" lat="43.224513"><ele>256.5</ele></trkpt>
   <trkpt lon="11.338904" lat="43.224555"><ele>256.0</ele></trkpt>
   <trkpt lon="11.339016" lat="43.224650"><ele>255.0</ele></trkpt>
   <trkpt lon="11.339092" lat="43.224754"><ele>253.75</ele></trkpt>
   <trkpt lon="11.339089" lat="43.224829"><ele>253.5</ele></trkpt>
   <trkpt lon="11.339049" lat="43.224921"><ele>253.75</ele></trkpt>
   <trkpt lon="11.338930" lat="43.225164"><ele>254.75</ele></trkpt>
   <trkpt lon="11.338808" lat="43.225561"><ele>254.0</ele></trkpt>
   <trkpt lon="11.338737" lat="43.225684"><ele>255.0</ele></trkpt>
   <trkpt lon="11.338673" lat="43.225741"><ele>256.0</ele></trkpt>
   <trkpt lon="11.338496" lat="43.225814"><ele>258.5</ele></trkpt>
   <trkpt lon="11.338450" lat="43.225875"><ele>259.25</ele></trkpt>
   <trkpt lon="11.338377" lat="43.225969"><ele>260.25</ele></trkpt>
   <trkpt lon="11.337515" lat="43.226887"><ele>261.5</ele></trkpt>
   <trkpt lon="11.337305" lat="43.227113"><ele>262.75</ele></trkpt>
   <trkpt lon="11.337295" lat="43.227174"><ele>262.5</ele></trkpt>
   <trkpt lon="11.337311" lat="43.227253"><ele>262.0</ele></trkpt>
   <trkpt lon="11.337459" lat="43.227725"><ele>254.0</ele></trkpt>
   <trkpt lon="11.337551" lat="43.227886"><ele>251.0</ele></trkpt>
   <trkpt lon="11.337570" lat="43.227952"><ele>249.75</ele></trkpt>
   <trkpt lon="11.337575" lat="43.227997"><ele>249.0</ele></trkpt>
   <trkpt lon="11.337565" lat="43.228056"><ele>248.25</ele></trkpt>
   <trkpt lon="11.337524" lat="43.228146"><ele>247.75</ele></trkpt>
   <trkpt lon="11.337442" lat="43.228253"><ele>247.5</ele></trkpt>
   <trkpt lon="11.337363" lat="43.228305"><ele>248.0</ele></trkpt>
   <trkpt lon="11.337277" lat="43.228327"><ele>249.25</ele></trkpt>
   <trkpt lon="11.337206" lat="43.228333"><ele>250.0</ele></trkpt>
   <trkpt lon="11.337094" lat="43.228325"><ele>251.25</ele></trkpt>
   <trkpt lon="11.336626" lat="43.228260"><ele>257.5</ele></trkpt>
   <trkpt lon="11.336580" lat="43.228275"><ele>257.75</ele></trkpt>
   <trkpt lon="11.336537" lat="43.228304"><ele>258.0</ele></trkpt>
   <trkpt lon="11.336531" lat="43.228346"><ele>257.75</ele></trkpt>
   <trkpt lon="11.336536" lat="43.228403"><ele>257.25</ele></trkpt>
   <trkpt lon="11.336628" lat="43.228668"><ele>254.75</ele></trkpt>
   <trkpt lon="11.337301" lat="43.230013"><ele>245.0</ele></trkpt>
   <trkpt lon="11.337408" lat="43.230260"><ele>244.5</ele></trkpt>
   <trkpt lon="11.337443" lat="43.230428"><ele>244.5</ele></trkpt>
   <trkpt lon="11.337863" lat="43.230919"><ele>244.75</ele></trkpt>
   <trkpt lon="11.338197" lat="43.231326"><ele>245.0</ele></trkpt>
   <trkpt lon="11.338496" lat="43.231748"><ele>243.25</ele></trkpt>
   <trkpt lon="11.338680" lat="43.231961"><ele>243.5</ele></trkpt>
   <trkpt lon="11.338837" lat="43.232090"><ele>242.5</ele></trkpt>
   <trkpt lon="11.339430" lat="43.232478"><ele>240.0</ele></trkpt>
   <trkpt lon="11.339988" lat="43.232785"><ele>238.0</ele></trkpt>
   <trkpt lon="11.340343" lat="43.232959"><ele>235.5</ele></trkpt>
   <trkpt lon="11.341147" lat="43.233237"><ele>234.75</ele></trkpt>
   <trkpt lon="11.341412" lat="43.233366"><ele>236.5</ele></trkpt>
   <trkpt lon="11.341549" lat="43.233455"><ele>235.75</ele></trkpt>
   <trkpt lon="11.341871" lat="43.233743"><ele>238.25</ele></trkpt>
   <trkpt lon="11.342192" lat="43.233924"><ele>240.0</ele></trkpt>
   <trkpt lon="11.342414" lat="43.234076"><ele>240.0</ele></trkpt>
   <trkpt lon="11.342869" lat="43.234475"><ele>241.5</ele></trkpt>
   <trkpt lon="11.343037" lat="43.234597"><ele>241.0</ele></trkpt>
   <trkpt lon="11.343137" lat="43.234613"><ele>241.0</ele></trkpt>
   <trkpt lon="11.343177" lat="43.234630"><ele>241.0</ele></trkpt>
   <trkpt lon="11.343576" lat="43.234912"><ele>240.5</ele></trkpt>
   <trkpt lon="11.343711" lat="43.234986"><ele>240.75</ele></trkpt>
   <trkpt lon="11.343863" lat="43.235087"><ele>241.0</ele></trkpt>
   <trkpt lon="11.344311" lat="43.235512"><ele>240.25</ele></trkpt>
   <trkpt lon="11.344624" lat="43.235838"><ele>241.25</ele></trkpt>
   <trkpt lon="11.344928" lat="43.236059"><ele>241.75</ele></trkpt>
   <trkpt lon="11.345016" lat="43.236114"><ele>242.0</ele></trkpt>
   <trkpt lon="11.345191" lat="43.236339"><ele>244.5</ele></trkpt>
   <trkpt lon="11.345385" lat="43.236524"><ele>244.0</ele></trkpt>
   <trkpt lon="11.345869" lat="43.236953"><ele>245.0</ele></trkpt>
   <trkpt lon="11.346169" lat="43.237230"><ele>243.25</ele></trkpt>
   <trkpt lon="11.346313" lat="43.237455"><ele>243.0</ele></trkpt>
   <trkpt lon="11.346440" lat="43.237586"><ele>242.25</ele></trkpt>
   <trkpt lon="11.346776" lat="43.237728"><ele>241.0</ele></trkpt>
   <trkpt lon="11.347368" lat="43.237897"><ele>235.5</ele></trkpt>
   <trkpt lon="11.346975" lat="43.237910"><ele>236.75</ele></trkpt>
   <trkpt lon="11.346719" lat="43.237925"><ele>237.5</ele></trkpt>
   <trkpt lon="11.346630" lat="43.237934"><ele>237.5</ele></trkpt>
   <trkpt lon="11.346456" lat="43.237968"><ele>237.0</ele></trkpt>
   <trkpt lon="11.346371" lat="43.238001"><ele>236.75</ele></trkpt>
   <trkpt lon="11.346189" lat="43.238086"><ele>235.5</ele></trkpt>
   <trkpt lon="11.346073" lat="43.238153"><ele>234.75</ele></trkpt>
   <trkpt lon="11.345912" lat="43.238265"><ele>234.25</ele></trkpt>
   <trkpt lon="11.345856" lat="43.238312"><ele>234.0</ele></trkpt>
   <trkpt lon="11.345782" lat="43.238397"><ele>233.0</ele></trkpt>
   <trkpt lon="11.345690" lat="43.238536"><ele>231.5</ele></trkpt>
   <trkpt lon="11.345605" lat="43.238559"><ele>230.5</ele></trkpt>
   <trkpt lon="11.345462" lat="43.238578"><ele>229.5</ele></trkpt>
   <trkpt lon="11.345240" lat="43.238592"><ele>227.75</ele></trkpt>
   <trkpt lon="11.344991" lat="43.238591"><ele>225.75</ele></trkpt>
   <trkpt lon="11.344775" lat="43.238579"><ele>223.5</ele></trkpt>
   <trkpt lon="11.344637" lat="43.238565"><ele>222.5</ele></trkpt>
   <trkpt lon="11.344085" lat="43.238480"><ele>219.0</ele></trkpt>
   <trkpt lon="11.343798" lat="43.238458"><ele>218.0</ele></trkpt>
   <trkpt lon="11.340600" lat="43.238368"><ele>208.0</ele></trkpt>
   <trkpt lon="11.340626" lat="43.238440"><ele>208.25</ele></trkpt>
   <trkpt lon="11.340630" lat="43.238513"><ele>208.25</ele></trkpt>
   <trkpt lon="11.340617" lat="43.238583"><ele>208.25</ele></trkpt>
   <trkpt lon="11.340587" lat="43.238644"><ele>208.25</ele></trkpt>
   <trkpt lon="11.340510" lat="43.238728"><ele>208.5</ele></trkpt>
   <trkpt lon="11.340213" lat="43.238977"><ele>208.0</ele></trkpt>
   <trkpt lon="11.340105" lat="43.239078"><ele>207.5</ele></trkpt>
   <trkpt lon="11.339959" lat="43.239252"><ele>207.25</ele></trkpt>
   <trkpt lon="11.339362" lat="43.240034"><ele>205.5</ele></trkpt>
   <trkpt lon="11.339300" lat="43.240150"><ele>205.5</ele></trkpt>
   <trkpt lon="11.339237" lat="43.240339"><ele>205.0</ele></trkpt>
   <trkpt lon="11.339027" lat="43.241099"><ele>202.75</ele></trkpt>
   <trkpt lon="11.338995" lat="43.241264"><ele>202.75</ele></trkpt>
   <trkpt lon="11.338994" lat="43.241346"><ele>203.0</ele></trkpt>
   <trkpt lon="11.339012" lat="43.241430"><ele>203.25</ele></trkpt>
   <trkpt lon="11.339084" lat="43.241597"><ele>203.0</ele></trkpt>
   <trkpt lon="11.339142" lat="43.241676"><ele>203.25</ele></trkpt>
   <trkpt lon="11.339214" lat="43.241749"><ele>203.0</ele></trkpt>
   <trkpt lon="11.339347" lat="43.241835"><ele>202.75</ele></trkpt>
   <trkpt lon="11.339450" lat="43.241880"><ele>202.5</ele></trkpt>
   <trkpt lon="11.339564" lat="43.241912"><ele>201.75</ele></trkpt>
   <trkpt lon="11.339707" lat="43.241932"><ele>201.25</ele></trkpt>
   <trkpt lon="11.340003" lat="43.241941"><ele>201.0</ele></trkpt>
   <trkpt lon="11.340102" lat="43.241953"><ele>201.5</ele></trkpt>
   <trkpt lon="11.340202" lat="43.241981"><ele>202.0</ele></trkpt>
   <trkpt lon="11.340256" lat="43.242009"><ele>202.0</ele></trkpt>
   <trkpt lon="11.340309" lat="43.242049"><ele>202.0</ele></trkpt>
   <trkpt lon="11.340360" lat="43.242115"><ele>201.75</ele></trkpt>
   <trkpt lon="11.340381" lat="43.242159"><ele>201.5</ele></trkpt>
   <trkpt lon="11.340396" lat="43.242240"><ele>201.0</ele></trkpt>
   <trkpt lon="11.340393" lat="43.242265"><ele>201.25</ele></trkpt>
   <trkpt lon="11.340358" lat="43.242358"><ele>201.75</ele></trkpt>
   <trkpt lon="11.340199" lat="43.242579"><ele>201.25</ele></trkpt>
   <trkpt lon="11.340097" lat="43.242748"><ele>201.0</ele></trkpt>
   <trkpt lon="11.340040" lat="43.242911"><ele>200.0</ele></trkpt>
   <trkpt lon="11.340036" lat="43.243059"><ele>199.25</ele></trkpt>
   <trkpt lon="11.340054" lat="43.243154"><ele>199.0</ele></trkpt>
   <trkpt lon="11.340086" lat="43.243247"><ele>198.75</ele></trkpt>
   <trkpt lon="11.340668" lat="43.244565"><ele>196.25</ele></trkpt>
   <trkpt lon="11.340767" lat="43.244843"><ele>195.5</ele></trkpt>
   <trkpt lon="11.340796" lat="43.244945"><ele>195.0</ele></trkpt>
   <trkpt lon="11.340838" lat="43.245118"><ele>193.75</ele></trkpt>
   <trkpt lon="11.340872" lat="43.245330"><ele>192.5</ele></trkpt>
   <trkpt lon="11.340946" lat="43.246436"><ele>191.75</ele></trkpt>
   <trkpt lon="11.340976" lat="43.246693"><ele>191.25</ele></trkpt>
   <trkpt lon="11.341021" lat="43.246843"><ele>191.25</ele></trkpt>
   <trkpt lon="11.341195" lat="43.247223"><ele>190.75</ele></trkpt>
   <trkpt lon="11.341280" lat="43.247390"><ele>190.25</ele></trkpt>
   <trkpt lon="11.341351" lat="43.247558"><ele>189.25</ele></trkpt>
   <trkpt lon="11.341400" lat="43.247733"><ele>187.5</ele></trkpt>
   <trkpt lon="11.341577" lat="43.248580"><ele>183.5</ele></trkpt>
   <trkpt lon="11.341635" lat="43.248887"><ele>184.0</ele></trkpt>
   <trkpt lon="11.341718" lat="43.249342"><ele>187.25</ele></trkpt>
   <trkpt lon="11.341730" lat="43.249463"><ele>188.25</ele></trkpt>
   <trkpt lon="11.341725" lat="43.249576"><ele>189.0</ele></trkpt>
   <trkpt lon="11.341703" lat="43.249699"><ele>189.75</ele></trkpt>
   <trkpt lon="11.341682" lat="43.249769"><ele>190.25</ele></trkpt>
   <trkpt lon="11.341613" lat="43.249924"><ele>191.25</ele></trkpt>
   <trkpt lon="11.341471" lat="43.250132"><ele>193.25</ele></trkpt>
   <trkpt lon="11.341246" lat="43.250373"><ele>195.75</ele></trkpt>
   <trkpt lon="11.341120" lat="43.250488"><ele>196.5</ele></trkpt>
   <trkpt lon="11.341018" lat="43.250565"><ele>196.75</ele></trkpt>
   <trkpt lon="11.340929" lat="43.250621"><ele>197.0</ele></trkpt>
   <trkpt lon="11.340856" lat="43.250660"><ele>197.0</ele></trkpt>
   <trkpt lon="11.340689" lat="43.250728"><ele>197.25</ele></trkpt>
   <trkpt lon="11.340528" lat="43.250776"><ele>197.25</ele></trkpt>
   <trkpt lon="11.340414" lat="43.250800"><ele>198.0</ele></trkpt>
   <trkpt lon="11.339668" lat="43.250948"><ele>201.5</ele></trkpt>
   <trkpt lon="11.339453" lat="43.250983"><ele>201.5</ele></trkpt>
   <trkpt lon="11.339128" lat="43.251013"><ele>202.25</ele></trkpt>
   <trkpt lon="11.338912" lat="43.251020"><ele>202.75</ele></trkpt>
   <trkpt lon="11.338735" lat="43.251014"><ele>203.25</ele></trkpt>
   <trkpt lon="11.338523" lat="43.250993"><ele>203.75</ele></trkpt>
   <trkpt lon="11.338294" lat="43.250956"><ele>204.0</ele></trkpt>
   <trkpt lon="11.337797" lat="43.250855"><ele>207.25</ele></trkpt>
   <trkpt lon="11.337669" lat="43.250841"><ele>207.0</ele></trkpt>
   <trkpt lon="11.337530" lat="43.250836"><ele>207.0</ele></trkpt>
   <trkpt lon="11.337434" lat="43.250841"><ele>207.0</ele></trkpt>
   <trkpt lon="11.337299" lat="43.250859"><ele>207.5</ele></trkpt>
   <trkpt lon="11.337113" lat="43.250901"><ele>208.0</ele></trkpt>
   <trkpt lon="11.336985" lat="43.250943"><ele>208.0</ele></trkpt>
   <trkpt lon="11.336908" lat="43.250977"><ele>208.0</ele></trkpt>
   <trkpt lon="11.336847" lat="43.251007"><ele>208.0</ele></trkpt>
   <trkpt lon="11.336713" lat="43.251091"><ele>208.25</ele></trkpt>
   <trkpt lon="11.336599" lat="43.251183"><ele>208.5</ele></trkpt>
   <trkpt lon="11.336435" lat="43.251338"><ele>210.25</ele></trkpt>
   <trkpt lon="11.336170" lat="43.251610"><ele>211.0</ele></trkpt>
   <trkpt lon="11.336013" lat="43.251786"><ele>211.5</ele></trkpt>
   <trkpt lon="11.335924" lat="43.251921"><ele>212.0</ele></trkpt>
   <trkpt lon="11.335895" lat="43.251982"><ele>212.0</ele></trkpt>
   <trkpt lon="11.335835" lat="43.252169"><ele>212.5</ele></trkpt>
   <trkpt lon="11.335820" lat="43.252246"><ele>212.75</ele></trkpt>
   <trkpt lon="11.335811" lat="43.252362"><ele>212.5</ele></trkpt>
   <trkpt lon="11.335829" lat="43.252476"><ele>212.75</ele></trkpt>
   <trkpt lon="11.335851" lat="43.252553"><ele>213.0</ele></trkpt>
   <trkpt lon="11.336129" lat="43.253187"><ele>216.25</ele></trkpt>
   <trkpt lon="11.336160" lat="43.253275"><ele>216.5</ele></trkpt>
   <trkpt lon="11.336166" lat="43.253328"><ele>216.75</ele></trkpt>
   <trkpt lon="11.336157" lat="43.253391"><ele>217.0</ele></trkpt>
   <trkpt lon="11.336130" lat="43.253462"><ele>217.5</ele></trkpt>
   <trkpt lon="11.336110" lat="43.253493"><ele>217.5</ele></trkpt>
   <trkpt lon="11.336055" lat="43.253560"><ele>217.75</ele></trkpt>
   <trkpt lon="11.335961" lat="43.253641"><ele>217.75</ele></trkpt>
   <trkpt lon="11.335909" lat="43.253674"><ele>218.0</ele></trkpt>
   <trkpt lon="11.335850" lat="43.253699"><ele>218.0</ele></trkpt>
   <trkpt lon="11.335744" lat="43.253729"><ele>218.0</ele></trkpt>
   <trkpt lon="11.335673" lat="43.253741"><ele>218.0</ele></trkpt>
   <trkpt lon="11.335594" lat="43.253746"><ele>218.0</ele></trkpt>
   <trkpt lon="11.335019" lat="43.253715"><ele>218.0</ele></trkpt>
   <trkpt lon="11.334892" lat="43.253718"><ele>218.0</ele></trkpt>
   <trkpt lon="11.334719" lat="43.253741"><ele>218.25</ele></trkpt>
   <trkpt lon="11.334635" lat="43.253763"><ele>218.0</ele></trkpt>
   <trkpt lon="11.334520" lat="43.253810"><ele>218.25</ele></trkpt>
   <trkpt lon="11.334424" lat="43.253873"><ele>218.5</ele></trkpt>
   <trkpt lon="11.334349" lat="43.253954"><ele>219.0</ele></trkpt>
   <trkpt lon="11.334283" lat="43.254059"><ele>219.5</ele></trkpt>
   <trkpt lon="11.334253" lat="43.254175"><ele>220.5</ele></trkpt>
   <trkpt lon="11.334248" lat="43.254222"><ele>220.25</ele></trkpt>
   <trkpt lon="11.334255" lat="43.254290"><ele>220.25</ele></trkpt>
   <trkpt lon="11.334275" lat="43.254362"><ele>220.25</ele></trkpt>
   <trkpt lon="11.334330" lat="43.254483"><ele>220.5</ele></trkpt>
   <trkpt lon="11.334402" lat="43.254603"><ele>220.75</ele></trkpt>
   <trkpt lon="11.334466" lat="43.254677"><ele>221.25</ele></trkpt>
   <trkpt lon="11.334534" lat="43.254741"><ele>221.5</ele></trkpt>
   <trkpt lon="11.334608" lat="43.254797"><ele>221.5</ele></trkpt>
   <trkpt lon="11.334921" lat="43.254984"><ele>222.25</ele></trkpt>
   <trkpt lon="11.334983" lat="43.255031"><ele>222.25</ele></trkpt>
   <trkpt lon="11.335056" lat="43.255100"><ele>222.75</ele></trkpt>
   <trkpt lon="11.335107" lat="43.255171"><ele>222.75</ele></trkpt>
   <trkpt lon="11.335144" lat="43.255238"><ele>222.75</ele></trkpt>
   <trkpt lon="11.335183" lat="43.255326"><ele>223.5</ele></trkpt>
   <trkpt lon="11.335202" lat="43.255396"><ele>224.25</ele></trkpt>
   <trkpt lon="11.335226" lat="43.255547"><ele>225.25</ele></trkpt>
   <trkpt lon="11.335241" lat="43.256267"><ele>226.5</ele></trkpt>
   <trkpt lon="11.335269" lat="43.257451"><ele>228.5</ele></trkpt>
   <trkpt lon="11.335265" lat="43.257628"><ele>228.5</ele></trkpt>
   <trkpt lon="11.335252" lat="43.257741"><ele>228.25</ele></trkpt>
   <trkpt lon="11.335218" lat="43.257878"><ele>228.25</ele></trkpt>
   <trkpt lon="11.335155" lat="43.258004"><ele>228.5</ele></trkpt>
   <trkpt lon="11.334999" lat="43.258250"><ele>227.0</ele></trkpt>
   <trkpt lon="11.334923" lat="43.258427"><ele>226.0</ele></trkpt>
   <trkpt lon="11.334897" lat="43.258579"><ele>225.25</ele></trkpt>
   <trkpt lon="11.334897" lat="43.258824"><ele>224.25</ele></trkpt>
   <trkpt lon="11.334890" lat="43.258915"><ele>223.75</ele></trkpt>
   <trkpt lon="11.334843" lat="43.259113"><ele>222.5</ele></trkpt>
   <trkpt lon="11.334725" lat="43.259389"><ele>221.25</ele></trkpt>
   <trkpt lon="11.334516" lat="43.259842"><ele>218.0</ele></trkpt>
   <trkpt lon="11.334471" lat="43.259963"><ele>217.75</ele></trkpt>
   <trkpt lon="11.334447" lat="43.260085"><ele>217.75</ele></trkpt>
   <trkpt lon="11.334440" lat="43.260194"><ele>217.75</ele></trkpt>
   <trkpt lon="11.334444" lat="43.260295"><ele>217.75</ele></trkpt>
   <trkpt lon="11.334479" lat="43.260482"><ele>217.0</ele></trkpt>
   <trkpt lon="11.334568" lat="43.260839"><ele>216.25</ele></trkpt>
   <trkpt lon="11.334626" lat="43.261023"><ele>217.0</ele></trkpt>
   <trkpt lon="11.334669" lat="43.261125"><ele>217.5</ele></trkpt>
   <trkpt lon="11.334712" lat="43.261211"><ele>218.25</ele></trkpt>
   <trkpt lon="11.334833" lat="43.261374"><ele>218.5</ele></trkpt>
   <trkpt lon="11.335023" lat="43.261614"><ele>219.5</ele></trkpt>
   <trkpt lon="11.335085" lat="43.261710"><ele>220.25</ele></trkpt>
   <trkpt lon="11.335135" lat="43.261805"><ele>220.75</ele></trkpt>
   <trkpt lon="11.335155" lat="43.261875"><ele>221.0</ele></trkpt>
   <trkpt lon="11.335165" lat="43.261957"><ele>221.25</ele></trkpt>
   <trkpt lon="11.335156" lat="43.262032"><ele>221.0</ele></trkpt>
   <trkpt lon="11.335132" lat="43.262118"><ele>220.75</ele></trkpt>
   <trkpt lon="11.335084" lat="43.262228"><ele>221.0</ele></trkpt>
   <trkpt lon="11.334505" lat="43.262968"><ele>224.25</ele></trkpt>
   <trkpt lon="11.334223" lat="43.263348"><ele>226.25</ele></trkpt>
   <trkpt lon="11.334168" lat="43.263450"><ele>226.5</ele></trkpt>
   <trkpt lon="11.334114" lat="43.263577"><ele>226.25</ele></trkpt>
   <trkpt lon="11.334037" lat="43.263821"><ele>226.0</ele></trkpt>
   <trkpt lon="11.333930" lat="43.264373"><ele>227.25</ele></trkpt>
   <trkpt lon="11.333857" lat="43.264630"><ele>228.25</ele></trkpt>
   <trkpt lon="11.333781" lat="43.264815"><ele>228.0</ele></trkpt>
   <trkpt lon="11.333427" lat="43.265578"><ele>230.5</ele></trkpt>
   <trkpt lon="11.333338" lat="43.265817"><ele>231.75</ele></trkpt>
   <trkpt lon="11.333289" lat="43.265987"><ele>232.5</ele></trkpt>
   <trkpt lon="11.333199" lat="43.266370"><ele>233.75</ele></trkpt>
   <trkpt lon="11.333123" lat="43.266784"><ele>235.0</ele></trkpt>
   <trkpt lon="11.333089" lat="43.267069"><ele>235.25</ele></trkpt>
   <trkpt lon="11.333077" lat="43.267328"><ele>236.25</ele></trkpt>
   <trkpt lon="11.333098" lat="43.267821"><ele>235.5</ele></trkpt>
   <trkpt lon="11.333136" lat="43.268381"><ele>235.0</ele></trkpt>
   <trkpt lon="11.333137" lat="43.268532"><ele>234.75</ele></trkpt>
   <trkpt lon="11.333126" lat="43.268636"><ele>234.75</ele></trkpt>
   <trkpt lon="11.333098" lat="43.268754"><ele>234.75</ele></trkpt>
   <trkpt lon="11.333037" lat="43.268918"><ele>234.75</ele></trkpt>
   <trkpt lon="11.332994" lat="43.268996"><ele>234.5</ele></trkpt>
   <trkpt lon="11.332926" lat="43.269099"><ele>234.25</ele></trkpt>
   <trkpt lon="11.332779" lat="43.269269"><ele>234.5</ele></trkpt>
   <trkpt lon="11.332719" lat="43.269327"><ele>234.25</ele></trkpt>
   <trkpt lon="11.332587" lat="43.269439"><ele>235.25</ele></trkpt>
   <trkpt lon="11.331542" lat="43.270310"><ele>239.25</ele></trkpt>
   <trkpt lon="11.331342" lat="43.270486"><ele>240.0</ele></trkpt>
   <trkpt lon="11.331255" lat="43.270576"><ele>240.25</ele></trkpt>
   <trkpt lon="11.331172" lat="43.270683"><ele>240.5</ele></trkpt>
   <trkpt lon="11.331076" lat="43.270830"><ele>241.0</ele></trkpt>
   <trkpt lon="11.330995" lat="43.270990"><ele>241.0</ele></trkpt>
   <trkpt lon="11.330856" lat="43.271371"><ele>240.0</ele></trkpt>
   <trkpt lon="11.330802" lat="43.271577"><ele>240.25</ele></trkpt>
   <trkpt lon="11.330791" lat="43.271656"><ele>240.75</ele></trkpt>
   <trkpt lon="11.330769" lat="43.272103"><ele>241.25</ele></trkpt>
   <trkpt lon="11.330760" lat="43.272170"><ele>241.5</ele></trkpt>
   <trkpt lon="11.330615" lat="43.272726"><ele>242.0</ele></trkpt>
   <trkpt lon="11.330548" lat="43.272901"><ele>242.25</ele></trkpt>
   <trkpt lon="11.330440" lat="43.273105"><ele>242.0</ele></trkpt>
   <trkpt lon="11.330358" lat="43.273234"><ele>242.5</ele></trkpt>
   <trkpt lon="11.330159" lat="43.273510"><ele>242.75</ele></trkpt>
   <trkpt lon="11.329995" lat="43.273708"><ele>242.25</ele></trkpt>
   <trkpt lon="11.329874" lat="43.273847"><ele>243.75</ele></trkpt>
   <trkpt lon="11.329741" lat="43.273979"><ele>246.0</ele></trkpt>
   <trkpt lon="11.329490" lat="43.274179"><ele>250.0</ele></trkpt>
   <trkpt lon="11.329278" lat="43.274329"><ele>249.5</ele></trkpt>
   <trkpt lon="11.329084" lat="43.274426"><ele>250.0</ele></trkpt>
   <trkpt lon="11.328535" lat="43.274624"><ele>252.5</ele></trkpt>
   <trkpt lon="11.328398" lat="43.274681"><ele>252.75</ele></trkpt>
   <trkpt lon="11.328307" lat="43.274733"><ele>252.75</ele></trkpt>
   <trkpt lon="11.328209" lat="43.274800"><ele>252.5</ele></trkpt>
   <trkpt lon="11.327857" lat="43.275088"><ele>251.0</ele></trkpt>
   <trkpt lon="11.326982" lat="43.275831"><ele>252.0</ele></trkpt>
   <trkpt lon="11.326838" lat="43.275943"><ele>252.75</ele></trkpt>
   <trkpt lon="11.326591" lat="43.276097"><ele>252.25</ele></trkpt>
   <trkpt lon="11.326245" lat="43.276297"><ele>250.0</ele></trkpt>
   <trkpt lon="11.325179" lat="43.276916"><ele>248.0</ele></trkpt>
   <trkpt lon="11.324970" lat="43.277054"><ele>247.0</ele></trkpt>
   <trkpt lon="11.324666" lat="43.277273"><ele>246.25</ele></trkpt>
   <trkpt lon="11.324524" lat="43.277384"><ele>246.5</ele></trkpt>
   <trkpt lon="11.324467" lat="43.277438"><ele>247.5</ele></trkpt>
   <trkpt lon="11.324387" lat="43.277533"><ele>248.5</ele></trkpt>
   <trkpt lon="11.324324" lat="43.277622"><ele>248.25</ele></trkpt>
   <trkpt lon="11.323964" lat="43.278245"><ele>250.0</ele></trkpt>
   <trkpt lon="11.323827" lat="43.278432"><ele>250.25</ele></trkpt>
   <trkpt lon="11.323663" lat="43.278609"><ele>250.75</ele></trkpt>
   <trkpt lon="11.323534" lat="43.278744"><ele>250.0</ele></trkpt>
   <trkpt lon="11.323463" lat="43.278830"><ele>249.5</ele></trkpt>
   <trkpt lon="11.323433" lat="43.278877"><ele>249.25</ele></trkpt>
   <trkpt lon="11.323343" lat="43.279075"><ele>248.75</ele></trkpt>
   <trkpt lon="11.323263" lat="43.279330"><ele>248.25</ele></trkpt>
   <trkpt lon="11.323184" lat="43.279503"><ele>248.25</ele></trkpt>
   <trkpt lon="11.323153" lat="43.279550"><ele>248.25</ele></trkpt>
   <trkpt lon="11.323109" lat="43.279596"><ele>248.5</ele></trkpt>
   <trkpt lon="11.322946" lat="43.279742"><ele>248.75</ele></trkpt>
   <trkpt lon="11.322658" lat="43.279969"><ele>249.25</ele></trkpt>
   <trkpt lon="11.322474" lat="43.280088"><ele>248.0</ele></trkpt>
   <trkpt lon="11.322383" lat="43.280135"><ele>248.25</ele></trkpt>
   <trkpt lon="11.322226" lat="43.280200"><ele>249.5</ele></trkpt>
   <trkpt lon="11.321752" lat="43.280361"><ele>250.5</ele></trkpt>
   <trkpt lon="11.321666" lat="43.280395"><ele>250.75</ele></trkpt>
   <trkpt lon="11.321491" lat="43.280492"><ele>250.25</ele></trkpt>
   <trkpt lon="11.321428" lat="43.280541"><ele>250.75</ele></trkpt>
   <trkpt lon="11.321370" lat="43.280592"><ele>250.75</ele></trkpt>
   <trkpt lon="11.321205" lat="43.280787"><ele>250.5</ele></trkpt>
   <trkpt lon="11.320896" lat="43.281213"><ele>250.75</ele></trkpt>
   <trkpt lon="11.320857" lat="43.281273"><ele>250.75</ele></trkpt>
   <trkpt lon="11.320821" lat="43.281350"><ele>251.0</ele></trkpt>
   <trkpt lon="11.320771" lat="43.281484"><ele>251.25</ele></trkpt>
   <trkpt lon="11.320658" lat="43.281905"><ele>252.25</ele></trkpt>
   <trkpt lon="11.320646" lat="43.281948"><ele>252.25</ele></trkpt>
   <trkpt lon="11.320534" lat="43.282228"><ele>252.75</ele></trkpt>
   <trkpt lon="11.320342" lat="43.282609"><ele>253.25</ele></trkpt>
   <trkpt lon="11.320311" lat="43.282659"><ele>253.5</ele></trkpt>
   <trkpt lon="11.320227" lat="43.282762"><ele>253.75</ele></trkpt>
   <trkpt lon="11.320069" lat="43.282910"><ele>253.5</ele></trkpt>
   <trkpt lon="11.319921" lat="43.283038"><ele>254.5</ele></trkpt>
   <trkpt lon="11.319707" lat="43.283174"><ele>253.5</ele></trkpt>
   <trkpt lon="11.319531" lat="43.283259"><ele>253.5</ele></trkpt>
   <trkpt lon="11.319198" lat="43.283392"><ele>253.0</ele></trkpt>
   <trkpt lon="11.318965" lat="43.283470"><ele>252.5</ele></trkpt>
   <trkpt lon="11.318844" lat="43.283521"><ele>252.5</ele></trkpt>
   <trkpt lon="11.318770" lat="43.283559"><ele>251.75</ele></trkpt>
   <trkpt lon="11.318692" lat="43.283612"><ele>251.5</ele></trkpt>
   <trkpt lon="11.318626" lat="43.283668"><ele>251.25</ele></trkpt>
   <trkpt lon="11.318553" lat="43.283753"><ele>252.0</ele></trkpt>
   <trkpt lon="11.318509" lat="43.283827"><ele>253.0</ele></trkpt>
   <trkpt lon="11.318450" lat="43.283962"><ele>254.75</ele></trkpt>
   <trkpt lon="11.318406" lat="43.284124"><ele>255.5</ele></trkpt>
   <trkpt lon="11.318395" lat="43.284234"><ele>256.25</ele></trkpt>
   <trkpt lon="11.318404" lat="43.284366"><ele>257.25</ele></trkpt>
   <trkpt lon="11.318422" lat="43.284465"><ele>257.5</ele></trkpt>
   <trkpt lon="11.318481" lat="43.284667"><ele>257.25</ele></trkpt>
   <trkpt lon="11.318576" lat="43.284937"><ele>256.25</ele></trkpt>
   <trkpt lon="11.318584" lat="43.285028"><ele>256.0</ele></trkpt>
   <trkpt lon="11.318573" lat="43.285100"><ele>255.75</ele></trkpt>
   <trkpt lon="11.318549" lat="43.285184"><ele>255.75</ele></trkpt>
   <trkpt lon="11.318511" lat="43.285274"><ele>255.5</ele></trkpt>
   <trkpt lon="11.318460" lat="43.285371"><ele>255.0</ele></trkpt>
   <trkpt lon="11.318384" lat="43.285485"><ele>254.25</ele></trkpt>
   <trkpt lon="11.318319" lat="43.285571"><ele>254.0</ele></trkpt>
   <trkpt lon="11.318226" lat="43.285674"><ele>255.25</ele></trkpt>
   <trkpt lon="11.318048" lat="43.285845"><ele>256.75</ele></trkpt>
   <trkpt lon="11.317984" lat="43.285911"><ele>256.25</ele></trkpt>
   <trkpt lon="11.317945" lat="43.285966"><ele>255.75</ele></trkpt>
   <trkpt lon="11.317924" lat="43.286031"><ele>255.25</ele></trkpt>
   <trkpt lon="11.317927" lat="43.286093"><ele>255.0</ele></trkpt>
   <trkpt lon="11.317969" lat="43.286281"><ele>254.75</ele></trkpt>
   <trkpt lon="11.318005" lat="43.286402"><ele>254.75</ele></trkpt>
   <trkpt lon="11.318076" lat="43.286588"><ele>254.0</ele></trkpt>
   <trkpt lon="11.318358" lat="43.287200"><ele>255.75</ele></trkpt>
   <trkpt lon="11.318458" lat="43.287402"><ele>256.5</ele></trkpt>
   <trkpt lon="11.318509" lat="43.287563"><ele>257.0</ele></trkpt>
   <trkpt lon="11.318540" lat="43.287695"><ele>257.5</ele></trkpt>
   <trkpt lon="11.318554" lat="43.287806"><ele>258.0</ele></trkpt>
   <trkpt lon="11.318561" lat="43.287947"><ele>258.25</ele></trkpt>
   <trkpt lon="11.318542" lat="43.288227"><ele>259.0</ele></trkpt>
   <trkpt lon="11.318483" lat="43.288593"><ele>260.75</ele></trkpt>
   <trkpt lon="11.318386" lat="43.289129"><ele>262.5</ele></trkpt>
   <trkpt lon="11.318349" lat="43.289355"><ele>262.75</ele></trkpt>
   <trkpt lon="11.318347" lat="43.289417"><ele>262.75</ele></trkpt>
   <trkpt lon="11.318353" lat="43.289551"><ele>263.25</ele></trkpt>
   <trkpt lon="11.318399" lat="43.289935"><ele>264.5</ele></trkpt>
   <trkpt lon="11.318469" lat="43.290407"><ele>263.25</ele></trkpt>
   <trkpt lon="11.318514" lat="43.290720"><ele>262.5</ele></trkpt>
   <trkpt lon="11.318515" lat="43.290787"><ele>262.25</ele></trkpt>
   <trkpt lon="11.318508" lat="43.291295"><ele>261.75</ele></trkpt>
   <trkpt lon="11.318509" lat="43.291355"><ele>261.5</ele></trkpt>
   <trkpt lon="11.318509" lat="43.291744"><ele>261.75</ele></trkpt>
   <trkpt lon="11.318489" lat="43.291972"><ele>261.5</ele></trkpt>
   <trkpt lon="11.318442" lat="43.292248"><ele>261.75</ele></trkpt>
   <trkpt lon="11.318374" lat="43.292535"><ele>262.5</ele></trkpt>
   <trkpt lon="11.318341" lat="43.292756"><ele>263.75</ele></trkpt>
   <trkpt lon="11.318320" lat="43.293000"><ele>264.75</ele></trkpt>
   <trkpt lon="11.318301" lat="43.293174"><ele>264.75</ele></trkpt>
   <trkpt lon="11.318257" lat="43.293475"><ele>264.75</ele></trkpt>
   <trkpt lon="11.318248" lat="43.293610"><ele>265.0</ele></trkpt>
   <trkpt lon="11.318211" lat="43.294197"><ele>264.75</ele></trkpt>
   <trkpt lon="11.318198" lat="43.294360"><ele>265.0</ele></trkpt>
   <trkpt lon="11.318190" lat="43.294717"><ele>265.75</ele></trkpt>
   <trkpt lon="11.318208" lat="43.295439"><ele>267.75</ele></trkpt>
   <trkpt lon="11.318268" lat="43.295441"><ele>268.5</ele></trkpt>
   <trkpt lon="11.318568" lat="43.295460"><ele>269.5</ele></trkpt>
   <trkpt lon="11.318642" lat="43.295473"><ele>269.5</ele></trkpt>
   <trkpt lon="11.318738" lat="43.295505"><ele>269.75</ele></trkpt>
   <trkpt lon="11.319177" lat="43.295659"><ele>268.75</ele></trkpt>
   <trkpt lon="11.319268" lat="43.295686"><ele>267.75</ele></trkpt>
   <trkpt lon="11.319892" lat="43.295826"><ele>262.5</ele></trkpt>
   <trkpt lon="11.320303" lat="43.295915"><ele>262.75</ele></trkpt>
   <trkpt lon="11.320513" lat="43.295952"><ele>262.5</ele></trkpt>
   <trkpt lon="11.320729" lat="43.295968"><ele>263.25</ele></trkpt>
   <trkpt lon="11.320942" lat="43.295966"><ele>264.5</ele></trkpt>
   <trkpt lon="11.321209" lat="43.295929"><ele>266.0</ele></trkpt>
   <trkpt lon="11.321540" lat="43.295846"><ele>268.0</ele></trkpt>
   <trkpt lon="11.321640" lat="43.295826"><ele>268.75</ele></trkpt>
   <trkpt lon="11.321754" lat="43.295809"><ele>269.75</ele></trkpt>
   <trkpt lon="11.321834" lat="43.295809"><ele>270.5</ele></trkpt>
   <trkpt lon="11.321857" lat="43.295814"><ele>270.75</ele></trkpt>
   <trkpt lon="11.321889" lat="43.295820"><ele>271.25</ele></trkpt>
   <trkpt lon="11.322213" lat="43.295951"><ele>270.0</ele></trkpt>
   <trkpt lon="11.322414" lat="43.296032"><ele>268.5</ele></trkpt>
   <trkpt lon="11.322601" lat="43.296096"><ele>267.25</ele></trkpt>
   <trkpt lon="11.322693" lat="43.296129"><ele>266.25</ele></trkpt>
   <trkpt lon="11.322746" lat="43.296147"><ele>265.75</ele></trkpt>
   <trkpt lon="11.322899" lat="43.296191"><ele>264.25</ele></trkpt>
   <trkpt lon="11.323058" lat="43.296224"><ele>262.75</ele></trkpt>
   <trkpt lon="11.323292" lat="43.296251"><ele>260.25</ele></trkpt>
   <trkpt lon="11.323401" lat="43.296272"><ele>260.25</ele></trkpt>
   <trkpt lon="11.323495" lat="43.296299"><ele>260.5</ele></trkpt>
   <trkpt lon="11.323709" lat="43.296400"><ele>261.25</ele></trkpt>
   <trkpt lon="11.323748" lat="43.296412"><ele>260.75</ele></trkpt>
   <trkpt lon="11.323836" lat="43.296415"><ele>260.25</ele></trkpt>
   <trkpt lon="11.323909" lat="43.296405"><ele>259.75</ele></trkpt>
   <trkpt lon="11.323966" lat="43.296384"><ele>259.75</ele></trkpt>
   <trkpt lon="11.324303" lat="43.296186"><ele>257.75</ele></trkpt>
   <trkpt lon="11.324375" lat="43.296173"><ele>258.0</ele></trkpt>
   <trkpt lon="11.324430" lat="43.296179"><ele>258.25</ele></trkpt>
   <trkpt lon="11.324467" lat="43.296191"><ele>258.5</ele></trkpt>
   <trkpt lon="11.324510" lat="43.296215"><ele>258.75</ele></trkpt>
   <trkpt lon="11.324668" lat="43.296328"><ele>259.0</ele></trkpt>
   <trkpt lon="11.324715" lat="43.296374"><ele>259.0</ele></trkpt>
   <trkpt lon="11.324852" lat="43.296603"><ele>253.25</ele></trkpt>
   <trkpt lon="11.324976" lat="43.296765"><ele>248.75</ele></trkpt>
   <trkpt lon="11.325100" lat="43.296906"><ele>245.25</ele></trkpt>
   <trkpt lon="11.325223" lat="43.297006"><ele>242.25</ele></trkpt>
   <trkpt lon="11.325268" lat="43.297034"><ele>241.25</ele></trkpt>
   <trkpt lon="11.325360" lat="43.297076"><ele>240.25</ele></trkpt>
   <trkpt lon="11.325677" lat="43.297187"><ele>236.25</ele></trkpt>
   <trkpt lon="11.325817" lat="43.297253"><ele>234.0</ele></trkpt>
   <trkpt lon="11.326005" lat="43.297372"><ele>232.5</ele></trkpt>
   <trkpt lon="11.326377" lat="43.297621"><ele>227.0</ele></trkpt>
   <trkpt lon="11.326478" lat="43.297694"><ele>226.0</ele></trkpt>
   <trkpt lon="11.326605" lat="43.297801"><ele>224.5</ele></trkpt>
   <trkpt lon="11.326654" lat="43.297861"><ele>223.5</ele></trkpt>
   <trkpt lon="11.326684" lat="43.297925"><ele>222.5</ele></trkpt>
   <trkpt lon="11.326711" lat="43.298189"><ele>221.0</ele></trkpt>
   <trkpt lon="11.326723" lat="43.298247"><ele>220.75</ele></trkpt>
   <trkpt lon="11.326744" lat="43.298295"><ele>220.5</ele></trkpt>
   <trkpt lon="11.326780" lat="43.298328"><ele>220.0</ele></trkpt>
   <trkpt lon="11.326970" lat="43.298449"><ele>218.25</ele></trkpt>
   <trkpt lon="11.327046" lat="43.298496"><ele>217.75</ele></trkpt>
   <trkpt lon="11.327186" lat="43.298576"><ele>217.0</ele></trkpt>
   <trkpt lon="11.327302" lat="43.298644"><ele>216.5</ele></trkpt>
   <trkpt lon="11.327568" lat="43.298827"><ele>215.0</ele></trkpt>
   <trkpt lon="11.327624" lat="43.298869"><ele>214.75</ele></trkpt>
   <trkpt lon="11.327838" lat="43.299042"><ele>214.75</ele></trkpt>
   <trkpt lon="11.327989" lat="43.299172"><ele>213.0</ele></trkpt>
   <trkpt lon="11.328025" lat="43.299205"><ele>213.0</ele></trkpt>
   <trkpt lon="11.328070" lat="43.299265"><ele>214.0</ele></trkpt>
   <trkpt lon="11.328088" lat="43.299331"><ele>215.25</ele></trkpt>
   <trkpt lon="11.328087" lat="43.299424"><ele>217.0</ele></trkpt>
   <trkpt lon="11.328079" lat="43.299466"><ele>217.5</ele></trkpt>
   <trkpt lon="11.328033" lat="43.299578"><ele>219.25</ele></trkpt>
   <trkpt lon="11.327983" lat="43.299642"><ele>220.25</ele></trkpt>
   <trkpt lon="11.327925" lat="43.299689"><ele>221.25</ele></trkpt>
   <trkpt lon="11.327860" lat="43.299721"><ele>221.75</ele></trkpt>
   <trkpt lon="11.327774" lat="43.299742"><ele>222.0</ele></trkpt>
   <trkpt lon="11.327002" lat="43.299869"><ele>219.5</ele></trkpt>
   <trkpt lon="11.326896" lat="43.299889"><ele>219.75</ele></trkpt>
   <trkpt lon="11.326806" lat="43.299913"><ele>219.5</ele></trkpt>
   <trkpt lon="11.326740" lat="43.299946"><ele>219.25</ele></trkpt>
   <trkpt lon="11.326688" lat="43.299991"><ele>219.0</ele></trkpt>
   <trkpt lon="11.326666" lat="43.300022"><ele>219.0</ele></trkpt>
   <trkpt lon="11.326648" lat="43.300086"><ele>219.5</ele></trkpt>
   <trkpt lon="11.326649" lat="43.300125"><ele>219.75</ele></trkpt>
   <trkpt lon="11.326716" lat="43.300208"><ele>220.75</ele></trkpt>
   <trkpt lon="11.326760" lat="43.300245"><ele>221.25</ele></trkpt>
   <trkpt lon="11.326804" lat="43.300270"><ele>221.75</ele></trkpt>
   <trkpt lon="11.326876" lat="43.300295"><ele>222.5</ele></trkpt>
   <trkpt lon="11.326963" lat="43.300303"><ele>223.25</ele></trkpt>
   <trkpt lon="11.327030" lat="43.300258"><ele>223.25</ele></trkpt>
   <trkpt lon="11.327054" lat="43.300228"><ele>223.0</ele></trkpt>
   <trkpt lon="11.327148" lat="43.300066"><ele>221.5</ele></trkpt>
   <trkpt lon="11.327202" lat="43.300012"><ele>221.0</ele></trkpt>
   <trkpt lon="11.327242" lat="43.299993"><ele>221.0</ele></trkpt>
   <trkpt lon="11.327295" lat="43.299978"><ele>221.25</ele></trkpt>
   <trkpt lon="11.327367" lat="43.299970"><ele>222.0</ele></trkpt>
   <trkpt lon="11.327414" lat="43.299972"><ele>222.5</ele></trkpt>
   <trkpt lon="11.327469" lat="43.299990"><ele>223.25</ele></trkpt>
   <trkpt lon="11.327511" lat="43.300017"><ele>224.0</ele></trkpt>
   <trkpt lon="11.327538" lat="43.300043"><ele>224.25</ele></trkpt>
   <trkpt lon="11.327562" lat="43.300096"><ele>225.0</ele></trkpt>
   <trkpt lon="11.327565" lat="43.300168"><ele>225.5</ele></trkpt>
   <trkpt lon="11.327527" lat="43.300237"><ele>225.75</ele></trkpt>
   <trkpt lon="11.327484" lat="43.300270"><ele>225.75</ele></trkpt>
   <trkpt lon="11.327452" lat="43.300286"><ele>225.75</ele></trkpt>
   <trkpt lon="11.327383" lat="43.300300"><ele>225.75</ele></trkpt>
   <trkpt lon="11.327301" lat="43.300304"><ele>225.5</ele></trkpt>
   <trkpt lon="11.327231" lat="43.300316"><ele>225.25</ele></trkpt>
   <trkpt lon="11.327163" lat="43.300339"><ele>225.0</ele></trkpt>
   <trkpt lon="11.326962" lat="43.300429"><ele>224.5</ele></trkpt>
   <trkpt lon="11.326406" lat="43.300669"><ele>223.75</ele></trkpt>
   <trkpt lon="11.326259" lat="43.300742"><ele>223.75</ele></trkpt>
   <trkpt lon="11.326182" lat="43.300806"><ele>224.0</ele></trkpt>
   <trkpt lon="11.326148" lat="43.300851"><ele>224.25</ele></trkpt>
   <trkpt lon="11.326084" lat="43.300970"><ele>225.25</ele></trkpt>
   <trkpt lon="11.326040" lat="43.301014"><ele>225.5</ele></trkpt>
   <trkpt lon="11.325964" lat="43.301046"><ele>225.75</ele></trkpt>
   <trkpt lon="11.325899" lat="43.301056"><ele>225.5</ele></trkpt>
   <trkpt lon="11.325810" lat="43.301058"><ele>225.25</ele></trkpt>
   <trkpt lon="11.325698" lat="43.301054"><ele>224.25</ele></trkpt>
   <trkpt lon="11.325492" lat="43.301033"><ele>222.5</ele></trkpt>
   <trkpt lon="11.325382" lat="43.301048"><ele>222.0</ele></trkpt>
   <trkpt lon="11.325306" lat="43.301077"><ele>221.75</ele></trkpt>
   <trkpt lon="11.325204" lat="43.301127"><ele>221.75</ele></trkpt>
   <trkpt lon="11.325144" lat="43.301183"><ele>221.75</ele></trkpt>
   <trkpt lon="11.324993" lat="43.301347"><ele>220.75</ele></trkpt>
   <trkpt lon="11.324728" lat="43.301665"><ele>221.0</ele></trkpt>
   <trkpt lon="11.324701" lat="43.301703"><ele>221.0</ele></trkpt>
   <trkpt lon="11.324530" lat="43.301963"><ele>222.25</ele></trkpt>
   <trkpt lon="11.324467" lat="43.302050"><ele>222.75</ele></trkpt>
   <trkpt lon="11.324380" lat="43.302162"><ele>223.25</ele></trkpt>
   <trkpt lon="11.324226" lat="43.302350"><ele>224.0</ele></trkpt>
   <trkpt lon="11.324142" lat="43.302454"><ele>224.5</ele></trkpt>
   <trkpt lon="11.324047" lat="43.302584"><ele>224.5</ele></trkpt>
   <trkpt lon="11.324002" lat="43.302666"><ele>225.0</ele></trkpt>
   <trkpt lon="11.323971" lat="43.302757"><ele>225.25</ele></trkpt>
   <trkpt lon="11.323927" lat="43.302886"><ele>226.0</ele></trkpt>
   <trkpt lon="11.323905" lat="43.302946"><ele>226.25</ele></trkpt>
   <trkpt lon="11.323859" lat="43.303026"><ele>226.5</ele></trkpt>
   <trkpt lon="11.323767" lat="43.303138"><ele>227.0</ele></trkpt>
   <trkpt lon="11.323368" lat="43.303611"><ele>229.0</ele></trkpt>
   <trkpt lon="11.323308" lat="43.303683"><ele>229.0</ele></trkpt>
   <trkpt lon="11.323233" lat="43.303858"><ele>229.0</ele></trkpt>
   <trkpt lon="11.323213" lat="43.303906"><ele>229.0</ele></trkpt>
   <trkpt lon="11.323226" lat="43.303959"><ele>229.25</ele></trkpt>
   <trkpt lon="11.323215" lat="43.304013"><ele>229.5</ele></trkpt>
   <trkpt lon="11.323181" lat="43.304061"><ele>229.5</ele></trkpt>
   <trkpt lon="11.323127" lat="43.304099"><ele>229.25</ele></trkpt>
   <trkpt lon="11.323060" lat="43.304122"><ele>228.75</ele></trkpt>
   <trkpt lon="11.322986" lat="43.304128"><ele>228.25</ele></trkpt>
   <trkpt lon="11.322913" lat="43.304117"><ele>227.75</ele></trkpt>
   <trkpt lon="11.322849" lat="43.304089"><ele>227.25</ele></trkpt>
   <trkpt lon="11.322690" lat="43.304064"><ele>226.5</ele></trkpt>
   <trkpt lon="11.322569" lat="43.304060"><ele>225.75</ele></trkpt>
   <trkpt lon="11.322455" lat="43.304073"><ele>225.5</ele></trkpt>
   <trkpt lon="11.322393" lat="43.304087"><ele>225.25</ele></trkpt>
   <trkpt lon="11.322130" lat="43.304182"><ele>224.25</ele></trkpt>
   <trkpt lon="11.321857" lat="43.304291"><ele>224.0</ele></trkpt>
   <trkpt lon="11.321416" lat="43.304466"><ele>226.0</ele></trkpt>
   <trkpt lon="11.320900" lat="43.304672"><ele>225.75</ele></trkpt>
   <trkpt lon="11.320614" lat="43.304786"><ele>225.75</ele></trkpt>
   <trkpt lon="11.320421" lat="43.304863"><ele>226.5</ele></trkpt>
   <trkpt lon="11.320267" lat="43.304926"><ele>227.0</ele></trkpt>
   <trkpt lon="11.319768" lat="43.305135"><ele>228.25</ele></trkpt>
   <trkpt lon="11.319512" lat="43.305258"><ele>229.0</ele></trkpt>
   <trkpt lon="11.319083" lat="43.305504"><ele>229.0</ele></trkpt>
   <trkpt lon="11.318960" lat="43.305577"><ele>228.5</ele></trkpt>
   <trkpt lon="11.318883" lat="43.305622"><ele>228.25</ele></trkpt>
   <trkpt lon="11.318294" lat="43.305984"><ele>229.75</ele></trkpt>
   <trkpt lon="11.318175" lat="43.306062"><ele>229.5</ele></trkpt>
   <trkpt lon="11.318041" lat="43.306161"><ele>229.0</ele></trkpt>
   <trkpt lon="11.318023" lat="43.306201"><ele>229.25</ele></trkpt>
   <trkpt lon="11.318017" lat="43.306249"><ele>229.5</ele></trkpt>
   <trkpt lon="11.318045" lat="43.306328"><ele>229.75</ele></trkpt>
   <trkpt lon="11.318071" lat="43.306377"><ele>230.0</ele></trkpt>
   <trkpt lon="11.318075" lat="43.306430"><ele>230.0</ele></trkpt>
   <trkpt lon="11.318055" lat="43.306481"><ele>230.25</ele></trkpt>
   <trkpt lon="11.318014" lat="43.306524"><ele>230.25</ele></trkpt>
   <trkpt lon="11.317957" lat="43.306557"><ele>230.25</ele></trkpt>
   <trkpt lon="11.317889" lat="43.306574"><ele>230.25</ele></trkpt>
   <trkpt lon="11.317816" lat="43.306575"><ele>230.0</ele></trkpt>
   <trkpt lon="11.317761" lat="43.306626"><ele>229.75</ele></trkpt>
   <trkpt lon="11.317658" lat="43.306715"><ele>229.5</ele></trkpt>
   <trkpt lon="11.317637" lat="43.306755"><ele>229.75</ele></trkpt>
   <trkpt lon="11.317640" lat="43.306801"><ele>229.75</ele></trkpt>
   <trkpt lon="11.317692" lat="43.306939"><ele>230.25</ele></trkpt>
   <trkpt lon="11.317781" lat="43.307137"><ele>234.0</ele></trkpt>
   <trkpt lon="11.317878" lat="43.307266"><ele>236.5</ele></trkpt>
   <trkpt lon="11.317961" lat="43.307417"><ele>239.0</ele></trkpt>
   <trkpt lon="11.318130" lat="43.307781"><ele>243.75</ele></trkpt>
   <trkpt lon="11.318285" lat="43.308092"><ele>249.25</ele></trkpt>
   <trkpt lon="11.318332" lat="43.308165"><ele>249.25</ele></trkpt>
   <trkpt lon="11.318480" lat="43.308359"><ele>250.5</ele></trkpt>
   <trkpt lon="11.318643" lat="43.308514"><ele>255.0</ele></trkpt>
   <trkpt lon="11.318880" lat="43.308697"><ele>257.25</ele></trkpt>
   <trkpt lon="11.318955" lat="43.308785"><ele>258.25</ele></trkpt>
   <trkpt lon="11.319368" lat="43.308990"><ele>259.25</ele></trkpt>
   <trkpt lon="11.319684" lat="43.309139"><ele>259.5</ele></trkpt>
   <trkpt lon="11.320206" lat="43.309352"><ele>263.75</ele></trkpt>
   <trkpt lon="11.320442" lat="43.309441"><ele>264.0</ele></trkpt>
   <trkpt lon="11.320417" lat="43.309484"><ele>265.0</ele></trkpt>
   <trkpt lon="11.320391" lat="43.309529"><ele>266.0</ele></trkpt>
   <trkpt lon="11.320363" lat="43.309587"><ele>267.0</ele></trkpt>
   <trkpt lon="11.320362" lat="43.309621"><ele>267.75</ele></trkpt>
   <trkpt lon="11.320370" lat="43.309652"><ele>268.0</ele></trkpt>
   <trkpt lon="11.320387" lat="43.309678"><ele>268.5</ele></trkpt>
   <trkpt lon="11.320413" lat="43.309699"><ele>269.0</ele></trkpt>
   <trkpt lon="11.320509" lat="43.309744"><ele>269.5</ele></trkpt>
   <trkpt lon="11.320802" lat="43.309855"><ele>272.0</ele></trkpt>
   <trkpt lon="11.321093" lat="43.309972"><ele>276.75</ele></trkpt>
   <trkpt lon="11.321246" lat="43.310062"><ele>277.75</ele></trkpt>
   <trkpt lon="11.321638" lat="43.310329"><ele>279.5</ele></trkpt>
   <trkpt lon="11.322729" lat="43.311061"><ele>292.5</ele></trkpt>
   <trkpt lon="11.323648" lat="43.311650"><ele>309.25</ele></trkpt>
   <trkpt lon="11.323692" lat="43.311676"><ele>309.5</ele></trkpt>
   <trkpt lon="11.323647" lat="43.311707"><ele>309.25</ele></trkpt>
   <trkpt lon="11.323530" lat="43.311811"><ele>306.75</ele></trkpt>
   <trkpt lon="11.323520" lat="43.311826"><ele>306.25</ele></trkpt>
   <trkpt lon="11.323523" lat="43.311857"><ele>306.25</ele></trkpt>
   <trkpt lon="11.323533" lat="43.311874"><ele>306.5</ele></trkpt>
   <trkpt lon="11.323683" lat="43.312015"><ele>308.75</ele></trkpt>
   <trkpt lon="11.323770" lat="43.312093"><ele>309.25</ele></trkpt>
   <trkpt lon="11.323822" lat="43.312129"><ele>310.0</ele></trkpt>
   <trkpt lon="11.323887" lat="43.312160"><ele>311.5</ele></trkpt>
   <trkpt lon="11.323967" lat="43.312180"><ele>313.0</ele></trkpt>
   <trkpt lon="11.324137" lat="43.312201"><ele>316.5</ele></trkpt>
   <trkpt lon="11.324425" lat="43.312249"><ele>318.75</ele></trkpt>
   <trkpt lon="11.324496" lat="43.312248"><ele>319.0</ele></trkpt>
   <trkpt lon="11.324650" lat="43.312155"><ele>320.0</ele></trkpt>
   <trkpt lon="11.324678" lat="43.312120"><ele>320.0</ele></trkpt>
   <trkpt lon="11.324839" lat="43.312142"><ele>320.0</ele></trkpt>
   <trkpt lon="11.324916" lat="43.312140"><ele>320.0</ele></trkpt>
   <trkpt lon="11.324968" lat="43.312129"><ele>320.0</ele></trkpt>
   <trkpt lon="11.325005" lat="43.312087"><ele>320.0</ele></trkpt>
   <trkpt lon="11.325026" lat="43.312003"><ele>320.0</ele></trkpt>
   <trkpt lon="11.325083" lat="43.312005"><ele>320.0</ele></trkpt>
   <trkpt lon="11.325101" lat="43.312005"><ele>320.0</ele></trkpt>
   <trkpt lon="11.325159" lat="43.312005"><ele>320.0</ele></trkpt>
   <trkpt lon="11.325193" lat="43.311939"><ele>320.0</ele></trkpt>
   <trkpt lon="11.325213" lat="43.311883"><ele>320.0</ele></trkpt>
   <trkpt lon="11.325227" lat="43.311830"><ele>320.0</ele></trkpt>
   <trkpt lon="11.325259" lat="43.311789"><ele>320.0</ele></trkpt>
   <trkpt lon="11.325468" lat="43.311693"><ele>320.0</ele></trkpt>
   <trkpt lon="11.325986" lat="43.311419"><ele>318.75</ele></trkpt>
   <trkpt lon="11.326058" lat="43.311378"><ele>319.25</ele></trkpt>
   <trkpt lon="11.326473" lat="43.311152"><ele>319.5</ele></trkpt>
   <trkpt lon="11.326510" lat="43.311137"><ele>319.5</ele></trkpt>
   <trkpt lon="11.326577" lat="43.311129"><ele>320.25</ele></trkpt>
   <trkpt lon="11.326640" lat="43.311138"><ele>321.0</ele></trkpt>
   <trkpt lon="11.326676" lat="43.311168"><ele>321.75</ele></trkpt>
   <trkpt lon="11.326947" lat="43.311514"><ele>326.75</ele></trkpt>
   <trkpt lon="11.327460" lat="43.312188"><ele>329.75</ele></trkpt>
   <trkpt lon="11.327523" lat="43.312274"><ele>329.5</ele></trkpt>
   <trkpt lon="11.328005" lat="43.312939"><ele>330.0</ele></trkpt>
   <trkpt lon="11.328125" lat="43.313091"><ele>329.75</ele></trkpt>
   <trkpt lon="11.328183" lat="43.313158"><ele>330.0</ele></trkpt>
   <trkpt lon="11.328389" lat="43.313422"><ele>330.0</ele></trkpt>
   <trkpt lon="11.328450" lat="43.313511"><ele>330.0</ele></trkpt>
   <trkpt lon="11.328512" lat="43.313618"><ele>330.0</ele></trkpt>
   <trkpt lon="11.328612" lat="43.313835"><ele>330.75</ele></trkpt>
   <trkpt lon="11.328638" lat="43.313906"><ele>331.0</ele></trkpt>
   <trkpt lon="11.328740" lat="43.313937"><ele>331.25</ele></trkpt>
   <trkpt lon="11.328789" lat="43.313966"><ele>331.5</ele></trkpt>
   <trkpt lon="11.328816" lat="43.313991"><ele>331.5</ele></trkpt>
   <trkpt lon="11.328809" lat="43.314045"><ele>332.0</ele></trkpt>
   <trkpt lon="11.328812" lat="43.314063"><ele>332.25</ele></trkpt>
   <trkpt lon="11.328826" lat="43.314182"><ele>333.0</ele></trkpt>
   <trkpt lon="11.329447" lat="43.314465"><ele>335.0</ele></trkpt>
   <trkpt lon="11.330367" lat="43.314761"><ele>339.5</ele></trkpt>
   <trkpt lon="11.330502" lat="43.314823"><ele>340.0</ele></trkpt>
   <trkpt lon="11.330594" lat="43.314879"><ele>339.75</ele></trkpt>
   <trkpt lon="11.330510" lat="43.315033"><ele>339.0</ele></trkpt>
   <trkpt lon="11.330470" lat="43.315123"><ele>338.5</ele></trkpt>
   <trkpt lon="11.330773" lat="43.315181"><ele>336.25</ele></trkpt>
   <trkpt lon="11.331061" lat="43.315268"><ele>334.25</ele></trkpt>
   <trkpt lon="11.331190" lat="43.315334"><ele>332.25</ele></trkpt>
   <trkpt lon="11.331305" lat="43.315429"><ele>330.25</ele></trkpt>
   <trkpt lon="11.331341" lat="43.315483"><ele>329.25</ele></trkpt>
   <trkpt lon="11.331349" lat="43.315510"><ele>328.75</ele></trkpt>
   <trkpt lon="11.331341" lat="43.315563"><ele>328.0</ele></trkpt>
   <trkpt lon="11.331323" lat="43.315591"><ele>327.5</ele></trkpt>
   <trkpt lon="11.331255" lat="43.315651"><ele>327.0</ele></trkpt>
   <trkpt lon="11.331034" lat="43.315781"><ele>326.0</ele></trkpt>
   <trkpt lon="11.330939" lat="43.315842"><ele>325.5</ele></trkpt>
   <trkpt lon="11.330845" lat="43.315917"><ele>325.0</ele></trkpt>
   <trkpt lon="11.330698" lat="43.316033"><ele>323.75</ele></trkpt>
   <trkpt lon="11.330645" lat="43.316100"><ele>323.0</ele></trkpt>
   <trkpt lon="11.330537" lat="43.316287"><ele>321.0</ele></trkpt>
   <trkpt lon="11.330723" lat="43.316479"><ele>318.75</ele></trkpt>
   <trkpt lon="11.330862" lat="43.316591"><ele>317.25</ele></trkpt>
   <trkpt lon="11.330976" lat="43.316673"><ele>316.25</ele></trkpt>
   <trkpt lon="11.331029" lat="43.316710"><ele>316.25</ele></trkpt>
   <trkpt lon="11.331161" lat="43.316804"><ele>315.5</ele></trkpt>
   <trkpt lon="11.331331" lat="43.316935"><ele>314.25</ele></trkpt>
   <trkpt lon="11.331448" lat="43.317047"><ele>313.75</ele></trkpt>
   <trkpt lon="11.331578" lat="43.316995"><ele>313.25</ele></trkpt>
   <trkpt lon="11.331878" lat="43.316915"><ele>312.0</ele></trkpt>
   <trkpt lon="11.332245" lat="43.316837"><ele>309.75</ele></trkpt>
   <trkpt lon="11.332302" lat="43.316833"><ele>309.25</ele></trkpt>
   <trkpt lon="11.332491" lat="43.316820"><ele>307.5</ele></trkpt>
   <trkpt lon="11.332584" lat="43.316825"><ele>306.5</ele></trkpt>
   <trkpt lon="11.332698" lat="43.316848"><ele>305.5</ele></trkpt>
   <trkpt lon="11.332742" lat="43.316801"><ele>304.75</ele></trkpt>
   <trkpt lon="11.332813" lat="43.316755"><ele>303.5</ele></trkpt>
   <trkpt lon="11.332855" lat="43.316745"><ele>303.0</ele></trkpt>
   <trkpt lon="11.332944" lat="43.316749"><ele>302.5</ele></trkpt>
   <trkpt lon="11.333258" lat="43.316905"><ele>301.0</ele></trkpt>
   <trkpt lon="11.333327" lat="43.316927"><ele>300.75</ele></trkpt>
   <trkpt lon="11.333370" lat="43.316933"><ele>300.5</ele></trkpt>
   <trkpt lon="11.333415" lat="43.316931"><ele>300.25</ele></trkpt>
   <trkpt lon="11.333636" lat="43.316907"><ele>298.75</ele></trkpt>
   <trkpt lon="11.333746" lat="43.316890"><ele>298.5</ele></trkpt>
   <trkpt lon="11.333829" lat="43.316866"><ele>298.0</ele></trkpt>
   <trkpt lon="11.334088" lat="43.316767"><ele>297.25</ele></trkpt>
   <trkpt lon="11.334510" lat="43.316651"><ele>300.75</ele></trkpt>
   <trkpt lon="11.334557" lat="43.316639"><ele>301.25</ele></trkpt>
   <trkpt lon="11.334667" lat="43.316614"><ele>302.75</ele></trkpt>
   <trkpt lon="11.335803" lat="43.316364"><ele>310.25</ele></trkpt>
   <trkpt lon="11.335887" lat="43.316352"><ele>310.25</ele></trkpt>
   <trkpt lon="11.336247" lat="43.316267"><ele>308.5</ele></trkpt>
   <trkpt lon="11.336269" lat="43.316266"><ele>308.5</ele></trkpt>
   <trkpt lon="11.336293" lat="43.316269"><ele>308.5</ele></trkpt>
   <trkpt lon="11.336335" lat="43.316286"><ele>309.0</ele></trkpt>
   <trkpt lon="11.336444" lat="43.316357"><ele>310.25</ele></trkpt>
   <trkpt lon="11.336506" lat="43.316388"><ele>310.75</ele></trkpt>
   <trkpt lon="11.336846" lat="43.316459"><ele>311.5</ele></trkpt>
   <trkpt lon="11.337033" lat="43.316456"><ele>311.25</ele></trkpt>
   <trkpt lon="11.337083" lat="43.316469"><ele>311.5</ele></trkpt>
   <trkpt lon="11.337107" lat="43.316484"><ele>311.5</ele></trkpt>
   <trkpt lon="11.337152" lat="43.316528"><ele>312.0</ele></trkpt>
   <trkpt lon="11.337402" lat="43.316397"><ele>311.0</ele></trkpt>
   <trkpt lon="11.337670" lat="43.316258"><ele>311.25</ele></trkpt>
   <trkpt lon="11.338546" lat="43.315741"><ele>315.5</ele></trkpt>
   <trkpt lon="11.338678" lat="43.315656"><ele>315.0</ele></trkpt>
   <trkpt lon="11.339129" lat="43.315282"><ele>314.0</ele></trkpt>
   <trkpt lon="11.339171" lat="43.315262"><ele>313.75</ele></trkpt>
   <trkpt lon="11.339202" lat="43.315261"><ele>313.5</ele></trkpt>
   <trkpt lon="11.339239" lat="43.315277"><ele>313.25</ele></trkpt>
   <trkpt lon="11.339410" lat="43.315426"><ele>311.5</ele></trkpt>
   <trkpt lon="11.339472" lat="43.315465"><ele>311.0</ele></trkpt>
   <trkpt lon="11.339507" lat="43.315476"><ele>310.75</ele></trkpt>
   <trkpt lon="11.339641" lat="43.315131"><ele>309.5</ele></trkpt>
   <trkpt lon="11.339647" lat="43.315101"><ele>309.5</ele></trkpt>
   <trkpt lon="11.339595" lat="43.314930"><ele>309.5</ele></trkpt>
   <trkpt lon="11.339533" lat="43.314779"><ele>309.5</ele></trkpt>
   <trkpt lon="11.339607" lat="43.314725"><ele>308.75</ele></trkpt>
   <trkpt lon="11.339469" lat="43.313542"><ele>303.25</ele></trkpt>
   <trkpt lon="11.339456" lat="43.313406"><ele>302.5</ele></trkpt>
   <trkpt lon="11.339450" lat="43.313306"><ele>301.5</ele></trkpt>
   <trkpt lon="11.339449" lat="43.313287"><ele>301.5</ele></trkpt>
   <trkpt lon="11.339439" lat="43.313119"><ele>299.5</ele></trkpt>
   <trkpt lon="11.339438" lat="43.313102"><ele>299.25</ele></trkpt>
   <trkpt lon="11.339435" lat="43.313058"><ele>298.75</ele></trkpt>
   <trkpt lon="11.339420" lat="43.312675"><ele>296.25</ele></trkpt>
   <trkpt lon="11.339419" lat="43.312651"><ele>296.0</ele></trkpt>
   <trkpt lon="11.339376" lat="43.311876"><ele>290.75</ele></trkpt>
   <trkpt lon="11.339373" lat="43.311821"><ele>290.25</ele></trkpt>
   <trkpt lon="11.339368" lat="43.311723"><ele>289.75</ele></trkpt>
   <trkpt lon="11.339433" lat="43.311723"><ele>289.25</ele></trkpt>
   <trkpt lon="11.339597" lat="43.311725"><ele>289.0</ele></trkpt>
   <trkpt lon="11.339789" lat="43.311744"><ele>288.5</ele></trkpt>
   <trkpt lon="11.339950" lat="43.311773"><ele>288.0</ele></trkpt>
   <trkpt lon="11.340091" lat="43.311812"><ele>287.0</ele></trkpt>
   <trkpt lon="11.340203" lat="43.311865"><ele>286.5</ele></trkpt>
   <trkpt lon="11.340295" lat="43.311927"><ele>286.0</ele></trkpt>
   <trkpt lon="11.340392" lat="43.312017"><ele>284.75</ele></trkpt>
   <trkpt lon="11.340633" lat="43.312332"><ele>283.75</ele></trkpt>
   <trkpt lon="11.340708" lat="43.312393"><ele>282.25</ele></trkpt>
   <trkpt lon="11.340778" lat="43.312437"><ele>280.75</ele></trkpt>
   <trkpt lon="11.340887" lat="43.312487"><ele>279.25</ele></trkpt>
   <trkpt lon="11.340948" lat="43.312507"><ele>279.25</ele></trkpt>
   <trkpt lon="11.341245" lat="43.312570"><ele>277.25</ele></trkpt>
   <trkpt lon="11.341321" lat="43.312541"><ele>276.0</ele></trkpt>
   <trkpt lon="11.342393" lat="43.312211"><ele>269.0</ele></trkpt>
   <trkpt lon="11.342475" lat="43.312183"><ele>269.0</ele></trkpt>
   <trkpt lon="11.342552" lat="43.312146"><ele>269.0</ele></trkpt>
   <trkpt lon="11.342643" lat="43.312089"><ele>269.25</ele></trkpt>
   <trkpt lon="11.342807" lat="43.311952"><ele>269.25</ele></trkpt>
   <trkpt lon="11.343113" lat="43.311628"><ele>268.0</ele></trkpt>
   <trkpt lon="11.343349" lat="43.311420"><ele>268.5</ele></trkpt>
   <trkpt lon="11.343627" lat="43.311220"><ele>268.0</ele></trkpt>
   <trkpt lon="11.343985" lat="43.310977"><ele>266.5</ele></trkpt>
   <trkpt lon="11.344130" lat="43.310894"><ele>266.5</ele></trkpt>
   <trkpt lon="11.344246" lat="43.310851"><ele>267.0</ele></trkpt>
   <trkpt lon="11.344453" lat="43.310791"><ele>268.5</ele></trkpt>
   <trkpt lon="11.344862" lat="43.310677"><ele>272.5</ele></trkpt>
   <trkpt lon="11.345008" lat="43.310646"><ele>274.0</ele></trkpt>
   <trkpt lon="11.345116" lat="43.310636"><ele>274.25</ele></trkpt>
   <trkpt lon="11.345409" lat="43.310643"><ele>275.0</ele></trkpt>
   <trkpt lon="11.345760" lat="43.310655"><ele>275.25</ele></trkpt>
   <trkpt lon="11.345957" lat="43.310665"><ele>275.75</ele></trkpt>
   <trkpt lon="11.346007" lat="43.310670"><ele>276.0</ele></trkpt>
   <trkpt lon="11.346094" lat="43.310690"><ele>276.25</ele></trkpt>
   <trkpt lon="11.346193" lat="43.310726"><ele>276.75</ele></trkpt>
   <trkpt lon="11.346359" lat="43.310802"><ele>278.25</ele></trkpt>
   <trkpt lon="11.346559" lat="43.310889"><ele>277.75</ele></trkpt>
   <trkpt lon="11.346652" lat="43.310937"><ele>277.0</ele></trkpt>
   <trkpt lon="11.346757" lat="43.311012"><ele>276.25</ele></trkpt>
   <trkpt lon="11.346929" lat="43.311158"><ele>275.25</ele></trkpt>
   <trkpt lon="11.347068" lat="43.311312"><ele>273.75</ele></trkpt>
   <trkpt lon="11.347084" lat="43.311332"><ele>273.75</ele></trkpt>
   <trkpt lon="11.347176" lat="43.311456"><ele>273.0</ele></trkpt>
   <trkpt lon="11.347260" lat="43.311617"><ele>271.5</ele></trkpt>
   <trkpt lon="11.347428" lat="43.311773"><ele>270.25</ele></trkpt>
   <trkpt lon="11.347475" lat="43.311826"><ele>270.0</ele></trkpt>
   <trkpt lon="11.347515" lat="43.311875"><ele>269.75</ele></trkpt>
   <trkpt lon="11.347573" lat="43.311967"><ele>268.75</ele></trkpt>
   <trkpt lon="11.347688" lat="43.312115"><ele>266.25</ele></trkpt>
   <trkpt lon="11.347748" lat="43.312169"><ele>266.25</ele></trkpt>
   <trkpt lon="11.347847" lat="43.312232"><ele>266.5</ele></trkpt>
   <trkpt lon="11.347887" lat="43.312252"><ele>266.5</ele></trkpt>
   <trkpt lon="11.347946" lat="43.312270"><ele>267.0</ele></trkpt>
   <trkpt lon="11.348024" lat="43.312319"><ele>267.25</ele></trkpt>
   <trkpt lon="11.348260" lat="43.312488"><ele>268.25</ele></trkpt>
   <trkpt lon="11.348414" lat="43.312578"><ele>270.5</ele></trkpt>
   <trkpt lon="11.348601" lat="43.312651"><ele>272.25</ele></trkpt>
   <trkpt lon="11.348802" lat="43.312709"><ele>273.75</ele></trkpt>
   <trkpt lon="11.348956" lat="43.312733"><ele>274.75</ele></trkpt>
   <trkpt lon="11.349025" lat="43.312735"><ele>275.0</ele></trkpt>
   <trkpt lon="11.349094" lat="43.312736"><ele>275.25</ele></trkpt>
   <trkpt lon="11.349142" lat="43.312729"><ele>275.5</ele></trkpt>
   <trkpt lon="11.349390" lat="43.312663"><ele>277.25</ele></trkpt>
   <trkpt lon="11.349478" lat="43.312629"><ele>277.75</ele></trkpt>
   <trkpt lon="11.349714" lat="43.312514"><ele>278.5</ele></trkpt>
   <trkpt lon="11.349767" lat="43.312497"><ele>278.75</ele></trkpt>
   <trkpt lon="11.349875" lat="43.312477"><ele>278.25</ele></trkpt>
   <trkpt lon="11.349993" lat="43.312476"><ele>278.0</ele></trkpt>
   <trkpt lon="11.350131" lat="43.312502"><ele>278.75</ele></trkpt>
   <trkpt lon="11.350686" lat="43.312691"><ele>276.5</ele></trkpt>
   <trkpt lon="11.351525" lat="43.312872"><ele>271.25</ele></trkpt>
   <trkpt lon="11.351729" lat="43.312922"><ele>270.75</ele></trkpt>
   <trkpt lon="11.352092" lat="43.313058"><ele>271.5</ele></trkpt>
   <trkpt lon="11.352199" lat="43.313107"><ele>271.75</ele></trkpt>
   <trkpt lon="11.352522" lat="43.313276"><ele>270.75</ele></trkpt>
   <trkpt lon="11.352812" lat="43.313459"><ele>267.25</ele></trkpt>
   <trkpt lon="11.353290" lat="43.313816"><ele>262.25</ele></trkpt>
   <trkpt lon="11.353636" lat="43.314129"><ele>258.0</ele></trkpt>
   <trkpt lon="11.353698" lat="43.314168"><ele>257.5</ele></trkpt>
   <trkpt lon="11.353769" lat="43.314202"><ele>257.0</ele></trkpt>
   <trkpt lon="11.353939" lat="43.314264"><ele>256.0</ele></trkpt>
   <trkpt lon="11.354139" lat="43.314348"><ele>254.25</ele></trkpt>
   <trkpt lon="11.354300" lat="43.314455"><ele>252.0</ele></trkpt>
   <trkpt lon="11.354374" lat="43.314528"><ele>251.0</ele></trkpt>
   <trkpt lon="11.354459" lat="43.314577"><ele>250.5</ele></trkpt>
   <trkpt lon="11.354570" lat="43.314623"><ele>249.5</ele></trkpt>
   <trkpt lon="11.354694" lat="43.314645"><ele>249.0</ele></trkpt>
   <trkpt lon="11.354862" lat="43.314664"><ele>247.5</ele></trkpt>
   <trkpt lon="11.355034" lat="43.314664"><ele>246.25</ele></trkpt>
   <trkpt lon="11.355373" lat="43.314640"><ele>243.0</ele></trkpt>
   <trkpt lon="11.355570" lat="43.314617"><ele>241.5</ele></trkpt>
   <trkpt lon="11.355788" lat="43.314566"><ele>240.75</ele></trkpt>
   <trkpt lon="11.356173" lat="43.314438"><ele>238.25</ele></trkpt>
   <trkpt lon="11.356261" lat="43.314425"><ele>237.5</ele></trkpt>
   <trkpt lon="11.356303" lat="43.314424"><ele>237.0</ele></trkpt>
   <trkpt lon="11.356341" lat="43.314431"><ele>236.5</ele></trkpt>
   <trkpt lon="11.356385" lat="43.314458"><ele>235.75</ele></trkpt>
   <trkpt lon="11.356406" lat="43.314498"><ele>234.75</ele></trkpt>
   <trkpt lon="11.356405" lat="43.314537"><ele>234.0</ele></trkpt>
   <trkpt lon="11.356378" lat="43.314582"><ele>233.5</ele></trkpt>
   <trkpt lon="11.355920" lat="43.315052"><ele>229.25</ele></trkpt>
   <trkpt lon="11.355859" lat="43.315130"><ele>228.75</ele></trkpt>
   <trkpt lon="11.355832" lat="43.315179"><ele>228.5</ele></trkpt>
   <trkpt lon="11.355810" lat="43.315253"><ele>228.0</ele></trkpt>
   <trkpt lon="11.355810" lat="43.315339"><ele>227.25</ele></trkpt>
   <trkpt lon="11.355828" lat="43.315442"><ele>226.0</ele></trkpt>
   <trkpt lon="11.355863" lat="43.315551"><ele>224.75</ele></trkpt>
   <trkpt lon="11.355874" lat="43.315581"><ele>224.75</ele></trkpt>
   <trkpt lon="11.355897" lat="43.315643"><ele>224.5</ele></trkpt>
   <trkpt lon="11.355929" lat="43.315718"><ele>224.25</ele></trkpt>
   <trkpt lon="11.355984" lat="43.315742"><ele>224.0</ele></trkpt>
   <trkpt lon="11.356028" lat="43.315752"><ele>224.0</ele></trkpt>
   <trkpt lon="11.356082" lat="43.315756"><ele>224.0</ele></trkpt>
   <trkpt lon="11.356156" lat="43.315748"><ele>223.75</ele></trkpt>
   <trkpt lon="11.356377" lat="43.315546"><ele>223.0</ele></trkpt>
   <trkpt lon="11.356488" lat="43.315525"><ele>223.0</ele></trkpt>
   <trkpt lon="11.356548" lat="43.315540"><ele>223.0</ele></trkpt>
   <trkpt lon="11.356567" lat="43.315576"><ele>223.0</ele></trkpt>
   <trkpt lon="11.356164" lat="43.315952"><ele>224.75</ele></trkpt>
   <trkpt lon="11.356212" lat="43.315976"><ele>225.0</ele></trkpt>
   <trkpt lon="11.356277" lat="43.315995"><ele>225.5</ele></trkpt>
   <trkpt lon="11.356410" lat="43.316020"><ele>226.0</ele></trkpt>
   <trkpt lon="11.356494" lat="43.316028"><ele>226.25</ele></trkpt>
   <trkpt lon="11.356727" lat="43.316033"><ele>227.0</ele></trkpt>
   <trkpt lon="11.356883" lat="43.316043"><ele>227.25</ele></trkpt>
   <trkpt lon="11.357052" lat="43.316063"><ele>227.25</ele></trkpt>
   <trkpt lon="11.357151" lat="43.316082"><ele>227.5</ele></trkpt>
   <trkpt lon="11.357247" lat="43.316109"><ele>227.75</ele></trkpt>
   <trkpt lon="11.357382" lat="43.316158"><ele>227.25</ele></trkpt>
   <trkpt lon="11.357496" lat="43.316216"><ele>226.75</ele></trkpt>
   <trkpt lon="11.357560" lat="43.316261"><ele>226.75</ele></trkpt>
   <trkpt lon="11.357655" lat="43.316324"><ele>226.75</ele></trkpt>
   <trkpt lon="11.357772" lat="43.316394"><ele>227.0</ele></trkpt>
   <trkpt lon="11.358043" lat="43.316558"><ele>228.5</ele></trkpt>
   <trkpt lon="11.358099" lat="43.316596"><ele>228.75</ele></trkpt>
   <trkpt lon="11.358224" lat="43.316695"><ele>228.75</ele></trkpt>
   <trkpt lon="11.358283" lat="43.316780"><ele>229.0</ele></trkpt>
   <trkpt lon="11.358305" lat="43.316835"></trkpt>
   <trkpt lon="11.358315" lat="43.316897"></trkpt>
   <trkpt lon="11.358318" lat="43.317023"></trkpt>
   <trkpt lon="11.358341" lat="43.317238"></trkpt>
   <trkpt lon="11.358390" lat="43.317356"></trkpt>
   <trkpt lon="11.358465" lat="43.317456"></trkpt>
   <trkpt lon="11.358579" lat="43.317550"></trkpt>
   <trkpt lon="11.358657" lat="43.317600"></trkpt>
   <trkpt lon="11.358736" lat="43.317637"></trkpt>
   <trkpt lon="11.358819" lat="43.317666"></trkpt>
   <trkpt lon="11.358980" lat="43.317704"></trkpt>
   <trkpt lon="11.359350" lat="43.317773"><ele>241.75</ele></trkpt>
   <trkpt lon="11.359454" lat="43.317797"><ele>243.0</ele></trkpt>
   <trkpt lon="11.359596" lat="43.317841"><ele>245.0</ele></trkpt>
   <trkpt lon="11.359804" lat="43.317928"><ele>247.25</ele></trkpt>
   <trkpt lon="11.359909" lat="43.317984"><ele>247.75</ele></trkpt>
   <trkpt lon="11.360227" lat="43.318185"><ele>250.5</ele></trkpt>
   <trkpt lon="11.360298" lat="43.318220"><ele>251.75</ele></trkpt>
   <trkpt lon="11.360548" lat="43.318322"><ele>254.75</ele></trkpt>
   <trkpt lon="11.360792" lat="43.318440"><ele>255.5</ele></trkpt>
   <trkpt lon="11.361014" lat="43.318529"><ele>256.5</ele></trkpt>
   <trkpt lon="11.361307" lat="43.318616"><ele>258.25</ele></trkpt>
   <trkpt lon="11.361445" lat="43.318663"><ele>258.75</ele></trkpt>
   <trkpt lon="11.361636" lat="43.318750"><ele>259.5</ele></trkpt>
   <trkpt lon="11.362385" lat="43.319233"><ele>267.25</ele></trkpt>
   <trkpt lon="11.362575" lat="43.319344"><ele>267.25</ele></trkpt>
   <trkpt lon="11.362636" lat="43.319372"><ele>267.5</ele></trkpt>
   <trkpt lon="11.362706" lat="43.319392"><ele>267.75</ele></trkpt>
   <trkpt lon="11.362933" lat="43.319439"><ele>269.0</ele></trkpt>
   <trkpt lon="11.362986" lat="43.319457"><ele>269.25</ele></trkpt>
   <trkpt lon="11.363133" lat="43.319528"><ele>268.75</ele></trkpt>
   <trkpt lon="11.363321" lat="43.319646"><ele>268.5</ele></trkpt>
   <trkpt lon="11.363526" lat="43.319801"><ele>268.75</ele></trkpt>
   <trkpt lon="11.363752" lat="43.319960"><ele>269.0</ele></trkpt>
   <trkpt lon="11.363933" lat="43.320081"><ele>269.75</ele></trkpt>
   <trkpt lon="11.364185" lat="43.320234"><ele>271.0</ele></trkpt>
   <trkpt lon="11.364240" lat="43.320268"><ele>271.25</ele></trkpt>
   <trkpt lon="11.364582" lat="43.320469"><ele>271.5</ele></trkpt>
   <trkpt lon="11.364891" lat="43.320623"><ele>271.0</ele></trkpt>
   <trkpt lon="11.365121" lat="43.320728"><ele>270.75</ele></trkpt>
   <trkpt lon="11.365367" lat="43.320820"><ele>270.75</ele></trkpt>
   <trkpt lon="11.365693" lat="43.320931"><ele>272.5</ele></trkpt>
   <trkpt lon="11.365890" lat="43.320982"><ele>274.0</ele></trkpt>
   <trkpt lon="11.366111" lat="43.321019"><ele>276.5</ele></trkpt>
   <trkpt lon="11.366592" lat="43.321087"><ele>278.5</ele></trkpt>
   <trkpt lon="11.366743" lat="43.321101"><ele>277.75</ele></trkpt>
   <trkpt lon="11.367085" lat="43.321103"><ele>273.75</ele></trkpt>
   <trkpt lon="11.368116" lat="43.321066"><ele>268.75</ele></trkpt>
   <trkpt lon="11.368256" lat="43.321055"><ele>268.25</ele></trkpt>
   <trkpt lon="11.368321" lat="43.321043"><ele>267.75</ele></trkpt>
   <trkpt lon="11.368735" lat="43.320938"><ele>265.0</ele></trkpt>
   <trkpt lon="11.368792" lat="43.320932"><ele>264.5</ele></trkpt>
   <trkpt lon="11.368851" lat="43.320938"><ele>264.5</ele></trkpt>
   <trkpt lon="11.368908" lat="43.320962"><ele>264.0</ele></trkpt>
   <trkpt lon="11.369030" lat="43.321046"><ele>262.75</ele></trkpt>
   <trkpt lon="11.369333" lat="43.321328"><ele>260.75</ele></trkpt>
   <trkpt lon="11.369407" lat="43.321408"><ele>260.25</ele></trkpt>
   <trkpt lon="11.369437" lat="43.321456"><ele>259.5</ele></trkpt>
   <trkpt lon="11.369444" lat="43.321483"><ele>259.25</ele></trkpt>
   <trkpt lon="11.369442" lat="43.321539"><ele>258.75</ele></trkpt>
   <trkpt lon="11.369416" lat="43.321609"><ele>258.5</ele></trkpt>
   <trkpt lon="11.369364" lat="43.321676"><ele>258.5</ele></trkpt>
   <trkpt lon="11.369217" lat="43.321815"><ele>257.75</ele></trkpt>
   <trkpt lon="11.369187" lat="43.321849"><ele>257.25</ele></trkpt>
   <trkpt lon="11.369172" lat="43.321882"><ele>257.0</ele></trkpt>
   <trkpt lon="11.369166" lat="43.321941"><ele>256.0</ele></trkpt>
   <trkpt lon="11.369179" lat="43.321978"><ele>255.5</ele></trkpt>
   <trkpt lon="11.369214" lat="43.322004"><ele>255.25</ele></trkpt>
   <trkpt lon="11.369261" lat="43.322014"><ele>254.5</ele></trkpt>
   <trkpt lon="11.369292" lat="43.322014"><ele>254.25</ele></trkpt>
   <trkpt lon="11.369341" lat="43.322004"><ele>253.75</ele></trkpt>
   <trkpt lon="11.369446" lat="43.321958"><ele>252.75</ele></trkpt>
   <trkpt lon="11.370013" lat="43.321666"><ele>249.75</ele></trkpt>
   <trkpt lon="11.370607" lat="43.321373"><ele>247.25</ele></trkpt>
   <trkpt lon="11.370840" lat="43.321288"><ele>245.25</ele></trkpt>
   <trkpt lon="11.370979" lat="43.321249"><ele>244.5</ele></trkpt>
   <trkpt lon="11.371144" lat="43.321217"><ele>243.5</ele></trkpt>
   <trkpt lon="11.371351" lat="43.321188"><ele>242.25</ele></trkpt>
   <trkpt lon="11.371667" lat="43.321153"><ele>239.5</ele></trkpt>
   <trkpt lon="11.372389" lat="43.321044"><ele>235.0</ele></trkpt>
   <trkpt lon="11.372760" lat="43.320977"><ele>231.5</ele></trkpt>
   <trkpt lon="11.372850" lat="43.320945"><ele>231.5</ele></trkpt>
   <trkpt lon="11.373224" lat="43.320755"><ele>229.5</ele></trkpt>
   <trkpt lon="11.373616" lat="43.320572"><ele>225.0</ele></trkpt>
   <trkpt lon="11.373801" lat="43.320494"><ele>223.25</ele></trkpt>
   <trkpt lon="11.374013" lat="43.320428"><ele>221.5</ele></trkpt>
   <trkpt lon="11.374376" lat="43.320331"><ele>218.0</ele></trkpt>
   <trkpt lon="11.374907" lat="43.320208"><ele>214.5</ele></trkpt>
   <trkpt lon="11.375014" lat="43.320197"><ele>213.75</ele></trkpt>
   <trkpt lon="11.375048" lat="43.320197"><ele>213.25</ele></trkpt>
   <trkpt lon="11.375108" lat="43.320205"><ele>212.75</ele></trkpt>
   <trkpt lon="11.375169" lat="43.320228"><ele>211.75</ele></trkpt>
   <trkpt lon="11.375473" lat="43.320425"><ele>210.75</ele></trkpt>
   <trkpt lon="11.375525" lat="43.320451"><ele>210.25</ele></trkpt>
   <trkpt lon="11.375605" lat="43.320478"><ele>209.25</ele></trkpt>
   <trkpt lon="11.375702" lat="43.320495"><ele>207.75</ele></trkpt>
   <trkpt lon="11.375820" lat="43.320501"><ele>205.75</ele></trkpt>
   <trkpt lon="11.376124" lat="43.320477"><ele>202.75</ele></trkpt>
   <trkpt lon="11.376519" lat="43.320435"><ele>202.75</ele></trkpt>
   <trkpt lon="11.376718" lat="43.320424"><ele>202.75</ele></trkpt>
   <trkpt lon="11.376949" lat="43.320422"><ele>202.75</ele></trkpt>
   <trkpt lon="11.377167" lat="43.320435"><ele>202.25</ele></trkpt>
   <trkpt lon="11.377631" lat="43.320504"><ele>200.5</ele></trkpt>
   <trkpt lon="11.378203" lat="43.320569"><ele>199.5</ele></trkpt>
   <trkpt lon="11.378383" lat="43.320580"><ele>199.0</ele></trkpt>
   <trkpt lon="11.378546" lat="43.320583"><ele>198.5</ele></trkpt>
   <trkpt lon="11.378685" lat="43.320576"><ele>198.5</ele></trkpt>
   <trkpt lon="11.378777" lat="43.320565"><ele>198.5</ele></trkpt>
   <trkpt lon="11.379004" lat="43.320540"><ele>199.5</ele></trkpt>
   <trkpt lon="11.379695" lat="43.320454"><ele>195.75</ele></trkpt>
   <trkpt lon="11.379988" lat="43.320417"><ele>195.0</ele></trkpt>
   <trkpt lon="11.380845" lat="43.320303"><ele>196.75</ele></trkpt>
   <trkpt lon="11.380994" lat="43.320299"><ele>197.0</ele></trkpt>
   <trkpt lon="11.381161" lat="43.320318"><ele>197.0</ele></trkpt>
   <trkpt lon="11.381905" lat="43.320441"><ele>198.75</ele></trkpt>
   <trkpt lon="11.382717" lat="43.320562"><ele>200.0</ele></trkpt>
   <trkpt lon="11.383128" lat="43.320602"><ele>203.5</ele></trkpt>
   <trkpt lon="11.383430" lat="43.320655"><ele>205.5</ele></trkpt>
   <trkpt lon="11.383871" lat="43.320763"><ele>206.75</ele></trkpt>
   <trkpt lon="11.383982" lat="43.320772"><ele>207.25</ele></trkpt>
   <trkpt lon="11.384068" lat="43.320753"><ele>208.25</ele></trkpt>
   <trkpt lon="11.384134" lat="43.320727"><ele>208.75</ele></trkpt>
   <trkpt lon="11.384246" lat="43.320670"><ele>209.75</ele></trkpt>
   <trkpt lon="11.384293" lat="43.320639"><ele>210.0</ele></trkpt>
   <trkpt lon="11.384626" lat="43.320367"><ele>212.5</ele></trkpt>
   <trkpt lon="11.384780" lat="43.320252"><ele>213.25</ele></trkpt>
   <trkpt lon="11.384899" lat="43.320190"><ele>214.25</ele></trkpt>
   <trkpt lon="11.385042" lat="43.320135"><ele>215.25</ele></trkpt>
   <trkpt lon="11.385116" lat="43.320116"><ele>216.0</ele></trkpt>
   <trkpt lon="11.385160" lat="43.320111"><ele>216.5</ele></trkpt>
   <trkpt lon="11.385318" lat="43.320101"><ele>218.0</ele></trkpt>
   <trkpt lon="11.385595" lat="43.320109"><ele>220.0</ele></trkpt>
   <trkpt lon="11.385741" lat="43.320099"><ele>220.5</ele></trkpt>
   <trkpt lon="11.385847" lat="43.320070"><ele>221.0</ele></trkpt>
   <trkpt lon="11.385944" lat="43.320023"><ele>221.75</ele></trkpt>
   <trkpt lon="11.386013" lat="43.319974"><ele>222.25</ele></trkpt>
   <trkpt lon="11.386068" lat="43.319915"><ele>222.75</ele></trkpt>
   <trkpt lon="11.386190" lat="43.319730"><ele>224.75</ele></trkpt>
   <trkpt lon="11.386435" lat="43.319319"><ele>228.25</ele></trkpt>
   <trkpt lon="11.386511" lat="43.319221"><ele>228.75</ele></trkpt>
   <trkpt lon="11.386576" lat="43.319165"><ele>229.25</ele></trkpt>
   <trkpt lon="11.386674" lat="43.319109"><ele>229.25</ele></trkpt>
   <trkpt lon="11.386846" lat="43.319052"><ele>229.25</ele></trkpt>
   <trkpt lon="11.386996" lat="43.319024"><ele>229.5</ele></trkpt>
   <trkpt lon="11.387136" lat="43.319019"><ele>229.5</ele></trkpt>
   <trkpt lon="11.387170" lat="43.319023"><ele>229.75</ele></trkpt>
   <trkpt lon="11.387238" lat="43.319043"><ele>230.0</ele></trkpt>
   <trkpt lon="11.387303" lat="43.319079"><ele>230.25</ele></trkpt>
   <trkpt lon="11.387373" lat="43.319158"><ele>231.25</ele></trkpt>
   <trkpt lon="11.387485" lat="43.319348"><ele>234.0</ele></trkpt>
   <trkpt lon="11.387549" lat="43.319395"><ele>235.0</ele></trkpt>
   <trkpt lon="11.387641" lat="43.319437"><ele>235.75</ele></trkpt>
   <trkpt lon="11.387777" lat="43.319467"><ele>236.0</ele></trkpt>
   <trkpt lon="11.388354" lat="43.319569"><ele>238.75</ele></trkpt>
   <trkpt lon="11.389119" lat="43.319733"><ele>242.0</ele></trkpt>
   <trkpt lon="11.389876" lat="43.319952"><ele>247.75</ele></trkpt>
   <trkpt lon="11.390045" lat="43.319986"><ele>249.0</ele></trkpt>
   <trkpt lon="11.390732" lat="43.320096"><ele>252.25</ele></trkpt>
   <trkpt lon="11.390820" lat="43.320121"><ele>252.5</ele></trkpt>
   <trkpt lon="11.390899" lat="43.320162"><ele>252.75</ele></trkpt>
   <trkpt lon="11.390939" lat="43.320225"><ele>252.75</ele></trkpt>
   <trkpt lon="11.390963" lat="43.320369"><ele>252.5</ele></trkpt>
   <trkpt lon="11.391008" lat="43.320529"><ele>252.25</ele></trkpt>
   <trkpt lon="11.391064" lat="43.320641"><ele>251.5</ele></trkpt>
   <trkpt lon="11.391136" lat="43.320752"><ele>250.75</ele></trkpt>
   <trkpt lon="11.391378" lat="43.321082"><ele>251.75</ele></trkpt>
   <trkpt lon="11.391637" lat="43.321487"><ele>252.5</ele></trkpt>
   <trkpt lon="11.391715" lat="43.321645"><ele>253.5</ele></trkpt>
   <trkpt lon="11.391833" lat="43.321989"><ele>255.5</ele></trkpt>
   <trkpt lon="11.392266" lat="43.323657"><ele>261.75</ele></trkpt>
   <trkpt lon="11.392392" lat="43.324123"><ele>267.0</ele></trkpt>
   <trkpt lon="11.392417" lat="43.324190"><ele>267.5</ele></trkpt>
   <trkpt lon="11.392539" lat="43.324438"><ele>266.0</ele></trkpt>
   <trkpt lon="11.392565" lat="43.324519"><ele>265.5</ele></trkpt>
   <trkpt lon="11.392571" lat="43.324622"><ele>264.75</ele></trkpt>
   <trkpt lon="11.392520" lat="43.324869"><ele>263.25</ele></trkpt>
   <trkpt lon="11.392520" lat="43.324927"><ele>263.0</ele></trkpt>
   <trkpt lon="11.392539" lat="43.324986"><ele>262.75</ele></trkpt>
   <trkpt lon="11.392568" lat="43.325031"><ele>262.75</ele></trkpt>
   <trkpt lon="11.392605" lat="43.325064"><ele>262.5</ele></trkpt>
   <trkpt lon="11.392649" lat="43.325086"><ele>262.5</ele></trkpt>
   <trkpt lon="11.393151" lat="43.325256"><ele>261.25</ele></trkpt>
   <trkpt lon="11.394345" lat="43.325619"><ele>257.75</ele></trkpt>
   <trkpt lon="11.394468" lat="43.325648"><ele>256.5</ele></trkpt>
   <trkpt lon="11.394588" lat="43.325668"><ele>254.75</ele></trkpt>
   <trkpt lon="11.394886" lat="43.325690"><ele>252.5</ele></trkpt>
   <trkpt lon="11.395121" lat="43.325696"><ele>252.25</ele></trkpt>
   <trkpt lon="11.395592" lat="43.325691"><ele>250.0</ele></trkpt>
   <trkpt lon="11.395841" lat="43.325676"><ele>250.5</ele></trkpt>
   <trkpt lon="11.396051" lat="43.325633"><ele>250.75</ele></trkpt>
   <trkpt lon="11.397264" lat="43.325276"><ele>251.75</ele></trkpt>
   <trkpt lon="11.397759" lat="43.325115"><ele>250.75</ele></trkpt>
   <trkpt lon="11.397945" lat="43.325076"><ele>250.0</ele></trkpt>
   <trkpt lon="11.398230" lat="43.325068"><ele>249.0</ele></trkpt>
   <trkpt lon="11.398774" lat="43.325090"><ele>246.5</ele></trkpt>
   <trkpt lon="11.399615" lat="43.325149"><ele>242.75</ele></trkpt>
   <trkpt lon="11.399993" lat="43.325158"><ele>241.5</ele></trkpt>
   <trkpt lon="11.400285" lat="43.325136"><ele>239.75</ele></trkpt>
   <trkpt lon="11.400661" lat="43.325083"><ele>238.25</ele></trkpt>
   <trkpt lon="11.400840" lat="43.325067"><ele>237.25</ele></trkpt>
   <trkpt lon="11.401448" lat="43.325091"><ele>230.75</ele></trkpt>
   <trkpt lon="11.401893" lat="43.325077"><ele>224.75</ele></trkpt>
   <trkpt lon="11.402341" lat="43.325057"><ele>220.5</ele></trkpt>
   <trkpt lon="11.403138" lat="43.324987"><ele>214.25</ele></trkpt>
   <trkpt lon="11.403433" lat="43.324967"><ele>212.25</ele></trkpt>
   <trkpt lon="11.403799" lat="43.324946"><ele>211.5</ele></trkpt>
   <trkpt lon="11.403952" lat="43.324940"><ele>212.0</ele></trkpt>
   <trkpt lon="11.404250" lat="43.324935"><ele>214.25</ele></trkpt>
   <trkpt lon="11.404809" lat="43.324947"><ele>217.0</ele></trkpt>
   <trkpt lon="11.405089" lat="43.324974"><ele>216.25</ele></trkpt>
   <trkpt lon="11.405487" lat="43.325059"><ele>216.5</ele></trkpt>
   <trkpt lon="11.406036" lat="43.325236"><ele>217.0</ele></trkpt>
   <trkpt lon="11.406281" lat="43.325340"><ele>218.0</ele></trkpt>
   <trkpt lon="11.406523" lat="43.325465"><ele>219.5</ele></trkpt>
   <trkpt lon="11.406691" lat="43.325536"><ele>219.75</ele></trkpt>
   <trkpt lon="11.406852" lat="43.325580"><ele>220.5</ele></trkpt>
   <trkpt lon="11.407152" lat="43.325627"><ele>222.25</ele></trkpt>
   <trkpt lon="11.407694" lat="43.325682"><ele>225.0</ele></trkpt>
   <trkpt lon="11.408376" lat="43.325753"><ele>227.0</ele></trkpt>
   <trkpt lon="11.408773" lat="43.325801"><ele>229.0</ele></trkpt>
   <trkpt lon="11.409094" lat="43.325830"><ele>232.75</ele></trkpt>
   <trkpt lon="11.409291" lat="43.325834"><ele>235.25</ele></trkpt>
   <trkpt lon="11.409709" lat="43.325801"><ele>239.75</ele></trkpt>
   <trkpt lon="11.409851" lat="43.325802"><ele>241.0</ele></trkpt>
   <trkpt lon="11.409956" lat="43.325819"><ele>241.75</ele></trkpt>
   <trkpt lon="11.410015" lat="43.325835"><ele>242.0</ele></trkpt>
   <trkpt lon="11.410303" lat="43.325948"><ele>246.25</ele></trkpt>
   <trkpt lon="11.410347" lat="43.325962"><ele>246.5</ele></trkpt>
   <trkpt lon="11.410414" lat="43.325971"><ele>246.5</ele></trkpt>
   <trkpt lon="11.410484" lat="43.325955"><ele>246.5</ele></trkpt>
   <trkpt lon="11.410682" lat="43.325844"><ele>249.25</ele></trkpt>
   <trkpt lon="11.410788" lat="43.325811"><ele>249.75</ele></trkpt>
   <trkpt lon="11.412974" lat="43.325373"><ele>253.5</ele></trkpt>
   <trkpt lon="11.413106" lat="43.325353"><ele>254.0</ele></trkpt>
   <trkpt lon="11.413203" lat="43.325251"><ele>256.0</ele></trkpt>
   <trkpt lon="11.413319" lat="43.325193"><ele>256.75</ele></trkpt>
   <trkpt lon="11.413486" lat="43.325126"><ele>258.0</ele></trkpt>
   <trkpt lon="11.413708" lat="43.325058"><ele>259.5</ele></trkpt>
   <trkpt lon="11.413975" lat="43.324964"><ele>260.75</ele></trkpt>
   <trkpt lon="11.414442" lat="43.324850"><ele>264.25</ele></trkpt>
   <trkpt lon="11.414630" lat="43.324749"><ele>264.0</ele></trkpt>
   <trkpt lon="11.414835" lat="43.324674"><ele>262.5</ele></trkpt>
   <trkpt lon="11.414990" lat="43.324640"><ele>261.0</ele></trkpt>
   <trkpt lon="11.415137" lat="43.324622"><ele>260.0</ele></trkpt>
   <trkpt lon="11.415191" lat="43.324586"><ele>259.25</ele></trkpt>
   <trkpt lon="11.415620" lat="43.324073"><ele>253.75</ele></trkpt>
   <trkpt lon="11.415801" lat="43.323917"><ele>252.0</ele></trkpt>
   <trkpt lon="11.416190" lat="43.324032"><ele>250.0</ele></trkpt>
   <trkpt lon="11.416351" lat="43.324030"><ele>248.25</ele></trkpt>
   <trkpt lon="11.416603" lat="43.323882"><ele>244.5</ele></trkpt>
   <trkpt lon="11.417255" lat="43.323931"><ele>239.0</ele></trkpt>
   <trkpt lon="11.417453" lat="43.323970"><ele>237.75</ele></trkpt>
   <trkpt lon="11.417598" lat="43.324042"><ele>237.0</ele></trkpt>
   <trkpt lon="11.417882" lat="43.324247"><ele>235.25</ele></trkpt>
   <trkpt lon="11.418140" lat="43.324352"><ele>233.25</ele></trkpt>
   <trkpt lon="11.418515" lat="43.324448"><ele>230.0</ele></trkpt>
   <trkpt lon="11.418883" lat="43.324583"><ele>227.5</ele></trkpt>
   <trkpt lon="11.419508" lat="43.325053"><ele>223.0</ele></trkpt>
   <trkpt lon="11.419837" lat="43.325388"><ele>218.25</ele></trkpt>
   <trkpt lon="11.419907" lat="43.325517"><ele>217.5</ele></trkpt>
   <trkpt lon="11.419913" lat="43.325627"><ele>216.25</ele></trkpt>
   <trkpt lon="11.420550" lat="43.325650"><ele>210.5</ele></trkpt>
   <trkpt lon="11.420761" lat="43.325668"><ele>209.0</ele></trkpt>
   <trkpt lon="11.421249" lat="43.325792"><ele>206.0</ele></trkpt>
   <trkpt lon="11.421790" lat="43.325901"><ele>201.5</ele></trkpt>
   <trkpt lon="11.421895" lat="43.325917"><ele>201.0</ele></trkpt>
   <trkpt lon="11.422897" lat="43.325951"><ele>198.0</ele></trkpt>
   <trkpt lon="11.423100" lat="43.325975"><ele>197.75</ele></trkpt>
   <trkpt lon="11.423306" lat="43.326019"><ele>196.25</ele></trkpt>
   <trkpt lon="11.423800" lat="43.326141"><ele>197.25</ele></trkpt>
   <trkpt lon="11.423878" lat="43.326154"><ele>197.75</ele></trkpt>
   <trkpt lon="11.424042" lat="43.326188"><ele>198.75</ele></trkpt>
   <trkpt lon="11.424286" lat="43.326198"><ele>199.5</ele></trkpt>
   <trkpt lon="11.424547" lat="43.326178"><ele>199.5</ele></trkpt>
   <trkpt lon="11.424679" lat="43.326154"><ele>199.5</ele></trkpt>
   <trkpt lon="11.424814" lat="43.326106"><ele>199.75</ele></trkpt>
   <trkpt lon="11.424952" lat="43.326038"><ele>199.5</ele></trkpt>
   <trkpt lon="11.425086" lat="43.325949"><ele>199.5</ele></trkpt>
   <trkpt lon="11.425198" lat="43.325848"><ele>200.25</ele></trkpt>
   <trkpt lon="11.425289" lat="43.325750"><ele>200.5</ele></trkpt>
   <trkpt lon="11.425456" lat="43.325510"><ele>200.5</ele></trkpt>
   <trkpt lon="11.425702" lat="43.325060"><ele>200.0</ele></trkpt>
   <trkpt lon="11.426081" lat="43.324462"><ele>199.75</ele></trkpt>
   <trkpt lon="11.426178" lat="43.324289"><ele>198.25</ele></trkpt>
   <trkpt lon="11.426230" lat="43.324151"><ele>198.25</ele></trkpt>
   <trkpt lon="11.426235" lat="43.324083"><ele>199.25</ele></trkpt>
   <trkpt lon="11.426083" lat="43.323617"><ele>201.5</ele></trkpt>
   <trkpt lon="11.426057" lat="43.323418"><ele>201.75</ele></trkpt>
   <trkpt lon="11.426075" lat="43.323326"><ele>202.25</ele></trkpt>
   <trkpt lon="11.426141" lat="43.323239"><ele>202.5</ele></trkpt>
   <trkpt lon="11.426237" lat="43.323181"><ele>203.25</ele></trkpt>
   <trkpt lon="11.426363" lat="43.323151"><ele>204.5</ele></trkpt>
   <trkpt lon="11.426482" lat="43.323156"><ele>206.0</ele></trkpt>
   <trkpt lon="11.426678" lat="43.323187"><ele>208.75</ele></trkpt>
   <trkpt lon="11.427372" lat="43.323394"><ele>216.5</ele></trkpt>
   <trkpt lon="11.427464" lat="43.323414"><ele>217.25</ele></trkpt>
   <trkpt lon="11.427572" lat="43.323422"><ele>218.0</ele></trkpt>
   <trkpt lon="11.427742" lat="43.323410"><ele>219.5</ele></trkpt>
   <trkpt lon="11.427979" lat="43.323363"><ele>220.75</ele></trkpt>
   <trkpt lon="11.428240" lat="43.323296"><ele>220.5</ele></trkpt>
   <trkpt lon="11.429001" lat="43.323096"><ele>223.0</ele></trkpt>
   <trkpt lon="11.429735" lat="43.322888"><ele>227.75</ele></trkpt>
   <trkpt lon="11.429915" lat="43.322845"><ele>228.75</ele></trkpt>
   <trkpt lon="11.430116" lat="43.322817"><ele>229.75</ele></trkpt>
   <trkpt lon="11.430668" lat="43.322795"><ele>229.0</ele></trkpt>
   <trkpt lon="11.430737" lat="43.322792"><ele>229.0</ele></trkpt>
   <trkpt lon="11.430809" lat="43.322789"><ele>229.0</ele></trkpt>
   <trkpt lon="11.431161" lat="43.322786"><ele>226.75</ele></trkpt>
   <trkpt lon="11.431618" lat="43.322813"><ele>224.0</ele></trkpt>
   <trkpt lon="11.431962" lat="43.322859"><ele>222.5</ele></trkpt>
   <trkpt lon="11.432084" lat="43.322884"><ele>223.0</ele></trkpt>
   <trkpt lon="11.432200" lat="43.322916"><ele>223.5</ele></trkpt>
   <trkpt lon="11.432220" lat="43.322874"><ele>222.5</ele></trkpt>
   <trkpt lon="11.432211" lat="43.322818"><ele>221.5</ele></trkpt>
   <trkpt lon="11.432171" lat="43.322784"><ele>221.0</ele></trkpt>
   <trkpt lon="11.431968" lat="43.322659"><ele>218.25</ele></trkpt>
   <trkpt lon="11.431927" lat="43.322624"><ele>217.75</ele></trkpt>
   <trkpt lon="11.431914" lat="43.322587"><ele>217.0</ele></trkpt>
   <trkpt lon="11.431926" lat="43.322530"><ele>215.75</ele></trkpt>
   <trkpt lon="11.433002" lat="43.320999"><ele>200.75</ele></trkpt>
   <trkpt lon="11.434750" lat="43.318516"><ele>196.0</ele></trkpt>
   <trkpt lon="11.435038" lat="43.318079"><ele>196.0</ele></trkpt>
   <trkpt lon="11.435475" lat="43.317493"><ele>195.25</ele></trkpt>
   <trkpt lon="11.435517" lat="43.317410"><ele>195.0</ele></trkpt>
   <trkpt lon="11.435672" lat="43.317198"><ele>194.75</ele></trkpt>
   <trkpt lon="11.435696" lat="43.317158"><ele>194.5</ele></trkpt>
   <trkpt lon="11.436129" lat="43.316512"><ele>194.0</ele></trkpt>
   <trkpt lon="11.437402" lat="43.314718"><ele>197.5</ele></trkpt>
   <trkpt lon="11.437558" lat="43.314695"><ele>198.0</ele></trkpt>
   <trkpt lon="11.437829" lat="43.314677"><ele>199.0</ele></trkpt>
   <trkpt lon="11.437999" lat="43.314640"><ele>199.5</ele></trkpt>
   <trkpt lon="11.438250" lat="43.314515"><ele>200.25</ele></trkpt>
   <trkpt lon="11.438327" lat="43.314495"><ele>200.5</ele></trkpt>
   <trkpt lon="11.438403" lat="43.314517"><ele>201.75</ele></trkpt>
   <trkpt lon="11.438520" lat="43.314583"><ele>204.0</ele></trkpt>
   <trkpt lon="11.438650" lat="43.314617"><ele>205.75</ele></trkpt>
   <trkpt lon="11.438773" lat="43.314631"><ele>206.75</ele></trkpt>
   <trkpt lon="11.438840" lat="43.314652"><ele>207.5</ele></trkpt>
   <trkpt lon="11.438991" lat="43.314698"><ele>209.25</ele></trkpt>
   <trkpt lon="11.439088" lat="43.314757"><ele>211.75</ele></trkpt>
   <trkpt lon="11.439179" lat="43.314794"><ele>214.0</ele></trkpt>
   <trkpt lon="11.439509" lat="43.314829"><ele>216.75</ele></trkpt>
   <trkpt lon="11.439637" lat="43.314854"><ele>218.0</ele></trkpt>
   <trkpt lon="11.439795" lat="43.314917"><ele>219.5</ele></trkpt>
   <trkpt lon="11.440024" lat="43.315138"><ele>221.5</ele></trkpt>
   <trkpt lon="11.440164" lat="43.315232"><ele>221.75</ele></trkpt>
   <trkpt lon="11.440322" lat="43.315314"><ele>222.0</ele></trkpt>
   <trkpt lon="11.440490" lat="43.315424"><ele>225.0</ele></trkpt>
   <trkpt lon="11.440676" lat="43.315620"><ele>229.0</ele></trkpt>
   <trkpt lon="11.440869" lat="43.315743"><ele>231.25</ele></trkpt>
   <trkpt lon="11.441004" lat="43.315896"><ele>233.0</ele></trkpt>
   <trkpt lon="11.441359" lat="43.316332"><ele>231.5</ele></trkpt>
   <trkpt lon="11.441558" lat="43.316452"><ele>232.25</ele></trkpt>
   <trkpt lon="11.441812" lat="43.316649"><ele>235.5</ele></trkpt>
   <trkpt lon="11.442056" lat="43.316882"><ele>240.25</ele></trkpt>
   <trkpt lon="11.442271" lat="43.317052"><ele>242.0</ele></trkpt>
   <trkpt lon="11.442477" lat="43.317176"><ele>242.5</ele></trkpt>
   <trkpt lon="11.442898" lat="43.317378"><ele>242.0</ele></trkpt>
   <trkpt lon="11.443533" lat="43.317497"><ele>247.5</ele></trkpt>
   <trkpt lon="11.443955" lat="43.317712"><ele>247.75</ele></trkpt>
   <trkpt lon="11.444240" lat="43.317847"><ele>249.75</ele></trkpt>
   <trkpt lon="11.444426" lat="43.318036"><ele>251.75</ele></trkpt>
   <trkpt lon="11.444607" lat="43.318186"><ele>248.25</ele></trkpt>
   <trkpt lon="11.444722" lat="43.318229"><ele>247.75</ele></trkpt>
   <trkpt lon="11.444917" lat="43.318293"><ele>248.5</ele></trkpt>
   <trkpt lon="11.445168" lat="43.318327"><ele>248.75</ele></trkpt>
   <trkpt lon="11.445529" lat="43.318385"><ele>248.25</ele></trkpt>
   <trkpt lon="11.445990" lat="43.318443"><ele>244.0</ele></trkpt>
   <trkpt lon="11.446127" lat="43.318418"><ele>241.75</ele></trkpt>
   <trkpt lon="11.446311" lat="43.318410"><ele>242.25</ele></trkpt>
   <trkpt lon="11.446682" lat="43.318441"><ele>244.0</ele></trkpt>
   <trkpt lon="11.447120" lat="43.318535"><ele>248.25</ele></trkpt>
   <trkpt lon="11.447481" lat="43.318737"><ele>246.5</ele></trkpt>
   <trkpt lon="11.447852" lat="43.318845"><ele>242.75</ele></trkpt>
   <trkpt lon="11.448011" lat="43.318872"><ele>245.0</ele></trkpt>
   <trkpt lon="11.448308" lat="43.318890"><ele>246.75</ele></trkpt>
   <trkpt lon="11.448483" lat="43.318888"><ele>247.5</ele></trkpt>
   <trkpt lon="11.448624" lat="43.318835"><ele>247.0</ele></trkpt>
   <trkpt lon="11.448767" lat="43.318759"><ele>246.25</ele></trkpt>
   <trkpt lon="11.449261" lat="43.318497"><ele>243.75</ele></trkpt>
   <trkpt lon="11.449584" lat="43.318273"><ele>241.75</ele></trkpt>
   <trkpt lon="11.449852" lat="43.318007"><ele>244.75</ele></trkpt>
   <trkpt lon="11.449944" lat="43.317959"><ele>245.25</ele></trkpt>
   <trkpt lon="11.450111" lat="43.317927"><ele>245.25</ele></trkpt>
   <trkpt lon="11.450368" lat="43.317922"><ele>244.5</ele></trkpt>
   <trkpt lon="11.450822" lat="43.317888"><ele>245.75</ele></trkpt>
   <trkpt lon="11.451664" lat="43.317847"><ele>249.0</ele></trkpt>
   <trkpt lon="11.451873" lat="43.317808"><ele>249.0</ele></trkpt>
   <trkpt lon="11.452083" lat="43.317725"><ele>249.75</ele></trkpt>
   <trkpt lon="11.452181" lat="43.317726"><ele>250.25</ele></trkpt>
   <trkpt lon="11.452408" lat="43.317774"><ele>250.5</ele></trkpt>
   <trkpt lon="11.452529" lat="43.317776"><ele>251.0</ele></trkpt>
   <trkpt lon="11.453017" lat="43.317762"><ele>253.0</ele></trkpt>
   <trkpt lon="11.453191" lat="43.317795"><ele>252.75</ele></trkpt>
   <trkpt lon="11.453789" lat="43.318093"><ele>251.5</ele></trkpt>
   <trkpt lon="11.453962" lat="43.318152"><ele>251.0</ele></trkpt>
   <trkpt lon="11.454178" lat="43.318185"><ele>250.75</ele></trkpt>
   <trkpt lon="11.454314" lat="43.318166"><ele>250.25</ele></trkpt>
   <trkpt lon="11.454431" lat="43.318140"><ele>250.0</ele></trkpt>
   <trkpt lon="11.455339" lat="43.317823"><ele>249.5</ele></trkpt>
   <trkpt lon="11.455699" lat="43.317724"><ele>248.0</ele></trkpt>
   <trkpt lon="11.456882" lat="43.317502"><ele>248.75</ele></trkpt>
   <trkpt lon="11.457162" lat="43.317466"><ele>249.25</ele></trkpt>
   <trkpt lon="11.457324" lat="43.317476"><ele>250.0</ele></trkpt>
   <trkpt lon="11.457640" lat="43.317512"><ele>251.25</ele></trkpt>
   <trkpt lon="11.457972" lat="43.317526"><ele>251.75</ele></trkpt>
   <trkpt lon="11.458424" lat="43.317516"><ele>252.75</ele></trkpt>
   <trkpt lon="11.458623" lat="43.317490"><ele>253.0</ele></trkpt>
   <trkpt lon="11.458781" lat="43.317450"><ele>253.0</ele></trkpt>
   <trkpt lon="11.459072" lat="43.317291"><ele>254.0</ele></trkpt>
   <trkpt lon="11.459187" lat="43.317266"><ele>254.5</ele></trkpt>
   <trkpt lon="11.459301" lat="43.317294"><ele>254.25</ele></trkpt>
   <trkpt lon="11.459465" lat="43.317413"><ele>255.0</ele></trkpt>
   <trkpt lon="11.459757" lat="43.317709"><ele>254.0</ele></trkpt>
   <trkpt lon="11.459839" lat="43.317760"><ele>254.5</ele></trkpt>
   <trkpt lon="11.459934" lat="43.317800"><ele>255.25</ele></trkpt>
   <trkpt lon="11.460079" lat="43.317842"><ele>255.0</ele></trkpt>
   <trkpt lon="11.460229" lat="43.317914"><ele>254.75</ele></trkpt>
   <trkpt lon="11.460337" lat="43.318014"><ele>255.25</ele></trkpt>
   <trkpt lon="11.460551" lat="43.317976"><ele>254.0</ele></trkpt>
   <trkpt lon="11.460742" lat="43.317889"><ele>252.5</ele></trkpt>
   <trkpt lon="11.461272" lat="43.317329"><ele>246.0</ele></trkpt>
   <trkpt lon="11.461519" lat="43.317146"><ele>245.25</ele></trkpt>
   <trkpt lon="11.461616" lat="43.317033"><ele>246.25</ele></trkpt>
   <trkpt lon="11.461659" lat="43.316670"><ele>246.75</ele></trkpt>
   <trkpt lon="11.461836" lat="43.316506"><ele>248.75</ele></trkpt>
   <trkpt lon="11.461992" lat="43.316435"><ele>250.75</ele></trkpt>
   <trkpt lon="11.462151" lat="43.316393"><ele>252.75</ele></trkpt>
   <trkpt lon="11.462318" lat="43.316391"><ele>255.25</ele></trkpt>
   <trkpt lon="11.462467" lat="43.316420"><ele>256.75</ele></trkpt>
   <trkpt lon="11.462649" lat="43.316481"><ele>257.0</ele></trkpt>
   <trkpt lon="11.462888" lat="43.316541"><ele>257.0</ele></trkpt>
   <trkpt lon="11.463137" lat="43.316580"><ele>257.25</ele></trkpt>
   <trkpt lon="11.463297" lat="43.316574"><ele>257.75</ele></trkpt>
   <trkpt lon="11.463719" lat="43.316523"><ele>259.5</ele></trkpt>
   <trkpt lon="11.464690" lat="43.316354"><ele>261.25</ele></trkpt>
   <trkpt lon="11.464915" lat="43.316337"><ele>262.75</ele></trkpt>
   <trkpt lon="11.465182" lat="43.316333"><ele>264.75</ele></trkpt>
   <trkpt lon="11.465329" lat="43.316309"><ele>265.75</ele></trkpt>
   <trkpt lon="11.465577" lat="43.316209"><ele>267.75</ele></trkpt>
   <trkpt lon="11.466031" lat="43.316126"><ele>272.25</ele></trkpt>
   <trkpt lon="11.466147" lat="43.316075"><ele>272.5</ele></trkpt>
   <trkpt lon="11.466265" lat="43.315986"><ele>272.0</ele></trkpt>
   <trkpt lon="11.466380" lat="43.315930"><ele>272.0</ele></trkpt>
   <trkpt lon="11.466701" lat="43.315898"><ele>272.0</ele></trkpt>
   <trkpt lon="11.466841" lat="43.315856"><ele>272.25</ele></trkpt>
   <trkpt lon="11.466965" lat="43.315795"><ele>271.75</ele></trkpt>
   <trkpt lon="11.467259" lat="43.315573"><ele>269.75</ele></trkpt>
   <trkpt lon="11.467516" lat="43.315323"><ele>269.5</ele></trkpt>
   <trkpt lon="11.467628" lat="43.315147"><ele>269.0</ele></trkpt>
   <trkpt lon="11.467752" lat="43.314990"><ele>269.0</ele></trkpt>
   <trkpt lon="11.467928" lat="43.314830"><ele>268.5</ele></trkpt>
   <trkpt lon="11.467985" lat="43.314748"><ele>268.5</ele></trkpt>
   <trkpt lon="11.468057" lat="43.314603"><ele>266.5</ele></trkpt>
   <trkpt lon="11.468160" lat="43.314553"><ele>264.75</ele></trkpt>
   <trkpt lon="11.468287" lat="43.314543"><ele>263.25</ele></trkpt>
   <trkpt lon="11.468574" lat="43.314585"><ele>259.75</ele></trkpt>
   <trkpt lon="11.470124" lat="43.314869"><ele>252.25</ele></trkpt>
   <trkpt lon="11.470490" lat="43.315036"><ele>251.5</ele></trkpt>
   <trkpt lon="11.470796" lat="43.315245"><ele>250.75</ele></trkpt>
   <trkpt lon="11.470939" lat="43.315448"><ele>250.75</ele></trkpt>
   <trkpt lon="11.471096" lat="43.315557"><ele>250.75</ele></trkpt>
   <trkpt lon="11.471703" lat="43.315812"><ele>252.75</ele></trkpt>
   <trkpt lon="11.471887" lat="43.315911"><ele>253.75</ele></trkpt>
   <trkpt lon="11.472023" lat="43.315985"><ele>254.75</ele></trkpt>
   <trkpt lon="11.472190" lat="43.316062"><ele>255.75</ele></trkpt>
   <trkpt lon="11.472368" lat="43.316098"><ele>257.0</ele></trkpt>
   <trkpt lon="11.472474" lat="43.316104"><ele>257.75</ele></trkpt>
   <trkpt lon="11.472583" lat="43.316072"><ele>258.75</ele></trkpt>
   <trkpt lon="11.472665" lat="43.316000"><ele>259.5</ele></trkpt>
   <trkpt lon="11.472826" lat="43.315791"><ele>258.75</ele></trkpt>
   <trkpt lon="11.472976" lat="43.315656"><ele>257.5</ele></trkpt>
   <trkpt lon="11.473111" lat="43.315615"><ele>257.25</ele></trkpt>
   <trkpt lon="11.473261" lat="43.315620"><ele>257.25</ele></trkpt>
   <trkpt lon="11.473512" lat="43.315755"><ele>258.25</ele></trkpt>
   <trkpt lon="11.473751" lat="43.315924"><ele>258.75</ele></trkpt>
   <trkpt lon="11.473939" lat="43.316078"><ele>258.75</ele></trkpt>
   <trkpt lon="11.474112" lat="43.316252"><ele>260.5</ele></trkpt>
   <trkpt lon="11.474224" lat="43.316318"><ele>261.5</ele></trkpt>
   <trkpt lon="11.474359" lat="43.316379"><ele>262.25</ele></trkpt>
   <trkpt lon="11.474566" lat="43.316419"><ele>260.5</ele></trkpt>
   <trkpt lon="11.474794" lat="43.316503"><ele>258.25</ele></trkpt>
   <trkpt lon="11.475002" lat="43.316593"><ele>257.5</ele></trkpt>
   <trkpt lon="11.475135" lat="43.316618"><ele>257.0</ele></trkpt>
   <trkpt lon="11.475228" lat="43.316616"><ele>256.5</ele></trkpt>
   <trkpt lon="11.475313" lat="43.316579"><ele>255.75</ele></trkpt>
   <trkpt lon="11.475346" lat="43.316524"><ele>255.0</ele></trkpt>
   <trkpt lon="11.475355" lat="43.316471"><ele>254.5</ele></trkpt>
   <trkpt lon="11.475333" lat="43.316374"><ele>253.5</ele></trkpt>
   <trkpt lon="11.475189" lat="43.316057"><ele>248.5</ele></trkpt>
   <trkpt lon="11.475157" lat="43.315900"><ele>246.5</ele></trkpt>
   <trkpt lon="11.475118" lat="43.315569"><ele>242.5</ele></trkpt>
   <trkpt lon="11.475095" lat="43.315495"><ele>242.0</ele></trkpt>
   <trkpt lon="11.474928" lat="43.315284"><ele>240.0</ele></trkpt>
   <trkpt lon="11.474862" lat="43.315168"><ele>238.0</ele></trkpt>
   <trkpt lon="11.474855" lat="43.315037"><ele>236.0</ele></trkpt>
   <trkpt lon="11.474885" lat="43.314966"><ele>234.75</ele></trkpt>
   <trkpt lon="11.475094" lat="43.314619"><ele>227.75</ele></trkpt>
   <trkpt lon="11.475145" lat="43.314470"><ele>224.5</ele></trkpt>
   <trkpt lon="11.475125" lat="43.314279"><ele>221.5</ele></trkpt>
   <trkpt lon="11.475020" lat="43.314092"><ele>219.5</ele></trkpt>
   <trkpt lon="11.474824" lat="43.313838"><ele>218.5</ele></trkpt>
   <trkpt lon="11.474619" lat="43.313608"><ele>213.75</ele></trkpt>
   <trkpt lon="11.474550" lat="43.313513"><ele>213.0</ele></trkpt>
   <trkpt lon="11.474506" lat="43.313402"><ele>211.5</ele></trkpt>
   <trkpt lon="11.474499" lat="43.313351"><ele>210.75</ele></trkpt>
   <trkpt lon="11.474518" lat="43.313300"><ele>211.0</ele></trkpt>
   <trkpt lon="11.474590" lat="43.313243"><ele>212.0</ele></trkpt>
   <trkpt lon="11.474632" lat="43.313219"><ele>212.5</ele></trkpt>
   <trkpt lon="11.474858" lat="43.313096"><ele>215.25</ele></trkpt>
   <trkpt lon="11.475367" lat="43.312801"><ele>218.0</ele></trkpt>
   <trkpt lon="11.475852" lat="43.312508"><ele>222.0</ele></trkpt>
   <trkpt lon="11.475964" lat="43.312563"><ele>223.0</ele></trkpt>
   <trkpt lon="11.476060" lat="43.312625"><ele>223.5</ele></trkpt>
   <trkpt lon="11.476165" lat="43.312709"><ele>223.5</ele></trkpt>
   <trkpt lon="11.476305" lat="43.312835"><ele>223.25</ele></trkpt>
   <trkpt lon="11.476386" lat="43.312931"><ele>222.75</ele></trkpt>
   <trkpt lon="11.476409" lat="43.312968"><ele>222.5</ele></trkpt>
   <trkpt lon="11.476444" lat="43.313069"><ele>221.75</ele></trkpt>
   <trkpt lon="11.476450" lat="43.313199"><ele>222.25</ele></trkpt>
   <trkpt lon="11.476435" lat="43.313309"><ele>222.25</ele></trkpt>
   <trkpt lon="11.476379" lat="43.313407"><ele>223.75</ele></trkpt>
   <trkpt lon="11.476176" lat="43.313661"><ele>225.25</ele></trkpt>
   <trkpt lon="11.476152" lat="43.313709"><ele>225.0</ele></trkpt>
   <trkpt lon="11.476139" lat="43.313802"><ele>225.25</ele></trkpt>
   <trkpt lon="11.476182" lat="43.314294"><ele>231.0</ele></trkpt>
   <trkpt lon="11.476232" lat="43.314470"><ele>231.0</ele></trkpt>
   <trkpt lon="11.476350" lat="43.314621"><ele>231.5</ele></trkpt>
   <trkpt lon="11.476534" lat="43.314764"><ele>233.75</ele></trkpt>
   <trkpt lon="11.476683" lat="43.314844"><ele>234.75</ele></trkpt>
   <trkpt lon="11.477117" lat="43.314999"><ele>230.75</ele></trkpt>
   <trkpt lon="11.477647" lat="43.315140"><ele>229.25</ele></trkpt>
   <trkpt lon="11.478042" lat="43.315236"><ele>228.5</ele></trkpt>
   <trkpt lon="11.478190" lat="43.315265"><ele>227.5</ele></trkpt>
   <trkpt lon="11.478472" lat="43.315305"><ele>226.25</ele></trkpt>
   <trkpt lon="11.478640" lat="43.315309"><ele>225.5</ele></trkpt>
   <trkpt lon="11.478870" lat="43.315304"><ele>223.75</ele></trkpt>
   <trkpt lon="11.479084" lat="43.315295"><ele>223.25</ele></trkpt>
   <trkpt lon="11.479220" lat="43.315292"><ele>223.0</ele></trkpt>
   <trkpt lon="11.480774" lat="43.315264"><ele>228.25</ele></trkpt>
   <trkpt lon="11.482464" lat="43.315187"><ele>234.0</ele></trkpt>
   <trkpt lon="11.482861" lat="43.315207"><ele>235.25</ele></trkpt>
   <trkpt lon="11.483182" lat="43.315290"><ele>236.25</ele></trkpt>
   <trkpt lon="11.483419" lat="43.315400"><ele>236.25</ele></trkpt>
   <trkpt lon="11.483724" lat="43.315597"><ele>238.25</ele></trkpt>
   <trkpt lon="11.483878" lat="43.315687"><ele>239.25</ele></trkpt>
   <trkpt lon="11.484041" lat="43.315750"><ele>240.75</ele></trkpt>
   <trkpt lon="11.484250" lat="43.315788"><ele>241.75</ele></trkpt>
   <trkpt lon="11.484534" lat="43.315822"><ele>241.75</ele></trkpt>
   <trkpt lon="11.484771" lat="43.315867"><ele>242.25</ele></trkpt>
   <trkpt lon="11.484980" lat="43.315937"><ele>242.75</ele></trkpt>
   <trkpt lon="11.485154" lat="43.316038"><ele>243.5</ele></trkpt>
   <trkpt lon="11.485580" lat="43.316258"><ele>244.75</ele></trkpt>
   <trkpt lon="11.485982" lat="43.316429"><ele>244.25</ele></trkpt>
   <trkpt lon="11.486126" lat="43.316511"><ele>244.5</ele></trkpt>
   <trkpt lon="11.486346" lat="43.316680"><ele>247.25</ele></trkpt>
   <trkpt lon="11.486451" lat="43.316738"><ele>248.25</ele></trkpt>
   <trkpt lon="11.486537" lat="43.316767"><ele>248.75</ele></trkpt>
   <trkpt lon="11.486633" lat="43.316783"><ele>248.75</ele></trkpt>
   <trkpt lon="11.486728" lat="43.316779"><ele>249.0</ele></trkpt>
   <trkpt lon="11.486851" lat="43.316761"><ele>249.75</ele></trkpt>
   <trkpt lon="11.487289" lat="43.316645"><ele>252.0</ele></trkpt>
   <trkpt lon="11.487438" lat="43.316618"><ele>252.25</ele></trkpt>
   <trkpt lon="11.487548" lat="43.316620"><ele>252.25</ele></trkpt>
   <trkpt lon="11.487744" lat="43.316656"><ele>252.0</ele></trkpt>
   <trkpt lon="11.487877" lat="43.316704"><ele>252.0</ele></trkpt>
   <trkpt lon="11.488241" lat="43.316910"><ele>253.25</ele></trkpt>
   <trkpt lon="11.488341" lat="43.316952"><ele>254.0</ele></trkpt>
   <trkpt lon="11.488448" lat="43.316978"><ele>255.0</ele></trkpt>
   <trkpt lon="11.488559" lat="43.316979"><ele>255.25</ele></trkpt>
   <trkpt lon="11.488652" lat="43.316969"><ele>255.5</ele></trkpt>
   <trkpt lon="11.489138" lat="43.316863"><ele>258.25</ele></trkpt>
   <trkpt lon="11.489350" lat="43.316834"><ele>258.0</ele></trkpt>
   <trkpt lon="11.489484" lat="43.316834"><ele>258.0</ele></trkpt>
   <trkpt lon="11.489643" lat="43.316872"><ele>258.5</ele></trkpt>
   <trkpt lon="11.489846" lat="43.316972"><ele>259.5</ele></trkpt>
   <trkpt lon="11.490134" lat="43.317179"><ele>259.25</ele></trkpt>
   <trkpt lon="11.490243" lat="43.317246"><ele>260.0</ele></trkpt>
   <trkpt lon="11.490380" lat="43.317306"><ele>260.0</ele></trkpt>
   <trkpt lon="11.490951" lat="43.317396"><ele>261.5</ele></trkpt>
   <trkpt lon="11.491936" lat="43.317533"><ele>261.0</ele></trkpt>
   <trkpt lon="11.492271" lat="43.317572"><ele>260.5</ele></trkpt>
   <trkpt lon="11.492434" lat="43.317574"><ele>260.5</ele></trkpt>
   <trkpt lon="11.492602" lat="43.317555"><ele>261.0</ele></trkpt>
   <trkpt lon="11.492767" lat="43.317513"><ele>261.75</ele></trkpt>
   <trkpt lon="11.492946" lat="43.317443"><ele>260.5</ele></trkpt>
   <trkpt lon="11.493245" lat="43.317295"><ele>259.5</ele></trkpt>
   <trkpt lon="11.493411" lat="43.317188"><ele>260.25</ele></trkpt>
   <trkpt lon="11.493465" lat="43.317115"><ele>260.25</ele></trkpt>
   <trkpt lon="11.493516" lat="43.317029"><ele>261.0</ele></trkpt>
   <trkpt lon="11.493551" lat="43.316861"><ele>262.25</ele></trkpt>
   <trkpt lon="11.493542" lat="43.316762"><ele>262.75</ele></trkpt>
   <trkpt lon="11.493439" lat="43.316250"><ele>263.5</ele></trkpt>
   <trkpt lon="11.493441" lat="43.316144"><ele>264.25</ele></trkpt>
   <trkpt lon="11.493478" lat="43.316077"><ele>265.0</ele></trkpt>
   <trkpt lon="11.493593" lat="43.315964"><ele>266.75</ele></trkpt>
   <trkpt lon="11.493707" lat="43.315908"><ele>267.25</ele></trkpt>
   <trkpt lon="11.493806" lat="43.315888"><ele>267.25</ele></trkpt>
   <trkpt lon="11.493897" lat="43.315878"><ele>267.25</ele></trkpt>
   <trkpt lon="11.494110" lat="43.315894"><ele>267.75</ele></trkpt>
   <trkpt lon="11.495018" lat="43.316155"><ele>270.75</ele></trkpt>
   <trkpt lon="11.495436" lat="43.316242"><ele>271.75</ele></trkpt>
   <trkpt lon="11.495827" lat="43.316308"><ele>271.5</ele></trkpt>
   <trkpt lon="11.495990" lat="43.316316"><ele>271.5</ele></trkpt>
   <trkpt lon="11.496152" lat="43.316308"><ele>271.25</ele></trkpt>
   <trkpt lon="11.496371" lat="43.316277"><ele>270.25</ele></trkpt>
   <trkpt lon="11.496613" lat="43.316221"><ele>269.75</ele></trkpt>
   <trkpt lon="11.496906" lat="43.316182"><ele>270.0</ele></trkpt>
   <trkpt lon="11.497199" lat="43.316179"><ele>270.0</ele></trkpt>
   <trkpt lon="11.497783" lat="43.316223"><ele>269.25</ele></trkpt>
   <trkpt lon="11.499773" lat="43.316356"><ele>273.25</ele></trkpt>
   <trkpt lon="11.500227" lat="43.316417"><ele>274.25</ele></trkpt>
   <trkpt lon="11.500840" lat="43.316519"><ele>274.75</ele></trkpt>
   <trkpt lon="11.501081" lat="43.316534"><ele>276.25</ele></trkpt>
   <trkpt lon="11.501331" lat="43.316512"><ele>277.25</ele></trkpt>
   <trkpt lon="11.501678" lat="43.316425"><ele>276.5</ele></trkpt>
   <trkpt lon="11.501952" lat="43.316319"><ele>276.0</ele></trkpt>
   <trkpt lon="11.502235" lat="43.316191"><ele>276.75</ele></trkpt>
   <trkpt lon="11.502584" lat="43.315966"><ele>277.5</ele></trkpt>
   <trkpt lon="11.503042" lat="43.315578"><ele>281.25</ele></trkpt>
   <trkpt lon="11.503343" lat="43.315300"><ele>282.5</ele></trkpt>
   <trkpt lon="11.503522" lat="43.315204"><ele>282.5</ele></trkpt>
   <trkpt lon="11.503622" lat="43.315169"><ele>282.5</ele></trkpt>
   <trkpt lon="11.503933" lat="43.315117"><ele>282.25</ele></trkpt>
   <trkpt lon="11.504076" lat="43.315077"><ele>282.5</ele></trkpt>
   <trkpt lon="11.504195" lat="43.315021"><ele>283.0</ele></trkpt>
   <trkpt lon="11.504281" lat="43.314961"><ele>283.0</ele></trkpt>
   <trkpt lon="11.504337" lat="43.314884"><ele>283.0</ele></trkpt>
   <trkpt lon="11.504441" lat="43.314592"><ele>283.5</ele></trkpt>
   <trkpt lon="11.504516" lat="43.314516"><ele>282.75</ele></trkpt>
   <trkpt lon="11.504622" lat="43.314451"><ele>282.0</ele></trkpt>
   <trkpt lon="11.504880" lat="43.314388"><ele>280.25</ele></trkpt>
   <trkpt lon="11.505414" lat="43.314353"><ele>279.5</ele></trkpt>
   <trkpt lon="11.505600" lat="43.314350"><ele>279.5</ele></trkpt>
   <trkpt lon="11.505777" lat="43.314360"><ele>279.5</ele></trkpt>
   <trkpt lon="11.505967" lat="43.314394"><ele>280.0</ele></trkpt>
   <trkpt lon="11.506194" lat="43.314461"><ele>280.75</ele></trkpt>
   <trkpt lon="11.507078" lat="43.314802"><ele>280.0</ele></trkpt>
   <trkpt lon="11.507317" lat="43.314879"><ele>280.0</ele></trkpt>
   <trkpt lon="11.507589" lat="43.314930"><ele>281.25</ele></trkpt>
   <trkpt lon="11.507840" lat="43.314963"><ele>282.5</ele></trkpt>
   <trkpt lon="11.508103" lat="43.314979"><ele>283.5</ele></trkpt>
   <trkpt lon="11.508792" lat="43.315006"><ele>284.5</ele></trkpt>
   <trkpt lon="11.509807" lat="43.315023"><ele>290.0</ele></trkpt>
   <trkpt lon="11.510071" lat="43.315032"><ele>290.5</ele></trkpt>
   <trkpt lon="11.510337" lat="43.315062"><ele>290.75</ele></trkpt>
   <trkpt lon="11.510754" lat="43.315165"><ele>291.5</ele></trkpt>
   <trkpt lon="11.511196" lat="43.315306"><ele>293.75</ele></trkpt>
   <trkpt lon="11.511349" lat="43.315346"><ele>293.5</ele></trkpt>
   <trkpt lon="11.511506" lat="43.315368"><ele>293.75</ele></trkpt>
   <trkpt lon="11.511860" lat="43.315353"><ele>295.0</ele></trkpt>
   <trkpt lon="11.512253" lat="43.315344"><ele>296.25</ele></trkpt>
   <trkpt lon="11.512517" lat="43.315343"><ele>297.25</ele></trkpt>
   <trkpt lon="11.512895" lat="43.315361"><ele>297.75</ele></trkpt>
   <trkpt lon="11.513376" lat="43.315409"><ele>299.5</ele></trkpt>
   <trkpt lon="11.513748" lat="43.315478"><ele>300.75</ele></trkpt>
   <trkpt lon="11.513920" lat="43.315484"><ele>301.5</ele></trkpt>
   <trkpt lon="11.513883" lat="43.315432"><ele>301.75</ele></trkpt>
   <trkpt lon="11.513865" lat="43.315375"><ele>302.0</ele></trkpt>
   <trkpt lon="11.513862" lat="43.315160"><ele>303.0</ele></trkpt>
   <trkpt lon="11.513887" lat="43.314942"><ele>303.75</ele></trkpt>
   <trkpt lon="11.513923" lat="43.314858"><ele>304.25</ele></trkpt>
   <trkpt lon="11.513984" lat="43.314781"><ele>305.25</ele></trkpt>
   <trkpt lon="11.514063" lat="43.314727"><ele>306.25</ele></trkpt>
   <trkpt lon="11.514339" lat="43.314602"><ele>308.0</ele></trkpt>
   <trkpt lon="11.514501" lat="43.314497"><ele>309.0</ele></trkpt>
   <trkpt lon="11.514572" lat="43.314428"><ele>309.25</ele></trkpt>
   <trkpt lon="11.514622" lat="43.314344"><ele>309.5</ele></trkpt>
   <trkpt lon="11.514645" lat="43.314264"><ele>309.5</ele></trkpt>
   <trkpt lon="11.514634" lat="43.314194"><ele>309.5</ele></trkpt>
   <trkpt lon="11.514588" lat="43.314119"><ele>309.0</ele></trkpt>
   <trkpt lon="11.514267" lat="43.313850"><ele>309.0</ele></trkpt>
   <trkpt lon="11.514159" lat="43.313749"><ele>309.5</ele></trkpt>
   <trkpt lon="11.513896" lat="43.313408"><ele>308.0</ele></trkpt>
   <trkpt lon="11.513850" lat="43.313303"><ele>307.25</ele></trkpt>
   <trkpt lon="11.513826" lat="43.313204"><ele>307.0</ele></trkpt>
   <trkpt lon="11.513824" lat="43.313078"><ele>306.5</ele></trkpt>
   <trkpt lon="11.513853" lat="43.312925"><ele>304.75</ele></trkpt>
   <trkpt lon="11.514020" lat="43.312669"><ele>302.0</ele></trkpt>
   <trkpt lon="11.514085" lat="43.312583"><ele>302.0</ele></trkpt>
   <trkpt lon="11.514150" lat="43.312512"><ele>302.5</ele></trkpt>
   <trkpt lon="11.514221" lat="43.312446"><ele>302.25</ele></trkpt>
   <trkpt lon="11.514353" lat="43.312363"><ele>301.25</ele></trkpt>
   <trkpt lon="11.514531" lat="43.312267"><ele>300.75</ele></trkpt>
   <trkpt lon="11.514903" lat="43.312091"><ele>299.0</ele></trkpt>
   <trkpt lon="11.515043" lat="43.311982"><ele>298.0</ele></trkpt>
   <trkpt lon="11.515093" lat="43.311921"><ele>297.5</ele></trkpt>
   <trkpt lon="11.515131" lat="43.311852"><ele>296.75</ele></trkpt>
   <trkpt lon="11.515156" lat="43.311689"><ele>295.25</ele></trkpt>
   <trkpt lon="11.515148" lat="43.311170"><ele>290.5</ele></trkpt>
   <trkpt lon="11.515207" lat="43.310787"><ele>290.5</ele></trkpt>
   <trkpt lon="11.515282" lat="43.310543"><ele>291.75</ele></trkpt>
   <trkpt lon="11.515378" lat="43.310320"><ele>290.5</ele></trkpt>
   <trkpt lon="11.515504" lat="43.310124"><ele>292.25</ele></trkpt>
   <trkpt lon="11.515698" lat="43.309925"><ele>295.0</ele></trkpt>
   <trkpt lon="11.516595" lat="43.309227"><ele>300.75</ele></trkpt>
   <trkpt lon="11.516662" lat="43.309194"><ele>300.5</ele></trkpt>
   <trkpt lon="11.516748" lat="43.309174"><ele>300.75</ele></trkpt>
   <trkpt lon="11.516906" lat="43.309162"><ele>300.75</ele></trkpt>
   <trkpt lon="11.517065" lat="43.309183"><ele>298.75</ele></trkpt>
   <trkpt lon="11.517215" lat="43.309229"><ele>295.75</ele></trkpt>
   <trkpt lon="11.517326" lat="43.309299"><ele>295.25</ele></trkpt>
   <trkpt lon="11.517772" lat="43.309657"><ele>298.5</ele></trkpt>
   <trkpt lon="11.517877" lat="43.309711"><ele>300.0</ele></trkpt>
   <trkpt lon="11.517997" lat="43.309766"><ele>300.25</ele></trkpt>
   <trkpt lon="11.518134" lat="43.309814"><ele>299.75</ele></trkpt>
   <trkpt lon="11.518439" lat="43.309894"><ele>301.0</ele></trkpt>
   <trkpt lon="11.518603" lat="43.309925"><ele>302.0</ele></trkpt>
   <trkpt lon="11.518729" lat="43.309936"><ele>302.25</ele></trkpt>
   <trkpt lon="11.518857" lat="43.309935"><ele>302.25</ele></trkpt>
   <trkpt lon="11.519028" lat="43.309912"><ele>299.75</ele></trkpt>
   <trkpt lon="11.519137" lat="43.309880"><ele>298.0</ele></trkpt>
   <trkpt lon="11.519703" lat="43.309678"><ele>301.75</ele></trkpt>
   <trkpt lon="11.519806" lat="43.309652"><ele>301.75</ele></trkpt>
   <trkpt lon="11.519915" lat="43.309638"><ele>301.5</ele></trkpt>
   <trkpt lon="11.520146" lat="43.309644"><ele>301.25</ele></trkpt>
   <trkpt lon="11.521062" lat="43.309700"><ele>307.75</ele></trkpt>
   <trkpt lon="11.521206" lat="43.309713"><ele>309.25</ele></trkpt>
   <trkpt lon="11.521379" lat="43.309747"><ele>310.75</ele></trkpt>
   <trkpt lon="11.521584" lat="43.309811"><ele>311.0</ele></trkpt>
   <trkpt lon="11.521711" lat="43.309844"><ele>311.5</ele></trkpt>
   <trkpt lon="11.521837" lat="43.309859"><ele>312.0</ele></trkpt>
   <trkpt lon="11.521982" lat="43.309860"><ele>312.5</ele></trkpt>
   <trkpt lon="11.522036" lat="43.309855"><ele>312.75</ele></trkpt>
   <trkpt lon="11.522107" lat="43.309844"><ele>313.0</ele></trkpt>
   <trkpt lon="11.522218" lat="43.309812"><ele>313.5</ele></trkpt>
   <trkpt lon="11.522326" lat="43.309766"><ele>313.0</ele></trkpt>
   <trkpt lon="11.522381" lat="43.309735"><ele>312.75</ele></trkpt>
   <trkpt lon="11.522495" lat="43.309645"><ele>312.0</ele></trkpt>
   <trkpt lon="11.522614" lat="43.309493"><ele>313.0</ele></trkpt>
   <trkpt lon="11.522692" lat="43.309375"><ele>313.75</ele></trkpt>
   <trkpt lon="11.522736" lat="43.309306"><ele>314.0</ele></trkpt>
   <trkpt lon="11.522817" lat="43.309186"><ele>315.5</ele></trkpt>
   <trkpt lon="11.522873" lat="43.309124"><ele>316.5</ele></trkpt>
   <trkpt lon="11.523020" lat="43.308999"><ele>319.25</ele></trkpt>
   <trkpt lon="11.523109" lat="43.308933"><ele>320.75</ele></trkpt>
   <trkpt lon="11.523208" lat="43.308879"><ele>322.75</ele></trkpt>
   <trkpt lon="11.523286" lat="43.308855"><ele>324.25</ele></trkpt>
   <trkpt lon="11.523324" lat="43.308849"><ele>324.75</ele></trkpt>
   <trkpt lon="11.523418" lat="43.308848"><ele>325.0</ele></trkpt>
   <trkpt lon="11.523564" lat="43.308869"><ele>324.25</ele></trkpt>
   <trkpt lon="11.523850" lat="43.308906"><ele>322.75</ele></trkpt>
   <trkpt lon="11.524019" lat="43.308899"><ele>322.75</ele></trkpt>
   <trkpt lon="11.524322" lat="43.308842"><ele>324.75</ele></trkpt>
   <trkpt lon="11.524382" lat="43.308823"><ele>325.5</ele></trkpt>
   <trkpt lon="11.524429" lat="43.308791"><ele>326.5</ele></trkpt>
   <trkpt lon="11.524428" lat="43.308757"><ele>327.0</ele></trkpt>
   <trkpt lon="11.524405" lat="43.308722"><ele>327.5</ele></trkpt>
   <trkpt lon="11.524364" lat="43.308688"><ele>327.75</ele></trkpt>
   <trkpt lon="11.524281" lat="43.308636"><ele>327.75</ele></trkpt>
   <trkpt lon="11.524082" lat="43.308515"><ele>327.75</ele></trkpt>
   <trkpt lon="11.523993" lat="43.308446"><ele>328.0</ele></trkpt>
   <trkpt lon="11.523917" lat="43.308370"><ele>328.0</ele></trkpt>
   <trkpt lon="11.523668" lat="43.308034"><ele>327.5</ele></trkpt>
   <trkpt lon="11.523318" lat="43.307614"><ele>328.0</ele></trkpt>
   <trkpt lon="11.523209" lat="43.307540"><ele>327.25</ele></trkpt>
   <trkpt lon="11.523144" lat="43.307451"><ele>327.0</ele></trkpt>
   <trkpt lon="11.523109" lat="43.307376"><ele>327.5</ele></trkpt>
   <trkpt lon="11.523093" lat="43.307300"><ele>328.0</ele></trkpt>
   <trkpt lon="11.523057" lat="43.306943"><ele>330.0</ele></trkpt>
   <trkpt lon="11.523031" lat="43.306534"><ele>327.25</ele></trkpt>
   <trkpt lon="11.522935" lat="43.306142"><ele>321.75</ele></trkpt>
   <trkpt lon="11.522829" lat="43.305956"><ele>318.5</ele></trkpt>
   <trkpt lon="11.522784" lat="43.305797"><ele>315.25</ele></trkpt>
   <trkpt lon="11.522761" lat="43.305677"><ele>315.25</ele></trkpt>
   <trkpt lon="11.522777" lat="43.305540"><ele>315.5</ele></trkpt>
   <trkpt lon="11.522874" lat="43.305303"><ele>311.0</ele></trkpt>
   <trkpt lon="11.523003" lat="43.305078"><ele>306.5</ele></trkpt>
   <trkpt lon="11.523181" lat="43.304811"><ele>303.75</ele></trkpt>
   <trkpt lon="11.523323" lat="43.304650"><ele>302.0</ele></trkpt>
   <trkpt lon="11.523619" lat="43.304465"><ele>298.25</ele></trkpt>
   <trkpt lon="11.523762" lat="43.304358"><ele>297.25</ele></trkpt>
   <trkpt lon="11.523841" lat="43.304244"><ele>296.5</ele></trkpt>
   <trkpt lon="11.523850" lat="43.304137"><ele>296.0</ele></trkpt>
   <trkpt lon="11.523827" lat="43.304063"><ele>296.0</ele></trkpt>
   <trkpt lon="11.523779" lat="43.304001"><ele>295.5</ele></trkpt>
   <trkpt lon="11.523656" lat="43.303867"><ele>296.5</ele></trkpt>
   <trkpt lon="11.522773" lat="43.303382"><ele>294.5</ele></trkpt>
   <trkpt lon="11.522700" lat="43.303290"><ele>294.75</ele></trkpt>
   <trkpt lon="11.522666" lat="43.303183"><ele>294.5</ele></trkpt>
   <trkpt lon="11.522661" lat="43.303012"><ele>294.5</ele></trkpt>
   <trkpt lon="11.522686" lat="43.302815"><ele>294.25</ele></trkpt>
   <trkpt lon="11.522763" lat="43.302545"><ele>294.0</ele></trkpt>
   <trkpt lon="11.522903" lat="43.302229"><ele>295.5</ele></trkpt>
   <trkpt lon="11.522918" lat="43.302054"><ele>296.0</ele></trkpt>
   <trkpt lon="11.522910" lat="43.301881"><ele>295.75</ele></trkpt>
   <trkpt lon="11.522892" lat="43.301714"><ele>295.75</ele></trkpt>
   <trkpt lon="11.522821" lat="43.301488"><ele>296.0</ele></trkpt>
   <trkpt lon="11.522550" lat="43.301015"><ele>295.25</ele></trkpt>
   <trkpt lon="11.522438" lat="43.300635"><ele>293.75</ele></trkpt>
   <trkpt lon="11.522317" lat="43.300380"><ele>290.5</ele></trkpt>
   <trkpt lon="11.522254" lat="43.300240"><ele>288.5</ele></trkpt>
   <trkpt lon="11.522199" lat="43.299996"><ele>287.5</ele></trkpt>
   <trkpt lon="11.522230" lat="43.299815"><ele>288.75</ele></trkpt>
   <trkpt lon="11.522279" lat="43.299678"><ele>290.5</ele></trkpt>
   <trkpt lon="11.522428" lat="43.299467"><ele>293.75</ele></trkpt>
   <trkpt lon="11.522460" lat="43.299382"><ele>294.5</ele></trkpt>
   <trkpt lon="11.522499" lat="43.299174"><ele>294.75</ele></trkpt>
   <trkpt lon="11.522505" lat="43.299026"><ele>296.0</ele></trkpt>
   <trkpt lon="11.522466" lat="43.298914"><ele>296.0</ele></trkpt>
   <trkpt lon="11.522326" lat="43.298765"><ele>295.5</ele></trkpt>
   <trkpt lon="11.522243" lat="43.298652"><ele>295.75</ele></trkpt>
   <trkpt lon="11.522239" lat="43.298538"><ele>297.0</ele></trkpt>
   <trkpt lon="11.522302" lat="43.298400"><ele>300.0</ele></trkpt>
   <trkpt lon="11.522303" lat="43.298325"><ele>301.0</ele></trkpt>
   <trkpt lon="11.522291" lat="43.298269"><ele>302.25</ele></trkpt>
   <trkpt lon="11.522194" lat="43.298172"><ele>303.0</ele></trkpt>
   <trkpt lon="11.522113" lat="43.298117"><ele>302.5</ele></trkpt>
   <trkpt lon="11.521905" lat="43.298027"><ele>300.5</ele></trkpt>
   <trkpt lon="11.521662" lat="43.297885"><ele>301.25</ele></trkpt>
   <trkpt lon="11.521384" lat="43.297548"><ele>302.75</ele></trkpt>
   <trkpt lon="11.521332" lat="43.297371"><ele>302.25</ele></trkpt>
   <trkpt lon="11.521362" lat="43.297178"><ele>303.0</ele></trkpt>
   <trkpt lon="11.521496" lat="43.296904"><ele>301.75</ele></trkpt>
   <trkpt lon="11.521588" lat="43.296820"><ele>302.25</ele></trkpt>
   <trkpt lon="11.521702" lat="43.296739"><ele>303.25</ele></trkpt>
   <trkpt lon="11.522260" lat="43.296657"><ele>306.0</ele></trkpt>
   <trkpt lon="11.522556" lat="43.296468"><ele>304.5</ele></trkpt>
   <trkpt lon="11.522756" lat="43.296415"><ele>305.5</ele></trkpt>
   <trkpt lon="11.523055" lat="43.296423"><ele>306.75</ele></trkpt>
   <trkpt lon="11.523482" lat="43.296445"><ele>305.5</ele></trkpt>
   <trkpt lon="11.523917" lat="43.296492"><ele>303.75</ele></trkpt>
   <trkpt lon="11.524424" lat="43.296567"><ele>303.0</ele></trkpt>
   <trkpt lon="11.524629" lat="43.296609"><ele>302.5</ele></trkpt>
   <trkpt lon="11.524781" lat="43.296688"><ele>303.5</ele></trkpt>
   <trkpt lon="11.524905" lat="43.296737"><ele>303.0</ele></trkpt>
   <trkpt lon="11.525058" lat="43.296767"><ele>302.25</ele></trkpt>
   <trkpt lon="11.525257" lat="43.296761"><ele>300.5</ele></trkpt>
   <trkpt lon="11.525368" lat="43.296739"><ele>299.5</ele></trkpt>
   <trkpt lon="11.525502" lat="43.296737"><ele>299.5</ele></trkpt>
   <trkpt lon="11.525640" lat="43.296743"><ele>299.0</ele></trkpt>
   <trkpt lon="11.525856" lat="43.296770"><ele>298.25</ele></trkpt>
   <trkpt lon="11.526050" lat="43.296750"><ele>298.25</ele></trkpt>
   <trkpt lon="11.526162" lat="43.296689"><ele>298.5</ele></trkpt>
   <trkpt lon="11.526351" lat="43.296512"><ele>297.25</ele></trkpt>
   <trkpt lon="11.526591" lat="43.296335"><ele>296.75</ele></trkpt>
   <trkpt lon="11.526861" lat="43.296176"><ele>295.75</ele></trkpt>
   <trkpt lon="11.527098" lat="43.296059"><ele>294.75</ele></trkpt>
   <trkpt lon="11.527275" lat="43.296003"><ele>294.75</ele></trkpt>
   <trkpt lon="11.527995" lat="43.295932"><ele>297.5</ele></trkpt>
   <trkpt lon="11.528299" lat="43.295894"><ele>297.5</ele></trkpt>
   <trkpt lon="11.528451" lat="43.295846"><ele>297.75</ele></trkpt>
   <trkpt lon="11.528554" lat="43.295789"><ele>298.0</ele></trkpt>
   <trkpt lon="11.528704" lat="43.295654"><ele>298.5</ele></trkpt>
   <trkpt lon="11.528910" lat="43.295371"><ele>298.25</ele></trkpt>
   <trkpt lon="11.529002" lat="43.295308"><ele>299.25</ele></trkpt>
   <trkpt lon="11.529090" lat="43.295300"><ele>300.0</ele></trkpt>
   <trkpt lon="11.529162" lat="43.295317"><ele>300.25</ele></trkpt>
   <trkpt lon="11.529216" lat="43.295362"><ele>300.25</ele></trkpt>
   <trkpt lon="11.529284" lat="43.295454"><ele>300.25</ele></trkpt>
   <trkpt lon="11.529382" lat="43.295638"><ele>300.25</ele></trkpt>
   <trkpt lon="11.529566" lat="43.295911"><ele>302.75</ele></trkpt>
   <trkpt lon="11.529597" lat="43.296016"><ele>302.75</ele></trkpt>
   <trkpt lon="11.529620" lat="43.296149"><ele>302.25</ele></trkpt>
   <trkpt lon="11.529699" lat="43.296369"><ele>303.25</ele></trkpt>
   <trkpt lon="11.529806" lat="43.296552"><ele>304.25</ele></trkpt>
   <trkpt lon="11.529857" lat="43.296597"><ele>304.5</ele></trkpt>
   <trkpt lon="11.529927" lat="43.296627"><ele>305.25</ele></trkpt>
   <trkpt lon="11.529995" lat="43.296638"><ele>306.25</ele></trkpt>
   <trkpt lon="11.530061" lat="43.296635"><ele>306.0</ele></trkpt>
   <trkpt lon="11.530129" lat="43.296616"><ele>305.75</ele></trkpt>
   <trkpt lon="11.530193" lat="43.296578"><ele>306.0</ele></trkpt>
   <trkpt lon="11.530241" lat="43.296513"><ele>306.75</ele></trkpt>
   <trkpt lon="11.530345" lat="43.296286"><ele>309.0</ele></trkpt>
   <trkpt lon="11.530527" lat="43.295853"><ele>313.0</ele></trkpt>
   <trkpt lon="11.530648" lat="43.295615"><ele>315.5</ele></trkpt>
   <trkpt lon="11.530900" lat="43.295250"><ele>319.25</ele></trkpt>
   <trkpt lon="11.531079" lat="43.295083"><ele>321.0</ele></trkpt>
   <trkpt lon="11.531396" lat="43.294908"><ele>323.5</ele></trkpt>
   <trkpt lon="11.531999" lat="43.294607"><ele>326.75</ele></trkpt>
   <trkpt lon="11.532259" lat="43.294514"><ele>328.75</ele></trkpt>
   <trkpt lon="11.532509" lat="43.294487"><ele>328.75</ele></trkpt>
   <trkpt lon="11.532763" lat="43.294472"><ele>330.25</ele></trkpt>
   <trkpt lon="11.533134" lat="43.294468"><ele>333.25</ele></trkpt>
   <trkpt lon="11.533402" lat="43.294481"><ele>334.5</ele></trkpt>
   <trkpt lon="11.533594" lat="43.294521"><ele>333.25</ele></trkpt>
   <trkpt lon="11.533710" lat="43.294620"><ele>334.25</ele></trkpt>
   <trkpt lon="11.533826" lat="43.294821"><ele>335.25</ele></trkpt>
   <trkpt lon="11.533889" lat="43.294982"><ele>334.0</ele></trkpt>
   <trkpt lon="11.533988" lat="43.295088"><ele>334.25</ele></trkpt>
   <trkpt lon="11.534289" lat="43.295312"><ele>334.75</ele></trkpt>
   <trkpt lon="11.534408" lat="43.295448"><ele>334.25</ele></trkpt>
   <trkpt lon="11.534538" lat="43.295624"><ele>333.0</ele></trkpt>
   <trkpt lon="11.534637" lat="43.295740"><ele>331.75</ele></trkpt>
   <trkpt lon="11.534786" lat="43.295816"><ele>330.75</ele></trkpt>
   <trkpt lon="11.534970" lat="43.295849"><ele>330.0</ele></trkpt>
   <trkpt lon="11.535359" lat="43.295824"><ele>329.5</ele></trkpt>
   <trkpt lon="11.535731" lat="43.295783"><ele>325.75</ele></trkpt>
   <trkpt lon="11.535851" lat="43.295759"><ele>324.0</ele></trkpt>
   <trkpt lon="11.536039" lat="43.295691"><ele>320.0</ele></trkpt>
   <trkpt lon="11.536496" lat="43.295508"><ele>320.75</ele></trkpt>
   <trkpt lon="11.536623" lat="43.295429"><ele>319.75</ele></trkpt>
   <trkpt lon="11.536690" lat="43.295340"><ele>320.5</ele></trkpt>
   <trkpt lon="11.536761" lat="43.295184"><ele>320.75</ele></trkpt>
   <trkpt lon="11.536800" lat="43.294980"><ele>321.75</ele></trkpt>
   <trkpt lon="11.537031" lat="43.294585"><ele>322.0</ele></trkpt>
   <trkpt lon="11.537188" lat="43.294409"><ele>321.5</ele></trkpt>
   <trkpt lon="11.537629" lat="43.294056"><ele>315.5</ele></trkpt>
   <trkpt lon="11.538853" lat="43.292740"><ele>324.75</ele></trkpt>
   <trkpt lon="11.538898" lat="43.292597"><ele>324.75</ele></trkpt>
   <trkpt lon="11.538895" lat="43.292419"><ele>324.25</ele></trkpt>
   <trkpt lon="11.538798" lat="43.292048"><ele>323.5</ele></trkpt>
   <trkpt lon="11.538796" lat="43.291944"><ele>322.5</ele></trkpt>
   <trkpt lon="11.538825" lat="43.291844"><ele>322.25</ele></trkpt>
   <trkpt lon="11.538995" lat="43.291715"><ele>320.75</ele></trkpt>
   <trkpt lon="11.539159" lat="43.291642"><ele>320.25</ele></trkpt>
   <trkpt lon="11.539845" lat="43.291390"><ele>317.5</ele></trkpt>
   <trkpt lon="11.540074" lat="43.291328"><ele>315.25</ele></trkpt>
   <trkpt lon="11.540263" lat="43.291306"><ele>313.75</ele></trkpt>
   <trkpt lon="11.540819" lat="43.291327"><ele>312.5</ele></trkpt>
   <trkpt lon="11.541045" lat="43.291298"><ele>311.75</ele></trkpt>
   <trkpt lon="11.541192" lat="43.291203"><ele>310.5</ele></trkpt>
   <trkpt lon="11.541320" lat="43.291067"><ele>310.5</ele></trkpt>
   <trkpt lon="11.541377" lat="43.290939"><ele>310.75</ele></trkpt>
   <trkpt lon="11.541377" lat="43.290812"><ele>311.0</ele></trkpt>
   <trkpt lon="11.541344" lat="43.290697"><ele>311.5</ele></trkpt>
   <trkpt lon="11.541257" lat="43.290496"><ele>312.5</ele></trkpt>
   <trkpt lon="11.541198" lat="43.290324"><ele>313.75</ele></trkpt>
   <trkpt lon="11.541176" lat="43.290147"><ele>314.25</ele></trkpt>
   <trkpt lon="11.541203" lat="43.289943"><ele>314.75</ele></trkpt>
   <trkpt lon="11.541208" lat="43.289817"><ele>314.25</ele></trkpt>
   <trkpt lon="11.541201" lat="43.289735"><ele>313.5</ele></trkpt>
   <trkpt lon="11.541185" lat="43.289646"><ele>313.25</ele></trkpt>
   <trkpt lon="11.541122" lat="43.289500"><ele>312.75</ele></trkpt>
   <trkpt lon="11.541096" lat="43.289411"><ele>312.75</ele></trkpt>
   <trkpt lon="11.541085" lat="43.289324"><ele>312.5</ele></trkpt>
   <trkpt lon="11.541102" lat="43.289112"><ele>312.0</ele></trkpt>
   <trkpt lon="11.541276" lat="43.288592"><ele>310.0</ele></trkpt>
   <trkpt lon="11.541322" lat="43.288496"><ele>309.5</ele></trkpt>
   <trkpt lon="11.541374" lat="43.288431"><ele>309.25</ele></trkpt>
   <trkpt lon="11.541441" lat="43.288371"><ele>309.25</ele></trkpt>
   <trkpt lon="11.541557" lat="43.288300"><ele>308.5</ele></trkpt>
   <trkpt lon="11.541890" lat="43.288171"><ele>307.0</ele></trkpt>
   <trkpt lon="11.542108" lat="43.288072"><ele>305.5</ele></trkpt>
   <trkpt lon="11.542259" lat="43.287992"><ele>304.0</ele></trkpt>
   <trkpt lon="11.542393" lat="43.287906"><ele>303.75</ele></trkpt>
   <trkpt lon="11.542503" lat="43.287844"><ele>304.25</ele></trkpt>
   <trkpt lon="11.542655" lat="43.287781"><ele>304.0</ele></trkpt>
   <trkpt lon="11.542899" lat="43.287715"><ele>302.75</ele></trkpt>
   <trkpt lon="11.543152" lat="43.287653"><ele>301.75</ele></trkpt>
   <trkpt lon="11.543340" lat="43.287627"><ele>303.0</ele></trkpt>
   <trkpt lon="11.543480" lat="43.287618"><ele>303.5</ele></trkpt>
   <trkpt lon="11.543732" lat="43.287628"><ele>303.25</ele></trkpt>
   <trkpt lon="11.543913" lat="43.287611"><ele>303.0</ele></trkpt>
   <trkpt lon="11.544005" lat="43.287589"><ele>303.25</ele></trkpt>
   <trkpt lon="11.544335" lat="43.287481"><ele>304.5</ele></trkpt>
   <trkpt lon="11.544540" lat="43.287428"><ele>305.25</ele></trkpt>
   <trkpt lon="11.544726" lat="43.287393"><ele>306.5</ele></trkpt>
   <trkpt lon="11.544948" lat="43.287366"><ele>307.25</ele></trkpt>
   <trkpt lon="11.545427" lat="43.287326"><ele>308.0</ele></trkpt>
   <trkpt lon="11.545669" lat="43.287286"><ele>308.0</ele></trkpt>
   <trkpt lon="11.545871" lat="43.287236"><ele>308.0</ele></trkpt>
   <trkpt lon="11.545980" lat="43.287194"><ele>308.0</ele></trkpt>
   <trkpt lon="11.546057" lat="43.287138"><ele>308.25</ele></trkpt>
   <trkpt lon="11.546110" lat="43.287062"><ele>309.25</ele></trkpt>
   <trkpt lon="11.546140" lat="43.286965"><ele>310.75</ele></trkpt>
   <trkpt lon="11.546135" lat="43.286828"><ele>310.5</ele></trkpt>
   <trkpt lon="11.546112" lat="43.286755"><ele>310.5</ele></trkpt>
   <trkpt lon="11.546065" lat="43.286687"><ele>310.75</ele></trkpt>
   <trkpt lon="11.545957" lat="43.286557"><ele>311.0</ele></trkpt>
   <trkpt lon="11.545894" lat="43.286453"><ele>311.25</ele></trkpt>
   <trkpt lon="11.545861" lat="43.286355"><ele>311.75</ele></trkpt>
   <trkpt lon="11.545858" lat="43.286294"><ele>312.75</ele></trkpt>
   <trkpt lon="11.545889" lat="43.286199"><ele>313.75</ele></trkpt>
   <trkpt lon="11.545976" lat="43.286051"><ele>315.0</ele></trkpt>
   <trkpt lon="11.546300" lat="43.285683"><ele>317.0</ele></trkpt>
   <trkpt lon="11.546383" lat="43.285528"><ele>317.25</ele></trkpt>
   <trkpt lon="11.546460" lat="43.285317"><ele>318.25</ele></trkpt>
   <trkpt lon="11.546616" lat="43.285063"><ele>316.75</ele></trkpt>
   <trkpt lon="11.546916" lat="43.284820"><ele>310.5</ele></trkpt>
   <trkpt lon="11.547089" lat="43.284760"><ele>308.0</ele></trkpt>
   <trkpt lon="11.547263" lat="43.284739"><ele>306.25</ele></trkpt>
   <trkpt lon="11.547540" lat="43.284716"><ele>305.75</ele></trkpt>
   <trkpt lon="11.547698" lat="43.284689"><ele>305.25</ele></trkpt>
   <trkpt lon="11.548121" lat="43.284544"><ele>303.25</ele></trkpt>
   <trkpt lon="11.548612" lat="43.284326"><ele>301.25</ele></trkpt>
   <trkpt lon="11.548691" lat="43.284271"><ele>300.75</ele></trkpt>
   <trkpt lon="11.548744" lat="43.284209"><ele>300.25</ele></trkpt>
   <trkpt lon="11.548793" lat="43.284135"><ele>300.75</ele></trkpt>
   <trkpt lon="11.548827" lat="43.284060"><ele>301.5</ele></trkpt>
   <trkpt lon="11.548837" lat="43.283920"><ele>302.5</ele></trkpt>
   <trkpt lon="11.548825" lat="43.283737"><ele>303.75</ele></trkpt>
   <trkpt lon="11.548772" lat="43.283557"><ele>305.0</ele></trkpt>
   <trkpt lon="11.548719" lat="43.283423"><ele>306.25</ele></trkpt>
   <trkpt lon="11.548513" lat="43.283191"><ele>306.0</ele></trkpt>
   <trkpt lon="11.548326" lat="43.283000"><ele>304.5</ele></trkpt>
   <trkpt lon="11.548248" lat="43.282864"><ele>304.0</ele></trkpt>
   <trkpt lon="11.548176" lat="43.282610"><ele>304.25</ele></trkpt>
   <trkpt lon="11.548139" lat="43.282324"><ele>305.0</ele></trkpt>
   <trkpt lon="11.548117" lat="43.282082"><ele>305.25</ele></trkpt>
   <trkpt lon="11.548112" lat="43.281911"><ele>305.0</ele></trkpt>
   <trkpt lon="11.548145" lat="43.281764"><ele>304.25</ele></trkpt>
   <trkpt lon="11.548212" lat="43.281612"><ele>303.5</ele></trkpt>
   <trkpt lon="11.548385" lat="43.281442"><ele>302.5</ele></trkpt>
   <trkpt lon="11.548461" lat="43.281367"><ele>301.5</ele></trkpt>
   <trkpt lon="11.548704" lat="43.281119"><ele>298.5</ele></trkpt>
   <trkpt lon="11.548920" lat="43.280957"><ele>294.25</ele></trkpt>
   <trkpt lon="11.549292" lat="43.280757"><ele>288.5</ele></trkpt>
   <trkpt lon="11.549318" lat="43.280743"><ele>288.25</ele></trkpt>
   <trkpt lon="11.549474" lat="43.280631"><ele>285.25</ele></trkpt>
   <trkpt lon="11.549643" lat="43.280427"><ele>284.25</ele></trkpt>
   <trkpt lon="11.549843" lat="43.280111"><ele>279.25</ele></trkpt>
   <trkpt lon="11.549893" lat="43.279976"><ele>279.0</ele></trkpt>
   <trkpt lon="11.549909" lat="43.279861"><ele>279.5</ele></trkpt>
   <trkpt lon="11.549913" lat="43.279719"><ele>280.0</ele></trkpt>
   <trkpt lon="11.549901" lat="43.279589"><ele>279.5</ele></trkpt>
   <trkpt lon="11.549841" lat="43.279427"><ele>279.0</ele></trkpt>
   <trkpt lon="11.549530" lat="43.278943"><ele>282.75</ele></trkpt>
   <trkpt lon="11.549494" lat="43.278859"><ele>283.25</ele></trkpt>
   <trkpt lon="11.549459" lat="43.278747"><ele>284.5</ele></trkpt>
   <trkpt lon="11.549420" lat="43.278011"><ele>290.75</ele></trkpt>
   <trkpt lon="11.549390" lat="43.277854"><ele>292.0</ele></trkpt>
   <trkpt lon="11.549360" lat="43.277774"><ele>292.75</ele></trkpt>
   <trkpt lon="11.549314" lat="43.277696"><ele>293.5</ele></trkpt>
   <trkpt lon="11.548802" lat="43.277104"><ele>301.25</ele></trkpt>
   <trkpt lon="11.548529" lat="43.276836"><ele>302.0</ele></trkpt>
   <trkpt lon="11.548366" lat="43.276628"><ele>302.5</ele></trkpt>
   <trkpt lon="11.548315" lat="43.276535"><ele>303.25</ele></trkpt>
   <trkpt lon="11.548195" lat="43.276260"><ele>303.25</ele></trkpt>
   <trkpt lon="11.548121" lat="43.275991"><ele>302.5</ele></trkpt>
   <trkpt lon="11.548001" lat="43.275734"><ele>301.0</ele></trkpt>
   <trkpt lon="11.547838" lat="43.275490"><ele>298.75</ele></trkpt>
   <trkpt lon="11.547405" lat="43.275012"><ele>290.5</ele></trkpt>
   <trkpt lon="11.547167" lat="43.274706"><ele>283.5</ele></trkpt>
   <trkpt lon="11.547112" lat="43.274606"><ele>281.75</ele></trkpt>
   <trkpt lon="11.547083" lat="43.274530"><ele>281.0</ele></trkpt>
   <trkpt lon="11.547072" lat="43.274429"><ele>280.25</ele></trkpt>
   <trkpt lon="11.547116" lat="43.274120"><ele>276.0</ele></trkpt>
   <trkpt lon="11.547121" lat="43.273917"><ele>274.0</ele></trkpt>
   <trkpt lon="11.547102" lat="43.273764"><ele>273.0</ele></trkpt>
   <trkpt lon="11.547031" lat="43.273638"><ele>271.5</ele></trkpt>
   <trkpt lon="11.546867" lat="43.273495"><ele>269.5</ele></trkpt>
   <trkpt lon="11.546653" lat="43.273388"><ele>267.25</ele></trkpt>
   <trkpt lon="11.546363" lat="43.273279"><ele>263.0</ele></trkpt>
   <trkpt lon="11.545925" lat="43.273185"><ele>259.25</ele></trkpt>
   <trkpt lon="11.545699" lat="43.273158"><ele>258.0</ele></trkpt>
   <trkpt lon="11.545479" lat="43.273147"><ele>256.5</ele></trkpt>
   <trkpt lon="11.544637" lat="43.273185"><ele>252.25</ele></trkpt>
   <trkpt lon="11.544444" lat="43.273208"><ele>252.0</ele></trkpt>
   <trkpt lon="11.544292" lat="43.273258"><ele>251.25</ele></trkpt>
   <trkpt lon="11.543793" lat="43.273577"><ele>244.5</ele></trkpt>
   <trkpt lon="11.543641" lat="43.273624"><ele>242.75</ele></trkpt>
   <trkpt lon="11.543484" lat="43.273644"><ele>241.25</ele></trkpt>
   <trkpt lon="11.543333" lat="43.273608"><ele>240.75</ele></trkpt>
   <trkpt lon="11.543212" lat="43.273540"><ele>239.0</ele></trkpt>
   <trkpt lon="11.542959" lat="43.273257"><ele>233.5</ele></trkpt>
   <trkpt lon="11.542911" lat="43.273180"><ele>232.25</ele></trkpt>
   <trkpt lon="11.542889" lat="43.273116"><ele>231.25</ele></trkpt>
   <trkpt lon="11.542889" lat="43.273050"><ele>231.0</ele></trkpt>
   <trkpt lon="11.542945" lat="43.272830"><ele>228.25</ele></trkpt>
   <trkpt lon="11.542940" lat="43.272770"><ele>226.75</ele></trkpt>
   <trkpt lon="11.542902" lat="43.272713"><ele>225.25</ele></trkpt>
   <trkpt lon="11.542835" lat="43.272668"><ele>223.5</ele></trkpt>
   <trkpt lon="11.542759" lat="43.272629"><ele>222.0</ele></trkpt>
   <trkpt lon="11.542645" lat="43.272600"><ele>220.0</ele></trkpt>
   <trkpt lon="11.542441" lat="43.272561"><ele>217.75</ele></trkpt>
   <trkpt lon="11.541921" lat="43.272514"><ele>213.5</ele></trkpt>
   <trkpt lon="11.541457" lat="43.272455"><ele>208.25</ele></trkpt>
   <trkpt lon="11.541179" lat="43.272397"><ele>204.0</ele></trkpt>
   <trkpt lon="11.540989" lat="43.272329"><ele>202.25</ele></trkpt>
   <trkpt lon="11.540086" lat="43.271962"><ele>199.25</ele></trkpt>
   <trkpt lon="11.539764" lat="43.271836"><ele>196.5</ele></trkpt>
   <trkpt lon="11.539153" lat="43.271613"><ele>192.25</ele></trkpt>
   <trkpt lon="11.538553" lat="43.271352"><ele>189.5</ele></trkpt>
   <trkpt lon="11.538151" lat="43.271142"><ele>186.0</ele></trkpt>
   <trkpt lon="11.538040" lat="43.271071"></trkpt>
   <trkpt lon="11.537914" lat="43.270962"><ele>187.25</ele></trkpt>
   <trkpt lon="11.537835" lat="43.270846"><ele>189.25</ele></trkpt>
   <trkpt lon="11.537737" lat="43.270668"><ele>191.5</ele></trkpt>
   <trkpt lon="11.537693" lat="43.270448"><ele>192.75</ele></trkpt>
   <trkpt lon="11.537558" lat="43.270162"><ele>193.75</ele></trkpt>
   <trkpt lon="11.537541" lat="43.270046"><ele>194.75</ele></trkpt>
   <trkpt lon="11.537593" lat="43.269884"><ele>197.0</ele></trkpt>
   <trkpt lon="11.537705" lat="43.269671"><ele>200.5</ele></trkpt>
   <trkpt lon="11.537789" lat="43.269443"><ele>204.75</ele></trkpt>
   <trkpt lon="11.537814" lat="43.269312"><ele>207.0</ele></trkpt>
   <trkpt lon="11.537817" lat="43.269190"><ele>209.5</ele></trkpt>
   <trkpt lon="11.537704" lat="43.268853"><ele>213.75</ele></trkpt>
   <trkpt lon="11.537694" lat="43.268700"><ele>215.25</ele></trkpt>
   <trkpt lon="11.537756" lat="43.268540"><ele>217.25</ele></trkpt>
   <trkpt lon="11.538580" lat="43.267384"><ele>236.25</ele></trkpt>
   <trkpt lon="11.538775" lat="43.267085"><ele>238.25</ele></trkpt>
   <trkpt lon="11.538967" lat="43.266721"><ele>242.0</ele></trkpt>
   <trkpt lon="11.539074" lat="43.266557"><ele>243.25</ele></trkpt>
   <trkpt lon="11.539182" lat="43.266463"><ele>244.0</ele></trkpt>
   <trkpt lon="11.539622" lat="43.266220"><ele>246.0</ele></trkpt>
   <trkpt lon="11.540032" lat="43.265957"><ele>249.5</ele></trkpt>
   <trkpt lon="11.540439" lat="43.265655"><ele>253.0</ele></trkpt>
   <trkpt lon="11.540601" lat="43.265570"><ele>253.25</ele></trkpt>
   <trkpt lon="11.540848" lat="43.265531"><ele>251.75</ele></trkpt>
   <trkpt lon="11.541209" lat="43.265511"><ele>251.25</ele></trkpt>
   <trkpt lon="11.541425" lat="43.265489"><ele>250.25</ele></trkpt>
   <trkpt lon="11.541641" lat="43.265455"><ele>249.25</ele></trkpt>
   <trkpt lon="11.541962" lat="43.265368"><ele>248.5</ele></trkpt>
   <trkpt lon="11.542305" lat="43.265243"><ele>249.0</ele></trkpt>
   <trkpt lon="11.542422" lat="43.265207"><ele>247.75</ele></trkpt>
   <trkpt lon="11.542543" lat="43.265188"><ele>247.0</ele></trkpt>
   <trkpt lon="11.542739" lat="43.265187"><ele>247.75</ele></trkpt>
   <trkpt lon="11.543155" lat="43.265229"><ele>251.5</ele></trkpt>
   <trkpt lon="11.543296" lat="43.265224"><ele>252.5</ele></trkpt>
   <trkpt lon="11.543420" lat="43.265206"><ele>252.75</ele></trkpt>
   <trkpt lon="11.543713" lat="43.265123"><ele>254.75</ele></trkpt>
   <trkpt lon="11.544138" lat="43.264957"><ele>260.75</ele></trkpt>
   <trkpt lon="11.544398" lat="43.264801"><ele>264.5</ele></trkpt>
   <trkpt lon="11.544620" lat="43.264698"><ele>269.25</ele></trkpt>
   <trkpt lon="11.544895" lat="43.264645"><ele>272.25</ele></trkpt>
   <trkpt lon="11.545970" lat="43.264464"><ele>273.25</ele></trkpt>
   <trkpt lon="11.546264" lat="43.264355"><ele>273.0</ele></trkpt>
   <trkpt lon="11.546467" lat="43.264222"><ele>274.0</ele></trkpt>
   <trkpt lon="11.546640" lat="43.264074"><ele>274.5</ele></trkpt>
   <trkpt lon="11.547086" lat="43.263609"><ele>275.75</ele></trkpt>
   <trkpt lon="11.547191" lat="43.263476"><ele>275.25</ele></trkpt>
   <trkpt lon="11.547520" lat="43.263224"><ele>272.75</ele></trkpt>
   <trkpt lon="11.548163" lat="43.262977"><ele>265.25</ele></trkpt>
   <trkpt lon="11.548926" lat="43.262565"><ele>256.5</ele></trkpt>
   <trkpt lon="11.549184" lat="43.262398"><ele>253.5</ele></trkpt>
   <trkpt lon="11.549493" lat="43.262144"><ele>250.0</ele></trkpt>
   <trkpt lon="11.549641" lat="43.262012"><ele>247.75</ele></trkpt>
   <trkpt lon="11.549758" lat="43.261877"><ele>246.75</ele></trkpt>
   <trkpt lon="11.549862" lat="43.261704"><ele>244.25</ele></trkpt>
   <trkpt lon="11.549928" lat="43.261573"><ele>242.75</ele></trkpt>
   <trkpt lon="11.549951" lat="43.261438"><ele>241.75</ele></trkpt>
   <trkpt lon="11.549955" lat="43.261169"><ele>240.75</ele></trkpt>
   <trkpt lon="11.549917" lat="43.260884"><ele>239.75</ele></trkpt>
   <trkpt lon="11.549923" lat="43.260773"><ele>240.25</ele></trkpt>
   <trkpt lon="11.549989" lat="43.260577"><ele>242.5</ele></trkpt>
   <trkpt lon="11.550110" lat="43.260393"><ele>244.5</ele></trkpt>
   <trkpt lon="11.550311" lat="43.260235"><ele>248.0</ele></trkpt>
   <trkpt lon="11.550542" lat="43.260090"><ele>250.75</ele></trkpt>
   <trkpt lon="11.550719" lat="43.259981"><ele>254.25</ele></trkpt>
   <trkpt lon="11.551060" lat="43.259801"><ele>258.75</ele></trkpt>
   <trkpt lon="11.551303" lat="43.259731"><ele>261.25</ele></trkpt>
   <trkpt lon="11.551595" lat="43.259662"><ele>261.75</ele></trkpt>
   <trkpt lon="11.552026" lat="43.259571"><ele>259.75</ele></trkpt>
   <trkpt lon="11.552319" lat="43.259489"><ele>257.75</ele></trkpt>
   <trkpt lon="11.552522" lat="43.259398"><ele>255.75</ele></trkpt>
   <trkpt lon="11.552667" lat="43.259297"><ele>253.25</ele></trkpt>
   <trkpt lon="11.552943" lat="43.259067"><ele>252.5</ele></trkpt>
   <trkpt lon="11.553042" lat="43.258958"><ele>254.25</ele></trkpt>
   <trkpt lon="11.553108" lat="43.258808"><ele>255.5</ele></trkpt>
   <trkpt lon="11.553318" lat="43.258011"><ele>261.5</ele></trkpt>
   <trkpt lon="11.553560" lat="43.257535"><ele>260.75</ele></trkpt>
   <trkpt lon="11.553661" lat="43.257223"><ele>261.0</ele></trkpt>
   <trkpt lon="11.553702" lat="43.256960"><ele>261.0</ele></trkpt>
   <trkpt lon="11.553696" lat="43.256813"><ele>261.25</ele></trkpt>
   <trkpt lon="11.553620" lat="43.256663"><ele>261.75</ele></trkpt>
   <trkpt lon="11.552984" lat="43.255695"><ele>262.0</ele></trkpt>
   <trkpt lon="11.552923" lat="43.255557"><ele>261.75</ele></trkpt>
   <trkpt lon="11.552874" lat="43.255409"><ele>262.0</ele></trkpt>
   <trkpt lon="11.552936" lat="43.254357"><ele>258.75</ele></trkpt>
   <trkpt lon="11.552983" lat="43.254228"><ele>257.5</ele></trkpt>
   <trkpt lon="11.553061" lat="43.254152"><ele>257.75</ele></trkpt>
   <trkpt lon="11.553162" lat="43.254096"><ele>256.0</ele></trkpt>
   <trkpt lon="11.553321" lat="43.254054"><ele>254.25</ele></trkpt>
   <trkpt lon="11.553753" lat="43.254023"><ele>247.75</ele></trkpt>
   <trkpt lon="11.553920" lat="43.253970"><ele>246.25</ele></trkpt>
   <trkpt lon="11.554024" lat="43.253918"><ele>245.25</ele></trkpt>
   <trkpt lon="11.554109" lat="43.253867"><ele>244.5</ele></trkpt>
   <trkpt lon="11.554212" lat="43.253764"><ele>243.0</ele></trkpt>
   <trkpt lon="11.554513" lat="43.253356"><ele>238.5</ele></trkpt>
   <trkpt lon="11.554578" lat="43.253226"><ele>235.75</ele></trkpt>
   <trkpt lon="11.554645" lat="43.253047"><ele>232.0</ele></trkpt>
   <trkpt lon="11.554705" lat="43.252769"><ele>227.75</ele></trkpt>
   <trkpt lon="11.554707" lat="43.252553"><ele>225.25</ele></trkpt>
   <trkpt lon="11.554619" lat="43.252299"><ele>222.75</ele></trkpt>
   <trkpt lon="11.554580" lat="43.252096"><ele>222.25</ele></trkpt>
   <trkpt lon="11.554609" lat="43.251964"><ele>223.0</ele></trkpt>
   <trkpt lon="11.554778" lat="43.251436"><ele>218.25</ele></trkpt>
   <trkpt lon="11.554963" lat="43.251035"><ele>214.75</ele></trkpt>
   <trkpt lon="11.555187" lat="43.250763"><ele>209.5</ele></trkpt>
   <trkpt lon="11.555711" lat="43.250275"><ele>198.5</ele></trkpt>
   <trkpt lon="11.555866" lat="43.250084"><ele>195.25</ele></trkpt>
   <trkpt lon="11.555946" lat="43.249966"><ele>194.0</ele></trkpt>
   <trkpt lon="11.555942" lat="43.249713"><ele>194.5</ele></trkpt>
   <trkpt lon="11.555950" lat="43.249610"><ele>194.5</ele></trkpt>
   <trkpt lon="11.556068" lat="43.249105"><ele>190.75</ele></trkpt>
   <trkpt lon="11.556076" lat="43.248944"><ele>189.75</ele></trkpt>
   <trkpt lon="11.556031" lat="43.248825"><ele>190.5</ele></trkpt>
   <trkpt lon="11.555793" lat="43.248471"><ele>191.75</ele></trkpt>
   <trkpt lon="11.555528" lat="43.248172"><ele>190.0</ele></trkpt>
   <trkpt lon="11.555249" lat="43.247971"><ele>187.75</ele></trkpt>
   <trkpt lon="11.554925" lat="43.247795"><ele>185.5</ele></trkpt>
   <trkpt lon="11.554844" lat="43.247707"><ele>184.5</ele></trkpt>
   <trkpt lon="11.554301" lat="43.246949"><ele>177.0</ele></trkpt>
   <trkpt lon="11.554176" lat="43.246759"><ele>176.25</ele></trkpt>
   <trkpt lon="11.554118" lat="43.246585"><ele>176.25</ele></trkpt>
   <trkpt lon="11.554090" lat="43.246403"><ele>176.75</ele></trkpt>
   <trkpt lon="11.554320" lat="43.244772"><ele>187.75</ele></trkpt>
   <trkpt lon="11.554373" lat="43.244226"><ele>191.75</ele></trkpt>
   <trkpt lon="11.554460" lat="43.243716"><ele>197.5</ele></trkpt>
   <trkpt lon="11.554530" lat="43.243151"><ele>203.0</ele></trkpt>
   <trkpt lon="11.554514" lat="43.242975"><ele>203.25</ele></trkpt>
   <trkpt lon="11.554468" lat="43.242842"><ele>202.5</ele></trkpt>
   <trkpt lon="11.554347" lat="43.242611"><ele>201.25</ele></trkpt>
   <trkpt lon="11.553918" lat="43.242060"><ele>188.5</ele></trkpt>
   <trkpt lon="11.553863" lat="43.241964"><ele>186.0</ele></trkpt>
   <trkpt lon="11.553826" lat="43.241870"><ele>184.5</ele></trkpt>
   <trkpt lon="11.553801" lat="43.241752"><ele>182.75</ele></trkpt>
   <trkpt lon="11.553829" lat="43.241578"><ele>180.75</ele></trkpt>
   <trkpt lon="11.553822" lat="43.241456"><ele>180.75</ele></trkpt>
   <trkpt lon="11.553808" lat="43.241408"><ele>180.75</ele></trkpt>
   <trkpt lon="11.553756" lat="43.241318"><ele>181.0</ele></trkpt>
   <trkpt lon="11.553218" lat="43.240589"><ele>175.5</ele></trkpt>
   <trkpt lon="11.553075" lat="43.240395"><ele>175.0</ele></trkpt>
   <trkpt lon="11.553054" lat="43.240362"><ele>174.75</ele></trkpt>
   <trkpt lon="11.553028" lat="43.240322"><ele>174.25</ele></trkpt>
   <trkpt lon="11.553317" lat="43.240127"><ele>170.5</ele></trkpt>
   <trkpt lon="11.553544" lat="43.239989"><ele>169.25</ele></trkpt>
   <trkpt lon="11.554013" lat="43.239697"><ele>174.0</ele></trkpt>
   <trkpt lon="11.554239" lat="43.239529"><ele>176.75</ele></trkpt>
   <trkpt lon="11.554612" lat="43.239393"><ele>179.5</ele></trkpt>
   <trkpt lon="11.554916" lat="43.239241"><ele>180.0</ele></trkpt>
   <trkpt lon="11.555066" lat="43.239143"><ele>180.0</ele></trkpt>
   <trkpt lon="11.555159" lat="43.239140"><ele>180.0</ele></trkpt>
   <trkpt lon="11.555255" lat="43.239119"><ele>180.0</ele></trkpt>
   <trkpt lon="11.555669" lat="43.238970"><ele>180.75</ele></trkpt>
   <trkpt lon="11.555954" lat="43.238882"><ele>181.25</ele></trkpt>
   <trkpt lon="11.556141" lat="43.238839"><ele>181.75</ele></trkpt>
   <trkpt lon="11.556277" lat="43.238824"><ele>181.75</ele></trkpt>
   <trkpt lon="11.556370" lat="43.238832"><ele>181.75</ele></trkpt>
   <trkpt lon="11.556502" lat="43.238870"><ele>181.5</ele></trkpt>
   <trkpt lon="11.557050" lat="43.239056"><ele>180.0</ele></trkpt>
   <trkpt lon="11.557189" lat="43.239123"><ele>180.0</ele></trkpt>
   <trkpt lon="11.557214" lat="43.239098"><ele>180.0</ele></trkpt>
   <trkpt lon="11.557521" lat="43.238799"><ele>179.5</ele></trkpt>
   <trkpt lon="11.557569" lat="43.238741"><ele>179.0</ele></trkpt>
   <trkpt lon="11.557666" lat="43.238597"><ele>178.25</ele></trkpt>
   <trkpt lon="11.557809" lat="43.238255"><ele>176.75</ele></trkpt>
   <trkpt lon="11.557863" lat="43.237944"><ele>176.0</ele></trkpt>
   <trkpt lon="11.557887" lat="43.237813"><ele>176.0</ele></trkpt>
   <trkpt lon="11.557870" lat="43.237660"><ele>176.75</ele></trkpt>
   <trkpt lon="11.557905" lat="43.237617"><ele>177.25</ele></trkpt>
   <trkpt lon="11.557532" lat="43.236969"><ele>180.0</ele></trkpt>
   <trkpt lon="11.557514" lat="43.236938"><ele>180.0</ele></trkpt>
   <trkpt lon="11.557902" lat="43.236899"><ele>184.0</ele></trkpt>
   <trkpt lon="11.557911" lat="43.236898"><ele>184.0</ele></trkpt>
   <trkpt lon="11.557922" lat="43.236897"><ele>184.0</ele></trkpt>
   <trkpt lon="11.557951" lat="43.236894"><ele>184.25</ele></trkpt>
   <trkpt lon="11.557850" lat="43.236709"><ele>183.75</ele></trkpt>
   <trkpt lon="11.557775" lat="43.236558"><ele>182.75</ele></trkpt>
   <trkpt lon="11.557689" lat="43.236339"><ele>181.75</ele></trkpt>
   <trkpt lon="11.557649" lat="43.236012"><ele>181.0</ele></trkpt>
   <trkpt lon="11.557605" lat="43.235840"><ele>180.75</ele></trkpt>
   <trkpt lon="11.557608" lat="43.235773"><ele>180.75</ele></trkpt>
   <trkpt lon="11.557619" lat="43.235717"><ele>180.75</ele></trkpt>
   <trkpt lon="11.557632" lat="43.235677"><ele>180.75</ele></trkpt>
   <trkpt lon="11.557348" lat="43.235636"><ele>180.0</ele></trkpt>
   <trkpt lon="11.557344" lat="43.235507"><ele>180.25</ele></trkpt>
   <trkpt lon="11.557330" lat="43.235486"><ele>180.0</ele></trkpt>
   <trkpt lon="11.557256" lat="43.235446"><ele>179.75</ele></trkpt>
   <trkpt lon="11.557214" lat="43.235395"><ele>179.25</ele></trkpt>
   <trkpt lon="11.557197" lat="43.235346"><ele>179.0</ele></trkpt>
   <trkpt lon="11.557167" lat="43.235201"><ele>178.25</ele></trkpt>
   <trkpt lon="11.557296" lat="43.234987"><ele>178.5</ele></trkpt>
   <trkpt lon="11.557444" lat="43.234778"><ele>178.75</ele></trkpt>
   <trkpt lon="11.557501" lat="43.234744"><ele>179.0</ele></trkpt>
   <trkpt lon="11.557622" lat="43.234712"><ele>179.25</ele></trkpt>
   <trkpt lon="11.557911" lat="43.234649"><ele>181.0</ele></trkpt>
   <trkpt lon="11.558255" lat="43.234561"><ele>183.75</ele></trkpt>
   <trkpt lon="11.558501" lat="43.234321"><ele>186.0</ele></trkpt>
   <trkpt lon="11.558605" lat="43.234265"><ele>187.75</ele></trkpt>
   <trkpt lon="11.558784" lat="43.234189"><ele>189.0</ele></trkpt>
   <trkpt lon="11.559005" lat="43.234080"><ele>189.5</ele></trkpt>
   <trkpt lon="11.559142" lat="43.234020"><ele>189.75</ele></trkpt>
   <trkpt lon="11.559228" lat="43.233993"><ele>190.25</ele></trkpt>
   <trkpt lon="11.559277" lat="43.233987"><ele>190.75</ele></trkpt>
   <trkpt lon="11.559639" lat="43.233975"><ele>193.25</ele></trkpt>
   <trkpt lon="11.559794" lat="43.233947"><ele>194.5</ele></trkpt>
   <trkpt lon="11.560010" lat="43.233972"><ele>196.0</ele></trkpt>
   <trkpt lon="11.560532" lat="43.234007"><ele>198.75</ele></trkpt>
   <trkpt lon="11.560582" lat="43.234010"><ele>199.0</ele></trkpt>
   <trkpt lon="11.560728" lat="43.234006"><ele>199.5</ele></trkpt>
   <trkpt lon="11.560688" lat="43.233968"><ele>199.25</ele></trkpt>
   <trkpt lon="11.560545" lat="43.233820"><ele>199.0</ele></trkpt>
   <trkpt lon="11.560444" lat="43.233698"><ele>199.25</ele></trkpt>
   <trkpt lon="11.560316" lat="43.233567"><ele>199.25</ele></trkpt>
   <trkpt lon="11.559823" lat="43.233153"><ele>198.5</ele></trkpt>
   <trkpt lon="11.559688" lat="43.233024"><ele>197.75</ele></trkpt>
   <trkpt lon="11.559614" lat="43.232917"><ele>197.5</ele></trkpt>
   <trkpt lon="11.559565" lat="43.232795"><ele>197.25</ele></trkpt>
   <trkpt lon="11.559554" lat="43.232743"><ele>197.25</ele></trkpt>
   <trkpt lon="11.559534" lat="43.232596"><ele>197.5</ele></trkpt>
   <trkpt lon="11.559529" lat="43.232422"><ele>197.25</ele></trkpt>
   <trkpt lon="11.559536" lat="43.232341"><ele>196.75</ele></trkpt>
   <trkpt lon="11.559560" lat="43.232221"><ele>196.25</ele></trkpt>
   <trkpt lon="11.559595" lat="43.232143"><ele>196.0</ele></trkpt>
   <trkpt lon="11.559645" lat="43.232066"><ele>196.0</ele></trkpt>
   <trkpt lon="11.559778" lat="43.231897"><ele>196.25</ele></trkpt>
   <trkpt lon="11.560239" lat="43.231353"><ele>192.75</ele></trkpt>
   <trkpt lon="11.560406" lat="43.231132"><ele>192.0</ele></trkpt>
   <trkpt lon="11.560520" lat="43.230959"><ele>191.75</ele></trkpt>
   <trkpt lon="11.560675" lat="43.230669"><ele>191.0</ele></trkpt>
   <trkpt lon="11.560739" lat="43.230505"><ele>190.75</ele></trkpt>
   <trkpt lon="11.560820" lat="43.230247"><ele>191.25</ele></trkpt>
   <trkpt lon="11.560839" lat="43.230125"><ele>191.0</ele></trkpt>
   <trkpt lon="11.560847" lat="43.230048"><ele>188.75</ele></trkpt>
  </trkseg>
 </trk>
</gpx>
