<?xml version="1.0" encoding="UTF-8"?>
<gpx version="1.1" creator="BRouter paired review" xmlns="http://www.topografix.com/GPX/1/1">
<trk><name>Route B</name><trkseg>
<trkpt lat="43.230048" lon="11.560847"><ele>190.5</ele></trkpt>
<trkpt lat="43.230125" lon="11.560839"><ele>191.0</ele></trkpt>
<trkpt lat="43.230247" lon="11.560820"><ele>191.25</ele></trkpt>
<trkpt lat="43.230505" lon="11.560739"><ele>190.75</ele></trkpt>
<trkpt lat="43.230669" lon="11.560675"><ele>191.0</ele></trkpt>
<trkpt lat="43.230959" lon="11.560520"><ele>191.75</ele></trkpt>
<trkpt lat="43.231132" lon="11.560406"><ele>192.0</ele></trkpt>
<trkpt lat="43.231353" lon="11.560239"><ele>192.75</ele></trkpt>
<trkpt lat="43.231897" lon="11.559778"><ele>196.25</ele></trkpt>
<trkpt lat="43.232066" lon="11.559645"><ele>196.0</ele></trkpt>
<trkpt lat="43.232143" lon="11.559595"><ele>196.0</ele></trkpt>
<trkpt lat="43.232221" lon="11.559560"><ele>196.25</ele></trkpt>
<trkpt lat="43.232341" lon="11.559536"><ele>196.75</ele></trkpt>
<trkpt lat="43.232422" lon="11.559529"><ele>197.25</ele></trkpt>
<trkpt lat="43.232596" lon="11.559534"><ele>197.5</ele></trkpt>
<trkpt lat="43.232743" lon="11.559554"><ele>197.25</ele></trkpt>
<trkpt lat="43.232795" lon="11.559565"><ele>197.25</ele></trkpt>
<trkpt lat="43.232917" lon="11.559614"><ele>197.5</ele></trkpt>
<trkpt lat="43.233024" lon="11.559688"><ele>197.75</ele></trkpt>
<trkpt lat="43.233153" lon="11.559823"><ele>198.5</ele></trkpt>
<trkpt lat="43.233567" lon="11.560316"><ele>199.25</ele></trkpt>
<trkpt lat="43.233698" lon="11.560444"><ele>199.25</ele></trkpt>
<trkpt lat="43.233820" lon="11.560545"><ele>199.0</ele></trkpt>
<trkpt lat="43.233968" lon="11.560688"><ele>199.25</ele></trkpt>
<trkpt lat="43.234006" lon="11.560728"><ele>199.5</ele></trkpt>
<trkpt lat="43.233994" lon="11.560828"><ele>199.75</ele></trkpt>
<trkpt lat="43.234026" lon="11.560786"><ele>199.75</ele></trkpt>
<trkpt lat="43.234131" lon="11.560538"><ele>198.75</ele></trkpt>
<trkpt lat="43.234178" lon="11.560441"><ele>198.5</ele></trkpt>
<trkpt lat="43.234257" lon="11.560447"><ele>198.0</ele></trkpt>
<trkpt lat="43.234317" lon="11.560443"><ele>197.75</ele></trkpt>
<trkpt lat="43.234400" lon="11.560419"><ele>197.25</ele></trkpt>
<trkpt lat="43.234484" lon="11.560385"><ele>196.5</ele></trkpt>
<trkpt lat="43.234550" lon="11.560348"><ele>195.75</ele></trkpt>
<trkpt lat="43.234853" lon="11.560154"><ele>194.25</ele></trkpt>
<trkpt lat="43.235086" lon="11.560009"><ele>193.25</ele></trkpt>
<trkpt lat="43.235200" lon="11.559942"><ele>192.5</ele></trkpt>
<trkpt lat="43.235376" lon="11.559831"><ele>191.75</ele></trkpt>
<trkpt lat="43.235908" lon="11.559479"><ele>190.5</ele></trkpt>
<trkpt lat="43.236032" lon="11.559815"><ele>189.0</ele></trkpt>
<trkpt lat="43.236151" lon="11.559566"><ele>189.25</ele></trkpt>
<trkpt lat="43.236198" lon="11.559502"><ele>189.0</ele></trkpt>
<trkpt lat="43.236240" lon="11.559463"><ele>189.25</ele></trkpt>
<trkpt lat="43.236337" lon="11.559393"><ele>189.25</ele></trkpt>
<trkpt lat="43.236479" lon="11.559303"><ele>188.0</ele></trkpt>
<trkpt lat="43.236648" lon="11.559161"><ele>187.25</ele></trkpt>
<trkpt lat="43.236726" lon="11.559318"><ele>184.25</ele></trkpt>
<trkpt lat="43.236798" lon="11.559315"><ele>183.75</ele></trkpt>
<trkpt lat="43.236877" lon="11.559264"><ele>184.25</ele></trkpt>
<trkpt lat="43.236942" lon="11.559192"><ele>185.25</ele></trkpt>
<trkpt lat="43.237024" lon="11.559157"><ele>184.25</ele></trkpt>
<trkpt lat="43.237182" lon="11.559166"><ele>180.75</ele></trkpt>
<trkpt lat="43.237264" lon="11.559154"><ele>179.5</ele></trkpt>
<trkpt lat="43.237373" lon="11.559045"><ele>179.5</ele></trkpt>
<trkpt lat="43.237570" lon="11.558480"><ele>178.75</ele></trkpt>
<trkpt lat="43.237660" lon="11.558070"><ele>177.25</ele></trkpt>
<trkpt lat="43.237660" lon="11.557972"><ele>177.0</ele></trkpt>
<trkpt lat="43.237617" lon="11.557905"><ele>177.25</ele></trkpt>
<trkpt lat="43.237660" lon="11.557870"><ele>176.75</ele></trkpt>
<trkpt lat="43.237813" lon="11.557887"><ele>176.0</ele></trkpt>
<trkpt lat="43.237944" lon="11.557863"><ele>176.0</ele></trkpt>
<trkpt lat="43.238255" lon="11.557809"><ele>176.75</ele></trkpt>
<trkpt lat="43.238597" lon="11.557666"><ele>178.25</ele></trkpt>
<trkpt lat="43.238741" lon="11.557569"><ele>179.0</ele></trkpt>
<trkpt lat="43.238799" lon="11.557521"><ele>179.5</ele></trkpt>
<trkpt lat="43.239098" lon="11.557214"><ele>180.0</ele></trkpt>
<trkpt lat="43.239123" lon="11.557189"><ele>180.0</ele></trkpt>
<trkpt lat="43.239056" lon="11.557050"><ele>180.0</ele></trkpt>
<trkpt lat="43.238870" lon="11.556502"><ele>181.5</ele></trkpt>
<trkpt lat="43.238832" lon="11.556370"><ele>181.75</ele></trkpt>
<trkpt lat="43.238824" lon="11.556277"><ele>181.75</ele></trkpt>
<trkpt lat="43.238839" lon="11.556141"><ele>181.75</ele></trkpt>
<trkpt lat="43.238882" lon="11.555954"><ele>181.25</ele></trkpt>
<trkpt lat="43.238970" lon="11.555669"><ele>180.75</ele></trkpt>
<trkpt lat="43.239119" lon="11.555255"><ele>180.0</ele></trkpt>
<trkpt lat="43.239140" lon="11.555159"><ele>180.0</ele></trkpt>
<trkpt lat="43.239143" lon="11.555066"><ele>180.0</ele></trkpt>
<trkpt lat="43.239241" lon="11.554916"><ele>180.0</ele></trkpt>
<trkpt lat="43.239393" lon="11.554612"><ele>179.5</ele></trkpt>
<trkpt lat="43.239529" lon="11.554239"><ele>176.75</ele></trkpt>
<trkpt lat="43.239697" lon="11.554013"><ele>174.0</ele></trkpt>
<trkpt lat="43.239989" lon="11.553544"><ele>169.25</ele></trkpt>
<trkpt lat="43.240127" lon="11.553317"><ele>170.5</ele></trkpt>
<trkpt lat="43.240322" lon="11.553028"><ele>174.25</ele></trkpt>
<trkpt lat="43.240611" lon="11.552564"><ele>177.0</ele></trkpt>
<trkpt lat="43.240612" lon="11.552486"><ele>176.75</ele></trkpt>
<trkpt lat="43.240633" lon="11.552418"><ele>177.0</ele></trkpt>
<trkpt lat="43.240819" lon="11.551972"><ele>178.0</ele></trkpt>
<trkpt lat="43.240832" lon="11.551912"><ele>177.75</ele></trkpt>
<trkpt lat="43.240835" lon="11.551823"><ele>177.5</ele></trkpt>
<trkpt lat="43.240816" lon="11.551727"><ele>177.0</ele></trkpt>
<trkpt lat="43.240773" lon="11.551643"><ele>176.5</ele></trkpt>
<trkpt lat="43.240128" lon="11.550751"><ele>177.5</ele></trkpt>
<trkpt lat="43.239920" lon="11.550473"><ele>179.0</ele></trkpt>
<trkpt lat="43.239257" lon="11.549585"><ele>179.75</ele></trkpt>
<trkpt lat="43.238210" lon="11.548735"><ele>181.0</ele></trkpt>
<trkpt lat="43.237542" lon="11.548058"><ele>181.25</ele></trkpt>
<trkpt lat="43.236734" lon="11.547132"><ele>179.75</ele></trkpt>
<trkpt lat="43.236357" lon="11.546578"><ele>180.0</ele></trkpt>
<trkpt lat="43.236166" lon="11.546277"><ele>179.75</ele></trkpt>
<trkpt lat="43.236039" lon="11.546025"><ele>179.5</ele></trkpt>
<trkpt lat="43.235770" lon="11.545250"><ele>179.5</ele></trkpt>
<trkpt lat="43.235710" lon="11.544806"><ele>179.0</ele></trkpt>
<trkpt lat="43.236224" lon="11.544650"><ele>183.0</ele></trkpt>
<trkpt lat="43.236212" lon="11.544515"><ele>183.25</ele></trkpt>
<trkpt lat="43.236351" lon="11.544466"><ele>184.5</ele></trkpt>
<trkpt lat="43.236343" lon="11.544378"><ele>184.75</ele></trkpt>
<trkpt lat="43.236396" lon="11.543597"><ele>189.0</ele></trkpt>
<trkpt lat="43.236384" lon="11.543356"><ele>189.75</ele></trkpt>
<trkpt lat="43.236368" lon="11.543176"><ele>189.5</ele></trkpt>
<trkpt lat="43.236323" lon="11.543042"><ele>188.75</ele></trkpt>
<trkpt lat="43.236153" lon="11.542697"><ele>185.0</ele></trkpt>
<trkpt lat="43.236133" lon="11.542543"><ele>185.0</ele></trkpt>
<trkpt lat="43.236243" lon="11.542570"><ele>187.0</ele></trkpt>
<trkpt lat="43.236374" lon="11.542547"><ele>189.5</ele></trkpt>
<trkpt lat="43.236515" lon="11.542464"><ele>193.5</ele></trkpt>
<trkpt lat="43.236589" lon="11.542333"><ele>195.5</ele></trkpt>
<trkpt lat="43.236666" lon="11.542136"><ele>197.5</ele></trkpt>
<trkpt lat="43.236766" lon="11.541924"><ele>199.25</ele></trkpt>
<trkpt lat="43.236876" lon="11.541779"><ele>201.0</ele></trkpt>
<trkpt lat="43.236949" lon="11.541719"><ele>202.25</ele></trkpt>
<trkpt lat="43.237091" lon="11.541702"><ele>205.25</ele></trkpt>
<trkpt lat="43.237253" lon="11.541740"><ele>208.75</ele></trkpt>
<trkpt lat="43.237416" lon="11.541825"><ele>212.0</ele></trkpt>
<trkpt lat="43.238028" lon="11.542184"><ele>222.25</ele></trkpt>
<trkpt lat="43.238336" lon="11.542539"><ele>231.75</ele></trkpt>
<trkpt lat="43.238631" lon="11.542926"><ele>236.25</ele></trkpt>
<trkpt lat="43.238740" lon="11.543264"><ele>241.0</ele></trkpt>
<trkpt lat="43.238943" lon="11.543630"><ele>247.5</ele></trkpt>
<trkpt lat="43.239061" lon="11.543718"><ele>249.25</ele></trkpt>
<trkpt lat="43.239253" lon="11.543806"><ele>252.25</ele></trkpt>
<trkpt lat="43.239527" lon="11.543827"><ele>256.25</ele></trkpt>
<trkpt lat="43.239745" lon="11.543768"><ele>258.5</ele></trkpt>
<trkpt lat="43.240108" lon="11.543584"><ele>261.25</ele></trkpt>
<trkpt lat="43.240369" lon="11.543334"><ele>262.0</ele></trkpt>
<trkpt lat="43.240681" lon="11.542894"><ele>261.25</ele></trkpt>
<trkpt lat="43.241087" lon="11.542304"><ele>260.75</ele></trkpt>
<trkpt lat="43.241318" lon="11.541955"><ele>260.5</ele></trkpt>
<trkpt lat="43.241517" lon="11.541574"><ele>260.5</ele></trkpt>
<trkpt lat="43.241713" lon="11.541104"><ele>262.25</ele></trkpt>
<trkpt lat="43.241906" lon="11.540717"><ele>261.75</ele></trkpt>
<trkpt lat="43.242079" lon="11.540350"><ele>261.25</ele></trkpt>
<trkpt lat="43.242154" lon="11.540004"><ele>261.0</ele></trkpt>
<trkpt lat="43.242164" lon="11.539746"><ele>262.25</ele></trkpt>
<trkpt lat="43.242145" lon="11.539461"><ele>264.25</ele></trkpt>
<trkpt lat="43.242188" lon="11.539056"><ele>268.75</ele></trkpt>
<trkpt lat="43.242246" lon="11.538783"><ele>269.75</ele></trkpt>
<trkpt lat="43.242344" lon="11.538396"><ele>269.75</ele></trkpt>
<trkpt lat="43.242303" lon="11.537850"><ele>270.25</ele></trkpt>
<trkpt lat="43.242295" lon="11.537193"><ele>273.25</ele></trkpt>
<trkpt lat="43.242271" lon="11.536706"><ele>275.0</ele></trkpt>
<trkpt lat="43.242305" lon="11.535415"><ele>279.5</ele></trkpt>
<trkpt lat="43.242310" lon="11.534664"><ele>281.25</ele></trkpt>
<trkpt lat="43.242389" lon="11.533939"><ele>281.0</ele></trkpt>
<trkpt lat="43.242402" lon="11.533637"><ele>281.0</ele></trkpt>
<trkpt lat="43.242372" lon="11.533335"><ele>281.0</ele></trkpt>
<trkpt lat="43.242314" lon="11.533056"><ele>280.5</ele></trkpt>
<trkpt lat="43.242179" lon="11.532590"><ele>282.25</ele></trkpt>
<trkpt lat="43.242128" lon="11.532311"><ele>282.0</ele></trkpt>
<trkpt lat="43.242083" lon="11.531932"><ele>282.0</ele></trkpt>
<trkpt lat="43.242066" lon="11.530806"><ele>281.75</ele></trkpt>
<trkpt lat="43.242111" lon="11.530586"><ele>282.0</ele></trkpt>
<trkpt lat="43.242214" lon="11.530424"><ele>282.75</ele></trkpt>
<trkpt lat="43.242350" lon="11.530275"><ele>282.5</ele></trkpt>
<trkpt lat="43.242508" lon="11.530210"><ele>281.5</ele></trkpt>
<trkpt lat="43.242898" lon="11.530113"><ele>279.5</ele></trkpt>
<trkpt lat="43.243528" lon="11.529975"><ele>275.75</ele></trkpt>
<trkpt lat="43.243708" lon="11.529797"><ele>272.75</ele></trkpt>
<trkpt lat="43.243970" lon="11.529609"><ele>270.5</ele></trkpt>
<trkpt lat="43.244133" lon="11.529356"><ele>268.5</ele></trkpt>
<trkpt lat="43.244340" lon="11.528828"><ele>266.25</ele></trkpt>
<trkpt lat="43.244533" lon="11.528227"><ele>265.0</ele></trkpt>
<trkpt lat="43.244710" lon="11.527640"><ele>264.75</ele></trkpt>
<trkpt lat="43.244804" lon="11.527355"><ele>264.0</ele></trkpt>
<trkpt lat="43.244947" lon="11.527118"><ele>264.0</ele></trkpt>
<trkpt lat="43.245097" lon="11.526915"><ele>264.5</ele></trkpt>
<trkpt lat="43.245300" lon="11.526584"><ele>267.75</ele></trkpt>
<trkpt lat="43.245612" lon="11.526191"><ele>270.75</ele></trkpt>
<trkpt lat="43.245813" lon="11.525903"><ele>274.0</ele></trkpt>
<trkpt lat="43.246334" lon="11.524609"><ele>278.75</ele></trkpt>
<trkpt lat="43.246409" lon="11.524369"><ele>278.5</ele></trkpt>
<trkpt lat="43.246497" lon="11.524204"><ele>277.75</ele></trkpt>
<trkpt lat="43.246685" lon="11.524014"><ele>278.0</ele></trkpt>
<trkpt lat="43.246954" lon="11.523682"><ele>280.0</ele></trkpt>
<trkpt lat="43.247266" lon="11.523521"><ele>281.0</ele></trkpt>
<trkpt lat="43.248557" lon="11.523004"><ele>289.75</ele></trkpt>
<trkpt lat="43.248706" lon="11.523009"><ele>290.75</ele></trkpt>
<trkpt lat="43.248842" lon="11.523064"><ele>291.25</ele></trkpt>
<trkpt lat="43.248953" lon="11.523191"><ele>292.75</ele></trkpt>
<trkpt lat="43.249243" lon="11.523679"><ele>296.25</ele></trkpt>
<trkpt lat="43.249461" lon="11.523884"><ele>300.25</ele></trkpt>
<trkpt lat="43.249707" lon="11.524079"><ele>304.0</ele></trkpt>
<trkpt lat="43.249807" lon="11.524148"><ele>302.5</ele></trkpt>
<trkpt lat="43.249875" lon="11.524244"><ele>300.75</ele></trkpt>
<trkpt lat="43.249970" lon="11.523920"><ele>301.0</ele></trkpt>
<trkpt lat="43.250103" lon="11.523579"><ele>300.25</ele></trkpt>
<trkpt lat="43.250296" lon="11.523223"><ele>298.5</ele></trkpt>
<trkpt lat="43.250484" lon="11.522953"><ele>296.75</ele></trkpt>
<trkpt lat="43.251094" lon="11.522017"><ele>287.5</ele></trkpt>
<trkpt lat="43.251220" lon="11.521794"><ele>284.75</ele></trkpt>
<trkpt lat="43.251324" lon="11.521572"><ele>282.5</ele></trkpt>
<trkpt lat="43.251471" lon="11.521126"><ele>279.25</ele></trkpt>
<trkpt lat="43.251585" lon="11.520715"><ele>276.0</ele></trkpt>
<trkpt lat="43.251664" lon="11.520246"><ele>274.75</ele></trkpt>
<trkpt lat="43.251688" lon="11.519915"><ele>273.5</ele></trkpt>
<trkpt lat="43.251689" lon="11.519674"><ele>274.25</ele></trkpt>
<trkpt lat="43.251692" lon="11.519392"><ele>274.5</ele></trkpt>
<trkpt lat="43.251718" lon="11.519119"><ele>275.5</ele></trkpt>
<trkpt lat="43.251755" lon="11.518823"><ele>277.25</ele></trkpt>
<trkpt lat="43.251826" lon="11.518402"><ele>278.5</ele></trkpt>
<trkpt lat="43.252077" lon="11.517478"><ele>282.25</ele></trkpt>
<trkpt lat="43.252225" lon="11.517021"><ele>284.25</ele></trkpt>
<trkpt lat="43.252315" lon="11.516764"><ele>286.75</ele></trkpt>
<trkpt lat="43.252590" lon="11.516209"><ele>288.5</ele></trkpt>
<trkpt lat="43.252675" lon="11.516005"><ele>289.0</ele></trkpt>
<trkpt lat="43.252734" lon="11.515868"><ele>289.75</ele></trkpt>
<trkpt lat="43.252774" lon="11.515778"><ele>290.5</ele></trkpt>
<trkpt lat="43.252877" lon="11.515545"><ele>293.5</ele></trkpt>
<trkpt lat="43.253001" lon="11.515280"><ele>294.0</ele></trkpt>
<trkpt lat="43.253352" lon="11.514601"><ele>297.0</ele></trkpt>
<trkpt lat="43.253454" lon="11.514434"><ele>298.0</ele></trkpt>
<trkpt lat="43.253583" lon="11.514241"><ele>298.75</ele></trkpt>
<trkpt lat="43.253883" lon="11.513913"><ele>299.0</ele></trkpt>
<trkpt lat="43.253939" lon="11.513859"><ele>298.0</ele></trkpt>
<trkpt lat="43.253969" lon="11.513771"><ele>297.0</ele></trkpt>
<trkpt lat="43.254088" lon="11.513514"><ele>295.25</ele></trkpt>
<trkpt lat="43.254482" lon="11.512411"><ele>300.25</ele></trkpt>
<trkpt lat="43.254517" lon="11.512252"><ele>300.75</ele></trkpt>
<trkpt lat="43.254531" lon="11.512152"><ele>301.0</ele></trkpt>
<trkpt lat="43.254559" lon="11.511830"><ele>302.0</ele></trkpt>
<trkpt lat="43.254561" lon="11.511727"><ele>302.25</ele></trkpt>
<trkpt lat="43.254556" lon="11.511645"><ele>302.0</ele></trkpt>
<trkpt lat="43.254544" lon="11.511577"><ele>301.75</ele></trkpt>
<trkpt lat="43.254498" lon="11.511415"><ele>300.75</ele></trkpt>
<trkpt lat="43.254297" lon="11.510949"><ele>298.0</ele></trkpt>
<trkpt lat="43.254138" lon="11.510444"><ele>294.25</ele></trkpt>
<trkpt lat="43.253979" lon="11.509753"><ele>292.75</ele></trkpt>
<trkpt lat="43.253825" lon="11.509343"><ele>292.25</ele></trkpt>
<trkpt lat="43.253300" lon="11.508538"><ele>293.0</ele></trkpt>
<trkpt lat="43.253047" lon="11.508293"><ele>295.25</ele></trkpt>
<trkpt lat="43.252177" lon="11.507867"><ele>289.5</ele></trkpt>
<trkpt lat="43.250613" lon="11.507065"><ele>280.75</ele></trkpt>
<trkpt lat="43.250479" lon="11.507027"><ele>280.25</ele></trkpt>
<trkpt lat="43.250242" lon="11.507050"><ele>278.25</ele></trkpt>
<trkpt lat="43.249970" lon="11.507236"><ele>273.25</ele></trkpt>
<trkpt lat="43.249740" lon="11.507483"><ele>270.0</ele></trkpt>
<trkpt lat="43.249446" lon="11.507650"><ele>268.0</ele></trkpt>
<trkpt lat="43.249091" lon="11.507801"><ele>267.5</ele></trkpt>
<trkpt lat="43.248942" lon="11.507846"><ele>266.75</ele></trkpt>
<trkpt lat="43.248775" lon="11.507851"><ele>266.0</ele></trkpt>
<trkpt lat="43.247562" lon="11.507765"><ele>270.0</ele></trkpt>
<trkpt lat="43.247063" lon="11.507801"><ele>272.75</ele></trkpt>
<trkpt lat="43.246650" lon="11.507882"><ele>274.75</ele></trkpt>
<trkpt lat="43.245253" lon="11.508377"><ele>272.0</ele></trkpt>
<trkpt lat="43.243767" lon="11.509060"><ele>271.0</ele></trkpt>
<trkpt lat="43.243439" lon="11.509190"><ele>273.0</ele></trkpt>
<trkpt lat="43.243261" lon="11.509190"><ele>274.25</ele></trkpt>
<trkpt lat="43.243063" lon="11.509154"><ele>275.75</ele></trkpt>
<trkpt lat="43.242770" lon="11.509140"><ele>277.5</ele></trkpt>
<trkpt lat="43.242415" lon="11.509002"><ele>278.0</ele></trkpt>
<trkpt lat="43.241926" lon="11.508841"><ele>281.25</ele></trkpt>
<trkpt lat="43.241370" lon="11.508764"><ele>285.25</ele></trkpt>
<trkpt lat="43.241065" lon="11.508808"><ele>288.25</ele></trkpt>
<trkpt lat="43.240996" lon="11.508818"><ele>288.75</ele></trkpt>
<trkpt lat="43.240817" lon="11.508810"><ele>290.0</ele></trkpt>
<trkpt lat="43.240402" lon="11.508715"><ele>290.25</ele></trkpt>
<trkpt lat="43.239266" lon="11.508384"><ele>293.5</ele></trkpt>
<trkpt lat="43.238805" lon="11.508260"><ele>295.25</ele></trkpt>
<trkpt lat="43.238767" lon="11.508242"><ele>295.75</ele></trkpt>
<trkpt lat="43.238702" lon="11.508185"><ele>296.5</ele></trkpt>
<trkpt lat="43.238641" lon="11.508095"><ele>297.25</ele></trkpt>
<trkpt lat="43.238612" lon="11.508040"><ele>297.75</ele></trkpt>
<trkpt lat="43.238429" lon="11.507637"><ele>297.25</ele></trkpt>
<trkpt lat="43.238334" lon="11.507411"><ele>296.0</ele></trkpt>
<trkpt lat="43.238265" lon="11.507186"><ele>295.0</ele></trkpt>
<trkpt lat="43.238163" lon="11.506775"><ele>294.5</ele></trkpt>
<trkpt lat="43.238111" lon="11.506401"><ele>293.0</ele></trkpt>
<trkpt lat="43.238077" lon="11.506246"><ele>293.0</ele></trkpt>
<trkpt lat="43.238052" lon="11.506170"><ele>293.0</ele></trkpt>
<trkpt lat="43.237991" lon="11.506052"><ele>291.0</ele></trkpt>
<trkpt lat="43.237956" lon="11.505998"><ele>290.0</ele></trkpt>
<trkpt lat="43.237930" lon="11.505972"><ele>289.25</ele></trkpt>
<trkpt lat="43.237903" lon="11.505959"><ele>288.5</ele></trkpt>
<trkpt lat="43.237868" lon="11.505950"><ele>287.75</ele></trkpt>
<trkpt lat="43.237823" lon="11.505798"><ele>287.25</ele></trkpt>
<trkpt lat="43.237767" lon="11.505668"><ele>287.5</ele></trkpt>
<trkpt lat="43.237001" lon="11.504060"><ele>285.5</ele></trkpt>
<trkpt lat="43.236772" lon="11.503687"><ele>287.75</ele></trkpt>
<trkpt lat="43.236366" lon="11.503286"><ele>286.0</ele></trkpt>
<trkpt lat="43.236277" lon="11.503179"><ele>285.75</ele></trkpt>
<trkpt lat="43.236217" lon="11.503088"><ele>285.25</ele></trkpt>
<trkpt lat="43.236160" lon="11.502912"><ele>285.25</ele></trkpt>
<trkpt lat="43.236129" lon="11.502816"><ele>285.25</ele></trkpt>
<trkpt lat="43.236044" lon="11.502786"><ele>283.75</ele></trkpt>
<trkpt lat="43.235886" lon="11.502661"><ele>280.75</ele></trkpt>
<trkpt lat="43.235726" lon="11.502562"><ele>278.25</ele></trkpt>
<trkpt lat="43.235503" lon="11.502558"><ele>275.75</ele></trkpt>
<trkpt lat="43.235155" lon="11.502598"><ele>272.5</ele></trkpt>
<trkpt lat="43.234888" lon="11.502602"><ele>273.5</ele></trkpt>
<trkpt lat="43.234625" lon="11.502518"><ele>274.75</ele></trkpt>
<trkpt lat="43.234346" lon="11.502411"><ele>274.25</ele></trkpt>
<trkpt lat="43.234152" lon="11.502358"><ele>274.25</ele></trkpt>
<trkpt lat="43.232935" lon="11.502370"><ele>275.0</ele></trkpt>
<trkpt lat="43.232541" lon="11.502428"><ele>275.0</ele></trkpt>
<trkpt lat="43.232196" lon="11.502458"><ele>274.25</ele></trkpt>
<trkpt lat="43.231770" lon="11.502469"><ele>273.5</ele></trkpt>
<trkpt lat="43.231524" lon="11.502509"><ele>274.0</ele></trkpt>
<trkpt lat="43.231376" lon="11.502579"><ele>274.25</ele></trkpt>
<trkpt lat="43.231197" lon="11.502748"><ele>275.5</ele></trkpt>
<trkpt lat="43.231063" lon="11.502844"><ele>275.5</ele></trkpt>
<trkpt lat="43.230576" lon="11.502929"><ele>277.25</ele></trkpt>
<trkpt lat="43.230045" lon="11.502993"><ele>279.5</ele></trkpt>
<trkpt lat="43.229879" lon="11.502996"><ele>280.5</ele></trkpt>
<trkpt lat="43.229780" lon="11.502861"><ele>280.5</ele></trkpt>
<trkpt lat="43.229614" lon="11.502487"><ele>278.25</ele></trkpt>
<trkpt lat="43.229428" lon="11.502181"><ele>276.25</ele></trkpt>
<trkpt lat="43.229288" lon="11.501840"><ele>271.0</ele></trkpt>
<trkpt lat="43.229249" lon="11.501776"><ele>270.5</ele></trkpt>
<trkpt lat="43.229140" lon="11.501669"><ele>270.0</ele></trkpt>
<trkpt lat="43.228982" lon="11.501630"><ele>269.75</ele></trkpt>
<trkpt lat="43.228748" lon="11.501719"><ele>272.0</ele></trkpt>
<trkpt lat="43.228404" lon="11.501922"><ele>273.0</ele></trkpt>
<trkpt lat="43.228230" lon="11.502156"><ele>276.25</ele></trkpt>
<trkpt lat="43.228108" lon="11.502263"><ele>277.75</ele></trkpt>
<trkpt lat="43.227947" lon="11.502302"><ele>278.0</ele></trkpt>
<trkpt lat="43.227776" lon="11.502245"><ele>275.5</ele></trkpt>
<trkpt lat="43.227442" lon="11.502036"><ele>272.25</ele></trkpt>
<trkpt lat="43.226954" lon="11.501605"><ele>270.25</ele></trkpt>
<trkpt lat="43.226716" lon="11.501367"><ele>271.0</ele></trkpt>
<trkpt lat="43.226514" lon="11.501310"><ele>272.0</ele></trkpt>
<trkpt lat="43.226101" lon="11.501399"><ele>268.5</ele></trkpt>
<trkpt lat="43.225754" lon="11.501495"><ele>264.25</ele></trkpt>
<trkpt lat="43.225513" lon="11.501512"><ele>260.75</ele></trkpt>
<trkpt lat="43.225290" lon="11.501477"><ele>256.5</ele></trkpt>
<trkpt lat="43.224942" lon="11.501335"><ele>252.25</ele></trkpt>
<trkpt lat="43.224815" lon="11.501345"><ele>249.25</ele></trkpt>
<trkpt lat="43.224556" lon="11.501495"><ele>244.25</ele></trkpt>
<trkpt lat="43.224387" lon="11.501527"><ele>241.75</ele></trkpt>
<trkpt lat="43.224159" lon="11.501544"><ele>237.75</ele></trkpt>
<trkpt lat="43.223970" lon="11.501616"><ele>233.0</ele></trkpt>
<trkpt lat="43.223853" lon="11.501715"><ele>230.0</ele></trkpt>
<trkpt lat="43.223752" lon="11.501886"><ele>228.75</ele></trkpt>
<trkpt lat="43.223630" lon="11.502470"><ele>221.5</ele></trkpt>
<trkpt lat="43.223410" lon="11.503416"><ele>207.5</ele></trkpt>
<trkpt lat="43.223322" lon="11.503651"><ele>203.0</ele></trkpt>
<trkpt lat="43.223156" lon="11.503708"><ele>200.75</ele></trkpt>
<trkpt lat="43.222977" lon="11.503676"><ele>199.0</ele></trkpt>
<trkpt lat="43.222756" lon="11.503537"><ele>197.25</ele></trkpt>
<trkpt lat="43.222515" lon="11.503153"><ele>195.5</ele></trkpt>
<trkpt lat="43.222290" lon="11.502665"><ele>192.75</ele></trkpt>
<trkpt lat="43.222240" lon="11.502391"><ele>191.5</ele></trkpt>
<trkpt lat="43.222277" lon="11.501697"><ele>190.5</ele></trkpt>
<trkpt lat="43.222305" lon="11.501409"><ele>189.75</ele></trkpt>
<trkpt lat="43.222640" lon="11.500683"><ele>189.0</ele></trkpt>
<trkpt lat="43.222738" lon="11.500310"><ele>187.5</ele></trkpt>
<trkpt lat="43.222782" lon="11.499861"><ele>188.5</ele></trkpt>
<trkpt lat="43.222733" lon="11.499495"><ele>189.0</ele></trkpt>
<trkpt lat="43.222694" lon="11.498972"><ele>189.5</ele></trkpt>
<trkpt lat="43.222583" lon="11.497979"><ele>190.0</ele></trkpt>
<trkpt lat="43.222466" lon="11.497324"><ele>188.5</ele></trkpt>
<trkpt lat="43.222367" lon="11.496887"><ele>188.0</ele></trkpt>
<trkpt lat="43.222336" lon="11.496556"><ele>188.0</ele></trkpt>
<trkpt lat="43.222443" lon="11.494841"><ele>182.75</ele></trkpt>
<trkpt lat="43.222487" lon="11.494417"><ele>177.75</ele></trkpt>
<trkpt lat="43.222648" lon="11.493631"><ele>178.25</ele></trkpt>
<trkpt lat="43.222715" lon="11.493182"><ele>181.75</ele></trkpt>
<trkpt lat="43.222658" lon="11.492915"><ele>182.75</ele></trkpt>
<trkpt lat="43.222120" lon="11.491829"><ele>180.0</ele></trkpt>
<trkpt lat="43.221954" lon="11.491562"><ele>178.0</ele></trkpt>
<trkpt lat="43.221575" lon="11.491128"><ele>175.0</ele></trkpt>
<trkpt lat="43.221256" lon="11.490740"><ele>177.75</ele></trkpt>
<trkpt lat="43.221065" lon="11.490356"><ele>178.25</ele></trkpt>
<trkpt lat="43.220884" lon="11.489917"><ele>178.25</ele></trkpt>
<trkpt lat="43.220766" lon="11.489487"><ele>179.0</ele></trkpt>
<trkpt lat="43.220720" lon="11.489092"><ele>179.25</ele></trkpt>
<trkpt lat="43.220746" lon="11.488637"><ele>178.75</ele></trkpt>
<trkpt lat="43.220831" lon="11.487758"><ele>176.75</ele></trkpt>
<trkpt lat="43.220870" lon="11.487231"><ele>177.5</ele></trkpt>
<trkpt lat="43.220862" lon="11.486808"><ele>178.5</ele></trkpt>
<trkpt lat="43.220823" lon="11.486157"><ele>177.75</ele></trkpt>
<trkpt lat="43.220748" lon="11.485687"><ele>178.5</ele></trkpt>
<trkpt lat="43.220626" lon="11.485128"><ele>179.0</ele></trkpt>
<trkpt lat="43.220595" lon="11.484790"><ele>177.5</ele></trkpt>
<trkpt lat="43.220616" lon="11.484449"><ele>177.5</ele></trkpt>
<trkpt lat="43.220774" lon="11.483719"><ele>177.75</ele></trkpt>
<trkpt lat="43.220953" lon="11.483064"><ele>175.25</ele></trkpt>
<trkpt lat="43.221065" lon="11.482566"><ele>169.5</ele></trkpt>
<trkpt lat="43.221109" lon="11.482210"><ele>169.75</ele></trkpt>
<trkpt lat="43.221116" lon="11.481922"><ele>170.0</ele></trkpt>
<trkpt lat="43.221080" lon="11.481702"><ele>172.25</ele></trkpt>
<trkpt lat="43.221002" lon="11.481566"><ele>173.75</ele></trkpt>
<trkpt lat="43.220829" lon="11.481435"><ele>175.0</ele></trkpt>
<trkpt lat="43.220696" lon="11.481310"><ele>175.5</ele></trkpt>
<trkpt lat="43.220639" lon="11.481182"><ele>176.25</ele></trkpt>
<trkpt lat="43.220611" lon="11.480773"><ele>177.75</ele></trkpt>
<trkpt lat="43.220445" lon="11.479958"><ele>177.0</ele></trkpt>
<trkpt lat="43.220367" lon="11.479357"><ele>176.25</ele></trkpt>
<trkpt lat="43.220320" lon="11.478698"><ele>173.0</ele></trkpt>
<trkpt lat="43.220250" lon="11.478328"><ele>171.5</ele></trkpt>
<trkpt lat="43.220058" lon="11.477524"><ele>172.25</ele></trkpt>
<trkpt lat="43.219765" lon="11.476460"><ele>169.0</ele></trkpt>
<trkpt lat="43.219612" lon="11.475962"><ele>170.25</ele></trkpt>
<trkpt lat="43.219231" lon="11.475250"><ele>170.25</ele></trkpt>
<trkpt lat="43.218771" lon="11.474271"><ele>170.5</ele></trkpt>
<trkpt lat="43.218560" lon="11.473770"><ele>170.0</ele></trkpt>
<trkpt lat="43.218397" lon="11.473423"><ele>170.5</ele></trkpt>
<trkpt lat="43.218274" lon="11.473131"><ele>171.0</ele></trkpt>
<trkpt lat="43.218120" lon="11.472693"><ele>171.5</ele></trkpt>
<trkpt lat="43.217970" lon="11.472328"><ele>170.75</ele></trkpt>
<trkpt lat="43.217842" lon="11.472092"><ele>170.25</ele></trkpt>
<trkpt lat="43.217742" lon="11.471976"><ele>169.5</ele></trkpt>
<trkpt lat="43.217568" lon="11.471337"><ele>171.5</ele></trkpt>
<trkpt lat="43.217504" lon="11.470977"><ele>172.5</ele></trkpt>
<trkpt lat="43.217464" lon="11.470615"><ele>174.0</ele></trkpt>
<trkpt lat="43.217482" lon="11.470332"><ele>174.5</ele></trkpt>
<trkpt lat="43.217610" lon="11.470081"><ele>175.0</ele></trkpt>
<trkpt lat="43.217964" lon="11.469776"><ele>175.75</ele></trkpt>
<trkpt lat="43.218210" lon="11.469667"><ele>177.0</ele></trkpt>
<trkpt lat="43.218551" lon="11.469333"><ele>175.75</ele></trkpt>
<trkpt lat="43.218871" lon="11.469249"><ele>175.25</ele></trkpt>
<trkpt lat="43.219313" lon="11.469320"><ele>177.0</ele></trkpt>
<trkpt lat="43.219547" lon="11.469283"><ele>176.25</ele></trkpt>
<trkpt lat="43.219794" lon="11.469145"><ele>173.5</ele></trkpt>
<trkpt lat="43.220284" lon="11.469140"><ele>171.25</ele></trkpt>
<trkpt lat="43.220586" lon="11.469262"><ele>167.25</ele></trkpt>
<trkpt lat="43.220777" lon="11.469400"><ele>166.25</ele></trkpt>
<trkpt lat="43.220969" lon="11.469604"><ele>165.75</ele></trkpt>
<trkpt lat="43.221143" lon="11.469980"><ele>165.75</ele></trkpt>
<trkpt lat="43.221365" lon="11.470637"><ele>166.0</ele></trkpt>
<trkpt lat="43.221560" lon="11.471138"><ele>166.25</ele></trkpt>
<trkpt lat="43.221645" lon="11.471326"><ele>166.0</ele></trkpt>
<trkpt lat="43.221919" lon="11.471159"><ele>165.75</ele></trkpt>
<trkpt lat="43.222321" lon="11.470950"><ele>169.0</ele></trkpt>
<trkpt lat="43.222486" lon="11.470841"><ele>169.75</ele></trkpt>
<trkpt lat="43.222611" lon="11.470524"><ele>175.0</ele></trkpt>
<trkpt lat="43.222769" lon="11.470077"><ele>177.75</ele></trkpt>
<trkpt lat="43.222772" lon="11.469709"><ele>178.0</ele></trkpt>
<trkpt lat="43.222723" lon="11.469019"><ele>179.0</ele></trkpt>
<trkpt lat="43.222766" lon="11.468225"><ele>178.25</ele></trkpt>
<trkpt lat="43.222800" lon="11.467586"><ele>176.0</ele></trkpt>
<trkpt lat="43.222851" lon="11.467306"><ele>175.0</ele></trkpt>
<trkpt lat="43.223001" lon="11.466867"><ele>173.75</ele></trkpt>
<trkpt lat="43.223180" lon="11.466587"><ele>173.0</ele></trkpt>
<trkpt lat="43.223543" lon="11.466211"><ele>172.75</ele></trkpt>
<trkpt lat="43.224216" lon="11.465580"><ele>171.5</ele></trkpt>
<trkpt lat="43.224575" lon="11.465250"><ele>172.5</ele></trkpt>
<trkpt lat="43.224755" lon="11.465124"><ele>172.5</ele></trkpt>
<trkpt lat="43.225015" lon="11.464895"><ele>171.25</ele></trkpt>
<trkpt lat="43.224996" lon="11.464849"><ele>170.25</ele></trkpt>
<trkpt lat="43.224983" lon="11.464792"><ele>169.0</ele></trkpt>
<trkpt lat="43.224985" lon="11.464708"><ele>167.75</ele></trkpt>
<trkpt lat="43.224998" lon="11.464622"><ele>166.75</ele></trkpt>
<trkpt lat="43.225029" lon="11.464527"><ele>165.75</ele></trkpt>
<trkpt lat="43.225150" lon="11.464141"><ele>164.5</ele></trkpt>
<trkpt lat="43.225560" lon="11.462851"><ele>170.0</ele></trkpt>
<trkpt lat="43.225645" lon="11.462597"><ele>171.0</ele></trkpt>
<trkpt lat="43.225693" lon="11.462514"><ele>171.75</ele></trkpt>
<trkpt lat="43.225749" lon="11.462452"><ele>172.75</ele></trkpt>
<trkpt lat="43.225806" lon="11.462404"><ele>173.75</ele></trkpt>
<trkpt lat="43.225916" lon="11.462357"><ele>175.25</ele></trkpt>
<trkpt lat="43.226391" lon="11.462390"><ele>178.25</ele></trkpt>
<trkpt lat="43.226530" lon="11.462393"><ele>178.0</ele></trkpt>
<trkpt lat="43.226638" lon="11.462375"><ele>178.25</ele></trkpt>
<trkpt lat="43.226923" lon="11.462285"><ele>181.0</ele></trkpt>
<trkpt lat="43.227060" lon="11.462221"><ele>181.0</ele></trkpt>
<trkpt lat="43.227181" lon="11.462146"><ele>182.25</ele></trkpt>
<trkpt lat="43.227304" lon="11.462060"><ele>183.0</ele></trkpt>
<trkpt lat="43.227419" lon="11.461963"><ele>184.25</ele></trkpt>
<trkpt lat="43.227534" lon="11.461846"><ele>185.0</ele></trkpt>
<trkpt lat="43.227593" lon="11.461770"><ele>184.75</ele></trkpt>
<trkpt lat="43.227644" lon="11.461685"><ele>184.5</ele></trkpt>
<trkpt lat="43.227679" lon="11.461604"><ele>184.25</ele></trkpt>
<trkpt lat="43.227703" lon="11.461523"><ele>184.25</ele></trkpt>
<trkpt lat="43.227729" lon="11.461396"><ele>184.75</ele></trkpt>
<trkpt lat="43.227790" lon="11.460999"><ele>188.0</ele></trkpt>
<trkpt lat="43.227823" lon="11.460875"><ele>189.0</ele></trkpt>
<trkpt lat="43.227856" lon="11.460793"><ele>189.75</ele></trkpt>
<trkpt lat="43.227898" lon="11.460716"><ele>191.0</ele></trkpt>
<trkpt lat="43.227955" lon="11.460649"><ele>191.5</ele></trkpt>
<trkpt lat="43.228009" lon="11.460598"><ele>191.75</ele></trkpt>
<trkpt lat="43.228088" lon="11.460552"><ele>192.0</ele></trkpt>
<trkpt lat="43.228656" lon="11.460343"><ele>195.75</ele></trkpt>
<trkpt lat="43.228813" lon="11.460260"><ele>196.0</ele></trkpt>
<trkpt lat="43.228952" lon="11.460151"><ele>196.25</ele></trkpt>
<trkpt lat="43.229016" lon="11.460066"><ele>196.5</ele></trkpt>
<trkpt lat="43.229079" lon="11.459958"><ele>196.5</ele></trkpt>
<trkpt lat="43.229129" lon="11.459832"><ele>196.75</ele></trkpt>
<trkpt lat="43.229193" lon="11.459547"><ele>199.25</ele></trkpt>
<trkpt lat="43.229243" lon="11.459368"><ele>200.5</ele></trkpt>
<trkpt lat="43.229297" lon="11.459231"><ele>200.75</ele></trkpt>
<trkpt lat="43.229381" lon="11.459061"><ele>201.5</ele></trkpt>
<trkpt lat="43.229469" lon="11.458915"><ele>202.75</ele></trkpt>
<trkpt lat="43.229570" lon="11.458765"><ele>203.5</ele></trkpt>
<trkpt lat="43.229813" lon="11.458440"><ele>205.0</ele></trkpt>
<trkpt lat="43.229861" lon="11.458346"><ele>205.25</ele></trkpt>
<trkpt lat="43.229888" lon="11.458262"><ele>204.5</ele></trkpt>
<trkpt lat="43.229900" lon="11.458177"><ele>204.25</ele></trkpt>
<trkpt lat="43.229896" lon="11.458089"><ele>204.5</ele></trkpt>
<trkpt lat="43.229876" lon="11.457987"><ele>205.0</ele></trkpt>
<trkpt lat="43.229830" lon="11.457880"><ele>206.75</ele></trkpt>
<trkpt lat="43.229577" lon="11.457499"><ele>211.0</ele></trkpt>
<trkpt lat="43.229498" lon="11.457332"><ele>211.75</ele></trkpt>
<trkpt lat="43.229436" lon="11.457170"><ele>212.75</ele></trkpt>
<trkpt lat="43.229397" lon="11.457011"><ele>212.75</ele></trkpt>
<trkpt lat="43.229375" lon="11.456863"><ele>213.25</ele></trkpt>
<trkpt lat="43.229370" lon="11.456678"><ele>214.0</ele></trkpt>
<trkpt lat="43.229388" lon="11.456519"><ele>214.75</ele></trkpt>
<trkpt lat="43.229431" lon="11.456212"><ele>215.75</ele></trkpt>
<trkpt lat="43.229587" lon="11.454842"><ele>206.25</ele></trkpt>
<trkpt lat="43.229753" lon="11.453292"><ele>201.75</ele></trkpt>
<trkpt lat="43.229767" lon="11.453099"><ele>200.75</ele></trkpt>
<trkpt lat="43.229773" lon="11.452914"><ele>199.75</ele></trkpt>
<trkpt lat="43.229759" lon="11.452553"><ele>197.25</ele></trkpt>
<trkpt lat="43.229712" lon="11.452076"><ele>194.75</ele></trkpt>
<trkpt lat="43.229684" lon="11.451866"><ele>194.75</ele></trkpt>
<trkpt lat="43.229453" lon="11.450376"><ele>187.0</ele></trkpt>
<trkpt lat="43.229394" lon="11.450118"><ele>186.5</ele></trkpt>
<trkpt lat="43.229329" lon="11.449893"><ele>186.0</ele></trkpt>
<trkpt lat="43.229180" lon="11.449439"><ele>184.25</ele></trkpt>
<trkpt lat="43.229097" lon="11.449221"><ele>183.25</ele></trkpt>
<trkpt lat="43.229003" lon="11.449019"><ele>183.25</ele></trkpt>
<trkpt lat="43.228804" lon="11.448658"><ele>179.25</ele></trkpt>
<trkpt lat="43.227707" lon="11.446723"><ele>169.25</ele></trkpt>
<trkpt lat="43.227548" lon="11.446461"><ele>168.25</ele></trkpt>
<trkpt lat="43.227482" lon="11.446388"><ele>167.75</ele></trkpt>
<trkpt lat="43.227412" lon="11.446334"><ele>167.5</ele></trkpt>
<trkpt lat="43.227320" lon="11.446279"><ele>167.0</ele></trkpt>
<trkpt lat="43.227187" lon="11.446228"><ele>166.0</ele></trkpt>
<trkpt lat="43.226920" lon="11.446176"><ele>164.25</ele></trkpt>
<trkpt lat="43.225107" lon="11.445904"><ele>170.5</ele></trkpt>
<trkpt lat="43.224673" lon="11.445827"><ele>170.0</ele></trkpt>
<trkpt lat="43.224084" lon="11.445672"><ele>169.75</ele></trkpt>
<trkpt lat="43.223555" lon="11.445509"><ele>169.0</ele></trkpt>
<trkpt lat="43.222599" lon="11.445123"><ele>168.0</ele></trkpt>
<trkpt lat="43.222242" lon="11.444964"><ele>166.75</ele></trkpt>
<trkpt lat="43.222139" lon="11.444890"><ele>166.5</ele></trkpt>
<trkpt lat="43.222094" lon="11.444852"><ele>166.25</ele></trkpt>
<trkpt lat="43.222019" lon="11.444751"><ele>166.0</ele></trkpt>
<trkpt lat="43.221968" lon="11.444650"><ele>165.5</ele></trkpt>
<trkpt lat="43.221934" lon="11.444546"><ele>164.5</ele></trkpt>
<trkpt lat="43.221924" lon="11.444498"><ele>164.25</ele></trkpt>
<trkpt lat="43.221820" lon="11.444540"><ele>164.5</ele></trkpt>
<trkpt lat="43.221720" lon="11.444545"><ele>164.25</ele></trkpt>
<trkpt lat="43.220619" lon="11.444369"><ele>162.5</ele></trkpt>
<trkpt lat="43.220451" lon="11.444368"><ele>162.25</ele></trkpt>
<trkpt lat="43.220325" lon="11.444376"><ele>162.0</ele></trkpt>
<trkpt lat="43.220250" lon="11.444397"><ele>161.75</ele></trkpt>
<trkpt lat="43.219294" lon="11.444813"><ele>167.5</ele></trkpt>
<trkpt lat="43.219034" lon="11.444977"><ele>168.25</ele></trkpt>
<trkpt lat="43.218498" lon="11.445385"><ele>168.0</ele></trkpt>
<trkpt lat="43.218374" lon="11.445508"><ele>168.0</ele></trkpt>
<trkpt lat="43.218299" lon="11.445597"><ele>168.0</ele></trkpt>
<trkpt lat="43.217858" lon="11.446209"><ele>170.0</ele></trkpt>
<trkpt lat="43.217568" lon="11.446625"><ele>169.75</ele></trkpt>
<trkpt lat="43.217269" lon="11.447075"><ele>169.75</ele></trkpt>
<trkpt lat="43.216993" lon="11.447527"><ele>168.0</ele></trkpt>
<trkpt lat="43.216358" lon="11.448605"><ele>169.75</ele></trkpt>
<trkpt lat="43.216315" lon="11.448658"><ele>170.25</ele></trkpt>
<trkpt lat="43.216245" lon="11.448701"><ele>170.75</ele></trkpt>
<trkpt lat="43.216114" lon="11.448711"><ele>170.25</ele></trkpt>
<trkpt lat="43.215996" lon="11.448724"><ele>169.75</ele></trkpt>
<trkpt lat="43.215780" lon="11.448785"><ele>169.0</ele></trkpt>
<trkpt lat="43.215189" lon="11.449112"><ele>168.25</ele></trkpt>
<trkpt lat="43.214387" lon="11.449452"><ele>166.75</ele></trkpt>
<trkpt lat="43.214257" lon="11.449490"><ele>166.75</ele></trkpt>
<trkpt lat="43.213897" lon="11.449533"><ele>166.75</ele></trkpt>
<trkpt lat="43.213533" lon="11.449525"><ele>166.0</ele></trkpt>
<trkpt lat="43.213061" lon="11.449469"><ele>166.25</ele></trkpt>
<trkpt lat="43.212649" lon="11.449432"><ele>164.75</ele></trkpt>
<trkpt lat="43.211704" lon="11.449378"><ele>165.25</ele></trkpt>
<trkpt lat="43.211560" lon="11.449378"><ele>164.75</ele></trkpt>
<trkpt lat="43.211393" lon="11.449401"><ele>164.5</ele></trkpt>
<trkpt lat="43.211249" lon="11.449440"><ele>162.75</ele></trkpt>
<trkpt lat="43.211063" lon="11.449516"><ele>161.75</ele></trkpt>
<trkpt lat="43.210885" lon="11.449626"><ele>161.75</ele></trkpt>
<trkpt lat="43.210749" lon="11.449737"><ele>161.75</ele></trkpt>
<trkpt lat="43.210663" lon="11.449817"><ele>162.75</ele></trkpt>
<trkpt lat="43.210361" lon="11.450141"><ele>164.0</ele></trkpt>
<trkpt lat="43.209867" lon="11.450723"><ele>162.5</ele></trkpt>
<trkpt lat="43.209360" lon="11.451283"><ele>160.5</ele></trkpt>
<trkpt lat="43.208685" lon="11.451979"><ele>160.0</ele></trkpt>
<trkpt lat="43.208203" lon="11.452545"><ele>158.5</ele></trkpt>
<trkpt lat="43.208060" lon="11.452688"><ele>158.0</ele></trkpt>
<trkpt lat="43.207887" lon="11.452847"><ele>156.5</ele></trkpt>
<trkpt lat="43.207647" lon="11.453039"><ele>155.75</ele></trkpt>
<trkpt lat="43.207556" lon="11.453097"><ele>156.0</ele></trkpt>
<trkpt lat="43.207397" lon="11.453197"><ele>156.25</ele></trkpt>
<trkpt lat="43.206488" lon="11.453604"><ele>158.25</ele></trkpt>
<trkpt lat="43.204798" lon="11.454254"><ele>157.25</ele></trkpt>
<trkpt lat="43.204140" lon="11.454490"><ele>157.0</ele></trkpt>
<trkpt lat="43.203650" lon="11.454680"><ele>156.0</ele></trkpt>
<trkpt lat="43.202775" lon="11.455049"><ele>156.0</ele></trkpt>
<trkpt lat="43.201991" lon="11.455380"><ele>160.5</ele></trkpt>
<trkpt lat="43.201911" lon="11.455387"><ele>161.25</ele></trkpt>
<trkpt lat="43.201846" lon="11.455378"><ele>162.0</ele></trkpt>
<trkpt lat="43.201607" lon="11.455296"><ele>163.75</ele></trkpt>
<trkpt lat="43.201119" lon="11.455169"><ele>162.0</ele></trkpt>
<trkpt lat="43.200963" lon="11.455147"><ele>161.5</ele></trkpt>
<trkpt lat="43.200967" lon="11.455024"><ele>161.5</ele></trkpt>
<trkpt lat="43.200950" lon="11.454790"><ele>160.5</ele></trkpt>
<trkpt lat="43.200955" lon="11.454386"><ele>159.0</ele></trkpt>
<trkpt lat="43.200949" lon="11.454306"><ele>158.25</ele></trkpt>
<trkpt lat="43.200895" lon="11.454027"><ele>156.25</ele></trkpt>
<trkpt lat="43.200886" lon="11.453912"><ele>155.75</ele></trkpt>
<trkpt lat="43.200878" lon="11.453780"><ele>155.25</ele></trkpt>
<trkpt lat="43.200876" lon="11.453208"><ele>151.0</ele></trkpt>
<trkpt lat="43.200870" lon="11.453105"><ele>150.25</ele></trkpt>
<trkpt lat="43.200846" lon="11.452952"><ele>150.0</ele></trkpt>
<trkpt lat="43.200727" lon="11.452658"></trkpt>
<trkpt lat="43.200651" lon="11.452427"><ele>149.5</ele></trkpt>
<trkpt lat="43.200508" lon="11.451721"><ele>153.0</ele></trkpt>
<trkpt lat="43.200230" lon="11.450503"><ele>155.0</ele></trkpt>
<trkpt lat="43.198554" lon="11.443567"><ele>158.0</ele></trkpt>
<trkpt lat="43.198528" lon="11.443451"><ele>158.0</ele></trkpt>
<trkpt lat="43.198501" lon="11.443340"><ele>158.0</ele></trkpt>
<trkpt lat="43.198319" lon="11.443419"><ele>158.0</ele></trkpt>
<trkpt lat="43.196942" lon="11.444105"><ele>160.0</ele></trkpt>
<trkpt lat="43.196617" lon="11.444294"><ele>160.0</ele></trkpt>
<trkpt lat="43.196501" lon="11.444377"><ele>160.25</ele></trkpt>
<trkpt lat="43.196407" lon="11.444461"><ele>159.75</ele></trkpt>
<trkpt lat="43.196283" lon="11.444497"><ele>160.0</ele></trkpt>
<trkpt lat="43.196175" lon="11.444539"><ele>160.25</ele></trkpt>
<trkpt lat="43.196063" lon="11.444594"><ele>161.0</ele></trkpt>
<trkpt lat="43.195482" lon="11.444945"><ele>166.25</ele></trkpt>
<trkpt lat="43.195065" lon="11.445226"><ele>172.0</ele></trkpt>
<trkpt lat="43.194181" lon="11.445899"><ele>186.25</ele></trkpt>
<trkpt lat="43.193887" lon="11.446100"><ele>190.0</ele></trkpt>
<trkpt lat="43.193660" lon="11.446206"><ele>195.5</ele></trkpt>
<trkpt lat="43.193460" lon="11.446285"><ele>198.25</ele></trkpt>
<trkpt lat="43.193205" lon="11.446369"><ele>200.0</ele></trkpt>
<trkpt lat="43.193004" lon="11.446470"><ele>199.75</ele></trkpt>
<trkpt lat="43.192929" lon="11.446522"><ele>199.75</ele></trkpt>
<trkpt lat="43.192955" lon="11.446431"><ele>199.5</ele></trkpt>
<trkpt lat="43.193062" lon="11.446316"><ele>199.75</ele></trkpt>
<trkpt lat="43.193144" lon="11.446203"><ele>200.0</ele></trkpt>
<trkpt lat="43.193190" lon="11.446108"><ele>199.75</ele></trkpt>
<trkpt lat="43.193337" lon="11.445529"><ele>200.0</ele></trkpt>
<trkpt lat="43.193447" lon="11.445224"><ele>200.75</ele></trkpt>
<trkpt lat="43.193560" lon="11.445029"><ele>200.25</ele></trkpt>
<trkpt lat="43.193861" lon="11.444559"><ele>200.5</ele></trkpt>
<trkpt lat="43.194085" lon="11.444192"><ele>200.0</ele></trkpt>
<trkpt lat="43.194191" lon="11.443966"><ele>199.75</ele></trkpt>
<trkpt lat="43.194288" lon="11.443721"><ele>199.75</ele></trkpt>
<trkpt lat="43.194361" lon="11.443477"><ele>199.5</ele></trkpt>
<trkpt lat="43.194397" lon="11.443297"><ele>199.5</ele></trkpt>
<trkpt lat="43.194406" lon="11.443145"><ele>199.5</ele></trkpt>
<trkpt lat="43.194400" lon="11.442991"><ele>199.5</ele></trkpt>
<trkpt lat="43.194367" lon="11.442591"><ele>201.5</ele></trkpt>
<trkpt lat="43.194380" lon="11.442469"><ele>202.75</ele></trkpt>
<trkpt lat="43.194409" lon="11.442339"><ele>204.25</ele></trkpt>
<trkpt lat="43.194490" lon="11.442154"><ele>205.75</ele></trkpt>
<trkpt lat="43.194583" lon="11.442005"><ele>206.25</ele></trkpt>
<trkpt lat="43.194730" lon="11.441841"><ele>205.75</ele></trkpt>
<trkpt lat="43.195696" lon="11.440954"><ele>201.0</ele></trkpt>
<trkpt lat="43.196012" lon="11.440682"><ele>201.75</ele></trkpt>
<trkpt lat="43.196494" lon="11.440214"><ele>198.5</ele></trkpt>
<trkpt lat="43.196617" lon="11.440024"><ele>197.25</ele></trkpt>
<trkpt lat="43.196785" lon="11.439729"><ele>197.0</ele></trkpt>
<trkpt lat="43.196969" lon="11.439411"><ele>198.75</ele></trkpt>
<trkpt lat="43.197038" lon="11.439322"><ele>198.75</ele></trkpt>
<trkpt lat="43.197286" lon="11.439055"><ele>201.0</ele></trkpt>
<trkpt lat="43.197327" lon="11.438972"><ele>202.25</ele></trkpt>
<trkpt lat="43.197337" lon="11.438927"><ele>202.5</ele></trkpt>
<trkpt lat="43.197343" lon="11.438831"><ele>203.5</ele></trkpt>
<trkpt lat="43.197319" lon="11.438595"><ele>204.75</ele></trkpt>
<trkpt lat="43.197310" lon="11.438409"><ele>205.75</ele></trkpt>
<trkpt lat="43.197314" lon="11.438252"><ele>206.0</ele></trkpt>
<trkpt lat="43.197345" lon="11.438101"><ele>206.25</ele></trkpt>
<trkpt lat="43.197392" lon="11.437982"><ele>207.25</ele></trkpt>
<trkpt lat="43.197439" lon="11.437903"><ele>208.5</ele></trkpt>
<trkpt lat="43.197503" lon="11.437837"><ele>210.0</ele></trkpt>
<trkpt lat="43.197577" lon="11.437793"><ele>210.5</ele></trkpt>
<trkpt lat="43.197950" lon="11.437719"><ele>212.5</ele></trkpt>
<trkpt lat="43.198322" lon="11.437671"><ele>213.0</ele></trkpt>
<trkpt lat="43.198585" lon="11.437675"><ele>210.75</ele></trkpt>
<trkpt lat="43.198733" lon="11.437635"><ele>210.25</ele></trkpt>
<trkpt lat="43.198896" lon="11.437489"><ele>210.0</ele></trkpt>
<trkpt lat="43.199130" lon="11.437130"><ele>208.75</ele></trkpt>
<trkpt lat="43.199258" lon="11.436976"><ele>207.5</ele></trkpt>
<trkpt lat="43.199518" lon="11.436728"><ele>206.0</ele></trkpt>
<trkpt lat="43.199664" lon="11.436592"><ele>206.25</ele></trkpt>
<trkpt lat="43.199951" lon="11.436383"><ele>206.25</ele></trkpt>
<trkpt lat="43.200217" lon="11.436211"><ele>205.25</ele></trkpt>
<trkpt lat="43.200320" lon="11.436153"><ele>205.0</ele></trkpt>
<trkpt lat="43.200540" lon="11.436071"><ele>204.5</ele></trkpt>
<trkpt lat="43.200757" lon="11.435971"><ele>206.75</ele></trkpt>
<trkpt lat="43.200797" lon="11.435963"><ele>207.25</ele></trkpt>
<trkpt lat="43.200829" lon="11.435926"><ele>207.5</ele></trkpt>
<trkpt lat="43.200896" lon="11.435886"><ele>206.5</ele></trkpt>
<trkpt lat="43.201139" lon="11.435651"><ele>202.75</ele></trkpt>
<trkpt lat="43.201268" lon="11.435502"><ele>201.75</ele></trkpt>
<trkpt lat="43.201631" lon="11.435027"><ele>199.75</ele></trkpt>
<trkpt lat="43.201760" lon="11.434896"><ele>200.0</ele></trkpt>
<trkpt lat="43.202068" lon="11.434557"><ele>200.75</ele></trkpt>
<trkpt lat="43.202145" lon="11.434491"><ele>200.75</ele></trkpt>
<trkpt lat="43.202226" lon="11.434441"><ele>200.75</ele></trkpt>
<trkpt lat="43.203001" lon="11.434208"><ele>196.0</ele></trkpt>
<trkpt lat="43.203227" lon="11.434108"><ele>194.75</ele></trkpt>
<trkpt lat="43.203359" lon="11.434030"><ele>194.25</ele></trkpt>
<trkpt lat="43.203507" lon="11.433932"><ele>194.0</ele></trkpt>
<trkpt lat="43.203726" lon="11.433724"><ele>193.25</ele></trkpt>
<trkpt lat="43.203939" lon="11.433494"><ele>192.5</ele></trkpt>
<trkpt lat="43.204071" lon="11.433339"><ele>192.25</ele></trkpt>
<trkpt lat="43.204101" lon="11.433263"><ele>191.5</ele></trkpt>
<trkpt lat="43.204104" lon="11.433208"><ele>191.0</ele></trkpt>
<trkpt lat="43.204072" lon="11.432929"><ele>188.75</ele></trkpt>
<trkpt lat="43.204061" lon="11.432535"><ele>184.75</ele></trkpt>
<trkpt lat="43.204006" lon="11.432281"><ele>184.0</ele></trkpt>
<trkpt lat="43.203938" lon="11.432057"><ele>182.25</ele></trkpt>
<trkpt lat="43.203859" lon="11.431650"><ele>180.25</ele></trkpt>
<trkpt lat="43.203854" lon="11.431535"><ele>179.75</ele></trkpt>
<trkpt lat="43.203891" lon="11.431514"><ele>180.5</ele></trkpt>
<trkpt lat="43.203929" lon="11.431493"><ele>181.25</ele></trkpt>
<trkpt lat="43.204336" lon="11.432898"><ele>185.75</ele></trkpt>
<trkpt lat="43.204353" lon="11.432913"><ele>185.5</ele></trkpt>
<trkpt lat="43.204370" lon="11.432907"><ele>185.25</ele></trkpt>
<trkpt lat="43.204397" lon="11.432858"><ele>184.75</ele></trkpt>
<trkpt lat="43.204484" lon="11.432371"><ele>188.5</ele></trkpt>
<trkpt lat="43.204509" lon="11.432313"><ele>188.5</ele></trkpt>
<trkpt lat="43.204530" lon="11.432286"><ele>188.5</ele></trkpt>
<trkpt lat="43.204526" lon="11.432156"><ele>189.25</ele></trkpt>
<trkpt lat="43.204548" lon="11.431947"><ele>189.75</ele></trkpt>
<trkpt lat="43.204712" lon="11.431036"><ele>193.25</ele></trkpt>
<trkpt lat="43.204807" lon="11.430637"><ele>195.25</ele></trkpt>
<trkpt lat="43.205025" lon="11.429776"><ele>199.75</ele></trkpt>
<trkpt lat="43.205067" lon="11.429615"><ele>200.0</ele></trkpt>
<trkpt lat="43.205153" lon="11.429284"><ele>200.25</ele></trkpt>
<trkpt lat="43.205216" lon="11.429018"><ele>200.75</ele></trkpt>
<trkpt lat="43.205247" lon="11.428776"><ele>201.0</ele></trkpt>
<trkpt lat="43.205274" lon="11.428691"><ele>200.75</ele></trkpt>
<trkpt lat="43.205218" lon="11.428602"><ele>200.5</ele></trkpt>
<trkpt lat="43.205157" lon="11.428512"><ele>199.25</ele></trkpt>
<trkpt lat="43.205024" lon="11.428350"><ele>197.25</ele></trkpt>
<trkpt lat="43.204904" lon="11.428266"><ele>195.5</ele></trkpt>
<trkpt lat="43.204451" lon="11.428102"><ele>189.25</ele></trkpt>
<trkpt lat="43.204424" lon="11.428075"><ele>188.25</ele></trkpt>
<trkpt lat="43.204402" lon="11.428039"><ele>187.25</ele></trkpt>
<trkpt lat="43.204376" lon="11.427943"><ele>185.75</ele></trkpt>
<trkpt lat="43.204757" lon="11.427271"><ele>181.25</ele></trkpt>
<trkpt lat="43.204825" lon="11.427117"><ele>181.0</ele></trkpt>
<trkpt lat="43.204867" lon="11.426936"><ele>180.0</ele></trkpt>
<trkpt lat="43.204900" lon="11.426743"><ele>179.0</ele></trkpt>
<trkpt lat="43.204942" lon="11.426092"><ele>177.25</ele></trkpt>
<trkpt lat="43.204978" lon="11.425738"><ele>176.75</ele></trkpt>
<trkpt lat="43.205038" lon="11.425541"><ele>176.5</ele></trkpt>
<trkpt lat="43.205139" lon="11.425321"><ele>175.75</ele></trkpt>
<trkpt lat="43.205445" lon="11.424855"><ele>175.5</ele></trkpt>
<trkpt lat="43.205520" lon="11.424716"><ele>174.5</ele></trkpt>
<trkpt lat="43.205562" lon="11.424600"><ele>174.0</ele></trkpt>
<trkpt lat="43.205593" lon="11.424474"><ele>173.5</ele></trkpt>
<trkpt lat="43.205667" lon="11.424094"><ele>174.0</ele></trkpt>
<trkpt lat="43.205854" lon="11.422743"><ele>172.0</ele></trkpt>
<trkpt lat="43.206046" lon="11.421377"><ele>172.75</ele></trkpt>
<trkpt lat="43.206106" lon="11.421017"><ele>174.75</ele></trkpt>
<trkpt lat="43.206261" lon="11.420272"><ele>175.0</ele></trkpt>
<trkpt lat="43.206402" lon="11.419629"><ele>173.75</ele></trkpt>
<trkpt lat="43.206416" lon="11.419543"><ele>173.5</ele></trkpt>
<trkpt lat="43.206425" lon="11.419383"><ele>173.25</ele></trkpt>
<trkpt lat="43.206418" lon="11.419306"><ele>172.75</ele></trkpt>
<trkpt lat="43.206368" lon="11.419093"><ele>171.75</ele></trkpt>
<trkpt lat="43.206080" lon="11.418152"><ele>167.0</ele></trkpt>
<trkpt lat="43.205925" lon="11.417607"><ele>164.5</ele></trkpt>
<trkpt lat="43.205854" lon="11.417328"><ele>163.75</ele></trkpt>
<trkpt lat="43.205840" lon="11.417203"><ele>164.0</ele></trkpt>
<trkpt lat="43.205801" lon="11.416600"><ele>167.25</ele></trkpt>
<trkpt lat="43.205787" lon="11.416580"><ele>167.5</ele></trkpt>
<trkpt lat="43.205774" lon="11.416540"><ele>167.75</ele></trkpt>
<trkpt lat="43.205763" lon="11.416451"><ele>168.5</ele></trkpt>
<trkpt lat="43.205719" lon="11.416405"><ele>168.75</ele></trkpt>
<trkpt lat="43.205647" lon="11.416348"><ele>169.0</ele></trkpt>
<trkpt lat="43.205561" lon="11.416298"><ele>169.25</ele></trkpt>
<trkpt lat="43.205477" lon="11.416144"><ele>169.5</ele></trkpt>
<trkpt lat="43.205444" lon="11.416067"><ele>169.5</ele></trkpt>
<trkpt lat="43.205421" lon="11.415932"><ele>169.5</ele></trkpt>
<trkpt lat="43.205434" lon="11.415847"><ele>169.5</ele></trkpt>
<trkpt lat="43.205459" lon="11.415784"><ele>169.5</ele></trkpt>
<trkpt lat="43.205489" lon="11.415729"><ele>169.75</ele></trkpt>
<trkpt lat="43.205508" lon="11.415676"><ele>169.75</ele></trkpt>
<trkpt lat="43.205560" lon="11.415324"><ele>170.0</ele></trkpt>
<trkpt lat="43.205563" lon="11.415162"><ele>170.5</ele></trkpt>
<trkpt lat="43.205524" lon="11.415083"><ele>170.5</ele></trkpt>
<trkpt lat="43.205454" lon="11.414598"><ele>170.75</ele></trkpt>
<trkpt lat="43.205363" lon="11.414293"><ele>170.25</ele></trkpt>
<trkpt lat="43.205271" lon="11.413971"><ele>170.5</ele></trkpt>
<trkpt lat="43.205183" lon="11.413349"><ele>171.75</ele></trkpt>
<trkpt lat="43.205145" lon="11.413143"><ele>170.75</ele></trkpt>
<trkpt lat="43.205053" lon="11.412772"><ele>169.75</ele></trkpt>
<trkpt lat="43.204983" lon="11.412561"><ele>169.5</ele></trkpt>
<trkpt lat="43.204936" lon="11.412390"><ele>170.0</ele></trkpt>
<trkpt lat="43.204723" lon="11.411833"><ele>168.25</ele></trkpt>
<trkpt lat="43.204699" lon="11.411716"><ele>168.5</ele></trkpt>
<trkpt lat="43.204701" lon="11.411580"><ele>168.75</ele></trkpt>
<trkpt lat="43.204969" lon="11.410365"><ele>169.5</ele></trkpt>
<trkpt lat="43.205003" lon="11.410277"><ele>169.0</ele></trkpt>
<trkpt lat="43.205033" lon="11.410236"><ele>169.0</ele></trkpt>
<trkpt lat="43.205067" lon="11.410213"><ele>169.0</ele></trkpt>
<trkpt lat="43.205144" lon="11.410181"><ele>169.5</ele></trkpt>
<trkpt lat="43.205485" lon="11.410025"><ele>169.75</ele></trkpt>
<trkpt lat="43.206049" lon="11.409727"><ele>171.5</ele></trkpt>
<trkpt lat="43.206671" lon="11.409303"><ele>174.75</ele></trkpt>
<trkpt lat="43.206802" lon="11.409178"><ele>174.0</ele></trkpt>
<trkpt lat="43.206900" lon="11.409018"><ele>173.5</ele></trkpt>
<trkpt lat="43.207417" lon="11.407749"><ele>171.75</ele></trkpt>
<trkpt lat="43.207494" lon="11.407580"><ele>171.5</ele></trkpt>
<trkpt lat="43.207632" lon="11.407318"><ele>172.5</ele></trkpt>
<trkpt lat="43.207696" lon="11.407225"><ele>172.75</ele></trkpt>
<trkpt lat="43.207837" lon="11.407082"><ele>173.25</ele></trkpt>
<trkpt lat="43.207942" lon="11.406979"><ele>174.0</ele></trkpt>
<trkpt lat="43.207983" lon="11.406923"><ele>174.25</ele></trkpt>
<trkpt lat="43.207965" lon="11.406859"><ele>173.5</ele></trkpt>
<trkpt lat="43.207668" lon="11.406668"><ele>169.5</ele></trkpt>
<trkpt lat="43.205163" lon="11.405163"><ele>160.5</ele></trkpt>
<trkpt lat="43.204957" lon="11.405042"><ele>159.75</ele></trkpt>
<trkpt lat="43.204904" lon="11.405018"><ele>159.25</ele></trkpt>
<trkpt lat="43.204822" lon="11.404997"><ele>158.5</ele></trkpt>
<trkpt lat="43.204778" lon="11.404967"><ele>158.25</ele></trkpt>
<trkpt lat="43.204755" lon="11.404920"><ele>157.75</ele></trkpt>
<trkpt lat="43.204758" lon="11.404881"><ele>157.75</ele></trkpt>
<trkpt lat="43.204769" lon="11.404816"><ele>157.5</ele></trkpt>
<trkpt lat="43.204837" lon="11.404535"><ele>158.5</ele></trkpt>
<trkpt lat="43.204884" lon="11.404356"><ele>158.5</ele></trkpt>
<trkpt lat="43.204906" lon="11.404247"><ele>158.0</ele></trkpt>
<trkpt lat="43.204918" lon="11.404135"><ele>158.0</ele></trkpt>
<trkpt lat="43.204928" lon="11.403930"><ele>159.25</ele></trkpt>
<trkpt lat="43.204979" lon="11.403733"><ele>160.0</ele></trkpt>
<trkpt lat="43.205153" lon="11.403150"><ele>160.25</ele></trkpt>
<trkpt lat="43.205776" lon="11.401607"><ele>160.0</ele></trkpt>
<trkpt lat="43.205808" lon="11.401473"><ele>160.5</ele></trkpt>
<trkpt lat="43.205820" lon="11.401363"><ele>161.0</ele></trkpt>
<trkpt lat="43.205816" lon="11.401246"><ele>160.5</ele></trkpt>
<trkpt lat="43.205791" lon="11.401116"><ele>160.25</ele></trkpt>
<trkpt lat="43.205631" lon="11.400607"><ele>160.75</ele></trkpt>
<trkpt lat="43.205465" lon="11.399996"><ele>161.75</ele></trkpt>
<trkpt lat="43.205087" lon="11.398499"><ele>163.75</ele></trkpt>
<trkpt lat="43.205048" lon="11.398361"><ele>163.75</ele></trkpt>
<trkpt lat="43.205008" lon="11.398262"><ele>163.75</ele></trkpt>
<trkpt lat="43.204970" lon="11.398194"><ele>163.75</ele></trkpt>
<trkpt lat="43.204922" lon="11.398146"><ele>164.0</ele></trkpt>
<trkpt lat="43.204846" lon="11.398098"><ele>164.5</ele></trkpt>
<trkpt lat="43.204599" lon="11.398020"><ele>166.5</ele></trkpt>
<trkpt lat="43.204122" lon="11.397817"><ele>168.0</ele></trkpt>
<trkpt lat="43.203907" lon="11.397754"><ele>169.0</ele></trkpt>
<trkpt lat="43.203713" lon="11.397702"><ele>171.0</ele></trkpt>
<trkpt lat="43.203257" lon="11.397698"><ele>175.75</ele></trkpt>
<trkpt lat="43.203007" lon="11.397725"><ele>177.75</ele></trkpt>
<trkpt lat="43.202506" lon="11.397925"><ele>176.25</ele></trkpt>
<trkpt lat="43.202139" lon="11.398115"><ele>177.5</ele></trkpt>
<trkpt lat="43.201941" lon="11.398275"><ele>176.25</ele></trkpt>
<trkpt lat="43.201887" lon="11.398333"><ele>176.0</ele></trkpt>
<trkpt lat="43.201835" lon="11.398395"><ele>175.75</ele></trkpt>
<trkpt lat="43.201597" lon="11.398743"><ele>174.0</ele></trkpt>
<trkpt lat="43.201542" lon="11.398798"><ele>173.5</ele></trkpt>
<trkpt lat="43.201404" lon="11.398877"><ele>173.0</ele></trkpt>
<trkpt lat="43.201301" lon="11.398901"><ele>174.0</ele></trkpt>
<trkpt lat="43.201197" lon="11.398910"><ele>175.5</ele></trkpt>
<trkpt lat="43.200839" lon="11.398915"><ele>179.0</ele></trkpt>
<trkpt lat="43.200723" lon="11.398889"><ele>181.75</ele></trkpt>
<trkpt lat="43.200638" lon="11.398842"><ele>183.0</ele></trkpt>
<trkpt lat="43.200579" lon="11.398771"><ele>183.25</ele></trkpt>
<trkpt lat="43.200487" lon="11.398584"><ele>181.75</ele></trkpt>
<trkpt lat="43.200426" lon="11.398492"><ele>181.5</ele></trkpt>
<trkpt lat="43.200343" lon="11.398473"><ele>183.0</ele></trkpt>
<trkpt lat="43.200289" lon="11.398500"><ele>184.5</ele></trkpt>
<trkpt lat="43.200247" lon="11.398559"><ele>185.5</ele></trkpt>
<trkpt lat="43.200226" lon="11.398656"><ele>186.5</ele></trkpt>
<trkpt lat="43.200249" lon="11.398762"><ele>187.0</ele></trkpt>
<trkpt lat="43.200407" lon="11.399047"><ele>188.25</ele></trkpt>
<trkpt lat="43.200472" lon="11.399255"><ele>189.5</ele></trkpt>
<trkpt lat="43.200526" lon="11.399487"><ele>190.75</ele></trkpt>
<trkpt lat="43.200570" lon="11.400119"><ele>192.5</ele></trkpt>
<trkpt lat="43.200665" lon="11.400932"><ele>196.25</ele></trkpt>
<trkpt lat="43.200663" lon="11.401064"><ele>197.25</ele></trkpt>
<trkpt lat="43.200637" lon="11.401163"><ele>198.0</ele></trkpt>
<trkpt lat="43.200595" lon="11.401247"><ele>199.0</ele></trkpt>
<trkpt lat="43.200533" lon="11.401334"><ele>200.5</ele></trkpt>
<trkpt lat="43.200460" lon="11.401381"><ele>202.0</ele></trkpt>
<trkpt lat="43.200185" lon="11.401488"><ele>205.25</ele></trkpt>
<trkpt lat="43.199981" lon="11.401491"><ele>208.5</ele></trkpt>
<trkpt lat="43.199601" lon="11.401379"><ele>214.0</ele></trkpt>
<trkpt lat="43.199365" lon="11.401259"><ele>218.25</ele></trkpt>
<trkpt lat="43.199141" lon="11.401175"><ele>219.5</ele></trkpt>
<trkpt lat="43.199080" lon="11.401168"><ele>219.75</ele></trkpt>
<trkpt lat="43.198939" lon="11.401181"><ele>220.0</ele></trkpt>
<trkpt lat="43.198901" lon="11.401169"><ele>220.25</ele></trkpt>
<trkpt lat="43.198863" lon="11.401139"><ele>220.5</ele></trkpt>
<trkpt lat="43.198832" lon="11.401087"><ele>220.75</ele></trkpt>
<trkpt lat="43.198811" lon="11.401030"><ele>221.0</ele></trkpt>
<trkpt lat="43.198799" lon="11.400972"><ele>221.25</ele></trkpt>
<trkpt lat="43.198800" lon="11.400836"><ele>222.0</ele></trkpt>
<trkpt lat="43.198832" lon="11.400558"><ele>224.0</ele></trkpt>
<trkpt lat="43.198922" lon="11.400080"><ele>225.5</ele></trkpt>
<trkpt lat="43.199009" lon="11.399809"><ele>224.5</ele></trkpt>
<trkpt lat="43.199027" lon="11.399728"><ele>224.0</ele></trkpt>
<trkpt lat="43.199036" lon="11.399640"><ele>222.75</ele></trkpt>
<trkpt lat="43.199034" lon="11.399553"><ele>221.5</ele></trkpt>
<trkpt lat="43.199012" lon="11.399442"><ele>219.75</ele></trkpt>
<trkpt lat="43.198981" lon="11.399347"><ele>219.25</ele></trkpt>
<trkpt lat="43.198919" lon="11.399234"><ele>219.5</ele></trkpt>
<trkpt lat="43.198842" lon="11.399127"><ele>219.0</ele></trkpt>
<trkpt lat="43.198706" lon="11.399034"><ele>217.75</ele></trkpt>
<trkpt lat="43.198553" lon="11.398988"><ele>218.25</ele></trkpt>
<trkpt lat="43.198354" lon="11.398977"><ele>219.75</ele></trkpt>
<trkpt lat="43.198292" lon="11.398934"><ele>220.5</ele></trkpt>
<trkpt lat="43.198251" lon="11.398852"><ele>221.5</ele></trkpt>
<trkpt lat="43.198244" lon="11.398752"><ele>222.0</ele></trkpt>
<trkpt lat="43.198370" lon="11.398226"><ele>222.75</ele></trkpt>
<trkpt lat="43.198364" lon="11.398049"><ele>223.5</ele></trkpt>
<trkpt lat="43.198317" lon="11.397889"><ele>224.25</ele></trkpt>
<trkpt lat="43.198271" lon="11.397816"><ele>225.0</ele></trkpt>
<trkpt lat="43.198211" lon="11.397698"><ele>226.5</ele></trkpt>
<trkpt lat="43.198147" lon="11.397521"><ele>228.0</ele></trkpt>
<trkpt lat="43.198069" lon="11.397263"><ele>230.5</ele></trkpt>
<trkpt lat="43.197988" lon="11.397093"><ele>232.0</ele></trkpt>
<trkpt lat="43.197890" lon="11.396955"><ele>234.0</ele></trkpt>
<trkpt lat="43.197784" lon="11.396871"><ele>236.5</ele></trkpt>
<trkpt lat="43.197528" lon="11.396848"><ele>239.25</ele></trkpt>
<trkpt lat="43.196656" lon="11.396893"><ele>242.75</ele></trkpt>
<trkpt lat="43.195761" lon="11.396887"><ele>239.75</ele></trkpt>
<trkpt lat="43.193451" lon="11.396929"><ele>243.75</ele></trkpt>
<trkpt lat="43.193133" lon="11.396911"><ele>242.25</ele></trkpt>
<trkpt lat="43.192964" lon="11.396876"><ele>241.0</ele></trkpt>
<trkpt lat="43.192800" lon="11.396810"><ele>240.0</ele></trkpt>
<trkpt lat="43.192536" lon="11.396587"><ele>240.25</ele></trkpt>
<trkpt lat="43.189876" lon="11.394091"><ele>240.0</ele></trkpt>
<trkpt lat="43.187711" lon="11.392046"><ele>239.5</ele></trkpt>
<trkpt lat="43.187563" lon="11.391960"><ele>239.75</ele></trkpt>
<trkpt lat="43.187404" lon="11.391905"><ele>239.5</ele></trkpt>
<trkpt lat="43.187301" lon="11.391805"><ele>238.0</ele></trkpt>
<trkpt lat="43.187209" lon="11.391757"><ele>237.0</ele></trkpt>
<trkpt lat="43.186730" lon="11.391683"><ele>232.25</ele></trkpt>
<trkpt lat="43.186639" lon="11.391641"><ele>231.25</ele></trkpt>
<trkpt lat="43.186538" lon="11.391527"><ele>229.25</ele></trkpt>
<trkpt lat="43.186261" lon="11.390977"><ele>223.5</ele></trkpt>
<trkpt lat="43.186190" lon="11.390897"><ele>222.5</ele></trkpt>
<trkpt lat="43.186076" lon="11.390813"><ele>221.75</ele></trkpt>
<trkpt lat="43.185924" lon="11.390757"><ele>221.0</ele></trkpt>
<trkpt lat="43.185826" lon="11.390779"><ele>221.0</ele></trkpt>
<trkpt lat="43.185749" lon="11.390876"><ele>219.5</ele></trkpt>
<trkpt lat="43.185733" lon="11.391007"><ele>218.75</ele></trkpt>
<trkpt lat="43.185788" lon="11.391413"><ele>218.0</ele></trkpt>
<trkpt lat="43.185768" lon="11.391519"><ele>218.0</ele></trkpt>
<trkpt lat="43.185700" lon="11.391576"><ele>217.0</ele></trkpt>
<trkpt lat="43.185598" lon="11.391601"><ele>215.25</ele></trkpt>
<trkpt lat="43.185482" lon="11.391568"><ele>213.25</ele></trkpt>
<trkpt lat="43.185333" lon="11.391489"><ele>211.0</ele></trkpt>
<trkpt lat="43.184806" lon="11.391147"><ele>206.25</ele></trkpt>
<trkpt lat="43.184610" lon="11.391052"><ele>205.75</ele></trkpt>
<trkpt lat="43.184551" lon="11.391046"><ele>205.75</ele></trkpt>
<trkpt lat="43.184419" lon="11.391090"><ele>205.75</ele></trkpt>
<trkpt lat="43.184339" lon="11.391136"><ele>206.0</ele></trkpt>
<trkpt lat="43.184279" lon="11.391204"><ele>206.75</ele></trkpt>
<trkpt lat="43.183709" lon="11.391720"><ele>218.5</ele></trkpt>
<trkpt lat="43.183516" lon="11.391829"><ele>223.0</ele></trkpt>
<trkpt lat="43.183360" lon="11.391844"><ele>226.75</ele></trkpt>
<trkpt lat="43.183043" lon="11.391810"><ele>230.5</ele></trkpt>
<trkpt lat="43.182818" lon="11.391810"><ele>234.75</ele></trkpt>
<trkpt lat="43.182512" lon="11.391938"><ele>239.75</ele></trkpt>
<trkpt lat="43.182406" lon="11.391961"><ele>240.25</ele></trkpt>
<trkpt lat="43.182135" lon="11.391916"><ele>242.25</ele></trkpt>
<trkpt lat="43.181833" lon="11.391911"><ele>246.0</ele></trkpt>
<trkpt lat="43.181019" lon="11.392143"><ele>256.25</ele></trkpt>
<trkpt lat="43.180531" lon="11.392298"><ele>261.0</ele></trkpt>
<trkpt lat="43.180173" lon="11.392399"><ele>263.0</ele></trkpt>
<trkpt lat="43.180099" lon="11.392405"><ele>263.25</ele></trkpt>
<trkpt lat="43.180060" lon="11.392409"><ele>263.25</ele></trkpt>
<trkpt lat="43.179482" lon="11.392289"><ele>260.0</ele></trkpt>
<trkpt lat="43.177995" lon="11.391905"><ele>253.25</ele></trkpt>
<trkpt lat="43.177730" lon="11.391885"><ele>250.75</ele></trkpt>
<trkpt lat="43.175757" lon="11.391997"><ele>260.0</ele></trkpt>
<trkpt lat="43.175678" lon="11.392010"><ele>260.0</ele></trkpt>
<trkpt lat="43.175605" lon="11.392029"><ele>260.0</ele></trkpt>
<trkpt lat="43.175458" lon="11.392097"><ele>261.5</ele></trkpt>
<trkpt lat="43.175126" lon="11.392335"><ele>265.5</ele></trkpt>
<trkpt lat="43.175054" lon="11.392376"><ele>266.0</ele></trkpt>
<trkpt lat="43.174867" lon="11.392443"><ele>267.0</ele></trkpt>
<trkpt lat="43.174706" lon="11.392470"><ele>268.0</ele></trkpt>
<trkpt lat="43.174593" lon="11.392471"><ele>268.75</ele></trkpt>
<trkpt lat="43.173802" lon="11.392308"><ele>274.0</ele></trkpt>
<trkpt lat="43.173628" lon="11.392364"><ele>276.25</ele></trkpt>
<trkpt lat="43.173748" lon="11.392889"><ele>276.5</ele></trkpt>
<trkpt lat="43.173820" lon="11.393273"><ele>275.5</ele></trkpt>
<trkpt lat="43.173883" lon="11.393801"><ele>273.25</ele></trkpt>
<trkpt lat="43.173910" lon="11.394238"><ele>270.5</ele></trkpt>
<trkpt lat="43.173912" lon="11.394341"><ele>270.0</ele></trkpt>
<trkpt lat="43.173857" lon="11.394663"><ele>268.5</ele></trkpt>
<trkpt lat="43.173794" lon="11.394695"><ele>268.5</ele></trkpt>
<trkpt lat="43.173724" lon="11.394712"><ele>268.5</ele></trkpt>
<trkpt lat="43.173672" lon="11.394719"><ele>268.75</ele></trkpt>
<trkpt lat="43.173645" lon="11.394682"><ele>269.0</ele></trkpt>
<trkpt lat="43.173580" lon="11.394611"><ele>270.0</ele></trkpt>
<trkpt lat="43.173526" lon="11.394569"><ele>270.5</ele></trkpt>
<trkpt lat="43.173448" lon="11.394534"><ele>271.5</ele></trkpt>
<trkpt lat="43.173379" lon="11.394527"><ele>272.25</ele></trkpt>
<trkpt lat="43.173292" lon="11.394545"><ele>273.25</ele></trkpt>
<trkpt lat="43.173215" lon="11.394581"><ele>274.0</ele></trkpt>
<trkpt lat="43.173161" lon="11.394622"><ele>274.5</ele></trkpt>
<trkpt lat="43.173133" lon="11.394654"><ele>274.75</ele></trkpt>
<trkpt lat="43.173099" lon="11.394699"><ele>275.25</ele></trkpt>
<trkpt lat="43.173033" lon="11.394860"><ele>275.5</ele></trkpt>
<trkpt lat="43.172798" lon="11.395689"><ele>279.25</ele></trkpt>
<trkpt lat="43.172740" lon="11.395883"><ele>280.75</ele></trkpt>
<trkpt lat="43.172673" lon="11.396031"><ele>282.0</ele></trkpt>
<trkpt lat="43.172605" lon="11.396125"><ele>282.75</ele></trkpt>
<trkpt lat="43.172519" lon="11.396205"><ele>283.25</ele></trkpt>
<trkpt lat="43.172444" lon="11.396251"><ele>283.75</ele></trkpt>
<trkpt lat="43.172395" lon="11.396272"><ele>284.0</ele></trkpt>
<trkpt lat="43.172303" lon="11.396292"><ele>284.75</ele></trkpt>
<trkpt lat="43.172204" lon="11.396284"><ele>285.0</ele></trkpt>
<trkpt lat="43.172088" lon="11.396243"><ele>284.25</ele></trkpt>
<trkpt lat="43.172045" lon="11.396212"><ele>284.0</ele></trkpt>
<trkpt lat="43.171967" lon="11.396140"><ele>283.75</ele></trkpt>
<trkpt lat="43.171904" lon="11.396053"><ele>284.25</ele></trkpt>
<trkpt lat="43.171864" lon="11.395976"><ele>285.0</ele></trkpt>
<trkpt lat="43.171844" lon="11.395922"><ele>285.5</ele></trkpt>
<trkpt lat="43.171805" lon="11.395778"><ele>287.0</ele></trkpt>
<trkpt lat="43.171772" lon="11.395625"><ele>288.5</ele></trkpt>
<trkpt lat="43.171753" lon="11.395536"><ele>289.25</ele></trkpt>
<trkpt lat="43.171687" lon="11.395218"><ele>290.0</ele></trkpt>
<trkpt lat="43.171672" lon="11.395129"><ele>290.0</ele></trkpt>
<trkpt lat="43.171585" lon="11.394661"><ele>290.0</ele></trkpt>
<trkpt lat="43.171301" lon="11.393187"><ele>294.5</ele></trkpt>
<trkpt lat="43.171251" lon="11.392975"><ele>294.75</ele></trkpt>
<trkpt lat="43.171176" lon="11.392764"><ele>294.25</ele></trkpt>
<trkpt lat="43.171108" lon="11.392621"><ele>294.0</ele></trkpt>
<trkpt lat="43.171042" lon="11.392507"><ele>294.0</ele></trkpt>
<trkpt lat="43.170968" lon="11.392394"><ele>294.0</ele></trkpt>
<trkpt lat="43.170905" lon="11.392312"><ele>293.5</ele></trkpt>
<trkpt lat="43.170801" lon="11.392206"><ele>293.0</ele></trkpt>
<trkpt lat="43.170723" lon="11.392154"><ele>293.0</ele></trkpt>
<trkpt lat="43.170642" lon="11.392131"><ele>293.0</ele></trkpt>
<trkpt lat="43.170423" lon="11.392105"><ele>293.25</ele></trkpt>
<trkpt lat="43.170340" lon="11.392099"><ele>293.25</ele></trkpt>
<trkpt lat="43.170190" lon="11.392125"><ele>292.75</ele></trkpt>
<trkpt lat="43.170070" lon="11.392157"><ele>292.5</ele></trkpt>
<trkpt lat="43.170011" lon="11.392169"><ele>292.25</ele></trkpt>
<trkpt lat="43.169962" lon="11.392162"><ele>292.0</ele></trkpt>
<trkpt lat="43.169908" lon="11.392123"><ele>292.0</ele></trkpt>
<trkpt lat="43.169779" lon="11.392000"><ele>291.5</ele></trkpt>
<trkpt lat="43.169742" lon="11.391966"><ele>291.0</ele></trkpt>
<trkpt lat="43.169695" lon="11.391926"><ele>290.75</ele></trkpt>
<trkpt lat="43.169467" lon="11.391741"><ele>289.75</ele></trkpt>
<trkpt lat="43.169368" lon="11.391668"><ele>289.0</ele></trkpt>
<trkpt lat="43.169203" lon="11.391556"><ele>288.0</ele></trkpt>
<trkpt lat="43.169050" lon="11.391437"><ele>287.0</ele></trkpt>
<trkpt lat="43.168917" lon="11.391338"><ele>285.5</ele></trkpt>
<trkpt lat="43.168846" lon="11.391274"><ele>284.75</ele></trkpt>
<trkpt lat="43.168806" lon="11.391222"><ele>284.5</ele></trkpt>
<trkpt lat="43.168780" lon="11.391185"><ele>284.5</ele></trkpt>
<trkpt lat="43.168718" lon="11.391172"><ele>283.75</ele></trkpt>
<trkpt lat="43.168667" lon="11.391150"><ele>283.25</ele></trkpt>
<trkpt lat="43.168654" lon="11.391191"><ele>283.0</ele></trkpt>
<trkpt lat="43.168576" lon="11.391425"><ele>281.5</ele></trkpt>
<trkpt lat="43.168502" lon="11.391605"><ele>280.5</ele></trkpt>
<trkpt lat="43.168476" lon="11.391692"><ele>280.25</ele></trkpt>
<trkpt lat="43.168300" lon="11.392465"><ele>274.0</ele></trkpt>
<trkpt lat="43.167859" lon="11.392301"><ele>273.5</ele></trkpt>
<trkpt lat="43.167784" lon="11.392285"><ele>273.5</ele></trkpt>
<trkpt lat="43.167712" lon="11.392217"><ele>273.5</ele></trkpt>
<trkpt lat="43.167621" lon="11.392167"><ele>273.0</ele></trkpt>
<trkpt lat="43.167452" lon="11.392101"><ele>271.5</ele></trkpt>
<trkpt lat="43.167323" lon="11.392014"><ele>270.0</ele></trkpt>
<trkpt lat="43.167258" lon="11.391951"><ele>269.25</ele></trkpt>
<trkpt lat="43.167093" lon="11.391724"><ele>267.0</ele></trkpt>
<trkpt lat="43.166827" lon="11.391371"><ele>264.0</ele></trkpt>
<trkpt lat="43.166784" lon="11.391331"><ele>263.5</ele></trkpt>
<trkpt lat="43.166450" lon="11.391076"><ele>264.5</ele></trkpt>
<trkpt lat="43.166282" lon="11.390944"><ele>267.25</ele></trkpt>
<trkpt lat="43.166215" lon="11.390804"><ele>269.5</ele></trkpt>
<trkpt lat="43.166201" lon="11.390748"><ele>270.0</ele></trkpt>
<trkpt lat="43.166203" lon="11.390714"><ele>270.25</ele></trkpt>
<trkpt lat="43.166196" lon="11.390682"><ele>270.5</ele></trkpt>
<trkpt lat="43.166165" lon="11.390631"><ele>271.0</ele></trkpt>
<trkpt lat="43.166143" lon="11.390618"><ele>271.25</ele></trkpt>
<trkpt lat="43.166120" lon="11.390614"><ele>271.5</ele></trkpt>
<trkpt lat="43.166077" lon="11.390632"><ele>271.5</ele></trkpt>
<trkpt lat="43.166047" lon="11.390679"><ele>271.25</ele></trkpt>
<trkpt lat="43.165932" lon="11.390753"><ele>271.25</ele></trkpt>
<trkpt lat="43.165856" lon="11.390801"><ele>271.25</ele></trkpt>
<trkpt lat="43.165319" lon="11.390972"><ele>271.75</ele></trkpt>
<trkpt lat="43.164828" lon="11.391092"><ele>272.75</ele></trkpt>
<trkpt lat="43.164737" lon="11.391117"><ele>272.75</ele></trkpt>
<trkpt lat="43.163003" lon="11.391553"><ele>279.5</ele></trkpt>
<trkpt lat="43.163019" lon="11.391483"><ele>279.5</ele></trkpt>
<trkpt lat="43.163063" lon="11.391365"><ele>280.0</ele></trkpt>
<trkpt lat="43.163137" lon="11.391197"><ele>280.0</ele></trkpt>
<trkpt lat="43.163140" lon="11.391170"><ele>280.0</ele></trkpt>
<trkpt lat="43.163118" lon="11.391117"><ele>280.0</ele></trkpt>
<trkpt lat="43.163088" lon="11.391090"><ele>280.0</ele></trkpt>
<trkpt lat="43.162832" lon="11.390931"><ele>280.0</ele></trkpt>
<trkpt lat="43.162625" lon="11.390775"><ele>280.0</ele></trkpt>
<trkpt lat="43.162416" lon="11.390577"><ele>280.25</ele></trkpt>
<trkpt lat="43.162325" lon="11.390474"><ele>280.25</ele></trkpt>
<trkpt lat="43.162194" lon="11.390304"><ele>280.0</ele></trkpt>
<trkpt lat="43.161974" lon="11.389975"><ele>279.25</ele></trkpt>
<trkpt lat="43.161899" lon="11.389881"><ele>279.0</ele></trkpt>
<trkpt lat="43.161726" lon="11.389706"><ele>279.25</ele></trkpt>
<trkpt lat="43.161700" lon="11.389671"><ele>279.5</ele></trkpt>
<trkpt lat="43.161668" lon="11.389615"><ele>279.75</ele></trkpt>
<trkpt lat="43.161644" lon="11.389548"><ele>280.25</ele></trkpt>
<trkpt lat="43.161623" lon="11.389436"><ele>281.0</ele></trkpt>
<trkpt lat="43.161622" lon="11.389384"><ele>281.25</ele></trkpt>
<trkpt lat="43.161643" lon="11.389242"><ele>282.0</ele></trkpt>
<trkpt lat="43.161699" lon="11.388949"><ele>284.5</ele></trkpt>
<trkpt lat="43.161568" lon="11.388273"><ele>296.5</ele></trkpt>
<trkpt lat="43.161487" lon="11.387797"><ele>302.0</ele></trkpt>
<trkpt lat="43.161446" lon="11.387609"><ele>303.5</ele></trkpt>
<trkpt lat="43.161422" lon="11.387535"><ele>304.5</ele></trkpt>
<trkpt lat="43.161407" lon="11.387498"><ele>305.0</ele></trkpt>
<trkpt lat="43.161357" lon="11.387415"><ele>305.0</ele></trkpt>
<trkpt lat="43.161266" lon="11.387324"><ele>304.5</ele></trkpt>
<trkpt lat="43.161207" lon="11.387297"><ele>304.5</ele></trkpt>
<trkpt lat="43.161122" lon="11.387279"><ele>305.0</ele></trkpt>
<trkpt lat="43.160985" lon="11.387294"><ele>305.25</ele></trkpt>
<trkpt lat="43.160843" lon="11.387330"><ele>306.25</ele></trkpt>
<trkpt lat="43.160597" lon="11.387424"><ele>309.25</ele></trkpt>
<trkpt lat="43.160465" lon="11.387471"><ele>308.25</ele></trkpt>
<trkpt lat="43.160310" lon="11.387565"><ele>306.25</ele></trkpt>
<trkpt lat="43.160241" lon="11.387619"><ele>305.25</ele></trkpt>
<trkpt lat="43.160165" lon="11.387705"><ele>304.25</ele></trkpt>
<trkpt lat="43.160053" lon="11.387860"><ele>302.25</ele></trkpt>
<trkpt lat="43.160038" lon="11.387883"><ele>301.75</ele></trkpt>
<trkpt lat="43.159971" lon="11.388022"><ele>300.75</ele></trkpt>
<trkpt lat="43.159956" lon="11.388070"><ele>300.5</ele></trkpt>
<trkpt lat="43.159926" lon="11.388073"><ele>300.5</ele></trkpt>
<trkpt lat="43.159897" lon="11.388087"><ele>300.25</ele></trkpt>
<trkpt lat="43.159873" lon="11.388110"><ele>300.0</ele></trkpt>
<trkpt lat="43.159854" lon="11.388142"><ele>300.0</ele></trkpt>
<trkpt lat="43.159827" lon="11.388134"><ele>299.75</ele></trkpt>
<trkpt lat="43.159731" lon="11.388117"><ele>299.75</ele></trkpt>
<trkpt lat="43.159461" lon="11.388149"><ele>299.75</ele></trkpt>
<trkpt lat="43.159155" lon="11.388203"><ele>299.75</ele></trkpt>
<trkpt lat="43.158938" lon="11.388261"><ele>296.75</ele></trkpt>
<trkpt lat="43.158866" lon="11.388268"><ele>295.75</ele></trkpt>
<trkpt lat="43.158832" lon="11.388261"><ele>295.25</ele></trkpt>
<trkpt lat="43.158762" lon="11.388231"><ele>294.0</ele></trkpt>
<trkpt lat="43.158617" lon="11.388141"><ele>291.25</ele></trkpt>
<trkpt lat="43.157743" lon="11.387516"><ele>290.0</ele></trkpt>
<trkpt lat="43.157715" lon="11.387488"><ele>290.0</ele></trkpt>
<trkpt lat="43.157660" lon="11.387405"><ele>290.5</ele></trkpt>
<trkpt lat="43.157522" lon="11.387098"><ele>290.75</ele></trkpt>
<trkpt lat="43.157399" lon="11.386884"><ele>290.5</ele></trkpt>
<trkpt lat="43.157329" lon="11.386785"><ele>290.5</ele></trkpt>
<trkpt lat="43.157223" lon="11.386664"><ele>290.75</ele></trkpt>
<trkpt lat="43.157090" lon="11.386553"><ele>289.25</ele></trkpt>
<trkpt lat="43.156871" lon="11.386422"><ele>288.0</ele></trkpt>
<trkpt lat="43.156761" lon="11.386374"><ele>287.75</ele></trkpt>
<trkpt lat="43.156710" lon="11.386360"><ele>287.5</ele></trkpt>
<trkpt lat="43.156575" lon="11.386353"><ele>287.0</ele></trkpt>
<trkpt lat="43.156448" lon="11.386370"><ele>286.75</ele></trkpt>
<trkpt lat="43.156284" lon="11.386407"><ele>286.0</ele></trkpt>
<trkpt lat="43.156066" lon="11.386428"><ele>284.0</ele></trkpt>
<trkpt lat="43.155652" lon="11.386403"><ele>279.25</ele></trkpt>
<trkpt lat="43.155381" lon="11.386384"><ele>277.75</ele></trkpt>
<trkpt lat="43.155148" lon="11.386368"><ele>277.25</ele></trkpt>
<trkpt lat="43.155055" lon="11.386347"><ele>276.75</ele></trkpt>
<trkpt lat="43.154973" lon="11.386312"><ele>275.75</ele></trkpt>
<trkpt lat="43.154902" lon="11.386254"><ele>274.0</ele></trkpt>
<trkpt lat="43.154835" lon="11.386124"><ele>270.5</ele></trkpt>
<trkpt lat="43.154792" lon="11.386059"><ele>268.75</ele></trkpt>
<trkpt lat="43.154725" lon="11.386015"><ele>267.5</ele></trkpt>
<trkpt lat="43.154638" lon="11.385988"><ele>266.75</ele></trkpt>
<trkpt lat="43.154517" lon="11.386004"><ele>267.25</ele></trkpt>
<trkpt lat="43.154340" lon="11.385980"><ele>267.0</ele></trkpt>
<trkpt lat="43.154232" lon="11.385934"><ele>266.25</ele></trkpt>
<trkpt lat="43.154131" lon="11.385866"><ele>265.0</ele></trkpt>
<trkpt lat="43.154057" lon="11.385753"><ele>263.0</ele></trkpt>
<trkpt lat="43.153827" lon="11.384997"><ele>250.5</ele></trkpt>
<trkpt lat="43.153780" lon="11.384880"><ele>250.0</ele></trkpt>
<trkpt lat="43.153705" lon="11.384805"><ele>249.75</ele></trkpt>
<trkpt lat="43.153199" lon="11.384640"><ele>244.25</ele></trkpt>
<trkpt lat="43.153137" lon="11.384572"><ele>242.5</ele></trkpt>
<trkpt lat="43.153110" lon="11.384482"><ele>241.0</ele></trkpt>
<trkpt lat="43.153091" lon="11.384334"><ele>239.0</ele></trkpt>
<trkpt lat="43.153065" lon="11.384255"><ele>238.0</ele></trkpt>
<trkpt lat="43.153015" lon="11.384192"><ele>236.75</ele></trkpt>
<trkpt lat="43.152927" lon="11.384161"><ele>235.5</ele></trkpt>
<trkpt lat="43.152848" lon="11.384174"><ele>234.75</ele></trkpt>
<trkpt lat="43.152179" lon="11.384628"><ele>225.5</ele></trkpt>
<trkpt lat="43.152137" lon="11.384657"><ele>225.0</ele></trkpt>
<trkpt lat="43.152048" lon="11.384700"><ele>223.75</ele></trkpt>
<trkpt lat="43.151984" lon="11.384717"><ele>222.75</ele></trkpt>
<trkpt lat="43.151922" lon="11.384708"><ele>221.5</ele></trkpt>
<trkpt lat="43.151879" lon="11.384685"><ele>221.0</ele></trkpt>
<trkpt lat="43.151829" lon="11.384658"><ele>220.25</ele></trkpt>
<trkpt lat="43.150699" lon="11.383810"><ele>207.5</ele></trkpt>
<trkpt lat="43.150480" lon="11.383680"><ele>205.0</ele></trkpt>
<trkpt lat="43.150206" lon="11.383620"><ele>202.25</ele></trkpt>
<trkpt lat="43.149680" lon="11.383490"><ele>194.75</ele></trkpt>
<trkpt lat="43.149343" lon="11.383343"><ele>190.0</ele></trkpt>
<trkpt lat="43.149233" lon="11.383270"><ele>190.0</ele></trkpt>
<trkpt lat="43.149167" lon="11.383193"><ele>190.0</ele></trkpt>
<trkpt lat="43.149112" lon="11.383089"><ele>190.25</ele></trkpt>
<trkpt lat="43.149053" lon="11.382939"><ele>190.0</ele></trkpt>
<trkpt lat="43.149026" lon="11.382822"><ele>190.0</ele></trkpt>
<trkpt lat="43.149023" lon="11.382759"><ele>189.75</ele></trkpt>
<trkpt lat="43.149033" lon="11.382651"><ele>189.75</ele></trkpt>
<trkpt lat="43.149056" lon="11.382463"><ele>189.5</ele></trkpt>
<trkpt lat="43.149084" lon="11.382281"><ele>189.75</ele></trkpt>
<trkpt lat="43.149106" lon="11.381925"><ele>191.0</ele></trkpt>
<trkpt lat="43.149105" lon="11.381592"><ele>193.25</ele></trkpt>
<trkpt lat="43.149094" lon="11.381482"><ele>194.0</ele></trkpt>
<trkpt lat="43.149071" lon="11.381361"><ele>194.75</ele></trkpt>
<trkpt lat="43.149053" lon="11.381296"><ele>195.25</ele></trkpt>
<trkpt lat="43.149005" lon="11.381194"><ele>196.5</ele></trkpt>
<trkpt lat="43.148190" lon="11.380894"><ele>199.25</ele></trkpt>
<trkpt lat="43.147260" lon="11.380584"><ele>197.75</ele></trkpt>
<trkpt lat="43.146927" lon="11.380457"><ele>197.75</ele></trkpt>
<trkpt lat="43.146728" lon="11.380398"><ele>197.0</ele></trkpt>
<trkpt lat="43.146590" lon="11.380376"><ele>196.75</ele></trkpt>
<trkpt lat="43.146293" lon="11.380353"><ele>196.0</ele></trkpt>
<trkpt lat="43.145641" lon="11.380282"><ele>196.75</ele></trkpt>
<trkpt lat="43.145470" lon="11.380246"><ele>196.5</ele></trkpt>
<trkpt lat="43.145274" lon="11.380167"><ele>196.25</ele></trkpt>
<trkpt lat="43.145133" lon="11.380066"><ele>196.0</ele></trkpt>
<trkpt lat="43.145035" lon="11.379974"><ele>196.0</ele></trkpt>
<trkpt lat="43.144753" lon="11.379596"><ele>190.5</ele></trkpt>
<trkpt lat="43.144653" lon="11.379476"><ele>190.5</ele></trkpt>
<trkpt lat="43.144525" lon="11.379338"><ele>193.25</ele></trkpt>
<trkpt lat="43.144346" lon="11.379189"><ele>196.25</ele></trkpt>
<trkpt lat="43.144226" lon="11.379113"><ele>197.0</ele></trkpt>
<trkpt lat="43.144006" lon="11.379039"><ele>197.75</ele></trkpt>
<trkpt lat="43.143811" lon="11.378995"><ele>198.0</ele></trkpt>
<trkpt lat="43.143631" lon="11.378989"><ele>196.75</ele></trkpt>
<trkpt lat="43.143259" lon="11.378819"><ele>198.0</ele></trkpt>
<trkpt lat="43.142767" lon="11.378532"><ele>196.75</ele></trkpt>
<trkpt lat="43.142263" lon="11.378179"><ele>198.5</ele></trkpt>
<trkpt lat="43.142074" lon="11.378094"><ele>197.5</ele></trkpt>
<trkpt lat="43.141935" lon="11.378043"><ele>196.25</ele></trkpt>
<trkpt lat="43.141696" lon="11.378036"><ele>194.0</ele></trkpt>
<trkpt lat="43.141465" lon="11.378048"><ele>192.25</ele></trkpt>
<trkpt lat="43.141318" lon="11.378080"><ele>192.75</ele></trkpt>
<trkpt lat="43.141183" lon="11.378094"><ele>195.0</ele></trkpt>
<trkpt lat="43.141113" lon="11.378046"><ele>197.0</ele></trkpt>
<trkpt lat="43.141076" lon="11.377955"><ele>199.5</ele></trkpt>
<trkpt lat="43.141072" lon="11.377834"><ele>201.25</ele></trkpt>
<trkpt lat="43.141083" lon="11.377612"><ele>202.75</ele></trkpt>
<trkpt lat="43.141067" lon="11.377483"><ele>204.5</ele></trkpt>
<trkpt lat="43.140994" lon="11.377293"><ele>210.0</ele></trkpt>
<trkpt lat="43.140939" lon="11.377102"><ele>214.5</ele></trkpt>
<trkpt lat="43.140939" lon="11.376986"><ele>215.0</ele></trkpt>
<trkpt lat="43.140958" lon="11.376914"><ele>214.75</ele></trkpt>
<trkpt lat="43.141009" lon="11.376817"><ele>214.0</ele></trkpt>
<trkpt lat="43.141014" lon="11.376759"><ele>214.25</ele></trkpt>
<trkpt lat="43.141006" lon="11.376685"><ele>215.25</ele></trkpt>
<trkpt lat="43.140974" lon="11.376619"><ele>216.25</ele></trkpt>
<trkpt lat="43.140793" lon="11.376314"><ele>222.0</ele></trkpt>
<trkpt lat="43.140710" lon="11.376188"><ele>224.25</ele></trkpt>
<trkpt lat="43.140622" lon="11.376109"><ele>227.0</ele></trkpt>
<trkpt lat="43.140543" lon="11.376073"><ele>228.75</ele></trkpt>
<trkpt lat="43.140505" lon="11.376083"><ele>229.75</ele></trkpt>
<trkpt lat="43.140420" lon="11.376141"><ele>232.25</ele></trkpt>
<trkpt lat="43.140372" lon="11.376219"><ele>233.75</ele></trkpt>
<trkpt lat="43.140347" lon="11.376310"><ele>234.5</ele></trkpt>
<trkpt lat="43.140315" lon="11.376513"><ele>236.25</ele></trkpt>
<trkpt lat="43.140322" lon="11.376627"><ele>236.5</ele></trkpt>
<trkpt lat="43.140315" lon="11.376739"><ele>236.5</ele></trkpt>
<trkpt lat="43.140297" lon="11.376797"><ele>236.5</ele></trkpt>
<trkpt lat="43.140261" lon="11.376833"><ele>236.75</ele></trkpt>
<trkpt lat="43.140221" lon="11.376850"><ele>236.75</ele></trkpt>
<trkpt lat="43.140168" lon="11.376842"><ele>237.25</ele></trkpt>
<trkpt lat="43.140054" lon="11.376725"><ele>239.0</ele></trkpt>
<trkpt lat="43.139933" lon="11.376475"><ele>242.25</ele></trkpt>
<trkpt lat="43.139833" lon="11.376367"><ele>245.0</ele></trkpt>
<trkpt lat="43.139673" lon="11.376255"><ele>249.0</ele></trkpt>
<trkpt lat="43.139540" lon="11.376199"><ele>252.0</ele></trkpt>
<trkpt lat="43.139436" lon="11.376171"><ele>254.25</ele></trkpt>
<trkpt lat="43.139110" lon="11.376227"><ele>262.75</ele></trkpt>
<trkpt lat="43.138882" lon="11.376292"><ele>269.0</ele></trkpt>
<trkpt lat="43.138664" lon="11.376419"><ele>270.25</ele></trkpt>
<trkpt lat="43.138570" lon="11.376439"><ele>271.0</ele></trkpt>
<trkpt lat="43.138474" lon="11.376435"><ele>271.5</ele></trkpt>
<trkpt lat="43.138390" lon="11.376396"><ele>272.5</ele></trkpt>
<trkpt lat="43.138299" lon="11.376338"><ele>273.75</ele></trkpt>
<trkpt lat="43.138254" lon="11.376278"><ele>274.5</ele></trkpt>
<trkpt lat="43.138181" lon="11.376215"><ele>275.25</ele></trkpt>
<trkpt lat="43.138141" lon="11.376160"><ele>275.75</ele></trkpt>
<trkpt lat="43.138112" lon="11.376104"><ele>276.5</ele></trkpt>
<trkpt lat="43.138106" lon="11.376045"><ele>277.25</ele></trkpt>
<trkpt lat="43.138114" lon="11.375992"><ele>278.25</ele></trkpt>
<trkpt lat="43.138135" lon="11.375938"><ele>279.0</ele></trkpt>
<trkpt lat="43.138553" lon="11.375430"><ele>285.75</ele></trkpt>
<trkpt lat="43.138585" lon="11.375371"><ele>286.25</ele></trkpt>
<trkpt lat="43.138591" lon="11.375301"><ele>286.75</ele></trkpt>
<trkpt lat="43.138586" lon="11.375217"><ele>287.25</ele></trkpt>
<trkpt lat="43.138554" lon="11.375084"><ele>288.5</ele></trkpt>
<trkpt lat="43.138459" lon="11.374883"><ele>289.5</ele></trkpt>
<trkpt lat="43.138415" lon="11.374682"><ele>289.5</ele></trkpt>
<trkpt lat="43.138383" lon="11.374401"><ele>289.75</ele></trkpt>
<trkpt lat="43.138370" lon="11.374237"><ele>292.5</ele></trkpt>
<trkpt lat="43.138370" lon="11.374235"><ele>290.75</ele></trkpt>
<trkpt lat="43.138350" lon="11.373975"><ele>292.5</ele></trkpt>
<trkpt lat="43.138329" lon="11.373775"><ele>294.75</ele></trkpt>
<trkpt lat="43.138295" lon="11.373619"><ele>296.25</ele></trkpt>
<trkpt lat="43.138251" lon="11.373501"><ele>298.5</ele></trkpt>
<trkpt lat="43.138161" lon="11.373328"><ele>301.75</ele></trkpt>
<trkpt lat="43.137951" lon="11.373044"><ele>306.75</ele></trkpt>
<trkpt lat="43.137892" lon="11.372998"><ele>308.0</ele></trkpt>
<trkpt lat="43.137801" lon="11.372957"><ele>309.5</ele></trkpt>
<trkpt lat="43.137541" lon="11.372867"><ele>309.0</ele></trkpt>
<trkpt lat="43.137483" lon="11.372821"><ele>308.75</ele></trkpt>
<trkpt lat="43.137438" lon="11.372750"><ele>308.0</ele></trkpt>
<trkpt lat="43.137399" lon="11.372659"><ele>307.5</ele></trkpt>
<trkpt lat="43.137364" lon="11.372552"><ele>307.0</ele></trkpt>
<trkpt lat="43.137324" lon="11.372390"><ele>306.5</ele></trkpt>
<trkpt lat="43.137275" lon="11.372242"><ele>306.0</ele></trkpt>
<trkpt lat="43.137164" lon="11.372014"><ele>303.75</ele></trkpt>
<trkpt lat="43.137115" lon="11.371887"><ele>302.75</ele></trkpt>
<trkpt lat="43.137068" lon="11.371728"><ele>301.0</ele></trkpt>
<trkpt lat="43.137002" lon="11.371462"><ele>299.75</ele></trkpt>
<trkpt lat="43.136942" lon="11.371132"><ele>299.75</ele></trkpt>
<trkpt lat="43.136932" lon="11.371080"><ele>300.0</ele></trkpt>
<trkpt lat="43.136902" lon="11.370885"><ele>301.0</ele></trkpt>
<trkpt lat="43.136858" lon="11.370752"><ele>301.0</ele></trkpt>
<trkpt lat="43.136839" lon="11.370644"><ele>301.0</ele></trkpt>
<trkpt lat="43.136834" lon="11.370619"><ele>301.0</ele></trkpt>
<trkpt lat="43.136832" lon="11.370518"><ele>301.25</ele></trkpt>
<trkpt lat="43.136871" lon="11.370271"><ele>301.5</ele></trkpt>
<trkpt lat="43.136879" lon="11.370223"><ele>301.25</ele></trkpt>
<trkpt lat="43.136891" lon="11.370058"><ele>300.5</ele></trkpt>
<trkpt lat="43.136904" lon="11.369988"><ele>300.25</ele></trkpt>
<trkpt lat="43.136925" lon="11.369938"><ele>300.0</ele></trkpt>
<trkpt lat="43.137112" lon="11.369702"><ele>298.75</ele></trkpt>
<trkpt lat="43.137326" lon="11.369420"><ele>298.0</ele></trkpt>
<trkpt lat="43.137368" lon="11.369393"><ele>298.25</ele></trkpt>
<trkpt lat="43.137423" lon="11.369375"><ele>298.75</ele></trkpt>
<trkpt lat="43.137456" lon="11.369377"><ele>299.25</ele></trkpt>
<trkpt lat="43.137872" lon="11.369578"><ele>306.25</ele></trkpt>
<trkpt lat="43.137959" lon="11.369601"><ele>307.25</ele></trkpt>
<trkpt lat="43.138050" lon="11.369600"><ele>307.75</ele></trkpt>
<trkpt lat="43.138256" lon="11.369576"><ele>307.25</ele></trkpt>
<trkpt lat="43.138551" lon="11.369558"><ele>309.25</ele></trkpt>
<trkpt lat="43.138609" lon="11.369571"><ele>310.25</ele></trkpt>
<trkpt lat="43.138662" lon="11.369592"><ele>310.75</ele></trkpt>
<trkpt lat="43.138743" lon="11.369647"><ele>311.5</ele></trkpt>
<trkpt lat="43.138805" lon="11.369716"><ele>312.5</ele></trkpt>
<trkpt lat="43.139006" lon="11.370010"><ele>313.75</ele></trkpt>
<trkpt lat="43.139119" lon="11.370224"><ele>311.75</ele></trkpt>
<trkpt lat="43.139193" lon="11.370299"><ele>310.75</ele></trkpt>
<trkpt lat="43.139284" lon="11.370343"><ele>310.25</ele></trkpt>
<trkpt lat="43.139332" lon="11.370349"><ele>310.0</ele></trkpt>
<trkpt lat="43.139396" lon="11.370334"><ele>309.5</ele></trkpt>
<trkpt lat="43.139448" lon="11.370312"><ele>309.0</ele></trkpt>
<trkpt lat="43.139508" lon="11.370262"><ele>307.75</ele></trkpt>
<trkpt lat="43.139594" lon="11.370159"><ele>305.5</ele></trkpt>
<trkpt lat="43.139667" lon="11.370054"><ele>303.25</ele></trkpt>
<trkpt lat="43.139728" lon="11.369930"><ele>301.25</ele></trkpt>
<trkpt lat="43.139787" lon="11.369748"><ele>299.0</ele></trkpt>
<trkpt lat="43.139827" lon="11.369507"><ele>297.5</ele></trkpt>
<trkpt lat="43.139854" lon="11.369323"><ele>296.5</ele></trkpt>
<trkpt lat="43.139913" lon="11.369046"><ele>297.25</ele></trkpt>
<trkpt lat="43.139956" lon="11.369019"><ele>298.0</ele></trkpt>
<trkpt lat="43.140043" lon="11.368913"><ele>299.25</ele></trkpt>
<trkpt lat="43.140093" lon="11.368813"><ele>300.0</ele></trkpt>
<trkpt lat="43.140129" lon="11.368695"><ele>301.25</ele></trkpt>
<trkpt lat="43.140179" lon="11.368617"><ele>302.5</ele></trkpt>
<trkpt lat="43.140267" lon="11.368517"><ele>304.5</ele></trkpt>
<trkpt lat="43.140492" lon="11.368344"><ele>307.0</ele></trkpt>
<trkpt lat="43.140597" lon="11.368228"><ele>308.25</ele></trkpt>
<trkpt lat="43.140751" lon="11.368026"><ele>311.0</ele></trkpt>
<trkpt lat="43.140781" lon="11.367929"><ele>312.0</ele></trkpt>
<trkpt lat="43.140791" lon="11.367850"><ele>312.75</ele></trkpt>
<trkpt lat="43.140787" lon="11.367752"><ele>314.0</ele></trkpt>
<trkpt lat="43.140767" lon="11.367585"><ele>316.5</ele></trkpt>
<trkpt lat="43.140772" lon="11.367415"><ele>318.25</ele></trkpt>
<trkpt lat="43.140809" lon="11.367314"><ele>319.0</ele></trkpt>
<trkpt lat="43.140876" lon="11.367172"><ele>320.75</ele></trkpt>
<trkpt lat="43.140946" lon="11.367122"><ele>321.75</ele></trkpt>
<trkpt lat="43.141048" lon="11.367100"><ele>322.75</ele></trkpt>
<trkpt lat="43.141252" lon="11.367110"><ele>323.5</ele></trkpt>
<trkpt lat="43.141401" lon="11.367086"><ele>324.25</ele></trkpt>
<trkpt lat="43.141526" lon="11.367018"><ele>325.5</ele></trkpt>
<trkpt lat="43.141724" lon="11.366827"><ele>327.75</ele></trkpt>
<trkpt lat="43.141869" lon="11.366698"><ele>329.25</ele></trkpt>
<trkpt lat="43.141951" lon="11.366596"><ele>329.75</ele></trkpt>
<trkpt lat="43.142059" lon="11.366372"><ele>328.75</ele></trkpt>
<trkpt lat="43.142093" lon="11.366244"><ele>329.0</ele></trkpt>
<trkpt lat="43.142100" lon="11.366144"><ele>329.75</ele></trkpt>
<trkpt lat="43.142109" lon="11.366065"><ele>330.25</ele></trkpt>
<trkpt lat="43.142130" lon="11.365964"><ele>331.0</ele></trkpt>
<trkpt lat="43.142162" lon="11.365870"><ele>332.5</ele></trkpt>
<trkpt lat="43.142219" lon="11.365808"><ele>334.0</ele></trkpt>
<trkpt lat="43.142290" lon="11.365780"><ele>334.5</ele></trkpt>
<trkpt lat="43.142422" lon="11.365766"><ele>335.0</ele></trkpt>
<trkpt lat="43.142518" lon="11.365769"><ele>335.25</ele></trkpt>
<trkpt lat="43.142690" lon="11.365797"><ele>337.0</ele></trkpt>
<trkpt lat="43.142779" lon="11.365830"><ele>337.0</ele></trkpt>
<trkpt lat="43.142913" lon="11.365929"><ele>337.75</ele></trkpt>
<trkpt lat="43.143186" lon="11.366052"><ele>341.75</ele></trkpt>
<trkpt lat="43.143386" lon="11.366132"><ele>344.5</ele></trkpt>
<trkpt lat="43.143737" lon="11.366078"><ele>347.5</ele></trkpt>
<trkpt lat="43.144248" lon="11.366074"><ele>347.75</ele></trkpt>
<trkpt lat="43.144722" lon="11.365979"><ele>351.75</ele></trkpt>
<trkpt lat="43.144979" lon="11.365987"><ele>352.5</ele></trkpt>
<trkpt lat="43.145167" lon="11.365954"><ele>353.25</ele></trkpt>
<trkpt lat="43.145495" lon="11.365795"><ele>353.0</ele></trkpt>
<trkpt lat="43.145655" lon="11.365660"><ele>351.5</ele></trkpt>
<trkpt lat="43.145868" lon="11.365262"><ele>348.25</ele></trkpt>
<trkpt lat="43.146147" lon="11.364845"><ele>346.5</ele></trkpt>
<trkpt lat="43.146292" lon="11.364644"><ele>346.0</ele></trkpt>
<trkpt lat="43.146413" lon="11.364518"><ele>344.75</ele></trkpt>
<trkpt lat="43.146665" lon="11.364299"><ele>340.5</ele></trkpt>
<trkpt lat="43.147168" lon="11.363992"><ele>339.0</ele></trkpt>
<trkpt lat="43.147299" lon="11.363887"><ele>341.25</ele></trkpt>
<trkpt lat="43.147389" lon="11.363753"><ele>342.0</ele></trkpt>
<trkpt lat="43.147484" lon="11.363542"><ele>342.5</ele></trkpt>
<trkpt lat="43.147616" lon="11.363431"><ele>342.25</ele></trkpt>
<trkpt lat="43.147766" lon="11.363366"><ele>342.25</ele></trkpt>
<trkpt lat="43.148007" lon="11.363314"><ele>342.0</ele></trkpt>
<trkpt lat="43.148337" lon="11.363333"><ele>341.75</ele></trkpt>
<trkpt lat="43.148783" lon="11.363519"><ele>340.0</ele></trkpt>
<trkpt lat="43.148930" lon="11.363495"><ele>337.75</ele></trkpt>
<trkpt lat="43.149147" lon="11.363425"><ele>337.5</ele></trkpt>
<trkpt lat="43.149337" lon="11.363205"><ele>335.0</ele></trkpt>
<trkpt lat="43.149433" lon="11.362941"><ele>332.25</ele></trkpt>
<trkpt lat="43.149412" lon="11.362692"><ele>330.0</ele></trkpt>
<trkpt lat="43.149415" lon="11.362308"><ele>330.0</ele></trkpt>
<trkpt lat="43.149429" lon="11.361924"><ele>329.75</ele></trkpt>
<trkpt lat="43.149429" lon="11.361624"><ele>329.5</ele></trkpt>
<trkpt lat="43.149442" lon="11.361360"><ele>327.5</ele></trkpt>
<trkpt lat="43.149571" lon="11.361030"><ele>322.75</ele></trkpt>
<trkpt lat="43.149708" lon="11.360561"><ele>319.75</ele></trkpt>
<trkpt lat="43.149846" lon="11.359858"><ele>321.0</ele></trkpt>
<trkpt lat="43.149889" lon="11.359349"><ele>321.0</ele></trkpt>
<trkpt lat="43.149946" lon="11.359163"><ele>323.5</ele></trkpt>
<trkpt lat="43.150009" lon="11.358905"><ele>328.5</ele></trkpt>
<trkpt lat="43.150075" lon="11.358719"><ele>329.25</ele></trkpt>
<trkpt lat="43.150192" lon="11.358623"><ele>329.75</ele></trkpt>
<trkpt lat="43.150786" lon="11.358565"><ele>326.0</ele></trkpt>
<trkpt lat="43.151368" lon="11.358521"><ele>328.25</ele></trkpt>
<trkpt lat="43.151720" lon="11.358360"><ele>330.0</ele></trkpt>
<trkpt lat="43.151980" lon="11.358100"><ele>332.75</ele></trkpt>
<trkpt lat="43.152221" lon="11.357814"><ele>336.5</ele></trkpt>
<trkpt lat="43.152320" lon="11.357630"><ele>337.5</ele></trkpt>
<trkpt lat="43.152401" lon="11.357305"><ele>337.5</ele></trkpt>
<trkpt lat="43.152530" lon="11.357004"><ele>337.0</ele></trkpt>
<trkpt lat="43.152860" lon="11.356710"><ele>336.5</ele></trkpt>
<trkpt lat="43.153270" lon="11.356260"><ele>324.75</ele></trkpt>
<trkpt lat="43.153582" lon="11.355673"><ele>322.75</ele></trkpt>
<trkpt lat="43.153761" lon="11.355213"><ele>324.75</ele></trkpt>
<trkpt lat="43.154064" lon="11.354959"><ele>324.5</ele></trkpt>
<trkpt lat="43.154330" lon="11.354631"><ele>324.25</ele></trkpt>
<trkpt lat="43.154559" lon="11.354465"><ele>323.5</ele></trkpt>
<trkpt lat="43.154691" lon="11.354453"><ele>322.25</ele></trkpt>
<trkpt lat="43.155160" lon="11.354350"><ele>322.5</ele></trkpt>
<trkpt lat="43.155581" lon="11.354605"><ele>327.25</ele></trkpt>
<trkpt lat="43.155800" lon="11.354610"><ele>327.5</ele></trkpt>
<trkpt lat="43.155970" lon="11.354580"><ele>329.0</ele></trkpt>
<trkpt lat="43.156112" lon="11.354653"><ele>329.0</ele></trkpt>
<trkpt lat="43.156184" lon="11.354747"><ele>328.25</ele></trkpt>
<trkpt lat="43.156314" lon="11.354857"><ele>327.5</ele></trkpt>
<trkpt lat="43.156440" lon="11.354914"><ele>326.5</ele></trkpt>
<trkpt lat="43.156598" lon="11.354909"><ele>326.25</ele></trkpt>
<trkpt lat="43.156850" lon="11.354690"><ele>328.25</ele></trkpt>
<trkpt lat="43.156990" lon="11.354692"><ele>327.5</ele></trkpt>
<trkpt lat="43.157189" lon="11.354763"><ele>326.25</ele></trkpt>
<trkpt lat="43.157392" lon="11.354806"><ele>327.25</ele></trkpt>
<trkpt lat="43.157547" lon="11.354806"><ele>328.75</ele></trkpt>
<trkpt lat="43.157656" lon="11.354759"><ele>331.0</ele></trkpt>
<trkpt lat="43.157755" lon="11.354637"><ele>334.25</ele></trkpt>
<trkpt lat="43.157894" lon="11.354426"><ele>338.5</ele></trkpt>
<trkpt lat="43.157946" lon="11.354405"><ele>339.0</ele></trkpt>
<trkpt lat="43.158015" lon="11.354378"><ele>339.75</ele></trkpt>
<trkpt lat="43.158099" lon="11.354435"><ele>339.25</ele></trkpt>
<trkpt lat="43.158233" lon="11.354564"><ele>338.75</ele></trkpt>
<trkpt lat="43.158450" lon="11.354610"><ele>340.5</ele></trkpt>
<trkpt lat="43.158731" lon="11.354564"><ele>343.5</ele></trkpt>
<trkpt lat="43.159077" lon="11.354448"><ele>348.5</ele></trkpt>
<trkpt lat="43.159151" lon="11.354261"><ele>351.0</ele></trkpt>
<trkpt lat="43.159230" lon="11.354176"><ele>352.25</ele></trkpt>
<trkpt lat="43.159508" lon="11.354151"><ele>355.25</ele></trkpt>
<trkpt lat="43.159762" lon="11.353827"><ele>362.25</ele></trkpt>
<trkpt lat="43.159909" lon="11.353791"><ele>365.0</ele></trkpt>
<trkpt lat="43.160173" lon="11.353898"><ele>367.25</ele></trkpt>
<trkpt lat="43.160440" lon="11.353910"><ele>369.75</ele></trkpt>
<trkpt lat="43.160903" lon="11.353992"><ele>375.75</ele></trkpt>
<trkpt lat="43.161188" lon="11.353900"><ele>381.25</ele></trkpt>
<trkpt lat="43.161510" lon="11.353550"><ele>388.5</ele></trkpt>
<trkpt lat="43.161850" lon="11.352910"><ele>398.5</ele></trkpt>
<trkpt lat="43.162005" lon="11.352689"><ele>400.75</ele></trkpt>
<trkpt lat="43.162266" lon="11.352610"><ele>400.75</ele></trkpt>
<trkpt lat="43.162470" lon="11.352180"><ele>399.75</ele></trkpt>
<trkpt lat="43.162662" lon="11.351852"><ele>399.0</ele></trkpt>
<trkpt lat="43.162736" lon="11.351801"><ele>399.5</ele></trkpt>
<trkpt lat="43.163178" lon="11.351360"><ele>401.25</ele></trkpt>
<trkpt lat="43.163605" lon="11.351029"><ele>408.75</ele></trkpt>
<trkpt lat="43.163874" lon="11.350941"><ele>409.75</ele></trkpt>
<trkpt lat="43.164123" lon="11.350783"><ele>414.5</ele></trkpt>
<trkpt lat="43.164424" lon="11.350321"><ele>423.0</ele></trkpt>
<trkpt lat="43.164574" lon="11.350018"><ele>428.0</ele></trkpt>
<trkpt lat="43.164613" lon="11.349913"><ele>429.5</ele></trkpt>
<trkpt lat="43.164636" lon="11.349793"><ele>430.75</ele></trkpt>
<trkpt lat="43.164644" lon="11.349648"><ele>432.25</ele></trkpt>
<trkpt lat="43.164646" lon="11.349330"><ele>436.75</ele></trkpt>
<trkpt lat="43.164659" lon="11.349266"><ele>438.0</ele></trkpt>
<trkpt lat="43.164680" lon="11.349222"><ele>438.75</ele></trkpt>
<trkpt lat="43.164715" lon="11.349176"><ele>439.75</ele></trkpt>
<trkpt lat="43.164766" lon="11.349126"><ele>440.5</ele></trkpt>
<trkpt lat="43.164876" lon="11.349041"><ele>441.25</ele></trkpt>
<trkpt lat="43.165089" lon="11.348950"><ele>443.25</ele></trkpt>
<trkpt lat="43.165494" lon="11.348797"><ele>446.75</ele></trkpt>
<trkpt lat="43.165932" lon="11.348708"><ele>451.0</ele></trkpt>
<trkpt lat="43.166134" lon="11.348648"><ele>452.25</ele></trkpt>
<trkpt lat="43.166606" lon="11.348949"><ele>450.25</ele></trkpt>
<trkpt lat="43.166940" lon="11.348920"><ele>451.75</ele></trkpt>
<trkpt lat="43.167148" lon="11.348873"><ele>455.5</ele></trkpt>
<trkpt lat="43.167338" lon="11.348672"><ele>457.25</ele></trkpt>
<trkpt lat="43.167465" lon="11.348578"><ele>459.0</ele></trkpt>
<trkpt lat="43.167572" lon="11.348511"><ele>459.0</ele></trkpt>
<trkpt lat="43.168037" lon="11.348374"><ele>460.75</ele></trkpt>
<trkpt lat="43.168233" lon="11.348306"><ele>461.75</ele></trkpt>
<trkpt lat="43.168570" lon="11.348280"><ele>464.25</ele></trkpt>
<trkpt lat="43.168780" lon="11.348300"><ele>465.0</ele></trkpt>
<trkpt lat="43.168984" lon="11.348309"><ele>465.25</ele></trkpt>
<trkpt lat="43.169272" lon="11.348070"><ele>467.5</ele></trkpt>
<trkpt lat="43.169423" lon="11.348018"><ele>466.75</ele></trkpt>
<trkpt lat="43.170437" lon="11.347716"><ele>467.25</ele></trkpt>
<trkpt lat="43.171055" lon="11.347931"><ele>464.0</ele></trkpt>
<trkpt lat="43.171213" lon="11.348066"><ele>463.75</ele></trkpt>
<trkpt lat="43.171362" lon="11.348397"><ele>466.75</ele></trkpt>
<trkpt lat="43.171550" lon="11.348620"><ele>468.75</ele></trkpt>
<trkpt lat="43.172000" lon="11.348750"><ele>472.0</ele></trkpt>
<trkpt lat="43.172138" lon="11.348691"><ele>472.25</ele></trkpt>
<trkpt lat="43.172079" lon="11.348512"><ele>474.0</ele></trkpt>
<trkpt lat="43.172064" lon="11.348325"><ele>476.0</ele></trkpt>
<trkpt lat="43.172182" lon="11.348050"><ele>476.25</ele></trkpt>
<trkpt lat="43.172284" lon="11.347500"><ele>478.75</ele></trkpt>
<trkpt lat="43.172429" lon="11.346895"><ele>483.0</ele></trkpt>
<trkpt lat="43.172537" lon="11.346594"><ele>486.0</ele></trkpt>
<trkpt lat="43.172580" lon="11.346390"><ele>486.75</ele></trkpt>
<trkpt lat="43.172560" lon="11.346090"><ele>487.25</ele></trkpt>
<trkpt lat="43.172345" lon="11.345302"><ele>489.75</ele></trkpt>
<trkpt lat="43.172432" lon="11.344963"><ele>489.75</ele></trkpt>
<trkpt lat="43.172485" lon="11.344712"><ele>490.25</ele></trkpt>
<trkpt lat="43.172451" lon="11.344397"><ele>492.0</ele></trkpt>
<trkpt lat="43.172456" lon="11.344157"><ele>492.0</ele></trkpt>
<trkpt lat="43.172666" lon="11.343690"><ele>488.25</ele></trkpt>
<trkpt lat="43.172770" lon="11.343320"><ele>488.0</ele></trkpt>
<trkpt lat="43.172943" lon="11.342580"><ele>485.25</ele></trkpt>
<trkpt lat="43.172988" lon="11.341958"><ele>481.75</ele></trkpt>
<trkpt lat="43.173143" lon="11.341524"><ele>481.5</ele></trkpt>
<trkpt lat="43.173245" lon="11.341408"><ele>483.0</ele></trkpt>
<trkpt lat="43.173337" lon="11.341284"><ele>483.0</ele></trkpt>
<trkpt lat="43.173610" lon="11.340790"><ele>480.0</ele></trkpt>
<trkpt lat="43.173780" lon="11.340570"><ele>481.0</ele></trkpt>
<trkpt lat="43.173930" lon="11.340290"><ele>483.75</ele></trkpt>
<trkpt lat="43.174020" lon="11.340140"><ele>484.75</ele></trkpt>
<trkpt lat="43.174295" lon="11.339796"><ele>486.75</ele></trkpt>
<trkpt lat="43.174368" lon="11.339559"><ele>487.25</ele></trkpt>
<trkpt lat="43.174490" lon="11.339390"><ele>488.5</ele></trkpt>
<trkpt lat="43.174800" lon="11.339114"><ele>490.0</ele></trkpt>
<trkpt lat="43.174959" lon="11.338912"><ele>490.0</ele></trkpt>
<trkpt lat="43.175054" lon="11.338723"><ele>490.0</ele></trkpt>
<trkpt lat="43.175719" lon="11.338340"><ele>492.75</ele></trkpt>
<trkpt lat="43.175936" lon="11.338050"><ele>491.75</ele></trkpt>
<trkpt lat="43.176147" lon="11.337691"><ele>490.25</ele></trkpt>
<trkpt lat="43.176403" lon="11.337408"><ele>489.5</ele></trkpt>
<trkpt lat="43.176466" lon="11.337203"><ele>489.0</ele></trkpt>
<trkpt lat="43.176810" lon="11.336770"><ele>488.0</ele></trkpt>
<trkpt lat="43.177022" lon="11.336353"><ele>487.5</ele></trkpt>
<trkpt lat="43.177283" lon="11.336291"><ele>484.75</ele></trkpt>
<trkpt lat="43.177435" lon="11.336227"><ele>483.25</ele></trkpt>
<trkpt lat="43.177525" lon="11.336091"><ele>482.5</ele></trkpt>
<trkpt lat="43.177596" lon="11.335881"><ele>481.25</ele></trkpt>
<trkpt lat="43.177820" lon="11.335652"><ele>480.0</ele></trkpt>
<trkpt lat="43.177943" lon="11.335590"><ele>480.0</ele></trkpt>
<trkpt lat="43.178212" lon="11.335369"><ele>480.0</ele></trkpt>
<trkpt lat="43.178312" lon="11.335174"><ele>479.75</ele></trkpt>
<trkpt lat="43.178314" lon="11.334922"><ele>479.75</ele></trkpt>
<trkpt lat="43.178257" lon="11.334678"><ele>479.5</ele></trkpt>
<trkpt lat="43.178050" lon="11.334278"><ele>477.0</ele></trkpt>
<trkpt lat="43.178034" lon="11.334235"><ele>476.75</ele></trkpt>
<trkpt lat="43.177953" lon="11.333903"><ele>474.75</ele></trkpt>
<trkpt lat="43.177945" lon="11.333856"><ele>474.5</ele></trkpt>
<trkpt lat="43.177944" lon="11.333798"><ele>474.75</ele></trkpt>
<trkpt lat="43.177966" lon="11.333525"><ele>475.25</ele></trkpt>
<trkpt lat="43.177965" lon="11.333373"><ele>474.0</ele></trkpt>
<trkpt lat="43.177947" lon="11.333092"><ele>471.75</ele></trkpt>
<trkpt lat="43.177961" lon="11.332878"><ele>471.0</ele></trkpt>
<trkpt lat="43.178027" lon="11.332462"><ele>470.25</ele></trkpt>
<trkpt lat="43.178090" lon="11.332180"><ele>470.75</ele></trkpt>
<trkpt lat="43.178163" lon="11.331934"><ele>469.25</ele></trkpt>
<trkpt lat="43.178021" lon="11.331664"><ele>470.25</ele></trkpt>
<trkpt lat="43.177863" lon="11.331345"><ele>470.0</ele></trkpt>
<trkpt lat="43.177806" lon="11.331207"><ele>468.75</ele></trkpt>
<trkpt lat="43.177752" lon="11.331043"><ele>467.25</ele></trkpt>
<trkpt lat="43.177706" lon="11.330856"><ele>465.75</ele></trkpt>
<trkpt lat="43.177675" lon="11.330663"><ele>466.0</ele></trkpt>
<trkpt lat="43.177658" lon="11.330487"><ele>466.25</ele></trkpt>
<trkpt lat="43.177656" lon="11.330405"><ele>466.0</ele></trkpt>
<trkpt lat="43.177658" lon="11.330191"><ele>465.25</ele></trkpt>
<trkpt lat="43.177693" lon="11.329357"><ele>462.5</ele></trkpt>
<trkpt lat="43.177707" lon="11.328545"><ele>455.0</ele></trkpt>
<trkpt lat="43.177728" lon="11.328241"><ele>455.75</ele></trkpt>
<trkpt lat="43.177768" lon="11.327865"><ele>456.0</ele></trkpt>
<trkpt lat="43.177804" lon="11.327631"><ele>454.5</ele></trkpt>
<trkpt lat="43.177836" lon="11.327493"><ele>453.0</ele></trkpt>
<trkpt lat="43.177931" lon="11.327201"><ele>449.5</ele></trkpt>
<trkpt lat="43.178150" lon="11.326579"><ele>446.0</ele></trkpt>
<trkpt lat="43.178200" lon="11.326462"><ele>445.25</ele></trkpt>
<trkpt lat="43.178368" lon="11.326129"><ele>443.25</ele></trkpt>
<trkpt lat="43.178406" lon="11.326027"><ele>443.0</ele></trkpt>
<trkpt lat="43.178415" lon="11.325994"><ele>442.75</ele></trkpt>
<trkpt lat="43.178440" lon="11.325960"><ele>442.5</ele></trkpt>
<trkpt lat="43.178467" lon="11.325914"><ele>442.25</ele></trkpt>
<trkpt lat="43.178511" lon="11.325824"><ele>442.0</ele></trkpt>
<trkpt lat="43.178690" lon="11.325377"><ele>440.25</ele></trkpt>
<trkpt lat="43.178778" lon="11.325176"><ele>439.25</ele></trkpt>
<trkpt lat="43.178852" lon="11.325025"><ele>439.0</ele></trkpt>
<trkpt lat="43.178930" lon="11.324888"><ele>437.25</ele></trkpt>
<trkpt lat="43.178968" lon="11.324831"><ele>436.75</ele></trkpt>
<trkpt lat="43.179331" lon="11.324628"><ele>436.25</ele></trkpt>
<trkpt lat="43.179431" lon="11.324585"><ele>436.25</ele></trkpt>
<trkpt lat="43.179557" lon="11.324543"><ele>436.25</ele></trkpt>
<trkpt lat="43.179636" lon="11.324528"><ele>436.25</ele></trkpt>
<trkpt lat="43.179696" lon="11.324526"><ele>436.0</ele></trkpt>
<trkpt lat="43.179864" lon="11.324546"><ele>435.75</ele></trkpt>
<trkpt lat="43.180256" lon="11.324626"><ele>436.25</ele></trkpt>
<trkpt lat="43.180977" lon="11.324800"><ele>437.75</ele></trkpt>
<trkpt lat="43.181122" lon="11.324823"><ele>438.0</ele></trkpt>
<trkpt lat="43.181218" lon="11.324830"><ele>438.0</ele></trkpt>
<trkpt lat="43.181402" lon="11.324827"><ele>438.0</ele></trkpt>
<trkpt lat="43.181577" lon="11.324796"><ele>437.25</ele></trkpt>
<trkpt lat="43.181651" lon="11.324800"><ele>436.75</ele></trkpt>
<trkpt lat="43.181714" lon="11.324827"><ele>437.5</ele></trkpt>
<trkpt lat="43.181773" lon="11.324888"><ele>438.0</ele></trkpt>
<trkpt lat="43.181942" lon="11.325132"><ele>440.5</ele></trkpt>
<trkpt lat="43.182020" lon="11.325227"><ele>440.0</ele></trkpt>
<trkpt lat="43.182269" lon="11.325420"><ele>439.25</ele></trkpt>
<trkpt lat="43.182414" lon="11.325504"><ele>438.5</ele></trkpt>
<trkpt lat="43.182527" lon="11.325546"><ele>437.75</ele></trkpt>
<trkpt lat="43.182661" lon="11.325564"><ele>436.0</ele></trkpt>
<trkpt lat="43.183242" lon="11.325562"><ele>430.75</ele></trkpt>
<trkpt lat="43.183276" lon="11.325647"><ele>430.5</ele></trkpt>
<trkpt lat="43.183307" lon="11.325690"><ele>430.5</ele></trkpt>
<trkpt lat="43.183870" lon="11.326050"><ele>429.5</ele></trkpt>
<trkpt lat="43.184205" lon="11.326755"><ele>426.25</ele></trkpt>
<trkpt lat="43.185199" lon="11.327216"><ele>414.0</ele></trkpt>
<trkpt lat="43.185773" lon="11.327123"><ele>412.25</ele></trkpt>
<trkpt lat="43.186199" lon="11.327030"><ele>411.0</ele></trkpt>
<trkpt lat="43.187131" lon="11.326766"><ele>404.5</ele></trkpt>
<trkpt lat="43.187069" lon="11.326727"><ele>405.5</ele></trkpt>
<trkpt lat="43.186998" lon="11.326655"><ele>406.25</ele></trkpt>
<trkpt lat="43.186912" lon="11.326540"><ele>406.0</ele></trkpt>
<trkpt lat="43.186837" lon="11.326420"><ele>404.75</ele></trkpt>
<trkpt lat="43.187066" lon="11.326250"><ele>402.75</ele></trkpt>
<trkpt lat="43.187350" lon="11.326086"><ele>400.75</ele></trkpt>
<trkpt lat="43.187654" lon="11.325942"><ele>398.75</ele></trkpt>
<trkpt lat="43.187744" lon="11.325880"><ele>398.75</ele></trkpt>
<trkpt lat="43.187793" lon="11.325827"><ele>399.0</ele></trkpt>
<trkpt lat="43.187837" lon="11.325753"><ele>398.5</ele></trkpt>
<trkpt lat="43.187879" lon="11.325662"><ele>398.0</ele></trkpt>
<trkpt lat="43.188172" lon="11.324973"><ele>388.5</ele></trkpt>
<trkpt lat="43.188256" lon="11.324844"><ele>386.0</ele></trkpt>
<trkpt lat="43.188307" lon="11.324800"><ele>385.25</ele></trkpt>
<trkpt lat="43.188350" lon="11.324777"><ele>384.75</ele></trkpt>
<trkpt lat="43.188449" lon="11.324770"><ele>384.5</ele></trkpt>
<trkpt lat="43.188627" lon="11.324803"><ele>384.75</ele></trkpt>
<trkpt lat="43.188713" lon="11.324800"><ele>384.75</ele></trkpt>
<trkpt lat="43.188808" lon="11.324766"><ele>384.0</ele></trkpt>
<trkpt lat="43.188959" lon="11.324698"><ele>381.5</ele></trkpt>
<trkpt lat="43.189023" lon="11.324678"><ele>380.25</ele></trkpt>
<trkpt lat="43.189335" lon="11.324625"><ele>377.5</ele></trkpt>
<trkpt lat="43.189600" lon="11.324490"><ele>375.0</ele></trkpt>
<trkpt lat="43.189702" lon="11.324457"><ele>374.0</ele></trkpt>
<trkpt lat="43.189793" lon="11.324456"><ele>372.75</ele></trkpt>
<trkpt lat="43.189974" lon="11.324536"><ele>370.25</ele></trkpt>
<trkpt lat="43.190017" lon="11.324545"><ele>370.0</ele></trkpt>
<trkpt lat="43.190057" lon="11.324542"><ele>370.0</ele></trkpt>
<trkpt lat="43.190146" lon="11.324493"><ele>369.0</ele></trkpt>
<trkpt lat="43.190384" lon="11.324270"><ele>363.0</ele></trkpt>
<trkpt lat="43.190431" lon="11.324238"><ele>362.25</ele></trkpt>
<trkpt lat="43.190480" lon="11.324219"><ele>361.5</ele></trkpt>
<trkpt lat="43.190525" lon="11.324222"><ele>361.25</ele></trkpt>
<trkpt lat="43.190567" lon="11.324242"><ele>361.25</ele></trkpt>
<trkpt lat="43.190708" lon="11.324385"><ele>361.0</ele></trkpt>
<trkpt lat="43.190765" lon="11.324429"><ele>360.25</ele></trkpt>
<trkpt lat="43.190814" lon="11.324451"><ele>359.5</ele></trkpt>
<trkpt lat="43.190925" lon="11.324469"><ele>358.25</ele></trkpt>
<trkpt lat="43.191014" lon="11.324459"><ele>356.5</ele></trkpt>
<trkpt lat="43.191359" lon="11.324318"><ele>351.75</ele></trkpt>
<trkpt lat="43.191475" lon="11.324284"><ele>350.25</ele></trkpt>
<trkpt lat="43.191512" lon="11.324281"><ele>349.75</ele></trkpt>
<trkpt lat="43.191586" lon="11.324287"><ele>349.5</ele></trkpt>
<trkpt lat="43.191654" lon="11.324310"><ele>349.5</ele></trkpt>
<trkpt lat="43.191868" lon="11.324446"><ele>348.5</ele></trkpt>
<trkpt lat="43.191961" lon="11.324490"><ele>347.75</ele></trkpt>
<trkpt lat="43.192030" lon="11.324512"><ele>347.75</ele></trkpt>
<trkpt lat="43.192088" lon="11.324514"><ele>347.5</ele></trkpt>
<trkpt lat="43.192154" lon="11.324496"><ele>347.0</ele></trkpt>
<trkpt lat="43.192352" lon="11.324344"><ele>344.0</ele></trkpt>
<trkpt lat="43.192404" lon="11.324318"><ele>343.5</ele></trkpt>
<trkpt lat="43.192430" lon="11.324313"><ele>343.5</ele></trkpt>
<trkpt lat="43.192495" lon="11.324323"><ele>343.75</ele></trkpt>
<trkpt lat="43.192719" lon="11.324430"><ele>345.75</ele></trkpt>
<trkpt lat="43.192806" lon="11.324446"><ele>345.5</ele></trkpt>
<trkpt lat="43.192866" lon="11.324443"><ele>344.5</ele></trkpt>
<trkpt lat="43.192983" lon="11.324407"><ele>342.5</ele></trkpt>
<trkpt lat="43.193089" lon="11.324336"><ele>341.0</ele></trkpt>
<trkpt lat="43.193175" lon="11.324259"><ele>341.5</ele></trkpt>
<trkpt lat="43.193261" lon="11.324128"><ele>340.0</ele></trkpt>
<trkpt lat="43.193371" lon="11.323849"><ele>334.25</ele></trkpt>
<trkpt lat="43.193402" lon="11.323798"><ele>332.25</ele></trkpt>
<trkpt lat="43.193449" lon="11.323754"><ele>330.0</ele></trkpt>
<trkpt lat="43.193520" lon="11.323732"><ele>328.25</ele></trkpt>
<trkpt lat="43.193571" lon="11.323741"><ele>327.75</ele></trkpt>
<trkpt lat="43.193783" lon="11.323861"><ele>326.75</ele></trkpt>
<trkpt lat="43.193905" lon="11.323903"><ele>325.0</ele></trkpt>
<trkpt lat="43.194477" lon="11.323961"><ele>323.0</ele></trkpt>
<trkpt lat="43.194559" lon="11.323959"><ele>322.0</ele></trkpt>
<trkpt lat="43.194700" lon="11.323940"><ele>320.5</ele></trkpt>
<trkpt lat="43.194797" lon="11.323952"><ele>319.75</ele></trkpt>
<trkpt lat="43.194857" lon="11.323975"><ele>319.25</ele></trkpt>
<trkpt lat="43.194920" lon="11.324013"><ele>319.0</ele></trkpt>
<trkpt lat="43.195182" lon="11.324245"><ele>317.0</ele></trkpt>
<trkpt lat="43.195293" lon="11.324318"><ele>315.75</ele></trkpt>
<trkpt lat="43.195407" lon="11.324371"><ele>315.5</ele></trkpt>
<trkpt lat="43.195466" lon="11.324383"><ele>315.0</ele></trkpt>
<trkpt lat="43.195524" lon="11.324381"><ele>314.75</ele></trkpt>
<trkpt lat="43.195584" lon="11.324368"><ele>314.0</ele></trkpt>
<trkpt lat="43.195650" lon="11.324340"><ele>313.25</ele></trkpt>
<trkpt lat="43.195705" lon="11.324300"><ele>312.5</ele></trkpt>
<trkpt lat="43.195752" lon="11.324254"><ele>312.25</ele></trkpt>
<trkpt lat="43.195801" lon="11.324188"><ele>312.0</ele></trkpt>
<trkpt lat="43.195876" lon="11.324063"><ele>311.25</ele></trkpt>
<trkpt lat="43.196078" lon="11.323683"><ele>311.0</ele></trkpt>
<trkpt lat="43.196279" lon="11.323301"><ele>312.25</ele></trkpt>
<trkpt lat="43.196355" lon="11.323190"><ele>313.0</ele></trkpt>
<trkpt lat="43.196395" lon="11.323146"><ele>313.5</ele></trkpt>
<trkpt lat="43.196440" lon="11.323112"><ele>314.0</ele></trkpt>
<trkpt lat="43.196503" lon="11.323085"><ele>314.5</ele></trkpt>
<trkpt lat="43.196558" lon="11.323073"><ele>314.75</ele></trkpt>
<trkpt lat="43.196658" lon="11.323080"><ele>314.5</ele></trkpt>
<trkpt lat="43.196779" lon="11.323118"><ele>315.25</ele></trkpt>
<trkpt lat="43.197122" lon="11.323267"><ele>316.0</ele></trkpt>
<trkpt lat="43.197202" lon="11.323317"><ele>316.0</ele></trkpt>
<trkpt lat="43.197405" lon="11.323491"><ele>316.5</ele></trkpt>
<trkpt lat="43.197492" lon="11.323553"><ele>316.5</ele></trkpt>
<trkpt lat="43.197572" lon="11.323585"><ele>315.75</ele></trkpt>
<trkpt lat="43.197657" lon="11.323589"><ele>315.0</ele></trkpt>
<trkpt lat="43.197737" lon="11.323563"><ele>314.75</ele></trkpt>
<trkpt lat="43.197807" lon="11.323529"><ele>315.25</ele></trkpt>
<trkpt lat="43.197891" lon="11.323449"><ele>316.75</ele></trkpt>
<trkpt lat="43.197986" lon="11.323321"><ele>318.75</ele></trkpt>
<trkpt lat="43.198070" lon="11.323182"><ele>319.25</ele></trkpt>
<trkpt lat="43.198145" lon="11.323020"><ele>319.25</ele></trkpt>
<trkpt lat="43.198193" lon="11.322900"><ele>319.5</ele></trkpt>
<trkpt lat="43.198240" lon="11.322959"><ele>319.0</ele></trkpt>
<trkpt lat="43.198277" lon="11.323020"><ele>318.5</ele></trkpt>
<trkpt lat="43.198303" lon="11.323131"><ele>318.25</ele></trkpt>
<trkpt lat="43.198428" lon="11.323994"><ele>315.0</ele></trkpt>
<trkpt lat="43.198626" lon="11.325249"><ele>312.75</ele></trkpt>
<trkpt lat="43.198686" lon="11.325794"><ele>311.0</ele></trkpt>
<trkpt lat="43.198713" lon="11.325921"><ele>310.75</ele></trkpt>
<trkpt lat="43.198731" lon="11.325958"><ele>310.5</ele></trkpt>
<trkpt lat="43.198754" lon="11.325983"><ele>310.25</ele></trkpt>
<trkpt lat="43.198815" lon="11.326007"><ele>310.0</ele></trkpt>
<trkpt lat="43.198861" lon="11.326000"><ele>309.75</ele></trkpt>
<trkpt lat="43.199176" lon="11.325896"><ele>307.25</ele></trkpt>
<trkpt lat="43.199249" lon="11.325907"><ele>306.25</ele></trkpt>
<trkpt lat="43.199284" lon="11.325920"><ele>305.75</ele></trkpt>
<trkpt lat="43.199321" lon="11.325947"><ele>305.0</ele></trkpt>
<trkpt lat="43.199361" lon="11.325992"><ele>304.25</ele></trkpt>
<trkpt lat="43.199408" lon="11.326065"><ele>303.5</ele></trkpt>
<trkpt lat="43.200104" lon="11.327291"><ele>297.75</ele></trkpt>
<trkpt lat="43.200216" lon="11.327497"><ele>296.25</ele></trkpt>
<trkpt lat="43.200347" lon="11.327865"><ele>295.0</ele></trkpt>
<trkpt lat="43.200379" lon="11.327934"><ele>294.25</ele></trkpt>
<trkpt lat="43.200475" lon="11.328087"><ele>292.75</ele></trkpt>
<trkpt lat="43.200579" lon="11.328278"><ele>291.5</ele></trkpt>
<trkpt lat="43.200643" lon="11.328436"><ele>289.75</ele></trkpt>
<trkpt lat="43.200730" lon="11.328751"><ele>286.75</ele></trkpt>
<trkpt lat="43.200858" lon="11.328991"><ele>284.0</ele></trkpt>
<trkpt lat="43.200874" lon="11.329035"><ele>283.25</ele></trkpt>
<trkpt lat="43.200878" lon="11.329061"><ele>283.0</ele></trkpt>
<trkpt lat="43.200870" lon="11.329101"><ele>282.5</ele></trkpt>
<trkpt lat="43.200770" lon="11.329400"><ele>279.25</ele></trkpt>
<trkpt lat="43.200718" lon="11.329576"><ele>277.75</ele></trkpt>
<trkpt lat="43.200680" lon="11.329738"><ele>277.0</ele></trkpt>
<trkpt lat="43.200478" lon="11.332002"><ele>297.5</ele></trkpt>
<trkpt lat="43.200467" lon="11.332227"><ele>299.0</ele></trkpt>
<trkpt lat="43.200474" lon="11.332529"><ele>300.75</ele></trkpt>
<trkpt lat="43.200472" lon="11.332722"><ele>301.0</ele></trkpt>
<trkpt lat="43.200448" lon="11.333035"><ele>301.5</ele></trkpt>
<trkpt lat="43.200349" lon="11.333590"><ele>302.25</ele></trkpt>
<trkpt lat="43.200286" lon="11.333867"><ele>302.75</ele></trkpt>
<trkpt lat="43.200144" lon="11.334425"><ele>307.25</ele></trkpt>
<trkpt lat="43.200138" lon="11.334492"><ele>307.5</ele></trkpt>
<trkpt lat="43.200146" lon="11.334536"><ele>307.75</ele></trkpt>
<trkpt lat="43.200168" lon="11.334584"><ele>307.75</ele></trkpt>
<trkpt lat="43.200184" lon="11.334601"><ele>307.75</ele></trkpt>
<trkpt lat="43.200203" lon="11.334610"><ele>307.75</ele></trkpt>
<trkpt lat="43.200246" lon="11.334610"><ele>307.5</ele></trkpt>
<trkpt lat="43.200282" lon="11.334596"><ele>307.25</ele></trkpt>
<trkpt lat="43.200335" lon="11.334562"><ele>306.5</ele></trkpt>
<trkpt lat="43.200442" lon="11.334479"><ele>304.5</ele></trkpt>
<trkpt lat="43.200547" lon="11.334419"><ele>303.0</ele></trkpt>
<trkpt lat="43.200642" lon="11.334380"><ele>301.75</ele></trkpt>
<trkpt lat="43.200780" lon="11.334357"><ele>300.0</ele></trkpt>
<trkpt lat="43.201303" lon="11.334325"><ele>293.75</ele></trkpt>
<trkpt lat="43.201358" lon="11.334331"><ele>293.25</ele></trkpt>
<trkpt lat="43.201398" lon="11.334350"><ele>292.75</ele></trkpt>
<trkpt lat="43.201425" lon="11.334374"><ele>292.75</ele></trkpt>
<trkpt lat="43.201448" lon="11.334421"><ele>292.75</ele></trkpt>
<trkpt lat="43.201464" lon="11.334477"><ele>292.75</ele></trkpt>
<trkpt lat="43.201465" lon="11.334521"><ele>292.75</ele></trkpt>
<trkpt lat="43.201448" lon="11.334618"><ele>293.0</ele></trkpt>
<trkpt lat="43.201293" lon="11.335164"><ele>295.0</ele></trkpt>
<trkpt lat="43.201285" lon="11.335264"><ele>295.25</ele></trkpt>
<trkpt lat="43.201296" lon="11.335341"><ele>295.25</ele></trkpt>
<trkpt lat="43.201321" lon="11.335401"><ele>295.25</ele></trkpt>
<trkpt lat="43.201361" lon="11.335456"><ele>294.75</ele></trkpt>
<trkpt lat="43.201432" lon="11.335509"><ele>294.25</ele></trkpt>
<trkpt lat="43.201616" lon="11.335604"><ele>292.5</ele></trkpt>
<trkpt lat="43.202188" lon="11.335839"><ele>286.5</ele></trkpt>
<trkpt lat="43.202249" lon="11.335879"><ele>286.25</ele></trkpt>
<trkpt lat="43.202309" lon="11.335925"><ele>286.25</ele></trkpt>
<trkpt lat="43.202535" lon="11.336127"><ele>285.5</ele></trkpt>
<trkpt lat="43.202845" lon="11.336450"><ele>285.5</ele></trkpt>
<trkpt lat="43.202902" lon="11.336546"><ele>285.75</ele></trkpt>
<trkpt lat="43.202923" lon="11.336594"><ele>285.75</ele></trkpt>
<trkpt lat="43.202930" lon="11.336661"><ele>286.25</ele></trkpt>
<trkpt lat="43.202931" lon="11.336709"><ele>286.25</ele></trkpt>
<trkpt lat="43.202912" lon="11.336798"><ele>287.0</ele></trkpt>
<trkpt lat="43.202712" lon="11.337481"><ele>290.25</ele></trkpt>
<trkpt lat="43.202339" lon="11.338617"><ele>286.75</ele></trkpt>
<trkpt lat="43.202297" lon="11.338797"><ele>286.0</ele></trkpt>
<trkpt lat="43.202279" lon="11.338910"><ele>285.5</ele></trkpt>
<trkpt lat="43.202258" lon="11.339105"><ele>284.25</ele></trkpt>
<trkpt lat="43.202254" lon="11.339286"><ele>283.0</ele></trkpt>
<trkpt lat="43.202270" lon="11.339464"><ele>281.5</ele></trkpt>
<trkpt lat="43.202335" lon="11.339740"><ele>278.75</ele></trkpt>
<trkpt lat="43.202417" lon="11.340040"><ele>275.0</ele></trkpt>
<trkpt lat="43.202598" lon="11.340952"><ele>269.75</ele></trkpt>
<trkpt lat="43.202706" lon="11.341214"><ele>269.0</ele></trkpt>
<trkpt lat="43.202840" lon="11.341411"><ele>268.25</ele></trkpt>
<trkpt lat="43.203147" lon="11.341783"><ele>268.75</ele></trkpt>
<trkpt lat="43.203277" lon="11.341924"><ele>268.75</ele></trkpt>
<trkpt lat="43.203431" lon="11.342059"><ele>269.0</ele></trkpt>
<trkpt lat="43.203744" lon="11.342205"><ele>269.0</ele></trkpt>
<trkpt lat="43.203966" lon="11.342280"><ele>268.5</ele></trkpt>
<trkpt lat="43.204379" lon="11.342518"><ele>268.5</ele></trkpt>
<trkpt lat="43.204488" lon="11.342677"><ele>267.0</ele></trkpt>
<trkpt lat="43.204516" lon="11.342822"><ele>265.5</ele></trkpt>
<trkpt lat="43.204455" lon="11.343027"><ele>263.25</ele></trkpt>
<trkpt lat="43.204465" lon="11.343207"><ele>262.5</ele></trkpt>
<trkpt lat="43.204502" lon="11.343272"><ele>262.25</ele></trkpt>
<trkpt lat="43.204608" lon="11.343343"><ele>262.0</ele></trkpt>
<trkpt lat="43.204744" lon="11.343356"><ele>262.25</ele></trkpt>
<trkpt lat="43.204840" lon="11.343341"><ele>262.25</ele></trkpt>
<trkpt lat="43.205163" lon="11.343342"><ele>261.75</ele></trkpt>
<trkpt lat="43.205320" lon="11.343374"><ele>261.0</ele></trkpt>
<trkpt lat="43.205350" lon="11.343409"><ele>261.0</ele></trkpt>
<trkpt lat="43.205452" lon="11.343531"><ele>260.75</ele></trkpt>
<trkpt lat="43.205737" lon="11.343509"><ele>260.0</ele></trkpt>
<trkpt lat="43.206032" lon="11.343471"><ele>259.75</ele></trkpt>
<trkpt lat="43.206142" lon="11.343373"><ele>258.5</ele></trkpt>
<trkpt lat="43.206187" lon="11.343296"><ele>258.75</ele></trkpt>
<trkpt lat="43.206251" lon="11.343189"><ele>259.75</ele></trkpt>
<trkpt lat="43.206454" lon="11.343041"><ele>258.75</ele></trkpt>
<trkpt lat="43.206934" lon="11.342866"><ele>257.0</ele></trkpt>
<trkpt lat="43.207824" lon="11.342250"><ele>254.5</ele></trkpt>
<trkpt lat="43.208010" lon="11.342070"><ele>252.5</ele></trkpt>
<trkpt lat="43.208074" lon="11.341939"><ele>251.5</ele></trkpt>
<trkpt lat="43.208039" lon="11.341699"><ele>250.5</ele></trkpt>
<trkpt lat="43.208004" lon="11.341621"><ele>250.75</ele></trkpt>
<trkpt lat="43.207971" lon="11.341485"><ele>250.5</ele></trkpt>
<trkpt lat="43.208040" lon="11.341320"><ele>248.0</ele></trkpt>
<trkpt lat="43.208130" lon="11.341139"><ele>246.0</ele></trkpt>
<trkpt lat="43.208204" lon="11.341050"><ele>245.0</ele></trkpt>
<trkpt lat="43.208313" lon="11.340936"><ele>245.5</ele></trkpt>
<trkpt lat="43.208370" lon="11.340891"><ele>246.25</ele></trkpt>
<trkpt lat="43.208415" lon="11.340875"><ele>246.5</ele></trkpt>
<trkpt lat="43.208464" lon="11.340872"><ele>246.5</ele></trkpt>
<trkpt lat="43.208595" lon="11.340903"><ele>246.5</ele></trkpt>
<trkpt lat="43.208706" lon="11.340930"><ele>247.5</ele></trkpt>
<trkpt lat="43.209095" lon="11.340986"><ele>250.75</ele></trkpt>
<trkpt lat="43.209260" lon="11.341111"><ele>251.5</ele></trkpt>
<trkpt lat="43.209399" lon="11.341136"><ele>252.25</ele></trkpt>
<trkpt lat="43.209536" lon="11.341100"><ele>253.0</ele></trkpt>
<trkpt lat="43.209616" lon="11.341027"><ele>253.75</ele></trkpt>
<trkpt lat="43.209700" lon="11.340952"><ele>255.0</ele></trkpt>
<trkpt lat="43.209919" lon="11.340845"><ele>257.5</ele></trkpt>
<trkpt lat="43.210572" lon="11.340809"><ele>265.25</ele></trkpt>
<trkpt lat="43.210725" lon="11.340830"><ele>266.0</ele></trkpt>
<trkpt lat="43.211187" lon="11.341040"><ele>268.5</ele></trkpt>
<trkpt lat="43.211438" lon="11.341022"><ele>270.5</ele></trkpt>
<trkpt lat="43.211661" lon="11.340948"><ele>271.5</ele></trkpt>
<trkpt lat="43.212162" lon="11.340459"><ele>269.5</ele></trkpt>
<trkpt lat="43.212787" lon="11.340066"><ele>262.5</ele></trkpt>
<trkpt lat="43.212943" lon="11.339928"><ele>260.5</ele></trkpt>
<trkpt lat="43.213017" lon="11.339754"><ele>259.25</ele></trkpt>
<trkpt lat="43.213100" lon="11.339366"><ele>258.25</ele></trkpt>
<trkpt lat="43.213170" lon="11.339250"><ele>257.5</ele></trkpt>
<trkpt lat="43.213234" lon="11.339167"><ele>257.0</ele></trkpt>
<trkpt lat="43.213310" lon="11.339110"><ele>256.5</ele></trkpt>
<trkpt lat="43.213616" lon="11.339172"><ele>252.75</ele></trkpt>
<trkpt lat="43.213657" lon="11.339198"><ele>252.75</ele></trkpt>
<trkpt lat="43.213673" lon="11.339208"><ele>252.75</ele></trkpt>
<trkpt lat="43.213781" lon="11.339265"><ele>252.5</ele></trkpt>
<trkpt lat="43.214936" lon="11.340022"><ele>262.5</ele></trkpt>
<trkpt lat="43.215056" lon="11.340072"><ele>263.75</ele></trkpt>
<trkpt lat="43.215478" lon="11.340110"><ele>267.75</ele></trkpt>
<trkpt lat="43.215670" lon="11.340210"><ele>270.0</ele></trkpt>
<trkpt lat="43.215792" lon="11.340249"><ele>270.75</ele></trkpt>
<trkpt lat="43.215955" lon="11.340247"><ele>271.75</ele></trkpt>
<trkpt lat="43.216059" lon="11.340228"><ele>272.5</ele></trkpt>
<trkpt lat="43.216197" lon="11.340217"><ele>272.25</ele></trkpt>
<trkpt lat="43.216299" lon="11.340221"><ele>271.5</ele></trkpt>
<trkpt lat="43.216430" lon="11.340227"><ele>270.5</ele></trkpt>
<trkpt lat="43.217698" lon="11.339804"><ele>254.0</ele></trkpt>
<trkpt lat="43.217777" lon="11.339777"><ele>253.5</ele></trkpt>
<trkpt lat="43.219356" lon="11.339273"><ele>273.0</ele></trkpt>
<trkpt lat="43.219391" lon="11.339119"><ele>273.75</ele></trkpt>
<trkpt lat="43.219467" lon="11.338865"><ele>275.0</ele></trkpt>
<trkpt lat="43.219548" lon="11.338725"><ele>275.75</ele></trkpt>
<trkpt lat="43.219657" lon="11.338624"><ele>277.25</ele></trkpt>
<trkpt lat="43.219773" lon="11.338569"><ele>277.75</ele></trkpt>
<trkpt lat="43.219857" lon="11.338514"><ele>277.75</ele></trkpt>
<trkpt lat="43.219915" lon="11.338627"><ele>278.0</ele></trkpt>
<trkpt lat="43.220171" lon="11.339236"><ele>277.25</ele></trkpt>
<trkpt lat="43.220273" lon="11.339447"><ele>277.75</ele></trkpt>
<trkpt lat="43.220443" lon="11.339353"><ele>275.25</ele></trkpt>
<trkpt lat="43.220755" lon="11.339163"><ele>269.25</ele></trkpt>
<trkpt lat="43.221214" lon="11.338862"><ele>260.25</ele></trkpt>
<trkpt lat="43.222651" lon="11.337948"><ele>246.5</ele></trkpt>
<trkpt lat="43.222722" lon="11.337892"><ele>246.25</ele></trkpt>
<trkpt lat="43.222805" lon="11.337840"><ele>246.75</ele></trkpt>
<trkpt lat="43.223285" lon="11.337559"><ele>252.75</ele></trkpt>
<trkpt lat="43.223681" lon="11.337290"><ele>261.0</ele></trkpt>
<trkpt lat="43.223799" lon="11.337236"><ele>263.25</ele></trkpt>
<trkpt lat="43.223796" lon="11.337293"><ele>263.0</ele></trkpt>
<trkpt lat="43.223809" lon="11.337382"><ele>263.0</ele></trkpt>
<trkpt lat="43.223830" lon="11.337439"><ele>263.25</ele></trkpt>
<trkpt lat="43.223865" lon="11.337482"><ele>263.5</ele></trkpt>
<trkpt lat="43.223862" lon="11.337627"><ele>263.0</ele></trkpt>
<trkpt lat="43.223923" lon="11.337961"><ele>263.0</ele></trkpt>
<trkpt lat="43.224513" lon="11.338861"><ele>256.5</ele></trkpt>
<trkpt lat="43.224555" lon="11.338904"><ele>256.0</ele></trkpt>
<trkpt lat="43.224650" lon="11.339016"><ele>255.0</ele></trkpt>
<trkpt lat="43.224754" lon="11.339092"><ele>253.75</ele></trkpt>
<trkpt lat="43.224829" lon="11.339089"><ele>253.5</ele></trkpt>
<trkpt lat="43.224921" lon="11.339049"><ele>253.75</ele></trkpt>
<trkpt lat="43.225164" lon="11.338930"><ele>254.75</ele></trkpt>
<trkpt lat="43.225561" lon="11.338808"><ele>254.0</ele></trkpt>
<trkpt lat="43.225684" lon="11.338737"><ele>255.0</ele></trkpt>
<trkpt lat="43.225741" lon="11.338673"><ele>256.0</ele></trkpt>
<trkpt lat="43.225814" lon="11.338496"><ele>258.5</ele></trkpt>
<trkpt lat="43.225875" lon="11.338450"><ele>259.25</ele></trkpt>
<trkpt lat="43.225969" lon="11.338377"><ele>260.25</ele></trkpt>
<trkpt lat="43.226887" lon="11.337515"><ele>261.5</ele></trkpt>
<trkpt lat="43.227113" lon="11.337305"><ele>262.75</ele></trkpt>
<trkpt lat="43.227174" lon="11.337295"><ele>262.5</ele></trkpt>
<trkpt lat="43.227253" lon="11.337311"><ele>262.0</ele></trkpt>
<trkpt lat="43.227725" lon="11.337459"><ele>254.0</ele></trkpt>
<trkpt lat="43.227886" lon="11.337551"><ele>251.0</ele></trkpt>
<trkpt lat="43.227952" lon="11.337570"><ele>249.75</ele></trkpt>
<trkpt lat="43.227997" lon="11.337575"><ele>249.0</ele></trkpt>
<trkpt lat="43.228056" lon="11.337565"><ele>248.25</ele></trkpt>
<trkpt lat="43.228146" lon="11.337524"><ele>247.75</ele></trkpt>
<trkpt lat="43.228253" lon="11.337442"><ele>247.5</ele></trkpt>
<trkpt lat="43.228305" lon="11.337363"><ele>248.0</ele></trkpt>
<trkpt lat="43.228327" lon="11.337277"><ele>249.25</ele></trkpt>
<trkpt lat="43.228333" lon="11.337206"><ele>250.0</ele></trkpt>
<trkpt lat="43.228325" lon="11.337094"><ele>251.25</ele></trkpt>
<trkpt lat="43.228260" lon="11.336626"><ele>257.5</ele></trkpt>
<trkpt lat="43.228275" lon="11.336580"><ele>257.75</ele></trkpt>
<trkpt lat="43.228304" lon="11.336537"><ele>258.0</ele></trkpt>
<trkpt lat="43.228346" lon="11.336531"><ele>257.75</ele></trkpt>
<trkpt lat="43.228403" lon="11.336536"><ele>257.25</ele></trkpt>
<trkpt lat="43.228668" lon="11.336628"><ele>254.75</ele></trkpt>
<trkpt lat="43.230013" lon="11.337301"><ele>245.0</ele></trkpt>
<trkpt lat="43.230260" lon="11.337408"><ele>244.5</ele></trkpt>
<trkpt lat="43.230428" lon="11.337443"><ele>244.5</ele></trkpt>
<trkpt lat="43.230919" lon="11.337863"><ele>244.75</ele></trkpt>
<trkpt lat="43.231326" lon="11.338197"><ele>245.0</ele></trkpt>
<trkpt lat="43.231748" lon="11.338496"><ele>243.25</ele></trkpt>
<trkpt lat="43.231961" lon="11.338680"><ele>243.5</ele></trkpt>
<trkpt lat="43.232090" lon="11.338837"><ele>242.5</ele></trkpt>
<trkpt lat="43.232478" lon="11.339430"><ele>240.0</ele></trkpt>
<trkpt lat="43.232785" lon="11.339988"><ele>238.0</ele></trkpt>
<trkpt lat="43.232959" lon="11.340343"><ele>235.5</ele></trkpt>
<trkpt lat="43.233237" lon="11.341147"><ele>234.75</ele></trkpt>
<trkpt lat="43.233366" lon="11.341412"><ele>236.5</ele></trkpt>
<trkpt lat="43.233455" lon="11.341549"><ele>235.75</ele></trkpt>
<trkpt lat="43.233743" lon="11.341871"><ele>238.25</ele></trkpt>
<trkpt lat="43.233924" lon="11.342192"><ele>240.0</ele></trkpt>
<trkpt lat="43.234076" lon="11.342414"><ele>240.0</ele></trkpt>
<trkpt lat="43.234475" lon="11.342869"><ele>241.5</ele></trkpt>
<trkpt lat="43.234597" lon="11.343037"><ele>241.0</ele></trkpt>
<trkpt lat="43.234613" lon="11.343137"><ele>241.0</ele></trkpt>
<trkpt lat="43.234630" lon="11.343177"><ele>241.0</ele></trkpt>
<trkpt lat="43.234912" lon="11.343576"><ele>240.5</ele></trkpt>
<trkpt lat="43.234986" lon="11.343711"><ele>240.75</ele></trkpt>
<trkpt lat="43.235087" lon="11.343863"><ele>241.0</ele></trkpt>
<trkpt lat="43.235512" lon="11.344311"><ele>240.25</ele></trkpt>
<trkpt lat="43.235838" lon="11.344624"><ele>241.25</ele></trkpt>
<trkpt lat="43.236059" lon="11.344928"><ele>241.75</ele></trkpt>
<trkpt lat="43.236114" lon="11.345016"><ele>242.0</ele></trkpt>
<trkpt lat="43.236339" lon="11.345191"><ele>244.5</ele></trkpt>
<trkpt lat="43.236524" lon="11.345385"><ele>244.0</ele></trkpt>
<trkpt lat="43.236953" lon="11.345869"><ele>245.0</ele></trkpt>
<trkpt lat="43.237230" lon="11.346169"><ele>243.25</ele></trkpt>
<trkpt lat="43.237455" lon="11.346313"><ele>243.0</ele></trkpt>
<trkpt lat="43.237586" lon="11.346440"><ele>242.25</ele></trkpt>
<trkpt lat="43.237728" lon="11.346776"><ele>241.0</ele></trkpt>
<trkpt lat="43.237897" lon="11.347368"><ele>235.5</ele></trkpt>
<trkpt lat="43.237910" lon="11.346975"><ele>236.75</ele></trkpt>
<trkpt lat="43.237925" lon="11.346719"><ele>237.5</ele></trkpt>
<trkpt lat="43.237934" lon="11.346630"><ele>237.5</ele></trkpt>
<trkpt lat="43.237968" lon="11.346456"><ele>237.0</ele></trkpt>
<trkpt lat="43.238001" lon="11.346371"><ele>236.75</ele></trkpt>
<trkpt lat="43.238086" lon="11.346189"><ele>235.5</ele></trkpt>
<trkpt lat="43.238153" lon="11.346073"><ele>234.75</ele></trkpt>
<trkpt lat="43.238265" lon="11.345912"><ele>234.25</ele></trkpt>
<trkpt lat="43.238312" lon="11.345856"><ele>234.0</ele></trkpt>
<trkpt lat="43.238397" lon="11.345782"><ele>233.0</ele></trkpt>
<trkpt lat="43.238536" lon="11.345690"><ele>231.5</ele></trkpt>
<trkpt lat="43.238559" lon="11.345605"><ele>230.5</ele></trkpt>
<trkpt lat="43.238578" lon="11.345462"><ele>229.5</ele></trkpt>
<trkpt lat="43.238592" lon="11.345240"><ele>227.75</ele></trkpt>
<trkpt lat="43.238591" lon="11.344991"><ele>225.75</ele></trkpt>
<trkpt lat="43.238579" lon="11.344775"><ele>223.5</ele></trkpt>
<trkpt lat="43.238565" lon="11.344637"><ele>222.5</ele></trkpt>
<trkpt lat="43.238480" lon="11.344085"><ele>219.0</ele></trkpt>
<trkpt lat="43.238458" lon="11.343798"><ele>218.0</ele></trkpt>
<trkpt lat="43.238368" lon="11.340600"><ele>208.0</ele></trkpt>
<trkpt lat="43.238440" lon="11.340626"><ele>208.25</ele></trkpt>
<trkpt lat="43.238513" lon="11.340630"><ele>208.25</ele></trkpt>
<trkpt lat="43.238583" lon="11.340617"><ele>208.25</ele></trkpt>
<trkpt lat="43.238644" lon="11.340587"><ele>208.25</ele></trkpt>
<trkpt lat="43.238728" lon="11.340510"><ele>208.5</ele></trkpt>
<trkpt lat="43.238977" lon="11.340213"><ele>208.0</ele></trkpt>
<trkpt lat="43.239078" lon="11.340105"><ele>207.5</ele></trkpt>
<trkpt lat="43.239252" lon="11.339959"><ele>207.25</ele></trkpt>
<trkpt lat="43.240034" lon="11.339362"><ele>205.5</ele></trkpt>
<trkpt lat="43.240150" lon="11.339300"><ele>205.5</ele></trkpt>
<trkpt lat="43.240339" lon="11.339237"><ele>205.0</ele></trkpt>
<trkpt lat="43.241099" lon="11.339027"><ele>202.75</ele></trkpt>
<trkpt lat="43.241264" lon="11.338995"><ele>202.75</ele></trkpt>
<trkpt lat="43.241346" lon="11.338994"><ele>203.0</ele></trkpt>
<trkpt lat="43.241430" lon="11.339012"><ele>203.25</ele></trkpt>
<trkpt lat="43.241597" lon="11.339084"><ele>203.0</ele></trkpt>
<trkpt lat="43.241676" lon="11.339142"><ele>203.25</ele></trkpt>
<trkpt lat="43.241749" lon="11.339214"><ele>203.0</ele></trkpt>
<trkpt lat="43.241835" lon="11.339347"><ele>202.75</ele></trkpt>
<trkpt lat="43.241880" lon="11.339450"><ele>202.5</ele></trkpt>
<trkpt lat="43.241912" lon="11.339564"><ele>201.75</ele></trkpt>
<trkpt lat="43.241932" lon="11.339707"><ele>201.25</ele></trkpt>
<trkpt lat="43.241941" lon="11.340003"><ele>201.0</ele></trkpt>
<trkpt lat="43.241953" lon="11.340102"><ele>201.5</ele></trkpt>
<trkpt lat="43.241981" lon="11.340202"><ele>202.0</ele></trkpt>
<trkpt lat="43.242009" lon="11.340256"><ele>202.0</ele></trkpt>
<trkpt lat="43.242049" lon="11.340309"><ele>202.0</ele></trkpt>
<trkpt lat="43.242115" lon="11.340360"><ele>201.75</ele></trkpt>
<trkpt lat="43.242159" lon="11.340381"><ele>201.5</ele></trkpt>
<trkpt lat="43.242240" lon="11.340396"><ele>201.0</ele></trkpt>
<trkpt lat="43.242265" lon="11.340393"><ele>201.25</ele></trkpt>
<trkpt lat="43.242358" lon="11.340358"><ele>201.75</ele></trkpt>
<trkpt lat="43.242579" lon="11.340199"><ele>201.25</ele></trkpt>
<trkpt lat="43.242748" lon="11.340097"><ele>201.0</ele></trkpt>
<trkpt lat="43.242911" lon="11.340040"><ele>200.0</ele></trkpt>
<trkpt lat="43.243059" lon="11.340036"><ele>199.25</ele></trkpt>
<trkpt lat="43.243154" lon="11.340054"><ele>199.0</ele></trkpt>
<trkpt lat="43.243247" lon="11.340086"><ele>198.75</ele></trkpt>
<trkpt lat="43.244565" lon="11.340668"><ele>196.25</ele></trkpt>
<trkpt lat="43.244843" lon="11.340767"><ele>195.5</ele></trkpt>
<trkpt lat="43.244945" lon="11.340796"><ele>195.0</ele></trkpt>
<trkpt lat="43.245118" lon="11.340838"><ele>193.75</ele></trkpt>
<trkpt lat="43.245330" lon="11.340872"><ele>192.5</ele></trkpt>
<trkpt lat="43.246436" lon="11.340946"><ele>191.75</ele></trkpt>
<trkpt lat="43.246693" lon="11.340976"><ele>191.25</ele></trkpt>
<trkpt lat="43.246843" lon="11.341021"><ele>191.25</ele></trkpt>
<trkpt lat="43.247223" lon="11.341195"><ele>190.75</ele></trkpt>
<trkpt lat="43.247390" lon="11.341280"><ele>190.25</ele></trkpt>
<trkpt lat="43.247558" lon="11.341351"><ele>189.25</ele></trkpt>
<trkpt lat="43.247733" lon="11.341400"><ele>187.5</ele></trkpt>
<trkpt lat="43.248580" lon="11.341577"><ele>183.5</ele></trkpt>
<trkpt lat="43.248887" lon="11.341635"><ele>184.0</ele></trkpt>
<trkpt lat="43.249342" lon="11.341718"><ele>187.25</ele></trkpt>
<trkpt lat="43.249463" lon="11.341730"><ele>188.25</ele></trkpt>
<trkpt lat="43.249576" lon="11.341725"><ele>189.0</ele></trkpt>
<trkpt lat="43.249699" lon="11.341703"><ele>189.75</ele></trkpt>
<trkpt lat="43.249769" lon="11.341682"><ele>190.25</ele></trkpt>
<trkpt lat="43.249924" lon="11.341613"><ele>191.25</ele></trkpt>
<trkpt lat="43.250132" lon="11.341471"><ele>193.25</ele></trkpt>
<trkpt lat="43.250373" lon="11.341246"><ele>195.75</ele></trkpt>
<trkpt lat="43.250488" lon="11.341120"><ele>196.5</ele></trkpt>
<trkpt lat="43.250565" lon="11.341018"><ele>196.75</ele></trkpt>
<trkpt lat="43.250621" lon="11.340929"><ele>197.0</ele></trkpt>
<trkpt lat="43.250660" lon="11.340856"><ele>197.0</ele></trkpt>
<trkpt lat="43.250728" lon="11.340689"><ele>197.25</ele></trkpt>
<trkpt lat="43.250776" lon="11.340528"><ele>197.25</ele></trkpt>
<trkpt lat="43.250800" lon="11.340414"><ele>198.0</ele></trkpt>
<trkpt lat="43.250948" lon="11.339668"><ele>201.5</ele></trkpt>
<trkpt lat="43.250983" lon="11.339453"><ele>201.5</ele></trkpt>
<trkpt lat="43.251013" lon="11.339128"><ele>202.25</ele></trkpt>
<trkpt lat="43.251020" lon="11.338912"><ele>202.75</ele></trkpt>
<trkpt lat="43.251014" lon="11.338735"><ele>203.25</ele></trkpt>
<trkpt lat="43.251080" lon="11.338805"><ele>204.5</ele></trkpt>
<trkpt lat="43.251170" lon="11.339215"><ele>205.25</ele></trkpt>
<trkpt lat="43.251236" lon="11.339406"><ele>206.25</ele></trkpt>
<trkpt lat="43.251525" lon="11.339884"><ele>210.5</ele></trkpt>
<trkpt lat="43.251575" lon="11.340002"><ele>212.0</ele></trkpt>
<trkpt lat="43.251613" lon="11.340112"><ele>212.75</ele></trkpt>
<trkpt lat="43.251633" lon="11.340248"><ele>213.0</ele></trkpt>
<trkpt lat="43.251622" lon="11.340371"><ele>213.75</ele></trkpt>
<trkpt lat="43.251534" lon="11.340616"><ele>213.25</ele></trkpt>
<trkpt lat="43.251504" lon="11.340845"><ele>214.0</ele></trkpt>
<trkpt lat="43.251514" lon="11.340971"><ele>215.0</ele></trkpt>
<trkpt lat="43.251545" lon="11.341081"><ele>216.25</ele></trkpt>
<trkpt lat="43.251609" lon="11.341263"><ele>218.25</ele></trkpt>
<trkpt lat="43.251622" lon="11.341325"><ele>218.5</ele></trkpt>
<trkpt lat="43.251633" lon="11.341441"><ele>219.25</ele></trkpt>
<trkpt lat="43.251630" lon="11.341721"><ele>220.25</ele></trkpt>
<trkpt lat="43.251637" lon="11.341974"><ele>220.75</ele></trkpt>
<trkpt lat="43.251632" lon="11.342107"><ele>220.25</ele></trkpt>
<trkpt lat="43.251601" lon="11.342261"><ele>219.75</ele></trkpt>
<trkpt lat="43.251393" lon="11.342802"><ele>220.75</ele></trkpt>
<trkpt lat="43.251317" lon="11.343063"><ele>220.0</ele></trkpt>
<trkpt lat="43.251292" lon="11.343130"><ele>220.0</ele></trkpt>
<trkpt lat="43.251260" lon="11.343197"><ele>220.25</ele></trkpt>
<trkpt lat="43.251148" lon="11.343364"><ele>222.25</ele></trkpt>
<trkpt lat="43.250803" lon="11.343732"><ele>224.0</ele></trkpt>
<trkpt lat="43.251041" lon="11.343816"><ele>223.25</ele></trkpt>
<trkpt lat="43.250969" lon="11.344004"><ele>223.75</ele></trkpt>
<trkpt lat="43.250949" lon="11.344095"><ele>223.75</ele></trkpt>
<trkpt lat="43.250927" lon="11.344262"><ele>223.0</ele></trkpt>
<trkpt lat="43.250913" lon="11.344320"><ele>222.75</ele></trkpt>
<trkpt lat="43.250892" lon="11.344379"><ele>222.5</ele></trkpt>
<trkpt lat="43.250800" lon="11.344564"><ele>222.75</ele></trkpt>
<trkpt lat="43.250775" lon="11.344636"><ele>223.0</ele></trkpt>
<trkpt lat="43.250752" lon="11.344734"><ele>222.75</ele></trkpt>
<trkpt lat="43.250755" lon="11.344794"><ele>222.25</ele></trkpt>
<trkpt lat="43.250747" lon="11.345213"><ele>218.5</ele></trkpt>
<trkpt lat="43.250765" lon="11.345403"><ele>216.75</ele></trkpt>
<trkpt lat="43.250783" lon="11.345517"><ele>215.75</ele></trkpt>
<trkpt lat="43.250808" lon="11.345624"><ele>214.75</ele></trkpt>
<trkpt lat="43.250987" lon="11.346314"><ele>207.75</ele></trkpt>
<trkpt lat="43.251100" lon="11.346924"><ele>201.25</ele></trkpt>
<trkpt lat="43.251179" lon="11.347533"><ele>194.5</ele></trkpt>
<trkpt lat="43.251207" lon="11.347927"><ele>191.25</ele></trkpt>
<trkpt lat="43.251200" lon="11.348285"><ele>190.0</ele></trkpt>
<trkpt lat="43.251176" lon="11.348388"><ele>189.75</ele></trkpt>
<trkpt lat="43.251148" lon="11.348672"><ele>189.0</ele></trkpt>
<trkpt lat="43.251149" lon="11.348966"><ele>188.75</ele></trkpt>
<trkpt lat="43.251245" lon="11.349291"><ele>188.25</ele></trkpt>
<trkpt lat="43.251310" lon="11.349610"><ele>187.75</ele></trkpt>
<trkpt lat="43.251302" lon="11.349948"><ele>187.5</ele></trkpt>
<trkpt lat="43.251299" lon="11.350071"><ele>188.25</ele></trkpt>
<trkpt lat="43.251291" lon="11.350111"><ele>188.5</ele></trkpt>
<trkpt lat="43.251272" lon="11.350152"><ele>188.75</ele></trkpt>
<trkpt lat="43.251246" lon="11.350182"><ele>189.0</ele></trkpt>
<trkpt lat="43.250960" lon="11.350420"><ele>192.25</ele></trkpt>
<trkpt lat="43.250824" lon="11.350551"><ele>194.75</ele></trkpt>
<trkpt lat="43.250640" lon="11.350850"><ele>198.5</ele></trkpt>
<trkpt lat="43.250321" lon="11.351106"><ele>200.25</ele></trkpt>
<trkpt lat="43.250210" lon="11.351240"><ele>200.0</ele></trkpt>
<trkpt lat="43.249983" lon="11.351937"><ele>203.5</ele></trkpt>
<trkpt lat="43.249910" lon="11.352120"><ele>203.75</ele></trkpt>
<trkpt lat="43.249720" lon="11.352480"><ele>204.75</ele></trkpt>
<trkpt lat="43.249633" lon="11.352901"><ele>201.0</ele></trkpt>
<trkpt lat="43.249615" lon="11.353046"><ele>200.0</ele></trkpt>
<trkpt lat="43.249601" lon="11.353237"><ele>198.5</ele></trkpt>
<trkpt lat="43.249588" lon="11.353757"><ele>194.25</ele></trkpt>
<trkpt lat="43.249578" lon="11.353896"><ele>193.25</ele></trkpt>
<trkpt lat="43.249532" lon="11.354212"><ele>191.75</ele></trkpt>
<trkpt lat="43.249487" lon="11.354597"><ele>189.5</ele></trkpt>
<trkpt lat="43.249470" lon="11.354770"><ele>189.25</ele></trkpt>
<trkpt lat="43.249403" lon="11.355376"><ele>194.5</ele></trkpt>
<trkpt lat="43.249287" lon="11.356699"><ele>205.25</ele></trkpt>
<trkpt lat="43.249215" lon="11.357281"><ele>204.25</ele></trkpt>
<trkpt lat="43.249209" lon="11.357480"><ele>204.75</ele></trkpt>
<trkpt lat="43.249216" lon="11.357627"><ele>205.25</ele></trkpt>
<trkpt lat="43.249241" lon="11.357775"><ele>206.0</ele></trkpt>
<trkpt lat="43.249266" lon="11.357857"><ele>206.25</ele></trkpt>
<trkpt lat="43.249315" lon="11.357968"><ele>207.0</ele></trkpt>
<trkpt lat="43.249377" lon="11.358056"><ele>208.25</ele></trkpt>
<trkpt lat="43.249650" lon="11.358380"><ele>213.75</ele></trkpt>
<trkpt lat="43.249910" lon="11.358600"><ele>217.5</ele></trkpt>
<trkpt lat="43.250224" lon="11.358758"><ele>221.5</ele></trkpt>
<trkpt lat="43.250427" lon="11.358824"><ele>221.5</ele></trkpt>
<trkpt lat="43.250470" lon="11.358920"><ele>221.5</ele></trkpt>
<trkpt lat="43.250680" lon="11.359567"><ele>221.5</ele></trkpt>
<trkpt lat="43.250708" lon="11.359626"><ele>221.75</ele></trkpt>
<trkpt lat="43.250791" lon="11.359761"><ele>222.25</ele></trkpt>
<trkpt lat="43.251087" lon="11.360203"><ele>222.5</ele></trkpt>
<trkpt lat="43.251652" lon="11.361078"><ele>226.25</ele></trkpt>
<trkpt lat="43.251809" lon="11.361283"><ele>226.0</ele></trkpt>
<trkpt lat="43.251874" lon="11.361353"><ele>226.5</ele></trkpt>
<trkpt lat="43.252053" lon="11.361516"><ele>227.25</ele></trkpt>
<trkpt lat="43.252174" lon="11.361613"><ele>227.5</ele></trkpt>
<trkpt lat="43.252306" lon="11.361799"><ele>226.5</ele></trkpt>
<trkpt lat="43.252545" lon="11.362189"><ele>228.0</ele></trkpt>
<trkpt lat="43.252663" lon="11.362339"><ele>228.5</ele></trkpt>
<trkpt lat="43.252766" lon="11.362492"><ele>228.0</ele></trkpt>
<trkpt lat="43.252890" lon="11.362702"><ele>229.25</ele></trkpt>
<trkpt lat="43.253102" lon="11.362584"><ele>227.0</ele></trkpt>
<trkpt lat="43.253314" lon="11.362505"><ele>226.75</ele></trkpt>
<trkpt lat="43.253476" lon="11.362456"><ele>226.0</ele></trkpt>
<trkpt lat="43.253637" lon="11.362416"><ele>225.25</ele></trkpt>
<trkpt lat="43.254033" lon="11.362369"><ele>221.75</ele></trkpt>
<trkpt lat="43.254131" lon="11.362342"><ele>221.75</ele></trkpt>
<trkpt lat="43.254228" lon="11.362296"><ele>221.5</ele></trkpt>
<trkpt lat="43.254372" lon="11.362214"><ele>220.75</ele></trkpt>
<trkpt lat="43.254493" lon="11.362121"><ele>220.0</ele></trkpt>
<trkpt lat="43.254573" lon="11.362044"><ele>219.5</ele></trkpt>
<trkpt lat="43.254650" lon="11.361953"><ele>219.0</ele></trkpt>
<trkpt lat="43.254689" lon="11.361893"><ele>218.75</ele></trkpt>
<trkpt lat="43.255005" lon="11.361256"><ele>214.25</ele></trkpt>
<trkpt lat="43.255069" lon="11.361144"><ele>213.75</ele></trkpt>
<trkpt lat="43.255219" lon="11.360923"><ele>212.5</ele></trkpt>
<trkpt lat="43.255298" lon="11.360831"><ele>211.5</ele></trkpt>
<trkpt lat="43.255409" lon="11.360734"><ele>210.5</ele></trkpt>
<trkpt lat="43.255989" lon="11.360326"><ele>207.5</ele></trkpt>
<trkpt lat="43.256043" lon="11.360289"><ele>207.25</ele></trkpt>
<trkpt lat="43.256178" lon="11.360215"><ele>205.5</ele></trkpt>
<trkpt lat="43.256276" lon="11.360177"><ele>204.5</ele></trkpt>
<trkpt lat="43.256575" lon="11.360122"><ele>202.5</ele></trkpt>
<trkpt lat="43.256718" lon="11.360105"><ele>201.75</ele></trkpt>
<trkpt lat="43.257086" lon="11.360109"><ele>200.5</ele></trkpt>
<trkpt lat="43.257333" lon="11.360162"><ele>199.75</ele></trkpt>
<trkpt lat="43.257446" lon="11.360205"><ele>199.25</ele></trkpt>
<trkpt lat="43.257804" lon="11.360374"><ele>196.75</ele></trkpt>
<trkpt lat="43.257935" lon="11.360450"><ele>196.25</ele></trkpt>
<trkpt lat="43.258029" lon="11.360520"><ele>196.5</ele></trkpt>
<trkpt lat="43.258597" lon="11.361031"><ele>193.0</ele></trkpt>
<trkpt lat="43.258910" lon="11.361295"><ele>191.75</ele></trkpt>
<trkpt lat="43.259084" lon="11.361403"><ele>191.0</ele></trkpt>
<trkpt lat="43.259347" lon="11.361545"><ele>189.0</ele></trkpt>
<trkpt lat="43.259566" lon="11.361656"><ele>188.0</ele></trkpt>
<trkpt lat="43.259782" lon="11.361748"><ele>187.0</ele></trkpt>
<trkpt lat="43.259983" lon="11.361819"><ele>186.5</ele></trkpt>
<trkpt lat="43.260408" lon="11.361931"><ele>184.75</ele></trkpt>
<trkpt lat="43.260626" lon="11.361968"><ele>183.5</ele></trkpt>
<trkpt lat="43.260921" lon="11.361954"><ele>181.5</ele></trkpt>
<trkpt lat="43.261033" lon="11.361933"><ele>181.25</ele></trkpt>
<trkpt lat="43.261184" lon="11.361879"><ele>182.0</ele></trkpt>
<trkpt lat="43.261327" lon="11.361817"><ele>183.5</ele></trkpt>
<trkpt lat="43.261600" lon="11.361659"><ele>184.25</ele></trkpt>
<trkpt lat="43.261775" lon="11.361532"><ele>183.75</ele></trkpt>
<trkpt lat="43.262040" lon="11.361293"><ele>182.75</ele></trkpt>
<trkpt lat="43.262138" lon="11.361181"><ele>182.5</ele></trkpt>
<trkpt lat="43.262873" lon="11.360275"><ele>181.5</ele></trkpt>
<trkpt lat="43.262951" lon="11.360186"><ele>181.25</ele></trkpt>
<trkpt lat="43.263292" lon="11.359817"><ele>181.5</ele></trkpt>
<trkpt lat="43.263382" lon="11.359732"><ele>181.75</ele></trkpt>
<trkpt lat="43.263560" lon="11.359583"><ele>182.5</ele></trkpt>
<trkpt lat="43.263886" lon="11.359371"><ele>183.5</ele></trkpt>
<trkpt lat="43.264047" lon="11.359235"><ele>183.75</ele></trkpt>
<trkpt lat="43.264139" lon="11.359142"><ele>184.0</ele></trkpt>
<trkpt lat="43.264235" lon="11.359016"><ele>184.0</ele></trkpt>
<trkpt lat="43.264337" lon="11.358856"><ele>184.5</ele></trkpt>
<trkpt lat="43.264566" lon="11.358435"><ele>185.0</ele></trkpt>
<trkpt lat="43.264625" lon="11.358343"><ele>185.25</ele></trkpt>
<trkpt lat="43.264735" lon="11.358242"><ele>185.25</ele></trkpt>
<trkpt lat="43.264805" lon="11.358213"><ele>185.0</ele></trkpt>
<trkpt lat="43.264850" lon="11.358203"><ele>185.0</ele></trkpt>
<trkpt lat="43.264956" lon="11.358199"><ele>184.5</ele></trkpt>
<trkpt lat="43.265025" lon="11.358213"><ele>184.25</ele></trkpt>
<trkpt lat="43.265073" lon="11.358234"><ele>184.25</ele></trkpt>
<trkpt lat="43.265176" lon="11.358285"><ele>184.0</ele></trkpt>
<trkpt lat="43.265664" lon="11.358482"><ele>182.25</ele></trkpt>
<trkpt lat="43.266291" lon="11.358765"><ele>181.75</ele></trkpt>
<trkpt lat="43.266443" lon="11.358831"></trkpt>
<trkpt lat="43.266529" lon="11.358868"><ele>182.25</ele></trkpt>
<trkpt lat="43.266862" lon="11.359017"><ele>184.0</ele></trkpt>
<trkpt lat="43.266813" lon="11.359124"><ele>184.25</ele></trkpt>
<trkpt lat="43.266763" lon="11.359195"><ele>184.5</ele></trkpt>
<trkpt lat="43.266638" lon="11.359329"><ele>184.75</ele></trkpt>
<trkpt lat="43.266489" lon="11.359547"><ele>183.5</ele></trkpt>
<trkpt lat="43.266369" lon="11.359664"><ele>182.5</ele></trkpt>
<trkpt lat="43.266302" lon="11.359753"><ele>182.75</ele></trkpt>
<trkpt lat="43.266287" lon="11.359792"><ele>183.0</ele></trkpt>
<trkpt lat="43.266289" lon="11.359836"><ele>183.25</ele></trkpt>
<trkpt lat="43.266411" lon="11.359975"><ele>184.75</ele></trkpt>
<trkpt lat="43.266424" lon="11.360008"><ele>185.25</ele></trkpt>
<trkpt lat="43.266415" lon="11.360114"><ele>186.0</ele></trkpt>
<trkpt lat="43.266398" lon="11.360176"><ele>186.25</ele></trkpt>
<trkpt lat="43.265993" lon="11.360930"><ele>186.0</ele></trkpt>
<trkpt lat="43.265989" lon="11.360958"><ele>186.0</ele></trkpt>
<trkpt lat="43.265998" lon="11.360987"><ele>186.0</ele></trkpt>
<trkpt lat="43.266028" lon="11.361018"><ele>186.25</ele></trkpt>
<trkpt lat="43.266614" lon="11.361445"><ele>193.75</ele></trkpt>
<trkpt lat="43.266814" lon="11.361520"><ele>197.0</ele></trkpt>
<trkpt lat="43.267101" lon="11.361710"><ele>202.25</ele></trkpt>
<trkpt lat="43.267172" lon="11.361746"><ele>203.5</ele></trkpt>
<trkpt lat="43.267231" lon="11.361765"><ele>204.75</ele></trkpt>
<trkpt lat="43.267276" lon="11.361766"><ele>205.5</ele></trkpt>
<trkpt lat="43.267437" lon="11.361736"><ele>208.75</ele></trkpt>
<trkpt lat="43.267516" lon="11.361703"><ele>210.0</ele></trkpt>
<trkpt lat="43.267595" lon="11.361651"><ele>211.25</ele></trkpt>
<trkpt lat="43.267644" lon="11.361605"><ele>212.0</ele></trkpt>
<trkpt lat="43.267671" lon="11.361558"><ele>212.5</ele></trkpt>
<trkpt lat="43.267708" lon="11.361424"><ele>213.0</ele></trkpt>
<trkpt lat="43.267777" lon="11.361296"><ele>213.5</ele></trkpt>
<trkpt lat="43.267806" lon="11.361279"><ele>213.25</ele></trkpt>
<trkpt lat="43.267846" lon="11.361285"><ele>213.25</ele></trkpt>
<trkpt lat="43.267895" lon="11.361308"><ele>213.0</ele></trkpt>
<trkpt lat="43.267973" lon="11.361370"><ele>213.0</ele></trkpt>
<trkpt lat="43.268269" lon="11.361760"><ele>211.75</ele></trkpt>
<trkpt lat="43.268524" lon="11.362162"><ele>214.0</ele></trkpt>
<trkpt lat="43.268609" lon="11.362261"><ele>215.5</ele></trkpt>
<trkpt lat="43.268699" lon="11.362314"><ele>216.25</ele></trkpt>
<trkpt lat="43.269193" lon="11.362444"><ele>219.25</ele></trkpt>
<trkpt lat="43.269351" lon="11.362502"><ele>221.75</ele></trkpt>
<trkpt lat="43.269444" lon="11.362572"><ele>222.75</ele></trkpt>
<trkpt lat="43.269488" lon="11.362630"><ele>223.75</ele></trkpt>
<trkpt lat="43.269658" lon="11.362941"><ele>225.5</ele></trkpt>
<trkpt lat="43.269736" lon="11.363031"><ele>226.25</ele></trkpt>
<trkpt lat="43.269810" lon="11.363088"><ele>227.0</ele></trkpt>
<trkpt lat="43.270115" lon="11.363266"><ele>229.0</ele></trkpt>
<trkpt lat="43.270230" lon="11.363353"><ele>229.25</ele></trkpt>
<trkpt lat="43.270668" lon="11.363731"><ele>227.5</ele></trkpt>
<trkpt lat="43.270775" lon="11.363834"><ele>226.5</ele></trkpt>
<trkpt lat="43.271202" lon="11.364192"><ele>223.25</ele></trkpt>
<trkpt lat="43.271307" lon="11.364309"><ele>223.75</ele></trkpt>
<trkpt lat="43.271334" lon="11.364352"><ele>224.0</ele></trkpt>
<trkpt lat="43.271380" lon="11.364449"><ele>224.75</ele></trkpt>
<trkpt lat="43.271510" lon="11.364871"><ele>220.25</ele></trkpt>
<trkpt lat="43.271538" lon="11.364938"><ele>220.0</ele></trkpt>
<trkpt lat="43.271657" lon="11.365157"><ele>219.75</ele></trkpt>
<trkpt lat="43.271717" lon="11.365291"><ele>219.25</ele></trkpt>
<trkpt lat="43.271771" lon="11.365483"><ele>218.5</ele></trkpt>
<trkpt lat="43.271780" lon="11.365548"><ele>218.25</ele></trkpt>
<trkpt lat="43.271783" lon="11.365683"><ele>218.0</ele></trkpt>
<trkpt lat="43.271767" lon="11.365926"><ele>216.0</ele></trkpt>
<trkpt lat="43.271768" lon="11.366163"><ele>213.25</ele></trkpt>
<trkpt lat="43.271800" lon="11.366377"><ele>212.25</ele></trkpt>
<trkpt lat="43.271912" lon="11.366795"><ele>210.75</ele></trkpt>
<trkpt lat="43.271929" lon="11.366879"><ele>210.75</ele></trkpt>
<trkpt lat="43.271933" lon="11.366942"><ele>210.5</ele></trkpt>
<trkpt lat="43.271930" lon="11.367051"><ele>210.25</ele></trkpt>
<trkpt lat="43.271867" lon="11.367418"><ele>207.75</ele></trkpt>
<trkpt lat="43.271840" lon="11.367636"><ele>206.25</ele></trkpt>
<trkpt lat="43.271810" lon="11.367921"><ele>204.5</ele></trkpt>
<trkpt lat="43.271757" lon="11.368601"><ele>201.75</ele></trkpt>
<trkpt lat="43.271736" lon="11.368773"><ele>201.25</ele></trkpt>
<trkpt lat="43.271688" lon="11.369049"><ele>200.25</ele></trkpt>
<trkpt lat="43.271570" lon="11.369655"><ele>198.25</ele></trkpt>
<trkpt lat="43.271556" lon="11.369764"><ele>197.5</ele></trkpt>
<trkpt lat="43.271554" lon="11.369857"><ele>196.75</ele></trkpt>
<trkpt lat="43.271566" lon="11.369961"><ele>196.25</ele></trkpt>
<trkpt lat="43.271595" lon="11.370106"><ele>195.5</ele></trkpt>
<trkpt lat="43.271950" lon="11.371230"><ele>188.5</ele></trkpt>
<trkpt lat="43.272025" lon="11.371501"><ele>188.5</ele></trkpt>
<trkpt lat="43.272066" lon="11.371703"><ele>189.5</ele></trkpt>
<trkpt lat="43.272068" lon="11.371861"><ele>189.75</ele></trkpt>
<trkpt lat="43.272050" lon="11.372106"><ele>190.5</ele></trkpt>
<trkpt lat="43.271920" lon="11.373262"><ele>193.75</ele></trkpt>
<trkpt lat="43.271907" lon="11.373496"><ele>193.75</ele></trkpt>
<trkpt lat="43.271909" lon="11.373548"><ele>193.75</ele></trkpt>
<trkpt lat="43.271937" lon="11.373675"><ele>193.75</ele></trkpt>
<trkpt lat="43.271997" lon="11.373884"><ele>193.75</ele></trkpt>
<trkpt lat="43.272039" lon="11.374002"><ele>193.5</ele></trkpt>
<trkpt lat="43.272603" lon="11.375465"><ele>194.75</ele></trkpt>
<trkpt lat="43.272652" lon="11.375605"><ele>195.0</ele></trkpt>
<trkpt lat="43.272652" lon="11.375640"><ele>195.0</ele></trkpt>
<trkpt lat="43.272640" lon="11.375677"><ele>195.0</ele></trkpt>
<trkpt lat="43.272585" lon="11.375768"><ele>195.0</ele></trkpt>
<trkpt lat="43.272277" lon="11.376225"><ele>193.5</ele></trkpt>
<trkpt lat="43.271796" lon="11.376471"><ele>193.0</ele></trkpt>
<trkpt lat="43.271739" lon="11.376577"><ele>193.0</ele></trkpt>
<trkpt lat="43.271639" lon="11.376692"><ele>192.5</ele></trkpt>
<trkpt lat="43.270578" lon="11.377431"><ele>185.0</ele></trkpt>
<trkpt lat="43.270547" lon="11.377445"><ele>185.0</ele></trkpt>
<trkpt lat="43.270463" lon="11.377459"><ele>185.25</ele></trkpt>
<trkpt lat="43.270223" lon="11.377466"><ele>186.75</ele></trkpt>
<trkpt lat="43.269983" lon="11.377456"><ele>188.25</ele></trkpt>
<trkpt lat="43.269669" lon="11.377474"><ele>187.75</ele></trkpt>
<trkpt lat="43.269511" lon="11.377378"><ele>187.25</ele></trkpt>
<trkpt lat="43.269422" lon="11.377357"><ele>186.75</ele></trkpt>
<trkpt lat="43.269317" lon="11.377284"><ele>186.0</ele></trkpt>
<trkpt lat="43.269282" lon="11.377268"><ele>185.75</ele></trkpt>
<trkpt lat="43.269253" lon="11.377268"><ele>185.5</ele></trkpt>
<trkpt lat="43.269186" lon="11.377295"><ele>185.25</ele></trkpt>
<trkpt lat="43.269152" lon="11.377293"><ele>185.0</ele></trkpt>
<trkpt lat="43.269112" lon="11.377272"><ele>184.75</ele></trkpt>
<trkpt lat="43.268795" lon="11.376893"><ele>181.5</ele></trkpt>
<trkpt lat="43.268757" lon="11.376864"><ele>181.25</ele></trkpt>
<trkpt lat="43.268739" lon="11.376863"><ele>181.25</ele></trkpt>
<trkpt lat="43.268711" lon="11.376889"><ele>181.0</ele></trkpt>
<trkpt lat="43.268664" lon="11.377002"><ele>181.25</ele></trkpt>
<trkpt lat="43.268647" lon="11.377051"><ele>181.5</ele></trkpt>
<trkpt lat="43.268633" lon="11.377095"><ele>181.5</ele></trkpt>
<trkpt lat="43.268574" lon="11.377255"><ele>181.75</ele></trkpt>
<trkpt lat="43.268566" lon="11.377352"><ele>182.25</ele></trkpt>
<trkpt lat="43.268577" lon="11.377391"><ele>182.75</ele></trkpt>
<trkpt lat="43.268597" lon="11.377416"><ele>183.0</ele></trkpt>
<trkpt lat="43.268623" lon="11.377433"><ele>183.5</ele></trkpt>
<trkpt lat="43.268801" lon="11.377522"><ele>184.5</ele></trkpt>
<trkpt lat="43.268846" lon="11.377561"><ele>184.25</ele></trkpt>
<trkpt lat="43.269346" lon="11.378063"><ele>181.5</ele></trkpt>
<trkpt lat="43.269375" lon="11.378090"><ele>181.25</ele></trkpt>
<trkpt lat="43.269494" lon="11.378211"><ele>180.25</ele></trkpt>
<trkpt lat="43.269599" lon="11.378301"><ele>179.75</ele></trkpt>
<trkpt lat="43.269873" lon="11.378479"><ele>179.0</ele></trkpt>
<trkpt lat="43.270147" lon="11.378622"><ele>178.75</ele></trkpt>
<trkpt lat="43.270298" lon="11.378682"><ele>178.5</ele></trkpt>
<trkpt lat="43.270447" lon="11.378721"><ele>178.5</ele></trkpt>
<trkpt lat="43.270676" lon="11.378767"><ele>178.0</ele></trkpt>
<trkpt lat="43.271098" lon="11.378830"><ele>177.0</ele></trkpt>
<trkpt lat="43.271560" lon="11.378824"><ele>176.5</ele></trkpt>
<trkpt lat="43.271881" lon="11.378777"><ele>177.75</ele></trkpt>
<trkpt lat="43.272143" lon="11.378710"><ele>178.25</ele></trkpt>
<trkpt lat="43.272407" lon="11.378617"><ele>178.75</ele></trkpt>
<trkpt lat="43.272940" lon="11.378402"><ele>178.5</ele></trkpt>
<trkpt lat="43.273390" lon="11.378233"><ele>179.5</ele></trkpt>
<trkpt lat="43.273632" lon="11.378167"><ele>179.5</ele></trkpt>
<trkpt lat="43.273807" lon="11.378070"><ele>179.75</ele></trkpt>
<trkpt lat="43.274209" lon="11.377938"><ele>182.0</ele></trkpt>
<trkpt lat="43.274377" lon="11.377862"><ele>182.25</ele></trkpt>
<trkpt lat="43.274459" lon="11.377817"><ele>182.25</ele></trkpt>
<trkpt lat="43.274543" lon="11.377755"><ele>182.0</ele></trkpt>
<trkpt lat="43.274684" lon="11.377683"><ele>181.0</ele></trkpt>
<trkpt lat="43.275084" lon="11.377532"><ele>179.25</ele></trkpt>
<trkpt lat="43.275645" lon="11.377303"><ele>178.5</ele></trkpt>
<trkpt lat="43.276078" lon="11.377115"><ele>178.75</ele></trkpt>
<trkpt lat="43.276506" lon="11.376956"><ele>179.5</ele></trkpt>
<trkpt lat="43.276706" lon="11.376898"><ele>178.75</ele></trkpt>
<trkpt lat="43.276907" lon="11.376859"><ele>178.0</ele></trkpt>
<trkpt lat="43.277092" lon="11.376845"><ele>176.75</ele></trkpt>
<trkpt lat="43.277275" lon="11.376859"><ele>175.25</ele></trkpt>
<trkpt lat="43.277432" lon="11.376909"><ele>173.75</ele></trkpt>
<trkpt lat="43.277567" lon="11.376941"><ele>173.25</ele></trkpt>
<trkpt lat="43.277626" lon="11.376942"><ele>173.25</ele></trkpt>
<trkpt lat="43.277884" lon="11.376931"><ele>174.75</ele></trkpt>
<trkpt lat="43.278219" lon="11.376959"><ele>177.0</ele></trkpt>
<trkpt lat="43.278349" lon="11.376986"><ele>178.0</ele></trkpt>
<trkpt lat="43.278482" lon="11.377027"><ele>178.25</ele></trkpt>
<trkpt lat="43.278771" lon="11.377097"><ele>178.0</ele></trkpt>
<trkpt lat="43.279008" lon="11.377143"><ele>177.25</ele></trkpt>
<trkpt lat="43.279137" lon="11.377157"><ele>176.75</ele></trkpt>
<trkpt lat="43.279423" lon="11.377157"><ele>176.5</ele></trkpt>
<trkpt lat="43.279674" lon="11.377136"><ele>176.5</ele></trkpt>
<trkpt lat="43.279925" lon="11.377091"><ele>176.0</ele></trkpt>
<trkpt lat="43.280261" lon="11.377003"><ele>175.5</ele></trkpt>
<trkpt lat="43.280843" lon="11.376806"><ele>176.25</ele></trkpt>
<trkpt lat="43.281275" lon="11.376671"><ele>175.75</ele></trkpt>
<trkpt lat="43.281410" lon="11.376639"><ele>176.0</ele></trkpt>
<trkpt lat="43.281496" lon="11.376633"><ele>175.75</ele></trkpt>
<trkpt lat="43.281525" lon="11.376640"><ele>175.5</ele></trkpt>
<trkpt lat="43.281547" lon="11.376649"><ele>175.5</ele></trkpt>
<trkpt lat="43.281614" lon="11.376712"><ele>174.75</ele></trkpt>
<trkpt lat="43.281711" lon="11.376828"><ele>173.5</ele></trkpt>
<trkpt lat="43.281741" lon="11.376836"><ele>173.5</ele></trkpt>
<trkpt lat="43.281794" lon="11.376815"><ele>173.5</ele></trkpt>
<trkpt lat="43.281813" lon="11.376805"><ele>173.5</ele></trkpt>
<trkpt lat="43.281854" lon="11.376784"><ele>173.75</ele></trkpt>
<trkpt lat="43.281875" lon="11.376773"><ele>173.75</ele></trkpt>
<trkpt lat="43.281890" lon="11.376743"><ele>174.0</ele></trkpt>
<trkpt lat="43.281909" lon="11.376653"><ele>175.0</ele></trkpt>
<trkpt lat="43.281979" lon="11.376519"><ele>176.0</ele></trkpt>
<trkpt lat="43.282057" lon="11.376321"><ele>177.25</ele></trkpt>
<trkpt lat="43.282121" lon="11.376231"><ele>177.75</ele></trkpt>
<trkpt lat="43.282194" lon="11.376177"><ele>177.75</ele></trkpt>
<trkpt lat="43.282873" lon="11.375874"><ele>177.25</ele></trkpt>
<trkpt lat="43.282993" lon="11.375831"><ele>177.0</ele></trkpt>
<trkpt lat="43.283031" lon="11.375837"><ele>177.0</ele></trkpt>
<trkpt lat="43.283077" lon="11.375877"><ele>176.5</ele></trkpt>
<trkpt lat="43.283455" lon="11.376277"><ele>173.5</ele></trkpt>
<trkpt lat="43.283498" lon="11.376310"><ele>173.5</ele></trkpt>
<trkpt lat="43.283541" lon="11.376342"><ele>173.25</ele></trkpt>
<trkpt lat="43.283563" lon="11.376347"><ele>173.25</ele></trkpt>
<trkpt lat="43.283602" lon="11.376340"><ele>173.0</ele></trkpt>
<trkpt lat="43.283654" lon="11.376308"><ele>173.0</ele></trkpt>
<trkpt lat="43.285385" lon="11.374981"><ele>181.0</ele></trkpt>
<trkpt lat="43.285500" lon="11.374966"><ele>181.0</ele></trkpt>
<trkpt lat="43.286067" lon="11.374550"><ele>182.0</ele></trkpt>
<trkpt lat="43.286093" lon="11.374519"><ele>182.0</ele></trkpt>
<trkpt lat="43.286141" lon="11.374411"><ele>182.25</ele></trkpt>
<trkpt lat="43.286259" lon="11.374352"><ele>184.0</ele></trkpt>
<trkpt lat="43.286310" lon="11.374307"><ele>184.75</ele></trkpt>
<trkpt lat="43.286468" lon="11.374123"><ele>188.0</ele></trkpt>
<trkpt lat="43.286502" lon="11.374099"><ele>188.5</ele></trkpt>
<trkpt lat="43.286526" lon="11.374092"><ele>189.0</ele></trkpt>
<trkpt lat="43.286550" lon="11.374095"><ele>189.25</ele></trkpt>
<trkpt lat="43.286580" lon="11.374119"><ele>189.25</ele></trkpt>
<trkpt lat="43.286645" lon="11.374218"><ele>189.25</ele></trkpt>
<trkpt lat="43.286815" lon="11.374542"><ele>187.25</ele></trkpt>
<trkpt lat="43.286932" lon="11.374789"><ele>186.5</ele></trkpt>
<trkpt lat="43.287040" lon="11.375050"><ele>184.5</ele></trkpt>
<trkpt lat="43.287156" lon="11.375358"><ele>181.0</ele></trkpt>
<trkpt lat="43.287193" lon="11.375442"><ele>180.0</ele></trkpt>
<trkpt lat="43.287216" lon="11.375472"><ele>179.5</ele></trkpt>
<trkpt lat="43.287341" lon="11.375574"><ele>180.0</ele></trkpt>
<trkpt lat="43.287359" lon="11.375597"><ele>180.0</ele></trkpt>
<trkpt lat="43.287388" lon="11.375665"><ele>179.5</ele></trkpt>
<trkpt lat="43.287398" lon="11.375704"><ele>179.25</ele></trkpt>
<trkpt lat="43.287424" lon="11.375981"><ele>177.25</ele></trkpt>
<trkpt lat="43.287453" lon="11.376564"><ele>177.0</ele></trkpt>
<trkpt lat="43.287467" lon="11.376624"><ele>177.5</ele></trkpt>
<trkpt lat="43.287484" lon="11.376666"><ele>177.75</ele></trkpt>
<trkpt lat="43.287549" lon="11.376786"><ele>177.75</ele></trkpt>
<trkpt lat="43.287596" lon="11.376840"><ele>177.75</ele></trkpt>
<trkpt lat="43.287653" lon="11.376863"><ele>178.0</ele></trkpt>
<trkpt lat="43.287862" lon="11.376853"><ele>179.25</ele></trkpt>
<trkpt lat="43.287957" lon="11.376859"><ele>179.75</ele></trkpt>
<trkpt lat="43.288183" lon="11.376928"><ele>180.0</ele></trkpt>
<trkpt lat="43.288248" lon="11.376928"><ele>180.0</ele></trkpt>
<trkpt lat="43.288314" lon="11.376909"><ele>180.25</ele></trkpt>
<trkpt lat="43.288630" lon="11.376763"><ele>179.5</ele></trkpt>
<trkpt lat="43.288738" lon="11.376722"><ele>180.25</ele></trkpt>
<trkpt lat="43.289128" lon="11.376609"><ele>181.0</ele></trkpt>
<trkpt lat="43.289178" lon="11.376597"><ele>181.0</ele></trkpt>
<trkpt lat="43.289166" lon="11.376312"><ele>182.5</ele></trkpt>
<trkpt lat="43.289149" lon="11.375551"><ele>188.0</ele></trkpt>
<trkpt lat="43.289126" lon="11.374949"><ele>193.75</ele></trkpt>
<trkpt lat="43.289090" lon="11.374030"><ele>206.0</ele></trkpt>
<trkpt lat="43.289086" lon="11.373752"><ele>208.75</ele></trkpt>
<trkpt lat="43.289102" lon="11.373107"><ele>214.0</ele></trkpt>
<trkpt lat="43.289100" lon="11.372783"><ele>216.75</ele></trkpt>
<trkpt lat="43.289107" lon="11.372704"><ele>217.5</ele></trkpt>
<trkpt lat="43.289125" lon="11.372615"><ele>218.25</ele></trkpt>
<trkpt lat="43.289154" lon="11.372546"><ele>219.25</ele></trkpt>
<trkpt lat="43.289177" lon="11.372511"><ele>219.75</ele></trkpt>
<trkpt lat="43.289223" lon="11.372465"><ele>220.5</ele></trkpt>
<trkpt lat="43.289751" lon="11.372178"><ele>223.25</ele></trkpt>
<trkpt lat="43.289815" lon="11.372132"><ele>223.5</ele></trkpt>
<trkpt lat="43.289851" lon="11.372093"><ele>223.75</ele></trkpt>
<trkpt lat="43.289889" lon="11.372030"><ele>224.25</ele></trkpt>
<trkpt lat="43.289908" lon="11.371965"><ele>224.75</ele></trkpt>
<trkpt lat="43.289910" lon="11.371930"><ele>225.0</ele></trkpt>
<trkpt lat="43.289909" lon="11.371747"><ele>225.25</ele></trkpt>
<trkpt lat="43.289919" lon="11.371681"><ele>225.5</ele></trkpt>
<trkpt lat="43.289935" lon="11.371631"><ele>225.5</ele></trkpt>
<trkpt lat="43.289977" lon="11.371569"><ele>225.75</ele></trkpt>
<trkpt lat="43.290097" lon="11.371478"><ele>225.75</ele></trkpt>
<trkpt lat="43.290204" lon="11.371402"><ele>225.75</ele></trkpt>
<trkpt lat="43.290281" lon="11.371334"><ele>225.75</ele></trkpt>
<trkpt lat="43.290326" lon="11.371267"><ele>225.75</ele></trkpt>
<trkpt lat="43.290445" lon="11.370974"><ele>225.5</ele></trkpt>
<trkpt lat="43.290482" lon="11.370908"><ele>225.25</ele></trkpt>
<trkpt lat="43.290565" lon="11.370803"><ele>224.75</ele></trkpt>
<trkpt lat="43.290674" lon="11.370707"><ele>225.0</ele></trkpt>
<trkpt lat="43.290891" lon="11.370616"><ele>225.5</ele></trkpt>
<trkpt lat="43.290997" lon="11.370583"><ele>225.5</ele></trkpt>
<trkpt lat="43.291105" lon="11.370528"><ele>225.75</ele></trkpt>
<trkpt lat="43.291186" lon="11.370474"><ele>226.0</ele></trkpt>
<trkpt lat="43.291404" lon="11.370303"><ele>226.0</ele></trkpt>
<trkpt lat="43.291535" lon="11.370222"><ele>225.0</ele></trkpt>
<trkpt lat="43.291699" lon="11.370146"><ele>224.0</ele></trkpt>
<trkpt lat="43.291812" lon="11.370105"><ele>223.75</ele></trkpt>
<trkpt lat="43.291912" lon="11.370080"><ele>223.75</ele></trkpt>
<trkpt lat="43.292082" lon="11.370057"><ele>225.25</ele></trkpt>
<trkpt lat="43.292907" lon="11.370067"><ele>225.5</ele></trkpt>
<trkpt lat="43.293006" lon="11.370059"><ele>225.0</ele></trkpt>
<trkpt lat="43.293073" lon="11.370044"><ele>225.25</ele></trkpt>
<trkpt lat="43.293363" lon="11.369962"><ele>228.75</ele></trkpt>
<trkpt lat="43.293527" lon="11.369903"><ele>229.5</ele></trkpt>
<trkpt lat="43.293877" lon="11.369699"><ele>230.5</ele></trkpt>
<trkpt lat="43.294646" lon="11.369199"><ele>238.5</ele></trkpt>
<trkpt lat="43.294692" lon="11.369155"><ele>239.0</ele></trkpt>
<trkpt lat="43.294773" lon="11.369054"><ele>239.0</ele></trkpt>
<trkpt lat="43.294819" lon="11.368975"><ele>238.75</ele></trkpt>
<trkpt lat="43.294920" lon="11.368757"><ele>238.25</ele></trkpt>
<trkpt lat="43.294973" lon="11.368659"><ele>238.0</ele></trkpt>
<trkpt lat="43.295042" lon="11.368564"><ele>238.5</ele></trkpt>
<trkpt lat="43.295092" lon="11.368514"><ele>239.25</ele></trkpt>
<trkpt lat="43.295139" lon="11.368475"><ele>240.0</ele></trkpt>
<trkpt lat="43.295232" lon="11.368420"><ele>241.5</ele></trkpt>
<trkpt lat="43.295314" lon="11.368382"><ele>243.0</ele></trkpt>
<trkpt lat="43.295570" lon="11.368328"><ele>248.75</ele></trkpt>
<trkpt lat="43.295756" lon="11.368287"><ele>248.0</ele></trkpt>
<trkpt lat="43.296185" lon="11.368091"><ele>245.0</ele></trkpt>
<trkpt lat="43.296359" lon="11.368051"><ele>243.25</ele></trkpt>
<trkpt lat="43.296434" lon="11.368041"><ele>242.25</ele></trkpt>
<trkpt lat="43.296619" lon="11.368040"><ele>240.25</ele></trkpt>
<trkpt lat="43.296887" lon="11.368083"><ele>239.5</ele></trkpt>
<trkpt lat="43.297114" lon="11.368153"><ele>238.25</ele></trkpt>
<trkpt lat="43.297336" lon="11.368245"><ele>236.25</ele></trkpt>
<trkpt lat="43.297617" lon="11.368411"><ele>235.0</ele></trkpt>
<trkpt lat="43.297855" lon="11.368516"><ele>236.25</ele></trkpt>
<trkpt lat="43.297946" lon="11.368538"><ele>236.5</ele></trkpt>
<trkpt lat="43.297967" lon="11.368541"><ele>236.5</ele></trkpt>
<trkpt lat="43.298140" lon="11.368517"><ele>236.0</ele></trkpt>
<trkpt lat="43.298269" lon="11.368470"><ele>235.5</ele></trkpt>
<trkpt lat="43.298419" lon="11.368397"><ele>235.5</ele></trkpt>
<trkpt lat="43.298460" lon="11.368367"><ele>235.5</ele></trkpt>
<trkpt lat="43.298550" lon="11.368272"><ele>235.25</ele></trkpt>
<trkpt lat="43.298645" lon="11.368128"><ele>235.75</ele></trkpt>
<trkpt lat="43.298701" lon="11.368011"><ele>236.5</ele></trkpt>
<trkpt lat="43.298773" lon="11.367835"><ele>237.25</ele></trkpt>
<trkpt lat="43.298848" lon="11.367633"><ele>238.5</ele></trkpt>
<trkpt lat="43.298920" lon="11.367443"><ele>239.0</ele></trkpt>
<trkpt lat="43.299048" lon="11.367135"><ele>239.0</ele></trkpt>
<trkpt lat="43.299107" lon="11.367004"><ele>239.25</ele></trkpt>
<trkpt lat="43.299193" lon="11.366846"><ele>239.75</ele></trkpt>
<trkpt lat="43.299317" lon="11.366675"><ele>241.25</ele></trkpt>
<trkpt lat="43.299794" lon="11.366075"><ele>244.25</ele></trkpt>
<trkpt lat="43.299878" lon="11.365984"><ele>244.0</ele></trkpt>
<trkpt lat="43.300023" lon="11.365858"><ele>243.5</ele></trkpt>
<trkpt lat="43.300107" lon="11.365798"><ele>242.75</ele></trkpt>
<trkpt lat="43.300172" lon="11.365768"><ele>242.25</ele></trkpt>
<trkpt lat="43.300396" lon="11.365739"><ele>242.0</ele></trkpt>
<trkpt lat="43.300722" lon="11.365742"><ele>241.25</ele></trkpt>
<trkpt lat="43.300840" lon="11.365716"><ele>240.5</ele></trkpt>
<trkpt lat="43.300905" lon="11.365685"><ele>240.25</ele></trkpt>
<trkpt lat="43.301440" lon="11.365359"><ele>243.25</ele></trkpt>
<trkpt lat="43.301542" lon="11.365290"><ele>243.75</ele></trkpt>
<trkpt lat="43.301612" lon="11.365221"><ele>244.0</ele></trkpt>
<trkpt lat="43.301688" lon="11.365107"><ele>244.5</ele></trkpt>
<trkpt lat="43.301724" lon="11.365023"><ele>245.0</ele></trkpt>
<trkpt lat="43.301828" lon="11.364693"><ele>247.25</ele></trkpt>
<trkpt lat="43.301869" lon="11.364589"><ele>248.25</ele></trkpt>
<trkpt lat="43.301921" lon="11.364480"><ele>249.25</ele></trkpt>
<trkpt lat="43.301976" lon="11.364400"><ele>250.0</ele></trkpt>
<trkpt lat="43.302016" lon="11.364353"><ele>250.25</ele></trkpt>
<trkpt lat="43.302103" lon="11.364273"><ele>251.75</ele></trkpt>
<trkpt lat="43.302259" lon="11.364157"><ele>255.0</ele></trkpt>
<trkpt lat="43.302568" lon="11.363992"><ele>258.5</ele></trkpt>
<trkpt lat="43.302634" lon="11.363969"><ele>259.0</ele></trkpt>
<trkpt lat="43.302978" lon="11.363961"><ele>257.25</ele></trkpt>
<trkpt lat="43.303040" lon="11.363955"><ele>256.5</ele></trkpt>
<trkpt lat="43.303100" lon="11.363939"><ele>255.75</ele></trkpt>
<trkpt lat="43.303169" lon="11.363900"><ele>255.25</ele></trkpt>
<trkpt lat="43.303222" lon="11.363855"><ele>254.5</ele></trkpt>
<trkpt lat="43.303278" lon="11.363760"><ele>253.75</ele></trkpt>
<trkpt lat="43.303280" lon="11.363834"><ele>253.75</ele></trkpt>
<trkpt lat="43.303131" lon="11.364290"><ele>252.25</ele></trkpt>
<trkpt lat="43.303031" lon="11.364621"><ele>251.25</ele></trkpt>
<trkpt lat="43.302914" lon="11.365198"><ele>239.5</ele></trkpt>
<trkpt lat="43.302795" lon="11.365786"><ele>239.5</ele></trkpt>
<trkpt lat="43.302682" lon="11.366404"><ele>232.5</ele></trkpt>
<trkpt lat="43.302596" lon="11.366827"><ele>228.25</ele></trkpt>
<trkpt lat="43.302713" lon="11.367121"><ele>226.0</ele></trkpt>
<trkpt lat="43.302865" lon="11.367323"><ele>223.25</ele></trkpt>
<trkpt lat="43.302895" lon="11.367381"><ele>222.25</ele></trkpt>
<trkpt lat="43.302911" lon="11.367462"><ele>220.25</ele></trkpt>
<trkpt lat="43.302901" lon="11.367524"><ele>219.0</ele></trkpt>
<trkpt lat="43.302866" lon="11.367639"><ele>217.25</ele></trkpt>
<trkpt lat="43.302458" lon="11.368272"><ele>213.25</ele></trkpt>
<trkpt lat="43.302191" lon="11.368642"><ele>214.0</ele></trkpt>
<trkpt lat="43.301967" lon="11.369043"><ele>214.0</ele></trkpt>
<trkpt lat="43.300970" lon="11.370517"><ele>209.75</ele></trkpt>
<trkpt lat="43.300918" lon="11.370619"><ele>208.5</ele></trkpt>
<trkpt lat="43.300912" lon="11.370672"><ele>208.0</ele></trkpt>
<trkpt lat="43.300934" lon="11.370738"><ele>207.25</ele></trkpt>
<trkpt lat="43.300993" lon="11.370822"><ele>206.0</ele></trkpt>
<trkpt lat="43.301238" lon="11.371236"><ele>196.75</ele></trkpt>
<trkpt lat="43.301301" lon="11.371163"><ele>196.5</ele></trkpt>
<trkpt lat="43.301384" lon="11.371050"><ele>196.5</ele></trkpt>
<trkpt lat="43.301377" lon="11.371103"><ele>196.25</ele></trkpt>
<trkpt lat="43.301380" lon="11.371180"><ele>195.25</ele></trkpt>
<trkpt lat="43.301400" lon="11.371260"><ele>194.5</ele></trkpt>
<trkpt lat="43.301422" lon="11.371314"><ele>194.25</ele></trkpt>
<trkpt lat="43.301469" lon="11.371369"><ele>194.5</ele></trkpt>
<trkpt lat="43.301497" lon="11.371390"><ele>194.75</ele></trkpt>
<trkpt lat="43.301555" lon="11.371416"><ele>195.75</ele></trkpt>
<trkpt lat="43.301597" lon="11.371425"><ele>196.5</ele></trkpt>
<trkpt lat="43.301652" lon="11.371419"><ele>197.5</ele></trkpt>
<trkpt lat="43.301695" lon="11.371390"><ele>198.0</ele></trkpt>
<trkpt lat="43.301731" lon="11.371440"><ele>197.75</ele></trkpt>
<trkpt lat="43.301793" lon="11.371504"><ele>198.0</ele></trkpt>
<trkpt lat="43.301820" lon="11.371514"><ele>198.0</ele></trkpt>
<trkpt lat="43.301843" lon="11.371506"><ele>198.25</ele></trkpt>
<trkpt lat="43.301866" lon="11.371481"><ele>198.5</ele></trkpt>
<trkpt lat="43.301722" lon="11.371829"><ele>196.25</ele></trkpt>
<trkpt lat="43.301713" lon="11.371883"><ele>196.25</ele></trkpt>
<trkpt lat="43.301721" lon="11.371927"><ele>196.25</ele></trkpt>
<trkpt lat="43.301906" lon="11.372112"><ele>198.25</ele></trkpt>
<trkpt lat="43.302084" lon="11.372292"><ele>200.5</ele></trkpt>
<trkpt lat="43.302149" lon="11.372343"><ele>201.75</ele></trkpt>
<trkpt lat="43.302222" lon="11.372383"><ele>203.25</ele></trkpt>
<trkpt lat="43.302264" lon="11.372404"><ele>204.5</ele></trkpt>
<trkpt lat="43.302216" lon="11.372546"><ele>204.75</ele></trkpt>
<trkpt lat="43.302158" lon="11.372747"><ele>203.5</ele></trkpt>
<trkpt lat="43.302124" lon="11.372904"><ele>202.75</ele></trkpt>
<trkpt lat="43.302113" lon="11.372990"><ele>202.5</ele></trkpt>
<trkpt lat="43.302113" lon="11.373145"><ele>201.75</ele></trkpt>
<trkpt lat="43.302149" lon="11.373502"><ele>200.0</ele></trkpt>
<trkpt lat="43.302208" lon="11.374024"><ele>198.0</ele></trkpt>
<trkpt lat="43.302242" lon="11.374309"><ele>197.0</ele></trkpt>
<trkpt lat="43.302293" lon="11.374696"><ele>196.5</ele></trkpt>
<trkpt lat="43.302319" lon="11.374817"><ele>196.5</ele></trkpt>
<trkpt lat="43.302360" lon="11.374945"><ele>196.5</ele></trkpt>
<trkpt lat="43.302393" lon="11.375029"><ele>196.5</ele></trkpt>
<trkpt lat="43.302451" lon="11.375170"><ele>196.5</ele></trkpt>
<trkpt lat="43.302730" lon="11.375873"><ele>196.5</ele></trkpt>
<trkpt lat="43.302769" lon="11.375998"><ele>196.25</ele></trkpt>
<trkpt lat="43.302802" lon="11.376132"><ele>196.0</ele></trkpt>
<trkpt lat="43.302820" lon="11.376255"><ele>196.0</ele></trkpt>
<trkpt lat="43.302829" lon="11.376393"><ele>195.75</ele></trkpt>
<trkpt lat="43.302820" lon="11.376621"><ele>195.25</ele></trkpt>
<trkpt lat="43.302786" lon="11.377125"><ele>196.0</ele></trkpt>
<trkpt lat="43.302762" lon="11.377379"><ele>196.5</ele></trkpt>
<trkpt lat="43.302699" lon="11.377715"><ele>197.5</ele></trkpt>
<trkpt lat="43.302614" lon="11.378056"><ele>198.25</ele></trkpt>
<trkpt lat="43.302506" lon="11.378404"><ele>199.0</ele></trkpt>
<trkpt lat="43.302428" lon="11.378660"><ele>199.0</ele></trkpt>
<trkpt lat="43.302267" lon="11.379158"><ele>200.25</ele></trkpt>
<trkpt lat="43.302031" lon="11.379855"><ele>199.75</ele></trkpt>
<trkpt lat="43.301995" lon="11.379951"><ele>199.5</ele></trkpt>
<trkpt lat="43.301879" lon="11.380206"><ele>198.75</ele></trkpt>
<trkpt lat="43.301787" lon="11.380435"><ele>199.75</ele></trkpt>
<trkpt lat="43.301748" lon="11.380584"><ele>200.25</ele></trkpt>
<trkpt lat="43.301738" lon="11.380674"><ele>200.25</ele></trkpt>
<trkpt lat="43.301737" lon="11.380840"><ele>200.5</ele></trkpt>
<trkpt lat="43.301785" lon="11.381581"><ele>200.75</ele></trkpt>
<trkpt lat="43.301793" lon="11.381860"><ele>199.75</ele></trkpt>
<trkpt lat="43.301787" lon="11.382071"><ele>198.75</ele></trkpt>
<trkpt lat="43.301754" lon="11.382429"><ele>198.5</ele></trkpt>
<trkpt lat="43.301711" lon="11.382711"><ele>196.75</ele></trkpt>
<trkpt lat="43.301607" lon="11.383156"><ele>194.25</ele></trkpt>
<trkpt lat="43.301565" lon="11.383301"><ele>193.25</ele></trkpt>
<trkpt lat="43.301525" lon="11.383405"><ele>192.25</ele></trkpt>
<trkpt lat="43.301465" lon="11.383508"><ele>191.25</ele></trkpt>
<trkpt lat="43.301427" lon="11.383559"><ele>190.5</ele></trkpt>
<trkpt lat="43.301380" lon="11.383606"><ele>190.0</ele></trkpt>
<trkpt lat="43.301288" lon="11.383675"><ele>190.25</ele></trkpt>
<trkpt lat="43.301249" lon="11.383695"><ele>190.5</ele></trkpt>
<trkpt lat="43.301138" lon="11.383732"><ele>190.75</ele></trkpt>
<trkpt lat="43.301033" lon="11.383755"><ele>190.75</ele></trkpt>
<trkpt lat="43.300684" lon="11.383802"><ele>189.5</ele></trkpt>
<trkpt lat="43.300592" lon="11.383827"><ele>189.0</ele></trkpt>
<trkpt lat="43.300523" lon="11.383858"><ele>188.5</ele></trkpt>
<trkpt lat="43.300460" lon="11.383895"><ele>188.25</ele></trkpt>
<trkpt lat="43.300369" lon="11.383971"><ele>187.75</ele></trkpt>
<trkpt lat="43.300309" lon="11.384037"><ele>187.75</ele></trkpt>
<trkpt lat="43.300242" lon="11.384125"><ele>187.5</ele></trkpt>
<trkpt lat="43.299210" lon="11.385678"><ele>181.5</ele></trkpt>
<trkpt lat="43.298597" lon="11.386599"><ele>187.0</ele></trkpt>
<trkpt lat="43.298538" lon="11.386675"><ele>187.5</ele></trkpt>
<trkpt lat="43.298497" lon="11.386716"><ele>187.25</ele></trkpt>
<trkpt lat="43.298012" lon="11.387062"><ele>186.75</ele></trkpt>
<trkpt lat="43.297893" lon="11.387157"><ele>187.5</ele></trkpt>
<trkpt lat="43.297824" lon="11.387229"><ele>188.0</ele></trkpt>
<trkpt lat="43.297758" lon="11.387316"><ele>188.25</ele></trkpt>
<trkpt lat="43.297721" lon="11.387268"><ele>188.0</ele></trkpt>
<trkpt lat="43.297671" lon="11.387181"><ele>187.75</ele></trkpt>
<trkpt lat="43.297629" lon="11.387043"><ele>187.25</ele></trkpt>
<trkpt lat="43.297623" lon="11.386999"><ele>187.0</ele></trkpt>
<trkpt lat="43.297625" lon="11.386933"><ele>186.75</ele></trkpt>
<trkpt lat="43.297640" lon="11.386857"><ele>186.5</ele></trkpt>
<trkpt lat="43.297653" lon="11.386823"><ele>186.25</ele></trkpt>
<trkpt lat="43.297700" lon="11.386757"><ele>185.75</ele></trkpt>
<trkpt lat="43.297757" lon="11.386704"><ele>185.25</ele></trkpt>
<trkpt lat="43.297969" lon="11.386528"><ele>184.5</ele></trkpt>
<trkpt lat="43.298182" lon="11.386335"><ele>184.0</ele></trkpt>
<trkpt lat="43.298297" lon="11.386239"><ele>184.25</ele></trkpt>
<trkpt lat="43.298327" lon="11.386222"><ele>184.25</ele></trkpt>
<trkpt lat="43.298379" lon="11.386204"><ele>184.0</ele></trkpt>
<trkpt lat="43.298434" lon="11.386201"><ele>183.75</ele></trkpt>
<trkpt lat="43.298480" lon="11.386210"><ele>183.5</ele></trkpt>
<trkpt lat="43.298531" lon="11.386233"><ele>183.5</ele></trkpt>
<trkpt lat="43.298599" lon="11.386293"><ele>183.75</ele></trkpt>
<trkpt lat="43.298665" lon="11.386374"><ele>184.5</ele></trkpt>
<trkpt lat="43.298756" lon="11.386489"><ele>185.75</ele></trkpt>
<trkpt lat="43.298848" lon="11.386604"><ele>187.75</ele></trkpt>
<trkpt lat="43.298921" lon="11.386696"><ele>188.75</ele></trkpt>
<trkpt lat="43.299077" lon="11.386891"><ele>186.5</ele></trkpt>
<trkpt lat="43.299199" lon="11.387050"><ele>186.25</ele></trkpt>
<trkpt lat="43.299230" lon="11.387127"><ele>187.75</ele></trkpt>
<trkpt lat="43.299241" lon="11.387197"><ele>189.5</ele></trkpt>
<trkpt lat="43.299242" lon="11.387275"><ele>191.75</ele></trkpt>
<trkpt lat="43.299227" lon="11.387369"><ele>195.0</ele></trkpt>
<trkpt lat="43.299191" lon="11.387455"><ele>197.75</ele></trkpt>
<trkpt lat="43.299128" lon="11.387557"><ele>198.25</ele></trkpt>
<trkpt lat="43.298692" lon="11.388157"><ele>198.25</ele></trkpt>
<trkpt lat="43.298565" lon="11.388351"><ele>198.25</ele></trkpt>
<trkpt lat="43.298475" lon="11.388522"><ele>199.75</ele></trkpt>
<trkpt lat="43.298351" lon="11.388833"><ele>201.5</ele></trkpt>
<trkpt lat="43.298319" lon="11.388953"><ele>202.5</ele></trkpt>
<trkpt lat="43.298212" lon="11.389393"><ele>206.25</ele></trkpt>
<trkpt lat="43.298196" lon="11.389492"><ele>207.25</ele></trkpt>
<trkpt lat="43.298150" lon="11.389773"><ele>209.0</ele></trkpt>
<trkpt lat="43.298131" lon="11.390208"><ele>211.25</ele></trkpt>
<trkpt lat="43.298126" lon="11.390669"><ele>214.0</ele></trkpt>
<trkpt lat="43.298133" lon="11.390722"><ele>214.25</ele></trkpt>
<trkpt lat="43.298177" lon="11.390785"><ele>215.0</ele></trkpt>
<trkpt lat="43.298332" lon="11.390947"><ele>216.5</ele></trkpt>
<trkpt lat="43.298483" lon="11.391037"><ele>218.25</ele></trkpt>
<trkpt lat="43.298574" lon="11.391036"><ele>219.5</ele></trkpt>
<trkpt lat="43.298689" lon="11.391002"><ele>220.75</ele></trkpt>
<trkpt lat="43.299023" lon="11.390836"><ele>224.75</ele></trkpt>
<trkpt lat="43.299288" lon="11.390689"><ele>227.25</ele></trkpt>
<trkpt lat="43.299511" lon="11.390605"><ele>228.25</ele></trkpt>
<trkpt lat="43.299606" lon="11.390602"><ele>229.0</ele></trkpt>
<trkpt lat="43.299729" lon="11.390651"><ele>230.5</ele></trkpt>
<trkpt lat="43.300388" lon="11.390968"><ele>233.5</ele></trkpt>
<trkpt lat="43.301140" lon="11.391291"><ele>235.75</ele></trkpt>
<trkpt lat="43.301147" lon="11.391408"><ele>235.5</ele></trkpt>
<trkpt lat="43.301184" lon="11.391612"><ele>234.75</ele></trkpt>
<trkpt lat="43.301220" lon="11.391720"><ele>234.25</ele></trkpt>
<trkpt lat="43.301295" lon="11.391877"><ele>233.75</ele></trkpt>
<trkpt lat="43.301523" lon="11.392275"><ele>232.25</ele></trkpt>
<trkpt lat="43.301660" lon="11.392521"><ele>231.75</ele></trkpt>
<trkpt lat="43.301727" lon="11.392693"><ele>231.75</ele></trkpt>
<trkpt lat="43.301755" lon="11.392828"><ele>231.5</ele></trkpt>
<trkpt lat="43.301763" lon="11.392929"><ele>231.0</ele></trkpt>
<trkpt lat="43.301753" lon="11.393074"><ele>230.5</ele></trkpt>
<trkpt lat="43.301718" lon="11.393219"><ele>230.75</ele></trkpt>
<trkpt lat="43.301575" lon="11.393638"><ele>231.0</ele></trkpt>
<trkpt lat="43.301458" lon="11.393913"><ele>230.75</ele></trkpt>
<trkpt lat="43.300633" lon="11.395825"><ele>227.5</ele></trkpt>
<trkpt lat="43.300550" lon="11.395909"><ele>227.5</ele></trkpt>
<trkpt lat="43.300353" lon="11.395947"><ele>226.5</ele></trkpt>
<trkpt lat="43.300223" lon="11.396055"><ele>226.75</ele></trkpt>
<trkpt lat="43.300175" lon="11.396133"><ele>226.75</ele></trkpt>
<trkpt lat="43.300159" lon="11.396243"><ele>226.5</ele></trkpt>
<trkpt lat="43.300166" lon="11.396376"><ele>226.0</ele></trkpt>
<trkpt lat="43.300153" lon="11.396534"><ele>225.25</ele></trkpt>
<trkpt lat="43.300119" lon="11.396673"><ele>224.75</ele></trkpt>
<trkpt lat="43.300055" lon="11.396818"><ele>223.75</ele></trkpt>
<trkpt lat="43.300021" lon="11.396948"><ele>222.75</ele></trkpt>
<trkpt lat="43.299985" lon="11.397302"><ele>220.25</ele></trkpt>
<trkpt lat="43.299942" lon="11.397852"><ele>215.75</ele></trkpt>
<trkpt lat="43.299912" lon="11.398032"><ele>213.75</ele></trkpt>
<trkpt lat="43.299855" lon="11.398197"><ele>212.25</ele></trkpt>
<trkpt lat="43.299786" lon="11.398341"><ele>211.0</ele></trkpt>
<trkpt lat="43.299680" lon="11.398478"><ele>209.25</ele></trkpt>
<trkpt lat="43.299499" lon="11.398689"><ele>207.5</ele></trkpt>
<trkpt lat="43.299362" lon="11.398924"><ele>206.0</ele></trkpt>
<trkpt lat="43.299318" lon="11.399046"><ele>205.0</ele></trkpt>
<trkpt lat="43.299271" lon="11.399285"><ele>203.75</ele></trkpt>
<trkpt lat="43.299254" lon="11.399423"><ele>203.0</ele></trkpt>
<trkpt lat="43.299256" lon="11.399509"><ele>202.5</ele></trkpt>
<trkpt lat="43.299294" lon="11.399577"><ele>202.25</ele></trkpt>
<trkpt lat="43.299425" lon="11.399694"><ele>201.25</ele></trkpt>
<trkpt lat="43.299553" lon="11.399842"><ele>199.75</ele></trkpt>
<trkpt lat="43.299600" lon="11.399928"><ele>199.0</ele></trkpt>
<trkpt lat="43.299624" lon="11.400003"><ele>198.5</ele></trkpt>
<trkpt lat="43.299638" lon="11.400091"><ele>197.75</ele></trkpt>
<trkpt lat="43.299631" lon="11.400235"><ele>196.75</ele></trkpt>
<trkpt lat="43.299271" lon="11.401903"><ele>186.75</ele></trkpt>
<trkpt lat="43.299230" lon="11.402114"><ele>185.5</ele></trkpt>
<trkpt lat="43.299193" lon="11.402378"><ele>184.25</ele></trkpt>
<trkpt lat="43.299193" lon="11.402523"><ele>183.5</ele></trkpt>
<trkpt lat="43.299200" lon="11.402579"><ele>183.5</ele></trkpt>
<trkpt lat="43.299258" lon="11.402706"><ele>183.0</ele></trkpt>
<trkpt lat="43.299325" lon="11.402822"><ele>183.0</ele></trkpt>
<trkpt lat="43.299352" lon="11.402892"><ele>183.25</ele></trkpt>
<trkpt lat="43.299354" lon="11.402902"><ele>183.25</ele></trkpt>
<trkpt lat="43.299362" lon="11.402951"><ele>183.5</ele></trkpt>
<trkpt lat="43.299570" lon="11.402897"><ele>183.75</ele></trkpt>
<trkpt lat="43.299745" lon="11.402873"><ele>184.5</ele></trkpt>
<trkpt lat="43.299856" lon="11.402878"><ele>185.5</ele></trkpt>
<trkpt lat="43.299989" lon="11.402898"><ele>186.75</ele></trkpt>
<trkpt lat="43.300153" lon="11.402937"><ele>188.25</ele></trkpt>
<trkpt lat="43.300312" lon="11.402980"><ele>190.0</ele></trkpt>
<trkpt lat="43.300485" lon="11.403031"><ele>192.75</ele></trkpt>
<trkpt lat="43.300549" lon="11.403049"><ele>193.75</ele></trkpt>
<trkpt lat="43.300715" lon="11.403077"><ele>196.0</ele></trkpt>
<trkpt lat="43.300817" lon="11.403074"><ele>197.5</ele></trkpt>
<trkpt lat="43.300987" lon="11.403039"><ele>198.75</ele></trkpt>
<trkpt lat="43.301295" lon="11.402956"><ele>201.0</ele></trkpt>
<trkpt lat="43.301456" lon="11.402896"><ele>202.5</ele></trkpt>
<trkpt lat="43.301588" lon="11.402818"><ele>204.5</ele></trkpt>
<trkpt lat="43.301672" lon="11.402747"><ele>205.75</ele></trkpt>
<trkpt lat="43.301825" lon="11.402599"><ele>207.25</ele></trkpt>
<trkpt lat="43.302631" lon="11.401806"><ele>217.75</ele></trkpt>
<trkpt lat="43.302749" lon="11.401779"><ele>219.5</ele></trkpt>
<trkpt lat="43.302831" lon="11.401793"><ele>220.0</ele></trkpt>
<trkpt lat="43.302900" lon="11.401822"><ele>220.25</ele></trkpt>
<trkpt lat="43.303346" lon="11.402229"><ele>222.75</ele></trkpt>
<trkpt lat="43.303621" lon="11.402388"><ele>222.75</ele></trkpt>
<trkpt lat="43.303931" lon="11.402443"><ele>223.0</ele></trkpt>
<trkpt lat="43.304799" lon="11.402505"><ele>223.75</ele></trkpt>
<trkpt lat="43.304825" lon="11.402518"><ele>223.75</ele></trkpt>
<trkpt lat="43.305233" lon="11.402895"><ele>223.75</ele></trkpt>
<trkpt lat="43.305559" lon="11.403135"><ele>224.5</ele></trkpt>
<trkpt lat="43.305615" lon="11.403163"><ele>224.25</ele></trkpt>
<trkpt lat="43.306247" lon="11.403141"><ele>223.5</ele></trkpt>
<trkpt lat="43.306992" lon="11.403140"><ele>224.25</ele></trkpt>
<trkpt lat="43.307218" lon="11.403132"><ele>224.25</ele></trkpt>
<trkpt lat="43.307659" lon="11.403117"><ele>225.5</ele></trkpt>
<trkpt lat="43.307680" lon="11.403117"><ele>225.5</ele></trkpt>
<trkpt lat="43.308452" lon="11.403058"><ele>227.75</ele></trkpt>
<trkpt lat="43.308494" lon="11.403067"><ele>227.75</ele></trkpt>
<trkpt lat="43.308520" lon="11.403082"><ele>227.75</ele></trkpt>
<trkpt lat="43.308552" lon="11.403109"><ele>227.75</ele></trkpt>
<trkpt lat="43.308667" lon="11.403257"><ele>228.0</ele></trkpt>
<trkpt lat="43.309030" lon="11.403696"><ele>228.0</ele></trkpt>
<trkpt lat="43.309259" lon="11.403924"><ele>228.5</ele></trkpt>
<trkpt lat="43.309391" lon="11.404028"><ele>229.0</ele></trkpt>
<trkpt lat="43.310045" lon="11.404496"><ele>230.0</ele></trkpt>
<trkpt lat="43.310127" lon="11.404589"><ele>230.0</ele></trkpt>
<trkpt lat="43.310196" lon="11.404706"><ele>230.0</ele></trkpt>
<trkpt lat="43.310234" lon="11.404831"><ele>230.0</ele></trkpt>
<trkpt lat="43.310450" lon="11.405653"><ele>228.25</ele></trkpt>
<trkpt lat="43.310664" lon="11.406175"><ele>227.0</ele></trkpt>
<trkpt lat="43.310819" lon="11.406404"><ele>227.0</ele></trkpt>
<trkpt lat="43.311025" lon="11.406673"><ele>226.25</ele></trkpt>
<trkpt lat="43.311070" lon="11.406719"><ele>226.0</ele></trkpt>
<trkpt lat="43.311557" lon="11.407216"><ele>221.75</ele></trkpt>
<trkpt lat="43.311927" lon="11.407680"><ele>216.75</ele></trkpt>
<trkpt lat="43.312557" lon="11.408548"><ele>207.0</ele></trkpt>
<trkpt lat="43.313000" lon="11.409130"><ele>203.0</ele></trkpt>
<trkpt lat="43.313076" lon="11.409266"><ele>201.25</ele></trkpt>
<trkpt lat="43.313308" lon="11.410081"><ele>194.75</ele></trkpt>
<trkpt lat="43.313373" lon="11.410322"><ele>194.25</ele></trkpt>
<trkpt lat="43.313494" lon="11.410771"><ele>196.5</ele></trkpt>
<trkpt lat="43.313634" lon="11.411185"><ele>198.25</ele></trkpt>
<trkpt lat="43.313661" lon="11.411332"><ele>198.75</ele></trkpt>
<trkpt lat="43.313670" lon="11.411493"><ele>199.0</ele></trkpt>
<trkpt lat="43.313628" lon="11.411864"><ele>199.0</ele></trkpt>
<trkpt lat="43.313630" lon="11.412000"><ele>199.0</ele></trkpt>
<trkpt lat="43.313661" lon="11.412105"><ele>198.75</ele></trkpt>
<trkpt lat="43.313705" lon="11.412193"><ele>199.0</ele></trkpt>
<trkpt lat="43.313780" lon="11.412269"><ele>199.5</ele></trkpt>
<trkpt lat="43.313916" lon="11.412397"><ele>199.75</ele></trkpt>
<trkpt lat="43.314326" lon="11.412990"><ele>198.75</ele></trkpt>
<trkpt lat="43.314657" lon="11.413707"><ele>198.25</ele></trkpt>
<trkpt lat="43.314765" lon="11.413894"><ele>198.0</ele></trkpt>
<trkpt lat="43.315332" lon="11.414422"><ele>197.25</ele></trkpt>
<trkpt lat="43.315618" lon="11.414767"><ele>196.5</ele></trkpt>
<trkpt lat="43.315793" lon="11.414991"><ele>195.0</ele></trkpt>
<trkpt lat="43.315890" lon="11.415095"><ele>194.75</ele></trkpt>
<trkpt lat="43.315990" lon="11.415099"><ele>195.25</ele></trkpt>
<trkpt lat="43.316116" lon="11.415011"><ele>196.0</ele></trkpt>
<trkpt lat="43.316202" lon="11.414922"><ele>196.5</ele></trkpt>
<trkpt lat="43.316271" lon="11.414883"><ele>197.0</ele></trkpt>
<trkpt lat="43.316412" lon="11.414841"><ele>198.0</ele></trkpt>
<trkpt lat="43.316997" lon="11.414855"><ele>202.5</ele></trkpt>
<trkpt lat="43.317544" lon="11.414906"><ele>210.75</ele></trkpt>
<trkpt lat="43.317737" lon="11.414889"><ele>214.25</ele></trkpt>
<trkpt lat="43.318102" lon="11.414798"><ele>220.75</ele></trkpt>
<trkpt lat="43.318224" lon="11.414781"><ele>222.5</ele></trkpt>
<trkpt lat="43.318371" lon="11.414795"><ele>224.25</ele></trkpt>
<trkpt lat="43.318582" lon="11.414889"><ele>227.0</ele></trkpt>
<trkpt lat="43.318865" lon="11.415073"><ele>229.5</ele></trkpt>
<trkpt lat="43.319020" lon="11.415150"><ele>230.25</ele></trkpt>
<trkpt lat="43.319233" lon="11.415204"><ele>232.0</ele></trkpt>
<trkpt lat="43.319465" lon="11.415204"><ele>233.0</ele></trkpt>
<trkpt lat="43.319578" lon="11.415176"><ele>233.25</ele></trkpt>
<trkpt lat="43.319725" lon="11.415088"><ele>234.25</ele></trkpt>
<trkpt lat="43.319954" lon="11.414872"><ele>236.0</ele></trkpt>
<trkpt lat="43.320083" lon="11.414784"><ele>236.75</ele></trkpt>
<trkpt lat="43.320184" lon="11.414735"><ele>237.75</ele></trkpt>
<trkpt lat="43.320293" lon="11.414744"><ele>238.75</ele></trkpt>
<trkpt lat="43.320750" lon="11.414902"><ele>241.5</ele></trkpt>
<trkpt lat="43.320901" lon="11.414871"><ele>241.5</ele></trkpt>
<trkpt lat="43.321113" lon="11.414904"><ele>240.5</ele></trkpt>
<trkpt lat="43.321265" lon="11.414959"><ele>240.25</ele></trkpt>
<trkpt lat="43.321395" lon="11.415052"><ele>240.25</ele></trkpt>
<trkpt lat="43.321533" lon="11.415187"><ele>240.5</ele></trkpt>
<trkpt lat="43.321685" lon="11.415403"><ele>242.0</ele></trkpt>
<trkpt lat="43.322052" lon="11.415821"><ele>243.75</ele></trkpt>
<trkpt lat="43.322168" lon="11.415937"><ele>244.25</ele></trkpt>
<trkpt lat="43.322534" lon="11.416148"><ele>247.25</ele></trkpt>
<trkpt lat="43.322582" lon="11.416188"><ele>247.75</ele></trkpt>
<trkpt lat="43.322648" lon="11.416263"><ele>248.5</ele></trkpt>
<trkpt lat="43.322780" lon="11.416257"><ele>248.5</ele></trkpt>
<trkpt lat="43.323255" lon="11.416105"><ele>248.5</ele></trkpt>
<trkpt lat="43.323687" lon="11.415957"><ele>250.25</ele></trkpt>
<trkpt lat="43.323844" lon="11.415859"><ele>251.5</ele></trkpt>
<trkpt lat="43.323917" lon="11.415801"><ele>252.0</ele></trkpt>
<trkpt lat="43.324032" lon="11.416190"><ele>250.0</ele></trkpt>
<trkpt lat="43.324030" lon="11.416351"><ele>248.25</ele></trkpt>
<trkpt lat="43.323882" lon="11.416603"><ele>244.5</ele></trkpt>
<trkpt lat="43.323931" lon="11.417255"><ele>239.0</ele></trkpt>
<trkpt lat="43.323970" lon="11.417453"><ele>237.75</ele></trkpt>
<trkpt lat="43.324042" lon="11.417598"><ele>237.0</ele></trkpt>
<trkpt lat="43.324247" lon="11.417882"><ele>235.25</ele></trkpt>
<trkpt lat="43.324352" lon="11.418140"><ele>233.25</ele></trkpt>
<trkpt lat="43.324448" lon="11.418515"><ele>230.0</ele></trkpt>
<trkpt lat="43.324583" lon="11.418883"><ele>227.5</ele></trkpt>
<trkpt lat="43.325053" lon="11.419508"><ele>223.0</ele></trkpt>
<trkpt lat="43.325388" lon="11.419837"><ele>218.25</ele></trkpt>
<trkpt lat="43.325517" lon="11.419907"><ele>217.5</ele></trkpt>
<trkpt lat="43.325627" lon="11.419913"><ele>216.25</ele></trkpt>
<trkpt lat="43.325650" lon="11.420550"><ele>210.5</ele></trkpt>
<trkpt lat="43.325668" lon="11.420761"><ele>209.0</ele></trkpt>
<trkpt lat="43.325792" lon="11.421249"><ele>206.0</ele></trkpt>
<trkpt lat="43.325901" lon="11.421790"><ele>201.5</ele></trkpt>
<trkpt lat="43.325917" lon="11.421895"><ele>201.0</ele></trkpt>
<trkpt lat="43.325951" lon="11.422897"><ele>198.0</ele></trkpt>
<trkpt lat="43.325975" lon="11.423100"><ele>197.75</ele></trkpt>
<trkpt lat="43.326019" lon="11.423306"><ele>196.25</ele></trkpt>
<trkpt lat="43.326141" lon="11.423800"><ele>197.25</ele></trkpt>
<trkpt lat="43.326154" lon="11.423878"><ele>197.75</ele></trkpt>
<trkpt lat="43.326188" lon="11.424042"><ele>198.75</ele></trkpt>
<trkpt lat="43.326198" lon="11.424286"><ele>199.5</ele></trkpt>
<trkpt lat="43.326178" lon="11.424547"><ele>199.5</ele></trkpt>
<trkpt lat="43.326154" lon="11.424679"><ele>199.5</ele></trkpt>
<trkpt lat="43.326106" lon="11.424814"><ele>199.75</ele></trkpt>
<trkpt lat="43.326038" lon="11.424952"><ele>199.5</ele></trkpt>
<trkpt lat="43.325949" lon="11.425086"><ele>199.5</ele></trkpt>
<trkpt lat="43.325848" lon="11.425198"><ele>200.25</ele></trkpt>
<trkpt lat="43.325750" lon="11.425289"><ele>200.5</ele></trkpt>
<trkpt lat="43.325510" lon="11.425456"><ele>200.5</ele></trkpt>
<trkpt lat="43.325060" lon="11.425702"><ele>200.0</ele></trkpt>
<trkpt lat="43.324462" lon="11.426081"><ele>199.75</ele></trkpt>
<trkpt lat="43.324289" lon="11.426178"><ele>198.25</ele></trkpt>
<trkpt lat="43.324151" lon="11.426230"><ele>198.25</ele></trkpt>
<trkpt lat="43.324083" lon="11.426235"><ele>199.25</ele></trkpt>
<trkpt lat="43.323617" lon="11.426083"><ele>201.5</ele></trkpt>
<trkpt lat="43.323418" lon="11.426057"><ele>201.75</ele></trkpt>
<trkpt lat="43.323326" lon="11.426075"><ele>202.25</ele></trkpt>
<trkpt lat="43.323239" lon="11.426141"><ele>202.5</ele></trkpt>
<trkpt lat="43.323181" lon="11.426237"><ele>203.25</ele></trkpt>
<trkpt lat="43.323151" lon="11.426363"><ele>204.5</ele></trkpt>
<trkpt lat="43.323156" lon="11.426482"><ele>206.0</ele></trkpt>
<trkpt lat="43.323187" lon="11.426678"><ele>208.75</ele></trkpt>
<trkpt lat="43.323394" lon="11.427372"><ele>216.5</ele></trkpt>
<trkpt lat="43.323414" lon="11.427464"><ele>217.25</ele></trkpt>
<trkpt lat="43.323422" lon="11.427572"><ele>218.0</ele></trkpt>
<trkpt lat="43.323410" lon="11.427742"><ele>219.5</ele></trkpt>
<trkpt lat="43.323363" lon="11.427979"><ele>220.75</ele></trkpt>
<trkpt lat="43.323296" lon="11.428240"><ele>220.5</ele></trkpt>
<trkpt lat="43.323096" lon="11.429001"><ele>223.0</ele></trkpt>
<trkpt lat="43.322888" lon="11.429735"><ele>227.75</ele></trkpt>
<trkpt lat="43.322845" lon="11.429915"><ele>228.75</ele></trkpt>
<trkpt lat="43.322817" lon="11.430116"><ele>229.75</ele></trkpt>
<trkpt lat="43.322795" lon="11.430668"><ele>229.0</ele></trkpt>
<trkpt lat="43.322792" lon="11.430737"><ele>229.0</ele></trkpt>
<trkpt lat="43.322789" lon="11.430809"><ele>229.0</ele></trkpt>
<trkpt lat="43.322786" lon="11.431161"><ele>226.75</ele></trkpt>
<trkpt lat="43.322813" lon="11.431618"><ele>224.0</ele></trkpt>
<trkpt lat="43.322859" lon="11.431962"><ele>222.5</ele></trkpt>
<trkpt lat="43.322884" lon="11.432084"><ele>223.0</ele></trkpt>
<trkpt lat="43.322916" lon="11.432200"><ele>223.5</ele></trkpt>
<trkpt lat="43.322874" lon="11.432220"><ele>222.5</ele></trkpt>
<trkpt lat="43.322818" lon="11.432211"><ele>221.5</ele></trkpt>
<trkpt lat="43.322784" lon="11.432171"><ele>221.0</ele></trkpt>
<trkpt lat="43.322659" lon="11.431968"><ele>218.25</ele></trkpt>
<trkpt lat="43.322624" lon="11.431927"><ele>217.75</ele></trkpt>
<trkpt lat="43.322587" lon="11.431914"><ele>217.0</ele></trkpt>
<trkpt lat="43.322530" lon="11.431926"><ele>215.75</ele></trkpt>
<trkpt lat="43.320999" lon="11.433002"><ele>200.75</ele></trkpt>
<trkpt lat="43.318516" lon="11.434750"><ele>196.0</ele></trkpt>
<trkpt lat="43.318079" lon="11.435038"><ele>196.0</ele></trkpt>
<trkpt lat="43.317493" lon="11.435475"><ele>195.25</ele></trkpt>
<trkpt lat="43.317410" lon="11.435517"><ele>195.0</ele></trkpt>
<trkpt lat="43.317198" lon="11.435672"><ele>194.75</ele></trkpt>
<trkpt lat="43.317158" lon="11.435696"><ele>194.5</ele></trkpt>
<trkpt lat="43.316512" lon="11.436129"><ele>194.0</ele></trkpt>
<trkpt lat="43.314718" lon="11.437402"><ele>197.5</ele></trkpt>
<trkpt lat="43.314695" lon="11.437558"><ele>198.0</ele></trkpt>
<trkpt lat="43.314677" lon="11.437829"><ele>199.0</ele></trkpt>
<trkpt lat="43.314640" lon="11.437999"><ele>199.5</ele></trkpt>
<trkpt lat="43.314515" lon="11.438250"><ele>200.25</ele></trkpt>
<trkpt lat="43.314495" lon="11.438327"><ele>200.5</ele></trkpt>
<trkpt lat="43.314517" lon="11.438403"><ele>201.75</ele></trkpt>
<trkpt lat="43.314583" lon="11.438520"><ele>204.0</ele></trkpt>
<trkpt lat="43.314617" lon="11.438650"><ele>205.75</ele></trkpt>
<trkpt lat="43.314631" lon="11.438773"><ele>206.75</ele></trkpt>
<trkpt lat="43.314652" lon="11.438840"><ele>207.5</ele></trkpt>
<trkpt lat="43.314698" lon="11.438991"><ele>209.25</ele></trkpt>
<trkpt lat="43.314757" lon="11.439088"><ele>211.75</ele></trkpt>
<trkpt lat="43.314794" lon="11.439179"><ele>214.0</ele></trkpt>
<trkpt lat="43.314829" lon="11.439509"><ele>216.75</ele></trkpt>
<trkpt lat="43.314854" lon="11.439637"><ele>218.0</ele></trkpt>
<trkpt lat="43.314917" lon="11.439795"><ele>219.5</ele></trkpt>
<trkpt lat="43.315138" lon="11.440024"><ele>221.5</ele></trkpt>
<trkpt lat="43.315232" lon="11.440164"><ele>221.75</ele></trkpt>
<trkpt lat="43.315314" lon="11.440322"><ele>222.0</ele></trkpt>
<trkpt lat="43.315424" lon="11.440490"><ele>225.0</ele></trkpt>
<trkpt lat="43.315620" lon="11.440676"><ele>229.0</ele></trkpt>
<trkpt lat="43.315743" lon="11.440869"><ele>231.25</ele></trkpt>
<trkpt lat="43.315896" lon="11.441004"><ele>233.0</ele></trkpt>
<trkpt lat="43.316332" lon="11.441359"><ele>231.5</ele></trkpt>
<trkpt lat="43.316452" lon="11.441558"><ele>232.25</ele></trkpt>
<trkpt lat="43.316649" lon="11.441812"><ele>235.5</ele></trkpt>
<trkpt lat="43.316882" lon="11.442056"><ele>240.25</ele></trkpt>
<trkpt lat="43.317052" lon="11.442271"><ele>242.0</ele></trkpt>
<trkpt lat="43.317176" lon="11.442477"><ele>242.5</ele></trkpt>
<trkpt lat="43.317378" lon="11.442898"><ele>242.0</ele></trkpt>
<trkpt lat="43.317497" lon="11.443533"><ele>247.5</ele></trkpt>
<trkpt lat="43.317712" lon="11.443955"><ele>247.75</ele></trkpt>
<trkpt lat="43.317847" lon="11.444240"><ele>249.75</ele></trkpt>
<trkpt lat="43.318036" lon="11.444426"><ele>251.75</ele></trkpt>
<trkpt lat="43.318186" lon="11.444607"><ele>248.25</ele></trkpt>
<trkpt lat="43.318229" lon="11.444722"><ele>247.75</ele></trkpt>
<trkpt lat="43.318293" lon="11.444917"><ele>248.5</ele></trkpt>
<trkpt lat="43.318327" lon="11.445168"><ele>248.75</ele></trkpt>
<trkpt lat="43.318385" lon="11.445529"><ele>248.25</ele></trkpt>
<trkpt lat="43.318443" lon="11.445990"><ele>244.0</ele></trkpt>
<trkpt lat="43.318418" lon="11.446127"><ele>241.75</ele></trkpt>
<trkpt lat="43.318410" lon="11.446311"><ele>242.25</ele></trkpt>
<trkpt lat="43.318441" lon="11.446682"><ele>244.0</ele></trkpt>
<trkpt lat="43.318535" lon="11.447120"><ele>248.25</ele></trkpt>
<trkpt lat="43.318737" lon="11.447481"><ele>246.5</ele></trkpt>
<trkpt lat="43.318845" lon="11.447852"><ele>242.75</ele></trkpt>
<trkpt lat="43.318872" lon="11.448011"><ele>245.0</ele></trkpt>
<trkpt lat="43.318890" lon="11.448308"><ele>246.75</ele></trkpt>
<trkpt lat="43.318888" lon="11.448483"><ele>247.5</ele></trkpt>
<trkpt lat="43.318835" lon="11.448624"><ele>247.0</ele></trkpt>
<trkpt lat="43.318759" lon="11.448767"><ele>246.25</ele></trkpt>
<trkpt lat="43.318497" lon="11.449261"><ele>243.75</ele></trkpt>
<trkpt lat="43.318273" lon="11.449584"><ele>241.75</ele></trkpt>
<trkpt lat="43.318007" lon="11.449852"><ele>244.75</ele></trkpt>
<trkpt lat="43.317959" lon="11.449944"><ele>245.25</ele></trkpt>
<trkpt lat="43.317927" lon="11.450111"><ele>245.25</ele></trkpt>
<trkpt lat="43.317922" lon="11.450368"><ele>244.5</ele></trkpt>
<trkpt lat="43.317888" lon="11.450822"><ele>245.75</ele></trkpt>
<trkpt lat="43.317847" lon="11.451664"><ele>249.0</ele></trkpt>
<trkpt lat="43.317808" lon="11.451873"><ele>249.0</ele></trkpt>
<trkpt lat="43.317725" lon="11.452083"><ele>249.75</ele></trkpt>
<trkpt lat="43.317726" lon="11.452181"><ele>250.25</ele></trkpt>
<trkpt lat="43.317774" lon="11.452408"><ele>250.5</ele></trkpt>
<trkpt lat="43.317776" lon="11.452529"><ele>251.0</ele></trkpt>
<trkpt lat="43.317762" lon="11.453017"><ele>253.0</ele></trkpt>
<trkpt lat="43.317795" lon="11.453191"><ele>252.75</ele></trkpt>
<trkpt lat="43.318093" lon="11.453789"><ele>251.5</ele></trkpt>
<trkpt lat="43.318152" lon="11.453962"><ele>251.0</ele></trkpt>
<trkpt lat="43.318185" lon="11.454178"><ele>250.75</ele></trkpt>
<trkpt lat="43.318166" lon="11.454314"><ele>250.25</ele></trkpt>
<trkpt lat="43.318140" lon="11.454431"><ele>250.0</ele></trkpt>
<trkpt lat="43.317823" lon="11.455339"><ele>249.5</ele></trkpt>
<trkpt lat="43.317724" lon="11.455699"><ele>248.0</ele></trkpt>
<trkpt lat="43.317502" lon="11.456882"><ele>248.75</ele></trkpt>
<trkpt lat="43.317466" lon="11.457162"><ele>249.25</ele></trkpt>
<trkpt lat="43.317476" lon="11.457324"><ele>250.0</ele></trkpt>
<trkpt lat="43.317512" lon="11.457640"><ele>251.25</ele></trkpt>
<trkpt lat="43.317526" lon="11.457972"><ele>251.75</ele></trkpt>
<trkpt lat="43.317516" lon="11.458424"><ele>252.75</ele></trkpt>
<trkpt lat="43.317490" lon="11.458623"><ele>253.0</ele></trkpt>
<trkpt lat="43.317450" lon="11.458781"><ele>253.0</ele></trkpt>
<trkpt lat="43.317291" lon="11.459072"><ele>254.0</ele></trkpt>
<trkpt lat="43.317266" lon="11.459187"><ele>254.5</ele></trkpt>
<trkpt lat="43.317294" lon="11.459301"><ele>254.25</ele></trkpt>
<trkpt lat="43.317413" lon="11.459465"><ele>255.0</ele></trkpt>
<trkpt lat="43.317709" lon="11.459757"><ele>254.0</ele></trkpt>
<trkpt lat="43.317760" lon="11.459839"><ele>254.5</ele></trkpt>
<trkpt lat="43.317800" lon="11.459934"><ele>255.25</ele></trkpt>
<trkpt lat="43.317842" lon="11.460079"><ele>255.0</ele></trkpt>
<trkpt lat="43.317914" lon="11.460229"><ele>254.75</ele></trkpt>
<trkpt lat="43.318014" lon="11.460337"><ele>255.25</ele></trkpt>
<trkpt lat="43.317976" lon="11.460551"><ele>254.0</ele></trkpt>
<trkpt lat="43.317889" lon="11.460742"><ele>252.5</ele></trkpt>
<trkpt lat="43.317329" lon="11.461272"><ele>246.0</ele></trkpt>
<trkpt lat="43.317146" lon="11.461519"><ele>245.25</ele></trkpt>
<trkpt lat="43.317033" lon="11.461616"><ele>246.25</ele></trkpt>
<trkpt lat="43.316670" lon="11.461659"><ele>246.75</ele></trkpt>
<trkpt lat="43.316506" lon="11.461836"><ele>248.75</ele></trkpt>
<trkpt lat="43.316435" lon="11.461992"><ele>250.75</ele></trkpt>
<trkpt lat="43.316393" lon="11.462151"><ele>252.75</ele></trkpt>
<trkpt lat="43.316391" lon="11.462318"><ele>255.25</ele></trkpt>
<trkpt lat="43.316420" lon="11.462467"><ele>256.75</ele></trkpt>
<trkpt lat="43.316481" lon="11.462649"><ele>257.0</ele></trkpt>
<trkpt lat="43.316541" lon="11.462888"><ele>257.0</ele></trkpt>
<trkpt lat="43.316580" lon="11.463137"><ele>257.25</ele></trkpt>
<trkpt lat="43.316574" lon="11.463297"><ele>257.75</ele></trkpt>
<trkpt lat="43.316523" lon="11.463719"><ele>259.5</ele></trkpt>
<trkpt lat="43.316354" lon="11.464690"><ele>261.25</ele></trkpt>
<trkpt lat="43.316337" lon="11.464915"><ele>262.75</ele></trkpt>
<trkpt lat="43.316333" lon="11.465182"><ele>264.75</ele></trkpt>
<trkpt lat="43.316309" lon="11.465329"><ele>265.75</ele></trkpt>
<trkpt lat="43.316209" lon="11.465577"><ele>267.75</ele></trkpt>
<trkpt lat="43.316126" lon="11.466031"><ele>272.25</ele></trkpt>
<trkpt lat="43.316075" lon="11.466147"><ele>272.5</ele></trkpt>
<trkpt lat="43.315986" lon="11.466265"><ele>272.0</ele></trkpt>
<trkpt lat="43.315930" lon="11.466380"><ele>272.0</ele></trkpt>
<trkpt lat="43.315898" lon="11.466701"><ele>272.0</ele></trkpt>
<trkpt lat="43.315856" lon="11.466841"><ele>272.25</ele></trkpt>
<trkpt lat="43.315795" lon="11.466965"><ele>271.75</ele></trkpt>
<trkpt lat="43.315573" lon="11.467259"><ele>269.75</ele></trkpt>
<trkpt lat="43.315323" lon="11.467516"><ele>269.5</ele></trkpt>
<trkpt lat="43.315147" lon="11.467628"><ele>269.0</ele></trkpt>
<trkpt lat="43.314990" lon="11.467752"><ele>269.0</ele></trkpt>
<trkpt lat="43.314830" lon="11.467928"><ele>268.5</ele></trkpt>
<trkpt lat="43.314748" lon="11.467985"><ele>268.5</ele></trkpt>
<trkpt lat="43.314603" lon="11.468057"><ele>266.5</ele></trkpt>
<trkpt lat="43.314553" lon="11.468160"><ele>264.75</ele></trkpt>
<trkpt lat="43.314543" lon="11.468287"><ele>263.25</ele></trkpt>
<trkpt lat="43.314585" lon="11.468574"><ele>259.75</ele></trkpt>
<trkpt lat="43.314869" lon="11.470124"><ele>252.25</ele></trkpt>
<trkpt lat="43.315036" lon="11.470490"><ele>251.5</ele></trkpt>
<trkpt lat="43.315245" lon="11.470796"><ele>250.75</ele></trkpt>
<trkpt lat="43.315448" lon="11.470939"><ele>250.75</ele></trkpt>
<trkpt lat="43.315557" lon="11.471096"><ele>250.75</ele></trkpt>
<trkpt lat="43.315812" lon="11.471703"><ele>252.75</ele></trkpt>
<trkpt lat="43.315911" lon="11.471887"><ele>253.75</ele></trkpt>
<trkpt lat="43.315985" lon="11.472023"><ele>254.75</ele></trkpt>
<trkpt lat="43.316062" lon="11.472190"><ele>255.75</ele></trkpt>
<trkpt lat="43.316098" lon="11.472368"><ele>257.0</ele></trkpt>
<trkpt lat="43.316104" lon="11.472474"><ele>257.75</ele></trkpt>
<trkpt lat="43.316072" lon="11.472583"><ele>258.75</ele></trkpt>
<trkpt lat="43.316000" lon="11.472665"><ele>259.5</ele></trkpt>
<trkpt lat="43.315791" lon="11.472826"><ele>258.75</ele></trkpt>
<trkpt lat="43.315656" lon="11.472976"><ele>257.5</ele></trkpt>
<trkpt lat="43.315615" lon="11.473111"><ele>257.25</ele></trkpt>
<trkpt lat="43.315620" lon="11.473261"><ele>257.25</ele></trkpt>
<trkpt lat="43.315755" lon="11.473512"><ele>258.25</ele></trkpt>
<trkpt lat="43.315924" lon="11.473751"><ele>258.75</ele></trkpt>
<trkpt lat="43.316078" lon="11.473939"><ele>258.75</ele></trkpt>
<trkpt lat="43.316252" lon="11.474112"><ele>260.5</ele></trkpt>
<trkpt lat="43.316318" lon="11.474224"><ele>261.5</ele></trkpt>
<trkpt lat="43.316379" lon="11.474359"><ele>262.25</ele></trkpt>
<trkpt lat="43.316419" lon="11.474566"><ele>260.5</ele></trkpt>
<trkpt lat="43.316503" lon="11.474794"><ele>258.25</ele></trkpt>
<trkpt lat="43.316593" lon="11.475002"><ele>257.5</ele></trkpt>
<trkpt lat="43.316618" lon="11.475135"><ele>257.0</ele></trkpt>
<trkpt lat="43.316616" lon="11.475228"><ele>256.5</ele></trkpt>
<trkpt lat="43.316579" lon="11.475313"><ele>255.75</ele></trkpt>
<trkpt lat="43.316524" lon="11.475346"><ele>255.0</ele></trkpt>
<trkpt lat="43.316471" lon="11.475355"><ele>254.5</ele></trkpt>
<trkpt lat="43.316374" lon="11.475333"><ele>253.5</ele></trkpt>
<trkpt lat="43.316057" lon="11.475189"><ele>248.5</ele></trkpt>
<trkpt lat="43.315900" lon="11.475157"><ele>246.5</ele></trkpt>
<trkpt lat="43.315569" lon="11.475118"><ele>242.5</ele></trkpt>
<trkpt lat="43.315495" lon="11.475095"><ele>242.0</ele></trkpt>
<trkpt lat="43.315284" lon="11.474928"><ele>240.0</ele></trkpt>
<trkpt lat="43.315168" lon="11.474862"><ele>238.0</ele></trkpt>
<trkpt lat="43.315037" lon="11.474855"><ele>236.0</ele></trkpt>
<trkpt lat="43.314966" lon="11.474885"><ele>234.75</ele></trkpt>
<trkpt lat="43.314619" lon="11.475094"><ele>227.75</ele></trkpt>
<trkpt lat="43.314470" lon="11.475145"><ele>224.5</ele></trkpt>
<trkpt lat="43.314279" lon="11.475125"><ele>221.5</ele></trkpt>
<trkpt lat="43.314092" lon="11.475020"><ele>219.5</ele></trkpt>
<trkpt lat="43.313838" lon="11.474824"><ele>218.5</ele></trkpt>
<trkpt lat="43.313608" lon="11.474619"><ele>213.75</ele></trkpt>
<trkpt lat="43.313513" lon="11.474550"><ele>213.0</ele></trkpt>
<trkpt lat="43.313402" lon="11.474506"><ele>211.5</ele></trkpt>
<trkpt lat="43.313351" lon="11.474499"><ele>210.75</ele></trkpt>
<trkpt lat="43.313300" lon="11.474518"><ele>211.0</ele></trkpt>
<trkpt lat="43.313243" lon="11.474590"><ele>212.0</ele></trkpt>
<trkpt lat="43.313219" lon="11.474632"><ele>212.5</ele></trkpt>
<trkpt lat="43.313096" lon="11.474858"><ele>215.25</ele></trkpt>
<trkpt lat="43.312801" lon="11.475367"><ele>218.0</ele></trkpt>
<trkpt lat="43.312508" lon="11.475852"><ele>222.0</ele></trkpt>
<trkpt lat="43.312563" lon="11.475964"><ele>223.0</ele></trkpt>
<trkpt lat="43.312625" lon="11.476060"><ele>223.5</ele></trkpt>
<trkpt lat="43.312709" lon="11.476165"><ele>223.5</ele></trkpt>
<trkpt lat="43.312835" lon="11.476305"><ele>223.25</ele></trkpt>
<trkpt lat="43.312931" lon="11.476386"><ele>222.75</ele></trkpt>
<trkpt lat="43.312968" lon="11.476409"><ele>222.5</ele></trkpt>
<trkpt lat="43.313069" lon="11.476444"><ele>221.75</ele></trkpt>
<trkpt lat="43.313199" lon="11.476450"><ele>222.25</ele></trkpt>
<trkpt lat="43.313309" lon="11.476435"><ele>222.25</ele></trkpt>
<trkpt lat="43.313407" lon="11.476379"><ele>223.75</ele></trkpt>
<trkpt lat="43.313661" lon="11.476176"><ele>225.25</ele></trkpt>
<trkpt lat="43.313709" lon="11.476152"><ele>225.0</ele></trkpt>
<trkpt lat="43.313802" lon="11.476139"><ele>225.25</ele></trkpt>
<trkpt lat="43.314294" lon="11.476182"><ele>231.0</ele></trkpt>
<trkpt lat="43.314470" lon="11.476232"><ele>231.0</ele></trkpt>
<trkpt lat="43.314621" lon="11.476350"><ele>231.5</ele></trkpt>
<trkpt lat="43.314764" lon="11.476534"><ele>233.75</ele></trkpt>
<trkpt lat="43.314844" lon="11.476683"><ele>234.75</ele></trkpt>
<trkpt lat="43.314999" lon="11.477117"><ele>230.75</ele></trkpt>
<trkpt lat="43.315140" lon="11.477647"><ele>229.25</ele></trkpt>
<trkpt lat="43.315236" lon="11.478042"><ele>228.5</ele></trkpt>
<trkpt lat="43.315265" lon="11.478190"><ele>227.5</ele></trkpt>
<trkpt lat="43.315305" lon="11.478472"><ele>226.25</ele></trkpt>
<trkpt lat="43.315309" lon="11.478640"><ele>225.5</ele></trkpt>
<trkpt lat="43.315304" lon="11.478870"><ele>223.75</ele></trkpt>
<trkpt lat="43.315295" lon="11.479084"><ele>223.25</ele></trkpt>
<trkpt lat="43.315292" lon="11.479220"><ele>223.0</ele></trkpt>
<trkpt lat="43.315264" lon="11.480774"><ele>228.25</ele></trkpt>
<trkpt lat="43.315187" lon="11.482464"><ele>234.0</ele></trkpt>
<trkpt lat="43.315207" lon="11.482861"><ele>235.25</ele></trkpt>
<trkpt lat="43.315290" lon="11.483182"><ele>236.25</ele></trkpt>
<trkpt lat="43.315400" lon="11.483419"><ele>236.25</ele></trkpt>
<trkpt lat="43.315597" lon="11.483724"><ele>238.25</ele></trkpt>
<trkpt lat="43.315687" lon="11.483878"><ele>239.25</ele></trkpt>
<trkpt lat="43.315750" lon="11.484041"><ele>240.75</ele></trkpt>
<trkpt lat="43.315788" lon="11.484250"><ele>241.75</ele></trkpt>
<trkpt lat="43.315822" lon="11.484534"><ele>241.75</ele></trkpt>
<trkpt lat="43.315867" lon="11.484771"><ele>242.25</ele></trkpt>
<trkpt lat="43.315937" lon="11.484980"><ele>242.75</ele></trkpt>
<trkpt lat="43.316038" lon="11.485154"><ele>243.5</ele></trkpt>
<trkpt lat="43.316258" lon="11.485580"><ele>244.75</ele></trkpt>
<trkpt lat="43.316429" lon="11.485982"><ele>244.25</ele></trkpt>
<trkpt lat="43.316511" lon="11.486126"><ele>244.5</ele></trkpt>
<trkpt lat="43.316680" lon="11.486346"><ele>247.25</ele></trkpt>
<trkpt lat="43.316738" lon="11.486451"><ele>248.25</ele></trkpt>
<trkpt lat="43.316767" lon="11.486537"><ele>248.75</ele></trkpt>
<trkpt lat="43.316783" lon="11.486633"><ele>248.75</ele></trkpt>
<trkpt lat="43.316779" lon="11.486728"><ele>249.0</ele></trkpt>
<trkpt lat="43.316761" lon="11.486851"><ele>249.75</ele></trkpt>
<trkpt lat="43.316645" lon="11.487289"><ele>252.0</ele></trkpt>
<trkpt lat="43.316618" lon="11.487438"><ele>252.25</ele></trkpt>
<trkpt lat="43.316620" lon="11.487548"><ele>252.25</ele></trkpt>
<trkpt lat="43.316656" lon="11.487744"><ele>252.0</ele></trkpt>
<trkpt lat="43.316704" lon="11.487877"><ele>252.0</ele></trkpt>
<trkpt lat="43.316910" lon="11.488241"><ele>253.25</ele></trkpt>
<trkpt lat="43.316952" lon="11.488341"><ele>254.0</ele></trkpt>
<trkpt lat="43.316978" lon="11.488448"><ele>255.0</ele></trkpt>
<trkpt lat="43.316979" lon="11.488559"><ele>255.25</ele></trkpt>
<trkpt lat="43.316969" lon="11.488652"><ele>255.5</ele></trkpt>
<trkpt lat="43.316863" lon="11.489138"><ele>258.25</ele></trkpt>
<trkpt lat="43.316834" lon="11.489350"><ele>258.0</ele></trkpt>
<trkpt lat="43.316834" lon="11.489484"><ele>258.0</ele></trkpt>
<trkpt lat="43.316872" lon="11.489643"><ele>258.5</ele></trkpt>
<trkpt lat="43.316972" lon="11.489846"><ele>259.5</ele></trkpt>
<trkpt lat="43.317179" lon="11.490134"><ele>259.25</ele></trkpt>
<trkpt lat="43.317246" lon="11.490243"><ele>260.0</ele></trkpt>
<trkpt lat="43.317306" lon="11.490380"><ele>260.0</ele></trkpt>
<trkpt lat="43.317396" lon="11.490951"><ele>261.5</ele></trkpt>
<trkpt lat="43.317533" lon="11.491936"><ele>261.0</ele></trkpt>
<trkpt lat="43.317572" lon="11.492271"><ele>260.5</ele></trkpt>
<trkpt lat="43.317574" lon="11.492434"><ele>260.5</ele></trkpt>
<trkpt lat="43.317555" lon="11.492602"><ele>261.0</ele></trkpt>
<trkpt lat="43.317513" lon="11.492767"><ele>261.75</ele></trkpt>
<trkpt lat="43.317443" lon="11.492946"><ele>260.5</ele></trkpt>
<trkpt lat="43.317295" lon="11.493245"><ele>259.5</ele></trkpt>
<trkpt lat="43.317188" lon="11.493411"><ele>260.25</ele></trkpt>
<trkpt lat="43.317115" lon="11.493465"><ele>260.25</ele></trkpt>
<trkpt lat="43.317029" lon="11.493516"><ele>261.0</ele></trkpt>
<trkpt lat="43.316861" lon="11.493551"><ele>262.25</ele></trkpt>
<trkpt lat="43.316762" lon="11.493542"><ele>262.75</ele></trkpt>
<trkpt lat="43.316250" lon="11.493439"><ele>263.5</ele></trkpt>
<trkpt lat="43.316144" lon="11.493441"><ele>264.25</ele></trkpt>
<trkpt lat="43.316077" lon="11.493478"><ele>265.0</ele></trkpt>
<trkpt lat="43.315964" lon="11.493593"><ele>266.75</ele></trkpt>
<trkpt lat="43.315908" lon="11.493707"><ele>267.25</ele></trkpt>
<trkpt lat="43.315888" lon="11.493806"><ele>267.25</ele></trkpt>
<trkpt lat="43.315878" lon="11.493897"><ele>267.25</ele></trkpt>
<trkpt lat="43.315894" lon="11.494110"><ele>267.75</ele></trkpt>
<trkpt lat="43.316155" lon="11.495018"><ele>270.75</ele></trkpt>
<trkpt lat="43.316242" lon="11.495436"><ele>271.75</ele></trkpt>
<trkpt lat="43.316308" lon="11.495827"><ele>271.5</ele></trkpt>
<trkpt lat="43.316316" lon="11.495990"><ele>271.5</ele></trkpt>
<trkpt lat="43.316308" lon="11.496152"><ele>271.25</ele></trkpt>
<trkpt lat="43.316277" lon="11.496371"><ele>270.25</ele></trkpt>
<trkpt lat="43.316221" lon="11.496613"><ele>269.75</ele></trkpt>
<trkpt lat="43.316182" lon="11.496906"><ele>270.0</ele></trkpt>
<trkpt lat="43.316179" lon="11.497199"><ele>270.0</ele></trkpt>
<trkpt lat="43.316223" lon="11.497783"><ele>269.25</ele></trkpt>
<trkpt lat="43.316356" lon="11.499773"><ele>273.25</ele></trkpt>
<trkpt lat="43.316417" lon="11.500227"><ele>274.25</ele></trkpt>
<trkpt lat="43.316519" lon="11.500840"><ele>274.75</ele></trkpt>
<trkpt lat="43.316534" lon="11.501081"><ele>276.25</ele></trkpt>
<trkpt lat="43.316512" lon="11.501331"><ele>277.25</ele></trkpt>
<trkpt lat="43.316425" lon="11.501678"><ele>276.5</ele></trkpt>
<trkpt lat="43.316319" lon="11.501952"><ele>276.0</ele></trkpt>
<trkpt lat="43.316191" lon="11.502235"><ele>276.75</ele></trkpt>
<trkpt lat="43.315966" lon="11.502584"><ele>277.5</ele></trkpt>
<trkpt lat="43.315578" lon="11.503042"><ele>281.25</ele></trkpt>
<trkpt lat="43.315300" lon="11.503343"><ele>282.5</ele></trkpt>
<trkpt lat="43.315204" lon="11.503522"><ele>282.5</ele></trkpt>
<trkpt lat="43.315169" lon="11.503622"><ele>282.5</ele></trkpt>
<trkpt lat="43.315117" lon="11.503933"><ele>282.25</ele></trkpt>
<trkpt lat="43.315077" lon="11.504076"><ele>282.5</ele></trkpt>
<trkpt lat="43.315021" lon="11.504195"><ele>283.0</ele></trkpt>
<trkpt lat="43.314961" lon="11.504281"><ele>283.0</ele></trkpt>
<trkpt lat="43.314884" lon="11.504337"><ele>283.0</ele></trkpt>
<trkpt lat="43.314592" lon="11.504441"><ele>283.5</ele></trkpt>
<trkpt lat="43.314516" lon="11.504516"><ele>282.75</ele></trkpt>
<trkpt lat="43.314451" lon="11.504622"><ele>282.0</ele></trkpt>
<trkpt lat="43.314388" lon="11.504880"><ele>280.25</ele></trkpt>
<trkpt lat="43.314353" lon="11.505414"><ele>279.5</ele></trkpt>
<trkpt lat="43.314350" lon="11.505600"><ele>279.5</ele></trkpt>
<trkpt lat="43.314360" lon="11.505777"><ele>279.5</ele></trkpt>
<trkpt lat="43.314394" lon="11.505967"><ele>280.0</ele></trkpt>
<trkpt lat="43.314461" lon="11.506194"><ele>280.75</ele></trkpt>
<trkpt lat="43.314802" lon="11.507078"><ele>280.0</ele></trkpt>
<trkpt lat="43.314879" lon="11.507317"><ele>280.0</ele></trkpt>
<trkpt lat="43.314930" lon="11.507589"><ele>281.25</ele></trkpt>
<trkpt lat="43.314963" lon="11.507840"><ele>282.5</ele></trkpt>
<trkpt lat="43.314979" lon="11.508103"><ele>283.5</ele></trkpt>
<trkpt lat="43.315006" lon="11.508792"><ele>284.5</ele></trkpt>
<trkpt lat="43.315023" lon="11.509807"><ele>290.0</ele></trkpt>
<trkpt lat="43.315032" lon="11.510071"><ele>290.5</ele></trkpt>
<trkpt lat="43.315062" lon="11.510337"><ele>290.75</ele></trkpt>
<trkpt lat="43.315165" lon="11.510754"><ele>291.5</ele></trkpt>
<trkpt lat="43.315306" lon="11.511196"><ele>293.75</ele></trkpt>
<trkpt lat="43.315346" lon="11.511349"><ele>293.5</ele></trkpt>
<trkpt lat="43.315368" lon="11.511506"><ele>293.75</ele></trkpt>
<trkpt lat="43.315353" lon="11.511860"><ele>295.0</ele></trkpt>
<trkpt lat="43.315344" lon="11.512253"><ele>296.25</ele></trkpt>
<trkpt lat="43.315343" lon="11.512517"><ele>297.25</ele></trkpt>
<trkpt lat="43.315361" lon="11.512895"><ele>297.75</ele></trkpt>
<trkpt lat="43.315409" lon="11.513376"><ele>299.5</ele></trkpt>
<trkpt lat="43.315478" lon="11.513748"><ele>300.75</ele></trkpt>
<trkpt lat="43.315484" lon="11.513920"><ele>301.5</ele></trkpt>
<trkpt lat="43.315432" lon="11.513883"><ele>301.75</ele></trkpt>
<trkpt lat="43.315375" lon="11.513865"><ele>302.0</ele></trkpt>
<trkpt lat="43.315160" lon="11.513862"><ele>303.0</ele></trkpt>
<trkpt lat="43.314942" lon="11.513887"><ele>303.75</ele></trkpt>
<trkpt lat="43.314858" lon="11.513923"><ele>304.25</ele></trkpt>
<trkpt lat="43.314781" lon="11.513984"><ele>305.25</ele></trkpt>
<trkpt lat="43.314727" lon="11.514063"><ele>306.25</ele></trkpt>
<trkpt lat="43.314602" lon="11.514339"><ele>308.0</ele></trkpt>
<trkpt lat="43.314497" lon="11.514501"><ele>309.0</ele></trkpt>
<trkpt lat="43.314428" lon="11.514572"><ele>309.25</ele></trkpt>
<trkpt lat="43.314344" lon="11.514622"><ele>309.5</ele></trkpt>
<trkpt lat="43.314264" lon="11.514645"><ele>309.5</ele></trkpt>
<trkpt lat="43.314194" lon="11.514634"><ele>309.5</ele></trkpt>
<trkpt lat="43.314119" lon="11.514588"><ele>309.0</ele></trkpt>
<trkpt lat="43.313850" lon="11.514267"><ele>309.0</ele></trkpt>
<trkpt lat="43.313749" lon="11.514159"><ele>309.5</ele></trkpt>
<trkpt lat="43.313408" lon="11.513896"><ele>308.0</ele></trkpt>
<trkpt lat="43.313303" lon="11.513850"><ele>307.25</ele></trkpt>
<trkpt lat="43.313204" lon="11.513826"><ele>307.0</ele></trkpt>
<trkpt lat="43.313078" lon="11.513824"><ele>306.5</ele></trkpt>
<trkpt lat="43.312925" lon="11.513853"><ele>304.75</ele></trkpt>
<trkpt lat="43.312669" lon="11.514020"><ele>302.0</ele></trkpt>
<trkpt lat="43.312583" lon="11.514085"><ele>302.0</ele></trkpt>
<trkpt lat="43.312512" lon="11.514150"><ele>302.5</ele></trkpt>
<trkpt lat="43.312446" lon="11.514221"><ele>302.25</ele></trkpt>
<trkpt lat="43.312363" lon="11.514353"><ele>301.25</ele></trkpt>
<trkpt lat="43.312267" lon="11.514531"><ele>300.75</ele></trkpt>
<trkpt lat="43.312091" lon="11.514903"><ele>299.0</ele></trkpt>
<trkpt lat="43.311982" lon="11.515043"><ele>298.0</ele></trkpt>
<trkpt lat="43.311921" lon="11.515093"><ele>297.5</ele></trkpt>
<trkpt lat="43.311852" lon="11.515131"><ele>296.75</ele></trkpt>
<trkpt lat="43.311689" lon="11.515156"><ele>295.25</ele></trkpt>
<trkpt lat="43.311170" lon="11.515148"><ele>290.5</ele></trkpt>
<trkpt lat="43.310787" lon="11.515207"><ele>290.5</ele></trkpt>
<trkpt lat="43.310543" lon="11.515282"><ele>291.75</ele></trkpt>
<trkpt lat="43.310320" lon="11.515378"><ele>290.5</ele></trkpt>
<trkpt lat="43.310124" lon="11.515504"><ele>292.25</ele></trkpt>
<trkpt lat="43.309925" lon="11.515698"><ele>295.0</ele></trkpt>
<trkpt lat="43.309227" lon="11.516595"><ele>300.75</ele></trkpt>
<trkpt lat="43.309194" lon="11.516662"><ele>300.5</ele></trkpt>
<trkpt lat="43.309174" lon="11.516748"><ele>300.75</ele></trkpt>
<trkpt lat="43.309162" lon="11.516906"><ele>300.75</ele></trkpt>
<trkpt lat="43.309183" lon="11.517065"><ele>298.75</ele></trkpt>
<trkpt lat="43.309229" lon="11.517215"><ele>295.75</ele></trkpt>
<trkpt lat="43.309299" lon="11.517326"><ele>295.25</ele></trkpt>
<trkpt lat="43.309657" lon="11.517772"><ele>298.5</ele></trkpt>
<trkpt lat="43.309711" lon="11.517877"><ele>300.0</ele></trkpt>
<trkpt lat="43.309766" lon="11.517997"><ele>300.25</ele></trkpt>
<trkpt lat="43.309814" lon="11.518134"><ele>299.75</ele></trkpt>
<trkpt lat="43.309894" lon="11.518439"><ele>301.0</ele></trkpt>
<trkpt lat="43.309925" lon="11.518603"><ele>302.0</ele></trkpt>
<trkpt lat="43.309936" lon="11.518729"><ele>302.25</ele></trkpt>
<trkpt lat="43.309935" lon="11.518857"><ele>302.25</ele></trkpt>
<trkpt lat="43.309912" lon="11.519028"><ele>299.75</ele></trkpt>
<trkpt lat="43.309880" lon="11.519137"><ele>298.0</ele></trkpt>
<trkpt lat="43.309678" lon="11.519703"><ele>301.75</ele></trkpt>
<trkpt lat="43.309652" lon="11.519806"><ele>301.75</ele></trkpt>
<trkpt lat="43.309638" lon="11.519915"><ele>301.5</ele></trkpt>
<trkpt lat="43.309644" lon="11.520146"><ele>301.25</ele></trkpt>
<trkpt lat="43.309700" lon="11.521062"><ele>307.75</ele></trkpt>
<trkpt lat="43.309713" lon="11.521206"><ele>309.25</ele></trkpt>
<trkpt lat="43.309747" lon="11.521379"><ele>310.75</ele></trkpt>
<trkpt lat="43.309811" lon="11.521584"><ele>311.0</ele></trkpt>
<trkpt lat="43.309844" lon="11.521711"><ele>311.5</ele></trkpt>
<trkpt lat="43.309859" lon="11.521837"><ele>312.0</ele></trkpt>
<trkpt lat="43.309860" lon="11.521982"><ele>312.5</ele></trkpt>
<trkpt lat="43.309855" lon="11.522036"><ele>312.75</ele></trkpt>
<trkpt lat="43.309844" lon="11.522107"><ele>313.0</ele></trkpt>
<trkpt lat="43.309812" lon="11.522218"><ele>313.5</ele></trkpt>
<trkpt lat="43.309766" lon="11.522326"><ele>313.0</ele></trkpt>
<trkpt lat="43.309735" lon="11.522381"><ele>312.75</ele></trkpt>
<trkpt lat="43.309645" lon="11.522495"><ele>312.0</ele></trkpt>
<trkpt lat="43.309493" lon="11.522614"><ele>313.0</ele></trkpt>
<trkpt lat="43.309375" lon="11.522692"><ele>313.75</ele></trkpt>
<trkpt lat="43.309306" lon="11.522736"><ele>314.0</ele></trkpt>
<trkpt lat="43.309186" lon="11.522817"><ele>315.5</ele></trkpt>
<trkpt lat="43.309124" lon="11.522873"><ele>316.5</ele></trkpt>
<trkpt lat="43.308999" lon="11.523020"><ele>319.25</ele></trkpt>
<trkpt lat="43.308933" lon="11.523109"><ele>320.75</ele></trkpt>
<trkpt lat="43.308879" lon="11.523208"><ele>322.75</ele></trkpt>
<trkpt lat="43.308855" lon="11.523286"><ele>324.25</ele></trkpt>
<trkpt lat="43.308849" lon="11.523324"><ele>324.75</ele></trkpt>
<trkpt lat="43.308848" lon="11.523418"><ele>325.0</ele></trkpt>
<trkpt lat="43.308869" lon="11.523564"><ele>324.25</ele></trkpt>
<trkpt lat="43.308906" lon="11.523850"><ele>322.75</ele></trkpt>
<trkpt lat="43.308899" lon="11.524019"><ele>322.75</ele></trkpt>
<trkpt lat="43.308842" lon="11.524322"><ele>324.75</ele></trkpt>
<trkpt lat="43.308823" lon="11.524382"><ele>325.5</ele></trkpt>
<trkpt lat="43.308791" lon="11.524429"><ele>326.5</ele></trkpt>
<trkpt lat="43.308757" lon="11.524428"><ele>327.0</ele></trkpt>
<trkpt lat="43.308722" lon="11.524405"><ele>327.5</ele></trkpt>
<trkpt lat="43.308688" lon="11.524364"><ele>327.75</ele></trkpt>
<trkpt lat="43.308636" lon="11.524281"><ele>327.75</ele></trkpt>
<trkpt lat="43.308515" lon="11.524082"><ele>327.75</ele></trkpt>
<trkpt lat="43.308446" lon="11.523993"><ele>328.0</ele></trkpt>
<trkpt lat="43.308370" lon="11.523917"><ele>328.0</ele></trkpt>
<trkpt lat="43.308034" lon="11.523668"><ele>327.5</ele></trkpt>
<trkpt lat="43.307614" lon="11.523318"><ele>328.0</ele></trkpt>
<trkpt lat="43.307540" lon="11.523209"><ele>327.25</ele></trkpt>
<trkpt lat="43.307451" lon="11.523144"><ele>327.0</ele></trkpt>
<trkpt lat="43.307376" lon="11.523109"><ele>327.5</ele></trkpt>
<trkpt lat="43.307300" lon="11.523093"><ele>328.0</ele></trkpt>
<trkpt lat="43.306943" lon="11.523057"><ele>330.0</ele></trkpt>
<trkpt lat="43.306534" lon="11.523031"><ele>327.25</ele></trkpt>
<trkpt lat="43.306142" lon="11.522935"><ele>321.75</ele></trkpt>
<trkpt lat="43.305956" lon="11.522829"><ele>318.5</ele></trkpt>
<trkpt lat="43.305797" lon="11.522784"><ele>315.25</ele></trkpt>
<trkpt lat="43.305677" lon="11.522761"><ele>315.25</ele></trkpt>
<trkpt lat="43.305540" lon="11.522777"><ele>315.5</ele></trkpt>
<trkpt lat="43.305303" lon="11.522874"><ele>311.0</ele></trkpt>
<trkpt lat="43.305078" lon="11.523003"><ele>306.5</ele></trkpt>
<trkpt lat="43.304811" lon="11.523181"><ele>303.75</ele></trkpt>
<trkpt lat="43.304650" lon="11.523323"><ele>302.0</ele></trkpt>
<trkpt lat="43.304465" lon="11.523619"><ele>298.25</ele></trkpt>
<trkpt lat="43.304358" lon="11.523762"><ele>297.25</ele></trkpt>
<trkpt lat="43.304244" lon="11.523841"><ele>296.5</ele></trkpt>
<trkpt lat="43.304137" lon="11.523850"><ele>296.0</ele></trkpt>
<trkpt lat="43.304063" lon="11.523827"><ele>296.0</ele></trkpt>
<trkpt lat="43.304001" lon="11.523779"><ele>295.5</ele></trkpt>
<trkpt lat="43.303867" lon="11.523656"><ele>296.5</ele></trkpt>
<trkpt lat="43.303382" lon="11.522773"><ele>294.5</ele></trkpt>
<trkpt lat="43.303290" lon="11.522700"><ele>294.75</ele></trkpt>
<trkpt lat="43.303183" lon="11.522666"><ele>294.5</ele></trkpt>
<trkpt lat="43.303012" lon="11.522661"><ele>294.5</ele></trkpt>
<trkpt lat="43.302815" lon="11.522686"><ele>294.25</ele></trkpt>
<trkpt lat="43.302545" lon="11.522763"><ele>294.0</ele></trkpt>
<trkpt lat="43.302229" lon="11.522903"><ele>295.5</ele></trkpt>
<trkpt lat="43.302054" lon="11.522918"><ele>296.0</ele></trkpt>
<trkpt lat="43.301881" lon="11.522910"><ele>295.75</ele></trkpt>
<trkpt lat="43.301714" lon="11.522892"><ele>295.75</ele></trkpt>
<trkpt lat="43.301488" lon="11.522821"><ele>296.0</ele></trkpt>
<trkpt lat="43.301015" lon="11.522550"><ele>295.25</ele></trkpt>
<trkpt lat="43.300635" lon="11.522438"><ele>293.75</ele></trkpt>
<trkpt lat="43.300380" lon="11.522317"><ele>290.5</ele></trkpt>
<trkpt lat="43.300240" lon="11.522254"><ele>288.5</ele></trkpt>
<trkpt lat="43.299996" lon="11.522199"><ele>287.5</ele></trkpt>
<trkpt lat="43.299815" lon="11.522230"><ele>288.75</ele></trkpt>
<trkpt lat="43.299678" lon="11.522279"><ele>290.5</ele></trkpt>
<trkpt lat="43.299467" lon="11.522428"><ele>293.75</ele></trkpt>
<trkpt lat="43.299382" lon="11.522460"><ele>294.5</ele></trkpt>
<trkpt lat="43.299174" lon="11.522499"><ele>294.75</ele></trkpt>
<trkpt lat="43.299026" lon="11.522505"><ele>296.0</ele></trkpt>
<trkpt lat="43.298914" lon="11.522466"><ele>296.0</ele></trkpt>
<trkpt lat="43.298765" lon="11.522326"><ele>295.5</ele></trkpt>
<trkpt lat="43.298652" lon="11.522243"><ele>295.75</ele></trkpt>
<trkpt lat="43.298538" lon="11.522239"><ele>297.0</ele></trkpt>
<trkpt lat="43.298400" lon="11.522302"><ele>300.0</ele></trkpt>
<trkpt lat="43.298325" lon="11.522303"><ele>301.0</ele></trkpt>
<trkpt lat="43.298269" lon="11.522291"><ele>302.25</ele></trkpt>
<trkpt lat="43.298172" lon="11.522194"><ele>303.0</ele></trkpt>
<trkpt lat="43.298117" lon="11.522113"><ele>302.5</ele></trkpt>
<trkpt lat="43.298027" lon="11.521905"><ele>300.5</ele></trkpt>
<trkpt lat="43.297885" lon="11.521662"><ele>301.25</ele></trkpt>
<trkpt lat="43.297548" lon="11.521384"><ele>302.75</ele></trkpt>
<trkpt lat="43.297371" lon="11.521332"><ele>302.25</ele></trkpt>
<trkpt lat="43.297178" lon="11.521362"><ele>303.0</ele></trkpt>
<trkpt lat="43.296904" lon="11.521496"><ele>301.75</ele></trkpt>
<trkpt lat="43.296820" lon="11.521588"><ele>302.25</ele></trkpt>
<trkpt lat="43.296739" lon="11.521702"><ele>303.25</ele></trkpt>
<trkpt lat="43.296657" lon="11.522260"><ele>306.0</ele></trkpt>
<trkpt lat="43.296468" lon="11.522556"><ele>304.5</ele></trkpt>
<trkpt lat="43.296415" lon="11.522756"><ele>305.5</ele></trkpt>
<trkpt lat="43.296423" lon="11.523055"><ele>306.75</ele></trkpt>
<trkpt lat="43.296445" lon="11.523482"><ele>305.5</ele></trkpt>
<trkpt lat="43.296492" lon="11.523917"><ele>303.75</ele></trkpt>
<trkpt lat="43.296567" lon="11.524424"><ele>303.0</ele></trkpt>
<trkpt lat="43.296609" lon="11.524629"><ele>302.5</ele></trkpt>
<trkpt lat="43.296688" lon="11.524781"><ele>303.5</ele></trkpt>
<trkpt lat="43.296737" lon="11.524905"><ele>303.0</ele></trkpt>
<trkpt lat="43.296767" lon="11.525058"><ele>302.25</ele></trkpt>
<trkpt lat="43.296761" lon="11.525257"><ele>300.5</ele></trkpt>
<trkpt lat="43.296739" lon="11.525368"><ele>299.5</ele></trkpt>
<trkpt lat="43.296737" lon="11.525502"><ele>299.5</ele></trkpt>
<trkpt lat="43.296743" lon="11.525640"><ele>299.0</ele></trkpt>
<trkpt lat="43.296770" lon="11.525856"><ele>298.25</ele></trkpt>
<trkpt lat="43.296750" lon="11.526050"><ele>298.25</ele></trkpt>
<trkpt lat="43.296689" lon="11.526162"><ele>298.5</ele></trkpt>
<trkpt lat="43.296512" lon="11.526351"><ele>297.25</ele></trkpt>
<trkpt lat="43.296335" lon="11.526591"><ele>296.75</ele></trkpt>
<trkpt lat="43.296176" lon="11.526861"><ele>295.75</ele></trkpt>
<trkpt lat="43.296059" lon="11.527098"><ele>294.75</ele></trkpt>
<trkpt lat="43.296003" lon="11.527275"><ele>294.75</ele></trkpt>
<trkpt lat="43.295932" lon="11.527995"><ele>297.5</ele></trkpt>
<trkpt lat="43.295894" lon="11.528299"><ele>297.5</ele></trkpt>
<trkpt lat="43.295846" lon="11.528451"><ele>297.75</ele></trkpt>
<trkpt lat="43.295789" lon="11.528554"><ele>298.0</ele></trkpt>
<trkpt lat="43.295654" lon="11.528704"><ele>298.5</ele></trkpt>
<trkpt lat="43.295371" lon="11.528910"><ele>298.25</ele></trkpt>
<trkpt lat="43.295308" lon="11.529002"><ele>299.25</ele></trkpt>
<trkpt lat="43.295300" lon="11.529090"><ele>300.0</ele></trkpt>
<trkpt lat="43.295317" lon="11.529162"><ele>300.25</ele></trkpt>
<trkpt lat="43.295362" lon="11.529216"><ele>300.25</ele></trkpt>
<trkpt lat="43.295454" lon="11.529284"><ele>300.25</ele></trkpt>
<trkpt lat="43.295638" lon="11.529382"><ele>300.25</ele></trkpt>
<trkpt lat="43.295911" lon="11.529566"><ele>302.75</ele></trkpt>
<trkpt lat="43.296016" lon="11.529597"><ele>302.75</ele></trkpt>
<trkpt lat="43.296149" lon="11.529620"><ele>302.25</ele></trkpt>
<trkpt lat="43.296369" lon="11.529699"><ele>303.25</ele></trkpt>
<trkpt lat="43.296552" lon="11.529806"><ele>304.25</ele></trkpt>
<trkpt lat="43.296597" lon="11.529857"><ele>304.5</ele></trkpt>
<trkpt lat="43.296627" lon="11.529927"><ele>305.25</ele></trkpt>
<trkpt lat="43.296638" lon="11.529995"><ele>306.25</ele></trkpt>
<trkpt lat="43.296635" lon="11.530061"><ele>306.0</ele></trkpt>
<trkpt lat="43.296616" lon="11.530129"><ele>305.75</ele></trkpt>
<trkpt lat="43.296578" lon="11.530193"><ele>306.0</ele></trkpt>
<trkpt lat="43.296513" lon="11.530241"><ele>306.75</ele></trkpt>
<trkpt lat="43.296286" lon="11.530345"><ele>309.0</ele></trkpt>
<trkpt lat="43.295853" lon="11.530527"><ele>313.0</ele></trkpt>
<trkpt lat="43.295615" lon="11.530648"><ele>315.5</ele></trkpt>
<trkpt lat="43.295250" lon="11.530900"><ele>319.25</ele></trkpt>
<trkpt lat="43.295083" lon="11.531079"><ele>321.0</ele></trkpt>
<trkpt lat="43.294908" lon="11.531396"><ele>323.5</ele></trkpt>
<trkpt lat="43.294607" lon="11.531999"><ele>326.75</ele></trkpt>
<trkpt lat="43.294514" lon="11.532259"><ele>328.75</ele></trkpt>
<trkpt lat="43.294487" lon="11.532509"><ele>328.75</ele></trkpt>
<trkpt lat="43.294472" lon="11.532763"><ele>330.25</ele></trkpt>
<trkpt lat="43.294468" lon="11.533134"><ele>333.25</ele></trkpt>
<trkpt lat="43.294481" lon="11.533402"><ele>334.5</ele></trkpt>
<trkpt lat="43.294521" lon="11.533594"><ele>333.25</ele></trkpt>
<trkpt lat="43.294620" lon="11.533710"><ele>334.25</ele></trkpt>
<trkpt lat="43.294821" lon="11.533826"><ele>335.25</ele></trkpt>
<trkpt lat="43.294982" lon="11.533889"><ele>334.0</ele></trkpt>
<trkpt lat="43.295088" lon="11.533988"><ele>334.25</ele></trkpt>
<trkpt lat="43.295312" lon="11.534289"><ele>334.75</ele></trkpt>
<trkpt lat="43.295448" lon="11.534408"><ele>334.25</ele></trkpt>
<trkpt lat="43.295624" lon="11.534538"><ele>333.0</ele></trkpt>
<trkpt lat="43.295740" lon="11.534637"><ele>331.75</ele></trkpt>
<trkpt lat="43.295816" lon="11.534786"><ele>330.75</ele></trkpt>
<trkpt lat="43.295849" lon="11.534970"><ele>330.0</ele></trkpt>
<trkpt lat="43.295824" lon="11.535359"><ele>329.5</ele></trkpt>
<trkpt lat="43.295783" lon="11.535731"><ele>325.75</ele></trkpt>
<trkpt lat="43.295759" lon="11.535851"><ele>324.0</ele></trkpt>
<trkpt lat="43.295691" lon="11.536039"><ele>320.0</ele></trkpt>
<trkpt lat="43.295508" lon="11.536496"><ele>320.75</ele></trkpt>
<trkpt lat="43.295429" lon="11.536623"><ele>319.75</ele></trkpt>
<trkpt lat="43.295340" lon="11.536690"><ele>320.5</ele></trkpt>
<trkpt lat="43.295184" lon="11.536761"><ele>320.75</ele></trkpt>
<trkpt lat="43.294980" lon="11.536800"><ele>321.75</ele></trkpt>
<trkpt lat="43.294585" lon="11.537031"><ele>322.0</ele></trkpt>
<trkpt lat="43.294409" lon="11.537188"><ele>321.5</ele></trkpt>
<trkpt lat="43.294056" lon="11.537629"><ele>315.5</ele></trkpt>
<trkpt lat="43.292740" lon="11.538853"><ele>324.75</ele></trkpt>
<trkpt lat="43.292597" lon="11.538898"><ele>324.75</ele></trkpt>
<trkpt lat="43.292419" lon="11.538895"><ele>324.25</ele></trkpt>
<trkpt lat="43.292048" lon="11.538798"><ele>323.5</ele></trkpt>
<trkpt lat="43.291944" lon="11.538796"><ele>322.5</ele></trkpt>
<trkpt lat="43.291844" lon="11.538825"><ele>322.25</ele></trkpt>
<trkpt lat="43.291715" lon="11.538995"><ele>320.75</ele></trkpt>
<trkpt lat="43.291642" lon="11.539159"><ele>320.25</ele></trkpt>
<trkpt lat="43.291390" lon="11.539845"><ele>317.5</ele></trkpt>
<trkpt lat="43.291328" lon="11.540074"><ele>315.25</ele></trkpt>
<trkpt lat="43.291306" lon="11.540263"><ele>313.75</ele></trkpt>
<trkpt lat="43.291327" lon="11.540819"><ele>312.5</ele></trkpt>
<trkpt lat="43.291298" lon="11.541045"><ele>311.75</ele></trkpt>
<trkpt lat="43.291203" lon="11.541192"><ele>310.5</ele></trkpt>
<trkpt lat="43.291067" lon="11.541320"><ele>310.5</ele></trkpt>
<trkpt lat="43.290939" lon="11.541377"><ele>310.75</ele></trkpt>
<trkpt lat="43.290812" lon="11.541377"><ele>311.0</ele></trkpt>
<trkpt lat="43.290697" lon="11.541344"><ele>311.5</ele></trkpt>
<trkpt lat="43.290496" lon="11.541257"><ele>312.5</ele></trkpt>
<trkpt lat="43.290324" lon="11.541198"><ele>313.75</ele></trkpt>
<trkpt lat="43.290147" lon="11.541176"><ele>314.25</ele></trkpt>
<trkpt lat="43.289943" lon="11.541203"><ele>314.75</ele></trkpt>
<trkpt lat="43.289817" lon="11.541208"><ele>314.25</ele></trkpt>
<trkpt lat="43.289735" lon="11.541201"><ele>313.5</ele></trkpt>
<trkpt lat="43.289646" lon="11.541185"><ele>313.25</ele></trkpt>
<trkpt lat="43.289500" lon="11.541122"><ele>312.75</ele></trkpt>
<trkpt lat="43.289411" lon="11.541096"><ele>312.75</ele></trkpt>
<trkpt lat="43.289324" lon="11.541085"><ele>312.5</ele></trkpt>
<trkpt lat="43.289112" lon="11.541102"><ele>312.0</ele></trkpt>
<trkpt lat="43.288592" lon="11.541276"><ele>310.0</ele></trkpt>
<trkpt lat="43.288496" lon="11.541322"><ele>309.5</ele></trkpt>
<trkpt lat="43.288431" lon="11.541374"><ele>309.25</ele></trkpt>
<trkpt lat="43.288371" lon="11.541441"><ele>309.25</ele></trkpt>
<trkpt lat="43.288300" lon="11.541557"><ele>308.5</ele></trkpt>
<trkpt lat="43.288171" lon="11.541890"><ele>307.0</ele></trkpt>
<trkpt lat="43.288072" lon="11.542108"><ele>305.5</ele></trkpt>
<trkpt lat="43.287992" lon="11.542259"><ele>304.0</ele></trkpt>
<trkpt lat="43.287906" lon="11.542393"><ele>303.75</ele></trkpt>
<trkpt lat="43.287844" lon="11.542503"><ele>304.25</ele></trkpt>
<trkpt lat="43.287781" lon="11.542655"><ele>304.0</ele></trkpt>
<trkpt lat="43.287715" lon="11.542899"><ele>302.75</ele></trkpt>
<trkpt lat="43.287653" lon="11.543152"><ele>301.75</ele></trkpt>
<trkpt lat="43.287627" lon="11.543340"><ele>303.0</ele></trkpt>
<trkpt lat="43.287618" lon="11.543480"><ele>303.5</ele></trkpt>
<trkpt lat="43.287628" lon="11.543732"><ele>303.25</ele></trkpt>
<trkpt lat="43.287611" lon="11.543913"><ele>303.0</ele></trkpt>
<trkpt lat="43.287589" lon="11.544005"><ele>303.25</ele></trkpt>
<trkpt lat="43.287481" lon="11.544335"><ele>304.5</ele></trkpt>
<trkpt lat="43.287428" lon="11.544540"><ele>305.25</ele></trkpt>
<trkpt lat="43.287393" lon="11.544726"><ele>306.5</ele></trkpt>
<trkpt lat="43.287366" lon="11.544948"><ele>307.25</ele></trkpt>
<trkpt lat="43.287326" lon="11.545427"><ele>308.0</ele></trkpt>
<trkpt lat="43.287286" lon="11.545669"><ele>308.0</ele></trkpt>
<trkpt lat="43.287236" lon="11.545871"><ele>308.0</ele></trkpt>
<trkpt lat="43.287194" lon="11.545980"><ele>308.0</ele></trkpt>
<trkpt lat="43.287138" lon="11.546057"><ele>308.25</ele></trkpt>
<trkpt lat="43.287062" lon="11.546110"><ele>309.25</ele></trkpt>
<trkpt lat="43.286965" lon="11.546140"><ele>310.75</ele></trkpt>
<trkpt lat="43.286828" lon="11.546135"><ele>310.5</ele></trkpt>
<trkpt lat="43.286755" lon="11.546112"><ele>310.5</ele></trkpt>
<trkpt lat="43.286687" lon="11.546065"><ele>310.75</ele></trkpt>
<trkpt lat="43.286557" lon="11.545957"><ele>311.0</ele></trkpt>
<trkpt lat="43.286453" lon="11.545894"><ele>311.25</ele></trkpt>
<trkpt lat="43.286355" lon="11.545861"><ele>311.75</ele></trkpt>
<trkpt lat="43.286294" lon="11.545858"><ele>312.75</ele></trkpt>
<trkpt lat="43.286199" lon="11.545889"><ele>313.75</ele></trkpt>
<trkpt lat="43.286051" lon="11.545976"><ele>315.0</ele></trkpt>
<trkpt lat="43.285683" lon="11.546300"><ele>317.0</ele></trkpt>
<trkpt lat="43.285528" lon="11.546383"><ele>317.25</ele></trkpt>
<trkpt lat="43.285317" lon="11.546460"><ele>318.25</ele></trkpt>
<trkpt lat="43.285063" lon="11.546616"><ele>316.75</ele></trkpt>
<trkpt lat="43.284820" lon="11.546916"><ele>310.5</ele></trkpt>
<trkpt lat="43.284760" lon="11.547089"><ele>308.0</ele></trkpt>
<trkpt lat="43.284739" lon="11.547263"><ele>306.25</ele></trkpt>
<trkpt lat="43.284716" lon="11.547540"><ele>305.75</ele></trkpt>
<trkpt lat="43.284689" lon="11.547698"><ele>305.25</ele></trkpt>
<trkpt lat="43.284544" lon="11.548121"><ele>303.25</ele></trkpt>
<trkpt lat="43.284326" lon="11.548612"><ele>301.25</ele></trkpt>
<trkpt lat="43.284271" lon="11.548691"><ele>300.75</ele></trkpt>
<trkpt lat="43.284209" lon="11.548744"><ele>300.25</ele></trkpt>
<trkpt lat="43.284135" lon="11.548793"><ele>300.75</ele></trkpt>
<trkpt lat="43.284060" lon="11.548827"><ele>301.5</ele></trkpt>
<trkpt lat="43.283920" lon="11.548837"><ele>302.5</ele></trkpt>
<trkpt lat="43.283737" lon="11.548825"><ele>303.75</ele></trkpt>
<trkpt lat="43.283557" lon="11.548772"><ele>305.0</ele></trkpt>
<trkpt lat="43.283423" lon="11.548719"><ele>306.25</ele></trkpt>
<trkpt lat="43.283191" lon="11.548513"><ele>306.0</ele></trkpt>
<trkpt lat="43.283000" lon="11.548326"><ele>304.5</ele></trkpt>
<trkpt lat="43.282864" lon="11.548248"><ele>304.0</ele></trkpt>
<trkpt lat="43.282610" lon="11.548176"><ele>304.25</ele></trkpt>
<trkpt lat="43.282324" lon="11.548139"><ele>305.0</ele></trkpt>
<trkpt lat="43.282082" lon="11.548117"><ele>305.25</ele></trkpt>
<trkpt lat="43.281911" lon="11.548112"><ele>305.0</ele></trkpt>
<trkpt lat="43.281764" lon="11.548145"><ele>304.25</ele></trkpt>
<trkpt lat="43.281612" lon="11.548212"><ele>303.5</ele></trkpt>
<trkpt lat="43.281442" lon="11.548385"><ele>302.5</ele></trkpt>
<trkpt lat="43.281367" lon="11.548461"><ele>301.5</ele></trkpt>
<trkpt lat="43.281119" lon="11.548704"><ele>298.5</ele></trkpt>
<trkpt lat="43.280957" lon="11.548920"><ele>294.25</ele></trkpt>
<trkpt lat="43.280757" lon="11.549292"><ele>288.5</ele></trkpt>
<trkpt lat="43.280743" lon="11.549318"><ele>288.25</ele></trkpt>
<trkpt lat="43.280631" lon="11.549474"><ele>285.25</ele></trkpt>
<trkpt lat="43.280427" lon="11.549643"><ele>284.25</ele></trkpt>
<trkpt lat="43.280111" lon="11.549843"><ele>279.25</ele></trkpt>
<trkpt lat="43.279976" lon="11.549893"><ele>279.0</ele></trkpt>
<trkpt lat="43.279861" lon="11.549909"><ele>279.5</ele></trkpt>
<trkpt lat="43.279719" lon="11.549913"><ele>280.0</ele></trkpt>
<trkpt lat="43.279589" lon="11.549901"><ele>279.5</ele></trkpt>
<trkpt lat="43.279427" lon="11.549841"><ele>279.0</ele></trkpt>
<trkpt lat="43.278943" lon="11.549530"><ele>282.75</ele></trkpt>
<trkpt lat="43.278859" lon="11.549494"><ele>283.25</ele></trkpt>
<trkpt lat="43.278747" lon="11.549459"><ele>284.5</ele></trkpt>
<trkpt lat="43.278011" lon="11.549420"><ele>290.75</ele></trkpt>
<trkpt lat="43.277854" lon="11.549390"><ele>292.0</ele></trkpt>
<trkpt lat="43.277774" lon="11.549360"><ele>292.75</ele></trkpt>
<trkpt lat="43.277696" lon="11.549314"><ele>293.5</ele></trkpt>
<trkpt lat="43.277104" lon="11.548802"><ele>301.25</ele></trkpt>
<trkpt lat="43.276836" lon="11.548529"><ele>302.0</ele></trkpt>
<trkpt lat="43.276628" lon="11.548366"><ele>302.5</ele></trkpt>
<trkpt lat="43.276535" lon="11.548315"><ele>303.25</ele></trkpt>
<trkpt lat="43.276260" lon="11.548195"><ele>303.25</ele></trkpt>
<trkpt lat="43.275991" lon="11.548121"><ele>302.5</ele></trkpt>
<trkpt lat="43.275734" lon="11.548001"><ele>301.0</ele></trkpt>
<trkpt lat="43.275490" lon="11.547838"><ele>298.75</ele></trkpt>
<trkpt lat="43.275012" lon="11.547405"><ele>290.5</ele></trkpt>
<trkpt lat="43.274706" lon="11.547167"><ele>283.5</ele></trkpt>
<trkpt lat="43.274606" lon="11.547112"><ele>281.75</ele></trkpt>
<trkpt lat="43.274530" lon="11.547083"><ele>281.0</ele></trkpt>
<trkpt lat="43.274429" lon="11.547072"><ele>280.25</ele></trkpt>
<trkpt lat="43.274120" lon="11.547116"><ele>276.0</ele></trkpt>
<trkpt lat="43.273917" lon="11.547121"><ele>274.0</ele></trkpt>
<trkpt lat="43.273764" lon="11.547102"><ele>273.0</ele></trkpt>
<trkpt lat="43.273638" lon="11.547031"><ele>271.5</ele></trkpt>
<trkpt lat="43.273495" lon="11.546867"><ele>269.5</ele></trkpt>
<trkpt lat="43.273388" lon="11.546653"><ele>267.25</ele></trkpt>
<trkpt lat="43.273279" lon="11.546363"><ele>263.0</ele></trkpt>
<trkpt lat="43.273185" lon="11.545925"><ele>259.25</ele></trkpt>
<trkpt lat="43.273158" lon="11.545699"><ele>258.0</ele></trkpt>
<trkpt lat="43.273147" lon="11.545479"><ele>256.5</ele></trkpt>
<trkpt lat="43.273185" lon="11.544637"><ele>252.25</ele></trkpt>
<trkpt lat="43.273208" lon="11.544444"><ele>252.0</ele></trkpt>
<trkpt lat="43.273258" lon="11.544292"><ele>251.25</ele></trkpt>
<trkpt lat="43.273577" lon="11.543793"><ele>244.5</ele></trkpt>
<trkpt lat="43.273624" lon="11.543641"><ele>242.75</ele></trkpt>
<trkpt lat="43.273644" lon="11.543484"><ele>241.25</ele></trkpt>
<trkpt lat="43.273608" lon="11.543333"><ele>240.75</ele></trkpt>
<trkpt lat="43.273540" lon="11.543212"><ele>239.0</ele></trkpt>
<trkpt lat="43.273257" lon="11.542959"><ele>233.5</ele></trkpt>
<trkpt lat="43.273180" lon="11.542911"><ele>232.25</ele></trkpt>
<trkpt lat="43.273116" lon="11.542889"><ele>231.25</ele></trkpt>
<trkpt lat="43.273050" lon="11.542889"><ele>231.0</ele></trkpt>
<trkpt lat="43.272830" lon="11.542945"><ele>228.25</ele></trkpt>
<trkpt lat="43.272770" lon="11.542940"><ele>226.75</ele></trkpt>
<trkpt lat="43.272713" lon="11.542902"><ele>225.25</ele></trkpt>
<trkpt lat="43.272668" lon="11.542835"><ele>223.5</ele></trkpt>
<trkpt lat="43.272629" lon="11.542759"><ele>222.0</ele></trkpt>
<trkpt lat="43.272600" lon="11.542645"><ele>220.0</ele></trkpt>
<trkpt lat="43.272561" lon="11.542441"><ele>217.75</ele></trkpt>
<trkpt lat="43.272514" lon="11.541921"><ele>213.5</ele></trkpt>
<trkpt lat="43.272455" lon="11.541457"><ele>208.25</ele></trkpt>
<trkpt lat="43.272397" lon="11.541179"><ele>204.0</ele></trkpt>
<trkpt lat="43.272329" lon="11.540989"><ele>202.25</ele></trkpt>
<trkpt lat="43.271962" lon="11.540086"><ele>199.25</ele></trkpt>
<trkpt lat="43.271836" lon="11.539764"><ele>196.5</ele></trkpt>
<trkpt lat="43.271613" lon="11.539153"><ele>192.25</ele></trkpt>
<trkpt lat="43.271352" lon="11.538553"><ele>189.5</ele></trkpt>
<trkpt lat="43.271142" lon="11.538151"><ele>186.0</ele></trkpt>
<trkpt lat="43.271071" lon="11.538040"></trkpt>
<trkpt lat="43.270962" lon="11.537914"><ele>187.25</ele></trkpt>
<trkpt lat="43.270846" lon="11.537835"><ele>189.25</ele></trkpt>
<trkpt lat="43.270668" lon="11.537737"><ele>191.5</ele></trkpt>
<trkpt lat="43.270448" lon="11.537693"><ele>192.75</ele></trkpt>
<trkpt lat="43.270162" lon="11.537558"><ele>193.75</ele></trkpt>
<trkpt lat="43.270046" lon="11.537541"><ele>194.75</ele></trkpt>
<trkpt lat="43.269884" lon="11.537593"><ele>197.0</ele></trkpt>
<trkpt lat="43.269671" lon="11.537705"><ele>200.5</ele></trkpt>
<trkpt lat="43.269443" lon="11.537789"><ele>204.75</ele></trkpt>
<trkpt lat="43.269312" lon="11.537814"><ele>207.0</ele></trkpt>
<trkpt lat="43.269190" lon="11.537817"><ele>209.5</ele></trkpt>
<trkpt lat="43.268853" lon="11.537704"><ele>213.75</ele></trkpt>
<trkpt lat="43.268700" lon="11.537694"><ele>215.25</ele></trkpt>
<trkpt lat="43.268540" lon="11.537756"><ele>217.25</ele></trkpt>
<trkpt lat="43.267384" lon="11.538580"><ele>236.25</ele></trkpt>
<trkpt lat="43.267085" lon="11.538775"><ele>238.25</ele></trkpt>
<trkpt lat="43.266721" lon="11.538967"><ele>242.0</ele></trkpt>
<trkpt lat="43.266557" lon="11.539074"><ele>243.25</ele></trkpt>
<trkpt lat="43.266463" lon="11.539182"><ele>244.0</ele></trkpt>
<trkpt lat="43.266220" lon="11.539622"><ele>246.0</ele></trkpt>
<trkpt lat="43.265957" lon="11.540032"><ele>249.5</ele></trkpt>
<trkpt lat="43.265655" lon="11.540439"><ele>253.0</ele></trkpt>
<trkpt lat="43.265570" lon="11.540601"><ele>253.25</ele></trkpt>
<trkpt lat="43.265531" lon="11.540848"><ele>251.75</ele></trkpt>
<trkpt lat="43.265511" lon="11.541209"><ele>251.25</ele></trkpt>
<trkpt lat="43.265489" lon="11.541425"><ele>250.25</ele></trkpt>
<trkpt lat="43.265455" lon="11.541641"><ele>249.25</ele></trkpt>
<trkpt lat="43.265368" lon="11.541962"><ele>248.5</ele></trkpt>
<trkpt lat="43.265243" lon="11.542305"><ele>249.0</ele></trkpt>
<trkpt lat="43.265207" lon="11.542422"><ele>247.75</ele></trkpt>
<trkpt lat="43.265188" lon="11.542543"><ele>247.0</ele></trkpt>
<trkpt lat="43.265187" lon="11.542739"><ele>247.75</ele></trkpt>
<trkpt lat="43.265229" lon="11.543155"><ele>251.5</ele></trkpt>
<trkpt lat="43.265224" lon="11.543296"><ele>252.5</ele></trkpt>
<trkpt lat="43.265206" lon="11.543420"><ele>252.75</ele></trkpt>
<trkpt lat="43.265123" lon="11.543713"><ele>254.75</ele></trkpt>
<trkpt lat="43.264957" lon="11.544138"><ele>260.75</ele></trkpt>
<trkpt lat="43.264801" lon="11.544398"><ele>264.5</ele></trkpt>
<trkpt lat="43.264698" lon="11.544620"><ele>269.25</ele></trkpt>
<trkpt lat="43.264645" lon="11.544895"><ele>272.25</ele></trkpt>
<trkpt lat="43.264464" lon="11.545970"><ele>273.25</ele></trkpt>
<trkpt lat="43.264355" lon="11.546264"><ele>273.0</ele></trkpt>
<trkpt lat="43.264222" lon="11.546467"><ele>274.0</ele></trkpt>
<trkpt lat="43.264074" lon="11.546640"><ele>274.5</ele></trkpt>
<trkpt lat="43.263609" lon="11.547086"><ele>275.75</ele></trkpt>
<trkpt lat="43.263476" lon="11.547191"><ele>275.25</ele></trkpt>
<trkpt lat="43.263224" lon="11.547520"><ele>272.75</ele></trkpt>
<trkpt lat="43.262977" lon="11.548163"><ele>265.25</ele></trkpt>
<trkpt lat="43.262565" lon="11.548926"><ele>256.5</ele></trkpt>
<trkpt lat="43.262398" lon="11.549184"><ele>253.5</ele></trkpt>
<trkpt lat="43.262144" lon="11.549493"><ele>250.0</ele></trkpt>
<trkpt lat="43.262012" lon="11.549641"><ele>247.75</ele></trkpt>
<trkpt lat="43.261877" lon="11.549758"><ele>246.75</ele></trkpt>
<trkpt lat="43.261704" lon="11.549862"><ele>244.25</ele></trkpt>
<trkpt lat="43.261573" lon="11.549928"><ele>242.75</ele></trkpt>
<trkpt lat="43.261438" lon="11.549951"><ele>241.75</ele></trkpt>
<trkpt lat="43.261169" lon="11.549955"><ele>240.75</ele></trkpt>
<trkpt lat="43.260884" lon="11.549917"><ele>239.75</ele></trkpt>
<trkpt lat="43.260773" lon="11.549923"><ele>240.25</ele></trkpt>
<trkpt lat="43.260577" lon="11.549989"><ele>242.5</ele></trkpt>
<trkpt lat="43.260393" lon="11.550110"><ele>244.5</ele></trkpt>
<trkpt lat="43.260235" lon="11.550311"><ele>248.0</ele></trkpt>
<trkpt lat="43.260090" lon="11.550542"><ele>250.75</ele></trkpt>
<trkpt lat="43.259981" lon="11.550719"><ele>254.25</ele></trkpt>
<trkpt lat="43.259801" lon="11.551060"><ele>258.75</ele></trkpt>
<trkpt lat="43.259731" lon="11.551303"><ele>261.25</ele></trkpt>
<trkpt lat="43.259662" lon="11.551595"><ele>261.75</ele></trkpt>
<trkpt lat="43.259571" lon="11.552026"><ele>259.75</ele></trkpt>
<trkpt lat="43.259489" lon="11.552319"><ele>257.75</ele></trkpt>
<trkpt lat="43.259398" lon="11.552522"><ele>255.75</ele></trkpt>
<trkpt lat="43.259297" lon="11.552667"><ele>253.25</ele></trkpt>
<trkpt lat="43.259067" lon="11.552943"><ele>252.5</ele></trkpt>
<trkpt lat="43.258958" lon="11.553042"><ele>254.25</ele></trkpt>
<trkpt lat="43.258808" lon="11.553108"><ele>255.5</ele></trkpt>
<trkpt lat="43.258011" lon="11.553318"><ele>261.5</ele></trkpt>
<trkpt lat="43.257535" lon="11.553560"><ele>260.75</ele></trkpt>
<trkpt lat="43.257223" lon="11.553661"><ele>261.0</ele></trkpt>
<trkpt lat="43.256960" lon="11.553702"><ele>261.0</ele></trkpt>
<trkpt lat="43.256813" lon="11.553696"><ele>261.25</ele></trkpt>
<trkpt lat="43.256663" lon="11.553620"><ele>261.75</ele></trkpt>
<trkpt lat="43.255695" lon="11.552984"><ele>262.0</ele></trkpt>
<trkpt lat="43.255557" lon="11.552923"><ele>261.75</ele></trkpt>
<trkpt lat="43.255409" lon="11.552874"><ele>262.0</ele></trkpt>
<trkpt lat="43.254357" lon="11.552936"><ele>258.75</ele></trkpt>
<trkpt lat="43.254228" lon="11.552983"><ele>257.5</ele></trkpt>
<trkpt lat="43.254152" lon="11.553061"><ele>257.75</ele></trkpt>
<trkpt lat="43.254096" lon="11.553162"><ele>256.0</ele></trkpt>
<trkpt lat="43.254054" lon="11.553321"><ele>254.25</ele></trkpt>
<trkpt lat="43.254023" lon="11.553753"><ele>247.75</ele></trkpt>
<trkpt lat="43.253970" lon="11.553920"><ele>246.25</ele></trkpt>
<trkpt lat="43.253918" lon="11.554024"><ele>245.25</ele></trkpt>
<trkpt lat="43.253867" lon="11.554109"><ele>244.5</ele></trkpt>
<trkpt lat="43.253764" lon="11.554212"><ele>243.0</ele></trkpt>
<trkpt lat="43.253356" lon="11.554513"><ele>238.5</ele></trkpt>
<trkpt lat="43.253226" lon="11.554578"><ele>235.75</ele></trkpt>
<trkpt lat="43.253047" lon="11.554645"><ele>232.0</ele></trkpt>
<trkpt lat="43.252769" lon="11.554705"><ele>227.75</ele></trkpt>
<trkpt lat="43.252553" lon="11.554707"><ele>225.25</ele></trkpt>
<trkpt lat="43.252299" lon="11.554619"><ele>222.75</ele></trkpt>
<trkpt lat="43.252096" lon="11.554580"><ele>222.25</ele></trkpt>
<trkpt lat="43.251964" lon="11.554609"><ele>223.0</ele></trkpt>
<trkpt lat="43.251436" lon="11.554778"><ele>218.25</ele></trkpt>
<trkpt lat="43.251035" lon="11.554963"><ele>214.75</ele></trkpt>
<trkpt lat="43.250763" lon="11.555187"><ele>209.5</ele></trkpt>
<trkpt lat="43.250275" lon="11.555711"><ele>198.5</ele></trkpt>
<trkpt lat="43.250084" lon="11.555866"><ele>195.25</ele></trkpt>
<trkpt lat="43.249966" lon="11.555946"><ele>194.0</ele></trkpt>
<trkpt lat="43.249713" lon="11.555942"><ele>194.5</ele></trkpt>
<trkpt lat="43.249610" lon="11.555950"><ele>194.5</ele></trkpt>
<trkpt lat="43.249105" lon="11.556068"><ele>190.75</ele></trkpt>
<trkpt lat="43.248944" lon="11.556076"><ele>189.75</ele></trkpt>
<trkpt lat="43.248825" lon="11.556031"><ele>190.5</ele></trkpt>
<trkpt lat="43.248471" lon="11.555793"><ele>191.75</ele></trkpt>
<trkpt lat="43.248172" lon="11.555528"><ele>190.0</ele></trkpt>
<trkpt lat="43.247971" lon="11.555249"><ele>187.75</ele></trkpt>
<trkpt lat="43.247795" lon="11.554925"><ele>185.5</ele></trkpt>
<trkpt lat="43.247707" lon="11.554844"><ele>184.5</ele></trkpt>
<trkpt lat="43.246949" lon="11.554301"><ele>177.0</ele></trkpt>
<trkpt lat="43.246759" lon="11.554176"><ele>176.25</ele></trkpt>
<trkpt lat="43.246585" lon="11.554118"><ele>176.25</ele></trkpt>
<trkpt lat="43.246403" lon="11.554090"><ele>176.75</ele></trkpt>
<trkpt lat="43.244772" lon="11.554320"><ele>187.75</ele></trkpt>
<trkpt lat="43.244226" lon="11.554373"><ele>191.75</ele></trkpt>
<trkpt lat="43.243716" lon="11.554460"><ele>197.5</ele></trkpt>
<trkpt lat="43.243151" lon="11.554530"><ele>203.0</ele></trkpt>
<trkpt lat="43.242975" lon="11.554514"><ele>203.25</ele></trkpt>
<trkpt lat="43.242842" lon="11.554468"><ele>202.5</ele></trkpt>
<trkpt lat="43.242611" lon="11.554347"><ele>201.25</ele></trkpt>
<trkpt lat="43.242060" lon="11.553918"><ele>188.5</ele></trkpt>
<trkpt lat="43.241964" lon="11.553863"><ele>186.0</ele></trkpt>
<trkpt lat="43.241870" lon="11.553826"><ele>184.5</ele></trkpt>
<trkpt lat="43.241752" lon="11.553801"><ele>182.75</ele></trkpt>
<trkpt lat="43.241578" lon="11.553829"><ele>180.75</ele></trkpt>
<trkpt lat="43.241456" lon="11.553822"><ele>180.75</ele></trkpt>
<trkpt lat="43.241408" lon="11.553808"><ele>180.75</ele></trkpt>
<trkpt lat="43.241318" lon="11.553756"><ele>181.0</ele></trkpt>
<trkpt lat="43.240589" lon="11.553218"><ele>175.5</ele></trkpt>
<trkpt lat="43.240395" lon="11.553075"><ele>175.0</ele></trkpt>
<trkpt lat="43.240362" lon="11.553054"><ele>174.75</ele></trkpt>
<trkpt lat="43.240322" lon="11.553028"><ele>174.25</ele></trkpt>
<trkpt lat="43.240127" lon="11.553317"><ele>170.5</ele></trkpt>
<trkpt lat="43.239989" lon="11.553544"><ele>169.25</ele></trkpt>
<trkpt lat="43.239697" lon="11.554013"><ele>174.0</ele></trkpt>
<trkpt lat="43.239529" lon="11.554239"><ele>176.75</ele></trkpt>
<trkpt lat="43.239393" lon="11.554612"><ele>179.5</ele></trkpt>
<trkpt lat="43.239241" lon="11.554916"><ele>180.0</ele></trkpt>
<trkpt lat="43.239143" lon="11.555066"><ele>180.0</ele></trkpt>
<trkpt lat="43.239140" lon="11.555159"><ele>180.0</ele></trkpt>
<trkpt lat="43.239119" lon="11.555255"><ele>180.0</ele></trkpt>
<trkpt lat="43.238970" lon="11.555669"><ele>180.75</ele></trkpt>
<trkpt lat="43.238882" lon="11.555954"><ele>181.25</ele></trkpt>
<trkpt lat="43.238839" lon="11.556141"><ele>181.75</ele></trkpt>
<trkpt lat="43.238824" lon="11.556277"><ele>181.75</ele></trkpt>
<trkpt lat="43.238832" lon="11.556370"><ele>181.75</ele></trkpt>
<trkpt lat="43.238870" lon="11.556502"><ele>181.5</ele></trkpt>
<trkpt lat="43.239056" lon="11.557050"><ele>180.0</ele></trkpt>
<trkpt lat="43.239123" lon="11.557189"><ele>180.0</ele></trkpt>
<trkpt lat="43.239098" lon="11.557214"><ele>180.0</ele></trkpt>
<trkpt lat="43.238799" lon="11.557521"><ele>179.5</ele></trkpt>
<trkpt lat="43.238741" lon="11.557569"><ele>179.0</ele></trkpt>
<trkpt lat="43.238597" lon="11.557666"><ele>178.25</ele></trkpt>
<trkpt lat="43.238255" lon="11.557809"><ele>176.75</ele></trkpt>
<trkpt lat="43.237944" lon="11.557863"><ele>176.0</ele></trkpt>
<trkpt lat="43.237813" lon="11.557887"><ele>176.0</ele></trkpt>
<trkpt lat="43.237660" lon="11.557870"><ele>176.75</ele></trkpt>
<trkpt lat="43.237617" lon="11.557905"><ele>177.25</ele></trkpt>
<trkpt lat="43.236969" lon="11.557532"><ele>180.0</ele></trkpt>
<trkpt lat="43.236938" lon="11.557514"><ele>180.0</ele></trkpt>
<trkpt lat="43.236899" lon="11.557902"><ele>184.0</ele></trkpt>
<trkpt lat="43.236898" lon="11.557911"><ele>184.0</ele></trkpt>
<trkpt lat="43.236897" lon="11.557922"><ele>184.0</ele></trkpt>
<trkpt lat="43.236894" lon="11.557951"><ele>184.25</ele></trkpt>
<trkpt lat="43.236709" lon="11.557850"><ele>183.75</ele></trkpt>
<trkpt lat="43.236558" lon="11.557775"><ele>182.75</ele></trkpt>
<trkpt lat="43.236339" lon="11.557689"><ele>181.75</ele></trkpt>
<trkpt lat="43.236012" lon="11.557649"><ele>181.0</ele></trkpt>
<trkpt lat="43.235840" lon="11.557605"><ele>180.75</ele></trkpt>
<trkpt lat="43.235773" lon="11.557608"><ele>180.75</ele></trkpt>
<trkpt lat="43.235717" lon="11.557619"><ele>180.75</ele></trkpt>
<trkpt lat="43.235677" lon="11.557632"><ele>180.75</ele></trkpt>
<trkpt lat="43.235636" lon="11.557348"><ele>180.0</ele></trkpt>
<trkpt lat="43.235507" lon="11.557344"><ele>180.25</ele></trkpt>
<trkpt lat="43.235486" lon="11.557330"><ele>180.0</ele></trkpt>
<trkpt lat="43.235446" lon="11.557256"><ele>179.75</ele></trkpt>
<trkpt lat="43.235395" lon="11.557214"><ele>179.25</ele></trkpt>
<trkpt lat="43.235346" lon="11.557197"><ele>179.0</ele></trkpt>
<trkpt lat="43.235201" lon="11.557167"><ele>178.25</ele></trkpt>
<trkpt lat="43.234987" lon="11.557296"><ele>178.5</ele></trkpt>
<trkpt lat="43.234778" lon="11.557444"><ele>178.75</ele></trkpt>
<trkpt lat="43.234744" lon="11.557501"><ele>179.0</ele></trkpt>
<trkpt lat="43.234712" lon="11.557622"><ele>179.25</ele></trkpt>
<trkpt lat="43.234649" lon="11.557911"><ele>181.0</ele></trkpt>
<trkpt lat="43.234561" lon="11.558255"><ele>183.75</ele></trkpt>
<trkpt lat="43.234321" lon="11.558501"><ele>186.0</ele></trkpt>
<trkpt lat="43.234265" lon="11.558605"><ele>187.75</ele></trkpt>
<trkpt lat="43.234189" lon="11.558784"><ele>189.0</ele></trkpt>
<trkpt lat="43.234080" lon="11.559005"><ele>189.5</ele></trkpt>
<trkpt lat="43.234020" lon="11.559142"><ele>189.75</ele></trkpt>
<trkpt lat="43.233993" lon="11.559228"><ele>190.25</ele></trkpt>
<trkpt lat="43.233987" lon="11.559277"><ele>190.75</ele></trkpt>
<trkpt lat="43.233975" lon="11.559639"><ele>193.25</ele></trkpt>
<trkpt lat="43.233947" lon="11.559794"><ele>194.5</ele></trkpt>
<trkpt lat="43.233972" lon="11.560010"><ele>196.0</ele></trkpt>
<trkpt lat="43.234007" lon="11.560532"><ele>198.75</ele></trkpt>
<trkpt lat="43.234010" lon="11.560582"><ele>199.0</ele></trkpt>
<trkpt lat="43.234006" lon="11.560728"><ele>199.5</ele></trkpt>
<trkpt lat="43.233968" lon="11.560688"><ele>199.25</ele></trkpt>
<trkpt lat="43.233820" lon="11.560545"><ele>199.0</ele></trkpt>
<trkpt lat="43.233698" lon="11.560444"><ele>199.25</ele></trkpt>
<trkpt lat="43.233567" lon="11.560316"><ele>199.25</ele></trkpt>
<trkpt lat="43.233153" lon="11.559823"><ele>198.5</ele></trkpt>
<trkpt lat="43.233024" lon="11.559688"><ele>197.75</ele></trkpt>
<trkpt lat="43.232917" lon="11.559614"><ele>197.5</ele></trkpt>
<trkpt lat="43.232795" lon="11.559565"><ele>197.25</ele></trkpt>
<trkpt lat="43.232743" lon="11.559554"><ele>197.25</ele></trkpt>
<trkpt lat="43.232596" lon="11.559534"><ele>197.5</ele></trkpt>
<trkpt lat="43.232422" lon="11.559529"><ele>197.25</ele></trkpt>
<trkpt lat="43.232341" lon="11.559536"><ele>196.75</ele></trkpt>
<trkpt lat="43.232221" lon="11.559560"><ele>196.25</ele></trkpt>
<trkpt lat="43.232143" lon="11.559595"><ele>196.0</ele></trkpt>
<trkpt lat="43.232066" lon="11.559645"><ele>196.0</ele></trkpt>
<trkpt lat="43.231897" lon="11.559778"><ele>196.25</ele></trkpt>
<trkpt lat="43.231353" lon="11.560239"><ele>192.75</ele></trkpt>
<trkpt lat="43.231132" lon="11.560406"><ele>192.0</ele></trkpt>
<trkpt lat="43.230959" lon="11.560520"><ele>191.75</ele></trkpt>
<trkpt lat="43.230669" lon="11.560675"><ele>191.0</ele></trkpt>
<trkpt lat="43.230505" lon="11.560739"><ele>190.75</ele></trkpt>
<trkpt lat="43.230247" lon="11.560820"><ele>191.25</ele></trkpt>
<trkpt lat="43.230125" lon="11.560839"><ele>191.0</ele></trkpt>
<trkpt lat="43.230048" lon="11.560847"><ele>188.75</ele></trkpt>
</trkseg></trk></gpx>
