<?xml version="1.0" encoding="UTF-8"?>
<gpx version="1.1" creator="BRouter paired review" xmlns="http://www.topografix.com/GPX/1/1">
<trk><name>Route A</name><trkseg>
<trkpt lat="43.230048" lon="11.560847"><ele>190.5</ele></trkpt>
<trkpt lat="43.229657" lon="11.560889"><ele>188.75</ele></trkpt>
<trkpt lat="43.229611" lon="11.560911"><ele>188.5</ele></trkpt>
<trkpt lat="43.229542" lon="11.560961"><ele>189.0</ele></trkpt>
<trkpt lat="43.229439" lon="11.561064"><ele>190.75</ele></trkpt>
<trkpt lat="43.228707" lon="11.561904"><ele>192.0</ele></trkpt>
<trkpt lat="43.228615" lon="11.562018"><ele>192.0</ele></trkpt>
<trkpt lat="43.228455" lon="11.562243"><ele>192.75</ele></trkpt>
<trkpt lat="43.228210" lon="11.562643"><ele>193.25</ele></trkpt>
<trkpt lat="43.227946" lon="11.563075"><ele>191.5</ele></trkpt>
<trkpt lat="43.227830" lon="11.563242"><ele>191.75</ele></trkpt>
<trkpt lat="43.227607" lon="11.563528"><ele>191.5</ele></trkpt>
<trkpt lat="43.227478" lon="11.563686"><ele>191.75</ele></trkpt>
<trkpt lat="43.226947" lon="11.564203"><ele>191.5</ele></trkpt>
<trkpt lat="43.226605" lon="11.564455"><ele>191.25</ele></trkpt>
<trkpt lat="43.226340" lon="11.564665"><ele>190.5</ele></trkpt>
<trkpt lat="43.226208" lon="11.564807"><ele>190.5</ele></trkpt>
<trkpt lat="43.225977" lon="11.565035"><ele>190.5</ele></trkpt>
<trkpt lat="43.225447" lon="11.565770"><ele>190.75</ele></trkpt>
<trkpt lat="43.224641" lon="11.566965"><ele>188.75</ele></trkpt>
<trkpt lat="43.224248" lon="11.567661"><ele>189.5</ele></trkpt>
<trkpt lat="43.224145" lon="11.567942"><ele>189.75</ele></trkpt>
<trkpt lat="43.223750" lon="11.569094"><ele>191.0</ele></trkpt>
<trkpt lat="43.223609" lon="11.569523"><ele>190.25</ele></trkpt>
<trkpt lat="43.223540" lon="11.569836"><ele>191.25</ele></trkpt>
<trkpt lat="43.223405" lon="11.571238"><ele>191.25</ele></trkpt>
<trkpt lat="43.223375" lon="11.571474"><ele>190.0</ele></trkpt>
<trkpt lat="43.223317" lon="11.571851"><ele>189.25</ele></trkpt>
<trkpt lat="43.223284" lon="11.572030"><ele>189.75</ele></trkpt>
<trkpt lat="43.223245" lon="11.572197"><ele>189.75</ele></trkpt>
<trkpt lat="43.223219" lon="11.572276"><ele>189.75</ele></trkpt>
<trkpt lat="43.223175" lon="11.572360"><ele>189.75</ele></trkpt>
<trkpt lat="43.223113" lon="11.572458"><ele>189.25</ele></trkpt>
<trkpt lat="43.222991" lon="11.572594"><ele>189.0</ele></trkpt>
<trkpt lat="43.222889" lon="11.572669"><ele>189.0</ele></trkpt>
<trkpt lat="43.222819" lon="11.572710"><ele>188.75</ele></trkpt>
<trkpt lat="43.222647" lon="11.572783"><ele>189.0</ele></trkpt>
<trkpt lat="43.222617" lon="11.572799"><ele>189.0</ele></trkpt>
<trkpt lat="43.222417" lon="11.572912"><ele>189.25</ele></trkpt>
<trkpt lat="43.222282" lon="11.572992"><ele>189.5</ele></trkpt>
<trkpt lat="43.222164" lon="11.573100"><ele>190.25</ele></trkpt>
<trkpt lat="43.222092" lon="11.573185"><ele>191.0</ele></trkpt>
<trkpt lat="43.221527" lon="11.574046"><ele>195.75</ele></trkpt>
<trkpt lat="43.221357" lon="11.574293"><ele>195.75</ele></trkpt>
<trkpt lat="43.221001" lon="11.574870"><ele>196.25</ele></trkpt>
<trkpt lat="43.220231" lon="11.575997"><ele>195.25</ele></trkpt>
<trkpt lat="43.220132" lon="11.576110"><ele>195.75</ele></trkpt>
<trkpt lat="43.220039" lon="11.576183"><ele>196.5</ele></trkpt>
<trkpt lat="43.219892" lon="11.576250"><ele>196.0</ele></trkpt>
<trkpt lat="43.219782" lon="11.576281"><ele>195.25</ele></trkpt>
<trkpt lat="43.219197" lon="11.576443"><ele>198.25</ele></trkpt>
<trkpt lat="43.218716" lon="11.576617"><ele>198.5</ele></trkpt>
<trkpt lat="43.218486" lon="11.576663"><ele>198.75</ele></trkpt>
<trkpt lat="43.217350" lon="11.576742"><ele>197.0</ele></trkpt>
<trkpt lat="43.216989" lon="11.576802"><ele>196.75</ele></trkpt>
<trkpt lat="43.216837" lon="11.576837"><ele>197.0</ele></trkpt>
<trkpt lat="43.216705" lon="11.576886"><ele>197.5</ele></trkpt>
<trkpt lat="43.216567" lon="11.576964"><ele>197.25</ele></trkpt>
<trkpt lat="43.216322" lon="11.577153"><ele>196.5</ele></trkpt>
<trkpt lat="43.216151" lon="11.577311"><ele>194.75</ele></trkpt>
<trkpt lat="43.216036" lon="11.577443"><ele>193.75</ele></trkpt>
<trkpt lat="43.215924" lon="11.577604"><ele>193.5</ele></trkpt>
<trkpt lat="43.215843" lon="11.577742"><ele>193.75</ele></trkpt>
<trkpt lat="43.215669" lon="11.577996"><ele>192.25</ele></trkpt>
<trkpt lat="43.215578" lon="11.578095"><ele>191.0</ele></trkpt>
<trkpt lat="43.215481" lon="11.578167"><ele>190.25</ele></trkpt>
<trkpt lat="43.215107" lon="11.578359"><ele>193.0</ele></trkpt>
<trkpt lat="43.214991" lon="11.578445"><ele>193.5</ele></trkpt>
<trkpt lat="43.214913" lon="11.578549"><ele>193.5</ele></trkpt>
<trkpt lat="43.214847" lon="11.578688"><ele>194.25</ele></trkpt>
<trkpt lat="43.214796" lon="11.578935"><ele>195.25</ele></trkpt>
<trkpt lat="43.214772" lon="11.579202"><ele>196.25</ele></trkpt>
<trkpt lat="43.214727" lon="11.580022"><ele>199.75</ele></trkpt>
<trkpt lat="43.214595" lon="11.581352"><ele>204.0</ele></trkpt>
<trkpt lat="43.214543" lon="11.581796"><ele>205.0</ele></trkpt>
<trkpt lat="43.214481" lon="11.582165"><ele>206.25</ele></trkpt>
<trkpt lat="43.214359" lon="11.582810"><ele>209.0</ele></trkpt>
<trkpt lat="43.214210" lon="11.583482"><ele>212.25</ele></trkpt>
<trkpt lat="43.214174" lon="11.583680"><ele>213.0</ele></trkpt>
<trkpt lat="43.214157" lon="11.583896"><ele>214.25</ele></trkpt>
<trkpt lat="43.214190" lon="11.585140"><ele>219.0</ele></trkpt>
<trkpt lat="43.214178" lon="11.585283"><ele>220.5</ele></trkpt>
<trkpt lat="43.214138" lon="11.585483"><ele>221.5</ele></trkpt>
<trkpt lat="43.213774" lon="11.586560"><ele>227.0</ele></trkpt>
<trkpt lat="43.213717" lon="11.586687"><ele>227.25</ele></trkpt>
<trkpt lat="43.213634" lon="11.586806"><ele>227.5</ele></trkpt>
<trkpt lat="43.213248" lon="11.587122"><ele>231.0</ele></trkpt>
<trkpt lat="43.213109" lon="11.587256"><ele>232.25</ele></trkpt>
<trkpt lat="43.212977" lon="11.587411"><ele>232.75</ele></trkpt>
<trkpt lat="43.212505" lon="11.588050"><ele>234.75</ele></trkpt>
<trkpt lat="43.212412" lon="11.588161"><ele>235.25</ele></trkpt>
<trkpt lat="43.212303" lon="11.588252"><ele>236.25</ele></trkpt>
<trkpt lat="43.212178" lon="11.588306"><ele>237.25</ele></trkpt>
<trkpt lat="43.211239" lon="11.588571"><ele>242.25</ele></trkpt>
<trkpt lat="43.211078" lon="11.588638"><ele>243.0</ele></trkpt>
<trkpt lat="43.210911" lon="11.588739"><ele>244.25</ele></trkpt>
<trkpt lat="43.210777" lon="11.588856"><ele>244.75</ele></trkpt>
<trkpt lat="43.210173" lon="11.589477"><ele>249.25</ele></trkpt>
<trkpt lat="43.209964" lon="11.589643"><ele>250.5</ele></trkpt>
<trkpt lat="43.209768" lon="11.589833"><ele>251.0</ele></trkpt>
<trkpt lat="43.209377" lon="11.590269"><ele>253.5</ele></trkpt>
<trkpt lat="43.209252" lon="11.590445"><ele>254.5</ele></trkpt>
<trkpt lat="43.209158" lon="11.590611"><ele>256.0</ele></trkpt>
<trkpt lat="43.208753" lon="11.591386"><ele>257.75</ele></trkpt>
<trkpt lat="43.208409" lon="11.592215"><ele>260.5</ele></trkpt>
<trkpt lat="43.208080" lon="11.593143"><ele>263.5</ele></trkpt>
<trkpt lat="43.207860" lon="11.593990"><ele>263.25</ele></trkpt>
<trkpt lat="43.207785" lon="11.594232"><ele>266.0</ele></trkpt>
<trkpt lat="43.207679" lon="11.594504"><ele>265.75</ele></trkpt>
<trkpt lat="43.206905" lon="11.595947"><ele>270.5</ele></trkpt>
<trkpt lat="43.206781" lon="11.596145"><ele>269.75</ele></trkpt>
<trkpt lat="43.206185" lon="11.596925"><ele>273.25</ele></trkpt>
<trkpt lat="43.205704" lon="11.597609"><ele>279.0</ele></trkpt>
<trkpt lat="43.205603" lon="11.597732"><ele>280.0</ele></trkpt>
<trkpt lat="43.205324" lon="11.597962"><ele>282.0</ele></trkpt>
<trkpt lat="43.205259" lon="11.598030"><ele>283.0</ele></trkpt>
<trkpt lat="43.205203" lon="11.598111"><ele>282.5</ele></trkpt>
<trkpt lat="43.205176" lon="11.598187"><ele>282.75</ele></trkpt>
<trkpt lat="43.205161" lon="11.598312"><ele>283.75</ele></trkpt>
<trkpt lat="43.205171" lon="11.598444"><ele>285.75</ele></trkpt>
<trkpt lat="43.205220" lon="11.598579"><ele>287.75</ele></trkpt>
<trkpt lat="43.205311" lon="11.598790"><ele>289.25</ele></trkpt>
<trkpt lat="43.205453" lon="11.599165"><ele>290.75</ele></trkpt>
<trkpt lat="43.205536" lon="11.599411"><ele>291.0</ele></trkpt>
<trkpt lat="43.205544" lon="11.599506"><ele>291.25</ele></trkpt>
<trkpt lat="43.205526" lon="11.599574"><ele>292.0</ele></trkpt>
<trkpt lat="43.205494" lon="11.599622"><ele>293.0</ele></trkpt>
<trkpt lat="43.205462" lon="11.599647"><ele>293.75</ele></trkpt>
<trkpt lat="43.205432" lon="11.599656"><ele>294.75</ele></trkpt>
<trkpt lat="43.205386" lon="11.599650"><ele>295.75</ele></trkpt>
<trkpt lat="43.205347" lon="11.599615"><ele>296.5</ele></trkpt>
<trkpt lat="43.205160" lon="11.599376"><ele>298.0</ele></trkpt>
<trkpt lat="43.205094" lon="11.599312"><ele>298.5</ele></trkpt>
<trkpt lat="43.204995" lon="11.599242"><ele>299.5</ele></trkpt>
<trkpt lat="43.204898" lon="11.599197"><ele>300.0</ele></trkpt>
<trkpt lat="43.204813" lon="11.599177"><ele>300.5</ele></trkpt>
<trkpt lat="43.204683" lon="11.599170"><ele>301.0</ele></trkpt>
<trkpt lat="43.204454" lon="11.599199"><ele>301.5</ele></trkpt>
<trkpt lat="43.204348" lon="11.599187"><ele>302.75</ele></trkpt>
<trkpt lat="43.204269" lon="11.599154"><ele>303.25</ele></trkpt>
<trkpt lat="43.204183" lon="11.599101"><ele>304.0</ele></trkpt>
<trkpt lat="43.203714" lon="11.598710"><ele>308.75</ele></trkpt>
<trkpt lat="43.203583" lon="11.598632"><ele>310.25</ele></trkpt>
<trkpt lat="43.203487" lon="11.598593"><ele>310.25</ele></trkpt>
<trkpt lat="43.203392" lon="11.598571"><ele>310.5</ele></trkpt>
<trkpt lat="43.203131" lon="11.598558"><ele>311.0</ele></trkpt>
<trkpt lat="43.202969" lon="11.598539"><ele>311.75</ele></trkpt>
<trkpt lat="43.202857" lon="11.598501"><ele>312.5</ele></trkpt>
<trkpt lat="43.202767" lon="11.598448"><ele>313.25</ele></trkpt>
<trkpt lat="43.202701" lon="11.598390"><ele>313.75</ele></trkpt>
<trkpt lat="43.202641" lon="11.598319"><ele>314.25</ele></trkpt>
<trkpt lat="43.202464" lon="11.598082"><ele>314.25</ele></trkpt>
<trkpt lat="43.202317" lon="11.597830"><ele>315.5</ele></trkpt>
<trkpt lat="43.202178" lon="11.597481"><ele>315.75</ele></trkpt>
<trkpt lat="43.202052" lon="11.597094"><ele>315.25</ele></trkpt>
<trkpt lat="43.201974" lon="11.596920"><ele>315.75</ele></trkpt>
<trkpt lat="43.201811" lon="11.596621"><ele>316.75</ele></trkpt>
<trkpt lat="43.201761" lon="11.596438"><ele>317.0</ele></trkpt>
<trkpt lat="43.201707" lon="11.596028"><ele>317.25</ele></trkpt>
<trkpt lat="43.201667" lon="11.595791"><ele>317.25</ele></trkpt>
<trkpt lat="43.201620" lon="11.595615"><ele>316.0</ele></trkpt>
<trkpt lat="43.201498" lon="11.595349"><ele>317.25</ele></trkpt>
<trkpt lat="43.201393" lon="11.594990"><ele>316.75</ele></trkpt>
<trkpt lat="43.201283" lon="11.594499"><ele>316.5</ele></trkpt>
<trkpt lat="43.201186" lon="11.594015"><ele>318.25</ele></trkpt>
<trkpt lat="43.201134" lon="11.593690"><ele>318.0</ele></trkpt>
<trkpt lat="43.201104" lon="11.593534"><ele>317.75</ele></trkpt>
<trkpt lat="43.201051" lon="11.593384"><ele>317.75</ele></trkpt>
<trkpt lat="43.200824" lon="11.592899"><ele>317.5</ele></trkpt>
<trkpt lat="43.200747" lon="11.592623"><ele>317.75</ele></trkpt>
<trkpt lat="43.200676" lon="11.592320"><ele>317.25</ele></trkpt>
<trkpt lat="43.200596" lon="11.591811"><ele>318.0</ele></trkpt>
<trkpt lat="43.200573" lon="11.591579"><ele>318.5</ele></trkpt>
<trkpt lat="43.200570" lon="11.591392"><ele>318.5</ele></trkpt>
<trkpt lat="43.200585" lon="11.591003"><ele>319.25</ele></trkpt>
<trkpt lat="43.200581" lon="11.590874"><ele>320.25</ele></trkpt>
<trkpt lat="43.200565" lon="11.590737"><ele>320.75</ele></trkpt>
<trkpt lat="43.200497" lon="11.590565"><ele>321.25</ele></trkpt>
<trkpt lat="43.200407" lon="11.590455"><ele>322.0</ele></trkpt>
<trkpt lat="43.200186" lon="11.590292"><ele>323.5</ele></trkpt>
<trkpt lat="43.199826" lon="11.590112"><ele>325.0</ele></trkpt>
<trkpt lat="43.199767" lon="11.590068"><ele>325.75</ele></trkpt>
<trkpt lat="43.199672" lon="11.589982"><ele>326.5</ele></trkpt>
<trkpt lat="43.199504" lon="11.589763"><ele>328.5</ele></trkpt>
<trkpt lat="43.199162" lon="11.589089"><ele>333.0</ele></trkpt>
<trkpt lat="43.198664" lon="11.588278"><ele>332.25</ele></trkpt>
<trkpt lat="43.198341" lon="11.587845"><ele>332.25</ele></trkpt>
<trkpt lat="43.198100" lon="11.587556"><ele>331.75</ele></trkpt>
<trkpt lat="43.196534" lon="11.585556"><ele>330.0</ele></trkpt>
<trkpt lat="43.196049" lon="11.584869"><ele>329.75</ele></trkpt>
<trkpt lat="43.194762" lon="11.582910"><ele>330.0</ele></trkpt>
<trkpt lat="43.194666" lon="11.582798"><ele>330.25</ele></trkpt>
<trkpt lat="43.194581" lon="11.582737"><ele>331.0</ele></trkpt>
<trkpt lat="43.194499" lon="11.582713"><ele>331.75</ele></trkpt>
<trkpt lat="43.194410" lon="11.582710"><ele>332.25</ele></trkpt>
<trkpt lat="43.194323" lon="11.582733"><ele>333.0</ele></trkpt>
<trkpt lat="43.194231" lon="11.582777"><ele>333.5</ele></trkpt>
<trkpt lat="43.194140" lon="11.582850"><ele>333.25</ele></trkpt>
<trkpt lat="43.193979" lon="11.583064"><ele>331.25</ele></trkpt>
<trkpt lat="43.192211" lon="11.586200"><ele>337.75</ele></trkpt>
<trkpt lat="43.192085" lon="11.586368"><ele>338.5</ele></trkpt>
<trkpt lat="43.192002" lon="11.586451"><ele>338.75</ele></trkpt>
<trkpt lat="43.191917" lon="11.586513"><ele>339.25</ele></trkpt>
<trkpt lat="43.191818" lon="11.586567"><ele>339.75</ele></trkpt>
<trkpt lat="43.191719" lon="11.586607"><ele>340.0</ele></trkpt>
<trkpt lat="43.191521" lon="11.586658"><ele>340.25</ele></trkpt>
<trkpt lat="43.191440" lon="11.586666"><ele>340.0</ele></trkpt>
<trkpt lat="43.191218" lon="11.586663"><ele>339.75</ele></trkpt>
<trkpt lat="43.191087" lon="11.586634"><ele>340.0</ele></trkpt>
<trkpt lat="43.190969" lon="11.586596"><ele>340.0</ele></trkpt>
<trkpt lat="43.190852" lon="11.586546"><ele>340.0</ele></trkpt>
<trkpt lat="43.190753" lon="11.586492"><ele>340.0</ele></trkpt>
<trkpt lat="43.190668" lon="11.586433"><ele>340.0</ele></trkpt>
<trkpt lat="43.190565" lon="11.586321"><ele>340.0</ele></trkpt>
<trkpt lat="43.190274" lon="11.585976"><ele>340.0</ele></trkpt>
<trkpt lat="43.189518" lon="11.584999"><ele>341.25</ele></trkpt>
<trkpt lat="43.189159" lon="11.584573"><ele>340.0</ele></trkpt>
<trkpt lat="43.188449" lon="11.583792"><ele>342.75</ele></trkpt>
<trkpt lat="43.188307" lon="11.583656"><ele>343.25</ele></trkpt>
<trkpt lat="43.188193" lon="11.583573"><ele>341.75</ele></trkpt>
<trkpt lat="43.188076" lon="11.583515"><ele>340.0</ele></trkpt>
<trkpt lat="43.187961" lon="11.583476"><ele>340.0</ele></trkpt>
<trkpt lat="43.187826" lon="11.583455"><ele>340.0</ele></trkpt>
<trkpt lat="43.187395" lon="11.583454"><ele>340.25</ele></trkpt>
<trkpt lat="43.187299" lon="11.583441"><ele>340.5</ele></trkpt>
<trkpt lat="43.187209" lon="11.583417"><ele>341.0</ele></trkpt>
<trkpt lat="43.187115" lon="11.583361"><ele>342.5</ele></trkpt>
<trkpt lat="43.187028" lon="11.583282"><ele>343.75</ele></trkpt>
<trkpt lat="43.186952" lon="11.583187"><ele>345.25</ele></trkpt>
<trkpt lat="43.186877" lon="11.583068"><ele>346.75</ele></trkpt>
<trkpt lat="43.186830" lon="11.582951"><ele>347.5</ele></trkpt>
<trkpt lat="43.186788" lon="11.582820"><ele>348.25</ele></trkpt>
<trkpt lat="43.186659" lon="11.582099"><ele>350.0</ele></trkpt>
<trkpt lat="43.186597" lon="11.581945"><ele>351.0</ele></trkpt>
<trkpt lat="43.186529" lon="11.581853"><ele>350.75</ele></trkpt>
<trkpt lat="43.186443" lon="11.581775"><ele>350.75</ele></trkpt>
<trkpt lat="43.186153" lon="11.581619"><ele>353.0</ele></trkpt>
<trkpt lat="43.185848" lon="11.581416"><ele>355.0</ele></trkpt>
<trkpt lat="43.185546" lon="11.581089"><ele>356.75</ele></trkpt>
<trkpt lat="43.185323" lon="11.580819"><ele>357.75</ele></trkpt>
<trkpt lat="43.185195" lon="11.580724"><ele>358.5</ele></trkpt>
<trkpt lat="43.184967" lon="11.580587"><ele>361.0</ele></trkpt>
<trkpt lat="43.184879" lon="11.580524"><ele>361.75</ele></trkpt>
<trkpt lat="43.184785" lon="11.580416"><ele>362.5</ele></trkpt>
<trkpt lat="43.184674" lon="11.580237"><ele>364.0</ele></trkpt>
<trkpt lat="43.184556" lon="11.579994"><ele>365.5</ele></trkpt>
<trkpt lat="43.184479" lon="11.579819"><ele>365.75</ele></trkpt>
<trkpt lat="43.184418" lon="11.579635"><ele>365.5</ele></trkpt>
<trkpt lat="43.184404" lon="11.579527"><ele>364.5</ele></trkpt>
<trkpt lat="43.184399" lon="11.579408"><ele>363.75</ele></trkpt>
<trkpt lat="43.184416" lon="11.579219"><ele>362.5</ele></trkpt>
<trkpt lat="43.184455" lon="11.578955"><ele>361.5</ele></trkpt>
<trkpt lat="43.184463" lon="11.578804"><ele>361.5</ele></trkpt>
<trkpt lat="43.184460" lon="11.578689"><ele>361.5</ele></trkpt>
<trkpt lat="43.184433" lon="11.578565"><ele>361.5</ele></trkpt>
<trkpt lat="43.184398" lon="11.578469"><ele>361.0</ele></trkpt>
<trkpt lat="43.184347" lon="11.578398"><ele>360.75</ele></trkpt>
<trkpt lat="43.184273" lon="11.578329"><ele>360.5</ele></trkpt>
<trkpt lat="43.184194" lon="11.578286"><ele>360.5</ele></trkpt>
<trkpt lat="43.183651" lon="11.578046"><ele>359.75</ele></trkpt>
<trkpt lat="43.183289" lon="11.577907"><ele>357.0</ele></trkpt>
<trkpt lat="43.183208" lon="11.577899"><ele>356.75</ele></trkpt>
<trkpt lat="43.183127" lon="11.577925"><ele>356.75</ele></trkpt>
<trkpt lat="43.183081" lon="11.577967"><ele>357.25</ele></trkpt>
<trkpt lat="43.182997" lon="11.578068"><ele>358.5</ele></trkpt>
<trkpt lat="43.182623" lon="11.578629"><ele>361.25</ele></trkpt>
<trkpt lat="43.182575" lon="11.578725"><ele>361.25</ele></trkpt>
<trkpt lat="43.182540" lon="11.578833"><ele>361.25</ele></trkpt>
<trkpt lat="43.182516" lon="11.578947"><ele>361.5</ele></trkpt>
<trkpt lat="43.182507" lon="11.579115"><ele>362.0</ele></trkpt>
<trkpt lat="43.182517" lon="11.579297"><ele>362.75</ele></trkpt>
<trkpt lat="43.182539" lon="11.579475"><ele>364.0</ele></trkpt>
<trkpt lat="43.182565" lon="11.579619"><ele>364.75</ele></trkpt>
<trkpt lat="43.182601" lon="11.579742"><ele>365.5</ele></trkpt>
<trkpt lat="43.182662" lon="11.579882"><ele>366.0</ele></trkpt>
<trkpt lat="43.182830" lon="11.580182"><ele>369.0</ele></trkpt>
<trkpt lat="43.182874" lon="11.580294"><ele>370.0</ele></trkpt>
<trkpt lat="43.182909" lon="11.580414"><ele>371.0</ele></trkpt>
<trkpt lat="43.182929" lon="11.580535"><ele>371.5</ele></trkpt>
<trkpt lat="43.182989" lon="11.581204"><ele>373.75</ele></trkpt>
<trkpt lat="43.182987" lon="11.581345"><ele>374.5</ele></trkpt>
<trkpt lat="43.182972" lon="11.581487"><ele>375.0</ele></trkpt>
<trkpt lat="43.182940" lon="11.581604"><ele>375.25</ele></trkpt>
<trkpt lat="43.182893" lon="11.581740"><ele>375.25</ele></trkpt>
<trkpt lat="43.182838" lon="11.581849"><ele>374.75</ele></trkpt>
<trkpt lat="43.182737" lon="11.581983"><ele>374.0</ele></trkpt>
<trkpt lat="43.182592" lon="11.582103"><ele>371.5</ele></trkpt>
<trkpt lat="43.181406" lon="11.582878"><ele>369.75</ele></trkpt>
<trkpt lat="43.180884" lon="11.583161"><ele>371.75</ele></trkpt>
<trkpt lat="43.180173" lon="11.583537"><ele>372.75</ele></trkpt>
<trkpt lat="43.179737" lon="11.583714"><ele>372.75</ele></trkpt>
<trkpt lat="43.179604" lon="11.583753"><ele>372.25</ele></trkpt>
<trkpt lat="43.179489" lon="11.583779"><ele>372.25</ele></trkpt>
<trkpt lat="43.179334" lon="11.583778"><ele>371.25</ele></trkpt>
<trkpt lat="43.179239" lon="11.583769"><ele>370.5</ele></trkpt>
<trkpt lat="43.178068" lon="11.583517"><ele>370.5</ele></trkpt>
<trkpt lat="43.177709" lon="11.583397"><ele>370.0</ele></trkpt>
<trkpt lat="43.177048" lon="11.583140"><ele>369.75</ele></trkpt>
<trkpt lat="43.176823" lon="11.583091"><ele>369.75</ele></trkpt>
<trkpt lat="43.175856" lon="11.582932"><ele>370.0</ele></trkpt>
<trkpt lat="43.175674" lon="11.582928"><ele>370.0</ele></trkpt>
<trkpt lat="43.175466" lon="11.582969"><ele>369.75</ele></trkpt>
<trkpt lat="43.174646" lon="11.583292"><ele>367.75</ele></trkpt>
<trkpt lat="43.174468" lon="11.583420"><ele>368.75</ele></trkpt>
<trkpt lat="43.174136" lon="11.583734"><ele>367.0</ele></trkpt>
<trkpt lat="43.173037" lon="11.584869"><ele>360.0</ele></trkpt>
<trkpt lat="43.172605" lon="11.585330"><ele>360.0</ele></trkpt>
<trkpt lat="43.172422" lon="11.585499"><ele>361.0</ele></trkpt>
<trkpt lat="43.172338" lon="11.585559"><ele>361.5</ele></trkpt>
<trkpt lat="43.172248" lon="11.585602"><ele>361.5</ele></trkpt>
<trkpt lat="43.172125" lon="11.585629"><ele>361.0</ele></trkpt>
<trkpt lat="43.172002" lon="11.585645"><ele>360.5</ele></trkpt>
<trkpt lat="43.171282" lon="11.585699"><ele>366.0</ele></trkpt>
<trkpt lat="43.170997" lon="11.585742"><ele>365.0</ele></trkpt>
<trkpt lat="43.170788" lon="11.585809"><ele>362.25</ele></trkpt>
<trkpt lat="43.170588" lon="11.585848"><ele>360.25</ele></trkpt>
<trkpt lat="43.170388" lon="11.585820"><ele>360.0</ele></trkpt>
<trkpt lat="43.169948" lon="11.585716"><ele>359.0</ele></trkpt>
<trkpt lat="43.169496" lon="11.585724"><ele>357.5</ele></trkpt>
<trkpt lat="43.169027" lon="11.585797"><ele>359.0</ele></trkpt>
<trkpt lat="43.168626" lon="11.585904"><ele>358.0</ele></trkpt>
<trkpt lat="43.168170" lon="11.585991"><ele>357.0</ele></trkpt>
<trkpt lat="43.168088" lon="11.585988"><ele>357.0</ele></trkpt>
<trkpt lat="43.168005" lon="11.585967"><ele>356.75</ele></trkpt>
<trkpt lat="43.167938" lon="11.585929"><ele>356.75</ele></trkpt>
<trkpt lat="43.167874" lon="11.585864"><ele>357.0</ele></trkpt>
<trkpt lat="43.167346" lon="11.585222"><ele>352.25</ele></trkpt>
<trkpt lat="43.167199" lon="11.585110"><ele>349.75</ele></trkpt>
<trkpt lat="43.167051" lon="11.585035"><ele>350.25</ele></trkpt>
<trkpt lat="43.166848" lon="11.584992"><ele>351.25</ele></trkpt>
<trkpt lat="43.166561" lon="11.585032"><ele>351.0</ele></trkpt>
<trkpt lat="43.166219" lon="11.585097"><ele>350.0</ele></trkpt>
<trkpt lat="43.165856" lon="11.585149"><ele>351.25</ele></trkpt>
<trkpt lat="43.165550" lon="11.585170"><ele>351.5</ele></trkpt>
<trkpt lat="43.165399" lon="11.585156"><ele>350.25</ele></trkpt>
<trkpt lat="43.165228" lon="11.585062"><ele>349.25</ele></trkpt>
<trkpt lat="43.164896" lon="11.584818"><ele>349.75</ele></trkpt>
<trkpt lat="43.164829" lon="11.584781"><ele>350.25</ele></trkpt>
<trkpt lat="43.164771" lon="11.584769"><ele>350.75</ele></trkpt>
<trkpt lat="43.164674" lon="11.584775"><ele>351.5</ele></trkpt>
<trkpt lat="43.164583" lon="11.584812"><ele>352.5</ele></trkpt>
<trkpt lat="43.164346" lon="11.584930"><ele>353.5</ele></trkpt>
<trkpt lat="43.164225" lon="11.584972"><ele>353.75</ele></trkpt>
<trkpt lat="43.164105" lon="11.584988"><ele>354.0</ele></trkpt>
<trkpt lat="43.163168" lon="11.584991"><ele>350.75</ele></trkpt>
<trkpt lat="43.162873" lon="11.585002"><ele>349.75</ele></trkpt>
<trkpt lat="43.162852" lon="11.585004"><ele>349.75</ele></trkpt>
<trkpt lat="43.162646" lon="11.585036"><ele>349.0</ele></trkpt>
<trkpt lat="43.162441" lon="11.585090"><ele>348.0</ele></trkpt>
<trkpt lat="43.162186" lon="11.585177"><ele>347.0</ele></trkpt>
<trkpt lat="43.161917" lon="11.585306"><ele>344.75</ele></trkpt>
<trkpt lat="43.161628" lon="11.585590"><ele>340.0</ele></trkpt>
<trkpt lat="43.161539" lon="11.585644"><ele>340.0</ele></trkpt>
<trkpt lat="43.161448" lon="11.585675"><ele>339.75</ele></trkpt>
<trkpt lat="43.160930" lon="11.585695"><ele>332.75</ele></trkpt>
<trkpt lat="43.160725" lon="11.585730"><ele>329.75</ele></trkpt>
<trkpt lat="43.160355" lon="11.585832"><ele>327.0</ele></trkpt>
<trkpt lat="43.160012" lon="11.586004"><ele>321.25</ele></trkpt>
<trkpt lat="43.159878" lon="11.586080"><ele>320.5</ele></trkpt>
<trkpt lat="43.159427" lon="11.586319"><ele>319.0</ele></trkpt>
<trkpt lat="43.159293" lon="11.586416"><ele>318.0</ele></trkpt>
<trkpt lat="43.159154" lon="11.586553"><ele>318.0</ele></trkpt>
<trkpt lat="43.159019" lon="11.586702"><ele>316.5</ele></trkpt>
<trkpt lat="43.158915" lon="11.586862"><ele>316.25</ele></trkpt>
<trkpt lat="43.158494" lon="11.587698"><ele>317.5</ele></trkpt>
<trkpt lat="43.158349" lon="11.587869"><ele>318.25</ele></trkpt>
<trkpt lat="43.158014" lon="11.588103"><ele>320.25</ele></trkpt>
<trkpt lat="43.157896" lon="11.588149"><ele>320.5</ele></trkpt>
<trkpt lat="43.157802" lon="11.588156"><ele>320.25</ele></trkpt>
<trkpt lat="43.157686" lon="11.588131"><ele>320.0</ele></trkpt>
<trkpt lat="43.157227" lon="11.587864"><ele>320.5</ele></trkpt>
<trkpt lat="43.157097" lon="11.587809"><ele>321.25</ele></trkpt>
<trkpt lat="43.156603" lon="11.587640"><ele>321.25</ele></trkpt>
<trkpt lat="43.156390" lon="11.587597"><ele>320.25</ele></trkpt>
<trkpt lat="43.156264" lon="11.587580"><ele>320.25</ele></trkpt>
<trkpt lat="43.156171" lon="11.587596"><ele>320.25</ele></trkpt>
<trkpt lat="43.155809" lon="11.587695"><ele>319.5</ele></trkpt>
<trkpt lat="43.155748" lon="11.587720"><ele>319.75</ele></trkpt>
<trkpt lat="43.155639" lon="11.587791"><ele>320.75</ele></trkpt>
<trkpt lat="43.155558" lon="11.587884"><ele>321.75</ele></trkpt>
<trkpt lat="43.155514" lon="11.587951"><ele>322.0</ele></trkpt>
<trkpt lat="43.155283" lon="11.588353"><ele>323.0</ele></trkpt>
<trkpt lat="43.155237" lon="11.588429"><ele>323.0</ele></trkpt>
<trkpt lat="43.155191" lon="11.588503"><ele>322.75</ele></trkpt>
<trkpt lat="43.155038" lon="11.588745"><ele>322.75</ele></trkpt>
<trkpt lat="43.154954" lon="11.588853"><ele>323.0</ele></trkpt>
<trkpt lat="43.154838" lon="11.588953"><ele>323.0</ele></trkpt>
<trkpt lat="43.154738" lon="11.589015"><ele>322.75</ele></trkpt>
<trkpt lat="43.154308" lon="11.589192"><ele>318.75</ele></trkpt>
<trkpt lat="43.154127" lon="11.589291"><ele>318.5</ele></trkpt>
<trkpt lat="43.153969" lon="11.589362"><ele>318.25</ele></trkpt>
<trkpt lat="43.153888" lon="11.589393"><ele>318.0</ele></trkpt>
<trkpt lat="43.153605" lon="11.589475"><ele>315.0</ele></trkpt>
<trkpt lat="43.153535" lon="11.589524"><ele>314.5</ele></trkpt>
<trkpt lat="43.153482" lon="11.589578"><ele>314.25</ele></trkpt>
<trkpt lat="43.153454" lon="11.589619"><ele>314.25</ele></trkpt>
<trkpt lat="43.153430" lon="11.589674"><ele>314.25</ele></trkpt>
<trkpt lat="43.153416" lon="11.589725"><ele>314.25</ele></trkpt>
<trkpt lat="43.153405" lon="11.589777"><ele>314.0</ele></trkpt>
<trkpt lat="43.153405" lon="11.589825"><ele>314.0</ele></trkpt>
<trkpt lat="43.153412" lon="11.589869"><ele>313.75</ele></trkpt>
<trkpt lat="43.153436" lon="11.589947"><ele>313.75</ele></trkpt>
<trkpt lat="43.153484" lon="11.590029"><ele>313.75</ele></trkpt>
<trkpt lat="43.153549" lon="11.590118"><ele>313.0</ele></trkpt>
<trkpt lat="43.153580" lon="11.590167"><ele>312.5</ele></trkpt>
<trkpt lat="43.153769" lon="11.590436"><ele>311.0</ele></trkpt>
<trkpt lat="43.153823" lon="11.590548"><ele>310.0</ele></trkpt>
<trkpt lat="43.153833" lon="11.590606"><ele>309.5</ele></trkpt>
<trkpt lat="43.153828" lon="11.590950"><ele>305.75</ele></trkpt>
<trkpt lat="43.153821" lon="11.591004"><ele>304.75</ele></trkpt>
<trkpt lat="43.153795" lon="11.591089"><ele>303.0</ele></trkpt>
<trkpt lat="43.153756" lon="11.591134"><ele>301.75</ele></trkpt>
<trkpt lat="43.153718" lon="11.591156"><ele>301.0</ele></trkpt>
<trkpt lat="43.153675" lon="11.591170"><ele>300.5</ele></trkpt>
<trkpt lat="43.153586" lon="11.591168"><ele>300.0</ele></trkpt>
<trkpt lat="43.152454" lon="11.590967"><ele>296.75</ele></trkpt>
<trkpt lat="43.152264" lon="11.590910"><ele>295.5</ele></trkpt>
<trkpt lat="43.152146" lon="11.590866"><ele>293.5</ele></trkpt>
<trkpt lat="43.152066" lon="11.590820"><ele>292.0</ele></trkpt>
<trkpt lat="43.152034" lon="11.590792"><ele>291.5</ele></trkpt>
<trkpt lat="43.151970" lon="11.590709"><ele>290.0</ele></trkpt>
<trkpt lat="43.151946" lon="11.590666"><ele>289.25</ele></trkpt>
<trkpt lat="43.151900" lon="11.590553"><ele>288.25</ele></trkpt>
<trkpt lat="43.151852" lon="11.590366"><ele>287.5</ele></trkpt>
<trkpt lat="43.151833" lon="11.590203"><ele>286.75</ele></trkpt>
<trkpt lat="43.151835" lon="11.590057"><ele>285.75</ele></trkpt>
<trkpt lat="43.151847" lon="11.589938"><ele>285.5</ele></trkpt>
<trkpt lat="43.151923" lon="11.589538"><ele>283.5</ele></trkpt>
<trkpt lat="43.151941" lon="11.589395"><ele>282.25</ele></trkpt>
<trkpt lat="43.151940" lon="11.589283"><ele>281.0</ele></trkpt>
<trkpt lat="43.151925" lon="11.589183"><ele>280.0</ele></trkpt>
<trkpt lat="43.151902" lon="11.589115"><ele>279.25</ele></trkpt>
<trkpt lat="43.151855" lon="11.589034"><ele>278.5</ele></trkpt>
<trkpt lat="43.151814" lon="11.589006"><ele>278.0</ele></trkpt>
<trkpt lat="43.151771" lon="11.588989"><ele>277.75</ele></trkpt>
<trkpt lat="43.151780" lon="11.588940"><ele>277.5</ele></trkpt>
<trkpt lat="43.151777" lon="11.588829"><ele>277.25</ele></trkpt>
<trkpt lat="43.151752" lon="11.588718"><ele>276.75</ele></trkpt>
<trkpt lat="43.151713" lon="11.588610"><ele>276.25</ele></trkpt>
<trkpt lat="43.151545" lon="11.588207"><ele>275.5</ele></trkpt>
<trkpt lat="43.150998" lon="11.586891"><ele>273.5</ele></trkpt>
<trkpt lat="43.150764" lon="11.586327"><ele>273.5</ele></trkpt>
<trkpt lat="43.150635" lon="11.586013"><ele>273.0</ele></trkpt>
<trkpt lat="43.150548" lon="11.585782"><ele>271.75</ele></trkpt>
<trkpt lat="43.150381" lon="11.585298"><ele>271.25</ele></trkpt>
<trkpt lat="43.150120" lon="11.584484"><ele>270.0</ele></trkpt>
<trkpt lat="43.150034" lon="11.584260"><ele>270.0</ele></trkpt>
<trkpt lat="43.149969" lon="11.584147"><ele>269.75</ele></trkpt>
<trkpt lat="43.149907" lon="11.584058"><ele>269.0</ele></trkpt>
<trkpt lat="43.149788" lon="11.583914"><ele>267.0</ele></trkpt>
<trkpt lat="43.149579" lon="11.583691"><ele>261.0</ele></trkpt>
<trkpt lat="43.149444" lon="11.583540"><ele>260.5</ele></trkpt>
<trkpt lat="43.149353" lon="11.583468"><ele>261.5</ele></trkpt>
<trkpt lat="43.149274" lon="11.583433"><ele>262.25</ele></trkpt>
<trkpt lat="43.149183" lon="11.583418"><ele>262.75</ele></trkpt>
<trkpt lat="43.149124" lon="11.583424"><ele>263.25</ele></trkpt>
<trkpt lat="43.148983" lon="11.583470"><ele>263.75</ele></trkpt>
<trkpt lat="43.148614" lon="11.583641"><ele>266.75</ele></trkpt>
<trkpt lat="43.148370" lon="11.583705"><ele>269.5</ele></trkpt>
<trkpt lat="43.148216" lon="11.583720"><ele>270.0</ele></trkpt>
<trkpt lat="43.148119" lon="11.583714"><ele>270.0</ele></trkpt>
<trkpt lat="43.147420" lon="11.583605"><ele>270.0</ele></trkpt>
<trkpt lat="43.145732" lon="11.583315"><ele>269.5</ele></trkpt>
<trkpt lat="43.145368" lon="11.583207"><ele>269.0</ele></trkpt>
<trkpt lat="43.145231" lon="11.583151"><ele>269.0</ele></trkpt>
<trkpt lat="43.145150" lon="11.583109"><ele>269.25</ele></trkpt>
<trkpt lat="43.143333" lon="11.582076"><ele>272.0</ele></trkpt>
<trkpt lat="43.143035" lon="11.581948"><ele>271.75</ele></trkpt>
<trkpt lat="43.142107" lon="11.581697"><ele>273.25</ele></trkpt>
<trkpt lat="43.141732" lon="11.581562"><ele>271.0</ele></trkpt>
<trkpt lat="43.141594" lon="11.581479"><ele>270.25</ele></trkpt>
<trkpt lat="43.140973" lon="11.581107"><ele>268.0</ele></trkpt>
<trkpt lat="43.138663" lon="11.579697"><ele>269.25</ele></trkpt>
<trkpt lat="43.138548" lon="11.579615"><ele>268.75</ele></trkpt>
<trkpt lat="43.138371" lon="11.579466"><ele>268.0</ele></trkpt>
<trkpt lat="43.137587" lon="11.578765"><ele>267.25</ele></trkpt>
<trkpt lat="43.135423" lon="11.576817"><ele>265.5</ele></trkpt>
<trkpt lat="43.135106" lon="11.576542"><ele>266.0</ele></trkpt>
<trkpt lat="43.134843" lon="11.576376"><ele>266.0</ele></trkpt>
<trkpt lat="43.134740" lon="11.576330"><ele>266.0</ele></trkpt>
<trkpt lat="43.134475" lon="11.576210"><ele>265.75</ele></trkpt>
<trkpt lat="43.134158" lon="11.576103"><ele>265.0</ele></trkpt>
<trkpt lat="43.133537" lon="11.575925"><ele>264.75</ele></trkpt>
<trkpt lat="43.133369" lon="11.575868"><ele>265.5</ele></trkpt>
<trkpt lat="43.132083" lon="11.575457"><ele>266.25</ele></trkpt>
<trkpt lat="43.129730" lon="11.574835"><ele>261.5</ele></trkpt>
<trkpt lat="43.129585" lon="11.574803"><ele>261.0</ele></trkpt>
<trkpt lat="43.129440" lon="11.574779"><ele>260.75</ele></trkpt>
<trkpt lat="43.129276" lon="11.574754"><ele>261.75</ele></trkpt>
<trkpt lat="43.129087" lon="11.574736"><ele>262.5</ele></trkpt>
<trkpt lat="43.128675" lon="11.574723"><ele>263.5</ele></trkpt>
<trkpt lat="43.128527" lon="11.574729"><ele>264.25</ele></trkpt>
<trkpt lat="43.127939" lon="11.574771"><ele>266.25</ele></trkpt>
<trkpt lat="43.127304" lon="11.574867"><ele>267.5</ele></trkpt>
<trkpt lat="43.126630" lon="11.574982"><ele>264.75</ele></trkpt>
<trkpt lat="43.124866" lon="11.575249"><ele>266.75</ele></trkpt>
<trkpt lat="43.124742" lon="11.575261"><ele>267.0</ele></trkpt>
<trkpt lat="43.124460" lon="11.575269"><ele>268.0</ele></trkpt>
<trkpt lat="43.124163" lon="11.575258"><ele>268.0</ele></trkpt>
<trkpt lat="43.123668" lon="11.575222"><ele>267.5</ele></trkpt>
<trkpt lat="43.122909" lon="11.575137"><ele>266.25</ele></trkpt>
<trkpt lat="43.122537" lon="11.575068"><ele>265.5</ele></trkpt>
<trkpt lat="43.121611" lon="11.574594"><ele>265.0</ele></trkpt>
<trkpt lat="43.121274" lon="11.574396"><ele>266.0</ele></trkpt>
<trkpt lat="43.121115" lon="11.574295"><ele>266.0</ele></trkpt>
<trkpt lat="43.120994" lon="11.574204"><ele>265.75</ele></trkpt>
<trkpt lat="43.120695" lon="11.573923"><ele>266.25</ele></trkpt>
<trkpt lat="43.119773" lon="11.572972"><ele>264.75</ele></trkpt>
<trkpt lat="43.119519" lon="11.572733"><ele>262.75</ele></trkpt>
<trkpt lat="43.118380" lon="11.571860"><ele>260.0</ele></trkpt>
<trkpt lat="43.117893" lon="11.571527"><ele>261.5</ele></trkpt>
<trkpt lat="43.117667" lon="11.571421"><ele>262.25</ele></trkpt>
<trkpt lat="43.117416" lon="11.571411"><ele>263.75</ele></trkpt>
<trkpt lat="43.117011" lon="11.571446"><ele>266.75</ele></trkpt>
<trkpt lat="43.116500" lon="11.571538"><ele>266.5</ele></trkpt>
<trkpt lat="43.116165" lon="11.571582"><ele>266.75</ele></trkpt>
<trkpt lat="43.115908" lon="11.571581"><ele>266.0</ele></trkpt>
<trkpt lat="43.114238" lon="11.570961"><ele>262.5</ele></trkpt>
<trkpt lat="43.112700" lon="11.570599"><ele>263.0</ele></trkpt>
<trkpt lat="43.111789" lon="11.570376"><ele>260.0</ele></trkpt>
<trkpt lat="43.111215" lon="11.570119"><ele>258.25</ele></trkpt>
<trkpt lat="43.108387" lon="11.568779"><ele>250.25</ele></trkpt>
<trkpt lat="43.107210" lon="11.568208"><ele>252.25</ele></trkpt>
<trkpt lat="43.105679" lon="11.567448"><ele>251.75</ele></trkpt>
<trkpt lat="43.104171" lon="11.566797"><ele>251.5</ele></trkpt>
<trkpt lat="43.103616" lon="11.566499"><ele>251.5</ele></trkpt>
<trkpt lat="43.103330" lon="11.566343"><ele>251.0</ele></trkpt>
<trkpt lat="43.103125" lon="11.566198"><ele>250.75</ele></trkpt>
<trkpt lat="43.102881" lon="11.565976"><ele>250.5</ele></trkpt>
<trkpt lat="43.102500" lon="11.565489"><ele>251.0</ele></trkpt>
<trkpt lat="43.101967" lon="11.564728"><ele>252.75</ele></trkpt>
<trkpt lat="43.101749" lon="11.564465"><ele>253.0</ele></trkpt>
<trkpt lat="43.101419" lon="11.564171"><ele>253.0</ele></trkpt>
<trkpt lat="43.101180" lon="11.564023"><ele>253.5</ele></trkpt>
<trkpt lat="43.100779" lon="11.563852"><ele>254.0</ele></trkpt>
<trkpt lat="43.099972" lon="11.563567"><ele>254.75</ele></trkpt>
<trkpt lat="43.099089" lon="11.563188"><ele>260.75</ele></trkpt>
<trkpt lat="43.098316" lon="11.562764"><ele>262.0</ele></trkpt>
<trkpt lat="43.097295" lon="11.562077"><ele>261.5</ele></trkpt>
<trkpt lat="43.096614" lon="11.561634"><ele>260.25</ele></trkpt>
<trkpt lat="43.096298" lon="11.561418"><ele>260.0</ele></trkpt>
<trkpt lat="43.096052" lon="11.561207"><ele>260.75</ele></trkpt>
<trkpt lat="43.095670" lon="11.560838"><ele>259.5</ele></trkpt>
<trkpt lat="43.095544" lon="11.560708"><ele>258.25</ele></trkpt>
<trkpt lat="43.095415" lon="11.560562"><ele>257.75</ele></trkpt>
<trkpt lat="43.095313" lon="11.560433"><ele>258.0</ele></trkpt>
<trkpt lat="43.093968" lon="11.558582"><ele>250.75</ele></trkpt>
<trkpt lat="43.093828" lon="11.558395"><ele>249.5</ele></trkpt>
<trkpt lat="43.093733" lon="11.558278"><ele>249.25</ele></trkpt>
<trkpt lat="43.093647" lon="11.558177"><ele>249.75</ele></trkpt>
<trkpt lat="43.093413" lon="11.557928"><ele>251.25</ele></trkpt>
<trkpt lat="43.093253" lon="11.557779"><ele>251.75</ele></trkpt>
<trkpt lat="43.092736" lon="11.557258"><ele>253.5</ele></trkpt>
<trkpt lat="43.092065" lon="11.556522"><ele>253.25</ele></trkpt>
<trkpt lat="43.091852" lon="11.556270"><ele>254.25</ele></trkpt>
<trkpt lat="43.091180" lon="11.555410"><ele>254.5</ele></trkpt>
<trkpt lat="43.091038" lon="11.555207"><ele>254.5</ele></trkpt>
<trkpt lat="43.090957" lon="11.555072"><ele>254.25</ele></trkpt>
<trkpt lat="43.090789" lon="11.554736"><ele>254.25</ele></trkpt>
<trkpt lat="43.090378" lon="11.553882"><ele>258.5</ele></trkpt>
<trkpt lat="43.090098" lon="11.553257"><ele>258.0</ele></trkpt>
<trkpt lat="43.090037" lon="11.553077"><ele>257.5</ele></trkpt>
<trkpt lat="43.089947" lon="11.552755"><ele>257.0</ele></trkpt>
<trkpt lat="43.089833" lon="11.552242"><ele>255.75</ele></trkpt>
<trkpt lat="43.089749" lon="11.552005"><ele>255.75</ele></trkpt>
<trkpt lat="43.089616" lon="11.551856"><ele>256.75</ele></trkpt>
<trkpt lat="43.089268" lon="11.551564"><ele>259.0</ele></trkpt>
<trkpt lat="43.089156" lon="11.551448"><ele>259.25</ele></trkpt>
<trkpt lat="43.089069" lon="11.551345"><ele>259.25</ele></trkpt>
<trkpt lat="43.088563" lon="11.550689"><ele>259.0</ele></trkpt>
<trkpt lat="43.088363" lon="11.550444"><ele>259.0</ele></trkpt>
<trkpt lat="43.088128" lon="11.550177"><ele>258.75</ele></trkpt>
<trkpt lat="43.087587" lon="11.549587"><ele>259.0</ele></trkpt>
<trkpt lat="43.087486" lon="11.549492"><ele>259.25</ele></trkpt>
<trkpt lat="43.087414" lon="11.549447"><ele>259.5</ele></trkpt>
<trkpt lat="43.087354" lon="11.549424"><ele>259.5</ele></trkpt>
<trkpt lat="43.087084" lon="11.549392"><ele>257.25</ele></trkpt>
<trkpt lat="43.086841" lon="11.549381"><ele>256.5</ele></trkpt>
<trkpt lat="43.086358" lon="11.549373"><ele>257.5</ele></trkpt>
<trkpt lat="43.086321" lon="11.549374"><ele>257.25</ele></trkpt>
<trkpt lat="43.086205" lon="11.549391"><ele>256.5</ele></trkpt>
<trkpt lat="43.086141" lon="11.549391"><ele>256.25</ele></trkpt>
<trkpt lat="43.086072" lon="11.549381"><ele>255.75</ele></trkpt>
<trkpt lat="43.085993" lon="11.549354"><ele>255.25</ele></trkpt>
<trkpt lat="43.085955" lon="11.549337"><ele>255.25</ele></trkpt>
<trkpt lat="43.085910" lon="11.549316"><ele>255.0</ele></trkpt>
<trkpt lat="43.085791" lon="11.549269"><ele>254.0</ele></trkpt>
<trkpt lat="43.085756" lon="11.549255"><ele>253.75</ele></trkpt>
<trkpt lat="43.085651" lon="11.549204"><ele>252.75</ele></trkpt>
<trkpt lat="43.085571" lon="11.549153"><ele>252.0</ele></trkpt>
<trkpt lat="43.085424" lon="11.549013"><ele>251.25</ele></trkpt>
<trkpt lat="43.085379" lon="11.548968"><ele>250.75</ele></trkpt>
<trkpt lat="43.085106" lon="11.548701"><ele>250.0</ele></trkpt>
<trkpt lat="43.084873" lon="11.548489"><ele>249.75</ele></trkpt>
<trkpt lat="43.084739" lon="11.548396"><ele>249.75</ele></trkpt>
<trkpt lat="43.084687" lon="11.548371"><ele>249.5</ele></trkpt>
<trkpt lat="43.084575" lon="11.548336"><ele>249.25</ele></trkpt>
<trkpt lat="43.084403" lon="11.548322"><ele>249.0</ele></trkpt>
<trkpt lat="43.083549" lon="11.548353"><ele>248.5</ele></trkpt>
<trkpt lat="43.082630" lon="11.548393"><ele>249.5</ele></trkpt>
<trkpt lat="43.082473" lon="11.548389"><ele>249.5</ele></trkpt>
<trkpt lat="43.082341" lon="11.548363"><ele>249.25</ele></trkpt>
<trkpt lat="43.082312" lon="11.548353"><ele>249.0</ele></trkpt>
<trkpt lat="43.082188" lon="11.548284"><ele>248.75</ele></trkpt>
<trkpt lat="43.082132" lon="11.548239"><ele>248.5</ele></trkpt>
<trkpt lat="43.082046" lon="11.548145"><ele>248.25</ele></trkpt>
<trkpt lat="43.081955" lon="11.548010"><ele>248.25</ele></trkpt>
<trkpt lat="43.081843" lon="11.547764"><ele>250.0</ele></trkpt>
<trkpt lat="43.081798" lon="11.547652"><ele>250.5</ele></trkpt>
<trkpt lat="43.081732" lon="11.547492"><ele>250.75</ele></trkpt>
<trkpt lat="43.081670" lon="11.547361"><ele>251.5</ele></trkpt>
<trkpt lat="43.081623" lon="11.547280"></trkpt>
<trkpt lat="43.081572" lon="11.547221"><ele>252.5</ele></trkpt>
<trkpt lat="43.081504" lon="11.547161"><ele>253.0</ele></trkpt>
<trkpt lat="43.081359" lon="11.547081"><ele>253.5</ele></trkpt>
<trkpt lat="43.081212" lon="11.547036"><ele>254.0</ele></trkpt>
<trkpt lat="43.080193" lon="11.546849"><ele>249.5</ele></trkpt>
<trkpt lat="43.079948" lon="11.546768"><ele>248.0</ele></trkpt>
<trkpt lat="43.079700" lon="11.546648"><ele>246.75</ele></trkpt>
<trkpt lat="43.079110" lon="11.546304"><ele>246.25</ele></trkpt>
<trkpt lat="43.078597" lon="11.545986"><ele>247.75</ele></trkpt>
<trkpt lat="43.078523" lon="11.545965"><ele>248.0</ele></trkpt>
<trkpt lat="43.078434" lon="11.545977"><ele>248.25</ele></trkpt>
<trkpt lat="43.078378" lon="11.546033"><ele>248.0</ele></trkpt>
<trkpt lat="43.078341" lon="11.546098"><ele>248.0</ele></trkpt>
<trkpt lat="43.078331" lon="11.546127"><ele>247.75</ele></trkpt>
<trkpt lat="43.078320" lon="11.546161"><ele>247.5</ele></trkpt>
<trkpt lat="43.078249" lon="11.546337"><ele>246.5</ele></trkpt>
<trkpt lat="43.078205" lon="11.546410"><ele>246.25</ele></trkpt>
<trkpt lat="43.078152" lon="11.546457"><ele>246.0</ele></trkpt>
<trkpt lat="43.078081" lon="11.546492"><ele>246.0</ele></trkpt>
<trkpt lat="43.077897" lon="11.546511"><ele>246.0</ele></trkpt>
<trkpt lat="43.077831" lon="11.546532"><ele>245.75</ele></trkpt>
<trkpt lat="43.077800" lon="11.546549"><ele>245.75</ele></trkpt>
<trkpt lat="43.077478" lon="11.546578"><ele>244.5</ele></trkpt>
<trkpt lat="43.077132" lon="11.546651"><ele>245.0</ele></trkpt>
<trkpt lat="43.077478" lon="11.546578"><ele>244.5</ele></trkpt>
<trkpt lat="43.077800" lon="11.546549"><ele>245.75</ele></trkpt>
<trkpt lat="43.077859" lon="11.546547"><ele>245.75</ele></trkpt>
<trkpt lat="43.078219" lon="11.546558"><ele>245.5</ele></trkpt>
<trkpt lat="43.078583" lon="11.546599"><ele>243.5</ele></trkpt>
<trkpt lat="43.078675" lon="11.546615"><ele>243.5</ele></trkpt>
<trkpt lat="43.078788" lon="11.546639"><ele>243.75</ele></trkpt>
<trkpt lat="43.078947" lon="11.546677"><ele>243.75</ele></trkpt>
<trkpt lat="43.079139" lon="11.546738"><ele>243.25</ele></trkpt>
<trkpt lat="43.080346" lon="11.547188"><ele>250.25</ele></trkpt>
<trkpt lat="43.080656" lon="11.547257"><ele>251.5</ele></trkpt>
<trkpt lat="43.080925" lon="11.547284"><ele>252.5</ele></trkpt>
<trkpt lat="43.081281" lon="11.547308"><ele>251.5</ele></trkpt>
<trkpt lat="43.081535" lon="11.547298"><ele>251.75</ele></trkpt>
<trkpt lat="43.081748" lon="11.547263"><ele>253.25</ele></trkpt>
<trkpt lat="43.082230" lon="11.547137"><ele>261.0</ele></trkpt>
<trkpt lat="43.082545" lon="11.547014"><ele>263.25</ele></trkpt>
<trkpt lat="43.082681" lon="11.546948"><ele>263.0</ele></trkpt>
<trkpt lat="43.083034" lon="11.546740"><ele>260.75</ele></trkpt>
<trkpt lat="43.083274" lon="11.546569"><ele>261.25</ele></trkpt>
<trkpt lat="43.083541" lon="11.546350"><ele>261.0</ele></trkpt>
<trkpt lat="43.083669" lon="11.546232"><ele>260.75</ele></trkpt>
<trkpt lat="43.083882" lon="11.546017"><ele>261.0</ele></trkpt>
<trkpt lat="43.084021" lon="11.545861"><ele>261.25</ele></trkpt>
<trkpt lat="43.084157" lon="11.545697"><ele>261.0</ele></trkpt>
<trkpt lat="43.084275" lon="11.545539"><ele>261.25</ele></trkpt>
<trkpt lat="43.084442" lon="11.545294"><ele>262.75</ele></trkpt>
<trkpt lat="43.084785" lon="11.544712"><ele>267.25</ele></trkpt>
<trkpt lat="43.085330" lon="11.543740"></trkpt>
<trkpt lat="43.085457" lon="11.543524"></trkpt>
<trkpt lat="43.085645" lon="11.543233"></trkpt>
<trkpt lat="43.085921" lon="11.542882"><ele>259.75</ele></trkpt>
<trkpt lat="43.086019" lon="11.542766"><ele>259.0</ele></trkpt>
<trkpt lat="43.086158" lon="11.542618"><ele>258.0</ele></trkpt>
<trkpt lat="43.086356" lon="11.542428"><ele>255.0</ele></trkpt>
<trkpt lat="43.086532" lon="11.542278"><ele>252.75</ele></trkpt>
<trkpt lat="43.086711" lon="11.542138"><ele>251.0</ele></trkpt>
<trkpt lat="43.086867" lon="11.542025"><ele>249.25</ele></trkpt>
<trkpt lat="43.087077" lon="11.541893"><ele>246.75</ele></trkpt>
<trkpt lat="43.087689" lon="11.541580"><ele>243.25</ele></trkpt>
<trkpt lat="43.087779" lon="11.541529"><ele>242.5</ele></trkpt>
<trkpt lat="43.088690" lon="11.541050"><ele>235.25</ele></trkpt>
<trkpt lat="43.089671" lon="11.540537"><ele>230.0</ele></trkpt>
<trkpt lat="43.090246" lon="11.540232"><ele>228.25</ele></trkpt>
<trkpt lat="43.090544" lon="11.540048"><ele>229.25</ele></trkpt>
<trkpt lat="43.090854" lon="11.539821"><ele>225.25</ele></trkpt>
<trkpt lat="43.091164" lon="11.539556"><ele>220.75</ele></trkpt>
<trkpt lat="43.091279" lon="11.539446"><ele>220.0</ele></trkpt>
<trkpt lat="43.091537" lon="11.539170"><ele>219.0</ele></trkpt>
<trkpt lat="43.091758" lon="11.538901"><ele>216.0</ele></trkpt>
<trkpt lat="43.091968" lon="11.538617"><ele>213.0</ele></trkpt>
<trkpt lat="43.092105" lon="11.538415"><ele>210.5</ele></trkpt>
<trkpt lat="43.092181" lon="11.538293"><ele>209.25</ele></trkpt>
<trkpt lat="43.092369" lon="11.537963"><ele>207.0</ele></trkpt>
<trkpt lat="43.092430" lon="11.537849"><ele>206.75</ele></trkpt>
<trkpt lat="43.092549" lon="11.537599"><ele>205.5</ele></trkpt>
<trkpt lat="43.092776" lon="11.537067"><ele>202.25</ele></trkpt>
<trkpt lat="43.092839" lon="11.536898"><ele>201.0</ele></trkpt>
<trkpt lat="43.092921" lon="11.536649"><ele>199.25</ele></trkpt>
<trkpt lat="43.093040" lon="11.536217"><ele>198.0</ele></trkpt>
<trkpt lat="43.093147" lon="11.535740"><ele>196.75</ele></trkpt>
<trkpt lat="43.093221" lon="11.535312"><ele>194.25</ele></trkpt>
<trkpt lat="43.093273" lon="11.534893"><ele>191.75</ele></trkpt>
<trkpt lat="43.093365" lon="11.533944"><ele>187.0</ele></trkpt>
<trkpt lat="43.093553" lon="11.532109"><ele>172.5</ele></trkpt>
<trkpt lat="43.093606" lon="11.531720"><ele>170.0</ele></trkpt>
<trkpt lat="43.093676" lon="11.531319"><ele>169.5</ele></trkpt>
<trkpt lat="43.093701" lon="11.531180"></trkpt>
<trkpt lat="43.093765" lon="11.530868"></trkpt>
<trkpt lat="43.093841" lon="11.530548"></trkpt>
<trkpt lat="43.093935" lon="11.530194"></trkpt>
<trkpt lat="43.094069" lon="11.529760"><ele>162.0</ele></trkpt>
<trkpt lat="43.094231" lon="11.529288"><ele>164.25</ele></trkpt>
<trkpt lat="43.094383" lon="11.528894"><ele>166.25</ele></trkpt>
<trkpt lat="43.094544" lon="11.528530"><ele>166.5</ele></trkpt>
<trkpt lat="43.094789" lon="11.528035"><ele>166.25</ele></trkpt>
<trkpt lat="43.094959" lon="11.527729"><ele>166.5</ele></trkpt>
<trkpt lat="43.095106" lon="11.527484"><ele>165.75</ele></trkpt>
<trkpt lat="43.095273" lon="11.527227"><ele>166.0</ele></trkpt>
<trkpt lat="43.095582" lon="11.526787"><ele>164.75</ele></trkpt>
<trkpt lat="43.095706" lon="11.526625"><ele>164.5</ele></trkpt>
<trkpt lat="43.095866" lon="11.526437"><ele>163.75</ele></trkpt>
<trkpt lat="43.096562" lon="11.525677"><ele>162.5</ele></trkpt>
<trkpt lat="43.096726" lon="11.525500"><ele>162.0</ele></trkpt>
<trkpt lat="43.097574" lon="11.524591"><ele>166.25</ele></trkpt>
<trkpt lat="43.098119" lon="11.523991"><ele>165.75</ele></trkpt>
<trkpt lat="43.098718" lon="11.523258"><ele>165.75</ele></trkpt>
<trkpt lat="43.099205" lon="11.522643"><ele>166.75</ele></trkpt>
<trkpt lat="43.099289" lon="11.522550"><ele>166.5</ele></trkpt>
<trkpt lat="43.099415" lon="11.522429"><ele>165.5</ele></trkpt>
<trkpt lat="43.099557" lon="11.522326"><ele>164.25</ele></trkpt>
<trkpt lat="43.099770" lon="11.522176"><ele>162.5</ele></trkpt>
<trkpt lat="43.099828" lon="11.522128"><ele>162.25</ele></trkpt>
<trkpt lat="43.100003" lon="11.521930"><ele>161.75</ele></trkpt>
<trkpt lat="43.100771" lon="11.520947"><ele>159.75</ele></trkpt>
<trkpt lat="43.100877" lon="11.520781"><ele>159.75</ele></trkpt>
<trkpt lat="43.100998" lon="11.520538"><ele>159.5</ele></trkpt>
<trkpt lat="43.101113" lon="11.520280"><ele>159.75</ele></trkpt>
<trkpt lat="43.101224" lon="11.520022"><ele>160.75</ele></trkpt>
<trkpt lat="43.101331" lon="11.519755"><ele>162.5</ele></trkpt>
<trkpt lat="43.101434" lon="11.519427"><ele>162.5</ele></trkpt>
<trkpt lat="43.101490" lon="11.519287"><ele>161.75</ele></trkpt>
<trkpt lat="43.101536" lon="11.519197"></trkpt>
<trkpt lat="43.101587" lon="11.519122"><ele>161.5</ele></trkpt>
<trkpt lat="43.101691" lon="11.519017"><ele>161.75</ele></trkpt>
<trkpt lat="43.101860" lon="11.518895"><ele>161.0</ele></trkpt>
<trkpt lat="43.101937" lon="11.518825"><ele>160.5</ele></trkpt>
<trkpt lat="43.102008" lon="11.518749"><ele>159.75</ele></trkpt>
<trkpt lat="43.102091" lon="11.518642"><ele>159.0</ele></trkpt>
<trkpt lat="43.102154" lon="11.518524"><ele>159.0</ele></trkpt>
<trkpt lat="43.102273" lon="11.518199"><ele>159.5</ele></trkpt>
<trkpt lat="43.102348" lon="11.518033"><ele>160.75</ele></trkpt>
<trkpt lat="43.102451" lon="11.517864"><ele>161.75</ele></trkpt>
<trkpt lat="43.102725" lon="11.517473"><ele>163.75</ele></trkpt>
<trkpt lat="43.102834" lon="11.517268"><ele>164.0</ele></trkpt>
<trkpt lat="43.102901" lon="11.517110"><ele>164.0</ele></trkpt>
<trkpt lat="43.102972" lon="11.516893"><ele>163.5</ele></trkpt>
<trkpt lat="43.102996" lon="11.516799"><ele>163.0</ele></trkpt>
<trkpt lat="43.103073" lon="11.516385"><ele>162.75</ele></trkpt>
<trkpt lat="43.103118" lon="11.516028"><ele>162.25</ele></trkpt>
<trkpt lat="43.103218" lon="11.515078"><ele>159.0</ele></trkpt>
<trkpt lat="43.103249" lon="11.514863"><ele>158.0</ele></trkpt>
<trkpt lat="43.103279" lon="11.514731"><ele>157.0</ele></trkpt>
<trkpt lat="43.103329" lon="11.514573"><ele>156.0</ele></trkpt>
<trkpt lat="43.103533" lon="11.514026"><ele>153.5</ele></trkpt>
<trkpt lat="43.103617" lon="11.513807"><ele>153.5</ele></trkpt>
<trkpt lat="43.103658" lon="11.513664"><ele>152.5</ele></trkpt>
<trkpt lat="43.103689" lon="11.513523"><ele>152.5</ele></trkpt>
<trkpt lat="43.103741" lon="11.513187"><ele>154.25</ele></trkpt>
<trkpt lat="43.103774" lon="11.513040"><ele>155.0</ele></trkpt>
<trkpt lat="43.103943" lon="11.512587"><ele>158.0</ele></trkpt>
<trkpt lat="43.103977" lon="11.512469"><ele>158.25</ele></trkpt>
<trkpt lat="43.104433" lon="11.510719"><ele>157.75</ele></trkpt>
<trkpt lat="43.104470" lon="11.510528"><ele>157.25</ele></trkpt>
<trkpt lat="43.104535" lon="11.509946"><ele>157.25</ele></trkpt>
<trkpt lat="43.104576" lon="11.509696"><ele>157.75</ele></trkpt>
<trkpt lat="43.104672" lon="11.509307"><ele>157.75</ele></trkpt>
<trkpt lat="43.104841" lon="11.508721"><ele>156.25</ele></trkpt>
<trkpt lat="43.105587" lon="11.506142"><ele>157.0</ele></trkpt>
<trkpt lat="43.105672" lon="11.505832"><ele>156.75</ele></trkpt>
<trkpt lat="43.105701" lon="11.505701"><ele>156.75</ele></trkpt>
<trkpt lat="43.105725" lon="11.505564"><ele>156.75</ele></trkpt>
<trkpt lat="43.105756" lon="11.505290"><ele>158.0</ele></trkpt>
<trkpt lat="43.105840" lon="11.503704"><ele>151.25</ele></trkpt>
<trkpt lat="43.105860" lon="11.503292"><ele>149.75</ele></trkpt>
<trkpt lat="43.105874" lon="11.503040"><ele>149.75</ele></trkpt>
<trkpt lat="43.105923" lon="11.502161"><ele>153.75</ele></trkpt>
<trkpt lat="43.105956" lon="11.501575"><ele>154.75</ele></trkpt>
<trkpt lat="43.106076" lon="11.499359"><ele>155.25</ele></trkpt>
<trkpt lat="43.106087" lon="11.499247"><ele>156.25</ele></trkpt>
<trkpt lat="43.106130" lon="11.499050"><ele>157.0</ele></trkpt>
<trkpt lat="43.106209" lon="11.498823"><ele>156.75</ele></trkpt>
<trkpt lat="43.106255" lon="11.498732"><ele>156.75</ele></trkpt>
<trkpt lat="43.106313" lon="11.498640"><ele>156.0</ele></trkpt>
<trkpt lat="43.106416" lon="11.498512"><ele>154.75</ele></trkpt>
<trkpt lat="43.106547" lon="11.498400"><ele>152.75</ele></trkpt>
<trkpt lat="43.106624" lon="11.498351"><ele>151.5</ele></trkpt>
<trkpt lat="43.106707" lon="11.498310"><ele>150.75</ele></trkpt>
<trkpt lat="43.107314" lon="11.498107"><ele>149.0</ele></trkpt>
<trkpt lat="43.107555" lon="11.498041"><ele>147.5</ele></trkpt>
<trkpt lat="43.107674" lon="11.498005"></trkpt>
<trkpt lat="43.107986" lon="11.497892"><ele>148.25</ele></trkpt>
<trkpt lat="43.108164" lon="11.497818"><ele>149.25</ele></trkpt>
<trkpt lat="43.108329" lon="11.497725"><ele>149.75</ele></trkpt>
<trkpt lat="43.108395" lon="11.497674"><ele>149.5</ele></trkpt>
<trkpt lat="43.108465" lon="11.497607"><ele>149.5</ele></trkpt>
<trkpt lat="43.108532" lon="11.497528"><ele>149.5</ele></trkpt>
<trkpt lat="43.108616" lon="11.497404"><ele>150.0</ele></trkpt>
<trkpt lat="43.108674" lon="11.497290"><ele>150.25</ele></trkpt>
<trkpt lat="43.108853" lon="11.496895"><ele>151.5</ele></trkpt>
<trkpt lat="43.109264" lon="11.495951"><ele>153.0</ele></trkpt>
<trkpt lat="43.109624" lon="11.495147"><ele>153.5</ele></trkpt>
<trkpt lat="43.109725" lon="11.494911"><ele>154.5</ele></trkpt>
<trkpt lat="43.109792" lon="11.494735"><ele>154.75</ele></trkpt>
<trkpt lat="43.109864" lon="11.494498"><ele>151.75</ele></trkpt>
<trkpt lat="43.109914" lon="11.494274"></trkpt>
<trkpt lat="43.109950" lon="11.494050"><ele>150.5</ele></trkpt>
<trkpt lat="43.109964" lon="11.493945"><ele>151.75</ele></trkpt>
<trkpt lat="43.109990" lon="11.493628"><ele>153.75</ele></trkpt>
<trkpt lat="43.110044" lon="11.492393"><ele>157.25</ele></trkpt>
<trkpt lat="43.110062" lon="11.492235"><ele>158.0</ele></trkpt>
<trkpt lat="43.110091" lon="11.492101"><ele>158.75</ele></trkpt>
<trkpt lat="43.110113" lon="11.492028"><ele>159.25</ele></trkpt>
<trkpt lat="43.110171" lon="11.491866"><ele>160.25</ele></trkpt>
<trkpt lat="43.110350" lon="11.491438"><ele>162.75</ele></trkpt>
<trkpt lat="43.110447" lon="11.491234"><ele>164.75</ele></trkpt>
<trkpt lat="43.110573" lon="11.491001"><ele>166.75</ele></trkpt>
<trkpt lat="43.110821" lon="11.490631"><ele>169.0</ele></trkpt>
<trkpt lat="43.111058" lon="11.490325"><ele>169.25</ele></trkpt>
<trkpt lat="43.111232" lon="11.490080"><ele>170.0</ele></trkpt>
<trkpt lat="43.111308" lon="11.489947"><ele>169.75</ele></trkpt>
<trkpt lat="43.111376" lon="11.489799"><ele>169.75</ele></trkpt>
<trkpt lat="43.111547" lon="11.489342"><ele>169.25</ele></trkpt>
<trkpt lat="43.111662" lon="11.489081"><ele>169.75</ele></trkpt>
<trkpt lat="43.112207" lon="11.487915"><ele>170.75</ele></trkpt>
<trkpt lat="43.112306" lon="11.487728"><ele>170.0</ele></trkpt>
<trkpt lat="43.112408" lon="11.487582"><ele>170.0</ele></trkpt>
<trkpt lat="43.112543" lon="11.487434"><ele>170.0</ele></trkpt>
<trkpt lat="43.112799" lon="11.487204"><ele>172.25</ele></trkpt>
<trkpt lat="43.113338" lon="11.486739"><ele>174.75</ele></trkpt>
<trkpt lat="43.113930" lon="11.486254"><ele>173.5</ele></trkpt>
<trkpt lat="43.115007" lon="11.485393"><ele>171.75</ele></trkpt>
<trkpt lat="43.115673" lon="11.484859"><ele>169.0</ele></trkpt>
<trkpt lat="43.115820" lon="11.484733"><ele>168.0</ele></trkpt>
<trkpt lat="43.115893" lon="11.484651"><ele>167.25</ele></trkpt>
<trkpt lat="43.115976" lon="11.484516"><ele>165.75</ele></trkpt>
<trkpt lat="43.116034" lon="11.484383"><ele>164.25</ele></trkpt>
<trkpt lat="43.116080" lon="11.484217"><ele>162.75</ele></trkpt>
<trkpt lat="43.116151" lon="11.483879"><ele>160.5</ele></trkpt>
<trkpt lat="43.116186" lon="11.483782"><ele>159.75</ele></trkpt>
<trkpt lat="43.116214" lon="11.483733"><ele>159.25</ele></trkpt>
<trkpt lat="43.116249" lon="11.483689"><ele>158.75</ele></trkpt>
<trkpt lat="43.116328" lon="11.483629"><ele>157.75</ele></trkpt>
<trkpt lat="43.116416" lon="11.483601"><ele>156.75</ele></trkpt>
<trkpt lat="43.116514" lon="11.483618"><ele>156.0</ele></trkpt>
<trkpt lat="43.116644" lon="11.483670"><ele>155.5</ele></trkpt>
<trkpt lat="43.116995" lon="11.483856"><ele>155.75</ele></trkpt>
<trkpt lat="43.117159" lon="11.483901"><ele>153.75</ele></trkpt>
<trkpt lat="43.117254" lon="11.483910"><ele>152.5</ele></trkpt>
<trkpt lat="43.117452" lon="11.483899"><ele>150.5</ele></trkpt>
<trkpt lat="43.117718" lon="11.483847"><ele>149.75</ele></trkpt>
<trkpt lat="43.118321" lon="11.483731"><ele>146.0</ele></trkpt>
<trkpt lat="43.118950" lon="11.483599"><ele>142.75</ele></trkpt>
<trkpt lat="43.119161" lon="11.483553"><ele>141.75</ele></trkpt>
<trkpt lat="43.119352" lon="11.483511"><ele>141.0</ele></trkpt>
<trkpt lat="43.119485" lon="11.483486"><ele>140.75</ele></trkpt>
<trkpt lat="43.119870" lon="11.483410"><ele>141.5</ele></trkpt>
<trkpt lat="43.120246" lon="11.483360"><ele>142.75</ele></trkpt>
<trkpt lat="43.120630" lon="11.483324"><ele>143.75</ele></trkpt>
<trkpt lat="43.120727" lon="11.483313"><ele>143.75</ele></trkpt>
<trkpt lat="43.121331" lon="11.483264"><ele>144.5</ele></trkpt>
<trkpt lat="43.122326" lon="11.483176"><ele>145.25</ele></trkpt>
<trkpt lat="43.122409" lon="11.483171"><ele>145.25</ele></trkpt>
<trkpt lat="43.122472" lon="11.483166"><ele>145.25</ele></trkpt>
<trkpt lat="43.122962" lon="11.483121"><ele>145.0</ele></trkpt>
<trkpt lat="43.125934" lon="11.482854"><ele>145.0</ele></trkpt>
<trkpt lat="43.126746" lon="11.482781"><ele>145.25</ele></trkpt>
<trkpt lat="43.127226" lon="11.482740"><ele>145.75</ele></trkpt>
<trkpt lat="43.128471" lon="11.482627"><ele>145.25</ele></trkpt>
<trkpt lat="43.128684" lon="11.482610"><ele>145.25</ele></trkpt>
<trkpt lat="43.129635" lon="11.482531"><ele>145.0</ele></trkpt>
<trkpt lat="43.129747" lon="11.482523"><ele>145.0</ele></trkpt>
<trkpt lat="43.130119" lon="11.482493"><ele>145.0</ele></trkpt>
<trkpt lat="43.131527" lon="11.482367"><ele>145.0</ele></trkpt>
<trkpt lat="43.131805" lon="11.482350"><ele>145.0</ele></trkpt>
<trkpt lat="43.131892" lon="11.482358"><ele>145.0</ele></trkpt>
<trkpt lat="43.131920" lon="11.482365"><ele>145.0</ele></trkpt>
<trkpt lat="43.132097" lon="11.482417"><ele>145.0</ele></trkpt>
<trkpt lat="43.132155" lon="11.482436"><ele>145.0</ele></trkpt>
<trkpt lat="43.132171" lon="11.482387"><ele>145.0</ele></trkpt>
<trkpt lat="43.132196" lon="11.482355"><ele>145.0</ele></trkpt>
<trkpt lat="43.132303" lon="11.482303"><ele>144.75</ele></trkpt>
<trkpt lat="43.132396" lon="11.482295"><ele>145.0</ele></trkpt>
<trkpt lat="43.132837" lon="11.482256"><ele>144.75</ele></trkpt>
<trkpt lat="43.132835" lon="11.482207"><ele>144.75</ele></trkpt>
<trkpt lat="43.132824" lon="11.481983"><ele>144.0</ele></trkpt>
<trkpt lat="43.132818" lon="11.481847"><ele>144.0</ele></trkpt>
<trkpt lat="43.132803" lon="11.481531"><ele>144.0</ele></trkpt>
<trkpt lat="43.132795" lon="11.481382"><ele>143.75</ele></trkpt>
<trkpt lat="43.132774" lon="11.480901"><ele>143.0</ele></trkpt>
<trkpt lat="43.132767" lon="11.480769"><ele>143.0</ele></trkpt>
<trkpt lat="43.132762" lon="11.480700"><ele>143.0</ele></trkpt>
<trkpt lat="43.132724" lon="11.479897"><ele>142.0</ele></trkpt>
<trkpt lat="43.132718" lon="11.479771"><ele>142.0</ele></trkpt>
<trkpt lat="43.132699" lon="11.479309"><ele>141.0</ele></trkpt>
<trkpt lat="43.132677" lon="11.478771"><ele>140.5</ele></trkpt>
<trkpt lat="43.132727" lon="11.478758"><ele>140.5</ele></trkpt>
<trkpt lat="43.133089" lon="11.478665"><ele>141.0</ele></trkpt>
<trkpt lat="43.133419" lon="11.478580"><ele>141.75</ele></trkpt>
<trkpt lat="43.133769" lon="11.478491"><ele>142.5</ele></trkpt>
<trkpt lat="43.134469" lon="11.478343"><ele>144.0</ele></trkpt>
<trkpt lat="43.135204" lon="11.478202"><ele>143.0</ele></trkpt>
<trkpt lat="43.135676" lon="11.478143"><ele>143.0</ele></trkpt>
<trkpt lat="43.135747" lon="11.478120"><ele>143.0</ele></trkpt>
<trkpt lat="43.135774" lon="11.478098"><ele>143.0</ele></trkpt>
<trkpt lat="43.135750" lon="11.477981"><ele>142.75</ele></trkpt>
<trkpt lat="43.135645" lon="11.477479"><ele>142.0</ele></trkpt>
<trkpt lat="43.135482" lon="11.476717"><ele>141.0</ele></trkpt>
<trkpt lat="43.135419" lon="11.476451"><ele>140.0</ele></trkpt>
<trkpt lat="43.135257" lon="11.475835"><ele>137.0</ele></trkpt>
<trkpt lat="43.135153" lon="11.475434"><ele>140.0</ele></trkpt>
<trkpt lat="43.135083" lon="11.475124"><ele>140.0</ele></trkpt>
<trkpt lat="43.134360" lon="11.471339"><ele>141.25</ele></trkpt>
<trkpt lat="43.134137" lon="11.470179"><ele>142.25</ele></trkpt>
<trkpt lat="43.133669" lon="11.467756"><ele>143.0</ele></trkpt>
<trkpt lat="43.133298" lon="11.465751"><ele>143.0</ele></trkpt>
<trkpt lat="43.133034" lon="11.464244"><ele>145.5</ele></trkpt>
<trkpt lat="43.132995" lon="11.464067"><ele>145.75</ele></trkpt>
<trkpt lat="43.132957" lon="11.463945"><ele>145.75</ele></trkpt>
<trkpt lat="43.132915" lon="11.463838"><ele>146.0</ele></trkpt>
<trkpt lat="43.132605" lon="11.463190"><ele>146.25</ele></trkpt>
<trkpt lat="43.132506" lon="11.462968"><ele>146.25</ele></trkpt>
<trkpt lat="43.132315" lon="11.462490"><ele>147.25</ele></trkpt>
<trkpt lat="43.132208" lon="11.462202"><ele>147.0</ele></trkpt>
<trkpt lat="43.132156" lon="11.462081"><ele>147.25</ele></trkpt>
<trkpt lat="43.132081" lon="11.461939"><ele>147.5</ele></trkpt>
<trkpt lat="43.131916" lon="11.461645"><ele>147.75</ele></trkpt>
<trkpt lat="43.131882" lon="11.461613"><ele>147.5</ele></trkpt>
<trkpt lat="43.131834" lon="11.461585"><ele>147.25</ele></trkpt>
<trkpt lat="43.131781" lon="11.461566"><ele>146.75</ele></trkpt>
<trkpt lat="43.131492" lon="11.461511"><ele>144.25</ele></trkpt>
<trkpt lat="43.131400" lon="11.461477"><ele>143.75</ele></trkpt>
<trkpt lat="43.131358" lon="11.461444"><ele>143.25</ele></trkpt>
<trkpt lat="43.131307" lon="11.461381"><ele>143.0</ele></trkpt>
<trkpt lat="43.131027" lon="11.460887"><ele>141.25</ele></trkpt>
<trkpt lat="43.131000" lon="11.460855"><ele>141.0</ele></trkpt>
<trkpt lat="43.130963" lon="11.460828"><ele>140.75</ele></trkpt>
<trkpt lat="43.130926" lon="11.460817"><ele>140.5</ele></trkpt>
<trkpt lat="43.130761" lon="11.460791"><ele>139.75</ele></trkpt>
<trkpt lat="43.130655" lon="11.460757"><ele>139.75</ele></trkpt>
<trkpt lat="43.130576" lon="11.460714"><ele>139.75</ele></trkpt>
<trkpt lat="43.130533" lon="11.460677"><ele>140.0</ele></trkpt>
<trkpt lat="43.130491" lon="11.460619"><ele>140.25</ele></trkpt>
<trkpt lat="43.130454" lon="11.460530"><ele>140.75</ele></trkpt>
<trkpt lat="43.130418" lon="11.460415"><ele>141.0</ele></trkpt>
<trkpt lat="43.130072" lon="11.458835"><ele>146.5</ele></trkpt>
<trkpt lat="43.130030" lon="11.458610"><ele>147.75</ele></trkpt>
<trkpt lat="43.130007" lon="11.458444"><ele>148.5</ele></trkpt>
<trkpt lat="43.130000" lon="11.458236"><ele>149.25</ele></trkpt>
<trkpt lat="43.128643" lon="11.455838"><ele>172.5</ele></trkpt>
<trkpt lat="43.128560" lon="11.455701"><ele>174.5</ele></trkpt>
<trkpt lat="43.128470" lon="11.455578"><ele>176.25</ele></trkpt>
<trkpt lat="43.128373" lon="11.455490"><ele>177.5</ele></trkpt>
<trkpt lat="43.128247" lon="11.455421"><ele>179.0</ele></trkpt>
<trkpt lat="43.127388" lon="11.455022"><ele>193.25</ele></trkpt>
<trkpt lat="43.127233" lon="11.454922"><ele>196.5</ele></trkpt>
<trkpt lat="43.127146" lon="11.454841"><ele>198.75</ele></trkpt>
<trkpt lat="43.127088" lon="11.454767"><ele>200.0</ele></trkpt>
<trkpt lat="43.127008" lon="11.454636"><ele>201.75</ele></trkpt>
<trkpt lat="43.126907" lon="11.454430"><ele>204.75</ele></trkpt>
<trkpt lat="43.126858" lon="11.454314"><ele>206.5</ele></trkpt>
<trkpt lat="43.126826" lon="11.454217"><ele>207.75</ele></trkpt>
<trkpt lat="43.126804" lon="11.454118"><ele>208.75</ele></trkpt>
<trkpt lat="43.126789" lon="11.453969"><ele>209.5</ele></trkpt>
<trkpt lat="43.126762" lon="11.453447"><ele>213.5</ele></trkpt>
<trkpt lat="43.126751" lon="11.453117"><ele>216.0</ele></trkpt>
<trkpt lat="43.126751" lon="11.452920"><ele>217.25</ele></trkpt>
<trkpt lat="43.126753" lon="11.452851"><ele>218.0</ele></trkpt>
<trkpt lat="43.126767" lon="11.452535"><ele>218.0</ele></trkpt>
<trkpt lat="43.126767" lon="11.452356"><ele>219.0</ele></trkpt>
<trkpt lat="43.126757" lon="11.452196"><ele>220.0</ele></trkpt>
<trkpt lat="43.126694" lon="11.451543"><ele>222.0</ele></trkpt>
<trkpt lat="43.126674" lon="11.451395"><ele>222.75</ele></trkpt>
<trkpt lat="43.126648" lon="11.451274"><ele>223.75</ele></trkpt>
<trkpt lat="43.126450" lon="11.450614"><ele>229.5</ele></trkpt>
<trkpt lat="43.126217" lon="11.449849"><ele>233.5</ele></trkpt>
<trkpt lat="43.126105" lon="11.449529"><ele>237.0</ele></trkpt>
<trkpt lat="43.126046" lon="11.449426"><ele>238.5</ele></trkpt>
<trkpt lat="43.125965" lon="11.449329"><ele>239.0</ele></trkpt>
<trkpt lat="43.125860" lon="11.449247"><ele>239.75</ele></trkpt>
<trkpt lat="43.125784" lon="11.449199"><ele>240.0</ele></trkpt>
<trkpt lat="43.125717" lon="11.449167"><ele>240.25</ele></trkpt>
<trkpt lat="43.125265" lon="11.449007"><ele>239.75</ele></trkpt>
<trkpt lat="43.125005" lon="11.448904"><ele>239.75</ele></trkpt>
<trkpt lat="43.124902" lon="11.448848"><ele>240.0</ele></trkpt>
<trkpt lat="43.124879" lon="11.448750"><ele>240.0</ele></trkpt>
<trkpt lat="43.124883" lon="11.448657"><ele>240.0</ele></trkpt>
<trkpt lat="43.124913" lon="11.448551"><ele>240.0</ele></trkpt>
<trkpt lat="43.124967" lon="11.448444"><ele>240.0</ele></trkpt>
<trkpt lat="43.125000" lon="11.448390"><ele>239.75</ele></trkpt>
<trkpt lat="43.125891" lon="11.447419"><ele>230.5</ele></trkpt>
<trkpt lat="43.126613" lon="11.446641"><ele>237.5</ele></trkpt>
<trkpt lat="43.126739" lon="11.446487"><ele>238.75</ele></trkpt>
<trkpt lat="43.126802" lon="11.446383"><ele>239.25</ele></trkpt>
<trkpt lat="43.126884" lon="11.446203"><ele>239.75</ele></trkpt>
<trkpt lat="43.126932" lon="11.446040"><ele>240.0</ele></trkpt>
<trkpt lat="43.126983" lon="11.445806"><ele>239.75</ele></trkpt>
<trkpt lat="43.127013" lon="11.445684"><ele>239.75</ele></trkpt>
<trkpt lat="43.127026" lon="11.445630"><ele>239.5</ele></trkpt>
<trkpt lat="43.127096" lon="11.445412"><ele>239.5</ele></trkpt>
<trkpt lat="43.127168" lon="11.445257"><ele>240.0</ele></trkpt>
<trkpt lat="43.127202" lon="11.445202"><ele>240.0</ele></trkpt>
<trkpt lat="43.127233" lon="11.445154"><ele>239.75</ele></trkpt>
<trkpt lat="43.127355" lon="11.445008"><ele>239.75</ele></trkpt>
<trkpt lat="43.127708" lon="11.444668"><ele>242.25</ele></trkpt>
<trkpt lat="43.128173" lon="11.444223"><ele>246.75</ele></trkpt>
<trkpt lat="43.128530" lon="11.443885"><ele>249.25</ele></trkpt>
<trkpt lat="43.128824" lon="11.443586"><ele>249.25</ele></trkpt>
<trkpt lat="43.128970" lon="11.443421"><ele>248.5</ele></trkpt>
<trkpt lat="43.129429" lon="11.442865"><ele>248.5</ele></trkpt>
<trkpt lat="43.129789" lon="11.442403"><ele>249.0</ele></trkpt>
<trkpt lat="43.129917" lon="11.442227"><ele>249.5</ele></trkpt>
<trkpt lat="43.129984" lon="11.442110"><ele>249.75</ele></trkpt>
<trkpt lat="43.130025" lon="11.442022"><ele>250.0</ele></trkpt>
<trkpt lat="43.130081" lon="11.441864"><ele>250.0</ele></trkpt>
<trkpt lat="43.130116" lon="11.441717"><ele>250.0</ele></trkpt>
<trkpt lat="43.130133" lon="11.441612"><ele>250.0</ele></trkpt>
<trkpt lat="43.130148" lon="11.441392"><ele>250.0</ele></trkpt>
<trkpt lat="43.130146" lon="11.441223"><ele>250.0</ele></trkpt>
<trkpt lat="43.130076" lon="11.439729"><ele>250.25</ele></trkpt>
<trkpt lat="43.130044" lon="11.439232"><ele>250.0</ele></trkpt>
<trkpt lat="43.129992" lon="11.437863"><ele>249.75</ele></trkpt>
<trkpt lat="43.129970" lon="11.437066"><ele>249.75</ele></trkpt>
<trkpt lat="43.129951" lon="11.436664"><ele>250.0</ele></trkpt>
<trkpt lat="43.129927" lon="11.436466"><ele>250.0</ele></trkpt>
<trkpt lat="43.129874" lon="11.436206"><ele>250.5</ele></trkpt>
<trkpt lat="43.129801" lon="11.435974"><ele>251.0</ele></trkpt>
<trkpt lat="43.129691" lon="11.435721"><ele>250.5</ele></trkpt>
<trkpt lat="43.129109" lon="11.434633"><ele>256.0</ele></trkpt>
<trkpt lat="43.129018" lon="11.434462"><ele>256.0</ele></trkpt>
<trkpt lat="43.128866" lon="11.434162"><ele>253.25</ele></trkpt>
<trkpt lat="43.128787" lon="11.433968"><ele>252.5</ele></trkpt>
<trkpt lat="43.128742" lon="11.433804"><ele>252.0</ele></trkpt>
<trkpt lat="43.128720" lon="11.433690"><ele>252.0</ele></trkpt>
<trkpt lat="43.128612" lon="11.432688"><ele>255.25</ele></trkpt>
<trkpt lat="43.128587" lon="11.432349"><ele>253.75</ele></trkpt>
<trkpt lat="43.128587" lon="11.432248"><ele>253.5</ele></trkpt>
<trkpt lat="43.128604" lon="11.432072"><ele>253.5</ele></trkpt>
<trkpt lat="43.128661" lon="11.431784"><ele>254.5</ele></trkpt>
<trkpt lat="43.128838" lon="11.431004"><ele>255.25</ele></trkpt>
<trkpt lat="43.129103" lon="11.430045"><ele>250.5</ele></trkpt>
<trkpt lat="43.129404" lon="11.428987"><ele>250.0</ele></trkpt>
<trkpt lat="43.129476" lon="11.428768"><ele>250.25</ele></trkpt>
<trkpt lat="43.129570" lon="11.428554"><ele>250.5</ele></trkpt>
<trkpt lat="43.129632" lon="11.428440"><ele>250.75</ele></trkpt>
<trkpt lat="43.129717" lon="11.428311"><ele>251.0</ele></trkpt>
<trkpt lat="43.130238" lon="11.427677"><ele>250.0</ele></trkpt>
<trkpt lat="43.130893" lon="11.426900"><ele>250.0</ele></trkpt>
<trkpt lat="43.131017" lon="11.426772"><ele>251.0</ele></trkpt>
<trkpt lat="43.131118" lon="11.426692"><ele>251.75</ele></trkpt>
<trkpt lat="43.131174" lon="11.426660"><ele>251.75</ele></trkpt>
<trkpt lat="43.131263" lon="11.426625"><ele>251.5</ele></trkpt>
<trkpt lat="43.131457" lon="11.426592"><ele>251.0</ele></trkpt>
<trkpt lat="43.132452" lon="11.426554"><ele>248.5</ele></trkpt>
<trkpt lat="43.133470" lon="11.426492"><ele>248.25</ele></trkpt>
<trkpt lat="43.133560" lon="11.426473"><ele>247.25</ele></trkpt>
<trkpt lat="43.133648" lon="11.426441"><ele>246.25</ele></trkpt>
<trkpt lat="43.133721" lon="11.426405"><ele>245.25</ele></trkpt>
<trkpt lat="43.133811" lon="11.426348"><ele>244.25</ele></trkpt>
<trkpt lat="43.133945" lon="11.426235"><ele>243.25</ele></trkpt>
<trkpt lat="43.134046" lon="11.426134"><ele>242.0</ele></trkpt>
<trkpt lat="43.135986" lon="11.424076"><ele>219.25</ele></trkpt>
<trkpt lat="43.136125" lon="11.423908"><ele>219.75</ele></trkpt>
<trkpt lat="43.136210" lon="11.423769"><ele>218.75</ele></trkpt>
<trkpt lat="43.136475" lon="11.423138"><ele>216.5</ele></trkpt>
<trkpt lat="43.136579" lon="11.422963"><ele>216.0</ele></trkpt>
<trkpt lat="43.136656" lon="11.422871"><ele>215.75</ele></trkpt>
<trkpt lat="43.136699" lon="11.422832"><ele>215.75</ele></trkpt>
<trkpt lat="43.136802" lon="11.422762"><ele>215.75</ele></trkpt>
<trkpt lat="43.136931" lon="11.422699"><ele>215.75</ele></trkpt>
<trkpt lat="43.137138" lon="11.422625"><ele>213.25</ele></trkpt>
<trkpt lat="43.137405" lon="11.422538"><ele>212.5</ele></trkpt>
<trkpt lat="43.137518" lon="11.422480"><ele>212.5</ele></trkpt>
<trkpt lat="43.137585" lon="11.422435"><ele>212.0</ele></trkpt>
<trkpt lat="43.137712" lon="11.422330"><ele>211.25</ele></trkpt>
<trkpt lat="43.137795" lon="11.422230"><ele>211.0</ele></trkpt>
<trkpt lat="43.137869" lon="11.422116"><ele>210.0</ele></trkpt>
<trkpt lat="43.137931" lon="11.421985"><ele>209.75</ele></trkpt>
<trkpt lat="43.137963" lon="11.421913"><ele>209.75</ele></trkpt>
<trkpt lat="43.138026" lon="11.421772"><ele>210.5</ele></trkpt>
<trkpt lat="43.138089" lon="11.421651"><ele>210.75</ele></trkpt>
<trkpt lat="43.138126" lon="11.421592"><ele>210.25</ele></trkpt>
<trkpt lat="43.138184" lon="11.421519"><ele>210.0</ele></trkpt>
<trkpt lat="43.138214" lon="11.421488"><ele>209.75</ele></trkpt>
<trkpt lat="43.138244" lon="11.421460"><ele>209.5</ele></trkpt>
<trkpt lat="43.138297" lon="11.421417"><ele>209.0</ele></trkpt>
<trkpt lat="43.138401" lon="11.421356"><ele>208.25</ele></trkpt>
<trkpt lat="43.138538" lon="11.421301"><ele>206.75</ele></trkpt>
<trkpt lat="43.138853" lon="11.421195"><ele>205.25</ele></trkpt>
<trkpt lat="43.138937" lon="11.421159"><ele>205.25</ele></trkpt>
<trkpt lat="43.139358" lon="11.420886"><ele>203.25</ele></trkpt>
<trkpt lat="43.139472" lon="11.420831"><ele>202.75</ele></trkpt>
<trkpt lat="43.139590" lon="11.420791"><ele>201.25</ele></trkpt>
<trkpt lat="43.139798" lon="11.420745"><ele>199.25</ele></trkpt>
<trkpt lat="43.140032" lon="11.420709"><ele>197.0</ele></trkpt>
<trkpt lat="43.140126" lon="11.420709"><ele>196.0</ele></trkpt>
<trkpt lat="43.140259" lon="11.420734"><ele>195.25</ele></trkpt>
<trkpt lat="43.140390" lon="11.420785"><ele>195.25</ele></trkpt>
<trkpt lat="43.140470" lon="11.420826"><ele>195.25</ele></trkpt>
<trkpt lat="43.140570" lon="11.420893"><ele>195.75</ele></trkpt>
<trkpt lat="43.140661" lon="11.420969"><ele>195.25</ele></trkpt>
<trkpt lat="43.140732" lon="11.421040"><ele>195.0</ele></trkpt>
<trkpt lat="43.141043" lon="11.421390"><ele>194.0</ele></trkpt>
<trkpt lat="43.141125" lon="11.421474"><ele>193.25</ele></trkpt>
<trkpt lat="43.141231" lon="11.421565"></trkpt>
<trkpt lat="43.141311" lon="11.421611"><ele>191.5</ele></trkpt>
<trkpt lat="43.141376" lon="11.421640"><ele>190.75</ele></trkpt>
<trkpt lat="43.141447" lon="11.421659"><ele>190.75</ele></trkpt>
<trkpt lat="43.141511" lon="11.421665"><ele>190.75</ele></trkpt>
<trkpt lat="43.141605" lon="11.421657"><ele>190.75</ele></trkpt>
<trkpt lat="43.141757" lon="11.421615"><ele>191.0</ele></trkpt>
<trkpt lat="43.142060" lon="11.421481"><ele>192.0</ele></trkpt>
<trkpt lat="43.142185" lon="11.421435"><ele>192.25</ele></trkpt>
<trkpt lat="43.142254" lon="11.421418"><ele>192.5</ele></trkpt>
<trkpt lat="43.142338" lon="11.421409"><ele>193.25</ele></trkpt>
<trkpt lat="43.142463" lon="11.421411"><ele>194.5</ele></trkpt>
<trkpt lat="43.142560" lon="11.421428"><ele>194.75</ele></trkpt>
<trkpt lat="43.142644" lon="11.421454"><ele>194.25</ele></trkpt>
<trkpt lat="43.143196" lon="11.421650"><ele>198.25</ele></trkpt>
<trkpt lat="43.143640" lon="11.421795"><ele>200.0</ele></trkpt>
<trkpt lat="43.143818" lon="11.421829"><ele>201.25</ele></trkpt>
<trkpt lat="43.143989" lon="11.421835"><ele>203.25</ele></trkpt>
<trkpt lat="43.144095" lon="11.421830"><ele>204.5</ele></trkpt>
<trkpt lat="43.144291" lon="11.421804"><ele>206.0</ele></trkpt>
<trkpt lat="43.144419" lon="11.421778"><ele>206.5</ele></trkpt>
<trkpt lat="43.144585" lon="11.421728"><ele>206.25</ele></trkpt>
<trkpt lat="43.144682" lon="11.421685"><ele>206.0</ele></trkpt>
<trkpt lat="43.144794" lon="11.421619"><ele>205.75</ele></trkpt>
<trkpt lat="43.144909" lon="11.421521"><ele>205.5</ele></trkpt>
<trkpt lat="43.144971" lon="11.421452"><ele>205.25</ele></trkpt>
<trkpt lat="43.145064" lon="11.421301"><ele>205.75</ele></trkpt>
<trkpt lat="43.145087" lon="11.421250"><ele>206.0</ele></trkpt>
<trkpt lat="43.145134" lon="11.421091"><ele>207.0</ele></trkpt>
<trkpt lat="43.145153" lon="11.420949"><ele>208.0</ele></trkpt>
<trkpt lat="43.145159" lon="11.420813"><ele>209.0</ele></trkpt>
<trkpt lat="43.145146" lon="11.420250"><ele>211.5</ele></trkpt>
<trkpt lat="43.145154" lon="11.420056"><ele>211.75</ele></trkpt>
<trkpt lat="43.145164" lon="11.419980"><ele>212.25</ele></trkpt>
<trkpt lat="43.145188" lon="11.419868"><ele>212.75</ele></trkpt>
<trkpt lat="43.145284" lon="11.419468"><ele>214.0</ele></trkpt>
<trkpt lat="43.145327" lon="11.419217"><ele>217.5</ele></trkpt>
<trkpt lat="43.145345" lon="11.418951"><ele>219.75</ele></trkpt>
<trkpt lat="43.145365" lon="11.418310"><ele>220.75</ele></trkpt>
<trkpt lat="43.145379" lon="11.418179"><ele>222.0</ele></trkpt>
<trkpt lat="43.145396" lon="11.418077"><ele>223.0</ele></trkpt>
<trkpt lat="43.145429" lon="11.417940"><ele>223.5</ele></trkpt>
<trkpt lat="43.145640" lon="11.417238"><ele>229.5</ele></trkpt>
<trkpt lat="43.145682" lon="11.417038"><ele>230.0</ele></trkpt>
<trkpt lat="43.145715" lon="11.416780"><ele>231.25</ele></trkpt>
<trkpt lat="43.145774" lon="11.416247"><ele>234.25</ele></trkpt>
<trkpt lat="43.145790" lon="11.416004"><ele>235.0</ele></trkpt>
<trkpt lat="43.145785" lon="11.415807"><ele>235.5</ele></trkpt>
<trkpt lat="43.145766" lon="11.415668"><ele>236.25</ele></trkpt>
<trkpt lat="43.145718" lon="11.415489"><ele>237.25</ele></trkpt>
<trkpt lat="43.145644" lon="11.415315"><ele>238.5</ele></trkpt>
<trkpt lat="43.145587" lon="11.415212"><ele>239.25</ele></trkpt>
<trkpt lat="43.145355" lon="11.414855"><ele>241.25</ele></trkpt>
<trkpt lat="43.145279" lon="11.414714"><ele>242.0</ele></trkpt>
<trkpt lat="43.145240" lon="11.414609"><ele>242.25</ele></trkpt>
<trkpt lat="43.145227" lon="11.414557"><ele>242.5</ele></trkpt>
<trkpt lat="43.145215" lon="11.414414"><ele>243.5</ele></trkpt>
<trkpt lat="43.145223" lon="11.414280"><ele>244.5</ele></trkpt>
<trkpt lat="43.145239" lon="11.414187"><ele>245.25</ele></trkpt>
<trkpt lat="43.145273" lon="11.414070"><ele>246.25</ele></trkpt>
<trkpt lat="43.145306" lon="11.413991"><ele>246.75</ele></trkpt>
<trkpt lat="43.145383" lon="11.413863"><ele>247.75</ele></trkpt>
<trkpt lat="43.145640" lon="11.413503"><ele>250.0</ele></trkpt>
<trkpt lat="43.145722" lon="11.413351"><ele>250.0</ele></trkpt>
<trkpt lat="43.145768" lon="11.413243"><ele>250.0</ele></trkpt>
<trkpt lat="43.145790" lon="11.413184"><ele>250.0</ele></trkpt>
<trkpt lat="43.145836" lon="11.413019"><ele>250.0</ele></trkpt>
<trkpt lat="43.145945" lon="11.412493"><ele>251.75</ele></trkpt>
<trkpt lat="43.145966" lon="11.412415"><ele>252.5</ele></trkpt>
<trkpt lat="43.146038" lon="11.412205"><ele>254.5</ele></trkpt>
<trkpt lat="43.146159" lon="11.411947"><ele>257.0</ele></trkpt>
<trkpt lat="43.146590" lon="11.411215"><ele>260.75</ele></trkpt>
<trkpt lat="43.146659" lon="11.411108"><ele>261.0</ele></trkpt>
<trkpt lat="43.146719" lon="11.411028"><ele>261.25</ele></trkpt>
<trkpt lat="43.146793" lon="11.410946"><ele>261.75</ele></trkpt>
<trkpt lat="43.146930" lon="11.410826"><ele>263.0</ele></trkpt>
<trkpt lat="43.147077" lon="11.410726"><ele>263.75</ele></trkpt>
<trkpt lat="43.147270" lon="11.410614"><ele>264.75</ele></trkpt>
<trkpt lat="43.147359" lon="11.410550"><ele>265.0</ele></trkpt>
<trkpt lat="43.147456" lon="11.410448"><ele>265.75</ele></trkpt>
<trkpt lat="43.147543" lon="11.410322"><ele>266.5</ele></trkpt>
<trkpt lat="43.147616" lon="11.410175"><ele>266.75</ele></trkpt>
<trkpt lat="43.147655" lon="11.410056"><ele>267.0</ele></trkpt>
<trkpt lat="43.147694" lon="11.409888"><ele>267.75</ele></trkpt>
<trkpt lat="43.147762" lon="11.409506"><ele>269.75</ele></trkpt>
<trkpt lat="43.147803" lon="11.409256"><ele>271.75</ele></trkpt>
<trkpt lat="43.147842" lon="11.408974"><ele>273.75</ele></trkpt>
<trkpt lat="43.147922" lon="11.408203"><ele>275.25</ele></trkpt>
<trkpt lat="43.147958" lon="11.408018"><ele>275.75</ele></trkpt>
<trkpt lat="43.148013" lon="11.407853"><ele>276.5</ele></trkpt>
<trkpt lat="43.148323" lon="11.407167"><ele>279.5</ele></trkpt>
<trkpt lat="43.148403" lon="11.407018"><ele>280.0</ele></trkpt>
<trkpt lat="43.148468" lon="11.406938"><ele>280.5</ele></trkpt>
<trkpt lat="43.148575" lon="11.406846"><ele>281.25</ele></trkpt>
<trkpt lat="43.148677" lon="11.406794"><ele>281.75</ele></trkpt>
<trkpt lat="43.148772" lon="11.406769"><ele>282.25</ele></trkpt>
<trkpt lat="43.149019" lon="11.406730"><ele>283.0</ele></trkpt>
<trkpt lat="43.149092" lon="11.406711"><ele>283.25</ele></trkpt>
<trkpt lat="43.149153" lon="11.406683"><ele>283.75</ele></trkpt>
<trkpt lat="43.149237" lon="11.406611"><ele>283.5</ele></trkpt>
<trkpt lat="43.149397" lon="11.406380"><ele>283.25</ele></trkpt>
<trkpt lat="43.149448" lon="11.406316"><ele>282.5</ele></trkpt>
<trkpt lat="43.149517" lon="11.406255"><ele>282.25</ele></trkpt>
<trkpt lat="43.149603" lon="11.406212"><ele>281.5</ele></trkpt>
<trkpt lat="43.149678" lon="11.406199"><ele>280.5</ele></trkpt>
<trkpt lat="43.149780" lon="11.406214"><ele>280.75</ele></trkpt>
<trkpt lat="43.149847" lon="11.406247"><ele>281.25</ele></trkpt>
<trkpt lat="43.149917" lon="11.406315"><ele>281.25</ele></trkpt>
<trkpt lat="43.150121" lon="11.406590"><ele>280.5</ele></trkpt>
<trkpt lat="43.150226" lon="11.406676"><ele>280.75</ele></trkpt>
<trkpt lat="43.150313" lon="11.406721"><ele>281.25</ele></trkpt>
<trkpt lat="43.150425" lon="11.406760"><ele>281.5</ele></trkpt>
<trkpt lat="43.150588" lon="11.406793"><ele>282.0</ele></trkpt>
<trkpt lat="43.150785" lon="11.406815"><ele>281.75</ele></trkpt>
<trkpt lat="43.150926" lon="11.406807"><ele>281.75</ele></trkpt>
<trkpt lat="43.151038" lon="11.406790"><ele>282.0</ele></trkpt>
<trkpt lat="43.151388" lon="11.406681"><ele>282.5</ele></trkpt>
<trkpt lat="43.151555" lon="11.406649"><ele>282.5</ele></trkpt>
<trkpt lat="43.152117" lon="11.406600"><ele>284.75</ele></trkpt>
<trkpt lat="43.152276" lon="11.406567"><ele>284.75</ele></trkpt>
<trkpt lat="43.152407" lon="11.406518"><ele>284.5</ele></trkpt>
<trkpt lat="43.152548" lon="11.406444"><ele>284.0</ele></trkpt>
<trkpt lat="43.152673" lon="11.406358"><ele>283.5</ele></trkpt>
<trkpt lat="43.152807" lon="11.406252"><ele>283.5</ele></trkpt>
<trkpt lat="43.152907" lon="11.406159"><ele>283.5</ele></trkpt>
<trkpt lat="43.153136" lon="11.405918"><ele>283.0</ele></trkpt>
<trkpt lat="43.153207" lon="11.405854"><ele>283.0</ele></trkpt>
<trkpt lat="43.153329" lon="11.405766"><ele>283.25</ele></trkpt>
<trkpt lat="43.153407" lon="11.405732"><ele>283.25</ele></trkpt>
<trkpt lat="43.153490" lon="11.405712"><ele>283.25</ele></trkpt>
<trkpt lat="43.153829" lon="11.405682"><ele>282.75</ele></trkpt>
<trkpt lat="43.153991" lon="11.405644"><ele>282.5</ele></trkpt>
<trkpt lat="43.154104" lon="11.405588"><ele>282.25</ele></trkpt>
<trkpt lat="43.154375" lon="11.405375"><ele>280.0</ele></trkpt>
<trkpt lat="43.154539" lon="11.405268"><ele>279.0</ele></trkpt>
<trkpt lat="43.155153" lon="11.404979"><ele>278.25</ele></trkpt>
<trkpt lat="43.155251" lon="11.404939"><ele>278.5</ele></trkpt>
<trkpt lat="43.155334" lon="11.404919"><ele>278.25</ele></trkpt>
<trkpt lat="43.155722" lon="11.404874"><ele>275.5</ele></trkpt>
<trkpt lat="43.155814" lon="11.404846"><ele>275.0</ele></trkpt>
<trkpt lat="43.155883" lon="11.404807"><ele>275.25</ele></trkpt>
<trkpt lat="43.156030" lon="11.404683"><ele>276.5</ele></trkpt>
<trkpt lat="43.156143" lon="11.404578"><ele>276.5</ele></trkpt>
<trkpt lat="43.156239" lon="11.404464"><ele>276.75</ele></trkpt>
<trkpt lat="43.156295" lon="11.404379"><ele>276.75</ele></trkpt>
<trkpt lat="43.156348" lon="11.404273"><ele>277.0</ele></trkpt>
<trkpt lat="43.156403" lon="11.404077"><ele>277.0</ele></trkpt>
<trkpt lat="43.156421" lon="11.403945"><ele>277.0</ele></trkpt>
<trkpt lat="43.156472" lon="11.403294"><ele>278.75</ele></trkpt>
<trkpt lat="43.156506" lon="11.403009"><ele>280.25</ele></trkpt>
<trkpt lat="43.156696" lon="11.401850"><ele>282.5</ele></trkpt>
<trkpt lat="43.156714" lon="11.401689"><ele>283.0</ele></trkpt>
<trkpt lat="43.156712" lon="11.401571"><ele>283.0</ele></trkpt>
<trkpt lat="43.156689" lon="11.401423"><ele>283.75</ele></trkpt>
<trkpt lat="43.156623" lon="11.401215"><ele>285.0</ele></trkpt>
<trkpt lat="43.156348" lon="11.400585"><ele>287.25</ele></trkpt>
<trkpt lat="43.156309" lon="11.400483"><ele>288.5</ele></trkpt>
<trkpt lat="43.156288" lon="11.400377"><ele>288.75</ele></trkpt>
<trkpt lat="43.156288" lon="11.400294"><ele>288.5</ele></trkpt>
<trkpt lat="43.156302" lon="11.400211"><ele>288.5</ele></trkpt>
<trkpt lat="43.156334" lon="11.400126"><ele>288.5</ele></trkpt>
<trkpt lat="43.156376" lon="11.400061"><ele>288.5</ele></trkpt>
<trkpt lat="43.156403" lon="11.400034"><ele>288.5</ele></trkpt>
<trkpt lat="43.156462" lon="11.400001"><ele>288.5</ele></trkpt>
<trkpt lat="43.156519" lon="11.399991"><ele>288.75</ele></trkpt>
<trkpt lat="43.156585" lon="11.399999"><ele>288.25</ele></trkpt>
<trkpt lat="43.156655" lon="11.400019"><ele>287.5</ele></trkpt>
<trkpt lat="43.157105" lon="11.400188"><ele>286.25</ele></trkpt>
<trkpt lat="43.157224" lon="11.400197"><ele>286.25</ele></trkpt>
<trkpt lat="43.157325" lon="11.400178"><ele>286.25</ele></trkpt>
<trkpt lat="43.157441" lon="11.400128"><ele>286.25</ele></trkpt>
<trkpt lat="43.157585" lon="11.400036"><ele>286.5</ele></trkpt>
<trkpt lat="43.157892" lon="11.399759"><ele>285.5</ele></trkpt>
<trkpt lat="43.157987" lon="11.399693"><ele>284.75</ele></trkpt>
<trkpt lat="43.158018" lon="11.399676"><ele>284.5</ele></trkpt>
<trkpt lat="43.158130" lon="11.399635"><ele>284.0</ele></trkpt>
<trkpt lat="43.158202" lon="11.399626"><ele>283.25</ele></trkpt>
<trkpt lat="43.158366" lon="11.399626"><ele>282.0</ele></trkpt>
<trkpt lat="43.158608" lon="11.399646"><ele>280.25</ele></trkpt>
<trkpt lat="43.158686" lon="11.399637"><ele>280.0</ele></trkpt>
<trkpt lat="43.158763" lon="11.399600"><ele>280.0</ele></trkpt>
<trkpt lat="43.158796" lon="11.399573"><ele>280.0</ele></trkpt>
<trkpt lat="43.158839" lon="11.399521"><ele>280.0</ele></trkpt>
<trkpt lat="43.158888" lon="11.399424"><ele>279.75</ele></trkpt>
<trkpt lat="43.158920" lon="11.399291"><ele>278.75</ele></trkpt>
<trkpt lat="43.158929" lon="11.399126"><ele>278.0</ele></trkpt>
<trkpt lat="43.158917" lon="11.398920"><ele>277.5</ele></trkpt>
<trkpt lat="43.158897" lon="11.398796"><ele>276.75</ele></trkpt>
<trkpt lat="43.158746" lon="11.398148"><ele>273.25</ele></trkpt>
<trkpt lat="43.158715" lon="11.397984"><ele>272.5</ele></trkpt>
<trkpt lat="43.158688" lon="11.397757"><ele>271.75</ele></trkpt>
<trkpt lat="43.158674" lon="11.397561"><ele>271.0</ele></trkpt>
<trkpt lat="43.158671" lon="11.397342"><ele>271.0</ele></trkpt>
<trkpt lat="43.158678" lon="11.396725"><ele>271.75</ele></trkpt>
<trkpt lat="43.158696" lon="11.395676"><ele>271.75</ele></trkpt>
<trkpt lat="43.158708" lon="11.395476"><ele>271.5</ele></trkpt>
<trkpt lat="43.158737" lon="11.395242"><ele>271.75</ele></trkpt>
<trkpt lat="43.158783" lon="11.395042"><ele>271.75</ele></trkpt>
<trkpt lat="43.158850" lon="11.394851"><ele>271.75</ele></trkpt>
<trkpt lat="43.158935" lon="11.394678"><ele>272.25</ele></trkpt>
<trkpt lat="43.159017" lon="11.394532"><ele>273.5</ele></trkpt>
<trkpt lat="43.159104" lon="11.394396"><ele>274.25</ele></trkpt>
<trkpt lat="43.159172" lon="11.394302"><ele>274.0</ele></trkpt>
<trkpt lat="43.159349" lon="11.394087"><ele>274.5</ele></trkpt>
<trkpt lat="43.159452" lon="11.393981"><ele>275.0</ele></trkpt>
<trkpt lat="43.159643" lon="11.393823"><ele>275.5</ele></trkpt>
<trkpt lat="43.159839" lon="11.393700"><ele>276.5</ele></trkpt>
<trkpt lat="43.159996" lon="11.393613"><ele>277.75</ele></trkpt>
<trkpt lat="43.160307" lon="11.393466"><ele>278.0</ele></trkpt>
<trkpt lat="43.160895" lon="11.393218"><ele>279.25</ele></trkpt>
<trkpt lat="43.161212" lon="11.393070"><ele>279.75</ele></trkpt>
<trkpt lat="43.161333" lon="11.392982"><ele>280.0</ele></trkpt>
<trkpt lat="43.161401" lon="11.392914"><ele>280.5</ele></trkpt>
<trkpt lat="43.161449" lon="11.392850"><ele>280.5</ele></trkpt>
<trkpt lat="43.161487" lon="11.392787"><ele>280.75</ele></trkpt>
<trkpt lat="43.161527" lon="11.392689"><ele>281.25</ele></trkpt>
<trkpt lat="43.161679" lon="11.392168"><ele>283.0</ele></trkpt>
<trkpt lat="43.161733" lon="11.392011"><ele>283.5</ele></trkpt>
<trkpt lat="43.161786" lon="11.391904"><ele>284.0</ele></trkpt>
<trkpt lat="43.161820" lon="11.391855"><ele>284.0</ele></trkpt>
<trkpt lat="43.161869" lon="11.391802"><ele>284.0</ele></trkpt>
<trkpt lat="43.161929" lon="11.391758"><ele>284.0</ele></trkpt>
<trkpt lat="43.162022" lon="11.391718"><ele>283.25</ele></trkpt>
<trkpt lat="43.162235" lon="11.391668"><ele>281.75</ele></trkpt>
<trkpt lat="43.162697" lon="11.391610"><ele>280.0</ele></trkpt>
<trkpt lat="43.163003" lon="11.391553"><ele>279.5</ele></trkpt>
<trkpt lat="43.164737" lon="11.391117"><ele>272.75</ele></trkpt>
<trkpt lat="43.164828" lon="11.391092"><ele>272.75</ele></trkpt>
<trkpt lat="43.165319" lon="11.390972"><ele>271.75</ele></trkpt>
<trkpt lat="43.165856" lon="11.390801"><ele>271.25</ele></trkpt>
<trkpt lat="43.166021" lon="11.390802"><ele>270.5</ele></trkpt>
<trkpt lat="43.166062" lon="11.390802"><ele>270.25</ele></trkpt>
<trkpt lat="43.166086" lon="11.390827"><ele>270.0</ele></trkpt>
<trkpt lat="43.166135" lon="11.390836"><ele>269.75</ele></trkpt>
<trkpt lat="43.166158" lon="11.390826"><ele>269.5</ele></trkpt>
<trkpt lat="43.166178" lon="11.390806"><ele>269.5</ele></trkpt>
<trkpt lat="43.166193" lon="11.390779"><ele>269.75</ele></trkpt>
<trkpt lat="43.166201" lon="11.390748"><ele>270.0</ele></trkpt>
<trkpt lat="43.166235" lon="11.390630"><ele>270.75</ele></trkpt>
<trkpt lat="43.166288" lon="11.390513"><ele>271.75</ele></trkpt>
<trkpt lat="43.166376" lon="11.390379"><ele>272.75</ele></trkpt>
<trkpt lat="43.166497" lon="11.390190"><ele>273.25</ele></trkpt>
<trkpt lat="43.166563" lon="11.390108"><ele>273.25</ele></trkpt>
<trkpt lat="43.166660" lon="11.390020"><ele>272.75</ele></trkpt>
<trkpt lat="43.166775" lon="11.389945"><ele>271.75</ele></trkpt>
<trkpt lat="43.166853" lon="11.389904"><ele>271.0</ele></trkpt>
<trkpt lat="43.167008" lon="11.389864"><ele>270.0</ele></trkpt>
<trkpt lat="43.167186" lon="11.389859"><ele>270.75</ele></trkpt>
<trkpt lat="43.167495" lon="11.389877"><ele>273.0</ele></trkpt>
<trkpt lat="43.167804" lon="11.389912"><ele>276.25</ele></trkpt>
<trkpt lat="43.168271" lon="11.389943"><ele>279.0</ele></trkpt>
<trkpt lat="43.168730" lon="11.389983"><ele>282.0</ele></trkpt>
<trkpt lat="43.168813" lon="11.389990"><ele>283.5</ele></trkpt>
<trkpt lat="43.168975" lon="11.390009"><ele>286.0</ele></trkpt>
<trkpt lat="43.169111" lon="11.390029"><ele>288.0</ele></trkpt>
<trkpt lat="43.169273" lon="11.390068"><ele>290.75</ele></trkpt>
<trkpt lat="43.169411" lon="11.390122"><ele>293.0</ele></trkpt>
<trkpt lat="43.169561" lon="11.390204"><ele>295.0</ele></trkpt>
<trkpt lat="43.169704" lon="11.390300"><ele>296.5</ele></trkpt>
<trkpt lat="43.169913" lon="11.390465"><ele>298.25</ele></trkpt>
<trkpt lat="43.170043" lon="11.390573"><ele>299.0</ele></trkpt>
<trkpt lat="43.170325" lon="11.390805"><ele>300.5</ele></trkpt>
<trkpt lat="43.170481" lon="11.390919"><ele>301.5</ele></trkpt>
<trkpt lat="43.170903" lon="11.391156"><ele>302.75</ele></trkpt>
<trkpt lat="43.171057" lon="11.391250"><ele>302.25</ele></trkpt>
<trkpt lat="43.171135" lon="11.391291"><ele>302.0</ele></trkpt>
<trkpt lat="43.171225" lon="11.391320"><ele>302.25</ele></trkpt>
<trkpt lat="43.171397" lon="11.391332"><ele>303.25</ele></trkpt>
<trkpt lat="43.171547" lon="11.391324"><ele>303.0</ele></trkpt>
<trkpt lat="43.171700" lon="11.391290"><ele>302.75</ele></trkpt>
<trkpt lat="43.171946" lon="11.391190"><ele>303.0</ele></trkpt>
<trkpt lat="43.172931" lon="11.390697"><ele>291.5</ele></trkpt>
<trkpt lat="43.173043" lon="11.390598"><ele>290.0</ele></trkpt>
<trkpt lat="43.173142" lon="11.390476"><ele>288.5</ele></trkpt>
<trkpt lat="43.173269" lon="11.390299"><ele>287.0</ele></trkpt>
<trkpt lat="43.173346" lon="11.390278"><ele>285.75</ele></trkpt>
<trkpt lat="43.173387" lon="11.390278"><ele>285.0</ele></trkpt>
<trkpt lat="43.173421" lon="11.390291"><ele>284.25</ele></trkpt>
<trkpt lat="43.173469" lon="11.390333"><ele>283.25</ele></trkpt>
<trkpt lat="43.173500" lon="11.390379"><ele>282.5</ele></trkpt>
<trkpt lat="43.173488" lon="11.390533"><ele>282.25</ele></trkpt>
<trkpt lat="43.173448" lon="11.391194"><ele>279.5</ele></trkpt>
<trkpt lat="43.173449" lon="11.391443"><ele>278.0</ele></trkpt>
<trkpt lat="43.173466" lon="11.391602"><ele>278.0</ele></trkpt>
<trkpt lat="43.173484" lon="11.391700"><ele>277.75</ele></trkpt>
<trkpt lat="43.173628" lon="11.392364"><ele>276.25</ele></trkpt>
<trkpt lat="43.173748" lon="11.392889"><ele>276.5</ele></trkpt>
<trkpt lat="43.173820" lon="11.393273"><ele>275.5</ele></trkpt>
<trkpt lat="43.173883" lon="11.393801"><ele>273.25</ele></trkpt>
<trkpt lat="43.173910" lon="11.394238"><ele>270.5</ele></trkpt>
<trkpt lat="43.173912" lon="11.394341"><ele>270.0</ele></trkpt>
<trkpt lat="43.173857" lon="11.394663"><ele>268.5</ele></trkpt>
<trkpt lat="43.173834" lon="11.394870"><ele>266.5</ele></trkpt>
<trkpt lat="43.173837" lon="11.394932"><ele>265.75</ele></trkpt>
<trkpt lat="43.173988" lon="11.395127"><ele>262.5</ele></trkpt>
<trkpt lat="43.174030" lon="11.395183"><ele>261.5</ele></trkpt>
<trkpt lat="43.174828" lon="11.396234"><ele>256.25</ele></trkpt>
<trkpt lat="43.178324" lon="11.400796"><ele>230.0</ele></trkpt>
<trkpt lat="43.178724" lon="11.401316"><ele>229.5</ele></trkpt>
<trkpt lat="43.178830" lon="11.401467"><ele>229.25</ele></trkpt>
<trkpt lat="43.178918" lon="11.401619"><ele>229.25</ele></trkpt>
<trkpt lat="43.179007" lon="11.401802"><ele>228.25</ele></trkpt>
<trkpt lat="43.179092" lon="11.402046"><ele>227.25</ele></trkpt>
<trkpt lat="43.179189" lon="11.402526"><ele>226.25</ele></trkpt>
<trkpt lat="43.179241" lon="11.402742"><ele>224.25</ele></trkpt>
<trkpt lat="43.179281" lon="11.402852"><ele>223.75</ele></trkpt>
<trkpt lat="43.179346" lon="11.402998"><ele>223.25</ele></trkpt>
<trkpt lat="43.179427" lon="11.403151"><ele>223.25</ele></trkpt>
<trkpt lat="43.179546" lon="11.403331"><ele>223.0</ele></trkpt>
<trkpt lat="43.180297" lon="11.404276"><ele>217.75</ele></trkpt>
<trkpt lat="43.180549" lon="11.404613"><ele>214.5</ele></trkpt>
<trkpt lat="43.180648" lon="11.404755"><ele>213.75</ele></trkpt>
<trkpt lat="43.180789" lon="11.404986"><ele>212.5</ele></trkpt>
<trkpt lat="43.180878" lon="11.405145"><ele>211.5</ele></trkpt>
<trkpt lat="43.180971" lon="11.405331"><ele>210.5</ele></trkpt>
<trkpt lat="43.181102" lon="11.405624"><ele>208.25</ele></trkpt>
<trkpt lat="43.181227" lon="11.405934"><ele>207.25</ele></trkpt>
<trkpt lat="43.181310" lon="11.406180"><ele>206.0</ele></trkpt>
<trkpt lat="43.181341" lon="11.406299"><ele>205.75</ele></trkpt>
<trkpt lat="43.181377" lon="11.406491"><ele>205.5</ele></trkpt>
<trkpt lat="43.181398" lon="11.406656"><ele>205.75</ele></trkpt>
<trkpt lat="43.181402" lon="11.406923"><ele>203.75</ele></trkpt>
<trkpt lat="43.181387" lon="11.407106"><ele>202.75</ele></trkpt>
<trkpt lat="43.181362" lon="11.407281"><ele>202.0</ele></trkpt>
<trkpt lat="43.181322" lon="11.407460"><ele>201.75</ele></trkpt>
<trkpt lat="43.181166" lon="11.407974"><ele>199.25</ele></trkpt>
<trkpt lat="43.181138" lon="11.408096"><ele>199.0</ele></trkpt>
<trkpt lat="43.181119" lon="11.408287"><ele>197.25</ele></trkpt>
<trkpt lat="43.181118" lon="11.408352"><ele>196.75</ele></trkpt>
<trkpt lat="43.181128" lon="11.408464"><ele>195.75</ele></trkpt>
<trkpt lat="43.181167" lon="11.408660"><ele>193.75</ele></trkpt>
<trkpt lat="43.181215" lon="11.408799"><ele>192.0</ele></trkpt>
<trkpt lat="43.181267" lon="11.408911"><ele>190.75</ele></trkpt>
<trkpt lat="43.181338" lon="11.409026"><ele>190.0</ele></trkpt>
<trkpt lat="43.181775" lon="11.409612"><ele>188.75</ele></trkpt>
<trkpt lat="43.182026" lon="11.409952"></trkpt>
<trkpt lat="43.182289" lon="11.410308"><ele>188.75</ele></trkpt>
<trkpt lat="43.182415" lon="11.410512"><ele>189.0</ele></trkpt>
<trkpt lat="43.182497" lon="11.410698"><ele>189.75</ele></trkpt>
<trkpt lat="43.182532" lon="11.410815"><ele>190.0</ele></trkpt>
<trkpt lat="43.182558" lon="11.410934"><ele>190.0</ele></trkpt>
<trkpt lat="43.182583" lon="11.411154"><ele>190.25</ele></trkpt>
<trkpt lat="43.182577" lon="11.411303"><ele>191.0</ele></trkpt>
<trkpt lat="43.182561" lon="11.411434"><ele>191.5</ele></trkpt>
<trkpt lat="43.182440" lon="11.411943"><ele>194.5</ele></trkpt>
<trkpt lat="43.182418" lon="11.412068"><ele>195.0</ele></trkpt>
<trkpt lat="43.182403" lon="11.412234"><ele>195.75</ele></trkpt>
<trkpt lat="43.182404" lon="11.412364"><ele>196.0</ele></trkpt>
<trkpt lat="43.182422" lon="11.412564"><ele>196.25</ele></trkpt>
<trkpt lat="43.182445" lon="11.412701"><ele>196.25</ele></trkpt>
<trkpt lat="43.182488" lon="11.412881"><ele>196.25</ele></trkpt>
<trkpt lat="43.182541" lon="11.413036"><ele>196.5</ele></trkpt>
<trkpt lat="43.182615" lon="11.413183"><ele>196.75</ele></trkpt>
<trkpt lat="43.182710" lon="11.413339"><ele>197.5</ele></trkpt>
<trkpt lat="43.182843" lon="11.413514"><ele>197.75</ele></trkpt>
<trkpt lat="43.182949" lon="11.413621"><ele>198.25</ele></trkpt>
<trkpt lat="43.183107" lon="11.413749"><ele>198.5</ele></trkpt>
<trkpt lat="43.183289" lon="11.413856"><ele>199.5</ele></trkpt>
<trkpt lat="43.184390" lon="11.414397"><ele>202.75</ele></trkpt>
<trkpt lat="43.187590" lon="11.415973"><ele>213.5</ele></trkpt>
<trkpt lat="43.188364" lon="11.416354"><ele>213.5</ele></trkpt>
<trkpt lat="43.190233" lon="11.417277"><ele>225.75</ele></trkpt>
<trkpt lat="43.190807" lon="11.417567"><ele>229.25</ele></trkpt>
<trkpt lat="43.190939" lon="11.417665"><ele>230.75</ele></trkpt>
<trkpt lat="43.191024" lon="11.417755"><ele>231.75</ele></trkpt>
<trkpt lat="43.191096" lon="11.417849"><ele>232.25</ele></trkpt>
<trkpt lat="43.191179" lon="11.418001"><ele>232.5</ele></trkpt>
<trkpt lat="43.191250" lon="11.418192"><ele>233.25</ele></trkpt>
<trkpt lat="43.191445" lon="11.418946"><ele>231.75</ele></trkpt>
<trkpt lat="43.191504" lon="11.419182"><ele>231.5</ele></trkpt>
<trkpt lat="43.191553" lon="11.419461"><ele>230.25</ele></trkpt>
<trkpt lat="43.191572" lon="11.419641"><ele>230.0</ele></trkpt>
<trkpt lat="43.191584" lon="11.419808"><ele>229.5</ele></trkpt>
<trkpt lat="43.191606" lon="11.420340"><ele>227.75</ele></trkpt>
<trkpt lat="43.191620" lon="11.420514"><ele>227.0</ele></trkpt>
<trkpt lat="43.191646" lon="11.420697"><ele>226.25</ele></trkpt>
<trkpt lat="43.191690" lon="11.420908"><ele>225.25</ele></trkpt>
<trkpt lat="43.191779" lon="11.421237"><ele>224.5</ele></trkpt>
<trkpt lat="43.191834" lon="11.421394"><ele>224.5</ele></trkpt>
<trkpt lat="43.191887" lon="11.421511"><ele>223.75</ele></trkpt>
<trkpt lat="43.191981" lon="11.421655"><ele>223.5</ele></trkpt>
<trkpt lat="43.192059" lon="11.421741"><ele>222.0</ele></trkpt>
<trkpt lat="43.192139" lon="11.421806"><ele>221.0</ele></trkpt>
<trkpt lat="43.192219" lon="11.421860"><ele>220.25</ele></trkpt>
<trkpt lat="43.192311" lon="11.421908"><ele>219.75</ele></trkpt>
<trkpt lat="43.193463" lon="11.422399"><ele>216.0</ele></trkpt>
<trkpt lat="43.194250" lon="11.422751"><ele>207.25</ele></trkpt>
<trkpt lat="43.194393" lon="11.422846"><ele>205.75</ele></trkpt>
<trkpt lat="43.194471" lon="11.422926"><ele>205.0</ele></trkpt>
<trkpt lat="43.194515" lon="11.422989"><ele>204.5</ele></trkpt>
<trkpt lat="43.194560" lon="11.423071"><ele>204.25</ele></trkpt>
<trkpt lat="43.194597" lon="11.423155"><ele>203.25</ele></trkpt>
<trkpt lat="43.194640" lon="11.423302"><ele>202.5</ele></trkpt>
<trkpt lat="43.194654" lon="11.423383"><ele>202.25</ele></trkpt>
<trkpt lat="43.194661" lon="11.423477"><ele>201.75</ele></trkpt>
<trkpt lat="43.194657" lon="11.423626"><ele>201.25</ele></trkpt>
<trkpt lat="43.194629" lon="11.423781"><ele>200.25</ele></trkpt>
<trkpt lat="43.194600" lon="11.423889"><ele>199.75</ele></trkpt>
<trkpt lat="43.194271" lon="11.425034"><ele>192.75</ele></trkpt>
<trkpt lat="43.194028" lon="11.425870"><ele>190.5</ele></trkpt>
<trkpt lat="43.193991" lon="11.426024"><ele>189.75</ele></trkpt>
<trkpt lat="43.193985" lon="11.426116"><ele>189.25</ele></trkpt>
<trkpt lat="43.193990" lon="11.426199"><ele>188.5</ele></trkpt>
<trkpt lat="43.194012" lon="11.426288"><ele>187.75</ele></trkpt>
<trkpt lat="43.194044" lon="11.426355"><ele>187.0</ele></trkpt>
<trkpt lat="43.194108" lon="11.426439"><ele>185.75</ele></trkpt>
<trkpt lat="43.194152" lon="11.426472"><ele>185.0</ele></trkpt>
<trkpt lat="43.194205" lon="11.426494"><ele>184.25</ele></trkpt>
<trkpt lat="43.194257" lon="11.426503"><ele>183.5</ele></trkpt>
<trkpt lat="43.194303" lon="11.426497"><ele>183.0</ele></trkpt>
<trkpt lat="43.194387" lon="11.426459"><ele>182.25</ele></trkpt>
<trkpt lat="43.194448" lon="11.426405"><ele>181.75</ele></trkpt>
<trkpt lat="43.194502" lon="11.426327"><ele>181.25</ele></trkpt>
<trkpt lat="43.194738" lon="11.425827"><ele>178.5</ele></trkpt>
<trkpt lat="43.194795" lon="11.425711"><ele>178.0</ele></trkpt>
<trkpt lat="43.194836" lon="11.425642"><ele>177.75</ele></trkpt>
<trkpt lat="43.194914" lon="11.425541"><ele>177.25</ele></trkpt>
<trkpt lat="43.194970" lon="11.425489"><ele>176.75</ele></trkpt>
<trkpt lat="43.195069" lon="11.425419"><ele>176.5</ele></trkpt>
<trkpt lat="43.195186" lon="11.425378"><ele>176.75</ele></trkpt>
<trkpt lat="43.195247" lon="11.425370"><ele>176.5</ele></trkpt>
<trkpt lat="43.195368" lon="11.425379"><ele>176.75</ele></trkpt>
<trkpt lat="43.195512" lon="11.425421"><ele>176.75</ele></trkpt>
<trkpt lat="43.196150" lon="11.425648"><ele>170.25</ele></trkpt>
<trkpt lat="43.196345" lon="11.425719"><ele>169.0</ele></trkpt>
<trkpt lat="43.198587" lon="11.426541"><ele>153.0</ele></trkpt>
<trkpt lat="43.198994" lon="11.426688"><ele>153.5</ele></trkpt>
<trkpt lat="43.201282" lon="11.427522"><ele>160.0</ele></trkpt>
<trkpt lat="43.202432" lon="11.427941"><ele>163.75</ele></trkpt>
<trkpt lat="43.202565" lon="11.428005"><ele>164.25</ele></trkpt>
<trkpt lat="43.202742" lon="11.428146"><ele>165.5</ele></trkpt>
<trkpt lat="43.202851" lon="11.428266"><ele>166.5</ele></trkpt>
<trkpt lat="43.202901" lon="11.428332"><ele>166.75</ele></trkpt>
<trkpt lat="43.202989" lon="11.428474"><ele>167.5</ele></trkpt>
<trkpt lat="43.203059" lon="11.428627"><ele>168.0</ele></trkpt>
<trkpt lat="43.203098" lon="11.428731"><ele>168.25</ele></trkpt>
<trkpt lat="43.203149" lon="11.428895"><ele>169.0</ele></trkpt>
<trkpt lat="43.203679" lon="11.430777"><ele>175.0</ele></trkpt>
<trkpt lat="43.203891" lon="11.431514"><ele>180.5</ele></trkpt>
<trkpt lat="43.204497" lon="11.433632"><ele>184.5</ele></trkpt>
<trkpt lat="43.204676" lon="11.434264"><ele>177.0</ele></trkpt>
<trkpt lat="43.204740" lon="11.434468"><ele>176.75</ele></trkpt>
<trkpt lat="43.204794" lon="11.434590"><ele>176.5</ele></trkpt>
<trkpt lat="43.204862" lon="11.434698"><ele>176.25</ele></trkpt>
<trkpt lat="43.204952" lon="11.434799"><ele>175.5</ele></trkpt>
<trkpt lat="43.205002" lon="11.434835"><ele>174.75</ele></trkpt>
<trkpt lat="43.205111" lon="11.434893"><ele>173.75</ele></trkpt>
<trkpt lat="43.205185" lon="11.434920"><ele>173.25</ele></trkpt>
<trkpt lat="43.205272" lon="11.434927"><ele>172.5</ele></trkpt>
<trkpt lat="43.205352" lon="11.434922"><ele>171.5</ele></trkpt>
<trkpt lat="43.205419" lon="11.434904"><ele>170.75</ele></trkpt>
<trkpt lat="43.205581" lon="11.434814"><ele>169.25</ele></trkpt>
<trkpt lat="43.205659" lon="11.434745"><ele>169.0</ele></trkpt>
<trkpt lat="43.205767" lon="11.434613"><ele>169.0</ele></trkpt>
<trkpt lat="43.206186" lon="11.434041"><ele>167.25</ele></trkpt>
<trkpt lat="43.206531" lon="11.433613"><ele>166.25</ele></trkpt>
<trkpt lat="43.206646" lon="11.433482"><ele>165.5</ele></trkpt>
<trkpt lat="43.207039" lon="11.433073"><ele>164.75</ele></trkpt>
<trkpt lat="43.207200" lon="11.432929"><ele>165.0</ele></trkpt>
<trkpt lat="43.207302" lon="11.432853"><ele>165.0</ele></trkpt>
<trkpt lat="43.207524" lon="11.432714"><ele>165.0</ele></trkpt>
<trkpt lat="43.207653" lon="11.432653"><ele>165.0</ele></trkpt>
<trkpt lat="43.207824" lon="11.432628"><ele>165.0</ele></trkpt>
<trkpt lat="43.207912" lon="11.432638"><ele>165.0</ele></trkpt>
<trkpt lat="43.208031" lon="11.432666"><ele>165.0</ele></trkpt>
<trkpt lat="43.208151" lon="11.432715"><ele>164.5</ele></trkpt>
<trkpt lat="43.208270" lon="11.432779"><ele>164.0</ele></trkpt>
<trkpt lat="43.208449" lon="11.432875"><ele>164.0</ele></trkpt>
<trkpt lat="43.208624" lon="11.433049"><ele>164.0</ele></trkpt>
<trkpt lat="43.208711" lon="11.433104"><ele>163.75</ele></trkpt>
<trkpt lat="43.208787" lon="11.433113"><ele>163.75</ele></trkpt>
<trkpt lat="43.208854" lon="11.433113"><ele>163.75</ele></trkpt>
<trkpt lat="43.209019" lon="11.432645"><ele>164.5</ele></trkpt>
<trkpt lat="43.209079" lon="11.432481"><ele>165.0</ele></trkpt>
<trkpt lat="43.209142" lon="11.432332"><ele>165.5</ele></trkpt>
<trkpt lat="43.209182" lon="11.432260"><ele>165.75</ele></trkpt>
<trkpt lat="43.209266" lon="11.432146"><ele>166.0</ele></trkpt>
<trkpt lat="43.209348" lon="11.432076"><ele>166.0</ele></trkpt>
<trkpt lat="43.209436" lon="11.432034"><ele>166.0</ele></trkpt>
<trkpt lat="43.209490" lon="11.432021"><ele>166.0</ele></trkpt>
<trkpt lat="43.212527" lon="11.431841"><ele>165.75</ele></trkpt>
<trkpt lat="43.212588" lon="11.431841"><ele>165.5</ele></trkpt>
<trkpt lat="43.212861" lon="11.431857"><ele>165.0</ele></trkpt>
<trkpt lat="43.213024" lon="11.431889"><ele>165.0</ele></trkpt>
<trkpt lat="43.213356" lon="11.431966"><ele>163.75</ele></trkpt>
<trkpt lat="43.214191" lon="11.432189"><ele>161.75</ele></trkpt>
<trkpt lat="43.214326" lon="11.432238"><ele>161.25</ele></trkpt>
<trkpt lat="43.215076" lon="11.432625"><ele>159.5</ele></trkpt>
<trkpt lat="43.215184" lon="11.432680"><ele>159.25</ele></trkpt>
<trkpt lat="43.215315" lon="11.432795"><ele>159.0</ele></trkpt>
<trkpt lat="43.215378" lon="11.432917"><ele>159.0</ele></trkpt>
<trkpt lat="43.215417" lon="11.433021"><ele>159.0</ele></trkpt>
<trkpt lat="43.215424" lon="11.433112"><ele>159.0</ele></trkpt>
<trkpt lat="43.215447" lon="11.433204"><ele>159.0</ele></trkpt>
<trkpt lat="43.215484" lon="11.433287"><ele>159.0</ele></trkpt>
<trkpt lat="43.215541" lon="11.433374"><ele>158.75</ele></trkpt>
<trkpt lat="43.215620" lon="11.433429"><ele>158.5</ele></trkpt>
<trkpt lat="43.215720" lon="11.433460"><ele>158.5</ele></trkpt>
<trkpt lat="43.215822" lon="11.433446"><ele>158.5</ele></trkpt>
<trkpt lat="43.215886" lon="11.433413"><ele>158.75</ele></trkpt>
<trkpt lat="43.215943" lon="11.433363"><ele>158.75</ele></trkpt>
<trkpt lat="43.215991" lon="11.433298"><ele>159.0</ele></trkpt>
<trkpt lat="43.216028" lon="11.433221"><ele>159.0</ele></trkpt>
<trkpt lat="43.216052" lon="11.433135"><ele>159.0</ele></trkpt>
<trkpt lat="43.216063" lon="11.433045"><ele>159.0</ele></trkpt>
<trkpt lat="43.216060" lon="11.432946"><ele>159.0</ele></trkpt>
<trkpt lat="43.216097" lon="11.432844"><ele>159.0</ele></trkpt>
<trkpt lat="43.216145" lon="11.432747"><ele>158.75</ele></trkpt>
<trkpt lat="43.216180" lon="11.432696"><ele>159.0</ele></trkpt>
<trkpt lat="43.216232" lon="11.432637"><ele>159.0</ele></trkpt>
<trkpt lat="43.216604" lon="11.432312"><ele>159.5</ele></trkpt>
<trkpt lat="43.216738" lon="11.432211"><ele>160.0</ele></trkpt>
<trkpt lat="43.216782" lon="11.432175"><ele>160.0</ele></trkpt>
<trkpt lat="43.217035" lon="11.431973"><ele>160.0</ele></trkpt>
<trkpt lat="43.217212" lon="11.431830"><ele>160.0</ele></trkpt>
<trkpt lat="43.217397" lon="11.431680"><ele>160.0</ele></trkpt>
<trkpt lat="43.217880" lon="11.431292"><ele>160.0</ele></trkpt>
<trkpt lat="43.217919" lon="11.431260"><ele>160.0</ele></trkpt>
<trkpt lat="43.218075" lon="11.431134"><ele>159.75</ele></trkpt>
<trkpt lat="43.218141" lon="11.431081"><ele>160.0</ele></trkpt>
<trkpt lat="43.218363" lon="11.430904"><ele>160.0</ele></trkpt>
<trkpt lat="43.218595" lon="11.430714"><ele>160.0</ele></trkpt>
<trkpt lat="43.218740" lon="11.430598"><ele>160.0</ele></trkpt>
<trkpt lat="43.219472" lon="11.429999"><ele>160.0</ele></trkpt>
<trkpt lat="43.219910" lon="11.429640"><ele>160.0</ele></trkpt>
<trkpt lat="43.220758" lon="11.428967"><ele>159.75</ele></trkpt>
<trkpt lat="43.220839" lon="11.428903"><ele>159.75</ele></trkpt>
<trkpt lat="43.221309" lon="11.428532"><ele>160.25</ele></trkpt>
<trkpt lat="43.221365" lon="11.428487"><ele>160.25</ele></trkpt>
<trkpt lat="43.221787" lon="11.428154"><ele>160.5</ele></trkpt>
<trkpt lat="43.221834" lon="11.428116"><ele>160.75</ele></trkpt>
<trkpt lat="43.222070" lon="11.427925"><ele>160.75</ele></trkpt>
<trkpt lat="43.222452" lon="11.427598"><ele>160.0</ele></trkpt>
<trkpt lat="43.222788" lon="11.427284"><ele>159.75</ele></trkpt>
<trkpt lat="43.223047" lon="11.427021"><ele>160.5</ele></trkpt>
<trkpt lat="43.223223" lon="11.426841"><ele>161.0</ele></trkpt>
<trkpt lat="43.223389" lon="11.426661"><ele>161.0</ele></trkpt>
<trkpt lat="43.223593" lon="11.426440"><ele>161.75</ele></trkpt>
<trkpt lat="43.223700" lon="11.426316"><ele>162.0</ele></trkpt>
<trkpt lat="43.223734" lon="11.426279"><ele>162.0</ele></trkpt>
<trkpt lat="43.223977" lon="11.425982"><ele>162.0</ele></trkpt>
<trkpt lat="43.224278" lon="11.425623"><ele>162.0</ele></trkpt>
<trkpt lat="43.224349" lon="11.425538"><ele>162.0</ele></trkpt>
<trkpt lat="43.224599" lon="11.425235"><ele>161.25</ele></trkpt>
<trkpt lat="43.224754" lon="11.425051"><ele>160.75</ele></trkpt>
<trkpt lat="43.224852" lon="11.424934"><ele>160.5</ele></trkpt>
<trkpt lat="43.225035" lon="11.424720"><ele>160.75</ele></trkpt>
<trkpt lat="43.225258" lon="11.424497"><ele>160.75</ele></trkpt>
<trkpt lat="43.225376" lon="11.424396"><ele>161.0</ele></trkpt>
<trkpt lat="43.226137" lon="11.423827"><ele>162.0</ele></trkpt>
<trkpt lat="43.226272" lon="11.423744"><ele>162.25</ele></trkpt>
<trkpt lat="43.226478" lon="11.423688"><ele>162.5</ele></trkpt>
<trkpt lat="43.226668" lon="11.423672"><ele>162.75</ele></trkpt>
<trkpt lat="43.226876" lon="11.423669"><ele>162.75</ele></trkpt>
<trkpt lat="43.227255" lon="11.423677"><ele>162.75</ele></trkpt>
<trkpt lat="43.227513" lon="11.423683"><ele>163.0</ele></trkpt>
<trkpt lat="43.227859" lon="11.423661"><ele>163.0</ele></trkpt>
<trkpt lat="43.228015" lon="11.423632"><ele>163.75</ele></trkpt>
<trkpt lat="43.228228" lon="11.423574"><ele>163.25</ele></trkpt>
<trkpt lat="43.228283" lon="11.423554"><ele>163.25</ele></trkpt>
<trkpt lat="43.228362" lon="11.423573"><ele>163.0</ele></trkpt>
<trkpt lat="43.228500" lon="11.423640"><ele>163.5</ele></trkpt>
<trkpt lat="43.228533" lon="11.423660"><ele>163.5</ele></trkpt>
<trkpt lat="43.228580" lon="11.423732"><ele>163.75</ele></trkpt>
<trkpt lat="43.228626" lon="11.423836"><ele>164.0</ele></trkpt>
<trkpt lat="43.228666" lon="11.423943"><ele>164.0</ele></trkpt>
<trkpt lat="43.228732" lon="11.424533"><ele>163.5</ele></trkpt>
<trkpt lat="43.228788" lon="11.425021"><ele>162.5</ele></trkpt>
<trkpt lat="43.228943" lon="11.426348"><ele>159.75</ele></trkpt>
<trkpt lat="43.229037" lon="11.427133"><ele>159.25</ele></trkpt>
<trkpt lat="43.229123" lon="11.427874"><ele>161.25</ele></trkpt>
<trkpt lat="43.229147" lon="11.428139"><ele>162.25</ele></trkpt>
<trkpt lat="43.229147" lon="11.428214"><ele>162.5</ele></trkpt>
<trkpt lat="43.229132" lon="11.428351"><ele>163.0</ele></trkpt>
<trkpt lat="43.229097" lon="11.428494"><ele>163.5</ele></trkpt>
<trkpt lat="43.229058" lon="11.428583"><ele>163.75</ele></trkpt>
<trkpt lat="43.229006" lon="11.428674"><ele>164.0</ele></trkpt>
<trkpt lat="43.228941" lon="11.428760"><ele>164.0</ele></trkpt>
<trkpt lat="43.228902" lon="11.428801"><ele>163.75</ele></trkpt>
<trkpt lat="43.228651" lon="11.429036"><ele>164.0</ele></trkpt>
<trkpt lat="43.228459" lon="11.429209"><ele>164.0</ele></trkpt>
<trkpt lat="43.228302" lon="11.429362"><ele>164.0</ele></trkpt>
<trkpt lat="43.228149" lon="11.429549"><ele>163.75</ele></trkpt>
<trkpt lat="43.228120" lon="11.429590"><ele>164.0</ele></trkpt>
<trkpt lat="43.228033" lon="11.429726"><ele>163.75</ele></trkpt>
<trkpt lat="43.226565" lon="11.432213"><ele>163.75</ele></trkpt>
<trkpt lat="43.226374" lon="11.432565"><ele>164.0</ele></trkpt>
<trkpt lat="43.226168" lon="11.433013"><ele>164.0</ele></trkpt>
<trkpt lat="43.225383" lon="11.434855"><ele>163.25</ele></trkpt>
<trkpt lat="43.224662" lon="11.436552"><ele>163.0</ele></trkpt>
<trkpt lat="43.223899" lon="11.438345"><ele>162.0</ele></trkpt>
<trkpt lat="43.223282" lon="11.439795"><ele>160.75</ele></trkpt>
<trkpt lat="43.222333" lon="11.442022"><ele>155.25</ele></trkpt>
<trkpt lat="43.222193" lon="11.442351"><ele>156.25</ele></trkpt>
<trkpt lat="43.222086" lon="11.442629"><ele>157.0</ele></trkpt>
<trkpt lat="43.222047" lon="11.442789"><ele>158.25</ele></trkpt>
<trkpt lat="43.222026" lon="11.442917"><ele>158.75</ele></trkpt>
<trkpt lat="43.222004" lon="11.443105"><ele>159.5</ele></trkpt>
<trkpt lat="43.221937" lon="11.443846"><ele>161.75</ele></trkpt>
<trkpt lat="43.221909" lon="11.444217"><ele>163.0</ele></trkpt>
<trkpt lat="43.221910" lon="11.444362"><ele>163.5</ele></trkpt>
<trkpt lat="43.221924" lon="11.444498"><ele>164.25</ele></trkpt>
<trkpt lat="43.221934" lon="11.444546"><ele>164.5</ele></trkpt>
<trkpt lat="43.221968" lon="11.444650"><ele>165.5</ele></trkpt>
<trkpt lat="43.222019" lon="11.444751"><ele>166.0</ele></trkpt>
<trkpt lat="43.222094" lon="11.444852"><ele>166.25</ele></trkpt>
<trkpt lat="43.222139" lon="11.444890"><ele>166.5</ele></trkpt>
<trkpt lat="43.222242" lon="11.444964"><ele>166.75</ele></trkpt>
<trkpt lat="43.222599" lon="11.445123"><ele>168.0</ele></trkpt>
<trkpt lat="43.223555" lon="11.445509"><ele>169.0</ele></trkpt>
<trkpt lat="43.224084" lon="11.445672"><ele>169.75</ele></trkpt>
<trkpt lat="43.224673" lon="11.445827"><ele>170.0</ele></trkpt>
<trkpt lat="43.225107" lon="11.445904"><ele>170.5</ele></trkpt>
<trkpt lat="43.226920" lon="11.446176"><ele>164.25</ele></trkpt>
<trkpt lat="43.227187" lon="11.446228"><ele>166.0</ele></trkpt>
<trkpt lat="43.227320" lon="11.446279"><ele>167.0</ele></trkpt>
<trkpt lat="43.227412" lon="11.446334"><ele>167.5</ele></trkpt>
<trkpt lat="43.227482" lon="11.446388"><ele>167.75</ele></trkpt>
<trkpt lat="43.227548" lon="11.446461"><ele>168.25</ele></trkpt>
<trkpt lat="43.227707" lon="11.446723"><ele>169.25</ele></trkpt>
<trkpt lat="43.228804" lon="11.448658"><ele>179.25</ele></trkpt>
<trkpt lat="43.229003" lon="11.449019"><ele>183.25</ele></trkpt>
<trkpt lat="43.229097" lon="11.449221"><ele>183.25</ele></trkpt>
<trkpt lat="43.229180" lon="11.449439"><ele>184.25</ele></trkpt>
<trkpt lat="43.229329" lon="11.449893"><ele>186.0</ele></trkpt>
<trkpt lat="43.229394" lon="11.450118"><ele>186.5</ele></trkpt>
<trkpt lat="43.229453" lon="11.450376"><ele>187.0</ele></trkpt>
<trkpt lat="43.229684" lon="11.451866"><ele>194.75</ele></trkpt>
<trkpt lat="43.229712" lon="11.452076"><ele>194.75</ele></trkpt>
<trkpt lat="43.229759" lon="11.452553"><ele>197.25</ele></trkpt>
<trkpt lat="43.229773" lon="11.452914"><ele>199.75</ele></trkpt>
<trkpt lat="43.229767" lon="11.453099"><ele>200.75</ele></trkpt>
<trkpt lat="43.229753" lon="11.453292"><ele>201.75</ele></trkpt>
<trkpt lat="43.229587" lon="11.454842"><ele>206.25</ele></trkpt>
<trkpt lat="43.229431" lon="11.456212"><ele>215.75</ele></trkpt>
<trkpt lat="43.229388" lon="11.456519"><ele>214.75</ele></trkpt>
<trkpt lat="43.229370" lon="11.456678"><ele>214.0</ele></trkpt>
<trkpt lat="43.229375" lon="11.456863"><ele>213.25</ele></trkpt>
<trkpt lat="43.229397" lon="11.457011"><ele>212.75</ele></trkpt>
<trkpt lat="43.229436" lon="11.457170"><ele>212.75</ele></trkpt>
<trkpt lat="43.229498" lon="11.457332"><ele>211.75</ele></trkpt>
<trkpt lat="43.229577" lon="11.457499"><ele>211.0</ele></trkpt>
<trkpt lat="43.229830" lon="11.457880"><ele>206.75</ele></trkpt>
<trkpt lat="43.229876" lon="11.457987"><ele>205.0</ele></trkpt>
<trkpt lat="43.229896" lon="11.458089"><ele>204.5</ele></trkpt>
<trkpt lat="43.229900" lon="11.458177"><ele>204.25</ele></trkpt>
<trkpt lat="43.229888" lon="11.458262"><ele>204.5</ele></trkpt>
<trkpt lat="43.229861" lon="11.458346"><ele>205.25</ele></trkpt>
<trkpt lat="43.229813" lon="11.458440"><ele>205.0</ele></trkpt>
<trkpt lat="43.229570" lon="11.458765"><ele>203.5</ele></trkpt>
<trkpt lat="43.229469" lon="11.458915"><ele>202.75</ele></trkpt>
<trkpt lat="43.229381" lon="11.459061"><ele>201.5</ele></trkpt>
<trkpt lat="43.229297" lon="11.459231"><ele>200.75</ele></trkpt>
<trkpt lat="43.229243" lon="11.459368"><ele>200.5</ele></trkpt>
<trkpt lat="43.229193" lon="11.459547"><ele>199.25</ele></trkpt>
<trkpt lat="43.229129" lon="11.459832"><ele>196.75</ele></trkpt>
<trkpt lat="43.229079" lon="11.459958"><ele>196.5</ele></trkpt>
<trkpt lat="43.229016" lon="11.460066"><ele>196.5</ele></trkpt>
<trkpt lat="43.228952" lon="11.460151"><ele>196.25</ele></trkpt>
<trkpt lat="43.228813" lon="11.460260"><ele>196.0</ele></trkpt>
<trkpt lat="43.228656" lon="11.460343"><ele>195.75</ele></trkpt>
<trkpt lat="43.228088" lon="11.460552"><ele>192.0</ele></trkpt>
<trkpt lat="43.228009" lon="11.460598"><ele>191.75</ele></trkpt>
<trkpt lat="43.227955" lon="11.460649"><ele>191.5</ele></trkpt>
<trkpt lat="43.227898" lon="11.460716"><ele>191.0</ele></trkpt>
<trkpt lat="43.227856" lon="11.460793"><ele>189.75</ele></trkpt>
<trkpt lat="43.227823" lon="11.460875"><ele>189.0</ele></trkpt>
<trkpt lat="43.227790" lon="11.460999"><ele>188.0</ele></trkpt>
<trkpt lat="43.227729" lon="11.461396"><ele>184.75</ele></trkpt>
<trkpt lat="43.227703" lon="11.461523"><ele>184.25</ele></trkpt>
<trkpt lat="43.227679" lon="11.461604"><ele>184.25</ele></trkpt>
<trkpt lat="43.227644" lon="11.461685"><ele>184.5</ele></trkpt>
<trkpt lat="43.227593" lon="11.461770"><ele>184.75</ele></trkpt>
<trkpt lat="43.227534" lon="11.461846"><ele>185.0</ele></trkpt>
<trkpt lat="43.227419" lon="11.461963"><ele>184.25</ele></trkpt>
<trkpt lat="43.227304" lon="11.462060"><ele>183.0</ele></trkpt>
<trkpt lat="43.227181" lon="11.462146"><ele>182.25</ele></trkpt>
<trkpt lat="43.227060" lon="11.462221"><ele>181.0</ele></trkpt>
<trkpt lat="43.226923" lon="11.462285"><ele>181.0</ele></trkpt>
<trkpt lat="43.226638" lon="11.462375"><ele>178.25</ele></trkpt>
<trkpt lat="43.226530" lon="11.462393"><ele>178.0</ele></trkpt>
<trkpt lat="43.226391" lon="11.462390"><ele>178.25</ele></trkpt>
<trkpt lat="43.225916" lon="11.462357"><ele>175.25</ele></trkpt>
<trkpt lat="43.225806" lon="11.462404"><ele>173.75</ele></trkpt>
<trkpt lat="43.225749" lon="11.462452"><ele>172.75</ele></trkpt>
<trkpt lat="43.225693" lon="11.462514"><ele>171.75</ele></trkpt>
<trkpt lat="43.225645" lon="11.462597"><ele>171.0</ele></trkpt>
<trkpt lat="43.225560" lon="11.462851"><ele>170.0</ele></trkpt>
<trkpt lat="43.225150" lon="11.464141"><ele>164.5</ele></trkpt>
<trkpt lat="43.225029" lon="11.464527"><ele>165.75</ele></trkpt>
<trkpt lat="43.224998" lon="11.464622"><ele>166.75</ele></trkpt>
<trkpt lat="43.224985" lon="11.464708"><ele>167.75</ele></trkpt>
<trkpt lat="43.224983" lon="11.464792"><ele>169.0</ele></trkpt>
<trkpt lat="43.224996" lon="11.464849"><ele>170.25</ele></trkpt>
<trkpt lat="43.225015" lon="11.464895"><ele>171.25</ele></trkpt>
<trkpt lat="43.225068" lon="11.464942"><ele>172.75</ele></trkpt>
<trkpt lat="43.225123" lon="11.464956"><ele>173.75</ele></trkpt>
<trkpt lat="43.225221" lon="11.464937"><ele>174.75</ele></trkpt>
<trkpt lat="43.225558" lon="11.464826"><ele>174.5</ele></trkpt>
<trkpt lat="43.225641" lon="11.464829"><ele>174.5</ele></trkpt>
<trkpt lat="43.225729" lon="11.464856"><ele>175.0</ele></trkpt>
<trkpt lat="43.225789" lon="11.464895"><ele>176.0</ele></trkpt>
<trkpt lat="43.225874" lon="11.465024"><ele>178.75</ele></trkpt>
<trkpt lat="43.226208" lon="11.465634"><ele>181.0</ele></trkpt>
<trkpt lat="43.226260" lon="11.465776"><ele>181.0</ele></trkpt>
<trkpt lat="43.226258" lon="11.465906"><ele>182.25</ele></trkpt>
<trkpt lat="43.226245" lon="11.465965"><ele>183.25</ele></trkpt>
<trkpt lat="43.226207" lon="11.466007"><ele>184.75</ele></trkpt>
<trkpt lat="43.226151" lon="11.466024"><ele>186.5</ele></trkpt>
<trkpt lat="43.226095" lon="11.466009"><ele>188.0</ele></trkpt>
<trkpt lat="43.226056" lon="11.465937"><ele>188.0</ele></trkpt>
<trkpt lat="43.225944" lon="11.465650"><ele>189.5</ele></trkpt>
<trkpt lat="43.225893" lon="11.465548"><ele>190.75</ele></trkpt>
<trkpt lat="43.225837" lon="11.465454"><ele>191.25</ele></trkpt>
<trkpt lat="43.225736" lon="11.465339"><ele>190.75</ele></trkpt>
<trkpt lat="43.225685" lon="11.465315"><ele>190.75</ele></trkpt>
<trkpt lat="43.225630" lon="11.465305"><ele>191.0</ele></trkpt>
<trkpt lat="43.225578" lon="11.465311"><ele>191.5</ele></trkpt>
<trkpt lat="43.225416" lon="11.465382"><ele>191.25</ele></trkpt>
<trkpt lat="43.225346" lon="11.465435"><ele>191.5</ele></trkpt>
<trkpt lat="43.225283" lon="11.465508"><ele>192.5</ele></trkpt>
<trkpt lat="43.225228" lon="11.465593"><ele>193.25</ele></trkpt>
<trkpt lat="43.225188" lon="11.465710"><ele>194.0</ele></trkpt>
<trkpt lat="43.225100" lon="11.466043"><ele>196.0</ele></trkpt>
<trkpt lat="43.225072" lon="11.466119"><ele>196.5</ele></trkpt>
<trkpt lat="43.224989" lon="11.466258"><ele>197.5</ele></trkpt>
<trkpt lat="43.224920" lon="11.466315"><ele>198.0</ele></trkpt>
<trkpt lat="43.224558" lon="11.466514"><ele>200.0</ele></trkpt>
<trkpt lat="43.224468" lon="11.466601"><ele>201.5</ele></trkpt>
<trkpt lat="43.224412" lon="11.466741"><ele>203.0</ele></trkpt>
<trkpt lat="43.224354" lon="11.467000"><ele>205.25</ele></trkpt>
<trkpt lat="43.224310" lon="11.467105"><ele>205.75</ele></trkpt>
<trkpt lat="43.224113" lon="11.467379"><ele>207.25</ele></trkpt>
<trkpt lat="43.224010" lon="11.467494"><ele>208.0</ele></trkpt>
<trkpt lat="43.223896" lon="11.467579"><ele>208.25</ele></trkpt>
<trkpt lat="43.223784" lon="11.467676"><ele>208.25</ele></trkpt>
<trkpt lat="43.223744" lon="11.467765"><ele>209.5</ele></trkpt>
<trkpt lat="43.223733" lon="11.467875"><ele>209.5</ele></trkpt>
<trkpt lat="43.223747" lon="11.467998"><ele>210.25</ele></trkpt>
<trkpt lat="43.223788" lon="11.468116"><ele>211.25</ele></trkpt>
<trkpt lat="43.223837" lon="11.468217"><ele>212.0</ele></trkpt>
<trkpt lat="43.224259" lon="11.468906"><ele>216.0</ele></trkpt>
<trkpt lat="43.224353" lon="11.469090"><ele>216.25</ele></trkpt>
<trkpt lat="43.224425" lon="11.469273"><ele>216.0</ele></trkpt>
<trkpt lat="43.224692" lon="11.470053"><ele>218.0</ele></trkpt>
<trkpt lat="43.224708" lon="11.470129"><ele>218.75</ele></trkpt>
<trkpt lat="43.224718" lon="11.470215"><ele>219.5</ele></trkpt>
<trkpt lat="43.224719" lon="11.470324"><ele>220.5</ele></trkpt>
<trkpt lat="43.224700" lon="11.470439"><ele>221.5</ele></trkpt>
<trkpt lat="43.224673" lon="11.470534"><ele>222.25</ele></trkpt>
<trkpt lat="43.224545" lon="11.470863"><ele>222.5</ele></trkpt>
<trkpt lat="43.224511" lon="11.470965"><ele>222.0</ele></trkpt>
<trkpt lat="43.224490" lon="11.471067"><ele>221.75</ele></trkpt>
<trkpt lat="43.224487" lon="11.471165"><ele>222.0</ele></trkpt>
<trkpt lat="43.224494" lon="11.471256"><ele>222.0</ele></trkpt>
<trkpt lat="43.224521" lon="11.471370"><ele>222.5</ele></trkpt>
<trkpt lat="43.224567" lon="11.471463"><ele>222.25</ele></trkpt>
<trkpt lat="43.224622" lon="11.471540"><ele>222.25</ele></trkpt>
<trkpt lat="43.224760" lon="11.471697"><ele>223.5</ele></trkpt>
<trkpt lat="43.224862" lon="11.471840"><ele>224.0</ele></trkpt>
<trkpt lat="43.225165" lon="11.472334"><ele>225.75</ele></trkpt>
<trkpt lat="43.225348" lon="11.472578"><ele>225.5</ele></trkpt>
<trkpt lat="43.225405" lon="11.472633"><ele>225.0</ele></trkpt>
<trkpt lat="43.225513" lon="11.472680"><ele>225.75</ele></trkpt>
<trkpt lat="43.225576" lon="11.472692"><ele>226.0</ele></trkpt>
<trkpt lat="43.225766" lon="11.472673"><ele>226.5</ele></trkpt>
<trkpt lat="43.225877" lon="11.472679"><ele>226.5</ele></trkpt>
<trkpt lat="43.226003" lon="11.472704"><ele>226.25</ele></trkpt>
<trkpt lat="43.226729" lon="11.472946"><ele>227.75</ele></trkpt>
<trkpt lat="43.226900" lon="11.472996"><ele>228.5</ele></trkpt>
<trkpt lat="43.227112" lon="11.473040"><ele>230.5</ele></trkpt>
<trkpt lat="43.227355" lon="11.473068"><ele>231.5</ele></trkpt>
<trkpt lat="43.228006" lon="11.473071"><ele>233.5</ele></trkpt>
<trkpt lat="43.228129" lon="11.473090"><ele>233.75</ele></trkpt>
<trkpt lat="43.228254" lon="11.473124"><ele>234.5</ele></trkpt>
<trkpt lat="43.228377" lon="11.473170"><ele>234.75</ele></trkpt>
<trkpt lat="43.229391" lon="11.473628"><ele>234.5</ele></trkpt>
<trkpt lat="43.229719" lon="11.473801"><ele>235.0</ele></trkpt>
<trkpt lat="43.229831" lon="11.473877"><ele>235.0</ele></trkpt>
<trkpt lat="43.229919" lon="11.473951"><ele>235.25</ele></trkpt>
<trkpt lat="43.230019" lon="11.474050"><ele>235.25</ele></trkpt>
<trkpt lat="43.230121" lon="11.474171"><ele>235.5</ele></trkpt>
<trkpt lat="43.230191" lon="11.474268"><ele>235.0</ele></trkpt>
<trkpt lat="43.230258" lon="11.474373"><ele>234.75</ele></trkpt>
<trkpt lat="43.230486" lon="11.474816"><ele>235.0</ele></trkpt>
<trkpt lat="43.230581" lon="11.474980"><ele>234.5</ele></trkpt>
<trkpt lat="43.230673" lon="11.475100"><ele>234.0</ele></trkpt>
<trkpt lat="43.230762" lon="11.475198"><ele>233.75</ele></trkpt>
<trkpt lat="43.231214" lon="11.475596"><ele>234.5</ele></trkpt>
<trkpt lat="43.231328" lon="11.475730"><ele>234.0</ele></trkpt>
<trkpt lat="43.231467" lon="11.475925"><ele>234.25</ele></trkpt>
<trkpt lat="43.232190" lon="11.477022"><ele>238.0</ele></trkpt>
<trkpt lat="43.232475" lon="11.477464"><ele>241.25</ele></trkpt>
<trkpt lat="43.232639" lon="11.477834"><ele>242.0</ele></trkpt>
<trkpt lat="43.232719" lon="11.478002"><ele>243.25</ele></trkpt>
<trkpt lat="43.232793" lon="11.478133"><ele>244.25</ele></trkpt>
<trkpt lat="43.232868" lon="11.478246"><ele>244.75</ele></trkpt>
<trkpt lat="43.232944" lon="11.478339"><ele>245.5</ele></trkpt>
<trkpt lat="43.233090" lon="11.478481"><ele>247.0</ele></trkpt>
<trkpt lat="43.233311" lon="11.478670"><ele>249.25</ele></trkpt>
<trkpt lat="43.233423" lon="11.478781"><ele>251.25</ele></trkpt>
<trkpt lat="43.233636" lon="11.479022"><ele>252.0</ele></trkpt>
<trkpt lat="43.234090" lon="11.479585"><ele>252.25</ele></trkpt>
<trkpt lat="43.234595" lon="11.480159"><ele>251.75</ele></trkpt>
<trkpt lat="43.234688" lon="11.480256"><ele>251.25</ele></trkpt>
<trkpt lat="43.234812" lon="11.480366"><ele>251.75</ele></trkpt>
<trkpt lat="43.234897" lon="11.480419"><ele>253.0</ele></trkpt>
<trkpt lat="43.234971" lon="11.480447"><ele>254.25</ele></trkpt>
<trkpt lat="43.235065" lon="11.480470"><ele>255.0</ele></trkpt>
<trkpt lat="43.235262" lon="11.480478"><ele>254.75</ele></trkpt>
<trkpt lat="43.235527" lon="11.480475"><ele>253.0</ele></trkpt>
<trkpt lat="43.235599" lon="11.480488"><ele>253.0</ele></trkpt>
<trkpt lat="43.235669" lon="11.480512"><ele>253.25</ele></trkpt>
<trkpt lat="43.235732" lon="11.480557"><ele>254.0</ele></trkpt>
<trkpt lat="43.235796" lon="11.480635"><ele>254.25</ele></trkpt>
<trkpt lat="43.235842" lon="11.480722"><ele>254.25</ele></trkpt>
<trkpt lat="43.235881" lon="11.480831"><ele>254.25</ele></trkpt>
<trkpt lat="43.235902" lon="11.480947"><ele>253.5</ele></trkpt>
<trkpt lat="43.235907" lon="11.481053"><ele>252.75</ele></trkpt>
<trkpt lat="43.235891" lon="11.481174"><ele>252.5</ele></trkpt>
<trkpt lat="43.235857" lon="11.481314"><ele>252.0</ele></trkpt>
<trkpt lat="43.235724" lon="11.481678"><ele>253.25</ele></trkpt>
<trkpt lat="43.235519" lon="11.482235"><ele>248.25</ele></trkpt>
<trkpt lat="43.235479" lon="11.482378"><ele>247.25</ele></trkpt>
<trkpt lat="43.235430" lon="11.482592"><ele>245.5</ele></trkpt>
<trkpt lat="43.235386" lon="11.482947"><ele>244.5</ele></trkpt>
<trkpt lat="43.235375" lon="11.483157"><ele>244.75</ele></trkpt>
<trkpt lat="43.235372" lon="11.483354"><ele>245.25</ele></trkpt>
<trkpt lat="43.235381" lon="11.483559"><ele>246.75</ele></trkpt>
<trkpt lat="43.235403" lon="11.483727"><ele>248.25</ele></trkpt>
<trkpt lat="43.235440" lon="11.483860"><ele>249.75</ele></trkpt>
<trkpt lat="43.235505" lon="11.484003"><ele>251.25</ele></trkpt>
<trkpt lat="43.235676" lon="11.484292"><ele>251.25</ele></trkpt>
<trkpt lat="43.235716" lon="11.484381"><ele>251.25</ele></trkpt>
<trkpt lat="43.235750" lon="11.484478"><ele>251.5</ele></trkpt>
<trkpt lat="43.235801" lon="11.484700"><ele>251.5</ele></trkpt>
<trkpt lat="43.235909" lon="11.485617"><ele>254.0</ele></trkpt>
<trkpt lat="43.235925" lon="11.485715"><ele>253.75</ele></trkpt>
<trkpt lat="43.235979" lon="11.485905"><ele>253.25</ele></trkpt>
<trkpt lat="43.236040" lon="11.486070"><ele>253.25</ele></trkpt>
<trkpt lat="43.236177" lon="11.486375"><ele>252.75</ele></trkpt>
<trkpt lat="43.236567" lon="11.487129"><ele>253.0</ele></trkpt>
<trkpt lat="43.236633" lon="11.487273"><ele>254.0</ele></trkpt>
<trkpt lat="43.236688" lon="11.487430"><ele>254.0</ele></trkpt>
<trkpt lat="43.236731" lon="11.487602"><ele>253.0</ele></trkpt>
<trkpt lat="43.236767" lon="11.487811"><ele>252.25</ele></trkpt>
<trkpt lat="43.236775" lon="11.488094"><ele>252.0</ele></trkpt>
<trkpt lat="43.236764" lon="11.488222"><ele>251.5</ele></trkpt>
<trkpt lat="43.236739" lon="11.488358"><ele>251.25</ele></trkpt>
<trkpt lat="43.236593" lon="11.488907"><ele>252.25</ele></trkpt>
<trkpt lat="43.236575" lon="11.489020"><ele>252.0</ele></trkpt>
<trkpt lat="43.236567" lon="11.489145"><ele>252.0</ele></trkpt>
<trkpt lat="43.236575" lon="11.489290"><ele>252.25</ele></trkpt>
<trkpt lat="43.236596" lon="11.489474"><ele>252.75</ele></trkpt>
<trkpt lat="43.236632" lon="11.489676"><ele>253.25</ele></trkpt>
<trkpt lat="43.236685" lon="11.489853"><ele>252.75</ele></trkpt>
<trkpt lat="43.236750" lon="11.489980"><ele>252.25</ele></trkpt>
<trkpt lat="43.236827" lon="11.490105"><ele>252.5</ele></trkpt>
<trkpt lat="43.238057" lon="11.491836"><ele>249.75</ele></trkpt>
<trkpt lat="43.238125" lon="11.491970"><ele>249.25</ele></trkpt>
<trkpt lat="43.238168" lon="11.492089"><ele>248.5</ele></trkpt>
<trkpt lat="43.238198" lon="11.492200"><ele>248.0</ele></trkpt>
<trkpt lat="43.238276" lon="11.492548"><ele>247.25</ele></trkpt>
<trkpt lat="43.238817" lon="11.494898"><ele>241.0</ele></trkpt>
<trkpt lat="43.238837" lon="11.494998"><ele>242.0</ele></trkpt>
<trkpt lat="43.238847" lon="11.495114"><ele>242.5</ele></trkpt>
<trkpt lat="43.238845" lon="11.495177"><ele>242.5</ele></trkpt>
<trkpt lat="43.238828" lon="11.495274"><ele>242.75</ele></trkpt>
<trkpt lat="43.238796" lon="11.495359"><ele>242.75</ele></trkpt>
<trkpt lat="43.238759" lon="11.495423"><ele>243.0</ele></trkpt>
<trkpt lat="43.238683" lon="11.495502"><ele>244.75</ele></trkpt>
<trkpt lat="43.238198" lon="11.495932"><ele>252.0</ele></trkpt>
<trkpt lat="43.237925" lon="11.496171"><ele>255.0</ele></trkpt>
<trkpt lat="43.237667" lon="11.496418"><ele>256.75</ele></trkpt>
<trkpt lat="43.237596" lon="11.496501"><ele>257.0</ele></trkpt>
<trkpt lat="43.237251" lon="11.496950"><ele>261.25</ele></trkpt>
<trkpt lat="43.237107" lon="11.497112"><ele>263.5</ele></trkpt>
<trkpt lat="43.237067" lon="11.497145"><ele>264.0</ele></trkpt>
<trkpt lat="43.236987" lon="11.497191"><ele>264.5</ele></trkpt>
<trkpt lat="43.236465" lon="11.497357"><ele>265.0</ele></trkpt>
<trkpt lat="43.236385" lon="11.497403"><ele>265.25</ele></trkpt>
<trkpt lat="43.236333" lon="11.497451"><ele>265.5</ele></trkpt>
<trkpt lat="43.236287" lon="11.497519"><ele>265.75</ele></trkpt>
<trkpt lat="43.236266" lon="11.497607"><ele>265.75</ele></trkpt>
<trkpt lat="43.236261" lon="11.497699"><ele>266.25</ele></trkpt>
<trkpt lat="43.236276" lon="11.497781"><ele>267.0</ele></trkpt>
<trkpt lat="43.236353" lon="11.497914"><ele>268.0</ele></trkpt>
<trkpt lat="43.236801" lon="11.498606"><ele>271.25</ele></trkpt>
<trkpt lat="43.236885" lon="11.498781"><ele>272.0</ele></trkpt>
<trkpt lat="43.236913" lon="11.498907"><ele>271.5</ele></trkpt>
<trkpt lat="43.236922" lon="11.498975"><ele>272.0</ele></trkpt>
<trkpt lat="43.236927" lon="11.499097"><ele>272.5</ele></trkpt>
<trkpt lat="43.236918" lon="11.499234"><ele>273.25</ele></trkpt>
<trkpt lat="43.236891" lon="11.499400"><ele>274.5</ele></trkpt>
<trkpt lat="43.236864" lon="11.499534"><ele>275.5</ele></trkpt>
<trkpt lat="43.236814" lon="11.499726"><ele>276.5</ele></trkpt>
<trkpt lat="43.236723" lon="11.500008"><ele>277.0</ele></trkpt>
<trkpt lat="43.236697" lon="11.500146"><ele>278.0</ele></trkpt>
<trkpt lat="43.236674" lon="11.500368"><ele>279.5</ele></trkpt>
<trkpt lat="43.236637" lon="11.501283"><ele>282.5</ele></trkpt>
<trkpt lat="43.236623" lon="11.501451"><ele>283.5</ele></trkpt>
<trkpt lat="43.236597" lon="11.501594"><ele>284.25</ele></trkpt>
<trkpt lat="43.236558" lon="11.501730"><ele>284.5</ele></trkpt>
<trkpt lat="43.236428" lon="11.502022"><ele>285.0</ele></trkpt>
<trkpt lat="43.236208" lon="11.502428"><ele>285.0</ele></trkpt>
<trkpt lat="43.236157" lon="11.502565"><ele>285.25</ele></trkpt>
<trkpt lat="43.236129" lon="11.502710"><ele>285.25</ele></trkpt>
<trkpt lat="43.236129" lon="11.502816"><ele>285.25</ele></trkpt>
<trkpt lat="43.236160" lon="11.502912"><ele>285.25</ele></trkpt>
<trkpt lat="43.236217" lon="11.503088"><ele>285.25</ele></trkpt>
<trkpt lat="43.236277" lon="11.503179"><ele>285.75</ele></trkpt>
<trkpt lat="43.236366" lon="11.503286"><ele>286.0</ele></trkpt>
<trkpt lat="43.236772" lon="11.503687"><ele>287.75</ele></trkpt>
<trkpt lat="43.237001" lon="11.504060"><ele>285.5</ele></trkpt>
<trkpt lat="43.237767" lon="11.505668"><ele>287.5</ele></trkpt>
<trkpt lat="43.237823" lon="11.505798"><ele>287.25</ele></trkpt>
<trkpt lat="43.237868" lon="11.505950"><ele>287.75</ele></trkpt>
<trkpt lat="43.237872" lon="11.506093"><ele>287.5</ele></trkpt>
<trkpt lat="43.237866" lon="11.506231"><ele>287.5</ele></trkpt>
<trkpt lat="43.237822" lon="11.506450"><ele>287.0</ele></trkpt>
<trkpt lat="43.237773" lon="11.506568"><ele>286.75</ele></trkpt>
<trkpt lat="43.237727" lon="11.506650"><ele>286.75</ele></trkpt>
<trkpt lat="43.237658" lon="11.506750"><ele>287.25</ele></trkpt>
<trkpt lat="43.237540" lon="11.506882"><ele>287.5</ele></trkpt>
<trkpt lat="43.237087" lon="11.507358"><ele>286.25</ele></trkpt>
<trkpt lat="43.237021" lon="11.507479"><ele>285.75</ele></trkpt>
<trkpt lat="43.237001" lon="11.507530"><ele>285.75</ele></trkpt>
<trkpt lat="43.236983" lon="11.507583"><ele>285.5</ele></trkpt>
<trkpt lat="43.236962" lon="11.507695"><ele>285.75</ele></trkpt>
<trkpt lat="43.236959" lon="11.507830"><ele>285.75</ele></trkpt>
<trkpt lat="43.236986" lon="11.507960"><ele>285.5</ele></trkpt>
<trkpt lat="43.237015" lon="11.508032"><ele>285.25</ele></trkpt>
<trkpt lat="43.237046" lon="11.508096"><ele>285.0</ele></trkpt>
<trkpt lat="43.237311" lon="11.508461"><ele>285.25</ele></trkpt>
<trkpt lat="43.237373" lon="11.508580"><ele>285.0</ele></trkpt>
<trkpt lat="43.237412" lon="11.508705"><ele>284.5</ele></trkpt>
<trkpt lat="43.237434" lon="11.508845"><ele>283.5</ele></trkpt>
<trkpt lat="43.237443" lon="11.508957"><ele>283.0</ele></trkpt>
<trkpt lat="43.237477" lon="11.509808"><ele>279.5</ele></trkpt>
<trkpt lat="43.237478" lon="11.509926"><ele>278.25</ele></trkpt>
<trkpt lat="43.237460" lon="11.510057"><ele>276.5</ele></trkpt>
<trkpt lat="43.237429" lon="11.510155"><ele>275.25</ele></trkpt>
<trkpt lat="43.237383" lon="11.510254"><ele>274.5</ele></trkpt>
<trkpt lat="43.236338" lon="11.511851"><ele>272.0</ele></trkpt>
<trkpt lat="43.236255" lon="11.512001"><ele>271.25</ele></trkpt>
<trkpt lat="43.236184" lon="11.512178"><ele>271.0</ele></trkpt>
<trkpt lat="43.236097" lon="11.512448"><ele>272.25</ele></trkpt>
<trkpt lat="43.235922" lon="11.513084"><ele>271.0</ele></trkpt>
<trkpt lat="43.235876" lon="11.513206"><ele>271.75</ele></trkpt>
<trkpt lat="43.235786" lon="11.513390"><ele>272.25</ele></trkpt>
<trkpt lat="43.235688" lon="11.513549"><ele>272.0</ele></trkpt>
<trkpt lat="43.235359" lon="11.514017"><ele>272.0</ele></trkpt>
<trkpt lat="43.235207" lon="11.514220"><ele>272.75</ele></trkpt>
<trkpt lat="43.235141" lon="11.514293"><ele>273.25</ele></trkpt>
<trkpt lat="43.235068" lon="11.514352"><ele>273.25</ele></trkpt>
<trkpt lat="43.234988" lon="11.514401"><ele>273.0</ele></trkpt>
<trkpt lat="43.234840" lon="11.514456"><ele>273.0</ele></trkpt>
<trkpt lat="43.234633" lon="11.514476"><ele>272.5</ele></trkpt>
<trkpt lat="43.234423" lon="11.514472"><ele>272.25</ele></trkpt>
<trkpt lat="43.234333" lon="11.514487"><ele>272.25</ele></trkpt>
<trkpt lat="43.234243" lon="11.514525"><ele>272.5</ele></trkpt>
<trkpt lat="43.234167" lon="11.514593"><ele>273.0</ele></trkpt>
<trkpt lat="43.234099" lon="11.514692"><ele>272.75</ele></trkpt>
<trkpt lat="43.234046" lon="11.514837"><ele>273.25</ele></trkpt>
<trkpt lat="43.233837" lon="11.515673"><ele>271.75</ele></trkpt>
<trkpt lat="43.233821" lon="11.515790"><ele>271.5</ele></trkpt>
<trkpt lat="43.233813" lon="11.515917"><ele>271.5</ele></trkpt>
<trkpt lat="43.233816" lon="11.516116"><ele>271.25</ele></trkpt>
<trkpt lat="43.233844" lon="11.516490"><ele>269.75</ele></trkpt>
<trkpt lat="43.233844" lon="11.516662"><ele>269.0</ele></trkpt>
<trkpt lat="43.233836" lon="11.516844"><ele>268.25</ele></trkpt>
<trkpt lat="43.233808" lon="11.517048"><ele>267.25</ele></trkpt>
<trkpt lat="43.233762" lon="11.517258"><ele>266.25</ele></trkpt>
<trkpt lat="43.233554" lon="11.518082"><ele>264.0</ele></trkpt>
<trkpt lat="43.233511" lon="11.518289"><ele>264.25</ele></trkpt>
<trkpt lat="43.233487" lon="11.518520"><ele>264.5</ele></trkpt>
<trkpt lat="43.233481" lon="11.518733"><ele>264.25</ele></trkpt>
<trkpt lat="43.233465" lon="11.518972"><ele>264.0</ele></trkpt>
<trkpt lat="43.233432" lon="11.519139"><ele>263.25</ele></trkpt>
<trkpt lat="43.233386" lon="11.519329"><ele>262.25</ele></trkpt>
<trkpt lat="43.233362" lon="11.519482"><ele>261.0</ele></trkpt>
<trkpt lat="43.233360" lon="11.519656"><ele>259.25</ele></trkpt>
<trkpt lat="43.233388" lon="11.519831"><ele>257.5</ele></trkpt>
<trkpt lat="43.233644" lon="11.520708"><ele>251.75</ele></trkpt>
<trkpt lat="43.233736" lon="11.520915"><ele>252.5</ele></trkpt>
<trkpt lat="43.233868" lon="11.521108"><ele>255.0</ele></trkpt>
<trkpt lat="43.234232" lon="11.521589"><ele>254.5</ele></trkpt>
<trkpt lat="43.234494" lon="11.521954"><ele>252.75</ele></trkpt>
<trkpt lat="43.234547" lon="11.522048"><ele>252.0</ele></trkpt>
<trkpt lat="43.234594" lon="11.522192"><ele>251.0</ele></trkpt>
<trkpt lat="43.234840" lon="11.523353"><ele>246.75</ele></trkpt>
<trkpt lat="43.234848" lon="11.523499"><ele>245.75</ele></trkpt>
<trkpt lat="43.234843" lon="11.523651"><ele>244.75</ele></trkpt>
<trkpt lat="43.234803" lon="11.523806"><ele>243.75</ele></trkpt>
<trkpt lat="43.234718" lon="11.523952"><ele>244.0</ele></trkpt>
<trkpt lat="43.234560" lon="11.524141"><ele>243.75</ele></trkpt>
<trkpt lat="43.234380" lon="11.524300"><ele>242.25</ele></trkpt>
<trkpt lat="43.233494" lon="11.524902"><ele>233.0</ele></trkpt>
<trkpt lat="43.233371" lon="11.525027"><ele>232.0</ele></trkpt>
<trkpt lat="43.233270" lon="11.525173"><ele>230.5</ele></trkpt>
<trkpt lat="43.233192" lon="11.525302"><ele>229.0</ele></trkpt>
<trkpt lat="43.232810" lon="11.526019"><ele>224.0</ele></trkpt>
<trkpt lat="43.232659" lon="11.526315"><ele>222.75</ele></trkpt>
<trkpt lat="43.232601" lon="11.526493"><ele>222.25</ele></trkpt>
<trkpt lat="43.232577" lon="11.526687"><ele>221.25</ele></trkpt>
<trkpt lat="43.232636" lon="11.527727"><ele>213.25</ele></trkpt>
<trkpt lat="43.232637" lon="11.527879"><ele>212.25</ele></trkpt>
<trkpt lat="43.232623" lon="11.527999"><ele>211.5</ele></trkpt>
<trkpt lat="43.232585" lon="11.528113"><ele>211.0</ele></trkpt>
<trkpt lat="43.232527" lon="11.528204"><ele>210.75</ele></trkpt>
<trkpt lat="43.232458" lon="11.528277"><ele>210.25</ele></trkpt>
<trkpt lat="43.232357" lon="11.528331"><ele>210.0</ele></trkpt>
<trkpt lat="43.232211" lon="11.528360"><ele>209.5</ele></trkpt>
<trkpt lat="43.231375" lon="11.528406"><ele>202.75</ele></trkpt>
<trkpt lat="43.231291" lon="11.528399"><ele>202.5</ele></trkpt>
<trkpt lat="43.231174" lon="11.528373"><ele>202.25</ele></trkpt>
<trkpt lat="43.231108" lon="11.528348"><ele>202.5</ele></trkpt>
<trkpt lat="43.230989" lon="11.528263"><ele>201.75</ele></trkpt>
<trkpt lat="43.230295" lon="11.527698"><ele>197.0</ele></trkpt>
<trkpt lat="43.230121" lon="11.527599"><ele>194.75</ele></trkpt>
<trkpt lat="43.230042" lon="11.527580"><ele>193.75</ele></trkpt>
<trkpt lat="43.229970" lon="11.527583"><ele>192.75</ele></trkpt>
<trkpt lat="43.229900" lon="11.527604"><ele>191.75</ele></trkpt>
<trkpt lat="43.229832" lon="11.527644"><ele>190.75</ele></trkpt>
<trkpt lat="43.229766" lon="11.527700"><ele>189.5</ele></trkpt>
<trkpt lat="43.229702" lon="11.527793"><ele>188.25</ele></trkpt>
<trkpt lat="43.229658" lon="11.527902"><ele>187.5</ele></trkpt>
<trkpt lat="43.229624" lon="11.528050"><ele>187.0</ele></trkpt>
<trkpt lat="43.229621" lon="11.528184"><ele>186.5</ele></trkpt>
<trkpt lat="43.229650" lon="11.528338"><ele>187.25</ele></trkpt>
<trkpt lat="43.229699" lon="11.528475"><ele>186.25</ele></trkpt>
<trkpt lat="43.229909" lon="11.528785"><ele>182.75</ele></trkpt>
<trkpt lat="43.230781" lon="11.529969"><ele>177.0</ele></trkpt>
<trkpt lat="43.231191" lon="11.530540"><ele>176.0</ele></trkpt>
<trkpt lat="43.231280" lon="11.530702"><ele>175.25</ele></trkpt>
<trkpt lat="43.231348" lon="11.530847"><ele>174.75</ele></trkpt>
<trkpt lat="43.231399" lon="11.531001"><ele>173.75</ele></trkpt>
<trkpt lat="43.231466" lon="11.531273"><ele>171.75</ele></trkpt>
<trkpt lat="43.231680" lon="11.532364"><ele>168.0</ele></trkpt>
<trkpt lat="43.231965" lon="11.533760"><ele>170.5</ele></trkpt>
<trkpt lat="43.232014" lon="11.533916"><ele>171.0</ele></trkpt>
<trkpt lat="43.232072" lon="11.534042"><ele>171.25</ele></trkpt>
<trkpt lat="43.232200" lon="11.534245"><ele>171.75</ele></trkpt>
<trkpt lat="43.232339" lon="11.534387"><ele>172.25</ele></trkpt>
<trkpt lat="43.233299" lon="11.535137"><ele>176.25</ele></trkpt>
<trkpt lat="43.233439" lon="11.535252"><ele>175.75</ele></trkpt>
<trkpt lat="43.233524" lon="11.535344"><ele>176.25</ele></trkpt>
<trkpt lat="43.233611" lon="11.535456"><ele>176.75</ele></trkpt>
<trkpt lat="43.233718" lon="11.535632"><ele>176.75</ele></trkpt>
<trkpt lat="43.234425" lon="11.536954"><ele>175.75</ele></trkpt>
<trkpt lat="43.235711" lon="11.539328"><ele>176.75</ele></trkpt>
<trkpt lat="43.235829" lon="11.539577"><ele>176.5</ele></trkpt>
<trkpt lat="43.235876" lon="11.539724"><ele>176.0</ele></trkpt>
<trkpt lat="43.235892" lon="11.539813"><ele>175.75</ele></trkpt>
<trkpt lat="43.235899" lon="11.539986"><ele>175.25</ele></trkpt>
<trkpt lat="43.235845" lon="11.541062"><ele>178.0</ele></trkpt>
<trkpt lat="43.235751" lon="11.542945"><ele>180.0</ele></trkpt>
<trkpt lat="43.235715" lon="11.544269"><ele>179.5</ele></trkpt>
<trkpt lat="43.235710" lon="11.544806"><ele>179.0</ele></trkpt>
<trkpt lat="43.235770" lon="11.545250"><ele>179.5</ele></trkpt>
<trkpt lat="43.236039" lon="11.546025"><ele>179.5</ele></trkpt>
<trkpt lat="43.236166" lon="11.546277"><ele>179.75</ele></trkpt>
<trkpt lat="43.236357" lon="11.546578"><ele>180.0</ele></trkpt>
<trkpt lat="43.236734" lon="11.547132"><ele>179.75</ele></trkpt>
<trkpt lat="43.237542" lon="11.548058"><ele>181.25</ele></trkpt>
<trkpt lat="43.238210" lon="11.548735"><ele>181.0</ele></trkpt>
<trkpt lat="43.239257" lon="11.549585"><ele>179.75</ele></trkpt>
<trkpt lat="43.239920" lon="11.550473"><ele>179.0</ele></trkpt>
<trkpt lat="43.240128" lon="11.550751"><ele>177.5</ele></trkpt>
<trkpt lat="43.240773" lon="11.551643"><ele>176.5</ele></trkpt>
<trkpt lat="43.240816" lon="11.551727"><ele>177.0</ele></trkpt>
<trkpt lat="43.240835" lon="11.551823"><ele>177.5</ele></trkpt>
<trkpt lat="43.240832" lon="11.551912"><ele>177.75</ele></trkpt>
<trkpt lat="43.240819" lon="11.551972"><ele>178.0</ele></trkpt>
<trkpt lat="43.240633" lon="11.552418"><ele>177.0</ele></trkpt>
<trkpt lat="43.240612" lon="11.552486"><ele>176.75</ele></trkpt>
<trkpt lat="43.240611" lon="11.552564"><ele>177.0</ele></trkpt>
<trkpt lat="43.240322" lon="11.553028"><ele>174.25</ele></trkpt>
<trkpt lat="43.240127" lon="11.553317"><ele>170.5</ele></trkpt>
<trkpt lat="43.239989" lon="11.553544"><ele>169.25</ele></trkpt>
<trkpt lat="43.239697" lon="11.554013"><ele>174.0</ele></trkpt>
<trkpt lat="43.239529" lon="11.554239"><ele>176.75</ele></trkpt>
<trkpt lat="43.239444" lon="11.554347"><ele>178.25</ele></trkpt>
<trkpt lat="43.239290" lon="11.554500"><ele>179.0</ele></trkpt>
<trkpt lat="43.239179" lon="11.554585"><ele>179.5</ele></trkpt>
<trkpt lat="43.239106" lon="11.554610"><ele>179.5</ele></trkpt>
<trkpt lat="43.239040" lon="11.554622"><ele>179.75</ele></trkpt>
<trkpt lat="43.238974" lon="11.554610"><ele>179.75</ele></trkpt>
<trkpt lat="43.238932" lon="11.554580"><ele>179.75</ele></trkpt>
<trkpt lat="43.238885" lon="11.554568"><ele>180.0</ele></trkpt>
<trkpt lat="43.238836" lon="11.554577"><ele>180.0</ele></trkpt>
<trkpt lat="43.238792" lon="11.554608"><ele>180.0</ele></trkpt>
<trkpt lat="43.238757" lon="11.554656"><ele>180.0</ele></trkpt>
<trkpt lat="43.238736" lon="11.554717"><ele>180.0</ele></trkpt>
<trkpt lat="43.238729" lon="11.554773"><ele>180.0</ele></trkpt>
<trkpt lat="43.238707" lon="11.554821"><ele>180.0</ele></trkpt>
<trkpt lat="43.238659" lon="11.554887"><ele>180.0</ele></trkpt>
<trkpt lat="43.238593" lon="11.554942"><ele>180.0</ele></trkpt>
<trkpt lat="43.237977" lon="11.555304"><ele>179.0</ele></trkpt>
<trkpt lat="43.237897" lon="11.555353"><ele>178.25</ele></trkpt>
<trkpt lat="43.237775" lon="11.555428"><ele>177.5</ele></trkpt>
<trkpt lat="43.237711" lon="11.555480"><ele>177.75</ele></trkpt>
<trkpt lat="43.237654" lon="11.555540"><ele>178.0</ele></trkpt>
<trkpt lat="43.237499" lon="11.555789"><ele>176.75</ele></trkpt>
<trkpt lat="43.237425" lon="11.555900"><ele>176.25</ele></trkpt>
<trkpt lat="43.237263" lon="11.556106"><ele>174.25</ele></trkpt>
<trkpt lat="43.237222" lon="11.556149"></trkpt>
<trkpt lat="43.237170" lon="11.556204"><ele>174.0</ele></trkpt>
<trkpt lat="43.237139" lon="11.556247"><ele>174.0</ele></trkpt>
<trkpt lat="43.237092" lon="11.556340"><ele>174.25</ele></trkpt>
<trkpt lat="43.237069" lon="11.556399"><ele>174.5</ele></trkpt>
<trkpt lat="43.237037" lon="11.556512"><ele>174.75</ele></trkpt>
<trkpt lat="43.237018" lon="11.556621"><ele>175.25</ele></trkpt>
<trkpt lat="43.236969" lon="11.557100"><ele>177.25</ele></trkpt>
<trkpt lat="43.236959" lon="11.557149"><ele>177.5</ele></trkpt>
<trkpt lat="43.236941" lon="11.557191"><ele>177.75</ele></trkpt>
<trkpt lat="43.236905" lon="11.557227"><ele>178.0</ele></trkpt>
<trkpt lat="43.236835" lon="11.557239"><ele>178.0</ele></trkpt>
<trkpt lat="43.236576" lon="11.557200"><ele>177.75</ele></trkpt>
<trkpt lat="43.236451" lon="11.557178"><ele>177.75</ele></trkpt>
<trkpt lat="43.236386" lon="11.557138"><ele>177.5</ele></trkpt>
<trkpt lat="43.236352" lon="11.557090"><ele>177.5</ele></trkpt>
<trkpt lat="43.236311" lon="11.557013"><ele>177.25</ele></trkpt>
<trkpt lat="43.236156" lon="11.556692"><ele>176.0</ele></trkpt>
<trkpt lat="43.236083" lon="11.556582"><ele>176.0</ele></trkpt>
<trkpt lat="43.236031" lon="11.556521"><ele>176.0</ele></trkpt>
<trkpt lat="43.235978" lon="11.556480"><ele>176.0</ele></trkpt>
<trkpt lat="43.235929" lon="11.556453"><ele>176.0</ele></trkpt>
<trkpt lat="43.235873" lon="11.556443"><ele>176.0</ele></trkpt>
<trkpt lat="43.235792" lon="11.556456"><ele>175.75</ele></trkpt>
<trkpt lat="43.235586" lon="11.556579"><ele>175.5</ele></trkpt>
<trkpt lat="43.235512" lon="11.556622"><ele>175.75</ele></trkpt>
<trkpt lat="43.235474" lon="11.556643"><ele>175.75</ele></trkpt>
<trkpt lat="43.234883" lon="11.556975"><ele>177.0</ele></trkpt>
<trkpt lat="43.234724" lon="11.557092"><ele>177.5</ele></trkpt>
<trkpt lat="43.234679" lon="11.557137"><ele>177.5</ele></trkpt>
<trkpt lat="43.234603" lon="11.557232"><ele>177.5</ele></trkpt>
<trkpt lat="43.234392" lon="11.557556"><ele>179.0</ele></trkpt>
<trkpt lat="43.233915" lon="11.558224"><ele>181.25</ele></trkpt>
<trkpt lat="43.233849" lon="11.558343"><ele>181.5</ele></trkpt>
<trkpt lat="43.233820" lon="11.558410"><ele>181.75</ele></trkpt>
<trkpt lat="43.233801" lon="11.558476"><ele>182.25</ele></trkpt>
<trkpt lat="43.233784" lon="11.558584"><ele>182.75</ele></trkpt>
<trkpt lat="43.233783" lon="11.558718"><ele>184.0</ele></trkpt>
<trkpt lat="43.233805" lon="11.558917"><ele>186.5</ele></trkpt>
<trkpt lat="43.233868" lon="11.559300"><ele>190.75</ele></trkpt>
<trkpt lat="43.233876" lon="11.559355"><ele>191.25</ele></trkpt>
<trkpt lat="43.233947" lon="11.559794"><ele>194.5</ele></trkpt>
<trkpt lat="43.233972" lon="11.560010"><ele>196.0</ele></trkpt>
<trkpt lat="43.234007" lon="11.560532"><ele>198.75</ele></trkpt>
<trkpt lat="43.234010" lon="11.560582"><ele>199.0</ele></trkpt>
<trkpt lat="43.234006" lon="11.560728"><ele>199.5</ele></trkpt>
<trkpt lat="43.233968" lon="11.560688"><ele>199.25</ele></trkpt>
<trkpt lat="43.233820" lon="11.560545"><ele>199.0</ele></trkpt>
<trkpt lat="43.233698" lon="11.560444"><ele>199.25</ele></trkpt>
<trkpt lat="43.233567" lon="11.560316"><ele>199.25</ele></trkpt>
<trkpt lat="43.233153" lon="11.559823"><ele>198.5</ele></trkpt>
<trkpt lat="43.233024" lon="11.559688"><ele>197.75</ele></trkpt>
<trkpt lat="43.232917" lon="11.559614"><ele>197.5</ele></trkpt>
<trkpt lat="43.232795" lon="11.559565"><ele>197.25</ele></trkpt>
<trkpt lat="43.232743" lon="11.559554"><ele>197.25</ele></trkpt>
<trkpt lat="43.232596" lon="11.559534"><ele>197.5</ele></trkpt>
<trkpt lat="43.232422" lon="11.559529"><ele>197.25</ele></trkpt>
<trkpt lat="43.232341" lon="11.559536"><ele>196.75</ele></trkpt>
<trkpt lat="43.232221" lon="11.559560"><ele>196.25</ele></trkpt>
<trkpt lat="43.232143" lon="11.559595"><ele>196.0</ele></trkpt>
<trkpt lat="43.232066" lon="11.559645"><ele>196.0</ele></trkpt>
<trkpt lat="43.231897" lon="11.559778"><ele>196.25</ele></trkpt>
<trkpt lat="43.231353" lon="11.560239"><ele>192.75</ele></trkpt>
<trkpt lat="43.231132" lon="11.560406"><ele>192.0</ele></trkpt>
<trkpt lat="43.230959" lon="11.560520"><ele>191.75</ele></trkpt>
<trkpt lat="43.230669" lon="11.560675"><ele>191.0</ele></trkpt>
<trkpt lat="43.230505" lon="11.560739"><ele>190.75</ele></trkpt>
<trkpt lat="43.230247" lon="11.560820"><ele>191.25</ele></trkpt>
<trkpt lat="43.230125" lon="11.560839"><ele>191.0</ele></trkpt>
<trkpt lat="43.230048" lon="11.560847"><ele>188.75</ele></trkpt>
</trkseg></trk></gpx>
