<?xml version="1.0" encoding="UTF-8"?>
<gpx version="1.1" creator="BRouter paired review" xmlns="http://www.topografix.com/GPX/1/1">
<trk><name>Route B</name><trkseg>
<trkpt lat="50.000027" lon="8.719237"><ele>159.75</ele></trkpt>
<trkpt lat="50.000567" lon="8.718603"><ele>156.75</ele></trkpt>
<trkpt lat="50.000599" lon="8.718525"><ele>156.75</ele></trkpt>
<trkpt lat="50.000614" lon="8.718470"><ele>156.75</ele></trkpt>
<trkpt lat="50.000673" lon="8.718605"><ele>156.5</ele></trkpt>
<trkpt lat="50.000828" lon="8.718770"><ele>155.25</ele></trkpt>
<trkpt lat="50.000892" lon="8.718875"><ele>155.25</ele></trkpt>
<trkpt lat="50.000918" lon="8.718993"><ele>155.0</ele></trkpt>
<trkpt lat="50.000994" lon="8.719058"><ele>155.0</ele></trkpt>
<trkpt lat="50.001076" lon="8.719003"><ele>155.5</ele></trkpt>
<trkpt lat="50.001169" lon="8.719018"><ele>155.5</ele></trkpt>
<trkpt lat="50.001545" lon="8.718811"><ele>155.75</ele></trkpt>
<trkpt lat="50.001729" lon="8.718789"><ele>155.25</ele></trkpt>
<trkpt lat="50.001784" lon="8.718712"><ele>155.0</ele></trkpt>
<trkpt lat="50.001811" lon="8.718548"><ele>154.75</ele></trkpt>
<trkpt lat="50.001846" lon="8.718417"><ele>154.5</ele></trkpt>
<trkpt lat="50.001878" lon="8.718325"><ele>154.0</ele></trkpt>
<trkpt lat="50.001911" lon="8.718246"><ele>154.0</ele></trkpt>
<trkpt lat="50.001959" lon="8.718165"><ele>154.0</ele></trkpt>
<trkpt lat="50.002009" lon="8.718091"><ele>154.0</ele></trkpt>
<trkpt lat="50.002103" lon="8.717981"><ele>153.5</ele></trkpt>
<trkpt lat="50.002247" lon="8.717847"><ele>153.25</ele></trkpt>
<trkpt lat="50.002592" lon="8.717553"><ele>153.0</ele></trkpt>
<trkpt lat="50.002649" lon="8.717482"><ele>153.0</ele></trkpt>
<trkpt lat="50.002693" lon="8.717402"><ele>153.0</ele></trkpt>
<trkpt lat="50.002726" lon="8.717298"><ele>153.0</ele></trkpt>
<trkpt lat="50.002753" lon="8.717098"><ele>153.0</ele></trkpt>
<trkpt lat="50.002751" lon="8.717001"><ele>153.0</ele></trkpt>
<trkpt lat="50.002737" lon="8.716890"><ele>153.0</ele></trkpt>
<trkpt lat="50.002692" lon="8.716690"><ele>153.5</ele></trkpt>
<trkpt lat="50.002637" lon="8.716503"><ele>152.75</ele></trkpt>
<trkpt lat="50.002518" lon="8.716190"><ele>153.5</ele></trkpt>
<trkpt lat="50.002464" lon="8.716077"><ele>154.0</ele></trkpt>
<trkpt lat="50.002263" lon="8.715780"><ele>154.75</ele></trkpt>
<trkpt lat="50.002049" lon="8.715472"><ele>155.0</ele></trkpt>
<trkpt lat="50.001981" lon="8.715368"><ele>155.5</ele></trkpt>
<trkpt lat="50.001844" lon="8.715153"><ele>156.25</ele></trkpt>
<trkpt lat="50.001724" lon="8.714945"><ele>157.0</ele></trkpt>
<trkpt lat="50.001593" lon="8.714696"><ele>158.0</ele></trkpt>
<trkpt lat="50.001539" lon="8.714576"><ele>158.0</ele></trkpt>
<trkpt lat="50.001521" lon="8.714536"><ele>158.0</ele></trkpt>
<trkpt lat="50.001229" lon="8.713813"><ele>158.25</ele></trkpt>
<trkpt lat="50.000894" lon="8.712987"><ele>160.0</ele></trkpt>
<trkpt lat="50.000635" lon="8.712377"><ele>160.75</ele></trkpt>
<trkpt lat="50.000365" lon="8.711610"><ele>162.0</ele></trkpt>
<trkpt lat="50.000352" lon="8.711574"><ele>161.75</ele></trkpt>
<trkpt lat="50.000586" lon="8.711358"><ele>162.0</ele></trkpt>
<trkpt lat="50.000643" lon="8.711290"><ele>162.0</ele></trkpt>
<trkpt lat="50.000831" lon="8.711022"><ele>162.0</ele></trkpt>
<trkpt lat="50.001348" lon="8.710233"><ele>161.0</ele></trkpt>
<trkpt lat="50.001711" lon="8.709688"><ele>160.0</ele></trkpt>
<trkpt lat="50.001784" lon="8.709576"><ele>160.0</ele></trkpt>
<trkpt lat="50.002348" lon="8.708698"><ele>159.25</ele></trkpt>
<trkpt lat="50.002528" lon="8.708446"><ele>158.75</ele></trkpt>
<trkpt lat="50.002560" lon="8.708366"><ele>158.75</ele></trkpt>
<trkpt lat="50.002666" lon="8.708204"><ele>158.25</ele></trkpt>
<trkpt lat="50.002878" lon="8.707876"><ele>157.5</ele></trkpt>
<trkpt lat="50.003442" lon="8.706988"><ele>156.5</ele></trkpt>
<trkpt lat="50.003711" lon="8.706578"><ele>155.75</ele></trkpt>
<trkpt lat="50.003915" lon="8.706276"><ele>155.75</ele></trkpt>
<trkpt lat="50.004129" lon="8.705958"><ele>155.5</ele></trkpt>
<trkpt lat="50.004349" lon="8.705623"><ele>155.25</ele></trkpt>
<trkpt lat="50.004927" lon="8.704743"><ele>154.25</ele></trkpt>
<trkpt lat="50.005289" lon="8.704186"><ele>153.75</ele></trkpt>
<trkpt lat="50.006907" lon="8.701705"><ele>151.0</ele></trkpt>
<trkpt lat="50.007055" lon="8.701481"><ele>150.5</ele></trkpt>
<trkpt lat="50.007312" lon="8.701104"><ele>150.0</ele></trkpt>
<trkpt lat="50.007344" lon="8.701055"><ele>150.0</ele></trkpt>
<trkpt lat="50.007372" lon="8.701013"><ele>150.0</ele></trkpt>
<trkpt lat="50.007616" lon="8.700672"><ele>149.5</ele></trkpt>
<trkpt lat="50.007700" lon="8.700551"><ele>149.25</ele></trkpt>
<trkpt lat="50.008144" lon="8.699856"><ele>147.5</ele></trkpt>
<trkpt lat="50.008271" lon="8.699656"><ele>147.0</ele></trkpt>
<trkpt lat="50.008759" lon="8.698899"><ele>145.25</ele></trkpt>
<trkpt lat="50.009288" lon="8.698077"><ele>143.5</ele></trkpt>
<trkpt lat="50.009451" lon="8.697825"><ele>142.75</ele></trkpt>
<trkpt lat="50.009951" lon="8.697063"><ele>141.0</ele></trkpt>
<trkpt lat="50.010137" lon="8.696785"><ele>140.75</ele></trkpt>
<trkpt lat="50.010166" lon="8.696740"><ele>140.5</ele></trkpt>
<trkpt lat="50.010204" lon="8.696682"><ele>140.5</ele></trkpt>
<trkpt lat="50.010291" lon="8.696545"><ele>139.75</ele></trkpt>
<trkpt lat="50.010677" lon="8.695944"><ele>138.5</ele></trkpt>
<trkpt lat="50.010951" lon="8.695528"><ele>137.5</ele></trkpt>
<trkpt lat="50.011069" lon="8.695330"><ele>137.0</ele></trkpt>
<trkpt lat="50.011658" lon="8.694454"><ele>136.0</ele></trkpt>
<trkpt lat="50.012010" lon="8.693923"><ele>135.0</ele></trkpt>
<trkpt lat="50.012024" lon="8.693901"><ele>135.0</ele></trkpt>
<trkpt lat="50.012221" lon="8.693596"><ele>135.0</ele></trkpt>
<trkpt lat="50.012915" lon="8.692522"><ele>133.0</ele></trkpt>
<trkpt lat="50.012943" lon="8.692478"><ele>133.0</ele></trkpt>
<trkpt lat="50.013000" lon="8.692391"><ele>133.0</ele></trkpt>
<trkpt lat="50.013086" lon="8.692258"><ele>133.0</ele></trkpt>
<trkpt lat="50.013180" lon="8.692112"><ele>132.75</ele></trkpt>
<trkpt lat="50.013206" lon="8.692071"><ele>132.5</ele></trkpt>
<trkpt lat="50.013281" lon="8.691955"><ele>132.0</ele></trkpt>
<trkpt lat="50.013420" lon="8.691740"><ele>132.5</ele></trkpt>
<trkpt lat="50.013524" lon="8.691578"><ele>132.0</ele></trkpt>
<trkpt lat="50.013950" lon="8.690997"><ele>131.75</ele></trkpt>
<trkpt lat="50.014336" lon="8.690513"><ele>131.0</ele></trkpt>
<trkpt lat="50.014598" lon="8.690208"><ele>131.5</ele></trkpt>
<trkpt lat="50.014848" lon="8.689947"><ele>131.5</ele></trkpt>
<trkpt lat="50.015377" lon="8.689456"><ele>130.75</ele></trkpt>
<trkpt lat="50.015483" lon="8.689348"><ele>131.25</ele></trkpt>
<trkpt lat="50.015551" lon="8.689270"><ele>131.5</ele></trkpt>
<trkpt lat="50.015595" lon="8.689208"><ele>131.5</ele></trkpt>
<trkpt lat="50.016072" lon="8.689859"><ele>130.0</ele></trkpt>
<trkpt lat="50.016162" lon="8.689981"><ele>130.0</ele></trkpt>
<trkpt lat="50.016212" lon="8.690010"><ele>130.0</ele></trkpt>
<trkpt lat="50.016230" lon="8.690009"><ele>130.0</ele></trkpt>
<trkpt lat="50.016256" lon="8.689989"><ele>130.0</ele></trkpt>
<trkpt lat="50.016314" lon="8.689891"><ele>130.0</ele></trkpt>
<trkpt lat="50.016331" lon="8.689830"><ele>130.0</ele></trkpt>
<trkpt lat="50.016343" lon="8.689733"><ele>130.0</ele></trkpt>
<trkpt lat="50.016418" lon="8.688829"><ele>129.0</ele></trkpt>
<trkpt lat="50.016433" lon="8.688640"><ele>129.0</ele></trkpt>
<trkpt lat="50.016512" lon="8.687670"><ele>129.0</ele></trkpt>
<trkpt lat="50.016526" lon="8.687575"><ele>129.0</ele></trkpt>
<trkpt lat="50.016528" lon="8.687317"><ele>129.0</ele></trkpt>
<trkpt lat="50.016550" lon="8.687269"><ele>129.0</ele></trkpt>
<trkpt lat="50.016571" lon="8.687121"><ele>129.0</ele></trkpt>
<trkpt lat="50.016708" lon="8.685446"><ele>128.25</ele></trkpt>
<trkpt lat="50.016726" lon="8.685277"><ele>128.75</ele></trkpt>
<trkpt lat="50.016753" lon="8.685090"><ele>128.5</ele></trkpt>
<trkpt lat="50.017004" lon="8.683746"><ele>127.0</ele></trkpt>
<trkpt lat="50.017301" lon="8.682230"><ele>126.0</ele></trkpt>
<trkpt lat="50.017319" lon="8.682133"><ele>126.0</ele></trkpt>
<trkpt lat="50.017337" lon="8.682042"><ele>126.0</ele></trkpt>
<trkpt lat="50.017419" lon="8.681614"><ele>126.0</ele></trkpt>
<trkpt lat="50.017527" lon="8.681044"><ele>125.75</ele></trkpt>
<trkpt lat="50.017572" lon="8.680814"><ele>125.5</ele></trkpt>
<trkpt lat="50.017648" lon="8.680431"><ele>125.0</ele></trkpt>
<trkpt lat="50.017750" lon="8.679917"><ele>125.0</ele></trkpt>
<trkpt lat="50.017826" lon="8.679509"><ele>125.0</ele></trkpt>
<trkpt lat="50.017871" lon="8.679270"><ele>125.0</ele></trkpt>
<trkpt lat="50.017970" lon="8.678744"><ele>124.25</ele></trkpt>
<trkpt lat="50.017995" lon="8.678615"><ele>124.0</ele></trkpt>
<trkpt lat="50.018183" lon="8.677604"><ele>124.0</ele></trkpt>
<trkpt lat="50.018343" lon="8.676799"><ele>123.75</ele></trkpt>
<trkpt lat="50.018427" lon="8.676367"><ele>123.0</ele></trkpt>
<trkpt lat="50.018495" lon="8.676014"><ele>123.0</ele></trkpt>
<trkpt lat="50.018664" lon="8.675165"><ele>123.0</ele></trkpt>
<trkpt lat="50.018989" lon="8.673497"><ele>122.25</ele></trkpt>
<trkpt lat="50.019226" lon="8.672340"><ele>122.0</ele></trkpt>
<trkpt lat="50.019448" lon="8.671242"><ele>121.0</ele></trkpt>
<trkpt lat="50.019615" lon="8.670327"><ele>120.0</ele></trkpt>
<trkpt lat="50.019730" lon="8.669716"><ele>120.75</ele></trkpt>
<trkpt lat="50.019805" lon="8.669333"><ele>121.0</ele></trkpt>
<trkpt lat="50.020269" lon="8.667000"><ele>122.0</ele></trkpt>
<trkpt lat="50.020776" lon="8.664294"><ele>123.0</ele></trkpt>
<trkpt lat="50.020802" lon="8.664151"><ele>122.75</ele></trkpt>
<trkpt lat="50.020842" lon="8.663943"><ele>122.0</ele></trkpt>
<trkpt lat="50.021280" lon="8.661768"><ele>122.0</ele></trkpt>
<trkpt lat="50.021309" lon="8.661581"><ele>122.0</ele></trkpt>
<trkpt lat="50.021319" lon="8.661499"><ele>122.0</ele></trkpt>
<trkpt lat="50.021337" lon="8.661125"><ele>122.0</ele></trkpt>
<trkpt lat="50.021339" lon="8.661062"><ele>122.0</ele></trkpt>
<trkpt lat="50.021343" lon="8.660996"><ele>122.0</ele></trkpt>
<trkpt lat="50.021348" lon="8.660907"><ele>122.0</ele></trkpt>
<trkpt lat="50.021355" lon="8.660788"><ele>122.0</ele></trkpt>
<trkpt lat="50.021359" lon="8.660703"><ele>122.0</ele></trkpt>
<trkpt lat="50.021365" lon="8.660603"><ele>122.0</ele></trkpt>
<trkpt lat="50.021400" lon="8.660406"><ele>122.0</ele></trkpt>
<trkpt lat="50.021614" lon="8.659511"><ele>121.25</ele></trkpt>
<trkpt lat="50.022221" lon="8.657026"><ele>122.0</ele></trkpt>
<trkpt lat="50.022279" lon="8.656801"><ele>121.75</ele></trkpt>
<trkpt lat="50.022748" lon="8.655012"><ele>120.0</ele></trkpt>
<trkpt lat="50.023405" lon="8.652304"><ele>119.0</ele></trkpt>
<trkpt lat="50.024262" lon="8.648863"><ele>118.0</ele></trkpt>
<trkpt lat="50.024656" lon="8.647294"><ele>117.75</ele></trkpt>
<trkpt lat="50.025822" lon="8.642584"><ele>117.0</ele></trkpt>
<trkpt lat="50.026386" lon="8.640329"><ele>116.0</ele></trkpt>
<trkpt lat="50.026776" lon="8.638730"><ele>116.0</ele></trkpt>
<trkpt lat="50.027027" lon="8.637733"><ele>115.5</ele></trkpt>
<trkpt lat="50.027332" lon="8.636515"><ele>115.0</ele></trkpt>
<trkpt lat="50.028678" lon="8.631100"><ele>114.0</ele></trkpt>
<trkpt lat="50.028882" lon="8.630232"><ele>114.0</ele></trkpt>
<trkpt lat="50.028949" lon="8.629948"><ele>114.0</ele></trkpt>
<trkpt lat="50.029099" lon="8.629303"><ele>114.0</ele></trkpt>
<trkpt lat="50.029373" lon="8.628001"><ele>114.0</ele></trkpt>
<trkpt lat="50.029467" lon="8.627501"><ele>113.0</ele></trkpt>
<trkpt lat="50.029566" lon="8.626954"><ele>113.0</ele></trkpt>
<trkpt lat="50.029874" lon="8.625011"><ele>112.0</ele></trkpt>
<trkpt lat="50.029931" lon="8.624487"><ele>112.75</ele></trkpt>
<trkpt lat="50.030023" lon="8.623388"><ele>112.75</ele></trkpt>
<trkpt lat="50.030061" lon="8.622720"><ele>112.5</ele></trkpt>
<trkpt lat="50.030091" lon="8.621933"><ele>112.25</ele></trkpt>
<trkpt lat="50.030130" lon="8.620219"><ele>112.5</ele></trkpt>
<trkpt lat="50.030130" lon="8.619335"><ele>113.5</ele></trkpt>
<trkpt lat="50.030133" lon="8.618863"><ele>112.25</ele></trkpt>
<trkpt lat="50.030155" lon="8.617241"><ele>110.5</ele></trkpt>
<trkpt lat="50.030165" lon="8.616675"><ele>111.5</ele></trkpt>
<trkpt lat="50.030192" lon="8.615150"><ele>113.5</ele></trkpt>
<trkpt lat="50.030198" lon="8.614705"><ele>114.5</ele></trkpt>
<trkpt lat="50.030200" lon="8.614572"><ele>114.75</ele></trkpt>
<trkpt lat="50.030202" lon="8.614402"><ele>114.75</ele></trkpt>
<trkpt lat="50.030204" lon="8.614285"><ele>114.25</ele></trkpt>
<trkpt lat="50.030208" lon="8.614013"><ele>113.25</ele></trkpt>
<trkpt lat="50.030213" lon="8.613630"><ele>113.0</ele></trkpt>
<trkpt lat="50.030240" lon="8.611907"><ele>112.25</ele></trkpt>
<trkpt lat="50.030277" lon="8.610860"><ele>112.75</ele></trkpt>
<trkpt lat="50.030332" lon="8.610206"><ele>110.5</ele></trkpt>
<trkpt lat="50.030369" lon="8.609803"><ele>109.25</ele></trkpt>
<trkpt lat="50.030499" lon="8.608781"><ele>109.75</ele></trkpt>
<trkpt lat="50.030606" lon="8.608121"><ele>109.5</ele></trkpt>
<trkpt lat="50.030749" lon="8.607358"><ele>109.25</ele></trkpt>
<trkpt lat="50.030914" lon="8.606658"><ele>109.75</ele></trkpt>
<trkpt lat="50.031105" lon="8.605928"><ele>111.5</ele></trkpt>
<trkpt lat="50.031313" lon="8.605218"><ele>109.5</ele></trkpt>
<trkpt lat="50.031541" lon="8.604526"><ele>109.0</ele></trkpt>
<trkpt lat="50.031793" lon="8.603823"><ele>109.5</ele></trkpt>
<trkpt lat="50.032309" lon="8.602513"><ele>110.5</ele></trkpt>
<trkpt lat="50.032489" lon="8.602059"><ele>111.5</ele></trkpt>
<trkpt lat="50.032807" lon="8.601241"><ele>112.5</ele></trkpt>
<trkpt lat="50.033048" lon="8.600688"><ele>112.25</ele></trkpt>
<trkpt lat="50.033201" lon="8.600325"><ele>111.0</ele></trkpt>
<trkpt lat="50.033342" lon="8.600199"><ele>112.0</ele></trkpt>
<trkpt lat="50.033456" lon="8.600136"><ele>111.25</ele></trkpt>
<trkpt lat="50.033549" lon="8.600164"><ele>110.5</ele></trkpt>
<trkpt lat="50.033598" lon="8.600193"><ele>110.25</ele></trkpt>
<trkpt lat="50.033664" lon="8.600225"><ele>110.5</ele></trkpt>
<trkpt lat="50.033747" lon="8.600252"><ele>110.5</ele></trkpt>
<trkpt lat="50.033843" lon="8.600262"><ele>110.75</ele></trkpt>
<trkpt lat="50.033955" lon="8.600254"><ele>110.0</ele></trkpt>
<trkpt lat="50.034381" lon="8.600189"><ele>107.75</ele></trkpt>
<trkpt lat="50.034465" lon="8.600189"><ele>107.5</ele></trkpt>
<trkpt lat="50.034526" lon="8.600199"><ele>107.75</ele></trkpt>
<trkpt lat="50.034687" lon="8.600238"><ele>107.75</ele></trkpt>
<trkpt lat="50.034802" lon="8.600295"><ele>108.0</ele></trkpt>
<trkpt lat="50.035027" lon="8.600481"><ele>108.0</ele></trkpt>
<trkpt lat="50.035215" lon="8.600681"><ele>108.25</ele></trkpt>
<trkpt lat="50.035390" lon="8.600915"><ele>108.5</ele></trkpt>
<trkpt lat="50.035900" lon="8.601594"><ele>109.0</ele></trkpt>
<trkpt lat="50.036084" lon="8.601814"><ele>109.0</ele></trkpt>
<trkpt lat="50.036253" lon="8.601989"><ele>109.0</ele></trkpt>
<trkpt lat="50.036400" lon="8.602124"><ele>109.0</ele></trkpt>
<trkpt lat="50.036608" lon="8.602264"><ele>109.0</ele></trkpt>
<trkpt lat="50.036854" lon="8.602409"><ele>109.5</ele></trkpt>
<trkpt lat="50.037536" lon="8.602940"><ele>110.0</ele></trkpt>
<trkpt lat="50.037634" lon="8.602624"><ele>109.5</ele></trkpt>
<trkpt lat="50.038113" lon="8.601051"><ele>111.0</ele></trkpt>
<trkpt lat="50.038548" lon="8.599613"><ele>111.25</ele></trkpt>
<trkpt lat="50.038941" lon="8.598239"><ele>112.5</ele></trkpt>
<trkpt lat="50.038974" lon="8.598142"><ele>112.0</ele></trkpt>
<trkpt lat="50.039099" lon="8.597889"><ele>112.25</ele></trkpt>
<trkpt lat="50.039121" lon="8.597830"><ele>112.5</ele></trkpt>
<trkpt lat="50.039316" lon="8.596884"><ele>112.25</ele></trkpt>
<trkpt lat="50.039335" lon="8.596816"><ele>112.75</ele></trkpt>
<trkpt lat="50.039649" lon="8.597014"><ele>112.5</ele></trkpt>
<trkpt lat="50.039701" lon="8.597045"><ele>112.25</ele></trkpt>
<trkpt lat="50.040051" lon="8.597088"><ele>112.0</ele></trkpt>
<trkpt lat="50.040125" lon="8.597101"><ele>112.0</ele></trkpt>
<trkpt lat="50.040185" lon="8.597125"><ele>112.0</ele></trkpt>
<trkpt lat="50.041012" lon="8.597530"><ele>111.75</ele></trkpt>
<trkpt lat="50.041772" lon="8.597887"><ele>112.0</ele></trkpt>
<trkpt lat="50.042359" lon="8.598117"><ele>112.0</ele></trkpt>
<trkpt lat="50.042628" lon="8.598239"><ele>112.0</ele></trkpt>
<trkpt lat="50.042773" lon="8.598320"><ele>112.0</ele></trkpt>
<trkpt lat="50.042835" lon="8.598380"><ele>112.0</ele></trkpt>
<trkpt lat="50.042896" lon="8.598408"><ele>112.0</ele></trkpt>
<trkpt lat="50.042970" lon="8.598423"><ele>112.0</ele></trkpt>
<trkpt lat="50.044010" lon="8.599037"><ele>112.0</ele></trkpt>
<trkpt lat="50.045693" lon="8.599922"><ele>112.0</ele></trkpt>
<trkpt lat="50.047734" lon="8.600855"><ele>111.75</ele></trkpt>
<trkpt lat="50.049728" lon="8.601830"><ele>111.0</ele></trkpt>
<trkpt lat="50.049908" lon="8.601897"><ele>111.0</ele></trkpt>
<trkpt lat="50.050156" lon="8.601943"><ele>111.5</ele></trkpt>
<trkpt lat="50.050379" lon="8.601950"><ele>111.75</ele></trkpt>
<trkpt lat="50.050581" lon="8.601923"><ele>111.75</ele></trkpt>
<trkpt lat="50.050736" lon="8.601886"><ele>111.5</ele></trkpt>
<trkpt lat="50.050866" lon="8.601839"><ele>111.75</ele></trkpt>
<trkpt lat="50.050992" lon="8.601777"><ele>112.0</ele></trkpt>
<trkpt lat="50.051094" lon="8.601714"><ele>112.0</ele></trkpt>
<trkpt lat="50.051348" lon="8.601534"><ele>112.25</ele></trkpt>
<trkpt lat="50.051576" lon="8.601286"><ele>113.0</ele></trkpt>
<trkpt lat="50.051720" lon="8.601079"><ele>112.75</ele></trkpt>
<trkpt lat="50.051844" lon="8.600872"><ele>112.25</ele></trkpt>
<trkpt lat="50.052005" lon="8.600551"><ele>113.0</ele></trkpt>
<trkpt lat="50.052164" lon="8.600196"><ele>112.5</ele></trkpt>
<trkpt lat="50.052263" lon="8.599896"><ele>112.25</ele></trkpt>
<trkpt lat="50.052354" lon="8.599593"><ele>112.25</ele></trkpt>
<trkpt lat="50.052406" lon="8.599355"><ele>112.25</ele></trkpt>
<trkpt lat="50.052483" lon="8.598916"><ele>111.75</ele></trkpt>
<trkpt lat="50.052579" lon="8.598260"><ele>112.75</ele></trkpt>
<trkpt lat="50.052613" lon="8.597887"><ele>112.75</ele></trkpt>
<trkpt lat="50.052648" lon="8.597510"><ele>113.0</ele></trkpt>
<trkpt lat="50.052780" lon="8.597116"><ele>114.0</ele></trkpt>
<trkpt lat="50.052855" lon="8.596738"><ele>113.75</ele></trkpt>
<trkpt lat="50.052869" lon="8.596594"><ele>113.25</ele></trkpt>
<trkpt lat="50.052891" lon="8.596178"><ele>113.5</ele></trkpt>
<trkpt lat="50.052897" lon="8.595829"><ele>114.0</ele></trkpt>
<trkpt lat="50.052885" lon="8.594719"><ele>113.0</ele></trkpt>
<trkpt lat="50.052920" lon="8.593910"><ele>113.0</ele></trkpt>
<trkpt lat="50.052918" lon="8.593842"><ele>113.0</ele></trkpt>
<trkpt lat="50.052906" lon="8.593807"><ele>112.75</ele></trkpt>
<trkpt lat="50.052881" lon="8.593791"><ele>112.25</ele></trkpt>
<trkpt lat="50.052796" lon="8.593778"><ele>111.25</ele></trkpt>
<trkpt lat="50.052745" lon="8.593771"><ele>111.0</ele></trkpt>
<trkpt lat="50.052758" lon="8.593546"><ele>111.0</ele></trkpt>
<trkpt lat="50.053002" lon="8.592814"><ele>111.0</ele></trkpt>
<trkpt lat="50.053047" lon="8.592611"><ele>111.5</ele></trkpt>
<trkpt lat="50.053108" lon="8.592268"><ele>112.75</ele></trkpt>
<trkpt lat="50.053141" lon="8.591922"><ele>114.25</ele></trkpt>
<trkpt lat="50.053146" lon="8.591632"><ele>113.75</ele></trkpt>
<trkpt lat="50.053140" lon="8.591460"><ele>113.25</ele></trkpt>
<trkpt lat="50.053070" lon="8.590737"><ele>111.75</ele></trkpt>
<trkpt lat="50.053064" lon="8.590527"><ele>111.0</ele></trkpt>
<trkpt lat="50.053078" lon="8.590023"><ele>113.75</ele></trkpt>
<trkpt lat="50.053112" lon="8.589407"><ele>114.75</ele></trkpt>
<trkpt lat="50.053139" lon="8.588733"><ele>113.25</ele></trkpt>
<trkpt lat="50.053140" lon="8.588601"><ele>112.25</ele></trkpt>
<trkpt lat="50.053136" lon="8.588476"><ele>111.75</ele></trkpt>
<trkpt lat="50.053129" lon="8.588120"><ele>111.25</ele></trkpt>
<trkpt lat="50.053117" lon="8.587864"><ele>111.0</ele></trkpt>
<trkpt lat="50.053148" lon="8.587488"><ele>111.5</ele></trkpt>
<trkpt lat="50.053156" lon="8.587312"><ele>111.5</ele></trkpt>
<trkpt lat="50.053168" lon="8.586301"><ele>109.25</ele></trkpt>
<trkpt lat="50.053182" lon="8.586147"><ele>108.75</ele></trkpt>
<trkpt lat="50.053194" lon="8.586089"><ele>108.75</ele></trkpt>
<trkpt lat="50.053220" lon="8.586017"><ele>109.25</ele></trkpt>
<trkpt lat="50.053310" lon="8.585908"><ele>110.75</ele></trkpt>
<trkpt lat="50.053353" lon="8.585874"><ele>111.0</ele></trkpt>
<trkpt lat="50.053405" lon="8.585852"><ele>111.0</ele></trkpt>
<trkpt lat="50.053506" lon="8.585853"><ele>111.0</ele></trkpt>
<trkpt lat="50.053630" lon="8.585871"><ele>111.5</ele></trkpt>
<trkpt lat="50.053956" lon="8.586122"><ele>113.0</ele></trkpt>
<trkpt lat="50.054281" lon="8.586351"><ele>110.5</ele></trkpt>
<trkpt lat="50.054642" lon="8.586614"><ele>110.75</ele></trkpt>
<trkpt lat="50.054806" lon="8.586721"><ele>111.0</ele></trkpt>
<trkpt lat="50.055277" lon="8.587048"><ele>111.0</ele></trkpt>
<trkpt lat="50.055385" lon="8.587124"><ele>110.25</ele></trkpt>
<trkpt lat="50.055477" lon="8.587187"><ele>110.0</ele></trkpt>
<trkpt lat="50.055557" lon="8.587241"><ele>110.0</ele></trkpt>
<trkpt lat="50.055814" lon="8.587420"><ele>110.5</ele></trkpt>
<trkpt lat="50.055974" lon="8.587524"><ele>111.0</ele></trkpt>
<trkpt lat="50.056067" lon="8.587592"><ele>111.0</ele></trkpt>
<trkpt lat="50.056236" lon="8.587667"><ele>111.0</ele></trkpt>
<trkpt lat="50.056377" lon="8.587757"><ele>111.0</ele></trkpt>
<trkpt lat="50.056451" lon="8.587791"><ele>111.0</ele></trkpt>
<trkpt lat="50.056556" lon="8.587810"><ele>111.0</ele></trkpt>
<trkpt lat="50.056571" lon="8.587826"><ele>111.0</ele></trkpt>
<trkpt lat="50.056633" lon="8.587876"><ele>111.25</ele></trkpt>
<trkpt lat="50.056716" lon="8.587911"><ele>111.25</ele></trkpt>
<trkpt lat="50.056750" lon="8.587916"><ele>111.0</ele></trkpt>
<trkpt lat="50.056795" lon="8.587921"><ele>111.0</ele></trkpt>
<trkpt lat="50.056852" lon="8.587914"><ele>110.75</ele></trkpt>
<trkpt lat="50.056952" lon="8.587880"><ele>110.5</ele></trkpt>
<trkpt lat="50.056992" lon="8.587853"><ele>110.5</ele></trkpt>
<trkpt lat="50.057032" lon="8.587808"><ele>110.75</ele></trkpt>
<trkpt lat="50.057128" lon="8.587655"><ele>111.0</ele></trkpt>
<trkpt lat="50.057159" lon="8.587578"><ele>111.0</ele></trkpt>
<trkpt lat="50.057187" lon="8.587465"><ele>111.0</ele></trkpt>
<trkpt lat="50.057198" lon="8.587388"><ele>111.0</ele></trkpt>
<trkpt lat="50.057276" lon="8.587201"><ele>111.0</ele></trkpt>
<trkpt lat="50.057358" lon="8.587042"><ele>111.0</ele></trkpt>
<trkpt lat="50.057447" lon="8.586935"><ele>111.0</ele></trkpt>
<trkpt lat="50.057526" lon="8.586821"><ele>111.0</ele></trkpt>
<trkpt lat="50.057807" lon="8.586550"><ele>112.0</ele></trkpt>
<trkpt lat="50.057932" lon="8.586469"><ele>112.0</ele></trkpt>
<trkpt lat="50.058079" lon="8.586412"><ele>112.0</ele></trkpt>
<trkpt lat="50.058189" lon="8.586399"><ele>112.0</ele></trkpt>
<trkpt lat="50.058316" lon="8.586431"><ele>112.0</ele></trkpt>
<trkpt lat="50.058339" lon="8.586334"><ele>112.0</ele></trkpt>
<trkpt lat="50.058359" lon="8.586279"><ele>112.0</ele></trkpt>
<trkpt lat="50.058392" lon="8.586217"><ele>112.0</ele></trkpt>
<trkpt lat="50.058500" lon="8.586047"><ele>112.0</ele></trkpt>
<trkpt lat="50.058520" lon="8.585994"><ele>112.0</ele></trkpt>
<trkpt lat="50.058559" lon="8.585826"><ele>111.75</ele></trkpt>
<trkpt lat="50.058718" lon="8.584978"><ele>112.0</ele></trkpt>
<trkpt lat="50.059174" lon="8.582526"><ele>111.0</ele></trkpt>
<trkpt lat="50.059770" lon="8.579342"><ele>111.75</ele></trkpt>
<trkpt lat="50.060349" lon="8.576243"><ele>111.0</ele></trkpt>
<trkpt lat="50.060942" lon="8.573068"><ele>109.5</ele></trkpt>
<trkpt lat="50.061522" lon="8.569958"><ele>109.0</ele></trkpt>
<trkpt lat="50.062076" lon="8.566909"><ele>111.5</ele></trkpt>
<trkpt lat="50.062611" lon="8.564042"><ele>111.25</ele></trkpt>
<trkpt lat="50.063171" lon="8.560980"><ele>110.25</ele></trkpt>
<trkpt lat="50.063597" lon="8.558697"><ele>109.75</ele></trkpt>
<trkpt lat="50.063641" lon="8.558456"><ele>109.75</ele></trkpt>
<trkpt lat="50.063728" lon="8.557990"><ele>109.5</ele></trkpt>
<trkpt lat="50.063906" lon="8.557024"><ele>109.0</ele></trkpt>
<trkpt lat="50.063969" lon="8.556684"><ele>109.0</ele></trkpt>
<trkpt lat="50.064316" lon="8.554802"><ele>109.5</ele></trkpt>
<trkpt lat="50.064903" lon="8.551621"><ele>110.0</ele></trkpt>
<trkpt lat="50.065073" lon="8.550679"><ele>110.0</ele></trkpt>
<trkpt lat="50.065085" lon="8.550611"><ele>110.0</ele></trkpt>
<trkpt lat="50.065122" lon="8.550378"><ele>107.5</ele></trkpt>
<trkpt lat="50.065265" lon="8.549680"><ele>104.0</ele></trkpt>
<trkpt lat="50.065297" lon="8.549488"><ele>108.75</ele></trkpt>
<trkpt lat="50.065430" lon="8.548706"><ele>109.25</ele></trkpt>
<trkpt lat="50.065447" lon="8.548554"><ele>109.25</ele></trkpt>
<trkpt lat="50.065446" lon="8.548420"><ele>109.0</ele></trkpt>
<trkpt lat="50.065394" lon="8.547222"><ele>109.25</ele></trkpt>
<trkpt lat="50.065420" lon="8.546930"><ele>110.0</ele></trkpt>
<trkpt lat="50.065444" lon="8.546806"><ele>110.25</ele></trkpt>
<trkpt lat="50.065485" lon="8.546679"><ele>110.5</ele></trkpt>
<trkpt lat="50.065541" lon="8.546556"><ele>111.5</ele></trkpt>
<trkpt lat="50.065550" lon="8.546512"><ele>112.0</ele></trkpt>
<trkpt lat="50.065557" lon="8.546445"><ele>112.5</ele></trkpt>
<trkpt lat="50.065556" lon="8.546376"><ele>112.75</ele></trkpt>
<trkpt lat="50.065546" lon="8.546275"><ele>112.75</ele></trkpt>
<trkpt lat="50.065519" lon="8.546212"><ele>112.25</ele></trkpt>
<trkpt lat="50.065473" lon="8.546155"><ele>111.5</ele></trkpt>
<trkpt lat="50.065400" lon="8.546077"></trkpt>
<trkpt lat="50.065359" lon="8.546046"></trkpt>
<trkpt lat="50.065278" lon="8.546014"></trkpt>
<trkpt lat="50.065180" lon="8.546019"><ele>109.5</ele></trkpt>
<trkpt lat="50.065081" lon="8.546054"><ele>111.0</ele></trkpt>
<trkpt lat="50.064854" lon="8.546254"><ele>110.5</ele></trkpt>
<trkpt lat="50.064775" lon="8.546308"><ele>110.0</ele></trkpt>
<trkpt lat="50.064699" lon="8.546315"><ele>110.0</ele></trkpt>
<trkpt lat="50.064629" lon="8.546270"><ele>110.0</ele></trkpt>
<trkpt lat="50.064576" lon="8.546199"><ele>110.0</ele></trkpt>
<trkpt lat="50.064562" lon="8.545818"><ele>110.0</ele></trkpt>
<trkpt lat="50.064551" lon="8.545496"><ele>110.0</ele></trkpt>
<trkpt lat="50.064532" lon="8.544987"><ele>110.0</ele></trkpt>
<trkpt lat="50.064560" lon="8.544892"><ele>110.0</ele></trkpt>
<trkpt lat="50.064599" lon="8.544864"><ele>110.0</ele></trkpt>
<trkpt lat="50.065032" lon="8.544816"><ele>110.0</ele></trkpt>
<trkpt lat="50.065012" lon="8.543755"><ele>110.0</ele></trkpt>
<trkpt lat="50.065019" lon="8.543644"><ele>110.0</ele></trkpt>
<trkpt lat="50.065041" lon="8.543529"><ele>110.0</ele></trkpt>
<trkpt lat="50.064550" lon="8.543299"><ele>110.0</ele></trkpt>
<trkpt lat="50.064463" lon="8.543222"><ele>110.25</ele></trkpt>
<trkpt lat="50.064366" lon="8.543173"><ele>110.25</ele></trkpt>
<trkpt lat="50.064292" lon="8.543066"><ele>110.25</ele></trkpt>
<trkpt lat="50.064225" lon="8.542949"><ele>110.0</ele></trkpt>
<trkpt lat="50.064177" lon="8.542833"><ele>110.0</ele></trkpt>
<trkpt lat="50.064153" lon="8.542671"><ele>109.75</ele></trkpt>
<trkpt lat="50.064317" lon="8.541909"><ele>110.25</ele></trkpt>
<trkpt lat="50.064377" lon="8.541729"><ele>110.5</ele></trkpt>
<trkpt lat="50.064448" lon="8.541568"><ele>110.75</ele></trkpt>
<trkpt lat="50.064638" lon="8.541223"><ele>110.75</ele></trkpt>
<trkpt lat="50.064763" lon="8.541058"><ele>111.5</ele></trkpt>
<trkpt lat="50.064837" lon="8.540961"><ele>111.0</ele></trkpt>
<trkpt lat="50.064912" lon="8.540905"><ele>110.75</ele></trkpt>
<trkpt lat="50.065039" lon="8.540831"><ele>111.25</ele></trkpt>
<trkpt lat="50.065120" lon="8.540780"><ele>111.5</ele></trkpt>
<trkpt lat="50.065254" lon="8.540712"><ele>111.75</ele></trkpt>
<trkpt lat="50.065517" lon="8.540568"><ele>111.75</ele></trkpt>
<trkpt lat="50.065616" lon="8.540495"></trkpt>
<trkpt lat="50.065688" lon="8.540428"></trkpt>
<trkpt lat="50.065785" lon="8.540314"></trkpt>
<trkpt lat="50.065879" lon="8.540166"></trkpt>
<trkpt lat="50.065927" lon="8.540059"><ele>108.25</ele></trkpt>
<trkpt lat="50.065969" lon="8.539940"></trkpt>
<trkpt lat="50.065999" lon="8.539814"></trkpt>
<trkpt lat="50.066021" lon="8.539680"><ele>110.25</ele></trkpt>
<trkpt lat="50.066033" lon="8.539557"><ele>110.5</ele></trkpt>
<trkpt lat="50.066036" lon="8.539433"><ele>110.5</ele></trkpt>
<trkpt lat="50.066030" lon="8.539307"><ele>110.0</ele></trkpt>
<trkpt lat="50.066016" lon="8.539170"><ele>109.5</ele></trkpt>
<trkpt lat="50.065885" lon="8.538292"><ele>109.25</ele></trkpt>
<trkpt lat="50.065832" lon="8.537885"><ele>109.75</ele></trkpt>
<trkpt lat="50.065813" lon="8.537593"><ele>109.5</ele></trkpt>
<trkpt lat="50.065739" lon="8.537327"><ele>108.5</ele></trkpt>
<trkpt lat="50.065627" lon="8.536770"><ele>108.75</ele></trkpt>
<trkpt lat="50.065411" lon="8.535799"><ele>108.0</ele></trkpt>
<trkpt lat="50.065263" lon="8.535216"><ele>109.0</ele></trkpt>
<trkpt lat="50.065125" lon="8.534732"><ele>108.25</ele></trkpt>
<trkpt lat="50.065018" lon="8.534403"><ele>109.0</ele></trkpt>
<trkpt lat="50.064868" lon="8.533966"><ele>108.0</ele></trkpt>
<trkpt lat="50.064704" lon="8.533531"><ele>108.75</ele></trkpt>
<trkpt lat="50.064662" lon="8.533422"><ele>108.5</ele></trkpt>
<trkpt lat="50.064438" lon="8.532882"><ele>107.75</ele></trkpt>
<trkpt lat="50.063678" lon="8.531168"><ele>106.0</ele></trkpt>
<trkpt lat="50.063341" lon="8.530445"><ele>105.75</ele></trkpt>
<trkpt lat="50.063273" lon="8.530259"><ele>106.0</ele></trkpt>
<trkpt lat="50.063151" lon="8.530077"><ele>106.0</ele></trkpt>
<trkpt lat="50.062890" lon="8.529631"><ele>103.0</ele></trkpt>
<trkpt lat="50.062786" lon="8.529445"><ele>103.0</ele></trkpt>
<trkpt lat="50.062759" lon="8.529398"><ele>103.25</ele></trkpt>
<trkpt lat="50.062713" lon="8.529316"><ele>104.0</ele></trkpt>
<trkpt lat="50.062655" lon="8.529219"><ele>105.0</ele></trkpt>
<trkpt lat="50.062493" lon="8.528951"><ele>106.0</ele></trkpt>
<trkpt lat="50.062408" lon="8.528762"><ele>106.25</ele></trkpt>
<trkpt lat="50.062344" lon="8.528631"><ele>106.5</ele></trkpt>
<trkpt lat="50.062324" lon="8.528559"><ele>106.5</ele></trkpt>
<trkpt lat="50.062319" lon="8.528492"><ele>106.5</ele></trkpt>
<trkpt lat="50.062342" lon="8.528425"><ele>106.5</ele></trkpt>
<trkpt lat="50.062349" lon="8.528331"><ele>106.5</ele></trkpt>
<trkpt lat="50.062331" lon="8.528246"><ele>106.25</ele></trkpt>
<trkpt lat="50.062297" lon="8.528184"><ele>106.0</ele></trkpt>
<trkpt lat="50.062265" lon="8.528153"><ele>106.0</ele></trkpt>
<trkpt lat="50.062225" lon="8.528136"><ele>106.25</ele></trkpt>
<trkpt lat="50.062185" lon="8.528137"><ele>106.25</ele></trkpt>
<trkpt lat="50.062158" lon="8.528146"><ele>106.25</ele></trkpt>
<trkpt lat="50.062103" lon="8.528208"><ele>106.25</ele></trkpt>
<trkpt lat="50.062035" lon="8.528157"><ele>106.0</ele></trkpt>
<trkpt lat="50.061906" lon="8.528087"><ele>106.0</ele></trkpt>
<trkpt lat="50.061805" lon="8.527978"><ele>106.0</ele></trkpt>
<trkpt lat="50.061702" lon="8.527852"><ele>106.0</ele></trkpt>
<trkpt lat="50.061584" lon="8.527683"><ele>106.0</ele></trkpt>
<trkpt lat="50.060704" lon="8.526089"><ele>107.0</ele></trkpt>
<trkpt lat="50.060627" lon="8.525914"><ele>106.25</ele></trkpt>
<trkpt lat="50.060549" lon="8.525705"><ele>106.25</ele></trkpt>
<trkpt lat="50.060454" lon="8.525487"><ele>106.5</ele></trkpt>
<trkpt lat="50.060369" lon="8.525326"><ele>106.25</ele></trkpt>
<trkpt lat="50.059579" lon="8.523966"><ele>106.25</ele></trkpt>
<trkpt lat="50.057775" lon="8.520752"><ele>105.75</ele></trkpt>
<trkpt lat="50.057708" lon="8.520555"><ele>105.5</ele></trkpt>
<trkpt lat="50.057679" lon="8.520373"><ele>105.75</ele></trkpt>
<trkpt lat="50.057701" lon="8.520343"><ele>105.75</ele></trkpt>
<trkpt lat="50.057720" lon="8.520283"><ele>105.75</ele></trkpt>
<trkpt lat="50.057721" lon="8.520238"><ele>106.0</ele></trkpt>
<trkpt lat="50.057712" lon="8.520189"><ele>106.0</ele></trkpt>
<trkpt lat="50.057688" lon="8.520143"><ele>106.0</ele></trkpt>
<trkpt lat="50.057658" lon="8.520118"><ele>106.0</ele></trkpt>
<trkpt lat="50.057621" lon="8.520112"><ele>106.0</ele></trkpt>
<trkpt lat="50.057586" lon="8.520129"><ele>106.0</ele></trkpt>
<trkpt lat="50.057560" lon="8.520163"><ele>106.0</ele></trkpt>
<trkpt lat="50.057545" lon="8.520201"><ele>106.0</ele></trkpt>
<trkpt lat="50.057434" lon="8.520085"><ele>105.75</ele></trkpt>
<trkpt lat="50.057353" lon="8.519988"><ele>105.25</ele></trkpt>
<trkpt lat="50.057188" lon="8.519705"><ele>105.75</ele></trkpt>
<trkpt lat="50.055157" lon="8.516077"><ele>104.0</ele></trkpt>
<trkpt lat="50.054545" lon="8.514976"><ele>103.5</ele></trkpt>
<trkpt lat="50.054418" lon="8.514731"><ele>103.0</ele></trkpt>
<trkpt lat="50.054270" lon="8.514436"><ele>103.5</ele></trkpt>
<trkpt lat="50.054234" lon="8.514327"><ele>103.25</ele></trkpt>
<trkpt lat="50.054197" lon="8.514109"><ele>103.0</ele></trkpt>
<trkpt lat="50.054223" lon="8.514119"><ele>103.0</ele></trkpt>
<trkpt lat="50.054288" lon="8.514102"><ele>103.25</ele></trkpt>
<trkpt lat="50.054333" lon="8.514058"><ele>103.25</ele></trkpt>
<trkpt lat="50.054373" lon="8.513971"><ele>103.0</ele></trkpt>
<trkpt lat="50.054381" lon="8.513927"><ele>103.0</ele></trkpt>
<trkpt lat="50.054384" lon="8.513893"><ele>103.0</ele></trkpt>
<trkpt lat="50.054374" lon="8.513794"><ele>102.5</ele></trkpt>
<trkpt lat="50.054345" lon="8.513721"><ele>102.5</ele></trkpt>
<trkpt lat="50.054296" lon="8.513665"><ele>102.5</ele></trkpt>
<trkpt lat="50.054239" lon="8.513643"><ele>102.75</ele></trkpt>
<trkpt lat="50.054202" lon="8.513647"><ele>102.75</ele></trkpt>
<trkpt lat="50.054177" lon="8.513535"><ele>102.5</ele></trkpt>
<trkpt lat="50.054125" lon="8.513390"><ele>102.25</ele></trkpt>
<trkpt lat="50.053921" lon="8.513062"><ele>102.0</ele></trkpt>
<trkpt lat="50.053599" lon="8.512545"><ele>101.0</ele></trkpt>
<trkpt lat="50.053415" lon="8.512229"><ele>101.5</ele></trkpt>
<trkpt lat="50.053190" lon="8.511843"><ele>101.0</ele></trkpt>
<trkpt lat="50.053055" lon="8.511605"><ele>101.0</ele></trkpt>
<trkpt lat="50.052824" lon="8.511195"><ele>100.75</ele></trkpt>
<trkpt lat="50.052660" lon="8.510891"><ele>99.75</ele></trkpt>
<trkpt lat="50.052550" lon="8.510687"><ele>99.25</ele></trkpt>
<trkpt lat="50.052136" lon="8.509944"><ele>98.25</ele></trkpt>
<trkpt lat="50.051984" lon="8.509670"><ele>98.0</ele></trkpt>
<trkpt lat="50.051181" lon="8.508219"><ele>95.25</ele></trkpt>
<trkpt lat="50.050512" lon="8.507003"><ele>93.75</ele></trkpt>
<trkpt lat="50.050057" lon="8.506133"><ele>93.5</ele></trkpt>
<trkpt lat="50.049582" lon="8.505249"><ele>93.0</ele></trkpt>
<trkpt lat="50.049492" lon="8.505077"><ele>93.25</ele></trkpt>
<trkpt lat="50.049415" lon="8.504920"><ele>93.5</ele></trkpt>
<trkpt lat="50.049321" lon="8.504728"><ele>93.0</ele></trkpt>
<trkpt lat="50.049154" lon="8.504393"><ele>93.75</ele></trkpt>
<trkpt lat="50.048851" lon="8.503778"><ele>94.0</ele></trkpt>
<trkpt lat="50.048548" lon="8.503109"><ele>94.0</ele></trkpt>
<trkpt lat="50.048401" lon="8.502738"><ele>94.0</ele></trkpt>
<trkpt lat="50.047477" lon="8.500700"><ele>95.0</ele></trkpt>
<trkpt lat="50.045776" lon="8.496948"><ele>94.75</ele></trkpt>
<trkpt lat="50.045618" lon="8.496631"><ele>94.75</ele></trkpt>
<trkpt lat="50.045440" lon="8.496307"><ele>94.5</ele></trkpt>
<trkpt lat="50.045319" lon="8.496124"><ele>94.75</ele></trkpt>
<trkpt lat="50.045099" lon="8.495834"><ele>94.0</ele></trkpt>
<trkpt lat="50.044814" lon="8.495518"><ele>93.75</ele></trkpt>
<trkpt lat="50.041034" lon="8.491450"><ele>92.5</ele></trkpt>
<trkpt lat="50.038460" lon="8.488671"><ele>92.5</ele></trkpt>
<trkpt lat="50.036835" lon="8.486924"><ele>92.75</ele></trkpt>
<trkpt lat="50.036258" lon="8.486304"><ele>92.25</ele></trkpt>
<trkpt lat="50.035880" lon="8.485897"><ele>92.0</ele></trkpt>
<trkpt lat="50.035707" lon="8.485712"><ele>92.25</ele></trkpt>
<trkpt lat="50.035344" lon="8.485324"><ele>92.75</ele></trkpt>
<trkpt lat="50.035086" lon="8.485068"><ele>92.75</ele></trkpt>
<trkpt lat="50.035043" lon="8.485161"><ele>92.75</ele></trkpt>
<trkpt lat="50.035032" lon="8.485150"><ele>92.75</ele></trkpt>
<trkpt lat="50.034997" lon="8.485211"><ele>93.0</ele></trkpt>
<trkpt lat="50.034838" lon="8.485034"><ele>93.0</ele></trkpt>
<trkpt lat="50.034359" lon="8.484495"><ele>93.0</ele></trkpt>
<trkpt lat="50.034290" lon="8.484436"><ele>93.0</ele></trkpt>
<trkpt lat="50.034237" lon="8.484403"><ele>93.0</ele></trkpt>
<trkpt lat="50.034164" lon="8.484375"><ele>93.0</ele></trkpt>
<trkpt lat="50.034077" lon="8.484310"><ele>93.0</ele></trkpt>
<trkpt lat="50.034030" lon="8.484259"><ele>93.0</ele></trkpt>
<trkpt lat="50.033747" lon="8.483955"><ele>93.0</ele></trkpt>
<trkpt lat="50.033673" lon="8.483894"><ele>93.0</ele></trkpt>
<trkpt lat="50.033605" lon="8.483854"><ele>93.0</ele></trkpt>
<trkpt lat="50.033515" lon="8.483826"><ele>93.0</ele></trkpt>
<trkpt lat="50.033433" lon="8.483824"><ele>93.0</ele></trkpt>
<trkpt lat="50.033347" lon="8.483839"><ele>93.0</ele></trkpt>
<trkpt lat="50.033247" lon="8.483840"><ele>93.0</ele></trkpt>
<trkpt lat="50.033151" lon="8.483808"><ele>93.0</ele></trkpt>
<trkpt lat="50.033074" lon="8.483752"><ele>93.0</ele></trkpt>
<trkpt lat="50.033006" lon="8.483666"><ele>93.0</ele></trkpt>
<trkpt lat="50.032954" lon="8.483551"><ele>93.0</ele></trkpt>
<trkpt lat="50.032890" lon="8.483286"><ele>93.0</ele></trkpt>
<trkpt lat="50.032847" lon="8.483147"><ele>93.0</ele></trkpt>
<trkpt lat="50.032786" lon="8.483020"><ele>93.0</ele></trkpt>
<trkpt lat="50.032683" lon="8.482883"><ele>93.0</ele></trkpt>
<trkpt lat="50.031571" lon="8.481697"><ele>93.0</ele></trkpt>
<trkpt lat="50.030336" lon="8.480368"><ele>92.75</ele></trkpt>
<trkpt lat="50.030215" lon="8.480156"><ele>93.0</ele></trkpt>
<trkpt lat="50.029817" lon="8.479737"><ele>92.25</ele></trkpt>
<trkpt lat="50.029504" lon="8.479455"><ele>92.0</ele></trkpt>
<trkpt lat="50.029015" lon="8.479097"><ele>92.0</ele></trkpt>
<trkpt lat="50.028621" lon="8.478793"><ele>92.25</ele></trkpt>
<trkpt lat="50.028216" lon="8.478451"><ele>92.0</ele></trkpt>
<trkpt lat="50.027627" lon="8.477828"><ele>92.5</ele></trkpt>
<trkpt lat="50.026958" lon="8.477075"><ele>93.25</ele></trkpt>
<trkpt lat="50.026368" lon="8.476372"><ele>93.5</ele></trkpt>
<trkpt lat="50.025898" lon="8.475801"><ele>91.75</ele></trkpt>
<trkpt lat="50.025234" lon="8.475015"><ele>93.5</ele></trkpt>
<trkpt lat="50.023121" lon="8.472481"><ele>91.5</ele></trkpt>
<trkpt lat="50.022942" lon="8.472297"><ele>91.5</ele></trkpt>
<trkpt lat="50.022731" lon="8.472053"><ele>92.0</ele></trkpt>
<trkpt lat="50.022424" lon="8.471625"><ele>91.0</ele></trkpt>
<trkpt lat="50.022068" lon="8.471290"><ele>91.25</ele></trkpt>
<trkpt lat="50.020749" lon="8.469730"><ele>92.5</ele></trkpt>
<trkpt lat="50.020692" lon="8.469655"><ele>92.25</ele></trkpt>
<trkpt lat="50.020631" lon="8.469502"><ele>91.75</ele></trkpt>
<trkpt lat="50.020604" lon="8.469450"><ele>91.75</ele></trkpt>
<trkpt lat="50.020464" lon="8.469274"><ele>92.0</ele></trkpt>
<trkpt lat="50.020263" lon="8.469067"><ele>92.0</ele></trkpt>
<trkpt lat="50.019662" lon="8.468380"><ele>92.0</ele></trkpt>
<trkpt lat="50.018777" lon="8.467341"><ele>91.0</ele></trkpt>
<trkpt lat="50.018727" lon="8.467254"><ele>91.0</ele></trkpt>
<trkpt lat="50.018665" lon="8.467227"><ele>91.0</ele></trkpt>
<trkpt lat="50.018599" lon="8.467171"><ele>91.0</ele></trkpt>
<trkpt lat="50.018354" lon="8.466872"><ele>91.75</ele></trkpt>
<trkpt lat="50.018327" lon="8.466817"><ele>92.0</ele></trkpt>
<trkpt lat="50.018308" lon="8.466755"><ele>92.0</ele></trkpt>
<trkpt lat="50.018273" lon="8.466641"><ele>92.0</ele></trkpt>
<trkpt lat="50.018302" lon="8.466602"><ele>92.0</ele></trkpt>
<trkpt lat="50.018320" lon="8.466550"><ele>92.0</ele></trkpt>
<trkpt lat="50.018322" lon="8.466480"><ele>92.0</ele></trkpt>
<trkpt lat="50.018306" lon="8.466415"><ele>92.0</ele></trkpt>
<trkpt lat="50.018278" lon="8.466373"><ele>91.75</ele></trkpt>
<trkpt lat="50.018242" lon="8.466351"><ele>91.75</ele></trkpt>
<trkpt lat="50.018204" lon="8.466351"><ele>91.75</ele></trkpt>
<trkpt lat="50.018168" lon="8.466374"><ele>91.75</ele></trkpt>
<trkpt lat="50.018092" lon="8.466360"><ele>91.75</ele></trkpt>
<trkpt lat="50.018027" lon="8.466332"><ele>91.75</ele></trkpt>
<trkpt lat="50.017938" lon="8.466294"><ele>91.5</ele></trkpt>
<trkpt lat="50.017872" lon="8.466251"><ele>91.5</ele></trkpt>
<trkpt lat="50.017781" lon="8.466179"><ele>91.0</ele></trkpt>
<trkpt lat="50.017709" lon="8.466106"><ele>91.0</ele></trkpt>
<trkpt lat="50.017640" lon="8.466027"><ele>91.25</ele></trkpt>
<trkpt lat="50.017424" lon="8.465772"><ele>91.0</ele></trkpt>
<trkpt lat="50.016949" lon="8.465219"><ele>90.75</ele></trkpt>
<trkpt lat="50.016441" lon="8.464608"><ele>90.75</ele></trkpt>
<trkpt lat="50.016121" lon="8.464229"><ele>90.75</ele></trkpt>
<trkpt lat="50.015714" lon="8.463746"><ele>91.0</ele></trkpt>
<trkpt lat="50.015571" lon="8.463533"><ele>90.75</ele></trkpt>
<trkpt lat="50.015492" lon="8.463390"><ele>91.0</ele></trkpt>
<trkpt lat="50.015440" lon="8.463264"><ele>91.0</ele></trkpt>
<trkpt lat="50.015363" lon="8.463043"><ele>90.75</ele></trkpt>
<trkpt lat="50.015306" lon="8.462838"><ele>90.75</ele></trkpt>
<trkpt lat="50.015277" lon="8.462706"><ele>90.5</ele></trkpt>
<trkpt lat="50.015229" lon="8.462429"><ele>90.0</ele></trkpt>
<trkpt lat="50.015211" lon="8.462223"><ele>90.0</ele></trkpt>
<trkpt lat="50.015206" lon="8.462030"><ele>90.25</ele></trkpt>
<trkpt lat="50.015209" lon="8.461656"><ele>90.0</ele></trkpt>
<trkpt lat="50.015211" lon="8.461536"><ele>90.0</ele></trkpt>
<trkpt lat="50.015236" lon="8.460787"><ele>90.0</ele></trkpt>
<trkpt lat="50.015252" lon="8.460350"><ele>89.25</ele></trkpt>
<trkpt lat="50.015270" lon="8.459800"><ele>89.0</ele></trkpt>
<trkpt lat="50.015280" lon="8.459383"><ele>89.0</ele></trkpt>
<trkpt lat="50.015299" lon="8.458633"><ele>89.75</ele></trkpt>
<trkpt lat="50.015301" lon="8.458584"><ele>90.0</ele></trkpt>
<trkpt lat="50.015347" lon="8.457472"><ele>90.0</ele></trkpt>
<trkpt lat="50.015377" lon="8.457065"><ele>90.0</ele></trkpt>
<trkpt lat="50.015440" lon="8.456168"><ele>90.0</ele></trkpt>
<trkpt lat="50.015455" lon="8.455948"><ele>90.0</ele></trkpt>
<trkpt lat="50.015469" lon="8.455777"><ele>90.0</ele></trkpt>
<trkpt lat="50.015519" lon="8.455185"><ele>90.0</ele></trkpt>
<trkpt lat="50.015588" lon="8.454373"><ele>90.0</ele></trkpt>
<trkpt lat="50.015602" lon="8.454167"><ele>90.0</ele></trkpt>
<trkpt lat="50.015602" lon="8.453962"><ele>90.0</ele></trkpt>
<trkpt lat="50.015579" lon="8.453808"><ele>90.0</ele></trkpt>
<trkpt lat="50.015546" lon="8.453701"><ele>90.0</ele></trkpt>
<trkpt lat="50.015435" lon="8.453471"><ele>90.0</ele></trkpt>
<trkpt lat="50.015250" lon="8.453042"><ele>90.0</ele></trkpt>
<trkpt lat="50.015119" lon="8.452697"><ele>90.5</ele></trkpt>
<trkpt lat="50.014976" lon="8.452311"><ele>90.0</ele></trkpt>
<trkpt lat="50.014908" lon="8.452136"><ele>90.0</ele></trkpt>
<trkpt lat="50.014802" lon="8.451844"><ele>90.0</ele></trkpt>
<trkpt lat="50.014607" lon="8.451232"><ele>90.25</ele></trkpt>
<trkpt lat="50.014375" lon="8.450594"><ele>91.0</ele></trkpt>
<trkpt lat="50.014217" lon="8.450176"><ele>91.0</ele></trkpt>
<trkpt lat="50.014186" lon="8.450092"><ele>91.0</ele></trkpt>
<trkpt lat="50.013990" lon="8.449569"><ele>91.0</ele></trkpt>
<trkpt lat="50.013757" lon="8.448926"><ele>90.75</ele></trkpt>
<trkpt lat="50.013719" lon="8.448824"><ele>91.0</ele></trkpt>
<trkpt lat="50.013520" lon="8.448293"><ele>91.0</ele></trkpt>
<trkpt lat="50.013394" lon="8.447980"><ele>91.0</ele></trkpt>
<trkpt lat="50.013243" lon="8.447635"><ele>91.0</ele></trkpt>
<trkpt lat="50.013174" lon="8.447475"><ele>91.0</ele></trkpt>
<trkpt lat="50.013021" lon="8.447136"><ele>90.75</ele></trkpt>
<trkpt lat="50.012958" lon="8.446997"><ele>90.75</ele></trkpt>
<trkpt lat="50.012809" lon="8.446658"><ele>91.0</ele></trkpt>
<trkpt lat="50.012548" lon="8.446081"><ele>90.75</ele></trkpt>
<trkpt lat="50.012434" lon="8.445831"><ele>90.75</ele></trkpt>
<trkpt lat="50.012011" lon="8.444974"><ele>90.75</ele></trkpt>
<trkpt lat="50.011233" lon="8.443457"><ele>90.25</ele></trkpt>
<trkpt lat="50.011087" lon="8.443164"><ele>90.75</ele></trkpt>
<trkpt lat="50.011069" lon="8.443127"><ele>90.75</ele></trkpt>
<trkpt lat="50.011021" lon="8.443031"><ele>90.5</ele></trkpt>
<trkpt lat="50.010963" lon="8.442911"><ele>90.5</ele></trkpt>
<trkpt lat="50.010928" lon="8.442842"><ele>90.75</ele></trkpt>
<trkpt lat="50.010902" lon="8.442791"><ele>90.75</ele></trkpt>
<trkpt lat="50.010797" lon="8.442578"><ele>90.75</ele></trkpt>
<trkpt lat="50.010007" lon="8.440917"><ele>90.75</ele></trkpt>
<trkpt lat="50.009755" lon="8.440406"><ele>90.75</ele></trkpt>
<trkpt lat="50.009696" lon="8.440286"><ele>91.0</ele></trkpt>
<trkpt lat="50.009602" lon="8.440094"><ele>91.0</ele></trkpt>
<trkpt lat="50.009367" lon="8.439624"><ele>91.0</ele></trkpt>
<trkpt lat="50.009272" lon="8.439433"><ele>90.75</ele></trkpt>
<trkpt lat="50.009209" lon="8.439300"><ele>90.75</ele></trkpt>
<trkpt lat="50.009001" lon="8.438869"><ele>90.25</ele></trkpt>
<trkpt lat="50.008939" lon="8.438729"><ele>90.5</ele></trkpt>
<trkpt lat="50.008860" lon="8.438419"><ele>90.75</ele></trkpt>
<trkpt lat="50.008874" lon="8.438376"><ele>90.75</ele></trkpt>
<trkpt lat="50.008879" lon="8.438328"><ele>90.75</ele></trkpt>
<trkpt lat="50.008873" lon="8.438280"><ele>90.75</ele></trkpt>
<trkpt lat="50.008854" lon="8.438234"><ele>90.5</ele></trkpt>
<trkpt lat="50.008825" lon="8.438203"><ele>90.5</ele></trkpt>
<trkpt lat="50.008793" lon="8.438192"><ele>90.5</ele></trkpt>
<trkpt lat="50.008737" lon="8.438136"><ele>90.5</ele></trkpt>
<trkpt lat="50.008587" lon="8.437894"><ele>90.25</ele></trkpt>
<trkpt lat="50.008491" lon="8.437701"><ele>90.5</ele></trkpt>
<trkpt lat="50.008210" lon="8.437133"><ele>90.25</ele></trkpt>
<trkpt lat="50.008151" lon="8.437015"><ele>91.0</ele></trkpt>
<trkpt lat="50.007976" lon="8.436563"><ele>90.0</ele></trkpt>
<trkpt lat="50.007924" lon="8.436414"><ele>90.25</ele></trkpt>
<trkpt lat="50.007889" lon="8.436210"><ele>90.0</ele></trkpt>
<trkpt lat="50.007898" lon="8.436162"><ele>90.0</ele></trkpt>
<trkpt lat="50.007900" lon="8.436111"><ele>90.0</ele></trkpt>
<trkpt lat="50.007893" lon="8.436061"><ele>90.0</ele></trkpt>
<trkpt lat="50.007876" lon="8.436010"><ele>90.0</ele></trkpt>
<trkpt lat="50.007851" lon="8.435969"><ele>90.0</ele></trkpt>
<trkpt lat="50.007819" lon="8.435940"><ele>90.0</ele></trkpt>
<trkpt lat="50.007783" lon="8.435926"><ele>90.0</ele></trkpt>
<trkpt lat="50.007734" lon="8.435932"><ele>90.0</ele></trkpt>
<trkpt lat="50.007674" lon="8.435893"><ele>90.25</ele></trkpt>
<trkpt lat="50.007617" lon="8.435837"><ele>90.5</ele></trkpt>
<trkpt lat="50.007562" lon="8.435770"><ele>90.5</ele></trkpt>
<trkpt lat="50.007422" lon="8.435596"><ele>90.0</ele></trkpt>
<trkpt lat="50.007259" lon="8.435270"><ele>90.5</ele></trkpt>
<trkpt lat="50.007120" lon="8.434945"><ele>90.0</ele></trkpt>
<trkpt lat="50.006993" lon="8.434715"><ele>90.75</ele></trkpt>
<trkpt lat="50.006944" lon="8.434634"><ele>90.5</ele></trkpt>
<trkpt lat="50.006674" lon="8.434206"><ele>90.0</ele></trkpt>
<trkpt lat="50.006113" lon="8.433076"><ele>90.75</ele></trkpt>
<trkpt lat="50.005317" lon="8.431521"><ele>89.25</ele></trkpt>
<trkpt lat="50.004969" lon="8.430749"><ele>89.5</ele></trkpt>
<trkpt lat="50.004582" lon="8.429962"><ele>90.0</ele></trkpt>
<trkpt lat="50.004485" lon="8.430054"><ele>90.0</ele></trkpt>
<trkpt lat="50.004228" lon="8.430251"><ele>90.0</ele></trkpt>
<trkpt lat="50.004002" lon="8.430427"><ele>89.5</ele></trkpt>
<trkpt lat="50.003532" lon="8.430781"><ele>89.0</ele></trkpt>
<trkpt lat="50.002242" lon="8.431579"><ele>88.75</ele></trkpt>
<trkpt lat="50.001996" lon="8.431745"><ele>89.0</ele></trkpt>
<trkpt lat="50.001836" lon="8.431852"><ele>89.0</ele></trkpt>
<trkpt lat="50.001669" lon="8.431974"><ele>89.0</ele></trkpt>
<trkpt lat="50.001380" lon="8.432188"><ele>89.0</ele></trkpt>
<trkpt lat="50.001190" lon="8.432336"><ele>88.75</ele></trkpt>
<trkpt lat="50.000886" lon="8.432600"><ele>89.0</ele></trkpt>
<trkpt lat="50.000790" lon="8.432693"><ele>89.0</ele></trkpt>
<trkpt lat="50.000606" lon="8.432865"><ele>89.0</ele></trkpt>
<trkpt lat="50.000182" lon="8.433303"><ele>89.0</ele></trkpt>
<trkpt lat="50.000083" lon="8.433409"><ele>88.75</ele></trkpt>
<trkpt lat="49.999966" lon="8.433548"><ele>88.0</ele></trkpt>
<trkpt lat="49.999794" lon="8.433750"><ele>88.0</ele></trkpt>
<trkpt lat="49.999706" lon="8.433854"><ele>88.0</ele></trkpt>
<trkpt lat="49.999621" lon="8.433944"><ele>87.75</ele></trkpt>
<trkpt lat="49.999506" lon="8.434048"><ele>87.0</ele></trkpt>
<trkpt lat="49.999235" lon="8.434345"><ele>86.0</ele></trkpt>
<trkpt lat="49.998665" lon="8.434972"><ele>85.0</ele></trkpt>
<trkpt lat="49.998210" lon="8.435471"><ele>85.5</ele></trkpt>
<trkpt lat="49.997922" lon="8.435785"><ele>85.75</ele></trkpt>
<trkpt lat="49.997870" lon="8.435768"><ele>86.0</ele></trkpt>
<trkpt lat="49.997786" lon="8.435818"><ele>86.0</ele></trkpt>
<trkpt lat="49.997728" lon="8.435804"><ele>86.25</ele></trkpt>
<trkpt lat="49.997665" lon="8.435759"><ele>86.5</ele></trkpt>
<trkpt lat="49.997618" lon="8.435744"><ele>86.5</ele></trkpt>
<trkpt lat="49.997460" lon="8.435396"><ele>87.5</ele></trkpt>
<trkpt lat="49.997213" lon="8.434857"><ele>88.0</ele></trkpt>
<trkpt lat="49.996909" lon="8.434199"><ele>88.0</ele></trkpt>
<trkpt lat="49.996540" lon="8.433375"><ele>88.0</ele></trkpt>
<trkpt lat="49.996342" lon="8.432946"><ele>88.0</ele></trkpt>
<trkpt lat="49.996237" lon="8.432715"><ele>88.0</ele></trkpt>
<trkpt lat="49.996071" lon="8.432353"><ele>88.0</ele></trkpt>
<trkpt lat="49.996021" lon="8.432244"><ele>88.0</ele></trkpt>
<trkpt lat="49.995709" lon="8.431560"><ele>88.0</ele></trkpt>
<trkpt lat="49.995634" lon="8.431395"><ele>88.0</ele></trkpt>
<trkpt lat="49.995545" lon="8.431199"><ele>88.0</ele></trkpt>
<trkpt lat="49.995282" lon="8.430611"><ele>88.0</ele></trkpt>
<trkpt lat="49.995182" lon="8.430391"><ele>88.0</ele></trkpt>
<trkpt lat="49.995072" lon="8.430175"><ele>88.0</ele></trkpt>
<trkpt lat="49.994886" lon="8.429864"><ele>88.0</ele></trkpt>
<trkpt lat="49.994649" lon="8.429580"><ele>88.0</ele></trkpt>
<trkpt lat="49.994461" lon="8.429417"><ele>87.75</ele></trkpt>
<trkpt lat="49.994371" lon="8.429348"><ele>88.0</ele></trkpt>
<trkpt lat="49.993983" lon="8.429092"><ele>88.0</ele></trkpt>
<trkpt lat="49.993664" lon="8.428880"><ele>88.0</ele></trkpt>
<trkpt lat="49.993612" lon="8.428845"><ele>88.0</ele></trkpt>
<trkpt lat="49.993407" lon="8.428710"><ele>88.0</ele></trkpt>
<trkpt lat="49.993292" lon="8.428632"><ele>88.0</ele></trkpt>
<trkpt lat="49.993032" lon="8.428454"><ele>88.0</ele></trkpt>
<trkpt lat="49.992906" lon="8.428374"><ele>88.0</ele></trkpt>
<trkpt lat="49.991811" lon="8.427770"><ele>89.0</ele></trkpt>
<trkpt lat="49.991739" lon="8.427737"><ele>88.75</ele></trkpt>
<trkpt lat="49.991302" lon="8.427611"><ele>89.0</ele></trkpt>
<trkpt lat="49.990104" lon="8.427266"><ele>89.0</ele></trkpt>
<trkpt lat="49.990054" lon="8.427251"><ele>89.0</ele></trkpt>
<trkpt lat="49.989963" lon="8.427128"><ele>89.0</ele></trkpt>
<trkpt lat="49.989917" lon="8.427166"><ele>89.0</ele></trkpt>
<trkpt lat="49.989867" lon="8.427195"><ele>89.0</ele></trkpt>
<trkpt lat="49.989812" lon="8.427182"><ele>88.75</ele></trkpt>
<trkpt lat="49.989701" lon="8.427150"><ele>89.0</ele></trkpt>
<trkpt lat="49.989572" lon="8.427102"><ele>89.0</ele></trkpt>
<trkpt lat="49.989098" lon="8.426955"><ele>89.0</ele></trkpt>
<trkpt lat="49.989029" lon="8.426918"><ele>89.0</ele></trkpt>
<trkpt lat="49.988970" lon="8.426900"><ele>89.0</ele></trkpt>
<trkpt lat="49.988930" lon="8.426889"><ele>89.0</ele></trkpt>
<trkpt lat="49.988844" lon="8.426871"><ele>89.0</ele></trkpt>
<trkpt lat="49.988778" lon="8.426868"><ele>89.0</ele></trkpt>
<trkpt lat="49.988676" lon="8.426879"><ele>89.0</ele></trkpt>
<trkpt lat="49.988625" lon="8.426902"><ele>89.0</ele></trkpt>
<trkpt lat="49.988343" lon="8.427095"><ele>89.0</ele></trkpt>
<trkpt lat="49.988158" lon="8.427175"><ele>89.0</ele></trkpt>
<trkpt lat="49.987855" lon="8.427304"><ele>89.0</ele></trkpt>
<trkpt lat="49.987753" lon="8.427348"><ele>89.0</ele></trkpt>
<trkpt lat="49.987577" lon="8.427451"><ele>89.0</ele></trkpt>
<trkpt lat="49.987474" lon="8.427511"><ele>89.0</ele></trkpt>
<trkpt lat="49.987310" lon="8.427643"><ele>89.0</ele></trkpt>
<trkpt lat="49.986730" lon="8.428217"><ele>88.75</ele></trkpt>
<trkpt lat="49.986246" lon="8.428699"><ele>89.0</ele></trkpt>
<trkpt lat="49.985975" lon="8.428952"><ele>89.0</ele></trkpt>
<trkpt lat="49.985718" lon="8.429167"><ele>89.0</ele></trkpt>
<trkpt lat="49.985424" lon="8.429402"><ele>89.0</ele></trkpt>
<trkpt lat="49.985344" lon="8.429467"><ele>89.0</ele></trkpt>
<trkpt lat="49.985255" lon="8.429539"><ele>89.0</ele></trkpt>
<trkpt lat="49.984883" lon="8.429843"><ele>89.0</ele></trkpt>
<trkpt lat="49.984859" lon="8.429863"><ele>89.0</ele></trkpt>
<trkpt lat="49.984835" lon="8.429883"><ele>89.0</ele></trkpt>
<trkpt lat="49.984807" lon="8.429802"><ele>89.0</ele></trkpt>
<trkpt lat="49.984589" lon="8.429166"><ele>88.5</ele></trkpt>
<trkpt lat="49.984563" lon="8.429126"><ele>88.25</ele></trkpt>
<trkpt lat="49.984531" lon="8.429076"><ele>88.0</ele></trkpt>
<trkpt lat="49.984387" lon="8.428665"><ele>88.0</ele></trkpt>
<trkpt lat="49.984295" lon="8.428392"><ele>87.5</ele></trkpt>
<trkpt lat="49.984233" lon="8.428206"><ele>87.0</ele></trkpt>
<trkpt lat="49.984197" lon="8.428088"><ele>87.0</ele></trkpt>
<trkpt lat="49.983535" lon="8.428566"><ele>86.75</ele></trkpt>
<trkpt lat="49.983295" lon="8.428734"><ele>87.25</ele></trkpt>
<trkpt lat="49.982971" lon="8.428889"><ele>88.0</ele></trkpt>
<trkpt lat="49.982816" lon="8.428937"><ele>88.0</ele></trkpt>
<trkpt lat="49.982755" lon="8.428948"><ele>87.75</ele></trkpt>
<trkpt lat="49.982573" lon="8.428986"><ele>87.0</ele></trkpt>
<trkpt lat="49.982428" lon="8.428996"><ele>86.75</ele></trkpt>
<trkpt lat="49.982249" lon="8.429001"><ele>86.75</ele></trkpt>
<trkpt lat="49.982077" lon="8.428975"><ele>87.5</ele></trkpt>
<trkpt lat="49.982013" lon="8.428964"><ele>87.75</ele></trkpt>
<trkpt lat="49.981830" lon="8.428916"><ele>88.0</ele></trkpt>
<trkpt lat="49.981588" lon="8.428823"><ele>87.5</ele></trkpt>
<trkpt lat="49.981308" lon="8.428677"><ele>87.5</ele></trkpt>
<trkpt lat="49.980731" lon="8.428268"><ele>87.25</ele></trkpt>
<trkpt lat="49.980289" lon="8.427955"><ele>87.5</ele></trkpt>
<trkpt lat="49.980174" lon="8.427869"><ele>87.25</ele></trkpt>
<trkpt lat="49.980089" lon="8.427812"><ele>87.0</ele></trkpt>
<trkpt lat="49.980040" lon="8.427805"><ele>87.0</ele></trkpt>
<trkpt lat="49.980009" lon="8.427817"><ele>87.0</ele></trkpt>
<trkpt lat="49.979861" lon="8.427881"><ele>87.0</ele></trkpt>
<trkpt lat="49.979784" lon="8.427923"><ele>87.0</ele></trkpt>
<trkpt lat="49.979701" lon="8.427969"><ele>87.25</ele></trkpt>
<trkpt lat="49.979570" lon="8.428056"><ele>87.25</ele></trkpt>
<trkpt lat="49.979349" lon="8.428115"><ele>87.0</ele></trkpt>
<trkpt lat="49.979253" lon="8.428090"><ele>87.0</ele></trkpt>
<trkpt lat="49.979193" lon="8.428043"><ele>86.75</ele></trkpt>
<trkpt lat="49.979105" lon="8.427965"><ele>87.0</ele></trkpt>
<trkpt lat="49.978930" lon="8.427325"><ele>86.5</ele></trkpt>
<trkpt lat="49.978868" lon="8.427102"><ele>86.75</ele></trkpt>
<trkpt lat="49.978739" lon="8.426631"><ele>86.0</ele></trkpt>
<trkpt lat="49.978714" lon="8.426593"><ele>86.0</ele></trkpt>
<trkpt lat="49.978683" lon="8.426570"><ele>86.0</ele></trkpt>
<trkpt lat="49.978660" lon="8.426573"><ele>86.0</ele></trkpt>
<trkpt lat="49.978635" lon="8.426596"><ele>86.0</ele></trkpt>
<trkpt lat="49.978539" lon="8.426784"><ele>86.0</ele></trkpt>
<trkpt lat="49.978450" lon="8.426902"><ele>86.0</ele></trkpt>
<trkpt lat="49.978413" lon="8.426924"><ele>86.0</ele></trkpt>
<trkpt lat="49.978371" lon="8.426951"><ele>86.0</ele></trkpt>
<trkpt lat="49.978248" lon="8.427033"><ele>86.5</ele></trkpt>
<trkpt lat="49.977693" lon="8.427400"><ele>86.75</ele></trkpt>
<trkpt lat="49.977393" lon="8.427666"><ele>87.75</ele></trkpt>
<trkpt lat="49.977272" lon="8.427828"><ele>88.0</ele></trkpt>
<trkpt lat="49.977181" lon="8.427962"><ele>88.0</ele></trkpt>
<trkpt lat="49.977046" lon="8.428194"><ele>88.0</ele></trkpt>
<trkpt lat="49.977011" lon="8.428270"><ele>87.75</ele></trkpt>
<trkpt lat="49.976881" lon="8.428546"><ele>87.25</ele></trkpt>
<trkpt lat="49.976839" lon="8.428636"><ele>87.25</ele></trkpt>
<trkpt lat="49.976764" lon="8.428795"><ele>87.5</ele></trkpt>
<trkpt lat="49.976649" lon="8.428997"><ele>88.0</ele></trkpt>
<trkpt lat="49.976509" lon="8.429158"><ele>88.0</ele></trkpt>
<trkpt lat="49.976369" lon="8.429264"><ele>88.0</ele></trkpt>
<trkpt lat="49.976183" lon="8.429340"><ele>88.5</ele></trkpt>
<trkpt lat="49.975989" lon="8.429368"><ele>88.75</ele></trkpt>
<trkpt lat="49.974919" lon="8.429453"><ele>91.25</ele></trkpt>
<trkpt lat="49.974536" lon="8.429480"><ele>90.25</ele></trkpt>
<trkpt lat="49.972679" lon="8.429634"><ele>88.0</ele></trkpt>
<trkpt lat="49.971795" lon="8.429683"><ele>88.0</ele></trkpt>
<trkpt lat="49.970723" lon="8.429743"><ele>88.75</ele></trkpt>
<trkpt lat="49.970298" lon="8.429782"><ele>88.0</ele></trkpt>
<trkpt lat="49.969763" lon="8.429803"><ele>87.0</ele></trkpt>
<trkpt lat="49.968374" lon="8.430311"><ele>87.25</ele></trkpt>
<trkpt lat="49.968850" lon="8.432830"><ele>85.75</ele></trkpt>
<trkpt lat="49.969260" lon="8.432644"><ele>85.75</ele></trkpt>
<trkpt lat="49.969545" lon="8.432607"><ele>86.0</ele></trkpt>
<trkpt lat="49.969477" lon="8.433485"><ele>86.0</ele></trkpt>
<trkpt lat="49.969021" lon="8.439601"><ele>87.75</ele></trkpt>
<trkpt lat="49.968895" lon="8.441297"><ele>88.5</ele></trkpt>
<trkpt lat="49.968788" lon="8.441398"><ele>88.5</ele></trkpt>
<trkpt lat="49.968039" lon="8.441959"><ele>89.0</ele></trkpt>
<trkpt lat="49.967918" lon="8.442023"><ele>89.0</ele></trkpt>
<trkpt lat="49.967753" lon="8.442076"><ele>88.75</ele></trkpt>
<trkpt lat="49.967657" lon="8.442163"><ele>88.75</ele></trkpt>
<trkpt lat="49.967613" lon="8.442203"><ele>88.75</ele></trkpt>
<trkpt lat="49.967518" lon="8.442229"><ele>88.75</ele></trkpt>
<trkpt lat="49.967437" lon="8.442318"><ele>88.75</ele></trkpt>
<trkpt lat="49.967425" lon="8.442370"><ele>88.5</ele></trkpt>
<trkpt lat="49.967345" lon="8.442489"><ele>88.25</ele></trkpt>
<trkpt lat="49.966858" lon="8.442871"><ele>88.0</ele></trkpt>
<trkpt lat="49.966286" lon="8.443295"><ele>88.5</ele></trkpt>
<trkpt lat="49.966029" lon="8.443437"><ele>88.0</ele></trkpt>
<trkpt lat="49.965746" lon="8.443575"><ele>87.75</ele></trkpt>
<trkpt lat="49.965224" lon="8.443685"><ele>88.25</ele></trkpt>
<trkpt lat="49.964384" lon="8.443741"><ele>88.0</ele></trkpt>
<trkpt lat="49.964378" lon="8.443879"><ele>88.0</ele></trkpt>
<trkpt lat="49.963261" lon="8.443776"><ele>87.5</ele></trkpt>
<trkpt lat="49.962856" lon="8.443754"><ele>87.5</ele></trkpt>
<trkpt lat="49.962669" lon="8.443752"><ele>87.25</ele></trkpt>
<trkpt lat="49.962304" lon="8.443773"><ele>87.0</ele></trkpt>
<trkpt lat="49.961891" lon="8.443842"><ele>87.0</ele></trkpt>
<trkpt lat="49.961404" lon="8.443969"><ele>87.5</ele></trkpt>
<trkpt lat="49.961201" lon="8.444045"><ele>87.75</ele></trkpt>
<trkpt lat="49.961149" lon="8.444066"><ele>87.75</ele></trkpt>
<trkpt lat="49.961087" lon="8.444091"><ele>88.0</ele></trkpt>
<trkpt lat="49.960989" lon="8.444130"><ele>88.0</ele></trkpt>
<trkpt lat="49.960898" lon="8.444175"><ele>87.75</ele></trkpt>
<trkpt lat="49.960679" lon="8.444282"><ele>88.0</ele></trkpt>
<trkpt lat="49.959977" lon="8.444675"><ele>87.75</ele></trkpt>
<trkpt lat="49.959246" lon="8.445215"><ele>87.75</ele></trkpt>
<trkpt lat="49.958760" lon="8.445696"><ele>88.25</ele></trkpt>
<trkpt lat="49.958324" lon="8.446160"><ele>88.75</ele></trkpt>
<trkpt lat="49.957816" lon="8.446786"><ele>88.25</ele></trkpt>
<trkpt lat="49.957374" lon="8.447430"><ele>89.0</ele></trkpt>
<trkpt lat="49.957055" lon="8.447957"><ele>89.25</ele></trkpt>
<trkpt lat="49.956664" lon="8.448726"><ele>89.0</ele></trkpt>
<trkpt lat="49.956463" lon="8.449095"><ele>89.0</ele></trkpt>
<trkpt lat="49.956039" lon="8.449962"><ele>88.75</ele></trkpt>
<trkpt lat="49.955987" lon="8.450065"><ele>88.5</ele></trkpt>
<trkpt lat="49.955923" lon="8.450191"><ele>88.75</ele></trkpt>
<trkpt lat="49.955704" lon="8.450598"><ele>89.25</ele></trkpt>
<trkpt lat="49.955366" lon="8.451268"><ele>88.0</ele></trkpt>
<trkpt lat="49.955322" lon="8.451352"><ele>88.5</ele></trkpt>
<trkpt lat="49.955301" lon="8.451393"><ele>88.75</ele></trkpt>
<trkpt lat="49.955230" lon="8.451532"><ele>88.25</ele></trkpt>
<trkpt lat="49.955067" lon="8.451849"><ele>88.25</ele></trkpt>
<trkpt lat="49.954975" lon="8.452028"><ele>88.75</ele></trkpt>
<trkpt lat="49.954854" lon="8.452260"><ele>88.25</ele></trkpt>
<trkpt lat="49.954828" lon="8.452308"><ele>88.25</ele></trkpt>
<trkpt lat="49.954795" lon="8.452370"><ele>88.25</ele></trkpt>
<trkpt lat="49.954732" lon="8.452491"><ele>88.0</ele></trkpt>
<trkpt lat="49.954712" lon="8.452528"><ele>88.0</ele></trkpt>
<trkpt lat="49.954609" lon="8.452710"><ele>88.0</ele></trkpt>
<trkpt lat="49.954496" lon="8.452892"><ele>88.0</ele></trkpt>
<trkpt lat="49.954271" lon="8.453213"><ele>88.0</ele></trkpt>
<trkpt lat="49.954177" lon="8.453325"><ele>88.0</ele></trkpt>
<trkpt lat="49.954147" lon="8.453368"><ele>88.0</ele></trkpt>
<trkpt lat="49.953268" lon="8.454364"><ele>88.0</ele></trkpt>
<trkpt lat="49.951858" lon="8.456034"><ele>88.0</ele></trkpt>
<trkpt lat="49.951426" lon="8.456574"><ele>88.0</ele></trkpt>
<trkpt lat="49.951370" lon="8.456644"><ele>88.0</ele></trkpt>
<trkpt lat="49.951220" lon="8.456831"><ele>88.0</ele></trkpt>
<trkpt lat="49.951194" lon="8.456864"><ele>88.0</ele></trkpt>
<trkpt lat="49.951112" lon="8.456968"><ele>88.0</ele></trkpt>
<trkpt lat="49.951038" lon="8.457056"><ele>88.0</ele></trkpt>
<trkpt lat="49.951016" lon="8.457084"><ele>88.0</ele></trkpt>
<trkpt lat="49.950864" lon="8.457271"><ele>87.75</ele></trkpt>
<trkpt lat="49.950507" lon="8.457693"><ele>88.0</ele></trkpt>
<trkpt lat="49.950404" lon="8.457824"><ele>88.0</ele></trkpt>
<trkpt lat="49.950365" lon="8.457876"><ele>87.75</ele></trkpt>
<trkpt lat="49.950320" lon="8.457922"><ele>88.0</ele></trkpt>
<trkpt lat="49.949983" lon="8.458279"><ele>88.0</ele></trkpt>
<trkpt lat="49.949900" lon="8.458365"><ele>88.0</ele></trkpt>
<trkpt lat="49.949821" lon="8.458448"><ele>88.25</ele></trkpt>
<trkpt lat="49.949800" lon="8.458409"><ele>88.25</ele></trkpt>
<trkpt lat="49.949774" lon="8.458380"><ele>88.0</ele></trkpt>
<trkpt lat="49.949743" lon="8.458364"><ele>88.0</ele></trkpt>
<trkpt lat="49.949711" lon="8.458361"><ele>88.0</ele></trkpt>
<trkpt lat="49.949680" lon="8.458373"><ele>88.0</ele></trkpt>
<trkpt lat="49.949652" lon="8.458398"><ele>88.0</ele></trkpt>
<trkpt lat="49.949628" lon="8.458437"><ele>88.0</ele></trkpt>
<trkpt lat="49.949613" lon="8.458485"><ele>88.25</ele></trkpt>
<trkpt lat="49.949607" lon="8.458538"><ele>88.25</ele></trkpt>
<trkpt lat="49.949612" lon="8.458591"><ele>88.5</ele></trkpt>
<trkpt lat="49.949627" lon="8.458639"><ele>88.5</ele></trkpt>
<trkpt lat="49.949668" lon="8.458696"><ele>88.5</ele></trkpt>
<trkpt lat="49.949721" lon="8.458717"><ele>88.5</ele></trkpt>
<trkpt lat="49.949775" lon="8.458697"><ele>88.5</ele></trkpt>
<trkpt lat="49.949844" lon="8.458830"><ele>88.5</ele></trkpt>
<trkpt lat="49.950106" lon="8.459490"><ele>88.25</ele></trkpt>
<trkpt lat="49.950053" lon="8.459541"><ele>88.0</ele></trkpt>
<trkpt lat="49.949964" lon="8.459567"><ele>88.0</ele></trkpt>
<trkpt lat="49.949874" lon="8.459620"><ele>88.0</ele></trkpt>
<trkpt lat="49.949022" lon="8.460101"><ele>87.0</ele></trkpt>
<trkpt lat="49.948230" lon="8.460548"><ele>87.0</ele></trkpt>
<trkpt lat="49.946551" lon="8.461481"><ele>87.0</ele></trkpt>
<trkpt lat="49.945569" lon="8.461927"><ele>87.0</ele></trkpt>
<trkpt lat="49.944547" lon="8.462377"><ele>87.0</ele></trkpt>
<trkpt lat="49.943264" lon="8.462941"><ele>86.75</ele></trkpt>
<trkpt lat="49.941779" lon="8.463583"><ele>86.5</ele></trkpt>
<trkpt lat="49.942985" lon="8.467748"><ele>87.0</ele></trkpt>
<trkpt lat="49.943000" lon="8.467851"><ele>87.0</ele></trkpt>
<trkpt lat="49.942993" lon="8.467928"><ele>87.0</ele></trkpt>
<trkpt lat="49.942808" lon="8.468999"><ele>86.75</ele></trkpt>
<trkpt lat="49.942804" lon="8.469018"><ele>86.75</ele></trkpt>
<trkpt lat="49.942790" lon="8.469113"><ele>86.75</ele></trkpt>
<trkpt lat="49.942786" lon="8.469155"><ele>86.75</ele></trkpt>
<trkpt lat="49.942573" lon="8.470372"><ele>87.5</ele></trkpt>
<trkpt lat="49.941416" lon="8.470042"><ele>86.75</ele></trkpt>
<trkpt lat="49.941152" lon="8.471266"><ele>87.0</ele></trkpt>
<trkpt lat="49.941129" lon="8.471379"><ele>87.0</ele></trkpt>
<trkpt lat="49.941098" lon="8.471481"><ele>87.25</ele></trkpt>
<trkpt lat="49.940712" lon="8.471826"><ele>87.0</ele></trkpt>
<trkpt lat="49.940542" lon="8.473397"><ele>87.0</ele></trkpt>
<trkpt lat="49.940238" lon="8.476182"><ele>87.0</ele></trkpt>
<trkpt lat="49.940068" lon="8.476205"><ele>87.0</ele></trkpt>
<trkpt lat="49.939884" lon="8.476337"><ele>87.25</ele></trkpt>
<trkpt lat="49.939836" lon="8.476414"><ele>87.5</ele></trkpt>
<trkpt lat="49.939767" lon="8.476525"><ele>87.75</ele></trkpt>
<trkpt lat="49.939680" lon="8.476812"><ele>87.75</ele></trkpt>
<trkpt lat="49.939671" lon="8.477361"><ele>89.0</ele></trkpt>
<trkpt lat="49.939731" lon="8.478699"><ele>91.5</ele></trkpt>
<trkpt lat="49.939767" lon="8.479335"><ele>90.25</ele></trkpt>
<trkpt lat="49.939875" lon="8.480842"><ele>87.25</ele></trkpt>
<trkpt lat="49.939879" lon="8.481080"><ele>87.75</ele></trkpt>
<trkpt lat="49.939857" lon="8.481445"><ele>88.0</ele></trkpt>
<trkpt lat="49.939783" lon="8.482276"><ele>88.0</ele></trkpt>
<trkpt lat="49.939658" lon="8.483677"><ele>88.0</ele></trkpt>
<trkpt lat="49.939507" lon="8.485760"><ele>88.0</ele></trkpt>
<trkpt lat="49.939315" lon="8.487605"><ele>88.0</ele></trkpt>
<trkpt lat="49.939228" lon="8.487692"><ele>88.0</ele></trkpt>
<trkpt lat="49.939119" lon="8.487731"><ele>88.0</ele></trkpt>
<trkpt lat="49.938953" lon="8.487715"><ele>88.0</ele></trkpt>
<trkpt lat="49.938784" lon="8.487640"><ele>88.0</ele></trkpt>
<trkpt lat="49.938338" lon="8.487381"><ele>88.0</ele></trkpt>
<trkpt lat="49.937629" lon="8.486878"><ele>88.5</ele></trkpt>
<trkpt lat="49.936533" lon="8.486124"><ele>88.0</ele></trkpt>
<trkpt lat="49.936367" lon="8.486006"><ele>88.0</ele></trkpt>
<trkpt lat="49.936071" lon="8.485824"><ele>88.75</ele></trkpt>
<trkpt lat="49.935695" lon="8.485593"><ele>88.75</ele></trkpt>
<trkpt lat="49.934825" lon="8.485087"><ele>90.0</ele></trkpt>
<trkpt lat="49.933840" lon="8.484467"><ele>92.75</ele></trkpt>
<trkpt lat="49.933353" lon="8.484170"><ele>93.5</ele></trkpt>
<trkpt lat="49.932917" lon="8.483921"><ele>93.0</ele></trkpt>
<trkpt lat="49.932578" lon="8.483844"><ele>91.75</ele></trkpt>
<trkpt lat="49.932355" lon="8.483833"><ele>91.25</ele></trkpt>
<trkpt lat="49.932103" lon="8.483851"><ele>91.25</ele></trkpt>
<trkpt lat="49.931398" lon="8.483987"><ele>89.5</ele></trkpt>
<trkpt lat="49.931081" lon="8.483975"><ele>89.0</ele></trkpt>
<trkpt lat="49.930847" lon="8.483945"><ele>89.0</ele></trkpt>
<trkpt lat="49.930735" lon="8.483922"><ele>89.0</ele></trkpt>
<trkpt lat="49.930698" lon="8.483920"><ele>89.0</ele></trkpt>
<trkpt lat="49.930630" lon="8.483913"><ele>89.0</ele></trkpt>
<trkpt lat="49.930580" lon="8.484043"><ele>89.0</ele></trkpt>
<trkpt lat="49.930244" lon="8.484837"><ele>89.0</ele></trkpt>
<trkpt lat="49.930139" lon="8.485045"><ele>89.0</ele></trkpt>
<trkpt lat="49.930061" lon="8.485198"><ele>89.0</ele></trkpt>
<trkpt lat="49.929854" lon="8.485487"><ele>88.5</ele></trkpt>
<trkpt lat="49.929773" lon="8.485566"><ele>88.0</ele></trkpt>
<trkpt lat="49.929613" lon="8.485724"><ele>88.75</ele></trkpt>
<trkpt lat="49.929580" lon="8.485752"><ele>88.75</ele></trkpt>
<trkpt lat="49.929547" lon="8.485775"><ele>88.75</ele></trkpt>
<trkpt lat="49.929470" lon="8.485822"><ele>88.75</ele></trkpt>
<trkpt lat="49.929044" lon="8.486010"><ele>89.0</ele></trkpt>
<trkpt lat="49.928790" lon="8.486114"><ele>89.0</ele></trkpt>
<trkpt lat="49.928616" lon="8.486213"><ele>89.0</ele></trkpt>
<trkpt lat="49.928482" lon="8.486291"><ele>89.0</ele></trkpt>
<trkpt lat="49.928432" lon="8.486361"><ele>89.0</ele></trkpt>
<trkpt lat="49.928353" lon="8.486482"><ele>89.0</ele></trkpt>
<trkpt lat="49.928334" lon="8.486517"><ele>88.75</ele></trkpt>
<trkpt lat="49.928265" lon="8.486714"><ele>89.0</ele></trkpt>
<trkpt lat="49.928236" lon="8.486819"><ele>89.25</ele></trkpt>
<trkpt lat="49.928213" lon="8.486904"><ele>89.25</ele></trkpt>
<trkpt lat="49.928173" lon="8.486951"><ele>89.25</ele></trkpt>
<trkpt lat="49.928152" lon="8.486993"><ele>89.5</ele></trkpt>
<trkpt lat="49.928131" lon="8.487081"><ele>89.75</ele></trkpt>
<trkpt lat="49.928135" lon="8.487167"><ele>90.0</ele></trkpt>
<trkpt lat="49.928152" lon="8.487208"><ele>90.25</ele></trkpt>
<trkpt lat="49.928111" lon="8.487502"><ele>89.0</ele></trkpt>
<trkpt lat="49.928037" lon="8.487871"><ele>88.5</ele></trkpt>
<trkpt lat="49.928021" lon="8.488009"><ele>88.0</ele></trkpt>
<trkpt lat="49.927882" lon="8.488670"><ele>88.0</ele></trkpt>
<trkpt lat="49.927870" lon="8.488742"><ele>88.0</ele></trkpt>
<trkpt lat="49.927860" lon="8.488795"><ele>88.0</ele></trkpt>
<trkpt lat="49.927850" lon="8.488844"><ele>88.0</ele></trkpt>
<trkpt lat="49.927721" lon="8.489454"><ele>88.0</ele></trkpt>
<trkpt lat="49.927629" lon="8.489661"><ele>88.5</ele></trkpt>
<trkpt lat="49.927572" lon="8.489732"><ele>88.5</ele></trkpt>
<trkpt lat="49.927465" lon="8.489765"><ele>89.0</ele></trkpt>
<trkpt lat="49.927356" lon="8.489707"><ele>89.0</ele></trkpt>
<trkpt lat="49.926957" lon="8.489271"><ele>89.0</ele></trkpt>
<trkpt lat="49.926920" lon="8.489230"><ele>88.75</ele></trkpt>
<trkpt lat="49.926722" lon="8.489013"><ele>88.5</ele></trkpt>
<trkpt lat="49.926646" lon="8.488961"><ele>88.5</ele></trkpt>
<trkpt lat="49.926577" lon="8.488947"><ele>88.75</ele></trkpt>
<trkpt lat="49.926496" lon="8.488960"><ele>88.5</ele></trkpt>
<trkpt lat="49.926429" lon="8.489010"><ele>88.5</ele></trkpt>
<trkpt lat="49.926382" lon="8.489067"><ele>88.25</ele></trkpt>
<trkpt lat="49.926344" lon="8.489154"><ele>88.0</ele></trkpt>
<trkpt lat="49.926311" lon="8.489271"><ele>88.25</ele></trkpt>
<trkpt lat="49.926135" lon="8.490497"><ele>88.0</ele></trkpt>
<trkpt lat="49.926104" lon="8.490711"><ele>88.5</ele></trkpt>
<trkpt lat="49.926078" lon="8.490892"><ele>88.75</ele></trkpt>
<trkpt lat="49.925889" lon="8.492205"><ele>88.75</ele></trkpt>
<trkpt lat="49.925851" lon="8.492472"><ele>88.75</ele></trkpt>
<trkpt lat="49.925790" lon="8.492895"><ele>88.75</ele></trkpt>
<trkpt lat="49.925718" lon="8.493400"><ele>88.5</ele></trkpt>
<trkpt lat="49.925590" lon="8.494291"><ele>88.75</ele></trkpt>
<trkpt lat="49.925545" lon="8.494623"><ele>89.0</ele></trkpt>
<trkpt lat="49.925507" lon="8.494897"><ele>88.75</ele></trkpt>
<trkpt lat="49.925503" lon="8.494930"><ele>88.75</ele></trkpt>
<trkpt lat="49.925458" lon="8.495256"><ele>88.75</ele></trkpt>
<trkpt lat="49.925418" lon="8.495552"><ele>89.0</ele></trkpt>
<trkpt lat="49.925098" lon="8.497625"><ele>89.0</ele></trkpt>
<trkpt lat="49.925029" lon="8.497935"><ele>89.0</ele></trkpt>
<trkpt lat="49.924883" lon="8.498394"><ele>89.0</ele></trkpt>
<trkpt lat="49.924855" lon="8.498512"><ele>89.0</ele></trkpt>
<trkpt lat="49.924754" lon="8.498941"><ele>89.75</ele></trkpt>
<trkpt lat="49.924719" lon="8.499168"><ele>90.0</ele></trkpt>
<trkpt lat="49.924697" lon="8.499498"><ele>90.0</ele></trkpt>
<trkpt lat="49.924697" lon="8.499518"><ele>90.0</ele></trkpt>
<trkpt lat="49.924686" lon="8.499797"><ele>89.75</ele></trkpt>
<trkpt lat="49.924682" lon="8.499879"><ele>89.5</ele></trkpt>
<trkpt lat="49.924587" lon="8.500671"><ele>90.25</ele></trkpt>
<trkpt lat="49.924580" lon="8.500732"><ele>90.75</ele></trkpt>
<trkpt lat="49.924546" lon="8.500925"><ele>91.75</ele></trkpt>
<trkpt lat="49.924507" lon="8.501057"><ele>92.25</ele></trkpt>
<trkpt lat="49.924414" lon="8.501219"><ele>91.5</ele></trkpt>
<trkpt lat="49.924362" lon="8.501371"><ele>89.75</ele></trkpt>
<trkpt lat="49.924148" lon="8.502594"><ele>89.25</ele></trkpt>
<trkpt lat="49.924103" lon="8.502737"><ele>89.5</ele></trkpt>
<trkpt lat="49.924031" lon="8.502847"><ele>89.75</ele></trkpt>
<trkpt lat="49.923958" lon="8.502916"><ele>89.5</ele></trkpt>
<trkpt lat="49.923879" lon="8.502933"><ele>89.5</ele></trkpt>
<trkpt lat="49.923332" lon="8.502909"><ele>89.0</ele></trkpt>
<trkpt lat="49.923265" lon="8.502902"><ele>89.0</ele></trkpt>
<trkpt lat="49.923206" lon="8.502910"><ele>89.0</ele></trkpt>
<trkpt lat="49.923253" lon="8.504011"><ele>89.25</ele></trkpt>
<trkpt lat="49.923305" lon="8.505107"><ele>89.5</ele></trkpt>
<trkpt lat="49.923527" lon="8.509087"><ele>90.0</ele></trkpt>
<trkpt lat="49.923615" lon="8.510546"><ele>90.0</ele></trkpt>
<trkpt lat="49.923590" lon="8.511946"><ele>90.0</ele></trkpt>
<trkpt lat="49.923548" lon="8.513445"><ele>90.5</ele></trkpt>
<trkpt lat="49.923550" lon="8.514045"><ele>91.0</ele></trkpt>
<trkpt lat="49.923526" lon="8.515070"><ele>90.25</ele></trkpt>
<trkpt lat="49.923511" lon="8.515495"><ele>90.25</ele></trkpt>
<trkpt lat="49.923258" lon="8.516306"><ele>91.5</ele></trkpt>
<trkpt lat="49.923201" lon="8.516582"><ele>92.0</ele></trkpt>
<trkpt lat="49.923490" lon="8.516554"><ele>91.25</ele></trkpt>
<trkpt lat="49.923518" lon="8.516551"><ele>91.25</ele></trkpt>
<trkpt lat="49.923655" lon="8.516522"><ele>91.0</ele></trkpt>
<trkpt lat="49.923894" lon="8.516422"><ele>91.0</ele></trkpt>
<trkpt lat="49.923926" lon="8.516408"><ele>91.0</ele></trkpt>
<trkpt lat="49.924249" lon="8.517032"><ele>91.75</ele></trkpt>
<trkpt lat="49.924535" lon="8.517283"><ele>91.5</ele></trkpt>
<trkpt lat="49.924532" lon="8.518352"><ele>92.0</ele></trkpt>
<trkpt lat="49.924532" lon="8.518411"><ele>92.0</ele></trkpt>
<trkpt lat="49.924526" lon="8.520474"><ele>92.5</ele></trkpt>
<trkpt lat="49.924517" lon="8.520962"><ele>92.75</ele></trkpt>
<trkpt lat="49.924501" lon="8.522034"><ele>93.0</ele></trkpt>
<trkpt lat="49.924486" lon="8.523660"><ele>93.0</ele></trkpt>
<trkpt lat="49.924693" lon="8.525040"><ele>92.75</ele></trkpt>
<trkpt lat="49.924724" lon="8.525322"><ele>92.75</ele></trkpt>
<trkpt lat="49.924723" lon="8.525494"><ele>92.0</ele></trkpt>
<trkpt lat="49.924722" lon="8.525627"><ele>92.0</ele></trkpt>
<trkpt lat="49.924773" lon="8.527767"><ele>92.75</ele></trkpt>
<trkpt lat="49.924779" lon="8.527888"><ele>92.75</ele></trkpt>
<trkpt lat="49.924996" lon="8.530127"><ele>93.0</ele></trkpt>
<trkpt lat="49.925167" lon="8.531720"><ele>93.0</ele></trkpt>
<trkpt lat="49.925350" lon="8.533437"><ele>94.0</ele></trkpt>
<trkpt lat="49.925540" lon="8.535143"><ele>94.0</ele></trkpt>
<trkpt lat="49.925926" lon="8.537295"><ele>94.0</ele></trkpt>
<trkpt lat="49.926167" lon="8.538610"><ele>94.75</ele></trkpt>
<trkpt lat="49.926519" lon="8.540495"><ele>95.0</ele></trkpt>
<trkpt lat="49.926615" lon="8.541051"><ele>95.0</ele></trkpt>
<trkpt lat="49.926735" lon="8.541761"><ele>95.0</ele></trkpt>
<trkpt lat="49.926807" lon="8.542195"><ele>95.0</ele></trkpt>
<trkpt lat="49.926934" lon="8.542916"><ele>96.0</ele></trkpt>
<trkpt lat="49.926960" lon="8.543061"><ele>96.0</ele></trkpt>
<trkpt lat="49.927049" lon="8.543549"><ele>96.0</ele></trkpt>
<trkpt lat="49.927103" lon="8.543850"><ele>96.0</ele></trkpt>
<trkpt lat="49.927166" lon="8.544235"><ele>96.0</ele></trkpt>
<trkpt lat="49.927217" lon="8.544569"><ele>96.0</ele></trkpt>
<trkpt lat="49.927246" lon="8.544740"><ele>96.0</ele></trkpt>
<trkpt lat="49.927315" lon="8.544752"><ele>96.0</ele></trkpt>
<trkpt lat="49.927615" lon="8.544924"><ele>95.5</ele></trkpt>
<trkpt lat="49.927892" lon="8.545102"><ele>95.0</ele></trkpt>
<trkpt lat="49.927976" lon="8.545177"><ele>95.0</ele></trkpt>
<trkpt lat="49.928123" lon="8.545365"><ele>95.0</ele></trkpt>
<trkpt lat="49.928261" lon="8.545561"><ele>95.0</ele></trkpt>
<trkpt lat="49.928301" lon="8.545584"><ele>95.0</ele></trkpt>
<trkpt lat="49.928303" lon="8.545630"><ele>95.0</ele></trkpt>
<trkpt lat="49.928508" lon="8.546199"><ele>95.0</ele></trkpt>
<trkpt lat="49.928538" lon="8.546298"><ele>95.0</ele></trkpt>
<trkpt lat="49.928581" lon="8.546530"><ele>95.0</ele></trkpt>
<trkpt lat="49.928634" lon="8.546896"><ele>95.0</ele></trkpt>
<trkpt lat="49.928644" lon="8.546958"><ele>95.0</ele></trkpt>
<trkpt lat="49.928687" lon="8.547218"><ele>95.75</ele></trkpt>
<trkpt lat="49.928718" lon="8.547422"><ele>96.0</ele></trkpt>
<trkpt lat="49.928836" lon="8.548157"><ele>96.0</ele></trkpt>
<trkpt lat="49.928902" lon="8.548565"><ele>96.0</ele></trkpt>
<trkpt lat="49.928937" lon="8.548784"><ele>96.0</ele></trkpt>
<trkpt lat="49.928936" lon="8.549045"><ele>96.0</ele></trkpt>
<trkpt lat="49.928935" lon="8.549269"><ele>95.75</ele></trkpt>
<trkpt lat="49.928931" lon="8.549855"><ele>96.0</ele></trkpt>
<trkpt lat="49.928930" lon="8.549983"><ele>96.0</ele></trkpt>
<trkpt lat="49.928928" lon="8.550469"><ele>96.25</ele></trkpt>
<trkpt lat="49.928925" lon="8.551215"><ele>96.75</ele></trkpt>
<trkpt lat="49.928924" lon="8.551358"><ele>97.0</ele></trkpt>
<trkpt lat="49.928917" lon="8.551493"><ele>97.0</ele></trkpt>
<trkpt lat="49.928896" lon="8.551870"><ele>97.0</ele></trkpt>
<trkpt lat="49.928890" lon="8.551984"><ele>97.0</ele></trkpt>
<trkpt lat="49.928852" lon="8.552800"><ele>97.0</ele></trkpt>
<trkpt lat="49.928813" lon="8.553472"><ele>97.0</ele></trkpt>
<trkpt lat="49.928804" lon="8.553632"><ele>97.0</ele></trkpt>
<trkpt lat="49.928768" lon="8.553763"><ele>97.0</ele></trkpt>
<trkpt lat="49.928755" lon="8.553844"><ele>97.0</ele></trkpt>
<trkpt lat="49.928779" lon="8.553884"><ele>97.0</ele></trkpt>
<trkpt lat="49.928791" lon="8.553961"><ele>97.0</ele></trkpt>
<trkpt lat="49.928731" lon="8.554940"><ele>97.0</ele></trkpt>
<trkpt lat="49.928711" lon="8.555400"><ele>97.25</ele></trkpt>
<trkpt lat="49.928678" lon="8.555922"><ele>97.0</ele></trkpt>
<trkpt lat="49.928682" lon="8.556164"><ele>97.0</ele></trkpt>
<trkpt lat="49.928685" lon="8.556406"><ele>97.0</ele></trkpt>
<trkpt lat="49.928706" lon="8.556876"><ele>97.25</ele></trkpt>
<trkpt lat="49.928774" lon="8.557518"><ele>98.0</ele></trkpt>
<trkpt lat="49.928881" lon="8.558436"><ele>98.0</ele></trkpt>
<trkpt lat="49.928981" lon="8.559357"><ele>98.0</ele></trkpt>
<trkpt lat="49.929079" lon="8.560186"><ele>98.0</ele></trkpt>
<trkpt lat="49.929407" lon="8.562965"><ele>99.5</ele></trkpt>
<trkpt lat="49.929579" lon="8.565382"><ele>99.5</ele></trkpt>
<trkpt lat="49.929674" lon="8.566721"><ele>100.0</ele></trkpt>
<trkpt lat="49.929882" lon="8.569621"><ele>100.0</ele></trkpt>
<trkpt lat="49.929906" lon="8.570068"><ele>100.5</ele></trkpt>
<trkpt lat="49.929907" lon="8.570277"><ele>100.5</ele></trkpt>
<trkpt lat="49.929904" lon="8.570524"><ele>100.5</ele></trkpt>
<trkpt lat="49.929886" lon="8.570802"><ele>100.5</ele></trkpt>
<trkpt lat="49.929847" lon="8.571194"><ele>100.25</ele></trkpt>
<trkpt lat="49.929796" lon="8.571573"><ele>100.75</ele></trkpt>
<trkpt lat="49.929740" lon="8.571884"><ele>101.0</ele></trkpt>
<trkpt lat="49.929115" lon="8.574574"><ele>101.0</ele></trkpt>
<trkpt lat="49.929002" lon="8.575103"><ele>101.25</ele></trkpt>
<trkpt lat="49.928984" lon="8.575177"><ele>101.0</ele></trkpt>
<trkpt lat="49.928937" lon="8.575379"><ele>101.25</ele></trkpt>
<trkpt lat="49.928927" lon="8.575421"><ele>101.25</ele></trkpt>
<trkpt lat="49.928694" lon="8.576472"><ele>102.0</ele></trkpt>
<trkpt lat="49.928687" lon="8.576501"><ele>102.0</ele></trkpt>
<trkpt lat="49.928446" lon="8.577524"><ele>102.0</ele></trkpt>
<trkpt lat="49.928377" lon="8.577907"><ele>102.0</ele></trkpt>
<trkpt lat="49.928363" lon="8.578071"><ele>102.0</ele></trkpt>
<trkpt lat="49.928374" lon="8.578228"><ele>102.0</ele></trkpt>
<trkpt lat="49.928518" lon="8.579483"><ele>102.0</ele></trkpt>
<trkpt lat="49.928527" lon="8.579577"><ele>102.0</ele></trkpt>
<trkpt lat="49.928529" lon="8.579660"><ele>102.0</ele></trkpt>
<trkpt lat="49.928510" lon="8.579794"><ele>102.0</ele></trkpt>
<trkpt lat="49.928491" lon="8.579845"><ele>102.0</ele></trkpt>
<trkpt lat="49.928510" lon="8.579884"><ele>102.0</ele></trkpt>
<trkpt lat="49.928520" lon="8.579925"><ele>102.0</ele></trkpt>
<trkpt lat="49.928526" lon="8.580043"><ele>102.25</ele></trkpt>
<trkpt lat="49.928453" lon="8.580729"><ele>102.0</ele></trkpt>
<trkpt lat="49.928453" lon="8.580831"><ele>102.0</ele></trkpt>
<trkpt lat="49.928453" lon="8.580875"><ele>102.0</ele></trkpt>
<trkpt lat="49.928455" lon="8.581131"><ele>102.0</ele></trkpt>
<trkpt lat="49.928464" lon="8.581245"><ele>102.0</ele></trkpt>
<trkpt lat="49.928557" lon="8.582178"><ele>102.0</ele></trkpt>
<trkpt lat="49.928572" lon="8.582300"><ele>102.25</ele></trkpt>
<trkpt lat="49.928634" lon="8.583055"><ele>103.0</ele></trkpt>
<trkpt lat="49.928685" lon="8.583521"><ele>103.0</ele></trkpt>
<trkpt lat="49.928744" lon="8.584360"><ele>103.0</ele></trkpt>
<trkpt lat="49.928781" lon="8.584758"><ele>103.0</ele></trkpt>
<trkpt lat="49.928972" lon="8.587056"><ele>104.0</ele></trkpt>
<trkpt lat="49.929139" lon="8.588833"><ele>104.75</ele></trkpt>
<trkpt lat="49.929271" lon="8.589637"><ele>105.0</ele></trkpt>
<trkpt lat="49.929347" lon="8.590014"><ele>104.5</ele></trkpt>
<trkpt lat="49.929415" lon="8.590273"><ele>104.75</ele></trkpt>
<trkpt lat="49.929698" lon="8.591276"><ele>105.75</ele></trkpt>
<trkpt lat="49.929777" lon="8.591526"><ele>105.5</ele></trkpt>
<trkpt lat="49.929937" lon="8.591990"><ele>105.75</ele></trkpt>
<trkpt lat="49.930161" lon="8.592555"><ele>106.0</ele></trkpt>
<trkpt lat="49.930172" lon="8.592613"><ele>106.25</ele></trkpt>
<trkpt lat="49.930190" lon="8.592725"><ele>106.75</ele></trkpt>
<trkpt lat="49.930201" lon="8.592878"><ele>107.25</ele></trkpt>
<trkpt lat="49.930203" lon="8.593038"><ele>107.25</ele></trkpt>
<trkpt lat="49.930202" lon="8.593236"><ele>107.75</ele></trkpt>
<trkpt lat="49.930105" lon="8.593237"><ele>107.5</ele></trkpt>
<trkpt lat="49.929985" lon="8.593243"><ele>107.25</ele></trkpt>
<trkpt lat="49.929679" lon="8.593264"><ele>107.25</ele></trkpt>
<trkpt lat="49.929462" lon="8.593294"><ele>107.5</ele></trkpt>
<trkpt lat="49.929026" lon="8.593385"><ele>107.75</ele></trkpt>
<trkpt lat="49.928845" lon="8.593438"><ele>107.75</ele></trkpt>
<trkpt lat="49.928499" lon="8.593565"><ele>106.75</ele></trkpt>
<trkpt lat="49.928302" lon="8.593661"><ele>107.0</ele></trkpt>
<trkpt lat="49.928093" lon="8.593778"><ele>106.5</ele></trkpt>
<trkpt lat="49.927891" lon="8.593902"><ele>106.75</ele></trkpt>
<trkpt lat="49.927534" lon="8.594160"><ele>106.75</ele></trkpt>
<trkpt lat="49.927375" lon="8.594292"><ele>106.75</ele></trkpt>
<trkpt lat="49.927136" lon="8.594516"><ele>106.75</ele></trkpt>
<trkpt lat="49.926892" lon="8.594772"><ele>106.75</ele></trkpt>
<trkpt lat="49.926436" lon="8.595327"><ele>107.25</ele></trkpt>
<trkpt lat="49.926199" lon="8.595676"><ele>107.0</ele></trkpt>
<trkpt lat="49.925969" lon="8.596052"><ele>107.25</ele></trkpt>
<trkpt lat="49.925751" lon="8.596463"><ele>107.25</ele></trkpt>
<trkpt lat="49.925540" lon="8.596884"><ele>107.5</ele></trkpt>
<trkpt lat="49.925273" lon="8.597464"><ele>107.75</ele></trkpt>
<trkpt lat="49.925010" lon="8.598061"><ele>108.0</ele></trkpt>
<trkpt lat="49.924718" lon="8.598726"><ele>107.75</ele></trkpt>
<trkpt lat="49.924322" lon="8.599614"><ele>108.0</ele></trkpt>
<trkpt lat="49.924251" lon="8.599780"><ele>108.0</ele></trkpt>
<trkpt lat="49.923697" lon="8.601079"><ele>109.5</ele></trkpt>
<trkpt lat="49.923339" lon="8.601881"><ele>109.0</ele></trkpt>
<trkpt lat="49.923115" lon="8.602389"><ele>109.5</ele></trkpt>
<trkpt lat="49.922629" lon="8.603510"><ele>110.0</ele></trkpt>
<trkpt lat="49.922381" lon="8.604056"><ele>111.0</ele></trkpt>
<trkpt lat="49.922123" lon="8.604585"><ele>110.75</ele></trkpt>
<trkpt lat="49.921939" lon="8.604912"><ele>109.75</ele></trkpt>
<trkpt lat="49.921751" lon="8.605228"><ele>109.75</ele></trkpt>
<trkpt lat="49.921512" lon="8.605580"><ele>109.25</ele></trkpt>
<trkpt lat="49.921262" lon="8.605913"><ele>109.5</ele></trkpt>
<trkpt lat="49.920801" lon="8.606451"><ele>110.0</ele></trkpt>
<trkpt lat="49.920322" lon="8.606930"><ele>110.75</ele></trkpt>
<trkpt lat="49.920083" lon="8.607136"><ele>110.75</ele></trkpt>
<trkpt lat="49.919779" lon="8.607362"><ele>110.5</ele></trkpt>
<trkpt lat="49.919411" lon="8.607646"><ele>111.0</ele></trkpt>
<trkpt lat="49.918107" lon="8.608536"><ele>114.25</ele></trkpt>
<trkpt lat="49.916565" lon="8.609605"><ele>114.75</ele></trkpt>
<trkpt lat="49.915756" lon="8.610159"><ele>115.0</ele></trkpt>
<trkpt lat="49.913122" lon="8.611983"><ele>113.0</ele></trkpt>
<trkpt lat="49.912419" lon="8.612443"><ele>112.75</ele></trkpt>
<trkpt lat="49.912035" lon="8.612689"><ele>113.0</ele></trkpt>
<trkpt lat="49.911834" lon="8.612809"><ele>113.0</ele></trkpt>
<trkpt lat="49.911797" lon="8.612828"><ele>113.0</ele></trkpt>
<trkpt lat="49.911734" lon="8.612862"><ele>113.0</ele></trkpt>
<trkpt lat="49.911663" lon="8.612903"><ele>113.0</ele></trkpt>
<trkpt lat="49.911585" lon="8.612942"><ele>113.0</ele></trkpt>
<trkpt lat="49.911403" lon="8.613037"><ele>113.0</ele></trkpt>
<trkpt lat="49.911121" lon="8.613165"><ele>113.0</ele></trkpt>
<trkpt lat="49.910965" lon="8.613231"><ele>113.0</ele></trkpt>
<trkpt lat="49.910781" lon="8.613308"><ele>113.0</ele></trkpt>
<trkpt lat="49.910053" lon="8.613612"><ele>113.0</ele></trkpt>
<trkpt lat="49.910003" lon="8.613631"><ele>113.25</ele></trkpt>
<trkpt lat="49.909109" lon="8.613983"><ele>113.25</ele></trkpt>
<trkpt lat="49.907835" lon="8.614485"><ele>114.0</ele></trkpt>
<trkpt lat="49.907208" lon="8.614734"><ele>114.0</ele></trkpt>
<trkpt lat="49.906152" lon="8.615152"><ele>114.0</ele></trkpt>
<trkpt lat="49.904594" lon="8.615797"><ele>114.75</ele></trkpt>
<trkpt lat="49.903904" lon="8.616098"><ele>114.75</ele></trkpt>
<trkpt lat="49.902356" lon="8.616884"><ele>117.5</ele></trkpt>
<trkpt lat="49.901812" lon="8.617172"><ele>120.25</ele></trkpt>
<trkpt lat="49.901390" lon="8.617404"><ele>120.5</ele></trkpt>
<trkpt lat="49.900944" lon="8.617670"><ele>119.0</ele></trkpt>
<trkpt lat="49.900307" lon="8.618073"><ele>120.5</ele></trkpt>
<trkpt lat="49.899670" lon="8.618490"><ele>117.75</ele></trkpt>
<trkpt lat="49.899034" lon="8.618929"><ele>117.0</ele></trkpt>
<trkpt lat="49.898939" lon="8.618982"><ele>117.0</ele></trkpt>
<trkpt lat="49.898711" lon="8.619105"><ele>117.0</ele></trkpt>
<trkpt lat="49.898614" lon="8.619170"><ele>117.0</ele></trkpt>
<trkpt lat="49.898582" lon="8.619194"><ele>117.0</ele></trkpt>
<trkpt lat="49.898508" lon="8.619250"><ele>117.0</ele></trkpt>
<trkpt lat="49.898463" lon="8.619289"><ele>117.0</ele></trkpt>
<trkpt lat="49.898219" lon="8.619473"><ele>117.25</ele></trkpt>
<trkpt lat="49.897803" lon="8.619824"><ele>118.0</ele></trkpt>
<trkpt lat="49.897582" lon="8.620022"><ele>118.0</ele></trkpt>
<trkpt lat="49.897308" lon="8.620265"><ele>118.0</ele></trkpt>
<trkpt lat="49.897155" lon="8.620369"><ele>118.0</ele></trkpt>
<trkpt lat="49.897042" lon="8.620397"><ele>118.0</ele></trkpt>
<trkpt lat="49.896954" lon="8.620404"><ele>118.0</ele></trkpt>
<trkpt lat="49.896849" lon="8.620394"><ele>118.0</ele></trkpt>
<trkpt lat="49.896705" lon="8.620339"><ele>118.0</ele></trkpt>
<trkpt lat="49.896582" lon="8.620280"><ele>117.5</ele></trkpt>
<trkpt lat="49.896501" lon="8.620277"><ele>117.25</ele></trkpt>
<trkpt lat="49.896446" lon="8.620287"><ele>117.0</ele></trkpt>
<trkpt lat="49.896389" lon="8.620523"><ele>117.75</ele></trkpt>
<trkpt lat="49.896255" lon="8.621021"><ele>117.5</ele></trkpt>
<trkpt lat="49.896151" lon="8.621339"><ele>117.0</ele></trkpt>
<trkpt lat="49.896004" lon="8.621744"><ele>117.75</ele></trkpt>
<trkpt lat="49.895759" lon="8.622358"><ele>117.25</ele></trkpt>
<trkpt lat="49.895599" lon="8.622692"><ele>117.0</ele></trkpt>
<trkpt lat="49.895425" lon="8.623011"><ele>116.75</ele></trkpt>
<trkpt lat="49.895288" lon="8.623238"><ele>116.0</ele></trkpt>
<trkpt lat="49.894954" lon="8.623693"><ele>116.0</ele></trkpt>
<trkpt lat="49.894758" lon="8.623935"><ele>116.0</ele></trkpt>
<trkpt lat="49.894161" lon="8.624563"><ele>116.0</ele></trkpt>
<trkpt lat="49.893576" lon="8.625164"><ele>118.0</ele></trkpt>
<trkpt lat="49.892968" lon="8.625840"><ele>119.25</ele></trkpt>
<trkpt lat="49.892410" lon="8.626466"><ele>120.0</ele></trkpt>
<trkpt lat="49.891944" lon="8.627029"><ele>120.5</ele></trkpt>
<trkpt lat="49.891891" lon="8.627217"><ele>120.0</ele></trkpt>
<trkpt lat="49.891886" lon="8.627222"><ele>120.0</ele></trkpt>
<trkpt lat="49.891802" lon="8.627324"><ele>120.5</ele></trkpt>
<trkpt lat="49.891469" lon="8.627723"><ele>121.0</ele></trkpt>
<trkpt lat="49.891199" lon="8.628055"><ele>121.0</ele></trkpt>
<trkpt lat="49.891069" lon="8.628208"><ele>120.5</ele></trkpt>
<trkpt lat="49.891041" lon="8.628239"><ele>120.5</ele></trkpt>
<trkpt lat="49.890973" lon="8.628315"><ele>120.5</ele></trkpt>
<trkpt lat="49.890931" lon="8.628366"><ele>120.5</ele></trkpt>
<trkpt lat="49.890870" lon="8.628433"><ele>120.5</ele></trkpt>
<trkpt lat="49.890659" lon="8.628689"><ele>120.5</ele></trkpt>
<trkpt lat="49.890271" lon="8.629190"><ele>120.25</ele></trkpt>
<trkpt lat="49.889839" lon="8.629784"><ele>123.25</ele></trkpt>
<trkpt lat="49.889016" lon="8.630942"><ele>122.25</ele></trkpt>
<trkpt lat="49.888823" lon="8.631261"><ele>121.25</ele></trkpt>
<trkpt lat="49.888661" lon="8.631382"><ele>122.5</ele></trkpt>
<trkpt lat="49.888493" lon="8.631702"><ele>123.25</ele></trkpt>
<trkpt lat="49.888468" lon="8.631762"><ele>123.5</ele></trkpt>
<trkpt lat="49.888414" lon="8.631891"><ele>123.5</ele></trkpt>
<trkpt lat="49.888381" lon="8.631993"><ele>123.75</ele></trkpt>
<trkpt lat="49.888200" lon="8.631936"><ele>124.0</ele></trkpt>
<trkpt lat="49.888169" lon="8.631927"><ele>124.0</ele></trkpt>
<trkpt lat="49.887952" lon="8.631859"><ele>124.0</ele></trkpt>
<trkpt lat="49.887822" lon="8.631818"><ele>124.0</ele></trkpt>
<trkpt lat="49.887776" lon="8.631804"><ele>124.0</ele></trkpt>
<trkpt lat="49.887516" lon="8.631723"><ele>124.0</ele></trkpt>
<trkpt lat="49.887380" lon="8.631680"><ele>123.5</ele></trkpt>
<trkpt lat="49.886952" lon="8.631538"><ele>123.0</ele></trkpt>
<trkpt lat="49.886710" lon="8.631458"><ele>123.0</ele></trkpt>
<trkpt lat="49.886540" lon="8.631401"><ele>123.0</ele></trkpt>
<trkpt lat="49.886439" lon="8.631367"><ele>123.0</ele></trkpt>
<trkpt lat="49.886159" lon="8.631275"><ele>123.0</ele></trkpt>
<trkpt lat="49.886129" lon="8.631265"><ele>123.0</ele></trkpt>
<trkpt lat="49.886009" lon="8.631225"><ele>123.0</ele></trkpt>
<trkpt lat="49.885362" lon="8.631010"><ele>123.25</ele></trkpt>
<trkpt lat="49.884639" lon="8.630770"><ele>124.0</ele></trkpt>
<trkpt lat="49.884504" lon="8.630725"><ele>124.0</ele></trkpt>
<trkpt lat="49.884470" lon="8.630921"><ele>124.0</ele></trkpt>
<trkpt lat="49.884383" lon="8.631424"><ele>124.25</ele></trkpt>
<trkpt lat="49.884312" lon="8.631830"><ele>125.0</ele></trkpt>
<trkpt lat="49.884239" lon="8.632259"><ele>125.0</ele></trkpt>
<trkpt lat="49.884159" lon="8.632743"><ele>125.0</ele></trkpt>
<trkpt lat="49.884138" lon="8.632875"><ele>125.0</ele></trkpt>
<trkpt lat="49.884103" lon="8.633076"><ele>125.25</ele></trkpt>
<trkpt lat="49.884083" lon="8.633193"><ele>125.5</ele></trkpt>
<trkpt lat="49.884070" lon="8.633275"><ele>125.75</ele></trkpt>
<trkpt lat="49.884031" lon="8.633508"><ele>126.0</ele></trkpt>
<trkpt lat="49.883997" lon="8.633714"><ele>126.0</ele></trkpt>
<trkpt lat="49.883954" lon="8.633979"><ele>126.0</ele></trkpt>
<trkpt lat="49.883899" lon="8.634277"><ele>125.75</ele></trkpt>
<trkpt lat="49.883757" lon="8.635110"><ele>127.0</ele></trkpt>
<trkpt lat="49.883719" lon="8.635328"><ele>127.0</ele></trkpt>
<trkpt lat="49.883667" lon="8.635630"><ele>127.0</ele></trkpt>
<trkpt lat="49.883609" lon="8.635961"><ele>127.0</ele></trkpt>
<trkpt lat="49.883555" lon="8.636273"><ele>127.0</ele></trkpt>
<trkpt lat="49.883465" lon="8.636780"><ele>128.0</ele></trkpt>
<trkpt lat="49.883415" lon="8.637057"><ele>128.0</ele></trkpt>
<trkpt lat="49.883376" lon="8.637271"><ele>128.0</ele></trkpt>
<trkpt lat="49.883307" lon="8.637582"><ele>128.0</ele></trkpt>
<trkpt lat="49.883177" lon="8.638293"><ele>128.0</ele></trkpt>
<trkpt lat="49.883166" lon="8.638349"><ele>128.0</ele></trkpt>
<trkpt lat="49.883032" lon="8.638504"><ele>128.0</ele></trkpt>
<trkpt lat="49.882879" lon="8.639355"><ele>129.0</ele></trkpt>
<trkpt lat="49.882819" lon="8.639708"><ele>129.0</ele></trkpt>
<trkpt lat="49.882785" lon="8.639899"><ele>129.0</ele></trkpt>
<trkpt lat="49.882745" lon="8.640118"><ele>129.0</ele></trkpt>
<trkpt lat="49.882705" lon="8.640339"><ele>129.0</ele></trkpt>
<trkpt lat="49.882447" lon="8.641798"><ele>130.0</ele></trkpt>
<trkpt lat="49.882343" lon="8.642381"><ele>130.5</ele></trkpt>
<trkpt lat="49.882244" lon="8.642964"><ele>131.0</ele></trkpt>
<trkpt lat="49.882250" lon="8.643043"><ele>131.0</ele></trkpt>
<trkpt lat="49.882237" lon="8.643113"><ele>131.0</ele></trkpt>
<trkpt lat="49.882317" lon="8.643284"><ele>131.0</ele></trkpt>
<trkpt lat="49.882294" lon="8.643494"><ele>131.0</ele></trkpt>
<trkpt lat="49.882286" lon="8.643574"><ele>131.0</ele></trkpt>
<trkpt lat="49.882279" lon="8.643636"><ele>131.0</ele></trkpt>
<trkpt lat="49.882234" lon="8.644130"><ele>131.75</ele></trkpt>
<trkpt lat="49.882189" lon="8.644444"><ele>132.0</ele></trkpt>
<trkpt lat="49.882088" lon="8.645014"><ele>132.5</ele></trkpt>
<trkpt lat="49.882008" lon="8.645452"><ele>133.0</ele></trkpt>
<trkpt lat="49.881965" lon="8.645660"><ele>133.0</ele></trkpt>
<trkpt lat="49.881953" lon="8.645710"><ele>133.0</ele></trkpt>
<trkpt lat="49.881936" lon="8.645779"><ele>133.0</ele></trkpt>
<trkpt lat="49.881894" lon="8.645950"><ele>133.0</ele></trkpt>
<trkpt lat="49.881857" lon="8.646093"><ele>133.0</ele></trkpt>
<trkpt lat="49.881817" lon="8.646279"><ele>133.25</ele></trkpt>
<trkpt lat="49.881804" lon="8.646347"><ele>133.25</ele></trkpt>
<trkpt lat="49.881801" lon="8.646363"><ele>133.25</ele></trkpt>
<trkpt lat="49.881743" lon="8.646669"><ele>133.25</ele></trkpt>
<trkpt lat="49.881676" lon="8.647024"><ele>133.25</ele></trkpt>
<trkpt lat="49.881646" lon="8.647173"><ele>133.75</ele></trkpt>
<trkpt lat="49.881551" lon="8.647740"><ele>134.0</ele></trkpt>
<trkpt lat="49.881542" lon="8.647794"><ele>134.0</ele></trkpt>
<trkpt lat="49.881522" lon="8.647916"><ele>134.0</ele></trkpt>
<trkpt lat="49.881495" lon="8.648042"><ele>134.0</ele></trkpt>
<trkpt lat="49.881485" lon="8.648108"><ele>134.0</ele></trkpt>
<trkpt lat="49.881300" lon="8.649176"><ele>135.0</ele></trkpt>
<trkpt lat="49.881191" lon="8.649775"><ele>136.0</ele></trkpt>
<trkpt lat="49.881150" lon="8.650015"><ele>136.0</ele></trkpt>
<trkpt lat="49.881127" lon="8.650163"><ele>136.0</ele></trkpt>
<trkpt lat="49.881048" lon="8.650678"><ele>137.0</ele></trkpt>
<trkpt lat="49.881036" lon="8.650755"><ele>137.0</ele></trkpt>
<trkpt lat="49.881029" lon="8.650800"><ele>137.0</ele></trkpt>
<trkpt lat="49.881026" lon="8.650819"><ele>137.0</ele></trkpt>
<trkpt lat="49.881021" lon="8.650844"><ele>137.0</ele></trkpt>
<trkpt lat="49.881016" lon="8.650890"><ele>137.0</ele></trkpt>
<trkpt lat="49.881005" lon="8.650977"><ele>137.0</ele></trkpt>
<trkpt lat="49.880901" lon="8.652001"><ele>138.0</ele></trkpt>
<trkpt lat="49.880785" lon="8.653094"><ele>139.75</ele></trkpt>
<trkpt lat="49.880267" lon="8.653004"><ele>139.0</ele></trkpt>
<trkpt lat="49.880242" lon="8.653000"><ele>139.0</ele></trkpt>
<trkpt lat="49.880194" lon="8.653005"><ele>139.0</ele></trkpt>
<trkpt lat="49.880123" lon="8.653089"><ele>139.0</ele></trkpt>
<trkpt lat="49.880094" lon="8.653134"><ele>139.0</ele></trkpt>
<trkpt lat="49.880019" lon="8.653312"><ele>139.0</ele></trkpt>
<trkpt lat="49.879782" lon="8.653903"><ele>140.0</ele></trkpt>
<trkpt lat="49.879618" lon="8.654353"><ele>140.5</ele></trkpt>
<trkpt lat="49.879613" lon="8.654365"><ele>140.5</ele></trkpt>
<trkpt lat="49.879390" lon="8.654966"><ele>140.75</ele></trkpt>
<trkpt lat="49.879330" lon="8.655116"><ele>140.75</ele></trkpt>
<trkpt lat="49.879252" lon="8.655286"><ele>140.5</ele></trkpt>
<trkpt lat="49.879239" lon="8.655332"><ele>140.75</ele></trkpt>
<trkpt lat="49.878928" lon="8.655719"><ele>141.25</ele></trkpt>
<trkpt lat="49.878487" lon="8.656147"><ele>142.5</ele></trkpt>
<trkpt lat="49.878440" lon="8.656186"><ele>142.5</ele></trkpt>
<trkpt lat="49.878257" lon="8.656337"><ele>143.0</ele></trkpt>
<trkpt lat="49.878112" lon="8.656455"><ele>143.0</ele></trkpt>
<trkpt lat="49.877715" lon="8.656777"><ele>144.0</ele></trkpt>
<trkpt lat="49.877641" lon="8.656835"><ele>144.25</ele></trkpt>
<trkpt lat="49.877592" lon="8.656871"><ele>144.25</ele></trkpt>
<trkpt lat="49.877554" lon="8.656921"><ele>144.5</ele></trkpt>
<trkpt lat="49.877540" lon="8.656986"><ele>144.75</ele></trkpt>
<trkpt lat="49.877533" lon="8.657177"><ele>144.75</ele></trkpt>
<trkpt lat="49.877536" lon="8.657433"><ele>145.0</ele></trkpt>
<trkpt lat="49.877049" lon="8.658015"><ele>146.0</ele></trkpt>
<trkpt lat="49.876635" lon="8.658519"><ele>147.0</ele></trkpt>
<trkpt lat="49.876482" lon="8.658708"><ele>147.0</ele></trkpt>
<trkpt lat="49.876249" lon="8.658995"><ele>147.5</ele></trkpt>
<trkpt lat="49.876145" lon="8.659123"><ele>147.75</ele></trkpt>
<trkpt lat="49.876040" lon="8.659253"><ele>148.5</ele></trkpt>
<trkpt lat="49.875960" lon="8.659351"><ele>149.0</ele></trkpt>
<trkpt lat="49.875693" lon="8.659681"><ele>151.25</ele></trkpt>
<trkpt lat="49.875663" lon="8.659715"><ele>151.5</ele></trkpt>
<trkpt lat="49.875534" lon="8.659857"><ele>152.0</ele></trkpt>
<trkpt lat="49.875480" lon="8.659916"><ele>152.0</ele></trkpt>
<trkpt lat="49.875538" lon="8.660047"><ele>152.0</ele></trkpt>
<trkpt lat="49.875695" lon="8.660393"><ele>153.5</ele></trkpt>
<trkpt lat="49.875741" lon="8.660502"><ele>153.75</ele></trkpt>
<trkpt lat="49.875822" lon="8.660682"><ele>154.25</ele></trkpt>
<trkpt lat="49.875892" lon="8.660832"><ele>154.75</ele></trkpt>
<trkpt lat="49.875827" lon="8.660912"><ele>154.75</ele></trkpt>
<trkpt lat="49.875639" lon="8.661157"><ele>155.75</ele></trkpt>
<trkpt lat="49.875489" lon="8.661250"><ele>156.75</ele></trkpt>
<trkpt lat="49.875402" lon="8.661275"><ele>157.25</ele></trkpt>
<trkpt lat="49.875377" lon="8.661282"><ele>157.5</ele></trkpt>
<trkpt lat="49.874669" lon="8.661506"><ele>158.75</ele></trkpt>
<trkpt lat="49.874611" lon="8.661507"><ele>158.5</ele></trkpt>
<trkpt lat="49.874566" lon="8.661907"><ele>159.25</ele></trkpt>
<trkpt lat="49.874545" lon="8.662087"><ele>159.5</ele></trkpt>
<trkpt lat="49.874478" lon="8.662732"><ele>160.0</ele></trkpt>
<trkpt lat="49.874468" lon="8.662823"><ele>160.0</ele></trkpt>
<trkpt lat="49.874350" lon="8.662817"><ele>159.75</ele></trkpt>
<trkpt lat="49.874085" lon="8.662789"><ele>158.5</ele></trkpt>
<trkpt lat="49.873702" lon="8.662684"><ele>156.75</ele></trkpt>
<trkpt lat="49.873612" lon="8.662637"><ele>156.25</ele></trkpt>
<trkpt lat="49.873523" lon="8.662603"><ele>155.75</ele></trkpt>
<trkpt lat="49.873117" lon="8.662528"><ele>154.25</ele></trkpt>
<trkpt lat="49.873086" lon="8.662523"><ele>154.0</ele></trkpt>
<trkpt lat="49.873030" lon="8.662514"><ele>154.0</ele></trkpt>
<trkpt lat="49.872959" lon="8.662505"><ele>154.0</ele></trkpt>
<trkpt lat="49.872864" lon="8.662494"><ele>154.0</ele></trkpt>
<trkpt lat="49.872771" lon="8.662483"><ele>153.75</ele></trkpt>
<trkpt lat="49.872731" lon="8.662480"><ele>153.75</ele></trkpt>
<trkpt lat="49.872694" lon="8.662478"><ele>153.5</ele></trkpt>
<trkpt lat="49.872457" lon="8.662475"><ele>153.0</ele></trkpt>
<trkpt lat="49.872173" lon="8.662500"><ele>152.75</ele></trkpt>
<trkpt lat="49.872079" lon="8.662526"><ele>152.5</ele></trkpt>
<trkpt lat="49.871980" lon="8.662513"><ele>152.0</ele></trkpt>
<trkpt lat="49.871912" lon="8.662504"><ele>152.0</ele></trkpt>
<trkpt lat="49.871867" lon="8.662498"><ele>152.0</ele></trkpt>
<trkpt lat="49.871833" lon="8.662494"><ele>152.0</ele></trkpt>
<trkpt lat="49.871437" lon="8.662443"><ele>152.0</ele></trkpt>
<trkpt lat="49.871260" lon="8.662420"><ele>152.25</ele></trkpt>
<trkpt lat="49.870908" lon="8.662375"><ele>152.75</ele></trkpt>
<trkpt lat="49.870850" lon="8.662367"><ele>152.75</ele></trkpt>
<trkpt lat="49.870784" lon="8.662358"><ele>153.0</ele></trkpt>
<trkpt lat="49.870713" lon="8.662349"><ele>153.25</ele></trkpt>
<trkpt lat="49.870649" lon="8.662341"><ele>153.5</ele></trkpt>
<trkpt lat="49.870413" lon="8.662311"><ele>154.5</ele></trkpt>
<trkpt lat="49.869915" lon="8.662246"><ele>156.5</ele></trkpt>
<trkpt lat="49.869657" lon="8.662229"><ele>158.0</ele></trkpt>
<trkpt lat="49.869547" lon="8.662225"><ele>158.5</ele></trkpt>
<trkpt lat="49.869451" lon="8.662226"><ele>158.75</ele></trkpt>
<trkpt lat="49.869380" lon="8.662232"><ele>159.0</ele></trkpt>
<trkpt lat="49.869310" lon="8.662244"><ele>159.25</ele></trkpt>
<trkpt lat="49.869242" lon="8.662268"><ele>159.5</ele></trkpt>
<trkpt lat="49.869168" lon="8.662276"><ele>159.75</ele></trkpt>
<trkpt lat="49.869122" lon="8.662283"><ele>160.0</ele></trkpt>
<trkpt lat="49.869031" lon="8.662306"><ele>160.25</ele></trkpt>
<trkpt lat="49.869014" lon="8.662322"><ele>160.5</ele></trkpt>
<trkpt lat="49.868669" lon="8.662673"><ele>161.25</ele></trkpt>
<trkpt lat="49.868634" lon="8.662744"><ele>161.0</ele></trkpt>
<trkpt lat="49.868620" lon="8.662821"><ele>161.0</ele></trkpt>
<trkpt lat="49.868615" lon="8.662844"><ele>161.0</ele></trkpt>
<trkpt lat="49.868547" lon="8.662914"><ele>161.5</ele></trkpt>
<trkpt lat="49.868383" lon="8.663078"><ele>161.75</ele></trkpt>
<trkpt lat="49.867848" lon="8.663623"><ele>163.5</ele></trkpt>
<trkpt lat="49.867739" lon="8.663734"><ele>164.0</ele></trkpt>
<trkpt lat="49.867707" lon="8.663766"><ele>164.0</ele></trkpt>
<trkpt lat="49.867576" lon="8.663903"><ele>164.5</ele></trkpt>
<trkpt lat="49.867528" lon="8.663950"><ele>164.75</ele></trkpt>
<trkpt lat="49.867475" lon="8.663993"><ele>165.0</ele></trkpt>
<trkpt lat="49.867420" lon="8.664045"><ele>165.25</ele></trkpt>
<trkpt lat="49.867245" lon="8.664190"><ele>165.75</ele></trkpt>
<trkpt lat="49.867172" lon="8.664247"><ele>166.0</ele></trkpt>
<trkpt lat="49.867044" lon="8.664341"><ele>166.5</ele></trkpt>
<trkpt lat="49.866938" lon="8.664415"><ele>167.0</ele></trkpt>
<trkpt lat="49.866840" lon="8.664483"><ele>167.25</ele></trkpt>
<trkpt lat="49.866756" lon="8.664538"><ele>167.75</ele></trkpt>
<trkpt lat="49.866684" lon="8.664585"><ele>167.75</ele></trkpt>
<trkpt lat="49.866137" lon="8.664950"><ele>169.75</ele></trkpt>
<trkpt lat="49.866040" lon="8.665015"><ele>170.25</ele></trkpt>
<trkpt lat="49.865321" lon="8.665498"><ele>172.0</ele></trkpt>
<trkpt lat="49.862915" lon="8.667196"><ele>175.0</ele></trkpt>
<trkpt lat="49.862764" lon="8.667268"><ele>175.0</ele></trkpt>
<trkpt lat="49.862291" lon="8.667398"><ele>176.0</ele></trkpt>
<trkpt lat="49.861951" lon="8.667499"><ele>176.0</ele></trkpt>
<trkpt lat="49.861495" lon="8.667621"><ele>177.0</ele></trkpt>
<trkpt lat="49.861299" lon="8.667670"><ele>177.0</ele></trkpt>
<trkpt lat="49.861250" lon="8.667683"><ele>177.0</ele></trkpt>
<trkpt lat="49.861211" lon="8.667693"><ele>177.0</ele></trkpt>
<trkpt lat="49.861157" lon="8.667707"><ele>177.0</ele></trkpt>
<trkpt lat="49.860987" lon="8.667748"><ele>177.25</ele></trkpt>
<trkpt lat="49.860972" lon="8.667752"><ele>177.25</ele></trkpt>
<trkpt lat="49.860656" lon="8.667819"><ele>178.5</ele></trkpt>
<trkpt lat="49.860335" lon="8.667886"><ele>178.75</ele></trkpt>
<trkpt lat="49.859980" lon="8.667961"><ele>180.0</ele></trkpt>
<trkpt lat="49.858894" lon="8.668227"><ele>182.0</ele></trkpt>
<trkpt lat="49.858035" lon="8.668437"><ele>183.0</ele></trkpt>
<trkpt lat="49.857958" lon="8.668457"><ele>183.25</ele></trkpt>
<trkpt lat="49.857398" lon="8.668591"><ele>184.0</ele></trkpt>
<trkpt lat="49.857363" lon="8.668600"><ele>184.0</ele></trkpt>
<trkpt lat="49.857232" lon="8.668631"><ele>184.0</ele></trkpt>
<trkpt lat="49.857099" lon="8.668667"><ele>184.25</ele></trkpt>
<trkpt lat="49.856813" lon="8.668743"><ele>184.5</ele></trkpt>
<trkpt lat="49.856765" lon="8.668754"><ele>184.75</ele></trkpt>
<trkpt lat="49.856164" lon="8.668900"><ele>185.0</ele></trkpt>
<trkpt lat="49.855281" lon="8.669116"><ele>186.0</ele></trkpt>
<trkpt lat="49.855114" lon="8.669184"><ele>186.5</ele></trkpt>
<trkpt lat="49.854981" lon="8.669244"><ele>187.0</ele></trkpt>
<trkpt lat="49.854088" lon="8.669774"><ele>189.25</ele></trkpt>
<trkpt lat="49.853601" lon="8.670058"><ele>190.0</ele></trkpt>
<trkpt lat="49.853290" lon="8.670240"><ele>191.0</ele></trkpt>
<trkpt lat="49.852545" lon="8.670662"><ele>193.75</ele></trkpt>
<trkpt lat="49.852527" lon="8.670673"><ele>193.75</ele></trkpt>
<trkpt lat="49.852384" lon="8.670760"><ele>194.5</ele></trkpt>
<trkpt lat="49.852320" lon="8.670808"><ele>194.5</ele></trkpt>
<trkpt lat="49.852277" lon="8.670840"><ele>194.75</ele></trkpt>
<trkpt lat="49.852164" lon="8.670938"><ele>195.25</ele></trkpt>
<trkpt lat="49.852104" lon="8.671004"><ele>195.5</ele></trkpt>
<trkpt lat="49.852020" lon="8.671135"><ele>196.25</ele></trkpt>
<trkpt lat="49.851988" lon="8.671183"><ele>196.5</ele></trkpt>
<trkpt lat="49.851933" lon="8.671312"><ele>197.0</ele></trkpt>
<trkpt lat="49.851868" lon="8.671538"><ele>197.75</ele></trkpt>
<trkpt lat="49.851580" lon="8.673614"><ele>204.75</ele></trkpt>
<trkpt lat="49.851531" lon="8.673880"><ele>205.25</ele></trkpt>
<trkpt lat="49.851493" lon="8.673998"><ele>205.5</ele></trkpt>
<trkpt lat="49.851408" lon="8.674156"><ele>206.5</ele></trkpt>
<trkpt lat="49.851363" lon="8.674219"><ele>207.0</ele></trkpt>
<trkpt lat="49.851263" lon="8.674313"><ele>207.5</ele></trkpt>
<trkpt lat="49.851142" lon="8.674377"><ele>208.5</ele></trkpt>
<trkpt lat="49.851021" lon="8.674407"><ele>209.25</ele></trkpt>
<trkpt lat="49.850831" lon="8.674405"><ele>210.0</ele></trkpt>
<trkpt lat="49.850105" lon="8.674236"><ele>214.0</ele></trkpt>
<trkpt lat="49.849944" lon="8.674222"><ele>214.25</ele></trkpt>
<trkpt lat="49.849779" lon="8.674224"><ele>215.0</ele></trkpt>
<trkpt lat="49.849485" lon="8.674279"><ele>215.0</ele></trkpt>
<trkpt lat="49.848761" lon="8.674600"><ele>215.25</ele></trkpt>
<trkpt lat="49.848400" lon="8.674734"><ele>216.75</ele></trkpt>
<trkpt lat="49.846594" lon="8.675302"><ele>221.0</ele></trkpt>
<trkpt lat="49.845543" lon="8.675642"><ele>224.0</ele></trkpt>
<trkpt lat="49.845051" lon="8.675773"><ele>225.0</ele></trkpt>
<trkpt lat="49.844732" lon="8.675901"><ele>227.0</ele></trkpt>
<trkpt lat="49.844353" lon="8.676102"><ele>227.25</ele></trkpt>
<trkpt lat="49.844109" lon="8.676280"><ele>228.75</ele></trkpt>
<trkpt lat="49.843890" lon="8.676470"><ele>229.5</ele></trkpt>
<trkpt lat="49.843621" lon="8.676777"><ele>230.25</ele></trkpt>
<trkpt lat="49.843451" lon="8.677001"><ele>231.75</ele></trkpt>
<trkpt lat="49.843295" lon="8.677237"><ele>230.5</ele></trkpt>
<trkpt lat="49.843124" lon="8.677529"><ele>233.25</ele></trkpt>
<trkpt lat="49.842969" lon="8.677841"><ele>231.5</ele></trkpt>
<trkpt lat="49.842816" lon="8.678222"><ele>231.5</ele></trkpt>
<trkpt lat="49.842699" lon="8.678583"><ele>230.25</ele></trkpt>
<trkpt lat="49.842601" lon="8.678967"><ele>230.75</ele></trkpt>
<trkpt lat="49.842455" lon="8.679608"><ele>229.5</ele></trkpt>
<trkpt lat="49.842294" lon="8.680403"><ele>228.75</ele></trkpt>
<trkpt lat="49.842238" lon="8.680635"><ele>229.0</ele></trkpt>
<trkpt lat="49.842063" lon="8.681221"><ele>228.25</ele></trkpt>
<trkpt lat="49.841941" lon="8.681563"><ele>227.75</ele></trkpt>
<trkpt lat="49.841566" lon="8.682627"><ele>225.5</ele></trkpt>
<trkpt lat="49.841259" lon="8.683627"><ele>225.75</ele></trkpt>
<trkpt lat="49.841230" lon="8.683727"><ele>225.5</ele></trkpt>
<trkpt lat="49.840166" lon="8.687413"><ele>219.0</ele></trkpt>
<trkpt lat="49.840023" lon="8.687872"><ele>217.75</ele></trkpt>
<trkpt lat="49.839974" lon="8.688007"><ele>218.25</ele></trkpt>
<trkpt lat="49.839864" lon="8.688255"><ele>218.0</ele></trkpt>
<trkpt lat="49.839803" lon="8.688367"><ele>217.5</ele></trkpt>
<trkpt lat="49.839730" lon="8.688479"><ele>217.25</ele></trkpt>
<trkpt lat="49.839644" lon="8.688592"><ele>216.75</ele></trkpt>
<trkpt lat="49.839472" lon="8.688772"><ele>215.5</ele></trkpt>
<trkpt lat="49.839315" lon="8.688887"><ele>214.5</ele></trkpt>
<trkpt lat="49.839143" lon="8.688980"><ele>213.75</ele></trkpt>
<trkpt lat="49.838930" lon="8.689085"><ele>213.0</ele></trkpt>
<trkpt lat="49.838721" lon="8.689184"><ele>212.25</ele></trkpt>
<trkpt lat="49.838536" lon="8.689264"><ele>211.75</ele></trkpt>
<trkpt lat="49.838400" lon="8.689329"><ele>211.5</ele></trkpt>
<trkpt lat="49.838326" lon="8.689368"><ele>211.25</ele></trkpt>
<trkpt lat="49.838143" lon="8.689474"><ele>210.25</ele></trkpt>
<trkpt lat="49.838032" lon="8.689562"><ele>210.0</ele></trkpt>
<trkpt lat="49.837918" lon="8.689683"><ele>209.5</ele></trkpt>
<trkpt lat="49.837874" lon="8.689740"><ele>209.25</ele></trkpt>
<trkpt lat="49.837782" lon="8.689890"><ele>208.25</ele></trkpt>
<trkpt lat="49.837727" lon="8.689998"><ele>207.75</ele></trkpt>
<trkpt lat="49.837577" lon="8.690306"><ele>207.0</ele></trkpt>
<trkpt lat="49.837451" lon="8.690563"><ele>205.75</ele></trkpt>
<trkpt lat="49.837246" lon="8.690980"><ele>204.5</ele></trkpt>
<trkpt lat="49.837140" lon="8.691196"><ele>203.25</ele></trkpt>
<trkpt lat="49.837121" lon="8.691236"><ele>203.25</ele></trkpt>
<trkpt lat="49.837014" lon="8.691453"><ele>202.75</ele></trkpt>
<trkpt lat="49.836837" lon="8.691814"><ele>201.25</ele></trkpt>
<trkpt lat="49.836650" lon="8.692197"><ele>200.0</ele></trkpt>
<trkpt lat="49.836611" lon="8.692275"><ele>199.5</ele></trkpt>
<trkpt lat="49.836282" lon="8.692947"><ele>196.75</ele></trkpt>
<trkpt lat="49.836179" lon="8.693160"><ele>196.0</ele></trkpt>
<trkpt lat="49.835096" lon="8.695375"><ele>191.25</ele></trkpt>
<trkpt lat="49.834918" lon="8.695738"><ele>192.75</ele></trkpt>
<trkpt lat="49.834877" lon="8.695827"><ele>192.75</ele></trkpt>
<trkpt lat="49.834828" lon="8.695927"><ele>193.0</ele></trkpt>
<trkpt lat="49.834759" lon="8.696076"><ele>193.0</ele></trkpt>
<trkpt lat="49.832937" lon="8.699812"><ele>189.25</ele></trkpt>
<trkpt lat="49.832752" lon="8.700182"><ele>187.0</ele></trkpt>
<trkpt lat="49.832618" lon="8.700462"><ele>186.25</ele></trkpt>
<trkpt lat="49.832549" lon="8.700613"><ele>185.75</ele></trkpt>
<trkpt lat="49.831689" lon="8.702380"><ele>181.25</ele></trkpt>
<trkpt lat="49.831652" lon="8.702458"><ele>181.0</ele></trkpt>
<trkpt lat="49.831325" lon="8.703130"><ele>179.5</ele></trkpt>
<trkpt lat="49.831142" lon="8.703487"><ele>178.75</ele></trkpt>
<trkpt lat="49.831119" lon="8.703532"><ele>178.75</ele></trkpt>
<trkpt lat="49.831030" lon="8.703718"><ele>178.25</ele></trkpt>
<trkpt lat="49.830958" lon="8.703862"><ele>178.0</ele></trkpt>
<trkpt lat="49.830933" lon="8.703914"><ele>178.0</ele></trkpt>
<trkpt lat="49.830870" lon="8.704037"><ele>178.0</ele></trkpt>
<trkpt lat="49.830682" lon="8.704444"><ele>177.25</ele></trkpt>
<trkpt lat="49.830631" lon="8.704550"><ele>177.25</ele></trkpt>
<trkpt lat="49.830483" lon="8.704866"><ele>176.5</ele></trkpt>
<trkpt lat="49.830192" lon="8.705455"><ele>176.5</ele></trkpt>
<trkpt lat="49.829911" lon="8.706041"><ele>175.75</ele></trkpt>
<trkpt lat="49.829823" lon="8.706215"><ele>175.5</ele></trkpt>
<trkpt lat="49.829654" lon="8.706556"><ele>175.25</ele></trkpt>
<trkpt lat="49.829558" lon="8.706749"><ele>174.75</ele></trkpt>
<trkpt lat="49.829259" lon="8.707367"><ele>174.25</ele></trkpt>
<trkpt lat="49.829111" lon="8.707705"><ele>175.25</ele></trkpt>
<trkpt lat="49.828841" lon="8.708372"><ele>177.0</ele></trkpt>
<trkpt lat="49.828694" lon="8.708831"><ele>177.0</ele></trkpt>
<trkpt lat="49.828574" lon="8.709203"><ele>177.5</ele></trkpt>
<trkpt lat="49.828498" lon="8.709453"><ele>177.5</ele></trkpt>
<trkpt lat="49.827970" lon="8.711266"><ele>180.5</ele></trkpt>
<trkpt lat="49.827964" lon="8.711289"><ele>180.5</ele></trkpt>
<trkpt lat="49.827892" lon="8.711547"><ele>181.0</ele></trkpt>
<trkpt lat="49.827692" lon="8.712220"><ele>181.75</ele></trkpt>
<trkpt lat="49.827615" lon="8.712485"><ele>182.0</ele></trkpt>
<trkpt lat="49.827582" lon="8.712604"><ele>182.25</ele></trkpt>
<trkpt lat="49.827513" lon="8.712855"><ele>182.5</ele></trkpt>
<trkpt lat="49.827407" lon="8.713253"><ele>183.25</ele></trkpt>
<trkpt lat="49.827334" lon="8.713548"><ele>182.75</ele></trkpt>
<trkpt lat="49.827241" lon="8.713972"><ele>181.75</ele></trkpt>
<trkpt lat="49.827200" lon="8.714191"><ele>182.5</ele></trkpt>
<trkpt lat="49.827171" lon="8.714404"><ele>183.25</ele></trkpt>
<trkpt lat="49.827152" lon="8.714598"><ele>183.25</ele></trkpt>
<trkpt lat="49.827135" lon="8.714997"><ele>182.5</ele></trkpt>
<trkpt lat="49.827135" lon="8.715401"><ele>182.75</ele></trkpt>
<trkpt lat="49.827134" lon="8.715588"><ele>183.0</ele></trkpt>
<trkpt lat="49.827095" lon="8.715729"><ele>183.0</ele></trkpt>
<trkpt lat="49.827062" lon="8.715797"><ele>183.0</ele></trkpt>
<trkpt lat="49.827017" lon="8.715861"><ele>183.0</ele></trkpt>
<trkpt lat="49.826970" lon="8.715907"><ele>183.0</ele></trkpt>
<trkpt lat="49.826922" lon="8.715963"><ele>183.0</ele></trkpt>
<trkpt lat="49.826891" lon="8.716025"><ele>183.25</ele></trkpt>
<trkpt lat="49.826879" lon="8.716092"><ele>183.5</ele></trkpt>
<trkpt lat="49.826872" lon="8.716162"><ele>183.75</ele></trkpt>
<trkpt lat="49.826881" lon="8.716234"><ele>183.75</ele></trkpt>
<trkpt lat="49.826928" lon="8.716396"><ele>182.5</ele></trkpt>
<trkpt lat="49.827031" lon="8.716820"><ele>182.5</ele></trkpt>
<trkpt lat="49.827078" lon="8.717053"><ele>183.5</ele></trkpt>
<trkpt lat="49.827111" lon="8.717251"><ele>184.25</ele></trkpt>
<trkpt lat="49.827138" lon="8.717470"><ele>184.5</ele></trkpt>
<trkpt lat="49.827152" lon="8.717657"><ele>184.5</ele></trkpt>
<trkpt lat="49.827251" lon="8.718411"><ele>183.75</ele></trkpt>
<trkpt lat="49.827285" lon="8.718806"><ele>184.25</ele></trkpt>
<trkpt lat="49.827371" lon="8.719463"><ele>185.0</ele></trkpt>
<trkpt lat="49.827424" lon="8.719737"><ele>185.0</ele></trkpt>
<trkpt lat="49.827525" lon="8.720527"><ele>184.75</ele></trkpt>
<trkpt lat="49.827562" lon="8.720821"><ele>185.0</ele></trkpt>
<trkpt lat="49.827592" lon="8.721033"><ele>185.25</ele></trkpt>
<trkpt lat="49.827604" lon="8.721194"><ele>185.5</ele></trkpt>
<trkpt lat="49.827625" lon="8.721356"><ele>186.25</ele></trkpt>
<trkpt lat="49.827646" lon="8.721494"><ele>186.75</ele></trkpt>
<trkpt lat="49.827667" lon="8.721634"><ele>187.0</ele></trkpt>
<trkpt lat="49.827727" lon="8.722187"><ele>187.0</ele></trkpt>
<trkpt lat="49.827751" lon="8.722441"><ele>186.75</ele></trkpt>
<trkpt lat="49.827927" lon="8.724635"><ele>191.25</ele></trkpt>
<trkpt lat="49.827958" lon="8.725319"><ele>192.75</ele></trkpt>
<trkpt lat="49.827960" lon="8.725698"><ele>193.5</ele></trkpt>
<trkpt lat="49.827942" lon="8.726243"><ele>195.0</ele></trkpt>
<trkpt lat="49.827917" lon="8.726542"><ele>195.0</ele></trkpt>
<trkpt lat="49.827886" lon="8.726792"><ele>195.0</ele></trkpt>
<trkpt lat="49.827850" lon="8.727008"><ele>194.25</ele></trkpt>
<trkpt lat="49.827787" lon="8.727319"><ele>194.25</ele></trkpt>
<trkpt lat="49.827713" lon="8.727625"><ele>196.5</ele></trkpt>
<trkpt lat="49.827630" lon="8.727925"><ele>196.75</ele></trkpt>
<trkpt lat="49.827537" lon="8.728219"><ele>196.5</ele></trkpt>
<trkpt lat="49.827434" lon="8.728505"><ele>197.5</ele></trkpt>
<trkpt lat="49.827322" lon="8.728781"><ele>198.0</ele></trkpt>
<trkpt lat="49.827337" lon="8.728832"><ele>198.0</ele></trkpt>
<trkpt lat="49.827369" lon="8.728894"><ele>197.75</ele></trkpt>
<trkpt lat="49.827530" lon="8.729068"><ele>196.5</ele></trkpt>
<trkpt lat="49.827706" lon="8.729255"><ele>196.25</ele></trkpt>
<trkpt lat="49.827770" lon="8.729365"><ele>196.75</ele></trkpt>
<trkpt lat="49.827803" lon="8.729443"><ele>196.5</ele></trkpt>
<trkpt lat="49.827843" lon="8.729648"><ele>193.0</ele></trkpt>
<trkpt lat="49.827863" lon="8.729860"><ele>192.25</ele></trkpt>
<trkpt lat="49.827866" lon="8.730191"><ele>192.5</ele></trkpt>
<trkpt lat="49.827875" lon="8.730434"><ele>193.0</ele></trkpt>
<trkpt lat="49.827896" lon="8.730650"><ele>193.0</ele></trkpt>
<trkpt lat="49.827923" lon="8.730821"><ele>192.75</ele></trkpt>
<trkpt lat="49.828056" lon="8.731413"><ele>192.75</ele></trkpt>
<trkpt lat="49.828086" lon="8.731661"><ele>192.75</ele></trkpt>
<trkpt lat="49.828104" lon="8.731913"><ele>192.5</ele></trkpt>
<trkpt lat="49.828114" lon="8.732070"><ele>192.5</ele></trkpt>
<trkpt lat="49.828130" lon="8.732311"><ele>192.75</ele></trkpt>
<trkpt lat="49.828139" lon="8.732454"><ele>193.0</ele></trkpt>
<trkpt lat="49.828184" lon="8.732724"><ele>193.0</ele></trkpt>
<trkpt lat="49.828258" lon="8.733032"><ele>193.0</ele></trkpt>
<trkpt lat="49.828287" lon="8.733120"><ele>193.0</ele></trkpt>
<trkpt lat="49.828324" lon="8.733230"><ele>193.0</ele></trkpt>
<trkpt lat="49.828521" lon="8.733729"><ele>193.25</ele></trkpt>
<trkpt lat="49.828571" lon="8.733862"><ele>193.25</ele></trkpt>
<trkpt lat="49.828635" lon="8.734027"><ele>193.75</ele></trkpt>
<trkpt lat="49.828744" lon="8.734305"><ele>193.75</ele></trkpt>
<trkpt lat="49.828932" lon="8.734787"><ele>193.0</ele></trkpt>
<trkpt lat="49.829476" lon="8.736179"><ele>193.0</ele></trkpt>
<trkpt lat="49.829616" lon="8.736500"><ele>194.25</ele></trkpt>
<trkpt lat="49.829708" lon="8.736681"><ele>194.0</ele></trkpt>
<trkpt lat="49.830157" lon="8.737446"><ele>195.0</ele></trkpt>
<trkpt lat="49.830350" lon="8.737819"><ele>195.0</ele></trkpt>
<trkpt lat="49.830411" lon="8.737953"><ele>195.5</ele></trkpt>
<trkpt lat="49.830436" lon="8.738008"><ele>195.5</ele></trkpt>
<trkpt lat="49.830452" lon="8.738048"><ele>195.5</ele></trkpt>
<trkpt lat="49.830469" lon="8.738087"><ele>195.5</ele></trkpt>
<trkpt lat="49.830630" lon="8.738586"><ele>195.25</ele></trkpt>
<trkpt lat="49.830714" lon="8.738891"><ele>195.25</ele></trkpt>
<trkpt lat="49.830771" lon="8.739058"><ele>196.25</ele></trkpt>
<trkpt lat="49.830824" lon="8.739168"><ele>197.0</ele></trkpt>
<trkpt lat="49.830686" lon="8.739380"><ele>197.0</ele></trkpt>
<trkpt lat="49.830643" lon="8.739518"><ele>196.75</ele></trkpt>
<trkpt lat="49.830536" lon="8.740438"><ele>198.0</ele></trkpt>
<trkpt lat="49.830453" lon="8.740757"><ele>198.75</ele></trkpt>
<trkpt lat="49.830361" lon="8.741112"><ele>199.5</ele></trkpt>
<trkpt lat="49.830168" lon="8.741779"><ele>201.5</ele></trkpt>
<trkpt lat="49.829952" lon="8.742222"><ele>201.25</ele></trkpt>
<trkpt lat="49.829920" lon="8.742292"><ele>201.5</ele></trkpt>
<trkpt lat="49.829796" lon="8.742811"><ele>200.25</ele></trkpt>
<trkpt lat="49.829788" lon="8.742901"><ele>200.25</ele></trkpt>
<trkpt lat="49.829789" lon="8.742945"><ele>200.25</ele></trkpt>
<trkpt lat="49.829793" lon="8.743051"><ele>200.0</ele></trkpt>
<trkpt lat="49.829871" lon="8.743487"><ele>199.25</ele></trkpt>
<trkpt lat="49.829867" lon="8.743624"><ele>199.25</ele></trkpt>
<trkpt lat="49.829700" lon="8.744286"><ele>200.0</ele></trkpt>
<trkpt lat="49.829525" lon="8.745039"><ele>200.5</ele></trkpt>
<trkpt lat="49.829443" lon="8.745233"><ele>200.0</ele></trkpt>
<trkpt lat="49.829195" lon="8.745791"><ele>200.75</ele></trkpt>
<trkpt lat="49.828923" lon="8.746123"><ele>200.75</ele></trkpt>
<trkpt lat="49.828729" lon="8.746280"><ele>200.25</ele></trkpt>
<trkpt lat="49.828638" lon="8.746328"><ele>200.0</ele></trkpt>
<trkpt lat="49.828600" lon="8.746374"><ele>200.0</ele></trkpt>
<trkpt lat="49.828567" lon="8.746455"><ele>200.0</ele></trkpt>
<trkpt lat="49.828543" lon="8.746753"><ele>200.25</ele></trkpt>
<trkpt lat="49.828541" lon="8.746767"><ele>200.5</ele></trkpt>
<trkpt lat="49.828540" lon="8.746834"><ele>200.5</ele></trkpt>
<trkpt lat="49.828539" lon="8.746857"><ele>200.75</ele></trkpt>
<trkpt lat="49.828156" lon="8.746847"><ele>200.75</ele></trkpt>
<trkpt lat="49.827913" lon="8.746854"><ele>200.75</ele></trkpt>
<trkpt lat="49.827836" lon="8.746880"><ele>200.75</ele></trkpt>
<trkpt lat="49.827748" lon="8.746925"><ele>201.0</ele></trkpt>
<trkpt lat="49.827688" lon="8.746966"><ele>201.0</ele></trkpt>
<trkpt lat="49.827625" lon="8.747078"><ele>201.0</ele></trkpt>
<trkpt lat="49.827681" lon="8.747237"><ele>201.5</ele></trkpt>
<trkpt lat="49.827710" lon="8.747423"><ele>203.0</ele></trkpt>
<trkpt lat="49.827713" lon="8.747822"><ele>206.0</ele></trkpt>
<trkpt lat="49.827679" lon="8.748024"><ele>208.75</ele></trkpt>
<trkpt lat="49.827583" lon="8.748419"><ele>210.5</ele></trkpt>
<trkpt lat="49.827296" lon="8.749131"><ele>213.25</ele></trkpt>
<trkpt lat="49.827390" lon="8.749318"><ele>215.25</ele></trkpt>
<trkpt lat="49.827619" lon="8.749938"><ele>221.25</ele></trkpt>
<trkpt lat="49.827675" lon="8.749937"><ele>221.75</ele></trkpt>
<trkpt lat="49.827830" lon="8.749931"><ele>222.5</ele></trkpt>
<trkpt lat="49.827960" lon="8.749942"><ele>222.5</ele></trkpt>
<trkpt lat="49.828013" lon="8.749946"><ele>222.5</ele></trkpt>
<trkpt lat="49.828174" lon="8.749958"><ele>222.75</ele></trkpt>
<trkpt lat="49.828281" lon="8.749989"><ele>222.75</ele></trkpt>
<trkpt lat="49.828312" lon="8.750022"><ele>223.75</ele></trkpt>
<trkpt lat="49.828311" lon="8.750021"><ele>222.75</ele></trkpt>
<trkpt lat="49.828418" lon="8.750132"><ele>223.75</ele></trkpt>
<trkpt lat="49.828731" lon="8.750508"><ele>223.75</ele></trkpt>
<trkpt lat="49.828792" lon="8.750570"><ele>223.5</ele></trkpt>
<trkpt lat="49.829033" lon="8.750891"><ele>221.5</ele></trkpt>
<trkpt lat="49.829105" lon="8.750998"><ele>220.75</ele></trkpt>
<trkpt lat="49.829671" lon="8.752389"><ele>221.25</ele></trkpt>
<trkpt lat="49.830534" lon="8.754602"><ele>224.5</ele></trkpt>
<trkpt lat="49.830585" lon="8.754665"><ele>224.5</ele></trkpt>
<trkpt lat="49.830733" lon="8.754714"><ele>224.25</ele></trkpt>
<trkpt lat="49.830977" lon="8.754746"><ele>224.0</ele></trkpt>
<trkpt lat="49.831139" lon="8.754773"><ele>224.0</ele></trkpt>
<trkpt lat="49.831285" lon="8.754793"><ele>224.0</ele></trkpt>
<trkpt lat="49.831417" lon="8.754823"><ele>224.0</ele></trkpt>
<trkpt lat="49.831515" lon="8.754937"><ele>225.25</ele></trkpt>
<trkpt lat="49.831608" lon="8.755078"><ele>226.0</ele></trkpt>
<trkpt lat="49.831880" lon="8.755676"><ele>229.0</ele></trkpt>
<trkpt lat="49.832127" lon="8.756215"><ele>231.0</ele></trkpt>
<trkpt lat="49.832768" lon="8.757450"><ele>236.0</ele></trkpt>
<trkpt lat="49.832966" lon="8.757758"><ele>238.75</ele></trkpt>
<trkpt lat="49.833789" lon="8.758722"><ele>243.0</ele></trkpt>
<trkpt lat="49.834369" lon="8.759384"><ele>244.5</ele></trkpt>
<trkpt lat="49.835784" lon="8.760988"><ele>252.25</ele></trkpt>
<trkpt lat="49.835928" lon="8.761159"><ele>253.0</ele></trkpt>
<trkpt lat="49.836061" lon="8.761302"><ele>253.5</ele></trkpt>
<trkpt lat="49.836634" lon="8.761675"><ele>254.25</ele></trkpt>
<trkpt lat="49.836911" lon="8.761963"><ele>255.25</ele></trkpt>
<trkpt lat="49.837220" lon="8.762354"><ele>255.75</ele></trkpt>
<trkpt lat="49.838438" lon="8.763975"><ele>259.0</ele></trkpt>
<trkpt lat="49.839332" lon="8.765291"><ele>260.75</ele></trkpt>
<trkpt lat="49.839424" lon="8.765387"><ele>260.5</ele></trkpt>
<trkpt lat="49.839541" lon="8.765483"><ele>260.25</ele></trkpt>
<trkpt lat="49.839678" lon="8.765575"><ele>259.75</ele></trkpt>
<trkpt lat="49.840026" lon="8.765745"><ele>258.5</ele></trkpt>
<trkpt lat="49.840158" lon="8.765839"><ele>257.75</ele></trkpt>
<trkpt lat="49.840291" lon="8.765954"><ele>257.5</ele></trkpt>
<trkpt lat="49.840635" lon="8.766365"><ele>256.0</ele></trkpt>
<trkpt lat="49.840737" lon="8.766465"><ele>255.5</ele></trkpt>
<trkpt lat="49.841401" lon="8.766999"><ele>252.0</ele></trkpt>
<trkpt lat="49.841554" lon="8.767149"><ele>251.5</ele></trkpt>
<trkpt lat="49.841839" lon="8.767498"><ele>250.25</ele></trkpt>
<trkpt lat="49.842532" lon="8.768391"><ele>247.25</ele></trkpt>
<trkpt lat="49.842908" lon="8.768857"><ele>246.5</ele></trkpt>
<trkpt lat="49.843082" lon="8.769030"><ele>246.5</ele></trkpt>
<trkpt lat="49.843210" lon="8.769129"><ele>246.5</ele></trkpt>
<trkpt lat="49.843425" lon="8.769277"><ele>246.0</ele></trkpt>
<trkpt lat="49.843591" lon="8.769342"><ele>245.75</ele></trkpt>
<trkpt lat="49.843711" lon="8.769368"><ele>245.5</ele></trkpt>
<trkpt lat="49.843775" lon="8.769382"><ele>245.25</ele></trkpt>
<trkpt lat="49.843882" lon="8.769385"><ele>245.0</ele></trkpt>
<trkpt lat="49.844044" lon="8.769364"><ele>244.0</ele></trkpt>
<trkpt lat="49.844563" lon="8.769223"><ele>244.0</ele></trkpt>
<trkpt lat="49.844751" lon="8.769216"><ele>244.25</ele></trkpt>
<trkpt lat="49.844866" lon="8.769252"><ele>243.5</ele></trkpt>
<trkpt lat="49.844962" lon="8.769317"><ele>243.0</ele></trkpt>
<trkpt lat="49.845079" lon="8.769417"><ele>243.0</ele></trkpt>
<trkpt lat="49.846123" lon="8.770392"><ele>243.0</ele></trkpt>
<trkpt lat="49.846241" lon="8.770526"><ele>243.25</ele></trkpt>
<trkpt lat="49.846423" lon="8.770838"><ele>244.0</ele></trkpt>
<trkpt lat="49.846740" lon="8.771453"><ele>245.25</ele></trkpt>
<trkpt lat="49.846798" lon="8.771618"><ele>245.5</ele></trkpt>
<trkpt lat="49.846849" lon="8.771791"><ele>245.75</ele></trkpt>
<trkpt lat="49.847119" lon="8.773373"><ele>244.5</ele></trkpt>
<trkpt lat="49.847305" lon="8.774409"><ele>245.75</ele></trkpt>
<trkpt lat="49.847574" lon="8.775619"><ele>245.75</ele></trkpt>
<trkpt lat="49.848363" lon="8.777910"><ele>241.0</ele></trkpt>
<trkpt lat="49.848535" lon="8.778566"><ele>238.5</ele></trkpt>
<trkpt lat="49.848741" lon="8.779331"><ele>236.0</ele></trkpt>
<trkpt lat="49.848791" lon="8.779636"><ele>235.75</ele></trkpt>
<trkpt lat="49.848974" lon="8.782408"><ele>223.5</ele></trkpt>
<trkpt lat="49.849068" lon="8.783062"><ele>222.25</ele></trkpt>
<trkpt lat="49.849192" lon="8.783725"><ele>221.5</ele></trkpt>
<trkpt lat="49.849563" lon="8.785088"><ele>220.25</ele></trkpt>
<trkpt lat="49.849683" lon="8.785477"><ele>220.0</ele></trkpt>
<trkpt lat="49.849756" lon="8.785667"><ele>219.25</ele></trkpt>
<trkpt lat="49.849880" lon="8.785919"><ele>218.0</ele></trkpt>
<trkpt lat="49.850040" lon="8.786178"><ele>217.75</ele></trkpt>
<trkpt lat="49.850526" lon="8.787005"><ele>215.0</ele></trkpt>
<trkpt lat="49.850754" lon="8.787406"><ele>214.0</ele></trkpt>
<trkpt lat="49.850981" lon="8.787893"><ele>212.0</ele></trkpt>
<trkpt lat="49.851617" lon="8.789537"><ele>208.25</ele></trkpt>
<trkpt lat="49.852453" lon="8.791652"><ele>206.0</ele></trkpt>
<trkpt lat="49.852693" lon="8.792263"><ele>206.25</ele></trkpt>
<trkpt lat="49.852962" lon="8.792888"><ele>205.25</ele></trkpt>
<trkpt lat="49.853926" lon="8.795064"><ele>200.75</ele></trkpt>
<trkpt lat="49.854013" lon="8.795349"><ele>200.25</ele></trkpt>
<trkpt lat="49.854021" lon="8.795374"><ele>200.25</ele></trkpt>
<trkpt lat="49.854087" lon="8.795269"><ele>200.25</ele></trkpt>
<trkpt lat="49.854266" lon="8.794962"><ele>200.5</ele></trkpt>
<trkpt lat="49.854381" lon="8.794678"><ele>199.25</ele></trkpt>
<trkpt lat="49.854509" lon="8.794185"><ele>198.75</ele></trkpt>
<trkpt lat="49.854566" lon="8.793829"><ele>198.5</ele></trkpt>
<trkpt lat="49.854642" lon="8.793538"><ele>197.5</ele></trkpt>
<trkpt lat="49.854765" lon="8.792962"><ele>196.0</ele></trkpt>
<trkpt lat="49.854840" lon="8.792574"><ele>194.75</ele></trkpt>
<trkpt lat="49.854854" lon="8.792472"><ele>194.25</ele></trkpt>
<trkpt lat="49.854877" lon="8.792258"><ele>194.0</ele></trkpt>
<trkpt lat="49.854891" lon="8.792177"><ele>193.75</ele></trkpt>
<trkpt lat="49.855134" lon="8.790874"><ele>190.0</ele></trkpt>
<trkpt lat="49.855259" lon="8.790139"><ele>189.75</ele></trkpt>
<trkpt lat="49.855351" lon="8.790172"><ele>189.75</ele></trkpt>
<trkpt lat="49.855400" lon="8.790190"><ele>189.5</ele></trkpt>
<trkpt lat="49.855444" lon="8.790187"><ele>189.5</ele></trkpt>
<trkpt lat="49.855545" lon="8.790144"><ele>189.5</ele></trkpt>
<trkpt lat="49.855791" lon="8.790093"><ele>189.0</ele></trkpt>
<trkpt lat="49.855945" lon="8.790032"><ele>188.5</ele></trkpt>
<trkpt lat="49.857306" lon="8.789854"><ele>183.25</ele></trkpt>
<trkpt lat="49.857310" lon="8.789891"><ele>183.5</ele></trkpt>
<trkpt lat="49.857320" lon="8.789923"><ele>183.5</ele></trkpt>
<trkpt lat="49.858543" lon="8.792393"><ele>181.0</ele></trkpt>
<trkpt lat="49.858860" lon="8.793018"><ele>182.5</ele></trkpt>
<trkpt lat="49.858881" lon="8.793030"><ele>182.5</ele></trkpt>
<trkpt lat="49.859684" lon="8.793503"><ele>182.0</ele></trkpt>
<trkpt lat="49.860298" lon="8.794034"><ele>180.75</ele></trkpt>
<trkpt lat="49.860897" lon="8.795252"><ele>183.0</ele></trkpt>
<trkpt lat="49.861235" lon="8.794776"><ele>180.25</ele></trkpt>
<trkpt lat="49.861780" lon="8.794051"><ele>176.5</ele></trkpt>
<trkpt lat="49.862224" lon="8.793417"><ele>172.5</ele></trkpt>
<trkpt lat="49.862674" lon="8.792786"><ele>171.5</ele></trkpt>
<trkpt lat="49.862972" lon="8.792458"><ele>169.75</ele></trkpt>
<trkpt lat="49.863342" lon="8.792138"><ele>168.5</ele></trkpt>
<trkpt lat="49.863492" lon="8.792056"><ele>168.75</ele></trkpt>
<trkpt lat="49.863719" lon="8.792032"><ele>168.5</ele></trkpt>
<trkpt lat="49.864136" lon="8.792019"><ele>167.25</ele></trkpt>
<trkpt lat="49.864417" lon="8.791999"><ele>165.5</ele></trkpt>
<trkpt lat="49.864566" lon="8.791952"><ele>165.0</ele></trkpt>
<trkpt lat="49.866381" lon="8.793277"><ele>167.5</ele></trkpt>
<trkpt lat="49.866476" lon="8.793060"><ele>165.5</ele></trkpt>
<trkpt lat="49.866655" lon="8.792603"><ele>162.25</ele></trkpt>
<trkpt lat="49.866697" lon="8.792448"><ele>161.5</ele></trkpt>
<trkpt lat="49.866724" lon="8.792228"><ele>160.75</ele></trkpt>
<trkpt lat="49.866699" lon="8.791947"><ele>159.75</ele></trkpt>
<trkpt lat="49.866695" lon="8.791754"><ele>159.75</ele></trkpt>
<trkpt lat="49.866771" lon="8.791715"><ele>159.75</ele></trkpt>
<trkpt lat="49.866880" lon="8.791619"><ele>159.75</ele></trkpt>
<trkpt lat="49.866982" lon="8.791513"><ele>159.25</ele></trkpt>
<trkpt lat="49.867091" lon="8.791323"><ele>158.5</ele></trkpt>
<trkpt lat="49.867171" lon="8.791104"><ele>159.0</ele></trkpt>
<trkpt lat="49.867352" lon="8.790614"><ele>158.25</ele></trkpt>
<trkpt lat="49.867530" lon="8.790137"><ele>157.75</ele></trkpt>
<trkpt lat="49.867617" lon="8.789902"><ele>157.5</ele></trkpt>
<trkpt lat="49.867688" lon="8.789709"><ele>158.0</ele></trkpt>
<trkpt lat="49.867840" lon="8.789313"><ele>158.0</ele></trkpt>
<trkpt lat="49.868237" lon="8.788310"><ele>157.25</ele></trkpt>
<trkpt lat="49.868241" lon="8.788305"><ele>157.25</ele></trkpt>
<trkpt lat="49.868293" lon="8.788230"><ele>157.25</ele></trkpt>
<trkpt lat="49.868396" lon="8.788083"><ele>157.5</ele></trkpt>
<trkpt lat="49.868476" lon="8.787997"><ele>157.25</ele></trkpt>
<trkpt lat="49.868585" lon="8.787915"><ele>157.0</ele></trkpt>
<trkpt lat="49.868725" lon="8.787828"><ele>157.0</ele></trkpt>
<trkpt lat="49.868941" lon="8.787756"><ele>157.0</ele></trkpt>
<trkpt lat="49.869109" lon="8.787725"><ele>157.0</ele></trkpt>
<trkpt lat="49.869456" lon="8.787680"><ele>156.75</ele></trkpt>
<trkpt lat="49.869527" lon="8.787661"><ele>157.0</ele></trkpt>
<trkpt lat="49.869582" lon="8.787642"><ele>157.0</ele></trkpt>
<trkpt lat="49.870281" lon="8.787190"><ele>157.0</ele></trkpt>
<trkpt lat="49.870345" lon="8.787152"><ele>157.25</ele></trkpt>
<trkpt lat="49.870369" lon="8.787158"><ele>157.5</ele></trkpt>
<trkpt lat="49.870400" lon="8.787209"><ele>157.25</ele></trkpt>
<trkpt lat="49.870732" lon="8.787775"><ele>158.0</ele></trkpt>
<trkpt lat="49.870765" lon="8.787835"><ele>158.0</ele></trkpt>
<trkpt lat="49.870799" lon="8.787907"><ele>158.0</ele></trkpt>
<trkpt lat="49.870949" lon="8.788224"><ele>158.0</ele></trkpt>
<trkpt lat="49.871020" lon="8.788381"><ele>157.75</ele></trkpt>
<trkpt lat="49.871339" lon="8.789065"><ele>157.25</ele></trkpt>
<trkpt lat="49.871397" lon="8.789185"><ele>157.0</ele></trkpt>
<trkpt lat="49.871844" lon="8.789923"><ele>157.0</ele></trkpt>
<trkpt lat="49.872047" lon="8.790244"><ele>157.0</ele></trkpt>
<trkpt lat="49.872101" lon="8.790317"><ele>157.0</ele></trkpt>
<trkpt lat="49.872144" lon="8.790326"><ele>157.0</ele></trkpt>
<trkpt lat="49.872184" lon="8.790315"><ele>157.0</ele></trkpt>
<trkpt lat="49.872198" lon="8.790401"><ele>157.0</ele></trkpt>
<trkpt lat="49.872223" lon="8.790524"><ele>157.0</ele></trkpt>
<trkpt lat="49.872291" lon="8.790779"><ele>157.0</ele></trkpt>
<trkpt lat="49.872397" lon="8.791084"><ele>156.5</ele></trkpt>
<trkpt lat="49.872504" lon="8.791378"><ele>156.75</ele></trkpt>
<trkpt lat="49.872594" lon="8.791628"><ele>156.0</ele></trkpt>
<trkpt lat="49.872689" lon="8.791890"><ele>156.0</ele></trkpt>
<trkpt lat="49.872817" lon="8.792229"><ele>156.0</ele></trkpt>
<trkpt lat="49.873039" lon="8.792749"><ele>155.75</ele></trkpt>
<trkpt lat="49.873088" lon="8.792857"><ele>155.5</ele></trkpt>
<trkpt lat="49.873115" lon="8.792917"><ele>155.25</ele></trkpt>
<trkpt lat="49.873228" lon="8.793160"><ele>155.0</ele></trkpt>
<trkpt lat="49.873509" lon="8.793684"><ele>155.0</ele></trkpt>
<trkpt lat="49.873636" lon="8.793904"><ele>155.75</ele></trkpt>
<trkpt lat="49.873823" lon="8.794203"><ele>155.75</ele></trkpt>
<trkpt lat="49.873889" lon="8.794303"><ele>155.75</ele></trkpt>
<trkpt lat="49.873953" lon="8.794399"><ele>155.75</ele></trkpt>
<trkpt lat="49.874090" lon="8.794588"><ele>156.5</ele></trkpt>
<trkpt lat="49.874152" lon="8.794674"><ele>157.5</ele></trkpt>
<trkpt lat="49.874228" lon="8.794775"><ele>157.5</ele></trkpt>
<trkpt lat="49.874286" lon="8.794846"><ele>157.25</ele></trkpt>
<trkpt lat="49.874337" lon="8.794909"><ele>157.75</ele></trkpt>
<trkpt lat="49.874442" lon="8.795032"><ele>158.5</ele></trkpt>
<trkpt lat="49.874544" lon="8.795150"><ele>156.5</ele></trkpt>
<trkpt lat="49.874895" lon="8.795542"><ele>154.75</ele></trkpt>
<trkpt lat="49.875144" lon="8.795826"></trkpt>
<trkpt lat="49.875435" lon="8.796204"></trkpt>
<trkpt lat="49.875628" lon="8.796491"><ele>154.0</ele></trkpt>
<trkpt lat="49.875715" lon="8.796636"><ele>155.25</ele></trkpt>
<trkpt lat="49.875904" lon="8.796978"><ele>156.0</ele></trkpt>
<trkpt lat="49.876002" lon="8.797174"><ele>154.5</ele></trkpt>
<trkpt lat="49.876134" lon="8.797468"><ele>156.25</ele></trkpt>
<trkpt lat="49.876236" lon="8.797723"><ele>152.75</ele></trkpt>
<trkpt lat="49.876309" lon="8.797935"><ele>153.5</ele></trkpt>
<trkpt lat="49.876353" lon="8.798067"><ele>154.5</ele></trkpt>
<trkpt lat="49.876516" lon="8.798601"><ele>152.5</ele></trkpt>
<trkpt lat="49.876746" lon="8.799356"><ele>151.25</ele></trkpt>
<trkpt lat="49.876995" lon="8.800082"><ele>150.5</ele></trkpt>
<trkpt lat="49.877332" lon="8.800861"><ele>150.0</ele></trkpt>
<trkpt lat="49.877538" lon="8.801288"><ele>149.75</ele></trkpt>
<trkpt lat="49.877760" lon="8.801697"><ele>150.0</ele></trkpt>
<trkpt lat="49.878005" lon="8.802170"><ele>150.0</ele></trkpt>
<trkpt lat="49.879535" lon="8.805051"><ele>149.0</ele></trkpt>
<trkpt lat="49.881356" lon="8.808481"><ele>148.0</ele></trkpt>
<trkpt lat="49.882257" lon="8.810180"><ele>147.75</ele></trkpt>
<trkpt lat="49.882728" lon="8.811063"><ele>147.75</ele></trkpt>
<trkpt lat="49.883198" lon="8.811976"><ele>147.75</ele></trkpt>
<trkpt lat="49.883427" lon="8.812384"><ele>147.75</ele></trkpt>
<trkpt lat="49.884223" lon="8.813883"><ele>147.0</ele></trkpt>
<trkpt lat="49.884988" lon="8.815318"><ele>146.75</ele></trkpt>
<trkpt lat="49.885962" lon="8.817167"><ele>146.0</ele></trkpt>
<trkpt lat="49.887510" lon="8.820136"><ele>144.25</ele></trkpt>
<trkpt lat="49.888019" lon="8.821131"><ele>144.75</ele></trkpt>
<trkpt lat="49.888135" lon="8.821367"><ele>144.0</ele></trkpt>
<trkpt lat="49.888227" lon="8.821587"><ele>144.25</ele></trkpt>
<trkpt lat="49.888473" lon="8.822276"><ele>144.5</ele></trkpt>
<trkpt lat="49.888604" lon="8.822727"><ele>145.75</ele></trkpt>
<trkpt lat="49.888737" lon="8.823214"><ele>144.75</ele></trkpt>
<trkpt lat="49.888872" lon="8.823798"><ele>147.25</ele></trkpt>
<trkpt lat="49.888934" lon="8.824121"><ele>146.75</ele></trkpt>
<trkpt lat="49.889064" lon="8.824947"><ele>146.5</ele></trkpt>
<trkpt lat="49.889110" lon="8.825316"><ele>148.0</ele></trkpt>
<trkpt lat="49.889158" lon="8.825890"><ele>150.75</ele></trkpt>
<trkpt lat="49.889187" lon="8.826352"><ele>150.25</ele></trkpt>
<trkpt lat="49.889257" lon="8.828941"><ele>149.25</ele></trkpt>
<trkpt lat="49.889299" lon="8.830143"><ele>149.0</ele></trkpt>
<trkpt lat="49.889308" lon="8.830437"><ele>148.25</ele></trkpt>
<trkpt lat="49.889312" lon="8.830746"><ele>148.0</ele></trkpt>
<trkpt lat="49.889288" lon="8.830845"><ele>148.0</ele></trkpt>
<trkpt lat="49.889290" lon="8.831030"><ele>148.0</ele></trkpt>
<trkpt lat="49.889276" lon="8.831138"><ele>148.0</ele></trkpt>
<trkpt lat="49.889250" lon="8.831231"><ele>148.0</ele></trkpt>
<trkpt lat="49.889220" lon="8.831278"><ele>148.0</ele></trkpt>
<trkpt lat="49.889201" lon="8.831338"><ele>148.0</ele></trkpt>
<trkpt lat="49.889196" lon="8.831403"><ele>147.75</ele></trkpt>
<trkpt lat="49.889205" lon="8.831467"><ele>147.5</ele></trkpt>
<trkpt lat="49.889227" lon="8.831523"><ele>147.5</ele></trkpt>
<trkpt lat="49.889259" lon="8.831565"><ele>147.25</ele></trkpt>
<trkpt lat="49.889299" lon="8.831589"><ele>147.25</ele></trkpt>
<trkpt lat="49.889341" lon="8.831592"><ele>147.25</ele></trkpt>
<trkpt lat="49.889378" lon="8.831575"><ele>147.25</ele></trkpt>
<trkpt lat="49.889410" lon="8.831543"><ele>147.25</ele></trkpt>
<trkpt lat="49.889435" lon="8.831496"><ele>147.5</ele></trkpt>
<trkpt lat="49.889554" lon="8.831452"><ele>147.25</ele></trkpt>
<trkpt lat="49.889689" lon="8.831424"><ele>146.75</ele></trkpt>
<trkpt lat="49.889852" lon="8.831415"><ele>146.75</ele></trkpt>
<trkpt lat="49.890006" lon="8.831458"><ele>146.75</ele></trkpt>
<trkpt lat="49.890093" lon="8.831482"><ele>146.5</ele></trkpt>
<trkpt lat="49.890161" lon="8.831501"><ele>146.5</ele></trkpt>
<trkpt lat="49.890209" lon="8.831515"><ele>146.5</ele></trkpt>
<trkpt lat="49.890749" lon="8.831685"><ele>146.0</ele></trkpt>
<trkpt lat="49.890997" lon="8.831767"><ele>146.0</ele></trkpt>
<trkpt lat="49.891134" lon="8.831812"><ele>145.75</ele></trkpt>
<trkpt lat="49.891155" lon="8.831820"><ele>145.75</ele></trkpt>
<trkpt lat="49.891244" lon="8.831858"><ele>145.5</ele></trkpt>
<trkpt lat="49.891494" lon="8.831969"><ele>145.0</ele></trkpt>
<trkpt lat="49.892145" lon="8.832271"><ele>144.25</ele></trkpt>
<trkpt lat="49.892276" lon="8.832324"><ele>144.25</ele></trkpt>
<trkpt lat="49.892432" lon="8.832371"><ele>144.0</ele></trkpt>
<trkpt lat="49.892571" lon="8.832401"><ele>144.0</ele></trkpt>
<trkpt lat="49.892862" lon="8.832435"><ele>144.0</ele></trkpt>
<trkpt lat="49.893004" lon="8.832448"><ele>144.0</ele></trkpt>
<trkpt lat="49.893127" lon="8.832454"><ele>144.0</ele></trkpt>
<trkpt lat="49.893202" lon="8.832454"><ele>144.0</ele></trkpt>
<trkpt lat="49.893384" lon="8.832432"><ele>144.0</ele></trkpt>
<trkpt lat="49.893651" lon="8.832366"><ele>144.0</ele></trkpt>
<trkpt lat="49.893724" lon="8.832361"><ele>144.0</ele></trkpt>
<trkpt lat="49.893776" lon="8.832354"><ele>144.0</ele></trkpt>
<trkpt lat="49.893829" lon="8.832342"><ele>144.0</ele></trkpt>
<trkpt lat="49.893882" lon="8.832347"><ele>144.0</ele></trkpt>
<trkpt lat="49.893908" lon="8.832373"><ele>143.75</ele></trkpt>
<trkpt lat="49.893939" lon="8.832384"><ele>143.75</ele></trkpt>
<trkpt lat="49.893970" lon="8.832381"><ele>143.5</ele></trkpt>
<trkpt lat="49.894010" lon="8.832424"><ele>143.25</ele></trkpt>
<trkpt lat="49.894037" lon="8.832466"><ele>143.0</ele></trkpt>
<trkpt lat="49.894073" lon="8.832509"><ele>142.5</ele></trkpt>
<trkpt lat="49.894123" lon="8.832549"><ele>142.25</ele></trkpt>
<trkpt lat="49.894221" lon="8.832732"><ele>142.25</ele></trkpt>
<trkpt lat="49.894274" lon="8.832836"><ele>143.0</ele></trkpt>
<trkpt lat="49.894338" lon="8.832964"><ele>143.5</ele></trkpt>
<trkpt lat="49.894364" lon="8.833011"><ele>143.75</ele></trkpt>
<trkpt lat="49.894405" lon="8.833087"><ele>144.0</ele></trkpt>
<trkpt lat="49.895149" lon="8.834484"><ele>143.0</ele></trkpt>
<trkpt lat="49.895169" lon="8.834522"><ele>143.0</ele></trkpt>
<trkpt lat="49.895879" lon="8.835856"><ele>143.75</ele></trkpt>
<trkpt lat="49.895908" lon="8.835909"><ele>143.75</ele></trkpt>
<trkpt lat="49.896000" lon="8.836078"><ele>143.5</ele></trkpt>
<trkpt lat="49.896113" lon="8.836290"><ele>143.25</ele></trkpt>
<trkpt lat="49.896146" lon="8.836396"><ele>142.75</ele></trkpt>
<trkpt lat="49.896174" lon="8.836505"><ele>142.75</ele></trkpt>
<trkpt lat="49.896182" lon="8.836545"><ele>143.0</ele></trkpt>
<trkpt lat="49.896199" lon="8.836655"><ele>143.25</ele></trkpt>
<trkpt lat="49.896181" lon="8.836720"><ele>143.25</ele></trkpt>
<trkpt lat="49.896182" lon="8.836793"><ele>143.5</ele></trkpt>
<trkpt lat="49.896169" lon="8.836883"><ele>143.75</ele></trkpt>
<trkpt lat="49.896149" lon="8.836952"><ele>144.0</ele></trkpt>
<trkpt lat="49.896091" lon="8.837159"><ele>143.75</ele></trkpt>
<trkpt lat="49.896054" lon="8.837310"><ele>143.25</ele></trkpt>
<trkpt lat="49.896043" lon="8.837411"><ele>143.25</ele></trkpt>
<trkpt lat="49.896045" lon="8.837535"><ele>143.25</ele></trkpt>
<trkpt lat="49.896059" lon="8.837642"><ele>143.5</ele></trkpt>
<trkpt lat="49.896053" lon="8.837722"><ele>143.75</ele></trkpt>
<trkpt lat="49.896060" lon="8.837830"><ele>144.0</ele></trkpt>
<trkpt lat="49.896085" lon="8.837925"><ele>144.0</ele></trkpt>
<trkpt lat="49.896117" lon="8.837973"><ele>143.75</ele></trkpt>
<trkpt lat="49.896129" lon="8.838037"><ele>143.75</ele></trkpt>
<trkpt lat="49.896155" lon="8.838187"><ele>143.75</ele></trkpt>
<trkpt lat="49.896423" lon="8.839679"><ele>143.75</ele></trkpt>
<trkpt lat="49.896449" lon="8.839825"><ele>143.75</ele></trkpt>
<trkpt lat="49.896775" lon="8.841680"><ele>143.0</ele></trkpt>
<trkpt lat="49.896808" lon="8.841873"><ele>143.5</ele></trkpt>
<trkpt lat="49.896840" lon="8.842063"><ele>143.75</ele></trkpt>
<trkpt lat="49.896907" lon="8.842050"><ele>143.75</ele></trkpt>
<trkpt lat="49.896952" lon="8.842041"><ele>143.75</ele></trkpt>
<trkpt lat="49.897182" lon="8.842000"><ele>143.25</ele></trkpt>
<trkpt lat="49.897270" lon="8.841961"><ele>143.25</ele></trkpt>
<trkpt lat="49.897328" lon="8.841945"><ele>143.25</ele></trkpt>
<trkpt lat="49.897388" lon="8.841954"><ele>143.5</ele></trkpt>
<trkpt lat="49.897437" lon="8.841968"><ele>143.75</ele></trkpt>
<trkpt lat="49.897499" lon="8.841958"><ele>143.75</ele></trkpt>
<trkpt lat="49.897653" lon="8.841921"><ele>143.75</ele></trkpt>
<trkpt lat="49.897734" lon="8.841902"><ele>143.75</ele></trkpt>
<trkpt lat="49.898248" lon="8.841782"><ele>143.75</ele></trkpt>
<trkpt lat="49.898343" lon="8.841768"><ele>143.75</ele></trkpt>
<trkpt lat="49.899250" lon="8.841701"><ele>143.0</ele></trkpt>
<trkpt lat="49.899322" lon="8.841695"><ele>143.0</ele></trkpt>
<trkpt lat="49.899625" lon="8.841671"><ele>143.0</ele></trkpt>
<trkpt lat="49.900170" lon="8.841574"><ele>142.25</ele></trkpt>
<trkpt lat="49.900473" lon="8.841537"><ele>142.0</ele></trkpt>
<trkpt lat="49.900624" lon="8.841527"><ele>142.0</ele></trkpt>
<trkpt lat="49.901184" lon="8.841556"><ele>142.5</ele></trkpt>
<trkpt lat="49.901433" lon="8.841572"><ele>143.0</ele></trkpt>
<trkpt lat="49.901469" lon="8.841580"><ele>143.0</ele></trkpt>
<trkpt lat="49.901467" lon="8.841666"><ele>143.0</ele></trkpt>
<trkpt lat="49.901466" lon="8.841696"><ele>143.0</ele></trkpt>
<trkpt lat="49.901465" lon="8.841727"><ele>143.0</ele></trkpt>
<trkpt lat="49.901470" lon="8.841896"><ele>143.0</ele></trkpt>
<trkpt lat="49.901488" lon="8.842103"><ele>143.0</ele></trkpt>
<trkpt lat="49.901575" lon="8.842789"><ele>143.0</ele></trkpt>
<trkpt lat="49.901605" lon="8.843044"><ele>143.0</ele></trkpt>
<trkpt lat="49.901599" lon="8.843166"><ele>143.0</ele></trkpt>
<trkpt lat="49.901599" lon="8.843406"><ele>143.0</ele></trkpt>
<trkpt lat="49.901597" lon="8.843448"><ele>143.0</ele></trkpt>
<trkpt lat="49.901582" lon="8.843529"><ele>143.0</ele></trkpt>
<trkpt lat="49.901546" lon="8.843596"><ele>143.0</ele></trkpt>
<trkpt lat="49.901529" lon="8.843627"><ele>143.0</ele></trkpt>
<trkpt lat="49.901521" lon="8.843649"><ele>143.0</ele></trkpt>
<trkpt lat="49.901510" lon="8.843713"><ele>143.0</ele></trkpt>
<trkpt lat="49.901517" lon="8.843779"><ele>143.0</ele></trkpt>
<trkpt lat="49.901531" lon="8.843819"><ele>143.0</ele></trkpt>
<trkpt lat="49.901547" lon="8.843850"><ele>143.0</ele></trkpt>
<trkpt lat="49.901573" lon="8.843876"><ele>143.0</ele></trkpt>
<trkpt lat="49.901614" lon="8.843892"><ele>143.0</ele></trkpt>
<trkpt lat="49.901656" lon="8.843882"><ele>143.0</ele></trkpt>
<trkpt lat="49.901670" lon="8.843870"><ele>143.0</ele></trkpt>
<trkpt lat="49.901693" lon="8.843848"><ele>143.0</ele></trkpt>
<trkpt lat="49.901738" lon="8.843808"><ele>143.0</ele></trkpt>
<trkpt lat="49.901769" lon="8.843791"><ele>143.0</ele></trkpt>
<trkpt lat="49.901823" lon="8.843777"><ele>143.0</ele></trkpt>
<trkpt lat="49.901970" lon="8.843748"><ele>142.75</ele></trkpt>
<trkpt lat="49.902014" lon="8.843735"><ele>143.0</ele></trkpt>
<trkpt lat="49.902124" lon="8.843755"><ele>143.0</ele></trkpt>
<trkpt lat="49.902303" lon="8.843812"><ele>142.5</ele></trkpt>
<trkpt lat="49.902321" lon="8.843820"><ele>142.5</ele></trkpt>
<trkpt lat="49.902692" lon="8.843991"><ele>141.5</ele></trkpt>
<trkpt lat="49.902893" lon="8.844089"><ele>140.5</ele></trkpt>
<trkpt lat="49.902939" lon="8.844112"><ele>140.25</ele></trkpt>
<trkpt lat="49.902989" lon="8.844136"><ele>139.75</ele></trkpt>
<trkpt lat="49.903138" lon="8.844212"><ele>140.5</ele></trkpt>
<trkpt lat="49.903266" lon="8.844303"></trkpt>
<trkpt lat="49.903411" lon="8.844438"><ele>140.75</ele></trkpt>
<trkpt lat="49.903742" lon="8.844790"><ele>141.25</ele></trkpt>
<trkpt lat="49.903831" lon="8.844865"><ele>141.25</ele></trkpt>
<trkpt lat="49.904074" lon="8.845044"><ele>142.0</ele></trkpt>
<trkpt lat="49.904403" lon="8.845278"><ele>142.75</ele></trkpt>
<trkpt lat="49.904540" lon="8.845376"><ele>142.25</ele></trkpt>
<trkpt lat="49.905203" lon="8.845874"><ele>142.0</ele></trkpt>
<trkpt lat="49.905235" lon="8.845899"><ele>142.0</ele></trkpt>
<trkpt lat="49.905367" lon="8.846023"><ele>142.0</ele></trkpt>
<trkpt lat="49.905482" lon="8.846115"><ele>142.0</ele></trkpt>
<trkpt lat="49.905520" lon="8.846140"><ele>142.0</ele></trkpt>
<trkpt lat="49.905788" lon="8.846302"><ele>142.0</ele></trkpt>
<trkpt lat="49.906094" lon="8.846498"><ele>142.0</ele></trkpt>
<trkpt lat="49.906232" lon="8.846586"><ele>142.0</ele></trkpt>
<trkpt lat="49.906338" lon="8.846654"><ele>142.0</ele></trkpt>
<trkpt lat="49.906414" lon="8.846702"><ele>142.0</ele></trkpt>
<trkpt lat="49.906911" lon="8.847059"><ele>142.0</ele></trkpt>
<trkpt lat="49.907643" lon="8.847587"><ele>142.0</ele></trkpt>
<trkpt lat="49.907941" lon="8.847802"><ele>142.0</ele></trkpt>
<trkpt lat="49.907992" lon="8.847838"><ele>142.0</ele></trkpt>
<trkpt lat="49.908042" lon="8.847874"><ele>142.0</ele></trkpt>
<trkpt lat="49.908207" lon="8.848014"><ele>142.0</ele></trkpt>
<trkpt lat="49.908261" lon="8.848099"><ele>142.0</ele></trkpt>
<trkpt lat="49.908308" lon="8.848132"><ele>142.0</ele></trkpt>
<trkpt lat="49.908357" lon="8.848169"><ele>142.0</ele></trkpt>
<trkpt lat="49.908406" lon="8.848153"><ele>142.0</ele></trkpt>
<trkpt lat="49.908676" lon="8.848332"><ele>142.0</ele></trkpt>
<trkpt lat="49.908732" lon="8.848373"><ele>142.0</ele></trkpt>
<trkpt lat="49.908924" lon="8.848509"><ele>142.0</ele></trkpt>
<trkpt lat="49.909175" lon="8.848690"><ele>142.0</ele></trkpt>
<trkpt lat="49.909227" lon="8.848765"><ele>142.0</ele></trkpt>
<trkpt lat="49.909288" lon="8.848824"><ele>142.0</ele></trkpt>
<trkpt lat="49.909326" lon="8.848869"><ele>142.0</ele></trkpt>
<trkpt lat="49.909348" lon="8.848907"><ele>142.0</ele></trkpt>
<trkpt lat="49.909366" lon="8.848958"><ele>142.0</ele></trkpt>
<trkpt lat="49.909374" lon="8.849018"><ele>142.0</ele></trkpt>
<trkpt lat="49.909392" lon="8.849073"><ele>142.0</ele></trkpt>
<trkpt lat="49.909418" lon="8.849119"><ele>142.0</ele></trkpt>
<trkpt lat="49.909460" lon="8.849160"><ele>142.0</ele></trkpt>
<trkpt lat="49.909509" lon="8.849177"><ele>141.75</ele></trkpt>
<trkpt lat="49.909559" lon="8.849169"><ele>141.75</ele></trkpt>
<trkpt lat="49.909616" lon="8.849122"><ele>142.0</ele></trkpt>
<trkpt lat="49.909667" lon="8.849124"><ele>142.0</ele></trkpt>
<trkpt lat="49.909919" lon="8.849228"><ele>141.0</ele></trkpt>
<trkpt lat="49.910475" lon="8.849626"><ele>141.0</ele></trkpt>
<trkpt lat="49.910541" lon="8.849674"><ele>141.0</ele></trkpt>
<trkpt lat="49.910756" lon="8.849829"><ele>140.75</ele></trkpt>
<trkpt lat="49.911405" lon="8.850296"><ele>140.75</ele></trkpt>
<trkpt lat="49.911641" lon="8.850463"><ele>140.75</ele></trkpt>
<trkpt lat="49.911828" lon="8.850597"><ele>140.75</ele></trkpt>
<trkpt lat="49.912318" lon="8.850953"><ele>140.5</ele></trkpt>
<trkpt lat="49.912386" lon="8.851002"><ele>140.75</ele></trkpt>
<trkpt lat="49.913320" lon="8.851675"><ele>140.75</ele></trkpt>
<trkpt lat="49.913623" lon="8.851892"><ele>140.75</ele></trkpt>
<trkpt lat="49.913780" lon="8.852001"><ele>141.0</ele></trkpt>
<trkpt lat="49.913886" lon="8.852076"><ele>141.0</ele></trkpt>
<trkpt lat="49.914291" lon="8.852369"><ele>140.5</ele></trkpt>
<trkpt lat="49.914507" lon="8.852524"><ele>140.75</ele></trkpt>
<trkpt lat="49.915038" lon="8.852902"><ele>140.75</ele></trkpt>
<trkpt lat="49.915099" lon="8.852996"><ele>140.75</ele></trkpt>
<trkpt lat="49.915178" lon="8.853066"><ele>141.0</ele></trkpt>
<trkpt lat="49.915222" lon="8.853089"><ele>141.0</ele></trkpt>
<trkpt lat="49.915268" lon="8.853118"><ele>141.0</ele></trkpt>
<trkpt lat="49.915296" lon="8.853148"><ele>141.0</ele></trkpt>
<trkpt lat="49.915322" lon="8.853199"><ele>141.0</ele></trkpt>
<trkpt lat="49.915331" lon="8.853244"><ele>141.0</ele></trkpt>
<trkpt lat="49.915346" lon="8.853284"><ele>141.0</ele></trkpt>
<trkpt lat="49.915387" lon="8.853335"><ele>141.0</ele></trkpt>
<trkpt lat="49.915431" lon="8.853354"><ele>141.0</ele></trkpt>
<trkpt lat="49.915472" lon="8.853347"><ele>141.0</ele></trkpt>
<trkpt lat="49.915498" lon="8.853330"><ele>141.0</ele></trkpt>
<trkpt lat="49.915540" lon="8.853325"><ele>141.0</ele></trkpt>
<trkpt lat="49.915577" lon="8.853335"><ele>140.75</ele></trkpt>
<trkpt lat="49.915631" lon="8.853368"><ele>140.75</ele></trkpt>
<trkpt lat="49.915727" lon="8.853430"><ele>140.5</ele></trkpt>
<trkpt lat="49.915815" lon="8.853459"><ele>140.25</ele></trkpt>
<trkpt lat="49.916092" lon="8.853652"><ele>141.0</ele></trkpt>
<trkpt lat="49.916325" lon="8.853821"><ele>141.0</ele></trkpt>
<trkpt lat="49.916967" lon="8.854284"><ele>141.0</ele></trkpt>
<trkpt lat="49.917003" lon="8.854308"><ele>141.0</ele></trkpt>
<trkpt lat="49.917090" lon="8.854371"><ele>141.0</ele></trkpt>
<trkpt lat="49.917235" lon="8.854472"><ele>140.75</ele></trkpt>
<trkpt lat="49.917895" lon="8.854949"><ele>140.0</ele></trkpt>
<trkpt lat="49.918002" lon="8.855027"><ele>140.0</ele></trkpt>
<trkpt lat="49.918497" lon="8.855383"><ele>140.25</ele></trkpt>
<trkpt lat="49.919248" lon="8.855911"><ele>140.0</ele></trkpt>
<trkpt lat="49.919585" lon="8.856154"><ele>140.0</ele></trkpt>
<trkpt lat="49.919813" lon="8.856326"><ele>140.0</ele></trkpt>
<trkpt lat="49.920242" lon="8.856625"><ele>139.0</ele></trkpt>
<trkpt lat="49.920311" lon="8.856675"><ele>139.0</ele></trkpt>
<trkpt lat="49.920510" lon="8.856819"><ele>139.0</ele></trkpt>
<trkpt lat="49.920794" lon="8.857034"><ele>139.0</ele></trkpt>
<trkpt lat="49.920901" lon="8.857110"><ele>139.0</ele></trkpt>
<trkpt lat="49.921014" lon="8.857198"><ele>139.0</ele></trkpt>
<trkpt lat="49.921154" lon="8.857296"><ele>138.75</ele></trkpt>
<trkpt lat="49.921451" lon="8.857503"><ele>138.0</ele></trkpt>
<trkpt lat="49.921693" lon="8.857671"><ele>138.0</ele></trkpt>
<trkpt lat="49.921919" lon="8.857830"><ele>138.0</ele></trkpt>
<trkpt lat="49.922372" lon="8.858149"><ele>138.0</ele></trkpt>
<trkpt lat="49.922555" lon="8.858273"><ele>137.75</ele></trkpt>
<trkpt lat="49.922646" lon="8.858371"><ele>137.75</ele></trkpt>
<trkpt lat="49.923231" lon="8.858788"><ele>137.0</ele></trkpt>
<trkpt lat="49.923331" lon="8.858827"><ele>137.0</ele></trkpt>
<trkpt lat="49.923911" lon="8.859248"><ele>137.0</ele></trkpt>
<trkpt lat="49.924004" lon="8.859325"><ele>137.0</ele></trkpt>
<trkpt lat="49.924161" lon="8.859455"><ele>136.75</ele></trkpt>
<trkpt lat="49.924291" lon="8.859538"><ele>137.0</ele></trkpt>
<trkpt lat="49.924389" lon="8.859585"><ele>137.0</ele></trkpt>
<trkpt lat="49.924565" lon="8.859631"><ele>137.0</ele></trkpt>
<trkpt lat="49.924639" lon="8.859623"><ele>137.0</ele></trkpt>
<trkpt lat="49.924818" lon="8.859576"><ele>136.5</ele></trkpt>
<trkpt lat="49.924937" lon="8.859532"><ele>136.0</ele></trkpt>
<trkpt lat="49.925161" lon="8.859434"><ele>136.0</ele></trkpt>
<trkpt lat="49.925307" lon="8.859370"><ele>136.0</ele></trkpt>
<trkpt lat="49.925417" lon="8.859325"><ele>136.0</ele></trkpt>
<trkpt lat="49.925490" lon="8.859299"><ele>136.0</ele></trkpt>
<trkpt lat="49.925731" lon="8.859206"><ele>136.0</ele></trkpt>
<trkpt lat="49.925799" lon="8.859179"><ele>136.0</ele></trkpt>
<trkpt lat="49.926074" lon="8.859059"><ele>136.0</ele></trkpt>
<trkpt lat="49.926733" lon="8.858792"><ele>136.0</ele></trkpt>
<trkpt lat="49.926890" lon="8.858736"><ele>136.0</ele></trkpt>
<trkpt lat="49.927478" lon="8.858526"><ele>135.75</ele></trkpt>
<trkpt lat="49.927552" lon="8.858457"><ele>136.0</ele></trkpt>
<trkpt lat="49.927727" lon="8.858387"><ele>136.0</ele></trkpt>
<trkpt lat="49.928027" lon="8.858266"><ele>136.0</ele></trkpt>
<trkpt lat="49.928072" lon="8.858248"><ele>136.0</ele></trkpt>
<trkpt lat="49.928215" lon="8.858194"><ele>136.0</ele></trkpt>
<trkpt lat="49.928871" lon="8.857912"><ele>136.0</ele></trkpt>
<trkpt lat="49.929359" lon="8.857701"><ele>137.0</ele></trkpt>
<trkpt lat="49.929846" lon="8.857478"><ele>135.5</ele></trkpt>
<trkpt lat="49.929874" lon="8.857465"><ele>135.25</ele></trkpt>
<trkpt lat="49.930042" lon="8.857380"><ele>134.25</ele></trkpt>
<trkpt lat="49.930292" lon="8.857252"><ele>136.5</ele></trkpt>
<trkpt lat="49.930541" lon="8.857101"><ele>136.25</ele></trkpt>
<trkpt lat="49.930568" lon="8.857086"><ele>136.25</ele></trkpt>
<trkpt lat="49.930950" lon="8.856860"><ele>136.0</ele></trkpt>
<trkpt lat="49.931704" lon="8.856413"><ele>135.75</ele></trkpt>
<trkpt lat="49.932484" lon="8.855957"><ele>136.0</ele></trkpt>
<trkpt lat="49.933182" lon="8.855540"><ele>135.75</ele></trkpt>
<trkpt lat="49.933395" lon="8.855411"><ele>135.25</ele></trkpt>
<trkpt lat="49.936751" lon="8.853433"><ele>135.0</ele></trkpt>
<trkpt lat="49.937805" lon="8.852806"><ele>135.75</ele></trkpt>
<trkpt lat="49.939022" lon="8.852078"><ele>136.0</ele></trkpt>
<trkpt lat="49.939497" lon="8.851806"><ele>136.0</ele></trkpt>
<trkpt lat="49.939908" lon="8.851567"><ele>136.0</ele></trkpt>
<trkpt lat="49.941883" lon="8.850408"><ele>135.25</ele></trkpt>
<trkpt lat="49.943198" lon="8.849639"><ele>135.25</ele></trkpt>
<trkpt lat="49.943788" lon="8.849277"><ele>136.0</ele></trkpt>
<trkpt lat="49.943981" lon="8.849169"><ele>136.25</ele></trkpt>
<trkpt lat="49.944282" lon="8.848991"><ele>137.0</ele></trkpt>
<trkpt lat="49.944341" lon="8.848947"><ele>137.0</ele></trkpt>
<trkpt lat="49.944381" lon="8.848893"><ele>137.0</ele></trkpt>
<trkpt lat="49.944416" lon="8.848849"><ele>136.75</ele></trkpt>
<trkpt lat="49.944445" lon="8.848795"><ele>137.0</ele></trkpt>
<trkpt lat="49.944471" lon="8.848820"><ele>137.0</ele></trkpt>
<trkpt lat="49.944501" lon="8.848829"><ele>137.0</ele></trkpt>
<trkpt lat="49.944530" lon="8.848823"><ele>137.0</ele></trkpt>
<trkpt lat="49.944557" lon="8.848801"><ele>137.0</ele></trkpt>
<trkpt lat="49.944579" lon="8.848764"><ele>137.0</ele></trkpt>
<trkpt lat="49.944590" lon="8.848719"><ele>137.0</ele></trkpt>
<trkpt lat="49.944591" lon="8.848669"><ele>137.0</ele></trkpt>
<trkpt lat="49.944580" lon="8.848623"><ele>137.0</ele></trkpt>
<trkpt lat="49.944560" lon="8.848586"><ele>137.0</ele></trkpt>
<trkpt lat="49.944532" lon="8.848562"><ele>137.0</ele></trkpt>
<trkpt lat="49.944555" lon="8.848412"><ele>137.0</ele></trkpt>
<trkpt lat="49.944559" lon="8.848317"><ele>137.0</ele></trkpt>
<trkpt lat="49.944555" lon="8.847985"><ele>137.0</ele></trkpt>
<trkpt lat="49.944563" lon="8.847846"><ele>137.0</ele></trkpt>
<trkpt lat="49.944607" lon="8.847748"><ele>137.0</ele></trkpt>
<trkpt lat="49.945001" lon="8.847134"><ele>137.0</ele></trkpt>
<trkpt lat="49.945211" lon="8.846685"><ele>137.0</ele></trkpt>
<trkpt lat="49.945478" lon="8.846066"><ele>137.0</ele></trkpt>
<trkpt lat="49.945712" lon="8.845285"><ele>137.75</ele></trkpt>
<trkpt lat="49.945877" lon="8.844807"><ele>138.0</ele></trkpt>
<trkpt lat="49.946129" lon="8.844080"><ele>138.0</ele></trkpt>
<trkpt lat="49.946153" lon="8.844052"><ele>138.0</ele></trkpt>
<trkpt lat="49.946815" lon="8.843232"><ele>139.0</ele></trkpt>
<trkpt lat="49.946971" lon="8.843037"><ele>139.0</ele></trkpt>
<trkpt lat="49.947132" lon="8.842837"><ele>139.0</ele></trkpt>
<trkpt lat="49.947576" lon="8.842278"><ele>139.0</ele></trkpt>
<trkpt lat="49.947665" lon="8.842178"><ele>139.0</ele></trkpt>
<trkpt lat="49.948374" lon="8.841307"><ele>139.25</ele></trkpt>
<trkpt lat="49.948713" lon="8.840858"><ele>139.75</ele></trkpt>
<trkpt lat="49.948816" lon="8.840691"><ele>140.0</ele></trkpt>
<trkpt lat="49.948974" lon="8.840462"><ele>140.0</ele></trkpt>
<trkpt lat="49.949065" lon="8.840367"><ele>140.0</ele></trkpt>
<trkpt lat="49.949170" lon="8.840287"><ele>139.75</ele></trkpt>
<trkpt lat="49.949201" lon="8.840153"><ele>140.0</ele></trkpt>
<trkpt lat="49.949227" lon="8.840088"><ele>140.0</ele></trkpt>
<trkpt lat="49.949251" lon="8.840028"><ele>140.0</ele></trkpt>
<trkpt lat="49.949330" lon="8.839747"><ele>140.0</ele></trkpt>
<trkpt lat="49.949360" lon="8.839704"><ele>140.0</ele></trkpt>
<trkpt lat="49.949386" lon="8.839596"><ele>140.0</ele></trkpt>
<trkpt lat="49.949424" lon="8.839465"><ele>140.0</ele></trkpt>
<trkpt lat="49.950188" lon="8.837942"><ele>141.0</ele></trkpt>
<trkpt lat="49.950737" lon="8.836864"><ele>141.0</ele></trkpt>
<trkpt lat="49.951192" lon="8.835994"><ele>141.25</ele></trkpt>
<trkpt lat="49.951437" lon="8.835547"><ele>141.75</ele></trkpt>
<trkpt lat="49.951870" lon="8.834683"><ele>141.0</ele></trkpt>
<trkpt lat="49.951940" lon="8.834539"><ele>141.5</ele></trkpt>
<trkpt lat="49.951651" lon="8.834169"><ele>142.0</ele></trkpt>
<trkpt lat="49.951403" lon="8.833658"><ele>142.0</ele></trkpt>
<trkpt lat="49.951074" lon="8.832862"><ele>142.5</ele></trkpt>
<trkpt lat="49.950853" lon="8.832225"><ele>143.0</ele></trkpt>
<trkpt lat="49.950814" lon="8.832084"><ele>143.0</ele></trkpt>
<trkpt lat="49.950592" lon="8.831032"><ele>144.0</ele></trkpt>
<trkpt lat="49.950445" lon="8.830155"><ele>144.0</ele></trkpt>
<trkpt lat="49.950336" lon="8.829439"><ele>145.0</ele></trkpt>
<trkpt lat="49.950116" lon="8.827894"><ele>145.0</ele></trkpt>
<trkpt lat="49.949920" lon="8.826407"><ele>146.0</ele></trkpt>
<trkpt lat="49.949886" lon="8.826099"><ele>146.5</ele></trkpt>
<trkpt lat="49.949806" lon="8.825522"><ele>146.25</ele></trkpt>
<trkpt lat="49.949631" lon="8.824063"><ele>147.5</ele></trkpt>
<trkpt lat="49.949471" lon="8.822560"><ele>149.0</ele></trkpt>
<trkpt lat="49.949230" lon="8.820017"><ele>150.75</ele></trkpt>
<trkpt lat="49.949069" lon="8.818208"><ele>152.0</ele></trkpt>
<trkpt lat="49.948825" lon="8.816827"><ele>153.0</ele></trkpt>
<trkpt lat="49.948706" lon="8.816485"><ele>153.25</ele></trkpt>
<trkpt lat="49.948283" lon="8.815560"><ele>154.5</ele></trkpt>
<trkpt lat="49.947926" lon="8.814884"><ele>154.5</ele></trkpt>
<trkpt lat="49.947577" lon="8.814214"><ele>155.75</ele></trkpt>
<trkpt lat="49.946725" lon="8.812502"><ele>157.0</ele></trkpt>
<trkpt lat="49.946573" lon="8.812179"><ele>156.5</ele></trkpt>
<trkpt lat="49.946453" lon="8.811875"><ele>156.75</ele></trkpt>
<trkpt lat="49.946601" lon="8.811678"><ele>156.75</ele></trkpt>
<trkpt lat="49.946756" lon="8.811583"><ele>156.75</ele></trkpt>
<trkpt lat="49.946909" lon="8.811462"><ele>156.25</ele></trkpt>
<trkpt lat="49.947955" lon="8.810383"><ele>153.75</ele></trkpt>
<trkpt lat="49.948397" lon="8.809958"><ele>153.75</ele></trkpt>
<trkpt lat="49.949202" lon="8.809175"><ele>151.75</ele></trkpt>
<trkpt lat="49.949680" lon="8.808703"><ele>151.5</ele></trkpt>
<trkpt lat="49.950675" lon="8.807731"><ele>153.0</ele></trkpt>
<trkpt lat="49.951424" lon="8.806999"><ele>153.75</ele></trkpt>
<trkpt lat="49.952732" lon="8.805687"><ele>152.5</ele></trkpt>
<trkpt lat="49.953120" lon="8.805313"><ele>152.0</ele></trkpt>
<trkpt lat="49.953128" lon="8.805305"><ele>152.0</ele></trkpt>
<trkpt lat="49.955850" lon="8.802679"><ele>158.75</ele></trkpt>
<trkpt lat="49.956043" lon="8.802477"><ele>158.0</ele></trkpt>
<trkpt lat="49.958212" lon="8.800263"><ele>158.0</ele></trkpt>
<trkpt lat="49.958852" lon="8.799879"><ele>160.0</ele></trkpt>
<trkpt lat="49.959046" lon="8.799763"><ele>160.0</ele></trkpt>
<trkpt lat="49.959584" lon="8.799414"><ele>160.0</ele></trkpt>
<trkpt lat="49.959849" lon="8.799256"><ele>159.75</ele></trkpt>
<trkpt lat="49.960567" lon="8.798818"><ele>160.0</ele></trkpt>
<trkpt lat="49.961401" lon="8.798321"><ele>161.75</ele></trkpt>
<trkpt lat="49.961528" lon="8.798222"><ele>161.5</ele></trkpt>
<trkpt lat="49.961655" lon="8.798126"><ele>161.75</ele></trkpt>
<trkpt lat="49.961772" lon="8.797990"><ele>161.75</ele></trkpt>
<trkpt lat="49.962291" lon="8.797390"><ele>162.0</ele></trkpt>
<trkpt lat="49.962782" lon="8.796954"><ele>162.75</ele></trkpt>
<trkpt lat="49.962872" lon="8.796864"><ele>162.75</ele></trkpt>
<trkpt lat="49.963123" lon="8.796668"><ele>162.0</ele></trkpt>
<trkpt lat="49.963205" lon="8.796636"><ele>162.0</ele></trkpt>
<trkpt lat="49.965124" lon="8.796250"><ele>163.25</ele></trkpt>
<trkpt lat="49.965627" lon="8.796164"><ele>165.25</ele></trkpt>
<trkpt lat="49.966043" lon="8.796062"><ele>166.75</ele></trkpt>
<trkpt lat="49.966305" lon="8.795949"><ele>167.5</ele></trkpt>
<trkpt lat="49.966437" lon="8.795886"><ele>167.5</ele></trkpt>
<trkpt lat="49.966678" lon="8.795768"><ele>167.0</ele></trkpt>
<trkpt lat="49.966925" lon="8.795654"><ele>167.0</ele></trkpt>
<trkpt lat="49.966973" lon="8.795643"><ele>166.75</ele></trkpt>
<trkpt lat="49.967214" lon="8.795635"><ele>166.25</ele></trkpt>
<trkpt lat="49.967481" lon="8.795623"><ele>165.25</ele></trkpt>
<trkpt lat="49.967632" lon="8.795633"><ele>164.75</ele></trkpt>
<trkpt lat="49.968102" lon="8.795702"><ele>163.75</ele></trkpt>
<trkpt lat="49.968419" lon="8.795740"><ele>162.5</ele></trkpt>
<trkpt lat="49.969379" lon="8.795813"><ele>160.0</ele></trkpt>
<trkpt lat="49.969431" lon="8.795812"><ele>160.0</ele></trkpt>
<trkpt lat="49.969514" lon="8.795755"><ele>160.0</ele></trkpt>
<trkpt lat="49.969557" lon="8.795678"><ele>160.0</ele></trkpt>
<trkpt lat="49.969570" lon="8.795619"><ele>160.0</ele></trkpt>
<trkpt lat="49.969760" lon="8.795707"><ele>160.0</ele></trkpt>
<trkpt lat="49.969972" lon="8.795784"><ele>160.0</ele></trkpt>
<trkpt lat="49.970335" lon="8.795881"><ele>159.5</ele></trkpt>
<trkpt lat="49.970569" lon="8.795938"><ele>159.0</ele></trkpt>
<trkpt lat="49.970817" lon="8.795989"><ele>159.0</ele></trkpt>
<trkpt lat="49.971024" lon="8.796063"><ele>159.0</ele></trkpt>
<trkpt lat="49.971221" lon="8.796157"><ele>159.0</ele></trkpt>
<trkpt lat="49.971235" lon="8.796166"><ele>159.0</ele></trkpt>
<trkpt lat="49.971338" lon="8.796247"><ele>159.0</ele></trkpt>
<trkpt lat="49.971434" lon="8.796050"><ele>158.75</ele></trkpt>
<trkpt lat="49.971849" lon="8.795185"><ele>157.0</ele></trkpt>
<trkpt lat="49.972010" lon="8.794860"><ele>156.75</ele></trkpt>
<trkpt lat="49.972380" lon="8.794079"><ele>155.25</ele></trkpt>
<trkpt lat="49.972407" lon="8.794022"><ele>155.5</ele></trkpt>
<trkpt lat="49.972484" lon="8.793867"><ele>155.75</ele></trkpt>
<trkpt lat="49.972502" lon="8.793834"><ele>156.0</ele></trkpt>
<trkpt lat="49.972808" lon="8.793196"><ele>156.0</ele></trkpt>
<trkpt lat="49.972950" lon="8.792902"><ele>156.25</ele></trkpt>
<trkpt lat="49.973250" lon="8.792286"><ele>157.0</ele></trkpt>
<trkpt lat="49.973932" lon="8.790859"><ele>155.75</ele></trkpt>
<trkpt lat="49.973973" lon="8.790772"><ele>156.0</ele></trkpt>
<trkpt lat="49.974002" lon="8.790687"><ele>156.0</ele></trkpt>
<trkpt lat="49.974077" lon="8.790412"><ele>156.0</ele></trkpt>
<trkpt lat="49.974111" lon="8.790235"><ele>156.0</ele></trkpt>
<trkpt lat="49.974196" lon="8.789707"><ele>156.0</ele></trkpt>
<trkpt lat="49.974259" lon="8.789280"><ele>156.25</ele></trkpt>
<trkpt lat="49.974267" lon="8.789220"><ele>156.0</ele></trkpt>
<trkpt lat="49.974394" lon="8.788417"><ele>156.0</ele></trkpt>
<trkpt lat="49.974473" lon="8.787902"><ele>156.25</ele></trkpt>
<trkpt lat="49.974488" lon="8.787807"><ele>156.75</ele></trkpt>
<trkpt lat="49.974510" lon="8.787665"><ele>156.25</ele></trkpt>
<trkpt lat="49.974580" lon="8.787218"><ele>156.75</ele></trkpt>
<trkpt lat="49.974694" lon="8.786492"><ele>156.0</ele></trkpt>
<trkpt lat="49.974700" lon="8.786450"><ele>156.0</ele></trkpt>
<trkpt lat="49.974719" lon="8.786330"><ele>156.0</ele></trkpt>
<trkpt lat="49.974746" lon="8.786161"><ele>156.0</ele></trkpt>
<trkpt lat="49.974763" lon="8.786050"><ele>156.0</ele></trkpt>
<trkpt lat="49.974832" lon="8.785611"><ele>156.25</ele></trkpt>
<trkpt lat="49.974885" lon="8.785241"><ele>156.25</ele></trkpt>
<trkpt lat="49.974970" lon="8.784695"><ele>156.0</ele></trkpt>
<trkpt lat="49.975258" lon="8.782833"><ele>156.0</ele></trkpt>
<trkpt lat="49.975486" lon="8.781380"><ele>157.0</ele></trkpt>
<trkpt lat="49.975594" lon="8.780659"><ele>157.0</ele></trkpt>
<trkpt lat="49.975937" lon="8.778432"><ele>160.0</ele></trkpt>
<trkpt lat="49.976059" lon="8.777656"><ele>162.25</ele></trkpt>
<trkpt lat="49.976465" lon="8.775045"><ele>167.25</ele></trkpt>
<trkpt lat="49.976735" lon="8.773225"><ele>171.5</ele></trkpt>
<trkpt lat="49.976753" lon="8.773103"><ele>171.75</ele></trkpt>
<trkpt lat="49.976756" lon="8.773084"><ele>171.75</ele></trkpt>
<trkpt lat="49.977103" lon="8.770916"><ele>177.25</ele></trkpt>
<trkpt lat="49.977499" lon="8.768338"><ele>180.75</ele></trkpt>
<trkpt lat="49.977709" lon="8.766886"><ele>182.25</ele></trkpt>
<trkpt lat="49.977926" lon="8.765146"><ele>182.5</ele></trkpt>
<trkpt lat="49.978107" lon="8.763727"><ele>183.75</ele></trkpt>
<trkpt lat="49.978235" lon="8.762651"><ele>184.0</ele></trkpt>
<trkpt lat="49.978272" lon="8.762250"><ele>185.25</ele></trkpt>
<trkpt lat="49.978306" lon="8.761797"><ele>185.75</ele></trkpt>
<trkpt lat="49.978321" lon="8.761161"><ele>186.5</ele></trkpt>
<trkpt lat="49.978274" lon="8.759869"><ele>187.0</ele></trkpt>
<trkpt lat="49.978239" lon="8.759434"><ele>187.5</ele></trkpt>
<trkpt lat="49.978192" lon="8.759009"><ele>187.25</ele></trkpt>
<trkpt lat="49.978115" lon="8.758575"><ele>188.0</ele></trkpt>
<trkpt lat="49.978021" lon="8.758106"><ele>188.75</ele></trkpt>
<trkpt lat="49.978046" lon="8.757873"><ele>189.0</ele></trkpt>
<trkpt lat="49.978076" lon="8.757765"><ele>189.0</ele></trkpt>
<trkpt lat="49.978107" lon="8.757681"><ele>189.25</ele></trkpt>
<trkpt lat="49.978220" lon="8.757517"><ele>189.75</ele></trkpt>
<trkpt lat="49.978372" lon="8.757458"><ele>190.0</ele></trkpt>
<trkpt lat="49.978725" lon="8.757315"><ele>191.25</ele></trkpt>
<trkpt lat="49.979082" lon="8.757232"><ele>193.5</ele></trkpt>
<trkpt lat="49.979096" lon="8.757287"><ele>193.25</ele></trkpt>
<trkpt lat="49.979118" lon="8.757333"><ele>193.0</ele></trkpt>
<trkpt lat="49.979148" lon="8.757369"><ele>192.75</ele></trkpt>
<trkpt lat="49.979183" lon="8.757390"><ele>192.75</ele></trkpt>
<trkpt lat="49.979216" lon="8.757395"><ele>192.5</ele></trkpt>
<trkpt lat="49.979248" lon="8.757388"><ele>192.5</ele></trkpt>
<trkpt lat="49.979279" lon="8.757368"><ele>192.5</ele></trkpt>
<trkpt lat="49.979305" lon="8.757338"><ele>192.75</ele></trkpt>
<trkpt lat="49.979326" lon="8.757298"><ele>193.25</ele></trkpt>
<trkpt lat="49.979340" lon="8.757251"><ele>193.5</ele></trkpt>
<trkpt lat="49.979347" lon="8.757201"><ele>193.75</ele></trkpt>
<trkpt lat="49.979343" lon="8.757139"><ele>193.25</ele></trkpt>
<trkpt lat="49.979328" lon="8.757081"><ele>192.75</ele></trkpt>
<trkpt lat="49.979303" lon="8.757033"><ele>192.5</ele></trkpt>
<trkpt lat="49.979270" lon="8.756998"><ele>192.5</ele></trkpt>
<trkpt lat="49.979231" lon="8.756981"><ele>192.5</ele></trkpt>
<trkpt lat="49.979191" lon="8.756982"><ele>192.75</ele></trkpt>
<trkpt lat="49.979187" lon="8.756464"><ele>191.75</ele></trkpt>
<trkpt lat="49.979185" lon="8.755653"><ele>190.25</ele></trkpt>
<trkpt lat="49.979190" lon="8.754845"><ele>188.75</ele></trkpt>
<trkpt lat="49.979240" lon="8.754178"><ele>187.5</ele></trkpt>
<trkpt lat="49.979331" lon="8.753419"><ele>187.0</ele></trkpt>
<trkpt lat="49.979596" lon="8.751163"><ele>183.25</ele></trkpt>
<trkpt lat="49.979615" lon="8.750995"><ele>183.0</ele></trkpt>
<trkpt lat="49.979620" lon="8.750954"><ele>183.0</ele></trkpt>
<trkpt lat="49.979704" lon="8.750224"><ele>182.0</ele></trkpt>
<trkpt lat="49.979736" lon="8.749949"><ele>181.75</ele></trkpt>
<trkpt lat="49.979757" lon="8.749758"><ele>181.75</ele></trkpt>
<trkpt lat="49.979788" lon="8.749474"><ele>181.0</ele></trkpt>
<trkpt lat="49.979831" lon="8.749079"><ele>181.0</ele></trkpt>
<trkpt lat="49.979861" lon="8.748806"><ele>180.75</ele></trkpt>
<trkpt lat="49.979882" lon="8.748477"><ele>180.0</ele></trkpt>
<trkpt lat="49.979883" lon="8.748258"><ele>180.0</ele></trkpt>
<trkpt lat="49.979846" lon="8.748039"><ele>180.0</ele></trkpt>
<trkpt lat="49.979658" lon="8.747300"><ele>179.0</ele></trkpt>
<trkpt lat="49.979586" lon="8.747036"><ele>179.0</ele></trkpt>
<trkpt lat="49.979488" lon="8.746673"><ele>179.0</ele></trkpt>
<trkpt lat="49.979404" lon="8.746279"><ele>179.0</ele></trkpt>
<trkpt lat="49.979342" lon="8.745590"><ele>179.25</ele></trkpt>
<trkpt lat="49.979321" lon="8.745154"><ele>178.5</ele></trkpt>
<trkpt lat="49.979317" lon="8.745060"><ele>178.5</ele></trkpt>
<trkpt lat="49.979307" lon="8.744573"><ele>178.25</ele></trkpt>
<trkpt lat="49.979301" lon="8.744114"><ele>177.75</ele></trkpt>
<trkpt lat="49.979233" lon="8.743672"><ele>177.75</ele></trkpt>
<trkpt lat="49.979060" lon="8.743027"><ele>177.25</ele></trkpt>
<trkpt lat="49.978968" lon="8.742676"><ele>177.0</ele></trkpt>
<trkpt lat="49.978938" lon="8.742538"><ele>177.0</ele></trkpt>
<trkpt lat="49.978839" lon="8.742198"><ele>177.0</ele></trkpt>
<trkpt lat="49.978322" lon="8.741054"><ele>177.0</ele></trkpt>
<trkpt lat="49.978304" lon="8.740926"><ele>177.0</ele></trkpt>
<trkpt lat="49.978309" lon="8.740805"><ele>177.0</ele></trkpt>
<trkpt lat="49.978335" lon="8.740666"><ele>176.75</ele></trkpt>
<trkpt lat="49.978410" lon="8.740548"><ele>176.5</ele></trkpt>
<trkpt lat="49.978890" lon="8.739787"><ele>177.0</ele></trkpt>
<trkpt lat="49.979271" lon="8.739200"><ele>178.0</ele></trkpt>
<trkpt lat="49.979410" lon="8.738970"><ele>179.0</ele></trkpt>
<trkpt lat="49.980372" lon="8.737443"><ele>182.5</ele></trkpt>
<trkpt lat="49.980652" lon="8.737055"><ele>183.25</ele></trkpt>
<trkpt lat="49.980690" lon="8.737002"><ele>183.5</ele></trkpt>
<trkpt lat="49.980741" lon="8.736945"><ele>183.5</ele></trkpt>
<trkpt lat="49.980794" lon="8.736921"><ele>183.75</ele></trkpt>
<trkpt lat="49.980828" lon="8.736922"><ele>183.75</ele></trkpt>
<trkpt lat="49.980864" lon="8.736906"><ele>184.0</ele></trkpt>
<trkpt lat="49.980896" lon="8.736874"><ele>184.0</ele></trkpt>
<trkpt lat="49.980920" lon="8.736828"><ele>184.0</ele></trkpt>
<trkpt lat="49.980934" lon="8.736772"><ele>184.0</ele></trkpt>
<trkpt lat="49.980936" lon="8.736717"><ele>184.25</ele></trkpt>
<trkpt lat="49.980928" lon="8.736662"><ele>184.25</ele></trkpt>
<trkpt lat="49.980911" lon="8.736614"><ele>184.25</ele></trkpt>
<trkpt lat="49.980885" lon="8.736576"><ele>184.0</ele></trkpt>
<trkpt lat="49.980844" lon="8.736476"><ele>184.0</ele></trkpt>
<trkpt lat="49.980777" lon="8.736174"><ele>183.75</ele></trkpt>
<trkpt lat="49.980771" lon="8.735885"><ele>183.75</ele></trkpt>
<trkpt lat="49.980744" lon="8.735478"><ele>183.5</ele></trkpt>
<trkpt lat="49.980830" lon="8.735176"><ele>183.75</ele></trkpt>
<trkpt lat="49.980877" lon="8.735086"><ele>184.0</ele></trkpt>
<trkpt lat="49.980977" lon="8.734901"><ele>184.0</ele></trkpt>
<trkpt lat="49.981214" lon="8.734792"><ele>184.75</ele></trkpt>
<trkpt lat="49.981447" lon="8.734659"><ele>186.0</ele></trkpt>
<trkpt lat="49.981673" lon="8.734501"><ele>186.25</ele></trkpt>
<trkpt lat="49.981892" lon="8.734320"><ele>187.25</ele></trkpt>
<trkpt lat="49.982101" lon="8.734113"><ele>188.0</ele></trkpt>
<trkpt lat="49.982298" lon="8.733892"><ele>188.25</ele></trkpt>
<trkpt lat="49.982485" lon="8.733652"><ele>188.75</ele></trkpt>
<trkpt lat="49.982661" lon="8.733391"><ele>189.0</ele></trkpt>
<trkpt lat="49.982826" lon="8.733113"><ele>188.25</ele></trkpt>
<trkpt lat="49.982978" lon="8.732818"><ele>188.25</ele></trkpt>
<trkpt lat="49.983123" lon="8.732773"><ele>188.0</ele></trkpt>
<trkpt lat="49.983155" lon="8.732772"><ele>188.0</ele></trkpt>
<trkpt lat="49.983290" lon="8.732762"><ele>188.0</ele></trkpt>
<trkpt lat="49.983366" lon="8.732802"><ele>187.75</ele></trkpt>
<trkpt lat="49.983442" lon="8.732817"><ele>187.5</ele></trkpt>
<trkpt lat="49.983560" lon="8.732845"><ele>186.75</ele></trkpt>
<trkpt lat="49.983689" lon="8.732838"><ele>186.0</ele></trkpt>
<trkpt lat="49.983781" lon="8.732805"><ele>185.5</ele></trkpt>
<trkpt lat="49.984015" lon="8.732690"><ele>184.0</ele></trkpt>
<trkpt lat="49.984393" lon="8.732460"><ele>182.0</ele></trkpt>
<trkpt lat="49.984597" lon="8.732313"><ele>181.0</ele></trkpt>
<trkpt lat="49.984702" lon="8.732228"><ele>181.0</ele></trkpt>
<trkpt lat="49.986193" lon="8.730864"><ele>178.75</ele></trkpt>
<trkpt lat="49.987018" lon="8.730052"><ele>178.0</ele></trkpt>
<trkpt lat="49.987748" lon="8.729305"><ele>179.75</ele></trkpt>
<trkpt lat="49.988204" lon="8.728908"><ele>180.5</ele></trkpt>
<trkpt lat="49.988395" lon="8.728791"><ele>181.0</ele></trkpt>
<trkpt lat="49.988515" lon="8.728740"><ele>181.0</ele></trkpt>
<trkpt lat="49.988569" lon="8.728726"><ele>181.0</ele></trkpt>
<trkpt lat="49.988738" lon="8.728684"><ele>181.0</ele></trkpt>
<trkpt lat="49.989098" lon="8.728639"><ele>179.5</ele></trkpt>
<trkpt lat="49.989503" lon="8.728617"><ele>177.75</ele></trkpt>
<trkpt lat="49.989536" lon="8.728619"><ele>177.5</ele></trkpt>
<trkpt lat="49.991303" lon="8.728639"><ele>172.75</ele></trkpt>
<trkpt lat="49.991873" lon="8.728653"><ele>172.0</ele></trkpt>
<trkpt lat="49.992327" lon="8.728617"><ele>172.0</ele></trkpt>
<trkpt lat="49.992367" lon="8.728613"><ele>172.0</ele></trkpt>
<trkpt lat="49.992536" lon="8.728558"><ele>172.0</ele></trkpt>
<trkpt lat="49.992800" lon="8.728430"><ele>172.0</ele></trkpt>
<trkpt lat="49.992980" lon="8.728304"><ele>172.0</ele></trkpt>
<trkpt lat="49.993160" lon="8.728140"><ele>172.0</ele></trkpt>
<trkpt lat="49.993561" lon="8.727717"><ele>172.0</ele></trkpt>
<trkpt lat="49.993809" lon="8.727435"><ele>172.0</ele></trkpt>
<trkpt lat="49.993988" lon="8.727236"><ele>171.5</ele></trkpt>
<trkpt lat="49.994860" lon="8.726256"><ele>171.5</ele></trkpt>
<trkpt lat="49.994898" lon="8.726210"><ele>171.25</ele></trkpt>
<trkpt lat="49.995360" lon="8.725693"><ele>170.25</ele></trkpt>
<trkpt lat="49.995450" lon="8.725603"><ele>170.0</ele></trkpt>
<trkpt lat="49.996604" lon="8.724460"><ele>169.75</ele></trkpt>
<trkpt lat="49.997526" lon="8.723659"><ele>169.5</ele></trkpt>
<trkpt lat="49.998266" lon="8.723136"><ele>166.75</ele></trkpt>
<trkpt lat="49.998411" lon="8.723033"><ele>166.0</ele></trkpt>
<trkpt lat="49.998853" lon="8.722669"><ele>163.0</ele></trkpt>
<trkpt lat="49.998975" lon="8.722547"><ele>162.5</ele></trkpt>
<trkpt lat="49.998975" lon="8.722466"><ele>162.5</ele></trkpt>
<trkpt lat="49.998831" lon="8.721529"><ele>165.75</ele></trkpt>
<trkpt lat="49.998744" lon="8.721220"><ele>167.25</ele></trkpt>
<trkpt lat="49.998489" lon="8.720168"><ele>168.75</ele></trkpt>
<trkpt lat="49.998738" lon="8.720006"><ele>167.0</ele></trkpt>
<trkpt lat="49.999031" lon="8.719802"><ele>165.25</ele></trkpt>
<trkpt lat="49.999189" lon="8.719680"><ele>164.75</ele></trkpt>
<trkpt lat="49.999318" lon="8.719572"><ele>163.75</ele></trkpt>
<trkpt lat="49.999407" lon="8.719442"><ele>163.0</ele></trkpt>
<trkpt lat="49.999871" lon="8.719562"><ele>160.25</ele></trkpt>
<trkpt lat="49.999936" lon="8.719543"><ele>160.0</ele></trkpt>
<trkpt lat="49.999959" lon="8.719398"><ele>160.0</ele></trkpt>
<trkpt lat="50.000027" lon="8.719237"><ele>159.75</ele></trkpt>
</trkseg></trk></gpx>
