<?xml version="1.0" encoding="UTF-8"?>
<!-- track-length = 72349 filtered ascend = 211 plain-ascend = 0 cost=164074 energy=.0kwh time=14m 23s AUTO selected ISO_GREEDY (score 0.897) after 1 candidate(s) in 4014ms. -->
<gpx
 xmlns="http://www.topografix.com/GPX/1/1"
 xmlns:xsi="http://www.w3.org/2001/XMLSchema-instance"
 xsi:schemaLocation="http://www.topografix.com/GPX/1/1 http://www.topografix.com/GPX/1/1/gpx.xsd"
 creator="BRouter-null" version="1.1">
 <trk>
  <name>unset</name>
  <trkseg>
   <trkpt lon="8.719237" lat="50.000027"><ele>159.75</ele></trkpt>
   <trkpt lon="8.718603" lat="50.000567"><ele>156.75</ele></trkpt>
   <trkpt lon="8.718525" lat="50.000599"><ele>156.75</ele></trkpt>
   <trkpt lon="8.718470" lat="50.000614"><ele>156.75</ele></trkpt>
   <trkpt lon="8.718605" lat="50.000673"><ele>156.5</ele></trkpt>
   <trkpt lon="8.718770" lat="50.000828"><ele>155.25</ele></trkpt>
   <trkpt lon="8.718875" lat="50.000892"><ele>155.25</ele></trkpt>
   <trkpt lon="8.718993" lat="50.000918"><ele>155.0</ele></trkpt>
   <trkpt lon="8.719058" lat="50.000994"><ele>155.0</ele></trkpt>
   <trkpt lon="8.719003" lat="50.001076"><ele>155.5</ele></trkpt>
   <trkpt lon="8.719018" lat="50.001169"><ele>155.5</ele></trkpt>
   <trkpt lon="8.718811" lat="50.001545"><ele>155.75</ele></trkpt>
   <trkpt lon="8.718789" lat="50.001729"><ele>155.25</ele></trkpt>
   <trkpt lon="8.718712" lat="50.001784"><ele>155.0</ele></trkpt>
   <trkpt lon="8.718870" lat="50.001767"><ele>155.25</ele></trkpt>
   <trkpt lon="8.719000" lat="50.001753"><ele>155.75</ele></trkpt>
   <trkpt lon="8.719039" lat="50.001749"><ele>156.0</ele></trkpt>
   <trkpt lon="8.719260" lat="50.001721"><ele>156.75</ele></trkpt>
   <trkpt lon="8.719387" lat="50.001715"><ele>156.75</ele></trkpt>
   <trkpt lon="8.719520" lat="50.001717"><ele>157.25</ele></trkpt>
   <trkpt lon="8.719523" lat="50.001690"><ele>157.25</ele></trkpt>
   <trkpt lon="8.719554" lat="50.001655"><ele>157.25</ele></trkpt>
   <trkpt lon="8.719603" lat="50.001633"><ele>157.5</ele></trkpt>
   <trkpt lon="8.719644" lat="50.001628"><ele>157.75</ele></trkpt>
   <trkpt lon="8.719686" lat="50.001633"><ele>157.75</ele></trkpt>
   <trkpt lon="8.719722" lat="50.001646"><ele>157.75</ele></trkpt>
   <trkpt lon="8.719746" lat="50.001662"><ele>158.0</ele></trkpt>
   <trkpt lon="8.719769" lat="50.001704"><ele>158.25</ele></trkpt>
   <trkpt lon="8.719754" lat="50.001747"><ele>158.0</ele></trkpt>
   <trkpt lon="8.719705" lat="50.001779"><ele>157.75</ele></trkpt>
   <trkpt lon="8.719759" lat="50.001864"><ele>158.0</ele></trkpt>
   <trkpt lon="8.719838" lat="50.001948"><ele>158.25</ele></trkpt>
   <trkpt lon="8.719973" lat="50.002051"><ele>158.75</ele></trkpt>
   <trkpt lon="8.720068" lat="50.002110"><ele>159.0</ele></trkpt>
   <trkpt lon="8.720339" lat="50.002251"><ele>159.5</ele></trkpt>
   <trkpt lon="8.720553" lat="50.002342"><ele>160.75</ele></trkpt>
   <trkpt lon="8.720682" lat="50.002377"><ele>161.25</ele></trkpt>
   <trkpt lon="8.720803" lat="50.002408"><ele>161.75</ele></trkpt>
   <trkpt lon="8.720824" lat="50.002385"><ele>161.75</ele></trkpt>
   <trkpt lon="8.720856" lat="50.002368"><ele>162.0</ele></trkpt>
   <trkpt lon="8.720895" lat="50.002358"><ele>162.0</ele></trkpt>
   <trkpt lon="8.720937" lat="50.002358"><ele>162.25</ele></trkpt>
   <trkpt lon="8.720977" lat="50.002366"><ele>162.5</ele></trkpt>
   <trkpt lon="8.721010" lat="50.002382"><ele>162.5</ele></trkpt>
   <trkpt lon="8.721033" lat="50.002404"><ele>162.5</ele></trkpt>
   <trkpt lon="8.721043" lat="50.002449"><ele>162.75</ele></trkpt>
   <trkpt lon="8.721014" lat="50.002489"><ele>162.5</ele></trkpt>
   <trkpt lon="8.720953" lat="50.002514"><ele>162.25</ele></trkpt>
   <trkpt lon="8.720881" lat="50.002513"><ele>162.0</ele></trkpt>
   <trkpt lon="8.720852" lat="50.002581"><ele>162.0</ele></trkpt>
   <trkpt lon="8.720782" lat="50.002704"><ele>161.75</ele></trkpt>
   <trkpt lon="8.720554" lat="50.002937"><ele>161.75</ele></trkpt>
   <trkpt lon="8.720425" lat="50.003038"><ele>161.5</ele></trkpt>
   <trkpt lon="8.720413" lat="50.003146"><ele>161.25</ele></trkpt>
   <trkpt lon="8.720229" lat="50.003565"><ele>159.75</ele></trkpt>
   <trkpt lon="8.720114" lat="50.003966"><ele>158.25</ele></trkpt>
   <trkpt lon="8.720050" lat="50.004217"><ele>158.0</ele></trkpt>
   <trkpt lon="8.719972" lat="50.004679"><ele>159.0</ele></trkpt>
   <trkpt lon="8.719857" lat="50.005614"><ele>163.25</ele></trkpt>
   <trkpt lon="8.719947" lat="50.006967"><ele>169.0</ele></trkpt>
   <trkpt lon="8.719972" lat="50.007025"><ele>169.25</ele></trkpt>
   <trkpt lon="8.720094" lat="50.007182"><ele>169.75</ele></trkpt>
   <trkpt lon="8.720235" lat="50.007232"><ele>170.0</ele></trkpt>
   <trkpt lon="8.721559" lat="50.008232"><ele>173.25</ele></trkpt>
   <trkpt lon="8.721902" lat="50.008477"><ele>174.0</ele></trkpt>
   <trkpt lon="8.722077" lat="50.008571"><ele>174.25</ele></trkpt>
   <trkpt lon="8.722381" lat="50.008656"><ele>175.0</ele></trkpt>
   <trkpt lon="8.723005" lat="50.008809"><ele>175.75</ele></trkpt>
   <trkpt lon="8.723740" lat="50.008980"><ele>177.0</ele></trkpt>
   <trkpt lon="8.724933" lat="50.009287"><ele>178.0</ele></trkpt>
   <trkpt lon="8.725679" lat="50.009484"><ele>178.0</ele></trkpt>
   <trkpt lon="8.727111" lat="50.009877"><ele>179.75</ele></trkpt>
   <trkpt lon="8.728884" lat="50.010552"><ele>176.0</ele></trkpt>
   <trkpt lon="8.729226" lat="50.010656"><ele>175.25</ele></trkpt>
   <trkpt lon="8.729679" lat="50.010725"><ele>175.25</ele></trkpt>
   <trkpt lon="8.729958" lat="50.010741"><ele>176.0</ele></trkpt>
   <trkpt lon="8.730337" lat="50.010717"><ele>177.0</ele></trkpt>
   <trkpt lon="8.730771" lat="50.010671"><ele>175.75</ele></trkpt>
   <trkpt lon="8.731041" lat="50.010631"><ele>175.0</ele></trkpt>
   <trkpt lon="8.731203" lat="50.011062"><ele>174.0</ele></trkpt>
   <trkpt lon="8.731367" lat="50.011039"><ele>174.0</ele></trkpt>
   <trkpt lon="8.731501" lat="50.011021"><ele>174.0</ele></trkpt>
   <trkpt lon="8.731535" lat="50.011113"><ele>173.75</ele></trkpt>
   <trkpt lon="8.731944" lat="50.012220"><ele>171.0</ele></trkpt>
   <trkpt lon="8.732223" lat="50.012893"><ele>171.0</ele></trkpt>
   <trkpt lon="8.732228" lat="50.012945"><ele>171.0</ele></trkpt>
   <trkpt lon="8.732614" lat="50.013007"><ele>170.5</ele></trkpt>
   <trkpt lon="8.733763" lat="50.013143"><ele>169.75</ele></trkpt>
   <trkpt lon="8.734152" lat="50.013172"><ele>169.5</ele></trkpt>
   <trkpt lon="8.734455" lat="50.013217"><ele>169.25</ele></trkpt>
   <trkpt lon="8.734796" lat="50.013314"><ele>169.5</ele></trkpt>
   <trkpt lon="8.735990" lat="50.013676"><ele>168.0</ele></trkpt>
   <trkpt lon="8.736324" lat="50.013785"><ele>168.0</ele></trkpt>
   <trkpt lon="8.736453" lat="50.013852"><ele>168.0</ele></trkpt>
   <trkpt lon="8.736620" lat="50.013965"><ele>167.75</ele></trkpt>
   <trkpt lon="8.736821" lat="50.014164"><ele>168.0</ele></trkpt>
   <trkpt lon="8.737052" lat="50.014397"><ele>168.75</ele></trkpt>
   <trkpt lon="8.737389" lat="50.014629"><ele>168.5</ele></trkpt>
   <trkpt lon="8.737869" lat="50.014908"><ele>168.25</ele></trkpt>
   <trkpt lon="8.738838" lat="50.015446"><ele>168.0</ele></trkpt>
   <trkpt lon="8.741172" lat="50.016677"><ele>164.75</ele></trkpt>
   <trkpt lon="8.741620" lat="50.016944"><ele>164.0</ele></trkpt>
   <trkpt lon="8.743459" lat="50.018090"><ele>160.0</ele></trkpt>
   <trkpt lon="8.744342" lat="50.018835"><ele>158.0</ele></trkpt>
   <trkpt lon="8.745070" lat="50.019705"><ele>155.0</ele></trkpt>
   <trkpt lon="8.745921" lat="50.020332"><ele>157.25</ele></trkpt>
   <trkpt lon="8.746966" lat="50.020967"><ele>160.5</ele></trkpt>
   <trkpt lon="8.747653" lat="50.021443"><ele>164.0</ele></trkpt>
   <trkpt lon="8.748181" lat="50.021812"><ele>166.75</ele></trkpt>
   <trkpt lon="8.748751" lat="50.022153"><ele>168.75</ele></trkpt>
   <trkpt lon="8.748930" lat="50.022237"><ele>169.0</ele></trkpt>
   <trkpt lon="8.749199" lat="50.022364"><ele>169.0</ele></trkpt>
   <trkpt lon="8.749532" lat="50.022522"><ele>169.25</ele></trkpt>
   <trkpt lon="8.750322" lat="50.022842"><ele>169.5</ele></trkpt>
   <trkpt lon="8.751240" lat="50.023068"><ele>169.25</ele></trkpt>
   <trkpt lon="8.752601" lat="50.023319"><ele>169.0</ele></trkpt>
   <trkpt lon="8.753421" lat="50.023471"><ele>169.0</ele></trkpt>
   <trkpt lon="8.754508" lat="50.023726"><ele>169.25</ele></trkpt>
   <trkpt lon="8.755697" lat="50.024057"><ele>168.5</ele></trkpt>
   <trkpt lon="8.756219" lat="50.024265"><ele>167.5</ele></trkpt>
   <trkpt lon="8.753473" lat="50.026477"><ele>157.0</ele></trkpt>
   <trkpt lon="8.751460" lat="50.028042"><ele>152.0</ele></trkpt>
   <trkpt lon="8.749221" lat="50.029820"><ele>147.0</ele></trkpt>
   <trkpt lon="8.746952" lat="50.031624"><ele>144.0</ele></trkpt>
   <trkpt lon="8.746169" lat="50.032295"><ele>143.0</ele></trkpt>
   <trkpt lon="8.745941" lat="50.034110"><ele>139.0</ele></trkpt>
   <trkpt lon="8.745862" lat="50.034333"><ele>139.0</ele></trkpt>
   <trkpt lon="8.745685" lat="50.034568"><ele>139.0</ele></trkpt>
   <trkpt lon="8.743148" lat="50.037229"><ele>135.0</ele></trkpt>
   <trkpt lon="8.743134" lat="50.037307"><ele>135.0</ele></trkpt>
   <trkpt lon="8.743153" lat="50.037392"><ele>135.0</ele></trkpt>
   <trkpt lon="8.743940" lat="50.038220"><ele>137.0</ele></trkpt>
   <trkpt lon="8.746168" lat="50.040335"><ele>135.75</ele></trkpt>
   <trkpt lon="8.747109" lat="50.041241"><ele>135.0</ele></trkpt>
   <trkpt lon="8.748395" lat="50.042444"><ele>134.0</ele></trkpt>
   <trkpt lon="8.749663" lat="50.043656"><ele>135.0</ele></trkpt>
   <trkpt lon="8.751012" lat="50.044948"><ele>135.0</ele></trkpt>
   <trkpt lon="8.751703" lat="50.045609"><ele>135.0</ele></trkpt>
   <trkpt lon="8.752858" lat="50.046481"><ele>135.0</ele></trkpt>
   <trkpt lon="8.754147" lat="50.047179"><ele>135.0</ele></trkpt>
   <trkpt lon="8.754528" lat="50.047806"><ele>134.0</ele></trkpt>
   <trkpt lon="8.754740" lat="50.048114"><ele>134.75</ele></trkpt>
   <trkpt lon="8.755916" lat="50.050158"><ele>134.0</ele></trkpt>
   <trkpt lon="8.755988" lat="50.050278"><ele>134.0</ele></trkpt>
   <trkpt lon="8.756755" lat="50.051556"><ele>133.0</ele></trkpt>
   <trkpt lon="8.757608" lat="50.052977"><ele>132.0</ele></trkpt>
   <trkpt lon="8.760200" lat="50.052683"><ele>132.0</ele></trkpt>
   <trkpt lon="8.762829" lat="50.052369"><ele>131.0</ele></trkpt>
   <trkpt lon="8.763084" lat="50.052700"><ele>130.75</ele></trkpt>
   <trkpt lon="8.763215" lat="50.053220"><ele>130.25</ele></trkpt>
   <trkpt lon="8.762198" lat="50.054962"><ele>130.0</ele></trkpt>
   <trkpt lon="8.761973" lat="50.055426"><ele>130.0</ele></trkpt>
   <trkpt lon="8.761535" lat="50.056317"><ele>130.0</ele></trkpt>
   <trkpt lon="8.761280" lat="50.057347"><ele>130.0</ele></trkpt>
   <trkpt lon="8.761153" lat="50.057992"><ele>129.0</ele></trkpt>
   <trkpt lon="8.761349" lat="50.058084"><ele>129.0</ele></trkpt>
   <trkpt lon="8.762672" lat="50.060104"><ele>129.0</ele></trkpt>
   <trkpt lon="8.760586" lat="50.061375"><ele>128.0</ele></trkpt>
   <trkpt lon="8.760237" lat="50.061596"><ele>128.0</ele></trkpt>
   <trkpt lon="8.758664" lat="50.062500"><ele>127.0</ele></trkpt>
   <trkpt lon="8.757517" lat="50.063096"><ele>126.75</ele></trkpt>
   <trkpt lon="8.756424" lat="50.063807"><ele>126.5</ele></trkpt>
   <trkpt lon="8.756335" lat="50.063851"><ele>126.75</ele></trkpt>
   <trkpt lon="8.756241" lat="50.063878"><ele>126.75</ele></trkpt>
   <trkpt lon="8.756123" lat="50.063890"><ele>126.75</ele></trkpt>
   <trkpt lon="8.756006" lat="50.063879"><ele>127.0</ele></trkpt>
   <trkpt lon="8.755960" lat="50.063852"><ele>127.0</ele></trkpt>
   <trkpt lon="8.755839" lat="50.063689"><ele>127.0</ele></trkpt>
   <trkpt lon="8.755799" lat="50.063662"><ele>127.0</ele></trkpt>
   <trkpt lon="8.755696" lat="50.063625"><ele>127.0</ele></trkpt>
   <trkpt lon="8.755605" lat="50.063610"><ele>127.0</ele></trkpt>
   <trkpt lon="8.755501" lat="50.063602"><ele>127.0</ele></trkpt>
   <trkpt lon="8.755291" lat="50.063603"><ele>127.0</ele></trkpt>
   <trkpt lon="8.755012" lat="50.063620"><ele>126.75</ele></trkpt>
   <trkpt lon="8.754338" lat="50.063629"><ele>127.25</ele></trkpt>
   <trkpt lon="8.754120" lat="50.063651"><ele>128.0</ele></trkpt>
   <trkpt lon="8.753865" lat="50.063700"><ele>128.0</ele></trkpt>
   <trkpt lon="8.752908" lat="50.063707"><ele>128.0</ele></trkpt>
   <trkpt lon="8.753123" lat="50.064169"><ele>128.75</ele></trkpt>
   <trkpt lon="8.753333" lat="50.064732"><ele>130.75</ele></trkpt>
   <trkpt lon="8.753717" lat="50.065873"><ele>130.25</ele></trkpt>
   <trkpt lon="8.753878" lat="50.066155"><ele>130.5</ele></trkpt>
   <trkpt lon="8.754213" lat="50.066324"><ele>129.5</ele></trkpt>
   <trkpt lon="8.754833" lat="50.066665"><ele>128.75</ele></trkpt>
   <trkpt lon="8.755171" lat="50.066922"><ele>128.75</ele></trkpt>
   <trkpt lon="8.755282" lat="50.067025"><ele>128.75</ele></trkpt>
   <trkpt lon="8.755453" lat="50.067196"><ele>128.25</ele></trkpt>
   <trkpt lon="8.755933" lat="50.067923"><ele>128.0</ele></trkpt>
   <trkpt lon="8.756983" lat="50.069411"><ele>128.75</ele></trkpt>
   <trkpt lon="8.757539" lat="50.070200"><ele>128.0</ele></trkpt>
   <trkpt lon="8.757638" lat="50.070806"><ele>128.0</ele></trkpt>
   <trkpt lon="8.755414" lat="50.070665"><ele>129.0</ele></trkpt>
   <trkpt lon="8.753040" lat="50.070482"><ele>130.25</ele></trkpt>
   <trkpt lon="8.748152" lat="50.070239"><ele>130.25</ele></trkpt>
   <trkpt lon="8.747946" lat="50.070246"><ele>130.0</ele></trkpt>
   <trkpt lon="8.744359" lat="50.070465"><ele>129.25</ele></trkpt>
   <trkpt lon="8.743647" lat="50.070495"><ele>128.75</ele></trkpt>
   <trkpt lon="8.741626" lat="50.070631"><ele>129.0</ele></trkpt>
   <trkpt lon="8.739848" lat="50.070751"><ele>128.25</ele></trkpt>
   <trkpt lon="8.739595" lat="50.070773"><ele>128.0</ele></trkpt>
   <trkpt lon="8.738672" lat="50.071476"><ele>128.0</ele></trkpt>
   <trkpt lon="8.737075" lat="50.072627"><ele>128.0</ele></trkpt>
   <trkpt lon="8.736995" lat="50.072692"></trkpt>
   <trkpt lon="8.736621" lat="50.073000"><ele>127.25</ele></trkpt>
   <trkpt lon="8.735096" lat="50.074048"><ele>127.0</ele></trkpt>
   <trkpt lon="8.734925" lat="50.074023"><ele>127.0</ele></trkpt>
   <trkpt lon="8.734756" lat="50.073954"><ele>127.5</ele></trkpt>
   <trkpt lon="8.734575" lat="50.073865"><ele>127.5</ele></trkpt>
   <trkpt lon="8.734048" lat="50.073665"><ele>128.25</ele></trkpt>
   <trkpt lon="8.734020" lat="50.073695"><ele>128.75</ele></trkpt>
   <trkpt lon="8.733978" lat="50.073721"><ele>129.25</ele></trkpt>
   <trkpt lon="8.733915" lat="50.073741"><ele>130.0</ele></trkpt>
   <trkpt lon="8.733484" lat="50.073877"><ele>128.5</ele></trkpt>
   <trkpt lon="8.733381" lat="50.073895"><ele>127.5</ele></trkpt>
   <trkpt lon="8.733288" lat="50.073892"><ele>127.0</ele></trkpt>
   <trkpt lon="8.733299" lat="50.074013"><ele>127.0</ele></trkpt>
   <trkpt lon="8.733316" lat="50.074099"><ele>127.0</ele></trkpt>
   <trkpt lon="8.733944" lat="50.075009"><ele>126.75</ele></trkpt>
   <trkpt lon="8.733381" lat="50.075391"><ele>126.5</ele></trkpt>
   <trkpt lon="8.730362" lat="50.077658"><ele>125.25</ele></trkpt>
   <trkpt lon="8.727775" lat="50.079515"><ele>126.0</ele></trkpt>
   <trkpt lon="8.727546" lat="50.079688"><ele>126.5</ele></trkpt>
   <trkpt lon="8.724075" lat="50.082300"><ele>131.0</ele></trkpt>
   <trkpt lon="8.723971" lat="50.082376"><ele>131.0</ele></trkpt>
   <trkpt lon="8.723038" lat="50.083162"><ele>134.0</ele></trkpt>
   <trkpt lon="8.720934" lat="50.084119"><ele>138.5</ele></trkpt>
   <trkpt lon="8.720492" lat="50.084271"><ele>140.0</ele></trkpt>
   <trkpt lon="8.717284" lat="50.085046"><ele>142.0</ele></trkpt>
   <trkpt lon="8.716224" lat="50.085302"><ele>142.25</ele></trkpt>
   <trkpt lon="8.718493" lat="50.088132"><ele>143.25</ele></trkpt>
   <trkpt lon="8.719530" lat="50.089309"><ele>139.5</ele></trkpt>
   <trkpt lon="8.719677" lat="50.089475"><ele>139.0</ele></trkpt>
   <trkpt lon="8.719739" lat="50.089573"><ele>138.5</ele></trkpt>
   <trkpt lon="8.719720" lat="50.089697"><ele>138.0</ele></trkpt>
   <trkpt lon="8.719701" lat="50.089751"><ele>137.75</ele></trkpt>
   <trkpt lon="8.719419" lat="50.091737"><ele>130.5</ele></trkpt>
   <trkpt lon="8.719298" lat="50.092585"><ele>129.25</ele></trkpt>
   <trkpt lon="8.719185" lat="50.093237"><ele>129.0</ele></trkpt>
   <trkpt lon="8.719167" lat="50.094544"><ele>128.0</ele></trkpt>
   <trkpt lon="8.719171" lat="50.094609"><ele>128.0</ele></trkpt>
   <trkpt lon="8.719175" lat="50.094678"><ele>128.0</ele></trkpt>
   <trkpt lon="8.719143" lat="50.095483"><ele>127.0</ele></trkpt>
   <trkpt lon="8.719085" lat="50.096202"><ele>125.5</ele></trkpt>
   <trkpt lon="8.719577" lat="50.096264"><ele>126.0</ele></trkpt>
   <trkpt lon="8.720432" lat="50.096376"><ele>125.0</ele></trkpt>
   <trkpt lon="8.720260" lat="50.097582"><ele>119.25</ele></trkpt>
   <trkpt lon="8.720241" lat="50.097795"><ele>117.75</ele></trkpt>
   <trkpt lon="8.720267" lat="50.098386"><ele>114.5</ele></trkpt>
   <trkpt lon="8.720249" lat="50.099056"><ele>110.75</ele></trkpt>
   <trkpt lon="8.720251" lat="50.099189"><ele>110.0</ele></trkpt>
   <trkpt lon="8.720300" lat="50.099484"><ele>108.5</ele></trkpt>
   <trkpt lon="8.720290" lat="50.099642"><ele>106.75</ele></trkpt>
   <trkpt lon="8.720238" lat="50.099891"><ele>104.75</ele></trkpt>
   <trkpt lon="8.720177" lat="50.100088"><ele>103.75</ele></trkpt>
   <trkpt lon="8.720170" lat="50.100103"><ele>103.75</ele></trkpt>
   <trkpt lon="8.720160" lat="50.100118"><ele>103.75</ele></trkpt>
   <trkpt lon="8.720129" lat="50.100178"><ele>103.5</ele></trkpt>
   <trkpt lon="8.719991" lat="50.100603"><ele>101.75</ele></trkpt>
   <trkpt lon="8.719984" lat="50.100723"><ele>101.25</ele></trkpt>
   <trkpt lon="8.719943" lat="50.100850"><ele>100.75</ele></trkpt>
   <trkpt lon="8.719395" lat="50.100772"><ele>101.0</ele></trkpt>
   <trkpt lon="8.718850" lat="50.100696"><ele>101.0</ele></trkpt>
   <trkpt lon="8.718664" lat="50.101309"><ele>99.25</ele></trkpt>
   <trkpt lon="8.718610" lat="50.101473"><ele>98.75</ele></trkpt>
   <trkpt lon="8.718208" lat="50.102416"><ele>97.0</ele></trkpt>
   <trkpt lon="8.717998" lat="50.103069"><ele>97.0</ele></trkpt>
   <trkpt lon="8.717976" lat="50.103673"><ele>97.0</ele></trkpt>
   <trkpt lon="8.718049" lat="50.103703"><ele>97.0</ele></trkpt>
   <trkpt lon="8.717997" lat="50.104002"><ele>97.5</ele></trkpt>
   <trkpt lon="8.717927" lat="50.104377"><ele>98.75</ele></trkpt>
   <trkpt lon="8.717871" lat="50.104734"><ele>98.5</ele></trkpt>
   <trkpt lon="8.717761" lat="50.104808"><ele>98.5</ele></trkpt>
   <trkpt lon="8.717742" lat="50.104876"><ele>98.5</ele></trkpt>
   <trkpt lon="8.717723" lat="50.104967"><ele>98.25</ele></trkpt>
   <trkpt lon="8.717711" lat="50.105008"><ele>98.0</ele></trkpt>
   <trkpt lon="8.717702" lat="50.105040"><ele>98.0</ele></trkpt>
   <trkpt lon="8.717537" lat="50.105486"><ele>95.5</ele></trkpt>
   <trkpt lon="8.717620" lat="50.105477"><ele>95.5</ele></trkpt>
   <trkpt lon="8.720784" lat="50.105705"><ele>96.0</ele></trkpt>
   <trkpt lon="8.720917" lat="50.105717"><ele>96.0</ele></trkpt>
   <trkpt lon="8.720976" lat="50.105736"><ele>96.0</ele></trkpt>
   <trkpt lon="8.720994" lat="50.105778"><ele>96.0</ele></trkpt>
   <trkpt lon="8.720817" lat="50.106156"><ele>95.25</ele></trkpt>
   <trkpt lon="8.720836" lat="50.106179"><ele>95.0</ele></trkpt>
   <trkpt lon="8.720944" lat="50.106224"><ele>94.25</ele></trkpt>
   <trkpt lon="8.721695" lat="50.106340"><ele>93.5</ele></trkpt>
   <trkpt lon="8.721829" lat="50.106341"><ele>94.25</ele></trkpt>
   <trkpt lon="8.722092" lat="50.106286"><ele>95.5</ele></trkpt>
   <trkpt lon="8.722278" lat="50.106305"><ele>95.5</ele></trkpt>
   <trkpt lon="8.723220" lat="50.106533"><ele>94.75</ele></trkpt>
   <trkpt lon="8.723529" lat="50.106585"><ele>95.5</ele></trkpt>
   <trkpt lon="8.724273" lat="50.106741"><ele>96.5</ele></trkpt>
   <trkpt lon="8.725224" lat="50.107034"><ele>97.75</ele></trkpt>
   <trkpt lon="8.726146" lat="50.107301"><ele>97.0</ele></trkpt>
   <trkpt lon="8.726292" lat="50.107323"><ele>97.0</ele></trkpt>
   <trkpt lon="8.726361" lat="50.107324"><ele>97.0</ele></trkpt>
   <trkpt lon="8.726415" lat="50.107315"><ele>97.25</ele></trkpt>
   <trkpt lon="8.726462" lat="50.107297"><ele>97.5</ele></trkpt>
   <trkpt lon="8.726717" lat="50.107116"><ele>98.25</ele></trkpt>
   <trkpt lon="8.726792" lat="50.107087"><ele>98.5</ele></trkpt>
   <trkpt lon="8.726896" lat="50.107083"><ele>98.75</ele></trkpt>
   <trkpt lon="8.727059" lat="50.107103"><ele>99.0</ele></trkpt>
   <trkpt lon="8.727195" lat="50.107199"><ele>99.0</ele></trkpt>
   <trkpt lon="8.727275" lat="50.107266"><ele>99.0</ele></trkpt>
   <trkpt lon="8.727304" lat="50.107295"><ele>99.0</ele></trkpt>
   <trkpt lon="8.727665" lat="50.107535"><ele>98.75</ele></trkpt>
   <trkpt lon="8.727714" lat="50.107561"><ele>98.75</ele></trkpt>
   <trkpt lon="8.727769" lat="50.107579"><ele>98.5</ele></trkpt>
   <trkpt lon="8.729043" lat="50.107750"><ele>99.0</ele></trkpt>
   <trkpt lon="8.729111" lat="50.107769"><ele>99.0</ele></trkpt>
   <trkpt lon="8.729175" lat="50.107811"><ele>98.75</ele></trkpt>
   <trkpt lon="8.729294" lat="50.108006"><ele>98.5</ele></trkpt>
   <trkpt lon="8.729339" lat="50.108063"><ele>98.25</ele></trkpt>
   <trkpt lon="8.729368" lat="50.108094"><ele>98.0</ele></trkpt>
   <trkpt lon="8.729510" lat="50.108210"><ele>97.5</ele></trkpt>
   <trkpt lon="8.729660" lat="50.108309"><ele>98.25</ele></trkpt>
   <trkpt lon="8.729723" lat="50.108340"><ele>98.75</ele></trkpt>
   <trkpt lon="8.729907" lat="50.108411"><ele>97.25</ele></trkpt>
   <trkpt lon="8.730112" lat="50.108453"><ele>96.25</ele></trkpt>
   <trkpt lon="8.730130" lat="50.108455"><ele>96.25</ele></trkpt>
   <trkpt lon="8.730328" lat="50.108481"><ele>96.0</ele></trkpt>
   <trkpt lon="8.730668" lat="50.108567"><ele>97.25</ele></trkpt>
   <trkpt lon="8.730897" lat="50.108629"><ele>97.5</ele></trkpt>
   <trkpt lon="8.731203" lat="50.108728"><ele>96.25</ele></trkpt>
   <trkpt lon="8.731310" lat="50.108760"><ele>96.25</ele></trkpt>
   <trkpt lon="8.731759" lat="50.108895"><ele>97.75</ele></trkpt>
   <trkpt lon="8.732312" lat="50.109067"><ele>96.75</ele></trkpt>
   <trkpt lon="8.732371" lat="50.109084"><ele>97.0</ele></trkpt>
   <trkpt lon="8.732870" lat="50.109241"><ele>97.75</ele></trkpt>
   <trkpt lon="8.734995" lat="50.109925"><ele>97.75</ele></trkpt>
   <trkpt lon="8.735619" lat="50.110140"><ele>97.75</ele></trkpt>
   <trkpt lon="8.735791" lat="50.110193"><ele>98.5</ele></trkpt>
   <trkpt lon="8.735992" lat="50.110237"><ele>98.75</ele></trkpt>
   <trkpt lon="8.736149" lat="50.110280"><ele>98.75</ele></trkpt>
   <trkpt lon="8.736304" lat="50.110337"><ele>98.0</ele></trkpt>
   <trkpt lon="8.736465" lat="50.110410"><ele>97.75</ele></trkpt>
   <trkpt lon="8.736769" lat="50.110572"><ele>98.75</ele></trkpt>
   <trkpt lon="8.738069" lat="50.111153"><ele>98.5</ele></trkpt>
   <trkpt lon="8.738453" lat="50.111308"><ele>98.5</ele></trkpt>
   <trkpt lon="8.738658" lat="50.111377"><ele>99.0</ele></trkpt>
   <trkpt lon="8.738747" lat="50.111407"><ele>98.75</ele></trkpt>
   <trkpt lon="8.738804" lat="50.111426"><ele>98.75</ele></trkpt>
   <trkpt lon="8.739119" lat="50.111529"><ele>98.75</ele></trkpt>
   <trkpt lon="8.739269" lat="50.111565"><ele>99.0</ele></trkpt>
   <trkpt lon="8.739402" lat="50.111597"><ele>99.0</ele></trkpt>
   <trkpt lon="8.739819" lat="50.111665"><ele>98.75</ele></trkpt>
   <trkpt lon="8.740826" lat="50.111761"><ele>99.0</ele></trkpt>
   <trkpt lon="8.741074" lat="50.111784"><ele>99.0</ele></trkpt>
   <trkpt lon="8.741055" lat="50.111838"><ele>99.0</ele></trkpt>
   <trkpt lon="8.741096" lat="50.111885"><ele>99.0</ele></trkpt>
   <trkpt lon="8.741341" lat="50.111915"><ele>99.0</ele></trkpt>
   <trkpt lon="8.741496" lat="50.111988"><ele>99.0</ele></trkpt>
   <trkpt lon="8.741523" lat="50.112011"><ele>99.0</ele></trkpt>
   <trkpt lon="8.741548" lat="50.112049"><ele>99.0</ele></trkpt>
   <trkpt lon="8.743365" lat="50.112251"><ele>99.0</ele></trkpt>
   <trkpt lon="8.744085" lat="50.112335"><ele>99.0</ele></trkpt>
   <trkpt lon="8.745013" lat="50.112438"><ele>98.75</ele></trkpt>
   <trkpt lon="8.745313" lat="50.112478"><ele>98.0</ele></trkpt>
   <trkpt lon="8.745407" lat="50.112360"><ele>98.5</ele></trkpt>
   <trkpt lon="8.745507" lat="50.112238"><ele>98.75</ele></trkpt>
   <trkpt lon="8.745524" lat="50.112217"><ele>99.0</ele></trkpt>
   <trkpt lon="8.745530" lat="50.112191"><ele>99.0</ele></trkpt>
   <trkpt lon="8.745650" lat="50.112000"><ele>99.0</ele></trkpt>
   <trkpt lon="8.746042" lat="50.111369"><ele>99.0</ele></trkpt>
   <trkpt lon="8.746167" lat="50.111167"><ele>99.0</ele></trkpt>
   <trkpt lon="8.746525" lat="50.110584"><ele>99.0</ele></trkpt>
   <trkpt lon="8.746555" lat="50.110538"><ele>99.0</ele></trkpt>
   <trkpt lon="8.746648" lat="50.110550"><ele>99.0</ele></trkpt>
   <trkpt lon="8.747439" lat="50.110665"><ele>99.0</ele></trkpt>
   <trkpt lon="8.748019" lat="50.110748"><ele>99.0</ele></trkpt>
   <trkpt lon="8.749079" lat="50.110902"><ele>99.0</ele></trkpt>
   <trkpt lon="8.749183" lat="50.110918"><ele>99.0</ele></trkpt>
   <trkpt lon="8.749268" lat="50.110931"><ele>99.0</ele></trkpt>
   <trkpt lon="8.749930" lat="50.111028"><ele>99.0</ele></trkpt>
   <trkpt lon="8.750214" lat="50.111070"><ele>99.0</ele></trkpt>
   <trkpt lon="8.750617" lat="50.111130"><ele>99.0</ele></trkpt>
   <trkpt lon="8.751446" lat="50.111253"><ele>98.75</ele></trkpt>
   <trkpt lon="8.751982" lat="50.111332"><ele>98.75</ele></trkpt>
   <trkpt lon="8.752018" lat="50.111337"><ele>98.75</ele></trkpt>
   <trkpt lon="8.752681" lat="50.111435"><ele>99.0</ele></trkpt>
   <trkpt lon="8.752574" lat="50.111674"><ele>99.0</ele></trkpt>
   <trkpt lon="8.752433" lat="50.111972"><ele>98.75</ele></trkpt>
   <trkpt lon="8.753393" lat="50.111870"><ele>99.0</ele></trkpt>
   <trkpt lon="8.753916" lat="50.111815"><ele>99.0</ele></trkpt>
   <trkpt lon="8.755295" lat="50.111672"><ele>98.0</ele></trkpt>
   <trkpt lon="8.755913" lat="50.111605"><ele>98.75</ele></trkpt>
   <trkpt lon="8.755997" lat="50.111589"><ele>99.0</ele></trkpt>
   <trkpt lon="8.756085" lat="50.111549"><ele>99.0</ele></trkpt>
   <trkpt lon="8.756105" lat="50.111535"><ele>99.0</ele></trkpt>
   <trkpt lon="8.756150" lat="50.111540"><ele>99.0</ele></trkpt>
   <trkpt lon="8.756265" lat="50.111553"><ele>99.0</ele></trkpt>
   <trkpt lon="8.756327" lat="50.111562"><ele>99.0</ele></trkpt>
   <trkpt lon="8.756328" lat="50.111562"><ele>99.0</ele></trkpt>
   <trkpt lon="8.756395" lat="50.111570"><ele>99.0</ele></trkpt>
   <trkpt lon="8.756466" lat="50.111579"><ele>99.0</ele></trkpt>
   <trkpt lon="8.756502" lat="50.111584"><ele>99.25</ele></trkpt>
   <trkpt lon="8.756530" lat="50.111589"><ele>99.25</ele></trkpt>
   <trkpt lon="8.756557" lat="50.111595"><ele>99.25</ele></trkpt>
   <trkpt lon="8.756603" lat="50.111612"><ele>99.5</ele></trkpt>
   <trkpt lon="8.756627" lat="50.111600"><ele>99.5</ele></trkpt>
   <trkpt lon="8.756664" lat="50.111577"><ele>99.5</ele></trkpt>
   <trkpt lon="8.756708" lat="50.111554"><ele>99.5</ele></trkpt>
   <trkpt lon="8.756741" lat="50.111536"><ele>99.5</ele></trkpt>
   <trkpt lon="8.756815" lat="50.111509"><ele>99.25</ele></trkpt>
   <trkpt lon="8.756986" lat="50.111528"><ele>99.25</ele></trkpt>
   <trkpt lon="8.757186" lat="50.111574"><ele>99.25</ele></trkpt>
   <trkpt lon="8.757372" lat="50.111433"><ele>97.5</ele></trkpt>
   <trkpt lon="8.757447" lat="50.111402"><ele>97.0</ele></trkpt>
   <trkpt lon="8.758083" lat="50.111413"><ele>95.75</ele></trkpt>
   <trkpt lon="8.758121" lat="50.111342"><ele>96.0</ele></trkpt>
   <trkpt lon="8.758190" lat="50.111281"><ele>96.0</ele></trkpt>
   <trkpt lon="8.758284" lat="50.111229"><ele>96.0</ele></trkpt>
   <trkpt lon="8.758457" lat="50.111133"><ele>95.75</ele></trkpt>
   <trkpt lon="8.758649" lat="50.111041"><ele>96.25</ele></trkpt>
   <trkpt lon="8.758809" lat="50.110966"><ele>96.5</ele></trkpt>
   <trkpt lon="8.759005" lat="50.110890"><ele>96.25</ele></trkpt>
   <trkpt lon="8.759191" lat="50.110789"><ele>96.0</ele></trkpt>
   <trkpt lon="8.759373" lat="50.110705"><ele>96.25</ele></trkpt>
   <trkpt lon="8.759541" lat="50.110626"><ele>96.25</ele></trkpt>
   <trkpt lon="8.759715" lat="50.110546"><ele>96.0</ele></trkpt>
   <trkpt lon="8.759899" lat="50.110461"><ele>96.25</ele></trkpt>
   <trkpt lon="8.760073" lat="50.110379"><ele>96.25</ele></trkpt>
   <trkpt lon="8.760263" lat="50.110295"><ele>95.75</ele></trkpt>
   <trkpt lon="8.760458" lat="50.110223"><ele>96.0</ele></trkpt>
   <trkpt lon="8.760650" lat="50.110150"><ele>96.0</ele></trkpt>
   <trkpt lon="8.760831" lat="50.110067"><ele>95.75</ele></trkpt>
   <trkpt lon="8.761006" lat="50.109981"><ele>96.0</ele></trkpt>
   <trkpt lon="8.761186" lat="50.109893"><ele>96.0</ele></trkpt>
   <trkpt lon="8.761367" lat="50.109805"><ele>95.75</ele></trkpt>
   <trkpt lon="8.761557" lat="50.109712"><ele>96.0</ele></trkpt>
   <trkpt lon="8.761749" lat="50.109618"><ele>96.0</ele></trkpt>
   <trkpt lon="8.761930" lat="50.109529"><ele>95.5</ele></trkpt>
   <trkpt lon="8.762113" lat="50.109438"><ele>96.0</ele></trkpt>
   <trkpt lon="8.762173" lat="50.109416"><ele>96.0</ele></trkpt>
   <trkpt lon="8.762345" lat="50.109233"><ele>96.25</ele></trkpt>
   <trkpt lon="8.763265" lat="50.108903"><ele>96.0</ele></trkpt>
   <trkpt lon="8.763480" lat="50.108834"><ele>96.25</ele></trkpt>
   <trkpt lon="8.763752" lat="50.108763"><ele>96.5</ele></trkpt>
   <trkpt lon="8.764266" lat="50.108613"><ele>95.5</ele></trkpt>
   <trkpt lon="8.764742" lat="50.108431"><ele>96.75</ele></trkpt>
   <trkpt lon="8.764953" lat="50.108360"><ele>96.0</ele></trkpt>
   <trkpt lon="8.765501" lat="50.108196"><ele>96.5</ele></trkpt>
   <trkpt lon="8.766317" lat="50.108030"><ele>96.25</ele></trkpt>
   <trkpt lon="8.767809" lat="50.107745"><ele>96.0</ele></trkpt>
   <trkpt lon="8.768935" lat="50.107530"><ele>95.75</ele></trkpt>
   <trkpt lon="8.769136" lat="50.107500"><ele>96.0</ele></trkpt>
   <trkpt lon="8.769459" lat="50.107453"><ele>96.5</ele></trkpt>
   <trkpt lon="8.770021" lat="50.107382"><ele>97.0</ele></trkpt>
   <trkpt lon="8.770223" lat="50.107343"><ele>97.0</ele></trkpt>
   <trkpt lon="8.771232" lat="50.107291"><ele>97.75</ele></trkpt>
   <trkpt lon="8.771575" lat="50.107279"><ele>98.25</ele></trkpt>
   <trkpt lon="8.771750" lat="50.107266"><ele>98.25</ele></trkpt>
   <trkpt lon="8.771926" lat="50.107266"><ele>97.5</ele></trkpt>
   <trkpt lon="8.772148" lat="50.107283"><ele>98.0</ele></trkpt>
   <trkpt lon="8.773042" lat="50.107415"><ele>97.5</ele></trkpt>
   <trkpt lon="8.773287" lat="50.107451"><ele>97.25</ele></trkpt>
   <trkpt lon="8.773479" lat="50.107488"><ele>97.0</ele></trkpt>
   <trkpt lon="8.773682" lat="50.107529"><ele>97.25</ele></trkpt>
   <trkpt lon="8.774034" lat="50.107611"><ele>97.75</ele></trkpt>
   <trkpt lon="8.774907" lat="50.107813"><ele>98.0</ele></trkpt>
   <trkpt lon="8.775428" lat="50.108033"><ele>96.75</ele></trkpt>
   <trkpt lon="8.776069" lat="50.108298"><ele>97.0</ele></trkpt>
   <trkpt lon="8.776188" lat="50.108369"><ele>97.0</ele></trkpt>
   <trkpt lon="8.776247" lat="50.108441"><ele>96.75</ele></trkpt>
   <trkpt lon="8.776302" lat="50.108476"><ele>96.75</ele></trkpt>
   <trkpt lon="8.776558" lat="50.108598"><ele>96.5</ele></trkpt>
   <trkpt lon="8.776871" lat="50.108757"><ele>96.5</ele></trkpt>
   <trkpt lon="8.777135" lat="50.108876"><ele>96.75</ele></trkpt>
   <trkpt lon="8.777913" lat="50.109303"><ele>96.75</ele></trkpt>
   <trkpt lon="8.779708" lat="50.110148"><ele>97.25</ele></trkpt>
   <trkpt lon="8.779976" lat="50.110279"><ele>95.75</ele></trkpt>
   <trkpt lon="8.780202" lat="50.110371"><ele>97.0</ele></trkpt>
   <trkpt lon="8.780459" lat="50.110447"><ele>96.5</ele></trkpt>
   <trkpt lon="8.780551" lat="50.110483"><ele>96.5</ele></trkpt>
   <trkpt lon="8.780629" lat="50.110528"><ele>96.5</ele></trkpt>
   <trkpt lon="8.780747" lat="50.110625"><ele>97.0</ele></trkpt>
   <trkpt lon="8.781872" lat="50.112315"><ele>97.25</ele></trkpt>
   <trkpt lon="8.782019" lat="50.112504"><ele>97.5</ele></trkpt>
   <trkpt lon="8.782075" lat="50.112565"><ele>97.75</ele></trkpt>
   <trkpt lon="8.782095" lat="50.112604"><ele>98.0</ele></trkpt>
   <trkpt lon="8.782100" lat="50.112638"><ele>98.0</ele></trkpt>
   <trkpt lon="8.782392" lat="50.112566"><ele>98.75</ele></trkpt>
   <trkpt lon="8.782476" lat="50.112706"><ele>98.25</ele></trkpt>
   <trkpt lon="8.782573" lat="50.112879"><ele>98.25</ele></trkpt>
   <trkpt lon="8.783151" lat="50.112770"><ele>99.0</ele></trkpt>
   <trkpt lon="8.783208" lat="50.112758"><ele>99.0</ele></trkpt>
   <trkpt lon="8.784113" lat="50.112542"><ele>98.75</ele></trkpt>
   <trkpt lon="8.784435" lat="50.113317"><ele>99.0</ele></trkpt>
   <trkpt lon="8.784592" lat="50.113335"><ele>99.0</ele></trkpt>
   <trkpt lon="8.784630" lat="50.113331"><ele>99.0</ele></trkpt>
   <trkpt lon="8.784701" lat="50.113309"><ele>99.0</ele></trkpt>
   <trkpt lon="8.784757" lat="50.113272"><ele>99.0</ele></trkpt>
   <trkpt lon="8.784821" lat="50.113222"><ele>99.0</ele></trkpt>
   <trkpt lon="8.785061" lat="50.112993"><ele>99.0</ele></trkpt>
   <trkpt lon="8.785204" lat="50.113059"><ele>99.0</ele></trkpt>
   <trkpt lon="8.785360" lat="50.113156"><ele>99.0</ele></trkpt>
   <trkpt lon="8.785532" lat="50.113290"><ele>99.0</ele></trkpt>
   <trkpt lon="8.785653" lat="50.113416"><ele>99.25</ele></trkpt>
   <trkpt lon="8.786086" lat="50.113877"><ele>99.0</ele></trkpt>
   <trkpt lon="8.786192" lat="50.113989"><ele>99.0</ele></trkpt>
   <trkpt lon="8.786722" lat="50.114557"><ele>99.25</ele></trkpt>
   <trkpt lon="8.787334" lat="50.115206"><ele>100.0</ele></trkpt>
   <trkpt lon="8.787690" lat="50.115572"><ele>99.75</ele></trkpt>
   <trkpt lon="8.787719" lat="50.115616"><ele>99.75</ele></trkpt>
   <trkpt lon="8.788581" lat="50.115284"><ele>100.0</ele></trkpt>
   <trkpt lon="8.788618" lat="50.115261"><ele>99.75</ele></trkpt>
   <trkpt lon="8.788645" lat="50.115232"><ele>99.75</ele></trkpt>
   <trkpt lon="8.788766" lat="50.115243"><ele>99.75</ele></trkpt>
   <trkpt lon="8.788802" lat="50.115237"><ele>99.75</ele></trkpt>
   <trkpt lon="8.789088" lat="50.115128"><ele>100.0</ele></trkpt>
   <trkpt lon="8.789619" lat="50.114925"><ele>99.0</ele></trkpt>
   <trkpt lon="8.789707" lat="50.114891"><ele>99.0</ele></trkpt>
   <trkpt lon="8.789798" lat="50.114856"><ele>99.0</ele></trkpt>
   <trkpt lon="8.790617" lat="50.114529"><ele>99.0</ele></trkpt>
   <trkpt lon="8.794613" lat="50.112969"><ele>99.0</ele></trkpt>
   <trkpt lon="8.796167" lat="50.113560"><ele>99.0</ele></trkpt>
   <trkpt lon="8.797735" lat="50.114160"><ele>99.75</ele></trkpt>
   <trkpt lon="8.798418" lat="50.114418"><ele>99.0</ele></trkpt>
   <trkpt lon="8.799186" lat="50.114707"><ele>99.0</ele></trkpt>
   <trkpt lon="8.801422" lat="50.115550"><ele>99.75</ele></trkpt>
   <trkpt lon="8.802328" lat="50.114918"><ele>98.0</ele></trkpt>
   <trkpt lon="8.803291" lat="50.115723"><ele>98.0</ele></trkpt>
   <trkpt lon="8.803673" lat="50.116264"><ele>98.0</ele></trkpt>
   <trkpt lon="8.804159" lat="50.116952"><ele>98.0</ele></trkpt>
   <trkpt lon="8.804858" lat="50.118164"><ele>98.25</ele></trkpt>
   <trkpt lon="8.804998" lat="50.118486"><ele>98.25</ele></trkpt>
   <trkpt lon="8.805106" lat="50.118773"><ele>98.5</ele></trkpt>
   <trkpt lon="8.805183" lat="50.119155"><ele>99.0</ele></trkpt>
   <trkpt lon="8.805171" lat="50.119300"><ele>98.5</ele></trkpt>
   <trkpt lon="8.805747" lat="50.119409"><ele>98.75</ele></trkpt>
   <trkpt lon="8.806449" lat="50.119544"><ele>98.25</ele></trkpt>
   <trkpt lon="8.806783" lat="50.119585"><ele>98.75</ele></trkpt>
   <trkpt lon="8.806987" lat="50.119609"><ele>99.25</ele></trkpt>
   <trkpt lon="8.807945" lat="50.119696"><ele>101.5</ele></trkpt>
   <trkpt lon="8.808054" lat="50.119703"><ele>101.75</ele></trkpt>
   <trkpt lon="8.808273" lat="50.119698"><ele>102.75</ele></trkpt>
   <trkpt lon="8.808409" lat="50.119706"><ele>103.25</ele></trkpt>
   <trkpt lon="8.808842" lat="50.119760"><ele>104.0</ele></trkpt>
   <trkpt lon="8.809583" lat="50.119885"><ele>104.25</ele></trkpt>
   <trkpt lon="8.809972" lat="50.119921"><ele>104.25</ele></trkpt>
   <trkpt lon="8.811422" lat="50.120041"><ele>105.0</ele></trkpt>
   <trkpt lon="8.811470" lat="50.120045"><ele>105.0</ele></trkpt>
   <trkpt lon="8.812350" lat="50.120119"><ele>105.0</ele></trkpt>
   <trkpt lon="8.813011" lat="50.120174"><ele>105.0</ele></trkpt>
   <trkpt lon="8.813053" lat="50.120177"><ele>105.0</ele></trkpt>
   <trkpt lon="8.813615" lat="50.120226"><ele>105.0</ele></trkpt>
   <trkpt lon="8.813778" lat="50.120240"><ele>105.0</ele></trkpt>
   <trkpt lon="8.813905" lat="50.120250"><ele>105.0</ele></trkpt>
   <trkpt lon="8.814525" lat="50.120301"><ele>106.0</ele></trkpt>
   <trkpt lon="8.815583" lat="50.120389"><ele>106.0</ele></trkpt>
   <trkpt lon="8.817093" lat="50.120517"><ele>105.0</ele></trkpt>
   <trkpt lon="8.818118" lat="50.120605"><ele>104.75</ele></trkpt>
   <trkpt lon="8.818233" lat="50.120616"><ele>104.75</ele></trkpt>
   <trkpt lon="8.818879" lat="50.120666"><ele>104.0</ele></trkpt>
   <trkpt lon="8.819495" lat="50.120715"><ele>104.0</ele></trkpt>
   <trkpt lon="8.819563" lat="50.120753"><ele>104.0</ele></trkpt>
   <trkpt lon="8.819731" lat="50.120793"><ele>104.0</ele></trkpt>
   <trkpt lon="8.819813" lat="50.120836"><ele>104.0</ele></trkpt>
   <trkpt lon="8.820824" lat="50.121263"><ele>104.0</ele></trkpt>
   <trkpt lon="8.822124" lat="50.121789"><ele>104.0</ele></trkpt>
   <trkpt lon="8.822719" lat="50.122030"><ele>104.0</ele></trkpt>
   <trkpt lon="8.823122" lat="50.122173"><ele>104.0</ele></trkpt>
   <trkpt lon="8.823470" lat="50.122266"><ele>103.5</ele></trkpt>
   <trkpt lon="8.823999" lat="50.122408"><ele>102.5</ele></trkpt>
   <trkpt lon="8.824560" lat="50.122557"><ele>103.0</ele></trkpt>
   <trkpt lon="8.824795" lat="50.122497"><ele>103.0</ele></trkpt>
   <trkpt lon="8.824957" lat="50.122537"><ele>102.75</ele></trkpt>
   <trkpt lon="8.824983" lat="50.122402"><ele>103.0</ele></trkpt>
   <trkpt lon="8.825072" lat="50.122212"><ele>103.0</ele></trkpt>
   <trkpt lon="8.825033" lat="50.121924"><ele>104.0</ele></trkpt>
   <trkpt lon="8.825028" lat="50.121899"><ele>104.0</ele></trkpt>
   <trkpt lon="8.827062" lat="50.122457"><ele>102.0</ele></trkpt>
   <trkpt lon="8.827681" lat="50.122623"><ele>102.0</ele></trkpt>
   <trkpt lon="8.829770" lat="50.123191"><ele>101.0</ele></trkpt>
   <trkpt lon="8.829861" lat="50.123211"><ele>101.0</ele></trkpt>
   <trkpt lon="8.830002" lat="50.123240"><ele>101.0</ele></trkpt>
   <trkpt lon="8.831631" lat="50.123582"><ele>101.0</ele></trkpt>
   <trkpt lon="8.832213" lat="50.122475"><ele>101.0</ele></trkpt>
   <trkpt lon="8.832302" lat="50.122399"><ele>101.25</ele></trkpt>
   <trkpt lon="8.832361" lat="50.122363"><ele>101.25</ele></trkpt>
   <trkpt lon="8.832549" lat="50.122285"><ele>101.75</ele></trkpt>
   <trkpt lon="8.832639" lat="50.122256"><ele>101.75</ele></trkpt>
   <trkpt lon="8.832865" lat="50.122208"><ele>101.5</ele></trkpt>
   <trkpt lon="8.833139" lat="50.122239"><ele>101.25</ele></trkpt>
   <trkpt lon="8.834072" lat="50.122343"><ele>102.0</ele></trkpt>
   <trkpt lon="8.835125" lat="50.122465"><ele>102.0</ele></trkpt>
   <trkpt lon="8.835391" lat="50.121519"><ele>103.0</ele></trkpt>
   <trkpt lon="8.836657" lat="50.121669"><ele>104.0</ele></trkpt>
   <trkpt lon="8.837315" lat="50.121745"><ele>104.0</ele></trkpt>
   <trkpt lon="8.837737" lat="50.121561"><ele>104.25</ele></trkpt>
   <trkpt lon="8.838161" lat="50.121376"><ele>105.0</ele></trkpt>
   <trkpt lon="8.838438" lat="50.121639"><ele>104.0</ele></trkpt>
   <trkpt lon="8.838721" lat="50.121912"><ele>104.0</ele></trkpt>
   <trkpt lon="8.839299" lat="50.121981"><ele>104.0</ele></trkpt>
   <trkpt lon="8.840478" lat="50.122124"><ele>104.0</ele></trkpt>
   <trkpt lon="8.841642" lat="50.122260"><ele>104.0</ele></trkpt>
   <trkpt lon="8.842744" lat="50.122389"><ele>105.0</ele></trkpt>
   <trkpt lon="8.842828" lat="50.122399"><ele>105.0</ele></trkpt>
   <trkpt lon="8.842973" lat="50.122416"><ele>105.0</ele></trkpt>
   <trkpt lon="8.844504" lat="50.122593"><ele>104.0</ele></trkpt>
   <trkpt lon="8.844666" lat="50.123119"><ele>103.75</ele></trkpt>
   <trkpt lon="8.845237" lat="50.123009"><ele>104.0</ele></trkpt>
   <trkpt lon="8.845894" lat="50.122878"><ele>104.0</ele></trkpt>
   <trkpt lon="8.846456" lat="50.122776"><ele>105.0</ele></trkpt>
   <trkpt lon="8.846771" lat="50.122728"><ele>105.0</ele></trkpt>
   <trkpt lon="8.847109" lat="50.122686"><ele>105.0</ele></trkpt>
   <trkpt lon="8.847792" lat="50.122634"><ele>105.0</ele></trkpt>
   <trkpt lon="8.848349" lat="50.122610"><ele>105.0</ele></trkpt>
   <trkpt lon="8.848773" lat="50.122609"><ele>105.0</ele></trkpt>
   <trkpt lon="8.849276" lat="50.122622"><ele>104.5</ele></trkpt>
   <trkpt lon="8.849547" lat="50.122632"><ele>104.75</ele></trkpt>
   <trkpt lon="8.849763" lat="50.122650"><ele>104.5</ele></trkpt>
   <trkpt lon="8.849984" lat="50.122676"><ele>104.75</ele></trkpt>
   <trkpt lon="8.850257" lat="50.122706"><ele>104.75</ele></trkpt>
   <trkpt lon="8.850547" lat="50.122731"><ele>105.0</ele></trkpt>
   <trkpt lon="8.850895" lat="50.122755"><ele>105.0</ele></trkpt>
   <trkpt lon="8.851114" lat="50.122762"><ele>105.0</ele></trkpt>
   <trkpt lon="8.851670" lat="50.122755"><ele>105.0</ele></trkpt>
   <trkpt lon="8.851884" lat="50.122750"><ele>105.0</ele></trkpt>
   <trkpt lon="8.852921" lat="50.122733"><ele>105.0</ele></trkpt>
   <trkpt lon="8.855285" lat="50.122684"><ele>106.0</ele></trkpt>
   <trkpt lon="8.856563" lat="50.122665"><ele>106.0</ele></trkpt>
   <trkpt lon="8.856552" lat="50.122392"><ele>106.0</ele></trkpt>
   <trkpt lon="8.857521" lat="50.122379"><ele>105.25</ele></trkpt>
   <trkpt lon="8.857526" lat="50.122014"><ele>106.0</ele></trkpt>
   <trkpt lon="8.857468" lat="50.121688"><ele>106.0</ele></trkpt>
   <trkpt lon="8.857491" lat="50.121541"><ele>106.0</ele></trkpt>
   <trkpt lon="8.858293" lat="50.121469"><ele>106.0</ele></trkpt>
   <trkpt lon="8.858815" lat="50.121417"><ele>106.0</ele></trkpt>
   <trkpt lon="8.859318" lat="50.121366"><ele>106.0</ele></trkpt>
   <trkpt lon="8.859599" lat="50.121966"><ele>106.0</ele></trkpt>
   <trkpt lon="8.860933" lat="50.121315"><ele>105.5</ele></trkpt>
   <trkpt lon="8.861322" lat="50.121121"><ele>105.75</ele></trkpt>
   <trkpt lon="8.861368" lat="50.121103"><ele>106.0</ele></trkpt>
   <trkpt lon="8.861415" lat="50.121093"><ele>105.75</ele></trkpt>
   <trkpt lon="8.861232" lat="50.120944"><ele>106.0</ele></trkpt>
   <trkpt lon="8.861284" lat="50.120948"><ele>106.0</ele></trkpt>
   <trkpt lon="8.861792" lat="50.120979"><ele>105.25</ele></trkpt>
   <trkpt lon="8.861855" lat="50.120970"><ele>105.5</ele></trkpt>
   <trkpt lon="8.861929" lat="50.120649"></trkpt>
   <trkpt lon="8.861958" lat="50.120530"><ele>105.0</ele></trkpt>
   <trkpt lon="8.862351" lat="50.120258"><ele>105.75</ele></trkpt>
   <trkpt lon="8.862405" lat="50.120221"><ele>105.75</ele></trkpt>
   <trkpt lon="8.862479" lat="50.120263"><ele>105.75</ele></trkpt>
   <trkpt lon="8.863930" lat="50.119327"><ele>105.5</ele></trkpt>
   <trkpt lon="8.864027" lat="50.119258"><ele>105.25</ele></trkpt>
   <trkpt lon="8.864206" lat="50.119111"><ele>105.0</ele></trkpt>
   <trkpt lon="8.864869" lat="50.118494"><ele>106.0</ele></trkpt>
   <trkpt lon="8.864919" lat="50.118444"><ele>106.0</ele></trkpt>
   <trkpt lon="8.865371" lat="50.118018"><ele>106.25</ele></trkpt>
   <trkpt lon="8.865480" lat="50.117911"><ele>106.5</ele></trkpt>
   <trkpt lon="8.865383" lat="50.117870"><ele>106.25</ele></trkpt>
   <trkpt lon="8.865357" lat="50.117823"><ele>106.25</ele></trkpt>
   <trkpt lon="8.865392" lat="50.117767"><ele>106.25</ele></trkpt>
   <trkpt lon="8.866283" lat="50.116692"><ele>107.25</ele></trkpt>
   <trkpt lon="8.866574" lat="50.116317"><ele>108.25</ele></trkpt>
   <trkpt lon="8.866622" lat="50.116268"><ele>108.25</ele></trkpt>
   <trkpt lon="8.866741" lat="50.116186"><ele>108.75</ele></trkpt>
   <trkpt lon="8.866915" lat="50.116101"><ele>108.75</ele></trkpt>
   <trkpt lon="8.867582" lat="50.115844"><ele>110.5</ele></trkpt>
   <trkpt lon="8.868238" lat="50.115630"><ele>109.25</ele></trkpt>
   <trkpt lon="8.869096" lat="50.115337"><ele>108.25</ele></trkpt>
   <trkpt lon="8.868971" lat="50.115255"><ele>108.75</ele></trkpt>
   <trkpt lon="8.868852" lat="50.115082"><ele>109.0</ele></trkpt>
   <trkpt lon="8.868839" lat="50.114900"><ele>109.5</ele></trkpt>
   <trkpt lon="8.868884" lat="50.114755"><ele>110.5</ele></trkpt>
   <trkpt lon="8.868969" lat="50.114694"><ele>112.0</ele></trkpt>
   <trkpt lon="8.869179" lat="50.114479"><ele>114.25</ele></trkpt>
   <trkpt lon="8.869232" lat="50.114352"><ele>114.75</ele></trkpt>
   <trkpt lon="8.869374" lat="50.114227"><ele>115.75</ele></trkpt>
   <trkpt lon="8.869298" lat="50.114115"><ele>115.25</ele></trkpt>
   <trkpt lon="8.869349" lat="50.113916"><ele>115.5</ele></trkpt>
   <trkpt lon="8.869379" lat="50.113853"><ele>115.5</ele></trkpt>
   <trkpt lon="8.869448" lat="50.113758"><ele>115.5</ele></trkpt>
   <trkpt lon="8.869600" lat="50.113631"><ele>115.0</ele></trkpt>
   <trkpt lon="8.870024" lat="50.113382"><ele>115.0</ele></trkpt>
   <trkpt lon="8.870675" lat="50.113054"><ele>116.0</ele></trkpt>
   <trkpt lon="8.870965" lat="50.112918"><ele>116.0</ele></trkpt>
   <trkpt lon="8.872093" lat="50.112198"><ele>117.0</ele></trkpt>
   <trkpt lon="8.872308" lat="50.112103"><ele>117.25</ele></trkpt>
   <trkpt lon="8.872482" lat="50.112009"><ele>117.75</ele></trkpt>
   <trkpt lon="8.872595" lat="50.111961"><ele>117.75</ele></trkpt>
   <trkpt lon="8.872658" lat="50.111915"><ele>118.0</ele></trkpt>
   <trkpt lon="8.872963" lat="50.111554"><ele>118.5</ele></trkpt>
   <trkpt lon="8.873329" lat="50.111151"><ele>119.0</ele></trkpt>
   <trkpt lon="8.873503" lat="50.110898"><ele>119.5</ele></trkpt>
   <trkpt lon="8.873632" lat="50.110622"><ele>120.0</ele></trkpt>
   <trkpt lon="8.873746" lat="50.110403"><ele>120.25</ele></trkpt>
   <trkpt lon="8.873955" lat="50.110107"><ele>121.25</ele></trkpt>
   <trkpt lon="8.874256" lat="50.109693"><ele>121.0</ele></trkpt>
   <trkpt lon="8.874361" lat="50.109556"><ele>121.0</ele></trkpt>
   <trkpt lon="8.874595" lat="50.109331"><ele>121.0</ele></trkpt>
   <trkpt lon="8.874880" lat="50.109017"><ele>121.25</ele></trkpt>
   <trkpt lon="8.875352" lat="50.108497"><ele>122.25</ele></trkpt>
   <trkpt lon="8.875943" lat="50.107793"><ele>126.75</ele></trkpt>
   <trkpt lon="8.876138" lat="50.107603"><ele>127.0</ele></trkpt>
   <trkpt lon="8.876421" lat="50.107304"><ele>128.0</ele></trkpt>
   <trkpt lon="8.876616" lat="50.107155"><ele>128.0</ele></trkpt>
   <trkpt lon="8.876639" lat="50.107136"><ele>128.0</ele></trkpt>
   <trkpt lon="8.876809" lat="50.106824"><ele>128.0</ele></trkpt>
   <trkpt lon="8.876979" lat="50.106486"><ele>127.25</ele></trkpt>
   <trkpt lon="8.877173" lat="50.106138"><ele>126.0</ele></trkpt>
   <trkpt lon="8.877640" lat="50.105249"><ele>126.0</ele></trkpt>
   <trkpt lon="8.877640" lat="50.105229"><ele>126.0</ele></trkpt>
   <trkpt lon="8.877639" lat="50.105104"><ele>126.25</ele></trkpt>
   <trkpt lon="8.877497" lat="50.104715"><ele>127.0</ele></trkpt>
   <trkpt lon="8.877444" lat="50.104327"><ele>126.5</ele></trkpt>
   <trkpt lon="8.877399" lat="50.103682"><ele>125.75</ele></trkpt>
   <trkpt lon="8.877495" lat="50.103333"><ele>125.75</ele></trkpt>
   <trkpt lon="8.877657" lat="50.102743"><ele>126.75</ele></trkpt>
   <trkpt lon="8.877822" lat="50.102030"><ele>125.25</ele></trkpt>
   <trkpt lon="8.878035" lat="50.101340"><ele>121.75</ele></trkpt>
   <trkpt lon="8.878018" lat="50.101111"><ele>121.0</ele></trkpt>
   <trkpt lon="8.877618" lat="50.100449"><ele>121.0</ele></trkpt>
   <trkpt lon="8.876277" lat="50.100132"><ele>120.5</ele></trkpt>
   <trkpt lon="8.875461" lat="50.100046"><ele>119.5</ele></trkpt>
   <trkpt lon="8.874803" lat="50.099979"><ele>119.0</ele></trkpt>
   <trkpt lon="8.874846" lat="50.099914"><ele>119.0</ele></trkpt>
   <trkpt lon="8.874940" lat="50.099781"><ele>119.0</ele></trkpt>
   <trkpt lon="8.874966" lat="50.099328"><ele>118.5</ele></trkpt>
   <trkpt lon="8.874965" lat="50.098760"><ele>117.5</ele></trkpt>
   <trkpt lon="8.875063" lat="50.098109"><ele>116.75</ele></trkpt>
   <trkpt lon="8.875198" lat="50.097294"><ele>115.0</ele></trkpt>
   <trkpt lon="8.874938" lat="50.096664"><ele>114.0</ele></trkpt>
   <trkpt lon="8.874826" lat="50.096441"><ele>114.0</ele></trkpt>
   <trkpt lon="8.874483" lat="50.095919"><ele>114.0</ele></trkpt>
   <trkpt lon="8.873964" lat="50.095012"><ele>113.0</ele></trkpt>
   <trkpt lon="8.873517" lat="50.094181"><ele>112.0</ele></trkpt>
   <trkpt lon="8.873279" lat="50.093561"><ele>113.0</ele></trkpt>
   <trkpt lon="8.873027" lat="50.092766"><ele>115.0</ele></trkpt>
   <trkpt lon="8.872933" lat="50.092672"><ele>115.0</ele></trkpt>
   <trkpt lon="8.872289" lat="50.092531"><ele>115.0</ele></trkpt>
   <trkpt lon="8.872333" lat="50.092310"><ele>115.25</ele></trkpt>
   <trkpt lon="8.872347" lat="50.092239"><ele>115.25</ele></trkpt>
   <trkpt lon="8.872191" lat="50.091096"><ele>115.0</ele></trkpt>
   <trkpt lon="8.872071" lat="50.090355"><ele>114.0</ele></trkpt>
   <trkpt lon="8.871972" lat="50.089880"><ele>114.0</ele></trkpt>
   <trkpt lon="8.871830" lat="50.089390"><ele>113.5</ele></trkpt>
   <trkpt lon="8.871654" lat="50.088716"><ele>114.0</ele></trkpt>
   <trkpt lon="8.871689" lat="50.088500"><ele>113.75</ele></trkpt>
   <trkpt lon="8.871664" lat="50.088382"><ele>114.0</ele></trkpt>
   <trkpt lon="8.871681" lat="50.088258"><ele>113.75</ele></trkpt>
   <trkpt lon="8.871729" lat="50.088153"><ele>113.75</ele></trkpt>
   <trkpt lon="8.871729" lat="50.088026"><ele>113.5</ele></trkpt>
   <trkpt lon="8.871765" lat="50.087805"><ele>113.0</ele></trkpt>
   <trkpt lon="8.871718" lat="50.087565"><ele>112.75</ele></trkpt>
   <trkpt lon="8.871597" lat="50.087336"><ele>112.5</ele></trkpt>
   <trkpt lon="8.871485" lat="50.087218"><ele>112.5</ele></trkpt>
   <trkpt lon="8.871357" lat="50.087116"><ele>112.5</ele></trkpt>
   <trkpt lon="8.871305" lat="50.087036"><ele>112.25</ele></trkpt>
   <trkpt lon="8.871157" lat="50.086930"><ele>111.75</ele></trkpt>
   <trkpt lon="8.871030" lat="50.086861"><ele>111.75</ele></trkpt>
   <trkpt lon="8.871051" lat="50.086676"><ele>111.0</ele></trkpt>
   <trkpt lon="8.871040" lat="50.086408"><ele>110.0</ele></trkpt>
   <trkpt lon="8.871038" lat="50.086135"><ele>110.0</ele></trkpt>
   <trkpt lon="8.871057" lat="50.086031"><ele>110.25</ele></trkpt>
   <trkpt lon="8.870301" lat="50.085854"><ele>110.0</ele></trkpt>
   <trkpt lon="8.870076" lat="50.085794"><ele>110.0</ele></trkpt>
   <trkpt lon="8.869804" lat="50.085702"><ele>110.0</ele></trkpt>
   <trkpt lon="8.869370" lat="50.085463"><ele>110.0</ele></trkpt>
   <trkpt lon="8.868481" lat="50.084985"><ele>109.75</ele></trkpt>
   <trkpt lon="8.868308" lat="50.084902"><ele>109.5</ele></trkpt>
   <trkpt lon="8.868950" lat="50.084464"><ele>110.0</ele></trkpt>
   <trkpt lon="8.869236" lat="50.084254"><ele>110.0</ele></trkpt>
   <trkpt lon="8.869518" lat="50.084021"><ele>110.0</ele></trkpt>
   <trkpt lon="8.869536" lat="50.083984"><ele>110.0</ele></trkpt>
   <trkpt lon="8.869166" lat="50.083882"><ele>110.0</ele></trkpt>
   <trkpt lon="8.868978" lat="50.083829"><ele>110.0</ele></trkpt>
   <trkpt lon="8.868878" lat="50.083802"><ele>110.0</ele></trkpt>
   <trkpt lon="8.868243" lat="50.083619"><ele>109.0</ele></trkpt>
   <trkpt lon="8.867745" lat="50.083457"><ele>110.0</ele></trkpt>
   <trkpt lon="8.866986" lat="50.083150"><ele>110.75</ele></trkpt>
   <trkpt lon="8.866990" lat="50.083077"><ele>110.75</ele></trkpt>
   <trkpt lon="8.867006" lat="50.083038"><ele>111.0</ele></trkpt>
   <trkpt lon="8.867339" lat="50.082346"><ele>111.0</ele></trkpt>
   <trkpt lon="8.867491" lat="50.082053"><ele>111.0</ele></trkpt>
   <trkpt lon="8.867811" lat="50.081438"><ele>111.0</ele></trkpt>
   <trkpt lon="8.867838" lat="50.081386"><ele>111.0</ele></trkpt>
   <trkpt lon="8.867884" lat="50.081292"><ele>111.0</ele></trkpt>
   <trkpt lon="8.867895" lat="50.081251"><ele>111.0</ele></trkpt>
   <trkpt lon="8.867947" lat="50.080929"><ele>111.0</ele></trkpt>
   <trkpt lon="8.867945" lat="50.080884"><ele>111.0</ele></trkpt>
   <trkpt lon="8.867846" lat="50.080653"><ele>111.0</ele></trkpt>
   <trkpt lon="8.867826" lat="50.080586"><ele>111.0</ele></trkpt>
   <trkpt lon="8.867786" lat="50.080497"><ele>111.0</ele></trkpt>
   <trkpt lon="8.867738" lat="50.080339"><ele>111.0</ele></trkpt>
   <trkpt lon="8.867717" lat="50.080238"><ele>111.0</ele></trkpt>
   <trkpt lon="8.867703" lat="50.079935"><ele>111.75</ele></trkpt>
   <trkpt lon="8.867711" lat="50.079812"><ele>111.25</ele></trkpt>
   <trkpt lon="8.867724" lat="50.079758"><ele>111.25</ele></trkpt>
   <trkpt lon="8.867795" lat="50.079650"><ele>111.0</ele></trkpt>
   <trkpt lon="8.867906" lat="50.079534"><ele>111.0</ele></trkpt>
   <trkpt lon="8.868090" lat="50.079381"><ele>111.0</ele></trkpt>
   <trkpt lon="8.868130" lat="50.079330"><ele>111.0</ele></trkpt>
   <trkpt lon="8.868146" lat="50.079289"><ele>111.0</ele></trkpt>
   <trkpt lon="8.868211" lat="50.077836"><ele>111.0</ele></trkpt>
   <trkpt lon="8.868164" lat="50.077558"><ele>111.0</ele></trkpt>
   <trkpt lon="8.868155" lat="50.077459"><ele>111.0</ele></trkpt>
   <trkpt lon="8.868147" lat="50.076278"><ele>112.0</ele></trkpt>
   <trkpt lon="8.868146" lat="50.076078"><ele>112.0</ele></trkpt>
   <trkpt lon="8.868131" lat="50.075979"><ele>112.0</ele></trkpt>
   <trkpt lon="8.868039" lat="50.075792"><ele>112.0</ele></trkpt>
   <trkpt lon="8.867983" lat="50.075712"><ele>112.0</ele></trkpt>
   <trkpt lon="8.867852" lat="50.075584"><ele>112.0</ele></trkpt>
   <trkpt lon="8.867539" lat="50.075375"><ele>112.25</ele></trkpt>
   <trkpt lon="8.867262" lat="50.075192"><ele>112.0</ele></trkpt>
   <trkpt lon="8.867080" lat="50.075064"><ele>112.5</ele></trkpt>
   <trkpt lon="8.866948" lat="50.074962"><ele>112.75</ele></trkpt>
   <trkpt lon="8.866740" lat="50.074799"><ele>113.0</ele></trkpt>
   <trkpt lon="8.866658" lat="50.074731"><ele>113.0</ele></trkpt>
   <trkpt lon="8.866448" lat="50.074554"><ele>113.0</ele></trkpt>
   <trkpt lon="8.866243" lat="50.074375"><ele>113.0</ele></trkpt>
   <trkpt lon="8.866115" lat="50.074273"><ele>113.0</ele></trkpt>
   <trkpt lon="8.865858" lat="50.074103"><ele>113.0</ele></trkpt>
   <trkpt lon="8.866063" lat="50.073990"><ele>113.0</ele></trkpt>
   <trkpt lon="8.866131" lat="50.073960"><ele>113.0</ele></trkpt>
   <trkpt lon="8.866109" lat="50.073906"><ele>113.0</ele></trkpt>
   <trkpt lon="8.866082" lat="50.073772"><ele>113.25</ele></trkpt>
   <trkpt lon="8.866050" lat="50.073437"><ele>114.0</ele></trkpt>
   <trkpt lon="8.866070" lat="50.073222"><ele>114.0</ele></trkpt>
   <trkpt lon="8.866169" lat="50.072727"><ele>113.0</ele></trkpt>
   <trkpt lon="8.866176" lat="50.072638"><ele>113.0</ele></trkpt>
   <trkpt lon="8.866152" lat="50.072570"><ele>113.0</ele></trkpt>
   <trkpt lon="8.866097" lat="50.072513"><ele>113.0</ele></trkpt>
   <trkpt lon="8.865978" lat="50.072421"><ele>113.5</ele></trkpt>
   <trkpt lon="8.866359" lat="50.072243"><ele>113.75</ele></trkpt>
   <trkpt lon="8.866457" lat="50.072203"><ele>114.0</ele></trkpt>
   <trkpt lon="8.866647" lat="50.072137"><ele>114.25</ele></trkpt>
   <trkpt lon="8.866886" lat="50.072080"><ele>114.75</ele></trkpt>
   <trkpt lon="8.867630" lat="50.071978"><ele>114.75</ele></trkpt>
   <trkpt lon="8.867907" lat="50.071943"><ele>115.0</ele></trkpt>
   <trkpt lon="8.868824" lat="50.071854"><ele>114.0</ele></trkpt>
   <trkpt lon="8.868831" lat="50.071810"><ele>114.0</ele></trkpt>
   <trkpt lon="8.868938" lat="50.071790"><ele>113.75</ele></trkpt>
   <trkpt lon="8.869210" lat="50.071626"><ele>114.0</ele></trkpt>
   <trkpt lon="8.869395" lat="50.071503"><ele>114.0</ele></trkpt>
   <trkpt lon="8.869510" lat="50.071476"><ele>113.75</ele></trkpt>
   <trkpt lon="8.870259" lat="50.071436"><ele>113.5</ele></trkpt>
   <trkpt lon="8.870374" lat="50.071420"><ele>113.75</ele></trkpt>
   <trkpt lon="8.870474" lat="50.071394"><ele>113.75</ele></trkpt>
   <trkpt lon="8.871122" lat="50.071193"><ele>113.5</ele></trkpt>
   <trkpt lon="8.871190" lat="50.071178"><ele>113.75</ele></trkpt>
   <trkpt lon="8.871304" lat="50.071184"><ele>113.5</ele></trkpt>
   <trkpt lon="8.871310" lat="50.070987"><ele>114.75</ele></trkpt>
   <trkpt lon="8.871580" lat="50.070961"><ele>115.0</ele></trkpt>
   <trkpt lon="8.871710" lat="50.070967"><ele>115.0</ele></trkpt>
   <trkpt lon="8.871694" lat="50.070880"><ele>115.5</ele></trkpt>
   <trkpt lon="8.871676" lat="50.070803"><ele>116.0</ele></trkpt>
   <trkpt lon="8.871610" lat="50.070774"><ele>116.0</ele></trkpt>
   <trkpt lon="8.871570" lat="50.070744"><ele>116.0</ele></trkpt>
   <trkpt lon="8.871566" lat="50.070715"><ele>116.0</ele></trkpt>
   <trkpt lon="8.871615" lat="50.070612"><ele>116.5</ele></trkpt>
   <trkpt lon="8.871617" lat="50.070546"><ele>116.5</ele></trkpt>
   <trkpt lon="8.871573" lat="50.070417"><ele>117.0</ele></trkpt>
   <trkpt lon="8.871189" lat="50.069756"><ele>117.75</ele></trkpt>
   <trkpt lon="8.870918" lat="50.069365"><ele>117.75</ele></trkpt>
   <trkpt lon="8.870519" lat="50.068844"><ele>120.25</ele></trkpt>
   <trkpt lon="8.870177" lat="50.068444"><ele>118.75</ele></trkpt>
   <trkpt lon="8.870076" lat="50.068361"><ele>118.75</ele></trkpt>
   <trkpt lon="8.870032" lat="50.068340"><ele>118.75</ele></trkpt>
   <trkpt lon="8.869986" lat="50.068308"><ele>118.75</ele></trkpt>
   <trkpt lon="8.869976" lat="50.068281"><ele>118.75</ele></trkpt>
   <trkpt lon="8.869974" lat="50.068195"><ele>118.75</ele></trkpt>
   <trkpt lon="8.869977" lat="50.068174"><ele>118.75</ele></trkpt>
   <trkpt lon="8.869965" lat="50.068153"><ele>118.75</ele></trkpt>
   <trkpt lon="8.870082" lat="50.068117"><ele>118.75</ele></trkpt>
   <trkpt lon="8.870493" lat="50.067989"><ele>117.0</ele></trkpt>
   <trkpt lon="8.870433" lat="50.067918"><ele>117.25</ele></trkpt>
   <trkpt lon="8.870327" lat="50.067792"><ele>117.75</ele></trkpt>
   <trkpt lon="8.870240" lat="50.067724"><ele>118.0</ele></trkpt>
   <trkpt lon="8.870072" lat="50.067622"><ele>117.75</ele></trkpt>
   <trkpt lon="8.870012" lat="50.067587"><ele>118.0</ele></trkpt>
   <trkpt lon="8.869957" lat="50.067533"><ele>118.0</ele></trkpt>
   <trkpt lon="8.869567" lat="50.067105"><ele>118.25</ele></trkpt>
   <trkpt lon="8.869159" lat="50.066780"><ele>118.25</ele></trkpt>
   <trkpt lon="8.868331" lat="50.066224"><ele>119.0</ele></trkpt>
   <trkpt lon="8.868387" lat="50.066079"><ele>119.0</ele></trkpt>
   <trkpt lon="8.868524" lat="50.065660"><ele>119.0</ele></trkpt>
   <trkpt lon="8.868600" lat="50.065560"><ele>118.75</ele></trkpt>
   <trkpt lon="8.868851" lat="50.065511"><ele>118.75</ele></trkpt>
   <trkpt lon="8.868932" lat="50.065490"><ele>118.75</ele></trkpt>
   <trkpt lon="8.869231" lat="50.065174"><ele>118.75</ele></trkpt>
   <trkpt lon="8.869524" lat="50.064988"><ele>118.5</ele></trkpt>
   <trkpt lon="8.870036" lat="50.064689"><ele>118.0</ele></trkpt>
   <trkpt lon="8.872867" lat="50.065791"><ele>118.0</ele></trkpt>
   <trkpt lon="8.873270" lat="50.064145"><ele>118.0</ele></trkpt>
   <trkpt lon="8.873499" lat="50.063163"><ele>118.0</ele></trkpt>
   <trkpt lon="8.873673" lat="50.062471"><ele>118.75</ele></trkpt>
   <trkpt lon="8.874367" lat="50.061489"><ele>119.0</ele></trkpt>
   <trkpt lon="8.875340" lat="50.060064"><ele>121.75</ele></trkpt>
   <trkpt lon="8.875418" lat="50.059963"><ele>122.25</ele></trkpt>
   <trkpt lon="8.875649" lat="50.059585"><ele>122.5</ele></trkpt>
   <trkpt lon="8.875764" lat="50.059376"><ele>120.5</ele></trkpt>
   <trkpt lon="8.875998" lat="50.058990"><ele>120.25</ele></trkpt>
   <trkpt lon="8.876115" lat="50.058796"><ele>120.75</ele></trkpt>
   <trkpt lon="8.876844" lat="50.057564"><ele>120.0</ele></trkpt>
   <trkpt lon="8.877182" lat="50.057071"><ele>120.5</ele></trkpt>
   <trkpt lon="8.877188" lat="50.057059"><ele>120.5</ele></trkpt>
   <trkpt lon="8.877259" lat="50.056903"><ele>120.5</ele></trkpt>
   <trkpt lon="8.877308" lat="50.056784"><ele>120.25</ele></trkpt>
   <trkpt lon="8.877402" lat="50.056695"><ele>120.0</ele></trkpt>
   <trkpt lon="8.877544" lat="50.056605"><ele>120.0</ele></trkpt>
   <trkpt lon="8.877644" lat="50.056523"><ele>120.0</ele></trkpt>
   <trkpt lon="8.878794" lat="50.055130"><ele>119.0</ele></trkpt>
   <trkpt lon="8.878836" lat="50.055073"><ele>119.0</ele></trkpt>
   <trkpt lon="8.879137" lat="50.054525"><ele>119.0</ele></trkpt>
   <trkpt lon="8.879475" lat="50.053837"><ele>119.0</ele></trkpt>
   <trkpt lon="8.879575" lat="50.053644"><ele>119.0</ele></trkpt>
   <trkpt lon="8.879612" lat="50.053589"><ele>119.0</ele></trkpt>
   <trkpt lon="8.879659" lat="50.053546"><ele>119.0</ele></trkpt>
   <trkpt lon="8.879704" lat="50.053517"><ele>119.0</ele></trkpt>
   <trkpt lon="8.880505" lat="50.053093"><ele>118.75</ele></trkpt>
   <trkpt lon="8.880575" lat="50.053055"><ele>118.75</ele></trkpt>
   <trkpt lon="8.880650" lat="50.053027"><ele>118.5</ele></trkpt>
   <trkpt lon="8.880551" lat="50.052694"><ele>118.0</ele></trkpt>
   <trkpt lon="8.880318" lat="50.052640"><ele>118.75</ele></trkpt>
   <trkpt lon="8.880324" lat="50.052567"><ele>118.75</ele></trkpt>
   <trkpt lon="8.880313" lat="50.052502"><ele>118.75</ele></trkpt>
   <trkpt lon="8.879980" lat="50.051114"><ele>119.0</ele></trkpt>
   <trkpt lon="8.879980" lat="50.050986"><ele>119.0</ele></trkpt>
   <trkpt lon="8.879969" lat="50.050884"><ele>119.0</ele></trkpt>
   <trkpt lon="8.879892" lat="50.050461"><ele>119.0</ele></trkpt>
   <trkpt lon="8.879850" lat="50.050214"><ele>119.0</ele></trkpt>
   <trkpt lon="8.879805" lat="50.050056"><ele>118.75</ele></trkpt>
   <trkpt lon="8.879652" lat="50.049676"><ele>119.0</ele></trkpt>
   <trkpt lon="8.879611" lat="50.049458"><ele>119.0</ele></trkpt>
   <trkpt lon="8.879379" lat="50.048625"><ele>119.0</ele></trkpt>
   <trkpt lon="8.879193" lat="50.047834"><ele>119.0</ele></trkpt>
   <trkpt lon="8.879110" lat="50.047364"><ele>119.5</ele></trkpt>
   <trkpt lon="8.879045" lat="50.047134"><ele>119.5</ele></trkpt>
   <trkpt lon="8.878868" lat="50.047148"><ele>119.75</ele></trkpt>
   <trkpt lon="8.877425" lat="50.047335"><ele>121.0</ele></trkpt>
   <trkpt lon="8.877321" lat="50.047323"><ele>121.0</ele></trkpt>
   <trkpt lon="8.877239" lat="50.047288"><ele>121.0</ele></trkpt>
   <trkpt lon="8.876715" lat="50.045471"><ele>121.0</ele></trkpt>
   <trkpt lon="8.876623" lat="50.045192"><ele>121.0</ele></trkpt>
   <trkpt lon="8.876586" lat="50.045051"><ele>121.0</ele></trkpt>
   <trkpt lon="8.876478" lat="50.044670"><ele>120.75</ele></trkpt>
   <trkpt lon="8.876233" lat="50.043801"><ele>121.0</ele></trkpt>
   <trkpt lon="8.876112" lat="50.043368"><ele>121.75</ele></trkpt>
   <trkpt lon="8.875991" lat="50.042979"><ele>121.25</ele></trkpt>
   <trkpt lon="8.876018" lat="50.042897"><ele>121.25</ele></trkpt>
   <trkpt lon="8.875936" lat="50.042804"><ele>121.5</ele></trkpt>
   <trkpt lon="8.875809" lat="50.042334"><ele>122.0</ele></trkpt>
   <trkpt lon="8.875719" lat="50.041893"><ele>121.5</ele></trkpt>
   <trkpt lon="8.875663" lat="50.041530"><ele>122.0</ele></trkpt>
   <trkpt lon="8.875638" lat="50.041363"><ele>122.0</ele></trkpt>
   <trkpt lon="8.875622" lat="50.041150"><ele>122.0</ele></trkpt>
   <trkpt lon="8.875620" lat="50.040967"><ele>121.25</ele></trkpt>
   <trkpt lon="8.875625" lat="50.040944"><ele>121.0</ele></trkpt>
   <trkpt lon="8.875643" lat="50.040924"><ele>121.25</ele></trkpt>
   <trkpt lon="8.875705" lat="50.040902"><ele>121.5</ele></trkpt>
   <trkpt lon="8.875772" lat="50.040891"><ele>122.25</ele></trkpt>
   <trkpt lon="8.875705" lat="50.040859"><ele>121.5</ele></trkpt>
   <trkpt lon="8.875687" lat="50.040840"><ele>121.25</ele></trkpt>
   <trkpt lon="8.875685" lat="50.040820"><ele>121.25</ele></trkpt>
   <trkpt lon="8.875787" lat="50.040162"><ele>123.0</ele></trkpt>
   <trkpt lon="8.875800" lat="50.040075"><ele>123.0</ele></trkpt>
   <trkpt lon="8.875823" lat="50.039936"><ele>123.0</ele></trkpt>
   <trkpt lon="8.875812" lat="50.039900"><ele>123.0</ele></trkpt>
   <trkpt lon="8.875817" lat="50.039856"><ele>123.0</ele></trkpt>
   <trkpt lon="8.875858" lat="50.039639"><ele>123.0</ele></trkpt>
   <trkpt lon="8.876004" lat="50.039011"><ele>123.0</ele></trkpt>
   <trkpt lon="8.876154" lat="50.038423"><ele>122.5</ele></trkpt>
   <trkpt lon="8.876241" lat="50.038150"><ele>123.0</ele></trkpt>
   <trkpt lon="8.876230" lat="50.038015"><ele>122.25</ele></trkpt>
   <trkpt lon="8.876257" lat="50.037871"><ele>120.25</ele></trkpt>
   <trkpt lon="8.876280" lat="50.037763"><ele>119.25</ele></trkpt>
   <trkpt lon="8.876316" lat="50.037598"><ele>121.75</ele></trkpt>
   <trkpt lon="8.876315" lat="50.037557"><ele>122.25</ele></trkpt>
   <trkpt lon="8.876326" lat="50.037344"><ele>123.0</ele></trkpt>
   <trkpt lon="8.876428" lat="50.037003"><ele>123.75</ele></trkpt>
   <trkpt lon="8.876494" lat="50.036730"><ele>124.0</ele></trkpt>
   <trkpt lon="8.876507" lat="50.036632"><ele>123.75</ele></trkpt>
   <trkpt lon="8.876510" lat="50.036504"><ele>123.5</ele></trkpt>
   <trkpt lon="8.876704" lat="50.035669"><ele>123.75</ele></trkpt>
   <trkpt lon="8.876924" lat="50.034773"><ele>123.75</ele></trkpt>
   <trkpt lon="8.877020" lat="50.034393"><ele>123.75</ele></trkpt>
   <trkpt lon="8.877098" lat="50.034086"><ele>124.0</ele></trkpt>
   <trkpt lon="8.877342" lat="50.033121"><ele>124.0</ele></trkpt>
   <trkpt lon="8.877590" lat="50.032008"><ele>124.5</ele></trkpt>
   <trkpt lon="8.877837" lat="50.030951"><ele>123.75</ele></trkpt>
   <trkpt lon="8.877859" lat="50.030856"><ele>123.5</ele></trkpt>
   <trkpt lon="8.878273" lat="50.029151"><ele>124.0</ele></trkpt>
   <trkpt lon="8.878403" lat="50.028568"><ele>124.5</ele></trkpt>
   <trkpt lon="8.878444" lat="50.028411"><ele>124.5</ele></trkpt>
   <trkpt lon="8.878490" lat="50.028297"><ele>124.25</ele></trkpt>
   <trkpt lon="8.878531" lat="50.028203"><ele>124.0</ele></trkpt>
   <trkpt lon="8.878572" lat="50.028048"><ele>124.5</ele></trkpt>
   <trkpt lon="8.878591" lat="50.027930"><ele>124.75</ele></trkpt>
   <trkpt lon="8.878662" lat="50.027494"><ele>124.75</ele></trkpt>
   <trkpt lon="8.878758" lat="50.027063"><ele>123.0</ele></trkpt>
   <trkpt lon="8.878810" lat="50.027010"><ele>122.5</ele></trkpt>
   <trkpt lon="8.878867" lat="50.026963"><ele>122.0</ele></trkpt>
   <trkpt lon="8.878965" lat="50.026884"><ele>123.25</ele></trkpt>
   <trkpt lon="8.879182" lat="50.026260"><ele>125.25</ele></trkpt>
   <trkpt lon="8.879194" lat="50.026222"><ele>125.5</ele></trkpt>
   <trkpt lon="8.879222" lat="50.026126"><ele>125.75</ele></trkpt>
   <trkpt lon="8.879247" lat="50.026027"><ele>125.25</ele></trkpt>
   <trkpt lon="8.879369" lat="50.025937"><ele>125.0</ele></trkpt>
   <trkpt lon="8.879448" lat="50.025872"><ele>125.0</ele></trkpt>
   <trkpt lon="8.879487" lat="50.025663"><ele>125.0</ele></trkpt>
   <trkpt lon="8.879542" lat="50.025316"><ele>125.0</ele></trkpt>
   <trkpt lon="8.879497" lat="50.025218"><ele>125.0</ele></trkpt>
   <trkpt lon="8.879497" lat="50.025127"><ele>125.0</ele></trkpt>
   <trkpt lon="8.879498" lat="50.025045"><ele>125.0</ele></trkpt>
   <trkpt lon="8.879492" lat="50.024874"><ele>125.0</ele></trkpt>
   <trkpt lon="8.879473" lat="50.024688"><ele>124.75</ele></trkpt>
   <trkpt lon="8.879457" lat="50.024556"><ele>125.0</ele></trkpt>
   <trkpt lon="8.879465" lat="50.024457"><ele>125.0</ele></trkpt>
   <trkpt lon="8.879535" lat="50.024269"><ele>125.0</ele></trkpt>
   <trkpt lon="8.879622" lat="50.024123"><ele>125.0</ele></trkpt>
   <trkpt lon="8.879697" lat="50.024035"><ele>125.0</ele></trkpt>
   <trkpt lon="8.879923" lat="50.023801"><ele>125.0</ele></trkpt>
   <trkpt lon="8.879971" lat="50.023760"><ele>125.0</ele></trkpt>
   <trkpt lon="8.880082" lat="50.023686"><ele>125.0</ele></trkpt>
   <trkpt lon="8.880156" lat="50.023652"><ele>125.0</ele></trkpt>
   <trkpt lon="8.880247" lat="50.023622"><ele>125.0</ele></trkpt>
   <trkpt lon="8.880115" lat="50.023504"><ele>125.0</ele></trkpt>
   <trkpt lon="8.880078" lat="50.023454"><ele>125.0</ele></trkpt>
   <trkpt lon="8.880071" lat="50.023422"><ele>125.0</ele></trkpt>
   <trkpt lon="8.880091" lat="50.023308"><ele>124.75</ele></trkpt>
   <trkpt lon="8.880122" lat="50.023195"><ele>124.5</ele></trkpt>
   <trkpt lon="8.880121" lat="50.023167"><ele>124.25</ele></trkpt>
   <trkpt lon="8.880107" lat="50.023135"><ele>124.25</ele></trkpt>
   <trkpt lon="8.880069" lat="50.023100"><ele>124.0</ele></trkpt>
   <trkpt lon="8.879913" lat="50.022936"><ele>124.0</ele></trkpt>
   <trkpt lon="8.879787" lat="50.022798"><ele>124.0</ele></trkpt>
   <trkpt lon="8.879570" lat="50.022597"><ele>124.0</ele></trkpt>
   <trkpt lon="8.879357" lat="50.022452"><ele>123.0</ele></trkpt>
   <trkpt lon="8.878919" lat="50.022174"><ele>125.75</ele></trkpt>
   <trkpt lon="8.878596" lat="50.021973"><ele>125.0</ele></trkpt>
   <trkpt lon="8.878458" lat="50.021890"><ele>125.5</ele></trkpt>
   <trkpt lon="8.878450" lat="50.021824"><ele>125.75</ele></trkpt>
   <trkpt lon="8.878272" lat="50.021715"><ele>126.0</ele></trkpt>
   <trkpt lon="8.877697" lat="50.021360"><ele>126.25</ele></trkpt>
   <trkpt lon="8.877571" lat="50.021285"><ele>126.25</ele></trkpt>
   <trkpt lon="8.877374" lat="50.021191"><ele>126.0</ele></trkpt>
   <trkpt lon="8.877185" lat="50.021111"><ele>126.0</ele></trkpt>
   <trkpt lon="8.876389" lat="50.020765"><ele>126.0</ele></trkpt>
   <trkpt lon="8.876236" lat="50.020683"><ele>126.5</ele></trkpt>
   <trkpt lon="8.875969" lat="50.020515"><ele>127.0</ele></trkpt>
   <trkpt lon="8.875679" lat="50.020332"><ele>127.0</ele></trkpt>
   <trkpt lon="8.875307" lat="50.020098"><ele>127.0</ele></trkpt>
   <trkpt lon="8.874992" lat="50.019909"><ele>127.0</ele></trkpt>
   <trkpt lon="8.874932" lat="50.019851"><ele>127.0</ele></trkpt>
   <trkpt lon="8.874874" lat="50.019808"><ele>127.0</ele></trkpt>
   <trkpt lon="8.874772" lat="50.019739"><ele>127.0</ele></trkpt>
   <trkpt lon="8.874445" lat="50.019533"><ele>127.0</ele></trkpt>
   <trkpt lon="8.874264" lat="50.019414"><ele>127.0</ele></trkpt>
   <trkpt lon="8.874168" lat="50.019363"><ele>126.75</ele></trkpt>
   <trkpt lon="8.874031" lat="50.019315"><ele>127.0</ele></trkpt>
   <trkpt lon="8.873997" lat="50.019302"><ele>127.0</ele></trkpt>
   <trkpt lon="8.873865" lat="50.019279"><ele>127.0</ele></trkpt>
   <trkpt lon="8.873690" lat="50.019264"><ele>127.0</ele></trkpt>
   <trkpt lon="8.873519" lat="50.019271"><ele>127.0</ele></trkpt>
   <trkpt lon="8.873376" lat="50.019293"><ele>127.0</ele></trkpt>
   <trkpt lon="8.873217" lat="50.019338"><ele>126.5</ele></trkpt>
   <trkpt lon="8.873114" lat="50.019383"><ele>126.25</ele></trkpt>
   <trkpt lon="8.872963" lat="50.019464"><ele>125.75</ele></trkpt>
   <trkpt lon="8.872272" lat="50.019842"><ele>125.5</ele></trkpt>
   <trkpt lon="8.872094" lat="50.019933"><ele>125.75</ele></trkpt>
   <trkpt lon="8.872115" lat="50.019961"><ele>125.75</ele></trkpt>
   <trkpt lon="8.872119" lat="50.019992"><ele>125.75</ele></trkpt>
   <trkpt lon="8.872105" lat="50.020021"><ele>125.75</ele></trkpt>
   <trkpt lon="8.872077" lat="50.020046"><ele>125.75</ele></trkpt>
   <trkpt lon="8.872005" lat="50.020068"><ele>125.75</ele></trkpt>
   <trkpt lon="8.871965" lat="50.020068"><ele>125.75</ele></trkpt>
   <trkpt lon="8.871927" lat="50.020060"><ele>125.75</ele></trkpt>
   <trkpt lon="8.871867" lat="50.020023"><ele>125.75</ele></trkpt>
   <trkpt lon="8.871854" lat="50.019997"><ele>125.75</ele></trkpt>
   <trkpt lon="8.871854" lat="50.019970"><ele>125.75</ele></trkpt>
   <trkpt lon="8.871875" lat="50.019935"><ele>125.75</ele></trkpt>
   <trkpt lon="8.871454" lat="50.019703"><ele>125.0</ele></trkpt>
   <trkpt lon="8.870575" lat="50.019220"><ele>125.75</ele></trkpt>
   <trkpt lon="8.870393" lat="50.019138"><ele>126.0</ele></trkpt>
   <trkpt lon="8.870299" lat="50.019105"><ele>125.75</ele></trkpt>
   <trkpt lon="8.870180" lat="50.019074"><ele>126.0</ele></trkpt>
   <trkpt lon="8.870243" lat="50.018997"><ele>126.0</ele></trkpt>
   <trkpt lon="8.869673" lat="50.018689"><ele>126.5</ele></trkpt>
   <trkpt lon="8.869575" lat="50.018626"><ele>126.25</ele></trkpt>
   <trkpt lon="8.869521" lat="50.018580"><ele>126.25</ele></trkpt>
   <trkpt lon="8.869492" lat="50.018534"><ele>126.25</ele></trkpt>
   <trkpt lon="8.869486" lat="50.018501"><ele>126.25</ele></trkpt>
   <trkpt lon="8.869504" lat="50.017882"><ele>127.0</ele></trkpt>
   <trkpt lon="8.869588" lat="50.017272"><ele>128.25</ele></trkpt>
   <trkpt lon="8.869643" lat="50.016927"><ele>128.5</ele></trkpt>
   <trkpt lon="8.869747" lat="50.016419"><ele>128.0</ele></trkpt>
   <trkpt lon="8.869770" lat="50.016364"><ele>128.0</ele></trkpt>
   <trkpt lon="8.869811" lat="50.016317"><ele>128.25</ele></trkpt>
   <trkpt lon="8.869853" lat="50.016291"><ele>128.5</ele></trkpt>
   <trkpt lon="8.869829" lat="50.016269"><ele>128.5</ele></trkpt>
   <trkpt lon="8.869780" lat="50.016214"><ele>128.5</ele></trkpt>
   <trkpt lon="8.869749" lat="50.016179"><ele>128.75</ele></trkpt>
   <trkpt lon="8.869702" lat="50.016192"><ele>128.5</ele></trkpt>
   <trkpt lon="8.869658" lat="50.016192"><ele>128.5</ele></trkpt>
   <trkpt lon="8.869511" lat="50.016193"><ele>128.5</ele></trkpt>
   <trkpt lon="8.869425" lat="50.016193"><ele>128.5</ele></trkpt>
   <trkpt lon="8.869312" lat="50.016221"><ele>128.75</ele></trkpt>
   <trkpt lon="8.869247" lat="50.016194"><ele>128.75</ele></trkpt>
   <trkpt lon="8.869182" lat="50.016181"><ele>128.75</ele></trkpt>
   <trkpt lon="8.867203" lat="50.016112"><ele>128.75</ele></trkpt>
   <trkpt lon="8.864837" lat="50.015986"><ele>128.0</ele></trkpt>
   <trkpt lon="8.862447" lat="50.015840"><ele>129.0</ele></trkpt>
   <trkpt lon="8.861618" lat="50.015786"><ele>129.0</ele></trkpt>
   <trkpt lon="8.861105" lat="50.015869"><ele>129.0</ele></trkpt>
   <trkpt lon="8.860815" lat="50.015890"><ele>128.75</ele></trkpt>
   <trkpt lon="8.860612" lat="50.015895"><ele>128.75</ele></trkpt>
   <trkpt lon="8.858463" lat="50.015844"><ele>129.0</ele></trkpt>
   <trkpt lon="8.856493" lat="50.015959"><ele>130.0</ele></trkpt>
   <trkpt lon="8.855752" lat="50.015968"><ele>130.0</ele></trkpt>
   <trkpt lon="8.855280" lat="50.015908"><ele>130.5</ele></trkpt>
   <trkpt lon="8.854927" lat="50.015851"><ele>131.0</ele></trkpt>
   <trkpt lon="8.853005" lat="50.015509"><ele>131.75</ele></trkpt>
   <trkpt lon="8.851239" lat="50.015193"><ele>132.0</ele></trkpt>
   <trkpt lon="8.850528" lat="50.015060"><ele>132.75</ele></trkpt>
   <trkpt lon="8.850297" lat="50.015007"><ele>132.75</ele></trkpt>
   <trkpt lon="8.849939" lat="50.014892"><ele>133.0</ele></trkpt>
   <trkpt lon="8.849732" lat="50.014854"><ele>133.0</ele></trkpt>
   <trkpt lon="8.849226" lat="50.014806"><ele>133.25</ele></trkpt>
   <trkpt lon="8.848999" lat="50.014784"><ele>133.0</ele></trkpt>
   <trkpt lon="8.849076" lat="50.014665"><ele>133.0</ele></trkpt>
   <trkpt lon="8.849175" lat="50.014516"><ele>132.75</ele></trkpt>
   <trkpt lon="8.849237" lat="50.014420"><ele>132.75</ele></trkpt>
   <trkpt lon="8.849426" lat="50.014064"><ele>133.0</ele></trkpt>
   <trkpt lon="8.849656" lat="50.013798"><ele>133.0</ele></trkpt>
   <trkpt lon="8.849838" lat="50.013610"><ele>133.0</ele></trkpt>
   <trkpt lon="8.850193" lat="50.013269"><ele>132.75</ele></trkpt>
   <trkpt lon="8.851047" lat="50.012573"><ele>132.0</ele></trkpt>
   <trkpt lon="8.851357" lat="50.012193"><ele>130.75</ele></trkpt>
   <trkpt lon="8.851698" lat="50.011827"><ele>130.5</ele></trkpt>
   <trkpt lon="8.852771" lat="50.011342"><ele>130.0</ele></trkpt>
   <trkpt lon="8.855444" lat="50.010195"><ele>130.25</ele></trkpt>
   <trkpt lon="8.853760" lat="50.009473"><ele>130.0</ele></trkpt>
   <trkpt lon="8.852875" lat="50.008997"><ele>130.25</ele></trkpt>
   <trkpt lon="8.851272" lat="50.008076"><ele>131.0</ele></trkpt>
   <trkpt lon="8.849005" lat="50.006796"><ele>132.5</ele></trkpt>
   <trkpt lon="8.848290" lat="50.006358"><ele>132.75</ele></trkpt>
   <trkpt lon="8.847633" lat="50.005884"><ele>132.0</ele></trkpt>
   <trkpt lon="8.847331" lat="50.005640"><ele>131.5</ele></trkpt>
   <trkpt lon="8.846368" lat="50.004823"><ele>135.0</ele></trkpt>
   <trkpt lon="8.845986" lat="50.004525"><ele>135.0</ele></trkpt>
   <trkpt lon="8.846198" lat="50.004466"><ele>135.0</ele></trkpt>
   <trkpt lon="8.847890" lat="50.003999"><ele>133.0</ele></trkpt>
   <trkpt lon="8.848335" lat="50.003898"><ele>132.75</ele></trkpt>
   <trkpt lon="8.850343" lat="50.003620"><ele>132.75</ele></trkpt>
   <trkpt lon="8.850833" lat="50.003018"><ele>133.0</ele></trkpt>
   <trkpt lon="8.851868" lat="50.001749"><ele>131.0</ele></trkpt>
   <trkpt lon="8.852791" lat="50.000629"><ele>131.0</ele></trkpt>
   <trkpt lon="8.851766" lat="50.000248"><ele>132.0</ele></trkpt>
   <trkpt lon="8.848501" lat="49.999035"><ele>132.0</ele></trkpt>
   <trkpt lon="8.846799" lat="49.998435"><ele>133.0</ele></trkpt>
   <trkpt lon="8.847791" lat="49.997265"><ele>132.0</ele></trkpt>
   <trkpt lon="8.848118" lat="49.996891"><ele>132.75</ele></trkpt>
   <trkpt lon="8.848788" lat="49.996078"><ele>134.0</ele></trkpt>
   <trkpt lon="8.849211" lat="49.995564"><ele>135.0</ele></trkpt>
   <trkpt lon="8.847273" lat="49.994885"><ele>134.5</ele></trkpt>
   <trkpt lon="8.847201" lat="49.994856"><ele>134.25</ele></trkpt>
   <trkpt lon="8.847162" lat="49.994821"><ele>134.5</ele></trkpt>
   <trkpt lon="8.847152" lat="49.994771"><ele>134.5</ele></trkpt>
   <trkpt lon="8.847171" lat="49.994725"><ele>134.75</ele></trkpt>
   <trkpt lon="8.848215" lat="49.993517"><ele>136.0</ele></trkpt>
   <trkpt lon="8.848334" lat="49.993389"><ele>136.0</ele></trkpt>
   <trkpt lon="8.848417" lat="49.993316"><ele>136.0</ele></trkpt>
   <trkpt lon="8.848467" lat="49.993256"><ele>136.0</ele></trkpt>
   <trkpt lon="8.848495" lat="49.993193"><ele>136.0</ele></trkpt>
   <trkpt lon="8.848487" lat="49.993159"><ele>136.0</ele></trkpt>
   <trkpt lon="8.848413" lat="49.993129"><ele>136.0</ele></trkpt>
   <trkpt lon="8.846943" lat="49.992628"><ele>136.25</ele></trkpt>
   <trkpt lon="8.846756" lat="49.992547"><ele>136.0</ele></trkpt>
   <trkpt lon="8.846636" lat="49.992549"><ele>136.0</ele></trkpt>
   <trkpt lon="8.846504" lat="49.992579"><ele>136.0</ele></trkpt>
   <trkpt lon="8.846328" lat="49.992635"><ele>135.75</ele></trkpt>
   <trkpt lon="8.846223" lat="49.992615"><ele>135.75</ele></trkpt>
   <trkpt lon="8.845634" lat="49.992411"><ele>135.5</ele></trkpt>
   <trkpt lon="8.846245" lat="49.991693"><ele>136.75</ele></trkpt>
   <trkpt lon="8.844389" lat="49.991034"><ele>136.25</ele></trkpt>
   <trkpt lon="8.843030" lat="49.990570"><ele>136.75</ele></trkpt>
   <trkpt lon="8.841828" lat="49.990158"><ele>135.5</ele></trkpt>
   <trkpt lon="8.841894" lat="49.989986"><ele>136.75</ele></trkpt>
   <trkpt lon="8.841919" lat="49.989892"><ele>136.75</ele></trkpt>
   <trkpt lon="8.842005" lat="49.989570"><ele>137.0</ele></trkpt>
   <trkpt lon="8.842118" lat="49.989230"><ele>137.75</ele></trkpt>
   <trkpt lon="8.842207" lat="49.988949"><ele>138.0</ele></trkpt>
   <trkpt lon="8.842250" lat="49.988814"><ele>138.25</ele></trkpt>
   <trkpt lon="8.842274" lat="49.988674"><ele>138.75</ele></trkpt>
   <trkpt lon="8.842229" lat="49.988645"><ele>138.75</ele></trkpt>
   <trkpt lon="8.841920" lat="49.988558"><ele>138.25</ele></trkpt>
   <trkpt lon="8.839712" lat="49.988255"><ele>139.25</ele></trkpt>
   <trkpt lon="8.837948" lat="49.988034"><ele>138.5</ele></trkpt>
   <trkpt lon="8.836707" lat="49.987878"><ele>138.25</ele></trkpt>
   <trkpt lon="8.836550" lat="49.987847"><ele>138.0</ele></trkpt>
   <trkpt lon="8.836500" lat="49.987825"><ele>138.0</ele></trkpt>
   <trkpt lon="8.836439" lat="49.987768"><ele>138.0</ele></trkpt>
   <trkpt lon="8.836419" lat="49.987673"><ele>138.25</ele></trkpt>
   <trkpt lon="8.836556" lat="49.987504"><ele>139.5</ele></trkpt>
   <trkpt lon="8.836418" lat="49.987540"><ele>138.75</ele></trkpt>
   <trkpt lon="8.836329" lat="49.987543"><ele>138.75</ele></trkpt>
   <trkpt lon="8.834615" lat="49.987088"><ele>139.0</ele></trkpt>
   <trkpt lon="8.834028" lat="49.988172"><ele>138.0</ele></trkpt>
   <trkpt lon="8.833984" lat="49.988231"><ele>138.0</ele></trkpt>
   <trkpt lon="8.832201" lat="49.987849"><ele>138.75</ele></trkpt>
   <trkpt lon="8.830497" lat="49.987730"><ele>139.0</ele></trkpt>
   <trkpt lon="8.828230" lat="49.987653"><ele>140.0</ele></trkpt>
   <trkpt lon="8.827735" lat="49.986780"><ele>141.0</ele></trkpt>
   <trkpt lon="8.827504" lat="49.986346"><ele>141.0</ele></trkpt>
   <trkpt lon="8.827283" lat="49.985899"><ele>141.0</ele></trkpt>
   <trkpt lon="8.827189" lat="49.985660"><ele>141.0</ele></trkpt>
   <trkpt lon="8.827164" lat="49.985560"><ele>141.0</ele></trkpt>
   <trkpt lon="8.827092" lat="49.985478"><ele>141.0</ele></trkpt>
   <trkpt lon="8.826951" lat="49.985414"><ele>141.0</ele></trkpt>
   <trkpt lon="8.826813" lat="49.985398"><ele>141.0</ele></trkpt>
   <trkpt lon="8.826622" lat="49.985408"><ele>141.0</ele></trkpt>
   <trkpt lon="8.826565" lat="49.985398"><ele>141.0</ele></trkpt>
   <trkpt lon="8.826505" lat="49.985336"><ele>141.0</ele></trkpt>
   <trkpt lon="8.826482" lat="49.985234"><ele>141.0</ele></trkpt>
   <trkpt lon="8.826065" lat="49.984785"><ele>141.75</ele></trkpt>
   <trkpt lon="8.825985" lat="49.984811"><ele>141.75</ele></trkpt>
   <trkpt lon="8.825894" lat="49.984829"><ele>141.5</ele></trkpt>
   <trkpt lon="8.825812" lat="49.984838"><ele>141.5</ele></trkpt>
   <trkpt lon="8.825421" lat="49.984833"><ele>142.0</ele></trkpt>
   <trkpt lon="8.825334" lat="49.984822"><ele>142.0</ele></trkpt>
   <trkpt lon="8.825251" lat="49.984800"><ele>142.0</ele></trkpt>
   <trkpt lon="8.825252" lat="49.984465"><ele>142.0</ele></trkpt>
   <trkpt lon="8.825213" lat="49.984447"><ele>142.0</ele></trkpt>
   <trkpt lon="8.825242" lat="49.984431"><ele>142.0</ele></trkpt>
   <trkpt lon="8.825270" lat="49.984408"><ele>142.0</ele></trkpt>
   <trkpt lon="8.825281" lat="49.984398"><ele>142.0</ele></trkpt>
   <trkpt lon="8.825419" lat="49.984357"><ele>142.25</ele></trkpt>
   <trkpt lon="8.825403" lat="49.984180"><ele>142.75</ele></trkpt>
   <trkpt lon="8.825391" lat="49.984155"><ele>142.75</ele></trkpt>
   <trkpt lon="8.825341" lat="49.984117"><ele>142.75</ele></trkpt>
   <trkpt lon="8.825301" lat="49.984097"><ele>142.75</ele></trkpt>
   <trkpt lon="8.825093" lat="49.984008"><ele>142.5</ele></trkpt>
   <trkpt lon="8.824921" lat="49.983934"><ele>142.0</ele></trkpt>
   <trkpt lon="8.824832" lat="49.983896"><ele>142.0</ele></trkpt>
   <trkpt lon="8.824540" lat="49.983775"><ele>142.5</ele></trkpt>
   <trkpt lon="8.824267" lat="49.983662"><ele>142.0</ele></trkpt>
   <trkpt lon="8.823983" lat="49.983542"><ele>142.0</ele></trkpt>
   <trkpt lon="8.823594" lat="49.983378"><ele>142.75</ele></trkpt>
   <trkpt lon="8.823489" lat="49.983343"><ele>142.5</ele></trkpt>
   <trkpt lon="8.823384" lat="49.983308"><ele>142.0</ele></trkpt>
   <trkpt lon="8.823260" lat="49.983273"><ele>142.0</ele></trkpt>
   <trkpt lon="8.821814" lat="49.982945"><ele>142.0</ele></trkpt>
   <trkpt lon="8.821368" lat="49.982843"><ele>142.0</ele></trkpt>
   <trkpt lon="8.821042" lat="49.982764"><ele>142.0</ele></trkpt>
   <trkpt lon="8.819443" lat="49.982400"><ele>142.25</ele></trkpt>
   <trkpt lon="8.818391" lat="49.982166"><ele>143.0</ele></trkpt>
   <trkpt lon="8.817148" lat="49.981873"><ele>143.25</ele></trkpt>
   <trkpt lon="8.816430" lat="49.981704"><ele>143.0</ele></trkpt>
   <trkpt lon="8.815064" lat="49.981370"><ele>143.5</ele></trkpt>
   <trkpt lon="8.814769" lat="49.981322"><ele>143.75</ele></trkpt>
   <trkpt lon="8.814001" lat="49.981211"><ele>144.0</ele></trkpt>
   <trkpt lon="8.813491" lat="49.981136"><ele>144.0</ele></trkpt>
   <trkpt lon="8.813338" lat="49.981116"><ele>144.0</ele></trkpt>
   <trkpt lon="8.812856" lat="49.981041"><ele>144.5</ele></trkpt>
   <trkpt lon="8.812404" lat="49.980967"><ele>144.5</ele></trkpt>
   <trkpt lon="8.811051" lat="49.980775"><ele>146.75</ele></trkpt>
   <trkpt lon="8.810711" lat="49.980727"><ele>146.75</ele></trkpt>
   <trkpt lon="8.809229" lat="49.980504"><ele>148.0</ele></trkpt>
   <trkpt lon="8.807348" lat="49.980224"><ele>150.25</ele></trkpt>
   <trkpt lon="8.805432" lat="49.979948"><ele>153.75</ele></trkpt>
   <trkpt lon="8.805361" lat="49.979926"><ele>153.75</ele></trkpt>
   <trkpt lon="8.805649" lat="49.979482"><ele>152.0</ele></trkpt>
   <trkpt lon="8.805628" lat="49.979442"><ele>151.75</ele></trkpt>
   <trkpt lon="8.805569" lat="49.979446"><ele>152.0</ele></trkpt>
   <trkpt lon="8.804592" lat="49.979405"><ele>153.75</ele></trkpt>
   <trkpt lon="8.803273" lat="49.979350"><ele>154.25</ele></trkpt>
   <trkpt lon="8.803278" lat="49.979126"><ele>153.0</ele></trkpt>
   <trkpt lon="8.803278" lat="49.979011"><ele>153.0</ele></trkpt>
   <trkpt lon="8.802929" lat="49.979012"><ele>153.25</ele></trkpt>
   <trkpt lon="8.802238" lat="49.978882"><ele>152.75</ele></trkpt>
   <trkpt lon="8.801960" lat="49.978785"><ele>152.5</ele></trkpt>
   <trkpt lon="8.801533" lat="49.978582"><ele>152.25</ele></trkpt>
   <trkpt lon="8.801218" lat="49.978411"><ele>152.25</ele></trkpt>
   <trkpt lon="8.800307" lat="49.978758"><ele>153.75</ele></trkpt>
   <trkpt lon="8.799837" lat="49.979008"><ele>155.25</ele></trkpt>
   <trkpt lon="8.799093" lat="49.979457"><ele>157.25</ele></trkpt>
   <trkpt lon="8.798818" lat="49.979550"><ele>158.0</ele></trkpt>
   <trkpt lon="8.798152" lat="49.979708"><ele>158.75</ele></trkpt>
   <trkpt lon="8.797696" lat="49.979880"><ele>159.5</ele></trkpt>
   <trkpt lon="8.797004" lat="49.980167"><ele>160.75</ele></trkpt>
   <trkpt lon="8.795915" lat="49.980608"><ele>163.0</ele></trkpt>
   <trkpt lon="8.794988" lat="49.980831"><ele>164.75</ele></trkpt>
   <trkpt lon="8.794959" lat="49.980840"><ele>165.0</ele></trkpt>
   <trkpt lon="8.794908" lat="49.980863"><ele>165.0</ele></trkpt>
   <trkpt lon="8.794841" lat="49.980921"><ele>165.25</ele></trkpt>
   <trkpt lon="8.794821" lat="49.980958"><ele>165.25</ele></trkpt>
   <trkpt lon="8.794786" lat="49.980982"><ele>165.5</ele></trkpt>
   <trkpt lon="8.794756" lat="49.980992"><ele>165.5</ele></trkpt>
   <trkpt lon="8.794692" lat="49.980997"><ele>165.5</ele></trkpt>
   <trkpt lon="8.794645" lat="49.980987"><ele>165.5</ele></trkpt>
   <trkpt lon="8.794603" lat="49.980962"><ele>165.5</ele></trkpt>
   <trkpt lon="8.794581" lat="49.980928"><ele>165.5</ele></trkpt>
   <trkpt lon="8.794581" lat="49.980898"><ele>165.5</ele></trkpt>
   <trkpt lon="8.794596" lat="49.980872"><ele>165.5</ele></trkpt>
   <trkpt lon="8.794649" lat="49.980839"><ele>165.25</ele></trkpt>
   <trkpt lon="8.794620" lat="49.980826"><ele>165.25</ele></trkpt>
   <trkpt lon="8.794520" lat="49.980828"><ele>165.5</ele></trkpt>
   <trkpt lon="8.793742" lat="49.980861"><ele>166.0</ele></trkpt>
   <trkpt lon="8.793708" lat="49.980862"><ele>166.0</ele></trkpt>
   <trkpt lon="8.793698" lat="49.980863"><ele>166.0</ele></trkpt>
   <trkpt lon="8.793563" lat="49.980868"><ele>166.0</ele></trkpt>
   <trkpt lon="8.793390" lat="49.980878"><ele>166.25</ele></trkpt>
   <trkpt lon="8.792973" lat="49.980897"><ele>167.0</ele></trkpt>
   <trkpt lon="8.792883" lat="49.980901"><ele>167.0</ele></trkpt>
   <trkpt lon="8.792584" lat="49.980914"><ele>167.75</ele></trkpt>
   <trkpt lon="8.791640" lat="49.980958"><ele>168.25</ele></trkpt>
   <trkpt lon="8.791546" lat="49.980955"><ele>168.25</ele></trkpt>
   <trkpt lon="8.788153" lat="49.980397"><ele>167.25</ele></trkpt>
   <trkpt lon="8.788343" lat="49.979840"><ele>165.25</ele></trkpt>
   <trkpt lon="8.788747" lat="49.978741"><ele>162.0</ele></trkpt>
   <trkpt lon="8.789013" lat="49.978172"><ele>160.5</ele></trkpt>
   <trkpt lon="8.789086" lat="49.977929"><ele>159.75</ele></trkpt>
   <trkpt lon="8.788926" lat="49.977954"><ele>160.5</ele></trkpt>
   <trkpt lon="8.788201" lat="49.978043"><ele>159.75</ele></trkpt>
   <trkpt lon="8.787912" lat="49.978128"><ele>160.25</ele></trkpt>
   <trkpt lon="8.786961" lat="49.978281"><ele>159.75</ele></trkpt>
   <trkpt lon="8.786070" lat="49.978352"><ele>161.0</ele></trkpt>
   <trkpt lon="8.785116" lat="49.978403"><ele>161.0</ele></trkpt>
   <trkpt lon="8.784041" lat="49.978404"><ele>162.0</ele></trkpt>
   <trkpt lon="8.783375" lat="49.978375"><ele>163.75</ele></trkpt>
   <trkpt lon="8.782369" lat="49.978278"><ele>164.5</ele></trkpt>
   <trkpt lon="8.781182" lat="49.978147"><ele>166.75</ele></trkpt>
   <trkpt lon="8.780526" lat="49.978082"><ele>168.0</ele></trkpt>
   <trkpt lon="8.780010" lat="49.978047"><ele>168.75</ele></trkpt>
   <trkpt lon="8.779220" lat="49.977967"><ele>169.75</ele></trkpt>
   <trkpt lon="8.777265" lat="49.977784"><ele>172.0</ele></trkpt>
   <trkpt lon="8.775355" lat="49.977582"><ele>173.0</ele></trkpt>
   <trkpt lon="8.774832" lat="49.977547"><ele>174.0</ele></trkpt>
   <trkpt lon="8.774167" lat="49.977533"><ele>174.0</ele></trkpt>
   <trkpt lon="8.773646" lat="49.977542"><ele>173.75</ele></trkpt>
   <trkpt lon="8.772949" lat="49.977570"><ele>174.25</ele></trkpt>
   <trkpt lon="8.772416" lat="49.977614"><ele>176.0</ele></trkpt>
   <trkpt lon="8.770351" lat="49.977880"><ele>179.0</ele></trkpt>
   <trkpt lon="8.765922" lat="49.978516"><ele>183.75</ele></trkpt>
   <trkpt lon="8.765514" lat="49.978586"><ele>183.75</ele></trkpt>
   <trkpt lon="8.762493" lat="49.979164"><ele>185.75</ele></trkpt>
   <trkpt lon="8.762363" lat="49.979212"><ele>186.0</ele></trkpt>
   <trkpt lon="8.759762" lat="49.979765"><ele>188.75</ele></trkpt>
   <trkpt lon="8.757645" lat="49.980218"><ele>189.0</ele></trkpt>
   <trkpt lon="8.757038" lat="49.980339"><ele>188.5</ele></trkpt>
   <trkpt lon="8.754512" lat="49.980853"><ele>185.5</ele></trkpt>
   <trkpt lon="8.754211" lat="49.980926"><ele>185.0</ele></trkpt>
   <trkpt lon="8.754144" lat="49.980863"><ele>184.75</ele></trkpt>
   <trkpt lon="8.754075" lat="49.980794"><ele>184.75</ele></trkpt>
   <trkpt lon="8.753849" lat="49.980490"><ele>184.0</ele></trkpt>
   <trkpt lon="8.753791" lat="49.980334"><ele>184.0</ele></trkpt>
   <trkpt lon="8.753510" lat="49.979400"><ele>187.0</ele></trkpt>
   <trkpt lon="8.752017" lat="49.979591"><ele>184.0</ele></trkpt>
   <trkpt lon="8.751105" lat="49.979693"><ele>183.0</ele></trkpt>
   <trkpt lon="8.751028" lat="49.979688"><ele>183.0</ele></trkpt>
   <trkpt lon="8.750975" lat="49.979670"><ele>183.0</ele></trkpt>
   <trkpt lon="8.750954" lat="49.979620"><ele>183.0</ele></trkpt>
   <trkpt lon="8.750224" lat="49.979704"><ele>182.0</ele></trkpt>
   <trkpt lon="8.749949" lat="49.979736"><ele>181.75</ele></trkpt>
   <trkpt lon="8.749809" lat="49.979266"><ele>182.25</ele></trkpt>
   <trkpt lon="8.748854" lat="49.979384"><ele>181.0</ele></trkpt>
   <trkpt lon="8.748351" lat="49.979432"><ele>181.0</ele></trkpt>
   <trkpt lon="8.747499" lat="49.979200"><ele>180.75</ele></trkpt>
   <trkpt lon="8.747246" lat="49.979060"><ele>181.25</ele></trkpt>
   <trkpt lon="8.747186" lat="49.979047"><ele>181.25</ele></trkpt>
   <trkpt lon="8.747532" lat="49.978539"><ele>183.0</ele></trkpt>
   <trkpt lon="8.745536" lat="49.977921"><ele>184.25</ele></trkpt>
   <trkpt lon="8.745034" lat="49.977839"><ele>184.75</ele></trkpt>
   <trkpt lon="8.744619" lat="49.977806"><ele>184.5</ele></trkpt>
   <trkpt lon="8.744546" lat="49.977800"><ele>184.25</ele></trkpt>
   <trkpt lon="8.744397" lat="49.977774"><ele>184.0</ele></trkpt>
   <trkpt lon="8.744461" lat="49.977685"><ele>184.25</ele></trkpt>
   <trkpt lon="8.744606" lat="49.977484"><ele>185.5</ele></trkpt>
   <trkpt lon="8.742764" lat="49.976993"><ele>183.75</ele></trkpt>
   <trkpt lon="8.741704" lat="49.976704"><ele>181.25</ele></trkpt>
   <trkpt lon="8.741019" lat="49.976489"><ele>178.75</ele></trkpt>
   <trkpt lon="8.739518" lat="49.976005"><ele>176.0</ele></trkpt>
   <trkpt lon="8.738928" lat="49.975668"><ele>175.0</ele></trkpt>
   <trkpt lon="8.738908" lat="49.975656"><ele>175.0</ele></trkpt>
   <trkpt lon="8.738470" lat="49.975392"><ele>175.5</ele></trkpt>
   <trkpt lon="8.738351" lat="49.975335"><ele>177.0</ele></trkpt>
   <trkpt lon="8.738261" lat="49.975321"><ele>177.75</ele></trkpt>
   <trkpt lon="8.737949" lat="49.975352"><ele>178.0</ele></trkpt>
   <trkpt lon="8.737917" lat="49.975192"><ele>178.0</ele></trkpt>
   <trkpt lon="8.737842" lat="49.974873"><ele>175.25</ele></trkpt>
   <trkpt lon="8.737814" lat="49.974827"><ele>175.75</ele></trkpt>
   <trkpt lon="8.737749" lat="49.974778"><ele>176.5</ele></trkpt>
   <trkpt lon="8.737643" lat="49.974763"><ele>176.5</ele></trkpt>
   <trkpt lon="8.737522" lat="49.974789"><ele>176.25</ele></trkpt>
   <trkpt lon="8.736545" lat="49.975150"><ele>172.75</ele></trkpt>
   <trkpt lon="8.736390" lat="49.975184"><ele>172.5</ele></trkpt>
   <trkpt lon="8.736296" lat="49.975180"><ele>172.25</ele></trkpt>
   <trkpt lon="8.735211" lat="49.974540"><ele>170.25</ele></trkpt>
   <trkpt lon="8.735143" lat="49.974499"><ele>170.5</ele></trkpt>
   <trkpt lon="8.734744" lat="49.974270"><ele>169.25</ele></trkpt>
   <trkpt lon="8.734356" lat="49.974071"><ele>169.5</ele></trkpt>
   <trkpt lon="8.734322" lat="49.974054"><ele>169.5</ele></trkpt>
   <trkpt lon="8.733496" lat="49.973728"><ele>169.0</ele></trkpt>
   <trkpt lon="8.732499" lat="49.973338"><ele>168.0</ele></trkpt>
   <trkpt lon="8.732315" lat="49.973300"><ele>168.0</ele></trkpt>
   <trkpt lon="8.732057" lat="49.973177"><ele>167.75</ele></trkpt>
   <trkpt lon="8.729101" lat="49.971575"><ele>171.25</ele></trkpt>
   <trkpt lon="8.729892" lat="49.970438"><ele>171.5</ele></trkpt>
   <trkpt lon="8.730289" lat="49.969891"><ele>170.75</ele></trkpt>
   <trkpt lon="8.730529" lat="49.969417"><ele>170.0</ele></trkpt>
   <trkpt lon="8.730633" lat="49.968999"><ele>169.5</ele></trkpt>
   <trkpt lon="8.730709" lat="49.968621"><ele>169.0</ele></trkpt>
   <trkpt lon="8.731008" lat="49.967479"><ele>167.0</ele></trkpt>
   <trkpt lon="8.731169" lat="49.966926"><ele>165.75</ele></trkpt>
   <trkpt lon="8.731107" lat="49.966811"><ele>165.5</ele></trkpt>
   <trkpt lon="8.729700" lat="49.965138"><ele>164.5</ele></trkpt>
   <trkpt lon="8.728645" lat="49.965480"><ele>165.5</ele></trkpt>
   <trkpt lon="8.727608" lat="49.965771"><ele>166.0</ele></trkpt>
   <trkpt lon="8.727242" lat="49.965777"><ele>165.0</ele></trkpt>
   <trkpt lon="8.727007" lat="49.965720"><ele>164.0</ele></trkpt>
   <trkpt lon="8.726848" lat="49.965704"><ele>163.75</ele></trkpt>
   <trkpt lon="8.726707" lat="49.965690"><ele>163.5</ele></trkpt>
   <trkpt lon="8.726122" lat="49.965677"><ele>163.25</ele></trkpt>
   <trkpt lon="8.725449" lat="49.965702"><ele>164.5</ele></trkpt>
   <trkpt lon="8.723857" lat="49.965820"><ele>165.75</ele></trkpt>
   <trkpt lon="8.723361" lat="49.966087"><ele>166.75</ele></trkpt>
   <trkpt lon="8.721321" lat="49.966712"><ele>170.0</ele></trkpt>
   <trkpt lon="8.719283" lat="49.967122"><ele>173.75</ele></trkpt>
   <trkpt lon="8.718896" lat="49.967075"><ele>174.25</ele></trkpt>
   <trkpt lon="8.717593" lat="49.966850"><ele>177.0</ele></trkpt>
   <trkpt lon="8.715010" lat="49.966662"><ele>180.75</ele></trkpt>
   <trkpt lon="8.712844" lat="49.966466"><ele>180.75</ele></trkpt>
   <trkpt lon="8.707501" lat="49.965623"><ele>183.0</ele></trkpt>
   <trkpt lon="8.705309" lat="49.965283"><ele>182.0</ele></trkpt>
   <trkpt lon="8.703097" lat="49.964975"><ele>181.0</ele></trkpt>
   <trkpt lon="8.703082" lat="49.965006"><ele>181.0</ele></trkpt>
   <trkpt lon="8.703035" lat="49.965034"><ele>180.75</ele></trkpt>
   <trkpt lon="8.702930" lat="49.965054"><ele>180.75</ele></trkpt>
   <trkpt lon="8.702528" lat="49.966216"><ele>177.5</ele></trkpt>
   <trkpt lon="8.702050" lat="49.967537"><ele>172.75</ele></trkpt>
   <trkpt lon="8.701585" lat="49.968927"><ele>173.0</ele></trkpt>
   <trkpt lon="8.701058" lat="49.970158"><ele>175.25</ele></trkpt>
   <trkpt lon="8.700146" lat="49.972759"><ele>166.5</ele></trkpt>
   <trkpt lon="8.700033" lat="49.973117"><ele>164.75</ele></trkpt>
   <trkpt lon="8.699893" lat="49.973516"><ele>163.25</ele></trkpt>
   <trkpt lon="8.699692" lat="49.974076"><ele>165.5</ele></trkpt>
   <trkpt lon="8.699225" lat="49.975356"><ele>167.25</ele></trkpt>
   <trkpt lon="8.698608" lat="49.975277"><ele>165.75</ele></trkpt>
   <trkpt lon="8.696593" lat="49.974969"><ele>162.75</ele></trkpt>
   <trkpt lon="8.696174" lat="49.974915"><ele>162.5</ele></trkpt>
   <trkpt lon="8.695808" lat="49.974829"><ele>162.25</ele></trkpt>
   <trkpt lon="8.695533" lat="49.974711"><ele>161.75</ele></trkpt>
   <trkpt lon="8.695416" lat="49.974642"><ele>161.5</ele></trkpt>
   <trkpt lon="8.695319" lat="49.974570"><ele>160.75</ele></trkpt>
   <trkpt lon="8.695153" lat="49.974411"><ele>160.25</ele></trkpt>
   <trkpt lon="8.694947" lat="49.974168"><ele>159.0</ele></trkpt>
   <trkpt lon="8.694866" lat="49.974087"><ele>158.25</ele></trkpt>
   <trkpt lon="8.694769" lat="49.974032"><ele>158.0</ele></trkpt>
   <trkpt lon="8.694673" lat="49.973994"><ele>157.75</ele></trkpt>
   <trkpt lon="8.694563" lat="49.973969"><ele>157.5</ele></trkpt>
   <trkpt lon="8.694456" lat="49.973964"><ele>157.5</ele></trkpt>
   <trkpt lon="8.694353" lat="49.973969"><ele>157.75</ele></trkpt>
   <trkpt lon="8.694259" lat="49.973982"><ele>158.25</ele></trkpt>
   <trkpt lon="8.694115" lat="49.974029"><ele>159.5</ele></trkpt>
   <trkpt lon="8.693710" lat="49.974195"><ele>158.5</ele></trkpt>
   <trkpt lon="8.693498" lat="49.974267"><ele>157.25</ele></trkpt>
   <trkpt lon="8.693263" lat="49.974330"><ele>157.0</ele></trkpt>
   <trkpt lon="8.692901" lat="49.974380"><ele>156.75</ele></trkpt>
   <trkpt lon="8.692580" lat="49.974374"><ele>156.5</ele></trkpt>
   <trkpt lon="8.692014" lat="49.974305"><ele>155.5</ele></trkpt>
   <trkpt lon="8.688290" lat="49.973742"><ele>148.25</ele></trkpt>
   <trkpt lon="8.688316" lat="49.973609"><ele>147.75</ele></trkpt>
   <trkpt lon="8.687815" lat="49.973504"><ele>147.0</ele></trkpt>
   <trkpt lon="8.687714" lat="49.973468"><ele>146.75</ele></trkpt>
   <trkpt lon="8.687631" lat="49.973414"><ele>146.5</ele></trkpt>
   <trkpt lon="8.687433" lat="49.973201"><ele>145.5</ele></trkpt>
   <trkpt lon="8.687370" lat="49.973109"><ele>145.0</ele></trkpt>
   <trkpt lon="8.687310" lat="49.973060"><ele>145.0</ele></trkpt>
   <trkpt lon="8.687241" lat="49.973048"><ele>144.75</ele></trkpt>
   <trkpt lon="8.686504" lat="49.972988"><ele>144.5</ele></trkpt>
   <trkpt lon="8.686223" lat="49.972978"><ele>144.0</ele></trkpt>
   <trkpt lon="8.686162" lat="49.972994"><ele>143.75</ele></trkpt>
   <trkpt lon="8.686120" lat="49.973016"><ele>143.75</ele></trkpt>
   <trkpt lon="8.686092" lat="49.973068"><ele>144.0</ele></trkpt>
   <trkpt lon="8.686015" lat="49.973277"><ele>145.25</ele></trkpt>
   <trkpt lon="8.685714" lat="49.974139"><ele>147.5</ele></trkpt>
   <trkpt lon="8.685464" lat="49.974518"><ele>147.75</ele></trkpt>
   <trkpt lon="8.685211" lat="49.974852"><ele>147.0</ele></trkpt>
   <trkpt lon="8.684932" lat="49.975288"><ele>145.75</ele></trkpt>
   <trkpt lon="8.684894" lat="49.975423"><ele>145.5</ele></trkpt>
   <trkpt lon="8.684735" lat="49.975903"><ele>143.75</ele></trkpt>
   <trkpt lon="8.684561" lat="49.976352"><ele>142.25</ele></trkpt>
   <trkpt lon="8.684494" lat="49.976641"><ele>142.75</ele></trkpt>
   <trkpt lon="8.684533" lat="49.976985"><ele>143.25</ele></trkpt>
   <trkpt lon="8.684598" lat="49.977230"><ele>144.5</ele></trkpt>
   <trkpt lon="8.684706" lat="49.977557"><ele>144.75</ele></trkpt>
   <trkpt lon="8.684723" lat="49.977650"><ele>145.0</ele></trkpt>
   <trkpt lon="8.684720" lat="49.977719"><ele>144.75</ele></trkpt>
   <trkpt lon="8.684686" lat="49.977899"><ele>145.25</ele></trkpt>
   <trkpt lon="8.684587" lat="49.978216"><ele>146.0</ele></trkpt>
   <trkpt lon="8.684554" lat="49.978362"><ele>146.25</ele></trkpt>
   <trkpt lon="8.684523" lat="49.978426"><ele>146.5</ele></trkpt>
   <trkpt lon="8.684003" lat="49.978902"><ele>145.25</ele></trkpt>
   <trkpt lon="8.683580" lat="49.979493"><ele>144.0</ele></trkpt>
   <trkpt lon="8.682936" lat="49.979383"><ele>142.25</ele></trkpt>
   <trkpt lon="8.682468" lat="49.979297"><ele>141.25</ele></trkpt>
   <trkpt lon="8.681967" lat="49.979158"><ele>139.0</ele></trkpt>
   <trkpt lon="8.681819" lat="49.979125"><ele>139.0</ele></trkpt>
   <trkpt lon="8.681366" lat="49.979068"><ele>137.75</ele></trkpt>
   <trkpt lon="8.680793" lat="49.979005"><ele>136.75</ele></trkpt>
   <trkpt lon="8.680220" lat="49.978923"><ele>136.0</ele></trkpt>
   <trkpt lon="8.679391" lat="49.978775"><ele>134.25</ele></trkpt>
   <trkpt lon="8.678908" lat="49.978678"><ele>133.0</ele></trkpt>
   <trkpt lon="8.678301" lat="49.978562"><ele>132.75</ele></trkpt>
   <trkpt lon="8.677998" lat="49.978515"><ele>132.25</ele></trkpt>
   <trkpt lon="8.677817" lat="49.978522"><ele>132.0</ele></trkpt>
   <trkpt lon="8.677646" lat="49.978558"><ele>132.0</ele></trkpt>
   <trkpt lon="8.677525" lat="49.978597"><ele>132.0</ele></trkpt>
   <trkpt lon="8.677500" lat="49.978449"><ele>132.0</ele></trkpt>
   <trkpt lon="8.677268" lat="49.978466"><ele>131.0</ele></trkpt>
   <trkpt lon="8.676939" lat="49.978483"><ele>131.0</ele></trkpt>
   <trkpt lon="8.676809" lat="49.978445"><ele>131.0</ele></trkpt>
   <trkpt lon="8.675788" lat="49.978502"><ele>130.0</ele></trkpt>
   <trkpt lon="8.675525" lat="49.978512"><ele>129.75</ele></trkpt>
   <trkpt lon="8.675436" lat="49.978529"><ele>129.5</ele></trkpt>
   <trkpt lon="8.675357" lat="49.978554"><ele>129.25</ele></trkpt>
   <trkpt lon="8.674431" lat="49.979001"><ele>128.0</ele></trkpt>
   <trkpt lon="8.674153" lat="49.979135"><ele>128.0</ele></trkpt>
   <trkpt lon="8.673841" lat="49.979289"><ele>127.75</ele></trkpt>
   <trkpt lon="8.674044" lat="49.979433"><ele>128.0</ele></trkpt>
   <trkpt lon="8.674916" lat="49.980057"><ele>128.75</ele></trkpt>
   <trkpt lon="8.675043" lat="49.980155"><ele>129.0</ele></trkpt>
   <trkpt lon="8.675173" lat="49.980249"><ele>129.0</ele></trkpt>
   <trkpt lon="8.675257" lat="49.980332"><ele>129.0</ele></trkpt>
   <trkpt lon="8.675315" lat="49.980418"><ele>129.0</ele></trkpt>
   <trkpt lon="8.675493" lat="49.980664"><ele>129.25</ele></trkpt>
   <trkpt lon="8.675735" lat="49.981075"><ele>129.75</ele></trkpt>
   <trkpt lon="8.676084" lat="49.981642"><ele>130.0</ele></trkpt>
   <trkpt lon="8.676296" lat="49.981977"><ele>131.0</ele></trkpt>
   <trkpt lon="8.676360" lat="49.982092"><ele>131.0</ele></trkpt>
   <trkpt lon="8.676834" lat="49.982726"><ele>132.0</ele></trkpt>
   <trkpt lon="8.676916" lat="49.982870"><ele>132.0</ele></trkpt>
   <trkpt lon="8.677011" lat="49.983119"><ele>132.0</ele></trkpt>
   <trkpt lon="8.677206" lat="49.984204"><ele>133.75</ele></trkpt>
   <trkpt lon="8.677759" lat="49.984166"><ele>133.75</ele></trkpt>
   <trkpt lon="8.678094" lat="49.984141"><ele>134.75</ele></trkpt>
   <trkpt lon="8.678456" lat="49.984113"><ele>135.0</ele></trkpt>
   <trkpt lon="8.678495" lat="49.984362"><ele>135.25</ele></trkpt>
   <trkpt lon="8.678508" lat="49.984447"><ele>135.5</ele></trkpt>
   <trkpt lon="8.678573" lat="49.984814"><ele>136.0</ele></trkpt>
   <trkpt lon="8.678662" lat="49.985307"><ele>136.25</ele></trkpt>
   <trkpt lon="8.678762" lat="49.985868"><ele>137.0</ele></trkpt>
   <trkpt lon="8.679082" lat="49.985856"><ele>137.5</ele></trkpt>
   <trkpt lon="8.681221" lat="49.985889"><ele>144.5</ele></trkpt>
   <trkpt lon="8.682853" lat="49.985890"><ele>148.0</ele></trkpt>
   <trkpt lon="8.682836" lat="49.986512"><ele>149.0</ele></trkpt>
   <trkpt lon="8.682804" lat="49.986818"><ele>148.5</ele></trkpt>
   <trkpt lon="8.682799" lat="49.986869"><ele>148.25</ele></trkpt>
   <trkpt lon="8.682796" lat="49.986904"><ele>148.0</ele></trkpt>
   <trkpt lon="8.682754" lat="49.987288"><ele>147.5</ele></trkpt>
   <trkpt lon="8.682767" lat="49.987324"><ele>147.5</ele></trkpt>
   <trkpt lon="8.682812" lat="49.987348"><ele>147.5</ele></trkpt>
   <trkpt lon="8.684701" lat="49.987880"><ele>148.25</ele></trkpt>
   <trkpt lon="8.684772" lat="49.987900"><ele>148.0</ele></trkpt>
   <trkpt lon="8.685110" lat="49.987979"><ele>148.25</ele></trkpt>
   <trkpt lon="8.685159" lat="49.987990"><ele>148.0</ele></trkpt>
   <trkpt lon="8.685245" lat="49.988006"><ele>148.0</ele></trkpt>
   <trkpt lon="8.685464" lat="49.987992"><ele>148.75</ele></trkpt>
   <trkpt lon="8.685649" lat="49.987986"><ele>149.25</ele></trkpt>
   <trkpt lon="8.685876" lat="49.987992"><ele>149.25</ele></trkpt>
   <trkpt lon="8.687102" lat="49.988065"><ele>150.75</ele></trkpt>
   <trkpt lon="8.687503" lat="49.988096"><ele>151.0</ele></trkpt>
   <trkpt lon="8.688106" lat="49.988169"><ele>151.5</ele></trkpt>
   <trkpt lon="8.688213" lat="49.988182"><ele>151.75</ele></trkpt>
   <trkpt lon="8.688967" lat="49.988273"><ele>153.0</ele></trkpt>
   <trkpt lon="8.690472" lat="49.988431"><ele>153.5</ele></trkpt>
   <trkpt lon="8.690732" lat="49.988475"><ele>154.0</ele></trkpt>
   <trkpt lon="8.690572" lat="49.988888"><ele>152.0</ele></trkpt>
   <trkpt lon="8.690766" lat="49.988947"><ele>152.25</ele></trkpt>
   <trkpt lon="8.691854" lat="49.989308"><ele>153.75</ele></trkpt>
   <trkpt lon="8.692548" lat="49.989554"><ele>156.25</ele></trkpt>
   <trkpt lon="8.692954" lat="49.989694"><ele>156.0</ele></trkpt>
   <trkpt lon="8.693414" lat="49.989838"><ele>158.0</ele></trkpt>
   <trkpt lon="8.693548" lat="49.989851"><ele>158.75</ele></trkpt>
   <trkpt lon="8.693753" lat="49.989898"><ele>159.5</ele></trkpt>
   <trkpt lon="8.693828" lat="49.989921"><ele>159.75</ele></trkpt>
   <trkpt lon="8.694213" lat="49.990100"><ele>160.25</ele></trkpt>
   <trkpt lon="8.694370" lat="49.990190"><ele>160.75</ele></trkpt>
   <trkpt lon="8.694499" lat="49.990291"><ele>161.0</ele></trkpt>
   <trkpt lon="8.696575" lat="49.992128"><ele>168.75</ele></trkpt>
   <trkpt lon="8.698146" lat="49.993490"><ele>175.5</ele></trkpt>
   <trkpt lon="8.698609" lat="49.993915"><ele>179.0</ele></trkpt>
   <trkpt lon="8.699651" lat="49.994793"><ele>183.0</ele></trkpt>
   <trkpt lon="8.699921" lat="49.995037"><ele>182.75</ele></trkpt>
   <trkpt lon="8.700091" lat="49.995172"><ele>182.25</ele></trkpt>
   <trkpt lon="8.700524" lat="49.995532"><ele>182.0</ele></trkpt>
   <trkpt lon="8.700668" lat="49.995609"><ele>181.5</ele></trkpt>
   <trkpt lon="8.701150" lat="49.995807"><ele>181.75</ele></trkpt>
   <trkpt lon="8.701967" lat="49.996194"><ele>180.5</ele></trkpt>
   <trkpt lon="8.703778" lat="49.996979"><ele>178.25</ele></trkpt>
   <trkpt lon="8.703822" lat="49.996949"><ele>178.0</ele></trkpt>
   <trkpt lon="8.703859" lat="49.996935"><ele>178.0</ele></trkpt>
   <trkpt lon="8.705933" lat="49.996463"><ele>174.25</ele></trkpt>
   <trkpt lon="8.706085" lat="49.996415"><ele>174.0</ele></trkpt>
   <trkpt lon="8.706224" lat="49.996378"><ele>174.0</ele></trkpt>
   <trkpt lon="8.706236" lat="49.996351"><ele>174.0</ele></trkpt>
   <trkpt lon="8.706284" lat="49.996296"><ele>174.25</ele></trkpt>
   <trkpt lon="8.706417" lat="49.996220"><ele>174.5</ele></trkpt>
   <trkpt lon="8.706618" lat="49.996146"><ele>174.75</ele></trkpt>
   <trkpt lon="8.706798" lat="49.996078"><ele>175.0</ele></trkpt>
   <trkpt lon="8.706988" lat="49.996006"><ele>174.75</ele></trkpt>
   <trkpt lon="8.707061" lat="49.996044"><ele>174.5</ele></trkpt>
   <trkpt lon="8.707211" lat="49.996230"><ele>174.0</ele></trkpt>
   <trkpt lon="8.707246" lat="49.996277"><ele>174.0</ele></trkpt>
   <trkpt lon="8.707515" lat="49.996588"><ele>173.25</ele></trkpt>
   <trkpt lon="8.707543" lat="49.996669"><ele>172.75</ele></trkpt>
   <trkpt lon="8.707786" lat="49.996944"><ele>171.0</ele></trkpt>
   <trkpt lon="8.708036" lat="49.997226"><ele>170.0</ele></trkpt>
   <trkpt lon="8.708253" lat="49.997149"><ele>170.25</ele></trkpt>
   <trkpt lon="8.708532" lat="49.997058"><ele>170.5</ele></trkpt>
   <trkpt lon="8.709015" lat="49.996879"><ele>171.0</ele></trkpt>
   <trkpt lon="8.709181" lat="49.996825"><ele>171.25</ele></trkpt>
   <trkpt lon="8.709625" lat="49.996681"><ele>170.75</ele></trkpt>
   <trkpt lon="8.710642" lat="49.996299"><ele>169.75</ele></trkpt>
   <trkpt lon="8.711062" lat="49.996088"><ele>170.0</ele></trkpt>
   <trkpt lon="8.711641" lat="49.995767"><ele>171.0</ele></trkpt>
   <trkpt lon="8.711842" lat="49.995657"><ele>171.0</ele></trkpt>
   <trkpt lon="8.712531" lat="49.995330"><ele>171.75</ele></trkpt>
   <trkpt lon="8.713398" lat="49.995608"><ele>169.75</ele></trkpt>
   <trkpt lon="8.715343" lat="49.996181"><ele>169.0</ele></trkpt>
   <trkpt lon="8.715314" lat="49.996271"><ele>169.0</ele></trkpt>
   <trkpt lon="8.715194" lat="49.996472"><ele>168.25</ele></trkpt>
   <trkpt lon="8.715130" lat="49.996602"><ele>167.5</ele></trkpt>
   <trkpt lon="8.715110" lat="49.996640"><ele>167.25</ele></trkpt>
   <trkpt lon="8.715087" lat="49.996740"><ele>167.0</ele></trkpt>
   <trkpt lon="8.715028" lat="49.997130"><ele>166.0</ele></trkpt>
   <trkpt lon="8.714989" lat="49.997286"><ele>165.5</ele></trkpt>
   <trkpt lon="8.714919" lat="49.997461"><ele>164.75</ele></trkpt>
   <trkpt lon="8.715028" lat="49.997460"><ele>165.0</ele></trkpt>
   <trkpt lon="8.715272" lat="49.997485"><ele>165.0</ele></trkpt>
   <trkpt lon="8.715757" lat="49.997554"><ele>165.75</ele></trkpt>
   <trkpt lon="8.716080" lat="49.997589"><ele>165.75</ele></trkpt>
   <trkpt lon="8.717617" lat="49.997874"><ele>166.25</ele></trkpt>
   <trkpt lon="8.718639" lat="49.998102"><ele>165.75</ele></trkpt>
   <trkpt lon="8.719152" lat="49.998254"><ele>167.5</ele></trkpt>
   <trkpt lon="8.720168" lat="49.998489"><ele>168.75</ele></trkpt>
   <trkpt lon="8.720006" lat="49.998738"><ele>167.0</ele></trkpt>
   <trkpt lon="8.719802" lat="49.999031"><ele>165.25</ele></trkpt>
   <trkpt lon="8.719680" lat="49.999189"><ele>164.75</ele></trkpt>
   <trkpt lon="8.719572" lat="49.999318"><ele>163.75</ele></trkpt>
   <trkpt lon="8.719442" lat="49.999407"><ele>163.0</ele></trkpt>
   <trkpt lon="8.719562" lat="49.999871"><ele>160.25</ele></trkpt>
   <trkpt lon="8.719543" lat="49.999936"><ele>160.0</ele></trkpt>
   <trkpt lon="8.719398" lat="49.999959"><ele>160.0</ele></trkpt>
   <trkpt lon="8.719237" lat="50.000027"><ele>159.75</ele></trkpt>
  </trkseg>
 </trk>
</gpx>
