<?xml version="1.0" encoding="UTF-8"?>
<!-- track-length = 90319 filtered ascend = 165 plain-ascend = 0 cost=138299 energy=.4kwh time=4h 25m 40s AUTO selected WAYPOINT (score 0.801) after 2 candidate(s) in 29824ms. Also tried ISO_GREEDY: score 0.718. short shared stem near start/end: 515m Note: route crosses its own path 1 time. -->
<gpx
 xmlns="http://www.topografix.com/GPX/1/1"
 xmlns:xsi="http://www.w3.org/2001/XMLSchema-instance"
 xsi:schemaLocation="http://www.topografix.com/GPX/1/1 http://www.topografix.com/GPX/1/1/gpx.xsd"
 creator="BRouter-null" version="1.1">
 <trk>
  <name>brouter_fastbike_0</name>
  <trkseg>
   <trkpt lon="8.719237" lat="50.000027"><ele>159.75</ele></trkpt>
   <trkpt lon="8.718603" lat="50.000567"><ele>156.75</ele></trkpt>
   <trkpt lon="8.718525" lat="50.000599"><ele>156.75</ele></trkpt>
   <trkpt lon="8.718470" lat="50.000614"><ele>156.75</ele></trkpt>
   <trkpt lon="8.718605" lat="50.000673"><ele>156.5</ele></trkpt>
   <trkpt lon="8.718770" lat="50.000828"><ele>155.25</ele></trkpt>
   <trkpt lon="8.718875" lat="50.000892"><ele>155.25</ele></trkpt>
   <trkpt lon="8.718993" lat="50.000918"><ele>155.0</ele></trkpt>
   <trkpt lon="8.719058" lat="50.000994"><ele>155.0</ele></trkpt>
   <trkpt lon="8.719003" lat="50.001076"><ele>155.5</ele></trkpt>
   <trkpt lon="8.719018" lat="50.001169"><ele>155.5</ele></trkpt>
   <trkpt lon="8.718811" lat="50.001545"><ele>155.75</ele></trkpt>
   <trkpt lon="8.718789" lat="50.001729"><ele>155.25</ele></trkpt>
   <trkpt lon="8.718712" lat="50.001784"><ele>155.0</ele></trkpt>
   <trkpt lon="8.718548" lat="50.001811"><ele>154.75</ele></trkpt>
   <trkpt lon="8.718417" lat="50.001846"><ele>154.5</ele></trkpt>
   <trkpt lon="8.718325" lat="50.001878"><ele>154.0</ele></trkpt>
   <trkpt lon="8.718246" lat="50.001911"><ele>154.0</ele></trkpt>
   <trkpt lon="8.718165" lat="50.001959"><ele>154.0</ele></trkpt>
   <trkpt lon="8.718091" lat="50.002009"><ele>154.0</ele></trkpt>
   <trkpt lon="8.717981" lat="50.002103"><ele>153.5</ele></trkpt>
   <trkpt lon="8.717847" lat="50.002247"><ele>153.25</ele></trkpt>
   <trkpt lon="8.717553" lat="50.002592"><ele>153.0</ele></trkpt>
   <trkpt lon="8.717482" lat="50.002649"><ele>153.0</ele></trkpt>
   <trkpt lon="8.717402" lat="50.002693"><ele>153.0</ele></trkpt>
   <trkpt lon="8.717298" lat="50.002726"><ele>153.0</ele></trkpt>
   <trkpt lon="8.717098" lat="50.002753"><ele>153.0</ele></trkpt>
   <trkpt lon="8.717001" lat="50.002751"><ele>153.0</ele></trkpt>
   <trkpt lon="8.716890" lat="50.002737"><ele>153.0</ele></trkpt>
   <trkpt lon="8.716690" lat="50.002692"><ele>153.5</ele></trkpt>
   <trkpt lon="8.716503" lat="50.002637"><ele>152.75</ele></trkpt>
   <trkpt lon="8.716190" lat="50.002518"><ele>153.5</ele></trkpt>
   <trkpt lon="8.716077" lat="50.002464"><ele>154.0</ele></trkpt>
   <trkpt lon="8.715780" lat="50.002263"><ele>154.75</ele></trkpt>
   <trkpt lon="8.715472" lat="50.002049"><ele>155.0</ele></trkpt>
   <trkpt lon="8.715368" lat="50.001981"><ele>155.5</ele></trkpt>
   <trkpt lon="8.715153" lat="50.001844"><ele>156.25</ele></trkpt>
   <trkpt lon="8.714945" lat="50.001724"><ele>157.0</ele></trkpt>
   <trkpt lon="8.714696" lat="50.001593"><ele>158.0</ele></trkpt>
   <trkpt lon="8.714576" lat="50.001539"><ele>158.0</ele></trkpt>
   <trkpt lon="8.714536" lat="50.001521"><ele>158.0</ele></trkpt>
   <trkpt lon="8.713813" lat="50.001229"><ele>158.25</ele></trkpt>
   <trkpt lon="8.712987" lat="50.000894"><ele>160.0</ele></trkpt>
   <trkpt lon="8.712377" lat="50.000635"><ele>160.75</ele></trkpt>
   <trkpt lon="8.711610" lat="50.000365"><ele>162.0</ele></trkpt>
   <trkpt lon="8.711574" lat="50.000352"><ele>161.75</ele></trkpt>
   <trkpt lon="8.711876" lat="50.000020"><ele>162.0</ele></trkpt>
   <trkpt lon="8.711907" lat="49.999982"><ele>162.0</ele></trkpt>
   <trkpt lon="8.711978" lat="49.999874"><ele>162.0</ele></trkpt>
   <trkpt lon="8.711999" lat="49.999825"><ele>162.0</ele></trkpt>
   <trkpt lon="8.712001" lat="49.999797"><ele>162.0</ele></trkpt>
   <trkpt lon="8.711988" lat="49.999769"><ele>162.0</ele></trkpt>
   <trkpt lon="8.711957" lat="49.999736"><ele>162.0</ele></trkpt>
   <trkpt lon="8.711897" lat="49.999702"><ele>162.0</ele></trkpt>
   <trkpt lon="8.711773" lat="49.999666"><ele>162.5</ele></trkpt>
   <trkpt lon="8.711674" lat="49.999639"><ele>162.75</ele></trkpt>
   <trkpt lon="8.711656" lat="49.999634"><ele>163.0</ele></trkpt>
   <trkpt lon="8.710589" lat="49.999347"><ele>163.25</ele></trkpt>
   <trkpt lon="8.710525" lat="49.999334"><ele>163.25</ele></trkpt>
   <trkpt lon="8.710451" lat="49.999325"><ele>163.5</ele></trkpt>
   <trkpt lon="8.709611" lat="49.999334"><ele>164.5</ele></trkpt>
   <trkpt lon="8.709536" lat="49.999328"><ele>164.75</ele></trkpt>
   <trkpt lon="8.708884" lat="49.999187"><ele>165.0</ele></trkpt>
   <trkpt lon="8.708810" lat="49.999170"><ele>165.0</ele></trkpt>
   <trkpt lon="8.708012" lat="49.998981"><ele>166.0</ele></trkpt>
   <trkpt lon="8.707888" lat="49.998934"><ele>166.0</ele></trkpt>
   <trkpt lon="8.707743" lat="49.998869"><ele>166.0</ele></trkpt>
   <trkpt lon="8.707374" lat="49.998680"><ele>167.25</ele></trkpt>
   <trkpt lon="8.706912" lat="49.998408"><ele>168.5</ele></trkpt>
   <trkpt lon="8.706854" lat="49.998360"><ele>168.75</ele></trkpt>
   <trkpt lon="8.706774" lat="49.998275"><ele>169.0</ele></trkpt>
   <trkpt lon="8.706729" lat="49.998210"><ele>169.0</ele></trkpt>
   <trkpt lon="8.706686" lat="49.998123"><ele>169.0</ele></trkpt>
   <trkpt lon="8.706612" lat="49.997921"><ele>169.5</ele></trkpt>
   <trkpt lon="8.706572" lat="49.997780"><ele>170.25</ele></trkpt>
   <trkpt lon="8.706542" lat="49.997691"><ele>170.5</ele></trkpt>
   <trkpt lon="8.706378" lat="49.997180"><ele>172.0</ele></trkpt>
   <trkpt lon="8.706354" lat="49.997093"><ele>172.0</ele></trkpt>
   <trkpt lon="8.706309" lat="49.996946"><ele>172.25</ele></trkpt>
   <trkpt lon="8.706177" lat="49.996602"><ele>173.75</ele></trkpt>
   <trkpt lon="8.706153" lat="49.996558"><ele>173.75</ele></trkpt>
   <trkpt lon="8.706085" lat="49.996415"><ele>174.0</ele></trkpt>
   <trkpt lon="8.705822" lat="49.995997"><ele>175.25</ele></trkpt>
   <trkpt lon="8.705635" lat="49.995676"><ele>176.0</ele></trkpt>
   <trkpt lon="8.705122" lat="49.994839"><ele>175.0</ele></trkpt>
   <trkpt lon="8.704925" lat="49.994556"><ele>174.75</ele></trkpt>
   <trkpt lon="8.704750" lat="49.994340"><ele>174.0</ele></trkpt>
   <trkpt lon="8.704505" lat="49.994062"><ele>173.25</ele></trkpt>
   <trkpt lon="8.703902" lat="49.993414"><ele>171.0</ele></trkpt>
   <trkpt lon="8.703444" lat="49.992890"><ele>169.0</ele></trkpt>
   <trkpt lon="8.703204" lat="49.992577"><ele>168.0</ele></trkpt>
   <trkpt lon="8.702941" lat="49.992170"><ele>166.75</ele></trkpt>
   <trkpt lon="8.702752" lat="49.991867"><ele>166.5</ele></trkpt>
   <trkpt lon="8.702101" lat="49.990750"><ele>165.5</ele></trkpt>
   <trkpt lon="8.701836" lat="49.990302"><ele>165.75</ele></trkpt>
   <trkpt lon="8.701696" lat="49.990062"><ele>166.0</ele></trkpt>
   <trkpt lon="8.701475" lat="49.989716"><ele>166.0</ele></trkpt>
   <trkpt lon="8.700930" lat="49.988861"><ele>167.25</ele></trkpt>
   <trkpt lon="8.700558" lat="49.988308"><ele>168.75</ele></trkpt>
   <trkpt lon="8.700272" lat="49.987868"><ele>169.25</ele></trkpt>
   <trkpt lon="8.700204" lat="49.987721"><ele>169.75</ele></trkpt>
   <trkpt lon="8.700174" lat="49.987608"><ele>170.25</ele></trkpt>
   <trkpt lon="8.700051" lat="49.987447"><ele>171.0</ele></trkpt>
   <trkpt lon="8.699993" lat="49.987385"><ele>171.25</ele></trkpt>
   <trkpt lon="8.699925" lat="49.987329"><ele>171.25</ele></trkpt>
   <trkpt lon="8.699836" lat="49.987277"><ele>171.0</ele></trkpt>
   <trkpt lon="8.698899" lat="49.987255"><ele>169.5</ele></trkpt>
   <trkpt lon="8.698410" lat="49.987246"><ele>169.5</ele></trkpt>
   <trkpt lon="8.698318" lat="49.987244"><ele>169.5</ele></trkpt>
   <trkpt lon="8.698122" lat="49.987247"><ele>169.0</ele></trkpt>
   <trkpt lon="8.697485" lat="49.987295"><ele>167.5</ele></trkpt>
   <trkpt lon="8.696927" lat="49.987369"><ele>167.25</ele></trkpt>
   <trkpt lon="8.696326" lat="49.987483"><ele>165.0</ele></trkpt>
   <trkpt lon="8.695864" lat="49.987596"><ele>164.5</ele></trkpt>
   <trkpt lon="8.695450" lat="49.987713"><ele>163.25</ele></trkpt>
   <trkpt lon="8.694835" lat="49.987924"><ele>161.75</ele></trkpt>
   <trkpt lon="8.694411" lat="49.988092"><ele>160.0</ele></trkpt>
   <trkpt lon="8.694164" lat="49.988237"><ele>159.5</ele></trkpt>
   <trkpt lon="8.693793" lat="49.988426"><ele>158.75</ele></trkpt>
   <trkpt lon="8.693468" lat="49.988629"><ele>157.75</ele></trkpt>
   <trkpt lon="8.693165" lat="49.988832"><ele>156.75</ele></trkpt>
   <trkpt lon="8.693077" lat="49.988758"><ele>157.25</ele></trkpt>
   <trkpt lon="8.692782" lat="49.988503"><ele>158.25</ele></trkpt>
   <trkpt lon="8.692743" lat="49.988465"><ele>158.25</ele></trkpt>
   <trkpt lon="8.692050" lat="49.987883"><ele>159.25</ele></trkpt>
   <trkpt lon="8.691490" lat="49.987402"><ele>159.75</ele></trkpt>
   <trkpt lon="8.690725" lat="49.986788"><ele>162.0</ele></trkpt>
   <trkpt lon="8.690543" lat="49.986722"><ele>161.75</ele></trkpt>
   <trkpt lon="8.690431" lat="49.986705"><ele>161.75</ele></trkpt>
   <trkpt lon="8.690320" lat="49.986706"><ele>161.5</ele></trkpt>
   <trkpt lon="8.690184" lat="49.986730"><ele>161.5</ele></trkpt>
   <trkpt lon="8.690014" lat="49.986778"><ele>161.0</ele></trkpt>
   <trkpt lon="8.689813" lat="49.986852"><ele>160.25</ele></trkpt>
   <trkpt lon="8.689538" lat="49.986918"><ele>160.0</ele></trkpt>
   <trkpt lon="8.689342" lat="49.986949"><ele>159.5</ele></trkpt>
   <trkpt lon="8.689183" lat="49.986966"><ele>158.75</ele></trkpt>
   <trkpt lon="8.689022" lat="49.986974"><ele>158.25</ele></trkpt>
   <trkpt lon="8.688614" lat="49.986978"><ele>157.75</ele></trkpt>
   <trkpt lon="8.688144" lat="49.986968"><ele>156.75</ele></trkpt>
   <trkpt lon="8.687758" lat="49.986960"><ele>156.75</ele></trkpt>
   <trkpt lon="8.687305" lat="49.986951"><ele>155.75</ele></trkpt>
   <trkpt lon="8.687057" lat="49.986945"><ele>155.25</ele></trkpt>
   <trkpt lon="8.686884" lat="49.986942"><ele>154.75</ele></trkpt>
   <trkpt lon="8.686809" lat="49.986940"><ele>154.75</ele></trkpt>
   <trkpt lon="8.686337" lat="49.986928"><ele>153.75</ele></trkpt>
   <trkpt lon="8.685222" lat="49.986907"><ele>151.75</ele></trkpt>
   <trkpt lon="8.684829" lat="49.986898"><ele>151.25</ele></trkpt>
   <trkpt lon="8.684549" lat="49.986894"><ele>150.75</ele></trkpt>
   <trkpt lon="8.684038" lat="49.986882"><ele>149.75</ele></trkpt>
   <trkpt lon="8.683035" lat="49.986863"><ele>148.75</ele></trkpt>
   <trkpt lon="8.682799" lat="49.986869"><ele>148.25</ele></trkpt>
   <trkpt lon="8.682658" lat="49.986877"><ele>147.75</ele></trkpt>
   <trkpt lon="8.681984" lat="49.986919"><ele>146.0</ele></trkpt>
   <trkpt lon="8.681293" lat="49.986962"><ele>144.0</ele></trkpt>
   <trkpt lon="8.681227" lat="49.986405"><ele>144.75</ele></trkpt>
   <trkpt lon="8.681221" lat="49.985889"><ele>144.5</ele></trkpt>
   <trkpt lon="8.679082" lat="49.985856"><ele>137.5</ele></trkpt>
   <trkpt lon="8.678762" lat="49.985868"><ele>137.0</ele></trkpt>
   <trkpt lon="8.678662" lat="49.985307"><ele>136.25</ele></trkpt>
   <trkpt lon="8.678573" lat="49.984814"><ele>136.0</ele></trkpt>
   <trkpt lon="8.678508" lat="49.984447"><ele>135.5</ele></trkpt>
   <trkpt lon="8.678495" lat="49.984362"><ele>135.25</ele></trkpt>
   <trkpt lon="8.678456" lat="49.984113"><ele>135.0</ele></trkpt>
   <trkpt lon="8.678278" lat="49.983111"><ele>134.0</ele></trkpt>
   <trkpt lon="8.678257" lat="49.983005"><ele>133.75</ele></trkpt>
   <trkpt lon="8.678234" lat="49.982872"><ele>133.75</ele></trkpt>
   <trkpt lon="8.678191" lat="49.982620"><ele>133.25</ele></trkpt>
   <trkpt lon="8.678161" lat="49.982409"><ele>133.5</ele></trkpt>
   <trkpt lon="8.678062" lat="49.981849"><ele>133.0</ele></trkpt>
   <trkpt lon="8.678041" lat="49.981747"><ele>133.0</ele></trkpt>
   <trkpt lon="8.677987" lat="49.981426"><ele>133.0</ele></trkpt>
   <trkpt lon="8.677972" lat="49.981344"><ele>133.0</ele></trkpt>
   <trkpt lon="8.677921" lat="49.981052"><ele>133.0</ele></trkpt>
   <trkpt lon="8.677837" lat="49.980562"><ele>133.0</ele></trkpt>
   <trkpt lon="8.677793" lat="49.980288"><ele>133.0</ele></trkpt>
   <trkpt lon="8.677768" lat="49.980127"><ele>132.75</ele></trkpt>
   <trkpt lon="8.677666" lat="49.979481"><ele>132.0</ele></trkpt>
   <trkpt lon="8.677646" lat="49.979357"><ele>132.0</ele></trkpt>
   <trkpt lon="8.677640" lat="49.979322"><ele>132.0</ele></trkpt>
   <trkpt lon="8.677525" lat="49.978597"><ele>132.0</ele></trkpt>
   <trkpt lon="8.677500" lat="49.978449"><ele>132.0</ele></trkpt>
   <trkpt lon="8.677487" lat="49.978367"><ele>131.75</ele></trkpt>
   <trkpt lon="8.677450" lat="49.978180"><ele>131.75</ele></trkpt>
   <trkpt lon="8.677315" lat="49.977523"><ele>131.25</ele></trkpt>
   <trkpt lon="8.676998" lat="49.975692"><ele>132.0</ele></trkpt>
   <trkpt lon="8.676878" lat="49.974939"><ele>131.75</ele></trkpt>
   <trkpt lon="8.676774" lat="49.974364"><ele>132.0</ele></trkpt>
   <trkpt lon="8.676692" lat="49.973897"><ele>132.0</ele></trkpt>
   <trkpt lon="8.676554" lat="49.973144"><ele>132.0</ele></trkpt>
   <trkpt lon="8.676498" lat="49.972850"><ele>132.0</ele></trkpt>
   <trkpt lon="8.676406" lat="49.972376"><ele>132.25</ele></trkpt>
   <trkpt lon="8.676363" lat="49.972152"><ele>132.5</ele></trkpt>
   <trkpt lon="8.676239" lat="49.971353"><ele>131.5</ele></trkpt>
   <trkpt lon="8.676085" lat="49.970366"><ele>132.0</ele></trkpt>
   <trkpt lon="8.675979" lat="49.969871"><ele>132.0</ele></trkpt>
   <trkpt lon="8.675946" lat="49.969685"><ele>132.0</ele></trkpt>
   <trkpt lon="8.675901" lat="49.969425"><ele>132.0</ele></trkpt>
   <trkpt lon="8.675891" lat="49.969367"><ele>132.0</ele></trkpt>
   <trkpt lon="8.675844" lat="49.969059"><ele>132.0</ele></trkpt>
   <trkpt lon="8.675797" lat="49.968732"><ele>132.0</ele></trkpt>
   <trkpt lon="8.675771" lat="49.968584"><ele>132.0</ele></trkpt>
   <trkpt lon="8.675769" lat="49.968576"><ele>132.0</ele></trkpt>
   <trkpt lon="8.675603" lat="49.967612"><ele>131.75</ele></trkpt>
   <trkpt lon="8.675539" lat="49.967213"><ele>131.75</ele></trkpt>
   <trkpt lon="8.675380" lat="49.966312"><ele>132.0</ele></trkpt>
   <trkpt lon="8.675161" lat="49.965027"><ele>132.0</ele></trkpt>
   <trkpt lon="8.675149" lat="49.964952"><ele>131.75</ele></trkpt>
   <trkpt lon="8.675036" lat="49.964322"><ele>131.25</ele></trkpt>
   <trkpt lon="8.674886" lat="49.963537"><ele>130.5</ele></trkpt>
   <trkpt lon="8.674860" lat="49.963393"><ele>130.5</ele></trkpt>
   <trkpt lon="8.674809" lat="49.963087"><ele>130.75</ele></trkpt>
   <trkpt lon="8.674794" lat="49.962973"><ele>131.0</ele></trkpt>
   <trkpt lon="8.674773" lat="49.962845"><ele>131.0</ele></trkpt>
   <trkpt lon="8.674755" lat="49.962712"><ele>131.0</ele></trkpt>
   <trkpt lon="8.674724" lat="49.962481"><ele>131.0</ele></trkpt>
   <trkpt lon="8.674678" lat="49.962188"><ele>130.75</ele></trkpt>
   <trkpt lon="8.674592" lat="49.961718"><ele>130.5</ele></trkpt>
   <trkpt lon="8.674369" lat="49.960473"><ele>130.5</ele></trkpt>
   <trkpt lon="8.673955" lat="49.958142"><ele>131.0</ele></trkpt>
   <trkpt lon="8.673819" lat="49.957422"><ele>130.25</ele></trkpt>
   <trkpt lon="8.673752" lat="49.957074"><ele>130.0</ele></trkpt>
   <trkpt lon="8.673726" lat="49.956938"><ele>130.0</ele></trkpt>
   <trkpt lon="8.673591" lat="49.956099"><ele>130.0</ele></trkpt>
   <trkpt lon="8.673345" lat="49.954654"><ele>130.0</ele></trkpt>
   <trkpt lon="8.673231" lat="49.953967"><ele>130.0</ele></trkpt>
   <trkpt lon="8.673139" lat="49.953494"><ele>129.5</ele></trkpt>
   <trkpt lon="8.673098" lat="49.953275"><ele>130.0</ele></trkpt>
   <trkpt lon="8.673060" lat="49.953128"><ele>130.0</ele></trkpt>
   <trkpt lon="8.673000" lat="49.952945"><ele>130.0</ele></trkpt>
   <trkpt lon="8.672912" lat="49.952746"><ele>129.75</ele></trkpt>
   <trkpt lon="8.672794" lat="49.952535"><ele>129.0</ele></trkpt>
   <trkpt lon="8.672507" lat="49.952116"><ele>129.0</ele></trkpt>
   <trkpt lon="8.672460" lat="49.952050"><ele>128.75</ele></trkpt>
   <trkpt lon="8.672446" lat="49.952033"><ele>128.75</ele></trkpt>
   <trkpt lon="8.672330" lat="49.951864"><ele>128.25</ele></trkpt>
   <trkpt lon="8.671690" lat="49.950932"><ele>129.0</ele></trkpt>
   <trkpt lon="8.671353" lat="49.950492"><ele>128.5</ele></trkpt>
   <trkpt lon="8.671114" lat="49.950160"><ele>128.75</ele></trkpt>
   <trkpt lon="8.670517" lat="49.949346"><ele>128.75</ele></trkpt>
   <trkpt lon="8.669905" lat="49.948507"><ele>128.75</ele></trkpt>
   <trkpt lon="8.669875" lat="49.948465"><ele>128.75</ele></trkpt>
   <trkpt lon="8.669578" lat="49.948053"><ele>128.25</ele></trkpt>
   <trkpt lon="8.668974" lat="49.947151"><ele>128.0</ele></trkpt>
   <trkpt lon="8.668448" lat="49.946412"><ele>128.0</ele></trkpt>
   <trkpt lon="8.667958" lat="49.945750"><ele>128.25</ele></trkpt>
   <trkpt lon="8.667254" lat="49.944751"><ele>128.0</ele></trkpt>
   <trkpt lon="8.664983" lat="49.941627"><ele>127.75</ele></trkpt>
   <trkpt lon="8.662883" lat="49.938731"><ele>126.5</ele></trkpt>
   <trkpt lon="8.662680" lat="49.938421"><ele>126.25</ele></trkpt>
   <trkpt lon="8.662435" lat="49.937983"><ele>126.5</ele></trkpt>
   <trkpt lon="8.662203" lat="49.937515"><ele>126.75</ele></trkpt>
   <trkpt lon="8.661560" lat="49.936145"><ele>125.75</ele></trkpt>
   <trkpt lon="8.661330" lat="49.935678"><ele>125.75</ele></trkpt>
   <trkpt lon="8.660833" lat="49.934655"><ele>125.75</ele></trkpt>
   <trkpt lon="8.660804" lat="49.934599"><ele>125.75</ele></trkpt>
   <trkpt lon="8.660731" lat="49.934451"><ele>126.25</ele></trkpt>
   <trkpt lon="8.660554" lat="49.934088"><ele>125.5</ele></trkpt>
   <trkpt lon="8.660521" lat="49.934022"><ele>125.5</ele></trkpt>
   <trkpt lon="8.660409" lat="49.933795"><ele>125.5</ele></trkpt>
   <trkpt lon="8.660257" lat="49.933487"><ele>125.5</ele></trkpt>
   <trkpt lon="8.659980" lat="49.932938"><ele>126.0</ele></trkpt>
   <trkpt lon="8.659767" lat="49.932515"><ele>125.75</ele></trkpt>
   <trkpt lon="8.659689" lat="49.932360"><ele>125.75</ele></trkpt>
   <trkpt lon="8.659519" lat="49.932000"><ele>126.0</ele></trkpt>
   <trkpt lon="8.659433" lat="49.931815"><ele>126.0</ele></trkpt>
   <trkpt lon="8.659416" lat="49.931780"><ele>126.0</ele></trkpt>
   <trkpt lon="8.659361" lat="49.931662"><ele>126.0</ele></trkpt>
   <trkpt lon="8.659275" lat="49.931485"><ele>126.0</ele></trkpt>
   <trkpt lon="8.659264" lat="49.931462"><ele>126.0</ele></trkpt>
   <trkpt lon="8.659213" lat="49.931357"><ele>126.0</ele></trkpt>
   <trkpt lon="8.659100" lat="49.931097"><ele>125.75</ele></trkpt>
   <trkpt lon="8.658981" lat="49.930817"><ele>125.75</ele></trkpt>
   <trkpt lon="8.658841" lat="49.930532"><ele>125.75</ele></trkpt>
   <trkpt lon="8.658532" lat="49.929901"><ele>124.75</ele></trkpt>
   <trkpt lon="8.658384" lat="49.929582"><ele>124.75</ele></trkpt>
   <trkpt lon="8.658323" lat="49.929456"><ele>124.75</ele></trkpt>
   <trkpt lon="8.658008" lat="49.928800"><ele>124.75</ele></trkpt>
   <trkpt lon="8.657907" lat="49.928591"><ele>124.75</ele></trkpt>
   <trkpt lon="8.657513" lat="49.927785"><ele>124.75</ele></trkpt>
   <trkpt lon="8.657043" lat="49.926801"><ele>124.5</ele></trkpt>
   <trkpt lon="8.656679" lat="49.926044"><ele>124.75</ele></trkpt>
   <trkpt lon="8.656265" lat="49.925168"><ele>125.0</ele></trkpt>
   <trkpt lon="8.655831" lat="49.924302"><ele>124.75</ele></trkpt>
   <trkpt lon="8.655491" lat="49.923633"><ele>124.75</ele></trkpt>
   <trkpt lon="8.655457" lat="49.923554"><ele>124.75</ele></trkpt>
   <trkpt lon="8.655437" lat="49.923506"><ele>124.75</ele></trkpt>
   <trkpt lon="8.655300" lat="49.923539"><ele>124.75</ele></trkpt>
   <trkpt lon="8.655216" lat="49.923502"><ele>124.75</ele></trkpt>
   <trkpt lon="8.655166" lat="49.923406"><ele>124.5</ele></trkpt>
   <trkpt lon="8.655121" lat="49.923313"><ele>124.25</ele></trkpt>
   <trkpt lon="8.655154" lat="49.923267"><ele>124.25</ele></trkpt>
   <trkpt lon="8.655144" lat="49.923190"><ele>124.25</ele></trkpt>
   <trkpt lon="8.655075" lat="49.923036"><ele>123.5</ele></trkpt>
   <trkpt lon="8.654810" lat="49.922634"><ele>123.5</ele></trkpt>
   <trkpt lon="8.654529" lat="49.922310"><ele>123.75</ele></trkpt>
   <trkpt lon="8.654150" lat="49.922044"><ele>124.0</ele></trkpt>
   <trkpt lon="8.653837" lat="49.921873"><ele>124.0</ele></trkpt>
   <trkpt lon="8.653767" lat="49.921845"><ele>124.0</ele></trkpt>
   <trkpt lon="8.653377" lat="49.921690"><ele>124.0</ele></trkpt>
   <trkpt lon="8.653008" lat="49.921570"><ele>123.25</ele></trkpt>
   <trkpt lon="8.652679" lat="49.921501"><ele>124.0</ele></trkpt>
   <trkpt lon="8.652279" lat="49.921434"><ele>124.5</ele></trkpt>
   <trkpt lon="8.649028" lat="49.920988"><ele>123.75</ele></trkpt>
   <trkpt lon="8.648688" lat="49.920936"><ele>124.25</ele></trkpt>
   <trkpt lon="8.648590" lat="49.920923"><ele>124.5</ele></trkpt>
   <trkpt lon="8.648239" lat="49.920879"><ele>127.75</ele></trkpt>
   <trkpt lon="8.647617" lat="49.920766"><ele>126.75</ele></trkpt>
   <trkpt lon="8.647100" lat="49.920637"><ele>128.25</ele></trkpt>
   <trkpt lon="8.646872" lat="49.920556"><ele>129.25</ele></trkpt>
   <trkpt lon="8.646769" lat="49.920506"><ele>129.0</ele></trkpt>
   <trkpt lon="8.646252" lat="49.920268"><ele>129.0</ele></trkpt>
   <trkpt lon="8.645974" lat="49.920084"><ele>129.0</ele></trkpt>
   <trkpt lon="8.645757" lat="49.919939"><ele>129.0</ele></trkpt>
   <trkpt lon="8.645512" lat="49.919742"><ele>129.5</ele></trkpt>
   <trkpt lon="8.645243" lat="49.919485"><ele>127.75</ele></trkpt>
   <trkpt lon="8.644971" lat="49.919067"><ele>127.0</ele></trkpt>
   <trkpt lon="8.644831" lat="49.918753"><ele>125.0</ele></trkpt>
   <trkpt lon="8.644776" lat="49.918560"><ele>124.5</ele></trkpt>
   <trkpt lon="8.644743" lat="49.918371"><ele>124.0</ele></trkpt>
   <trkpt lon="8.644744" lat="49.918200"><ele>123.75</ele></trkpt>
   <trkpt lon="8.644772" lat="49.917765"><ele>123.25</ele></trkpt>
   <trkpt lon="8.644823" lat="49.917316"><ele>123.25</ele></trkpt>
   <trkpt lon="8.644891" lat="49.916957"><ele>123.5</ele></trkpt>
   <trkpt lon="8.644957" lat="49.916425"><ele>123.0</ele></trkpt>
   <trkpt lon="8.644972" lat="49.915978"><ele>123.75</ele></trkpt>
   <trkpt lon="8.643694" lat="49.916016"><ele>123.0</ele></trkpt>
   <trkpt lon="8.642388" lat="49.916062"><ele>122.5</ele></trkpt>
   <trkpt lon="8.641844" lat="49.916079"><ele>122.0</ele></trkpt>
   <trkpt lon="8.640671" lat="49.916120"><ele>121.75</ele></trkpt>
   <trkpt lon="8.640612" lat="49.915491"><ele>122.0</ele></trkpt>
   <trkpt lon="8.640607" lat="49.915454"><ele>122.0</ele></trkpt>
   <trkpt lon="8.640584" lat="49.915373"><ele>122.0</ele></trkpt>
   <trkpt lon="8.640287" lat="49.915403"><ele>122.0</ele></trkpt>
   <trkpt lon="8.638322" lat="49.915587"><ele>121.0</ele></trkpt>
   <trkpt lon="8.638061" lat="49.915607"><ele>121.0</ele></trkpt>
   <trkpt lon="8.637744" lat="49.915622"><ele>120.75</ele></trkpt>
   <trkpt lon="8.637338" lat="49.915624"><ele>121.0</ele></trkpt>
   <trkpt lon="8.637034" lat="49.915613"><ele>121.0</ele></trkpt>
   <trkpt lon="8.634772" lat="49.915477"><ele>120.0</ele></trkpt>
   <trkpt lon="8.634409" lat="49.915456"><ele>120.5</ele></trkpt>
   <trkpt lon="8.630880" lat="49.915249"><ele>119.0</ele></trkpt>
   <trkpt lon="8.629304" lat="49.915157"><ele>118.5</ele></trkpt>
   <trkpt lon="8.628548" lat="49.915110"><ele>118.0</ele></trkpt>
   <trkpt lon="8.628273" lat="49.915091"><ele>118.0</ele></trkpt>
   <trkpt lon="8.627776" lat="49.915047"><ele>118.0</ele></trkpt>
   <trkpt lon="8.626644" lat="49.914914"><ele>117.5</ele></trkpt>
   <trkpt lon="8.626046" lat="49.914813"><ele>117.0</ele></trkpt>
   <trkpt lon="8.625438" lat="49.914694"><ele>117.0</ele></trkpt>
   <trkpt lon="8.624285" lat="49.914428"><ele>116.25</ele></trkpt>
   <trkpt lon="8.623759" lat="49.914303"><ele>116.0</ele></trkpt>
   <trkpt lon="8.622363" lat="49.913991"><ele>116.0</ele></trkpt>
   <trkpt lon="8.618910" lat="49.913278"><ele>114.0</ele></trkpt>
   <trkpt lon="8.618197" lat="49.913138"><ele>114.0</ele></trkpt>
   <trkpt lon="8.617294" lat="49.912938"><ele>113.25</ele></trkpt>
   <trkpt lon="8.617176" lat="49.912911"><ele>113.0</ele></trkpt>
   <trkpt lon="8.616925" lat="49.912841"><ele>113.75</ele></trkpt>
   <trkpt lon="8.616670" lat="49.912755"><ele>114.0</ele></trkpt>
   <trkpt lon="8.616603" lat="49.912745"><ele>114.0</ele></trkpt>
   <trkpt lon="8.616547" lat="49.912747"><ele>114.0</ele></trkpt>
   <trkpt lon="8.616527" lat="49.912756"><ele>114.0</ele></trkpt>
   <trkpt lon="8.616464" lat="49.912768"><ele>114.0</ele></trkpt>
   <trkpt lon="8.616399" lat="49.912766"><ele>114.0</ele></trkpt>
   <trkpt lon="8.616338" lat="49.912750"><ele>113.75</ele></trkpt>
   <trkpt lon="8.616288" lat="49.912723"><ele>113.5</ele></trkpt>
   <trkpt lon="8.616254" lat="49.912686"><ele>113.5</ele></trkpt>
   <trkpt lon="8.616241" lat="49.912645"><ele>113.5</ele></trkpt>
   <trkpt lon="8.616249" lat="49.912603"><ele>113.75</ele></trkpt>
   <trkpt lon="8.615392" lat="49.912378"><ele>113.0</ele></trkpt>
   <trkpt lon="8.614692" lat="49.912232"><ele>113.0</ele></trkpt>
   <trkpt lon="8.613478" lat="49.911869"><ele>113.0</ele></trkpt>
   <trkpt lon="8.613317" lat="49.911844"><ele>113.0</ele></trkpt>
   <trkpt lon="8.613067" lat="49.911789"><ele>113.0</ele></trkpt>
   <trkpt lon="8.612862" lat="49.911734"><ele>113.0</ele></trkpt>
   <trkpt lon="8.612616" lat="49.911656"><ele>113.0</ele></trkpt>
   <trkpt lon="8.612556" lat="49.911636"><ele>113.0</ele></trkpt>
   <trkpt lon="8.612484" lat="49.911602"><ele>113.0</ele></trkpt>
   <trkpt lon="8.612414" lat="49.911560"><ele>113.0</ele></trkpt>
   <trkpt lon="8.612118" lat="49.911475"><ele>112.75</ele></trkpt>
   <trkpt lon="8.611309" lat="49.911254"><ele>112.0</ele></trkpt>
   <trkpt lon="8.610871" lat="49.911142"><ele>112.75</ele></trkpt>
   <trkpt lon="8.610041" lat="49.910944"><ele>112.5</ele></trkpt>
   <trkpt lon="8.608700" lat="49.910605"><ele>113.25</ele></trkpt>
   <trkpt lon="8.608007" lat="49.910429"><ele>113.0</ele></trkpt>
   <trkpt lon="8.606763" lat="49.910104"><ele>112.0</ele></trkpt>
   <trkpt lon="8.605080" lat="49.909629"><ele>110.25</ele></trkpt>
   <trkpt lon="8.604811" lat="49.909554"><ele>110.0</ele></trkpt>
   <trkpt lon="8.603367" lat="49.909161"><ele>110.0</ele></trkpt>
   <trkpt lon="8.602762" lat="49.908989"><ele>110.0</ele></trkpt>
   <trkpt lon="8.601725" lat="49.908695"><ele>110.0</ele></trkpt>
   <trkpt lon="8.599283" lat="49.907993"><ele>109.0</ele></trkpt>
   <trkpt lon="8.597486" lat="49.907476"><ele>108.75</ele></trkpt>
   <trkpt lon="8.597209" lat="49.907411"><ele>108.5</ele></trkpt>
   <trkpt lon="8.596316" lat="49.907223"><ele>108.0</ele></trkpt>
   <trkpt lon="8.595817" lat="49.907119"><ele>108.0</ele></trkpt>
   <trkpt lon="8.595414" lat="49.907041"><ele>107.75</ele></trkpt>
   <trkpt lon="8.595227" lat="49.906996"><ele>108.0</ele></trkpt>
   <trkpt lon="8.595124" lat="49.906973"><ele>108.0</ele></trkpt>
   <trkpt lon="8.595039" lat="49.906954"><ele>108.0</ele></trkpt>
   <trkpt lon="8.595003" lat="49.906946"><ele>108.0</ele></trkpt>
   <trkpt lon="8.594801" lat="49.906911"><ele>108.0</ele></trkpt>
   <trkpt lon="8.594213" lat="49.906791"><ele>108.0</ele></trkpt>
   <trkpt lon="8.592382" lat="49.906416"><ele>107.75</ele></trkpt>
   <trkpt lon="8.592536" lat="49.906115"><ele>107.0</ele></trkpt>
   <trkpt lon="8.592575" lat="49.906002"><ele>107.0</ele></trkpt>
   <trkpt lon="8.592635" lat="49.905481"><ele>107.0</ele></trkpt>
   <trkpt lon="8.592714" lat="49.904698"><ele>108.0</ele></trkpt>
   <trkpt lon="8.592731" lat="49.904564"><ele>108.0</ele></trkpt>
   <trkpt lon="8.592844" lat="49.903546"><ele>108.0</ele></trkpt>
   <trkpt lon="8.592836" lat="49.903487"><ele>108.0</ele></trkpt>
   <trkpt lon="8.592822" lat="49.903466"><ele>108.0</ele></trkpt>
   <trkpt lon="8.592755" lat="49.903409"><ele>107.75</ele></trkpt>
   <trkpt lon="8.592699" lat="49.903368"><ele>108.0</ele></trkpt>
   <trkpt lon="8.592820" lat="49.903303"><ele>108.0</ele></trkpt>
   <trkpt lon="8.593041" lat="49.903182"><ele>108.0</ele></trkpt>
   <trkpt lon="8.593560" lat="49.902886"><ele>108.0</ele></trkpt>
   <trkpt lon="8.594080" lat="49.902586"><ele>108.0</ele></trkpt>
   <trkpt lon="8.594396" lat="49.902408"><ele>108.0</ele></trkpt>
   <trkpt lon="8.594714" lat="49.902229"><ele>108.0</ele></trkpt>
   <trkpt lon="8.594851" lat="49.902152"><ele>108.0</ele></trkpt>
   <trkpt lon="8.595183" lat="49.901965"><ele>108.0</ele></trkpt>
   <trkpt lon="8.595217" lat="49.901887"><ele>108.0</ele></trkpt>
   <trkpt lon="8.595276" lat="49.901843"><ele>108.0</ele></trkpt>
   <trkpt lon="8.596498" lat="49.901153"><ele>109.0</ele></trkpt>
   <trkpt lon="8.596633" lat="49.901076"><ele>108.75</ele></trkpt>
   <trkpt lon="8.596670" lat="49.901048"><ele>109.0</ele></trkpt>
   <trkpt lon="8.596718" lat="49.900997"><ele>109.0</ele></trkpt>
   <trkpt lon="8.596802" lat="49.900898"><ele>109.0</ele></trkpt>
   <trkpt lon="8.596957" lat="49.900753"><ele>108.75</ele></trkpt>
   <trkpt lon="8.596990" lat="49.900711"><ele>109.0</ele></trkpt>
   <trkpt lon="8.597064" lat="49.900561"><ele>109.0</ele></trkpt>
   <trkpt lon="8.597116" lat="49.900185"><ele>109.0</ele></trkpt>
   <trkpt lon="8.597115" lat="49.900124"><ele>109.0</ele></trkpt>
   <trkpt lon="8.597110" lat="49.900083"><ele>109.0</ele></trkpt>
   <trkpt lon="8.597092" lat="49.900039"><ele>109.0</ele></trkpt>
   <trkpt lon="8.597046" lat="49.899970"><ele>108.75</ele></trkpt>
   <trkpt lon="8.597026" lat="49.899859"><ele>108.25</ele></trkpt>
   <trkpt lon="8.597000" lat="49.899718"><ele>108.0</ele></trkpt>
   <trkpt lon="8.596994" lat="49.899656"><ele>108.0</ele></trkpt>
   <trkpt lon="8.596998" lat="49.899637"><ele>108.0</ele></trkpt>
   <trkpt lon="8.597018" lat="49.899614"><ele>108.25</ele></trkpt>
   <trkpt lon="8.597067" lat="49.899587"><ele>108.25</ele></trkpt>
   <trkpt lon="8.597097" lat="49.899560"><ele>108.25</ele></trkpt>
   <trkpt lon="8.597135" lat="49.899513"><ele>108.0</ele></trkpt>
   <trkpt lon="8.597259" lat="49.899315"><ele>108.25</ele></trkpt>
   <trkpt lon="8.597302" lat="49.899267"><ele>108.25</ele></trkpt>
   <trkpt lon="8.597355" lat="49.899224"><ele>108.25</ele></trkpt>
   <trkpt lon="8.597472" lat="49.899149"><ele>108.0</ele></trkpt>
   <trkpt lon="8.597523" lat="49.899126"><ele>108.0</ele></trkpt>
   <trkpt lon="8.597856" lat="49.899006"><ele>108.25</ele></trkpt>
   <trkpt lon="8.597910" lat="49.898979"><ele>108.25</ele></trkpt>
   <trkpt lon="8.597994" lat="49.898903"><ele>108.0</ele></trkpt>
   <trkpt lon="8.598044" lat="49.898823"><ele>108.25</ele></trkpt>
   <trkpt lon="8.598132" lat="49.898578"><ele>109.0</ele></trkpt>
   <trkpt lon="8.598135" lat="49.898517"><ele>109.0</ele></trkpt>
   <trkpt lon="8.598126" lat="49.898497"><ele>109.0</ele></trkpt>
   <trkpt lon="8.598093" lat="49.898473"><ele>109.0</ele></trkpt>
   <trkpt lon="8.598060" lat="49.898458"><ele>109.0</ele></trkpt>
   <trkpt lon="8.597980" lat="49.898436"><ele>109.0</ele></trkpt>
   <trkpt lon="8.597861" lat="49.898423"><ele>109.0</ele></trkpt>
   <trkpt lon="8.597319" lat="49.898419"><ele>109.0</ele></trkpt>
   <trkpt lon="8.596484" lat="49.898420"><ele>109.0</ele></trkpt>
   <trkpt lon="8.595965" lat="49.898421"><ele>109.0</ele></trkpt>
   <trkpt lon="8.595682" lat="49.898421"><ele>108.75</ele></trkpt>
   <trkpt lon="8.594796" lat="49.898416"><ele>108.75</ele></trkpt>
   <trkpt lon="8.594352" lat="49.898424"><ele>108.5</ele></trkpt>
   <trkpt lon="8.593678" lat="49.898437"><ele>108.0</ele></trkpt>
   <trkpt lon="8.592860" lat="49.898435"><ele>108.0</ele></trkpt>
   <trkpt lon="8.592856" lat="49.898414"><ele>108.0</ele></trkpt>
   <trkpt lon="8.592852" lat="49.898394"><ele>108.0</ele></trkpt>
   <trkpt lon="8.592795" lat="49.898121"><ele>108.0</ele></trkpt>
   <trkpt lon="8.592571" lat="49.897034"><ele>108.0</ele></trkpt>
   <trkpt lon="8.592522" lat="49.896846"><ele>108.0</ele></trkpt>
   <trkpt lon="8.592089" lat="49.895537"><ele>108.0</ele></trkpt>
   <trkpt lon="8.591965" lat="49.895178"><ele>108.0</ele></trkpt>
   <trkpt lon="8.591379" lat="49.893447"><ele>108.0</ele></trkpt>
   <trkpt lon="8.591348" lat="49.893354"><ele>108.0</ele></trkpt>
   <trkpt lon="8.591314" lat="49.893258"><ele>108.0</ele></trkpt>
   <trkpt lon="8.590423" lat="49.890935"><ele>108.0</ele></trkpt>
   <trkpt lon="8.590353" lat="49.890771"><ele>108.0</ele></trkpt>
   <trkpt lon="8.590183" lat="49.890402"><ele>108.0</ele></trkpt>
   <trkpt lon="8.589986" lat="49.890019"><ele>107.75</ele></trkpt>
   <trkpt lon="8.589558" lat="49.889369"><ele>108.0</ele></trkpt>
   <trkpt lon="8.589022" lat="49.888579"><ele>108.0</ele></trkpt>
   <trkpt lon="8.588809" lat="49.888306"><ele>108.0</ele></trkpt>
   <trkpt lon="8.588698" lat="49.888183"><ele>108.0</ele></trkpt>
   <trkpt lon="8.588226" lat="49.887755"><ele>108.0</ele></trkpt>
   <trkpt lon="8.588162" lat="49.887690"><ele>108.0</ele></trkpt>
   <trkpt lon="8.588108" lat="49.887615"><ele>108.0</ele></trkpt>
   <trkpt lon="8.588069" lat="49.887533"><ele>108.0</ele></trkpt>
   <trkpt lon="8.587369" lat="49.885261"><ele>108.0</ele></trkpt>
   <trkpt lon="8.587249" lat="49.884885"><ele>107.75</ele></trkpt>
   <trkpt lon="8.587132" lat="49.884432"><ele>107.0</ele></trkpt>
   <trkpt lon="8.587092" lat="49.884182"><ele>107.0</ele></trkpt>
   <trkpt lon="8.587087" lat="49.884023"><ele>107.0</ele></trkpt>
   <trkpt lon="8.587088" lat="49.883944"><ele>107.0</ele></trkpt>
   <trkpt lon="8.587122" lat="49.883679"><ele>107.0</ele></trkpt>
   <trkpt lon="8.587151" lat="49.883318"><ele>106.5</ele></trkpt>
   <trkpt lon="8.587133" lat="49.882941"><ele>106.5</ele></trkpt>
   <trkpt lon="8.587138" lat="49.882869"><ele>106.5</ele></trkpt>
   <trkpt lon="8.587155" lat="49.882796"><ele>106.75</ele></trkpt>
   <trkpt lon="8.587235" lat="49.882442"><ele>106.0</ele></trkpt>
   <trkpt lon="8.587245" lat="49.882397"><ele>106.25</ele></trkpt>
   <trkpt lon="8.587263" lat="49.882320"><ele>106.5</ele></trkpt>
   <trkpt lon="8.587423" lat="49.881640"><ele>107.0</ele></trkpt>
   <trkpt lon="8.587460" lat="49.881445"><ele>107.75</ele></trkpt>
   <trkpt lon="8.587507" lat="49.881022"><ele>107.75</ele></trkpt>
   <trkpt lon="8.587554" lat="49.880495"><ele>107.75</ele></trkpt>
   <trkpt lon="8.582293" lat="49.880473"><ele>104.75</ele></trkpt>
   <trkpt lon="8.576692" lat="49.880437"><ele>104.0</ele></trkpt>
   <trkpt lon="8.572629" lat="49.880420"><ele>102.0</ele></trkpt>
   <trkpt lon="8.572534" lat="49.880420"><ele>102.0</ele></trkpt>
   <trkpt lon="8.570778" lat="49.880435"><ele>101.0</ele></trkpt>
   <trkpt lon="8.570606" lat="49.880438"><ele>101.0</ele></trkpt>
   <trkpt lon="8.568646" lat="49.880467"><ele>100.5</ele></trkpt>
   <trkpt lon="8.568487" lat="49.880470"><ele>100.5</ele></trkpt>
   <trkpt lon="8.568266" lat="49.880475"><ele>100.5</ele></trkpt>
   <trkpt lon="8.567789" lat="49.880468"><ele>100.5</ele></trkpt>
   <trkpt lon="8.567005" lat="49.880436"><ele>100.5</ele></trkpt>
   <trkpt lon="8.566440" lat="49.880394"><ele>101.0</ele></trkpt>
   <trkpt lon="8.566128" lat="49.880349"><ele>102.0</ele></trkpt>
   <trkpt lon="8.565987" lat="49.880318"><ele>102.0</ele></trkpt>
   <trkpt lon="8.565845" lat="49.880283"><ele>102.0</ele></trkpt>
   <trkpt lon="8.565587" lat="49.880201"><ele>102.0</ele></trkpt>
   <trkpt lon="8.565455" lat="49.880150"><ele>102.0</ele></trkpt>
   <trkpt lon="8.565251" lat="49.880053"><ele>102.25</ele></trkpt>
   <trkpt lon="8.564993" lat="49.879900"><ele>102.25</ele></trkpt>
   <trkpt lon="8.564881" lat="49.879817"><ele>102.0</ele></trkpt>
   <trkpt lon="8.564786" lat="49.879734"><ele>103.0</ele></trkpt>
   <trkpt lon="8.564619" lat="49.879560"><ele>101.25</ele></trkpt>
   <trkpt lon="8.564553" lat="49.879474"><ele>101.0</ele></trkpt>
   <trkpt lon="8.564450" lat="49.879303"><ele>101.75</ele></trkpt>
   <trkpt lon="8.564372" lat="49.879111"><ele>101.0</ele></trkpt>
   <trkpt lon="8.564328" lat="49.878912"><ele>100.0</ele></trkpt>
   <trkpt lon="8.564315" lat="49.878780"><ele>100.0</ele></trkpt>
   <trkpt lon="8.564310" lat="49.878297"><ele>99.0</ele></trkpt>
   <trkpt lon="8.564311" lat="49.878180"><ele>99.0</ele></trkpt>
   <trkpt lon="8.564336" lat="49.877921"><ele>99.0</ele></trkpt>
   <trkpt lon="8.564354" lat="49.877715"><ele>99.0</ele></trkpt>
   <trkpt lon="8.564502" lat="49.876799"><ele>99.0</ele></trkpt>
   <trkpt lon="8.564529" lat="49.876594"><ele>99.0</ele></trkpt>
   <trkpt lon="8.564894" lat="49.874395"><ele>99.0</ele></trkpt>
   <trkpt lon="8.565260" lat="49.872174"><ele>98.75</ele></trkpt>
   <trkpt lon="8.565299" lat="49.871834"><ele>98.5</ele></trkpt>
   <trkpt lon="8.565310" lat="49.871501"><ele>98.5</ele></trkpt>
   <trkpt lon="8.565300" lat="49.871073"><ele>99.0</ele></trkpt>
   <trkpt lon="8.565311" lat="49.870985"><ele>99.0</ele></trkpt>
   <trkpt lon="8.565325" lat="49.870944"><ele>99.0</ele></trkpt>
   <trkpt lon="8.565376" lat="49.870804"><ele>99.0</ele></trkpt>
   <trkpt lon="8.565393" lat="49.870740"><ele>99.0</ele></trkpt>
   <trkpt lon="8.565403" lat="49.870704"><ele>99.0</ele></trkpt>
   <trkpt lon="8.565375" lat="49.870673"><ele>99.0</ele></trkpt>
   <trkpt lon="8.565360" lat="49.870638"><ele>99.0</ele></trkpt>
   <trkpt lon="8.565362" lat="49.870601"><ele>99.0</ele></trkpt>
   <trkpt lon="8.565378" lat="49.870567"><ele>99.0</ele></trkpt>
   <trkpt lon="8.565438" lat="49.870518"><ele>98.75</ele></trkpt>
   <trkpt lon="8.565480" lat="49.870502"><ele>98.75</ele></trkpt>
   <trkpt lon="8.565534" lat="49.870492"><ele>98.75</ele></trkpt>
   <trkpt lon="8.565591" lat="49.870491"><ele>99.0</ele></trkpt>
   <trkpt lon="8.565674" lat="49.870444"><ele>99.0</ele></trkpt>
   <trkpt lon="8.565710" lat="49.870418"><ele>99.0</ele></trkpt>
   <trkpt lon="8.565794" lat="49.870328"><ele>99.0</ele></trkpt>
   <trkpt lon="8.565859" lat="49.870353"><ele>99.0</ele></trkpt>
   <trkpt lon="8.566090" lat="49.870442"><ele>99.0</ele></trkpt>
   <trkpt lon="8.566306" lat="49.870518"><ele>99.0</ele></trkpt>
   <trkpt lon="8.566377" lat="49.870532"><ele>99.0</ele></trkpt>
   <trkpt lon="8.566441" lat="49.870531"><ele>99.0</ele></trkpt>
   <trkpt lon="8.566485" lat="49.870506"><ele>99.0</ele></trkpt>
   <trkpt lon="8.566512" lat="49.870470"><ele>99.0</ele></trkpt>
   <trkpt lon="8.566520" lat="49.870411"><ele>99.0</ele></trkpt>
   <trkpt lon="8.566538" lat="49.869898"><ele>99.0</ele></trkpt>
   <trkpt lon="8.566548" lat="49.869845"><ele>99.0</ele></trkpt>
   <trkpt lon="8.566552" lat="49.869628"><ele>98.75</ele></trkpt>
   <trkpt lon="8.566544" lat="49.869600"><ele>98.75</ele></trkpt>
   <trkpt lon="8.566448" lat="49.869530"><ele>98.25</ele></trkpt>
   <trkpt lon="8.566182" lat="49.869366"><ele>98.5</ele></trkpt>
   <trkpt lon="8.566158" lat="49.869329"><ele>98.25</ele></trkpt>
   <trkpt lon="8.566153" lat="49.869116"><ele>98.0</ele></trkpt>
   <trkpt lon="8.566145" lat="49.868769"><ele>98.0</ele></trkpt>
   <trkpt lon="8.566168" lat="49.868729"><ele>98.0</ele></trkpt>
   <trkpt lon="8.566294" lat="49.868650"><ele>98.0</ele></trkpt>
   <trkpt lon="8.566522" lat="49.868497"><ele>98.0</ele></trkpt>
   <trkpt lon="8.566541" lat="49.868454"><ele>98.0</ele></trkpt>
   <trkpt lon="8.566537" lat="49.868356"><ele>98.0</ele></trkpt>
   <trkpt lon="8.566519" lat="49.868225"><ele>98.0</ele></trkpt>
   <trkpt lon="8.566468" lat="49.867896"><ele>98.0</ele></trkpt>
   <trkpt lon="8.566460" lat="49.867838"><ele>98.0</ele></trkpt>
   <trkpt lon="8.566417" lat="49.867576"><ele>98.0</ele></trkpt>
   <trkpt lon="8.566369" lat="49.867266"><ele>98.0</ele></trkpt>
   <trkpt lon="8.566252" lat="49.866662"><ele>98.5</ele></trkpt>
   <trkpt lon="8.566202" lat="49.866358"><ele>98.25</ele></trkpt>
   <trkpt lon="8.566161" lat="49.866142"><ele>98.0</ele></trkpt>
   <trkpt lon="8.566121" lat="49.865926"><ele>98.0</ele></trkpt>
   <trkpt lon="8.566064" lat="49.865583"><ele>98.0</ele></trkpt>
   <trkpt lon="8.566015" lat="49.865432"><ele>98.0</ele></trkpt>
   <trkpt lon="8.564969" lat="49.865421"><ele>98.0</ele></trkpt>
   <trkpt lon="8.563804" lat="49.865403"><ele>97.5</ele></trkpt>
   <trkpt lon="8.563544" lat="49.865398"><ele>97.5</ele></trkpt>
   <trkpt lon="8.563289" lat="49.865394"><ele>97.25</ele></trkpt>
   <trkpt lon="8.563065" lat="49.865390"><ele>97.0</ele></trkpt>
   <trkpt lon="8.563011" lat="49.865389"><ele>96.75</ele></trkpt>
   <trkpt lon="8.562377" lat="49.865374"><ele>97.0</ele></trkpt>
   <trkpt lon="8.561411" lat="49.865353"><ele>97.0</ele></trkpt>
   <trkpt lon="8.561364" lat="49.865352"><ele>97.0</ele></trkpt>
   <trkpt lon="8.560323" lat="49.865328"><ele>97.0</ele></trkpt>
   <trkpt lon="8.560273" lat="49.865746"><ele>96.25</ele></trkpt>
   <trkpt lon="8.560229" lat="49.866461"><ele>96.0</ele></trkpt>
   <trkpt lon="8.557932" lat="49.866205"><ele>95.5</ele></trkpt>
   <trkpt lon="8.555978" lat="49.866092"><ele>95.0</ele></trkpt>
   <trkpt lon="8.555923" lat="49.866372"><ele>95.0</ele></trkpt>
   <trkpt lon="8.555881" lat="49.866687"><ele>95.0</ele></trkpt>
   <trkpt lon="8.555879" lat="49.866945"><ele>95.0</ele></trkpt>
   <trkpt lon="8.555885" lat="49.867334"><ele>95.0</ele></trkpt>
   <trkpt lon="8.555658" lat="49.867334"><ele>95.0</ele></trkpt>
   <trkpt lon="8.554781" lat="49.867252"><ele>95.0</ele></trkpt>
   <trkpt lon="8.554202" lat="49.867185"><ele>95.0</ele></trkpt>
   <trkpt lon="8.553812" lat="49.867144"><ele>95.0</ele></trkpt>
   <trkpt lon="8.553455" lat="49.867101"><ele>95.25</ele></trkpt>
   <trkpt lon="8.553242" lat="49.867076"><ele>95.25</ele></trkpt>
   <trkpt lon="8.552503" lat="49.867004"><ele>94.0</ele></trkpt>
   <trkpt lon="8.550763" lat="49.866784"><ele>94.0</ele></trkpt>
   <trkpt lon="8.549032" lat="49.866616"><ele>93.0</ele></trkpt>
   <trkpt lon="8.547344" lat="49.866343"><ele>93.0</ele></trkpt>
   <trkpt lon="8.547149" lat="49.866315"><ele>92.75</ele></trkpt>
   <trkpt lon="8.545090" lat="49.866171"><ele>92.0</ele></trkpt>
   <trkpt lon="8.543330" lat="49.866067"><ele>92.0</ele></trkpt>
   <trkpt lon="8.543100" lat="49.866058"><ele>92.0</ele></trkpt>
   <trkpt lon="8.543011" lat="49.866052"><ele>92.0</ele></trkpt>
   <trkpt lon="8.542884" lat="49.866037"><ele>92.0</ele></trkpt>
   <trkpt lon="8.542520" lat="49.866582"><ele>92.0</ele></trkpt>
   <trkpt lon="8.542381" lat="49.866798"><ele>92.0</ele></trkpt>
   <trkpt lon="8.542002" lat="49.867478"><ele>92.0</ele></trkpt>
   <trkpt lon="8.541918" lat="49.867644"><ele>91.75</ele></trkpt>
   <trkpt lon="8.541856" lat="49.867773"><ele>91.75</ele></trkpt>
   <trkpt lon="8.541771" lat="49.867947"><ele>91.75</ele></trkpt>
   <trkpt lon="8.541435" lat="49.868579"><ele>91.75</ele></trkpt>
   <trkpt lon="8.541373" lat="49.868702"><ele>91.75</ele></trkpt>
   <trkpt lon="8.541078" lat="49.869317"><ele>91.75</ele></trkpt>
   <trkpt lon="8.540921" lat="49.869621"><ele>91.75</ele></trkpt>
   <trkpt lon="8.540738" lat="49.869915"><ele>91.25</ele></trkpt>
   <trkpt lon="8.540540" lat="49.870181"><ele>91.75</ele></trkpt>
   <trkpt lon="8.540332" lat="49.870442"><ele>91.5</ele></trkpt>
   <trkpt lon="8.540112" lat="49.870695"><ele>91.5</ele></trkpt>
   <trkpt lon="8.539216" lat="49.871646"><ele>91.75</ele></trkpt>
   <trkpt lon="8.538763" lat="49.872161"><ele>91.25</ele></trkpt>
   <trkpt lon="8.538695" lat="49.872245"><ele>91.5</ele></trkpt>
   <trkpt lon="8.538507" lat="49.872501"><ele>91.0</ele></trkpt>
   <trkpt lon="8.538417" lat="49.872622"><ele>91.25</ele></trkpt>
   <trkpt lon="8.538162" lat="49.873013"><ele>91.0</ele></trkpt>
   <trkpt lon="8.536782" lat="49.875319"><ele>92.25</ele></trkpt>
   <trkpt lon="8.536682" lat="49.875438"><ele>92.5</ele></trkpt>
   <trkpt lon="8.536451" lat="49.875683"><ele>92.0</ele></trkpt>
   <trkpt lon="8.536181" lat="49.875910"><ele>92.0</ele></trkpt>
   <trkpt lon="8.536168" lat="49.875922"><ele>92.0</ele></trkpt>
   <trkpt lon="8.535990" lat="49.876091"><ele>92.0</ele></trkpt>
   <trkpt lon="8.534682" lat="49.877251"><ele>91.75</ele></trkpt>
   <trkpt lon="8.532329" lat="49.879320"><ele>91.0</ele></trkpt>
   <trkpt lon="8.531518" lat="49.880048"><ele>90.0</ele></trkpt>
   <trkpt lon="8.531115" lat="49.880516"><ele>90.75</ele></trkpt>
   <trkpt lon="8.530572" lat="49.881233"><ele>90.0</ele></trkpt>
   <trkpt lon="8.529853" lat="49.882176"><ele>90.0</ele></trkpt>
   <trkpt lon="8.529547" lat="49.882608"><ele>90.0</ele></trkpt>
   <trkpt lon="8.529150" lat="49.883257"><ele>89.75</ele></trkpt>
   <trkpt lon="8.528947" lat="49.883700"><ele>90.0</ele></trkpt>
   <trkpt lon="8.528682" lat="49.884323"><ele>90.0</ele></trkpt>
   <trkpt lon="8.528531" lat="49.884630"><ele>89.75</ele></trkpt>
   <trkpt lon="8.527584" lat="49.886348"><ele>90.0</ele></trkpt>
   <trkpt lon="8.527337" lat="49.886737"><ele>90.0</ele></trkpt>
   <trkpt lon="8.527296" lat="49.886794"><ele>90.0</ele></trkpt>
   <trkpt lon="8.527291" lat="49.886801"><ele>90.0</ele></trkpt>
   <trkpt lon="8.526978" lat="49.887231"><ele>90.0</ele></trkpt>
   <trkpt lon="8.526043" lat="49.888433"><ele>90.0</ele></trkpt>
   <trkpt lon="8.525698" lat="49.888826"><ele>90.0</ele></trkpt>
   <trkpt lon="8.525118" lat="49.889406"><ele>90.0</ele></trkpt>
   <trkpt lon="8.524132" lat="49.890359"><ele>90.0</ele></trkpt>
   <trkpt lon="8.523572" lat="49.890931"><ele>90.0</ele></trkpt>
   <trkpt lon="8.523251" lat="49.891323"><ele>90.0</ele></trkpt>
   <trkpt lon="8.522284" lat="49.892657"><ele>90.0</ele></trkpt>
   <trkpt lon="8.522208" lat="49.892757"><ele>89.75</ele></trkpt>
   <trkpt lon="8.521775" lat="49.893304"><ele>90.0</ele></trkpt>
   <trkpt lon="8.521527" lat="49.893579"><ele>90.0</ele></trkpt>
   <trkpt lon="8.521263" lat="49.893851"><ele>90.0</ele></trkpt>
   <trkpt lon="8.520380" lat="49.894774"><ele>89.75</ele></trkpt>
   <trkpt lon="8.520092" lat="49.895112"><ele>90.0</ele></trkpt>
   <trkpt lon="8.520075" lat="49.895133"><ele>90.0</ele></trkpt>
   <trkpt lon="8.519914" lat="49.895364"><ele>90.0</ele></trkpt>
   <trkpt lon="8.519834" lat="49.895526"><ele>90.0</ele></trkpt>
   <trkpt lon="8.519766" lat="49.895852"><ele>90.0</ele></trkpt>
   <trkpt lon="8.519766" lat="49.895919"><ele>90.25</ele></trkpt>
   <trkpt lon="8.519767" lat="49.895971"><ele>90.25</ele></trkpt>
   <trkpt lon="8.519827" lat="49.896009"><ele>90.25</ele></trkpt>
   <trkpt lon="8.519849" lat="49.896043"><ele>90.25</ele></trkpt>
   <trkpt lon="8.519852" lat="49.896072"><ele>90.25</ele></trkpt>
   <trkpt lon="8.519854" lat="49.896085"><ele>90.25</ele></trkpt>
   <trkpt lon="8.519835" lat="49.896126"><ele>90.5</ele></trkpt>
   <trkpt lon="8.519797" lat="49.896160"><ele>90.5</ele></trkpt>
   <trkpt lon="8.519742" lat="49.896183"><ele>90.5</ele></trkpt>
   <trkpt lon="8.519703" lat="49.896290"><ele>90.25</ele></trkpt>
   <trkpt lon="8.519628" lat="49.896581"><ele>90.0</ele></trkpt>
   <trkpt lon="8.519661" lat="49.896798"><ele>90.0</ele></trkpt>
   <trkpt lon="8.519724" lat="49.897113"><ele>90.0</ele></trkpt>
   <trkpt lon="8.520132" lat="49.898555"><ele>90.0</ele></trkpt>
   <trkpt lon="8.520256" lat="49.898749"><ele>90.25</ele></trkpt>
   <trkpt lon="8.520285" lat="49.898796"><ele>90.5</ele></trkpt>
   <trkpt lon="8.520322" lat="49.898855"><ele>90.75</ele></trkpt>
   <trkpt lon="8.520364" lat="49.898869"><ele>90.5</ele></trkpt>
   <trkpt lon="8.520398" lat="49.898890"><ele>90.5</ele></trkpt>
   <trkpt lon="8.520422" lat="49.898916"><ele>90.25</ele></trkpt>
   <trkpt lon="8.520433" lat="49.898945"><ele>90.25</ele></trkpt>
   <trkpt lon="8.520432" lat="49.898975"><ele>90.25</ele></trkpt>
   <trkpt lon="8.520413" lat="49.899009"><ele>90.25</ele></trkpt>
   <trkpt lon="8.520378" lat="49.899037"><ele>90.25</ele></trkpt>
   <trkpt lon="8.520331" lat="49.899056"><ele>90.25</ele></trkpt>
   <trkpt lon="8.520279" lat="49.899064"><ele>90.25</ele></trkpt>
   <trkpt lon="8.520227" lat="49.899061"><ele>90.25</ele></trkpt>
   <trkpt lon="8.520179" lat="49.899047"><ele>90.5</ele></trkpt>
   <trkpt lon="8.520138" lat="49.899024"><ele>90.75</ele></trkpt>
   <trkpt lon="8.520112" lat="49.898994"><ele>90.75</ele></trkpt>
   <trkpt lon="8.520101" lat="49.898961"><ele>90.75</ele></trkpt>
   <trkpt lon="8.520041" lat="49.898961"><ele>90.75</ele></trkpt>
   <trkpt lon="8.519969" lat="49.898962"><ele>90.75</ele></trkpt>
   <trkpt lon="8.519556" lat="49.898965"><ele>90.0</ele></trkpt>
   <trkpt lon="8.519363" lat="49.898981"><ele>90.0</ele></trkpt>
   <trkpt lon="8.519141" lat="49.899010"><ele>90.0</ele></trkpt>
   <trkpt lon="8.518918" lat="49.899051"><ele>90.0</ele></trkpt>
   <trkpt lon="8.518200" lat="49.899212"><ele>90.0</ele></trkpt>
   <trkpt lon="8.518109" lat="49.899228"><ele>90.0</ele></trkpt>
   <trkpt lon="8.517328" lat="49.899406"><ele>89.0</ele></trkpt>
   <trkpt lon="8.516044" lat="49.899684"><ele>89.0</ele></trkpt>
   <trkpt lon="8.515632" lat="49.899780"><ele>89.0</ele></trkpt>
   <trkpt lon="8.515571" lat="49.899812"><ele>89.0</ele></trkpt>
   <trkpt lon="8.515469" lat="49.899868"><ele>89.0</ele></trkpt>
   <trkpt lon="8.515369" lat="49.899946"><ele>89.0</ele></trkpt>
   <trkpt lon="8.515060" lat="49.900260"><ele>89.0</ele></trkpt>
   <trkpt lon="8.514642" lat="49.900744"><ele>89.0</ele></trkpt>
   <trkpt lon="8.514625" lat="49.900792"><ele>89.0</ele></trkpt>
   <trkpt lon="8.514754" lat="49.901446"><ele>89.0</ele></trkpt>
   <trkpt lon="8.514738" lat="49.901727"><ele>89.25</ele></trkpt>
   <trkpt lon="8.514725" lat="49.901765"><ele>89.25</ele></trkpt>
   <trkpt lon="8.514667" lat="49.901816"><ele>89.25</ele></trkpt>
   <trkpt lon="8.514584" lat="49.901854"><ele>89.25</ele></trkpt>
   <trkpt lon="8.514508" lat="49.901875"><ele>89.0</ele></trkpt>
   <trkpt lon="8.514438" lat="49.901881"><ele>89.0</ele></trkpt>
   <trkpt lon="8.513908" lat="49.901933"><ele>89.0</ele></trkpt>
   <trkpt lon="8.513459" lat="49.901984"><ele>89.0</ele></trkpt>
   <trkpt lon="8.513154" lat="49.902016"><ele>89.25</ele></trkpt>
   <trkpt lon="8.512737" lat="49.902059"><ele>89.0</ele></trkpt>
   <trkpt lon="8.512097" lat="49.902127"><ele>90.0</ele></trkpt>
   <trkpt lon="8.511835" lat="49.902161"><ele>90.0</ele></trkpt>
   <trkpt lon="8.510803" lat="49.902314"><ele>89.75</ele></trkpt>
   <trkpt lon="8.510565" lat="49.902353"><ele>89.5</ele></trkpt>
   <trkpt lon="8.510399" lat="49.902400"><ele>89.5</ele></trkpt>
   <trkpt lon="8.510249" lat="49.902468"><ele>89.75</ele></trkpt>
   <trkpt lon="8.510102" lat="49.902567"><ele>89.25</ele></trkpt>
   <trkpt lon="8.509680" lat="49.902746"><ele>89.0</ele></trkpt>
   <trkpt lon="8.509225" lat="49.902970"><ele>89.25</ele></trkpt>
   <trkpt lon="8.508124" lat="49.903500"><ele>89.0</ele></trkpt>
   <trkpt lon="8.507202" lat="49.903747"><ele>89.0</ele></trkpt>
   <trkpt lon="8.507083" lat="49.903782"><ele>89.0</ele></trkpt>
   <trkpt lon="8.506966" lat="49.903818"><ele>89.0</ele></trkpt>
   <trkpt lon="8.505912" lat="49.904128"><ele>89.0</ele></trkpt>
   <trkpt lon="8.505586" lat="49.904224"><ele>89.0</ele></trkpt>
   <trkpt lon="8.505274" lat="49.904316"><ele>89.0</ele></trkpt>
   <trkpt lon="8.504879" lat="49.904462"><ele>89.0</ele></trkpt>
   <trkpt lon="8.504723" lat="49.904534"><ele>89.0</ele></trkpt>
   <trkpt lon="8.504410" lat="49.904713"><ele>89.0</ele></trkpt>
   <trkpt lon="8.504339" lat="49.904770"><ele>88.75</ele></trkpt>
   <trkpt lon="8.504214" lat="49.904872"><ele>89.0</ele></trkpt>
   <trkpt lon="8.504092" lat="49.905006"><ele>89.0</ele></trkpt>
   <trkpt lon="8.504009" lat="49.905123"><ele>89.0</ele></trkpt>
   <trkpt lon="8.503954" lat="49.905199"><ele>89.0</ele></trkpt>
   <trkpt lon="8.503872" lat="49.905346"><ele>89.0</ele></trkpt>
   <trkpt lon="8.503773" lat="49.905591"><ele>89.0</ele></trkpt>
   <trkpt lon="8.503614" lat="49.906069"><ele>89.0</ele></trkpt>
   <trkpt lon="8.503441" lat="49.906559"><ele>89.0</ele></trkpt>
   <trkpt lon="8.503371" lat="49.906790"><ele>89.0</ele></trkpt>
   <trkpt lon="8.503420" lat="49.906874"><ele>89.0</ele></trkpt>
   <trkpt lon="8.503459" lat="49.906931"><ele>89.0</ele></trkpt>
   <trkpt lon="8.503502" lat="49.906991"><ele>88.75</ele></trkpt>
   <trkpt lon="8.503514" lat="49.907057"><ele>88.5</ele></trkpt>
   <trkpt lon="8.503539" lat="49.907130"><ele>88.25</ele></trkpt>
   <trkpt lon="8.503533" lat="49.907160"><ele>88.0</ele></trkpt>
   <trkpt lon="8.503464" lat="49.907215"><ele>88.0</ele></trkpt>
   <trkpt lon="8.503193" lat="49.907340"><ele>88.25</ele></trkpt>
   <trkpt lon="8.502959" lat="49.907418"><ele>88.0</ele></trkpt>
   <trkpt lon="8.502852" lat="49.907468"><ele>88.0</ele></trkpt>
   <trkpt lon="8.502570" lat="49.907656"><ele>88.25</ele></trkpt>
   <trkpt lon="8.500758" lat="49.908904"><ele>88.0</ele></trkpt>
   <trkpt lon="8.500693" lat="49.908949"><ele>88.0</ele></trkpt>
   <trkpt lon="8.498876" lat="49.910261"><ele>88.0</ele></trkpt>
   <trkpt lon="8.498806" lat="49.910309"><ele>88.0</ele></trkpt>
   <trkpt lon="8.498427" lat="49.910568"><ele>88.0</ele></trkpt>
   <trkpt lon="8.498059" lat="49.910955"><ele>88.0</ele></trkpt>
   <trkpt lon="8.497721" lat="49.911426"><ele>88.0</ele></trkpt>
   <trkpt lon="8.497511" lat="49.911901"><ele>88.0</ele></trkpt>
   <trkpt lon="8.497346" lat="49.912362"><ele>88.25</ele></trkpt>
   <trkpt lon="8.497175" lat="49.912736"><ele>88.0</ele></trkpt>
   <trkpt lon="8.497137" lat="49.912808"><ele>88.0</ele></trkpt>
   <trkpt lon="8.497023" lat="49.913025"><ele>88.5</ele></trkpt>
   <trkpt lon="8.496857" lat="49.913236"><ele>88.25</ele></trkpt>
   <trkpt lon="8.496682" lat="49.913441"><ele>88.5</ele></trkpt>
   <trkpt lon="8.496458" lat="49.913628"><ele>87.75</ele></trkpt>
   <trkpt lon="8.496198" lat="49.913789"><ele>87.25</ele></trkpt>
   <trkpt lon="8.495961" lat="49.913909"><ele>87.0</ele></trkpt>
   <trkpt lon="8.495828" lat="49.913968"><ele>87.0</ele></trkpt>
   <trkpt lon="8.495630" lat="49.914046"><ele>87.0</ele></trkpt>
   <trkpt lon="8.495457" lat="49.914101"><ele>87.0</ele></trkpt>
   <trkpt lon="8.495347" lat="49.914133"><ele>87.0</ele></trkpt>
   <trkpt lon="8.495066" lat="49.914196"><ele>87.25</ele></trkpt>
   <trkpt lon="8.494748" lat="49.914256"><ele>87.5</ele></trkpt>
   <trkpt lon="8.494161" lat="49.914329"><ele>87.5</ele></trkpt>
   <trkpt lon="8.493915" lat="49.914382"><ele>87.75</ele></trkpt>
   <trkpt lon="8.493686" lat="49.914389"><ele>88.5</ele></trkpt>
   <trkpt lon="8.493447" lat="49.914384"><ele>88.75</ele></trkpt>
   <trkpt lon="8.493257" lat="49.914398"><ele>88.5</ele></trkpt>
   <trkpt lon="8.493214" lat="49.914401"><ele>88.25</ele></trkpt>
   <trkpt lon="8.493128" lat="49.914422"><ele>88.0</ele></trkpt>
   <trkpt lon="8.492876" lat="49.914513"><ele>88.0</ele></trkpt>
   <trkpt lon="8.492710" lat="49.914584"><ele>88.25</ele></trkpt>
   <trkpt lon="8.492624" lat="49.914536"><ele>88.0</ele></trkpt>
   <trkpt lon="8.492451" lat="49.914647"><ele>87.75</ele></trkpt>
   <trkpt lon="8.491549" lat="49.915347"><ele>88.5</ele></trkpt>
   <trkpt lon="8.491170" lat="49.915640"><ele>88.75</ele></trkpt>
   <trkpt lon="8.490728" lat="49.915986"><ele>89.0</ele></trkpt>
   <trkpt lon="8.490372" lat="49.916264"><ele>89.0</ele></trkpt>
   <trkpt lon="8.490171" lat="49.916416"><ele>89.0</ele></trkpt>
   <trkpt lon="8.489736" lat="49.916751"><ele>89.0</ele></trkpt>
   <trkpt lon="8.489256" lat="49.917121"><ele>89.0</ele></trkpt>
   <trkpt lon="8.488164" lat="49.917955"><ele>89.0</ele></trkpt>
   <trkpt lon="8.487181" lat="49.918758"><ele>88.75</ele></trkpt>
   <trkpt lon="8.486756" lat="49.919098"><ele>88.0</ele></trkpt>
   <trkpt lon="8.486359" lat="49.919416"><ele>88.0</ele></trkpt>
   <trkpt lon="8.485226" lat="49.919806"><ele>88.0</ele></trkpt>
   <trkpt lon="8.485117" lat="49.919845"><ele>88.0</ele></trkpt>
   <trkpt lon="8.484426" lat="49.920102"><ele>88.25</ele></trkpt>
   <trkpt lon="8.484355" lat="49.920129"><ele>88.25</ele></trkpt>
   <trkpt lon="8.483256" lat="49.920475"><ele>89.0</ele></trkpt>
   <trkpt lon="8.482846" lat="49.920540"><ele>89.0</ele></trkpt>
   <trkpt lon="8.482557" lat="49.920555"><ele>88.75</ele></trkpt>
   <trkpt lon="8.482029" lat="49.920551"><ele>88.0</ele></trkpt>
   <trkpt lon="8.481962" lat="49.920551"><ele>88.0</ele></trkpt>
   <trkpt lon="8.481902" lat="49.921416"><ele>89.0</ele></trkpt>
   <trkpt lon="8.481879" lat="49.921577"><ele>89.0</ele></trkpt>
   <trkpt lon="8.481859" lat="49.921747"><ele>89.0</ele></trkpt>
   <trkpt lon="8.481937" lat="49.922240"><ele>88.0</ele></trkpt>
   <trkpt lon="8.481984" lat="49.922524"><ele>88.0</ele></trkpt>
   <trkpt lon="8.482020" lat="49.922632"><ele>88.0</ele></trkpt>
   <trkpt lon="8.482070" lat="49.922742"><ele>88.0</ele></trkpt>
   <trkpt lon="8.482111" lat="49.922835"><ele>88.0</ele></trkpt>
   <trkpt lon="8.482165" lat="49.922925"><ele>88.0</ele></trkpt>
   <trkpt lon="8.482389" lat="49.923309"><ele>88.0</ele></trkpt>
   <trkpt lon="8.482465" lat="49.923368"><ele>88.0</ele></trkpt>
   <trkpt lon="8.482626" lat="49.923591"><ele>88.0</ele></trkpt>
   <trkpt lon="8.482737" lat="49.923683"><ele>88.0</ele></trkpt>
   <trkpt lon="8.482792" lat="49.923702"><ele>88.25</ele></trkpt>
   <trkpt lon="8.482813" lat="49.923717"><ele>88.25</ele></trkpt>
   <trkpt lon="8.482836" lat="49.923754"><ele>88.5</ele></trkpt>
   <trkpt lon="8.482830" lat="49.923798"><ele>88.75</ele></trkpt>
   <trkpt lon="8.482791" lat="49.923835"><ele>88.75</ele></trkpt>
   <trkpt lon="8.482722" lat="49.923855"><ele>88.5</ele></trkpt>
   <trkpt lon="8.482701" lat="49.923917"><ele>88.5</ele></trkpt>
   <trkpt lon="8.482712" lat="49.923989"><ele>88.25</ele></trkpt>
   <trkpt lon="8.482753" lat="49.924077"><ele>88.25</ele></trkpt>
   <trkpt lon="8.482747" lat="49.924108"><ele>88.0</ele></trkpt>
   <trkpt lon="8.482765" lat="49.924132"><ele>88.0</ele></trkpt>
   <trkpt lon="8.482796" lat="49.924194"><ele>88.0</ele></trkpt>
   <trkpt lon="8.482803" lat="49.924208"><ele>88.0</ele></trkpt>
   <trkpt lon="8.482864" lat="49.924328"><ele>88.0</ele></trkpt>
   <trkpt lon="8.482918" lat="49.924437"><ele>88.0</ele></trkpt>
   <trkpt lon="8.482986" lat="49.924570"><ele>88.0</ele></trkpt>
   <trkpt lon="8.482999" lat="49.924596"><ele>88.0</ele></trkpt>
   <trkpt lon="8.483041" lat="49.924683"><ele>88.0</ele></trkpt>
   <trkpt lon="8.483117" lat="49.924837"><ele>88.25</ele></trkpt>
   <trkpt lon="8.483156" lat="49.924916"><ele>88.5</ele></trkpt>
   <trkpt lon="8.483243" lat="49.924903"><ele>88.25</ele></trkpt>
   <trkpt lon="8.483617" lat="49.924837"><ele>88.5</ele></trkpt>
   <trkpt lon="8.484025" lat="49.924764"><ele>88.0</ele></trkpt>
   <trkpt lon="8.484295" lat="49.924721"><ele>88.25</ele></trkpt>
   <trkpt lon="8.484308" lat="49.924767"><ele>88.5</ele></trkpt>
   <trkpt lon="8.484225" lat="49.924810"><ele>88.25</ele></trkpt>
   <trkpt lon="8.484180" lat="49.924850"><ele>88.25</ele></trkpt>
   <trkpt lon="8.484143" lat="49.924873"><ele>88.5</ele></trkpt>
   <trkpt lon="8.484099" lat="49.924884"><ele>88.5</ele></trkpt>
   <trkpt lon="8.483612" lat="49.924946"><ele>88.0</ele></trkpt>
   <trkpt lon="8.483567" lat="49.924959"><ele>88.0</ele></trkpt>
   <trkpt lon="8.483505" lat="49.925000"><ele>88.0</ele></trkpt>
   <trkpt lon="8.483483" lat="49.925052"><ele>88.0</ele></trkpt>
   <trkpt lon="8.483490" lat="49.925097"><ele>88.0</ele></trkpt>
   <trkpt lon="8.483521" lat="49.925145"><ele>88.0</ele></trkpt>
   <trkpt lon="8.483651" lat="49.925286"><ele>88.0</ele></trkpt>
   <trkpt lon="8.483713" lat="49.925358"><ele>88.0</ele></trkpt>
   <trkpt lon="8.483754" lat="49.925383"><ele>88.0</ele></trkpt>
   <trkpt lon="8.483820" lat="49.925397"><ele>88.0</ele></trkpt>
   <trkpt lon="8.483880" lat="49.925396"><ele>88.0</ele></trkpt>
   <trkpt lon="8.484537" lat="49.925287"><ele>88.75</ele></trkpt>
   <trkpt lon="8.484573" lat="49.925281"><ele>88.75</ele></trkpt>
   <trkpt lon="8.484676" lat="49.925321"><ele>88.75</ele></trkpt>
   <trkpt lon="8.483642" lat="49.925478"><ele>88.0</ele></trkpt>
   <trkpt lon="8.483508" lat="49.925424"><ele>88.25</ele></trkpt>
   <trkpt lon="8.483440" lat="49.925516"><ele>88.5</ele></trkpt>
   <trkpt lon="8.483473" lat="49.926376"><ele>89.0</ele></trkpt>
   <trkpt lon="8.483534" lat="49.927248"><ele>88.75</ele></trkpt>
   <trkpt lon="8.483576" lat="49.927986"><ele>89.0</ele></trkpt>
   <trkpt lon="8.483630" lat="49.928739"><ele>89.0</ele></trkpt>
   <trkpt lon="8.483656" lat="49.929115"><ele>89.0</ele></trkpt>
   <trkpt lon="8.483754" lat="49.929664"><ele>89.0</ele></trkpt>
   <trkpt lon="8.483814" lat="49.930075"><ele>89.0</ele></trkpt>
   <trkpt lon="8.483844" lat="49.930276"><ele>89.0</ele></trkpt>
   <trkpt lon="8.483854" lat="49.930345"><ele>89.0</ele></trkpt>
   <trkpt lon="8.483922" lat="49.930579"><ele>89.0</ele></trkpt>
   <trkpt lon="8.483913" lat="49.930630"><ele>89.0</ele></trkpt>
   <trkpt lon="8.483920" lat="49.930698"><ele>89.0</ele></trkpt>
   <trkpt lon="8.483922" lat="49.930735"><ele>89.0</ele></trkpt>
   <trkpt lon="8.483945" lat="49.930847"><ele>89.0</ele></trkpt>
   <trkpt lon="8.483975" lat="49.931081"><ele>89.0</ele></trkpt>
   <trkpt lon="8.483987" lat="49.931398"><ele>89.5</ele></trkpt>
   <trkpt lon="8.483851" lat="49.932103"><ele>91.25</ele></trkpt>
   <trkpt lon="8.483833" lat="49.932355"><ele>91.25</ele></trkpt>
   <trkpt lon="8.483844" lat="49.932578"><ele>91.75</ele></trkpt>
   <trkpt lon="8.483921" lat="49.932917"><ele>93.0</ele></trkpt>
   <trkpt lon="8.484170" lat="49.933353"><ele>93.5</ele></trkpt>
   <trkpt lon="8.484467" lat="49.933840"><ele>92.75</ele></trkpt>
   <trkpt lon="8.485087" lat="49.934825"><ele>90.0</ele></trkpt>
   <trkpt lon="8.485593" lat="49.935695"><ele>88.75</ele></trkpt>
   <trkpt lon="8.485824" lat="49.936071"><ele>88.75</ele></trkpt>
   <trkpt lon="8.486006" lat="49.936367"><ele>88.0</ele></trkpt>
   <trkpt lon="8.486124" lat="49.936533"><ele>88.0</ele></trkpt>
   <trkpt lon="8.486878" lat="49.937629"><ele>88.5</ele></trkpt>
   <trkpt lon="8.487381" lat="49.938338"><ele>88.0</ele></trkpt>
   <trkpt lon="8.487640" lat="49.938784"><ele>88.0</ele></trkpt>
   <trkpt lon="8.487715" lat="49.938953"><ele>88.0</ele></trkpt>
   <trkpt lon="8.487731" lat="49.939119"><ele>88.0</ele></trkpt>
   <trkpt lon="8.487692" lat="49.939228"><ele>88.0</ele></trkpt>
   <trkpt lon="8.487605" lat="49.939315"><ele>88.0</ele></trkpt>
   <trkpt lon="8.485760" lat="49.939507"><ele>88.0</ele></trkpt>
   <trkpt lon="8.483677" lat="49.939658"><ele>88.0</ele></trkpt>
   <trkpt lon="8.482276" lat="49.939783"><ele>88.0</ele></trkpt>
   <trkpt lon="8.481445" lat="49.939857"><ele>88.0</ele></trkpt>
   <trkpt lon="8.481080" lat="49.939879"><ele>87.75</ele></trkpt>
   <trkpt lon="8.480842" lat="49.939875"><ele>87.25</ele></trkpt>
   <trkpt lon="8.479335" lat="49.939767"><ele>90.25</ele></trkpt>
   <trkpt lon="8.478699" lat="49.939731"><ele>91.5</ele></trkpt>
   <trkpt lon="8.477361" lat="49.939671"><ele>89.0</ele></trkpt>
   <trkpt lon="8.476812" lat="49.939680"><ele>87.75</ele></trkpt>
   <trkpt lon="8.476525" lat="49.939767"><ele>87.75</ele></trkpt>
   <trkpt lon="8.476414" lat="49.939836"><ele>87.5</ele></trkpt>
   <trkpt lon="8.476337" lat="49.939884"><ele>87.25</ele></trkpt>
   <trkpt lon="8.476205" lat="49.940068"><ele>87.0</ele></trkpt>
   <trkpt lon="8.476182" lat="49.940238"><ele>87.0</ele></trkpt>
   <trkpt lon="8.476184" lat="49.940469"><ele>87.0</ele></trkpt>
   <trkpt lon="8.476574" lat="49.943764"><ele>87.5</ele></trkpt>
   <trkpt lon="8.476861" lat="49.946271"><ele>88.5</ele></trkpt>
   <trkpt lon="8.476915" lat="49.946818"><ele>88.75</ele></trkpt>
   <trkpt lon="8.476901" lat="49.946933"><ele>88.75</ele></trkpt>
   <trkpt lon="8.476881" lat="49.946983"><ele>88.75</ele></trkpt>
   <trkpt lon="8.476822" lat="49.947009"><ele>88.5</ele></trkpt>
   <trkpt lon="8.476591" lat="49.947089"><ele>87.75</ele></trkpt>
   <trkpt lon="8.476424" lat="49.947151"><ele>87.25</ele></trkpt>
   <trkpt lon="8.476326" lat="49.947161"><ele>87.25</ele></trkpt>
   <trkpt lon="8.476293" lat="49.947241"><ele>87.25</ele></trkpt>
   <trkpt lon="8.476027" lat="49.947338"><ele>87.75</ele></trkpt>
   <trkpt lon="8.476057" lat="49.947403"><ele>87.75</ele></trkpt>
   <trkpt lon="8.476078" lat="49.947431"><ele>87.75</ele></trkpt>
   <trkpt lon="8.476093" lat="49.947479"><ele>87.75</ele></trkpt>
   <trkpt lon="8.476096" lat="49.947567"><ele>87.75</ele></trkpt>
   <trkpt lon="8.476068" lat="49.947755"><ele>87.75</ele></trkpt>
   <trkpt lon="8.476083" lat="49.947886"><ele>87.75</ele></trkpt>
   <trkpt lon="8.476142" lat="49.948103"><ele>87.75</ele></trkpt>
   <trkpt lon="8.476188" lat="49.948365"><ele>87.75</ele></trkpt>
   <trkpt lon="8.476276" lat="49.948690"><ele>87.25</ele></trkpt>
   <trkpt lon="8.476288" lat="49.948885"><ele>87.25</ele></trkpt>
   <trkpt lon="8.476332" lat="49.949018"><ele>87.0</ele></trkpt>
   <trkpt lon="8.476400" lat="49.949137"><ele>87.0</ele></trkpt>
   <trkpt lon="8.476468" lat="49.949189"><ele>87.0</ele></trkpt>
   <trkpt lon="8.476585" lat="49.949243"><ele>87.25</ele></trkpt>
   <trkpt lon="8.476687" lat="49.949306"><ele>87.5</ele></trkpt>
   <trkpt lon="8.476762" lat="49.949390"><ele>87.25</ele></trkpt>
   <trkpt lon="8.476782" lat="49.949512"><ele>87.5</ele></trkpt>
   <trkpt lon="8.476730" lat="49.949685"><ele>87.75</ele></trkpt>
   <trkpt lon="8.476585" lat="49.949870"><ele>87.5</ele></trkpt>
   <trkpt lon="8.476560" lat="49.949998"><ele>87.75</ele></trkpt>
   <trkpt lon="8.476526" lat="49.950277"><ele>88.0</ele></trkpt>
   <trkpt lon="8.476483" lat="49.950294"><ele>88.0</ele></trkpt>
   <trkpt lon="8.476416" lat="49.950328"><ele>88.0</ele></trkpt>
   <trkpt lon="8.476224" lat="49.950407"><ele>87.5</ele></trkpt>
   <trkpt lon="8.475960" lat="49.950587"><ele>87.5</ele></trkpt>
   <trkpt lon="8.475833" lat="49.950663"><ele>87.25</ele></trkpt>
   <trkpt lon="8.475582" lat="49.950745"><ele>87.25</ele></trkpt>
   <trkpt lon="8.475489" lat="49.950761"><ele>87.25</ele></trkpt>
   <trkpt lon="8.475295" lat="49.950774"><ele>87.5</ele></trkpt>
   <trkpt lon="8.475020" lat="49.950788"><ele>87.5</ele></trkpt>
   <trkpt lon="8.474992" lat="49.950822"><ele>87.75</ele></trkpt>
   <trkpt lon="8.475016" lat="49.951016"><ele>88.0</ele></trkpt>
   <trkpt lon="8.474978" lat="49.951156"><ele>88.0</ele></trkpt>
   <trkpt lon="8.474654" lat="49.951315"><ele>88.0</ele></trkpt>
   <trkpt lon="8.474438" lat="49.951456"><ele>88.0</ele></trkpt>
   <trkpt lon="8.473962" lat="49.951434"><ele>88.0</ele></trkpt>
   <trkpt lon="8.473822" lat="49.951426"><ele>88.0</ele></trkpt>
   <trkpt lon="8.473812" lat="49.951500"><ele>88.0</ele></trkpt>
   <trkpt lon="8.473746" lat="49.951600"><ele>88.0</ele></trkpt>
   <trkpt lon="8.473615" lat="49.951686"><ele>88.0</ele></trkpt>
   <trkpt lon="8.473388" lat="49.951746"><ele>88.0</ele></trkpt>
   <trkpt lon="8.473165" lat="49.951760"><ele>88.0</ele></trkpt>
   <trkpt lon="8.472939" lat="49.951729"><ele>88.0</ele></trkpt>
   <trkpt lon="8.472725" lat="49.951672"><ele>88.0</ele></trkpt>
   <trkpt lon="8.472338" lat="49.951535"><ele>88.0</ele></trkpt>
   <trkpt lon="8.472074" lat="49.951399"><ele>88.0</ele></trkpt>
   <trkpt lon="8.471835" lat="49.951308"><ele>88.0</ele></trkpt>
   <trkpt lon="8.471596" lat="49.951246"><ele>87.75</ele></trkpt>
   <trkpt lon="8.471468" lat="49.951225"><ele>87.5</ele></trkpt>
   <trkpt lon="8.471392" lat="49.951220"><ele>87.5</ele></trkpt>
   <trkpt lon="8.470800" lat="49.951293"><ele>88.0</ele></trkpt>
   <trkpt lon="8.469950" lat="49.951373"><ele>88.0</ele></trkpt>
   <trkpt lon="8.468871" lat="49.951424"><ele>88.0</ele></trkpt>
   <trkpt lon="8.467962" lat="49.951467"><ele>87.75</ele></trkpt>
   <trkpt lon="8.465434" lat="49.951702"><ele>88.75</ele></trkpt>
   <trkpt lon="8.465056" lat="49.951741"><ele>88.0</ele></trkpt>
   <trkpt lon="8.464977" lat="49.951754"><ele>88.0</ele></trkpt>
   <trkpt lon="8.464824" lat="49.951779"><ele>88.25</ele></trkpt>
   <trkpt lon="8.464045" lat="49.951489"><ele>88.0</ele></trkpt>
   <trkpt lon="8.463929" lat="49.951447"><ele>88.0</ele></trkpt>
   <trkpt lon="8.463182" lat="49.951210"><ele>88.5</ele></trkpt>
   <trkpt lon="8.461574" lat="49.950730"><ele>88.0</ele></trkpt>
   <trkpt lon="8.461279" lat="49.950644"><ele>88.0</ele></trkpt>
   <trkpt lon="8.459749" lat="49.950197"><ele>88.0</ele></trkpt>
   <trkpt lon="8.459490" lat="49.950106"><ele>88.25</ele></trkpt>
   <trkpt lon="8.458830" lat="49.949844"><ele>88.5</ele></trkpt>
   <trkpt lon="8.458697" lat="49.949775"><ele>88.5</ele></trkpt>
   <trkpt lon="8.458663" lat="49.949805"><ele>88.75</ele></trkpt>
   <trkpt lon="8.458615" lat="49.949826"><ele>88.75</ele></trkpt>
   <trkpt lon="8.458559" lat="49.949836"><ele>88.75</ele></trkpt>
   <trkpt lon="8.458502" lat="49.949834"><ele>88.5</ele></trkpt>
   <trkpt lon="8.458448" lat="49.949821"><ele>88.25</ele></trkpt>
   <trkpt lon="8.458365" lat="49.949900"><ele>88.0</ele></trkpt>
   <trkpt lon="8.458279" lat="49.949983"><ele>88.0</ele></trkpt>
   <trkpt lon="8.457922" lat="49.950320"><ele>88.0</ele></trkpt>
   <trkpt lon="8.457876" lat="49.950365"><ele>87.75</ele></trkpt>
   <trkpt lon="8.457824" lat="49.950404"><ele>88.0</ele></trkpt>
   <trkpt lon="8.457693" lat="49.950507"><ele>88.0</ele></trkpt>
   <trkpt lon="8.457271" lat="49.950864"><ele>87.75</ele></trkpt>
   <trkpt lon="8.457084" lat="49.951016"><ele>88.0</ele></trkpt>
   <trkpt lon="8.457056" lat="49.951038"><ele>88.0</ele></trkpt>
   <trkpt lon="8.456968" lat="49.951112"><ele>88.0</ele></trkpt>
   <trkpt lon="8.456864" lat="49.951194"><ele>88.0</ele></trkpt>
   <trkpt lon="8.456831" lat="49.951220"><ele>88.0</ele></trkpt>
   <trkpt lon="8.456644" lat="49.951370"><ele>88.0</ele></trkpt>
   <trkpt lon="8.456574" lat="49.951426"><ele>88.0</ele></trkpt>
   <trkpt lon="8.456034" lat="49.951858"><ele>88.0</ele></trkpt>
   <trkpt lon="8.454364" lat="49.953268"><ele>88.0</ele></trkpt>
   <trkpt lon="8.453368" lat="49.954147"><ele>88.0</ele></trkpt>
   <trkpt lon="8.453325" lat="49.954177"><ele>88.0</ele></trkpt>
   <trkpt lon="8.453213" lat="49.954271"><ele>88.0</ele></trkpt>
   <trkpt lon="8.452892" lat="49.954496"><ele>88.0</ele></trkpt>
   <trkpt lon="8.452710" lat="49.954609"><ele>88.0</ele></trkpt>
   <trkpt lon="8.452528" lat="49.954712"><ele>88.0</ele></trkpt>
   <trkpt lon="8.452491" lat="49.954732"><ele>88.0</ele></trkpt>
   <trkpt lon="8.452370" lat="49.954795"><ele>88.25</ele></trkpt>
   <trkpt lon="8.452308" lat="49.954828"><ele>88.25</ele></trkpt>
   <trkpt lon="8.452260" lat="49.954854"><ele>88.25</ele></trkpt>
   <trkpt lon="8.452028" lat="49.954975"><ele>88.75</ele></trkpt>
   <trkpt lon="8.451849" lat="49.955067"><ele>88.25</ele></trkpt>
   <trkpt lon="8.451532" lat="49.955230"><ele>88.25</ele></trkpt>
   <trkpt lon="8.451393" lat="49.955301"><ele>88.75</ele></trkpt>
   <trkpt lon="8.451352" lat="49.955322"><ele>88.5</ele></trkpt>
   <trkpt lon="8.451268" lat="49.955366"><ele>88.0</ele></trkpt>
   <trkpt lon="8.450598" lat="49.955704"><ele>89.25</ele></trkpt>
   <trkpt lon="8.450453" lat="49.955848"><ele>89.0</ele></trkpt>
   <trkpt lon="8.450344" lat="49.955998"><ele>89.0</ele></trkpt>
   <trkpt lon="8.450278" lat="49.956224"><ele>89.0</ele></trkpt>
   <trkpt lon="8.450288" lat="49.956426"><ele>88.75</ele></trkpt>
   <trkpt lon="8.450289" lat="49.956460"><ele>88.5</ele></trkpt>
   <trkpt lon="8.450295" lat="49.957035"><ele>88.0</ele></trkpt>
   <trkpt lon="8.450295" lat="49.957074"><ele>88.0</ele></trkpt>
   <trkpt lon="8.450297" lat="49.957205"><ele>88.0</ele></trkpt>
   <trkpt lon="8.450300" lat="49.957350"><ele>88.5</ele></trkpt>
   <trkpt lon="8.450303" lat="49.957472"><ele>88.75</ele></trkpt>
   <trkpt lon="8.450314" lat="49.958248"><ele>88.0</ele></trkpt>
   <trkpt lon="8.450312" lat="49.958827"><ele>88.0</ele></trkpt>
   <trkpt lon="8.450286" lat="49.959403"><ele>88.0</ele></trkpt>
   <trkpt lon="8.450265" lat="49.959975"><ele>87.0</ele></trkpt>
   <trkpt lon="8.450194" lat="49.960804"><ele>88.0</ele></trkpt>
   <trkpt lon="8.450156" lat="49.961479"><ele>88.0</ele></trkpt>
   <trkpt lon="8.450145" lat="49.961741"><ele>88.0</ele></trkpt>
   <trkpt lon="8.450098" lat="49.962428"><ele>88.0</ele></trkpt>
   <trkpt lon="8.450054" lat="49.962452"><ele>88.0</ele></trkpt>
   <trkpt lon="8.450097" lat="49.962523"><ele>88.0</ele></trkpt>
   <trkpt lon="8.450096" lat="49.962811"><ele>88.0</ele></trkpt>
   <trkpt lon="8.450077" lat="49.962925"><ele>88.0</ele></trkpt>
   <trkpt lon="8.450075" lat="49.962939"><ele>88.0</ele></trkpt>
   <trkpt lon="8.450110" lat="49.963269"><ele>88.0</ele></trkpt>
   <trkpt lon="8.450113" lat="49.963293"><ele>88.0</ele></trkpt>
   <trkpt lon="8.450061" lat="49.963506"><ele>88.0</ele></trkpt>
   <trkpt lon="8.450183" lat="49.963549"><ele>88.0</ele></trkpt>
   <trkpt lon="8.450321" lat="49.963618"><ele>88.0</ele></trkpt>
   <trkpt lon="8.450420" lat="49.963668"><ele>88.0</ele></trkpt>
   <trkpt lon="8.450623" lat="49.963770"><ele>88.0</ele></trkpt>
   <trkpt lon="8.450699" lat="49.963815"><ele>88.0</ele></trkpt>
   <trkpt lon="8.451003" lat="49.963973"><ele>88.0</ele></trkpt>
   <trkpt lon="8.451162" lat="49.964053"><ele>88.0</ele></trkpt>
   <trkpt lon="8.451347" lat="49.964149"><ele>88.0</ele></trkpt>
   <trkpt lon="8.451535" lat="49.964309"><ele>88.0</ele></trkpt>
   <trkpt lon="8.451653" lat="49.964479"><ele>88.0</ele></trkpt>
   <trkpt lon="8.451856" lat="49.964818"><ele>87.5</ele></trkpt>
   <trkpt lon="8.451916" lat="49.964991"><ele>88.0</ele></trkpt>
   <trkpt lon="8.452167" lat="49.965543"><ele>88.0</ele></trkpt>
   <trkpt lon="8.452535" lat="49.966002"><ele>88.0</ele></trkpt>
   <trkpt lon="8.452834" lat="49.966266"><ele>88.0</ele></trkpt>
   <trkpt lon="8.453213" lat="49.966579"><ele>88.0</ele></trkpt>
   <trkpt lon="8.453290" lat="49.966639"><ele>88.0</ele></trkpt>
   <trkpt lon="8.453333" lat="49.966672"><ele>88.0</ele></trkpt>
   <trkpt lon="8.453388" lat="49.966713"><ele>88.25</ele></trkpt>
   <trkpt lon="8.453462" lat="49.966768"><ele>88.25</ele></trkpt>
   <trkpt lon="8.453833" lat="49.967064"><ele>88.75</ele></trkpt>
   <trkpt lon="8.453876" lat="49.967101"><ele>88.75</ele></trkpt>
   <trkpt lon="8.453932" lat="49.967176"><ele>89.0</ele></trkpt>
   <trkpt lon="8.453957" lat="49.967265"><ele>89.0</ele></trkpt>
   <trkpt lon="8.453951" lat="49.967379"><ele>89.0</ele></trkpt>
   <trkpt lon="8.453943" lat="49.967446"><ele>89.0</ele></trkpt>
   <trkpt lon="8.453927" lat="49.967568"><ele>89.0</ele></trkpt>
   <trkpt lon="8.454196" lat="49.967574"><ele>89.25</ele></trkpt>
   <trkpt lon="8.454296" lat="49.967585"><ele>89.25</ele></trkpt>
   <trkpt lon="8.454393" lat="49.967606"><ele>89.0</ele></trkpt>
   <trkpt lon="8.454488" lat="49.967639"><ele>89.0</ele></trkpt>
   <trkpt lon="8.454608" lat="49.967698"><ele>89.0</ele></trkpt>
   <trkpt lon="8.454748" lat="49.967807"><ele>89.0</ele></trkpt>
   <trkpt lon="8.454812" lat="49.967914"><ele>89.0</ele></trkpt>
   <trkpt lon="8.455212" lat="49.968347"><ele>88.25</ele></trkpt>
   <trkpt lon="8.456087" lat="49.969309"><ele>89.0</ele></trkpt>
   <trkpt lon="8.456190" lat="49.969443"><ele>88.5</ele></trkpt>
   <trkpt lon="8.456451" lat="49.969776"><ele>88.0</ele></trkpt>
   <trkpt lon="8.456719" lat="49.970098"><ele>88.25</ele></trkpt>
   <trkpt lon="8.457242" lat="49.970832"><ele>88.75</ele></trkpt>
   <trkpt lon="8.457586" lat="49.971958"><ele>88.5</ele></trkpt>
   <trkpt lon="8.457849" lat="49.972831"><ele>89.0</ele></trkpt>
   <trkpt lon="8.458167" lat="49.973460"><ele>89.0</ele></trkpt>
   <trkpt lon="8.458670" lat="49.974073"><ele>89.0</ele></trkpt>
   <trkpt lon="8.458859" lat="49.974435"><ele>89.0</ele></trkpt>
   <trkpt lon="8.458933" lat="49.974649"><ele>89.0</ele></trkpt>
   <trkpt lon="8.458979" lat="49.974869"><ele>89.0</ele></trkpt>
   <trkpt lon="8.458970" lat="49.975184"><ele>89.5</ele></trkpt>
   <trkpt lon="8.458969" lat="49.975286"><ele>89.75</ele></trkpt>
   <trkpt lon="8.458854" lat="49.975643"><ele>89.25</ele></trkpt>
   <trkpt lon="8.458791" lat="49.975772"><ele>89.25</ele></trkpt>
   <trkpt lon="8.458603" lat="49.976026"><ele>91.0</ele></trkpt>
   <trkpt lon="8.458396" lat="49.976246"><ele>91.25</ele></trkpt>
   <trkpt lon="8.458376" lat="49.976265"><ele>91.0</ele></trkpt>
   <trkpt lon="8.458323" lat="49.976314"><ele>90.75</ele></trkpt>
   <trkpt lon="8.458214" lat="49.976388"><ele>90.0</ele></trkpt>
   <trkpt lon="8.458090" lat="49.976477"><ele>89.75</ele></trkpt>
   <trkpt lon="8.457888" lat="49.976643"><ele>91.0</ele></trkpt>
   <trkpt lon="8.457471" lat="49.976926"><ele>92.5</ele></trkpt>
   <trkpt lon="8.457158" lat="49.977204"><ele>93.25</ele></trkpt>
   <trkpt lon="8.457053" lat="49.977323"><ele>93.75</ele></trkpt>
   <trkpt lon="8.456960" lat="49.977446"><ele>94.0</ele></trkpt>
   <trkpt lon="8.456880" lat="49.977572"><ele>94.25</ele></trkpt>
   <trkpt lon="8.456784" lat="49.977771"><ele>95.0</ele></trkpt>
   <trkpt lon="8.456696" lat="49.978020"><ele>95.0</ele></trkpt>
   <trkpt lon="8.456670" lat="49.978203"><ele>95.75</ele></trkpt>
   <trkpt lon="8.456661" lat="49.978380"><ele>95.5</ele></trkpt>
   <trkpt lon="8.456672" lat="49.978599"><ele>94.75</ele></trkpt>
   <trkpt lon="8.456709" lat="49.978742"><ele>93.0</ele></trkpt>
   <trkpt lon="8.456772" lat="49.978881"><ele>91.5</ele></trkpt>
   <trkpt lon="8.456887" lat="49.979118"><ele>92.0</ele></trkpt>
   <trkpt lon="8.457054" lat="49.979344"><ele>90.75</ele></trkpt>
   <trkpt lon="8.457216" lat="49.979509"><ele>91.0</ele></trkpt>
   <trkpt lon="8.457346" lat="49.979627"><ele>90.25</ele></trkpt>
   <trkpt lon="8.457690" lat="49.979894"><ele>89.75</ele></trkpt>
   <trkpt lon="8.457736" lat="49.979924"><ele>89.75</ele></trkpt>
   <trkpt lon="8.457800" lat="49.979966"><ele>90.0</ele></trkpt>
   <trkpt lon="8.459126" lat="49.980848"><ele>89.75</ele></trkpt>
   <trkpt lon="8.459641" lat="49.981178"><ele>89.25</ele></trkpt>
   <trkpt lon="8.459807" lat="49.981274"><ele>89.0</ele></trkpt>
   <trkpt lon="8.460110" lat="49.981437"><ele>89.0</ele></trkpt>
   <trkpt lon="8.460423" lat="49.981582"><ele>88.25</ele></trkpt>
   <trkpt lon="8.461230" lat="49.981959"><ele>89.25</ele></trkpt>
   <trkpt lon="8.461669" lat="49.982185"><ele>89.0</ele></trkpt>
   <trkpt lon="8.462074" lat="49.982434"><ele>88.75</ele></trkpt>
   <trkpt lon="8.462465" lat="49.982721"><ele>89.0</ele></trkpt>
   <trkpt lon="8.462858" lat="49.983100"><ele>88.75</ele></trkpt>
   <trkpt lon="8.463293" lat="49.983580"><ele>89.0</ele></trkpt>
   <trkpt lon="8.463410" lat="49.983709"><ele>89.0</ele></trkpt>
   <trkpt lon="8.463554" lat="49.983888"><ele>89.0</ele></trkpt>
   <trkpt lon="8.463654" lat="49.984033"><ele>89.0</ele></trkpt>
   <trkpt lon="8.463677" lat="49.984137"><ele>89.0</ele></trkpt>
   <trkpt lon="8.463655" lat="49.984191"><ele>88.75</ele></trkpt>
   <trkpt lon="8.463614" lat="49.984237"><ele>88.5</ele></trkpt>
   <trkpt lon="8.463486" lat="49.984313"><ele>88.0</ele></trkpt>
   <trkpt lon="8.463253" lat="49.984389"><ele>88.25</ele></trkpt>
   <trkpt lon="8.462967" lat="49.984458"><ele>89.0</ele></trkpt>
   <trkpt lon="8.463054" lat="49.984562"><ele>89.0</ele></trkpt>
   <trkpt lon="8.463165" lat="49.984659"><ele>89.0</ele></trkpt>
   <trkpt lon="8.463350" lat="49.984775"><ele>88.75</ele></trkpt>
   <trkpt lon="8.463445" lat="49.984863"><ele>88.0</ele></trkpt>
   <trkpt lon="8.463514" lat="49.984983"><ele>88.25</ele></trkpt>
   <trkpt lon="8.463592" lat="49.985152"><ele>88.5</ele></trkpt>
   <trkpt lon="8.463687" lat="49.985386"><ele>88.25</ele></trkpt>
   <trkpt lon="8.463765" lat="49.985611"><ele>88.25</ele></trkpt>
   <trkpt lon="8.463829" lat="49.985935"><ele>88.0</ele></trkpt>
   <trkpt lon="8.463916" lat="49.986180"><ele>88.0</ele></trkpt>
   <trkpt lon="8.463946" lat="49.986563"><ele>88.5</ele></trkpt>
   <trkpt lon="8.463985" lat="49.986886"><ele>87.75</ele></trkpt>
   <trkpt lon="8.463987" lat="49.987089"><ele>87.25</ele></trkpt>
   <trkpt lon="8.464009" lat="49.987309"><ele>87.25</ele></trkpt>
   <trkpt lon="8.464148" lat="49.987717"><ele>87.75</ele></trkpt>
   <trkpt lon="8.464178" lat="49.987905"><ele>87.75</ele></trkpt>
   <trkpt lon="8.464094" lat="49.988445"><ele>87.25</ele></trkpt>
   <trkpt lon="8.463992" lat="49.988846"><ele>87.25</ele></trkpt>
   <trkpt lon="8.463914" lat="49.988992"><ele>87.5</ele></trkpt>
   <trkpt lon="8.463631" lat="49.989396"><ele>87.75</ele></trkpt>
   <trkpt lon="8.463285" lat="49.989846"><ele>87.25</ele></trkpt>
   <trkpt lon="8.462985" lat="49.990184"><ele>87.0</ele></trkpt>
   <trkpt lon="8.462750" lat="49.990371"><ele>87.25</ele></trkpt>
   <trkpt lon="8.462367" lat="49.990545"><ele>87.25</ele></trkpt>
   <trkpt lon="8.462121" lat="49.990604"><ele>87.75</ele></trkpt>
   <trkpt lon="8.461827" lat="49.990653"><ele>87.25</ele></trkpt>
   <trkpt lon="8.461380" lat="49.990664"><ele>87.0</ele></trkpt>
   <trkpt lon="8.461091" lat="49.990710"><ele>86.75</ele></trkpt>
   <trkpt lon="8.460669" lat="49.990878"><ele>87.25</ele></trkpt>
   <trkpt lon="8.459753" lat="49.991135"><ele>87.75</ele></trkpt>
   <trkpt lon="8.459424" lat="49.991208"><ele>87.25</ele></trkpt>
   <trkpt lon="8.459120" lat="49.991285"><ele>86.75</ele></trkpt>
   <trkpt lon="8.458813" lat="49.991324"><ele>87.25</ele></trkpt>
   <trkpt lon="8.458545" lat="49.991350"><ele>87.75</ele></trkpt>
   <trkpt lon="8.458684" lat="49.991727"><ele>87.75</ele></trkpt>
   <trkpt lon="8.458961" lat="49.992204"><ele>88.0</ele></trkpt>
   <trkpt lon="8.459014" lat="49.992315"><ele>88.0</ele></trkpt>
   <trkpt lon="8.459076" lat="49.992481"><ele>88.5</ele></trkpt>
   <trkpt lon="8.459088" lat="49.992509"><ele>88.5</ele></trkpt>
   <trkpt lon="8.459122" lat="49.992913"><ele>89.25</ele></trkpt>
   <trkpt lon="8.459126" lat="49.992970"><ele>89.5</ele></trkpt>
   <trkpt lon="8.459144" lat="49.993810"><ele>90.0</ele></trkpt>
   <trkpt lon="8.459166" lat="49.994212"><ele>90.0</ele></trkpt>
   <trkpt lon="8.459236" lat="49.995093"><ele>89.75</ele></trkpt>
   <trkpt lon="8.459250" lat="49.995481"><ele>89.75</ele></trkpt>
   <trkpt lon="8.459244" lat="49.995508"><ele>89.75</ele></trkpt>
   <trkpt lon="8.459018" lat="49.996528"><ele>90.0</ele></trkpt>
   <trkpt lon="8.458822" lat="49.997342"><ele>90.0</ele></trkpt>
   <trkpt lon="8.458176" lat="49.999030"><ele>90.25</ele></trkpt>
   <trkpt lon="8.458073" lat="49.999366"><ele>90.0</ele></trkpt>
   <trkpt lon="8.457785" lat="50.000407"><ele>90.0</ele></trkpt>
   <trkpt lon="8.457705" lat="50.000649"><ele>90.0</ele></trkpt>
   <trkpt lon="8.457394" lat="50.001381"><ele>90.0</ele></trkpt>
   <trkpt lon="8.457225" lat="50.001812"><ele>90.0</ele></trkpt>
   <trkpt lon="8.457159" lat="50.001952"><ele>90.0</ele></trkpt>
   <trkpt lon="8.456929" lat="50.002432"><ele>90.0</ele></trkpt>
   <trkpt lon="8.456871" lat="50.002552"><ele>90.0</ele></trkpt>
   <trkpt lon="8.456841" lat="50.002602"><ele>90.0</ele></trkpt>
   <trkpt lon="8.456861" lat="50.002619"><ele>90.25</ele></trkpt>
   <trkpt lon="8.456871" lat="50.002640"><ele>90.25</ele></trkpt>
   <trkpt lon="8.456869" lat="50.002662"><ele>90.25</ele></trkpt>
   <trkpt lon="8.456855" lat="50.002683"><ele>90.25</ele></trkpt>
   <trkpt lon="8.456831" lat="50.002699"><ele>90.25</ele></trkpt>
   <trkpt lon="8.456767" lat="50.002711"><ele>90.25</ele></trkpt>
   <trkpt lon="8.456774" lat="50.002851"><ele>90.25</ele></trkpt>
   <trkpt lon="8.456788" lat="50.002941"><ele>90.25</ele></trkpt>
   <trkpt lon="8.456954" lat="50.003496"><ele>91.0</ele></trkpt>
   <trkpt lon="8.456982" lat="50.003566"><ele>91.0</ele></trkpt>
   <trkpt lon="8.457166" lat="50.004026"><ele>91.0</ele></trkpt>
   <trkpt lon="8.457247" lat="50.004229"><ele>91.0</ele></trkpt>
   <trkpt lon="8.457453" lat="50.004586"><ele>91.0</ele></trkpt>
   <trkpt lon="8.457505" lat="50.004675"><ele>91.0</ele></trkpt>
   <trkpt lon="8.457526" lat="50.004754"><ele>91.0</ele></trkpt>
   <trkpt lon="8.457528" lat="50.004859"><ele>91.0</ele></trkpt>
   <trkpt lon="8.457526" lat="50.004903"><ele>91.0</ele></trkpt>
   <trkpt lon="8.457523" lat="50.004934"><ele>91.0</ele></trkpt>
   <trkpt lon="8.457552" lat="50.005005"><ele>91.0</ele></trkpt>
   <trkpt lon="8.457548" lat="50.005084"><ele>91.0</ele></trkpt>
   <trkpt lon="8.457544" lat="50.005137"><ele>91.0</ele></trkpt>
   <trkpt lon="8.457552" lat="50.005206"><ele>91.0</ele></trkpt>
   <trkpt lon="8.457579" lat="50.005237"><ele>91.0</ele></trkpt>
   <trkpt lon="8.457589" lat="50.005271"><ele>91.0</ele></trkpt>
   <trkpt lon="8.457578" lat="50.005310"><ele>91.0</ele></trkpt>
   <trkpt lon="8.457546" lat="50.005343"><ele>91.0</ele></trkpt>
   <trkpt lon="8.457496" lat="50.005367"><ele>90.75</ele></trkpt>
   <trkpt lon="8.457481" lat="50.005472"><ele>90.75</ele></trkpt>
   <trkpt lon="8.457449" lat="50.005591"><ele>90.75</ele></trkpt>
   <trkpt lon="8.457400" lat="50.005661"><ele>90.5</ele></trkpt>
   <trkpt lon="8.457333" lat="50.005942"><ele>90.0</ele></trkpt>
   <trkpt lon="8.457283" lat="50.006152"><ele>90.0</ele></trkpt>
   <trkpt lon="8.457201" lat="50.006423"><ele>89.5</ele></trkpt>
   <trkpt lon="8.456965" lat="50.007205"><ele>89.0</ele></trkpt>
   <trkpt lon="8.456917" lat="50.007361"><ele>88.75</ele></trkpt>
   <trkpt lon="8.456277" lat="50.007988"><ele>89.0</ele></trkpt>
   <trkpt lon="8.455655" lat="50.008657"><ele>90.0</ele></trkpt>
   <trkpt lon="8.455467" lat="50.008880"><ele>89.75</ele></trkpt>
   <trkpt lon="8.455361" lat="50.009025"><ele>89.5</ele></trkpt>
   <trkpt lon="8.455335" lat="50.009098"><ele>89.25</ele></trkpt>
   <trkpt lon="8.455273" lat="50.009469"><ele>89.0</ele></trkpt>
   <trkpt lon="8.455241" lat="50.009556"><ele>89.0</ele></trkpt>
   <trkpt lon="8.455235" lat="50.009754"><ele>89.25</ele></trkpt>
   <trkpt lon="8.455399" lat="50.009857"><ele>89.75</ele></trkpt>
   <trkpt lon="8.455414" lat="50.009891"><ele>90.0</ele></trkpt>
   <trkpt lon="8.455377" lat="50.009887"><ele>90.0</ele></trkpt>
   <trkpt lon="8.455021" lat="50.009685"><ele>89.75</ele></trkpt>
   <trkpt lon="8.455005" lat="50.009676"><ele>89.75</ele></trkpt>
   <trkpt lon="8.454944" lat="50.009721"><ele>89.75</ele></trkpt>
   <trkpt lon="8.454864" lat="50.009780"><ele>89.75</ele></trkpt>
   <trkpt lon="8.454739" lat="50.009871"><ele>89.75</ele></trkpt>
   <trkpt lon="8.454451" lat="50.010083"><ele>90.0</ele></trkpt>
   <trkpt lon="8.454412" lat="50.010111"><ele>90.0</ele></trkpt>
   <trkpt lon="8.454747" lat="50.010276"><ele>90.0</ele></trkpt>
   <trkpt lon="8.455060" lat="50.010439"><ele>90.5</ele></trkpt>
   <trkpt lon="8.455301" lat="50.010546"><ele>90.75</ele></trkpt>
   <trkpt lon="8.455382" lat="50.010479"><ele>90.5</ele></trkpt>
   <trkpt lon="8.455430" lat="50.010458"><ele>90.5</ele></trkpt>
   <trkpt lon="8.455474" lat="50.010449"><ele>90.5</ele></trkpt>
   <trkpt lon="8.455528" lat="50.010451"><ele>90.25</ele></trkpt>
   <trkpt lon="8.455571" lat="50.010460"><ele>90.25</ele></trkpt>
   <trkpt lon="8.455616" lat="50.010478"><ele>90.25</ele></trkpt>
   <trkpt lon="8.456621" lat="50.011032"><ele>90.0</ele></trkpt>
   <trkpt lon="8.456883" lat="50.011181"><ele>90.5</ele></trkpt>
   <trkpt lon="8.457165" lat="50.011339"><ele>89.25</ele></trkpt>
   <trkpt lon="8.457329" lat="50.011451"><ele>89.5</ele></trkpt>
   <trkpt lon="8.457433" lat="50.011552"><ele>89.5</ele></trkpt>
   <trkpt lon="8.457554" lat="50.011642"><ele>89.25</ele></trkpt>
   <trkpt lon="8.458204" lat="50.012032"><ele>89.5</ele></trkpt>
   <trkpt lon="8.458664" lat="50.012285"><ele>89.75</ele></trkpt>
   <trkpt lon="8.458867" lat="50.012384"><ele>90.25</ele></trkpt>
   <trkpt lon="8.459248" lat="50.012614"><ele>90.0</ele></trkpt>
   <trkpt lon="8.459908" lat="50.013094"><ele>89.75</ele></trkpt>
   <trkpt lon="8.459982" lat="50.013148"><ele>90.0</ele></trkpt>
   <trkpt lon="8.460051" lat="50.013199"><ele>90.0</ele></trkpt>
   <trkpt lon="8.460307" lat="50.013384"><ele>90.0</ele></trkpt>
   <trkpt lon="8.460482" lat="50.013510"><ele>90.0</ele></trkpt>
   <trkpt lon="8.460581" lat="50.013556"><ele>90.0</ele></trkpt>
   <trkpt lon="8.460790" lat="50.013635"><ele>90.0</ele></trkpt>
   <trkpt lon="8.461163" lat="50.013886"><ele>90.0</ele></trkpt>
   <trkpt lon="8.461360" lat="50.014052"><ele>90.25</ele></trkpt>
   <trkpt lon="8.461482" lat="50.014177"><ele>90.0</ele></trkpt>
   <trkpt lon="8.461605" lat="50.014378"><ele>90.0</ele></trkpt>
   <trkpt lon="8.461631" lat="50.014488"><ele>90.0</ele></trkpt>
   <trkpt lon="8.461652" lat="50.014593"><ele>90.0</ele></trkpt>
   <trkpt lon="8.461653" lat="50.014640"><ele>90.0</ele></trkpt>
   <trkpt lon="8.461631" lat="50.014790"><ele>90.0</ele></trkpt>
   <trkpt lon="8.461585" lat="50.014980"><ele>90.0</ele></trkpt>
   <trkpt lon="8.461536" lat="50.015211"><ele>90.0</ele></trkpt>
   <trkpt lon="8.461656" lat="50.015209"><ele>90.0</ele></trkpt>
   <trkpt lon="8.462030" lat="50.015206"><ele>90.25</ele></trkpt>
   <trkpt lon="8.462223" lat="50.015211"><ele>90.0</ele></trkpt>
   <trkpt lon="8.462429" lat="50.015229"><ele>90.0</ele></trkpt>
   <trkpt lon="8.462706" lat="50.015277"><ele>90.5</ele></trkpt>
   <trkpt lon="8.462838" lat="50.015306"><ele>90.75</ele></trkpt>
   <trkpt lon="8.463043" lat="50.015363"><ele>90.75</ele></trkpt>
   <trkpt lon="8.463264" lat="50.015440"><ele>91.0</ele></trkpt>
   <trkpt lon="8.463390" lat="50.015492"><ele>91.0</ele></trkpt>
   <trkpt lon="8.463533" lat="50.015571"><ele>90.75</ele></trkpt>
   <trkpt lon="8.463746" lat="50.015714"><ele>91.0</ele></trkpt>
   <trkpt lon="8.464229" lat="50.016121"><ele>90.75</ele></trkpt>
   <trkpt lon="8.464608" lat="50.016441"><ele>90.75</ele></trkpt>
   <trkpt lon="8.465219" lat="50.016949"><ele>90.75</ele></trkpt>
   <trkpt lon="8.465772" lat="50.017424"><ele>91.0</ele></trkpt>
   <trkpt lon="8.466027" lat="50.017640"><ele>91.25</ele></trkpt>
   <trkpt lon="8.466106" lat="50.017709"><ele>91.0</ele></trkpt>
   <trkpt lon="8.466179" lat="50.017781"><ele>91.0</ele></trkpt>
   <trkpt lon="8.466388" lat="50.017938"><ele>91.75</ele></trkpt>
   <trkpt lon="8.466465" lat="50.018015"><ele>91.75</ele></trkpt>
   <trkpt lon="8.466530" lat="50.018124"><ele>92.0</ele></trkpt>
   <trkpt lon="8.466586" lat="50.018137"><ele>92.0</ele></trkpt>
   <trkpt lon="8.466630" lat="50.018163"><ele>92.0</ele></trkpt>
   <trkpt lon="8.466656" lat="50.018198"><ele>92.0</ele></trkpt>
   <trkpt lon="8.466660" lat="50.018237"><ele>92.0</ele></trkpt>
   <trkpt lon="8.466641" lat="50.018273"><ele>92.0</ele></trkpt>
   <trkpt lon="8.466755" lat="50.018308"><ele>92.0</ele></trkpt>
   <trkpt lon="8.466817" lat="50.018327"><ele>92.0</ele></trkpt>
   <trkpt lon="8.466872" lat="50.018354"><ele>91.75</ele></trkpt>
   <trkpt lon="8.467171" lat="50.018599"><ele>91.0</ele></trkpt>
   <trkpt lon="8.467227" lat="50.018665"><ele>91.0</ele></trkpt>
   <trkpt lon="8.467254" lat="50.018727"><ele>91.0</ele></trkpt>
   <trkpt lon="8.467341" lat="50.018777"><ele>91.0</ele></trkpt>
   <trkpt lon="8.468380" lat="50.019662"><ele>92.0</ele></trkpt>
   <trkpt lon="8.469067" lat="50.020263"><ele>92.0</ele></trkpt>
   <trkpt lon="8.469274" lat="50.020464"><ele>92.0</ele></trkpt>
   <trkpt lon="8.469450" lat="50.020604"><ele>91.75</ele></trkpt>
   <trkpt lon="8.469502" lat="50.020631"><ele>91.75</ele></trkpt>
   <trkpt lon="8.469655" lat="50.020692"><ele>92.25</ele></trkpt>
   <trkpt lon="8.469730" lat="50.020749"><ele>92.5</ele></trkpt>
   <trkpt lon="8.471290" lat="50.022068"><ele>91.25</ele></trkpt>
   <trkpt lon="8.471625" lat="50.022424"><ele>91.0</ele></trkpt>
   <trkpt lon="8.472053" lat="50.022731"><ele>92.0</ele></trkpt>
   <trkpt lon="8.472297" lat="50.022942"><ele>91.5</ele></trkpt>
   <trkpt lon="8.472481" lat="50.023121"><ele>91.5</ele></trkpt>
   <trkpt lon="8.475015" lat="50.025234"><ele>93.5</ele></trkpt>
   <trkpt lon="8.475801" lat="50.025898"><ele>91.75</ele></trkpt>
   <trkpt lon="8.476372" lat="50.026368"><ele>93.5</ele></trkpt>
   <trkpt lon="8.477075" lat="50.026958"><ele>93.25</ele></trkpt>
   <trkpt lon="8.477828" lat="50.027627"><ele>92.5</ele></trkpt>
   <trkpt lon="8.478451" lat="50.028216"><ele>92.0</ele></trkpt>
   <trkpt lon="8.478793" lat="50.028621"><ele>92.25</ele></trkpt>
   <trkpt lon="8.479097" lat="50.029015"><ele>92.0</ele></trkpt>
   <trkpt lon="8.479455" lat="50.029504"><ele>92.0</ele></trkpt>
   <trkpt lon="8.479737" lat="50.029817"><ele>92.25</ele></trkpt>
   <trkpt lon="8.480156" lat="50.030215"><ele>93.0</ele></trkpt>
   <trkpt lon="8.480368" lat="50.030336"><ele>92.75</ele></trkpt>
   <trkpt lon="8.481697" lat="50.031571"><ele>93.0</ele></trkpt>
   <trkpt lon="8.482883" lat="50.032683"><ele>93.0</ele></trkpt>
   <trkpt lon="8.483020" lat="50.032786"><ele>93.0</ele></trkpt>
   <trkpt lon="8.483147" lat="50.032847"><ele>93.0</ele></trkpt>
   <trkpt lon="8.483286" lat="50.032890"><ele>93.0</ele></trkpt>
   <trkpt lon="8.483551" lat="50.032954"><ele>93.0</ele></trkpt>
   <trkpt lon="8.483666" lat="50.033006"><ele>93.0</ele></trkpt>
   <trkpt lon="8.483752" lat="50.033074"><ele>93.0</ele></trkpt>
   <trkpt lon="8.483808" lat="50.033151"><ele>93.0</ele></trkpt>
   <trkpt lon="8.483840" lat="50.033247"><ele>93.0</ele></trkpt>
   <trkpt lon="8.483839" lat="50.033347"><ele>93.0</ele></trkpt>
   <trkpt lon="8.483824" lat="50.033433"><ele>93.0</ele></trkpt>
   <trkpt lon="8.483826" lat="50.033515"><ele>93.0</ele></trkpt>
   <trkpt lon="8.483854" lat="50.033605"><ele>93.0</ele></trkpt>
   <trkpt lon="8.483894" lat="50.033673"><ele>93.0</ele></trkpt>
   <trkpt lon="8.483955" lat="50.033747"><ele>93.0</ele></trkpt>
   <trkpt lon="8.484259" lat="50.034030"><ele>93.0</ele></trkpt>
   <trkpt lon="8.484310" lat="50.034077"><ele>93.0</ele></trkpt>
   <trkpt lon="8.484375" lat="50.034164"><ele>93.0</ele></trkpt>
   <trkpt lon="8.484403" lat="50.034237"><ele>93.0</ele></trkpt>
   <trkpt lon="8.484436" lat="50.034290"><ele>93.0</ele></trkpt>
   <trkpt lon="8.484495" lat="50.034359"><ele>93.0</ele></trkpt>
   <trkpt lon="8.485034" lat="50.034838"><ele>93.0</ele></trkpt>
   <trkpt lon="8.484904" lat="50.034896"><ele>92.75</ele></trkpt>
   <trkpt lon="8.485068" lat="50.035086"><ele>92.75</ele></trkpt>
   <trkpt lon="8.485324" lat="50.035344"><ele>92.75</ele></trkpt>
   <trkpt lon="8.485712" lat="50.035707"><ele>92.25</ele></trkpt>
   <trkpt lon="8.485897" lat="50.035880"><ele>92.0</ele></trkpt>
   <trkpt lon="8.486304" lat="50.036258"><ele>92.25</ele></trkpt>
   <trkpt lon="8.486924" lat="50.036835"><ele>92.75</ele></trkpt>
   <trkpt lon="8.488671" lat="50.038460"><ele>92.5</ele></trkpt>
   <trkpt lon="8.491450" lat="50.041034"><ele>92.5</ele></trkpt>
   <trkpt lon="8.495518" lat="50.044814"><ele>93.75</ele></trkpt>
   <trkpt lon="8.495834" lat="50.045099"><ele>94.0</ele></trkpt>
   <trkpt lon="8.496124" lat="50.045319"><ele>94.75</ele></trkpt>
   <trkpt lon="8.496307" lat="50.045440"><ele>94.5</ele></trkpt>
   <trkpt lon="8.496631" lat="50.045618"><ele>94.75</ele></trkpt>
   <trkpt lon="8.496948" lat="50.045776"><ele>94.75</ele></trkpt>
   <trkpt lon="8.500700" lat="50.047477"><ele>95.0</ele></trkpt>
   <trkpt lon="8.502738" lat="50.048401"><ele>94.0</ele></trkpt>
   <trkpt lon="8.503109" lat="50.048548"><ele>94.0</ele></trkpt>
   <trkpt lon="8.503778" lat="50.048851"><ele>94.0</ele></trkpt>
   <trkpt lon="8.504393" lat="50.049154"><ele>93.75</ele></trkpt>
   <trkpt lon="8.504728" lat="50.049321"><ele>93.0</ele></trkpt>
   <trkpt lon="8.504920" lat="50.049415"><ele>93.5</ele></trkpt>
   <trkpt lon="8.505077" lat="50.049492"><ele>93.25</ele></trkpt>
   <trkpt lon="8.505249" lat="50.049582"><ele>93.0</ele></trkpt>
   <trkpt lon="8.506133" lat="50.050057"><ele>93.5</ele></trkpt>
   <trkpt lon="8.507003" lat="50.050512"><ele>93.75</ele></trkpt>
   <trkpt lon="8.508219" lat="50.051181"><ele>95.25</ele></trkpt>
   <trkpt lon="8.509670" lat="50.051984"><ele>98.0</ele></trkpt>
   <trkpt lon="8.509944" lat="50.052136"><ele>98.25</ele></trkpt>
   <trkpt lon="8.510687" lat="50.052550"><ele>99.25</ele></trkpt>
   <trkpt lon="8.510891" lat="50.052660"><ele>99.75</ele></trkpt>
   <trkpt lon="8.511195" lat="50.052824"><ele>100.75</ele></trkpt>
   <trkpt lon="8.511178" lat="50.052880"><ele>100.5</ele></trkpt>
   <trkpt lon="8.511147" lat="50.052936"><ele>100.5</ele></trkpt>
   <trkpt lon="8.511098" lat="50.052990"><ele>100.0</ele></trkpt>
   <trkpt lon="8.511032" lat="50.053040"><ele>99.75</ele></trkpt>
   <trkpt lon="8.510878" lat="50.053174"><ele>99.0</ele></trkpt>
   <trkpt lon="8.510824" lat="50.053236"><ele>98.75</ele></trkpt>
   <trkpt lon="8.510804" lat="50.053377"><ele>98.5</ele></trkpt>
   <trkpt lon="8.510810" lat="50.053442"><ele>98.5</ele></trkpt>
   <trkpt lon="8.510829" lat="50.053514"><ele>98.75</ele></trkpt>
   <trkpt lon="8.510895" lat="50.053635"><ele>98.5</ele></trkpt>
   <trkpt lon="8.510949" lat="50.053703"><ele>97.75</ele></trkpt>
   <trkpt lon="8.511018" lat="50.053763"><ele>97.5</ele></trkpt>
   <trkpt lon="8.511100" lat="50.053822"><ele>98.0</ele></trkpt>
   <trkpt lon="8.511200" lat="50.053877"><ele>98.0</ele></trkpt>
   <trkpt lon="8.511302" lat="50.053919"><ele>97.5</ele></trkpt>
   <trkpt lon="8.511413" lat="50.053953"><ele>97.5</ele></trkpt>
   <trkpt lon="8.511561" lat="50.053985"><ele>97.5</ele></trkpt>
   <trkpt lon="8.511707" lat="50.053999"><ele>97.5</ele></trkpt>
   <trkpt lon="8.511837" lat="50.054001"><ele>97.5</ele></trkpt>
   <trkpt lon="8.511823" lat="50.054047"><ele>97.75</ele></trkpt>
   <trkpt lon="8.511782" lat="50.054095"><ele>97.75</ele></trkpt>
   <trkpt lon="8.511556" lat="50.054226"><ele>96.5</ele></trkpt>
   <trkpt lon="8.511441" lat="50.054318"><ele>94.5</ele></trkpt>
   <trkpt lon="8.511369" lat="50.054386"><ele>92.5</ele></trkpt>
   <trkpt lon="8.511315" lat="50.054464"><ele>91.25</ele></trkpt>
   <trkpt lon="8.511293" lat="50.054541"><ele>90.5</ele></trkpt>
   <trkpt lon="8.511278" lat="50.054652"><ele>90.0</ele></trkpt>
   <trkpt lon="8.511310" lat="50.054716"><ele>89.75</ele></trkpt>
   <trkpt lon="8.511410" lat="50.054849"><ele>89.75</ele></trkpt>
   <trkpt lon="8.511485" lat="50.054925"><ele>90.0</ele></trkpt>
   <trkpt lon="8.511619" lat="50.055033"><ele>89.5</ele></trkpt>
   <trkpt lon="8.513029" lat="50.055933"><ele>89.5</ele></trkpt>
   <trkpt lon="8.513165" lat="50.056028"><ele>89.75</ele></trkpt>
   <trkpt lon="8.513707" lat="50.056264"><ele>91.75</ele></trkpt>
   <trkpt lon="8.513878" lat="50.056350"><ele>91.75</ele></trkpt>
   <trkpt lon="8.514184" lat="50.056455"><ele>95.0</ele></trkpt>
   <trkpt lon="8.515181" lat="50.057036"><ele>96.0</ele></trkpt>
   <trkpt lon="8.515842" lat="50.057438"><ele>94.25</ele></trkpt>
   <trkpt lon="8.516192" lat="50.057648"><ele>95.5</ele></trkpt>
   <trkpt lon="8.516380" lat="50.057774"><ele>93.75</ele></trkpt>
   <trkpt lon="8.517118" lat="50.058309"><ele>92.25</ele></trkpt>
   <trkpt lon="8.517564" lat="50.058571"><ele>92.0</ele></trkpt>
   <trkpt lon="8.519205" lat="50.059559"><ele>92.5</ele></trkpt>
   <trkpt lon="8.520041" lat="50.060177"><ele>91.25</ele></trkpt>
   <trkpt lon="8.520824" lat="50.060610"><ele>90.25</ele></trkpt>
   <trkpt lon="8.522309" lat="50.061387"><ele>90.5</ele></trkpt>
   <trkpt lon="8.523581" lat="50.062094"><ele>91.25</ele></trkpt>
   <trkpt lon="8.524215" lat="50.062460"><ele>90.75</ele></trkpt>
   <trkpt lon="8.524584" lat="50.062675"><ele>91.25</ele></trkpt>
   <trkpt lon="8.525073" lat="50.062947"><ele>91.5</ele></trkpt>
   <trkpt lon="8.525528" lat="50.063216"><ele>90.75</ele></trkpt>
   <trkpt lon="8.525949" lat="50.063501"><ele>89.0</ele></trkpt>
   <trkpt lon="8.526172" lat="50.063672"><ele>90.0</ele></trkpt>
   <trkpt lon="8.527131" lat="50.064565"><ele>90.25</ele></trkpt>
   <trkpt lon="8.527638" lat="50.065065"><ele>90.25</ele></trkpt>
   <trkpt lon="8.527753" lat="50.065213"><ele>89.75</ele></trkpt>
   <trkpt lon="8.527974" lat="50.065580"><ele>89.25</ele></trkpt>
   <trkpt lon="8.528155" lat="50.065943"><ele>89.0</ele></trkpt>
   <trkpt lon="8.528401" lat="50.066410"><ele>89.25</ele></trkpt>
   <trkpt lon="8.528427" lat="50.066479"><ele>89.25</ele></trkpt>
   <trkpt lon="8.528437" lat="50.066564"><ele>89.0</ele></trkpt>
   <trkpt lon="8.528567" lat="50.066706"><ele>89.75</ele></trkpt>
   <trkpt lon="8.528589" lat="50.066754"><ele>90.0</ele></trkpt>
   <trkpt lon="8.528659" lat="50.066882"><ele>90.75</ele></trkpt>
   <trkpt lon="8.528716" lat="50.066934"><ele>91.25</ele></trkpt>
   <trkpt lon="8.528778" lat="50.066955"><ele>91.5</ele></trkpt>
   <trkpt lon="8.528844" lat="50.066965"><ele>91.75</ele></trkpt>
   <trkpt lon="8.528810" lat="50.067083"><ele>91.5</ele></trkpt>
   <trkpt lon="8.528697" lat="50.067718"><ele>92.5</ele></trkpt>
   <trkpt lon="8.528691" lat="50.067745"><ele>92.5</ele></trkpt>
   <trkpt lon="8.528552" lat="50.068393"><ele>91.75</ele></trkpt>
   <trkpt lon="8.528447" lat="50.068793"><ele>91.75</ele></trkpt>
   <trkpt lon="8.528199" lat="50.069368"><ele>92.0</ele></trkpt>
   <trkpt lon="8.528112" lat="50.069613"><ele>92.5</ele></trkpt>
   <trkpt lon="8.528098" lat="50.069738"><ele>92.75</ele></trkpt>
   <trkpt lon="8.528092" lat="50.069920"><ele>92.75</ele></trkpt>
   <trkpt lon="8.528107" lat="50.070172"><ele>93.0</ele></trkpt>
   <trkpt lon="8.528151" lat="50.070903"><ele>93.0</ele></trkpt>
   <trkpt lon="8.528209" lat="50.071726"><ele>93.0</ele></trkpt>
   <trkpt lon="8.528230" lat="50.071777"><ele>93.0</ele></trkpt>
   <trkpt lon="8.528274" lat="50.071829"><ele>93.0</ele></trkpt>
   <trkpt lon="8.528325" lat="50.071865"><ele>93.0</ele></trkpt>
   <trkpt lon="8.528383" lat="50.071889"><ele>92.75</ele></trkpt>
   <trkpt lon="8.528463" lat="50.071900"><ele>92.5</ele></trkpt>
   <trkpt lon="8.528682" lat="50.071914"><ele>92.0</ele></trkpt>
   <trkpt lon="8.528798" lat="50.071918"><ele>92.0</ele></trkpt>
   <trkpt lon="8.529127" lat="50.071931"><ele>92.0</ele></trkpt>
   <trkpt lon="8.529281" lat="50.071923"><ele>92.0</ele></trkpt>
   <trkpt lon="8.529403" lat="50.071928"><ele>92.0</ele></trkpt>
   <trkpt lon="8.529654" lat="50.071942"><ele>92.0</ele></trkpt>
   <trkpt lon="8.529735" lat="50.071953"><ele>92.0</ele></trkpt>
   <trkpt lon="8.529866" lat="50.071980"><ele>92.5</ele></trkpt>
   <trkpt lon="8.529967" lat="50.072002"><ele>92.75</ele></trkpt>
   <trkpt lon="8.530092" lat="50.072037"><ele>93.0</ele></trkpt>
   <trkpt lon="8.530657" lat="50.072227"><ele>92.25</ele></trkpt>
   <trkpt lon="8.531230" lat="50.072434"><ele>92.75</ele></trkpt>
   <trkpt lon="8.532186" lat="50.072799"><ele>93.0</ele></trkpt>
   <trkpt lon="8.532744" lat="50.073005"><ele>93.0</ele></trkpt>
   <trkpt lon="8.533736" lat="50.073389"><ele>92.0</ele></trkpt>
   <trkpt lon="8.534149" lat="50.073565"><ele>92.5</ele></trkpt>
   <trkpt lon="8.534895" lat="50.073910"><ele>92.25</ele></trkpt>
   <trkpt lon="8.535298" lat="50.074104"><ele>91.75</ele></trkpt>
   <trkpt lon="8.535820" lat="50.074366"><ele>92.75</ele></trkpt>
   <trkpt lon="8.536756" lat="50.074830"><ele>93.25</ele></trkpt>
   <trkpt lon="8.537005" lat="50.074937"><ele>93.0</ele></trkpt>
   <trkpt lon="8.537316" lat="50.075052"><ele>93.0</ele></trkpt>
   <trkpt lon="8.537739" lat="50.075182"><ele>93.0</ele></trkpt>
   <trkpt lon="8.537954" lat="50.075233"><ele>93.5</ele></trkpt>
   <trkpt lon="8.538120" lat="50.075261"><ele>94.0</ele></trkpt>
   <trkpt lon="8.538459" lat="50.075284"><ele>94.75</ele></trkpt>
   <trkpt lon="8.538670" lat="50.075285"><ele>95.25</ele></trkpt>
   <trkpt lon="8.538867" lat="50.075267"><ele>96.5</ele></trkpt>
   <trkpt lon="8.539664" lat="50.075144"><ele>94.75</ele></trkpt>
   <trkpt lon="8.539931" lat="50.075123"><ele>95.5</ele></trkpt>
   <trkpt lon="8.540241" lat="50.075124"><ele>96.5</ele></trkpt>
   <trkpt lon="8.540354" lat="50.075132"><ele>95.75</ele></trkpt>
   <trkpt lon="8.540669" lat="50.075170"><ele>96.0</ele></trkpt>
   <trkpt lon="8.540865" lat="50.075218"><ele>96.0</ele></trkpt>
   <trkpt lon="8.541157" lat="50.075310"><ele>96.5</ele></trkpt>
   <trkpt lon="8.541436" lat="50.075432"><ele>96.75</ele></trkpt>
   <trkpt lon="8.541583" lat="50.075509"><ele>97.0</ele></trkpt>
   <trkpt lon="8.541801" lat="50.075618"><ele>97.0</ele></trkpt>
   <trkpt lon="8.542085" lat="50.075723"><ele>95.5</ele></trkpt>
   <trkpt lon="8.542438" lat="50.075851"><ele>94.25</ele></trkpt>
   <trkpt lon="8.542573" lat="50.075890"><ele>93.25</ele></trkpt>
   <trkpt lon="8.542766" lat="50.075932"><ele>93.0</ele></trkpt>
   <trkpt lon="8.542918" lat="50.075955"><ele>92.25</ele></trkpt>
   <trkpt lon="8.543259" lat="50.075990"><ele>92.0</ele></trkpt>
   <trkpt lon="8.543386" lat="50.075998"><ele>92.25</ele></trkpt>
   <trkpt lon="8.543701" lat="50.076004"><ele>94.5</ele></trkpt>
   <trkpt lon="8.544429" lat="50.076010"><ele>92.75</ele></trkpt>
   <trkpt lon="8.544935" lat="50.076042"><ele>94.25</ele></trkpt>
   <trkpt lon="8.545180" lat="50.076075"><ele>95.75</ele></trkpt>
   <trkpt lon="8.545473" lat="50.076137"><ele>96.5</ele></trkpt>
   <trkpt lon="8.545714" lat="50.076207"><ele>95.25</ele></trkpt>
   <trkpt lon="8.545891" lat="50.076273"><ele>94.5</ele></trkpt>
   <trkpt lon="8.546105" lat="50.076361"><ele>94.5</ele></trkpt>
   <trkpt lon="8.546273" lat="50.076431"><ele>94.75</ele></trkpt>
   <trkpt lon="8.546575" lat="50.076605"><ele>95.25</ele></trkpt>
   <trkpt lon="8.546712" lat="50.076704"><ele>95.5</ele></trkpt>
   <trkpt lon="8.546826" lat="50.076797"><ele>95.5</ele></trkpt>
   <trkpt lon="8.546917" lat="50.076898"><ele>95.75</ele></trkpt>
   <trkpt lon="8.547144" lat="50.077213"><ele>96.25</ele></trkpt>
   <trkpt lon="8.547262" lat="50.077452"><ele>96.75</ele></trkpt>
   <trkpt lon="8.547367" lat="50.077638"><ele>96.75</ele></trkpt>
   <trkpt lon="8.547433" lat="50.077738"><ele>97.5</ele></trkpt>
   <trkpt lon="8.547502" lat="50.077817"><ele>98.25</ele></trkpt>
   <trkpt lon="8.547586" lat="50.077890"><ele>96.25</ele></trkpt>
   <trkpt lon="8.547662" lat="50.077943"><ele>95.75</ele></trkpt>
   <trkpt lon="8.547783" lat="50.078010"><ele>96.25</ele></trkpt>
   <trkpt lon="8.548004" lat="50.078091"><ele>95.75</ele></trkpt>
   <trkpt lon="8.548185" lat="50.078134"><ele>94.75</ele></trkpt>
   <trkpt lon="8.548939" lat="50.078243"><ele>93.0</ele></trkpt>
   <trkpt lon="8.549054" lat="50.078262"><ele>93.25</ele></trkpt>
   <trkpt lon="8.549142" lat="50.078284"><ele>93.5</ele></trkpt>
   <trkpt lon="8.549221" lat="50.078309"><ele>93.75</ele></trkpt>
   <trkpt lon="8.549317" lat="50.078355"><ele>93.75</ele></trkpt>
   <trkpt lon="8.549435" lat="50.078434"><ele>93.75</ele></trkpt>
   <trkpt lon="8.549495" lat="50.078503"><ele>93.75</ele></trkpt>
   <trkpt lon="8.549540" lat="50.078624"><ele>93.5</ele></trkpt>
   <trkpt lon="8.549565" lat="50.078683"><ele>93.5</ele></trkpt>
   <trkpt lon="8.549573" lat="50.078809"><ele>93.5</ele></trkpt>
   <trkpt lon="8.549548" lat="50.078944"><ele>93.5</ele></trkpt>
   <trkpt lon="8.549504" lat="50.079095"><ele>93.75</ele></trkpt>
   <trkpt lon="8.549714" lat="50.079174"><ele>93.0</ele></trkpt>
   <trkpt lon="8.550116" lat="50.079341"><ele>93.25</ele></trkpt>
   <trkpt lon="8.550508" lat="50.079525"><ele>93.25</ele></trkpt>
   <trkpt lon="8.551549" lat="50.080058"><ele>93.75</ele></trkpt>
   <trkpt lon="8.553092" lat="50.080853"><ele>93.75</ele></trkpt>
   <trkpt lon="8.553833" lat="50.081250"><ele>93.5</ele></trkpt>
   <trkpt lon="8.554532" lat="50.081668"><ele>94.0</ele></trkpt>
   <trkpt lon="8.554617" lat="50.081715"><ele>94.0</ele></trkpt>
   <trkpt lon="8.554652" lat="50.081733"><ele>94.0</ele></trkpt>
   <trkpt lon="8.554677" lat="50.081746"><ele>94.0</ele></trkpt>
   <trkpt lon="8.554692" lat="50.081754"><ele>94.0</ele></trkpt>
   <trkpt lon="8.554731" lat="50.081777"><ele>93.75</ele></trkpt>
   <trkpt lon="8.554750" lat="50.081788"><ele>93.75</ele></trkpt>
   <trkpt lon="8.554769" lat="50.081800"><ele>93.75</ele></trkpt>
   <trkpt lon="8.554809" lat="50.081826"><ele>93.75</ele></trkpt>
   <trkpt lon="8.554857" lat="50.081860"><ele>93.75</ele></trkpt>
   <trkpt lon="8.554771" lat="50.081923"><ele>93.75</ele></trkpt>
   <trkpt lon="8.554492" lat="50.082249"><ele>94.0</ele></trkpt>
   <trkpt lon="8.554161" lat="50.082740"><ele>93.0</ele></trkpt>
   <trkpt lon="8.554057" lat="50.082942"><ele>92.25</ele></trkpt>
   <trkpt lon="8.553980" lat="50.083127"><ele>92.0</ele></trkpt>
   <trkpt lon="8.553929" lat="50.083278"><ele>92.0</ele></trkpt>
   <trkpt lon="8.553869" lat="50.083489"><ele>93.0</ele></trkpt>
   <trkpt lon="8.553840" lat="50.083723"><ele>94.25</ele></trkpt>
   <trkpt lon="8.553853" lat="50.084032"><ele>95.5</ele></trkpt>
   <trkpt lon="8.553952" lat="50.084606"><ele>95.5</ele></trkpt>
   <trkpt lon="8.553975" lat="50.084907"><ele>96.0</ele></trkpt>
   <trkpt lon="8.553965" lat="50.085137"><ele>96.0</ele></trkpt>
   <trkpt lon="8.553932" lat="50.085330"><ele>95.75</ele></trkpt>
   <trkpt lon="8.553879" lat="50.085531"><ele>95.0</ele></trkpt>
   <trkpt lon="8.553841" lat="50.085642"><ele>94.5</ele></trkpt>
   <trkpt lon="8.553779" lat="50.085783"><ele>94.5</ele></trkpt>
   <trkpt lon="8.553706" lat="50.085914"><ele>94.5</ele></trkpt>
   <trkpt lon="8.553284" lat="50.086571"><ele>94.25</ele></trkpt>
   <trkpt lon="8.553201" lat="50.086753"><ele>94.25</ele></trkpt>
   <trkpt lon="8.553150" lat="50.086903"><ele>94.0</ele></trkpt>
   <trkpt lon="8.553108" lat="50.087070"><ele>94.0</ele></trkpt>
   <trkpt lon="8.553088" lat="50.087232"><ele>94.0</ele></trkpt>
   <trkpt lon="8.553084" lat="50.087429"><ele>94.0</ele></trkpt>
   <trkpt lon="8.553105" lat="50.087645"><ele>94.0</ele></trkpt>
   <trkpt lon="8.553157" lat="50.087898"><ele>94.25</ele></trkpt>
   <trkpt lon="8.553225" lat="50.088164"><ele>94.75</ele></trkpt>
   <trkpt lon="8.553623" lat="50.089238"><ele>94.75</ele></trkpt>
   <trkpt lon="8.553717" lat="50.089578"><ele>95.0</ele></trkpt>
   <trkpt lon="8.553814" lat="50.089929"><ele>95.0</ele></trkpt>
   <trkpt lon="8.553811" lat="50.090004"><ele>95.0</ele></trkpt>
   <trkpt lon="8.553792" lat="50.090067"><ele>95.0</ele></trkpt>
   <trkpt lon="8.553716" lat="50.090515"><ele>95.0</ele></trkpt>
   <trkpt lon="8.553686" lat="50.090647"><ele>95.0</ele></trkpt>
   <trkpt lon="8.553641" lat="50.090780"><ele>95.0</ele></trkpt>
   <trkpt lon="8.553573" lat="50.090913"><ele>94.5</ele></trkpt>
   <trkpt lon="8.553486" lat="50.091045"><ele>94.0</ele></trkpt>
   <trkpt lon="8.553330" lat="50.091252"><ele>94.0</ele></trkpt>
   <trkpt lon="8.553134" lat="50.091446"><ele>94.0</ele></trkpt>
   <trkpt lon="8.553074" lat="50.091490"><ele>94.25</ele></trkpt>
   <trkpt lon="8.553008" lat="50.091540"><ele>94.25</ele></trkpt>
   <trkpt lon="8.552962" lat="50.091569"><ele>94.25</ele></trkpt>
   <trkpt lon="8.552530" lat="50.091813"><ele>94.0</ele></trkpt>
   <trkpt lon="8.552364" lat="50.091897"><ele>93.5</ele></trkpt>
   <trkpt lon="8.552056" lat="50.092022"><ele>93.0</ele></trkpt>
   <trkpt lon="8.551583" lat="50.092200"><ele>93.0</ele></trkpt>
   <trkpt lon="8.550632" lat="50.092548"><ele>92.0</ele></trkpt>
   <trkpt lon="8.550045" lat="50.092754"><ele>92.75</ele></trkpt>
   <trkpt lon="8.548742" lat="50.093208"><ele>93.5</ele></trkpt>
   <trkpt lon="8.548425" lat="50.093324"><ele>96.25</ele></trkpt>
   <trkpt lon="8.548122" lat="50.093446"><ele>97.0</ele></trkpt>
   <trkpt lon="8.547825" lat="50.093586"><ele>98.75</ele></trkpt>
   <trkpt lon="8.547281" lat="50.093869"><ele>98.25</ele></trkpt>
   <trkpt lon="8.545525" lat="50.094777"><ele>96.75</ele></trkpt>
   <trkpt lon="8.544625" lat="50.095260"><ele>96.25</ele></trkpt>
   <trkpt lon="8.544266" lat="50.095445"><ele>95.75</ele></trkpt>
   <trkpt lon="8.543912" lat="50.095656"><ele>95.5</ele></trkpt>
   <trkpt lon="8.543529" lat="50.095927"><ele>95.25</ele></trkpt>
   <trkpt lon="8.543159" lat="50.096261"><ele>94.75</ele></trkpt>
   <trkpt lon="8.542988" lat="50.096440"><ele>94.75</ele></trkpt>
   <trkpt lon="8.542787" lat="50.096545"><ele>94.75</ele></trkpt>
   <trkpt lon="8.542349" lat="50.097060"><ele>97.25</ele></trkpt>
   <trkpt lon="8.542331" lat="50.097081"><ele>97.25</ele></trkpt>
   <trkpt lon="8.542234" lat="50.097194"><ele>97.75</ele></trkpt>
   <trkpt lon="8.542183" lat="50.097254"><ele>98.0</ele></trkpt>
   <trkpt lon="8.541993" lat="50.097467"><ele>99.0</ele></trkpt>
   <trkpt lon="8.541540" lat="50.098004"><ele>99.75</ele></trkpt>
   <trkpt lon="8.541447" lat="50.098091"><ele>100.0</ele></trkpt>
   <trkpt lon="8.541411" lat="50.098190"><ele>100.0</ele></trkpt>
   <trkpt lon="8.541127" lat="50.098627"><ele>99.0</ele></trkpt>
   <trkpt lon="8.541062" lat="50.098727"><ele>99.0</ele></trkpt>
   <trkpt lon="8.540733" lat="50.099224"><ele>99.0</ele></trkpt>
   <trkpt lon="8.540493" lat="50.099586"><ele>99.0</ele></trkpt>
   <trkpt lon="8.540464" lat="50.099634"><ele>99.0</ele></trkpt>
   <trkpt lon="8.540116" lat="50.100212"><ele>99.0</ele></trkpt>
   <trkpt lon="8.539855" lat="50.100607"><ele>99.5</ele></trkpt>
   <trkpt lon="8.539659" lat="50.100903"><ele>99.75</ele></trkpt>
   <trkpt lon="8.539620" lat="50.100980"><ele>99.5</ele></trkpt>
   <trkpt lon="8.539602" lat="50.101036"><ele>99.5</ele></trkpt>
   <trkpt lon="8.539564" lat="50.101109"><ele>99.25</ele></trkpt>
   <trkpt lon="8.539550" lat="50.101134"><ele>99.25</ele></trkpt>
   <trkpt lon="8.539520" lat="50.101191"><ele>99.25</ele></trkpt>
   <trkpt lon="8.539514" lat="50.101201"><ele>99.25</ele></trkpt>
   <trkpt lon="8.539506" lat="50.101225"><ele>99.0</ele></trkpt>
   <trkpt lon="8.539499" lat="50.101244"><ele>99.0</ele></trkpt>
   <trkpt lon="8.539488" lat="50.101280"><ele>99.0</ele></trkpt>
   <trkpt lon="8.539480" lat="50.101305"><ele>99.0</ele></trkpt>
   <trkpt lon="8.539474" lat="50.101328"><ele>99.0</ele></trkpt>
   <trkpt lon="8.539369" lat="50.101353"><ele>99.0</ele></trkpt>
   <trkpt lon="8.539349" lat="50.101403"><ele>98.75</ele></trkpt>
   <trkpt lon="8.539329" lat="50.101457"><ele>98.75</ele></trkpt>
   <trkpt lon="8.539258" lat="50.101634"><ele>98.25</ele></trkpt>
   <trkpt lon="8.539220" lat="50.101715"><ele>98.0</ele></trkpt>
   <trkpt lon="8.539140" lat="50.101845"><ele>98.0</ele></trkpt>
   <trkpt lon="8.539087" lat="50.101954"><ele>99.25</ele></trkpt>
   <trkpt lon="8.539073" lat="50.101982"><ele>99.75</ele></trkpt>
   <trkpt lon="8.538767" lat="50.102607"><ele>101.75</ele></trkpt>
   <trkpt lon="8.538738" lat="50.102669"><ele>101.0</ele></trkpt>
   <trkpt lon="8.538664" lat="50.102872"><ele>98.75</ele></trkpt>
   <trkpt lon="8.538576" lat="50.103103"><ele>99.0</ele></trkpt>
   <trkpt lon="8.538672" lat="50.103163"><ele>99.0</ele></trkpt>
   <trkpt lon="8.539678" lat="50.103632"><ele>100.0</ele></trkpt>
   <trkpt lon="8.540133" lat="50.103844"><ele>100.0</ele></trkpt>
   <trkpt lon="8.540572" lat="50.104045"><ele>98.75</ele></trkpt>
   <trkpt lon="8.540631" lat="50.104074"><ele>99.0</ele></trkpt>
   <trkpt lon="8.540700" lat="50.104110"><ele>99.0</ele></trkpt>
   <trkpt lon="8.541602" lat="50.104536"><ele>101.0</ele></trkpt>
   <trkpt lon="8.541665" lat="50.104566"><ele>101.25</ele></trkpt>
   <trkpt lon="8.541938" lat="50.104694"><ele>101.0</ele></trkpt>
   <trkpt lon="8.542853" lat="50.105123"><ele>101.0</ele></trkpt>
   <trkpt lon="8.543964" lat="50.105642"><ele>101.0</ele></trkpt>
   <trkpt lon="8.544017" lat="50.105667"><ele>101.0</ele></trkpt>
   <trkpt lon="8.544098" lat="50.105705"><ele>101.0</ele></trkpt>
   <trkpt lon="8.544176" lat="50.105741"><ele>101.0</ele></trkpt>
   <trkpt lon="8.545287" lat="50.106251"><ele>101.0</ele></trkpt>
   <trkpt lon="8.545315" lat="50.106264"><ele>101.0</ele></trkpt>
   <trkpt lon="8.545381" lat="50.106294"><ele>101.0</ele></trkpt>
   <trkpt lon="8.545491" lat="50.106345"><ele>101.0</ele></trkpt>
   <trkpt lon="8.545540" lat="50.106368"><ele>101.0</ele></trkpt>
   <trkpt lon="8.546459" lat="50.106800"><ele>100.0</ele></trkpt>
   <trkpt lon="8.547333" lat="50.107211"><ele>100.0</ele></trkpt>
   <trkpt lon="8.547557" lat="50.107384"><ele>100.0</ele></trkpt>
   <trkpt lon="8.548634" lat="50.108210"><ele>101.0</ele></trkpt>
   <trkpt lon="8.548750" lat="50.108295"><ele>101.0</ele></trkpt>
   <trkpt lon="8.549393" lat="50.108768"><ele>101.0</ele></trkpt>
   <trkpt lon="8.549795" lat="50.109100"><ele>101.0</ele></trkpt>
   <trkpt lon="8.550113" lat="50.109497"><ele>101.0</ele></trkpt>
   <trkpt lon="8.550212" lat="50.109619"><ele>101.0</ele></trkpt>
   <trkpt lon="8.550687" lat="50.109543"><ele>101.0</ele></trkpt>
   <trkpt lon="8.550749" lat="50.109547"><ele>101.0</ele></trkpt>
   <trkpt lon="8.550809" lat="50.109561"><ele>101.0</ele></trkpt>
   <trkpt lon="8.550850" lat="50.109608"><ele>101.0</ele></trkpt>
   <trkpt lon="8.551075" lat="50.110070"><ele>101.0</ele></trkpt>
   <trkpt lon="8.551085" lat="50.110151"><ele>101.0</ele></trkpt>
   <trkpt lon="8.551094" lat="50.110225"><ele>101.0</ele></trkpt>
   <trkpt lon="8.551137" lat="50.110333"><ele>101.0</ele></trkpt>
   <trkpt lon="8.551363" lat="50.110290"><ele>102.75</ele></trkpt>
   <trkpt lon="8.551468" lat="50.110269"><ele>102.25</ele></trkpt>
   <trkpt lon="8.551647" lat="50.110232"><ele>100.75</ele></trkpt>
   <trkpt lon="8.551756" lat="50.110410"><ele>101.25</ele></trkpt>
   <trkpt lon="8.552032" lat="50.110726"><ele>101.75</ele></trkpt>
   <trkpt lon="8.552927" lat="50.111601"><ele>102.5</ele></trkpt>
   <trkpt lon="8.553014" lat="50.111683"><ele>103.0</ele></trkpt>
   <trkpt lon="8.553083" lat="50.111748"><ele>103.0</ele></trkpt>
   <trkpt lon="8.553504" lat="50.112154"><ele>103.75</ele></trkpt>
   <trkpt lon="8.553731" lat="50.112374"><ele>103.75</ele></trkpt>
   <trkpt lon="8.553944" lat="50.112583"><ele>104.25</ele></trkpt>
   <trkpt lon="8.554062" lat="50.112699"><ele>104.5</ele></trkpt>
   <trkpt lon="8.554466" lat="50.113095"><ele>105.75</ele></trkpt>
   <trkpt lon="8.555028" lat="50.113639"><ele>105.75</ele></trkpt>
   <trkpt lon="8.555467" lat="50.114075"><ele>106.5</ele></trkpt>
   <trkpt lon="8.555577" lat="50.114175"><ele>106.75</ele></trkpt>
   <trkpt lon="8.556201" lat="50.114714"><ele>106.75</ele></trkpt>
   <trkpt lon="8.556545" lat="50.115000"><ele>108.0</ele></trkpt>
   <trkpt lon="8.556583" lat="50.115031"><ele>108.0</ele></trkpt>
   <trkpt lon="8.556925" lat="50.115316"><ele>108.0</ele></trkpt>
   <trkpt lon="8.557001" lat="50.115371"><ele>107.75</ele></trkpt>
   <trkpt lon="8.557055" lat="50.115411"><ele>107.5</ele></trkpt>
   <trkpt lon="8.557119" lat="50.115426"><ele>107.25</ele></trkpt>
   <trkpt lon="8.557180" lat="50.115476"><ele>107.0</ele></trkpt>
   <trkpt lon="8.557232" lat="50.115529"><ele>106.75</ele></trkpt>
   <trkpt lon="8.557276" lat="50.115529"><ele>106.75</ele></trkpt>
   <trkpt lon="8.557318" lat="50.115537"><ele>106.75</ele></trkpt>
   <trkpt lon="8.557387" lat="50.115570"><ele>106.75</ele></trkpt>
   <trkpt lon="8.557409" lat="50.115594"><ele>106.75</ele></trkpt>
   <trkpt lon="8.557529" lat="50.115620"><ele>106.5</ele></trkpt>
   <trkpt lon="8.557626" lat="50.115664"><ele>106.0</ele></trkpt>
   <trkpt lon="8.557665" lat="50.115674"><ele>105.75</ele></trkpt>
   <trkpt lon="8.558094" lat="50.115811"><ele>104.75</ele></trkpt>
   <trkpt lon="8.558435" lat="50.115916"><ele>103.5</ele></trkpt>
   <trkpt lon="8.558616" lat="50.115955"><ele>102.75</ele></trkpt>
   <trkpt lon="8.558940" lat="50.116013"><ele>101.75</ele></trkpt>
   <trkpt lon="8.559364" lat="50.116080"><ele>100.75</ele></trkpt>
   <trkpt lon="8.559521" lat="50.116113"><ele>100.5</ele></trkpt>
   <trkpt lon="8.559643" lat="50.116148"><ele>100.25</ele></trkpt>
   <trkpt lon="8.560185" lat="50.116346"><ele>99.25</ele></trkpt>
   <trkpt lon="8.561438" lat="50.116823"><ele>99.25</ele></trkpt>
   <trkpt lon="8.562213" lat="50.117132"><ele>98.5</ele></trkpt>
   <trkpt lon="8.562575" lat="50.117279"><ele>99.0</ele></trkpt>
   <trkpt lon="8.562724" lat="50.117340"><ele>99.0</ele></trkpt>
   <trkpt lon="8.563056" lat="50.117478"><ele>98.75</ele></trkpt>
   <trkpt lon="8.563879" lat="50.117846"><ele>98.25</ele></trkpt>
   <trkpt lon="8.564360" lat="50.118063"><ele>98.25</ele></trkpt>
   <trkpt lon="8.564495" lat="50.118123"><ele>98.0</ele></trkpt>
   <trkpt lon="8.564704" lat="50.118220"><ele>98.5</ele></trkpt>
   <trkpt lon="8.564825" lat="50.118276"><ele>98.25</ele></trkpt>
   <trkpt lon="8.565447" lat="50.118640"><ele>97.25</ele></trkpt>
   <trkpt lon="8.565479" lat="50.118660"><ele>97.25</ele></trkpt>
   <trkpt lon="8.565622" lat="50.118747"><ele>97.25</ele></trkpt>
   <trkpt lon="8.565717" lat="50.118821"><ele>97.75</ele></trkpt>
   <trkpt lon="8.565879" lat="50.118958"><ele>97.5</ele></trkpt>
   <trkpt lon="8.565958" lat="50.119033"><ele>97.25</ele></trkpt>
   <trkpt lon="8.566067" lat="50.119136"><ele>97.0</ele></trkpt>
   <trkpt lon="8.566334" lat="50.119388"><ele>97.75</ele></trkpt>
   <trkpt lon="8.566380" lat="50.119447"><ele>98.0</ele></trkpt>
   <trkpt lon="8.566462" lat="50.119532"><ele>99.0</ele></trkpt>
   <trkpt lon="8.566666" lat="50.119733"><ele>100.0</ele></trkpt>
   <trkpt lon="8.566854" lat="50.119917"><ele>101.0</ele></trkpt>
   <trkpt lon="8.567014" lat="50.120052"><ele>101.5</ele></trkpt>
   <trkpt lon="8.567262" lat="50.120244"><ele>102.75</ele></trkpt>
   <trkpt lon="8.567501" lat="50.120417"><ele>103.5</ele></trkpt>
   <trkpt lon="8.567735" lat="50.120572"><ele>104.75</ele></trkpt>
   <trkpt lon="8.567787" lat="50.120620"><ele>105.0</ele></trkpt>
   <trkpt lon="8.567825" lat="50.120668"><ele>105.0</ele></trkpt>
   <trkpt lon="8.567849" lat="50.120714"><ele>105.25</ele></trkpt>
   <trkpt lon="8.567729" lat="50.120745"><ele>105.5</ele></trkpt>
   <trkpt lon="8.567662" lat="50.120806"><ele>105.75</ele></trkpt>
   <trkpt lon="8.567108" lat="50.121474"><ele>108.5</ele></trkpt>
   <trkpt lon="8.567031" lat="50.121566"><ele>108.75</ele></trkpt>
   <trkpt lon="8.566666" lat="50.122018"><ele>110.25</ele></trkpt>
   <trkpt lon="8.566533" lat="50.122169"><ele>110.75</ele></trkpt>
   <trkpt lon="8.566502" lat="50.122207"><ele>110.75</ele></trkpt>
   <trkpt lon="8.566203" lat="50.122564"><ele>111.75</ele></trkpt>
   <trkpt lon="8.566004" lat="50.122830"><ele>111.75</ele></trkpt>
   <trkpt lon="8.565845" lat="50.123051"><ele>112.75</ele></trkpt>
   <trkpt lon="8.565816" lat="50.123114"><ele>113.0</ele></trkpt>
   <trkpt lon="8.565732" lat="50.123761"><ele>114.0</ele></trkpt>
   <trkpt lon="8.565679" lat="50.124082"><ele>114.5</ele></trkpt>
   <trkpt lon="8.565647" lat="50.124295"><ele>115.0</ele></trkpt>
   <trkpt lon="8.565605" lat="50.124706"><ele>115.0</ele></trkpt>
   <trkpt lon="8.565604" lat="50.124719"><ele>115.0</ele></trkpt>
   <trkpt lon="8.565567" lat="50.125076"><ele>115.0</ele></trkpt>
   <trkpt lon="8.565563" lat="50.125119"><ele>115.0</ele></trkpt>
   <trkpt lon="8.565532" lat="50.125416"><ele>115.25</ele></trkpt>
   <trkpt lon="8.565527" lat="50.125470"><ele>115.5</ele></trkpt>
   <trkpt lon="8.565500" lat="50.125734"><ele>116.0</ele></trkpt>
   <trkpt lon="8.565480" lat="50.125975"><ele>116.0</ele></trkpt>
   <trkpt lon="8.565474" lat="50.126016"><ele>116.0</ele></trkpt>
   <trkpt lon="8.565436" lat="50.126279"><ele>115.25</ele></trkpt>
   <trkpt lon="8.565428" lat="50.126471"><ele>114.75</ele></trkpt>
   <trkpt lon="8.565423" lat="50.126582"><ele>114.5</ele></trkpt>
   <trkpt lon="8.565424" lat="50.126651"><ele>114.5</ele></trkpt>
   <trkpt lon="8.565414" lat="50.126780"><ele>114.25</ele></trkpt>
   <trkpt lon="8.565408" lat="50.127280"><ele>114.25</ele></trkpt>
   <trkpt lon="8.565399" lat="50.127398"><ele>114.0</ele></trkpt>
   <trkpt lon="8.565350" lat="50.127565"><ele>114.0</ele></trkpt>
   <trkpt lon="8.565104" lat="50.128416"><ele>115.25</ele></trkpt>
   <trkpt lon="8.565034" lat="50.128660"><ele>115.25</ele></trkpt>
   <trkpt lon="8.564962" lat="50.128935"><ele>116.25</ele></trkpt>
   <trkpt lon="8.564894" lat="50.129157"><ele>117.5</ele></trkpt>
   <trkpt lon="8.564722" lat="50.129786"><ele>119.0</ele></trkpt>
   <trkpt lon="8.564628" lat="50.130124"><ele>120.25</ele></trkpt>
   <trkpt lon="8.564420" lat="50.130825"><ele>121.75</ele></trkpt>
   <trkpt lon="8.564275" lat="50.131357"><ele>122.5</ele></trkpt>
   <trkpt lon="8.564228" lat="50.131728"><ele>122.75</ele></trkpt>
   <trkpt lon="8.564263" lat="50.131974"><ele>123.0</ele></trkpt>
   <trkpt lon="8.564418" lat="50.132092"><ele>123.0</ele></trkpt>
   <trkpt lon="8.564526" lat="50.132160"><ele>122.75</ele></trkpt>
   <trkpt lon="8.564583" lat="50.132189"><ele>122.75</ele></trkpt>
   <trkpt lon="8.564643" lat="50.132210"><ele>122.75</ele></trkpt>
   <trkpt lon="8.564805" lat="50.132237"><ele>122.75</ele></trkpt>
   <trkpt lon="8.565720" lat="50.132139"><ele>122.5</ele></trkpt>
   <trkpt lon="8.566285" lat="50.132090"><ele>122.0</ele></trkpt>
   <trkpt lon="8.566363" lat="50.132088"><ele>122.0</ele></trkpt>
   <trkpt lon="8.566528" lat="50.132106"><ele>122.0</ele></trkpt>
   <trkpt lon="8.566651" lat="50.132132"><ele>122.0</ele></trkpt>
   <trkpt lon="8.566751" lat="50.132163"><ele>122.0</ele></trkpt>
   <trkpt lon="8.566813" lat="50.132184"><ele>122.0</ele></trkpt>
   <trkpt lon="8.566863" lat="50.132199"><ele>122.0</ele></trkpt>
   <trkpt lon="8.567000" lat="50.132240"><ele>121.75</ele></trkpt>
   <trkpt lon="8.567188" lat="50.132314"><ele>121.75</ele></trkpt>
   <trkpt lon="8.567289" lat="50.132355"><ele>122.0</ele></trkpt>
   <trkpt lon="8.567358" lat="50.132384"><ele>122.0</ele></trkpt>
   <trkpt lon="8.567767" lat="50.132559"><ele>121.0</ele></trkpt>
   <trkpt lon="8.568672" lat="50.132960"><ele>120.75</ele></trkpt>
   <trkpt lon="8.568839" lat="50.133036"><ele>120.0</ele></trkpt>
   <trkpt lon="8.569528" lat="50.133327"><ele>119.5</ele></trkpt>
   <trkpt lon="8.570056" lat="50.133010"><ele>118.75</ele></trkpt>
   <trkpt lon="8.570166" lat="50.132946"><ele>118.5</ele></trkpt>
   <trkpt lon="8.570191" lat="50.132931"><ele>118.5</ele></trkpt>
   <trkpt lon="8.570415" lat="50.132801"><ele>118.75</ele></trkpt>
   <trkpt lon="8.570799" lat="50.132577"><ele>119.0</ele></trkpt>
   <trkpt lon="8.571247" lat="50.132317"><ele>118.75</ele></trkpt>
   <trkpt lon="8.571367" lat="50.132247"><ele>119.0</ele></trkpt>
   <trkpt lon="8.571439" lat="50.132192"><ele>119.0</ele></trkpt>
   <trkpt lon="8.571611" lat="50.132060"><ele>119.0</ele></trkpt>
   <trkpt lon="8.571991" lat="50.131689"><ele>118.75</ele></trkpt>
   <trkpt lon="8.572005" lat="50.131675"><ele>119.0</ele></trkpt>
   <trkpt lon="8.572132" lat="50.131551"><ele>119.0</ele></trkpt>
   <trkpt lon="8.572722" lat="50.130973"><ele>119.25</ele></trkpt>
   <trkpt lon="8.572736" lat="50.130960"><ele>119.5</ele></trkpt>
   <trkpt lon="8.573532" lat="50.131303"><ele>118.25</ele></trkpt>
   <trkpt lon="8.576062" lat="50.132396"><ele>114.0</ele></trkpt>
   <trkpt lon="8.576050" lat="50.132408"><ele>114.0</ele></trkpt>
   <trkpt lon="8.575959" lat="50.132499"><ele>114.0</ele></trkpt>
   <trkpt lon="8.576877" lat="50.132875"><ele>114.0</ele></trkpt>
   <trkpt lon="8.577072" lat="50.132955"><ele>113.5</ele></trkpt>
   <trkpt lon="8.577302" lat="50.133054"><ele>113.5</ele></trkpt>
   <trkpt lon="8.577696" lat="50.133222"><ele>113.0</ele></trkpt>
   <trkpt lon="8.577851" lat="50.133284"><ele>112.75</ele></trkpt>
   <trkpt lon="8.578116" lat="50.133385"><ele>112.75</ele></trkpt>
   <trkpt lon="8.578300" lat="50.133381"><ele>113.0</ele></trkpt>
   <trkpt lon="8.578473" lat="50.133339"><ele>113.0</ele></trkpt>
   <trkpt lon="8.578563" lat="50.133257"><ele>112.5</ele></trkpt>
   <trkpt lon="8.578657" lat="50.133194"><ele>112.25</ele></trkpt>
   <trkpt lon="8.578820" lat="50.133140"><ele>112.25</ele></trkpt>
   <trkpt lon="8.579114" lat="50.133079"><ele>111.25</ele></trkpt>
   <trkpt lon="8.579400" lat="50.133046"><ele>111.0</ele></trkpt>
   <trkpt lon="8.579583" lat="50.132980"><ele>110.75</ele></trkpt>
   <trkpt lon="8.579723" lat="50.132902"><ele>110.25</ele></trkpt>
   <trkpt lon="8.579792" lat="50.132717"><ele>110.0</ele></trkpt>
   <trkpt lon="8.579846" lat="50.132621"><ele>110.0</ele></trkpt>
   <trkpt lon="8.580084" lat="50.132398"><ele>110.0</ele></trkpt>
   <trkpt lon="8.580238" lat="50.132214"><ele>110.0</ele></trkpt>
   <trkpt lon="8.580384" lat="50.132063"><ele>111.5</ele></trkpt>
   <trkpt lon="8.580615" lat="50.132156"><ele>110.25</ele></trkpt>
   <trkpt lon="8.581450" lat="50.132583"><ele>110.75</ele></trkpt>
   <trkpt lon="8.581641" lat="50.132572"><ele>111.25</ele></trkpt>
   <trkpt lon="8.582453" lat="50.132425"><ele>109.75</ele></trkpt>
   <trkpt lon="8.583738" lat="50.132272"><ele>109.0</ele></trkpt>
   <trkpt lon="8.584423" lat="50.132167"><ele>109.75</ele></trkpt>
   <trkpt lon="8.584650" lat="50.132150"><ele>109.5</ele></trkpt>
   <trkpt lon="8.584872" lat="50.132115"><ele>109.5</ele></trkpt>
   <trkpt lon="8.585087" lat="50.132070"><ele>109.5</ele></trkpt>
   <trkpt lon="8.585294" lat="50.132006"><ele>110.0</ele></trkpt>
   <trkpt lon="8.585622" lat="50.131863"><ele>109.5</ele></trkpt>
   <trkpt lon="8.585695" lat="50.131840"><ele>109.5</ele></trkpt>
   <trkpt lon="8.585750" lat="50.131842"><ele>109.5</ele></trkpt>
   <trkpt lon="8.585822" lat="50.131875"><ele>109.75</ele></trkpt>
   <trkpt lon="8.586013" lat="50.132001"><ele>110.0</ele></trkpt>
   <trkpt lon="8.586098" lat="50.132018"><ele>110.25</ele></trkpt>
   <trkpt lon="8.586202" lat="50.132010"><ele>110.0</ele></trkpt>
   <trkpt lon="8.588368" lat="50.131802"><ele>110.0</ele></trkpt>
   <trkpt lon="8.588476" lat="50.131771"><ele>110.0</ele></trkpt>
   <trkpt lon="8.588769" lat="50.131622"><ele>109.75</ele></trkpt>
   <trkpt lon="8.588859" lat="50.131489"><ele>109.75</ele></trkpt>
   <trkpt lon="8.589685" lat="50.131025"><ele>106.5</ele></trkpt>
   <trkpt lon="8.590454" lat="50.130593"><ele>107.25</ele></trkpt>
   <trkpt lon="8.591177" lat="50.130249"><ele>108.25</ele></trkpt>
   <trkpt lon="8.591443" lat="50.130169"><ele>106.75</ele></trkpt>
   <trkpt lon="8.591563" lat="50.130136"><ele>107.0</ele></trkpt>
   <trkpt lon="8.591699" lat="50.130096"><ele>107.25</ele></trkpt>
   <trkpt lon="8.592671" lat="50.129814"><ele>106.0</ele></trkpt>
   <trkpt lon="8.593663" lat="50.129545"><ele>106.0</ele></trkpt>
   <trkpt lon="8.594069" lat="50.129446"><ele>105.75</ele></trkpt>
   <trkpt lon="8.594427" lat="50.129332"><ele>105.75</ele></trkpt>
   <trkpt lon="8.594584" lat="50.129293"><ele>106.0</ele></trkpt>
   <trkpt lon="8.594834" lat="50.129231"><ele>106.0</ele></trkpt>
   <trkpt lon="8.595110" lat="50.129163"><ele>105.5</ele></trkpt>
   <trkpt lon="8.595556" lat="50.129052"><ele>105.5</ele></trkpt>
   <trkpt lon="8.596525" lat="50.128813"><ele>105.0</ele></trkpt>
   <trkpt lon="8.596994" lat="50.128697"><ele>105.0</ele></trkpt>
   <trkpt lon="8.597644" lat="50.128563"><ele>104.0</ele></trkpt>
   <trkpt lon="8.598513" lat="50.128370"><ele>104.0</ele></trkpt>
   <trkpt lon="8.598759" lat="50.128275"><ele>104.0</ele></trkpt>
   <trkpt lon="8.599208" lat="50.128190"><ele>104.0</ele></trkpt>
   <trkpt lon="8.599260" lat="50.128180"><ele>104.0</ele></trkpt>
   <trkpt lon="8.599414" lat="50.128129"><ele>104.0</ele></trkpt>
   <trkpt lon="8.599554" lat="50.128083"><ele>104.0</ele></trkpt>
   <trkpt lon="8.599657" lat="50.128056"><ele>104.0</ele></trkpt>
   <trkpt lon="8.599978" lat="50.127995"><ele>104.0</ele></trkpt>
   <trkpt lon="8.600405" lat="50.127900"><ele>103.75</ele></trkpt>
   <trkpt lon="8.600533" lat="50.127889"><ele>104.0</ele></trkpt>
   <trkpt lon="8.600715" lat="50.127850"><ele>104.0</ele></trkpt>
   <trkpt lon="8.601307" lat="50.127728"><ele>103.75</ele></trkpt>
   <trkpt lon="8.601729" lat="50.127674"><ele>103.5</ele></trkpt>
   <trkpt lon="8.602289" lat="50.127608"><ele>103.25</ele></trkpt>
   <trkpt lon="8.603456" lat="50.127487"><ele>103.0</ele></trkpt>
   <trkpt lon="8.603755" lat="50.127461"><ele>103.0</ele></trkpt>
   <trkpt lon="8.604685" lat="50.127343"><ele>102.0</ele></trkpt>
   <trkpt lon="8.604743" lat="50.127319"><ele>102.0</ele></trkpt>
   <trkpt lon="8.604778" lat="50.127294"><ele>102.0</ele></trkpt>
   <trkpt lon="8.604824" lat="50.127243"><ele>102.0</ele></trkpt>
   <trkpt lon="8.604839" lat="50.127141"><ele>102.0</ele></trkpt>
   <trkpt lon="8.604864" lat="50.127075"><ele>102.0</ele></trkpt>
   <trkpt lon="8.604937" lat="50.126986"><ele>102.0</ele></trkpt>
   <trkpt lon="8.605001" lat="50.126924"><ele>101.75</ele></trkpt>
   <trkpt lon="8.605111" lat="50.126882"><ele>101.5</ele></trkpt>
   <trkpt lon="8.605161" lat="50.126958"><ele>101.25</ele></trkpt>
   <trkpt lon="8.605236" lat="50.127010"><ele>101.25</ele></trkpt>
   <trkpt lon="8.605397" lat="50.127093"><ele>100.75</ele></trkpt>
   <trkpt lon="8.605523" lat="50.127136"><ele>100.0</ele></trkpt>
   <trkpt lon="8.605654" lat="50.127168"><ele>100.0</ele></trkpt>
   <trkpt lon="8.605986" lat="50.127211"><ele>100.5</ele></trkpt>
   <trkpt lon="8.606474" lat="50.127260"><ele>99.25</ele></trkpt>
   <trkpt lon="8.606728" lat="50.127298"><ele>99.5</ele></trkpt>
   <trkpt lon="8.606906" lat="50.127344"><ele>101.0</ele></trkpt>
   <trkpt lon="8.607107" lat="50.127406"><ele>101.25</ele></trkpt>
   <trkpt lon="8.607241" lat="50.127461"><ele>101.0</ele></trkpt>
   <trkpt lon="8.607577" lat="50.127625"><ele>102.25</ele></trkpt>
   <trkpt lon="8.607669" lat="50.127621"><ele>102.25</ele></trkpt>
   <trkpt lon="8.607776" lat="50.127606"><ele>102.25</ele></trkpt>
   <trkpt lon="8.607885" lat="50.127582"><ele>102.0</ele></trkpt>
   <trkpt lon="8.607959" lat="50.127549"><ele>102.0</ele></trkpt>
   <trkpt lon="8.608022" lat="50.127520"><ele>102.0</ele></trkpt>
   <trkpt lon="8.608247" lat="50.127358"><ele>102.25</ele></trkpt>
   <trkpt lon="8.608893" lat="50.126923"><ele>102.0</ele></trkpt>
   <trkpt lon="8.609021" lat="50.126836"><ele>102.0</ele></trkpt>
   <trkpt lon="8.609108" lat="50.126778"><ele>102.0</ele></trkpt>
   <trkpt lon="8.609172" lat="50.126735"><ele>102.0</ele></trkpt>
   <trkpt lon="8.609755" lat="50.126342"><ele>101.0</ele></trkpt>
   <trkpt lon="8.610224" lat="50.126026"><ele>101.0</ele></trkpt>
   <trkpt lon="8.610333" lat="50.125952"><ele>100.75</ele></trkpt>
   <trkpt lon="8.611113" lat="50.125427"><ele>100.0</ele></trkpt>
   <trkpt lon="8.611253" lat="50.125320"><ele>99.75</ele></trkpt>
   <trkpt lon="8.611330" lat="50.125202"><ele>99.75</ele></trkpt>
   <trkpt lon="8.611683" lat="50.124650"><ele>99.0</ele></trkpt>
   <trkpt lon="8.611915" lat="50.124452"><ele>99.0</ele></trkpt>
   <trkpt lon="8.612291" lat="50.124195"><ele>98.75</ele></trkpt>
   <trkpt lon="8.612333" lat="50.124167"><ele>98.5</ele></trkpt>
   <trkpt lon="8.612376" lat="50.124102"><ele>97.5</ele></trkpt>
   <trkpt lon="8.612401" lat="50.124035"><ele>96.5</ele></trkpt>
   <trkpt lon="8.612408" lat="50.124010"><ele>96.25</ele></trkpt>
   <trkpt lon="8.612434" lat="50.123923"><ele>94.75</ele></trkpt>
   <trkpt lon="8.612521" lat="50.123628"><ele>96.75</ele></trkpt>
   <trkpt lon="8.612636" lat="50.123319"><ele>97.25</ele></trkpt>
   <trkpt lon="8.612848" lat="50.123065"><ele>97.0</ele></trkpt>
   <trkpt lon="8.613029" lat="50.122949"><ele>97.0</ele></trkpt>
   <trkpt lon="8.613213" lat="50.122876"><ele>97.0</ele></trkpt>
   <trkpt lon="8.613545" lat="50.122815"><ele>97.0</ele></trkpt>
   <trkpt lon="8.613793" lat="50.122746"><ele>97.0</ele></trkpt>
   <trkpt lon="8.613983" lat="50.122668"><ele>97.0</ele></trkpt>
   <trkpt lon="8.614098" lat="50.122585"><ele>97.0</ele></trkpt>
   <trkpt lon="8.614071" lat="50.122260"><ele>97.0</ele></trkpt>
   <trkpt lon="8.614094" lat="50.122151"><ele>97.0</ele></trkpt>
   <trkpt lon="8.614107" lat="50.122110"><ele>97.0</ele></trkpt>
   <trkpt lon="8.614174" lat="50.122062"><ele>96.75</ele></trkpt>
   <trkpt lon="8.614266" lat="50.122038"><ele>96.75</ele></trkpt>
   <trkpt lon="8.614392" lat="50.122022"><ele>96.25</ele></trkpt>
   <trkpt lon="8.614560" lat="50.121994"><ele>96.25</ele></trkpt>
   <trkpt lon="8.614679" lat="50.121971"><ele>96.75</ele></trkpt>
   <trkpt lon="8.614966" lat="50.121901"><ele>96.75</ele></trkpt>
   <trkpt lon="8.615064" lat="50.121883"><ele>96.75</ele></trkpt>
   <trkpt lon="8.615686" lat="50.121755"><ele>97.0</ele></trkpt>
   <trkpt lon="8.615778" lat="50.121743"><ele>96.75</ele></trkpt>
   <trkpt lon="8.617094" lat="50.121628"><ele>97.0</ele></trkpt>
   <trkpt lon="8.618278" lat="50.121539"><ele>97.25</ele></trkpt>
   <trkpt lon="8.618466" lat="50.121528"><ele>97.5</ele></trkpt>
   <trkpt lon="8.618828" lat="50.121494"><ele>96.5</ele></trkpt>
   <trkpt lon="8.618879" lat="50.121489"><ele>96.5</ele></trkpt>
   <trkpt lon="8.619142" lat="50.121465"><ele>96.75</ele></trkpt>
   <trkpt lon="8.619897" lat="50.121397"><ele>97.75</ele></trkpt>
   <trkpt lon="8.620258" lat="50.121371"><ele>97.75</ele></trkpt>
   <trkpt lon="8.620349" lat="50.121364"><ele>97.5</ele></trkpt>
   <trkpt lon="8.620697" lat="50.121340"><ele>97.0</ele></trkpt>
   <trkpt lon="8.621035" lat="50.121309"><ele>97.25</ele></trkpt>
   <trkpt lon="8.621100" lat="50.121302"><ele>97.25</ele></trkpt>
   <trkpt lon="8.621080" lat="50.121167"><ele>97.75</ele></trkpt>
   <trkpt lon="8.621155" lat="50.121109"><ele>97.75</ele></trkpt>
   <trkpt lon="8.621172" lat="50.120992"><ele>97.25</ele></trkpt>
   <trkpt lon="8.621202" lat="50.120856"><ele>97.0</ele></trkpt>
   <trkpt lon="8.621232" lat="50.120767"><ele>97.0</ele></trkpt>
   <trkpt lon="8.621345" lat="50.120485"><ele>97.0</ele></trkpt>
   <trkpt lon="8.621427" lat="50.120351"><ele>97.0</ele></trkpt>
   <trkpt lon="8.621574" lat="50.120154"><ele>97.0</ele></trkpt>
   <trkpt lon="8.621746" lat="50.119971"><ele>97.0</ele></trkpt>
   <trkpt lon="8.622142" lat="50.119647"><ele>96.75</ele></trkpt>
   <trkpt lon="8.622434" lat="50.119417"><ele>96.75</ele></trkpt>
   <trkpt lon="8.622855" lat="50.119141"><ele>98.0</ele></trkpt>
   <trkpt lon="8.623499" lat="50.118738"><ele>99.25</ele></trkpt>
   <trkpt lon="8.623632" lat="50.118668"><ele>100.0</ele></trkpt>
   <trkpt lon="8.624206" lat="50.118303"><ele>101.5</ele></trkpt>
   <trkpt lon="8.624663" lat="50.118016"><ele>101.75</ele></trkpt>
   <trkpt lon="8.625002" lat="50.117826"><ele>101.25</ele></trkpt>
   <trkpt lon="8.625066" lat="50.117790"><ele>101.25</ele></trkpt>
   <trkpt lon="8.625227" lat="50.117696"><ele>100.5</ele></trkpt>
   <trkpt lon="8.625324" lat="50.117641"><ele>100.25</ele></trkpt>
   <trkpt lon="8.626761" lat="50.116831"><ele>97.75</ele></trkpt>
   <trkpt lon="8.626968" lat="50.116697"><ele>97.25</ele></trkpt>
   <trkpt lon="8.627031" lat="50.116701"><ele>97.25</ele></trkpt>
   <trkpt lon="8.627065" lat="50.116701"><ele>97.5</ele></trkpt>
   <trkpt lon="8.627596" lat="50.116431"><ele>96.0</ele></trkpt>
   <trkpt lon="8.627612" lat="50.116379"><ele>96.0</ele></trkpt>
   <trkpt lon="8.627623" lat="50.116346"><ele>96.0</ele></trkpt>
   <trkpt lon="8.627641" lat="50.116288"><ele>96.0</ele></trkpt>
   <trkpt lon="8.627686" lat="50.116197"><ele>96.0</ele></trkpt>
   <trkpt lon="8.627705" lat="50.116159"><ele>96.0</ele></trkpt>
   <trkpt lon="8.627720" lat="50.116053"><ele>95.75</ele></trkpt>
   <trkpt lon="8.627706" lat="50.115948"><ele>95.75</ele></trkpt>
   <trkpt lon="8.627693" lat="50.115844"><ele>95.5</ele></trkpt>
   <trkpt lon="8.627682" lat="50.115776"><ele>95.5</ele></trkpt>
   <trkpt lon="8.627668" lat="50.115703"><ele>95.25</ele></trkpt>
   <trkpt lon="8.627932" lat="50.115561"><ele>95.5</ele></trkpt>
   <trkpt lon="8.628012" lat="50.115508"><ele>95.5</ele></trkpt>
   <trkpt lon="8.628121" lat="50.115412"><ele>95.5</ele></trkpt>
   <trkpt lon="8.628158" lat="50.115342"><ele>95.5</ele></trkpt>
   <trkpt lon="8.628235" lat="50.115362"><ele>95.75</ele></trkpt>
   <trkpt lon="8.628337" lat="50.115388"><ele>96.0</ele></trkpt>
   <trkpt lon="8.628372" lat="50.115384"><ele>96.0</ele></trkpt>
   <trkpt lon="8.628427" lat="50.115378"><ele>96.0</ele></trkpt>
   <trkpt lon="8.628523" lat="50.115361"><ele>96.0</ele></trkpt>
   <trkpt lon="8.628591" lat="50.115348"><ele>96.0</ele></trkpt>
   <trkpt lon="8.628626" lat="50.115316"><ele>96.0</ele></trkpt>
   <trkpt lon="8.628672" lat="50.115279"><ele>96.0</ele></trkpt>
   <trkpt lon="8.629033" lat="50.115194"><ele>96.0</ele></trkpt>
   <trkpt lon="8.629609" lat="50.115044"><ele>96.0</ele></trkpt>
   <trkpt lon="8.630411" lat="50.114830"><ele>96.5</ele></trkpt>
   <trkpt lon="8.632096" lat="50.114459"><ele>96.0</ele></trkpt>
   <trkpt lon="8.632950" lat="50.114318"><ele>96.75</ele></trkpt>
   <trkpt lon="8.634065" lat="50.114154"><ele>95.75</ele></trkpt>
   <trkpt lon="8.634256" lat="50.114124"><ele>96.0</ele></trkpt>
   <trkpt lon="8.634802" lat="50.114058"><ele>97.75</ele></trkpt>
   <trkpt lon="8.635484" lat="50.113988"><ele>96.25</ele></trkpt>
   <trkpt lon="8.635551" lat="50.113984"><ele>96.0</ele></trkpt>
   <trkpt lon="8.635701" lat="50.113971"><ele>96.5</ele></trkpt>
   <trkpt lon="8.635725" lat="50.114098"><ele>96.25</ele></trkpt>
   <trkpt lon="8.635730" lat="50.114124"><ele>96.0</ele></trkpt>
   <trkpt lon="8.635747" lat="50.114219"><ele>96.0</ele></trkpt>
   <trkpt lon="8.635767" lat="50.114285"><ele>96.25</ele></trkpt>
   <trkpt lon="8.635811" lat="50.114328"><ele>96.5</ele></trkpt>
   <trkpt lon="8.635871" lat="50.114362"><ele>96.5</ele></trkpt>
   <trkpt lon="8.636222" lat="50.114367"><ele>96.0</ele></trkpt>
   <trkpt lon="8.636344" lat="50.114345"><ele>96.0</ele></trkpt>
   <trkpt lon="8.636591" lat="50.114327"><ele>96.0</ele></trkpt>
   <trkpt lon="8.637949" lat="50.114210"><ele>96.0</ele></trkpt>
   <trkpt lon="8.640004" lat="50.114043"><ele>96.0</ele></trkpt>
   <trkpt lon="8.640023" lat="50.114041"><ele>96.0</ele></trkpt>
   <trkpt lon="8.640427" lat="50.114010"><ele>96.0</ele></trkpt>
   <trkpt lon="8.641132" lat="50.113957"><ele>96.0</ele></trkpt>
   <trkpt lon="8.642147" lat="50.113871"><ele>96.0</ele></trkpt>
   <trkpt lon="8.642299" lat="50.113877"><ele>96.0</ele></trkpt>
   <trkpt lon="8.642316" lat="50.113860"><ele>96.0</ele></trkpt>
   <trkpt lon="8.642350" lat="50.113844"><ele>96.0</ele></trkpt>
   <trkpt lon="8.642384" lat="50.113847"><ele>96.0</ele></trkpt>
   <trkpt lon="8.642466" lat="50.113872"><ele>96.0</ele></trkpt>
   <trkpt lon="8.642544" lat="50.113894"><ele>96.0</ele></trkpt>
   <trkpt lon="8.642655" lat="50.113941"><ele>96.0</ele></trkpt>
   <trkpt lon="8.643025" lat="50.114043"><ele>96.0</ele></trkpt>
   <trkpt lon="8.643614" lat="50.113859"><ele>96.0</ele></trkpt>
   <trkpt lon="8.643635" lat="50.113857"><ele>96.0</ele></trkpt>
   <trkpt lon="8.643749" lat="50.113843"><ele>96.0</ele></trkpt>
   <trkpt lon="8.644269" lat="50.113803"><ele>96.25</ele></trkpt>
   <trkpt lon="8.645124" lat="50.113721"><ele>96.5</ele></trkpt>
   <trkpt lon="8.645149" lat="50.113727"><ele>96.25</ele></trkpt>
   <trkpt lon="8.645213" lat="50.113744"><ele>96.25</ele></trkpt>
   <trkpt lon="8.645253" lat="50.113754"><ele>96.5</ele></trkpt>
   <trkpt lon="8.645270" lat="50.113759"><ele>96.5</ele></trkpt>
   <trkpt lon="8.645444" lat="50.113746"><ele>96.25</ele></trkpt>
   <trkpt lon="8.645483" lat="50.113743"><ele>96.25</ele></trkpt>
   <trkpt lon="8.645535" lat="50.113739"><ele>96.25</ele></trkpt>
   <trkpt lon="8.645577" lat="50.113736"><ele>96.25</ele></trkpt>
   <trkpt lon="8.645613" lat="50.113706"><ele>96.25</ele></trkpt>
   <trkpt lon="8.645635" lat="50.113686"><ele>96.25</ele></trkpt>
   <trkpt lon="8.645657" lat="50.113667"><ele>96.0</ele></trkpt>
   <trkpt lon="8.645675" lat="50.113650"><ele>96.0</ele></trkpt>
   <trkpt lon="8.645738" lat="50.113685"><ele>96.25</ele></trkpt>
   <trkpt lon="8.645791" lat="50.113701"><ele>96.25</ele></trkpt>
   <trkpt lon="8.645857" lat="50.113705"><ele>96.25</ele></trkpt>
   <trkpt lon="8.646934" lat="50.113601"><ele>96.0</ele></trkpt>
   <trkpt lon="8.646982" lat="50.113602"><ele>96.0</ele></trkpt>
   <trkpt lon="8.647068" lat="50.113603"><ele>96.0</ele></trkpt>
   <trkpt lon="8.647227" lat="50.113601"><ele>96.0</ele></trkpt>
   <trkpt lon="8.648779" lat="50.113469"><ele>97.0</ele></trkpt>
   <trkpt lon="8.649035" lat="50.113447"><ele>97.0</ele></trkpt>
   <trkpt lon="8.649092" lat="50.113442"><ele>96.75</ele></trkpt>
   <trkpt lon="8.649102" lat="50.113421"><ele>96.75</ele></trkpt>
   <trkpt lon="8.649789" lat="50.113354"><ele>97.0</ele></trkpt>
   <trkpt lon="8.649811" lat="50.113347"><ele>97.0</ele></trkpt>
   <trkpt lon="8.649869" lat="50.113347"><ele>97.0</ele></trkpt>
   <trkpt lon="8.649920" lat="50.113342"><ele>97.0</ele></trkpt>
   <trkpt lon="8.650084" lat="50.113328"><ele>97.0</ele></trkpt>
   <trkpt lon="8.650168" lat="50.113321"><ele>97.0</ele></trkpt>
   <trkpt lon="8.650190" lat="50.113319"><ele>97.0</ele></trkpt>
   <trkpt lon="8.650276" lat="50.113303"><ele>97.0</ele></trkpt>
   <trkpt lon="8.650381" lat="50.113302"><ele>97.0</ele></trkpt>
   <trkpt lon="8.650478" lat="50.113294"><ele>97.0</ele></trkpt>
   <trkpt lon="8.650765" lat="50.113273"><ele>97.0</ele></trkpt>
   <trkpt lon="8.650932" lat="50.113260"><ele>97.0</ele></trkpt>
   <trkpt lon="8.651107" lat="50.113248"><ele>97.0</ele></trkpt>
   <trkpt lon="8.651161" lat="50.113243"><ele>97.0</ele></trkpt>
   <trkpt lon="8.651569" lat="50.113204"><ele>97.0</ele></trkpt>
   <trkpt lon="8.651804" lat="50.113157"><ele>97.0</ele></trkpt>
   <trkpt lon="8.651958" lat="50.113115"><ele>97.0</ele></trkpt>
   <trkpt lon="8.652120" lat="50.113057"><ele>97.0</ele></trkpt>
   <trkpt lon="8.652558" lat="50.112863"><ele>97.5</ele></trkpt>
   <trkpt lon="8.652732" lat="50.112782"><ele>97.0</ele></trkpt>
   <trkpt lon="8.652794" lat="50.112711"><ele>97.0</ele></trkpt>
   <trkpt lon="8.653881" lat="50.112229"><ele>97.0</ele></trkpt>
   <trkpt lon="8.654735" lat="50.111867"><ele>97.25</ele></trkpt>
   <trkpt lon="8.654934" lat="50.111812"><ele>97.0</ele></trkpt>
   <trkpt lon="8.655350" lat="50.111710"><ele>96.25</ele></trkpt>
   <trkpt lon="8.655472" lat="50.111652"><ele>97.0</ele></trkpt>
   <trkpt lon="8.655774" lat="50.111520"><ele>97.0</ele></trkpt>
   <trkpt lon="8.655975" lat="50.111433"><ele>97.0</ele></trkpt>
   <trkpt lon="8.656053" lat="50.111400"><ele>97.0</ele></trkpt>
   <trkpt lon="8.656552" lat="50.111177"><ele>97.0</ele></trkpt>
   <trkpt lon="8.656871" lat="50.111035"><ele>97.0</ele></trkpt>
   <trkpt lon="8.657018" lat="50.110970"><ele>97.0</ele></trkpt>
   <trkpt lon="8.657058" lat="50.110953"><ele>97.0</ele></trkpt>
   <trkpt lon="8.657186" lat="50.110898"><ele>97.0</ele></trkpt>
   <trkpt lon="8.657318" lat="50.110837"><ele>97.0</ele></trkpt>
   <trkpt lon="8.658430" lat="50.110349"><ele>97.0</ele></trkpt>
   <trkpt lon="8.658721" lat="50.110252"><ele>97.0</ele></trkpt>
   <trkpt lon="8.659098" lat="50.110084"><ele>97.0</ele></trkpt>
   <trkpt lon="8.659824" lat="50.109763"><ele>97.0</ele></trkpt>
   <trkpt lon="8.660078" lat="50.109600"><ele>97.0</ele></trkpt>
   <trkpt lon="8.660225" lat="50.109527"><ele>96.75</ele></trkpt>
   <trkpt lon="8.660267" lat="50.109501"><ele>97.0</ele></trkpt>
   <trkpt lon="8.660274" lat="50.109498"><ele>97.0</ele></trkpt>
   <trkpt lon="8.660362" lat="50.109452"><ele>97.0</ele></trkpt>
   <trkpt lon="8.660443" lat="50.109415"><ele>97.0</ele></trkpt>
   <trkpt lon="8.660508" lat="50.109385"><ele>97.0</ele></trkpt>
   <trkpt lon="8.660561" lat="50.109359"><ele>97.0</ele></trkpt>
   <trkpt lon="8.660681" lat="50.109309"><ele>97.0</ele></trkpt>
   <trkpt lon="8.661692" lat="50.108864"><ele>98.0</ele></trkpt>
   <trkpt lon="8.661737" lat="50.108844"><ele>98.0</ele></trkpt>
   <trkpt lon="8.661908" lat="50.108777"><ele>98.0</ele></trkpt>
   <trkpt lon="8.661975" lat="50.108750"><ele>98.0</ele></trkpt>
   <trkpt lon="8.662673" lat="50.108449"><ele>98.5</ele></trkpt>
   <trkpt lon="8.663015" lat="50.108312"><ele>99.0</ele></trkpt>
   <trkpt lon="8.663199" lat="50.108235"><ele>99.0</ele></trkpt>
   <trkpt lon="8.663447" lat="50.108149"><ele>99.0</ele></trkpt>
   <trkpt lon="8.663688" lat="50.108084"><ele>99.0</ele></trkpt>
   <trkpt lon="8.663857" lat="50.108023"><ele>99.0</ele></trkpt>
   <trkpt lon="8.664031" lat="50.107948"><ele>99.0</ele></trkpt>
   <trkpt lon="8.664209" lat="50.107849"><ele>99.0</ele></trkpt>
   <trkpt lon="8.664337" lat="50.107767"><ele>99.0</ele></trkpt>
   <trkpt lon="8.664598" lat="50.107568"><ele>99.25</ele></trkpt>
   <trkpt lon="8.664645" lat="50.107525"><ele>99.25</ele></trkpt>
   <trkpt lon="8.664741" lat="50.107436"><ele>99.0</ele></trkpt>
   <trkpt lon="8.664969" lat="50.107166"><ele>99.0</ele></trkpt>
   <trkpt lon="8.665093" lat="50.106960"><ele>99.0</ele></trkpt>
   <trkpt lon="8.665135" lat="50.106851"><ele>99.0</ele></trkpt>
   <trkpt lon="8.665154" lat="50.106753"><ele>99.0</ele></trkpt>
   <trkpt lon="8.665150" lat="50.106650"><ele>99.0</ele></trkpt>
   <trkpt lon="8.665101" lat="50.106332"><ele>99.0</ele></trkpt>
   <trkpt lon="8.665100" lat="50.106315"><ele>99.0</ele></trkpt>
   <trkpt lon="8.665064" lat="50.106120"><ele>99.0</ele></trkpt>
   <trkpt lon="8.665056" lat="50.106089"><ele>99.0</ele></trkpt>
   <trkpt lon="8.665052" lat="50.106077"><ele>99.0</ele></trkpt>
   <trkpt lon="8.665035" lat="50.106000"><ele>99.0</ele></trkpt>
   <trkpt lon="8.665008" lat="50.105918"><ele>99.0</ele></trkpt>
   <trkpt lon="8.664978" lat="50.105820"><ele>98.75</ele></trkpt>
   <trkpt lon="8.664951" lat="50.105735"><ele>98.5</ele></trkpt>
   <trkpt lon="8.664739" lat="50.105163"><ele>98.0</ele></trkpt>
   <trkpt lon="8.664662" lat="50.104868"><ele>98.0</ele></trkpt>
   <trkpt lon="8.664652" lat="50.104831"><ele>98.0</ele></trkpt>
   <trkpt lon="8.664596" lat="50.104551"><ele>98.0</ele></trkpt>
   <trkpt lon="8.664579" lat="50.104304"><ele>98.0</ele></trkpt>
   <trkpt lon="8.664588" lat="50.104156"><ele>98.0</ele></trkpt>
   <trkpt lon="8.664592" lat="50.104088"><ele>98.0</ele></trkpt>
   <trkpt lon="8.664598" lat="50.104025"><ele>98.0</ele></trkpt>
   <trkpt lon="8.664604" lat="50.103964"><ele>98.0</ele></trkpt>
   <trkpt lon="8.664575" lat="50.103719"><ele>98.25</ele></trkpt>
   <trkpt lon="8.664559" lat="50.103463"><ele>98.5</ele></trkpt>
   <trkpt lon="8.664582" lat="50.103307"><ele>99.0</ele></trkpt>
   <trkpt lon="8.664619" lat="50.103214"><ele>99.0</ele></trkpt>
   <trkpt lon="8.664724" lat="50.102976"><ele>99.0</ele></trkpt>
   <trkpt lon="8.664773" lat="50.102893"><ele>99.0</ele></trkpt>
   <trkpt lon="8.664958" lat="50.102542"><ele>99.75</ele></trkpt>
   <trkpt lon="8.665007" lat="50.102446"><ele>99.75</ele></trkpt>
   <trkpt lon="8.665082" lat="50.102354"><ele>99.5</ele></trkpt>
   <trkpt lon="8.665147" lat="50.102292"><ele>98.75</ele></trkpt>
   <trkpt lon="8.665187" lat="50.102190"><ele>98.5</ele></trkpt>
   <trkpt lon="8.665225" lat="50.102157"><ele>98.5</ele></trkpt>
   <trkpt lon="8.665899" lat="50.101580"><ele>98.0</ele></trkpt>
   <trkpt lon="8.667611" lat="50.100115"><ele>97.0</ele></trkpt>
   <trkpt lon="8.667627" lat="50.100101"><ele>96.75</ele></trkpt>
   <trkpt lon="8.667660" lat="50.100057"><ele>97.0</ele></trkpt>
   <trkpt lon="8.667706" lat="50.099987"><ele>98.25</ele></trkpt>
   <trkpt lon="8.667717" lat="50.099942"><ele>98.25</ele></trkpt>
   <trkpt lon="8.667734" lat="50.099902"><ele>98.25</ele></trkpt>
   <trkpt lon="8.667765" lat="50.099824"><ele>98.25</ele></trkpt>
   <trkpt lon="8.667770" lat="50.099801"><ele>98.25</ele></trkpt>
   <trkpt lon="8.667791" lat="50.099696"><ele>97.75</ele></trkpt>
   <trkpt lon="8.668282" lat="50.099321"><ele>97.0</ele></trkpt>
   <trkpt lon="8.668371" lat="50.099252"><ele>97.0</ele></trkpt>
   <trkpt lon="8.668422" lat="50.099206"><ele>97.0</ele></trkpt>
   <trkpt lon="8.668473" lat="50.099159"><ele>97.0</ele></trkpt>
   <trkpt lon="8.668534" lat="50.099099"><ele>97.0</ele></trkpt>
   <trkpt lon="8.668545" lat="50.099088"><ele>97.0</ele></trkpt>
   <trkpt lon="8.668592" lat="50.099051"><ele>97.0</ele></trkpt>
   <trkpt lon="8.668913" lat="50.098791"><ele>97.0</ele></trkpt>
   <trkpt lon="8.669242" lat="50.098540"><ele>97.0</ele></trkpt>
   <trkpt lon="8.669271" lat="50.098515"><ele>97.0</ele></trkpt>
   <trkpt lon="8.669312" lat="50.098481"><ele>97.0</ele></trkpt>
   <trkpt lon="8.669484" lat="50.098477"><ele>97.0</ele></trkpt>
   <trkpt lon="8.669531" lat="50.098439"><ele>97.0</ele></trkpt>
   <trkpt lon="8.669537" lat="50.098434"><ele>97.0</ele></trkpt>
   <trkpt lon="8.669588" lat="50.098389"><ele>97.0</ele></trkpt>
   <trkpt lon="8.669622" lat="50.098358"><ele>96.75</ele></trkpt>
   <trkpt lon="8.669651" lat="50.098333"><ele>97.0</ele></trkpt>
   <trkpt lon="8.669780" lat="50.098221"><ele>97.0</ele></trkpt>
   <trkpt lon="8.669829" lat="50.098178"><ele>97.0</ele></trkpt>
   <trkpt lon="8.670329" lat="50.097760"><ele>96.75</ele></trkpt>
   <trkpt lon="8.670453" lat="50.097713"><ele>97.0</ele></trkpt>
   <trkpt lon="8.670499" lat="50.097668"><ele>97.0</ele></trkpt>
   <trkpt lon="8.670527" lat="50.097626"><ele>97.0</ele></trkpt>
   <trkpt lon="8.670563" lat="50.097570"><ele>97.0</ele></trkpt>
   <trkpt lon="8.670615" lat="50.097457"><ele>97.0</ele></trkpt>
   <trkpt lon="8.670629" lat="50.097294"><ele>97.0</ele></trkpt>
   <trkpt lon="8.670640" lat="50.097183"><ele>97.0</ele></trkpt>
   <trkpt lon="8.670664" lat="50.096975"><ele>97.0</ele></trkpt>
   <trkpt lon="8.670708" lat="50.096624"><ele>97.0</ele></trkpt>
   <trkpt lon="8.670746" lat="50.096297"><ele>97.0</ele></trkpt>
   <trkpt lon="8.670779" lat="50.096010"><ele>96.5</ele></trkpt>
   <trkpt lon="8.670828" lat="50.095907"><ele>96.25</ele></trkpt>
   <trkpt lon="8.670885" lat="50.095831"><ele>96.0</ele></trkpt>
   <trkpt lon="8.670983" lat="50.095778"><ele>96.0</ele></trkpt>
   <trkpt lon="8.671089" lat="50.095751"><ele>96.0</ele></trkpt>
   <trkpt lon="8.671130" lat="50.095745"><ele>96.0</ele></trkpt>
   <trkpt lon="8.671212" lat="50.095737"><ele>96.0</ele></trkpt>
   <trkpt lon="8.671340" lat="50.095747"><ele>96.25</ele></trkpt>
   <trkpt lon="8.671421" lat="50.095788"><ele>96.0</ele></trkpt>
   <trkpt lon="8.671533" lat="50.095878"><ele>96.5</ele></trkpt>
   <trkpt lon="8.673562" lat="50.097344"><ele>97.0</ele></trkpt>
   <trkpt lon="8.673593" lat="50.097404"><ele>97.0</ele></trkpt>
   <trkpt lon="8.673785" lat="50.097414"><ele>97.0</ele></trkpt>
   <trkpt lon="8.675277" lat="50.097450"><ele>97.0</ele></trkpt>
   <trkpt lon="8.676527" lat="50.097481"><ele>97.0</ele></trkpt>
   <trkpt lon="8.676654" lat="50.097484"><ele>97.0</ele></trkpt>
   <trkpt lon="8.676848" lat="50.097488"><ele>97.0</ele></trkpt>
   <trkpt lon="8.676911" lat="50.097490"><ele>97.0</ele></trkpt>
   <trkpt lon="8.676981" lat="50.097492"><ele>97.0</ele></trkpt>
   <trkpt lon="8.678316" lat="50.097527"><ele>97.0</ele></trkpt>
   <trkpt lon="8.678765" lat="50.097538"><ele>96.75</ele></trkpt>
   <trkpt lon="8.678848" lat="50.097543"><ele>97.0</ele></trkpt>
   <trkpt lon="8.679004" lat="50.097549"><ele>96.75</ele></trkpt>
   <trkpt lon="8.678992" lat="50.097498"><ele>96.75</ele></trkpt>
   <trkpt lon="8.679039" lat="50.097421"><ele>96.75</ele></trkpt>
   <trkpt lon="8.679157" lat="50.097320"><ele>96.75</ele></trkpt>
   <trkpt lon="8.679265" lat="50.097258"><ele>96.5</ele></trkpt>
   <trkpt lon="8.679344" lat="50.097234"><ele>96.25</ele></trkpt>
   <trkpt lon="8.679479" lat="50.097230"><ele>96.0</ele></trkpt>
   <trkpt lon="8.679535" lat="50.097246"><ele>96.0</ele></trkpt>
   <trkpt lon="8.679628" lat="50.097154"><ele>96.0</ele></trkpt>
   <trkpt lon="8.679641" lat="50.097142"><ele>96.25</ele></trkpt>
   <trkpt lon="8.679719" lat="50.097065"><ele>96.5</ele></trkpt>
   <trkpt lon="8.680053" lat="50.096628"><ele>96.5</ele></trkpt>
   <trkpt lon="8.680165" lat="50.096489"><ele>96.75</ele></trkpt>
   <trkpt lon="8.680549" lat="50.095995"><ele>97.0</ele></trkpt>
   <trkpt lon="8.680570" lat="50.095960"><ele>97.0</ele></trkpt>
   <trkpt lon="8.680922" lat="50.095361"><ele>98.5</ele></trkpt>
   <trkpt lon="8.680959" lat="50.095298"><ele>98.75</ele></trkpt>
   <trkpt lon="8.681026" lat="50.095184"><ele>99.0</ele></trkpt>
   <trkpt lon="8.681033" lat="50.095171"><ele>99.0</ele></trkpt>
   <trkpt lon="8.681042" lat="50.095156"><ele>99.0</ele></trkpt>
   <trkpt lon="8.681123" lat="50.095025"><ele>99.0</ele></trkpt>
   <trkpt lon="8.681152" lat="50.094978"><ele>99.0</ele></trkpt>
   <trkpt lon="8.681172" lat="50.094947"><ele>99.25</ele></trkpt>
   <trkpt lon="8.681309" lat="50.094731"><ele>99.75</ele></trkpt>
   <trkpt lon="8.681382" lat="50.094616"><ele>100.25</ele></trkpt>
   <trkpt lon="8.681417" lat="50.094520"><ele>100.5</ele></trkpt>
   <trkpt lon="8.681409" lat="50.094444"><ele>101.0</ele></trkpt>
   <trkpt lon="8.681486" lat="50.094377"><ele>101.0</ele></trkpt>
   <trkpt lon="8.682372" lat="50.093580"><ele>105.5</ele></trkpt>
   <trkpt lon="8.682611" lat="50.093365"><ele>107.25</ele></trkpt>
   <trkpt lon="8.682652" lat="50.093329"><ele>107.5</ele></trkpt>
   <trkpt lon="8.683357" lat="50.092703"><ele>111.25</ele></trkpt>
   <trkpt lon="8.683449" lat="50.092622"><ele>111.75</ele></trkpt>
   <trkpt lon="8.683490" lat="50.092585"><ele>112.25</ele></trkpt>
   <trkpt lon="8.683794" lat="50.092282"><ele>114.25</ele></trkpt>
   <trkpt lon="8.683903" lat="50.092151"><ele>115.25</ele></trkpt>
   <trkpt lon="8.684703" lat="50.091087"><ele>122.0</ele></trkpt>
   <trkpt lon="8.684831" lat="50.090917"><ele>123.5</ele></trkpt>
   <trkpt lon="8.685031" lat="50.090420"><ele>125.5</ele></trkpt>
   <trkpt lon="8.685184" lat="50.090016"><ele>127.75</ele></trkpt>
   <trkpt lon="8.685262" lat="50.089783"><ele>128.75</ele></trkpt>
   <trkpt lon="8.685302" lat="50.089640"><ele>129.5</ele></trkpt>
   <trkpt lon="8.685264" lat="50.088956"><ele>131.75</ele></trkpt>
   <trkpt lon="8.685255" lat="50.088818"><ele>132.25</ele></trkpt>
   <trkpt lon="8.685237" lat="50.088787"><ele>132.25</ele></trkpt>
   <trkpt lon="8.685168" lat="50.088743"><ele>132.5</ele></trkpt>
   <trkpt lon="8.685158" lat="50.088722"><ele>132.5</ele></trkpt>
   <trkpt lon="8.685113" lat="50.088448"><ele>133.5</ele></trkpt>
   <trkpt lon="8.685113" lat="50.088420"><ele>133.5</ele></trkpt>
   <trkpt lon="8.685161" lat="50.088339"><ele>133.75</ele></trkpt>
   <trkpt lon="8.685166" lat="50.088314"><ele>134.0</ele></trkpt>
   <trkpt lon="8.685156" lat="50.088226"><ele>134.25</ele></trkpt>
   <trkpt lon="8.685118" lat="50.088171"><ele>134.5</ele></trkpt>
   <trkpt lon="8.685079" lat="50.088143"><ele>134.5</ele></trkpt>
   <trkpt lon="8.685065" lat="50.088119"><ele>134.75</ele></trkpt>
   <trkpt lon="8.685050" lat="50.088014"><ele>135.0</ele></trkpt>
   <trkpt lon="8.685035" lat="50.087901"><ele>135.0</ele></trkpt>
   <trkpt lon="8.685366" lat="50.087935"><ele>135.5</ele></trkpt>
   <trkpt lon="8.685886" lat="50.087998"><ele>137.75</ele></trkpt>
   <trkpt lon="8.686268" lat="50.088012"><ele>138.0</ele></trkpt>
   <trkpt lon="8.686839" lat="50.088049"><ele>139.5</ele></trkpt>
   <trkpt lon="8.688360" lat="50.088059"><ele>142.75</ele></trkpt>
   <trkpt lon="8.689551" lat="50.088089"><ele>145.25</ele></trkpt>
   <trkpt lon="8.690778" lat="50.088167"><ele>145.5</ele></trkpt>
   <trkpt lon="8.690906" lat="50.088175"><ele>145.5</ele></trkpt>
   <trkpt lon="8.690942" lat="50.088049"><ele>146.0</ele></trkpt>
   <trkpt lon="8.690987" lat="50.087935"><ele>146.25</ele></trkpt>
   <trkpt lon="8.691031" lat="50.087821"><ele>146.75</ele></trkpt>
   <trkpt lon="8.691237" lat="50.087380"><ele>148.0</ele></trkpt>
   <trkpt lon="8.691354" lat="50.087075"><ele>148.5</ele></trkpt>
   <trkpt lon="8.691399" lat="50.086863"><ele>149.0</ele></trkpt>
   <trkpt lon="8.691409" lat="50.086814"><ele>149.0</ele></trkpt>
   <trkpt lon="8.691414" lat="50.086735"><ele>149.0</ele></trkpt>
   <trkpt lon="8.691418" lat="50.086651"><ele>149.0</ele></trkpt>
   <trkpt lon="8.691440" lat="50.086458"><ele>149.0</ele></trkpt>
   <trkpt lon="8.691464" lat="50.086121"><ele>148.75</ele></trkpt>
   <trkpt lon="8.691482" lat="50.085990"><ele>148.75</ele></trkpt>
   <trkpt lon="8.691558" lat="50.085663"><ele>148.0</ele></trkpt>
   <trkpt lon="8.691657" lat="50.084989"><ele>145.75</ele></trkpt>
   <trkpt lon="8.691856" lat="50.083580"><ele>141.5</ele></trkpt>
   <trkpt lon="8.691913" lat="50.083198"><ele>140.25</ele></trkpt>
   <trkpt lon="8.691922" lat="50.083148"><ele>140.25</ele></trkpt>
   <trkpt lon="8.691952" lat="50.082975"><ele>139.75</ele></trkpt>
   <trkpt lon="8.691974" lat="50.082823"><ele>139.75</ele></trkpt>
   <trkpt lon="8.692084" lat="50.081835"><ele>139.0</ele></trkpt>
   <trkpt lon="8.692254" lat="50.080587"><ele>138.75</ele></trkpt>
   <trkpt lon="8.692321" lat="50.080089"><ele>139.0</ele></trkpt>
   <trkpt lon="8.692698" lat="50.077622"><ele>136.0</ele></trkpt>
   <trkpt lon="8.693088" lat="50.074834"><ele>129.0</ele></trkpt>
   <trkpt lon="8.693466" lat="50.072113"><ele>128.5</ele></trkpt>
   <trkpt lon="8.693853" lat="50.069354"><ele>123.5</ele></trkpt>
   <trkpt lon="8.694263" lat="50.066372"><ele>117.75</ele></trkpt>
   <trkpt lon="8.694333" lat="50.065926"><ele>116.25</ele></trkpt>
   <trkpt lon="8.694357" lat="50.065739"><ele>116.5</ele></trkpt>
   <trkpt lon="8.694726" lat="50.063117"><ele>118.75</ele></trkpt>
   <trkpt lon="8.694816" lat="50.062475"><ele>119.0</ele></trkpt>
   <trkpt lon="8.695026" lat="50.060987"><ele>121.0</ele></trkpt>
   <trkpt lon="8.695096" lat="50.060443"><ele>121.5</ele></trkpt>
   <trkpt lon="8.695146" lat="50.060085"><ele>121.75</ele></trkpt>
   <trkpt lon="8.695175" lat="50.059885"><ele>122.0</ele></trkpt>
   <trkpt lon="8.695175" lat="50.059873"><ele>122.0</ele></trkpt>
   <trkpt lon="8.695176" lat="50.059690"><ele>122.0</ele></trkpt>
   <trkpt lon="8.695174" lat="50.059577"><ele>122.5</ele></trkpt>
   <trkpt lon="8.695150" lat="50.059307"><ele>123.0</ele></trkpt>
   <trkpt lon="8.695142" lat="50.059267"><ele>122.75</ele></trkpt>
   <trkpt lon="8.695136" lat="50.059235"><ele>123.0</ele></trkpt>
   <trkpt lon="8.695111" lat="50.059110"><ele>123.0</ele></trkpt>
   <trkpt lon="8.695099" lat="50.059026"><ele>123.5</ele></trkpt>
   <trkpt lon="8.695096" lat="50.058944"><ele>123.75</ele></trkpt>
   <trkpt lon="8.695135" lat="50.058273"><ele>124.0</ele></trkpt>
   <trkpt lon="8.695137" lat="50.058237"><ele>124.0</ele></trkpt>
   <trkpt lon="8.695143" lat="50.058149"><ele>124.0</ele></trkpt>
   <trkpt lon="8.695147" lat="50.058082"><ele>124.0</ele></trkpt>
   <trkpt lon="8.695150" lat="50.058017"><ele>124.0</ele></trkpt>
   <trkpt lon="8.695151" lat="50.057989"><ele>124.0</ele></trkpt>
   <trkpt lon="8.695164" lat="50.057519"><ele>124.0</ele></trkpt>
   <trkpt lon="8.695119" lat="50.057476"><ele>124.0</ele></trkpt>
   <trkpt lon="8.695121" lat="50.057435"><ele>124.0</ele></trkpt>
   <trkpt lon="8.695122" lat="50.057425"><ele>124.0</ele></trkpt>
   <trkpt lon="8.695136" lat="50.057274"><ele>124.0</ele></trkpt>
   <trkpt lon="8.695169" lat="50.057219"><ele>124.0</ele></trkpt>
   <trkpt lon="8.695173" lat="50.057014"><ele>124.0</ele></trkpt>
   <trkpt lon="8.695194" lat="50.056121"><ele>123.0</ele></trkpt>
   <trkpt lon="8.695195" lat="50.056101"><ele>123.0</ele></trkpt>
   <trkpt lon="8.695170" lat="50.056041"><ele>123.0</ele></trkpt>
   <trkpt lon="8.695162" lat="50.055899"><ele>123.0</ele></trkpt>
   <trkpt lon="8.695204" lat="50.055620"><ele>123.0</ele></trkpt>
   <trkpt lon="8.695203" lat="50.055551"><ele>123.0</ele></trkpt>
   <trkpt lon="8.695200" lat="50.055398"><ele>123.0</ele></trkpt>
   <trkpt lon="8.695203" lat="50.055295"><ele>123.0</ele></trkpt>
   <trkpt lon="8.695214" lat="50.054925"><ele>121.75</ele></trkpt>
   <trkpt lon="8.695216" lat="50.054860"><ele>122.0</ele></trkpt>
   <trkpt lon="8.695219" lat="50.054751"><ele>122.0</ele></trkpt>
   <trkpt lon="8.695227" lat="50.054609"><ele>122.0</ele></trkpt>
   <trkpt lon="8.695234" lat="50.054505"><ele>122.0</ele></trkpt>
   <trkpt lon="8.695233" lat="50.054475"><ele>121.75</ele></trkpt>
   <trkpt lon="8.695229" lat="50.054077"><ele>122.0</ele></trkpt>
   <trkpt lon="8.695239" lat="50.053349"><ele>121.0</ele></trkpt>
   <trkpt lon="8.695239" lat="50.053339"><ele>121.0</ele></trkpt>
   <trkpt lon="8.695240" lat="50.053202"><ele>121.25</ele></trkpt>
   <trkpt lon="8.695241" lat="50.053075"><ele>121.75</ele></trkpt>
   <trkpt lon="8.695241" lat="50.053050"><ele>122.0</ele></trkpt>
   <trkpt lon="8.695242" lat="50.052262"><ele>122.0</ele></trkpt>
   <trkpt lon="8.695251" lat="50.051772"><ele>121.75</ele></trkpt>
   <trkpt lon="8.695253" lat="50.051725"><ele>121.75</ele></trkpt>
   <trkpt lon="8.695258" lat="50.051632"><ele>122.0</ele></trkpt>
   <trkpt lon="8.695265" lat="50.051518"><ele>122.5</ele></trkpt>
   <trkpt lon="8.695266" lat="50.051490"><ele>122.5</ele></trkpt>
   <trkpt lon="8.695269" lat="50.051075"><ele>123.0</ele></trkpt>
   <trkpt lon="8.695267" lat="50.051031"><ele>123.0</ele></trkpt>
   <trkpt lon="8.695263" lat="50.050885"><ele>123.0</ele></trkpt>
   <trkpt lon="8.695268" lat="50.050645"><ele>123.0</ele></trkpt>
   <trkpt lon="8.695269" lat="50.050549"><ele>123.0</ele></trkpt>
   <trkpt lon="8.695272" lat="50.049959"><ele>123.0</ele></trkpt>
   <trkpt lon="8.695237" lat="50.049824"><ele>123.0</ele></trkpt>
   <trkpt lon="8.695219" lat="50.049737"><ele>123.0</ele></trkpt>
   <trkpt lon="8.695215" lat="50.049693"><ele>123.0</ele></trkpt>
   <trkpt lon="8.695252" lat="50.049523"><ele>123.0</ele></trkpt>
   <trkpt lon="8.695253" lat="50.049354"><ele>123.0</ele></trkpt>
   <trkpt lon="8.695252" lat="50.049032"><ele>123.25</ele></trkpt>
   <trkpt lon="8.695229" lat="50.048945"><ele>123.75</ele></trkpt>
   <trkpt lon="8.695223" lat="50.048856"><ele>124.0</ele></trkpt>
   <trkpt lon="8.695228" lat="50.048641"><ele>124.0</ele></trkpt>
   <trkpt lon="8.695243" lat="50.048238"><ele>124.0</ele></trkpt>
   <trkpt lon="8.695244" lat="50.048210"><ele>124.0</ele></trkpt>
   <trkpt lon="8.695245" lat="50.048186"><ele>124.0</ele></trkpt>
   <trkpt lon="8.695238" lat="50.048076"><ele>123.75</ele></trkpt>
   <trkpt lon="8.695233" lat="50.047982"><ele>124.0</ele></trkpt>
   <trkpt lon="8.695223" lat="50.047884"><ele>124.0</ele></trkpt>
   <trkpt lon="8.695227" lat="50.047527"><ele>124.0</ele></trkpt>
   <trkpt lon="8.695242" lat="50.047238"><ele>124.75</ele></trkpt>
   <trkpt lon="8.695282" lat="50.047127"><ele>125.0</ele></trkpt>
   <trkpt lon="8.695286" lat="50.046974"><ele>125.0</ele></trkpt>
   <trkpt lon="8.695294" lat="50.046672"><ele>125.0</ele></trkpt>
   <trkpt lon="8.695300" lat="50.046339"><ele>125.0</ele></trkpt>
   <trkpt lon="8.695302" lat="50.046079"><ele>125.0</ele></trkpt>
   <trkpt lon="8.695306" lat="50.045509"><ele>126.0</ele></trkpt>
   <trkpt lon="8.695310" lat="50.045351"><ele>126.0</ele></trkpt>
   <trkpt lon="8.695312" lat="50.045244"><ele>126.0</ele></trkpt>
   <trkpt lon="8.695312" lat="50.045212"><ele>125.75</ele></trkpt>
   <trkpt lon="8.695314" lat="50.045110"><ele>126.0</ele></trkpt>
   <trkpt lon="8.695312" lat="50.045021"><ele>126.0</ele></trkpt>
   <trkpt lon="8.695271" lat="50.044934"><ele>125.75</ele></trkpt>
   <trkpt lon="8.695278" lat="50.044728"><ele>126.0</ele></trkpt>
   <trkpt lon="8.695287" lat="50.044456"><ele>126.0</ele></trkpt>
   <trkpt lon="8.695287" lat="50.043863"><ele>126.0</ele></trkpt>
   <trkpt lon="8.695286" lat="50.043789"><ele>126.25</ele></trkpt>
   <trkpt lon="8.695279" lat="50.043255"><ele>127.0</ele></trkpt>
   <trkpt lon="8.695278" lat="50.043053"><ele>127.0</ele></trkpt>
   <trkpt lon="8.695281" lat="50.042798"><ele>127.0</ele></trkpt>
   <trkpt lon="8.695277" lat="50.042538"><ele>127.75</ele></trkpt>
   <trkpt lon="8.695271" lat="50.042351"><ele>127.75</ele></trkpt>
   <trkpt lon="8.695236" lat="50.042226"><ele>127.75</ele></trkpt>
   <trkpt lon="8.695129" lat="50.042030"><ele>128.25</ele></trkpt>
   <trkpt lon="8.695038" lat="50.041945"><ele>128.0</ele></trkpt>
   <trkpt lon="8.694868" lat="50.041807"><ele>127.75</ele></trkpt>
   <trkpt lon="8.694825" lat="50.041772"><ele>127.5</ele></trkpt>
   <trkpt lon="8.694782" lat="50.041729"><ele>127.25</ele></trkpt>
   <trkpt lon="8.694728" lat="50.041640"><ele>127.0</ele></trkpt>
   <trkpt lon="8.694836" lat="50.041576"><ele>127.5</ele></trkpt>
   <trkpt lon="8.694940" lat="50.041504"><ele>127.5</ele></trkpt>
   <trkpt lon="8.695022" lat="50.041432"><ele>127.0</ele></trkpt>
   <trkpt lon="8.695108" lat="50.041341"><ele>127.25</ele></trkpt>
   <trkpt lon="8.695197" lat="50.041192"><ele>127.75</ele></trkpt>
   <trkpt lon="8.695230" lat="50.041094"><ele>128.0</ele></trkpt>
   <trkpt lon="8.695252" lat="50.040973"><ele>128.25</ele></trkpt>
   <trkpt lon="8.695321" lat="50.040469"><ele>129.0</ele></trkpt>
   <trkpt lon="8.695362" lat="50.039860"><ele>129.5</ele></trkpt>
   <trkpt lon="8.695374" lat="50.038591"><ele>130.0</ele></trkpt>
   <trkpt lon="8.695378" lat="50.037995"><ele>131.0</ele></trkpt>
   <trkpt lon="8.695372" lat="50.037171"><ele>131.0</ele></trkpt>
   <trkpt lon="8.695386" lat="50.036642"><ele>131.0</ele></trkpt>
   <trkpt lon="8.695420" lat="50.036367"><ele>131.0</ele></trkpt>
   <trkpt lon="8.695459" lat="50.036256"><ele>131.0</ele></trkpt>
   <trkpt lon="8.695543" lat="50.036066"><ele>131.0</ele></trkpt>
   <trkpt lon="8.695733" lat="50.035799"><ele>131.5</ele></trkpt>
   <trkpt lon="8.695764" lat="50.035765"><ele>131.5</ele></trkpt>
   <trkpt lon="8.695771" lat="50.035648"><ele>132.25</ele></trkpt>
   <trkpt lon="8.695768" lat="50.035608"><ele>132.25</ele></trkpt>
   <trkpt lon="8.695766" lat="50.035568"><ele>132.5</ele></trkpt>
   <trkpt lon="8.695747" lat="50.035491"><ele>132.5</ele></trkpt>
   <trkpt lon="8.695555" lat="50.035318"><ele>132.0</ele></trkpt>
   <trkpt lon="8.695479" lat="50.035238"><ele>131.75</ele></trkpt>
   <trkpt lon="8.695449" lat="50.035181"><ele>131.75</ele></trkpt>
   <trkpt lon="8.695425" lat="50.035106"><ele>131.5</ele></trkpt>
   <trkpt lon="8.695403" lat="50.034761"><ele>131.0</ele></trkpt>
   <trkpt lon="8.695402" lat="50.034515"><ele>131.25</ele></trkpt>
   <trkpt lon="8.695400" lat="50.034292"><ele>131.5</ele></trkpt>
   <trkpt lon="8.695401" lat="50.033968"><ele>132.0</ele></trkpt>
   <trkpt lon="8.695403" lat="50.033794"><ele>132.0</ele></trkpt>
   <trkpt lon="8.695404" lat="50.033679"><ele>132.0</ele></trkpt>
   <trkpt lon="8.695405" lat="50.033656"><ele>132.0</ele></trkpt>
   <trkpt lon="8.695408" lat="50.033548"><ele>132.0</ele></trkpt>
   <trkpt lon="8.695417" lat="50.033188"><ele>132.0</ele></trkpt>
   <trkpt lon="8.695419" lat="50.033015"><ele>132.0</ele></trkpt>
   <trkpt lon="8.695408" lat="50.032918"><ele>132.0</ele></trkpt>
   <trkpt lon="8.695403" lat="50.032881"><ele>132.0</ele></trkpt>
   <trkpt lon="8.695388" lat="50.032790"><ele>132.0</ele></trkpt>
   <trkpt lon="8.695326" lat="50.032791"><ele>132.0</ele></trkpt>
   <trkpt lon="8.695267" lat="50.032778"><ele>131.75</ele></trkpt>
   <trkpt lon="8.695218" lat="50.032753"><ele>132.0</ele></trkpt>
   <trkpt lon="8.695185" lat="50.032719"><ele>132.0</ele></trkpt>
   <trkpt lon="8.695172" lat="50.032680"><ele>132.0</ele></trkpt>
   <trkpt lon="8.695181" lat="50.032639"><ele>132.0</ele></trkpt>
   <trkpt lon="8.695203" lat="50.032610"><ele>132.0</ele></trkpt>
   <trkpt lon="8.695237" lat="50.032586"><ele>132.0</ele></trkpt>
   <trkpt lon="8.695280" lat="50.032569"><ele>132.0</ele></trkpt>
   <trkpt lon="8.695330" lat="50.032560"><ele>132.0</ele></trkpt>
   <trkpt lon="8.695381" lat="50.032560"><ele>132.0</ele></trkpt>
   <trkpt lon="8.695403" lat="50.032467"><ele>132.0</ele></trkpt>
   <trkpt lon="8.695405" lat="50.032449"><ele>132.0</ele></trkpt>
   <trkpt lon="8.695413" lat="50.032169"><ele>132.0</ele></trkpt>
   <trkpt lon="8.695416" lat="50.031603"><ele>132.5</ele></trkpt>
   <trkpt lon="8.695403" lat="50.031529"><ele>132.5</ele></trkpt>
   <trkpt lon="8.695387" lat="50.031449"><ele>132.75</ele></trkpt>
   <trkpt lon="8.695328" lat="50.031445"><ele>132.75</ele></trkpt>
   <trkpt lon="8.695275" lat="50.031429"><ele>132.75</ele></trkpt>
   <trkpt lon="8.695234" lat="50.031403"><ele>132.75</ele></trkpt>
   <trkpt lon="8.695208" lat="50.031369"><ele>132.5</ele></trkpt>
   <trkpt lon="8.695202" lat="50.031332"><ele>132.5</ele></trkpt>
   <trkpt lon="8.695216" lat="50.031295"><ele>132.75</ele></trkpt>
   <trkpt lon="8.695248" lat="50.031264"><ele>132.75</ele></trkpt>
   <trkpt lon="8.695294" lat="50.031241"><ele>133.0</ele></trkpt>
   <trkpt lon="8.695350" lat="50.031230"><ele>133.0</ele></trkpt>
   <trkpt lon="8.695408" lat="50.031231"><ele>133.0</ele></trkpt>
   <trkpt lon="8.695420" lat="50.031155"><ele>133.0</ele></trkpt>
   <trkpt lon="8.695434" lat="50.031068"><ele>133.0</ele></trkpt>
   <trkpt lon="8.695459" lat="50.030078"><ele>133.0</ele></trkpt>
   <trkpt lon="8.695470" lat="50.029538"><ele>133.75</ele></trkpt>
   <trkpt lon="8.695468" lat="50.029338"><ele>134.0</ele></trkpt>
   <trkpt lon="8.695466" lat="50.029041"><ele>134.0</ele></trkpt>
   <trkpt lon="8.695464" lat="50.028698"><ele>134.0</ele></trkpt>
   <trkpt lon="8.695461" lat="50.028625"><ele>134.0</ele></trkpt>
   <trkpt lon="8.695471" lat="50.028383"><ele>133.25</ele></trkpt>
   <trkpt lon="8.695478" lat="50.027207"><ele>132.25</ele></trkpt>
   <trkpt lon="8.695492" lat="50.026138"><ele>131.0</ele></trkpt>
   <trkpt lon="8.695495" lat="50.025900"><ele>131.0</ele></trkpt>
   <trkpt lon="8.695495" lat="50.025678"><ele>131.0</ele></trkpt>
   <trkpt lon="8.695493" lat="50.024328"><ele>131.0</ele></trkpt>
   <trkpt lon="8.695492" lat="50.024186"><ele>131.0</ele></trkpt>
   <trkpt lon="8.695492" lat="50.024148"><ele>131.0</ele></trkpt>
   <trkpt lon="8.695495" lat="50.023945"><ele>131.0</ele></trkpt>
   <trkpt lon="8.695499" lat="50.023776"><ele>131.0</ele></trkpt>
   <trkpt lon="8.695505" lat="50.023703"><ele>131.0</ele></trkpt>
   <trkpt lon="8.695512" lat="50.023397"><ele>131.0</ele></trkpt>
   <trkpt lon="8.695516" lat="50.023271"><ele>131.0</ele></trkpt>
   <trkpt lon="8.695519" lat="50.023185"><ele>131.0</ele></trkpt>
   <trkpt lon="8.695529" lat="50.022277"><ele>131.0</ele></trkpt>
   <trkpt lon="8.695521" lat="50.021962"><ele>131.0</ele></trkpt>
   <trkpt lon="8.695522" lat="50.021865"><ele>131.0</ele></trkpt>
   <trkpt lon="8.695522" lat="50.021836"><ele>131.0</ele></trkpt>
   <trkpt lon="8.695521" lat="50.021797"><ele>131.0</ele></trkpt>
   <trkpt lon="8.695523" lat="50.021355"><ele>131.0</ele></trkpt>
   <trkpt lon="8.695522" lat="50.021283"><ele>131.0</ele></trkpt>
   <trkpt lon="8.695531" lat="50.020434"><ele>131.0</ele></trkpt>
   <trkpt lon="8.695537" lat="50.020152"><ele>131.0</ele></trkpt>
   <trkpt lon="8.695543" lat="50.019274"><ele>132.0</ele></trkpt>
   <trkpt lon="8.695540" lat="50.019084"><ele>132.0</ele></trkpt>
   <trkpt lon="8.695540" lat="50.019058"><ele>132.0</ele></trkpt>
   <trkpt lon="8.695539" lat="50.019037"><ele>132.0</ele></trkpt>
   <trkpt lon="8.695535" lat="50.018835"><ele>132.0</ele></trkpt>
   <trkpt lon="8.695523" lat="50.018752"><ele>132.0</ele></trkpt>
   <trkpt lon="8.695469" lat="50.018406"><ele>132.0</ele></trkpt>
   <trkpt lon="8.695452" lat="50.018273"><ele>132.0</ele></trkpt>
   <trkpt lon="8.695400" lat="50.017989"><ele>132.0</ele></trkpt>
   <trkpt lon="8.695396" lat="50.017970"><ele>132.0</ele></trkpt>
   <trkpt lon="8.695383" lat="50.017899"><ele>132.0</ele></trkpt>
   <trkpt lon="8.695350" lat="50.017726"><ele>132.25</ele></trkpt>
   <trkpt lon="8.695286" lat="50.017458"><ele>133.0</ele></trkpt>
   <trkpt lon="8.695284" lat="50.017395"><ele>133.0</ele></trkpt>
   <trkpt lon="8.695296" lat="50.017317"><ele>133.0</ele></trkpt>
   <trkpt lon="8.695316" lat="50.017231"><ele>133.0</ele></trkpt>
   <trkpt lon="8.695429" lat="50.016957"><ele>133.0</ele></trkpt>
   <trkpt lon="8.695443" lat="50.016929"><ele>133.0</ele></trkpt>
   <trkpt lon="8.695501" lat="50.016811"><ele>133.0</ele></trkpt>
   <trkpt lon="8.695541" lat="50.016733"><ele>133.0</ele></trkpt>
   <trkpt lon="8.695553" lat="50.016711"><ele>133.0</ele></trkpt>
   <trkpt lon="8.695591" lat="50.016638"><ele>133.0</ele></trkpt>
   <trkpt lon="8.695711" lat="50.016415"><ele>133.75</ele></trkpt>
   <trkpt lon="8.695743" lat="50.016356"><ele>134.0</ele></trkpt>
   <trkpt lon="8.695918" lat="50.016012"><ele>134.0</ele></trkpt>
   <trkpt lon="8.696040" lat="50.015775"><ele>133.75</ele></trkpt>
   <trkpt lon="8.696084" lat="50.015659"><ele>133.25</ele></trkpt>
   <trkpt lon="8.696091" lat="50.015620"><ele>133.25</ele></trkpt>
   <trkpt lon="8.696078" lat="50.015579"><ele>133.0</ele></trkpt>
   <trkpt lon="8.696052" lat="50.015545"><ele>133.0</ele></trkpt>
   <trkpt lon="8.695905" lat="50.015464"><ele>133.75</ele></trkpt>
   <trkpt lon="8.695566" lat="50.015322"><ele>133.0</ele></trkpt>
   <trkpt lon="8.695056" lat="50.015122"><ele>133.0</ele></trkpt>
   <trkpt lon="8.694981" lat="50.015093"><ele>133.0</ele></trkpt>
   <trkpt lon="8.694916" lat="50.015065"><ele>133.0</ele></trkpt>
   <trkpt lon="8.694903" lat="50.015060"><ele>133.0</ele></trkpt>
   <trkpt lon="8.694826" lat="50.015027"><ele>133.0</ele></trkpt>
   <trkpt lon="8.694714" lat="50.014981"><ele>133.0</ele></trkpt>
   <trkpt lon="8.694264" lat="50.014782"><ele>132.25</ele></trkpt>
   <trkpt lon="8.694022" lat="50.014669"><ele>132.0</ele></trkpt>
   <trkpt lon="8.693906" lat="50.014607"><ele>132.0</ele></trkpt>
   <trkpt lon="8.693806" lat="50.014547"><ele>132.0</ele></trkpt>
   <trkpt lon="8.693642" lat="50.014432"><ele>132.0</ele></trkpt>
   <trkpt lon="8.693564" lat="50.014366"><ele>132.0</ele></trkpt>
   <trkpt lon="8.693379" lat="50.014212"><ele>132.0</ele></trkpt>
   <trkpt lon="8.693159" lat="50.014023"><ele>132.0</ele></trkpt>
   <trkpt lon="8.693099" lat="50.013971"><ele>132.0</ele></trkpt>
   <trkpt lon="8.692977" lat="50.013865"><ele>132.0</ele></trkpt>
   <trkpt lon="8.692817" lat="50.013727"><ele>132.0</ele></trkpt>
   <trkpt lon="8.692667" lat="50.013593"><ele>132.0</ele></trkpt>
   <trkpt lon="8.692443" lat="50.013316"><ele>133.0</ele></trkpt>
   <trkpt lon="8.692370" lat="50.013225"><ele>133.0</ele></trkpt>
   <trkpt lon="8.692338" lat="50.013186"><ele>133.0</ele></trkpt>
   <trkpt lon="8.692258" lat="50.013086"><ele>133.0</ele></trkpt>
   <trkpt lon="8.692391" lat="50.013000"><ele>133.0</ele></trkpt>
   <trkpt lon="8.692478" lat="50.012943"><ele>133.0</ele></trkpt>
   <trkpt lon="8.692522" lat="50.012915"><ele>133.0</ele></trkpt>
   <trkpt lon="8.693596" lat="50.012221"><ele>135.0</ele></trkpt>
   <trkpt lon="8.693901" lat="50.012024"><ele>135.0</ele></trkpt>
   <trkpt lon="8.693923" lat="50.012010"><ele>135.0</ele></trkpt>
   <trkpt lon="8.694454" lat="50.011658"><ele>136.0</ele></trkpt>
   <trkpt lon="8.695330" lat="50.011069"><ele>137.0</ele></trkpt>
   <trkpt lon="8.695528" lat="50.010951"><ele>137.5</ele></trkpt>
   <trkpt lon="8.695944" lat="50.010677"><ele>138.5</ele></trkpt>
   <trkpt lon="8.696545" lat="50.010291"><ele>139.75</ele></trkpt>
   <trkpt lon="8.696682" lat="50.010204"><ele>140.5</ele></trkpt>
   <trkpt lon="8.696740" lat="50.010166"><ele>140.5</ele></trkpt>
   <trkpt lon="8.696785" lat="50.010137"><ele>140.75</ele></trkpt>
   <trkpt lon="8.697063" lat="50.009951"><ele>141.0</ele></trkpt>
   <trkpt lon="8.697825" lat="50.009451"><ele>142.75</ele></trkpt>
   <trkpt lon="8.698077" lat="50.009288"><ele>143.5</ele></trkpt>
   <trkpt lon="8.698899" lat="50.008759"><ele>145.25</ele></trkpt>
   <trkpt lon="8.699656" lat="50.008271"><ele>147.0</ele></trkpt>
   <trkpt lon="8.699856" lat="50.008144"><ele>147.5</ele></trkpt>
   <trkpt lon="8.700551" lat="50.007700"><ele>149.25</ele></trkpt>
   <trkpt lon="8.700672" lat="50.007616"><ele>149.5</ele></trkpt>
   <trkpt lon="8.701013" lat="50.007372"><ele>150.0</ele></trkpt>
   <trkpt lon="8.701055" lat="50.007344"><ele>150.0</ele></trkpt>
   <trkpt lon="8.701104" lat="50.007312"><ele>150.0</ele></trkpt>
   <trkpt lon="8.701481" lat="50.007055"><ele>150.5</ele></trkpt>
   <trkpt lon="8.701705" lat="50.006907"><ele>151.0</ele></trkpt>
   <trkpt lon="8.704186" lat="50.005289"><ele>153.75</ele></trkpt>
   <trkpt lon="8.704743" lat="50.004927"><ele>154.25</ele></trkpt>
   <trkpt lon="8.705623" lat="50.004349"><ele>155.25</ele></trkpt>
   <trkpt lon="8.705958" lat="50.004129"><ele>155.5</ele></trkpt>
   <trkpt lon="8.706276" lat="50.003915"><ele>155.75</ele></trkpt>
   <trkpt lon="8.706578" lat="50.003711"><ele>155.75</ele></trkpt>
   <trkpt lon="8.706988" lat="50.003442"><ele>156.5</ele></trkpt>
   <trkpt lon="8.707876" lat="50.002878"><ele>157.5</ele></trkpt>
   <trkpt lon="8.708204" lat="50.002666"><ele>158.25</ele></trkpt>
   <trkpt lon="8.708366" lat="50.002560"><ele>158.75</ele></trkpt>
   <trkpt lon="8.708446" lat="50.002528"><ele>158.75</ele></trkpt>
   <trkpt lon="8.708698" lat="50.002348"><ele>159.25</ele></trkpt>
   <trkpt lon="8.709576" lat="50.001784"><ele>160.0</ele></trkpt>
   <trkpt lon="8.709688" lat="50.001711"><ele>160.0</ele></trkpt>
   <trkpt lon="8.710233" lat="50.001348"><ele>161.0</ele></trkpt>
   <trkpt lon="8.711022" lat="50.000831"><ele>162.0</ele></trkpt>
   <trkpt lon="8.711290" lat="50.000643"><ele>162.0</ele></trkpt>
   <trkpt lon="8.711358" lat="50.000586"><ele>162.0</ele></trkpt>
   <trkpt lon="8.711574" lat="50.000352"><ele>161.75</ele></trkpt>
   <trkpt lon="8.711876" lat="50.000020"><ele>162.0</ele></trkpt>
   <trkpt lon="8.711907" lat="49.999982"><ele>162.0</ele></trkpt>
   <trkpt lon="8.711978" lat="49.999874"><ele>162.0</ele></trkpt>
   <trkpt lon="8.711999" lat="49.999825"><ele>162.0</ele></trkpt>
   <trkpt lon="8.712001" lat="49.999797"><ele>162.0</ele></trkpt>
   <trkpt lon="8.711988" lat="49.999769"><ele>162.0</ele></trkpt>
   <trkpt lon="8.712106" lat="49.999749"><ele>161.75</ele></trkpt>
   <trkpt lon="8.712152" lat="49.999752"><ele>162.0</ele></trkpt>
   <trkpt lon="8.712652" lat="49.999843"><ele>162.25</ele></trkpt>
   <trkpt lon="8.712720" lat="49.999855"><ele>162.25</ele></trkpt>
   <trkpt lon="8.712876" lat="49.999876"><ele>162.0</ele></trkpt>
   <trkpt lon="8.713060" lat="49.999906"><ele>161.25</ele></trkpt>
   <trkpt lon="8.713137" lat="49.999918"><ele>161.0</ele></trkpt>
   <trkpt lon="8.713393" lat="49.999959"><ele>161.0</ele></trkpt>
   <trkpt lon="8.713889" lat="50.000042"><ele>161.0</ele></trkpt>
   <trkpt lon="8.714359" lat="50.000126"><ele>161.0</ele></trkpt>
   <trkpt lon="8.714573" lat="50.000164"><ele>160.5</ele></trkpt>
   <trkpt lon="8.714883" lat="50.000219"><ele>160.0</ele></trkpt>
   <trkpt lon="8.715134" lat="50.000271"><ele>159.5</ele></trkpt>
   <trkpt lon="8.715282" lat="50.000318"><ele>159.0</ele></trkpt>
   <trkpt lon="8.715350" lat="50.000352"><ele>159.0</ele></trkpt>
   <trkpt lon="8.715506" lat="50.000455"><ele>159.0</ele></trkpt>
   <trkpt lon="8.715743" lat="50.000638"><ele>158.25</ele></trkpt>
   <trkpt lon="8.715782" lat="50.000678"><ele>158.0</ele></trkpt>
   <trkpt lon="8.715865" lat="50.000768"><ele>158.0</ele></trkpt>
   <trkpt lon="8.715964" lat="50.000921"><ele>157.75</ele></trkpt>
   <trkpt lon="8.716057" lat="50.001144"><ele>156.75</ele></trkpt>
   <trkpt lon="8.716169" lat="50.001124"><ele>156.75</ele></trkpt>
   <trkpt lon="8.716260" lat="50.001122"><ele>156.75</ele></trkpt>
   <trkpt lon="8.716371" lat="50.001131"><ele>156.75</ele></trkpt>
   <trkpt lon="8.716490" lat="50.001156"><ele>156.75</ele></trkpt>
   <trkpt lon="8.716588" lat="50.001188"><ele>156.75</ele></trkpt>
   <trkpt lon="8.716644" lat="50.001214"><ele>156.5</ele></trkpt>
   <trkpt lon="8.716988" lat="50.001368"><ele>155.0</ele></trkpt>
   <trkpt lon="8.717142" lat="50.001436"><ele>155.5</ele></trkpt>
   <trkpt lon="8.717161" lat="50.001446"><ele>155.5</ele></trkpt>
   <trkpt lon="8.717226" lat="50.001478"><ele>155.25</ele></trkpt>
   <trkpt lon="8.717259" lat="50.001494"><ele>155.0</ele></trkpt>
   <trkpt lon="8.717340" lat="50.001526"><ele>154.5</ele></trkpt>
   <trkpt lon="8.717489" lat="50.001571"><ele>153.5</ele></trkpt>
   <trkpt lon="8.717662" lat="50.001625"><ele>154.25</ele></trkpt>
   <trkpt lon="8.718141" lat="50.001766"><ele>154.5</ele></trkpt>
   <trkpt lon="8.718229" lat="50.001795"><ele>154.5</ele></trkpt>
   <trkpt lon="8.718325" lat="50.001878"><ele>154.0</ele></trkpt>
   <trkpt lon="8.718417" lat="50.001846"><ele>154.5</ele></trkpt>
   <trkpt lon="8.718548" lat="50.001811"><ele>154.75</ele></trkpt>
   <trkpt lon="8.718712" lat="50.001784"><ele>155.0</ele></trkpt>
   <trkpt lon="8.718789" lat="50.001729"><ele>155.25</ele></trkpt>
   <trkpt lon="8.718811" lat="50.001545"><ele>155.75</ele></trkpt>
   <trkpt lon="8.719018" lat="50.001169"><ele>155.5</ele></trkpt>
   <trkpt lon="8.719003" lat="50.001076"><ele>155.5</ele></trkpt>
   <trkpt lon="8.719058" lat="50.000994"><ele>155.0</ele></trkpt>
   <trkpt lon="8.718993" lat="50.000918"><ele>155.0</ele></trkpt>
   <trkpt lon="8.718875" lat="50.000892"><ele>155.25</ele></trkpt>
   <trkpt lon="8.718770" lat="50.000828"><ele>155.25</ele></trkpt>
   <trkpt lon="8.718605" lat="50.000673"><ele>156.5</ele></trkpt>
   <trkpt lon="8.718470" lat="50.000614"><ele>156.75</ele></trkpt>
   <trkpt lon="8.718525" lat="50.000599"><ele>156.75</ele></trkpt>
   <trkpt lon="8.718603" lat="50.000567"><ele>156.75</ele></trkpt>
   <trkpt lon="8.719237" lat="50.000027"><ele>159.75</ele></trkpt>
  </trkseg>
 </trk>
</gpx>
