<?xml version="1.0" encoding="UTF-8"?>
<gpx version="1.1" creator="BRouter paired review" xmlns="http://www.topografix.com/GPX/1/1">
<trk><name>Route B</name><trkseg>
<trkpt lat="50.000027" lon="8.719237"><ele>159.75</ele></trkpt>
<trkpt lat="50.000567" lon="8.718603"><ele>156.75</ele></trkpt>
<trkpt lat="50.000599" lon="8.718525"><ele>156.75</ele></trkpt>
<trkpt lat="50.000614" lon="8.718470"><ele>156.75</ele></trkpt>
<trkpt lat="50.000673" lon="8.718605"><ele>156.5</ele></trkpt>
<trkpt lat="50.000828" lon="8.718770"><ele>155.25</ele></trkpt>
<trkpt lat="50.000892" lon="8.718875"><ele>155.25</ele></trkpt>
<trkpt lat="50.000918" lon="8.718993"><ele>155.0</ele></trkpt>
<trkpt lat="50.000994" lon="8.719058"><ele>155.0</ele></trkpt>
<trkpt lat="50.001076" lon="8.719003"><ele>155.5</ele></trkpt>
<trkpt lat="50.001169" lon="8.719018"><ele>155.5</ele></trkpt>
<trkpt lat="50.001545" lon="8.718811"><ele>155.75</ele></trkpt>
<trkpt lat="50.001729" lon="8.718789"><ele>155.25</ele></trkpt>
<trkpt lat="50.001784" lon="8.718712"><ele>155.0</ele></trkpt>
<trkpt lat="50.001767" lon="8.718870"><ele>155.25</ele></trkpt>
<trkpt lat="50.001753" lon="8.719000"><ele>155.75</ele></trkpt>
<trkpt lat="50.001749" lon="8.719039"><ele>156.0</ele></trkpt>
<trkpt lat="50.001721" lon="8.719260"><ele>156.75</ele></trkpt>
<trkpt lat="50.001715" lon="8.719387"><ele>156.75</ele></trkpt>
<trkpt lat="50.001717" lon="8.719520"><ele>157.25</ele></trkpt>
<trkpt lat="50.001690" lon="8.719523"><ele>157.25</ele></trkpt>
<trkpt lat="50.001655" lon="8.719554"><ele>157.25</ele></trkpt>
<trkpt lat="50.001633" lon="8.719603"><ele>157.5</ele></trkpt>
<trkpt lat="50.001628" lon="8.719644"><ele>157.75</ele></trkpt>
<trkpt lat="50.001633" lon="8.719686"><ele>157.75</ele></trkpt>
<trkpt lat="50.001646" lon="8.719722"><ele>157.75</ele></trkpt>
<trkpt lat="50.001662" lon="8.719746"><ele>158.0</ele></trkpt>
<trkpt lat="50.001704" lon="8.719769"><ele>158.25</ele></trkpt>
<trkpt lat="50.001747" lon="8.719754"><ele>158.0</ele></trkpt>
<trkpt lat="50.001779" lon="8.719705"><ele>157.75</ele></trkpt>
<trkpt lat="50.001864" lon="8.719759"><ele>158.0</ele></trkpt>
<trkpt lat="50.001948" lon="8.719838"><ele>158.25</ele></trkpt>
<trkpt lat="50.002051" lon="8.719973"><ele>158.75</ele></trkpt>
<trkpt lat="50.002110" lon="8.720068"><ele>159.0</ele></trkpt>
<trkpt lat="50.002251" lon="8.720339"><ele>159.5</ele></trkpt>
<trkpt lat="50.002342" lon="8.720553"><ele>160.75</ele></trkpt>
<trkpt lat="50.002377" lon="8.720682"><ele>161.25</ele></trkpt>
<trkpt lat="50.002408" lon="8.720803"><ele>161.75</ele></trkpt>
<trkpt lat="50.002385" lon="8.720824"><ele>161.75</ele></trkpt>
<trkpt lat="50.002368" lon="8.720856"><ele>162.0</ele></trkpt>
<trkpt lat="50.002358" lon="8.720895"><ele>162.0</ele></trkpt>
<trkpt lat="50.002358" lon="8.720937"><ele>162.25</ele></trkpt>
<trkpt lat="50.002366" lon="8.720977"><ele>162.5</ele></trkpt>
<trkpt lat="50.002382" lon="8.721010"><ele>162.5</ele></trkpt>
<trkpt lat="50.002404" lon="8.721033"><ele>162.5</ele></trkpt>
<trkpt lat="50.002449" lon="8.721043"><ele>162.75</ele></trkpt>
<trkpt lat="50.002489" lon="8.721014"><ele>162.5</ele></trkpt>
<trkpt lat="50.002514" lon="8.720953"><ele>162.25</ele></trkpt>
<trkpt lat="50.002513" lon="8.720881"><ele>162.0</ele></trkpt>
<trkpt lat="50.002581" lon="8.720852"><ele>162.0</ele></trkpt>
<trkpt lat="50.002704" lon="8.720782"><ele>161.75</ele></trkpt>
<trkpt lat="50.002937" lon="8.720554"><ele>161.75</ele></trkpt>
<trkpt lat="50.003038" lon="8.720425"><ele>161.5</ele></trkpt>
<trkpt lat="50.003146" lon="8.720413"><ele>161.25</ele></trkpt>
<trkpt lat="50.003565" lon="8.720229"><ele>159.75</ele></trkpt>
<trkpt lat="50.003966" lon="8.720114"><ele>158.25</ele></trkpt>
<trkpt lat="50.004217" lon="8.720050"><ele>158.0</ele></trkpt>
<trkpt lat="50.004679" lon="8.719972"><ele>159.0</ele></trkpt>
<trkpt lat="50.005614" lon="8.719857"><ele>163.25</ele></trkpt>
<trkpt lat="50.006967" lon="8.719947"><ele>169.0</ele></trkpt>
<trkpt lat="50.007025" lon="8.719972"><ele>169.25</ele></trkpt>
<trkpt lat="50.007182" lon="8.720094"><ele>169.75</ele></trkpt>
<trkpt lat="50.007232" lon="8.720235"><ele>170.0</ele></trkpt>
<trkpt lat="50.008232" lon="8.721559"><ele>173.25</ele></trkpt>
<trkpt lat="50.008477" lon="8.721902"><ele>174.0</ele></trkpt>
<trkpt lat="50.008571" lon="8.722077"><ele>174.25</ele></trkpt>
<trkpt lat="50.008656" lon="8.722381"><ele>175.0</ele></trkpt>
<trkpt lat="50.008809" lon="8.723005"><ele>175.75</ele></trkpt>
<trkpt lat="50.008980" lon="8.723740"><ele>177.0</ele></trkpt>
<trkpt lat="50.009287" lon="8.724933"><ele>178.0</ele></trkpt>
<trkpt lat="50.009484" lon="8.725679"><ele>178.0</ele></trkpt>
<trkpt lat="50.009877" lon="8.727111"><ele>179.75</ele></trkpt>
<trkpt lat="50.010552" lon="8.728884"><ele>176.0</ele></trkpt>
<trkpt lat="50.010656" lon="8.729226"><ele>175.25</ele></trkpt>
<trkpt lat="50.010725" lon="8.729679"><ele>175.25</ele></trkpt>
<trkpt lat="50.010741" lon="8.729958"><ele>176.0</ele></trkpt>
<trkpt lat="50.010717" lon="8.730337"><ele>177.0</ele></trkpt>
<trkpt lat="50.010671" lon="8.730771"><ele>175.75</ele></trkpt>
<trkpt lat="50.010631" lon="8.731041"><ele>175.0</ele></trkpt>
<trkpt lat="50.011062" lon="8.731203"><ele>174.0</ele></trkpt>
<trkpt lat="50.011039" lon="8.731367"><ele>174.0</ele></trkpt>
<trkpt lat="50.011021" lon="8.731501"><ele>174.0</ele></trkpt>
<trkpt lat="50.011113" lon="8.731535"><ele>173.75</ele></trkpt>
<trkpt lat="50.012220" lon="8.731944"><ele>171.0</ele></trkpt>
<trkpt lat="50.012893" lon="8.732223"><ele>171.0</ele></trkpt>
<trkpt lat="50.012945" lon="8.732228"><ele>171.0</ele></trkpt>
<trkpt lat="50.013007" lon="8.732614"><ele>170.5</ele></trkpt>
<trkpt lat="50.013143" lon="8.733763"><ele>169.75</ele></trkpt>
<trkpt lat="50.013172" lon="8.734152"><ele>169.5</ele></trkpt>
<trkpt lat="50.013217" lon="8.734455"><ele>169.25</ele></trkpt>
<trkpt lat="50.013314" lon="8.734796"><ele>169.5</ele></trkpt>
<trkpt lat="50.013676" lon="8.735990"><ele>168.0</ele></trkpt>
<trkpt lat="50.013785" lon="8.736324"><ele>168.0</ele></trkpt>
<trkpt lat="50.013852" lon="8.736453"><ele>168.0</ele></trkpt>
<trkpt lat="50.013965" lon="8.736620"><ele>167.75</ele></trkpt>
<trkpt lat="50.014164" lon="8.736821"><ele>168.0</ele></trkpt>
<trkpt lat="50.014397" lon="8.737052"><ele>168.75</ele></trkpt>
<trkpt lat="50.014629" lon="8.737389"><ele>168.5</ele></trkpt>
<trkpt lat="50.014908" lon="8.737869"><ele>168.25</ele></trkpt>
<trkpt lat="50.015446" lon="8.738838"><ele>168.0</ele></trkpt>
<trkpt lat="50.016677" lon="8.741172"><ele>164.75</ele></trkpt>
<trkpt lat="50.016944" lon="8.741620"><ele>164.0</ele></trkpt>
<trkpt lat="50.018090" lon="8.743459"><ele>160.0</ele></trkpt>
<trkpt lat="50.018835" lon="8.744342"><ele>158.0</ele></trkpt>
<trkpt lat="50.019705" lon="8.745070"><ele>155.0</ele></trkpt>
<trkpt lat="50.020332" lon="8.745921"><ele>157.25</ele></trkpt>
<trkpt lat="50.020967" lon="8.746966"><ele>160.5</ele></trkpt>
<trkpt lat="50.021443" lon="8.747653"><ele>164.0</ele></trkpt>
<trkpt lat="50.021812" lon="8.748181"><ele>166.75</ele></trkpt>
<trkpt lat="50.022153" lon="8.748751"><ele>168.75</ele></trkpt>
<trkpt lat="50.022237" lon="8.748930"><ele>169.0</ele></trkpt>
<trkpt lat="50.022364" lon="8.749199"><ele>169.0</ele></trkpt>
<trkpt lat="50.022522" lon="8.749532"><ele>169.25</ele></trkpt>
<trkpt lat="50.022842" lon="8.750322"><ele>169.5</ele></trkpt>
<trkpt lat="50.023068" lon="8.751240"><ele>169.25</ele></trkpt>
<trkpt lat="50.023319" lon="8.752601"><ele>169.0</ele></trkpt>
<trkpt lat="50.023471" lon="8.753421"><ele>169.0</ele></trkpt>
<trkpt lat="50.023726" lon="8.754508"><ele>169.25</ele></trkpt>
<trkpt lat="50.024057" lon="8.755697"><ele>168.5</ele></trkpt>
<trkpt lat="50.024265" lon="8.756219"><ele>167.5</ele></trkpt>
<trkpt lat="50.026477" lon="8.753473"><ele>157.0</ele></trkpt>
<trkpt lat="50.028042" lon="8.751460"><ele>152.0</ele></trkpt>
<trkpt lat="50.029820" lon="8.749221"><ele>147.0</ele></trkpt>
<trkpt lat="50.031624" lon="8.746952"><ele>144.0</ele></trkpt>
<trkpt lat="50.032295" lon="8.746169"><ele>143.0</ele></trkpt>
<trkpt lat="50.034110" lon="8.745941"><ele>139.0</ele></trkpt>
<trkpt lat="50.034333" lon="8.745862"><ele>139.0</ele></trkpt>
<trkpt lat="50.034568" lon="8.745685"><ele>139.0</ele></trkpt>
<trkpt lat="50.037229" lon="8.743148"><ele>135.0</ele></trkpt>
<trkpt lat="50.037307" lon="8.743134"><ele>135.0</ele></trkpt>
<trkpt lat="50.037392" lon="8.743153"><ele>135.0</ele></trkpt>
<trkpt lat="50.038220" lon="8.743940"><ele>137.0</ele></trkpt>
<trkpt lat="50.040335" lon="8.746168"><ele>135.75</ele></trkpt>
<trkpt lat="50.041241" lon="8.747109"><ele>135.0</ele></trkpt>
<trkpt lat="50.042444" lon="8.748395"><ele>134.0</ele></trkpt>
<trkpt lat="50.043656" lon="8.749663"><ele>135.0</ele></trkpt>
<trkpt lat="50.044948" lon="8.751012"><ele>135.0</ele></trkpt>
<trkpt lat="50.045609" lon="8.751703"><ele>135.0</ele></trkpt>
<trkpt lat="50.046481" lon="8.752858"><ele>135.0</ele></trkpt>
<trkpt lat="50.047179" lon="8.754147"><ele>135.0</ele></trkpt>
<trkpt lat="50.047806" lon="8.754528"><ele>134.0</ele></trkpt>
<trkpt lat="50.048114" lon="8.754740"><ele>134.75</ele></trkpt>
<trkpt lat="50.050158" lon="8.755916"><ele>134.0</ele></trkpt>
<trkpt lat="50.050278" lon="8.755988"><ele>134.0</ele></trkpt>
<trkpt lat="50.051556" lon="8.756755"><ele>133.0</ele></trkpt>
<trkpt lat="50.052977" lon="8.757608"><ele>132.0</ele></trkpt>
<trkpt lat="50.052683" lon="8.760200"><ele>132.0</ele></trkpt>
<trkpt lat="50.052369" lon="8.762829"><ele>131.0</ele></trkpt>
<trkpt lat="50.052700" lon="8.763084"><ele>130.75</ele></trkpt>
<trkpt lat="50.053220" lon="8.763215"><ele>130.25</ele></trkpt>
<trkpt lat="50.054962" lon="8.762198"><ele>130.0</ele></trkpt>
<trkpt lat="50.055426" lon="8.761973"><ele>130.0</ele></trkpt>
<trkpt lat="50.056317" lon="8.761535"><ele>130.0</ele></trkpt>
<trkpt lat="50.057347" lon="8.761280"><ele>130.0</ele></trkpt>
<trkpt lat="50.057992" lon="8.761153"><ele>129.0</ele></trkpt>
<trkpt lat="50.058084" lon="8.761349"><ele>129.0</ele></trkpt>
<trkpt lat="50.060104" lon="8.762672"><ele>129.0</ele></trkpt>
<trkpt lat="50.061375" lon="8.760586"><ele>128.0</ele></trkpt>
<trkpt lat="50.061596" lon="8.760237"><ele>128.0</ele></trkpt>
<trkpt lat="50.062500" lon="8.758664"><ele>127.0</ele></trkpt>
<trkpt lat="50.063096" lon="8.757517"><ele>126.75</ele></trkpt>
<trkpt lat="50.063807" lon="8.756424"><ele>126.5</ele></trkpt>
<trkpt lat="50.063851" lon="8.756335"><ele>126.75</ele></trkpt>
<trkpt lat="50.063878" lon="8.756241"><ele>126.75</ele></trkpt>
<trkpt lat="50.063890" lon="8.756123"><ele>126.75</ele></trkpt>
<trkpt lat="50.063879" lon="8.756006"><ele>127.0</ele></trkpt>
<trkpt lat="50.063852" lon="8.755960"><ele>127.0</ele></trkpt>
<trkpt lat="50.063689" lon="8.755839"><ele>127.0</ele></trkpt>
<trkpt lat="50.063662" lon="8.755799"><ele>127.0</ele></trkpt>
<trkpt lat="50.063625" lon="8.755696"><ele>127.0</ele></trkpt>
<trkpt lat="50.063610" lon="8.755605"><ele>127.0</ele></trkpt>
<trkpt lat="50.063602" lon="8.755501"><ele>127.0</ele></trkpt>
<trkpt lat="50.063603" lon="8.755291"><ele>127.0</ele></trkpt>
<trkpt lat="50.063620" lon="8.755012"><ele>126.75</ele></trkpt>
<trkpt lat="50.063629" lon="8.754338"><ele>127.25</ele></trkpt>
<trkpt lat="50.063651" lon="8.754120"><ele>128.0</ele></trkpt>
<trkpt lat="50.063700" lon="8.753865"><ele>128.0</ele></trkpt>
<trkpt lat="50.063707" lon="8.752908"><ele>128.0</ele></trkpt>
<trkpt lat="50.064169" lon="8.753123"><ele>128.75</ele></trkpt>
<trkpt lat="50.064732" lon="8.753333"><ele>130.75</ele></trkpt>
<trkpt lat="50.065873" lon="8.753717"><ele>130.25</ele></trkpt>
<trkpt lat="50.066155" lon="8.753878"><ele>130.5</ele></trkpt>
<trkpt lat="50.066324" lon="8.754213"><ele>129.5</ele></trkpt>
<trkpt lat="50.066665" lon="8.754833"><ele>128.75</ele></trkpt>
<trkpt lat="50.066922" lon="8.755171"><ele>128.75</ele></trkpt>
<trkpt lat="50.067025" lon="8.755282"><ele>128.75</ele></trkpt>
<trkpt lat="50.067196" lon="8.755453"><ele>128.25</ele></trkpt>
<trkpt lat="50.067923" lon="8.755933"><ele>128.0</ele></trkpt>
<trkpt lat="50.069411" lon="8.756983"><ele>128.75</ele></trkpt>
<trkpt lat="50.070200" lon="8.757539"><ele>128.0</ele></trkpt>
<trkpt lat="50.070806" lon="8.757638"><ele>128.0</ele></trkpt>
<trkpt lat="50.070665" lon="8.755414"><ele>129.0</ele></trkpt>
<trkpt lat="50.070482" lon="8.753040"><ele>130.25</ele></trkpt>
<trkpt lat="50.070239" lon="8.748152"><ele>130.25</ele></trkpt>
<trkpt lat="50.070246" lon="8.747946"><ele>130.0</ele></trkpt>
<trkpt lat="50.070465" lon="8.744359"><ele>129.25</ele></trkpt>
<trkpt lat="50.070495" lon="8.743647"><ele>128.75</ele></trkpt>
<trkpt lat="50.070631" lon="8.741626"><ele>129.0</ele></trkpt>
<trkpt lat="50.070751" lon="8.739848"><ele>128.25</ele></trkpt>
<trkpt lat="50.070773" lon="8.739595"><ele>128.0</ele></trkpt>
<trkpt lat="50.071476" lon="8.738672"><ele>128.0</ele></trkpt>
<trkpt lat="50.072627" lon="8.737075"><ele>128.0</ele></trkpt>
<trkpt lat="50.072692" lon="8.736995"></trkpt>
<trkpt lat="50.073000" lon="8.736621"><ele>127.25</ele></trkpt>
<trkpt lat="50.074048" lon="8.735096"><ele>127.0</ele></trkpt>
<trkpt lat="50.074023" lon="8.734925"><ele>127.0</ele></trkpt>
<trkpt lat="50.073954" lon="8.734756"><ele>127.5</ele></trkpt>
<trkpt lat="50.073865" lon="8.734575"><ele>127.5</ele></trkpt>
<trkpt lat="50.073665" lon="8.734048"><ele>128.25</ele></trkpt>
<trkpt lat="50.073695" lon="8.734020"><ele>128.75</ele></trkpt>
<trkpt lat="50.073721" lon="8.733978"><ele>129.25</ele></trkpt>
<trkpt lat="50.073741" lon="8.733915"><ele>130.0</ele></trkpt>
<trkpt lat="50.073877" lon="8.733484"><ele>128.5</ele></trkpt>
<trkpt lat="50.073895" lon="8.733381"><ele>127.5</ele></trkpt>
<trkpt lat="50.073892" lon="8.733288"><ele>127.0</ele></trkpt>
<trkpt lat="50.074013" lon="8.733299"><ele>127.0</ele></trkpt>
<trkpt lat="50.074099" lon="8.733316"><ele>127.0</ele></trkpt>
<trkpt lat="50.075009" lon="8.733944"><ele>126.75</ele></trkpt>
<trkpt lat="50.075391" lon="8.733381"><ele>126.5</ele></trkpt>
<trkpt lat="50.077658" lon="8.730362"><ele>125.25</ele></trkpt>
<trkpt lat="50.079515" lon="8.727775"><ele>126.0</ele></trkpt>
<trkpt lat="50.079688" lon="8.727546"><ele>126.5</ele></trkpt>
<trkpt lat="50.082300" lon="8.724075"><ele>131.0</ele></trkpt>
<trkpt lat="50.082376" lon="8.723971"><ele>131.0</ele></trkpt>
<trkpt lat="50.083162" lon="8.723038"><ele>134.0</ele></trkpt>
<trkpt lat="50.084119" lon="8.720934"><ele>138.5</ele></trkpt>
<trkpt lat="50.084271" lon="8.720492"><ele>140.0</ele></trkpt>
<trkpt lat="50.085046" lon="8.717284"><ele>142.0</ele></trkpt>
<trkpt lat="50.085302" lon="8.716224"><ele>142.25</ele></trkpt>
<trkpt lat="50.088132" lon="8.718493"><ele>143.25</ele></trkpt>
<trkpt lat="50.089309" lon="8.719530"><ele>139.5</ele></trkpt>
<trkpt lat="50.089475" lon="8.719677"><ele>139.0</ele></trkpt>
<trkpt lat="50.089573" lon="8.719739"><ele>138.5</ele></trkpt>
<trkpt lat="50.089697" lon="8.719720"><ele>138.0</ele></trkpt>
<trkpt lat="50.089751" lon="8.719701"><ele>137.75</ele></trkpt>
<trkpt lat="50.091737" lon="8.719419"><ele>130.5</ele></trkpt>
<trkpt lat="50.092585" lon="8.719298"><ele>129.25</ele></trkpt>
<trkpt lat="50.093237" lon="8.719185"><ele>129.0</ele></trkpt>
<trkpt lat="50.094544" lon="8.719167"><ele>128.0</ele></trkpt>
<trkpt lat="50.094609" lon="8.719171"><ele>128.0</ele></trkpt>
<trkpt lat="50.094678" lon="8.719175"><ele>128.0</ele></trkpt>
<trkpt lat="50.095483" lon="8.719143"><ele>127.0</ele></trkpt>
<trkpt lat="50.096202" lon="8.719085"><ele>125.5</ele></trkpt>
<trkpt lat="50.096264" lon="8.719577"><ele>126.0</ele></trkpt>
<trkpt lat="50.096376" lon="8.720432"><ele>125.0</ele></trkpt>
<trkpt lat="50.097582" lon="8.720260"><ele>119.25</ele></trkpt>
<trkpt lat="50.097795" lon="8.720241"><ele>117.75</ele></trkpt>
<trkpt lat="50.098386" lon="8.720267"><ele>114.5</ele></trkpt>
<trkpt lat="50.099056" lon="8.720249"><ele>110.75</ele></trkpt>
<trkpt lat="50.099189" lon="8.720251"><ele>110.0</ele></trkpt>
<trkpt lat="50.099484" lon="8.720300"><ele>108.5</ele></trkpt>
<trkpt lat="50.099642" lon="8.720290"><ele>106.75</ele></trkpt>
<trkpt lat="50.099891" lon="8.720238"><ele>104.75</ele></trkpt>
<trkpt lat="50.100088" lon="8.720177"><ele>103.75</ele></trkpt>
<trkpt lat="50.100103" lon="8.720170"><ele>103.75</ele></trkpt>
<trkpt lat="50.100118" lon="8.720160"><ele>103.75</ele></trkpt>
<trkpt lat="50.100178" lon="8.720129"><ele>103.5</ele></trkpt>
<trkpt lat="50.100603" lon="8.719991"><ele>101.75</ele></trkpt>
<trkpt lat="50.100723" lon="8.719984"><ele>101.25</ele></trkpt>
<trkpt lat="50.100850" lon="8.719943"><ele>100.75</ele></trkpt>
<trkpt lat="50.100772" lon="8.719395"><ele>101.0</ele></trkpt>
<trkpt lat="50.100696" lon="8.718850"><ele>101.0</ele></trkpt>
<trkpt lat="50.101309" lon="8.718664"><ele>99.25</ele></trkpt>
<trkpt lat="50.101473" lon="8.718610"><ele>98.75</ele></trkpt>
<trkpt lat="50.102416" lon="8.718208"><ele>97.0</ele></trkpt>
<trkpt lat="50.103069" lon="8.717998"><ele>97.0</ele></trkpt>
<trkpt lat="50.103673" lon="8.717976"><ele>97.0</ele></trkpt>
<trkpt lat="50.103703" lon="8.718049"><ele>97.0</ele></trkpt>
<trkpt lat="50.104002" lon="8.717997"><ele>97.5</ele></trkpt>
<trkpt lat="50.104377" lon="8.717927"><ele>98.75</ele></trkpt>
<trkpt lat="50.104734" lon="8.717871"><ele>98.5</ele></trkpt>
<trkpt lat="50.104808" lon="8.717761"><ele>98.5</ele></trkpt>
<trkpt lat="50.104876" lon="8.717742"><ele>98.5</ele></trkpt>
<trkpt lat="50.104967" lon="8.717723"><ele>98.25</ele></trkpt>
<trkpt lat="50.105008" lon="8.717711"><ele>98.0</ele></trkpt>
<trkpt lat="50.105040" lon="8.717702"><ele>98.0</ele></trkpt>
<trkpt lat="50.105486" lon="8.717537"><ele>95.5</ele></trkpt>
<trkpt lat="50.105477" lon="8.717620"><ele>95.5</ele></trkpt>
<trkpt lat="50.105705" lon="8.720784"><ele>96.0</ele></trkpt>
<trkpt lat="50.105717" lon="8.720917"><ele>96.0</ele></trkpt>
<trkpt lat="50.105736" lon="8.720976"><ele>96.0</ele></trkpt>
<trkpt lat="50.105778" lon="8.720994"><ele>96.0</ele></trkpt>
<trkpt lat="50.106156" lon="8.720817"><ele>95.25</ele></trkpt>
<trkpt lat="50.106179" lon="8.720836"><ele>95.0</ele></trkpt>
<trkpt lat="50.106224" lon="8.720944"><ele>94.25</ele></trkpt>
<trkpt lat="50.106340" lon="8.721695"><ele>93.5</ele></trkpt>
<trkpt lat="50.106341" lon="8.721829"><ele>94.25</ele></trkpt>
<trkpt lat="50.106286" lon="8.722092"><ele>95.5</ele></trkpt>
<trkpt lat="50.106305" lon="8.722278"><ele>95.5</ele></trkpt>
<trkpt lat="50.106533" lon="8.723220"><ele>94.75</ele></trkpt>
<trkpt lat="50.106585" lon="8.723529"><ele>95.5</ele></trkpt>
<trkpt lat="50.106741" lon="8.724273"><ele>96.5</ele></trkpt>
<trkpt lat="50.107034" lon="8.725224"><ele>97.75</ele></trkpt>
<trkpt lat="50.107301" lon="8.726146"><ele>97.0</ele></trkpt>
<trkpt lat="50.107323" lon="8.726292"><ele>97.0</ele></trkpt>
<trkpt lat="50.107324" lon="8.726361"><ele>97.0</ele></trkpt>
<trkpt lat="50.107315" lon="8.726415"><ele>97.25</ele></trkpt>
<trkpt lat="50.107297" lon="8.726462"><ele>97.5</ele></trkpt>
<trkpt lat="50.107116" lon="8.726717"><ele>98.25</ele></trkpt>
<trkpt lat="50.107087" lon="8.726792"><ele>98.5</ele></trkpt>
<trkpt lat="50.107083" lon="8.726896"><ele>98.75</ele></trkpt>
<trkpt lat="50.107103" lon="8.727059"><ele>99.0</ele></trkpt>
<trkpt lat="50.107199" lon="8.727195"><ele>99.0</ele></trkpt>
<trkpt lat="50.107266" lon="8.727275"><ele>99.0</ele></trkpt>
<trkpt lat="50.107295" lon="8.727304"><ele>99.0</ele></trkpt>
<trkpt lat="50.107535" lon="8.727665"><ele>98.75</ele></trkpt>
<trkpt lat="50.107561" lon="8.727714"><ele>98.75</ele></trkpt>
<trkpt lat="50.107579" lon="8.727769"><ele>98.5</ele></trkpt>
<trkpt lat="50.107750" lon="8.729043"><ele>99.0</ele></trkpt>
<trkpt lat="50.107769" lon="8.729111"><ele>99.0</ele></trkpt>
<trkpt lat="50.107811" lon="8.729175"><ele>98.75</ele></trkpt>
<trkpt lat="50.108006" lon="8.729294"><ele>98.5</ele></trkpt>
<trkpt lat="50.108063" lon="8.729339"><ele>98.25</ele></trkpt>
<trkpt lat="50.108094" lon="8.729368"><ele>98.0</ele></trkpt>
<trkpt lat="50.108210" lon="8.729510"><ele>97.5</ele></trkpt>
<trkpt lat="50.108309" lon="8.729660"><ele>98.25</ele></trkpt>
<trkpt lat="50.108340" lon="8.729723"><ele>98.75</ele></trkpt>
<trkpt lat="50.108411" lon="8.729907"><ele>97.25</ele></trkpt>
<trkpt lat="50.108453" lon="8.730112"><ele>96.25</ele></trkpt>
<trkpt lat="50.108455" lon="8.730130"><ele>96.25</ele></trkpt>
<trkpt lat="50.108481" lon="8.730328"><ele>96.0</ele></trkpt>
<trkpt lat="50.108567" lon="8.730668"><ele>97.25</ele></trkpt>
<trkpt lat="50.108629" lon="8.730897"><ele>97.5</ele></trkpt>
<trkpt lat="50.108728" lon="8.731203"><ele>96.25</ele></trkpt>
<trkpt lat="50.108760" lon="8.731310"><ele>96.25</ele></trkpt>
<trkpt lat="50.108895" lon="8.731759"><ele>97.75</ele></trkpt>
<trkpt lat="50.109067" lon="8.732312"><ele>96.75</ele></trkpt>
<trkpt lat="50.109084" lon="8.732371"><ele>97.0</ele></trkpt>
<trkpt lat="50.109241" lon="8.732870"><ele>97.75</ele></trkpt>
<trkpt lat="50.109925" lon="8.734995"><ele>97.75</ele></trkpt>
<trkpt lat="50.110140" lon="8.735619"><ele>97.75</ele></trkpt>
<trkpt lat="50.110193" lon="8.735791"><ele>98.5</ele></trkpt>
<trkpt lat="50.110237" lon="8.735992"><ele>98.75</ele></trkpt>
<trkpt lat="50.110280" lon="8.736149"><ele>98.75</ele></trkpt>
<trkpt lat="50.110337" lon="8.736304"><ele>98.0</ele></trkpt>
<trkpt lat="50.110410" lon="8.736465"><ele>97.75</ele></trkpt>
<trkpt lat="50.110572" lon="8.736769"><ele>98.75</ele></trkpt>
<trkpt lat="50.111153" lon="8.738069"><ele>98.5</ele></trkpt>
<trkpt lat="50.111308" lon="8.738453"><ele>98.5</ele></trkpt>
<trkpt lat="50.111377" lon="8.738658"><ele>99.0</ele></trkpt>
<trkpt lat="50.111407" lon="8.738747"><ele>98.75</ele></trkpt>
<trkpt lat="50.111426" lon="8.738804"><ele>98.75</ele></trkpt>
<trkpt lat="50.111529" lon="8.739119"><ele>98.75</ele></trkpt>
<trkpt lat="50.111565" lon="8.739269"><ele>99.0</ele></trkpt>
<trkpt lat="50.111597" lon="8.739402"><ele>99.0</ele></trkpt>
<trkpt lat="50.111665" lon="8.739819"><ele>98.75</ele></trkpt>
<trkpt lat="50.111761" lon="8.740826"><ele>99.0</ele></trkpt>
<trkpt lat="50.111784" lon="8.741074"><ele>99.0</ele></trkpt>
<trkpt lat="50.111838" lon="8.741055"><ele>99.0</ele></trkpt>
<trkpt lat="50.111885" lon="8.741096"><ele>99.0</ele></trkpt>
<trkpt lat="50.111915" lon="8.741341"><ele>99.0</ele></trkpt>
<trkpt lat="50.111988" lon="8.741496"><ele>99.0</ele></trkpt>
<trkpt lat="50.112011" lon="8.741523"><ele>99.0</ele></trkpt>
<trkpt lat="50.112049" lon="8.741548"><ele>99.0</ele></trkpt>
<trkpt lat="50.112251" lon="8.743365"><ele>99.0</ele></trkpt>
<trkpt lat="50.112335" lon="8.744085"><ele>99.0</ele></trkpt>
<trkpt lat="50.112438" lon="8.745013"><ele>98.75</ele></trkpt>
<trkpt lat="50.112478" lon="8.745313"><ele>98.0</ele></trkpt>
<trkpt lat="50.112360" lon="8.745407"><ele>98.5</ele></trkpt>
<trkpt lat="50.112238" lon="8.745507"><ele>98.75</ele></trkpt>
<trkpt lat="50.112217" lon="8.745524"><ele>99.0</ele></trkpt>
<trkpt lat="50.112191" lon="8.745530"><ele>99.0</ele></trkpt>
<trkpt lat="50.112000" lon="8.745650"><ele>99.0</ele></trkpt>
<trkpt lat="50.111369" lon="8.746042"><ele>99.0</ele></trkpt>
<trkpt lat="50.111167" lon="8.746167"><ele>99.0</ele></trkpt>
<trkpt lat="50.110584" lon="8.746525"><ele>99.0</ele></trkpt>
<trkpt lat="50.110538" lon="8.746555"><ele>99.0</ele></trkpt>
<trkpt lat="50.110550" lon="8.746648"><ele>99.0</ele></trkpt>
<trkpt lat="50.110665" lon="8.747439"><ele>99.0</ele></trkpt>
<trkpt lat="50.110748" lon="8.748019"><ele>99.0</ele></trkpt>
<trkpt lat="50.110902" lon="8.749079"><ele>99.0</ele></trkpt>
<trkpt lat="50.110918" lon="8.749183"><ele>99.0</ele></trkpt>
<trkpt lat="50.110931" lon="8.749268"><ele>99.0</ele></trkpt>
<trkpt lat="50.111028" lon="8.749930"><ele>99.0</ele></trkpt>
<trkpt lat="50.111070" lon="8.750214"><ele>99.0</ele></trkpt>
<trkpt lat="50.111130" lon="8.750617"><ele>99.0</ele></trkpt>
<trkpt lat="50.111253" lon="8.751446"><ele>98.75</ele></trkpt>
<trkpt lat="50.111332" lon="8.751982"><ele>98.75</ele></trkpt>
<trkpt lat="50.111337" lon="8.752018"><ele>98.75</ele></trkpt>
<trkpt lat="50.111435" lon="8.752681"><ele>99.0</ele></trkpt>
<trkpt lat="50.111674" lon="8.752574"><ele>99.0</ele></trkpt>
<trkpt lat="50.111972" lon="8.752433"><ele>98.75</ele></trkpt>
<trkpt lat="50.111870" lon="8.753393"><ele>99.0</ele></trkpt>
<trkpt lat="50.111815" lon="8.753916"><ele>99.0</ele></trkpt>
<trkpt lat="50.111672" lon="8.755295"><ele>98.0</ele></trkpt>
<trkpt lat="50.111605" lon="8.755913"><ele>98.75</ele></trkpt>
<trkpt lat="50.111589" lon="8.755997"><ele>99.0</ele></trkpt>
<trkpt lat="50.111549" lon="8.756085"><ele>99.0</ele></trkpt>
<trkpt lat="50.111535" lon="8.756105"><ele>99.0</ele></trkpt>
<trkpt lat="50.111540" lon="8.756150"><ele>99.0</ele></trkpt>
<trkpt lat="50.111553" lon="8.756265"><ele>99.0</ele></trkpt>
<trkpt lat="50.111562" lon="8.756327"><ele>99.0</ele></trkpt>
<trkpt lat="50.111562" lon="8.756328"><ele>99.0</ele></trkpt>
<trkpt lat="50.111570" lon="8.756395"><ele>99.0</ele></trkpt>
<trkpt lat="50.111579" lon="8.756466"><ele>99.0</ele></trkpt>
<trkpt lat="50.111584" lon="8.756502"><ele>99.25</ele></trkpt>
<trkpt lat="50.111589" lon="8.756530"><ele>99.25</ele></trkpt>
<trkpt lat="50.111595" lon="8.756557"><ele>99.25</ele></trkpt>
<trkpt lat="50.111612" lon="8.756603"><ele>99.5</ele></trkpt>
<trkpt lat="50.111600" lon="8.756627"><ele>99.5</ele></trkpt>
<trkpt lat="50.111577" lon="8.756664"><ele>99.5</ele></trkpt>
<trkpt lat="50.111554" lon="8.756708"><ele>99.5</ele></trkpt>
<trkpt lat="50.111536" lon="8.756741"><ele>99.5</ele></trkpt>
<trkpt lat="50.111509" lon="8.756815"><ele>99.25</ele></trkpt>
<trkpt lat="50.111528" lon="8.756986"><ele>99.25</ele></trkpt>
<trkpt lat="50.111574" lon="8.757186"><ele>99.25</ele></trkpt>
<trkpt lat="50.111433" lon="8.757372"><ele>97.5</ele></trkpt>
<trkpt lat="50.111402" lon="8.757447"><ele>97.0</ele></trkpt>
<trkpt lat="50.111413" lon="8.758083"><ele>95.75</ele></trkpt>
<trkpt lat="50.111342" lon="8.758121"><ele>96.0</ele></trkpt>
<trkpt lat="50.111281" lon="8.758190"><ele>96.0</ele></trkpt>
<trkpt lat="50.111229" lon="8.758284"><ele>96.0</ele></trkpt>
<trkpt lat="50.111133" lon="8.758457"><ele>95.75</ele></trkpt>
<trkpt lat="50.111041" lon="8.758649"><ele>96.25</ele></trkpt>
<trkpt lat="50.110966" lon="8.758809"><ele>96.5</ele></trkpt>
<trkpt lat="50.110890" lon="8.759005"><ele>96.25</ele></trkpt>
<trkpt lat="50.110789" lon="8.759191"><ele>96.0</ele></trkpt>
<trkpt lat="50.110705" lon="8.759373"><ele>96.25</ele></trkpt>
<trkpt lat="50.110626" lon="8.759541"><ele>96.25</ele></trkpt>
<trkpt lat="50.110546" lon="8.759715"><ele>96.0</ele></trkpt>
<trkpt lat="50.110461" lon="8.759899"><ele>96.25</ele></trkpt>
<trkpt lat="50.110379" lon="8.760073"><ele>96.25</ele></trkpt>
<trkpt lat="50.110295" lon="8.760263"><ele>95.75</ele></trkpt>
<trkpt lat="50.110223" lon="8.760458"><ele>96.0</ele></trkpt>
<trkpt lat="50.110150" lon="8.760650"><ele>96.0</ele></trkpt>
<trkpt lat="50.110067" lon="8.760831"><ele>95.75</ele></trkpt>
<trkpt lat="50.109981" lon="8.761006"><ele>96.0</ele></trkpt>
<trkpt lat="50.109893" lon="8.761186"><ele>96.0</ele></trkpt>
<trkpt lat="50.109805" lon="8.761367"><ele>95.75</ele></trkpt>
<trkpt lat="50.109712" lon="8.761557"><ele>96.0</ele></trkpt>
<trkpt lat="50.109618" lon="8.761749"><ele>96.0</ele></trkpt>
<trkpt lat="50.109529" lon="8.761930"><ele>95.5</ele></trkpt>
<trkpt lat="50.109438" lon="8.762113"><ele>96.0</ele></trkpt>
<trkpt lat="50.109416" lon="8.762173"><ele>96.0</ele></trkpt>
<trkpt lat="50.109233" lon="8.762345"><ele>96.25</ele></trkpt>
<trkpt lat="50.108903" lon="8.763265"><ele>96.0</ele></trkpt>
<trkpt lat="50.108834" lon="8.763480"><ele>96.25</ele></trkpt>
<trkpt lat="50.108763" lon="8.763752"><ele>96.5</ele></trkpt>
<trkpt lat="50.108613" lon="8.764266"><ele>95.5</ele></trkpt>
<trkpt lat="50.108431" lon="8.764742"><ele>96.75</ele></trkpt>
<trkpt lat="50.108360" lon="8.764953"><ele>96.0</ele></trkpt>
<trkpt lat="50.108196" lon="8.765501"><ele>96.5</ele></trkpt>
<trkpt lat="50.108030" lon="8.766317"><ele>96.25</ele></trkpt>
<trkpt lat="50.107745" lon="8.767809"><ele>96.0</ele></trkpt>
<trkpt lat="50.107530" lon="8.768935"><ele>95.75</ele></trkpt>
<trkpt lat="50.107500" lon="8.769136"><ele>96.0</ele></trkpt>
<trkpt lat="50.107453" lon="8.769459"><ele>96.5</ele></trkpt>
<trkpt lat="50.107382" lon="8.770021"><ele>97.0</ele></trkpt>
<trkpt lat="50.107343" lon="8.770223"><ele>97.0</ele></trkpt>
<trkpt lat="50.107291" lon="8.771232"><ele>97.75</ele></trkpt>
<trkpt lat="50.107279" lon="8.771575"><ele>98.25</ele></trkpt>
<trkpt lat="50.107266" lon="8.771750"><ele>98.25</ele></trkpt>
<trkpt lat="50.107266" lon="8.771926"><ele>97.5</ele></trkpt>
<trkpt lat="50.107283" lon="8.772148"><ele>98.0</ele></trkpt>
<trkpt lat="50.107415" lon="8.773042"><ele>97.5</ele></trkpt>
<trkpt lat="50.107451" lon="8.773287"><ele>97.25</ele></trkpt>
<trkpt lat="50.107488" lon="8.773479"><ele>97.0</ele></trkpt>
<trkpt lat="50.107529" lon="8.773682"><ele>97.25</ele></trkpt>
<trkpt lat="50.107611" lon="8.774034"><ele>97.75</ele></trkpt>
<trkpt lat="50.107813" lon="8.774907"><ele>98.0</ele></trkpt>
<trkpt lat="50.108033" lon="8.775428"><ele>96.75</ele></trkpt>
<trkpt lat="50.108298" lon="8.776069"><ele>97.0</ele></trkpt>
<trkpt lat="50.108369" lon="8.776188"><ele>97.0</ele></trkpt>
<trkpt lat="50.108441" lon="8.776247"><ele>96.75</ele></trkpt>
<trkpt lat="50.108476" lon="8.776302"><ele>96.75</ele></trkpt>
<trkpt lat="50.108598" lon="8.776558"><ele>96.5</ele></trkpt>
<trkpt lat="50.108757" lon="8.776871"><ele>96.5</ele></trkpt>
<trkpt lat="50.108876" lon="8.777135"><ele>96.75</ele></trkpt>
<trkpt lat="50.109303" lon="8.777913"><ele>96.75</ele></trkpt>
<trkpt lat="50.110148" lon="8.779708"><ele>97.25</ele></trkpt>
<trkpt lat="50.110279" lon="8.779976"><ele>95.75</ele></trkpt>
<trkpt lat="50.110371" lon="8.780202"><ele>97.0</ele></trkpt>
<trkpt lat="50.110447" lon="8.780459"><ele>96.5</ele></trkpt>
<trkpt lat="50.110483" lon="8.780551"><ele>96.5</ele></trkpt>
<trkpt lat="50.110528" lon="8.780629"><ele>96.5</ele></trkpt>
<trkpt lat="50.110625" lon="8.780747"><ele>97.0</ele></trkpt>
<trkpt lat="50.112315" lon="8.781872"><ele>97.25</ele></trkpt>
<trkpt lat="50.112504" lon="8.782019"><ele>97.5</ele></trkpt>
<trkpt lat="50.112565" lon="8.782075"><ele>97.75</ele></trkpt>
<trkpt lat="50.112604" lon="8.782095"><ele>98.0</ele></trkpt>
<trkpt lat="50.112638" lon="8.782100"><ele>98.0</ele></trkpt>
<trkpt lat="50.112566" lon="8.782392"><ele>98.75</ele></trkpt>
<trkpt lat="50.112706" lon="8.782476"><ele>98.25</ele></trkpt>
<trkpt lat="50.112879" lon="8.782573"><ele>98.25</ele></trkpt>
<trkpt lat="50.112770" lon="8.783151"><ele>99.0</ele></trkpt>
<trkpt lat="50.112758" lon="8.783208"><ele>99.0</ele></trkpt>
<trkpt lat="50.112542" lon="8.784113"><ele>98.75</ele></trkpt>
<trkpt lat="50.113317" lon="8.784435"><ele>99.0</ele></trkpt>
<trkpt lat="50.113335" lon="8.784592"><ele>99.0</ele></trkpt>
<trkpt lat="50.113331" lon="8.784630"><ele>99.0</ele></trkpt>
<trkpt lat="50.113309" lon="8.784701"><ele>99.0</ele></trkpt>
<trkpt lat="50.113272" lon="8.784757"><ele>99.0</ele></trkpt>
<trkpt lat="50.113222" lon="8.784821"><ele>99.0</ele></trkpt>
<trkpt lat="50.112993" lon="8.785061"><ele>99.0</ele></trkpt>
<trkpt lat="50.113059" lon="8.785204"><ele>99.0</ele></trkpt>
<trkpt lat="50.113156" lon="8.785360"><ele>99.0</ele></trkpt>
<trkpt lat="50.113290" lon="8.785532"><ele>99.0</ele></trkpt>
<trkpt lat="50.113416" lon="8.785653"><ele>99.25</ele></trkpt>
<trkpt lat="50.113877" lon="8.786086"><ele>99.0</ele></trkpt>
<trkpt lat="50.113989" lon="8.786192"><ele>99.0</ele></trkpt>
<trkpt lat="50.114557" lon="8.786722"><ele>99.25</ele></trkpt>
<trkpt lat="50.115206" lon="8.787334"><ele>100.0</ele></trkpt>
<trkpt lat="50.115572" lon="8.787690"><ele>99.75</ele></trkpt>
<trkpt lat="50.115616" lon="8.787719"><ele>99.75</ele></trkpt>
<trkpt lat="50.115284" lon="8.788581"><ele>100.0</ele></trkpt>
<trkpt lat="50.115261" lon="8.788618"><ele>99.75</ele></trkpt>
<trkpt lat="50.115232" lon="8.788645"><ele>99.75</ele></trkpt>
<trkpt lat="50.115243" lon="8.788766"><ele>99.75</ele></trkpt>
<trkpt lat="50.115237" lon="8.788802"><ele>99.75</ele></trkpt>
<trkpt lat="50.115128" lon="8.789088"><ele>100.0</ele></trkpt>
<trkpt lat="50.114925" lon="8.789619"><ele>99.0</ele></trkpt>
<trkpt lat="50.114891" lon="8.789707"><ele>99.0</ele></trkpt>
<trkpt lat="50.114856" lon="8.789798"><ele>99.0</ele></trkpt>
<trkpt lat="50.114529" lon="8.790617"><ele>99.0</ele></trkpt>
<trkpt lat="50.112969" lon="8.794613"><ele>99.0</ele></trkpt>
<trkpt lat="50.113560" lon="8.796167"><ele>99.0</ele></trkpt>
<trkpt lat="50.114160" lon="8.797735"><ele>99.75</ele></trkpt>
<trkpt lat="50.114418" lon="8.798418"><ele>99.0</ele></trkpt>
<trkpt lat="50.114707" lon="8.799186"><ele>99.0</ele></trkpt>
<trkpt lat="50.115550" lon="8.801422"><ele>99.75</ele></trkpt>
<trkpt lat="50.114918" lon="8.802328"><ele>98.0</ele></trkpt>
<trkpt lat="50.115723" lon="8.803291"><ele>98.0</ele></trkpt>
<trkpt lat="50.116264" lon="8.803673"><ele>98.0</ele></trkpt>
<trkpt lat="50.116952" lon="8.804159"><ele>98.0</ele></trkpt>
<trkpt lat="50.118164" lon="8.804858"><ele>98.25</ele></trkpt>
<trkpt lat="50.118486" lon="8.804998"><ele>98.25</ele></trkpt>
<trkpt lat="50.118773" lon="8.805106"><ele>98.5</ele></trkpt>
<trkpt lat="50.119155" lon="8.805183"><ele>99.0</ele></trkpt>
<trkpt lat="50.119300" lon="8.805171"><ele>98.5</ele></trkpt>
<trkpt lat="50.119409" lon="8.805747"><ele>98.75</ele></trkpt>
<trkpt lat="50.119544" lon="8.806449"><ele>98.25</ele></trkpt>
<trkpt lat="50.119585" lon="8.806783"><ele>98.75</ele></trkpt>
<trkpt lat="50.119609" lon="8.806987"><ele>99.25</ele></trkpt>
<trkpt lat="50.119696" lon="8.807945"><ele>101.5</ele></trkpt>
<trkpt lat="50.119703" lon="8.808054"><ele>101.75</ele></trkpt>
<trkpt lat="50.119698" lon="8.808273"><ele>102.75</ele></trkpt>
<trkpt lat="50.119706" lon="8.808409"><ele>103.25</ele></trkpt>
<trkpt lat="50.119760" lon="8.808842"><ele>104.0</ele></trkpt>
<trkpt lat="50.119885" lon="8.809583"><ele>104.25</ele></trkpt>
<trkpt lat="50.119921" lon="8.809972"><ele>104.25</ele></trkpt>
<trkpt lat="50.120041" lon="8.811422"><ele>105.0</ele></trkpt>
<trkpt lat="50.120045" lon="8.811470"><ele>105.0</ele></trkpt>
<trkpt lat="50.120119" lon="8.812350"><ele>105.0</ele></trkpt>
<trkpt lat="50.120174" lon="8.813011"><ele>105.0</ele></trkpt>
<trkpt lat="50.120177" lon="8.813053"><ele>105.0</ele></trkpt>
<trkpt lat="50.120226" lon="8.813615"><ele>105.0</ele></trkpt>
<trkpt lat="50.120240" lon="8.813778"><ele>105.0</ele></trkpt>
<trkpt lat="50.120250" lon="8.813905"><ele>105.0</ele></trkpt>
<trkpt lat="50.120301" lon="8.814525"><ele>106.0</ele></trkpt>
<trkpt lat="50.120389" lon="8.815583"><ele>106.0</ele></trkpt>
<trkpt lat="50.120517" lon="8.817093"><ele>105.0</ele></trkpt>
<trkpt lat="50.120605" lon="8.818118"><ele>104.75</ele></trkpt>
<trkpt lat="50.120616" lon="8.818233"><ele>104.75</ele></trkpt>
<trkpt lat="50.120666" lon="8.818879"><ele>104.0</ele></trkpt>
<trkpt lat="50.120715" lon="8.819495"><ele>104.0</ele></trkpt>
<trkpt lat="50.120753" lon="8.819563"><ele>104.0</ele></trkpt>
<trkpt lat="50.120793" lon="8.819731"><ele>104.0</ele></trkpt>
<trkpt lat="50.120836" lon="8.819813"><ele>104.0</ele></trkpt>
<trkpt lat="50.121263" lon="8.820824"><ele>104.0</ele></trkpt>
<trkpt lat="50.121789" lon="8.822124"><ele>104.0</ele></trkpt>
<trkpt lat="50.122030" lon="8.822719"><ele>104.0</ele></trkpt>
<trkpt lat="50.122173" lon="8.823122"><ele>104.0</ele></trkpt>
<trkpt lat="50.122266" lon="8.823470"><ele>103.5</ele></trkpt>
<trkpt lat="50.122408" lon="8.823999"><ele>102.5</ele></trkpt>
<trkpt lat="50.122557" lon="8.824560"><ele>103.0</ele></trkpt>
<trkpt lat="50.122497" lon="8.824795"><ele>103.0</ele></trkpt>
<trkpt lat="50.122537" lon="8.824957"><ele>102.75</ele></trkpt>
<trkpt lat="50.122402" lon="8.824983"><ele>103.0</ele></trkpt>
<trkpt lat="50.122212" lon="8.825072"><ele>103.0</ele></trkpt>
<trkpt lat="50.121924" lon="8.825033"><ele>104.0</ele></trkpt>
<trkpt lat="50.121899" lon="8.825028"><ele>104.0</ele></trkpt>
<trkpt lat="50.122457" lon="8.827062"><ele>102.0</ele></trkpt>
<trkpt lat="50.122623" lon="8.827681"><ele>102.0</ele></trkpt>
<trkpt lat="50.123191" lon="8.829770"><ele>101.0</ele></trkpt>
<trkpt lat="50.123211" lon="8.829861"><ele>101.0</ele></trkpt>
<trkpt lat="50.123240" lon="8.830002"><ele>101.0</ele></trkpt>
<trkpt lat="50.123582" lon="8.831631"><ele>101.0</ele></trkpt>
<trkpt lat="50.122475" lon="8.832213"><ele>101.0</ele></trkpt>
<trkpt lat="50.122399" lon="8.832302"><ele>101.25</ele></trkpt>
<trkpt lat="50.122363" lon="8.832361"><ele>101.25</ele></trkpt>
<trkpt lat="50.122285" lon="8.832549"><ele>101.75</ele></trkpt>
<trkpt lat="50.122256" lon="8.832639"><ele>101.75</ele></trkpt>
<trkpt lat="50.122208" lon="8.832865"><ele>101.5</ele></trkpt>
<trkpt lat="50.122239" lon="8.833139"><ele>101.25</ele></trkpt>
<trkpt lat="50.122343" lon="8.834072"><ele>102.0</ele></trkpt>
<trkpt lat="50.122465" lon="8.835125"><ele>102.0</ele></trkpt>
<trkpt lat="50.121519" lon="8.835391"><ele>103.0</ele></trkpt>
<trkpt lat="50.121669" lon="8.836657"><ele>104.0</ele></trkpt>
<trkpt lat="50.121745" lon="8.837315"><ele>104.0</ele></trkpt>
<trkpt lat="50.121561" lon="8.837737"><ele>104.25</ele></trkpt>
<trkpt lat="50.121376" lon="8.838161"><ele>105.0</ele></trkpt>
<trkpt lat="50.121639" lon="8.838438"><ele>104.0</ele></trkpt>
<trkpt lat="50.121912" lon="8.838721"><ele>104.0</ele></trkpt>
<trkpt lat="50.121981" lon="8.839299"><ele>104.0</ele></trkpt>
<trkpt lat="50.122124" lon="8.840478"><ele>104.0</ele></trkpt>
<trkpt lat="50.122260" lon="8.841642"><ele>104.0</ele></trkpt>
<trkpt lat="50.122389" lon="8.842744"><ele>105.0</ele></trkpt>
<trkpt lat="50.122399" lon="8.842828"><ele>105.0</ele></trkpt>
<trkpt lat="50.122416" lon="8.842973"><ele>105.0</ele></trkpt>
<trkpt lat="50.122593" lon="8.844504"><ele>104.0</ele></trkpt>
<trkpt lat="50.123119" lon="8.844666"><ele>103.75</ele></trkpt>
<trkpt lat="50.123009" lon="8.845237"><ele>104.0</ele></trkpt>
<trkpt lat="50.122878" lon="8.845894"><ele>104.0</ele></trkpt>
<trkpt lat="50.122776" lon="8.846456"><ele>105.0</ele></trkpt>
<trkpt lat="50.122728" lon="8.846771"><ele>105.0</ele></trkpt>
<trkpt lat="50.122686" lon="8.847109"><ele>105.0</ele></trkpt>
<trkpt lat="50.122634" lon="8.847792"><ele>105.0</ele></trkpt>
<trkpt lat="50.122610" lon="8.848349"><ele>105.0</ele></trkpt>
<trkpt lat="50.122609" lon="8.848773"><ele>105.0</ele></trkpt>
<trkpt lat="50.122622" lon="8.849276"><ele>104.5</ele></trkpt>
<trkpt lat="50.122632" lon="8.849547"><ele>104.75</ele></trkpt>
<trkpt lat="50.122650" lon="8.849763"><ele>104.5</ele></trkpt>
<trkpt lat="50.122676" lon="8.849984"><ele>104.75</ele></trkpt>
<trkpt lat="50.122706" lon="8.850257"><ele>104.75</ele></trkpt>
<trkpt lat="50.122731" lon="8.850547"><ele>105.0</ele></trkpt>
<trkpt lat="50.122755" lon="8.850895"><ele>105.0</ele></trkpt>
<trkpt lat="50.122762" lon="8.851114"><ele>105.0</ele></trkpt>
<trkpt lat="50.122755" lon="8.851670"><ele>105.0</ele></trkpt>
<trkpt lat="50.122750" lon="8.851884"><ele>105.0</ele></trkpt>
<trkpt lat="50.122733" lon="8.852921"><ele>105.0</ele></trkpt>
<trkpt lat="50.122684" lon="8.855285"><ele>106.0</ele></trkpt>
<trkpt lat="50.122665" lon="8.856563"><ele>106.0</ele></trkpt>
<trkpt lat="50.122392" lon="8.856552"><ele>106.0</ele></trkpt>
<trkpt lat="50.122379" lon="8.857521"><ele>105.25</ele></trkpt>
<trkpt lat="50.122014" lon="8.857526"><ele>106.0</ele></trkpt>
<trkpt lat="50.121688" lon="8.857468"><ele>106.0</ele></trkpt>
<trkpt lat="50.121541" lon="8.857491"><ele>106.0</ele></trkpt>
<trkpt lat="50.121469" lon="8.858293"><ele>106.0</ele></trkpt>
<trkpt lat="50.121417" lon="8.858815"><ele>106.0</ele></trkpt>
<trkpt lat="50.121366" lon="8.859318"><ele>106.0</ele></trkpt>
<trkpt lat="50.121966" lon="8.859599"><ele>106.0</ele></trkpt>
<trkpt lat="50.121315" lon="8.860933"><ele>105.5</ele></trkpt>
<trkpt lat="50.121121" lon="8.861322"><ele>105.75</ele></trkpt>
<trkpt lat="50.121103" lon="8.861368"><ele>106.0</ele></trkpt>
<trkpt lat="50.121093" lon="8.861415"><ele>105.75</ele></trkpt>
<trkpt lat="50.120944" lon="8.861232"><ele>106.0</ele></trkpt>
<trkpt lat="50.120948" lon="8.861284"><ele>106.0</ele></trkpt>
<trkpt lat="50.120979" lon="8.861792"><ele>105.25</ele></trkpt>
<trkpt lat="50.120970" lon="8.861855"><ele>105.5</ele></trkpt>
<trkpt lat="50.120649" lon="8.861929"></trkpt>
<trkpt lat="50.120530" lon="8.861958"><ele>105.0</ele></trkpt>
<trkpt lat="50.120258" lon="8.862351"><ele>105.75</ele></trkpt>
<trkpt lat="50.120221" lon="8.862405"><ele>105.75</ele></trkpt>
<trkpt lat="50.120263" lon="8.862479"><ele>105.75</ele></trkpt>
<trkpt lat="50.119327" lon="8.863930"><ele>105.5</ele></trkpt>
<trkpt lat="50.119258" lon="8.864027"><ele>105.25</ele></trkpt>
<trkpt lat="50.119111" lon="8.864206"><ele>105.0</ele></trkpt>
<trkpt lat="50.118494" lon="8.864869"><ele>106.0</ele></trkpt>
<trkpt lat="50.118444" lon="8.864919"><ele>106.0</ele></trkpt>
<trkpt lat="50.118018" lon="8.865371"><ele>106.25</ele></trkpt>
<trkpt lat="50.117911" lon="8.865480"><ele>106.5</ele></trkpt>
<trkpt lat="50.117870" lon="8.865383"><ele>106.25</ele></trkpt>
<trkpt lat="50.117823" lon="8.865357"><ele>106.25</ele></trkpt>
<trkpt lat="50.117767" lon="8.865392"><ele>106.25</ele></trkpt>
<trkpt lat="50.116692" lon="8.866283"><ele>107.25</ele></trkpt>
<trkpt lat="50.116317" lon="8.866574"><ele>108.25</ele></trkpt>
<trkpt lat="50.116268" lon="8.866622"><ele>108.25</ele></trkpt>
<trkpt lat="50.116186" lon="8.866741"><ele>108.75</ele></trkpt>
<trkpt lat="50.116101" lon="8.866915"><ele>108.75</ele></trkpt>
<trkpt lat="50.115844" lon="8.867582"><ele>110.5</ele></trkpt>
<trkpt lat="50.115630" lon="8.868238"><ele>109.25</ele></trkpt>
<trkpt lat="50.115337" lon="8.869096"><ele>108.25</ele></trkpt>
<trkpt lat="50.115255" lon="8.868971"><ele>108.75</ele></trkpt>
<trkpt lat="50.115082" lon="8.868852"><ele>109.0</ele></trkpt>
<trkpt lat="50.114900" lon="8.868839"><ele>109.5</ele></trkpt>
<trkpt lat="50.114755" lon="8.868884"><ele>110.5</ele></trkpt>
<trkpt lat="50.114694" lon="8.868969"><ele>112.0</ele></trkpt>
<trkpt lat="50.114479" lon="8.869179"><ele>114.25</ele></trkpt>
<trkpt lat="50.114352" lon="8.869232"><ele>114.75</ele></trkpt>
<trkpt lat="50.114227" lon="8.869374"><ele>115.75</ele></trkpt>
<trkpt lat="50.114115" lon="8.869298"><ele>115.25</ele></trkpt>
<trkpt lat="50.113916" lon="8.869349"><ele>115.5</ele></trkpt>
<trkpt lat="50.113853" lon="8.869379"><ele>115.5</ele></trkpt>
<trkpt lat="50.113758" lon="8.869448"><ele>115.5</ele></trkpt>
<trkpt lat="50.113631" lon="8.869600"><ele>115.0</ele></trkpt>
<trkpt lat="50.113382" lon="8.870024"><ele>115.0</ele></trkpt>
<trkpt lat="50.113054" lon="8.870675"><ele>116.0</ele></trkpt>
<trkpt lat="50.112918" lon="8.870965"><ele>116.0</ele></trkpt>
<trkpt lat="50.112198" lon="8.872093"><ele>117.0</ele></trkpt>
<trkpt lat="50.112103" lon="8.872308"><ele>117.25</ele></trkpt>
<trkpt lat="50.112009" lon="8.872482"><ele>117.75</ele></trkpt>
<trkpt lat="50.111961" lon="8.872595"><ele>117.75</ele></trkpt>
<trkpt lat="50.111915" lon="8.872658"><ele>118.0</ele></trkpt>
<trkpt lat="50.111554" lon="8.872963"><ele>118.5</ele></trkpt>
<trkpt lat="50.111151" lon="8.873329"><ele>119.0</ele></trkpt>
<trkpt lat="50.110898" lon="8.873503"><ele>119.5</ele></trkpt>
<trkpt lat="50.110622" lon="8.873632"><ele>120.0</ele></trkpt>
<trkpt lat="50.110403" lon="8.873746"><ele>120.25</ele></trkpt>
<trkpt lat="50.110107" lon="8.873955"><ele>121.25</ele></trkpt>
<trkpt lat="50.109693" lon="8.874256"><ele>121.0</ele></trkpt>
<trkpt lat="50.109556" lon="8.874361"><ele>121.0</ele></trkpt>
<trkpt lat="50.109331" lon="8.874595"><ele>121.0</ele></trkpt>
<trkpt lat="50.109017" lon="8.874880"><ele>121.25</ele></trkpt>
<trkpt lat="50.108497" lon="8.875352"><ele>122.25</ele></trkpt>
<trkpt lat="50.107793" lon="8.875943"><ele>126.75</ele></trkpt>
<trkpt lat="50.107603" lon="8.876138"><ele>127.0</ele></trkpt>
<trkpt lat="50.107304" lon="8.876421"><ele>128.0</ele></trkpt>
<trkpt lat="50.107155" lon="8.876616"><ele>128.0</ele></trkpt>
<trkpt lat="50.107136" lon="8.876639"><ele>128.0</ele></trkpt>
<trkpt lat="50.106824" lon="8.876809"><ele>128.0</ele></trkpt>
<trkpt lat="50.106486" lon="8.876979"><ele>127.25</ele></trkpt>
<trkpt lat="50.106138" lon="8.877173"><ele>126.0</ele></trkpt>
<trkpt lat="50.105249" lon="8.877640"><ele>126.0</ele></trkpt>
<trkpt lat="50.105229" lon="8.877640"><ele>126.0</ele></trkpt>
<trkpt lat="50.105104" lon="8.877639"><ele>126.25</ele></trkpt>
<trkpt lat="50.104715" lon="8.877497"><ele>127.0</ele></trkpt>
<trkpt lat="50.104327" lon="8.877444"><ele>126.5</ele></trkpt>
<trkpt lat="50.103682" lon="8.877399"><ele>125.75</ele></trkpt>
<trkpt lat="50.103333" lon="8.877495"><ele>125.75</ele></trkpt>
<trkpt lat="50.102743" lon="8.877657"><ele>126.75</ele></trkpt>
<trkpt lat="50.102030" lon="8.877822"><ele>125.25</ele></trkpt>
<trkpt lat="50.101340" lon="8.878035"><ele>121.75</ele></trkpt>
<trkpt lat="50.101111" lon="8.878018"><ele>121.0</ele></trkpt>
<trkpt lat="50.100449" lon="8.877618"><ele>121.0</ele></trkpt>
<trkpt lat="50.100132" lon="8.876277"><ele>120.5</ele></trkpt>
<trkpt lat="50.100046" lon="8.875461"><ele>119.5</ele></trkpt>
<trkpt lat="50.099979" lon="8.874803"><ele>119.0</ele></trkpt>
<trkpt lat="50.099914" lon="8.874846"><ele>119.0</ele></trkpt>
<trkpt lat="50.099781" lon="8.874940"><ele>119.0</ele></trkpt>
<trkpt lat="50.099328" lon="8.874966"><ele>118.5</ele></trkpt>
<trkpt lat="50.098760" lon="8.874965"><ele>117.5</ele></trkpt>
<trkpt lat="50.098109" lon="8.875063"><ele>116.75</ele></trkpt>
<trkpt lat="50.097294" lon="8.875198"><ele>115.0</ele></trkpt>
<trkpt lat="50.096664" lon="8.874938"><ele>114.0</ele></trkpt>
<trkpt lat="50.096441" lon="8.874826"><ele>114.0</ele></trkpt>
<trkpt lat="50.095919" lon="8.874483"><ele>114.0</ele></trkpt>
<trkpt lat="50.095012" lon="8.873964"><ele>113.0</ele></trkpt>
<trkpt lat="50.094181" lon="8.873517"><ele>112.0</ele></trkpt>
<trkpt lat="50.093561" lon="8.873279"><ele>113.0</ele></trkpt>
<trkpt lat="50.092766" lon="8.873027"><ele>115.0</ele></trkpt>
<trkpt lat="50.092672" lon="8.872933"><ele>115.0</ele></trkpt>
<trkpt lat="50.092531" lon="8.872289"><ele>115.0</ele></trkpt>
<trkpt lat="50.092310" lon="8.872333"><ele>115.25</ele></trkpt>
<trkpt lat="50.092239" lon="8.872347"><ele>115.25</ele></trkpt>
<trkpt lat="50.091096" lon="8.872191"><ele>115.0</ele></trkpt>
<trkpt lat="50.090355" lon="8.872071"><ele>114.0</ele></trkpt>
<trkpt lat="50.089880" lon="8.871972"><ele>114.0</ele></trkpt>
<trkpt lat="50.089390" lon="8.871830"><ele>113.5</ele></trkpt>
<trkpt lat="50.088716" lon="8.871654"><ele>114.0</ele></trkpt>
<trkpt lat="50.088500" lon="8.871689"><ele>113.75</ele></trkpt>
<trkpt lat="50.088382" lon="8.871664"><ele>114.0</ele></trkpt>
<trkpt lat="50.088258" lon="8.871681"><ele>113.75</ele></trkpt>
<trkpt lat="50.088153" lon="8.871729"><ele>113.75</ele></trkpt>
<trkpt lat="50.088026" lon="8.871729"><ele>113.5</ele></trkpt>
<trkpt lat="50.087805" lon="8.871765"><ele>113.0</ele></trkpt>
<trkpt lat="50.087565" lon="8.871718"><ele>112.75</ele></trkpt>
<trkpt lat="50.087336" lon="8.871597"><ele>112.5</ele></trkpt>
<trkpt lat="50.087218" lon="8.871485"><ele>112.5</ele></trkpt>
<trkpt lat="50.087116" lon="8.871357"><ele>112.5</ele></trkpt>
<trkpt lat="50.087036" lon="8.871305"><ele>112.25</ele></trkpt>
<trkpt lat="50.086930" lon="8.871157"><ele>111.75</ele></trkpt>
<trkpt lat="50.086861" lon="8.871030"><ele>111.75</ele></trkpt>
<trkpt lat="50.086676" lon="8.871051"><ele>111.0</ele></trkpt>
<trkpt lat="50.086408" lon="8.871040"><ele>110.0</ele></trkpt>
<trkpt lat="50.086135" lon="8.871038"><ele>110.0</ele></trkpt>
<trkpt lat="50.086031" lon="8.871057"><ele>110.25</ele></trkpt>
<trkpt lat="50.085854" lon="8.870301"><ele>110.0</ele></trkpt>
<trkpt lat="50.085794" lon="8.870076"><ele>110.0</ele></trkpt>
<trkpt lat="50.085702" lon="8.869804"><ele>110.0</ele></trkpt>
<trkpt lat="50.085463" lon="8.869370"><ele>110.0</ele></trkpt>
<trkpt lat="50.084985" lon="8.868481"><ele>109.75</ele></trkpt>
<trkpt lat="50.084902" lon="8.868308"><ele>109.5</ele></trkpt>
<trkpt lat="50.084464" lon="8.868950"><ele>110.0</ele></trkpt>
<trkpt lat="50.084254" lon="8.869236"><ele>110.0</ele></trkpt>
<trkpt lat="50.084021" lon="8.869518"><ele>110.0</ele></trkpt>
<trkpt lat="50.083984" lon="8.869536"><ele>110.0</ele></trkpt>
<trkpt lat="50.083882" lon="8.869166"><ele>110.0</ele></trkpt>
<trkpt lat="50.083829" lon="8.868978"><ele>110.0</ele></trkpt>
<trkpt lat="50.083802" lon="8.868878"><ele>110.0</ele></trkpt>
<trkpt lat="50.083619" lon="8.868243"><ele>109.0</ele></trkpt>
<trkpt lat="50.083457" lon="8.867745"><ele>110.0</ele></trkpt>
<trkpt lat="50.083150" lon="8.866986"><ele>110.75</ele></trkpt>
<trkpt lat="50.083077" lon="8.866990"><ele>110.75</ele></trkpt>
<trkpt lat="50.083038" lon="8.867006"><ele>111.0</ele></trkpt>
<trkpt lat="50.082346" lon="8.867339"><ele>111.0</ele></trkpt>
<trkpt lat="50.082053" lon="8.867491"><ele>111.0</ele></trkpt>
<trkpt lat="50.081438" lon="8.867811"><ele>111.0</ele></trkpt>
<trkpt lat="50.081386" lon="8.867838"><ele>111.0</ele></trkpt>
<trkpt lat="50.081292" lon="8.867884"><ele>111.0</ele></trkpt>
<trkpt lat="50.081251" lon="8.867895"><ele>111.0</ele></trkpt>
<trkpt lat="50.080929" lon="8.867947"><ele>111.0</ele></trkpt>
<trkpt lat="50.080884" lon="8.867945"><ele>111.0</ele></trkpt>
<trkpt lat="50.080653" lon="8.867846"><ele>111.0</ele></trkpt>
<trkpt lat="50.080586" lon="8.867826"><ele>111.0</ele></trkpt>
<trkpt lat="50.080497" lon="8.867786"><ele>111.0</ele></trkpt>
<trkpt lat="50.080339" lon="8.867738"><ele>111.0</ele></trkpt>
<trkpt lat="50.080238" lon="8.867717"><ele>111.0</ele></trkpt>
<trkpt lat="50.079935" lon="8.867703"><ele>111.75</ele></trkpt>
<trkpt lat="50.079812" lon="8.867711"><ele>111.25</ele></trkpt>
<trkpt lat="50.079758" lon="8.867724"><ele>111.25</ele></trkpt>
<trkpt lat="50.079650" lon="8.867795"><ele>111.0</ele></trkpt>
<trkpt lat="50.079534" lon="8.867906"><ele>111.0</ele></trkpt>
<trkpt lat="50.079381" lon="8.868090"><ele>111.0</ele></trkpt>
<trkpt lat="50.079330" lon="8.868130"><ele>111.0</ele></trkpt>
<trkpt lat="50.079289" lon="8.868146"><ele>111.0</ele></trkpt>
<trkpt lat="50.077836" lon="8.868211"><ele>111.0</ele></trkpt>
<trkpt lat="50.077558" lon="8.868164"><ele>111.0</ele></trkpt>
<trkpt lat="50.077459" lon="8.868155"><ele>111.0</ele></trkpt>
<trkpt lat="50.076278" lon="8.868147"><ele>112.0</ele></trkpt>
<trkpt lat="50.076078" lon="8.868146"><ele>112.0</ele></trkpt>
<trkpt lat="50.075979" lon="8.868131"><ele>112.0</ele></trkpt>
<trkpt lat="50.075792" lon="8.868039"><ele>112.0</ele></trkpt>
<trkpt lat="50.075712" lon="8.867983"><ele>112.0</ele></trkpt>
<trkpt lat="50.075584" lon="8.867852"><ele>112.0</ele></trkpt>
<trkpt lat="50.075375" lon="8.867539"><ele>112.25</ele></trkpt>
<trkpt lat="50.075192" lon="8.867262"><ele>112.0</ele></trkpt>
<trkpt lat="50.075064" lon="8.867080"><ele>112.5</ele></trkpt>
<trkpt lat="50.074962" lon="8.866948"><ele>112.75</ele></trkpt>
<trkpt lat="50.074799" lon="8.866740"><ele>113.0</ele></trkpt>
<trkpt lat="50.074731" lon="8.866658"><ele>113.0</ele></trkpt>
<trkpt lat="50.074554" lon="8.866448"><ele>113.0</ele></trkpt>
<trkpt lat="50.074375" lon="8.866243"><ele>113.0</ele></trkpt>
<trkpt lat="50.074273" lon="8.866115"><ele>113.0</ele></trkpt>
<trkpt lat="50.074103" lon="8.865858"><ele>113.0</ele></trkpt>
<trkpt lat="50.073990" lon="8.866063"><ele>113.0</ele></trkpt>
<trkpt lat="50.073960" lon="8.866131"><ele>113.0</ele></trkpt>
<trkpt lat="50.073906" lon="8.866109"><ele>113.0</ele></trkpt>
<trkpt lat="50.073772" lon="8.866082"><ele>113.25</ele></trkpt>
<trkpt lat="50.073437" lon="8.866050"><ele>114.0</ele></trkpt>
<trkpt lat="50.073222" lon="8.866070"><ele>114.0</ele></trkpt>
<trkpt lat="50.072727" lon="8.866169"><ele>113.0</ele></trkpt>
<trkpt lat="50.072638" lon="8.866176"><ele>113.0</ele></trkpt>
<trkpt lat="50.072570" lon="8.866152"><ele>113.0</ele></trkpt>
<trkpt lat="50.072513" lon="8.866097"><ele>113.0</ele></trkpt>
<trkpt lat="50.072421" lon="8.865978"><ele>113.5</ele></trkpt>
<trkpt lat="50.072243" lon="8.866359"><ele>113.75</ele></trkpt>
<trkpt lat="50.072203" lon="8.866457"><ele>114.0</ele></trkpt>
<trkpt lat="50.072137" lon="8.866647"><ele>114.25</ele></trkpt>
<trkpt lat="50.072080" lon="8.866886"><ele>114.75</ele></trkpt>
<trkpt lat="50.071978" lon="8.867630"><ele>114.75</ele></trkpt>
<trkpt lat="50.071943" lon="8.867907"><ele>115.0</ele></trkpt>
<trkpt lat="50.071854" lon="8.868824"><ele>114.0</ele></trkpt>
<trkpt lat="50.071810" lon="8.868831"><ele>114.0</ele></trkpt>
<trkpt lat="50.071790" lon="8.868938"><ele>113.75</ele></trkpt>
<trkpt lat="50.071626" lon="8.869210"><ele>114.0</ele></trkpt>
<trkpt lat="50.071503" lon="8.869395"><ele>114.0</ele></trkpt>
<trkpt lat="50.071476" lon="8.869510"><ele>113.75</ele></trkpt>
<trkpt lat="50.071436" lon="8.870259"><ele>113.5</ele></trkpt>
<trkpt lat="50.071420" lon="8.870374"><ele>113.75</ele></trkpt>
<trkpt lat="50.071394" lon="8.870474"><ele>113.75</ele></trkpt>
<trkpt lat="50.071193" lon="8.871122"><ele>113.5</ele></trkpt>
<trkpt lat="50.071178" lon="8.871190"><ele>113.75</ele></trkpt>
<trkpt lat="50.071184" lon="8.871304"><ele>113.5</ele></trkpt>
<trkpt lat="50.070987" lon="8.871310"><ele>114.75</ele></trkpt>
<trkpt lat="50.070961" lon="8.871580"><ele>115.0</ele></trkpt>
<trkpt lat="50.070967" lon="8.871710"><ele>115.0</ele></trkpt>
<trkpt lat="50.070880" lon="8.871694"><ele>115.5</ele></trkpt>
<trkpt lat="50.070803" lon="8.871676"><ele>116.0</ele></trkpt>
<trkpt lat="50.070774" lon="8.871610"><ele>116.0</ele></trkpt>
<trkpt lat="50.070744" lon="8.871570"><ele>116.0</ele></trkpt>
<trkpt lat="50.070715" lon="8.871566"><ele>116.0</ele></trkpt>
<trkpt lat="50.070612" lon="8.871615"><ele>116.5</ele></trkpt>
<trkpt lat="50.070546" lon="8.871617"><ele>116.5</ele></trkpt>
<trkpt lat="50.070417" lon="8.871573"><ele>117.0</ele></trkpt>
<trkpt lat="50.069756" lon="8.871189"><ele>117.75</ele></trkpt>
<trkpt lat="50.069365" lon="8.870918"><ele>117.75</ele></trkpt>
<trkpt lat="50.068844" lon="8.870519"><ele>120.25</ele></trkpt>
<trkpt lat="50.068444" lon="8.870177"><ele>118.75</ele></trkpt>
<trkpt lat="50.068361" lon="8.870076"><ele>118.75</ele></trkpt>
<trkpt lat="50.068340" lon="8.870032"><ele>118.75</ele></trkpt>
<trkpt lat="50.068308" lon="8.869986"><ele>118.75</ele></trkpt>
<trkpt lat="50.068281" lon="8.869976"><ele>118.75</ele></trkpt>
<trkpt lat="50.068195" lon="8.869974"><ele>118.75</ele></trkpt>
<trkpt lat="50.068174" lon="8.869977"><ele>118.75</ele></trkpt>
<trkpt lat="50.068153" lon="8.869965"><ele>118.75</ele></trkpt>
<trkpt lat="50.068117" lon="8.870082"><ele>118.75</ele></trkpt>
<trkpt lat="50.067989" lon="8.870493"><ele>117.0</ele></trkpt>
<trkpt lat="50.067918" lon="8.870433"><ele>117.25</ele></trkpt>
<trkpt lat="50.067792" lon="8.870327"><ele>117.75</ele></trkpt>
<trkpt lat="50.067724" lon="8.870240"><ele>118.0</ele></trkpt>
<trkpt lat="50.067622" lon="8.870072"><ele>117.75</ele></trkpt>
<trkpt lat="50.067587" lon="8.870012"><ele>118.0</ele></trkpt>
<trkpt lat="50.067533" lon="8.869957"><ele>118.0</ele></trkpt>
<trkpt lat="50.067105" lon="8.869567"><ele>118.25</ele></trkpt>
<trkpt lat="50.066780" lon="8.869159"><ele>118.25</ele></trkpt>
<trkpt lat="50.066224" lon="8.868331"><ele>119.0</ele></trkpt>
<trkpt lat="50.066079" lon="8.868387"><ele>119.0</ele></trkpt>
<trkpt lat="50.065660" lon="8.868524"><ele>119.0</ele></trkpt>
<trkpt lat="50.065560" lon="8.868600"><ele>118.75</ele></trkpt>
<trkpt lat="50.065511" lon="8.868851"><ele>118.75</ele></trkpt>
<trkpt lat="50.065490" lon="8.868932"><ele>118.75</ele></trkpt>
<trkpt lat="50.065174" lon="8.869231"><ele>118.75</ele></trkpt>
<trkpt lat="50.064988" lon="8.869524"><ele>118.5</ele></trkpt>
<trkpt lat="50.064689" lon="8.870036"><ele>118.0</ele></trkpt>
<trkpt lat="50.065791" lon="8.872867"><ele>118.0</ele></trkpt>
<trkpt lat="50.064145" lon="8.873270"><ele>118.0</ele></trkpt>
<trkpt lat="50.063163" lon="8.873499"><ele>118.0</ele></trkpt>
<trkpt lat="50.062471" lon="8.873673"><ele>118.75</ele></trkpt>
<trkpt lat="50.061489" lon="8.874367"><ele>119.0</ele></trkpt>
<trkpt lat="50.060064" lon="8.875340"><ele>121.75</ele></trkpt>
<trkpt lat="50.059963" lon="8.875418"><ele>122.25</ele></trkpt>
<trkpt lat="50.059585" lon="8.875649"><ele>122.5</ele></trkpt>
<trkpt lat="50.059376" lon="8.875764"><ele>120.5</ele></trkpt>
<trkpt lat="50.058990" lon="8.875998"><ele>120.25</ele></trkpt>
<trkpt lat="50.058796" lon="8.876115"><ele>120.75</ele></trkpt>
<trkpt lat="50.057564" lon="8.876844"><ele>120.0</ele></trkpt>
<trkpt lat="50.057071" lon="8.877182"><ele>120.5</ele></trkpt>
<trkpt lat="50.057059" lon="8.877188"><ele>120.5</ele></trkpt>
<trkpt lat="50.056903" lon="8.877259"><ele>120.5</ele></trkpt>
<trkpt lat="50.056784" lon="8.877308"><ele>120.25</ele></trkpt>
<trkpt lat="50.056695" lon="8.877402"><ele>120.0</ele></trkpt>
<trkpt lat="50.056605" lon="8.877544"><ele>120.0</ele></trkpt>
<trkpt lat="50.056523" lon="8.877644"><ele>120.0</ele></trkpt>
<trkpt lat="50.055130" lon="8.878794"><ele>119.0</ele></trkpt>
<trkpt lat="50.055073" lon="8.878836"><ele>119.0</ele></trkpt>
<trkpt lat="50.054525" lon="8.879137"><ele>119.0</ele></trkpt>
<trkpt lat="50.053837" lon="8.879475"><ele>119.0</ele></trkpt>
<trkpt lat="50.053644" lon="8.879575"><ele>119.0</ele></trkpt>
<trkpt lat="50.053589" lon="8.879612"><ele>119.0</ele></trkpt>
<trkpt lat="50.053546" lon="8.879659"><ele>119.0</ele></trkpt>
<trkpt lat="50.053517" lon="8.879704"><ele>119.0</ele></trkpt>
<trkpt lat="50.053093" lon="8.880505"><ele>118.75</ele></trkpt>
<trkpt lat="50.053055" lon="8.880575"><ele>118.75</ele></trkpt>
<trkpt lat="50.053027" lon="8.880650"><ele>118.5</ele></trkpt>
<trkpt lat="50.052694" lon="8.880551"><ele>118.0</ele></trkpt>
<trkpt lat="50.052640" lon="8.880318"><ele>118.75</ele></trkpt>
<trkpt lat="50.052567" lon="8.880324"><ele>118.75</ele></trkpt>
<trkpt lat="50.052502" lon="8.880313"><ele>118.75</ele></trkpt>
<trkpt lat="50.051114" lon="8.879980"><ele>119.0</ele></trkpt>
<trkpt lat="50.050986" lon="8.879980"><ele>119.0</ele></trkpt>
<trkpt lat="50.050884" lon="8.879969"><ele>119.0</ele></trkpt>
<trkpt lat="50.050461" lon="8.879892"><ele>119.0</ele></trkpt>
<trkpt lat="50.050214" lon="8.879850"><ele>119.0</ele></trkpt>
<trkpt lat="50.050056" lon="8.879805"><ele>118.75</ele></trkpt>
<trkpt lat="50.049676" lon="8.879652"><ele>119.0</ele></trkpt>
<trkpt lat="50.049458" lon="8.879611"><ele>119.0</ele></trkpt>
<trkpt lat="50.048625" lon="8.879379"><ele>119.0</ele></trkpt>
<trkpt lat="50.047834" lon="8.879193"><ele>119.0</ele></trkpt>
<trkpt lat="50.047364" lon="8.879110"><ele>119.5</ele></trkpt>
<trkpt lat="50.047134" lon="8.879045"><ele>119.5</ele></trkpt>
<trkpt lat="50.047148" lon="8.878868"><ele>119.75</ele></trkpt>
<trkpt lat="50.047335" lon="8.877425"><ele>121.0</ele></trkpt>
<trkpt lat="50.047323" lon="8.877321"><ele>121.0</ele></trkpt>
<trkpt lat="50.047288" lon="8.877239"><ele>121.0</ele></trkpt>
<trkpt lat="50.045471" lon="8.876715"><ele>121.0</ele></trkpt>
<trkpt lat="50.045192" lon="8.876623"><ele>121.0</ele></trkpt>
<trkpt lat="50.045051" lon="8.876586"><ele>121.0</ele></trkpt>
<trkpt lat="50.044670" lon="8.876478"><ele>120.75</ele></trkpt>
<trkpt lat="50.043801" lon="8.876233"><ele>121.0</ele></trkpt>
<trkpt lat="50.043368" lon="8.876112"><ele>121.75</ele></trkpt>
<trkpt lat="50.042979" lon="8.875991"><ele>121.25</ele></trkpt>
<trkpt lat="50.042897" lon="8.876018"><ele>121.25</ele></trkpt>
<trkpt lat="50.042804" lon="8.875936"><ele>121.5</ele></trkpt>
<trkpt lat="50.042334" lon="8.875809"><ele>122.0</ele></trkpt>
<trkpt lat="50.041893" lon="8.875719"><ele>121.5</ele></trkpt>
<trkpt lat="50.041530" lon="8.875663"><ele>122.0</ele></trkpt>
<trkpt lat="50.041363" lon="8.875638"><ele>122.0</ele></trkpt>
<trkpt lat="50.041150" lon="8.875622"><ele>122.0</ele></trkpt>
<trkpt lat="50.040967" lon="8.875620"><ele>121.25</ele></trkpt>
<trkpt lat="50.040944" lon="8.875625"><ele>121.0</ele></trkpt>
<trkpt lat="50.040924" lon="8.875643"><ele>121.25</ele></trkpt>
<trkpt lat="50.040902" lon="8.875705"><ele>121.5</ele></trkpt>
<trkpt lat="50.040891" lon="8.875772"><ele>122.25</ele></trkpt>
<trkpt lat="50.040859" lon="8.875705"><ele>121.5</ele></trkpt>
<trkpt lat="50.040840" lon="8.875687"><ele>121.25</ele></trkpt>
<trkpt lat="50.040820" lon="8.875685"><ele>121.25</ele></trkpt>
<trkpt lat="50.040162" lon="8.875787"><ele>123.0</ele></trkpt>
<trkpt lat="50.040075" lon="8.875800"><ele>123.0</ele></trkpt>
<trkpt lat="50.039936" lon="8.875823"><ele>123.0</ele></trkpt>
<trkpt lat="50.039900" lon="8.875812"><ele>123.0</ele></trkpt>
<trkpt lat="50.039856" lon="8.875817"><ele>123.0</ele></trkpt>
<trkpt lat="50.039639" lon="8.875858"><ele>123.0</ele></trkpt>
<trkpt lat="50.039011" lon="8.876004"><ele>123.0</ele></trkpt>
<trkpt lat="50.038423" lon="8.876154"><ele>122.5</ele></trkpt>
<trkpt lat="50.038150" lon="8.876241"><ele>123.0</ele></trkpt>
<trkpt lat="50.038015" lon="8.876230"><ele>122.25</ele></trkpt>
<trkpt lat="50.037871" lon="8.876257"><ele>120.25</ele></trkpt>
<trkpt lat="50.037763" lon="8.876280"><ele>119.25</ele></trkpt>
<trkpt lat="50.037598" lon="8.876316"><ele>121.75</ele></trkpt>
<trkpt lat="50.037557" lon="8.876315"><ele>122.25</ele></trkpt>
<trkpt lat="50.037344" lon="8.876326"><ele>123.0</ele></trkpt>
<trkpt lat="50.037003" lon="8.876428"><ele>123.75</ele></trkpt>
<trkpt lat="50.036730" lon="8.876494"><ele>124.0</ele></trkpt>
<trkpt lat="50.036632" lon="8.876507"><ele>123.75</ele></trkpt>
<trkpt lat="50.036504" lon="8.876510"><ele>123.5</ele></trkpt>
<trkpt lat="50.035669" lon="8.876704"><ele>123.75</ele></trkpt>
<trkpt lat="50.034773" lon="8.876924"><ele>123.75</ele></trkpt>
<trkpt lat="50.034393" lon="8.877020"><ele>123.75</ele></trkpt>
<trkpt lat="50.034086" lon="8.877098"><ele>124.0</ele></trkpt>
<trkpt lat="50.033121" lon="8.877342"><ele>124.0</ele></trkpt>
<trkpt lat="50.032008" lon="8.877590"><ele>124.5</ele></trkpt>
<trkpt lat="50.030951" lon="8.877837"><ele>123.75</ele></trkpt>
<trkpt lat="50.030856" lon="8.877859"><ele>123.5</ele></trkpt>
<trkpt lat="50.029151" lon="8.878273"><ele>124.0</ele></trkpt>
<trkpt lat="50.028568" lon="8.878403"><ele>124.5</ele></trkpt>
<trkpt lat="50.028411" lon="8.878444"><ele>124.5</ele></trkpt>
<trkpt lat="50.028297" lon="8.878490"><ele>124.25</ele></trkpt>
<trkpt lat="50.028203" lon="8.878531"><ele>124.0</ele></trkpt>
<trkpt lat="50.028048" lon="8.878572"><ele>124.5</ele></trkpt>
<trkpt lat="50.027930" lon="8.878591"><ele>124.75</ele></trkpt>
<trkpt lat="50.027494" lon="8.878662"><ele>124.75</ele></trkpt>
<trkpt lat="50.027063" lon="8.878758"><ele>123.0</ele></trkpt>
<trkpt lat="50.027010" lon="8.878810"><ele>122.5</ele></trkpt>
<trkpt lat="50.026963" lon="8.878867"><ele>122.0</ele></trkpt>
<trkpt lat="50.026884" lon="8.878965"><ele>123.25</ele></trkpt>
<trkpt lat="50.026260" lon="8.879182"><ele>125.25</ele></trkpt>
<trkpt lat="50.026222" lon="8.879194"><ele>125.5</ele></trkpt>
<trkpt lat="50.026126" lon="8.879222"><ele>125.75</ele></trkpt>
<trkpt lat="50.026027" lon="8.879247"><ele>125.25</ele></trkpt>
<trkpt lat="50.025937" lon="8.879369"><ele>125.0</ele></trkpt>
<trkpt lat="50.025872" lon="8.879448"><ele>125.0</ele></trkpt>
<trkpt lat="50.025663" lon="8.879487"><ele>125.0</ele></trkpt>
<trkpt lat="50.025316" lon="8.879542"><ele>125.0</ele></trkpt>
<trkpt lat="50.025218" lon="8.879497"><ele>125.0</ele></trkpt>
<trkpt lat="50.025127" lon="8.879497"><ele>125.0</ele></trkpt>
<trkpt lat="50.025045" lon="8.879498"><ele>125.0</ele></trkpt>
<trkpt lat="50.024874" lon="8.879492"><ele>125.0</ele></trkpt>
<trkpt lat="50.024688" lon="8.879473"><ele>124.75</ele></trkpt>
<trkpt lat="50.024556" lon="8.879457"><ele>125.0</ele></trkpt>
<trkpt lat="50.024457" lon="8.879465"><ele>125.0</ele></trkpt>
<trkpt lat="50.024269" lon="8.879535"><ele>125.0</ele></trkpt>
<trkpt lat="50.024123" lon="8.879622"><ele>125.0</ele></trkpt>
<trkpt lat="50.024035" lon="8.879697"><ele>125.0</ele></trkpt>
<trkpt lat="50.023801" lon="8.879923"><ele>125.0</ele></trkpt>
<trkpt lat="50.023760" lon="8.879971"><ele>125.0</ele></trkpt>
<trkpt lat="50.023686" lon="8.880082"><ele>125.0</ele></trkpt>
<trkpt lat="50.023652" lon="8.880156"><ele>125.0</ele></trkpt>
<trkpt lat="50.023622" lon="8.880247"><ele>125.0</ele></trkpt>
<trkpt lat="50.023504" lon="8.880115"><ele>125.0</ele></trkpt>
<trkpt lat="50.023454" lon="8.880078"><ele>125.0</ele></trkpt>
<trkpt lat="50.023422" lon="8.880071"><ele>125.0</ele></trkpt>
<trkpt lat="50.023308" lon="8.880091"><ele>124.75</ele></trkpt>
<trkpt lat="50.023195" lon="8.880122"><ele>124.5</ele></trkpt>
<trkpt lat="50.023167" lon="8.880121"><ele>124.25</ele></trkpt>
<trkpt lat="50.023135" lon="8.880107"><ele>124.25</ele></trkpt>
<trkpt lat="50.023100" lon="8.880069"><ele>124.0</ele></trkpt>
<trkpt lat="50.022936" lon="8.879913"><ele>124.0</ele></trkpt>
<trkpt lat="50.022798" lon="8.879787"><ele>124.0</ele></trkpt>
<trkpt lat="50.022597" lon="8.879570"><ele>124.0</ele></trkpt>
<trkpt lat="50.022452" lon="8.879357"><ele>123.0</ele></trkpt>
<trkpt lat="50.022174" lon="8.878919"><ele>125.75</ele></trkpt>
<trkpt lat="50.021973" lon="8.878596"><ele>125.0</ele></trkpt>
<trkpt lat="50.021890" lon="8.878458"><ele>125.5</ele></trkpt>
<trkpt lat="50.021824" lon="8.878450"><ele>125.75</ele></trkpt>
<trkpt lat="50.021715" lon="8.878272"><ele>126.0</ele></trkpt>
<trkpt lat="50.021360" lon="8.877697"><ele>126.25</ele></trkpt>
<trkpt lat="50.021285" lon="8.877571"><ele>126.25</ele></trkpt>
<trkpt lat="50.021191" lon="8.877374"><ele>126.0</ele></trkpt>
<trkpt lat="50.021111" lon="8.877185"><ele>126.0</ele></trkpt>
<trkpt lat="50.020765" lon="8.876389"><ele>126.0</ele></trkpt>
<trkpt lat="50.020683" lon="8.876236"><ele>126.5</ele></trkpt>
<trkpt lat="50.020515" lon="8.875969"><ele>127.0</ele></trkpt>
<trkpt lat="50.020332" lon="8.875679"><ele>127.0</ele></trkpt>
<trkpt lat="50.020098" lon="8.875307"><ele>127.0</ele></trkpt>
<trkpt lat="50.019909" lon="8.874992"><ele>127.0</ele></trkpt>
<trkpt lat="50.019851" lon="8.874932"><ele>127.0</ele></trkpt>
<trkpt lat="50.019808" lon="8.874874"><ele>127.0</ele></trkpt>
<trkpt lat="50.019739" lon="8.874772"><ele>127.0</ele></trkpt>
<trkpt lat="50.019533" lon="8.874445"><ele>127.0</ele></trkpt>
<trkpt lat="50.019414" lon="8.874264"><ele>127.0</ele></trkpt>
<trkpt lat="50.019363" lon="8.874168"><ele>126.75</ele></trkpt>
<trkpt lat="50.019315" lon="8.874031"><ele>127.0</ele></trkpt>
<trkpt lat="50.019302" lon="8.873997"><ele>127.0</ele></trkpt>
<trkpt lat="50.019279" lon="8.873865"><ele>127.0</ele></trkpt>
<trkpt lat="50.019264" lon="8.873690"><ele>127.0</ele></trkpt>
<trkpt lat="50.019271" lon="8.873519"><ele>127.0</ele></trkpt>
<trkpt lat="50.019293" lon="8.873376"><ele>127.0</ele></trkpt>
<trkpt lat="50.019338" lon="8.873217"><ele>126.5</ele></trkpt>
<trkpt lat="50.019383" lon="8.873114"><ele>126.25</ele></trkpt>
<trkpt lat="50.019464" lon="8.872963"><ele>125.75</ele></trkpt>
<trkpt lat="50.019842" lon="8.872272"><ele>125.5</ele></trkpt>
<trkpt lat="50.019933" lon="8.872094"><ele>125.75</ele></trkpt>
<trkpt lat="50.019961" lon="8.872115"><ele>125.75</ele></trkpt>
<trkpt lat="50.019992" lon="8.872119"><ele>125.75</ele></trkpt>
<trkpt lat="50.020021" lon="8.872105"><ele>125.75</ele></trkpt>
<trkpt lat="50.020046" lon="8.872077"><ele>125.75</ele></trkpt>
<trkpt lat="50.020068" lon="8.872005"><ele>125.75</ele></trkpt>
<trkpt lat="50.020068" lon="8.871965"><ele>125.75</ele></trkpt>
<trkpt lat="50.020060" lon="8.871927"><ele>125.75</ele></trkpt>
<trkpt lat="50.020023" lon="8.871867"><ele>125.75</ele></trkpt>
<trkpt lat="50.019997" lon="8.871854"><ele>125.75</ele></trkpt>
<trkpt lat="50.019970" lon="8.871854"><ele>125.75</ele></trkpt>
<trkpt lat="50.019935" lon="8.871875"><ele>125.75</ele></trkpt>
<trkpt lat="50.019703" lon="8.871454"><ele>125.0</ele></trkpt>
<trkpt lat="50.019220" lon="8.870575"><ele>125.75</ele></trkpt>
<trkpt lat="50.019138" lon="8.870393"><ele>126.0</ele></trkpt>
<trkpt lat="50.019105" lon="8.870299"><ele>125.75</ele></trkpt>
<trkpt lat="50.019074" lon="8.870180"><ele>126.0</ele></trkpt>
<trkpt lat="50.018997" lon="8.870243"><ele>126.0</ele></trkpt>
<trkpt lat="50.018689" lon="8.869673"><ele>126.5</ele></trkpt>
<trkpt lat="50.018626" lon="8.869575"><ele>126.25</ele></trkpt>
<trkpt lat="50.018580" lon="8.869521"><ele>126.25</ele></trkpt>
<trkpt lat="50.018534" lon="8.869492"><ele>126.25</ele></trkpt>
<trkpt lat="50.018501" lon="8.869486"><ele>126.25</ele></trkpt>
<trkpt lat="50.017882" lon="8.869504"><ele>127.0</ele></trkpt>
<trkpt lat="50.017272" lon="8.869588"><ele>128.25</ele></trkpt>
<trkpt lat="50.016927" lon="8.869643"><ele>128.5</ele></trkpt>
<trkpt lat="50.016419" lon="8.869747"><ele>128.0</ele></trkpt>
<trkpt lat="50.016364" lon="8.869770"><ele>128.0</ele></trkpt>
<trkpt lat="50.016317" lon="8.869811"><ele>128.25</ele></trkpt>
<trkpt lat="50.016291" lon="8.869853"><ele>128.5</ele></trkpt>
<trkpt lat="50.016269" lon="8.869829"><ele>128.5</ele></trkpt>
<trkpt lat="50.016214" lon="8.869780"><ele>128.5</ele></trkpt>
<trkpt lat="50.016179" lon="8.869749"><ele>128.75</ele></trkpt>
<trkpt lat="50.016192" lon="8.869702"><ele>128.5</ele></trkpt>
<trkpt lat="50.016192" lon="8.869658"><ele>128.5</ele></trkpt>
<trkpt lat="50.016193" lon="8.869511"><ele>128.5</ele></trkpt>
<trkpt lat="50.016193" lon="8.869425"><ele>128.5</ele></trkpt>
<trkpt lat="50.016221" lon="8.869312"><ele>128.75</ele></trkpt>
<trkpt lat="50.016194" lon="8.869247"><ele>128.75</ele></trkpt>
<trkpt lat="50.016181" lon="8.869182"><ele>128.75</ele></trkpt>
<trkpt lat="50.016112" lon="8.867203"><ele>128.75</ele></trkpt>
<trkpt lat="50.015986" lon="8.864837"><ele>128.0</ele></trkpt>
<trkpt lat="50.015840" lon="8.862447"><ele>129.0</ele></trkpt>
<trkpt lat="50.015786" lon="8.861618"><ele>129.0</ele></trkpt>
<trkpt lat="50.015869" lon="8.861105"><ele>129.0</ele></trkpt>
<trkpt lat="50.015890" lon="8.860815"><ele>128.75</ele></trkpt>
<trkpt lat="50.015895" lon="8.860612"><ele>128.75</ele></trkpt>
<trkpt lat="50.015844" lon="8.858463"><ele>129.0</ele></trkpt>
<trkpt lat="50.015959" lon="8.856493"><ele>130.0</ele></trkpt>
<trkpt lat="50.015968" lon="8.855752"><ele>130.0</ele></trkpt>
<trkpt lat="50.015908" lon="8.855280"><ele>130.5</ele></trkpt>
<trkpt lat="50.015851" lon="8.854927"><ele>131.0</ele></trkpt>
<trkpt lat="50.015509" lon="8.853005"><ele>131.75</ele></trkpt>
<trkpt lat="50.015193" lon="8.851239"><ele>132.0</ele></trkpt>
<trkpt lat="50.015060" lon="8.850528"><ele>132.75</ele></trkpt>
<trkpt lat="50.015007" lon="8.850297"><ele>132.75</ele></trkpt>
<trkpt lat="50.014892" lon="8.849939"><ele>133.0</ele></trkpt>
<trkpt lat="50.014854" lon="8.849732"><ele>133.0</ele></trkpt>
<trkpt lat="50.014806" lon="8.849226"><ele>133.25</ele></trkpt>
<trkpt lat="50.014784" lon="8.848999"><ele>133.0</ele></trkpt>
<trkpt lat="50.014665" lon="8.849076"><ele>133.0</ele></trkpt>
<trkpt lat="50.014516" lon="8.849175"><ele>132.75</ele></trkpt>
<trkpt lat="50.014420" lon="8.849237"><ele>132.75</ele></trkpt>
<trkpt lat="50.014064" lon="8.849426"><ele>133.0</ele></trkpt>
<trkpt lat="50.013798" lon="8.849656"><ele>133.0</ele></trkpt>
<trkpt lat="50.013610" lon="8.849838"><ele>133.0</ele></trkpt>
<trkpt lat="50.013269" lon="8.850193"><ele>132.75</ele></trkpt>
<trkpt lat="50.012573" lon="8.851047"><ele>132.0</ele></trkpt>
<trkpt lat="50.012193" lon="8.851357"><ele>130.75</ele></trkpt>
<trkpt lat="50.011827" lon="8.851698"><ele>130.5</ele></trkpt>
<trkpt lat="50.011342" lon="8.852771"><ele>130.0</ele></trkpt>
<trkpt lat="50.010195" lon="8.855444"><ele>130.25</ele></trkpt>
<trkpt lat="50.009473" lon="8.853760"><ele>130.0</ele></trkpt>
<trkpt lat="50.008997" lon="8.852875"><ele>130.25</ele></trkpt>
<trkpt lat="50.008076" lon="8.851272"><ele>131.0</ele></trkpt>
<trkpt lat="50.006796" lon="8.849005"><ele>132.5</ele></trkpt>
<trkpt lat="50.006358" lon="8.848290"><ele>132.75</ele></trkpt>
<trkpt lat="50.005884" lon="8.847633"><ele>132.0</ele></trkpt>
<trkpt lat="50.005640" lon="8.847331"><ele>131.5</ele></trkpt>
<trkpt lat="50.004823" lon="8.846368"><ele>135.0</ele></trkpt>
<trkpt lat="50.004525" lon="8.845986"><ele>135.0</ele></trkpt>
<trkpt lat="50.004466" lon="8.846198"><ele>135.0</ele></trkpt>
<trkpt lat="50.003999" lon="8.847890"><ele>133.0</ele></trkpt>
<trkpt lat="50.003898" lon="8.848335"><ele>132.75</ele></trkpt>
<trkpt lat="50.003620" lon="8.850343"><ele>132.75</ele></trkpt>
<trkpt lat="50.003018" lon="8.850833"><ele>133.0</ele></trkpt>
<trkpt lat="50.001749" lon="8.851868"><ele>131.0</ele></trkpt>
<trkpt lat="50.000629" lon="8.852791"><ele>131.0</ele></trkpt>
<trkpt lat="50.000248" lon="8.851766"><ele>132.0</ele></trkpt>
<trkpt lat="50.000620" lon="8.852798"><ele>131.0</ele></trkpt>
<trkpt lat="50.000406" lon="8.852985"><ele>131.0</ele></trkpt>
<trkpt lat="50.000100" lon="8.853236"><ele>131.0</ele></trkpt>
<trkpt lat="49.999595" lon="8.853668"><ele>132.0</ele></trkpt>
<trkpt lat="49.999537" lon="8.853718"><ele>132.0</ele></trkpt>
<trkpt lat="49.999515" lon="8.853726"><ele>132.0</ele></trkpt>
<trkpt lat="49.999481" lon="8.853716"><ele>132.0</ele></trkpt>
<trkpt lat="49.999446" lon="8.853680"><ele>132.0</ele></trkpt>
<trkpt lat="49.999425" lon="8.853657"><ele>132.0</ele></trkpt>
<trkpt lat="49.999120" lon="8.853345"><ele>132.0</ele></trkpt>
<trkpt lat="49.998885" lon="8.853133"><ele>132.5</ele></trkpt>
<trkpt lat="49.998548" lon="8.852880"><ele>133.0</ele></trkpt>
<trkpt lat="49.998177" lon="8.852687"><ele>133.0</ele></trkpt>
<trkpt lat="49.997929" lon="8.852601"><ele>133.75</ele></trkpt>
<trkpt lat="49.997688" lon="8.852537"><ele>134.0</ele></trkpt>
<trkpt lat="49.997480" lon="8.852499"><ele>134.0</ele></trkpt>
<trkpt lat="49.997028" lon="8.852519"><ele>134.0</ele></trkpt>
<trkpt lat="49.996496" lon="8.852625"><ele>134.0</ele></trkpt>
<trkpt lat="49.995790" lon="8.852856"><ele>134.0</ele></trkpt>
<trkpt lat="49.995776" lon="8.852860"><ele>134.0</ele></trkpt>
<trkpt lat="49.993996" lon="8.853513"><ele>135.0</ele></trkpt>
<trkpt lat="49.993727" lon="8.853580"><ele>135.0</ele></trkpt>
<trkpt lat="49.992949" lon="8.853743"><ele>135.25</ele></trkpt>
<trkpt lat="49.992746" lon="8.853769"><ele>135.75</ele></trkpt>
<trkpt lat="49.992702" lon="8.853748"><ele>135.75</ele></trkpt>
<trkpt lat="49.992584" lon="8.853650"><ele>135.25</ele></trkpt>
<trkpt lat="49.992349" lon="8.853322"><ele>135.5</ele></trkpt>
<trkpt lat="49.992279" lon="8.853250"><ele>135.5</ele></trkpt>
<trkpt lat="49.992178" lon="8.853189"><ele>135.5</ele></trkpt>
<trkpt lat="49.992092" lon="8.853151"><ele>135.5</ele></trkpt>
<trkpt lat="49.991944" lon="8.853104"><ele>135.5</ele></trkpt>
<trkpt lat="49.991915" lon="8.853061"><ele>135.0</ele></trkpt>
<trkpt lat="49.991900" lon="8.852992"><ele>135.0</ele></trkpt>
<trkpt lat="49.991761" lon="8.852093"><ele>135.25</ele></trkpt>
<trkpt lat="49.990610" lon="8.852573"><ele>135.0</ele></trkpt>
<trkpt lat="49.990548" lon="8.852635"><ele>135.25</ele></trkpt>
<trkpt lat="49.990519" lon="8.852667"><ele>135.5</ele></trkpt>
<trkpt lat="49.990503" lon="8.852684"><ele>135.5</ele></trkpt>
<trkpt lat="49.990575" lon="8.852835"><ele>135.75</ele></trkpt>
<trkpt lat="49.990628" lon="8.852918"><ele>135.5</ele></trkpt>
<trkpt lat="49.990714" lon="8.853025"><ele>135.25</ele></trkpt>
<trkpt lat="49.990785" lon="8.853099"><ele>135.0</ele></trkpt>
<trkpt lat="49.990865" lon="8.853164"><ele>135.0</ele></trkpt>
<trkpt lat="49.991021" lon="8.853250"><ele>135.25</ele></trkpt>
<trkpt lat="49.991087" lon="8.853270"><ele>135.5</ele></trkpt>
<trkpt lat="49.991279" lon="8.853286"><ele>135.75</ele></trkpt>
<trkpt lat="49.991666" lon="8.853292"><ele>136.5</ele></trkpt>
<trkpt lat="49.991832" lon="8.853317"><ele>137.25</ele></trkpt>
<trkpt lat="49.991907" lon="8.853348"><ele>137.75</ele></trkpt>
<trkpt lat="49.992017" lon="8.853422"><ele>137.5</ele></trkpt>
<trkpt lat="49.992091" lon="8.853497"><ele>137.75</ele></trkpt>
<trkpt lat="49.992154" lon="8.853578"><ele>138.25</ele></trkpt>
<trkpt lat="49.992208" lon="8.853679"><ele>139.0</ele></trkpt>
<trkpt lat="49.992252" lon="8.853784"><ele>139.25</ele></trkpt>
<trkpt lat="49.992269" lon="8.853873"><ele>139.5</ele></trkpt>
<trkpt lat="49.992267" lon="8.853922"><ele>139.75</ele></trkpt>
<trkpt lat="49.992259" lon="8.853965"><ele>140.0</ele></trkpt>
<trkpt lat="49.992222" lon="8.854070"><ele>140.5</ele></trkpt>
<trkpt lat="49.992212" lon="8.854135"><ele>140.75</ele></trkpt>
<trkpt lat="49.992210" lon="8.854195"><ele>140.75</ele></trkpt>
<trkpt lat="49.992218" lon="8.854266"><ele>140.75</ele></trkpt>
<trkpt lat="49.992237" lon="8.854370"><ele>140.75</ele></trkpt>
<trkpt lat="49.992254" lon="8.854445"><ele>140.5</ele></trkpt>
<trkpt lat="49.992250" lon="8.854476"><ele>140.25</ele></trkpt>
<trkpt lat="49.992238" lon="8.854504"><ele>139.75</ele></trkpt>
<trkpt lat="49.991756" lon="8.854870"><ele>139.25</ele></trkpt>
<trkpt lat="49.991565" lon="8.855053"><ele>139.75</ele></trkpt>
<trkpt lat="49.991452" lon="8.855179"><ele>139.75</ele></trkpt>
<trkpt lat="49.991379" lon="8.855243"><ele>140.5</ele></trkpt>
<trkpt lat="49.991318" lon="8.855298"><ele>139.0</ele></trkpt>
<trkpt lat="49.990946" lon="8.855744"><ele>138.0</ele></trkpt>
<trkpt lat="49.990777" lon="8.855956"><ele>138.75</ele></trkpt>
<trkpt lat="49.990697" lon="8.856081"><ele>138.0</ele></trkpt>
<trkpt lat="49.990644" lon="8.856183"><ele>138.75</ele></trkpt>
<trkpt lat="49.990603" lon="8.856289"><ele>139.5</ele></trkpt>
<trkpt lat="49.990554" lon="8.856242"><ele>140.25</ele></trkpt>
<trkpt lat="49.990485" lon="8.856231"><ele>139.25</ele></trkpt>
<trkpt lat="49.990394" lon="8.856270"><ele>138.5</ele></trkpt>
<trkpt lat="49.990330" lon="8.856327"><ele>139.0</ele></trkpt>
<trkpt lat="49.990161" lon="8.856515"><ele>137.75</ele></trkpt>
<trkpt lat="49.990063" lon="8.856647"><ele>136.75</ele></trkpt>
<trkpt lat="49.989963" lon="8.856836"><ele>136.0</ele></trkpt>
<trkpt lat="49.989861" lon="8.857066"><ele>135.0</ele></trkpt>
<trkpt lat="49.989532" lon="8.857861"><ele>133.25</ele></trkpt>
<trkpt lat="49.989159" lon="8.859027"><ele>131.5</ele></trkpt>
<trkpt lat="49.989097" lon="8.859249"><ele>131.0</ele></trkpt>
<trkpt lat="49.989041" lon="8.859549"><ele>132.0</ele></trkpt>
<trkpt lat="49.988979" lon="8.859808"><ele>132.0</ele></trkpt>
<trkpt lat="49.988629" lon="8.861129"><ele>132.0</ele></trkpt>
<trkpt lat="49.988584" lon="8.861288"><ele>133.0</ele></trkpt>
<trkpt lat="49.988490" lon="8.861559"><ele>132.75</ele></trkpt>
<trkpt lat="49.988314" lon="8.862018"><ele>132.0</ele></trkpt>
<trkpt lat="49.988157" lon="8.862381"><ele>132.5</ele></trkpt>
<trkpt lat="49.987921" lon="8.862822"><ele>132.75</ele></trkpt>
<trkpt lat="49.987789" lon="8.863029"><ele>132.0</ele></trkpt>
<trkpt lat="49.987653" lon="8.863201"><ele>132.25</ele></trkpt>
<trkpt lat="49.987455" lon="8.863366"><ele>133.0</ele></trkpt>
<trkpt lat="49.987397" lon="8.863449"><ele>133.0</ele></trkpt>
<trkpt lat="49.987369" lon="8.863505"><ele>133.0</ele></trkpt>
<trkpt lat="49.987332" lon="8.863607"><ele>133.0</ele></trkpt>
<trkpt lat="49.987255" lon="8.863608"><ele>133.0</ele></trkpt>
<trkpt lat="49.987002" lon="8.863966"><ele>132.75</ele></trkpt>
<trkpt lat="49.986788" lon="8.864227"><ele>132.25</ele></trkpt>
<trkpt lat="49.985251" lon="8.865869"><ele>132.75</ele></trkpt>
<trkpt lat="49.983900" lon="8.865560"><ele>132.75</ele></trkpt>
<trkpt lat="49.982540" lon="8.865316"><ele>133.0</ele></trkpt>
<trkpt lat="49.982074" lon="8.865225"><ele>133.0</ele></trkpt>
<trkpt lat="49.979730" lon="8.864784"><ele>133.0</ele></trkpt>
<trkpt lat="49.978558" lon="8.864581"><ele>133.0</ele></trkpt>
<trkpt lat="49.978226" lon="8.864524"><ele>133.0</ele></trkpt>
<trkpt lat="49.976838" lon="8.864253"><ele>133.0</ele></trkpt>
<trkpt lat="49.975305" lon="8.864010"><ele>132.75</ele></trkpt>
<trkpt lat="49.973890" lon="8.863762"><ele>133.0</ele></trkpt>
<trkpt lat="49.973306" lon="8.863592"><ele>133.0</ele></trkpt>
<trkpt lat="49.973025" lon="8.863389"><ele>134.0</ele></trkpt>
<trkpt lat="49.972289" lon="8.862815"><ele>133.75</ele></trkpt>
<trkpt lat="49.970577" lon="8.861608"><ele>134.0</ele></trkpt>
<trkpt lat="49.969166" lon="8.860579"><ele>135.0</ele></trkpt>
<trkpt lat="49.967641" lon="8.859489"><ele>135.0</ele></trkpt>
<trkpt lat="49.967500" lon="8.859389"><ele>134.75</ele></trkpt>
<trkpt lat="49.967134" lon="8.859069"><ele>135.0</ele></trkpt>
<trkpt lat="49.966913" lon="8.858769"><ele>135.0</ele></trkpt>
<trkpt lat="49.966708" lon="8.858442"><ele>135.0</ele></trkpt>
<trkpt lat="49.966674" lon="8.858352"><ele>134.75</ele></trkpt>
<trkpt lat="49.966600" lon="8.858092"><ele>135.0</ele></trkpt>
<trkpt lat="49.966545" lon="8.857930"><ele>135.25</ele></trkpt>
<trkpt lat="49.966402" lon="8.857557"><ele>135.0</ele></trkpt>
<trkpt lat="49.966336" lon="8.857415"><ele>135.25</ele></trkpt>
<trkpt lat="49.966256" lon="8.857293"><ele>135.75</ele></trkpt>
<trkpt lat="49.966168" lon="8.857192"><ele>136.0</ele></trkpt>
<trkpt lat="49.966098" lon="8.857124"><ele>136.0</ele></trkpt>
<trkpt lat="49.966005" lon="8.857048"><ele>136.25</ele></trkpt>
<trkpt lat="49.965830" lon="8.856929"><ele>137.75</ele></trkpt>
<trkpt lat="49.965668" lon="8.856847"><ele>137.25</ele></trkpt>
<trkpt lat="49.965601" lon="8.856827"><ele>137.0</ele></trkpt>
<trkpt lat="49.965395" lon="8.856823"><ele>137.25</ele></trkpt>
<trkpt lat="49.965218" lon="8.856865"><ele>138.0</ele></trkpt>
<trkpt lat="49.965123" lon="8.856900"><ele>139.0</ele></trkpt>
<trkpt lat="49.964911" lon="8.857054"><ele>138.25</ele></trkpt>
<trkpt lat="49.964427" lon="8.857424"><ele>139.0</ele></trkpt>
<trkpt lat="49.964175" lon="8.857558"><ele>138.5</ele></trkpt>
<trkpt lat="49.963785" lon="8.857632"><ele>136.25</ele></trkpt>
<trkpt lat="49.963637" lon="8.857630"><ele>136.25</ele></trkpt>
<trkpt lat="49.963418" lon="8.857562"><ele>136.25</ele></trkpt>
<trkpt lat="49.963130" lon="8.857386"><ele>135.75</ele></trkpt>
<trkpt lat="49.963048" lon="8.857295"><ele>136.25</ele></trkpt>
<trkpt lat="49.961962" lon="8.858269"><ele>135.0</ele></trkpt>
<trkpt lat="49.960609" lon="8.859639"><ele>135.25</ele></trkpt>
<trkpt lat="49.959514" lon="8.860724"><ele>134.0</ele></trkpt>
<trkpt lat="49.958785" lon="8.861409"><ele>134.0</ele></trkpt>
<trkpt lat="49.956031" lon="8.864131"><ele>133.25</ele></trkpt>
<trkpt lat="49.957362" lon="8.867013"><ele>133.25</ele></trkpt>
<trkpt lat="49.953959" lon="8.870373"><ele>132.0</ele></trkpt>
<trkpt lat="49.954341" lon="8.871266"><ele>132.0</ele></trkpt>
<trkpt lat="49.954887" lon="8.872355"><ele>132.0</ele></trkpt>
<trkpt lat="49.955263" lon="8.873224"><ele>131.75</ele></trkpt>
<trkpt lat="49.953720" lon="8.874750"><ele>131.5</ele></trkpt>
<trkpt lat="49.953682" lon="8.874788"><ele>131.5</ele></trkpt>
<trkpt lat="49.953673" lon="8.874797"><ele>131.5</ele></trkpt>
<trkpt lat="49.950981" lon="8.877481"><ele>132.0</ele></trkpt>
<trkpt lat="49.950890" lon="8.877578"><ele>132.0</ele></trkpt>
<trkpt lat="49.950141" lon="8.874213"><ele>132.0</ele></trkpt>
<trkpt lat="49.950164" lon="8.874069"><ele>132.0</ele></trkpt>
<trkpt lat="49.950155" lon="8.873994"><ele>132.0</ele></trkpt>
<trkpt lat="49.949680" lon="8.871853"><ele>132.0</ele></trkpt>
<trkpt lat="49.948965" lon="8.868686"><ele>131.75</ele></trkpt>
<trkpt lat="49.948956" lon="8.868493"><ele>131.75</ele></trkpt>
<trkpt lat="49.948918" lon="8.868311"><ele>132.0</ele></trkpt>
<trkpt lat="49.948461" lon="8.866250"><ele>132.75</ele></trkpt>
<trkpt lat="49.948360" lon="8.866183"><ele>132.75</ele></trkpt>
<trkpt lat="49.948266" lon="8.865764"><ele>133.0</ele></trkpt>
<trkpt lat="49.948219" lon="8.865560"><ele>133.0</ele></trkpt>
<trkpt lat="49.948108" lon="8.865076"><ele>132.5</ele></trkpt>
<trkpt lat="49.948003" lon="8.864616"><ele>133.0</ele></trkpt>
<trkpt lat="49.947915" lon="8.864046"><ele>133.0</ele></trkpt>
<trkpt lat="49.947883" lon="8.863789"><ele>133.0</ele></trkpt>
<trkpt lat="49.947823" lon="8.863313"><ele>132.75</ele></trkpt>
<trkpt lat="49.947874" lon="8.863303"><ele>132.75</ele></trkpt>
<trkpt lat="49.947918" lon="8.863295"><ele>132.75</ele></trkpt>
<trkpt lat="49.947989" lon="8.863281"><ele>132.75</ele></trkpt>
<trkpt lat="49.948216" lon="8.863236"><ele>132.75</ele></trkpt>
<trkpt lat="49.948362" lon="8.863209"><ele>133.0</ele></trkpt>
<trkpt lat="49.948468" lon="8.863189"><ele>133.25</ele></trkpt>
<trkpt lat="49.948518" lon="8.863197"><ele>133.25</ele></trkpt>
<trkpt lat="49.948553" lon="8.863236"><ele>133.25</ele></trkpt>
<trkpt lat="49.949221" lon="8.862612"><ele>133.25</ele></trkpt>
<trkpt lat="49.949439" lon="8.862397"><ele>133.0</ele></trkpt>
<trkpt lat="49.950054" lon="8.861781"><ele>134.5</ele></trkpt>
<trkpt lat="49.950650" lon="8.861166"><ele>134.5</ele></trkpt>
<trkpt lat="49.950879" lon="8.860355"><ele>133.0</ele></trkpt>
<trkpt lat="49.951175" lon="8.859403"><ele>133.0</ele></trkpt>
<trkpt lat="49.951218" lon="8.858860"><ele>133.25</ele></trkpt>
<trkpt lat="49.951226" lon="8.858753"><ele>133.25</ele></trkpt>
<trkpt lat="49.951176" lon="8.857063"><ele>133.5</ele></trkpt>
<trkpt lat="49.951152" lon="8.855473"><ele>133.0</ele></trkpt>
<trkpt lat="49.951102" lon="8.854619"><ele>134.0</ele></trkpt>
<trkpt lat="49.951064" lon="8.853390"><ele>134.75</ele></trkpt>
<trkpt lat="49.951071" lon="8.853194"><ele>134.5</ele></trkpt>
<trkpt lat="49.951157" lon="8.852088"><ele>135.0</ele></trkpt>
<trkpt lat="49.951208" lon="8.851119"><ele>136.0</ele></trkpt>
<trkpt lat="49.951246" lon="8.850729"><ele>137.0</ele></trkpt>
<trkpt lat="49.951310" lon="8.850416"><ele>137.0</ele></trkpt>
<trkpt lat="49.951415" lon="8.850072"><ele>137.0</ele></trkpt>
<trkpt lat="49.951790" lon="8.849426"><ele>137.0</ele></trkpt>
<trkpt lat="49.951973" lon="8.848456"><ele>138.0</ele></trkpt>
<trkpt lat="49.951914" lon="8.848400"><ele>138.0</ele></trkpt>
<trkpt lat="49.952125" lon="8.847901"><ele>138.0</ele></trkpt>
<trkpt lat="49.952482" lon="8.847037"><ele>139.5</ele></trkpt>
<trkpt lat="49.952518" lon="8.846898"><ele>139.75</ele></trkpt>
<trkpt lat="49.952626" lon="8.846939"><ele>140.0</ele></trkpt>
<trkpt lat="49.953031" lon="8.847181"><ele>139.0</ele></trkpt>
<trkpt lat="49.953304" lon="8.846051"><ele>139.0</ele></trkpt>
<trkpt lat="49.953508" lon="8.845105"><ele>138.75</ele></trkpt>
<trkpt lat="49.953591" lon="8.844340"><ele>139.0</ele></trkpt>
<trkpt lat="49.953664" lon="8.843656"><ele>138.75</ele></trkpt>
<trkpt lat="49.953967" lon="8.843726"><ele>138.0</ele></trkpt>
<trkpt lat="49.954333" lon="8.843820"><ele>138.0</ele></trkpt>
<trkpt lat="49.954470" lon="8.843823"><ele>138.0</ele></trkpt>
<trkpt lat="49.955943" lon="8.844061"><ele>137.0</ele></trkpt>
<trkpt lat="49.956124" lon="8.844097"><ele>137.0</ele></trkpt>
<trkpt lat="49.956283" lon="8.844130"><ele>137.0</ele></trkpt>
<trkpt lat="49.956610" lon="8.844179"><ele>137.0</ele></trkpt>
<trkpt lat="49.956771" lon="8.844185"><ele>137.0</ele></trkpt>
<trkpt lat="49.956841" lon="8.844177"><ele>137.0</ele></trkpt>
<trkpt lat="49.957209" lon="8.844025"><ele>137.0</ele></trkpt>
<trkpt lat="49.957406" lon="8.843868"><ele>137.75</ele></trkpt>
<trkpt lat="49.957743" lon="8.843625"><ele>137.5</ele></trkpt>
<trkpt lat="49.957784" lon="8.843599"><ele>136.75</ele></trkpt>
<trkpt lat="49.957824" lon="8.843572"><ele>137.0</ele></trkpt>
<trkpt lat="49.957954" lon="8.843489"><ele>137.0</ele></trkpt>
<trkpt lat="49.958376" lon="8.843258"><ele>138.0</ele></trkpt>
<trkpt lat="49.959004" lon="8.844604"><ele>138.0</ele></trkpt>
<trkpt lat="49.961488" lon="8.841933"><ele>140.0</ele></trkpt>
<trkpt lat="49.962693" lon="8.840594"><ele>139.25</ele></trkpt>
<trkpt lat="49.963767" lon="8.839436"><ele>138.25</ele></trkpt>
<trkpt lat="49.963893" lon="8.839169"><ele>138.75</ele></trkpt>
<trkpt lat="49.963892" lon="8.839023"><ele>138.75</ele></trkpt>
<trkpt lat="49.963933" lon="8.838798"><ele>138.75</ele></trkpt>
<trkpt lat="49.964020" lon="8.838556"><ele>138.5</ele></trkpt>
<trkpt lat="49.964093" lon="8.838256"><ele>138.5</ele></trkpt>
<trkpt lat="49.964130" lon="8.837884"><ele>139.0</ele></trkpt>
<trkpt lat="49.964120" lon="8.837669"><ele>138.5</ele></trkpt>
<trkpt lat="49.963907" lon="8.837226"><ele>138.75</ele></trkpt>
<trkpt lat="49.963519" lon="8.836301"><ele>140.0</ele></trkpt>
<trkpt lat="49.963768" lon="8.836136"><ele>139.25</ele></trkpt>
<trkpt lat="49.964196" lon="8.835833"><ele>139.0</ele></trkpt>
<trkpt lat="49.964517" lon="8.835588"><ele>139.0</ele></trkpt>
<trkpt lat="49.964788" lon="8.835442"><ele>139.0</ele></trkpt>
<trkpt lat="49.964895" lon="8.835369"><ele>139.25</ele></trkpt>
<trkpt lat="49.964950" lon="8.835301"><ele>139.75</ele></trkpt>
<trkpt lat="49.964959" lon="8.835242"><ele>139.75</ele></trkpt>
<trkpt lat="49.964958" lon="8.834654"><ele>139.75</ele></trkpt>
<trkpt lat="49.964968" lon="8.834609"><ele>139.75</ele></trkpt>
<trkpt lat="49.964983" lon="8.834591"><ele>139.75</ele></trkpt>
<trkpt lat="49.965006" lon="8.834586"><ele>139.75</ele></trkpt>
<trkpt lat="49.965045" lon="8.834584"><ele>139.75</ele></trkpt>
<trkpt lat="49.965574" lon="8.834557"><ele>140.0</ele></trkpt>
<trkpt lat="49.965662" lon="8.834660"><ele>140.0</ele></trkpt>
<trkpt lat="49.965683" lon="8.834645"><ele>140.0</ele></trkpt>
<trkpt lat="49.966166" lon="8.834642"><ele>140.0</ele></trkpt>
<trkpt lat="49.966334" lon="8.834661"><ele>140.0</ele></trkpt>
<trkpt lat="49.966478" lon="8.834731"><ele>140.0</ele></trkpt>
<trkpt lat="49.966579" lon="8.834812"><ele>140.0</ele></trkpt>
<trkpt lat="49.966816" lon="8.834333"><ele>140.25</ele></trkpt>
<trkpt lat="49.966830" lon="8.834286"><ele>140.5</ele></trkpt>
<trkpt lat="49.966839" lon="8.834217"><ele>141.0</ele></trkpt>
<trkpt lat="49.966845" lon="8.834171"><ele>141.25</ele></trkpt>
<trkpt lat="49.966882" lon="8.833835"><ele>142.0</ele></trkpt>
<trkpt lat="49.966885" lon="8.833764"><ele>141.5</ele></trkpt>
<trkpt lat="49.966910" lon="8.833583"><ele>140.0</ele></trkpt>
<trkpt lat="49.966953" lon="8.833459"><ele>140.0</ele></trkpt>
<trkpt lat="49.967059" lon="8.833234"><ele>141.5</ele></trkpt>
<trkpt lat="49.967083" lon="8.833163"><ele>141.75</ele></trkpt>
<trkpt lat="49.967097" lon="8.833103"><ele>142.0</ele></trkpt>
<trkpt lat="49.967110" lon="8.832883"><ele>142.75</ele></trkpt>
<trkpt lat="49.967126" lon="8.832830"><ele>143.0</ele></trkpt>
<trkpt lat="49.967145" lon="8.832875"><ele>143.25</ele></trkpt>
<trkpt lat="49.967204" lon="8.833450"><ele>144.0</ele></trkpt>
<trkpt lat="49.967211" lon="8.833452"><ele>144.0</ele></trkpt>
<trkpt lat="49.967232" lon="8.833393"><ele>144.25</ele></trkpt>
<trkpt lat="49.967257" lon="8.833143"><ele>144.0</ele></trkpt>
<trkpt lat="49.967272" lon="8.832842"><ele>144.25</ele></trkpt>
<trkpt lat="49.967268" lon="8.832753"><ele>144.0</ele></trkpt>
<trkpt lat="49.967222" lon="8.832354"></trkpt>
<trkpt lat="49.967165" lon="8.831588"><ele>145.0</ele></trkpt>
<trkpt lat="49.967100" lon="8.830937"><ele>145.0</ele></trkpt>
<trkpt lat="49.967078" lon="8.830898"><ele>144.75</ele></trkpt>
<trkpt lat="49.967041" lon="8.831491"><ele>144.0</ele></trkpt>
<trkpt lat="49.967044" lon="8.831799"><ele>142.0</ele></trkpt>
<trkpt lat="49.967017" lon="8.831899"><ele>141.25</ele></trkpt>
<trkpt lat="49.967152" lon="8.831870"><ele>141.75</ele></trkpt>
<trkpt lat="49.967300" lon="8.831816"><ele>142.25</ele></trkpt>
<trkpt lat="49.967343" lon="8.831749"><ele>142.75</ele></trkpt>
<trkpt lat="49.967374" lon="8.831681"><ele>143.0</ele></trkpt>
<trkpt lat="49.967393" lon="8.831592"><ele>143.25</ele></trkpt>
<trkpt lat="49.967377" lon="8.831065"><ele>144.0</ele></trkpt>
<trkpt lat="49.967356" lon="8.829732"><ele>143.0</ele></trkpt>
<trkpt lat="49.967362" lon="8.829587"><ele>143.0</ele></trkpt>
<trkpt lat="49.967355" lon="8.829517"><ele>143.25</ele></trkpt>
<trkpt lat="49.967688" lon="8.829424"><ele>142.25</ele></trkpt>
<trkpt lat="49.967891" lon="8.829385"><ele>142.0</ele></trkpt>
<trkpt lat="49.967961" lon="8.829356"><ele>142.0</ele></trkpt>
<trkpt lat="49.968202" lon="8.829255"><ele>141.5</ele></trkpt>
<trkpt lat="49.968618" lon="8.829081"><ele>141.0</ele></trkpt>
<trkpt lat="49.968571" lon="8.828739"><ele>141.0</ele></trkpt>
<trkpt lat="49.968542" lon="8.828525"><ele>141.25</ele></trkpt>
<trkpt lat="49.968514" lon="8.828219"><ele>142.0</ele></trkpt>
<trkpt lat="49.968506" lon="8.828035"><ele>142.0</ele></trkpt>
<trkpt lat="49.968501" lon="8.827641"><ele>142.0</ele></trkpt>
<trkpt lat="49.968505" lon="8.827312"><ele>142.0</ele></trkpt>
<trkpt lat="49.968530" lon="8.826978"><ele>142.0</ele></trkpt>
<trkpt lat="49.968550" lon="8.826791"><ele>142.0</ele></trkpt>
<trkpt lat="49.968578" lon="8.826792"><ele>142.0</ele></trkpt>
<trkpt lat="49.968606" lon="8.826780"><ele>142.0</ele></trkpt>
<trkpt lat="49.968629" lon="8.826756"><ele>142.0</ele></trkpt>
<trkpt lat="49.968646" lon="8.826721"><ele>142.0</ele></trkpt>
<trkpt lat="49.968656" lon="8.826680"><ele>142.0</ele></trkpt>
<trkpt lat="49.968657" lon="8.826637"><ele>142.0</ele></trkpt>
<trkpt lat="49.968650" lon="8.826596"><ele>142.0</ele></trkpt>
<trkpt lat="49.968635" lon="8.826560"><ele>142.0</ele></trkpt>
<trkpt lat="49.968614" lon="8.826532"><ele>142.0</ele></trkpt>
<trkpt lat="49.968588" lon="8.826516"><ele>142.0</ele></trkpt>
<trkpt lat="49.968609" lon="8.826269"><ele>142.0</ele></trkpt>
<trkpt lat="49.968640" lon="8.826078"><ele>142.0</ele></trkpt>
<trkpt lat="49.968739" lon="8.825639"><ele>142.25</ele></trkpt>
<trkpt lat="49.968826" lon="8.825337"><ele>142.25</ele></trkpt>
<trkpt lat="49.968890" lon="8.825161"><ele>142.0</ele></trkpt>
<trkpt lat="49.969063" lon="8.824568"><ele>143.0</ele></trkpt>
<trkpt lat="49.969482" lon="8.823089"><ele>144.0</ele></trkpt>
<trkpt lat="49.969690" lon="8.822376"><ele>144.5</ele></trkpt>
<trkpt lat="49.970327" lon="8.820186"><ele>144.25</ele></trkpt>
<trkpt lat="49.970478" lon="8.819667"><ele>145.0</ele></trkpt>
<trkpt lat="49.970403" lon="8.819530"><ele>145.0</ele></trkpt>
<trkpt lat="49.970306" lon="8.819384"><ele>145.0</ele></trkpt>
<trkpt lat="49.969829" lon="8.818717"><ele>144.75</ele></trkpt>
<trkpt lat="49.969694" lon="8.818539"><ele>145.0</ele></trkpt>
<trkpt lat="49.969740" lon="8.818438"><ele>144.75</ele></trkpt>
<trkpt lat="49.969803" lon="8.818535"><ele>144.5</ele></trkpt>
<trkpt lat="49.969846" lon="8.818400"><ele>144.5</ele></trkpt>
<trkpt lat="49.969859" lon="8.818270"><ele>144.5</ele></trkpt>
<trkpt lat="49.969851" lon="8.818102"><ele>145.25</ele></trkpt>
<trkpt lat="49.969888" lon="8.817953"><ele>145.25</ele></trkpt>
<trkpt lat="49.969969" lon="8.817767"><ele>145.0</ele></trkpt>
<trkpt lat="49.970330" lon="8.816981"><ele>145.75</ele></trkpt>
<trkpt lat="49.970664" lon="8.816467"><ele>146.0</ele></trkpt>
<trkpt lat="49.970979" lon="8.816032"><ele>146.0</ele></trkpt>
<trkpt lat="49.971242" lon="8.815723"><ele>146.0</ele></trkpt>
<trkpt lat="49.971601" lon="8.815471"><ele>146.0</ele></trkpt>
<trkpt lat="49.971898" lon="8.815277"><ele>146.0</ele></trkpt>
<trkpt lat="49.972326" lon="8.815104"><ele>147.0</ele></trkpt>
<trkpt lat="49.972629" lon="8.815065"><ele>147.0</ele></trkpt>
<trkpt lat="49.972771" lon="8.815051"><ele>147.0</ele></trkpt>
<trkpt lat="49.973148" lon="8.815076"><ele>146.75</ele></trkpt>
<trkpt lat="49.973589" lon="8.815151"><ele>147.25</ele></trkpt>
<trkpt lat="49.974044" lon="8.815254"><ele>146.25</ele></trkpt>
<trkpt lat="49.974559" lon="8.815385"><ele>146.75</ele></trkpt>
<trkpt lat="49.974615" lon="8.815363"><ele>147.25</ele></trkpt>
<trkpt lat="49.974458" lon="8.814968"><ele>146.0</ele></trkpt>
<trkpt lat="49.974384" lon="8.814846"><ele>146.5</ele></trkpt>
<trkpt lat="49.974213" lon="8.814509"><ele>146.75</ele></trkpt>
<trkpt lat="49.974031" lon="8.814015"><ele>147.5</ele></trkpt>
<trkpt lat="49.973891" lon="8.813459"><ele>148.0</ele></trkpt>
<trkpt lat="49.973611" lon="8.812252"><ele>149.75</ele></trkpt>
<trkpt lat="49.973484" lon="8.811726"><ele>151.25</ele></trkpt>
<trkpt lat="49.973327" lon="8.811168"><ele>153.75</ele></trkpt>
<trkpt lat="49.973293" lon="8.811039"><ele>154.0</ele></trkpt>
<trkpt lat="49.973285" lon="8.810938"><ele>154.25</ele></trkpt>
<trkpt lat="49.973287" lon="8.810648"><ele>154.75</ele></trkpt>
<trkpt lat="49.973332" lon="8.810293"><ele>155.75</ele></trkpt>
<trkpt lat="49.973348" lon="8.810105"><ele>156.5</ele></trkpt>
<trkpt lat="49.973352" lon="8.809785"><ele>157.5</ele></trkpt>
<trkpt lat="49.973353" lon="8.809624"><ele>158.25</ele></trkpt>
<trkpt lat="49.973337" lon="8.809167"><ele>158.75</ele></trkpt>
<trkpt lat="49.973337" lon="8.809143"><ele>159.0</ele></trkpt>
<trkpt lat="49.973365" lon="8.808995"><ele>159.5</ele></trkpt>
<trkpt lat="49.973362" lon="8.808728"><ele>160.5</ele></trkpt>
<trkpt lat="49.973353" lon="8.808229"><ele>161.75</ele></trkpt>
<trkpt lat="49.973343" lon="8.807943"><ele>161.75</ele></trkpt>
<trkpt lat="49.973300" lon="8.807478"><ele>162.0</ele></trkpt>
<trkpt lat="49.973240" lon="8.807054"><ele>163.0</ele></trkpt>
<trkpt lat="49.973166" lon="8.806691"><ele>163.0</ele></trkpt>
<trkpt lat="49.973124" lon="8.806528"><ele>163.25</ele></trkpt>
<trkpt lat="49.972953" lon="8.805954"><ele>163.5</ele></trkpt>
<trkpt lat="49.973275" lon="8.805734"><ele>161.0</ele></trkpt>
<trkpt lat="49.973335" lon="8.805649"><ele>160.25</ele></trkpt>
<trkpt lat="49.973405" lon="8.805467"><ele>159.5</ele></trkpt>
<trkpt lat="49.973434" lon="8.805411"><ele>159.25</ele></trkpt>
<trkpt lat="49.973474" lon="8.805365"><ele>159.0</ele></trkpt>
<trkpt lat="49.973515" lon="8.805328"><ele>158.75</ele></trkpt>
<trkpt lat="49.973815" lon="8.805127"><ele>156.75</ele></trkpt>
<trkpt lat="49.974424" lon="8.804821"><ele>152.5</ele></trkpt>
<trkpt lat="49.974250" lon="8.803586"><ele>151.5</ele></trkpt>
<trkpt lat="49.974158" lon="8.802779"><ele>151.0</ele></trkpt>
<trkpt lat="49.974122" lon="8.802491"><ele>151.0</ele></trkpt>
<trkpt lat="49.974090" lon="8.802022"><ele>150.75</ele></trkpt>
<trkpt lat="49.974098" lon="8.801640"><ele>151.0</ele></trkpt>
<trkpt lat="49.974128" lon="8.801207"><ele>151.0</ele></trkpt>
<trkpt lat="49.974191" lon="8.800763"><ele>151.0</ele></trkpt>
<trkpt lat="49.974248" lon="8.800445"><ele>151.5</ele></trkpt>
<trkpt lat="49.974287" lon="8.800268"><ele>151.5</ele></trkpt>
<trkpt lat="49.974544" lon="8.799454"><ele>151.5</ele></trkpt>
<trkpt lat="49.974532" lon="8.799426"><ele>151.5</ele></trkpt>
<trkpt lat="49.974397" lon="8.799089"><ele>152.25</ele></trkpt>
<trkpt lat="49.974457" lon="8.799028"><ele>152.25</ele></trkpt>
<trkpt lat="49.974493" lon="8.798975"><ele>152.5</ele></trkpt>
<trkpt lat="49.974519" lon="8.798924"><ele>152.5</ele></trkpt>
<trkpt lat="49.974582" lon="8.798762"><ele>152.5</ele></trkpt>
<trkpt lat="49.974819" lon="8.798134"><ele>152.0</ele></trkpt>
<trkpt lat="49.974835" lon="8.798075"><ele>152.0</ele></trkpt>
<trkpt lat="49.974835" lon="8.798042"><ele>152.0</ele></trkpt>
<trkpt lat="49.974826" lon="8.798002"><ele>152.0</ele></trkpt>
<trkpt lat="49.974792" lon="8.797859"><ele>152.0</ele></trkpt>
<trkpt lat="49.975205" lon="8.796706"><ele>151.0</ele></trkpt>
<trkpt lat="49.975411" lon="8.796132"><ele>151.0</ele></trkpt>
<trkpt lat="49.975431" lon="8.796026"><ele>150.75</ele></trkpt>
<trkpt lat="49.975441" lon="8.795845"><ele>150.25</ele></trkpt>
<trkpt lat="49.975418" lon="8.795469"><ele>150.25</ele></trkpt>
<trkpt lat="49.975386" lon="8.795008"><ele>150.0</ele></trkpt>
<trkpt lat="49.975364" lon="8.794370"><ele>150.5</ele></trkpt>
<trkpt lat="49.975365" lon="8.793566"><ele>150.5</ele></trkpt>
<trkpt lat="49.975366" lon="8.793283"><ele>150.5</ele></trkpt>
<trkpt lat="49.975370" lon="8.792702"><ele>151.0</ele></trkpt>
<trkpt lat="49.975371" lon="8.792122"><ele>151.0</ele></trkpt>
<trkpt lat="49.975374" lon="8.791561"><ele>151.0</ele></trkpt>
<trkpt lat="49.975379" lon="8.791001"><ele>151.75</ele></trkpt>
<trkpt lat="49.975373" lon="8.790700"><ele>152.0</ele></trkpt>
<trkpt lat="49.975328" lon="8.790130"><ele>152.75</ele></trkpt>
<trkpt lat="49.975559" lon="8.790010"><ele>152.0</ele></trkpt>
<trkpt lat="49.975725" lon="8.789927"><ele>152.5</ele></trkpt>
<trkpt lat="49.975921" lon="8.789821"><ele>152.75</ele></trkpt>
<trkpt lat="49.976006" lon="8.789770"><ele>153.0</ele></trkpt>
<trkpt lat="49.976192" lon="8.789635"><ele>153.25</ele></trkpt>
<trkpt lat="49.976246" lon="8.789563"><ele>153.25</ele></trkpt>
<trkpt lat="49.976467" lon="8.789415"><ele>154.25</ele></trkpt>
<trkpt lat="49.976562" lon="8.789374"><ele>154.5</ele></trkpt>
<trkpt lat="49.976842" lon="8.789305"><ele>155.75</ele></trkpt>
<trkpt lat="49.977850" lon="8.789100"><ele>159.5</ele></trkpt>
<trkpt lat="49.977929" lon="8.789086"><ele>159.75</ele></trkpt>
<trkpt lat="49.977954" lon="8.788926"><ele>160.5</ele></trkpt>
<trkpt lat="49.978043" lon="8.788201"><ele>159.75</ele></trkpt>
<trkpt lat="49.978128" lon="8.787912"><ele>160.25</ele></trkpt>
<trkpt lat="49.978281" lon="8.786961"><ele>159.75</ele></trkpt>
<trkpt lat="49.978352" lon="8.786070"><ele>161.0</ele></trkpt>
<trkpt lat="49.978403" lon="8.785116"><ele>161.0</ele></trkpt>
<trkpt lat="49.978404" lon="8.784041"><ele>162.0</ele></trkpt>
<trkpt lat="49.978375" lon="8.783375"><ele>163.75</ele></trkpt>
<trkpt lat="49.978278" lon="8.782369"><ele>164.5</ele></trkpt>
<trkpt lat="49.978147" lon="8.781182"><ele>166.75</ele></trkpt>
<trkpt lat="49.978082" lon="8.780526"><ele>168.0</ele></trkpt>
<trkpt lat="49.978047" lon="8.780010"><ele>168.75</ele></trkpt>
<trkpt lat="49.977967" lon="8.779220"><ele>169.75</ele></trkpt>
<trkpt lat="49.977784" lon="8.777265"><ele>172.0</ele></trkpt>
<trkpt lat="49.977582" lon="8.775355"><ele>173.0</ele></trkpt>
<trkpt lat="49.977547" lon="8.774832"><ele>174.0</ele></trkpt>
<trkpt lat="49.977533" lon="8.774167"><ele>174.0</ele></trkpt>
<trkpt lat="49.977542" lon="8.773646"><ele>173.75</ele></trkpt>
<trkpt lat="49.977570" lon="8.772949"><ele>174.25</ele></trkpt>
<trkpt lat="49.977614" lon="8.772416"><ele>176.0</ele></trkpt>
<trkpt lat="49.977880" lon="8.770351"><ele>179.0</ele></trkpt>
<trkpt lat="49.978516" lon="8.765922"><ele>183.75</ele></trkpt>
<trkpt lat="49.978586" lon="8.765514"><ele>183.75</ele></trkpt>
<trkpt lat="49.979164" lon="8.762493"><ele>185.75</ele></trkpt>
<trkpt lat="49.979212" lon="8.762363"><ele>186.0</ele></trkpt>
<trkpt lat="49.979765" lon="8.759762"><ele>188.75</ele></trkpt>
<trkpt lat="49.980218" lon="8.757645"><ele>189.0</ele></trkpt>
<trkpt lat="49.980339" lon="8.757038"><ele>188.5</ele></trkpt>
<trkpt lat="49.980853" lon="8.754512"><ele>185.5</ele></trkpt>
<trkpt lat="49.980926" lon="8.754211"><ele>185.0</ele></trkpt>
<trkpt lat="49.980944" lon="8.754139"><ele>185.0</ele></trkpt>
<trkpt lat="49.980985" lon="8.754053"><ele>185.0</ele></trkpt>
<trkpt lat="49.981054" lon="8.754044"><ele>185.0</ele></trkpt>
<trkpt lat="49.981148" lon="8.754058"><ele>185.0</ele></trkpt>
<trkpt lat="49.981605" lon="8.751906"><ele>183.75</ele></trkpt>
<trkpt lat="49.981556" lon="8.751872"><ele>183.75</ele></trkpt>
<trkpt lat="49.981532" lon="8.751774"><ele>183.5</ele></trkpt>
<trkpt lat="49.981795" lon="8.750412"><ele>183.5</ele></trkpt>
<trkpt lat="49.982044" lon="8.748938"><ele>184.0</ele></trkpt>
<trkpt lat="49.982063" lon="8.748878"><ele>183.75</ele></trkpt>
<trkpt lat="49.982105" lon="8.748895"><ele>184.0</ele></trkpt>
<trkpt lat="49.982157" lon="8.748882"><ele>183.75</ele></trkpt>
<trkpt lat="49.982195" lon="8.748858"><ele>183.75</ele></trkpt>
<trkpt lat="49.982203" lon="8.748819"><ele>183.75</ele></trkpt>
<trkpt lat="49.982188" lon="8.748634"><ele>183.0</ele></trkpt>
<trkpt lat="49.982216" lon="8.748493"><ele>182.5</ele></trkpt>
<trkpt lat="49.982314" lon="8.748201"><ele>182.0</ele></trkpt>
<trkpt lat="49.982716" lon="8.747147"><ele>182.75</ele></trkpt>
<trkpt lat="49.982749" lon="8.747087"><ele>182.75</ele></trkpt>
<trkpt lat="49.982805" lon="8.747137"><ele>183.0</ele></trkpt>
<trkpt lat="49.982837" lon="8.747205"><ele>183.0</ele></trkpt>
<trkpt lat="49.982903" lon="8.747253"><ele>183.25</ele></trkpt>
<trkpt lat="49.982914" lon="8.747173"><ele>183.25</ele></trkpt>
<trkpt lat="49.983190" lon="8.746586"><ele>185.25</ele></trkpt>
<trkpt lat="49.983458" lon="8.746167"><ele>187.0</ele></trkpt>
<trkpt lat="49.983700" lon="8.745808"><ele>188.25</ele></trkpt>
<trkpt lat="49.984156" lon="8.745284"><ele>189.0</ele></trkpt>
<trkpt lat="49.984524" lon="8.744953"><ele>190.25</ele></trkpt>
<trkpt lat="49.984862" lon="8.744782"><ele>191.0</ele></trkpt>
<trkpt lat="49.984969" lon="8.744771"><ele>191.0</ele></trkpt>
<trkpt lat="49.985009" lon="8.744793"><ele>191.0</ele></trkpt>
<trkpt lat="49.985054" lon="8.744870"><ele>191.25</ele></trkpt>
<trkpt lat="49.985239" lon="8.744805"><ele>191.0</ele></trkpt>
<trkpt lat="49.985526" lon="8.744701"><ele>190.0</ele></trkpt>
<trkpt lat="49.985778" lon="8.744622"><ele>188.75</ele></trkpt>
<trkpt lat="49.986461" lon="8.744380"><ele>184.5</ele></trkpt>
<trkpt lat="49.986517" lon="8.744396"><ele>184.25</ele></trkpt>
<trkpt lat="49.986563" lon="8.744458"><ele>184.25</ele></trkpt>
<trkpt lat="49.986645" lon="8.744963"><ele>184.75</ele></trkpt>
<trkpt lat="49.986775" lon="8.745058"><ele>184.5</ele></trkpt>
<trkpt lat="49.987129" lon="8.745196"><ele>184.0</ele></trkpt>
<trkpt lat="49.987188" lon="8.745187"><ele>184.0</ele></trkpt>
<trkpt lat="49.987209" lon="8.745130"><ele>184.0</ele></trkpt>
<trkpt lat="49.987230" lon="8.745008"><ele>184.0</ele></trkpt>
<trkpt lat="49.987337" lon="8.744660"><ele>183.75</ele></trkpt>
<trkpt lat="49.988024" lon="8.743469"><ele>182.0</ele></trkpt>
<trkpt lat="49.988155" lon="8.743278"><ele>181.5</ele></trkpt>
<trkpt lat="49.988170" lon="8.743258"><ele>181.25</ele></trkpt>
<trkpt lat="49.988249" lon="8.743203"><ele>181.0</ele></trkpt>
<trkpt lat="49.988893" lon="8.743037"><ele>179.75</ele></trkpt>
<trkpt lat="49.989512" lon="8.742713"><ele>178.75</ele></trkpt>
<trkpt lat="49.990240" lon="8.742327"><ele>177.0</ele></trkpt>
<trkpt lat="49.990979" lon="8.741931"><ele>176.0</ele></trkpt>
<trkpt lat="49.991389" lon="8.741678"><ele>175.0</ele></trkpt>
<trkpt lat="49.992008" lon="8.741463"><ele>174.75</ele></trkpt>
<trkpt lat="49.992368" lon="8.741250"><ele>174.25</ele></trkpt>
<trkpt lat="49.992534" lon="8.741116"><ele>174.75</ele></trkpt>
<trkpt lat="49.992781" lon="8.740857"><ele>174.75</ele></trkpt>
<trkpt lat="49.992921" lon="8.740609"><ele>174.5</ele></trkpt>
<trkpt lat="49.992981" lon="8.740357"><ele>174.5</ele></trkpt>
<trkpt lat="49.992993" lon="8.740130"><ele>174.75</ele></trkpt>
<trkpt lat="49.992963" lon="8.739878"><ele>175.0</ele></trkpt>
<trkpt lat="49.992866" lon="8.739255"><ele>174.0</ele></trkpt>
<trkpt lat="49.992877" lon="8.739126"><ele>174.0</ele></trkpt>
<trkpt lat="49.992915" lon="8.738984"><ele>174.0</ele></trkpt>
<trkpt lat="49.992944" lon="8.738940"><ele>174.0</ele></trkpt>
<trkpt lat="49.993220" lon="8.738524"><ele>173.25</ele></trkpt>
<trkpt lat="49.993271" lon="8.738364"><ele>173.0</ele></trkpt>
<trkpt lat="49.993293" lon="8.738188"><ele>173.0</ele></trkpt>
<trkpt lat="49.993234" lon="8.737293"><ele>172.75</ele></trkpt>
<trkpt lat="49.993213" lon="8.737069"><ele>172.25</ele></trkpt>
<trkpt lat="49.993419" lon="8.736956"><ele>172.25</ele></trkpt>
<trkpt lat="49.993495" lon="8.736922"><ele>172.5</ele></trkpt>
<trkpt lat="49.993714" lon="8.736832"><ele>173.0</ele></trkpt>
<trkpt lat="49.993762" lon="8.736810"><ele>173.25</ele></trkpt>
<trkpt lat="49.993751" lon="8.736695"><ele>173.0</ele></trkpt>
<trkpt lat="49.993733" lon="8.736502"><ele>173.25</ele></trkpt>
<trkpt lat="49.993730" lon="8.736240"><ele>172.75</ele></trkpt>
<trkpt lat="49.993741" lon="8.736000"><ele>172.5</ele></trkpt>
<trkpt lat="49.993772" lon="8.735801"><ele>173.0</ele></trkpt>
<trkpt lat="49.993841" lon="8.735559"><ele>172.75</ele></trkpt>
<trkpt lat="49.994043" lon="8.734925"><ele>173.25</ele></trkpt>
<trkpt lat="49.994317" lon="8.734360"><ele>174.0</ele></trkpt>
<trkpt lat="49.994792" lon="8.733455"><ele>174.0</ele></trkpt>
<trkpt lat="49.995353" lon="8.732550"><ele>175.25</ele></trkpt>
<trkpt lat="49.995911" lon="8.731654"><ele>179.25</ele></trkpt>
<trkpt lat="49.996021" lon="8.731717"><ele>179.5</ele></trkpt>
<trkpt lat="49.995967" lon="8.731591"><ele>179.75</ele></trkpt>
<trkpt lat="49.995871" lon="8.731292"><ele>180.5</ele></trkpt>
<trkpt lat="49.995850" lon="8.731108"><ele>181.0</ele></trkpt>
<trkpt lat="49.995881" lon="8.730755"><ele>181.0</ele></trkpt>
<trkpt lat="49.995926" lon="8.730558"><ele>181.25</ele></trkpt>
<trkpt lat="49.996016" lon="8.730296"><ele>182.5</ele></trkpt>
<trkpt lat="49.996206" lon="8.730003"><ele>183.25</ele></trkpt>
<trkpt lat="49.996448" lon="8.729711"><ele>184.0</ele></trkpt>
<trkpt lat="49.996711" lon="8.729455"><ele>185.0</ele></trkpt>
<trkpt lat="49.996771" lon="8.729558"><ele>185.25</ele></trkpt>
<trkpt lat="49.997029" lon="8.729911"><ele>186.0</ele></trkpt>
<trkpt lat="49.997949" lon="8.728444"><ele>181.0</ele></trkpt>
<trkpt lat="49.998545" lon="8.727427"><ele>177.75</ele></trkpt>
<trkpt lat="49.999033" lon="8.726625"><ele>174.25</ele></trkpt>
<trkpt lat="49.999140" lon="8.726393"><ele>174.0</ele></trkpt>
<trkpt lat="49.999362" lon="8.726062"><ele>173.0</ele></trkpt>
<trkpt lat="49.999470" lon="8.726174"><ele>173.25</ele></trkpt>
<trkpt lat="49.999884" lon="8.726515"><ele>175.5</ele></trkpt>
<trkpt lat="50.000061" lon="8.726024"><ele>176.25</ele></trkpt>
<trkpt lat="50.000192" lon="8.725751"><ele>176.5</ele></trkpt>
<trkpt lat="50.000283" lon="8.725561"><ele>177.0</ele></trkpt>
<trkpt lat="50.000378" lon="8.725389"><ele>177.5</ele></trkpt>
<trkpt lat="50.000528" lon="8.725140"><ele>177.75</ele></trkpt>
<trkpt lat="50.000457" lon="8.725093"><ele>177.25</ele></trkpt>
<trkpt lat="50.000023" lon="8.725119"><ele>176.0</ele></trkpt>
<trkpt lat="49.999764" lon="8.725199"><ele>175.0</ele></trkpt>
<trkpt lat="49.999645" lon="8.725235"><ele>174.25</ele></trkpt>
<trkpt lat="49.999600" lon="8.725213"><ele>174.0</ele></trkpt>
<trkpt lat="49.999449" lon="8.724986"><ele>173.75</ele></trkpt>
<trkpt lat="49.999320" lon="8.724741"><ele>172.0</ele></trkpt>
<trkpt lat="49.999239" lon="8.724462"><ele>171.5</ele></trkpt>
<trkpt lat="49.999048" lon="8.724075"><ele>169.0</ele></trkpt>
<trkpt lat="49.999052" lon="8.723888"><ele>168.5</ele></trkpt>
<trkpt lat="49.999141" lon="8.723437"><ele>167.25</ele></trkpt>
<trkpt lat="49.999239" lon="8.723027"><ele>166.5</ele></trkpt>
<trkpt lat="49.999309" lon="8.722176"><ele>162.25</ele></trkpt>
<trkpt lat="49.999100" lon="8.722416"><ele>162.0</ele></trkpt>
<trkpt lat="49.999038" lon="8.722474"><ele>162.25</ele></trkpt>
<trkpt lat="49.998975" lon="8.722547"><ele>162.5</ele></trkpt>
<trkpt lat="49.998975" lon="8.722466"><ele>162.5</ele></trkpt>
<trkpt lat="49.998831" lon="8.721529"><ele>165.75</ele></trkpt>
<trkpt lat="49.998744" lon="8.721220"><ele>167.25</ele></trkpt>
<trkpt lat="49.998489" lon="8.720168"><ele>168.75</ele></trkpt>
<trkpt lat="49.998738" lon="8.720006"><ele>167.0</ele></trkpt>
<trkpt lat="49.999031" lon="8.719802"><ele>165.25</ele></trkpt>
<trkpt lat="49.999189" lon="8.719680"><ele>164.75</ele></trkpt>
<trkpt lat="49.999318" lon="8.719572"><ele>163.75</ele></trkpt>
<trkpt lat="49.999407" lon="8.719442"><ele>163.0</ele></trkpt>
<trkpt lat="49.999871" lon="8.719562"><ele>160.25</ele></trkpt>
<trkpt lat="49.999936" lon="8.719543"><ele>160.0</ele></trkpt>
<trkpt lat="49.999959" lon="8.719398"><ele>160.0</ele></trkpt>
<trkpt lat="50.000027" lon="8.719237"><ele>159.75</ele></trkpt>
</trkseg></trk></gpx>
