<?xml version="1.0" encoding="UTF-8"?>
<gpx version="1.1" creator="BRouter paired review" xmlns="http://www.topografix.com/GPX/1/1">
<trk><name>Route B</name><trkseg>
<trkpt lat="41.979344" lon="2.821350"><ele>71.25</ele></trkpt>
<trkpt lat="41.979370" lon="2.821299"><ele>71.25</ele></trkpt>
<trkpt lat="41.979408" lon="2.821213"><ele>71.0</ele></trkpt>
<trkpt lat="41.979475" lon="2.821271"><ele>70.75</ele></trkpt>
<trkpt lat="41.979902" lon="2.821666"><ele>70.25</ele></trkpt>
<trkpt lat="41.979918" lon="2.821680"><ele>70.25</ele></trkpt>
<trkpt lat="41.980071" lon="2.821818"><ele>70.0</ele></trkpt>
<trkpt lat="41.980166" lon="2.821655"><ele>70.0</ele></trkpt>
<trkpt lat="41.980181" lon="2.821631"><ele>70.0</ele></trkpt>
<trkpt lat="41.980201" lon="2.821592"><ele>70.0</ele></trkpt>
<trkpt lat="41.980567" lon="2.820937"><ele>70.0</ele></trkpt>
<trkpt lat="41.980607" lon="2.820863"><ele>70.0</ele></trkpt>
<trkpt lat="41.980718" lon="2.820651"><ele>70.5</ele></trkpt>
<trkpt lat="41.980775" lon="2.820568"><ele>70.75</ele></trkpt>
<trkpt lat="41.980828" lon="2.820499"><ele>71.0</ele></trkpt>
<trkpt lat="41.980900" lon="2.820437"><ele>71.0</ele></trkpt>
<trkpt lat="41.981100" lon="2.820319"><ele>71.0</ele></trkpt>
<trkpt lat="41.981132" lon="2.820301"><ele>70.75</ele></trkpt>
<trkpt lat="41.981303" lon="2.820205"><ele>71.0</ele></trkpt>
<trkpt lat="41.981410" lon="2.820164"><ele>70.75</ele></trkpt>
<trkpt lat="41.981522" lon="2.820125"><ele>70.75</ele></trkpt>
<trkpt lat="41.982188" lon="2.819958"><ele>70.75</ele></trkpt>
<trkpt lat="41.982219" lon="2.819950"><ele>70.75</ele></trkpt>
<trkpt lat="41.982350" lon="2.819924"><ele>70.5</ele></trkpt>
<trkpt lat="41.982536" lon="2.819887"><ele>70.0</ele></trkpt>
<trkpt lat="41.982585" lon="2.819874"><ele>70.25</ele></trkpt>
<trkpt lat="41.982568" lon="2.819738"><ele>70.0</ele></trkpt>
<trkpt lat="41.982565" lon="2.819715"><ele>70.25</ele></trkpt>
<trkpt lat="41.982477" lon="2.819479"><ele>70.75</ele></trkpt>
<trkpt lat="41.982455" lon="2.819457"><ele>70.75</ele></trkpt>
<trkpt lat="41.982437" lon="2.819438"><ele>71.0</ele></trkpt>
<trkpt lat="41.982251" lon="2.819368"><ele>71.0</ele></trkpt>
<trkpt lat="41.982218" lon="2.819333"><ele>70.75</ele></trkpt>
<trkpt lat="41.982211" lon="2.819284"><ele>70.75</ele></trkpt>
<trkpt lat="41.982221" lon="2.819149"><ele>70.75</ele></trkpt>
<trkpt lat="41.982241" lon="2.819123"><ele>71.0</ele></trkpt>
<trkpt lat="41.982246" lon="2.819077"><ele>71.0</ele></trkpt>
<trkpt lat="41.982239" lon="2.819047"><ele>71.0</ele></trkpt>
<trkpt lat="41.982237" lon="2.819035"><ele>71.0</ele></trkpt>
<trkpt lat="41.982195" lon="2.819001"><ele>70.75</ele></trkpt>
<trkpt lat="41.982168" lon="2.818878"><ele>71.0</ele></trkpt>
<trkpt lat="41.982155" lon="2.818813"><ele>71.0</ele></trkpt>
<trkpt lat="41.982186" lon="2.818723"><ele>71.0</ele></trkpt>
<trkpt lat="41.981827" lon="2.817857"><ele>71.75</ele></trkpt>
<trkpt lat="41.981698" lon="2.817562"><ele>72.0</ele></trkpt>
<trkpt lat="41.981556" lon="2.817211"><ele>72.25</ele></trkpt>
<trkpt lat="41.981497" lon="2.817066"><ele>72.5</ele></trkpt>
<trkpt lat="41.981450" lon="2.816951"><ele>72.75</ele></trkpt>
<trkpt lat="41.981175" lon="2.816277"><ele>73.0</ele></trkpt>
<trkpt lat="41.981127" lon="2.816159"><ele>73.0</ele></trkpt>
<trkpt lat="41.981053" lon="2.815982"><ele>73.0</ele></trkpt>
<trkpt lat="41.981017" lon="2.815894"><ele>73.0</ele></trkpt>
<trkpt lat="41.980933" lon="2.815700"><ele>73.0</ele></trkpt>
<trkpt lat="41.980851" lon="2.815486"><ele>72.75</ele></trkpt>
<trkpt lat="41.980305" lon="2.814172"><ele>74.0</ele></trkpt>
<trkpt lat="41.980117" lon="2.813719"><ele>74.0</ele></trkpt>
<trkpt lat="41.979968" lon="2.813360"><ele>74.0</ele></trkpt>
<trkpt lat="41.980003" lon="2.813335"><ele>74.0</ele></trkpt>
<trkpt lat="41.980058" lon="2.813281"><ele>74.0</ele></trkpt>
<trkpt lat="41.980611" lon="2.812874"><ele>73.75</ele></trkpt>
<trkpt lat="41.980696" lon="2.812820"><ele>73.5</ele></trkpt>
<trkpt lat="41.980758" lon="2.812781"><ele>73.25</ele></trkpt>
<trkpt lat="41.980896" lon="2.812686"><ele>73.25</ele></trkpt>
<trkpt lat="41.980918" lon="2.812669"><ele>73.25</ele></trkpt>
<trkpt lat="41.981475" lon="2.812259"><ele>73.0</ele></trkpt>
<trkpt lat="41.981545" lon="2.812206"><ele>73.0</ele></trkpt>
<trkpt lat="41.981575" lon="2.812184"><ele>73.0</ele></trkpt>
<trkpt lat="41.981543" lon="2.812106"><ele>73.0</ele></trkpt>
<trkpt lat="41.981354" lon="2.811594"><ele>73.25</ele></trkpt>
<trkpt lat="41.981285" lon="2.811276"><ele>73.25</ele></trkpt>
<trkpt lat="41.981277" lon="2.811200"><ele>73.0</ele></trkpt>
<trkpt lat="41.981275" lon="2.811096"><ele>72.5</ele></trkpt>
<trkpt lat="41.981272" lon="2.810960"><ele>72.25</ele></trkpt>
<trkpt lat="41.981266" lon="2.810824"><ele>72.25</ele></trkpt>
<trkpt lat="41.981260" lon="2.810745"><ele>72.75</ele></trkpt>
<trkpt lat="41.981281" lon="2.810739"><ele>72.75</ele></trkpt>
<trkpt lat="41.981401" lon="2.810713"><ele>72.75</ele></trkpt>
<trkpt lat="41.981610" lon="2.810668"><ele>72.0</ele></trkpt>
<trkpt lat="41.982052" lon="2.810543"><ele>73.5</ele></trkpt>
<trkpt lat="41.982504" lon="2.810403"><ele>72.0</ele></trkpt>
<trkpt lat="41.982940" lon="2.810268"><ele>72.25</ele></trkpt>
<trkpt lat="41.983103" lon="2.810232"><ele>71.75</ele></trkpt>
<trkpt lat="41.983334" lon="2.810198"><ele>71.5</ele></trkpt>
<trkpt lat="41.983452" lon="2.810170"><ele>71.75</ele></trkpt>
<trkpt lat="41.983539" lon="2.810136"><ele>71.75</ele></trkpt>
<trkpt lat="41.983716" lon="2.810049"><ele>72.0</ele></trkpt>
<trkpt lat="41.983820" lon="2.809973"><ele>72.0</ele></trkpt>
<trkpt lat="41.983922" lon="2.809913"><ele>72.25</ele></trkpt>
<trkpt lat="41.984026" lon="2.809843"><ele>72.75</ele></trkpt>
<trkpt lat="41.984139" lon="2.809786"><ele>72.75</ele></trkpt>
<trkpt lat="41.984216" lon="2.809757"><ele>72.75</ele></trkpt>
<trkpt lat="41.984394" lon="2.809728"><ele>72.75</ele></trkpt>
<trkpt lat="41.984391" lon="2.809688"><ele>72.75</ele></trkpt>
<trkpt lat="41.984491" lon="2.809645"><ele>72.75</ele></trkpt>
<trkpt lat="41.984513" lon="2.809607"><ele>72.75</ele></trkpt>
<trkpt lat="41.984581" lon="2.809464"><ele>72.5</ele></trkpt>
<trkpt lat="41.984683" lon="2.809375"><ele>72.5</ele></trkpt>
<trkpt lat="41.984758" lon="2.809338"><ele>72.5</ele></trkpt>
<trkpt lat="41.984847" lon="2.809324"><ele>72.0</ele></trkpt>
<trkpt lat="41.984923" lon="2.809335"><ele>72.0</ele></trkpt>
<trkpt lat="41.984967" lon="2.809362"><ele>72.0</ele></trkpt>
<trkpt lat="41.985025" lon="2.809400"><ele>72.0</ele></trkpt>
<trkpt lat="41.985083" lon="2.809469"><ele>71.5</ele></trkpt>
<trkpt lat="41.985122" lon="2.809544"><ele>71.5</ele></trkpt>
<trkpt lat="41.985185" lon="2.809629"><ele>71.75</ele></trkpt>
<trkpt lat="41.985187" lon="2.809647"><ele>72.0</ele></trkpt>
<trkpt lat="41.985219" lon="2.809641"><ele>71.75</ele></trkpt>
<trkpt lat="41.985220" lon="2.809666"><ele>72.0</ele></trkpt>
<trkpt lat="41.985221" lon="2.809711"><ele>72.75</ele></trkpt>
<trkpt lat="41.985224" lon="2.809820"><ele>72.5</ele></trkpt>
<trkpt lat="41.985226" lon="2.809860"><ele>72.5</ele></trkpt>
<trkpt lat="41.985326" lon="2.809832"><ele>72.25</ele></trkpt>
<trkpt lat="41.987230" lon="2.809624"><ele>69.75</ele></trkpt>
<trkpt lat="41.990160" lon="2.809345"><ele>76.0</ele></trkpt>
<trkpt lat="41.990158" lon="2.809321"><ele>76.0</ele></trkpt>
<trkpt lat="41.990155" lon="2.809205"><ele>76.0</ele></trkpt>
<trkpt lat="41.990151" lon="2.809174"><ele>76.0</ele></trkpt>
<trkpt lat="41.990151" lon="2.809149"><ele>76.0</ele></trkpt>
<trkpt lat="41.990164" lon="2.809146"><ele>76.0</ele></trkpt>
<trkpt lat="41.990287" lon="2.809096"><ele>76.0</ele></trkpt>
<trkpt lat="41.990330" lon="2.809062"><ele>76.0</ele></trkpt>
<trkpt lat="41.990370" lon="2.809008"><ele>76.25</ele></trkpt>
<trkpt lat="41.990396" lon="2.808910"><ele>76.0</ele></trkpt>
<trkpt lat="41.990386" lon="2.808831"><ele>76.0</ele></trkpt>
<trkpt lat="41.990335" lon="2.808633"><ele>76.0</ele></trkpt>
<trkpt lat="41.990102" lon="2.807834"><ele>76.25</ele></trkpt>
<trkpt lat="41.989957" lon="2.807261"><ele>77.0</ele></trkpt>
<trkpt lat="41.989762" lon="2.806407"><ele>77.0</ele></trkpt>
<trkpt lat="41.989575" lon="2.805380"><ele>77.25</ele></trkpt>
<trkpt lat="41.989513" lon="2.804975"><ele>77.25</ele></trkpt>
<trkpt lat="41.989453" lon="2.804501"><ele>78.0</ele></trkpt>
<trkpt lat="41.989431" lon="2.804241"><ele>77.75</ele></trkpt>
<trkpt lat="41.989415" lon="2.803682"><ele>77.5</ele></trkpt>
<trkpt lat="41.989423" lon="2.803617"><ele>77.5</ele></trkpt>
<trkpt lat="41.989448" lon="2.803123"><ele>78.0</ele></trkpt>
<trkpt lat="41.989507" lon="2.802674"><ele>78.0</ele></trkpt>
<trkpt lat="41.989509" lon="2.802635"><ele>78.0</ele></trkpt>
<trkpt lat="41.989911" lon="2.799679"><ele>79.5</ele></trkpt>
<trkpt lat="41.989910" lon="2.799500"><ele>79.5</ele></trkpt>
<trkpt lat="41.989894" lon="2.799385"><ele>79.5</ele></trkpt>
<trkpt lat="41.989808" lon="2.798915"><ele>80.25</ele></trkpt>
<trkpt lat="41.989802" lon="2.798880"><ele>80.25</ele></trkpt>
<trkpt lat="41.989690" lon="2.798272"><ele>80.0</ele></trkpt>
<trkpt lat="41.989468" lon="2.797077"><ele>80.75</ele></trkpt>
<trkpt lat="41.989459" lon="2.797025"><ele>80.75</ele></trkpt>
<trkpt lat="41.989504" lon="2.797012"><ele>81.0</ele></trkpt>
<trkpt lat="41.989395" lon="2.796444"><ele>81.25</ele></trkpt>
<trkpt lat="41.989377" lon="2.796361"><ele>81.5</ele></trkpt>
<trkpt lat="41.989361" lon="2.796177"><ele>82.25</ele></trkpt>
<trkpt lat="41.989364" lon="2.796093"><ele>82.5</ele></trkpt>
<trkpt lat="41.989374" lon="2.796030"><ele>82.75</ele></trkpt>
<trkpt lat="41.989410" lon="2.795974"><ele>82.75</ele></trkpt>
<trkpt lat="41.989433" lon="2.795908"><ele>82.75</ele></trkpt>
<trkpt lat="41.989440" lon="2.795866"><ele>82.75</ele></trkpt>
<trkpt lat="41.989437" lon="2.795780"><ele>82.75</ele></trkpt>
<trkpt lat="41.989429" lon="2.795739"><ele>82.75</ele></trkpt>
<trkpt lat="41.989397" lon="2.795665"><ele>82.75</ele></trkpt>
<trkpt lat="41.989360" lon="2.795619"><ele>82.75</ele></trkpt>
<trkpt lat="41.989315" lon="2.795587"><ele>82.5</ele></trkpt>
<trkpt lat="41.989218" lon="2.795426"><ele>82.0</ele></trkpt>
<trkpt lat="41.989213" lon="2.795309"><ele>82.0</ele></trkpt>
<trkpt lat="41.989209" lon="2.795213"><ele>82.25</ele></trkpt>
<trkpt lat="41.989180" lon="2.794974"><ele>83.0</ele></trkpt>
<trkpt lat="41.988721" lon="2.792287"><ele>83.25</ele></trkpt>
<trkpt lat="41.988612" lon="2.791706"><ele>83.75</ele></trkpt>
<trkpt lat="41.988522" lon="2.791342"><ele>84.0</ele></trkpt>
<trkpt lat="41.988512" lon="2.791313"><ele>84.0</ele></trkpt>
<trkpt lat="41.988423" lon="2.791019"><ele>84.0</ele></trkpt>
<trkpt lat="41.988336" lon="2.790759"><ele>84.0</ele></trkpt>
<trkpt lat="41.988314" lon="2.790702"><ele>84.0</ele></trkpt>
<trkpt lat="41.988131" lon="2.790218"><ele>84.0</ele></trkpt>
<trkpt lat="41.987873" lon="2.789416"><ele>85.0</ele></trkpt>
<trkpt lat="41.987506" lon="2.787995"><ele>85.0</ele></trkpt>
<trkpt lat="41.987479" lon="2.787911"><ele>85.0</ele></trkpt>
<trkpt lat="41.987390" lon="2.787624"><ele>85.25</ele></trkpt>
<trkpt lat="41.987157" lon="2.786860"><ele>86.0</ele></trkpt>
<trkpt lat="41.987052" lon="2.786515"><ele>86.0</ele></trkpt>
<trkpt lat="41.987283" lon="2.786409"><ele>86.0</ele></trkpt>
<trkpt lat="41.987769" lon="2.786215"><ele>86.0</ele></trkpt>
<trkpt lat="41.987835" lon="2.786219"><ele>86.0</ele></trkpt>
<trkpt lat="41.987688" lon="2.786115"><ele>86.0</ele></trkpt>
<trkpt lat="41.987304" lon="2.785708"><ele>86.0</ele></trkpt>
<trkpt lat="41.986902" lon="2.785313"><ele>86.0</ele></trkpt>
<trkpt lat="41.986776" lon="2.785221"><ele>86.0</ele></trkpt>
<trkpt lat="41.986705" lon="2.785149"><ele>86.0</ele></trkpt>
<trkpt lat="41.986619" lon="2.785015"><ele>86.0</ele></trkpt>
<trkpt lat="41.986509" lon="2.784859"><ele>85.5</ele></trkpt>
<trkpt lat="41.986387" lon="2.784731"><ele>84.0</ele></trkpt>
<trkpt lat="41.985965" lon="2.784375"><ele>80.75</ele></trkpt>
<trkpt lat="41.985926" lon="2.784321"><ele>81.0</ele></trkpt>
<trkpt lat="41.985903" lon="2.784237"><ele>82.0</ele></trkpt>
<trkpt lat="41.985901" lon="2.784156"><ele>83.0</ele></trkpt>
<trkpt lat="41.985918" lon="2.784085"><ele>83.25</ele></trkpt>
<trkpt lat="41.985971" lon="2.783875"><ele>84.25</ele></trkpt>
<trkpt lat="41.985973" lon="2.783781"><ele>83.75</ele></trkpt>
<trkpt lat="41.985944" lon="2.783625"><ele>83.75</ele></trkpt>
<trkpt lat="41.985892" lon="2.783480"><ele>82.0</ele></trkpt>
<trkpt lat="41.985867" lon="2.783369"><ele>79.75</ele></trkpt>
<trkpt lat="41.985858" lon="2.783253"><ele>78.75</ele></trkpt>
<trkpt lat="41.985877" lon="2.782692"><ele>80.25</ele></trkpt>
<trkpt lat="41.985958" lon="2.782562"><ele>81.0</ele></trkpt>
<trkpt lat="41.986150" lon="2.782437"><ele>82.25</ele></trkpt>
<trkpt lat="41.986231" lon="2.782362"><ele>83.25</ele></trkpt>
<trkpt lat="41.986419" lon="2.782121"><ele>86.75</ele></trkpt>
<trkpt lat="41.986468" lon="2.782036"><ele>87.75</ele></trkpt>
<trkpt lat="41.986512" lon="2.781908"><ele>88.25</ele></trkpt>
<trkpt lat="41.986539" lon="2.781637"><ele>88.5</ele></trkpt>
<trkpt lat="41.986539" lon="2.781480"><ele>88.5</ele></trkpt>
<trkpt lat="41.986515" lon="2.781205"><ele>88.75</ele></trkpt>
<trkpt lat="41.986506" lon="2.781101"><ele>89.0</ele></trkpt>
<trkpt lat="41.986539" lon="2.780431"><ele>89.5</ele></trkpt>
<trkpt lat="41.986539" lon="2.779537"><ele>89.75</ele></trkpt>
<trkpt lat="41.986525" lon="2.779311"><ele>89.75</ele></trkpt>
<trkpt lat="41.986469" lon="2.778927"><ele>90.0</ele></trkpt>
<trkpt lat="41.986398" lon="2.778587"><ele>91.0</ele></trkpt>
<trkpt lat="41.986246" lon="2.778011"><ele>90.5</ele></trkpt>
<trkpt lat="41.986187" lon="2.777688"><ele>91.25</ele></trkpt>
<trkpt lat="41.986133" lon="2.777202"><ele>92.0</ele></trkpt>
<trkpt lat="41.986119" lon="2.777076"><ele>92.0</ele></trkpt>
<trkpt lat="41.986070" lon="2.776822"><ele>92.25</ele></trkpt>
<trkpt lat="41.985960" lon="2.775906"><ele>89.0</ele></trkpt>
<trkpt lat="41.985876" lon="2.775565"><ele>86.5</ele></trkpt>
<trkpt lat="41.985798" lon="2.775349"><ele>85.5</ele></trkpt>
<trkpt lat="41.985760" lon="2.775155"><ele>84.75</ele></trkpt>
<trkpt lat="41.985724" lon="2.774571"><ele>85.25</ele></trkpt>
<trkpt lat="41.985770" lon="2.774230"><ele>86.75</ele></trkpt>
<trkpt lat="41.985819" lon="2.773992"><ele>88.25</ele></trkpt>
<trkpt lat="41.985924" lon="2.773657"><ele>91.0</ele></trkpt>
<trkpt lat="41.985969" lon="2.773584"><ele>91.5</ele></trkpt>
<trkpt lat="41.986198" lon="2.773299"><ele>92.25</ele></trkpt>
<trkpt lat="41.986253" lon="2.773191"><ele>92.75</ele></trkpt>
<trkpt lat="41.986323" lon="2.772999"><ele>93.0</ele></trkpt>
<trkpt lat="41.986460" lon="2.772361"><ele>94.0</ele></trkpt>
<trkpt lat="41.986579" lon="2.771944"><ele>94.0</ele></trkpt>
<trkpt lat="41.986759" lon="2.771365"><ele>94.75</ele></trkpt>
<trkpt lat="41.987339" lon="2.769277"><ele>96.0</ele></trkpt>
<trkpt lat="41.987416" lon="2.768924"><ele>96.0</ele></trkpt>
<trkpt lat="41.987577" lon="2.768245"><ele>95.25</ele></trkpt>
<trkpt lat="41.987661" lon="2.767768"><ele>95.5</ele></trkpt>
<trkpt lat="41.987963" lon="2.766299"><ele>94.5</ele></trkpt>
<trkpt lat="41.988041" lon="2.765687"><ele>94.5</ele></trkpt>
<trkpt lat="41.988096" lon="2.765357"><ele>95.0</ele></trkpt>
<trkpt lat="41.988275" lon="2.764074"><ele>95.75</ele></trkpt>
<trkpt lat="41.988446" lon="2.762955"><ele>96.25</ele></trkpt>
<trkpt lat="41.988474" lon="2.762831"><ele>96.5</ele></trkpt>
<trkpt lat="41.988495" lon="2.762739"><ele>96.5</ele></trkpt>
<trkpt lat="41.988727" lon="2.762039"><ele>97.25</ele></trkpt>
<trkpt lat="41.988760" lon="2.761866"><ele>97.5</ele></trkpt>
<trkpt lat="41.988761" lon="2.761625"><ele>97.5</ele></trkpt>
<trkpt lat="41.988786" lon="2.760655"><ele>98.75</ele></trkpt>
<trkpt lat="41.988823" lon="2.759388"><ele>99.0</ele></trkpt>
<trkpt lat="41.988825" lon="2.759296"><ele>99.0</ele></trkpt>
<trkpt lat="41.988826" lon="2.759243"><ele>99.0</ele></trkpt>
<trkpt lat="41.988843" lon="2.758474"><ele>98.75</ele></trkpt>
<trkpt lat="41.988874" lon="2.757610"><ele>98.75</ele></trkpt>
<trkpt lat="41.988882" lon="2.757390"><ele>99.0</ele></trkpt>
<trkpt lat="41.988905" lon="2.756685"><ele>100.0</ele></trkpt>
<trkpt lat="41.988924" lon="2.756538"><ele>99.5</ele></trkpt>
<trkpt lat="41.989063" lon="2.755463"><ele>101.0</ele></trkpt>
<trkpt lat="41.989097" lon="2.755185"><ele>101.0</ele></trkpt>
<trkpt lat="41.989245" lon="2.754033"><ele>102.0</ele></trkpt>
<trkpt lat="41.989288" lon="2.754044"><ele>102.0</ele></trkpt>
<trkpt lat="41.989986" lon="2.754202"><ele>102.0</ele></trkpt>
<trkpt lat="41.990067" lon="2.753672"><ele>102.75</ele></trkpt>
<trkpt lat="41.990132" lon="2.753134"><ele>102.5</ele></trkpt>
<trkpt lat="41.989663" lon="2.752598"><ele>98.75</ele></trkpt>
<trkpt lat="41.989453" lon="2.752417"><ele>97.0</ele></trkpt>
<trkpt lat="41.989312" lon="2.752372"><ele>96.5</ele></trkpt>
<trkpt lat="41.989191" lon="2.752372"><ele>96.5</ele></trkpt>
<trkpt lat="41.988927" lon="2.752466"><ele>96.0</ele></trkpt>
<trkpt lat="41.988830" lon="2.752447"><ele>96.0</ele></trkpt>
<trkpt lat="41.988788" lon="2.752434"><ele>96.0</ele></trkpt>
<trkpt lat="41.988298" lon="2.752182"><ele>95.75</ele></trkpt>
<trkpt lat="41.988214" lon="2.752160"><ele>95.75</ele></trkpt>
<trkpt lat="41.988106" lon="2.752176"><ele>95.5</ele></trkpt>
<trkpt lat="41.987975" lon="2.752257"><ele>95.0</ele></trkpt>
<trkpt lat="41.987916" lon="2.752333"><ele>94.5</ele></trkpt>
<trkpt lat="41.987847" lon="2.752423"><ele>94.5</ele></trkpt>
<trkpt lat="41.987747" lon="2.752605"><ele>94.75</ele></trkpt>
<trkpt lat="41.987673" lon="2.752686"><ele>94.25</ele></trkpt>
<trkpt lat="41.987462" lon="2.752804"><ele>93.75</ele></trkpt>
<trkpt lat="41.987425" lon="2.752824"><ele>93.5</ele></trkpt>
<trkpt lat="41.987338" lon="2.752699"><ele>92.75</ele></trkpt>
<trkpt lat="41.987306" lon="2.752606"><ele>92.75</ele></trkpt>
<trkpt lat="41.987196" lon="2.752165"><ele>93.5</ele></trkpt>
<trkpt lat="41.987098" lon="2.751992"><ele>94.75</ele></trkpt>
<trkpt lat="41.986997" lon="2.751848"><ele>95.0</ele></trkpt>
<trkpt lat="41.986834" lon="2.751732"><ele>95.0</ele></trkpt>
<trkpt lat="41.986684" lon="2.751600"><ele>95.0</ele></trkpt>
<trkpt lat="41.986568" lon="2.751406"><ele>95.5</ele></trkpt>
<trkpt lat="41.986528" lon="2.751353"><ele>95.25</ele></trkpt>
<trkpt lat="41.986378" lon="2.751221"><ele>95.0</ele></trkpt>
<trkpt lat="41.986320" lon="2.751204"><ele>95.0</ele></trkpt>
<trkpt lat="41.986264" lon="2.751200"><ele>95.0</ele></trkpt>
<trkpt lat="41.986212" lon="2.751221"><ele>95.0</ele></trkpt>
<trkpt lat="41.986067" lon="2.751346"><ele>95.0</ele></trkpt>
<trkpt lat="41.986004" lon="2.751283"><ele>95.0</ele></trkpt>
<trkpt lat="41.985940" lon="2.751134"><ele>95.0</ele></trkpt>
<trkpt lat="41.985734" lon="2.750623"><ele>95.25</ele></trkpt>
<trkpt lat="41.985400" lon="2.749765"><ele>96.0</ele></trkpt>
<trkpt lat="41.985103" lon="2.749064"><ele>96.5</ele></trkpt>
<trkpt lat="41.985017" lon="2.748883"><ele>96.75</ele></trkpt>
<trkpt lat="41.984625" lon="2.748264"><ele>99.0</ele></trkpt>
<trkpt lat="41.984266" lon="2.747712"><ele>100.5</ele></trkpt>
<trkpt lat="41.984205" lon="2.747650"><ele>100.75</ele></trkpt>
<trkpt lat="41.983910" lon="2.747270"><ele>102.75</ele></trkpt>
<trkpt lat="41.983720" lon="2.746953"><ele>104.75</ele></trkpt>
<trkpt lat="41.983625" lon="2.746819"><ele>105.25</ele></trkpt>
<trkpt lat="41.983519" lon="2.746878"><ele>104.5</ele></trkpt>
<trkpt lat="41.983437" lon="2.746940"><ele>103.75</ele></trkpt>
<trkpt lat="41.983360" lon="2.747035"><ele>103.0</ele></trkpt>
<trkpt lat="41.983243" lon="2.747230"><ele>105.0</ele></trkpt>
<trkpt lat="41.983112" lon="2.747469"><ele>105.5</ele></trkpt>
<trkpt lat="41.983025" lon="2.747551"><ele>106.0</ele></trkpt>
<trkpt lat="41.982948" lon="2.747607"><ele>106.75</ele></trkpt>
<trkpt lat="41.982774" lon="2.747673"><ele>108.0</ele></trkpt>
<trkpt lat="41.982735" lon="2.747678"><ele>107.75</ele></trkpt>
<trkpt lat="41.982689" lon="2.747679"><ele>107.5</ele></trkpt>
<trkpt lat="41.982490" lon="2.747653"><ele>107.0</ele></trkpt>
<trkpt lat="41.982039" lon="2.747548"><ele>108.25</ele></trkpt>
<trkpt lat="41.981814" lon="2.747475"><ele>108.25</ele></trkpt>
<trkpt lat="41.981365" lon="2.747287"><ele>109.25</ele></trkpt>
<trkpt lat="41.981289" lon="2.747277"><ele>109.75</ele></trkpt>
<trkpt lat="41.981090" lon="2.747284"><ele>111.0</ele></trkpt>
<trkpt lat="41.980900" lon="2.747312"><ele>111.25</ele></trkpt>
<trkpt lat="41.980466" lon="2.747334"><ele>110.75</ele></trkpt>
<trkpt lat="41.980120" lon="2.747414"><ele>109.75</ele></trkpt>
<trkpt lat="41.979999" lon="2.747474"><ele>108.5</ele></trkpt>
<trkpt lat="41.979835" lon="2.747593"><ele>107.75</ele></trkpt>
<trkpt lat="41.979721" lon="2.747679"><ele>107.5</ele></trkpt>
<trkpt lat="41.979444" lon="2.747935"><ele>108.0</ele></trkpt>
<trkpt lat="41.979204" lon="2.748090"><ele>105.5</ele></trkpt>
<trkpt lat="41.978993" lon="2.748175"><ele>106.25</ele></trkpt>
<trkpt lat="41.978583" lon="2.748076"><ele>104.5</ele></trkpt>
<trkpt lat="41.977995" lon="2.747710"><ele>105.0</ele></trkpt>
<trkpt lat="41.977538" lon="2.747427"><ele>106.75</ele></trkpt>
<trkpt lat="41.976103" lon="2.746469"><ele>102.0</ele></trkpt>
<trkpt lat="41.973779" lon="2.745200"><ele>99.5</ele></trkpt>
<trkpt lat="41.972092" lon="2.744346"><ele>96.5</ele></trkpt>
<trkpt lat="41.971947" lon="2.744264"><ele>96.5</ele></trkpt>
<trkpt lat="41.971513" lon="2.743924"><ele>96.25</ele></trkpt>
<trkpt lat="41.971386" lon="2.743800"><ele>96.75</ele></trkpt>
<trkpt lat="41.971258" lon="2.743632"><ele>96.75</ele></trkpt>
<trkpt lat="41.971152" lon="2.743422"><ele>97.0</ele></trkpt>
<trkpt lat="41.971053" lon="2.743094"><ele>97.0</ele></trkpt>
<trkpt lat="41.970903" lon="2.742306"><ele>97.0</ele></trkpt>
<trkpt lat="41.970747" lon="2.741539"><ele>96.25</ele></trkpt>
<trkpt lat="41.970676" lon="2.740951"><ele>95.75</ele></trkpt>
<trkpt lat="41.970672" lon="2.740309"><ele>96.25</ele></trkpt>
<trkpt lat="41.970676" lon="2.739760"><ele>96.25</ele></trkpt>
<trkpt lat="41.970829" lon="2.738988"><ele>98.75</ele></trkpt>
<trkpt lat="41.970899" lon="2.738711"><ele>101.25</ele></trkpt>
<trkpt lat="41.970984" lon="2.738203"><ele>102.5</ele></trkpt>
<trkpt lat="41.970992" lon="2.738019"><ele>101.75</ele></trkpt>
<trkpt lat="41.970984" lon="2.737684"><ele>101.5</ele></trkpt>
<trkpt lat="41.970981" lon="2.736869"><ele>104.0</ele></trkpt>
<trkpt lat="41.970960" lon="2.736119"><ele>106.75</ele></trkpt>
<trkpt lat="41.970984" lon="2.735826"><ele>112.5</ele></trkpt>
<trkpt lat="41.971188" lon="2.735370"><ele>118.25</ele></trkpt>
<trkpt lat="41.971374" lon="2.735053"><ele>124.75</ele></trkpt>
<trkpt lat="41.971379" lon="2.734790"><ele>118.75</ele></trkpt>
<trkpt lat="41.971483" lon="2.734636"><ele>119.5</ele></trkpt>
<trkpt lat="41.971596" lon="2.734449"><ele>121.5</ele></trkpt>
<trkpt lat="41.971653" lon="2.734164"><ele>115.0</ele></trkpt>
<trkpt lat="41.971733" lon="2.733895"><ele>114.25</ele></trkpt>
<trkpt lat="41.971831" lon="2.733737"><ele>115.0</ele></trkpt>
<trkpt lat="41.971785" lon="2.733480"><ele>110.0</ele></trkpt>
<trkpt lat="41.971523" lon="2.733152"><ele>101.25</ele></trkpt>
<trkpt lat="41.971410" lon="2.732940"><ele>99.5</ele></trkpt>
<trkpt lat="41.971333" lon="2.732732"><ele>98.75</ele></trkpt>
<trkpt lat="41.971281" lon="2.732481"><ele>98.0</ele></trkpt>
<trkpt lat="41.971304" lon="2.731980"><ele>98.5</ele></trkpt>
<trkpt lat="41.971241" lon="2.731669"><ele>97.25</ele></trkpt>
<trkpt lat="41.971156" lon="2.731458"><ele>96.75</ele></trkpt>
<trkpt lat="41.971043" lon="2.731006"><ele>98.5</ele></trkpt>
<trkpt lat="41.970993" lon="2.730395"><ele>100.0</ele></trkpt>
<trkpt lat="41.970913" lon="2.729953"><ele>100.5</ele></trkpt>
<trkpt lat="41.970684" lon="2.729254"><ele>101.25</ele></trkpt>
<trkpt lat="41.970478" lon="2.728535"><ele>101.75</ele></trkpt>
<trkpt lat="41.970373" lon="2.727586"><ele>102.75</ele></trkpt>
<trkpt lat="41.970331" lon="2.726602"><ele>103.0</ele></trkpt>
<trkpt lat="41.970337" lon="2.725595"><ele>102.0</ele></trkpt>
<trkpt lat="41.970399" lon="2.725272"><ele>103.0</ele></trkpt>
<trkpt lat="41.970538" lon="2.724897"><ele>102.5</ele></trkpt>
<trkpt lat="41.970922" lon="2.724203"><ele>103.25</ele></trkpt>
<trkpt lat="41.971523" lon="2.723212"><ele>104.75</ele></trkpt>
<trkpt lat="41.972126" lon="2.722277"><ele>106.0</ele></trkpt>
<trkpt lat="41.972795" lon="2.721364"><ele>106.75</ele></trkpt>
<trkpt lat="41.972907" lon="2.721249"><ele>106.0</ele></trkpt>
<trkpt lat="41.973867" lon="2.720557"><ele>106.0</ele></trkpt>
<trkpt lat="41.974277" lon="2.720204"><ele>106.5</ele></trkpt>
<trkpt lat="41.974503" lon="2.719992"><ele>105.75</ele></trkpt>
<trkpt lat="41.974855" lon="2.719781"><ele>106.0</ele></trkpt>
<trkpt lat="41.974945" lon="2.719690"><ele>105.75</ele></trkpt>
<trkpt lat="41.975096" lon="2.719541"><ele>106.0</ele></trkpt>
<trkpt lat="41.975223" lon="2.719399"><ele>106.5</ele></trkpt>
<trkpt lat="41.975364" lon="2.719315"><ele>106.75</ele></trkpt>
<trkpt lat="41.975533" lon="2.719131"><ele>106.75</ele></trkpt>
<trkpt lat="41.975632" lon="2.718933"><ele>106.5</ele></trkpt>
<trkpt lat="41.975886" lon="2.718806"><ele>108.0</ele></trkpt>
<trkpt lat="41.976592" lon="2.718242"><ele>108.75</ele></trkpt>
<trkpt lat="41.977304" lon="2.717742"><ele>109.5</ele></trkpt>
<trkpt lat="41.977637" lon="2.717507"><ele>113.5</ele></trkpt>
<trkpt lat="41.977891" lon="2.717126"><ele>110.25</ele></trkpt>
<trkpt lat="41.978061" lon="2.716971"><ele>107.5</ele></trkpt>
<trkpt lat="41.978301" lon="2.716900"><ele>108.75</ele></trkpt>
<trkpt lat="41.978767" lon="2.716830"><ele>108.5</ele></trkpt>
<trkpt lat="41.978950" lon="2.716759"><ele>108.0</ele></trkpt>
<trkpt lat="41.979105" lon="2.716632"><ele>106.5</ele></trkpt>
<trkpt lat="41.979557" lon="2.716519"><ele>109.75</ele></trkpt>
<trkpt lat="41.979642" lon="2.716446"><ele>109.75</ele></trkpt>
<trkpt lat="41.979907" lon="2.716226"><ele>112.25</ele></trkpt>
<trkpt lat="41.980290" lon="2.715799"><ele>111.25</ele></trkpt>
<trkpt lat="41.980432" lon="2.715599"><ele>112.0</ele></trkpt>
<trkpt lat="41.980884" lon="2.715053"><ele>113.0</ele></trkpt>
<trkpt lat="41.981028" lon="2.714824"><ele>112.5</ele></trkpt>
<trkpt lat="41.981115" lon="2.714657"><ele>111.0</ele></trkpt>
<trkpt lat="41.981275" lon="2.714240"><ele>111.5</ele></trkpt>
<trkpt lat="41.981456" lon="2.713487"><ele>111.5</ele></trkpt>
<trkpt lat="41.981632" lon="2.712869"><ele>112.25</ele></trkpt>
<trkpt lat="41.981687" lon="2.712745"><ele>112.25</ele></trkpt>
<trkpt lat="41.981874" lon="2.712424"><ele>113.25</ele></trkpt>
<trkpt lat="41.982359" lon="2.711421"><ele>114.5</ele></trkpt>
<trkpt lat="41.982527" lon="2.711025"><ele>113.75</ele></trkpt>
<trkpt lat="41.982583" lon="2.710823"><ele>115.5</ele></trkpt>
<trkpt lat="41.982711" lon="2.709999"><ele>112.0</ele></trkpt>
<trkpt lat="41.982645" lon="2.709319"><ele>113.0</ele></trkpt>
<trkpt lat="41.982633" lon="2.709196"><ele>112.75</ele></trkpt>
<trkpt lat="41.982626" lon="2.708798"><ele>113.0</ele></trkpt>
<trkpt lat="41.982598" lon="2.708622"><ele>112.75</ele></trkpt>
<trkpt lat="41.982528" lon="2.708349"><ele>111.75</ele></trkpt>
<trkpt lat="41.982432" lon="2.708096"><ele>112.5</ele></trkpt>
<trkpt lat="41.982306" lon="2.707687"><ele>114.0</ele></trkpt>
<trkpt lat="41.982267" lon="2.707479"><ele>113.5</ele></trkpt>
<trkpt lat="41.982249" lon="2.707242"><ele>113.5</ele></trkpt>
<trkpt lat="41.982271" lon="2.706958"><ele>115.25</ele></trkpt>
<trkpt lat="41.982355" lon="2.706549"><ele>117.0</ele></trkpt>
<trkpt lat="41.982476" lon="2.706137"><ele>115.75</ele></trkpt>
<trkpt lat="41.982772" lon="2.705411"><ele>115.75</ele></trkpt>
<trkpt lat="41.982857" lon="2.705290"><ele>115.5</ele></trkpt>
<trkpt lat="41.982980" lon="2.705197"><ele>117.25</ele></trkpt>
<trkpt lat="41.983114" lon="2.705119"><ele>117.75</ele></trkpt>
<trkpt lat="41.983227" lon="2.705053"><ele>116.75</ele></trkpt>
<trkpt lat="41.983291" lon="2.704984"><ele>114.75</ele></trkpt>
<trkpt lat="41.983335" lon="2.704906"><ele>115.0</ele></trkpt>
<trkpt lat="41.983338" lon="2.704891"><ele>115.0</ele></trkpt>
<trkpt lat="41.982999" lon="2.704929"><ele>113.25</ele></trkpt>
<trkpt lat="41.982874" lon="2.704986"><ele>112.5</ele></trkpt>
<trkpt lat="41.982768" lon="2.705062"><ele>112.0</ele></trkpt>
<trkpt lat="41.982664" lon="2.705174"><ele>112.0</ele></trkpt>
<trkpt lat="41.982608" lon="2.705212"><ele>111.75</ele></trkpt>
<trkpt lat="41.982548" lon="2.705211"><ele>111.5</ele></trkpt>
<trkpt lat="41.982477" lon="2.705184"><ele>111.25</ele></trkpt>
<trkpt lat="41.982224" lon="2.705037"><ele>111.0</ele></trkpt>
<trkpt lat="41.982105" lon="2.704959"><ele>110.5</ele></trkpt>
<trkpt lat="41.982023" lon="2.704885"><ele>110.5</ele></trkpt>
<trkpt lat="41.981957" lon="2.704807"><ele>110.5</ele></trkpt>
<trkpt lat="41.981906" lon="2.704733"><ele>110.75</ele></trkpt>
<trkpt lat="41.981865" lon="2.704639"><ele>110.75</ele></trkpt>
<trkpt lat="41.981745" lon="2.704241"><ele>110.75</ele></trkpt>
<trkpt lat="41.981651" lon="2.703988"><ele>111.0</ele></trkpt>
<trkpt lat="41.981569" lon="2.703641"><ele>111.5</ele></trkpt>
<trkpt lat="41.981485" lon="2.703237"><ele>111.5</ele></trkpt>
<trkpt lat="41.981422" lon="2.703018"><ele>112.0</ele></trkpt>
<trkpt lat="41.981365" lon="2.702881"><ele>112.5</ele></trkpt>
<trkpt lat="41.981263" lon="2.702702"><ele>112.0</ele></trkpt>
<trkpt lat="41.981167" lon="2.702474"><ele>112.0</ele></trkpt>
<trkpt lat="41.981142" lon="2.702348"><ele>112.0</ele></trkpt>
<trkpt lat="41.981148" lon="2.702178"><ele>111.75</ele></trkpt>
<trkpt lat="41.981184" lon="2.701743"><ele>112.5</ele></trkpt>
<trkpt lat="41.981263" lon="2.700993"><ele>112.75</ele></trkpt>
<trkpt lat="41.981219" lon="2.700618"><ele>112.75</ele></trkpt>
<trkpt lat="41.981217" lon="2.700336"><ele>113.25</ele></trkpt>
<trkpt lat="41.981260" lon="2.699957"><ele>113.5</ele></trkpt>
<trkpt lat="41.981274" lon="2.699753"><ele>113.75</ele></trkpt>
<trkpt lat="41.981335" lon="2.699445"><ele>114.0</ele></trkpt>
<trkpt lat="41.981336" lon="2.699323"><ele>114.0</ele></trkpt>
<trkpt lat="41.981287" lon="2.699037"><ele>114.25</ele></trkpt>
<trkpt lat="41.981276" lon="2.698917"><ele>114.25</ele></trkpt>
<trkpt lat="41.981288" lon="2.698819"><ele>114.25</ele></trkpt>
<trkpt lat="41.981352" lon="2.698585"><ele>114.0</ele></trkpt>
<trkpt lat="41.981320" lon="2.698470"><ele>114.0</ele></trkpt>
<trkpt lat="41.981252" lon="2.698334"><ele>114.25</ele></trkpt>
<trkpt lat="41.980996" lon="2.698291"><ele>115.0</ele></trkpt>
<trkpt lat="41.980563" lon="2.698470"><ele>115.25</ele></trkpt>
<trkpt lat="41.980448" lon="2.698393"><ele>114.75</ele></trkpt>
<trkpt lat="41.980055" lon="2.697636"><ele>114.25</ele></trkpt>
<trkpt lat="41.979839" lon="2.697345"><ele>114.5</ele></trkpt>
<trkpt lat="41.979561" lon="2.696836"><ele>114.75</ele></trkpt>
<trkpt lat="41.979377" lon="2.696366"><ele>113.75</ele></trkpt>
<trkpt lat="41.979258" lon="2.696094"><ele>114.25</ele></trkpt>
<trkpt lat="41.979194" lon="2.696031"><ele>114.0</ele></trkpt>
<trkpt lat="41.979017" lon="2.696085"><ele>114.5</ele></trkpt>
<trkpt lat="41.978858" lon="2.696148"><ele>115.0</ele></trkpt>
<trkpt lat="41.978732" lon="2.696099"><ele>115.5</ele></trkpt>
<trkpt lat="41.978566" lon="2.695925"><ele>116.0</ele></trkpt>
<trkpt lat="41.978101" lon="2.695197"><ele>115.75</ele></trkpt>
<trkpt lat="41.977781" lon="2.694572"><ele>115.75</ele></trkpt>
<trkpt lat="41.977559" lon="2.694627"><ele>116.75</ele></trkpt>
<trkpt lat="41.976980" lon="2.694411"><ele>116.75</ele></trkpt>
<trkpt lat="41.976258" lon="2.693280"><ele>116.5</ele></trkpt>
<trkpt lat="41.976252" lon="2.692763"><ele>117.25</ele></trkpt>
<trkpt lat="41.976282" lon="2.692408"><ele>117.0</ele></trkpt>
<trkpt lat="41.976522" lon="2.692248"><ele>118.0</ele></trkpt>
<trkpt lat="41.976576" lon="2.691817"><ele>117.75</ele></trkpt>
<trkpt lat="41.976502" lon="2.691558"><ele>117.0</ele></trkpt>
<trkpt lat="41.976561" lon="2.691238"><ele>116.5</ele></trkpt>
<trkpt lat="41.977251" lon="2.689433"><ele>118.0</ele></trkpt>
<trkpt lat="41.977448" lon="2.688908"><ele>117.75</ele></trkpt>
<trkpt lat="41.977450" lon="2.688602"><ele>117.5</ele></trkpt>
<trkpt lat="41.977498" lon="2.687945"><ele>117.75</ele></trkpt>
<trkpt lat="41.977519" lon="2.687157"><ele>117.75</ele></trkpt>
<trkpt lat="41.977504" lon="2.686774"><ele>118.0</ele></trkpt>
<trkpt lat="41.977485" lon="2.686013"><ele>117.75</ele></trkpt>
<trkpt lat="41.977480" lon="2.685333"><ele>118.5</ele></trkpt>
<trkpt lat="41.977419" lon="2.685078"><ele>118.25</ele></trkpt>
<trkpt lat="41.977307" lon="2.684892"><ele>117.75</ele></trkpt>
<trkpt lat="41.977282" lon="2.684930"><ele>117.5</ele></trkpt>
<trkpt lat="41.977251" lon="2.684944"><ele>117.25</ele></trkpt>
<trkpt lat="41.977148" lon="2.684938"><ele>117.0</ele></trkpt>
<trkpt lat="41.977023" lon="2.684951"><ele>117.0</ele></trkpt>
<trkpt lat="41.976983" lon="2.684962"><ele>117.0</ele></trkpt>
<trkpt lat="41.976950" lon="2.684973"><ele>117.0</ele></trkpt>
<trkpt lat="41.976735" lon="2.685054"><ele>117.0</ele></trkpt>
<trkpt lat="41.976671" lon="2.685101"><ele>117.25</ele></trkpt>
<trkpt lat="41.976604" lon="2.685151"><ele>117.75</ele></trkpt>
<trkpt lat="41.976525" lon="2.685213"><ele>118.75</ele></trkpt>
<trkpt lat="41.976455" lon="2.685331"><ele>119.5</ele></trkpt>
<trkpt lat="41.976377" lon="2.685351"><ele>120.25</ele></trkpt>
<trkpt lat="41.976340" lon="2.685347"><ele>120.25</ele></trkpt>
<trkpt lat="41.976267" lon="2.685338"><ele>120.5</ele></trkpt>
<trkpt lat="41.975390" lon="2.685117"><ele>121.5</ele></trkpt>
<trkpt lat="41.974440" lon="2.684924"><ele>120.5</ele></trkpt>
<trkpt lat="41.974302" lon="2.684830"><ele>120.25</ele></trkpt>
<trkpt lat="41.974088" lon="2.684620"><ele>119.25</ele></trkpt>
<trkpt lat="41.973880" lon="2.684435"><ele>121.75</ele></trkpt>
<trkpt lat="41.973787" lon="2.684314"><ele>121.5</ele></trkpt>
<trkpt lat="41.973736" lon="2.684162"><ele>121.5</ele></trkpt>
<trkpt lat="41.973706" lon="2.683912"><ele>121.5</ele></trkpt>
<trkpt lat="41.973671" lon="2.683758"><ele>121.25</ele></trkpt>
<trkpt lat="41.973591" lon="2.683682"><ele>121.75</ele></trkpt>
<trkpt lat="41.973417" lon="2.683496"><ele>121.75</ele></trkpt>
<trkpt lat="41.973337" lon="2.683327"><ele>121.75</ele></trkpt>
<trkpt lat="41.973304" lon="2.683146"><ele>122.0</ele></trkpt>
<trkpt lat="41.973299" lon="2.683012"><ele>122.0</ele></trkpt>
<trkpt lat="41.973275" lon="2.682598"><ele>122.25</ele></trkpt>
<trkpt lat="41.973257" lon="2.682475"><ele>122.5</ele></trkpt>
<trkpt lat="41.973199" lon="2.682283"><ele>122.0</ele></trkpt>
<trkpt lat="41.973131" lon="2.682169"><ele>122.0</ele></trkpt>
<trkpt lat="41.973093" lon="2.682071"><ele>122.0</ele></trkpt>
<trkpt lat="41.972564" lon="2.682104"><ele>122.75</ele></trkpt>
<trkpt lat="41.972502" lon="2.682126"><ele>122.75</ele></trkpt>
<trkpt lat="41.972509" lon="2.682932"><ele>122.75</ele></trkpt>
<trkpt lat="41.972479" lon="2.682931"><ele>123.0</ele></trkpt>
<trkpt lat="41.972385" lon="2.682930"><ele>123.0</ele></trkpt>
<trkpt lat="41.972351" lon="2.682929"><ele>123.0</ele></trkpt>
<trkpt lat="41.972109" lon="2.682849"><ele>123.0</ele></trkpt>
<trkpt lat="41.972053" lon="2.682847"><ele>123.0</ele></trkpt>
<trkpt lat="41.971689" lon="2.682832"><ele>123.0</ele></trkpt>
<trkpt lat="41.971468" lon="2.682773"><ele>123.5</ele></trkpt>
<trkpt lat="41.970778" lon="2.682813"><ele>130.75</ele></trkpt>
<trkpt lat="41.970628" lon="2.682834"><ele>133.5</ele></trkpt>
<trkpt lat="41.969906" lon="2.682714"><ele>138.5</ele></trkpt>
<trkpt lat="41.969385" lon="2.682672"><ele>144.75</ele></trkpt>
<trkpt lat="41.968864" lon="2.682735"><ele>153.25</ele></trkpt>
<trkpt lat="41.968656" lon="2.682901"><ele>154.0</ele></trkpt>
<trkpt lat="41.968552" lon="2.683255"><ele>157.5</ele></trkpt>
<trkpt lat="41.968344" lon="2.683526"><ele>156.75</ele></trkpt>
<trkpt lat="41.968197" lon="2.683631"><ele>157.5</ele></trkpt>
<trkpt lat="41.968048" lon="2.683599"><ele>157.0</ele></trkpt>
<trkpt lat="41.968016" lon="2.683280"><ele>157.75</ele></trkpt>
<trkpt lat="41.968080" lon="2.682352"><ele>159.75</ele></trkpt>
<trkpt lat="41.967995" lon="2.682288"><ele>161.75</ele></trkpt>
<trkpt lat="41.967579" lon="2.682970"><ele>167.5</ele></trkpt>
<trkpt lat="41.967099" lon="2.683482"><ele>173.75</ele></trkpt>
<trkpt lat="41.966907" lon="2.683546"><ele>177.25</ele></trkpt>
<trkpt lat="41.966823" lon="2.683549"><ele>179.0</ele></trkpt>
<trkpt lat="41.966792" lon="2.683631"><ele>179.0</ele></trkpt>
<trkpt lat="41.966762" lon="2.683856"><ele>177.75</ele></trkpt>
<trkpt lat="41.966758" lon="2.684096"><ele>175.5</ele></trkpt>
<trkpt lat="41.966761" lon="2.684183"><ele>174.75</ele></trkpt>
<trkpt lat="41.966818" lon="2.685063"><ele>171.5</ele></trkpt>
<trkpt lat="41.966842" lon="2.685355"><ele>169.25</ele></trkpt>
<trkpt lat="41.966898" lon="2.685627"><ele>167.5</ele></trkpt>
<trkpt lat="41.967087" lon="2.685998"><ele>165.5</ele></trkpt>
<trkpt lat="41.967367" lon="2.686372"><ele>164.25</ele></trkpt>
<trkpt lat="41.967629" lon="2.686667"><ele>164.25</ele></trkpt>
<trkpt lat="41.967768" lon="2.687072"><ele>161.75</ele></trkpt>
<trkpt lat="41.967817" lon="2.687468"><ele>160.75</ele></trkpt>
<trkpt lat="41.967843" lon="2.687643"><ele>159.75</ele></trkpt>
<trkpt lat="41.967822" lon="2.687994"><ele>158.0</ele></trkpt>
<trkpt lat="41.967732" lon="2.688530"><ele>156.5</ele></trkpt>
<trkpt lat="41.967709" lon="2.688780"><ele>155.5</ele></trkpt>
<trkpt lat="41.967652" lon="2.688926"><ele>153.25</ele></trkpt>
<trkpt lat="41.967617" lon="2.688787"><ele>153.0</ele></trkpt>
<trkpt lat="41.967600" lon="2.688387"><ele>153.25</ele></trkpt>
<trkpt lat="41.967676" lon="2.687880"><ele>154.0</ele></trkpt>
<trkpt lat="41.967671" lon="2.687643"><ele>155.5</ele></trkpt>
<trkpt lat="41.967553" lon="2.687491"><ele>153.5</ele></trkpt>
<trkpt lat="41.967391" lon="2.687465"><ele>152.25</ele></trkpt>
<trkpt lat="41.967240" lon="2.687611"><ele>152.25</ele></trkpt>
<trkpt lat="41.967132" lon="2.687915"><ele>154.25</ele></trkpt>
<trkpt lat="41.967019" lon="2.688409"><ele>156.75</ele></trkpt>
<trkpt lat="41.966945" lon="2.688476"><ele>159.75</ele></trkpt>
<trkpt lat="41.966854" lon="2.688505"><ele>161.0</ele></trkpt>
<trkpt lat="41.966354" lon="2.688267"><ele>168.25</ele></trkpt>
<trkpt lat="41.965570" lon="2.687950"><ele>174.25</ele></trkpt>
<trkpt lat="41.965400" lon="2.687817"><ele>176.0</ele></trkpt>
<trkpt lat="41.965183" lon="2.687516"><ele>179.5</ele></trkpt>
<trkpt lat="41.964688" lon="2.686860"><ele>189.0</ele></trkpt>
<trkpt lat="41.964064" lon="2.686229"><ele>197.5</ele></trkpt>
<trkpt lat="41.963892" lon="2.686027"><ele>198.75</ele></trkpt>
<trkpt lat="41.963795" lon="2.685773"><ele>197.5</ele></trkpt>
<trkpt lat="41.963461" lon="2.685558"><ele>197.25</ele></trkpt>
<trkpt lat="41.963176" lon="2.685317"><ele>198.5</ele></trkpt>
<trkpt lat="41.962912" lon="2.685174"><ele>199.0</ele></trkpt>
<trkpt lat="41.962766" lon="2.685079"><ele>200.5</ele></trkpt>
<trkpt lat="41.962573" lon="2.684889"><ele>201.75</ele></trkpt>
<trkpt lat="41.962370" lon="2.684797"><ele>203.25</ele></trkpt>
<trkpt lat="41.962132" lon="2.684864"><ele>206.0</ele></trkpt>
<trkpt lat="41.961932" lon="2.684984"><ele>209.25</ele></trkpt>
<trkpt lat="41.961790" lon="2.685212"><ele>213.0</ele></trkpt>
<trkpt lat="41.961640" lon="2.685387"><ele>216.0</ele></trkpt>
<trkpt lat="41.961531" lon="2.685412"><ele>217.75</ele></trkpt>
<trkpt lat="41.961487" lon="2.685380"><ele>219.0</ele></trkpt>
<trkpt lat="41.961347" lon="2.685209"><ele>223.25</ele></trkpt>
<trkpt lat="41.961272" lon="2.685139"><ele>224.75</ele></trkpt>
<trkpt lat="41.961175" lon="2.685082"><ele>226.0</ele></trkpt>
<trkpt lat="41.961065" lon="2.685092"><ele>227.0</ele></trkpt>
<trkpt lat="41.960869" lon="2.685196"><ele>228.5</ele></trkpt>
<trkpt lat="41.960683" lon="2.685330"><ele>232.75</ele></trkpt>
<trkpt lat="41.960551" lon="2.685444"><ele>235.0</ele></trkpt>
<trkpt lat="41.960433" lon="2.685453"><ele>236.0</ele></trkpt>
<trkpt lat="41.960337" lon="2.685374"><ele>238.75</ele></trkpt>
<trkpt lat="41.960184" lon="2.685282"><ele>241.0</ele></trkpt>
<trkpt lat="41.959993" lon="2.685063"><ele>243.75</ele></trkpt>
<trkpt lat="41.959849" lon="2.684991"><ele>248.25</ele></trkpt>
<trkpt lat="41.959795" lon="2.684832"><ele>250.0</ele></trkpt>
<trkpt lat="41.959717" lon="2.684648"><ele>252.0</ele></trkpt>
<trkpt lat="41.959526" lon="2.684617"><ele>256.0</ele></trkpt>
<trkpt lat="41.959467" lon="2.684585"><ele>257.0</ele></trkpt>
<trkpt lat="41.959321" lon="2.684563"><ele>258.25</ele></trkpt>
<trkpt lat="41.959177" lon="2.684553"><ele>260.0</ele></trkpt>
<trkpt lat="41.958937" lon="2.684478"><ele>265.0</ele></trkpt>
<trkpt lat="41.958697" lon="2.684369"><ele>270.75</ele></trkpt>
<trkpt lat="41.958480" lon="2.684236"><ele>276.75</ele></trkpt>
<trkpt lat="41.958310" lon="2.684224"><ele>280.0</ele></trkpt>
<trkpt lat="41.958221" lon="2.684268"><ele>281.5</ele></trkpt>
<trkpt lat="41.958004" lon="2.684338"><ele>286.5</ele></trkpt>
<trkpt lat="41.957947" lon="2.684455"><ele>285.25</ele></trkpt>
<trkpt lat="41.957872" lon="2.684569"><ele>284.75</ele></trkpt>
<trkpt lat="41.957714" lon="2.684664"><ele>287.75</ele></trkpt>
<trkpt lat="41.957599" lon="2.684781"><ele>289.5</ele></trkpt>
<trkpt lat="41.957535" lon="2.684994"><ele>289.0</ele></trkpt>
<trkpt lat="41.957481" lon="2.685383"><ele>289.75</ele></trkpt>
<trkpt lat="41.957494" lon="2.685826"><ele>286.75</ele></trkpt>
<trkpt lat="41.957500" lon="2.686359"><ele>285.75</ele></trkpt>
<trkpt lat="41.957302" lon="2.686736"><ele>284.0</ele></trkpt>
<trkpt lat="41.956976" lon="2.687345"><ele>281.75</ele></trkpt>
<trkpt lat="41.956837" lon="2.687568"><ele>280.5</ele></trkpt>
<trkpt lat="41.956744" lon="2.687787"><ele>279.75</ele></trkpt>
<trkpt lat="41.956578" lon="2.688091"><ele>278.75</ele></trkpt>
<trkpt lat="41.956513" lon="2.688173"><ele>277.25</ele></trkpt>
<trkpt lat="41.956193" lon="2.688729"><ele>272.75</ele></trkpt>
<trkpt lat="41.956098" lon="2.688991"><ele>271.0</ele></trkpt>
<trkpt lat="41.956059" lon="2.689247"><ele>268.5</ele></trkpt>
<trkpt lat="41.956025" lon="2.689535"><ele>267.0</ele></trkpt>
<trkpt lat="41.955947" lon="2.689712"><ele>266.0</ele></trkpt>
<trkpt lat="41.955874" lon="2.689816"><ele>265.25</ele></trkpt>
<trkpt lat="41.955588" lon="2.690150"><ele>264.75</ele></trkpt>
<trkpt lat="41.955446" lon="2.690272"><ele>264.0</ele></trkpt>
<trkpt lat="41.955319" lon="2.690341"><ele>263.0</ele></trkpt>
<trkpt lat="41.955237" lon="2.690357"><ele>263.25</ele></trkpt>
<trkpt lat="41.955172" lon="2.690316"><ele>264.0</ele></trkpt>
<trkpt lat="41.955143" lon="2.690203"><ele>263.75</ele></trkpt>
<trkpt lat="41.955097" lon="2.689681"><ele>257.0</ele></trkpt>
<trkpt lat="41.955083" lon="2.689545"><ele>255.25</ele></trkpt>
<trkpt lat="41.954848" lon="2.689224"><ele>251.75</ele></trkpt>
<trkpt lat="41.954666" lon="2.689039"><ele>249.5</ele></trkpt>
<trkpt lat="41.954473" lon="2.688929"><ele>249.25</ele></trkpt>
<trkpt lat="41.953809" lon="2.688772"><ele>244.25</ele></trkpt>
<trkpt lat="41.953502" lon="2.688600"><ele>242.0</ele></trkpt>
<trkpt lat="41.953263" lon="2.688401"><ele>239.25</ele></trkpt>
<trkpt lat="41.953108" lon="2.688249"><ele>237.5</ele></trkpt>
<trkpt lat="41.953165" lon="2.688137"><ele>236.25</ele></trkpt>
<trkpt lat="41.953236" lon="2.687676"><ele>237.0</ele></trkpt>
<trkpt lat="41.953210" lon="2.687531"><ele>237.75</ele></trkpt>
<trkpt lat="41.953020" lon="2.687207"><ele>240.25</ele></trkpt>
<trkpt lat="41.952602" lon="2.686422"><ele>242.75</ele></trkpt>
<trkpt lat="41.952250" lon="2.685787"><ele>245.25</ele></trkpt>
<trkpt lat="41.952248" lon="2.685612"><ele>245.75</ele></trkpt>
<trkpt lat="41.951475" lon="2.685645"><ele>244.75</ele></trkpt>
<trkpt lat="41.951151" lon="2.685524"><ele>243.0</ele></trkpt>
<trkpt lat="41.950664" lon="2.685399"><ele>239.0</ele></trkpt>
<trkpt lat="41.950428" lon="2.685402"><ele>237.5</ele></trkpt>
<trkpt lat="41.950393" lon="2.685265"><ele>237.75</ele></trkpt>
<trkpt lat="41.950359" lon="2.685022"><ele>237.75</ele></trkpt>
<trkpt lat="41.950375" lon="2.684792"><ele>236.75</ele></trkpt>
<trkpt lat="41.950378" lon="2.684637"><ele>235.5</ele></trkpt>
<trkpt lat="41.950222" lon="2.684692"><ele>234.25</ele></trkpt>
<trkpt lat="41.950006" lon="2.684725"><ele>233.0</ele></trkpt>
<trkpt lat="41.949297" lon="2.684865"><ele>228.75</ele></trkpt>
<trkpt lat="41.949133" lon="2.684932"><ele>227.25</ele></trkpt>
<trkpt lat="41.948965" lon="2.685086"><ele>225.75</ele></trkpt>
<trkpt lat="41.948811" lon="2.685304"><ele>225.25</ele></trkpt>
<trkpt lat="41.948749" lon="2.685245"><ele>224.25</ele></trkpt>
<trkpt lat="41.948675" lon="2.685110"><ele>223.25</ele></trkpt>
<trkpt lat="41.948599" lon="2.684966"><ele>222.75</ele></trkpt>
<trkpt lat="41.948562" lon="2.684863"><ele>222.75</ele></trkpt>
<trkpt lat="41.948450" lon="2.684660"><ele>222.5</ele></trkpt>
<trkpt lat="41.948362" lon="2.684525"><ele>223.25</ele></trkpt>
<trkpt lat="41.948204" lon="2.684393"><ele>223.5</ele></trkpt>
<trkpt lat="41.948064" lon="2.684296"><ele>224.0</ele></trkpt>
<trkpt lat="41.947916" lon="2.684194"><ele>225.25</ele></trkpt>
<trkpt lat="41.947842" lon="2.684166"><ele>225.75</ele></trkpt>
<trkpt lat="41.947770" lon="2.684173"><ele>226.0</ele></trkpt>
<trkpt lat="41.947578" lon="2.684215"><ele>227.5</ele></trkpt>
<trkpt lat="41.947449" lon="2.684224"><ele>228.5</ele></trkpt>
<trkpt lat="41.947322" lon="2.684200"><ele>229.25</ele></trkpt>
<trkpt lat="41.947044" lon="2.684101"><ele>231.25</ele></trkpt>
<trkpt lat="41.946911" lon="2.684321"><ele>230.25</ele></trkpt>
<trkpt lat="41.946586" lon="2.684936"><ele>233.25</ele></trkpt>
<trkpt lat="41.946497" lon="2.685065"><ele>234.0</ele></trkpt>
<trkpt lat="41.946415" lon="2.685129"><ele>235.0</ele></trkpt>
<trkpt lat="41.945542" lon="2.685356"><ele>229.5</ele></trkpt>
<trkpt lat="41.944213" lon="2.685822"><ele>221.25</ele></trkpt>
<trkpt lat="41.944161" lon="2.685852"><ele>220.75</ele></trkpt>
<trkpt lat="41.944062" lon="2.685909"><ele>220.5</ele></trkpt>
<trkpt lat="41.943952" lon="2.685416"><ele>224.0</ele></trkpt>
<trkpt lat="41.943940" lon="2.685379"><ele>224.25</ele></trkpt>
<trkpt lat="41.943852" lon="2.685410"><ele>223.75</ele></trkpt>
<trkpt lat="41.943782" lon="2.685452"><ele>223.25</ele></trkpt>
<trkpt lat="41.943697" lon="2.685525"><ele>223.0</ele></trkpt>
<trkpt lat="41.943311" lon="2.686002"><ele>223.5</ele></trkpt>
<trkpt lat="41.943233" lon="2.686231"><ele>224.75</ele></trkpt>
<trkpt lat="41.943152" lon="2.686560"><ele>226.75</ele></trkpt>
<trkpt lat="41.943052" lon="2.686799"><ele>229.25</ele></trkpt>
<trkpt lat="41.942957" lon="2.687167"><ele>232.75</ele></trkpt>
<trkpt lat="41.942878" lon="2.687336"><ele>234.0</ele></trkpt>
<trkpt lat="41.942774" lon="2.687439"><ele>234.75</ele></trkpt>
<trkpt lat="41.942637" lon="2.687503"><ele>234.75</ele></trkpt>
<trkpt lat="41.942131" lon="2.687645"><ele>235.75</ele></trkpt>
<trkpt lat="41.941888" lon="2.687568"><ele>236.75</ele></trkpt>
<trkpt lat="41.941412" lon="2.687287"><ele>236.0</ele></trkpt>
<trkpt lat="41.941257" lon="2.687196"><ele>236.25</ele></trkpt>
<trkpt lat="41.940940" lon="2.686965"><ele>238.0</ele></trkpt>
<trkpt lat="41.940685" lon="2.686870"><ele>239.5</ele></trkpt>
<trkpt lat="41.940601" lon="2.686903"><ele>239.25</ele></trkpt>
<trkpt lat="41.940513" lon="2.687052"><ele>237.75</ele></trkpt>
<trkpt lat="41.940473" lon="2.687293"><ele>236.75</ele></trkpt>
<trkpt lat="41.940398" lon="2.687560"><ele>236.0</ele></trkpt>
<trkpt lat="41.940350" lon="2.687650"><ele>235.5</ele></trkpt>
<trkpt lat="41.940277" lon="2.687780"><ele>234.75</ele></trkpt>
<trkpt lat="41.940120" lon="2.688041"><ele>233.0</ele></trkpt>
<trkpt lat="41.939901" lon="2.688511"><ele>229.75</ele></trkpt>
<trkpt lat="41.939678" lon="2.688843"><ele>226.75</ele></trkpt>
<trkpt lat="41.939499" lon="2.689377"><ele>223.75</ele></trkpt>
<trkpt lat="41.939412" lon="2.689318"><ele>223.0</ele></trkpt>
<trkpt lat="41.939348" lon="2.689233"><ele>221.75</ele></trkpt>
<trkpt lat="41.939388" lon="2.689014"><ele>221.25</ele></trkpt>
<trkpt lat="41.939428" lon="2.688650"><ele>219.75</ele></trkpt>
<trkpt lat="41.939468" lon="2.688474"><ele>219.5</ele></trkpt>
<trkpt lat="41.939463" lon="2.688308"><ele>218.5</ele></trkpt>
<trkpt lat="41.939380" lon="2.688271"><ele>218.0</ele></trkpt>
<trkpt lat="41.939253" lon="2.688287"><ele>216.5</ele></trkpt>
<trkpt lat="41.939114" lon="2.688346"><ele>214.5</ele></trkpt>
<trkpt lat="41.938971" lon="2.688266"><ele>214.0</ele></trkpt>
<trkpt lat="41.938756" lon="2.688185"><ele>212.25</ele></trkpt>
<trkpt lat="41.938565" lon="2.688191"><ele>210.0</ele></trkpt>
<trkpt lat="41.938354" lon="2.688298"><ele>208.0</ele></trkpt>
<trkpt lat="41.938156" lon="2.688367"><ele>206.25</ele></trkpt>
<trkpt lat="41.937476" lon="2.688485"><ele>201.0</ele></trkpt>
<trkpt lat="41.937266" lon="2.688547"><ele>199.25</ele></trkpt>
<trkpt lat="41.937150" lon="2.688581"><ele>198.0</ele></trkpt>
<trkpt lat="41.936577" lon="2.688976"><ele>196.5</ele></trkpt>
<trkpt lat="41.936406" lon="2.689046"><ele>197.0</ele></trkpt>
<trkpt lat="41.936179" lon="2.688992"><ele>198.5</ele></trkpt>
<trkpt lat="41.935619" lon="2.688837"><ele>195.25</ele></trkpt>
<trkpt lat="41.935213" lon="2.688928"><ele>190.25</ele></trkpt>
<trkpt lat="41.935027" lon="2.688894"><ele>189.0</ele></trkpt>
<trkpt lat="41.934879" lon="2.688880"><ele>189.0</ele></trkpt>
<trkpt lat="41.934629" lon="2.688768"><ele>187.5</ele></trkpt>
<trkpt lat="41.934414" lon="2.688736"><ele>186.25</ele></trkpt>
<trkpt lat="41.933504" lon="2.688950"><ele>177.5</ele></trkpt>
<trkpt lat="41.932999" lon="2.689094"><ele>173.0</ele></trkpt>
<trkpt lat="41.932732" lon="2.689201"><ele>172.25</ele></trkpt>
<trkpt lat="41.932502" lon="2.689420"><ele>169.25</ele></trkpt>
<trkpt lat="41.932354" lon="2.689527"><ele>166.0</ele></trkpt>
<trkpt lat="41.932140" lon="2.689548"><ele>163.75</ele></trkpt>
<trkpt lat="41.931949" lon="2.689500"><ele>161.0</ele></trkpt>
<trkpt lat="41.931796" lon="2.689513"><ele>160.0</ele></trkpt>
<trkpt lat="41.931551" lon="2.689660"><ele>159.5</ele></trkpt>
<trkpt lat="41.931461" lon="2.689706"><ele>159.25</ele></trkpt>
<trkpt lat="41.931467" lon="2.689766"><ele>159.5</ele></trkpt>
<trkpt lat="41.931442" lon="2.689801"><ele>159.75</ele></trkpt>
<trkpt lat="41.931383" lon="2.689885"><ele>160.5</ele></trkpt>
<trkpt lat="41.931285" lon="2.690024"><ele>161.5</ele></trkpt>
<trkpt lat="41.931124" lon="2.690068"><ele>161.5</ele></trkpt>
<trkpt lat="41.931051" lon="2.690069"><ele>160.75</ele></trkpt>
<trkpt lat="41.931005" lon="2.690053"><ele>160.0</ele></trkpt>
<trkpt lat="41.930972" lon="2.690086"><ele>160.5</ele></trkpt>
<trkpt lat="41.930787" lon="2.690230"><ele>160.75</ele></trkpt>
<trkpt lat="41.930702" lon="2.690316"><ele>161.0</ele></trkpt>
<trkpt lat="41.930666" lon="2.690365"><ele>161.0</ele></trkpt>
<trkpt lat="41.930637" lon="2.690421"><ele>161.0</ele></trkpt>
<trkpt lat="41.930593" lon="2.690538"><ele>160.75</ele></trkpt>
<trkpt lat="41.930511" lon="2.690796"><ele>160.75</ele></trkpt>
<trkpt lat="41.930476" lon="2.690975"><ele>161.75</ele></trkpt>
<trkpt lat="41.930467" lon="2.691176"><ele>162.75</ele></trkpt>
<trkpt lat="41.930469" lon="2.691391"><ele>163.25</ele></trkpt>
<trkpt lat="41.930448" lon="2.691620"><ele>164.0</ele></trkpt>
<trkpt lat="41.930401" lon="2.691887"><ele>164.75</ele></trkpt>
<trkpt lat="41.930305" lon="2.692302"><ele>164.75</ele></trkpt>
<trkpt lat="41.930291" lon="2.692384"><ele>164.75</ele></trkpt>
<trkpt lat="41.930256" lon="2.692785"><ele>165.75</ele></trkpt>
<trkpt lat="41.930219" lon="2.692908"><ele>165.5</ele></trkpt>
<trkpt lat="41.930162" lon="2.693056"><ele>165.25</ele></trkpt>
<trkpt lat="41.930119" lon="2.693138"><ele>165.25</ele></trkpt>
<trkpt lat="41.929828" lon="2.693552"><ele>164.0</ele></trkpt>
<trkpt lat="41.929743" lon="2.693695"><ele>162.25</ele></trkpt>
<trkpt lat="41.929722" lon="2.693754"><ele>162.0</ele></trkpt>
<trkpt lat="41.929657" lon="2.694000"><ele>162.5</ele></trkpt>
<trkpt lat="41.929631" lon="2.694067"><ele>162.5</ele></trkpt>
<trkpt lat="41.929547" lon="2.694213"><ele>162.25</ele></trkpt>
<trkpt lat="41.928877" lon="2.695066"><ele>160.0</ele></trkpt>
<trkpt lat="41.928599" lon="2.695428"><ele>159.25</ele></trkpt>
<trkpt lat="41.928350" lon="2.695766"><ele>158.0</ele></trkpt>
<trkpt lat="41.928246" lon="2.695926"><ele>157.75</ele></trkpt>
<trkpt lat="41.928199" lon="2.696012"><ele>157.75</ele></trkpt>
<trkpt lat="41.928121" lon="2.696205"><ele>157.75</ele></trkpt>
<trkpt lat="41.928077" lon="2.696290"><ele>157.75</ele></trkpt>
<trkpt lat="41.928031" lon="2.696363"><ele>157.5</ele></trkpt>
<trkpt lat="41.927973" lon="2.696429"><ele>157.5</ele></trkpt>
<trkpt lat="41.927692" lon="2.696693"><ele>157.5</ele></trkpt>
<trkpt lat="41.927288" lon="2.697076"><ele>157.25</ele></trkpt>
<trkpt lat="41.927159" lon="2.697216"><ele>157.5</ele></trkpt>
<trkpt lat="41.926993" lon="2.697414"><ele>156.25</ele></trkpt>
<trkpt lat="41.926614" lon="2.697912"><ele>156.75</ele></trkpt>
<trkpt lat="41.926481" lon="2.698111"><ele>156.5</ele></trkpt>
<trkpt lat="41.926366" lon="2.698309"><ele>154.75</ele></trkpt>
<trkpt lat="41.926263" lon="2.698464"><ele>154.5</ele></trkpt>
<trkpt lat="41.926194" lon="2.698543"><ele>154.25</ele></trkpt>
<trkpt lat="41.926052" lon="2.698672"><ele>153.75</ele></trkpt>
<trkpt lat="41.925827" lon="2.698829"><ele>153.75</ele></trkpt>
<trkpt lat="41.925377" lon="2.699153"><ele>154.5</ele></trkpt>
<trkpt lat="41.924967" lon="2.699523"><ele>155.5</ele></trkpt>
<trkpt lat="41.924803" lon="2.699692"><ele>155.0</ele></trkpt>
<trkpt lat="41.924476" lon="2.700061"><ele>154.5</ele></trkpt>
<trkpt lat="41.924160" lon="2.700463"><ele>155.25</ele></trkpt>
<trkpt lat="41.923994" lon="2.700626"><ele>154.25</ele></trkpt>
<trkpt lat="41.923665" lon="2.700968"><ele>152.75</ele></trkpt>
<trkpt lat="41.923593" lon="2.701032"><ele>152.5</ele></trkpt>
<trkpt lat="41.923520" lon="2.701071"><ele>152.0</ele></trkpt>
<trkpt lat="41.923423" lon="2.701100"><ele>151.25</ele></trkpt>
<trkpt lat="41.923340" lon="2.701126"><ele>151.25</ele></trkpt>
<trkpt lat="41.923227" lon="2.701177"><ele>151.25</ele></trkpt>
<trkpt lat="41.923104" lon="2.701255"><ele>151.25</ele></trkpt>
<trkpt lat="41.922960" lon="2.701378"><ele>151.0</ele></trkpt>
<trkpt lat="41.922561" lon="2.701821"><ele>149.75</ele></trkpt>
<trkpt lat="41.922447" lon="2.702000"><ele>150.0</ele></trkpt>
<trkpt lat="41.922393" lon="2.702211"><ele>150.5</ele></trkpt>
<trkpt lat="41.922276" lon="2.702895"><ele>150.0</ele></trkpt>
<trkpt lat="41.922128" lon="2.703633"><ele>150.0</ele></trkpt>
<trkpt lat="41.922013" lon="2.703959"><ele>151.0</ele></trkpt>
<trkpt lat="41.921690" lon="2.704558"><ele>153.5</ele></trkpt>
<trkpt lat="41.921589" lon="2.705137"><ele>154.0</ele></trkpt>
<trkpt lat="41.921599" lon="2.705833"><ele>156.25</ele></trkpt>
<trkpt lat="41.921707" lon="2.706642"><ele>157.25</ele></trkpt>
<trkpt lat="41.921714" lon="2.706687"><ele>157.25</ele></trkpt>
<trkpt lat="41.921730" lon="2.706934"><ele>157.25</ele></trkpt>
<trkpt lat="41.921754" lon="2.707158"><ele>156.75</ele></trkpt>
<trkpt lat="41.921767" lon="2.707666"><ele>153.75</ele></trkpt>
<trkpt lat="41.921768" lon="2.707764"><ele>153.5</ele></trkpt>
<trkpt lat="41.921786" lon="2.707979"><ele>153.25</ele></trkpt>
<trkpt lat="41.921768" lon="2.708174"><ele>152.75</ele></trkpt>
<trkpt lat="41.921732" lon="2.708304"><ele>152.5</ele></trkpt>
<trkpt lat="41.921429" lon="2.708426"><ele>151.25</ele></trkpt>
<trkpt lat="41.921274" lon="2.708598"><ele>150.75</ele></trkpt>
<trkpt lat="41.921245" lon="2.708760"><ele>150.0</ele></trkpt>
<trkpt lat="41.921278" lon="2.708875"><ele>150.5</ele></trkpt>
<trkpt lat="41.921337" lon="2.708991"><ele>149.75</ele></trkpt>
<trkpt lat="41.921526" lon="2.709521"><ele>148.25</ele></trkpt>
<trkpt lat="41.921884" lon="2.710308"><ele>147.25</ele></trkpt>
<trkpt lat="41.922071" lon="2.710687"><ele>147.75</ele></trkpt>
<trkpt lat="41.922109" lon="2.711266"><ele>151.5</ele></trkpt>
<trkpt lat="41.922100" lon="2.712083"><ele>151.0</ele></trkpt>
<trkpt lat="41.922086" lon="2.712634"><ele>144.5</ele></trkpt>
<trkpt lat="41.922061" lon="2.712884"><ele>143.75</ele></trkpt>
<trkpt lat="41.921856" lon="2.713190"><ele>142.5</ele></trkpt>
<trkpt lat="41.921773" lon="2.713252"><ele>142.25</ele></trkpt>
<trkpt lat="41.921734" lon="2.713368"><ele>142.5</ele></trkpt>
<trkpt lat="41.921490" lon="2.713720"><ele>142.25</ele></trkpt>
<trkpt lat="41.921098" lon="2.714127"><ele>142.0</ele></trkpt>
<trkpt lat="41.920829" lon="2.714252"><ele>141.75</ele></trkpt>
<trkpt lat="41.920187" lon="2.714303"><ele>141.5</ele></trkpt>
<trkpt lat="41.919693" lon="2.714311"><ele>142.0</ele></trkpt>
<trkpt lat="41.919298" lon="2.714286"><ele>142.75</ele></trkpt>
<trkpt lat="41.919141" lon="2.714236"><ele>143.0</ele></trkpt>
<trkpt lat="41.919075" lon="2.714337"><ele>144.25</ele></trkpt>
<trkpt lat="41.919008" lon="2.714681"><ele>147.25</ele></trkpt>
<trkpt lat="41.918925" lon="2.715043"><ele>148.5</ele></trkpt>
<trkpt lat="41.918714" lon="2.715592"><ele>155.0</ele></trkpt>
<trkpt lat="41.918542" lon="2.716124"><ele>158.0</ele></trkpt>
<trkpt lat="41.918319" lon="2.716365"><ele>159.75</ele></trkpt>
<trkpt lat="41.918095" lon="2.716365"><ele>159.75</ele></trkpt>
<trkpt lat="41.917700" lon="2.716124"><ele>162.75</ele></trkpt>
<trkpt lat="41.917171" lon="2.715917"><ele>165.0</ele></trkpt>
<trkpt lat="41.916883" lon="2.715859"><ele>162.75</ele></trkpt>
<trkpt lat="41.916446" lon="2.715935"><ele>160.5</ele></trkpt>
<trkpt lat="41.916102" lon="2.716082"><ele>160.75</ele></trkpt>
<trkpt lat="41.915963" lon="2.716103"><ele>161.5</ele></trkpt>
<trkpt lat="41.915794" lon="2.716090"><ele>162.25</ele></trkpt>
<trkpt lat="41.915555" lon="2.715980"><ele>163.75</ele></trkpt>
<trkpt lat="41.915254" lon="2.715842"><ele>164.0</ele></trkpt>
<trkpt lat="41.914189" lon="2.715722"><ele>167.5</ele></trkpt>
<trkpt lat="41.913841" lon="2.716686"><ele>163.75</ele></trkpt>
<trkpt lat="41.913488" lon="2.717635"><ele>160.25</ele></trkpt>
<trkpt lat="41.913340" lon="2.718100"><ele>160.75</ele></trkpt>
<trkpt lat="41.913125" lon="2.718730"><ele>159.5</ele></trkpt>
<trkpt lat="41.913096" lon="2.719061"><ele>159.25</ele></trkpt>
<trkpt lat="41.913089" lon="2.719349"><ele>158.25</ele></trkpt>
<trkpt lat="41.913143" lon="2.719889"><ele>156.75</ele></trkpt>
<trkpt lat="41.913129" lon="2.720018"><ele>156.75</ele></trkpt>
<trkpt lat="41.913121" lon="2.720090"><ele>157.0</ele></trkpt>
<trkpt lat="41.913007" lon="2.720622"><ele>157.75</ele></trkpt>
<trkpt lat="41.912935" lon="2.721249"><ele>157.5</ele></trkpt>
<trkpt lat="41.912911" lon="2.721644"><ele>155.5</ele></trkpt>
<trkpt lat="41.912963" lon="2.722567"><ele>150.0</ele></trkpt>
<trkpt lat="41.912976" lon="2.722679"><ele>149.75</ele></trkpt>
<trkpt lat="41.913017" lon="2.723035"><ele>149.25</ele></trkpt>
<trkpt lat="41.913108" lon="2.723482"><ele>149.0</ele></trkpt>
<trkpt lat="41.912543" lon="2.723574"><ele>152.75</ele></trkpt>
<trkpt lat="41.912160" lon="2.723327"><ele>153.0</ele></trkpt>
<trkpt lat="41.911912" lon="2.723327"><ele>153.0</ele></trkpt>
<trkpt lat="41.910922" lon="2.723789"><ele>149.5</ele></trkpt>
<trkpt lat="41.910731" lon="2.724003"><ele>148.75</ele></trkpt>
<trkpt lat="41.910531" lon="2.724078"><ele>148.5</ele></trkpt>
<trkpt lat="41.909841" lon="2.725049"><ele>141.0</ele></trkpt>
<trkpt lat="41.909602" lon="2.725384"><ele>139.5</ele></trkpt>
<trkpt lat="41.909477" lon="2.725512"><ele>139.75</ele></trkpt>
<trkpt lat="41.909389" lon="2.725602"><ele>139.75</ele></trkpt>
<trkpt lat="41.909383" lon="2.725757"><ele>138.25</ele></trkpt>
<trkpt lat="41.909111" lon="2.726100"><ele>137.25</ele></trkpt>
<trkpt lat="41.908833" lon="2.726197"><ele>138.0</ele></trkpt>
<trkpt lat="41.908686" lon="2.726271"><ele>137.25</ele></trkpt>
<trkpt lat="41.908514" lon="2.726424"><ele>136.25</ele></trkpt>
<trkpt lat="41.908243" lon="2.726772"><ele>133.0</ele></trkpt>
<trkpt lat="41.907967" lon="2.726891"><ele>132.5</ele></trkpt>
<trkpt lat="41.907731" lon="2.726823"><ele>132.75</ele></trkpt>
<trkpt lat="41.907463" lon="2.726624"><ele>133.25</ele></trkpt>
<trkpt lat="41.907232" lon="2.726519"><ele>133.5</ele></trkpt>
<trkpt lat="41.907035" lon="2.726498"><ele>132.75</ele></trkpt>
<trkpt lat="41.906910" lon="2.726642"><ele>131.75</ele></trkpt>
<trkpt lat="41.906777" lon="2.727149"><ele>131.0</ele></trkpt>
<trkpt lat="41.906664" lon="2.727644"><ele>130.75</ele></trkpt>
<trkpt lat="41.906632" lon="2.727963"><ele>130.25</ele></trkpt>
<trkpt lat="41.906712" lon="2.728456"><ele>129.75</ele></trkpt>
<trkpt lat="41.906684" lon="2.728747"><ele>128.75</ele></trkpt>
<trkpt lat="41.906560" lon="2.728957"><ele>128.25</ele></trkpt>
<trkpt lat="41.906406" lon="2.729102"><ele>128.25</ele></trkpt>
<trkpt lat="41.906330" lon="2.729119"><ele>128.25</ele></trkpt>
<trkpt lat="41.906236" lon="2.729089"><ele>128.75</ele></trkpt>
<trkpt lat="41.906110" lon="2.729003"><ele>129.0</ele></trkpt>
<trkpt lat="41.905943" lon="2.728921"><ele>129.0</ele></trkpt>
<trkpt lat="41.905364" lon="2.728747"><ele>129.0</ele></trkpt>
<trkpt lat="41.905140" lon="2.728652"><ele>129.0</ele></trkpt>
<trkpt lat="41.904786" lon="2.728524"><ele>129.0</ele></trkpt>
<trkpt lat="41.904309" lon="2.728409"><ele>128.25</ele></trkpt>
<trkpt lat="41.904076" lon="2.728364"><ele>127.0</ele></trkpt>
<trkpt lat="41.903865" lon="2.728360"><ele>125.25</ele></trkpt>
<trkpt lat="41.903727" lon="2.728372"><ele>126.25</ele></trkpt>
<trkpt lat="41.903654" lon="2.728353"><ele>126.75</ele></trkpt>
<trkpt lat="41.903586" lon="2.728295"><ele>127.25</ele></trkpt>
<trkpt lat="41.903278" lon="2.727484"><ele>128.0</ele></trkpt>
<trkpt lat="41.903171" lon="2.727257"><ele>128.75</ele></trkpt>
<trkpt lat="41.902966" lon="2.727076"><ele>130.5</ele></trkpt>
<trkpt lat="41.902854" lon="2.726914"><ele>130.75</ele></trkpt>
<trkpt lat="41.902703" lon="2.726668"><ele>130.5</ele></trkpt>
<trkpt lat="41.902591" lon="2.726558"><ele>130.5</ele></trkpt>
<trkpt lat="41.902446" lon="2.726558"><ele>130.25</ele></trkpt>
<trkpt lat="41.902161" lon="2.726609"><ele>130.5</ele></trkpt>
<trkpt lat="41.902098" lon="2.726685"><ele>130.25</ele></trkpt>
<trkpt lat="41.901744" lon="2.726805"><ele>130.5</ele></trkpt>
<trkpt lat="41.901250" lon="2.726925"><ele>129.5</ele></trkpt>
<trkpt lat="41.900714" lon="2.726990"><ele>127.25</ele></trkpt>
<trkpt lat="41.900292" lon="2.726900"><ele>127.0</ele></trkpt>
<trkpt lat="41.900064" lon="2.726792"><ele>126.5</ele></trkpt>
<trkpt lat="41.899712" lon="2.726520"><ele>126.5</ele></trkpt>
<trkpt lat="41.899530" lon="2.726449"><ele>126.75</ele></trkpt>
<trkpt lat="41.899009" lon="2.726459"><ele>130.75</ele></trkpt>
<trkpt lat="41.898788" lon="2.726382"><ele>132.0</ele></trkpt>
<trkpt lat="41.898498" lon="2.726312"><ele>133.0</ele></trkpt>
<trkpt lat="41.898235" lon="2.726409"><ele>132.75</ele></trkpt>
<trkpt lat="41.898012" lon="2.726558"><ele>132.0</ele></trkpt>
<trkpt lat="41.897624" lon="2.726890"><ele>129.0</ele></trkpt>
<trkpt lat="41.897260" lon="2.727076"><ele>128.75</ele></trkpt>
<trkpt lat="41.897072" lon="2.727198"><ele>128.5</ele></trkpt>
<trkpt lat="41.896908" lon="2.727384"><ele>128.5</ele></trkpt>
<trkpt lat="41.896573" lon="2.727921"><ele>127.75</ele></trkpt>
<trkpt lat="41.896296" lon="2.728413"><ele>128.0</ele></trkpt>
<trkpt lat="41.896132" lon="2.728885"><ele>127.75</ele></trkpt>
<trkpt lat="41.896075" lon="2.729033"><ele>127.0</ele></trkpt>
<trkpt lat="41.895948" lon="2.729149"><ele>126.75</ele></trkpt>
<trkpt lat="41.895716" lon="2.729247"><ele>126.25</ele></trkpt>
<trkpt lat="41.895520" lon="2.729291"><ele>126.0</ele></trkpt>
<trkpt lat="41.895407" lon="2.729412"><ele>125.25</ele></trkpt>
<trkpt lat="41.895252" lon="2.730313"><ele>123.75</ele></trkpt>
<trkpt lat="41.895213" lon="2.730378"><ele>123.25</ele></trkpt>
<trkpt lat="41.895156" lon="2.730426"><ele>123.25</ele></trkpt>
<trkpt lat="41.895038" lon="2.730427"><ele>123.0</ele></trkpt>
<trkpt lat="41.894700" lon="2.730360"><ele>122.75</ele></trkpt>
<trkpt lat="41.894149" lon="2.729764"><ele>123.75</ele></trkpt>
<trkpt lat="41.893783" lon="2.729427"><ele>123.75</ele></trkpt>
<trkpt lat="41.893410" lon="2.729197"><ele>125.5</ele></trkpt>
<trkpt lat="41.893233" lon="2.729121"><ele>125.0</ele></trkpt>
<trkpt lat="41.893149" lon="2.729104"><ele>124.75</ele></trkpt>
<trkpt lat="41.892979" lon="2.729209"><ele>123.75</ele></trkpt>
<trkpt lat="41.892616" lon="2.729334"><ele>123.25</ele></trkpt>
<trkpt lat="41.892370" lon="2.729527"><ele>123.0</ele></trkpt>
<trkpt lat="41.892278" lon="2.729667"><ele>123.0</ele></trkpt>
<trkpt lat="41.892238" lon="2.729819"><ele>123.0</ele></trkpt>
<trkpt lat="41.892184" lon="2.730230"><ele>123.0</ele></trkpt>
<trkpt lat="41.892154" lon="2.730842"><ele>123.5</ele></trkpt>
<trkpt lat="41.892127" lon="2.731055"><ele>123.0</ele></trkpt>
<trkpt lat="41.892029" lon="2.731309"><ele>123.0</ele></trkpt>
<trkpt lat="41.891946" lon="2.731474"><ele>122.75</ele></trkpt>
<trkpt lat="41.892110" lon="2.731667"><ele>123.0</ele></trkpt>
<trkpt lat="41.892155" lon="2.731680"><ele>123.0</ele></trkpt>
<trkpt lat="41.892197" lon="2.731706"><ele>123.0</ele></trkpt>
<trkpt lat="41.892129" lon="2.731804"><ele>123.0</ele></trkpt>
<trkpt lat="41.892043" lon="2.731702"><ele>123.0</ele></trkpt>
<trkpt lat="41.891940" lon="2.731567"><ele>123.0</ele></trkpt>
<trkpt lat="41.891822" lon="2.731871"><ele>122.25</ele></trkpt>
<trkpt lat="41.891762" lon="2.731996"><ele>121.5</ele></trkpt>
<trkpt lat="41.891701" lon="2.731947"><ele>121.25</ele></trkpt>
<trkpt lat="41.891503" lon="2.732394"><ele>121.75</ele></trkpt>
<trkpt lat="41.890759" lon="2.733960"><ele>121.5</ele></trkpt>
<trkpt lat="41.890580" lon="2.734385"><ele>121.0</ele></trkpt>
<trkpt lat="41.890152" lon="2.735509"><ele>121.0</ele></trkpt>
<trkpt lat="41.889915" lon="2.736090"><ele>121.25</ele></trkpt>
<trkpt lat="41.889769" lon="2.736333"><ele>120.25</ele></trkpt>
<trkpt lat="41.889686" lon="2.736423"><ele>120.0</ele></trkpt>
<trkpt lat="41.889605" lon="2.736490"><ele>120.0</ele></trkpt>
<trkpt lat="41.889348" lon="2.736589"><ele>120.75</ele></trkpt>
<trkpt lat="41.889170" lon="2.736681"><ele>120.75</ele></trkpt>
<trkpt lat="41.889006" lon="2.736825"><ele>121.0</ele></trkpt>
<trkpt lat="41.888913" lon="2.736936"><ele>121.0</ele></trkpt>
<trkpt lat="41.888860" lon="2.737060"><ele>120.5</ele></trkpt>
<trkpt lat="41.888810" lon="2.737144"><ele>120.25</ele></trkpt>
<trkpt lat="41.888722" lon="2.737219"><ele>120.0</ele></trkpt>
<trkpt lat="41.888653" lon="2.737283"><ele>120.0</ele></trkpt>
<trkpt lat="41.888512" lon="2.737448"><ele>120.0</ele></trkpt>
<trkpt lat="41.888404" lon="2.737623"><ele>119.75</ele></trkpt>
<trkpt lat="41.888353" lon="2.737677"><ele>120.0</ele></trkpt>
<trkpt lat="41.888290" lon="2.737729"><ele>120.0</ele></trkpt>
<trkpt lat="41.887991" lon="2.738134"><ele>119.25</ele></trkpt>
<trkpt lat="41.887679" lon="2.738462"><ele>118.75</ele></trkpt>
<trkpt lat="41.887431" lon="2.738793"><ele>119.0</ele></trkpt>
<trkpt lat="41.887210" lon="2.739137"><ele>118.25</ele></trkpt>
<trkpt lat="41.886967" lon="2.739572"><ele>118.5</ele></trkpt>
<trkpt lat="41.886859" lon="2.739433"><ele>118.25</ele></trkpt>
<trkpt lat="41.886425" lon="2.738678"><ele>122.5</ele></trkpt>
<trkpt lat="41.886373" lon="2.738548"><ele>123.5</ele></trkpt>
<trkpt lat="41.886345" lon="2.738477"><ele>124.0</ele></trkpt>
<trkpt lat="41.886241" lon="2.737852"><ele>127.75</ele></trkpt>
<trkpt lat="41.886052" lon="2.737427"><ele>129.5</ele></trkpt>
<trkpt lat="41.885922" lon="2.737062"><ele>131.0</ele></trkpt>
<trkpt lat="41.885853" lon="2.736893"><ele>131.75</ele></trkpt>
<trkpt lat="41.885729" lon="2.736803"><ele>132.0</ele></trkpt>
<trkpt lat="41.885588" lon="2.736625"><ele>132.75</ele></trkpt>
<trkpt lat="41.885326" lon="2.736292"><ele>132.75</ele></trkpt>
<trkpt lat="41.884957" lon="2.736092"><ele>131.75</ele></trkpt>
<trkpt lat="41.884736" lon="2.735990"><ele>131.75</ele></trkpt>
<trkpt lat="41.884382" lon="2.735721"><ele>130.75</ele></trkpt>
<trkpt lat="41.884022" lon="2.735030"><ele>128.75</ele></trkpt>
<trkpt lat="41.883611" lon="2.733979"><ele>126.5</ele></trkpt>
<trkpt lat="41.883251" lon="2.733441"><ele>126.0</ele></trkpt>
<trkpt lat="41.882912" lon="2.732970"><ele>125.75</ele></trkpt>
<trkpt lat="41.882552" lon="2.732455"><ele>127.75</ele></trkpt>
<trkpt lat="41.882319" lon="2.732150"><ele>129.0</ele></trkpt>
<trkpt lat="41.882143" lon="2.731829"><ele>129.5</ele></trkpt>
<trkpt lat="41.881665" lon="2.730797"><ele>129.75</ele></trkpt>
<trkpt lat="41.881158" lon="2.729800"><ele>124.75</ele></trkpt>
<trkpt lat="41.881007" lon="2.729543"><ele>124.75</ele></trkpt>
<trkpt lat="41.880990" lon="2.729526"><ele>124.75</ele></trkpt>
<trkpt lat="41.880827" lon="2.729365"><ele>125.0</ele></trkpt>
<trkpt lat="41.880606" lon="2.729186"><ele>127.25</ele></trkpt>
<trkpt lat="41.880316" lon="2.729036"><ele>127.25</ele></trkpt>
<trkpt lat="41.879787" lon="2.728871"><ele>129.5</ele></trkpt>
<trkpt lat="41.879737" lon="2.728819"><ele>130.75</ele></trkpt>
<trkpt lat="41.879721" lon="2.728711"><ele>131.5</ele></trkpt>
<trkpt lat="41.879749" lon="2.728518"><ele>131.25</ele></trkpt>
<trkpt lat="41.879661" lon="2.728282"><ele>132.75</ele></trkpt>
<trkpt lat="41.879478" lon="2.728001"><ele>133.75</ele></trkpt>
<trkpt lat="41.878891" lon="2.726301"><ele>134.25</ele></trkpt>
<trkpt lat="41.878718" lon="2.725718"><ele>134.75</ele></trkpt>
<trkpt lat="41.878699" lon="2.725263"><ele>134.75</ele></trkpt>
<trkpt lat="41.878494" lon="2.724902"><ele>135.0</ele></trkpt>
<trkpt lat="41.878284" lon="2.724624"><ele>135.0</ele></trkpt>
<trkpt lat="41.878141" lon="2.724337"><ele>134.25</ele></trkpt>
<trkpt lat="41.878133" lon="2.724280"><ele>134.25</ele></trkpt>
<trkpt lat="41.878055" lon="2.723960"><ele>133.75</ele></trkpt>
<trkpt lat="41.877949" lon="2.723684"><ele>133.5</ele></trkpt>
<trkpt lat="41.877813" lon="2.723170"><ele>131.5</ele></trkpt>
<trkpt lat="41.877755" lon="2.722852"><ele>130.0</ele></trkpt>
<trkpt lat="41.877704" lon="2.722527"><ele>129.5</ele></trkpt>
<trkpt lat="41.877693" lon="2.722409"><ele>129.75</ele></trkpt>
<trkpt lat="41.877575" lon="2.721821"><ele>133.0</ele></trkpt>
<trkpt lat="41.877322" lon="2.720634"><ele>136.0</ele></trkpt>
<trkpt lat="41.877295" lon="2.720463"><ele>136.25</ele></trkpt>
<trkpt lat="41.877247" lon="2.719846"><ele>136.25</ele></trkpt>
<trkpt lat="41.877169" lon="2.719442"><ele>136.25</ele></trkpt>
<trkpt lat="41.877093" lon="2.719251"><ele>135.75</ele></trkpt>
<trkpt lat="41.876904" lon="2.719011"><ele>135.75</ele></trkpt>
<trkpt lat="41.876830" lon="2.718860"><ele>136.75</ele></trkpt>
<trkpt lat="41.876757" lon="2.718698"><ele>137.0</ele></trkpt>
<trkpt lat="41.876710" lon="2.718524"><ele>138.0</ele></trkpt>
<trkpt lat="41.876670" lon="2.718357"><ele>139.75</ele></trkpt>
<trkpt lat="41.876631" lon="2.718040"><ele>140.75</ele></trkpt>
<trkpt lat="41.876591" lon="2.717689"><ele>141.0</ele></trkpt>
<trkpt lat="41.876587" lon="2.717556"><ele>140.75</ele></trkpt>
<trkpt lat="41.876596" lon="2.717482"><ele>140.5</ele></trkpt>
<trkpt lat="41.876627" lon="2.717443"><ele>140.0</ele></trkpt>
<trkpt lat="41.876683" lon="2.717414"><ele>139.75</ele></trkpt>
<trkpt lat="41.876872" lon="2.717340"><ele>140.5</ele></trkpt>
<trkpt lat="41.876903" lon="2.717278"><ele>140.0</ele></trkpt>
<trkpt lat="41.876902" lon="2.717184"><ele>139.25</ele></trkpt>
<trkpt lat="41.876889" lon="2.717044"><ele>138.75</ele></trkpt>
<trkpt lat="41.876777" lon="2.716699"><ele>138.0</ele></trkpt>
<trkpt lat="41.876544" lon="2.716285"><ele>136.0</ele></trkpt>
<trkpt lat="41.876372" lon="2.716067"><ele>132.75</ele></trkpt>
<trkpt lat="41.876082" lon="2.715842"><ele>131.0</ele></trkpt>
<trkpt lat="41.875845" lon="2.715705"><ele>131.25</ele></trkpt>
<trkpt lat="41.875693" lon="2.715448"><ele>132.25</ele></trkpt>
<trkpt lat="41.875467" lon="2.714844"><ele>133.5</ele></trkpt>
<trkpt lat="41.875400" lon="2.714618"><ele>133.5</ele></trkpt>
<trkpt lat="41.875353" lon="2.714458"><ele>133.5</ele></trkpt>
<trkpt lat="41.875064" lon="2.712701"><ele>134.5</ele></trkpt>
<trkpt lat="41.875010" lon="2.712462"><ele>135.0</ele></trkpt>
<trkpt lat="41.874828" lon="2.711540"><ele>135.0</ele></trkpt>
<trkpt lat="41.874545" lon="2.710008"><ele>137.0</ele></trkpt>
<trkpt lat="41.874467" lon="2.709536"><ele>138.5</ele></trkpt>
<trkpt lat="41.874397" lon="2.709209"><ele>137.5</ele></trkpt>
<trkpt lat="41.874311" lon="2.708750"><ele>136.75</ele></trkpt>
<trkpt lat="41.874239" lon="2.708133"><ele>135.75</ele></trkpt>
<trkpt lat="41.874105" lon="2.707779"><ele>135.75</ele></trkpt>
<trkpt lat="41.874031" lon="2.707554"><ele>136.5</ele></trkpt>
<trkpt lat="41.874059" lon="2.707248"><ele>138.0</ele></trkpt>
<trkpt lat="41.874053" lon="2.706969"><ele>139.0</ele></trkpt>
<trkpt lat="41.874001" lon="2.706680"><ele>139.75</ele></trkpt>
<trkpt lat="41.873955" lon="2.706548"><ele>139.25</ele></trkpt>
<trkpt lat="41.873844" lon="2.706421"><ele>138.75</ele></trkpt>
<trkpt lat="41.873959" lon="2.705484"><ele>143.0</ele></trkpt>
<trkpt lat="41.873149" lon="2.705502"><ele>136.25</ele></trkpt>
<trkpt lat="41.873076" lon="2.705520"><ele>136.0</ele></trkpt>
<trkpt lat="41.873063" lon="2.705178"><ele>136.0</ele></trkpt>
<trkpt lat="41.873063" lon="2.705042"><ele>136.0</ele></trkpt>
<trkpt lat="41.872797" lon="2.705026"><ele>135.75</ele></trkpt>
<trkpt lat="41.872688" lon="2.705029"><ele>135.5</ele></trkpt>
<trkpt lat="41.871125" lon="2.705074"><ele>135.0</ele></trkpt>
<trkpt lat="41.870184" lon="2.705099"><ele>143.0</ele></trkpt>
<trkpt lat="41.869344" lon="2.705117"><ele>152.25</ele></trkpt>
<trkpt lat="41.868576" lon="2.705129"><ele>148.5</ele></trkpt>
<trkpt lat="41.868024" lon="2.705148"><ele>142.0</ele></trkpt>
<trkpt lat="41.867980" lon="2.704052"><ele>144.5</ele></trkpt>
<trkpt lat="41.867851" lon="2.699648"><ele>134.5</ele></trkpt>
<trkpt lat="41.866062" lon="2.699658"><ele>124.25</ele></trkpt>
<trkpt lat="41.865389" lon="2.699025"><ele>130.0</ele></trkpt>
<trkpt lat="41.864690" lon="2.698352"><ele>134.75</ele></trkpt>
<trkpt lat="41.864084" lon="2.697741"><ele>145.25</ele></trkpt>
<trkpt lat="41.864648" lon="2.697150"><ele>146.75</ele></trkpt>
<trkpt lat="41.865073" lon="2.696764"><ele>150.0</ele></trkpt>
<trkpt lat="41.865271" lon="2.696584"><ele>150.5</ele></trkpt>
<trkpt lat="41.865935" lon="2.696065"><ele>148.5</ele></trkpt>
<trkpt lat="41.866342" lon="2.695725"><ele>149.5</ele></trkpt>
<trkpt lat="41.866426" lon="2.695524"><ele>149.5</ele></trkpt>
<trkpt lat="41.866496" lon="2.695186"><ele>149.0</ele></trkpt>
<trkpt lat="41.866614" lon="2.694487"><ele>146.5</ele></trkpt>
<trkpt lat="41.866488" lon="2.694447"><ele>145.5</ele></trkpt>
<trkpt lat="41.866234" lon="2.694273"><ele>144.75</ele></trkpt>
<trkpt lat="41.865942" lon="2.694030"><ele>144.0</ele></trkpt>
<trkpt lat="41.865772" lon="2.693776"><ele>143.0</ele></trkpt>
<trkpt lat="41.865583" lon="2.693399"><ele>140.75</ele></trkpt>
<trkpt lat="41.865472" lon="2.693163"><ele>139.75</ele></trkpt>
<trkpt lat="41.865398" lon="2.693060"><ele>139.75</ele></trkpt>
<trkpt lat="41.865202" lon="2.692904"><ele>139.75</ele></trkpt>
<trkpt lat="41.864994" lon="2.692808"><ele>140.25</ele></trkpt>
<trkpt lat="41.864821" lon="2.692685"><ele>139.5</ele></trkpt>
<trkpt lat="41.864708" lon="2.692481"><ele>139.75</ele></trkpt>
<trkpt lat="41.864659" lon="2.692369"><ele>139.75</ele></trkpt>
<trkpt lat="41.864589" lon="2.692289"><ele>138.75</ele></trkpt>
<trkpt lat="41.864446" lon="2.692224"><ele>136.0</ele></trkpt>
<trkpt lat="41.864310" lon="2.692123"><ele>134.5</ele></trkpt>
<trkpt lat="41.864137" lon="2.691886"><ele>132.0</ele></trkpt>
<trkpt lat="41.863970" lon="2.691800"><ele>130.5</ele></trkpt>
<trkpt lat="41.863849" lon="2.691702"><ele>128.75</ele></trkpt>
<trkpt lat="41.863811" lon="2.691546"><ele>128.25</ele></trkpt>
<trkpt lat="41.863790" lon="2.691292"><ele>127.25</ele></trkpt>
<trkpt lat="41.863806" lon="2.690953"><ele>125.5</ele></trkpt>
<trkpt lat="41.863791" lon="2.690828"><ele>125.25</ele></trkpt>
<trkpt lat="41.863695" lon="2.690626"><ele>125.75</ele></trkpt>
<trkpt lat="41.863684" lon="2.690592"><ele>126.0</ele></trkpt>
<trkpt lat="41.863366" lon="2.690659"><ele>124.25</ele></trkpt>
<trkpt lat="41.863194" lon="2.690675"><ele>123.75</ele></trkpt>
<trkpt lat="41.863059" lon="2.690661"><ele>123.5</ele></trkpt>
<trkpt lat="41.862814" lon="2.690628"></trkpt>
<trkpt lat="41.862847" lon="2.690289"><ele>125.25</ele></trkpt>
<trkpt lat="41.862861" lon="2.690210"><ele>125.75</ele></trkpt>
<trkpt lat="41.863006" lon="2.690258"><ele>126.75</ele></trkpt>
<trkpt lat="41.863105" lon="2.690263"><ele>127.5</ele></trkpt>
<trkpt lat="41.862894" lon="2.690049"><ele>127.25</ele></trkpt>
<trkpt lat="41.862778" lon="2.689891"><ele>126.0</ele></trkpt>
<trkpt lat="41.862651" lon="2.689587"><ele>126.75</ele></trkpt>
<trkpt lat="41.862618" lon="2.689408"><ele>127.0</ele></trkpt>
<trkpt lat="41.862573" lon="2.688955"><ele>122.0</ele></trkpt>
<trkpt lat="41.862508" lon="2.688631"><ele>118.0</ele></trkpt>
<trkpt lat="41.862426" lon="2.688362"><ele>117.0</ele></trkpt>
<trkpt lat="41.862222" lon="2.687884"><ele>114.75</ele></trkpt>
<trkpt lat="41.862023" lon="2.687654"><ele>114.0</ele></trkpt>
<trkpt lat="41.861974" lon="2.687596"><ele>114.0</ele></trkpt>
<trkpt lat="41.861793" lon="2.687343"><ele>116.0</ele></trkpt>
<trkpt lat="41.861668" lon="2.687123"><ele>116.25</ele></trkpt>
<trkpt lat="41.860702" lon="2.685738"><ele>120.75</ele></trkpt>
<trkpt lat="41.860481" lon="2.685312"><ele>121.25</ele></trkpt>
<trkpt lat="41.860443" lon="2.685239"><ele>121.25</ele></trkpt>
<trkpt lat="41.860205" lon="2.684703"><ele>120.0</ele></trkpt>
<trkpt lat="41.860123" lon="2.684449"><ele>120.0</ele></trkpt>
<trkpt lat="41.860051" lon="2.684102"><ele>118.5</ele></trkpt>
<trkpt lat="41.860035" lon="2.683701"><ele>116.5</ele></trkpt>
<trkpt lat="41.860042" lon="2.683307"><ele>116.25</ele></trkpt>
<trkpt lat="41.860064" lon="2.682801"><ele>117.0</ele></trkpt>
<trkpt lat="41.860070" lon="2.682656"><ele>117.0</ele></trkpt>
<trkpt lat="41.860059" lon="2.682550"><ele>117.0</ele></trkpt>
<trkpt lat="41.859986" lon="2.682303"><ele>117.0</ele></trkpt>
<trkpt lat="41.859641" lon="2.681674"><ele>119.25</ele></trkpt>
<trkpt lat="41.859389" lon="2.681283"><ele>121.25</ele></trkpt>
<trkpt lat="41.859138" lon="2.681005"><ele>125.0</ele></trkpt>
<trkpt lat="41.858877" lon="2.680827"><ele>125.0</ele></trkpt>
<trkpt lat="41.858568" lon="2.680630"><ele>126.5</ele></trkpt>
<trkpt lat="41.858690" lon="2.680667"><ele>127.25</ele></trkpt>
<trkpt lat="41.858958" lon="2.680707"><ele>127.75</ele></trkpt>
<trkpt lat="41.859078" lon="2.680667"><ele>128.75</ele></trkpt>
<trkpt lat="41.859177" lon="2.680595"><ele>130.0</ele></trkpt>
<trkpt lat="41.859276" lon="2.680468"><ele>131.5</ele></trkpt>
<trkpt lat="41.859465" lon="2.680115"><ele>134.5</ele></trkpt>
<trkpt lat="41.859594" lon="2.679892"><ele>135.5</ele></trkpt>
<trkpt lat="41.859684" lon="2.679771"><ele>136.5</ele></trkpt>
<trkpt lat="41.860030" lon="2.679431"><ele>138.0</ele></trkpt>
<trkpt lat="41.860213" lon="2.679161"><ele>140.0</ele></trkpt>
<trkpt lat="41.860393" lon="2.678873"><ele>140.75</ele></trkpt>
<trkpt lat="41.860499" lon="2.678613"><ele>141.5</ele></trkpt>
<trkpt lat="41.860658" lon="2.678291"><ele>141.0</ele></trkpt>
<trkpt lat="41.860711" lon="2.678102"><ele>140.75</ele></trkpt>
<trkpt lat="41.860822" lon="2.677820"><ele>142.5</ele></trkpt>
<trkpt lat="41.860916" lon="2.677649"><ele>143.0</ele></trkpt>
<trkpt lat="41.861302" lon="2.677349"><ele>145.75</ele></trkpt>
<trkpt lat="41.861539" lon="2.677126"><ele>146.75</ele></trkpt>
<trkpt lat="41.861744" lon="2.676937"><ele>146.75</ele></trkpt>
<trkpt lat="41.861793" lon="2.676866"><ele>146.75</ele></trkpt>
<trkpt lat="41.861806" lon="2.676828"><ele>146.75</ele></trkpt>
<trkpt lat="41.861892" lon="2.676578"><ele>147.0</ele></trkpt>
<trkpt lat="41.861957" lon="2.676432"><ele>147.0</ele></trkpt>
<trkpt lat="41.862104" lon="2.676203"><ele>145.25</ele></trkpt>
<trkpt lat="41.862317" lon="2.675932"><ele>144.75</ele></trkpt>
<trkpt lat="41.863143" lon="2.674556"><ele>143.25</ele></trkpt>
<trkpt lat="41.863372" lon="2.673984"><ele>142.5</ele></trkpt>
<trkpt lat="41.863094" lon="2.672021"><ele>134.75</ele></trkpt>
<trkpt lat="41.862098" lon="2.670766"><ele>150.0</ele></trkpt>
<trkpt lat="41.861530" lon="2.670598"><ele>147.75</ele></trkpt>
<trkpt lat="41.861340" lon="2.670882"><ele>145.75</ele></trkpt>
<trkpt lat="41.860588" lon="2.673651"><ele>143.75</ele></trkpt>
<trkpt lat="41.861167" lon="2.673672"><ele>141.5</ele></trkpt>
<trkpt lat="41.861088" lon="2.673768"><ele>141.25</ele></trkpt>
<trkpt lat="41.861009" lon="2.673837"><ele>141.25</ele></trkpt>
<trkpt lat="41.860967" lon="2.673850"><ele>141.25</ele></trkpt>
<trkpt lat="41.860917" lon="2.673849"><ele>141.75</ele></trkpt>
<trkpt lat="41.860798" lon="2.673788"><ele>143.0</ele></trkpt>
<trkpt lat="41.860588" lon="2.673651"><ele>143.75</ele></trkpt>
<trkpt lat="41.860134" lon="2.673318"><ele>144.25</ele></trkpt>
<trkpt lat="41.860033" lon="2.673622"><ele>143.75</ele></trkpt>
<trkpt lat="41.859730" lon="2.674426"><ele>141.0</ele></trkpt>
<trkpt lat="41.859607" lon="2.674849"><ele>140.75</ele></trkpt>
<trkpt lat="41.859606" lon="2.675178"><ele>138.75</ele></trkpt>
<trkpt lat="41.859549" lon="2.675542"><ele>136.75</ele></trkpt>
<trkpt lat="41.859368" lon="2.676131"><ele>133.0</ele></trkpt>
<trkpt lat="41.859334" lon="2.676204"><ele>133.0</ele></trkpt>
<trkpt lat="41.859093" lon="2.676727"><ele>130.5</ele></trkpt>
<trkpt lat="41.858809" lon="2.677232"><ele>129.0</ele></trkpt>
<trkpt lat="41.858520" lon="2.677729"><ele>128.0</ele></trkpt>
<trkpt lat="41.858395" lon="2.677963"><ele>126.75</ele></trkpt>
<trkpt lat="41.858306" lon="2.678169"><ele>125.75</ele></trkpt>
<trkpt lat="41.858261" lon="2.678158"><ele>126.5</ele></trkpt>
<trkpt lat="41.858159" lon="2.678301"><ele>127.0</ele></trkpt>
<trkpt lat="41.858088" lon="2.678354"><ele>127.5</ele></trkpt>
<trkpt lat="41.857988" lon="2.678402"><ele>128.75</ele></trkpt>
<trkpt lat="41.857683" lon="2.678031"><ele>134.0</ele></trkpt>
<trkpt lat="41.857344" lon="2.678504"><ele>135.5</ele></trkpt>
<trkpt lat="41.857044" lon="2.678923"><ele>134.25</ele></trkpt>
<trkpt lat="41.856979" lon="2.678932"><ele>134.5</ele></trkpt>
<trkpt lat="41.856569" lon="2.678437"><ele>135.5</ele></trkpt>
<trkpt lat="41.855972" lon="2.679465"><ele>129.75</ele></trkpt>
<trkpt lat="41.855898" lon="2.679636"><ele>129.25</ele></trkpt>
<trkpt lat="41.855873" lon="2.679710"><ele>129.0</ele></trkpt>
<trkpt lat="41.855867" lon="2.679770"><ele>129.0</ele></trkpt>
<trkpt lat="41.855894" lon="2.679878"><ele>129.0</ele></trkpt>
<trkpt lat="41.856029" lon="2.680077"><ele>128.75</ele></trkpt>
<trkpt lat="41.856182" lon="2.680339"><ele>127.75</ele></trkpt>
<trkpt lat="41.856235" lon="2.680443"><ele>127.25</ele></trkpt>
<trkpt lat="41.856282" lon="2.680554"><ele>126.75</ele></trkpt>
<trkpt lat="41.856328" lon="2.680699"><ele>126.25</ele></trkpt>
<trkpt lat="41.856289" lon="2.681035"><ele>125.25</ele></trkpt>
<trkpt lat="41.856620" lon="2.683002"><ele>119.5</ele></trkpt>
<trkpt lat="41.856617" lon="2.683331"><ele>119.25</ele></trkpt>
<trkpt lat="41.856621" lon="2.683444"><ele>118.75</ele></trkpt>
<trkpt lat="41.856608" lon="2.683529"><ele>118.5</ele></trkpt>
<trkpt lat="41.856535" lon="2.683925"><ele>118.25</ele></trkpt>
<trkpt lat="41.856510" lon="2.684027"><ele>118.25</ele></trkpt>
<trkpt lat="41.856118" lon="2.685384"><ele>117.75</ele></trkpt>
<trkpt lat="41.856016" lon="2.685749"><ele>117.5</ele></trkpt>
<trkpt lat="41.855651" lon="2.687227"><ele>114.5</ele></trkpt>
<trkpt lat="41.855412" lon="2.687169"><ele>115.0</ele></trkpt>
<trkpt lat="41.855029" lon="2.687076"><ele>116.25</ele></trkpt>
<trkpt lat="41.854964" lon="2.687721"><ele>116.0</ele></trkpt>
<trkpt lat="41.854947" lon="2.687904"><ele>115.5</ele></trkpt>
<trkpt lat="41.854888" lon="2.688582"><ele>113.75</ele></trkpt>
<trkpt lat="41.854791" lon="2.689173"><ele>113.25</ele></trkpt>
<trkpt lat="41.854683" lon="2.689444"><ele>114.0</ele></trkpt>
<trkpt lat="41.854549" lon="2.689671"><ele>113.0</ele></trkpt>
<trkpt lat="41.854318" lon="2.689897"><ele>112.75</ele></trkpt>
<trkpt lat="41.854101" lon="2.690021"><ele>113.0</ele></trkpt>
<trkpt lat="41.853757" lon="2.690093"><ele>113.75</ele></trkpt>
<trkpt lat="41.853613" lon="2.690099"><ele>113.75</ele></trkpt>
<trkpt lat="41.853158" lon="2.690006"><ele>114.5</ele></trkpt>
<trkpt lat="41.852798" lon="2.689821"><ele>115.0</ele></trkpt>
<trkpt lat="41.852593" lon="2.689663"><ele>115.0</ele></trkpt>
<trkpt lat="41.852406" lon="2.689468"><ele>115.25</ele></trkpt>
<trkpt lat="41.852259" lon="2.689250"><ele>115.75</ele></trkpt>
<trkpt lat="41.851788" lon="2.688404"><ele>118.5</ele></trkpt>
<trkpt lat="41.851703" lon="2.688242"><ele>119.25</ele></trkpt>
<trkpt lat="41.851351" lon="2.687490"><ele>122.0</ele></trkpt>
<trkpt lat="41.851009" lon="2.688191"><ele>121.75</ele></trkpt>
<trkpt lat="41.851006" lon="2.688224"><ele>121.75</ele></trkpt>
<trkpt lat="41.850937" lon="2.688894"><ele>117.5</ele></trkpt>
<trkpt lat="41.850916" lon="2.689645"><ele>113.0</ele></trkpt>
<trkpt lat="41.850941" lon="2.690124"><ele>110.0</ele></trkpt>
<trkpt lat="41.851008" lon="2.690794"><ele>107.5</ele></trkpt>
<trkpt lat="41.851008" lon="2.690917"><ele>106.75</ele></trkpt>
<trkpt lat="41.850973" lon="2.690988"><ele>106.5</ele></trkpt>
<trkpt lat="41.850732" lon="2.691553"><ele>105.5</ele></trkpt>
<trkpt lat="41.850711" lon="2.691658"><ele>105.25</ele></trkpt>
<trkpt lat="41.850715" lon="2.691838"><ele>104.75</ele></trkpt>
<trkpt lat="41.850792" lon="2.692142"><ele>104.0</ele></trkpt>
<trkpt lat="41.850902" lon="2.692626"><ele>102.5</ele></trkpt>
<trkpt lat="41.851015" lon="2.693239"><ele>102.25</ele></trkpt>
<trkpt lat="41.851061" lon="2.693410"><ele>102.75</ele></trkpt>
<trkpt lat="41.851252" lon="2.693884"><ele>103.25</ele></trkpt>
<trkpt lat="41.851373" lon="2.694141"><ele>103.75</ele></trkpt>
<trkpt lat="41.851836" lon="2.695014"><ele>106.5</ele></trkpt>
<trkpt lat="41.851871" lon="2.695147"><ele>107.0</ele></trkpt>
<trkpt lat="41.851868" lon="2.695332"><ele>107.75</ele></trkpt>
<trkpt lat="41.851845" lon="2.695401"><ele>108.0</ele></trkpt>
<trkpt lat="41.851811" lon="2.695505"><ele>108.25</ele></trkpt>
<trkpt lat="41.851641" lon="2.695930"><ele>107.0</ele></trkpt>
<trkpt lat="41.851423" lon="2.696643"><ele>106.0</ele></trkpt>
<trkpt lat="41.851259" lon="2.696939"><ele>105.5</ele></trkpt>
<trkpt lat="41.851238" lon="2.697023"><ele>106.0</ele></trkpt>
<trkpt lat="41.851155" lon="2.697352"><ele>108.75</ele></trkpt>
<trkpt lat="41.851152" lon="2.697856"><ele>112.5</ele></trkpt>
<trkpt lat="41.851104" lon="2.698113"><ele>115.25</ele></trkpt>
<trkpt lat="41.851027" lon="2.698308"><ele>118.75</ele></trkpt>
<trkpt lat="41.850894" lon="2.698643"><ele>120.75</ele></trkpt>
<trkpt lat="41.850774" lon="2.699169"><ele>125.5</ele></trkpt>
<trkpt lat="41.850767" lon="2.699426"><ele>127.25</ele></trkpt>
<trkpt lat="41.851077" lon="2.700340"><ele>134.25</ele></trkpt>
<trkpt lat="41.851089" lon="2.700606"><ele>135.0</ele></trkpt>
<trkpt lat="41.850923" lon="2.701057"><ele>136.0</ele></trkpt>
<trkpt lat="41.850686" lon="2.701371"><ele>136.0</ele></trkpt>
<trkpt lat="41.850366" lon="2.701767"><ele>135.75</ele></trkpt>
<trkpt lat="41.850002" lon="2.702394"><ele>136.25</ele></trkpt>
<trkpt lat="41.849564" lon="2.703160"><ele>136.75</ele></trkpt>
<trkpt lat="41.849324" lon="2.703659"><ele>135.5</ele></trkpt>
<trkpt lat="41.848772" lon="2.705575"><ele>133.5</ele></trkpt>
<trkpt lat="41.848687" lon="2.705867"><ele>133.25</ele></trkpt>
<trkpt lat="41.848376" lon="2.706476"><ele>132.75</ele></trkpt>
<trkpt lat="41.848231" lon="2.706758"><ele>133.25</ele></trkpt>
<trkpt lat="41.847789" lon="2.707969"><ele>133.75</ele></trkpt>
<trkpt lat="41.846426" lon="2.710787"><ele>122.0</ele></trkpt>
<trkpt lat="41.845895" lon="2.711378"><ele>119.75</ele></trkpt>
<trkpt lat="41.844999" lon="2.712342"><ele>115.5</ele></trkpt>
<trkpt lat="41.845370" lon="2.712513"><ele>115.0</ele></trkpt>
<trkpt lat="41.845573" lon="2.712668"><ele>114.75</ele></trkpt>
<trkpt lat="41.845683" lon="2.712826"><ele>115.0</ele></trkpt>
<trkpt lat="41.845711" lon="2.712930"><ele>115.0</ele></trkpt>
<trkpt lat="41.845719" lon="2.713003"><ele>115.0</ele></trkpt>
<trkpt lat="41.845700" lon="2.713138"><ele>115.0</ele></trkpt>
<trkpt lat="41.845543" lon="2.713576"><ele>115.75</ele></trkpt>
<trkpt lat="41.845513" lon="2.713745"><ele>116.25</ele></trkpt>
<trkpt lat="41.845528" lon="2.713871"><ele>116.75</ele></trkpt>
<trkpt lat="41.845625" lon="2.714074"><ele>118.0</ele></trkpt>
<trkpt lat="41.845819" lon="2.714359"><ele>118.5</ele></trkpt>
<trkpt lat="41.845858" lon="2.714468"><ele>118.5</ele></trkpt>
<trkpt lat="41.845873" lon="2.714624"><ele>119.0</ele></trkpt>
<trkpt lat="41.845868" lon="2.714720"><ele>119.25</ele></trkpt>
<trkpt lat="41.845827" lon="2.714903"><ele>120.5</ele></trkpt>
<trkpt lat="41.845616" lon="2.715251"><ele>121.75</ele></trkpt>
<trkpt lat="41.845470" lon="2.715505"><ele>121.25</ele></trkpt>
<trkpt lat="41.845266" lon="2.716152"><ele>122.75</ele></trkpt>
<trkpt lat="41.845073" lon="2.716935"><ele>123.25</ele></trkpt>
<trkpt lat="41.844772" lon="2.717870"><ele>119.0</ele></trkpt>
<trkpt lat="41.844436" lon="2.718767"><ele>114.25</ele></trkpt>
<trkpt lat="41.844375" lon="2.719182"><ele>115.5</ele></trkpt>
<trkpt lat="41.844176" lon="2.719414"><ele>117.0</ele></trkpt>
<trkpt lat="41.843853" lon="2.720255"><ele>116.0</ele></trkpt>
<trkpt lat="41.843562" lon="2.721179"><ele>110.5</ele></trkpt>
<trkpt lat="41.843545" lon="2.721309"><ele>110.5</ele></trkpt>
<trkpt lat="41.843561" lon="2.721991"><ele>114.25</ele></trkpt>
<trkpt lat="41.843136" lon="2.723304"><ele>113.75</ele></trkpt>
<trkpt lat="41.842765" lon="2.723914"><ele>113.75</ele></trkpt>
<trkpt lat="41.842601" lon="2.724450"><ele>113.5</ele></trkpt>
<trkpt lat="41.842560" lon="2.724838"><ele>113.0</ele></trkpt>
<trkpt lat="41.842616" lon="2.725068"><ele>112.25</ele></trkpt>
<trkpt lat="41.842423" lon="2.725734"><ele>111.5</ele></trkpt>
<trkpt lat="41.842398" lon="2.726158"><ele>111.75</ele></trkpt>
<trkpt lat="41.842392" lon="2.726574"><ele>112.5</ele></trkpt>
<trkpt lat="41.842070" lon="2.727645"><ele>111.0</ele></trkpt>
<trkpt lat="41.841452" lon="2.728709"><ele>106.25</ele></trkpt>
<trkpt lat="41.840875" lon="2.729865"><ele>101.75</ele></trkpt>
<trkpt lat="41.840705" lon="2.731121"><ele>91.25</ele></trkpt>
<trkpt lat="41.840556" lon="2.731704"><ele>85.5</ele></trkpt>
<trkpt lat="41.838736" lon="2.733524"><ele>80.25</ele></trkpt>
<trkpt lat="41.838673" lon="2.733588"><ele>80.0</ele></trkpt>
<trkpt lat="41.838229" lon="2.734040"><ele>80.0</ele></trkpt>
<trkpt lat="41.837253" lon="2.734747"><ele>79.75</ele></trkpt>
<trkpt lat="41.836801" lon="2.735006"><ele>79.5</ele></trkpt>
<trkpt lat="41.836169" lon="2.735253"><ele>79.0</ele></trkpt>
<trkpt lat="41.836056" lon="2.735321"><ele>79.25</ele></trkpt>
<trkpt lat="41.835988" lon="2.735362"><ele>79.25</ele></trkpt>
<trkpt lat="41.836049" lon="2.735429"><ele>79.5</ele></trkpt>
<trkpt lat="41.836099" lon="2.735571"><ele>79.75</ele></trkpt>
<trkpt lat="41.836142" lon="2.735848"><ele>79.75</ele></trkpt>
<trkpt lat="41.836144" lon="2.735865"><ele>79.75</ele></trkpt>
<trkpt lat="41.836148" lon="2.735897"><ele>79.75</ele></trkpt>
<trkpt lat="41.836167" lon="2.736053"><ele>79.75</ele></trkpt>
<trkpt lat="41.836180" lon="2.736093"><ele>79.75</ele></trkpt>
<trkpt lat="41.836190" lon="2.736123"><ele>79.5</ele></trkpt>
<trkpt lat="41.836242" lon="2.736181"><ele>79.25</ele></trkpt>
<trkpt lat="41.837180" lon="2.736976"><ele>79.75</ele></trkpt>
<trkpt lat="41.837316" lon="2.737058"><ele>80.0</ele></trkpt>
<trkpt lat="41.837430" lon="2.737080"><ele>80.25</ele></trkpt>
<trkpt lat="41.837594" lon="2.737047"><ele>80.75</ele></trkpt>
<trkpt lat="41.837671" lon="2.737032"><ele>81.0</ele></trkpt>
<trkpt lat="41.837902" lon="2.737010"><ele>81.75</ele></trkpt>
<trkpt lat="41.838266" lon="2.737006"><ele>82.25</ele></trkpt>
<trkpt lat="41.838491" lon="2.737024"><ele>82.5</ele></trkpt>
<trkpt lat="41.838677" lon="2.737021"><ele>82.75</ele></trkpt>
<trkpt lat="41.838771" lon="2.736996"><ele>82.75</ele></trkpt>
<trkpt lat="41.838818" lon="2.736983"><ele>82.75</ele></trkpt>
<trkpt lat="41.838902" lon="2.737415"><ele>84.75</ele></trkpt>
<trkpt lat="41.838939" lon="2.737550"><ele>85.75</ele></trkpt>
<trkpt lat="41.839016" lon="2.737685"><ele>87.0</ele></trkpt>
<trkpt lat="41.839092" lon="2.737748"><ele>87.5</ele></trkpt>
<trkpt lat="41.839249" lon="2.737822"><ele>88.5</ele></trkpt>
<trkpt lat="41.839639" lon="2.737987"><ele>90.5</ele></trkpt>
<trkpt lat="41.839895" lon="2.738148"><ele>91.75</ele></trkpt>
<trkpt lat="41.840250" lon="2.738372"><ele>93.5</ele></trkpt>
<trkpt lat="41.840624" lon="2.738606"><ele>94.75</ele></trkpt>
<trkpt lat="41.840747" lon="2.738723"><ele>94.75</ele></trkpt>
<trkpt lat="41.841228" lon="2.739294"><ele>95.25</ele></trkpt>
<trkpt lat="41.841941" lon="2.740052"><ele>97.5</ele></trkpt>
<trkpt lat="41.842155" lon="2.740328"><ele>98.75</ele></trkpt>
<trkpt lat="41.842737" lon="2.741131"><ele>102.25</ele></trkpt>
<trkpt lat="41.842854" lon="2.741229"><ele>103.0</ele></trkpt>
<trkpt lat="41.842950" lon="2.741357"><ele>103.75</ele></trkpt>
<trkpt lat="41.843224" lon="2.741494"><ele>105.5</ele></trkpt>
<trkpt lat="41.843400" lon="2.741605"><ele>106.5</ele></trkpt>
<trkpt lat="41.843649" lon="2.741899"><ele>107.5</ele></trkpt>
<trkpt lat="41.843973" lon="2.742427"><ele>109.5</ele></trkpt>
<trkpt lat="41.844153" lon="2.742642"><ele>110.0</ele></trkpt>
<trkpt lat="41.844474" lon="2.742917"><ele>110.25</ele></trkpt>
<trkpt lat="41.844861" lon="2.743171"><ele>111.0</ele></trkpt>
<trkpt lat="41.844928" lon="2.743255"><ele>111.5</ele></trkpt>
<trkpt lat="41.844965" lon="2.743367"><ele>112.0</ele></trkpt>
<trkpt lat="41.845090" lon="2.743739"><ele>113.0</ele></trkpt>
<trkpt lat="41.845241" lon="2.744318"><ele>115.5</ele></trkpt>
<trkpt lat="41.845244" lon="2.744486"><ele>115.5</ele></trkpt>
<trkpt lat="41.845180" lon="2.744645"><ele>114.75</ele></trkpt>
<trkpt lat="41.845107" lon="2.744714"><ele>114.75</ele></trkpt>
<trkpt lat="41.845057" lon="2.744739"><ele>114.75</ele></trkpt>
<trkpt lat="41.845002" lon="2.744767"><ele>114.75</ele></trkpt>
<trkpt lat="41.844751" lon="2.744855"><ele>114.0</ele></trkpt>
<trkpt lat="41.844671" lon="2.744956"><ele>113.75</ele></trkpt>
<trkpt lat="41.844616" lon="2.745086"><ele>113.5</ele></trkpt>
<trkpt lat="41.844562" lon="2.745247"><ele>112.5</ele></trkpt>
<trkpt lat="41.844323" lon="2.745995"><ele>109.5</ele></trkpt>
<trkpt lat="41.844293" lon="2.746055"><ele>110.5</ele></trkpt>
<trkpt lat="41.844614" lon="2.746167"><ele>108.25</ele></trkpt>
<trkpt lat="41.844910" lon="2.746196"><ele>105.5</ele></trkpt>
<trkpt lat="41.844999" lon="2.746215"><ele>104.75</ele></trkpt>
<trkpt lat="41.845252" lon="2.746323"><ele>105.25</ele></trkpt>
<trkpt lat="41.845676" lon="2.746529"><ele>105.0</ele></trkpt>
<trkpt lat="41.846099" lon="2.746844"><ele>102.0</ele></trkpt>
<trkpt lat="41.846652" lon="2.747068"><ele>106.25</ele></trkpt>
<trkpt lat="41.848198" lon="2.747827"><ele>106.0</ele></trkpt>
<trkpt lat="41.848570" lon="2.747984"><ele>107.5</ele></trkpt>
<trkpt lat="41.849108" lon="2.748277"><ele>103.25</ele></trkpt>
<trkpt lat="41.850069" lon="2.748627"><ele>107.0</ele></trkpt>
<trkpt lat="41.850521" lon="2.748870"><ele>105.5</ele></trkpt>
<trkpt lat="41.850978" lon="2.749227"><ele>102.25</ele></trkpt>
<trkpt lat="41.851371" lon="2.749339"><ele>102.0</ele></trkpt>
<trkpt lat="41.851841" lon="2.749503"><ele>103.25</ele></trkpt>
<trkpt lat="41.853392" lon="2.750168"><ele>101.0</ele></trkpt>
<trkpt lat="41.854045" lon="2.750466"><ele>99.75</ele></trkpt>
<trkpt lat="41.854530" lon="2.750744"><ele>98.75</ele></trkpt>
<trkpt lat="41.854816" lon="2.750922"><ele>98.5</ele></trkpt>
<trkpt lat="41.855195" lon="2.751048"><ele>100.5</ele></trkpt>
<trkpt lat="41.856299" lon="2.751373"><ele>107.0</ele></trkpt>
<trkpt lat="41.857339" lon="2.751830"><ele>110.0</ele></trkpt>
<trkpt lat="41.858063" lon="2.752164"><ele>109.0</ele></trkpt>
<trkpt lat="41.858348" lon="2.752401"><ele>109.25</ele></trkpt>
<trkpt lat="41.859095" lon="2.752756"><ele>115.25</ele></trkpt>
<trkpt lat="41.859896" lon="2.753036"><ele>111.5</ele></trkpt>
<trkpt lat="41.860720" lon="2.753399"><ele>114.75</ele></trkpt>
<trkpt lat="41.861682" lon="2.753838"><ele>118.25</ele></trkpt>
<trkpt lat="41.863066" lon="2.754230"><ele>116.75</ele></trkpt>
<trkpt lat="41.863948" lon="2.754578"><ele>117.25</ele></trkpt>
<trkpt lat="41.865109" lon="2.755114"><ele>123.25</ele></trkpt>
<trkpt lat="41.865960" lon="2.755477"><ele>125.5</ele></trkpt>
<trkpt lat="41.866662" lon="2.755809"><ele>129.25</ele></trkpt>
<trkpt lat="41.866863" lon="2.755902"></trkpt>
<trkpt lat="41.867087" lon="2.755035"><ele>131.5</ele></trkpt>
<trkpt lat="41.867124" lon="2.754922"><ele>132.5</ele></trkpt>
<trkpt lat="41.867893" lon="2.755395"><ele>129.0</ele></trkpt>
<trkpt lat="41.868521" lon="2.755769"><ele>126.75</ele></trkpt>
<trkpt lat="41.869226" lon="2.756136"><ele>123.5</ele></trkpt>
<trkpt lat="41.870623" lon="2.756880"><ele>120.0</ele></trkpt>
<trkpt lat="41.871937" lon="2.757586"><ele>117.25</ele></trkpt>
<trkpt lat="41.872772" lon="2.758014"><ele>114.25</ele></trkpt>
<trkpt lat="41.873054" lon="2.758246"><ele>113.25</ele></trkpt>
<trkpt lat="41.873338" lon="2.758398"><ele>114.0</ele></trkpt>
<trkpt lat="41.873840" lon="2.758702"><ele>113.0</ele></trkpt>
<trkpt lat="41.874041" lon="2.758853"><ele>112.25</ele></trkpt>
<trkpt lat="41.874134" lon="2.758747"><ele>112.0</ele></trkpt>
<trkpt lat="41.874235" lon="2.758521"><ele>112.0</ele></trkpt>
<trkpt lat="41.874300" lon="2.758302"><ele>111.75</ele></trkpt>
<trkpt lat="41.874456" lon="2.757957"><ele>111.25</ele></trkpt>
<trkpt lat="41.874656" lon="2.757224"><ele>113.0</ele></trkpt>
<trkpt lat="41.874698" lon="2.757219"><ele>113.0</ele></trkpt>
<trkpt lat="41.874960" lon="2.757388"><ele>113.25</ele></trkpt>
<trkpt lat="41.875026" lon="2.757434"><ele>113.0</ele></trkpt>
<trkpt lat="41.874992" lon="2.757603"><ele>113.0</ele></trkpt>
<trkpt lat="41.874794" lon="2.758649"><ele>112.5</ele></trkpt>
<trkpt lat="41.874746" lon="2.758970"><ele>112.0</ele></trkpt>
<trkpt lat="41.874730" lon="2.759228"><ele>112.0</ele></trkpt>
<trkpt lat="41.874784" lon="2.759464"><ele>112.0</ele></trkpt>
<trkpt lat="41.874814" lon="2.759512"><ele>112.5</ele></trkpt>
<trkpt lat="41.874882" lon="2.759582"><ele>113.5</ele></trkpt>
<trkpt lat="41.874964" lon="2.759628"><ele>114.75</ele></trkpt>
<trkpt lat="41.875004" lon="2.759636"><ele>115.25</ele></trkpt>
<trkpt lat="41.875046" lon="2.759638"><ele>115.25</ele></trkpt>
<trkpt lat="41.875174" lon="2.759606"><ele>114.0</ele></trkpt>
<trkpt lat="41.875261" lon="2.759593"><ele>113.5</ele></trkpt>
<trkpt lat="41.875395" lon="2.759590"><ele>112.75</ele></trkpt>
<trkpt lat="41.875441" lon="2.759598"><ele>112.5</ele></trkpt>
<trkpt lat="41.875743" lon="2.759791"><ele>112.5</ele></trkpt>
<trkpt lat="41.875863" lon="2.759821"><ele>111.75</ele></trkpt>
<trkpt lat="41.875891" lon="2.759867"><ele>112.0</ele></trkpt>
<trkpt lat="41.876008" lon="2.759962"><ele>111.75</ele></trkpt>
<trkpt lat="41.876626" lon="2.760317"><ele>112.0</ele></trkpt>
<trkpt lat="41.876749" lon="2.760374"><ele>111.75</ele></trkpt>
<trkpt lat="41.877950" lon="2.761096"><ele>111.5</ele></trkpt>
<trkpt lat="41.878540" lon="2.761448"><ele>111.5</ele></trkpt>
<trkpt lat="41.878927" lon="2.761691"><ele>109.5</ele></trkpt>
<trkpt lat="41.879059" lon="2.761777"><ele>108.75</ele></trkpt>
<trkpt lat="41.879179" lon="2.761855"><ele>109.25</ele></trkpt>
<trkpt lat="41.879211" lon="2.761866"><ele>109.75</ele></trkpt>
<trkpt lat="41.879681" lon="2.762030"><ele>112.5</ele></trkpt>
<trkpt lat="41.880633" lon="2.762580"><ele>112.25</ele></trkpt>
<trkpt lat="41.880986" lon="2.762816"><ele>113.5</ele></trkpt>
<trkpt lat="41.881063" lon="2.762837"><ele>113.75</ele></trkpt>
<trkpt lat="41.881115" lon="2.762821"><ele>113.5</ele></trkpt>
<trkpt lat="41.881162" lon="2.762776"><ele>113.5</ele></trkpt>
<trkpt lat="41.881246" lon="2.762612"><ele>113.25</ele></trkpt>
<trkpt lat="41.881315" lon="2.762610"><ele>113.5</ele></trkpt>
<trkpt lat="41.881571" lon="2.762780"><ele>114.5</ele></trkpt>
<trkpt lat="41.881606" lon="2.762829"><ele>114.5</ele></trkpt>
<trkpt lat="41.881608" lon="2.762888"><ele>114.5</ele></trkpt>
<trkpt lat="41.881577" lon="2.763029"><ele>115.25</ele></trkpt>
<trkpt lat="41.881571" lon="2.763104"><ele>115.75</ele></trkpt>
<trkpt lat="41.881591" lon="2.763184"><ele>116.5</ele></trkpt>
<trkpt lat="41.881660" lon="2.763242"><ele>116.25</ele></trkpt>
<trkpt lat="41.882634" lon="2.763812"><ele>117.25</ele></trkpt>
<trkpt lat="41.882581" lon="2.763979"><ele>119.5</ele></trkpt>
<trkpt lat="41.882452" lon="2.764458"><ele>119.75</ele></trkpt>
<trkpt lat="41.882404" lon="2.764626"><ele>115.75</ele></trkpt>
<trkpt lat="41.882490" lon="2.764727"><ele>113.75</ele></trkpt>
<trkpt lat="41.883129" lon="2.765170"><ele>111.75</ele></trkpt>
<trkpt lat="41.883677" lon="2.765576"><ele>109.75</ele></trkpt>
<trkpt lat="41.884000" lon="2.765778"><ele>109.5</ele></trkpt>
<trkpt lat="41.884085" lon="2.765769"><ele>110.0</ele></trkpt>
<trkpt lat="41.884144" lon="2.765741"><ele>110.75</ele></trkpt>
<trkpt lat="41.884210" lon="2.765669"><ele>113.25</ele></trkpt>
<trkpt lat="41.884499" lon="2.764850"><ele>112.0</ele></trkpt>
<trkpt lat="41.884624" lon="2.764804"><ele>110.5</ele></trkpt>
<trkpt lat="41.884863" lon="2.764932"><ele>110.0</ele></trkpt>
<trkpt lat="41.885367" lon="2.765146"><ele>110.0</ele></trkpt>
<trkpt lat="41.886122" lon="2.765712"><ele>111.5</ele></trkpt>
<trkpt lat="41.887162" lon="2.766444"><ele>115.25</ele></trkpt>
<trkpt lat="41.887378" lon="2.766610"><ele>116.5</ele></trkpt>
<trkpt lat="41.887352" lon="2.766658"><ele>116.75</ele></trkpt>
<trkpt lat="41.887284" lon="2.766819"><ele>120.0</ele></trkpt>
<trkpt lat="41.887178" lon="2.767125"><ele>120.0</ele></trkpt>
<trkpt lat="41.887168" lon="2.767176"><ele>119.0</ele></trkpt>
<trkpt lat="41.887166" lon="2.767230"><ele>118.25</ele></trkpt>
<trkpt lat="41.887186" lon="2.767342"><ele>117.25</ele></trkpt>
<trkpt lat="41.887228" lon="2.767436"><ele>116.5</ele></trkpt>
<trkpt lat="41.887284" lon="2.767517"><ele>116.25</ele></trkpt>
<trkpt lat="41.887358" lon="2.767576"><ele>116.75</ele></trkpt>
<trkpt lat="41.887444" lon="2.767616"><ele>117.25</ele></trkpt>
<trkpt lat="41.887530" lon="2.767635"><ele>117.5</ele></trkpt>
<trkpt lat="41.887663" lon="2.767651"><ele>118.5</ele></trkpt>
<trkpt lat="41.887751" lon="2.767694"><ele>118.75</ele></trkpt>
<trkpt lat="41.887787" lon="2.767721"><ele>118.5</ele></trkpt>
<trkpt lat="41.887817" lon="2.767761"><ele>118.25</ele></trkpt>
<trkpt lat="41.887859" lon="2.767857"><ele>118.0</ele></trkpt>
<trkpt lat="41.887957" lon="2.768742"><ele>115.75</ele></trkpt>
<trkpt lat="41.888013" lon="2.769158"><ele>115.75</ele></trkpt>
<trkpt lat="41.888061" lon="2.769311"><ele>115.25</ele></trkpt>
<trkpt lat="41.888113" lon="2.769536"><ele>115.0</ele></trkpt>
<trkpt lat="41.888149" lon="2.769842"><ele>114.75</ele></trkpt>
<trkpt lat="41.888184" lon="2.770220"><ele>114.25</ele></trkpt>
<trkpt lat="41.888220" lon="2.770381"><ele>114.0</ele></trkpt>
<trkpt lat="41.888326" lon="2.770709"><ele>113.75</ele></trkpt>
<trkpt lat="41.888336" lon="2.770765"><ele>114.0</ele></trkpt>
<trkpt lat="41.888338" lon="2.770878"><ele>114.0</ele></trkpt>
<trkpt lat="41.888330" lon="2.771111"><ele>113.75</ele></trkpt>
<trkpt lat="41.888294" lon="2.771454"><ele>113.75</ele></trkpt>
<trkpt lat="41.888296" lon="2.771578"><ele>113.75</ele></trkpt>
<trkpt lat="41.888310" lon="2.771631"><ele>113.75</ele></trkpt>
<trkpt lat="41.888334" lon="2.771677"><ele>114.0</ele></trkpt>
<trkpt lat="41.888402" lon="2.771760"><ele>114.0</ele></trkpt>
<trkpt lat="41.888438" lon="2.771787"><ele>114.0</ele></trkpt>
<trkpt lat="41.888480" lon="2.771803"><ele>114.25</ele></trkpt>
<trkpt lat="41.888967" lon="2.771816"><ele>115.0</ele></trkpt>
<trkpt lat="41.889142" lon="2.771897"><ele>115.0</ele></trkpt>
<trkpt lat="41.889314" lon="2.771814"><ele>116.0</ele></trkpt>
<trkpt lat="41.889613" lon="2.771806"><ele>117.25</ele></trkpt>
<trkpt lat="41.890100" lon="2.771857"><ele>118.25</ele></trkpt>
<trkpt lat="41.890233" lon="2.771839"><ele>118.25</ele></trkpt>
<trkpt lat="41.890215" lon="2.771772"><ele>118.5</ele></trkpt>
<trkpt lat="41.890207" lon="2.771716"><ele>118.75</ele></trkpt>
<trkpt lat="41.890205" lon="2.771654"><ele>119.0</ele></trkpt>
<trkpt lat="41.890215" lon="2.771531"><ele>119.25</ele></trkpt>
<trkpt lat="41.890303" lon="2.770632"><ele>120.0</ele></trkpt>
<trkpt lat="41.890387" lon="2.770224"><ele>120.25</ele></trkpt>
<trkpt lat="41.890526" lon="2.769782"><ele>121.5</ele></trkpt>
<trkpt lat="41.890650" lon="2.769532"><ele>122.0</ele></trkpt>
<trkpt lat="41.890722" lon="2.769471"><ele>122.5</ele></trkpt>
<trkpt lat="41.890808" lon="2.769452"><ele>122.75</ele></trkpt>
<trkpt lat="41.890900" lon="2.769484"><ele>122.75</ele></trkpt>
<trkpt lat="41.890942" lon="2.769506"><ele>122.75</ele></trkpt>
<trkpt lat="41.891345" lon="2.769768"><ele>123.75</ele></trkpt>
<trkpt lat="41.891940" lon="2.770077"><ele>123.25</ele></trkpt>
<trkpt lat="41.892461" lon="2.770364"><ele>122.5</ele></trkpt>
<trkpt lat="41.893000" lon="2.770729"><ele>120.5</ele></trkpt>
<trkpt lat="41.893122" lon="2.770823"><ele>118.25</ele></trkpt>
<trkpt lat="41.893309" lon="2.770925"><ele>116.25</ele></trkpt>
<trkpt lat="41.893447" lon="2.771026"><ele>117.5</ele></trkpt>
<trkpt lat="41.893953" lon="2.771268"><ele>121.25</ele></trkpt>
<trkpt lat="41.894430" lon="2.771571"><ele>121.5</ele></trkpt>
<trkpt lat="41.894855" lon="2.772051"><ele>114.0</ele></trkpt>
<trkpt lat="41.894933" lon="2.772114"><ele>112.25</ele></trkpt>
<trkpt lat="41.895149" lon="2.772287"><ele>111.25</ele></trkpt>
<trkpt lat="41.896125" lon="2.772877"><ele>112.5</ele></trkpt>
<trkpt lat="41.896362" lon="2.772987"><ele>114.0</ele></trkpt>
<trkpt lat="41.896512" lon="2.772783"><ele>114.0</ele></trkpt>
<trkpt lat="41.896682" lon="2.772488"><ele>114.0</ele></trkpt>
<trkpt lat="41.896772" lon="2.772314"><ele>114.0</ele></trkpt>
<trkpt lat="41.896866" lon="2.772174"><ele>114.0</ele></trkpt>
<trkpt lat="41.896965" lon="2.772134"><ele>114.0</ele></trkpt>
<trkpt lat="41.897069" lon="2.772129"><ele>114.25</ele></trkpt>
<trkpt lat="41.897143" lon="2.772198"><ele>114.5</ele></trkpt>
<trkpt lat="41.897684" lon="2.771296"><ele>115.5</ele></trkpt>
<trkpt lat="41.897976" lon="2.770810"><ele>116.0</ele></trkpt>
<trkpt lat="41.898091" lon="2.770617"><ele>116.0</ele></trkpt>
<trkpt lat="41.898145" lon="2.770664"><ele>116.25</ele></trkpt>
<trkpt lat="41.898207" lon="2.770688"><ele>116.5</ele></trkpt>
<trkpt lat="41.898270" lon="2.770689"><ele>116.75</ele></trkpt>
<trkpt lat="41.898332" lon="2.770666"><ele>116.75</ele></trkpt>
<trkpt lat="41.898374" lon="2.770633"><ele>117.0</ele></trkpt>
<trkpt lat="41.898411" lon="2.770588"><ele>117.0</ele></trkpt>
<trkpt lat="41.898439" lon="2.770534"><ele>117.0</ele></trkpt>
<trkpt lat="41.898458" lon="2.770473"><ele>117.25</ele></trkpt>
<trkpt lat="41.898467" lon="2.770403"><ele>117.5</ele></trkpt>
<trkpt lat="41.898464" lon="2.770332"><ele>117.75</ele></trkpt>
<trkpt lat="41.898448" lon="2.770263"><ele>117.75</ele></trkpt>
<trkpt lat="41.898503" lon="2.770009"><ele>117.5</ele></trkpt>
<trkpt lat="41.898688" lon="2.769620"><ele>117.5</ele></trkpt>
<trkpt lat="41.899067" lon="2.769023"><ele>118.75</ele></trkpt>
<trkpt lat="41.899246" lon="2.768831"><ele>119.0</ele></trkpt>
<trkpt lat="41.899403" lon="2.768716"><ele>119.5</ele></trkpt>
<trkpt lat="41.899449" lon="2.768735"><ele>119.5</ele></trkpt>
<trkpt lat="41.899537" lon="2.768747"><ele>119.5</ele></trkpt>
<trkpt lat="41.899606" lon="2.768733"><ele>119.75</ele></trkpt>
<trkpt lat="41.899662" lon="2.768701"><ele>119.75</ele></trkpt>
<trkpt lat="41.899720" lon="2.768608"><ele>120.0</ele></trkpt>
<trkpt lat="41.899749" lon="2.768557"><ele>120.25</ele></trkpt>
<trkpt lat="41.899870" lon="2.768476"><ele>121.0</ele></trkpt>
<trkpt lat="41.899952" lon="2.768445"><ele>121.25</ele></trkpt>
<trkpt lat="41.899992" lon="2.768447"><ele>121.5</ele></trkpt>
<trkpt lat="41.899999" lon="2.768388"><ele>121.75</ele></trkpt>
<trkpt lat="41.899999" lon="2.768329"><ele>121.75</ele></trkpt>
<trkpt lat="41.900031" lon="2.768293"><ele>122.25</ele></trkpt>
<trkpt lat="41.900128" lon="2.768326"><ele>124.25</ele></trkpt>
<trkpt lat="41.900644" lon="2.768673"><ele>127.5</ele></trkpt>
<trkpt lat="41.900879" lon="2.768814"><ele>129.0</ele></trkpt>
<trkpt lat="41.901462" lon="2.769215"><ele>130.25</ele></trkpt>
<trkpt lat="41.902230" lon="2.769760"><ele>132.75</ele></trkpt>
<trkpt lat="41.902481" lon="2.769958"><ele>132.75</ele></trkpt>
<trkpt lat="41.902709" lon="2.770068"><ele>133.0</ele></trkpt>
<trkpt lat="41.903023" lon="2.770163"><ele>133.0</ele></trkpt>
<trkpt lat="41.903441" lon="2.770266"><ele>133.75</ele></trkpt>
<trkpt lat="41.903573" lon="2.770321"><ele>134.0</ele></trkpt>
<trkpt lat="41.904096" lon="2.770439"><ele>133.5</ele></trkpt>
<trkpt lat="41.904278" lon="2.770493"><ele>134.0</ele></trkpt>
<trkpt lat="41.904548" lon="2.770533"><ele>133.75</ele></trkpt>
<trkpt lat="41.905254" lon="2.770712"><ele>136.75</ele></trkpt>
<trkpt lat="41.905933" lon="2.770863"><ele>140.75</ele></trkpt>
<trkpt lat="41.906135" lon="2.770929"><ele>142.0</ele></trkpt>
<trkpt lat="41.906519" lon="2.771002"><ele>142.5</ele></trkpt>
<trkpt lat="41.906859" lon="2.771000"><ele>142.25</ele></trkpt>
<trkpt lat="41.906911" lon="2.770993"><ele>142.25</ele></trkpt>
<trkpt lat="41.907170" lon="2.770960"><ele>141.75</ele></trkpt>
<trkpt lat="41.907616" lon="2.770802"><ele>140.5</ele></trkpt>
<trkpt lat="41.908207" lon="2.770481"><ele>141.0</ele></trkpt>
<trkpt lat="41.908309" lon="2.770483"><ele>141.75</ele></trkpt>
<trkpt lat="41.908532" lon="2.770398"><ele>142.0</ele></trkpt>
<trkpt lat="41.908844" lon="2.770208"><ele>142.5</ele></trkpt>
<trkpt lat="41.909226" lon="2.770000"><ele>142.75</ele></trkpt>
<trkpt lat="41.910142" lon="2.769468"><ele>142.75</ele></trkpt>
<trkpt lat="41.910818" lon="2.769064"><ele>143.25</ele></trkpt>
<trkpt lat="41.911636" lon="2.768614"><ele>140.0</ele></trkpt>
<trkpt lat="41.911876" lon="2.768526"><ele>138.75</ele></trkpt>
<trkpt lat="41.912104" lon="2.768477"><ele>137.25</ele></trkpt>
<trkpt lat="41.912332" lon="2.768458"><ele>135.25</ele></trkpt>
<trkpt lat="41.912532" lon="2.768479"><ele>133.75</ele></trkpt>
<trkpt lat="41.912731" lon="2.768519"><ele>132.5</ele></trkpt>
<trkpt lat="41.913794" lon="2.768840"><ele>126.5</ele></trkpt>
<trkpt lat="41.914175" lon="2.768946"><ele>125.25</ele></trkpt>
<trkpt lat="41.914634" lon="2.769099"><ele>124.5</ele></trkpt>
<trkpt lat="41.914996" lon="2.769177"><ele>123.0</ele></trkpt>
<trkpt lat="41.915524" lon="2.769387"><ele>122.0</ele></trkpt>
<trkpt lat="41.915764" lon="2.769559"><ele>121.5</ele></trkpt>
<trkpt lat="41.915924" lon="2.769693"><ele>120.75</ele></trkpt>
<trkpt lat="41.916977" lon="2.770726"><ele>118.75</ele></trkpt>
<trkpt lat="41.917371" lon="2.771101"><ele>120.5</ele></trkpt>
<trkpt lat="41.917557" lon="2.771294"><ele>121.75</ele></trkpt>
<trkpt lat="41.917722" lon="2.771448"><ele>122.75</ele></trkpt>
<trkpt lat="41.917989" lon="2.771648"><ele>123.75</ele></trkpt>
<trkpt lat="41.918240" lon="2.771757"><ele>125.5</ele></trkpt>
<trkpt lat="41.918393" lon="2.771802"><ele>126.75</ele></trkpt>
<trkpt lat="41.918377" lon="2.771884"><ele>126.75</ele></trkpt>
<trkpt lat="41.918312" lon="2.771873"><ele>126.5</ele></trkpt>
<trkpt lat="41.918245" lon="2.772486"><ele>127.5</ele></trkpt>
<trkpt lat="41.918222" lon="2.772630"><ele>127.0</ele></trkpt>
<trkpt lat="41.918208" lon="2.772770"><ele>126.5</ele></trkpt>
<trkpt lat="41.918200" lon="2.772993"><ele>126.0</ele></trkpt>
<trkpt lat="41.918200" lon="2.773308"><ele>125.0</ele></trkpt>
<trkpt lat="41.918186" lon="2.773488"><ele>124.75</ele></trkpt>
<trkpt lat="41.918172" lon="2.773585"><ele>124.75</ele></trkpt>
<trkpt lat="41.918145" lon="2.773661"><ele>124.5</ele></trkpt>
<trkpt lat="41.918099" lon="2.773739"><ele>124.0</ele></trkpt>
<trkpt lat="41.918024" lon="2.773813"><ele>123.75</ele></trkpt>
<trkpt lat="41.917662" lon="2.774033"><ele>122.0</ele></trkpt>
<trkpt lat="41.917592" lon="2.774084"><ele>122.0</ele></trkpt>
<trkpt lat="41.917680" lon="2.774211"><ele>123.0</ele></trkpt>
<trkpt lat="41.917832" lon="2.774300"><ele>124.5</ele></trkpt>
<trkpt lat="41.919102" lon="2.774763"><ele>129.5</ele></trkpt>
<trkpt lat="41.919901" lon="2.775105"><ele>131.25</ele></trkpt>
<trkpt lat="41.920693" lon="2.775455"><ele>135.5</ele></trkpt>
<trkpt lat="41.921520" lon="2.776095"><ele>136.0</ele></trkpt>
<trkpt lat="41.921488" lon="2.776173"><ele>134.5</ele></trkpt>
<trkpt lat="41.921236" lon="2.776797"><ele>132.0</ele></trkpt>
<trkpt lat="41.921074" lon="2.777155"><ele>133.25</ele></trkpt>
<trkpt lat="41.921067" lon="2.777273"><ele>133.0</ele></trkpt>
<trkpt lat="41.921081" lon="2.777346"><ele>133.0</ele></trkpt>
<trkpt lat="41.921141" lon="2.777493"><ele>132.75</ele></trkpt>
<trkpt lat="41.921507" lon="2.777829"><ele>130.5</ele></trkpt>
<trkpt lat="41.922066" lon="2.778475"><ele>129.0</ele></trkpt>
<trkpt lat="41.922529" lon="2.779101"><ele>128.25</ele></trkpt>
<trkpt lat="41.922590" lon="2.779209"><ele>128.0</ele></trkpt>
<trkpt lat="41.922769" lon="2.779703"><ele>127.75</ele></trkpt>
<trkpt lat="41.922940" lon="2.779958"><ele>127.25</ele></trkpt>
<trkpt lat="41.923396" lon="2.780687"><ele>128.25</ele></trkpt>
<trkpt lat="41.923699" lon="2.781151"><ele>128.0</ele></trkpt>
<trkpt lat="41.924741" lon="2.782889"><ele>123.25</ele></trkpt>
<trkpt lat="41.924849" lon="2.783055"><ele>123.5</ele></trkpt>
<trkpt lat="41.925021" lon="2.783129"><ele>123.0</ele></trkpt>
<trkpt lat="41.925171" lon="2.783101"><ele>122.5</ele></trkpt>
<trkpt lat="41.925502" lon="2.782825"><ele>121.0</ele></trkpt>
<trkpt lat="41.925610" lon="2.782708"><ele>121.0</ele></trkpt>
<trkpt lat="41.926329" lon="2.782598"><ele>121.0</ele></trkpt>
<trkpt lat="41.926822" lon="2.782584"><ele>122.0</ele></trkpt>
<trkpt lat="41.926998" lon="2.782659"><ele>122.0</ele></trkpt>
<trkpt lat="41.927277" lon="2.782924"><ele>121.75</ele></trkpt>
<trkpt lat="41.927907" lon="2.783561"><ele>120.25</ele></trkpt>
<trkpt lat="41.928681" lon="2.784372"><ele>119.5</ele></trkpt>
<trkpt lat="41.929228" lon="2.784995"><ele>119.0</ele></trkpt>
<trkpt lat="41.929279" lon="2.785042"><ele>118.75</ele></trkpt>
<trkpt lat="41.929366" lon="2.785088"><ele>118.75</ele></trkpt>
<trkpt lat="41.929754" lon="2.785114"><ele>119.5</ele></trkpt>
<trkpt lat="41.929823" lon="2.785132"><ele>119.5</ele></trkpt>
<trkpt lat="41.930208" lon="2.785295"><ele>119.25</ele></trkpt>
<trkpt lat="41.930655" lon="2.785547"><ele>119.5</ele></trkpt>
<trkpt lat="41.931143" lon="2.785858"><ele>118.5</ele></trkpt>
<trkpt lat="41.931664" lon="2.786166"><ele>118.0</ele></trkpt>
<trkpt lat="41.932098" lon="2.786400"><ele>118.0</ele></trkpt>
<trkpt lat="41.933146" lon="2.786930"><ele>117.0</ele></trkpt>
<trkpt lat="41.933794" lon="2.787228"><ele>116.0</ele></trkpt>
<trkpt lat="41.933883" lon="2.787260"><ele>115.0</ele></trkpt>
<trkpt lat="41.933976" lon="2.787266"><ele>115.0</ele></trkpt>
<trkpt lat="41.933983" lon="2.787197"><ele>115.0</ele></trkpt>
<trkpt lat="41.933929" lon="2.786889"><ele>117.25</ele></trkpt>
<trkpt lat="41.933885" lon="2.786583"><ele>116.0</ele></trkpt>
<trkpt lat="41.934108" lon="2.786665"><ele>115.25</ele></trkpt>
<trkpt lat="41.934224" lon="2.787307"><ele>115.0</ele></trkpt>
<trkpt lat="41.934269" lon="2.787599"><ele>114.75</ele></trkpt>
<trkpt lat="41.934296" lon="2.787689"><ele>114.5</ele></trkpt>
<trkpt lat="41.934325" lon="2.787752"><ele>114.0</ele></trkpt>
<trkpt lat="41.934353" lon="2.787793"><ele>113.75</ele></trkpt>
<trkpt lat="41.934396" lon="2.787832"><ele>113.75</ele></trkpt>
<trkpt lat="41.934440" lon="2.787860"><ele>113.75</ele></trkpt>
<trkpt lat="41.934485" lon="2.787875"><ele>114.25</ele></trkpt>
<trkpt lat="41.934772" lon="2.787908"><ele>115.5</ele></trkpt>
<trkpt lat="41.935163" lon="2.787983"><ele>114.75</ele></trkpt>
<trkpt lat="41.935711" lon="2.788169"><ele>113.75</ele></trkpt>
<trkpt lat="41.936503" lon="2.788421"><ele>112.0</ele></trkpt>
<trkpt lat="41.937371" lon="2.788648"><ele>111.25</ele></trkpt>
<trkpt lat="41.937680" lon="2.788713"><ele>111.5</ele></trkpt>
<trkpt lat="41.938483" lon="2.788834"><ele>112.0</ele></trkpt>
<trkpt lat="41.939045" lon="2.788909"><ele>111.75</ele></trkpt>
<trkpt lat="41.939098" lon="2.788927"><ele>111.75</ele></trkpt>
<trkpt lat="41.939166" lon="2.788966"><ele>111.75</ele></trkpt>
<trkpt lat="41.939234" lon="2.789016"><ele>111.75</ele></trkpt>
<trkpt lat="41.939319" lon="2.789100"><ele>111.5</ele></trkpt>
<trkpt lat="41.939606" lon="2.789335"><ele>111.25</ele></trkpt>
<trkpt lat="41.940177" lon="2.789884"><ele>110.0</ele></trkpt>
<trkpt lat="41.940292" lon="2.789961"><ele>109.75</ele></trkpt>
<trkpt lat="41.940358" lon="2.789982"><ele>109.5</ele></trkpt>
<trkpt lat="41.940421" lon="2.789986"><ele>109.5</ele></trkpt>
<trkpt lat="41.940488" lon="2.789981"><ele>109.25</ele></trkpt>
<trkpt lat="41.940627" lon="2.789946"><ele>109.0</ele></trkpt>
<trkpt lat="41.941154" lon="2.790224"><ele>107.5</ele></trkpt>
<trkpt lat="41.942315" lon="2.790803"><ele>107.0</ele></trkpt>
<trkpt lat="41.942842" lon="2.791115"><ele>106.0</ele></trkpt>
<trkpt lat="41.943888" lon="2.791765"><ele>104.5</ele></trkpt>
<trkpt lat="41.944451" lon="2.792068"><ele>104.0</ele></trkpt>
<trkpt lat="41.944736" lon="2.792143"><ele>103.5</ele></trkpt>
<trkpt lat="41.945135" lon="2.792227"><ele>103.75</ele></trkpt>
<trkpt lat="41.945451" lon="2.792306"><ele>103.25</ele></trkpt>
<trkpt lat="41.945703" lon="2.792315"><ele>103.25</ele></trkpt>
<trkpt lat="41.945856" lon="2.792309"><ele>103.25</ele></trkpt>
<trkpt lat="41.946046" lon="2.792266"><ele>103.75</ele></trkpt>
<trkpt lat="41.946539" lon="2.792083"><ele>104.5</ele></trkpt>
<trkpt lat="41.946608" lon="2.792067"><ele>104.5</ele></trkpt>
<trkpt lat="41.946692" lon="2.792077"><ele>104.5</ele></trkpt>
<trkpt lat="41.946788" lon="2.792100"><ele>104.5</ele></trkpt>
<trkpt lat="41.947221" lon="2.792297"><ele>104.0</ele></trkpt>
<trkpt lat="41.947370" lon="2.792335"><ele>103.25</ele></trkpt>
<trkpt lat="41.947543" lon="2.792273"><ele>103.75</ele></trkpt>
<trkpt lat="41.947639" lon="2.792248"><ele>104.0</ele></trkpt>
<trkpt lat="41.947652" lon="2.792306"><ele>103.0</ele></trkpt>
<trkpt lat="41.947692" lon="2.792465"><ele>100.5</ele></trkpt>
<trkpt lat="41.947708" lon="2.792644"><ele>101.75</ele></trkpt>
<trkpt lat="41.947682" lon="2.792675"><ele>102.25</ele></trkpt>
<trkpt lat="41.947656" lon="2.792737"><ele>103.0</ele></trkpt>
<trkpt lat="41.947649" lon="2.792811"><ele>103.25</ele></trkpt>
<trkpt lat="41.947664" lon="2.792882"><ele>103.25</ele></trkpt>
<trkpt lat="41.947695" lon="2.792936"><ele>103.25</ele></trkpt>
<trkpt lat="41.947739" lon="2.792970"><ele>103.25</ele></trkpt>
<trkpt lat="41.947794" lon="2.793083"><ele>102.75</ele></trkpt>
<trkpt lat="41.947876" lon="2.793166"><ele>102.5</ele></trkpt>
<trkpt lat="41.947920" lon="2.793114"><ele>102.75</ele></trkpt>
<trkpt lat="41.947955" lon="2.793074"><ele>102.75</ele></trkpt>
<trkpt lat="41.947978" lon="2.793041"><ele>103.0</ele></trkpt>
<trkpt lat="41.947976" lon="2.792919"><ele>103.0</ele></trkpt>
<trkpt lat="41.947995" lon="2.792745"><ele>103.0</ele></trkpt>
<trkpt lat="41.948013" lon="2.792717"><ele>103.0</ele></trkpt>
<trkpt lat="41.949587" lon="2.793037"><ele>102.25</ele></trkpt>
<trkpt lat="41.950126" lon="2.793131"><ele>102.0</ele></trkpt>
<trkpt lat="41.950437" lon="2.793455"><ele>101.25</ele></trkpt>
<trkpt lat="41.950607" lon="2.793624"><ele>101.0</ele></trkpt>
<trkpt lat="41.951716" lon="2.794722"><ele>100.0</ele></trkpt>
<trkpt lat="41.951762" lon="2.794745"><ele>100.0</ele></trkpt>
<trkpt lat="41.951789" lon="2.794757"><ele>100.0</ele></trkpt>
<trkpt lat="41.952232" lon="2.795206"><ele>99.75</ele></trkpt>
<trkpt lat="41.952253" lon="2.795171"><ele>99.75</ele></trkpt>
<trkpt lat="41.952313" lon="2.795104"><ele>99.75</ele></trkpt>
<trkpt lat="41.952358" lon="2.795046"><ele>99.5</ele></trkpt>
<trkpt lat="41.952425" lon="2.795059"><ele>99.25</ele></trkpt>
<trkpt lat="41.952548" lon="2.795038"><ele>99.0</ele></trkpt>
<trkpt lat="41.952695" lon="2.795075"><ele>99.0</ele></trkpt>
<trkpt lat="41.952780" lon="2.795049"><ele>98.75</ele></trkpt>
<trkpt lat="41.952843" lon="2.794966"><ele>99.0</ele></trkpt>
<trkpt lat="41.952901" lon="2.794856"><ele>99.25</ele></trkpt>
<trkpt lat="41.953057" lon="2.794518"><ele>99.5</ele></trkpt>
<trkpt lat="41.953098" lon="2.794551"><ele>99.5</ele></trkpt>
<trkpt lat="41.953367" lon="2.794780"><ele>98.75</ele></trkpt>
<trkpt lat="41.953817" lon="2.795148"><ele>98.0</ele></trkpt>
<trkpt lat="41.954330" lon="2.795554"><ele>97.25</ele></trkpt>
<trkpt lat="41.954779" lon="2.795772"><ele>96.75</ele></trkpt>
<trkpt lat="41.955250" lon="2.796012"><ele>96.0</ele></trkpt>
<trkpt lat="41.955699" lon="2.796260"><ele>95.5</ele></trkpt>
<trkpt lat="41.955846" lon="2.796344"><ele>95.0</ele></trkpt>
<trkpt lat="41.956043" lon="2.796470"><ele>95.25</ele></trkpt>
<trkpt lat="41.956233" lon="2.796580"><ele>95.25</ele></trkpt>
<trkpt lat="41.956345" lon="2.796654"><ele>95.0</ele></trkpt>
<trkpt lat="41.956749" lon="2.796884"><ele>94.5</ele></trkpt>
<trkpt lat="41.956978" lon="2.797014"><ele>94.0</ele></trkpt>
<trkpt lat="41.957653" lon="2.797363"><ele>94.0</ele></trkpt>
<trkpt lat="41.957278" lon="2.798625"><ele>94.0</ele></trkpt>
<trkpt lat="41.957688" lon="2.798756"><ele>94.25</ele></trkpt>
<trkpt lat="41.957905" lon="2.798855"><ele>94.0</ele></trkpt>
<trkpt lat="41.958217" lon="2.798997"><ele>93.25</ele></trkpt>
<trkpt lat="41.958331" lon="2.799049"><ele>93.0</ele></trkpt>
<trkpt lat="41.958413" lon="2.799087"><ele>93.0</ele></trkpt>
<trkpt lat="41.958506" lon="2.799159"><ele>93.0</ele></trkpt>
<trkpt lat="41.958556" lon="2.799206"><ele>93.0</ele></trkpt>
<trkpt lat="41.958112" lon="2.800253"><ele>92.0</ele></trkpt>
<trkpt lat="41.958134" lon="2.800283"><ele>92.0</ele></trkpt>
<trkpt lat="41.958116" lon="2.800416"><ele>92.0</ele></trkpt>
<trkpt lat="41.958133" lon="2.800555"><ele>92.0</ele></trkpt>
<trkpt lat="41.958185" lon="2.800740"><ele>92.0</ele></trkpt>
<trkpt lat="41.958241" lon="2.800839"><ele>92.0</ele></trkpt>
<trkpt lat="41.958234" lon="2.800876"><ele>92.0</ele></trkpt>
<trkpt lat="41.958228" lon="2.800902"><ele>92.0</ele></trkpt>
<trkpt lat="41.958478" lon="2.801172"><ele>91.25</ele></trkpt>
<trkpt lat="41.959109" lon="2.801812"><ele>91.0</ele></trkpt>
<trkpt lat="41.959288" lon="2.801974"><ele>90.75</ele></trkpt>
<trkpt lat="41.959517" lon="2.802151"><ele>90.25</ele></trkpt>
<trkpt lat="41.959618" lon="2.802196"><ele>90.0</ele></trkpt>
<trkpt lat="41.959740" lon="2.802200"><ele>90.25</ele></trkpt>
<trkpt lat="41.959879" lon="2.802144"><ele>91.75</ele></trkpt>
<trkpt lat="41.959895" lon="2.802161"><ele>92.0</ele></trkpt>
<trkpt lat="41.959972" lon="2.802246"><ele>93.75</ele></trkpt>
<trkpt lat="41.960135" lon="2.802454"><ele>93.25</ele></trkpt>
<trkpt lat="41.960208" lon="2.802581"><ele>91.0</ele></trkpt>
<trkpt lat="41.960299" lon="2.802763"><ele>89.75</ele></trkpt>
<trkpt lat="41.960343" lon="2.802920"><ele>89.25</ele></trkpt>
<trkpt lat="41.960398" lon="2.803078"><ele>89.0</ele></trkpt>
<trkpt lat="41.960437" lon="2.803130"><ele>89.0</ele></trkpt>
<trkpt lat="41.960482" lon="2.803138"><ele>89.0</ele></trkpt>
<trkpt lat="41.960539" lon="2.803153"><ele>89.0</ele></trkpt>
<trkpt lat="41.960764" lon="2.803389"><ele>89.0</ele></trkpt>
<trkpt lat="41.960935" lon="2.803553"><ele>89.0</ele></trkpt>
<trkpt lat="41.961341" lon="2.803966"><ele>87.75</ele></trkpt>
<trkpt lat="41.961570" lon="2.804177"><ele>87.0</ele></trkpt>
<trkpt lat="41.962143" lon="2.804769"><ele>86.0</ele></trkpt>
<trkpt lat="41.962329" lon="2.804948"><ele>86.0</ele></trkpt>
<trkpt lat="41.962966" lon="2.805590"><ele>84.75</ele></trkpt>
<trkpt lat="41.963026" lon="2.805651"><ele>84.5</ele></trkpt>
<trkpt lat="41.963053" lon="2.805667"><ele>84.5</ele></trkpt>
<trkpt lat="41.963102" lon="2.805720"><ele>84.25</ele></trkpt>
<trkpt lat="41.963227" lon="2.805845"><ele>84.0</ele></trkpt>
<trkpt lat="41.963392" lon="2.806024"><ele>84.0</ele></trkpt>
<trkpt lat="41.963592" lon="2.806225"><ele>84.0</ele></trkpt>
<trkpt lat="41.963770" lon="2.806422"><ele>83.75</ele></trkpt>
<trkpt lat="41.963969" lon="2.806607"><ele>83.0</ele></trkpt>
<trkpt lat="41.964334" lon="2.806974"><ele>83.0</ele></trkpt>
<trkpt lat="41.964536" lon="2.807164"><ele>83.0</ele></trkpt>
<trkpt lat="41.964668" lon="2.807257"><ele>83.0</ele></trkpt>
<trkpt lat="41.964783" lon="2.807348"><ele>83.0</ele></trkpt>
<trkpt lat="41.964920" lon="2.807437"><ele>83.0</ele></trkpt>
<trkpt lat="41.965147" lon="2.807542"><ele>83.0</ele></trkpt>
<trkpt lat="41.965188" lon="2.807562"><ele>83.0</ele></trkpt>
<trkpt lat="41.965246" lon="2.807491"><ele>83.0</ele></trkpt>
<trkpt lat="41.965316" lon="2.807442"><ele>83.0</ele></trkpt>
<trkpt lat="41.965393" lon="2.807417"><ele>83.0</ele></trkpt>
<trkpt lat="41.965472" lon="2.807419"><ele>83.0</ele></trkpt>
<trkpt lat="41.965548" lon="2.807447"><ele>83.0</ele></trkpt>
<trkpt lat="41.965617" lon="2.807499"><ele>83.0</ele></trkpt>
<trkpt lat="41.965630" lon="2.807513"><ele>83.0</ele></trkpt>
<trkpt lat="41.965669" lon="2.807565"><ele>83.0</ele></trkpt>
<trkpt lat="41.965701" lon="2.807626"><ele>83.0</ele></trkpt>
<trkpt lat="41.965725" lon="2.807693"><ele>83.0</ele></trkpt>
<trkpt lat="41.965739" lon="2.807765"><ele>83.0</ele></trkpt>
<trkpt lat="41.965745" lon="2.807840"><ele>83.0</ele></trkpt>
<trkpt lat="41.965740" lon="2.807914"><ele>83.0</ele></trkpt>
<trkpt lat="41.965734" lon="2.807952"><ele>83.0</ele></trkpt>
<trkpt lat="41.965712" lon="2.808028"><ele>83.0</ele></trkpt>
<trkpt lat="41.965836" lon="2.808037"><ele>82.75</ele></trkpt>
<trkpt lat="41.966261" lon="2.808041"><ele>82.0</ele></trkpt>
<trkpt lat="41.966854" lon="2.807973"><ele>82.0</ele></trkpt>
<trkpt lat="41.967259" lon="2.807911"><ele>81.75</ele></trkpt>
<trkpt lat="41.967310" lon="2.807929"><ele>81.5</ele></trkpt>
<trkpt lat="41.967355" lon="2.807970"><ele>81.5</ele></trkpt>
<trkpt lat="41.967432" lon="2.807975"><ele>81.0</ele></trkpt>
<trkpt lat="41.967503" lon="2.807980"><ele>81.0</ele></trkpt>
<trkpt lat="41.967528" lon="2.807953"><ele>81.0</ele></trkpt>
<trkpt lat="41.967564" lon="2.807933"><ele>81.0</ele></trkpt>
<trkpt lat="41.967642" lon="2.807923"><ele>81.25</ele></trkpt>
<trkpt lat="41.967669" lon="2.807921"><ele>81.25</ele></trkpt>
<trkpt lat="41.967669" lon="2.807934"><ele>81.25</ele></trkpt>
<trkpt lat="41.967968" lon="2.807972"><ele>81.25</ele></trkpt>
<trkpt lat="41.968140" lon="2.808009"><ele>81.25</ele></trkpt>
<trkpt lat="41.968255" lon="2.808042"><ele>81.5</ele></trkpt>
<trkpt lat="41.968986" lon="2.808282"><ele>81.0</ele></trkpt>
<trkpt lat="41.969702" lon="2.808513"><ele>80.0</ele></trkpt>
<trkpt lat="41.970316" lon="2.808711"><ele>79.5</ele></trkpt>
<trkpt lat="41.970492" lon="2.808760"><ele>79.0</ele></trkpt>
<trkpt lat="41.970626" lon="2.808784"><ele>79.0</ele></trkpt>
<trkpt lat="41.970778" lon="2.808804"><ele>79.0</ele></trkpt>
<trkpt lat="41.970808" lon="2.808802"><ele>79.0</ele></trkpt>
<trkpt lat="41.970838" lon="2.808800"><ele>79.0</ele></trkpt>
<trkpt lat="41.970852" lon="2.808899"><ele>79.0</ele></trkpt>
<trkpt lat="41.970900" lon="2.809004"><ele>79.0</ele></trkpt>
<trkpt lat="41.970962" lon="2.809066"><ele>79.0</ele></trkpt>
<trkpt lat="41.970999" lon="2.809104"><ele>79.0</ele></trkpt>
<trkpt lat="41.971037" lon="2.809123"><ele>79.0</ele></trkpt>
<trkpt lat="41.971101" lon="2.809140"><ele>79.0</ele></trkpt>
<trkpt lat="41.971136" lon="2.809137"><ele>79.0</ele></trkpt>
<trkpt lat="41.971186" lon="2.809134"><ele>79.0</ele></trkpt>
<trkpt lat="41.971266" lon="2.809100"><ele>79.0</ele></trkpt>
<trkpt lat="41.971302" lon="2.809069"><ele>79.0</ele></trkpt>
<trkpt lat="41.971335" lon="2.809027"><ele>79.0</ele></trkpt>
<trkpt lat="41.971382" lon="2.808952"><ele>79.0</ele></trkpt>
<trkpt lat="41.971419" lon="2.808953"><ele>78.75</ele></trkpt>
<trkpt lat="41.972939" lon="2.808965"><ele>78.0</ele></trkpt>
<trkpt lat="41.973236" lon="2.808956"><ele>78.0</ele></trkpt>
<trkpt lat="41.973425" lon="2.808977"><ele>78.0</ele></trkpt>
<trkpt lat="41.973473" lon="2.808994"><ele>78.0</ele></trkpt>
<trkpt lat="41.973542" lon="2.809031"><ele>78.0</ele></trkpt>
<trkpt lat="41.973552" lon="2.809039"><ele>78.0</ele></trkpt>
<trkpt lat="41.974509" lon="2.809526"><ele>76.75</ele></trkpt>
<trkpt lat="41.974725" lon="2.809603"><ele>76.5</ele></trkpt>
<trkpt lat="41.974779" lon="2.809616"><ele>76.25</ele></trkpt>
<trkpt lat="41.974879" lon="2.809635"><ele>76.0</ele></trkpt>
<trkpt lat="41.974892" lon="2.809647"><ele>76.0</ele></trkpt>
<trkpt lat="41.974950" lon="2.809744"><ele>76.0</ele></trkpt>
<trkpt lat="41.974969" lon="2.809751"><ele>76.0</ele></trkpt>
<trkpt lat="41.975089" lon="2.809721"><ele>75.75</ele></trkpt>
<trkpt lat="41.975220" lon="2.809720"><ele>75.75</ele></trkpt>
<trkpt lat="41.975349" lon="2.809743"><ele>76.25</ele></trkpt>
<trkpt lat="41.975490" lon="2.809814"><ele>76.75</ele></trkpt>
<trkpt lat="41.975637" lon="2.809932"><ele>76.5</ele></trkpt>
<trkpt lat="41.975706" lon="2.810017"><ele>76.25</ele></trkpt>
<trkpt lat="41.975755" lon="2.810089"><ele>76.0</ele></trkpt>
<trkpt lat="41.975837" lon="2.810277"><ele>76.0</ele></trkpt>
<trkpt lat="41.975848" lon="2.810291"><ele>76.0</ele></trkpt>
<trkpt lat="41.975863" lon="2.810287"><ele>76.0</ele></trkpt>
<trkpt lat="41.976281" lon="2.809978"><ele>76.0</ele></trkpt>
<trkpt lat="41.976318" lon="2.810004"><ele>76.0</ele></trkpt>
<trkpt lat="41.976371" lon="2.810040"><ele>76.0</ele></trkpt>
<trkpt lat="41.976394" lon="2.810056"><ele>76.0</ele></trkpt>
<trkpt lat="41.976451" lon="2.810104"><ele>76.0</ele></trkpt>
<trkpt lat="41.976470" lon="2.810136"><ele>76.0</ele></trkpt>
<trkpt lat="41.976483" lon="2.810191"><ele>76.0</ele></trkpt>
<trkpt lat="41.976487" lon="2.810254"><ele>76.0</ele></trkpt>
<trkpt lat="41.976487" lon="2.810341"><ele>76.0</ele></trkpt>
<trkpt lat="41.976492" lon="2.810769"><ele>76.0</ele></trkpt>
<trkpt lat="41.976495" lon="2.811088"><ele>76.0</ele></trkpt>
<trkpt lat="41.976503" lon="2.811835"><ele>75.0</ele></trkpt>
<trkpt lat="41.976507" lon="2.812295"><ele>75.0</ele></trkpt>
<trkpt lat="41.976514" lon="2.812907"><ele>74.75</ele></trkpt>
<trkpt lat="41.976510" lon="2.813118"><ele>74.5</ele></trkpt>
<trkpt lat="41.976488" lon="2.813343"><ele>74.5</ele></trkpt>
<trkpt lat="41.976460" lon="2.813512"><ele>74.25</ele></trkpt>
<trkpt lat="41.976438" lon="2.813626"><ele>74.0</ele></trkpt>
<trkpt lat="41.976356" lon="2.813900"><ele>74.0</ele></trkpt>
<trkpt lat="41.976297" lon="2.814041"><ele>74.0</ele></trkpt>
<trkpt lat="41.976290" lon="2.814175"><ele>74.0</ele></trkpt>
<trkpt lat="41.976177" lon="2.814386"><ele>74.0</ele></trkpt>
<trkpt lat="41.976156" lon="2.814426"><ele>74.0</ele></trkpt>
<trkpt lat="41.976193" lon="2.814461"><ele>74.0</ele></trkpt>
<trkpt lat="41.976251" lon="2.814526"><ele>74.0</ele></trkpt>
<trkpt lat="41.976340" lon="2.814604"><ele>74.0</ele></trkpt>
<trkpt lat="41.977066" lon="2.814776"><ele>73.75</ele></trkpt>
<trkpt lat="41.977120" lon="2.814790"><ele>73.75</ele></trkpt>
<trkpt lat="41.977684" lon="2.814945"><ele>74.0</ele></trkpt>
<trkpt lat="41.978119" lon="2.815067"><ele>74.0</ele></trkpt>
<trkpt lat="41.978484" lon="2.815198"><ele>74.0</ele></trkpt>
<trkpt lat="41.979263" lon="2.815374"><ele>74.0</ele></trkpt>
<trkpt lat="41.979502" lon="2.815488"><ele>74.0</ele></trkpt>
<trkpt lat="41.980711" lon="2.816032"><ele>73.25</ele></trkpt>
<trkpt lat="41.980729" lon="2.816040"><ele>73.25</ele></trkpt>
<trkpt lat="41.980781" lon="2.816063"><ele>73.0</ele></trkpt>
<trkpt lat="41.980758" lon="2.816102"><ele>73.25</ele></trkpt>
<trkpt lat="41.980685" lon="2.816258"><ele>73.5</ele></trkpt>
<trkpt lat="41.980667" lon="2.816334"><ele>73.5</ele></trkpt>
<trkpt lat="41.980679" lon="2.816499"><ele>73.5</ele></trkpt>
<trkpt lat="41.980765" lon="2.816783"><ele>73.0</ele></trkpt>
<trkpt lat="41.980810" lon="2.816945"><ele>73.0</ele></trkpt>
<trkpt lat="41.980834" lon="2.817009"><ele>72.75</ele></trkpt>
<trkpt lat="41.980895" lon="2.817115"><ele>73.0</ele></trkpt>
<trkpt lat="41.980904" lon="2.817260"><ele>73.0</ele></trkpt>
<trkpt lat="41.980905" lon="2.817271"><ele>73.0</ele></trkpt>
<trkpt lat="41.980927" lon="2.817531"><ele>72.75</ele></trkpt>
<trkpt lat="41.980918" lon="2.817578"><ele>72.5</ele></trkpt>
<trkpt lat="41.980727" lon="2.818568"><ele>71.0</ele></trkpt>
<trkpt lat="41.980710" lon="2.818615"><ele>71.0</ele></trkpt>
<trkpt lat="41.980709" lon="2.818616"><ele>71.0</ele></trkpt>
<trkpt lat="41.980691" lon="2.818690"><ele>71.0</ele></trkpt>
<trkpt lat="41.980629" lon="2.818816"><ele>71.0</ele></trkpt>
<trkpt lat="41.980395" lon="2.819296"><ele>71.0</ele></trkpt>
<trkpt lat="41.980214" lon="2.819662"><ele>71.0</ele></trkpt>
<trkpt lat="41.980177" lon="2.819727"><ele>71.0</ele></trkpt>
<trkpt lat="41.980071" lon="2.819925"><ele>71.0</ele></trkpt>
<trkpt lat="41.980015" lon="2.820029"><ele>71.0</ele></trkpt>
<trkpt lat="41.979804" lon="2.820440"><ele>71.0</ele></trkpt>
<trkpt lat="41.979553" lon="2.820930"><ele>70.75</ele></trkpt>
<trkpt lat="41.979456" lon="2.821121"><ele>70.75</ele></trkpt>
<trkpt lat="41.979408" lon="2.821213"><ele>71.0</ele></trkpt>
<trkpt lat="41.979370" lon="2.821299"><ele>71.25</ele></trkpt>
<trkpt lat="41.979344" lon="2.821350"><ele>72.0</ele></trkpt>
</trkseg></trk></gpx>
