<?xml version="1.0" encoding="UTF-8"?>
<!-- track-length = 69509 filtered ascend = 599 plain-ascend = 1 cost=198647 energy=.1kwh time=1h 33s AUTO selected ISO_GREEDY (score 0.876) after 1 candidate(s) in 5278ms. short shared stem near start/end: 25m -->
<gpx
 xmlns="http://www.topografix.com/GPX/1/1"
 xmlns:xsi="http://www.w3.org/2001/XMLSchema-instance"
 xsi:schemaLocation="http://www.topografix.com/GPX/1/1 http://www.topografix.com/GPX/1/1/gpx.xsd"
 creator="BRouter-null" version="1.1">
 <trk>
  <name>unset</name>
  <trkseg>
   <trkpt lon="2.821350" lat="41.979344"><ele>71.25</ele></trkpt>
   <trkpt lon="2.821299" lat="41.979370"><ele>71.25</ele></trkpt>
   <trkpt lon="2.821213" lat="41.979408"><ele>71.0</ele></trkpt>
   <trkpt lon="2.821271" lat="41.979475"><ele>70.75</ele></trkpt>
   <trkpt lon="2.821666" lat="41.979902"><ele>70.25</ele></trkpt>
   <trkpt lon="2.821680" lat="41.979918"><ele>70.25</ele></trkpt>
   <trkpt lon="2.821818" lat="41.980071"><ele>70.0</ele></trkpt>
   <trkpt lon="2.821655" lat="41.980166"><ele>70.0</ele></trkpt>
   <trkpt lon="2.821631" lat="41.980181"><ele>70.0</ele></trkpt>
   <trkpt lon="2.821592" lat="41.980201"><ele>70.0</ele></trkpt>
   <trkpt lon="2.820937" lat="41.980567"><ele>70.0</ele></trkpt>
   <trkpt lon="2.820863" lat="41.980607"><ele>70.0</ele></trkpt>
   <trkpt lon="2.820651" lat="41.980718"><ele>70.5</ele></trkpt>
   <trkpt lon="2.820568" lat="41.980775"><ele>70.75</ele></trkpt>
   <trkpt lon="2.820499" lat="41.980828"><ele>71.0</ele></trkpt>
   <trkpt lon="2.820437" lat="41.980900"><ele>71.0</ele></trkpt>
   <trkpt lon="2.820319" lat="41.981100"><ele>71.0</ele></trkpt>
   <trkpt lon="2.820301" lat="41.981132"><ele>70.75</ele></trkpt>
   <trkpt lon="2.820205" lat="41.981303"><ele>71.0</ele></trkpt>
   <trkpt lon="2.820164" lat="41.981410"><ele>70.75</ele></trkpt>
   <trkpt lon="2.820125" lat="41.981522"><ele>70.75</ele></trkpt>
   <trkpt lon="2.819958" lat="41.982188"><ele>70.75</ele></trkpt>
   <trkpt lon="2.819950" lat="41.982219"><ele>70.75</ele></trkpt>
   <trkpt lon="2.819924" lat="41.982350"><ele>70.5</ele></trkpt>
   <trkpt lon="2.819887" lat="41.982536"><ele>70.0</ele></trkpt>
   <trkpt lon="2.819874" lat="41.982585"><ele>70.25</ele></trkpt>
   <trkpt lon="2.819738" lat="41.982568"><ele>70.0</ele></trkpt>
   <trkpt lon="2.819715" lat="41.982565"><ele>70.25</ele></trkpt>
   <trkpt lon="2.819479" lat="41.982477"><ele>70.75</ele></trkpt>
   <trkpt lon="2.819457" lat="41.982455"><ele>70.75</ele></trkpt>
   <trkpt lon="2.819438" lat="41.982437"><ele>71.0</ele></trkpt>
   <trkpt lon="2.819368" lat="41.982251"><ele>71.0</ele></trkpt>
   <trkpt lon="2.819333" lat="41.982218"><ele>70.75</ele></trkpt>
   <trkpt lon="2.819284" lat="41.982211"><ele>70.75</ele></trkpt>
   <trkpt lon="2.819149" lat="41.982221"><ele>70.75</ele></trkpt>
   <trkpt lon="2.819123" lat="41.982241"><ele>71.0</ele></trkpt>
   <trkpt lon="2.819077" lat="41.982246"><ele>71.0</ele></trkpt>
   <trkpt lon="2.819047" lat="41.982239"><ele>71.0</ele></trkpt>
   <trkpt lon="2.819035" lat="41.982237"><ele>71.0</ele></trkpt>
   <trkpt lon="2.819001" lat="41.982195"><ele>70.75</ele></trkpt>
   <trkpt lon="2.818878" lat="41.982168"><ele>71.0</ele></trkpt>
   <trkpt lon="2.818813" lat="41.982155"><ele>71.0</ele></trkpt>
   <trkpt lon="2.818723" lat="41.982186"><ele>71.0</ele></trkpt>
   <trkpt lon="2.817857" lat="41.981827"><ele>71.75</ele></trkpt>
   <trkpt lon="2.817562" lat="41.981698"><ele>72.0</ele></trkpt>
   <trkpt lon="2.817211" lat="41.981556"><ele>72.25</ele></trkpt>
   <trkpt lon="2.817066" lat="41.981497"><ele>72.5</ele></trkpt>
   <trkpt lon="2.816951" lat="41.981450"><ele>72.75</ele></trkpt>
   <trkpt lon="2.816277" lat="41.981175"><ele>73.0</ele></trkpt>
   <trkpt lon="2.816159" lat="41.981127"><ele>73.0</ele></trkpt>
   <trkpt lon="2.815982" lat="41.981053"><ele>73.0</ele></trkpt>
   <trkpt lon="2.815894" lat="41.981017"><ele>73.0</ele></trkpt>
   <trkpt lon="2.815700" lat="41.980933"><ele>73.0</ele></trkpt>
   <trkpt lon="2.815486" lat="41.980851"><ele>72.75</ele></trkpt>
   <trkpt lon="2.814172" lat="41.980305"><ele>74.0</ele></trkpt>
   <trkpt lon="2.813719" lat="41.980117"><ele>74.0</ele></trkpt>
   <trkpt lon="2.813360" lat="41.979968"><ele>74.0</ele></trkpt>
   <trkpt lon="2.813335" lat="41.980003"><ele>74.0</ele></trkpt>
   <trkpt lon="2.813281" lat="41.980058"><ele>74.0</ele></trkpt>
   <trkpt lon="2.812874" lat="41.980611"><ele>73.75</ele></trkpt>
   <trkpt lon="2.812820" lat="41.980696"><ele>73.5</ele></trkpt>
   <trkpt lon="2.812781" lat="41.980758"><ele>73.25</ele></trkpt>
   <trkpt lon="2.812686" lat="41.980896"><ele>73.25</ele></trkpt>
   <trkpt lon="2.812669" lat="41.980918"><ele>73.25</ele></trkpt>
   <trkpt lon="2.812259" lat="41.981475"><ele>73.0</ele></trkpt>
   <trkpt lon="2.812206" lat="41.981545"><ele>73.0</ele></trkpt>
   <trkpt lon="2.812184" lat="41.981575"><ele>73.0</ele></trkpt>
   <trkpt lon="2.812106" lat="41.981543"><ele>73.0</ele></trkpt>
   <trkpt lon="2.811594" lat="41.981354"><ele>73.25</ele></trkpt>
   <trkpt lon="2.811276" lat="41.981285"><ele>73.25</ele></trkpt>
   <trkpt lon="2.811200" lat="41.981277"><ele>73.0</ele></trkpt>
   <trkpt lon="2.811096" lat="41.981275"><ele>72.5</ele></trkpt>
   <trkpt lon="2.810960" lat="41.981272"><ele>72.25</ele></trkpt>
   <trkpt lon="2.810824" lat="41.981266"><ele>72.25</ele></trkpt>
   <trkpt lon="2.810745" lat="41.981260"><ele>72.75</ele></trkpt>
   <trkpt lon="2.810739" lat="41.981281"><ele>72.75</ele></trkpt>
   <trkpt lon="2.810713" lat="41.981401"><ele>72.75</ele></trkpt>
   <trkpt lon="2.810668" lat="41.981610"><ele>72.0</ele></trkpt>
   <trkpt lon="2.810543" lat="41.982052"><ele>73.5</ele></trkpt>
   <trkpt lon="2.810403" lat="41.982504"><ele>72.0</ele></trkpt>
   <trkpt lon="2.810268" lat="41.982940"><ele>72.25</ele></trkpt>
   <trkpt lon="2.810232" lat="41.983103"><ele>71.75</ele></trkpt>
   <trkpt lon="2.810198" lat="41.983334"><ele>71.5</ele></trkpt>
   <trkpt lon="2.810170" lat="41.983452"><ele>71.75</ele></trkpt>
   <trkpt lon="2.810136" lat="41.983539"><ele>71.75</ele></trkpt>
   <trkpt lon="2.810049" lat="41.983716"><ele>72.0</ele></trkpt>
   <trkpt lon="2.809973" lat="41.983820"><ele>72.0</ele></trkpt>
   <trkpt lon="2.809913" lat="41.983922"><ele>72.25</ele></trkpt>
   <trkpt lon="2.809843" lat="41.984026"><ele>72.75</ele></trkpt>
   <trkpt lon="2.809786" lat="41.984139"><ele>72.75</ele></trkpt>
   <trkpt lon="2.809757" lat="41.984216"><ele>72.75</ele></trkpt>
   <trkpt lon="2.809728" lat="41.984394"><ele>72.75</ele></trkpt>
   <trkpt lon="2.809688" lat="41.984391"><ele>72.75</ele></trkpt>
   <trkpt lon="2.809645" lat="41.984491"><ele>72.75</ele></trkpt>
   <trkpt lon="2.809607" lat="41.984513"><ele>72.75</ele></trkpt>
   <trkpt lon="2.809464" lat="41.984581"><ele>72.5</ele></trkpt>
   <trkpt lon="2.809375" lat="41.984683"><ele>72.5</ele></trkpt>
   <trkpt lon="2.809338" lat="41.984758"><ele>72.5</ele></trkpt>
   <trkpt lon="2.809324" lat="41.984847"><ele>72.0</ele></trkpt>
   <trkpt lon="2.809335" lat="41.984923"><ele>72.0</ele></trkpt>
   <trkpt lon="2.809362" lat="41.984967"><ele>72.0</ele></trkpt>
   <trkpt lon="2.809400" lat="41.985025"><ele>72.0</ele></trkpt>
   <trkpt lon="2.809469" lat="41.985083"><ele>71.5</ele></trkpt>
   <trkpt lon="2.809544" lat="41.985122"><ele>71.5</ele></trkpt>
   <trkpt lon="2.809629" lat="41.985185"><ele>71.75</ele></trkpt>
   <trkpt lon="2.809647" lat="41.985187"><ele>72.0</ele></trkpt>
   <trkpt lon="2.809641" lat="41.985219"><ele>71.75</ele></trkpt>
   <trkpt lon="2.809666" lat="41.985220"><ele>72.0</ele></trkpt>
   <trkpt lon="2.809711" lat="41.985221"><ele>72.75</ele></trkpt>
   <trkpt lon="2.809820" lat="41.985224"><ele>72.5</ele></trkpt>
   <trkpt lon="2.809860" lat="41.985226"><ele>72.5</ele></trkpt>
   <trkpt lon="2.809832" lat="41.985326"><ele>72.25</ele></trkpt>
   <trkpt lon="2.809624" lat="41.987230"><ele>69.75</ele></trkpt>
   <trkpt lon="2.809345" lat="41.990160"><ele>76.0</ele></trkpt>
   <trkpt lon="2.809321" lat="41.990158"><ele>76.0</ele></trkpt>
   <trkpt lon="2.809205" lat="41.990155"><ele>76.0</ele></trkpt>
   <trkpt lon="2.809174" lat="41.990151"><ele>76.0</ele></trkpt>
   <trkpt lon="2.809149" lat="41.990151"><ele>76.0</ele></trkpt>
   <trkpt lon="2.809146" lat="41.990164"><ele>76.0</ele></trkpt>
   <trkpt lon="2.809096" lat="41.990287"><ele>76.0</ele></trkpt>
   <trkpt lon="2.809062" lat="41.990330"><ele>76.0</ele></trkpt>
   <trkpt lon="2.809008" lat="41.990370"><ele>76.25</ele></trkpt>
   <trkpt lon="2.808910" lat="41.990396"><ele>76.0</ele></trkpt>
   <trkpt lon="2.808831" lat="41.990386"><ele>76.0</ele></trkpt>
   <trkpt lon="2.808633" lat="41.990335"><ele>76.0</ele></trkpt>
   <trkpt lon="2.807834" lat="41.990102"><ele>76.25</ele></trkpt>
   <trkpt lon="2.807261" lat="41.989957"><ele>77.0</ele></trkpt>
   <trkpt lon="2.806407" lat="41.989762"><ele>77.0</ele></trkpt>
   <trkpt lon="2.805380" lat="41.989575"><ele>77.25</ele></trkpt>
   <trkpt lon="2.804975" lat="41.989513"><ele>77.25</ele></trkpt>
   <trkpt lon="2.804501" lat="41.989453"><ele>78.0</ele></trkpt>
   <trkpt lon="2.804241" lat="41.989431"><ele>77.75</ele></trkpt>
   <trkpt lon="2.803682" lat="41.989415"><ele>77.5</ele></trkpt>
   <trkpt lon="2.803617" lat="41.989423"><ele>77.5</ele></trkpt>
   <trkpt lon="2.803123" lat="41.989448"><ele>78.0</ele></trkpt>
   <trkpt lon="2.802674" lat="41.989507"><ele>78.0</ele></trkpt>
   <trkpt lon="2.802635" lat="41.989509"><ele>78.0</ele></trkpt>
   <trkpt lon="2.799679" lat="41.989911"><ele>79.5</ele></trkpt>
   <trkpt lon="2.799500" lat="41.989910"><ele>79.5</ele></trkpt>
   <trkpt lon="2.799385" lat="41.989894"><ele>79.5</ele></trkpt>
   <trkpt lon="2.798915" lat="41.989808"><ele>80.25</ele></trkpt>
   <trkpt lon="2.798880" lat="41.989802"><ele>80.25</ele></trkpt>
   <trkpt lon="2.798272" lat="41.989690"><ele>80.0</ele></trkpt>
   <trkpt lon="2.797077" lat="41.989468"><ele>80.75</ele></trkpt>
   <trkpt lon="2.797025" lat="41.989459"><ele>80.75</ele></trkpt>
   <trkpt lon="2.797012" lat="41.989504"><ele>81.0</ele></trkpt>
   <trkpt lon="2.796444" lat="41.989395"><ele>81.25</ele></trkpt>
   <trkpt lon="2.796361" lat="41.989377"><ele>81.5</ele></trkpt>
   <trkpt lon="2.796177" lat="41.989361"><ele>82.25</ele></trkpt>
   <trkpt lon="2.796093" lat="41.989364"><ele>82.5</ele></trkpt>
   <trkpt lon="2.796030" lat="41.989374"><ele>82.75</ele></trkpt>
   <trkpt lon="2.795974" lat="41.989410"><ele>82.75</ele></trkpt>
   <trkpt lon="2.795908" lat="41.989433"><ele>82.75</ele></trkpt>
   <trkpt lon="2.795866" lat="41.989440"><ele>82.75</ele></trkpt>
   <trkpt lon="2.795780" lat="41.989437"><ele>82.75</ele></trkpt>
   <trkpt lon="2.795739" lat="41.989429"><ele>82.75</ele></trkpt>
   <trkpt lon="2.795665" lat="41.989397"><ele>82.75</ele></trkpt>
   <trkpt lon="2.795619" lat="41.989360"><ele>82.75</ele></trkpt>
   <trkpt lon="2.795587" lat="41.989315"><ele>82.5</ele></trkpt>
   <trkpt lon="2.795426" lat="41.989218"><ele>82.0</ele></trkpt>
   <trkpt lon="2.795309" lat="41.989213"><ele>82.0</ele></trkpt>
   <trkpt lon="2.795213" lat="41.989209"><ele>82.25</ele></trkpt>
   <trkpt lon="2.794974" lat="41.989180"><ele>83.0</ele></trkpt>
   <trkpt lon="2.792287" lat="41.988721"><ele>83.25</ele></trkpt>
   <trkpt lon="2.791706" lat="41.988612"><ele>83.75</ele></trkpt>
   <trkpt lon="2.791342" lat="41.988522"><ele>84.0</ele></trkpt>
   <trkpt lon="2.791313" lat="41.988512"><ele>84.0</ele></trkpt>
   <trkpt lon="2.791019" lat="41.988423"><ele>84.0</ele></trkpt>
   <trkpt lon="2.790759" lat="41.988336"><ele>84.0</ele></trkpt>
   <trkpt lon="2.790702" lat="41.988314"><ele>84.0</ele></trkpt>
   <trkpt lon="2.790218" lat="41.988131"><ele>84.0</ele></trkpt>
   <trkpt lon="2.789416" lat="41.987873"><ele>85.0</ele></trkpt>
   <trkpt lon="2.787995" lat="41.987506"><ele>85.0</ele></trkpt>
   <trkpt lon="2.787911" lat="41.987479"><ele>85.0</ele></trkpt>
   <trkpt lon="2.787624" lat="41.987390"><ele>85.25</ele></trkpt>
   <trkpt lon="2.786860" lat="41.987157"><ele>86.0</ele></trkpt>
   <trkpt lon="2.786515" lat="41.987052"><ele>86.0</ele></trkpt>
   <trkpt lon="2.786409" lat="41.987283"><ele>86.0</ele></trkpt>
   <trkpt lon="2.786215" lat="41.987769"><ele>86.0</ele></trkpt>
   <trkpt lon="2.786219" lat="41.987835"><ele>86.0</ele></trkpt>
   <trkpt lon="2.786115" lat="41.987688"><ele>86.0</ele></trkpt>
   <trkpt lon="2.785708" lat="41.987304"><ele>86.0</ele></trkpt>
   <trkpt lon="2.785313" lat="41.986902"><ele>86.0</ele></trkpt>
   <trkpt lon="2.785221" lat="41.986776"><ele>86.0</ele></trkpt>
   <trkpt lon="2.785149" lat="41.986705"><ele>86.0</ele></trkpt>
   <trkpt lon="2.785015" lat="41.986619"><ele>86.0</ele></trkpt>
   <trkpt lon="2.784859" lat="41.986509"><ele>85.5</ele></trkpt>
   <trkpt lon="2.784731" lat="41.986387"><ele>84.0</ele></trkpt>
   <trkpt lon="2.784375" lat="41.985965"><ele>80.75</ele></trkpt>
   <trkpt lon="2.784321" lat="41.985926"><ele>81.0</ele></trkpt>
   <trkpt lon="2.784237" lat="41.985903"><ele>82.0</ele></trkpt>
   <trkpt lon="2.784156" lat="41.985901"><ele>83.0</ele></trkpt>
   <trkpt lon="2.784085" lat="41.985918"><ele>83.25</ele></trkpt>
   <trkpt lon="2.783875" lat="41.985971"><ele>84.25</ele></trkpt>
   <trkpt lon="2.783781" lat="41.985973"><ele>83.75</ele></trkpt>
   <trkpt lon="2.783625" lat="41.985944"><ele>83.75</ele></trkpt>
   <trkpt lon="2.783480" lat="41.985892"><ele>82.0</ele></trkpt>
   <trkpt lon="2.783369" lat="41.985867"><ele>79.75</ele></trkpt>
   <trkpt lon="2.783253" lat="41.985858"><ele>78.75</ele></trkpt>
   <trkpt lon="2.782692" lat="41.985877"><ele>80.25</ele></trkpt>
   <trkpt lon="2.782562" lat="41.985958"><ele>81.0</ele></trkpt>
   <trkpt lon="2.782437" lat="41.986150"><ele>82.25</ele></trkpt>
   <trkpt lon="2.782362" lat="41.986231"><ele>83.25</ele></trkpt>
   <trkpt lon="2.782121" lat="41.986419"><ele>86.75</ele></trkpt>
   <trkpt lon="2.782036" lat="41.986468"><ele>87.75</ele></trkpt>
   <trkpt lon="2.781908" lat="41.986512"><ele>88.25</ele></trkpt>
   <trkpt lon="2.781637" lat="41.986539"><ele>88.5</ele></trkpt>
   <trkpt lon="2.781480" lat="41.986539"><ele>88.5</ele></trkpt>
   <trkpt lon="2.781205" lat="41.986515"><ele>88.75</ele></trkpt>
   <trkpt lon="2.781101" lat="41.986506"><ele>89.0</ele></trkpt>
   <trkpt lon="2.780431" lat="41.986539"><ele>89.5</ele></trkpt>
   <trkpt lon="2.779537" lat="41.986539"><ele>89.75</ele></trkpt>
   <trkpt lon="2.779311" lat="41.986525"><ele>89.75</ele></trkpt>
   <trkpt lon="2.778927" lat="41.986469"><ele>90.0</ele></trkpt>
   <trkpt lon="2.778587" lat="41.986398"><ele>91.0</ele></trkpt>
   <trkpt lon="2.778011" lat="41.986246"><ele>90.5</ele></trkpt>
   <trkpt lon="2.777688" lat="41.986187"><ele>91.25</ele></trkpt>
   <trkpt lon="2.777202" lat="41.986133"><ele>92.0</ele></trkpt>
   <trkpt lon="2.777076" lat="41.986119"><ele>92.0</ele></trkpt>
   <trkpt lon="2.776822" lat="41.986070"><ele>92.25</ele></trkpt>
   <trkpt lon="2.775906" lat="41.985960"><ele>89.0</ele></trkpt>
   <trkpt lon="2.775565" lat="41.985876"><ele>86.5</ele></trkpt>
   <trkpt lon="2.775349" lat="41.985798"><ele>85.5</ele></trkpt>
   <trkpt lon="2.775155" lat="41.985760"><ele>84.75</ele></trkpt>
   <trkpt lon="2.774571" lat="41.985724"><ele>85.25</ele></trkpt>
   <trkpt lon="2.774230" lat="41.985770"><ele>86.75</ele></trkpt>
   <trkpt lon="2.773992" lat="41.985819"><ele>88.25</ele></trkpt>
   <trkpt lon="2.773657" lat="41.985924"><ele>91.0</ele></trkpt>
   <trkpt lon="2.773584" lat="41.985969"><ele>91.5</ele></trkpt>
   <trkpt lon="2.773299" lat="41.986198"><ele>92.25</ele></trkpt>
   <trkpt lon="2.773191" lat="41.986253"><ele>92.75</ele></trkpt>
   <trkpt lon="2.772999" lat="41.986323"><ele>93.0</ele></trkpt>
   <trkpt lon="2.772361" lat="41.986460"><ele>94.0</ele></trkpt>
   <trkpt lon="2.771944" lat="41.986579"><ele>94.0</ele></trkpt>
   <trkpt lon="2.771365" lat="41.986759"><ele>94.75</ele></trkpt>
   <trkpt lon="2.769277" lat="41.987339"><ele>96.0</ele></trkpt>
   <trkpt lon="2.768924" lat="41.987416"><ele>96.0</ele></trkpt>
   <trkpt lon="2.768245" lat="41.987577"><ele>95.25</ele></trkpt>
   <trkpt lon="2.767768" lat="41.987661"><ele>95.5</ele></trkpt>
   <trkpt lon="2.766299" lat="41.987963"><ele>94.5</ele></trkpt>
   <trkpt lon="2.765687" lat="41.988041"><ele>94.5</ele></trkpt>
   <trkpt lon="2.765357" lat="41.988096"><ele>95.0</ele></trkpt>
   <trkpt lon="2.764074" lat="41.988275"><ele>95.75</ele></trkpt>
   <trkpt lon="2.762955" lat="41.988446"><ele>96.25</ele></trkpt>
   <trkpt lon="2.762831" lat="41.988474"><ele>96.5</ele></trkpt>
   <trkpt lon="2.762739" lat="41.988495"><ele>96.5</ele></trkpt>
   <trkpt lon="2.762039" lat="41.988727"><ele>97.25</ele></trkpt>
   <trkpt lon="2.761866" lat="41.988760"><ele>97.5</ele></trkpt>
   <trkpt lon="2.761625" lat="41.988761"><ele>97.5</ele></trkpt>
   <trkpt lon="2.760655" lat="41.988786"><ele>98.75</ele></trkpt>
   <trkpt lon="2.759388" lat="41.988823"><ele>99.0</ele></trkpt>
   <trkpt lon="2.759296" lat="41.988825"><ele>99.0</ele></trkpt>
   <trkpt lon="2.759243" lat="41.988826"><ele>99.0</ele></trkpt>
   <trkpt lon="2.758474" lat="41.988843"><ele>98.75</ele></trkpt>
   <trkpt lon="2.757610" lat="41.988874"><ele>98.75</ele></trkpt>
   <trkpt lon="2.757390" lat="41.988882"><ele>99.0</ele></trkpt>
   <trkpt lon="2.756685" lat="41.988905"><ele>100.0</ele></trkpt>
   <trkpt lon="2.756538" lat="41.988924"><ele>99.5</ele></trkpt>
   <trkpt lon="2.755463" lat="41.989063"><ele>101.0</ele></trkpt>
   <trkpt lon="2.755185" lat="41.989097"><ele>101.0</ele></trkpt>
   <trkpt lon="2.754033" lat="41.989245"><ele>102.0</ele></trkpt>
   <trkpt lon="2.754044" lat="41.989288"><ele>102.0</ele></trkpt>
   <trkpt lon="2.754202" lat="41.989986"><ele>102.0</ele></trkpt>
   <trkpt lon="2.753672" lat="41.990067"><ele>102.75</ele></trkpt>
   <trkpt lon="2.753134" lat="41.990132"><ele>102.5</ele></trkpt>
   <trkpt lon="2.752598" lat="41.989663"><ele>98.75</ele></trkpt>
   <trkpt lon="2.752417" lat="41.989453"><ele>97.0</ele></trkpt>
   <trkpt lon="2.752372" lat="41.989312"><ele>96.5</ele></trkpt>
   <trkpt lon="2.752372" lat="41.989191"><ele>96.5</ele></trkpt>
   <trkpt lon="2.752466" lat="41.988927"><ele>96.0</ele></trkpt>
   <trkpt lon="2.752447" lat="41.988830"><ele>96.0</ele></trkpt>
   <trkpt lon="2.752434" lat="41.988788"><ele>96.0</ele></trkpt>
   <trkpt lon="2.752182" lat="41.988298"><ele>95.75</ele></trkpt>
   <trkpt lon="2.752160" lat="41.988214"><ele>95.75</ele></trkpt>
   <trkpt lon="2.752176" lat="41.988106"><ele>95.5</ele></trkpt>
   <trkpt lon="2.752257" lat="41.987975"><ele>95.0</ele></trkpt>
   <trkpt lon="2.752333" lat="41.987916"><ele>94.5</ele></trkpt>
   <trkpt lon="2.752423" lat="41.987847"><ele>94.5</ele></trkpt>
   <trkpt lon="2.752605" lat="41.987747"><ele>94.75</ele></trkpt>
   <trkpt lon="2.752686" lat="41.987673"><ele>94.25</ele></trkpt>
   <trkpt lon="2.752804" lat="41.987462"><ele>93.75</ele></trkpt>
   <trkpt lon="2.752824" lat="41.987425"><ele>93.5</ele></trkpt>
   <trkpt lon="2.752699" lat="41.987338"><ele>92.75</ele></trkpt>
   <trkpt lon="2.752606" lat="41.987306"><ele>92.75</ele></trkpt>
   <trkpt lon="2.752165" lat="41.987196"><ele>93.5</ele></trkpt>
   <trkpt lon="2.751992" lat="41.987098"><ele>94.75</ele></trkpt>
   <trkpt lon="2.751848" lat="41.986997"><ele>95.0</ele></trkpt>
   <trkpt lon="2.751732" lat="41.986834"><ele>95.0</ele></trkpt>
   <trkpt lon="2.751600" lat="41.986684"><ele>95.0</ele></trkpt>
   <trkpt lon="2.751406" lat="41.986568"><ele>95.5</ele></trkpt>
   <trkpt lon="2.751353" lat="41.986528"><ele>95.25</ele></trkpt>
   <trkpt lon="2.751221" lat="41.986378"><ele>95.0</ele></trkpt>
   <trkpt lon="2.751204" lat="41.986320"><ele>95.0</ele></trkpt>
   <trkpt lon="2.751200" lat="41.986264"><ele>95.0</ele></trkpt>
   <trkpt lon="2.751221" lat="41.986212"><ele>95.0</ele></trkpt>
   <trkpt lon="2.751346" lat="41.986067"><ele>95.0</ele></trkpt>
   <trkpt lon="2.751283" lat="41.986004"><ele>95.0</ele></trkpt>
   <trkpt lon="2.751134" lat="41.985940"><ele>95.0</ele></trkpt>
   <trkpt lon="2.750623" lat="41.985734"><ele>95.25</ele></trkpt>
   <trkpt lon="2.749765" lat="41.985400"><ele>96.0</ele></trkpt>
   <trkpt lon="2.749064" lat="41.985103"><ele>96.5</ele></trkpt>
   <trkpt lon="2.748883" lat="41.985017"><ele>96.75</ele></trkpt>
   <trkpt lon="2.748264" lat="41.984625"><ele>99.0</ele></trkpt>
   <trkpt lon="2.747712" lat="41.984266"><ele>100.5</ele></trkpt>
   <trkpt lon="2.747650" lat="41.984205"><ele>100.75</ele></trkpt>
   <trkpt lon="2.747270" lat="41.983910"><ele>102.75</ele></trkpt>
   <trkpt lon="2.746953" lat="41.983720"><ele>104.75</ele></trkpt>
   <trkpt lon="2.746819" lat="41.983625"><ele>105.25</ele></trkpt>
   <trkpt lon="2.746878" lat="41.983519"><ele>104.5</ele></trkpt>
   <trkpt lon="2.746940" lat="41.983437"><ele>103.75</ele></trkpt>
   <trkpt lon="2.747035" lat="41.983360"><ele>103.0</ele></trkpt>
   <trkpt lon="2.747230" lat="41.983243"><ele>105.0</ele></trkpt>
   <trkpt lon="2.747469" lat="41.983112"><ele>105.5</ele></trkpt>
   <trkpt lon="2.747551" lat="41.983025"><ele>106.0</ele></trkpt>
   <trkpt lon="2.747607" lat="41.982948"><ele>106.75</ele></trkpt>
   <trkpt lon="2.747673" lat="41.982774"><ele>108.0</ele></trkpt>
   <trkpt lon="2.747678" lat="41.982735"><ele>107.75</ele></trkpt>
   <trkpt lon="2.747679" lat="41.982689"><ele>107.5</ele></trkpt>
   <trkpt lon="2.747653" lat="41.982490"><ele>107.0</ele></trkpt>
   <trkpt lon="2.747548" lat="41.982039"><ele>108.25</ele></trkpt>
   <trkpt lon="2.747475" lat="41.981814"><ele>108.25</ele></trkpt>
   <trkpt lon="2.747287" lat="41.981365"><ele>109.25</ele></trkpt>
   <trkpt lon="2.747277" lat="41.981289"><ele>109.75</ele></trkpt>
   <trkpt lon="2.747284" lat="41.981090"><ele>111.0</ele></trkpt>
   <trkpt lon="2.747312" lat="41.980900"><ele>111.25</ele></trkpt>
   <trkpt lon="2.747334" lat="41.980466"><ele>110.75</ele></trkpt>
   <trkpt lon="2.747414" lat="41.980120"><ele>109.75</ele></trkpt>
   <trkpt lon="2.747474" lat="41.979999"><ele>108.5</ele></trkpt>
   <trkpt lon="2.747593" lat="41.979835"><ele>107.75</ele></trkpt>
   <trkpt lon="2.747679" lat="41.979721"><ele>107.5</ele></trkpt>
   <trkpt lon="2.747935" lat="41.979444"><ele>108.0</ele></trkpt>
   <trkpt lon="2.748090" lat="41.979204"><ele>105.5</ele></trkpt>
   <trkpt lon="2.748175" lat="41.978993"><ele>106.25</ele></trkpt>
   <trkpt lon="2.748076" lat="41.978583"><ele>104.5</ele></trkpt>
   <trkpt lon="2.747710" lat="41.977995"><ele>105.0</ele></trkpt>
   <trkpt lon="2.747427" lat="41.977538"><ele>106.75</ele></trkpt>
   <trkpt lon="2.746469" lat="41.976103"><ele>102.0</ele></trkpt>
   <trkpt lon="2.745200" lat="41.973779"><ele>99.5</ele></trkpt>
   <trkpt lon="2.744346" lat="41.972092"><ele>96.5</ele></trkpt>
   <trkpt lon="2.744264" lat="41.971947"><ele>96.5</ele></trkpt>
   <trkpt lon="2.743924" lat="41.971513"><ele>96.25</ele></trkpt>
   <trkpt lon="2.743800" lat="41.971386"><ele>96.75</ele></trkpt>
   <trkpt lon="2.743632" lat="41.971258"><ele>96.75</ele></trkpt>
   <trkpt lon="2.743422" lat="41.971152"><ele>97.0</ele></trkpt>
   <trkpt lon="2.743094" lat="41.971053"><ele>97.0</ele></trkpt>
   <trkpt lon="2.742306" lat="41.970903"><ele>97.0</ele></trkpt>
   <trkpt lon="2.741539" lat="41.970747"><ele>96.25</ele></trkpt>
   <trkpt lon="2.740951" lat="41.970676"><ele>95.75</ele></trkpt>
   <trkpt lon="2.740309" lat="41.970672"><ele>96.25</ele></trkpt>
   <trkpt lon="2.739760" lat="41.970676"><ele>96.25</ele></trkpt>
   <trkpt lon="2.738988" lat="41.970829"><ele>98.75</ele></trkpt>
   <trkpt lon="2.738711" lat="41.970899"><ele>101.25</ele></trkpt>
   <trkpt lon="2.738203" lat="41.970984"><ele>102.5</ele></trkpt>
   <trkpt lon="2.738019" lat="41.970992"><ele>101.75</ele></trkpt>
   <trkpt lon="2.737684" lat="41.970984"><ele>101.5</ele></trkpt>
   <trkpt lon="2.736869" lat="41.970981"><ele>104.0</ele></trkpt>
   <trkpt lon="2.736119" lat="41.970960"><ele>106.75</ele></trkpt>
   <trkpt lon="2.735826" lat="41.970984"><ele>112.5</ele></trkpt>
   <trkpt lon="2.735370" lat="41.971188"><ele>118.25</ele></trkpt>
   <trkpt lon="2.735053" lat="41.971374"><ele>124.75</ele></trkpt>
   <trkpt lon="2.734790" lat="41.971379"><ele>118.75</ele></trkpt>
   <trkpt lon="2.734636" lat="41.971483"><ele>119.5</ele></trkpt>
   <trkpt lon="2.734449" lat="41.971596"><ele>121.5</ele></trkpt>
   <trkpt lon="2.734164" lat="41.971653"><ele>115.0</ele></trkpt>
   <trkpt lon="2.733895" lat="41.971733"><ele>114.25</ele></trkpt>
   <trkpt lon="2.733737" lat="41.971831"><ele>115.0</ele></trkpt>
   <trkpt lon="2.733480" lat="41.971785"><ele>110.0</ele></trkpt>
   <trkpt lon="2.733152" lat="41.971523"><ele>101.25</ele></trkpt>
   <trkpt lon="2.732940" lat="41.971410"><ele>99.5</ele></trkpt>
   <trkpt lon="2.732732" lat="41.971333"><ele>98.75</ele></trkpt>
   <trkpt lon="2.732481" lat="41.971281"><ele>98.0</ele></trkpt>
   <trkpt lon="2.731980" lat="41.971304"><ele>98.5</ele></trkpt>
   <trkpt lon="2.731669" lat="41.971241"><ele>97.25</ele></trkpt>
   <trkpt lon="2.731458" lat="41.971156"><ele>96.75</ele></trkpt>
   <trkpt lon="2.731006" lat="41.971043"><ele>98.5</ele></trkpt>
   <trkpt lon="2.730395" lat="41.970993"><ele>100.0</ele></trkpt>
   <trkpt lon="2.729953" lat="41.970913"><ele>100.5</ele></trkpt>
   <trkpt lon="2.729254" lat="41.970684"><ele>101.25</ele></trkpt>
   <trkpt lon="2.728535" lat="41.970478"><ele>101.75</ele></trkpt>
   <trkpt lon="2.727586" lat="41.970373"><ele>102.75</ele></trkpt>
   <trkpt lon="2.726602" lat="41.970331"><ele>103.0</ele></trkpt>
   <trkpt lon="2.725595" lat="41.970337"><ele>102.0</ele></trkpt>
   <trkpt lon="2.725272" lat="41.970399"><ele>103.0</ele></trkpt>
   <trkpt lon="2.724897" lat="41.970538"><ele>102.5</ele></trkpt>
   <trkpt lon="2.724203" lat="41.970922"><ele>103.25</ele></trkpt>
   <trkpt lon="2.723212" lat="41.971523"><ele>104.75</ele></trkpt>
   <trkpt lon="2.722277" lat="41.972126"><ele>106.0</ele></trkpt>
   <trkpt lon="2.721364" lat="41.972795"><ele>106.75</ele></trkpt>
   <trkpt lon="2.721249" lat="41.972907"><ele>106.0</ele></trkpt>
   <trkpt lon="2.720557" lat="41.973867"><ele>106.0</ele></trkpt>
   <trkpt lon="2.720204" lat="41.974277"><ele>106.5</ele></trkpt>
   <trkpt lon="2.719992" lat="41.974503"><ele>105.75</ele></trkpt>
   <trkpt lon="2.719781" lat="41.974855"><ele>106.0</ele></trkpt>
   <trkpt lon="2.719690" lat="41.974945"><ele>105.75</ele></trkpt>
   <trkpt lon="2.719541" lat="41.975096"><ele>106.0</ele></trkpt>
   <trkpt lon="2.719399" lat="41.975223"><ele>106.5</ele></trkpt>
   <trkpt lon="2.719315" lat="41.975364"><ele>106.75</ele></trkpt>
   <trkpt lon="2.719131" lat="41.975533"><ele>106.75</ele></trkpt>
   <trkpt lon="2.718933" lat="41.975632"><ele>106.5</ele></trkpt>
   <trkpt lon="2.718806" lat="41.975886"><ele>108.0</ele></trkpt>
   <trkpt lon="2.718242" lat="41.976592"><ele>108.75</ele></trkpt>
   <trkpt lon="2.717742" lat="41.977304"><ele>109.5</ele></trkpt>
   <trkpt lon="2.717507" lat="41.977637"><ele>113.5</ele></trkpt>
   <trkpt lon="2.717126" lat="41.977891"><ele>110.25</ele></trkpt>
   <trkpt lon="2.716971" lat="41.978061"><ele>107.5</ele></trkpt>
   <trkpt lon="2.716900" lat="41.978301"><ele>108.75</ele></trkpt>
   <trkpt lon="2.716830" lat="41.978767"><ele>108.5</ele></trkpt>
   <trkpt lon="2.716759" lat="41.978950"><ele>108.0</ele></trkpt>
   <trkpt lon="2.716632" lat="41.979105"><ele>106.5</ele></trkpt>
   <trkpt lon="2.716519" lat="41.979557"><ele>109.75</ele></trkpt>
   <trkpt lon="2.716446" lat="41.979642"><ele>109.75</ele></trkpt>
   <trkpt lon="2.716226" lat="41.979907"><ele>112.25</ele></trkpt>
   <trkpt lon="2.715799" lat="41.980290"><ele>111.25</ele></trkpt>
   <trkpt lon="2.715599" lat="41.980432"><ele>112.0</ele></trkpt>
   <trkpt lon="2.715053" lat="41.980884"><ele>113.0</ele></trkpt>
   <trkpt lon="2.714824" lat="41.981028"><ele>112.5</ele></trkpt>
   <trkpt lon="2.714657" lat="41.981115"><ele>111.0</ele></trkpt>
   <trkpt lon="2.714240" lat="41.981275"><ele>111.5</ele></trkpt>
   <trkpt lon="2.713487" lat="41.981456"><ele>111.5</ele></trkpt>
   <trkpt lon="2.712869" lat="41.981632"><ele>112.25</ele></trkpt>
   <trkpt lon="2.712745" lat="41.981687"><ele>112.25</ele></trkpt>
   <trkpt lon="2.712424" lat="41.981874"><ele>113.25</ele></trkpt>
   <trkpt lon="2.711421" lat="41.982359"><ele>114.5</ele></trkpt>
   <trkpt lon="2.711025" lat="41.982527"><ele>113.75</ele></trkpt>
   <trkpt lon="2.710823" lat="41.982583"><ele>115.5</ele></trkpt>
   <trkpt lon="2.709999" lat="41.982711"><ele>112.0</ele></trkpt>
   <trkpt lon="2.709319" lat="41.982645"><ele>113.0</ele></trkpt>
   <trkpt lon="2.709196" lat="41.982633"><ele>112.75</ele></trkpt>
   <trkpt lon="2.708798" lat="41.982626"><ele>113.0</ele></trkpt>
   <trkpt lon="2.708622" lat="41.982598"><ele>112.75</ele></trkpt>
   <trkpt lon="2.708349" lat="41.982528"><ele>111.75</ele></trkpt>
   <trkpt lon="2.708096" lat="41.982432"><ele>112.5</ele></trkpt>
   <trkpt lon="2.707687" lat="41.982306"><ele>114.0</ele></trkpt>
   <trkpt lon="2.707479" lat="41.982267"><ele>113.5</ele></trkpt>
   <trkpt lon="2.707242" lat="41.982249"><ele>113.5</ele></trkpt>
   <trkpt lon="2.706958" lat="41.982271"><ele>115.25</ele></trkpt>
   <trkpt lon="2.706549" lat="41.982355"><ele>117.0</ele></trkpt>
   <trkpt lon="2.706137" lat="41.982476"><ele>115.75</ele></trkpt>
   <trkpt lon="2.705411" lat="41.982772"><ele>115.75</ele></trkpt>
   <trkpt lon="2.705290" lat="41.982857"><ele>115.5</ele></trkpt>
   <trkpt lon="2.705197" lat="41.982980"><ele>117.25</ele></trkpt>
   <trkpt lon="2.705119" lat="41.983114"><ele>117.75</ele></trkpt>
   <trkpt lon="2.705053" lat="41.983227"><ele>116.75</ele></trkpt>
   <trkpt lon="2.704984" lat="41.983291"><ele>114.75</ele></trkpt>
   <trkpt lon="2.704906" lat="41.983335"><ele>115.0</ele></trkpt>
   <trkpt lon="2.704891" lat="41.983338"><ele>115.0</ele></trkpt>
   <trkpt lon="2.704929" lat="41.982999"><ele>113.25</ele></trkpt>
   <trkpt lon="2.704986" lat="41.982874"><ele>112.5</ele></trkpt>
   <trkpt lon="2.705062" lat="41.982768"><ele>112.0</ele></trkpt>
   <trkpt lon="2.705174" lat="41.982664"><ele>112.0</ele></trkpt>
   <trkpt lon="2.705212" lat="41.982608"><ele>111.75</ele></trkpt>
   <trkpt lon="2.705211" lat="41.982548"><ele>111.5</ele></trkpt>
   <trkpt lon="2.705184" lat="41.982477"><ele>111.25</ele></trkpt>
   <trkpt lon="2.705037" lat="41.982224"><ele>111.0</ele></trkpt>
   <trkpt lon="2.704959" lat="41.982105"><ele>110.5</ele></trkpt>
   <trkpt lon="2.704885" lat="41.982023"><ele>110.5</ele></trkpt>
   <trkpt lon="2.704807" lat="41.981957"><ele>110.5</ele></trkpt>
   <trkpt lon="2.704733" lat="41.981906"><ele>110.75</ele></trkpt>
   <trkpt lon="2.704639" lat="41.981865"><ele>110.75</ele></trkpt>
   <trkpt lon="2.704241" lat="41.981745"><ele>110.75</ele></trkpt>
   <trkpt lon="2.703988" lat="41.981651"><ele>111.0</ele></trkpt>
   <trkpt lon="2.703641" lat="41.981569"><ele>111.5</ele></trkpt>
   <trkpt lon="2.703237" lat="41.981485"><ele>111.5</ele></trkpt>
   <trkpt lon="2.703018" lat="41.981422"><ele>112.0</ele></trkpt>
   <trkpt lon="2.702881" lat="41.981365"><ele>112.5</ele></trkpt>
   <trkpt lon="2.702702" lat="41.981263"><ele>112.0</ele></trkpt>
   <trkpt lon="2.702474" lat="41.981167"><ele>112.0</ele></trkpt>
   <trkpt lon="2.702348" lat="41.981142"><ele>112.0</ele></trkpt>
   <trkpt lon="2.702178" lat="41.981148"><ele>111.75</ele></trkpt>
   <trkpt lon="2.701743" lat="41.981184"><ele>112.5</ele></trkpt>
   <trkpt lon="2.700993" lat="41.981263"><ele>112.75</ele></trkpt>
   <trkpt lon="2.700618" lat="41.981219"><ele>112.75</ele></trkpt>
   <trkpt lon="2.700336" lat="41.981217"><ele>113.25</ele></trkpt>
   <trkpt lon="2.699957" lat="41.981260"><ele>113.5</ele></trkpt>
   <trkpt lon="2.699753" lat="41.981274"><ele>113.75</ele></trkpt>
   <trkpt lon="2.699445" lat="41.981335"><ele>114.0</ele></trkpt>
   <trkpt lon="2.699323" lat="41.981336"><ele>114.0</ele></trkpt>
   <trkpt lon="2.699037" lat="41.981287"><ele>114.25</ele></trkpt>
   <trkpt lon="2.698917" lat="41.981276"><ele>114.25</ele></trkpt>
   <trkpt lon="2.698819" lat="41.981288"><ele>114.25</ele></trkpt>
   <trkpt lon="2.698585" lat="41.981352"><ele>114.0</ele></trkpt>
   <trkpt lon="2.698470" lat="41.981320"><ele>114.0</ele></trkpt>
   <trkpt lon="2.698334" lat="41.981252"><ele>114.25</ele></trkpt>
   <trkpt lon="2.698291" lat="41.980996"><ele>115.0</ele></trkpt>
   <trkpt lon="2.698470" lat="41.980563"><ele>115.25</ele></trkpt>
   <trkpt lon="2.698393" lat="41.980448"><ele>114.75</ele></trkpt>
   <trkpt lon="2.697636" lat="41.980055"><ele>114.25</ele></trkpt>
   <trkpt lon="2.697345" lat="41.979839"><ele>114.5</ele></trkpt>
   <trkpt lon="2.696836" lat="41.979561"><ele>114.75</ele></trkpt>
   <trkpt lon="2.696366" lat="41.979377"><ele>113.75</ele></trkpt>
   <trkpt lon="2.696094" lat="41.979258"><ele>114.25</ele></trkpt>
   <trkpt lon="2.696031" lat="41.979194"><ele>114.0</ele></trkpt>
   <trkpt lon="2.696085" lat="41.979017"><ele>114.5</ele></trkpt>
   <trkpt lon="2.696148" lat="41.978858"><ele>115.0</ele></trkpt>
   <trkpt lon="2.696099" lat="41.978732"><ele>115.5</ele></trkpt>
   <trkpt lon="2.695925" lat="41.978566"><ele>116.0</ele></trkpt>
   <trkpt lon="2.695197" lat="41.978101"><ele>115.75</ele></trkpt>
   <trkpt lon="2.694572" lat="41.977781"><ele>115.75</ele></trkpt>
   <trkpt lon="2.694627" lat="41.977559"><ele>116.75</ele></trkpt>
   <trkpt lon="2.694411" lat="41.976980"><ele>116.75</ele></trkpt>
   <trkpt lon="2.693280" lat="41.976258"><ele>116.5</ele></trkpt>
   <trkpt lon="2.692763" lat="41.976252"><ele>117.25</ele></trkpt>
   <trkpt lon="2.692408" lat="41.976282"><ele>117.0</ele></trkpt>
   <trkpt lon="2.692248" lat="41.976522"><ele>118.0</ele></trkpt>
   <trkpt lon="2.691817" lat="41.976576"><ele>117.75</ele></trkpt>
   <trkpt lon="2.691558" lat="41.976502"><ele>117.0</ele></trkpt>
   <trkpt lon="2.691238" lat="41.976561"><ele>116.5</ele></trkpt>
   <trkpt lon="2.689433" lat="41.977251"><ele>118.0</ele></trkpt>
   <trkpt lon="2.688908" lat="41.977448"><ele>117.75</ele></trkpt>
   <trkpt lon="2.688602" lat="41.977450"><ele>117.5</ele></trkpt>
   <trkpt lon="2.687945" lat="41.977498"><ele>117.75</ele></trkpt>
   <trkpt lon="2.687157" lat="41.977519"><ele>117.75</ele></trkpt>
   <trkpt lon="2.686774" lat="41.977504"><ele>118.0</ele></trkpt>
   <trkpt lon="2.686013" lat="41.977485"><ele>117.75</ele></trkpt>
   <trkpt lon="2.685333" lat="41.977480"><ele>118.5</ele></trkpt>
   <trkpt lon="2.685078" lat="41.977419"><ele>118.25</ele></trkpt>
   <trkpt lon="2.684892" lat="41.977307"><ele>117.75</ele></trkpt>
   <trkpt lon="2.684930" lat="41.977282"><ele>117.5</ele></trkpt>
   <trkpt lon="2.684944" lat="41.977251"><ele>117.25</ele></trkpt>
   <trkpt lon="2.684938" lat="41.977148"><ele>117.0</ele></trkpt>
   <trkpt lon="2.684951" lat="41.977023"><ele>117.0</ele></trkpt>
   <trkpt lon="2.684962" lat="41.976983"><ele>117.0</ele></trkpt>
   <trkpt lon="2.684973" lat="41.976950"><ele>117.0</ele></trkpt>
   <trkpt lon="2.685054" lat="41.976735"><ele>117.0</ele></trkpt>
   <trkpt lon="2.685101" lat="41.976671"><ele>117.25</ele></trkpt>
   <trkpt lon="2.685151" lat="41.976604"><ele>117.75</ele></trkpt>
   <trkpt lon="2.685213" lat="41.976525"><ele>118.75</ele></trkpt>
   <trkpt lon="2.685331" lat="41.976455"><ele>119.5</ele></trkpt>
   <trkpt lon="2.685351" lat="41.976377"><ele>120.25</ele></trkpt>
   <trkpt lon="2.685347" lat="41.976340"><ele>120.25</ele></trkpt>
   <trkpt lon="2.685338" lat="41.976267"><ele>120.5</ele></trkpt>
   <trkpt lon="2.685117" lat="41.975390"><ele>121.5</ele></trkpt>
   <trkpt lon="2.684924" lat="41.974440"><ele>120.5</ele></trkpt>
   <trkpt lon="2.684830" lat="41.974302"><ele>120.25</ele></trkpt>
   <trkpt lon="2.684620" lat="41.974088"><ele>119.25</ele></trkpt>
   <trkpt lon="2.684435" lat="41.973880"><ele>121.75</ele></trkpt>
   <trkpt lon="2.684314" lat="41.973787"><ele>121.5</ele></trkpt>
   <trkpt lon="2.684162" lat="41.973736"><ele>121.5</ele></trkpt>
   <trkpt lon="2.683912" lat="41.973706"><ele>121.5</ele></trkpt>
   <trkpt lon="2.683758" lat="41.973671"><ele>121.25</ele></trkpt>
   <trkpt lon="2.683682" lat="41.973591"><ele>121.75</ele></trkpt>
   <trkpt lon="2.683496" lat="41.973417"><ele>121.75</ele></trkpt>
   <trkpt lon="2.683327" lat="41.973337"><ele>121.75</ele></trkpt>
   <trkpt lon="2.683146" lat="41.973304"><ele>122.0</ele></trkpt>
   <trkpt lon="2.683012" lat="41.973299"><ele>122.0</ele></trkpt>
   <trkpt lon="2.682598" lat="41.973275"><ele>122.25</ele></trkpt>
   <trkpt lon="2.682475" lat="41.973257"><ele>122.5</ele></trkpt>
   <trkpt lon="2.682283" lat="41.973199"><ele>122.0</ele></trkpt>
   <trkpt lon="2.682169" lat="41.973131"><ele>122.0</ele></trkpt>
   <trkpt lon="2.682071" lat="41.973093"><ele>122.0</ele></trkpt>
   <trkpt lon="2.682104" lat="41.972564"><ele>122.75</ele></trkpt>
   <trkpt lon="2.682126" lat="41.972502"><ele>122.75</ele></trkpt>
   <trkpt lon="2.682932" lat="41.972509"><ele>122.75</ele></trkpt>
   <trkpt lon="2.682931" lat="41.972479"><ele>123.0</ele></trkpt>
   <trkpt lon="2.682930" lat="41.972385"><ele>123.0</ele></trkpt>
   <trkpt lon="2.682929" lat="41.972351"><ele>123.0</ele></trkpt>
   <trkpt lon="2.682849" lat="41.972109"><ele>123.0</ele></trkpt>
   <trkpt lon="2.682847" lat="41.972053"><ele>123.0</ele></trkpt>
   <trkpt lon="2.682832" lat="41.971689"><ele>123.0</ele></trkpt>
   <trkpt lon="2.682773" lat="41.971468"><ele>123.5</ele></trkpt>
   <trkpt lon="2.682813" lat="41.970778"><ele>130.75</ele></trkpt>
   <trkpt lon="2.682834" lat="41.970628"><ele>133.5</ele></trkpt>
   <trkpt lon="2.682714" lat="41.969906"><ele>138.5</ele></trkpt>
   <trkpt lon="2.682672" lat="41.969385"><ele>144.75</ele></trkpt>
   <trkpt lon="2.682735" lat="41.968864"><ele>153.25</ele></trkpt>
   <trkpt lon="2.682901" lat="41.968656"><ele>154.0</ele></trkpt>
   <trkpt lon="2.683255" lat="41.968552"><ele>157.5</ele></trkpt>
   <trkpt lon="2.683526" lat="41.968344"><ele>156.75</ele></trkpt>
   <trkpt lon="2.683631" lat="41.968197"><ele>157.5</ele></trkpt>
   <trkpt lon="2.683599" lat="41.968048"><ele>157.0</ele></trkpt>
   <trkpt lon="2.683280" lat="41.968016"><ele>157.75</ele></trkpt>
   <trkpt lon="2.682352" lat="41.968080"><ele>159.75</ele></trkpt>
   <trkpt lon="2.682288" lat="41.967995"><ele>161.75</ele></trkpt>
   <trkpt lon="2.682970" lat="41.967579"><ele>167.5</ele></trkpt>
   <trkpt lon="2.683482" lat="41.967099"><ele>173.75</ele></trkpt>
   <trkpt lon="2.683546" lat="41.966907"><ele>177.25</ele></trkpt>
   <trkpt lon="2.683549" lat="41.966823"><ele>179.0</ele></trkpt>
   <trkpt lon="2.683631" lat="41.966792"><ele>179.0</ele></trkpt>
   <trkpt lon="2.683856" lat="41.966762"><ele>177.75</ele></trkpt>
   <trkpt lon="2.684096" lat="41.966758"><ele>175.5</ele></trkpt>
   <trkpt lon="2.684183" lat="41.966761"><ele>174.75</ele></trkpt>
   <trkpt lon="2.685063" lat="41.966818"><ele>171.5</ele></trkpt>
   <trkpt lon="2.685355" lat="41.966842"><ele>169.25</ele></trkpt>
   <trkpt lon="2.685627" lat="41.966898"><ele>167.5</ele></trkpt>
   <trkpt lon="2.685998" lat="41.967087"><ele>165.5</ele></trkpt>
   <trkpt lon="2.686372" lat="41.967367"><ele>164.25</ele></trkpt>
   <trkpt lon="2.686667" lat="41.967629"><ele>164.25</ele></trkpt>
   <trkpt lon="2.687072" lat="41.967768"><ele>161.75</ele></trkpt>
   <trkpt lon="2.687468" lat="41.967817"><ele>160.75</ele></trkpt>
   <trkpt lon="2.687643" lat="41.967843"><ele>159.75</ele></trkpt>
   <trkpt lon="2.687994" lat="41.967822"><ele>158.0</ele></trkpt>
   <trkpt lon="2.688530" lat="41.967732"><ele>156.5</ele></trkpt>
   <trkpt lon="2.688780" lat="41.967709"><ele>155.5</ele></trkpt>
   <trkpt lon="2.688926" lat="41.967652"><ele>153.25</ele></trkpt>
   <trkpt lon="2.688787" lat="41.967617"><ele>153.0</ele></trkpt>
   <trkpt lon="2.688387" lat="41.967600"><ele>153.25</ele></trkpt>
   <trkpt lon="2.687880" lat="41.967676"><ele>154.0</ele></trkpt>
   <trkpt lon="2.687643" lat="41.967671"><ele>155.5</ele></trkpt>
   <trkpt lon="2.687491" lat="41.967553"><ele>153.5</ele></trkpt>
   <trkpt lon="2.687465" lat="41.967391"><ele>152.25</ele></trkpt>
   <trkpt lon="2.687611" lat="41.967240"><ele>152.25</ele></trkpt>
   <trkpt lon="2.687915" lat="41.967132"><ele>154.25</ele></trkpt>
   <trkpt lon="2.688409" lat="41.967019"><ele>156.75</ele></trkpt>
   <trkpt lon="2.688476" lat="41.966945"><ele>159.75</ele></trkpt>
   <trkpt lon="2.688505" lat="41.966854"><ele>161.0</ele></trkpt>
   <trkpt lon="2.688267" lat="41.966354"><ele>168.25</ele></trkpt>
   <trkpt lon="2.687950" lat="41.965570"><ele>174.25</ele></trkpt>
   <trkpt lon="2.687817" lat="41.965400"><ele>176.0</ele></trkpt>
   <trkpt lon="2.687516" lat="41.965183"><ele>179.5</ele></trkpt>
   <trkpt lon="2.686860" lat="41.964688"><ele>189.0</ele></trkpt>
   <trkpt lon="2.686229" lat="41.964064"><ele>197.5</ele></trkpt>
   <trkpt lon="2.686027" lat="41.963892"><ele>198.75</ele></trkpt>
   <trkpt lon="2.685773" lat="41.963795"><ele>197.5</ele></trkpt>
   <trkpt lon="2.685558" lat="41.963461"><ele>197.25</ele></trkpt>
   <trkpt lon="2.685317" lat="41.963176"><ele>198.5</ele></trkpt>
   <trkpt lon="2.685174" lat="41.962912"><ele>199.0</ele></trkpt>
   <trkpt lon="2.685079" lat="41.962766"><ele>200.5</ele></trkpt>
   <trkpt lon="2.684889" lat="41.962573"><ele>201.75</ele></trkpt>
   <trkpt lon="2.684797" lat="41.962370"><ele>203.25</ele></trkpt>
   <trkpt lon="2.684864" lat="41.962132"><ele>206.0</ele></trkpt>
   <trkpt lon="2.684984" lat="41.961932"><ele>209.25</ele></trkpt>
   <trkpt lon="2.685212" lat="41.961790"><ele>213.0</ele></trkpt>
   <trkpt lon="2.685387" lat="41.961640"><ele>216.0</ele></trkpt>
   <trkpt lon="2.685412" lat="41.961531"><ele>217.75</ele></trkpt>
   <trkpt lon="2.685380" lat="41.961487"><ele>219.0</ele></trkpt>
   <trkpt lon="2.685209" lat="41.961347"><ele>223.25</ele></trkpt>
   <trkpt lon="2.685139" lat="41.961272"><ele>224.75</ele></trkpt>
   <trkpt lon="2.685082" lat="41.961175"><ele>226.0</ele></trkpt>
   <trkpt lon="2.685092" lat="41.961065"><ele>227.0</ele></trkpt>
   <trkpt lon="2.685196" lat="41.960869"><ele>228.5</ele></trkpt>
   <trkpt lon="2.685330" lat="41.960683"><ele>232.75</ele></trkpt>
   <trkpt lon="2.685444" lat="41.960551"><ele>235.0</ele></trkpt>
   <trkpt lon="2.685453" lat="41.960433"><ele>236.0</ele></trkpt>
   <trkpt lon="2.685374" lat="41.960337"><ele>238.75</ele></trkpt>
   <trkpt lon="2.685282" lat="41.960184"><ele>241.0</ele></trkpt>
   <trkpt lon="2.685063" lat="41.959993"><ele>243.75</ele></trkpt>
   <trkpt lon="2.684991" lat="41.959849"><ele>248.25</ele></trkpt>
   <trkpt lon="2.684832" lat="41.959795"><ele>250.0</ele></trkpt>
   <trkpt lon="2.684648" lat="41.959717"><ele>252.0</ele></trkpt>
   <trkpt lon="2.684617" lat="41.959526"><ele>256.0</ele></trkpt>
   <trkpt lon="2.684585" lat="41.959467"><ele>257.0</ele></trkpt>
   <trkpt lon="2.684563" lat="41.959321"><ele>258.25</ele></trkpt>
   <trkpt lon="2.684553" lat="41.959177"><ele>260.0</ele></trkpt>
   <trkpt lon="2.684478" lat="41.958937"><ele>265.0</ele></trkpt>
   <trkpt lon="2.684369" lat="41.958697"><ele>270.75</ele></trkpt>
   <trkpt lon="2.684236" lat="41.958480"><ele>276.75</ele></trkpt>
   <trkpt lon="2.684224" lat="41.958310"><ele>280.0</ele></trkpt>
   <trkpt lon="2.684268" lat="41.958221"><ele>281.5</ele></trkpt>
   <trkpt lon="2.684338" lat="41.958004"><ele>286.5</ele></trkpt>
   <trkpt lon="2.684455" lat="41.957947"><ele>285.25</ele></trkpt>
   <trkpt lon="2.684569" lat="41.957872"><ele>284.75</ele></trkpt>
   <trkpt lon="2.684664" lat="41.957714"><ele>287.75</ele></trkpt>
   <trkpt lon="2.684781" lat="41.957599"><ele>289.5</ele></trkpt>
   <trkpt lon="2.684994" lat="41.957535"><ele>289.0</ele></trkpt>
   <trkpt lon="2.685383" lat="41.957481"><ele>289.75</ele></trkpt>
   <trkpt lon="2.685826" lat="41.957494"><ele>286.75</ele></trkpt>
   <trkpt lon="2.686359" lat="41.957500"><ele>285.75</ele></trkpt>
   <trkpt lon="2.686736" lat="41.957302"><ele>284.0</ele></trkpt>
   <trkpt lon="2.687345" lat="41.956976"><ele>281.75</ele></trkpt>
   <trkpt lon="2.687568" lat="41.956837"><ele>280.5</ele></trkpt>
   <trkpt lon="2.687787" lat="41.956744"><ele>279.75</ele></trkpt>
   <trkpt lon="2.688091" lat="41.956578"><ele>278.75</ele></trkpt>
   <trkpt lon="2.688173" lat="41.956513"><ele>277.25</ele></trkpt>
   <trkpt lon="2.688729" lat="41.956193"><ele>272.75</ele></trkpt>
   <trkpt lon="2.688991" lat="41.956098"><ele>271.0</ele></trkpt>
   <trkpt lon="2.689247" lat="41.956059"><ele>268.5</ele></trkpt>
   <trkpt lon="2.689535" lat="41.956025"><ele>267.0</ele></trkpt>
   <trkpt lon="2.689712" lat="41.955947"><ele>266.0</ele></trkpt>
   <trkpt lon="2.689816" lat="41.955874"><ele>265.25</ele></trkpt>
   <trkpt lon="2.690150" lat="41.955588"><ele>264.75</ele></trkpt>
   <trkpt lon="2.690272" lat="41.955446"><ele>264.0</ele></trkpt>
   <trkpt lon="2.690341" lat="41.955319"><ele>263.0</ele></trkpt>
   <trkpt lon="2.690357" lat="41.955237"><ele>263.25</ele></trkpt>
   <trkpt lon="2.690316" lat="41.955172"><ele>264.0</ele></trkpt>
   <trkpt lon="2.690203" lat="41.955143"><ele>263.75</ele></trkpt>
   <trkpt lon="2.689681" lat="41.955097"><ele>257.0</ele></trkpt>
   <trkpt lon="2.689545" lat="41.955083"><ele>255.25</ele></trkpt>
   <trkpt lon="2.689224" lat="41.954848"><ele>251.75</ele></trkpt>
   <trkpt lon="2.689039" lat="41.954666"><ele>249.5</ele></trkpt>
   <trkpt lon="2.688929" lat="41.954473"><ele>249.25</ele></trkpt>
   <trkpt lon="2.688772" lat="41.953809"><ele>244.25</ele></trkpt>
   <trkpt lon="2.688600" lat="41.953502"><ele>242.0</ele></trkpt>
   <trkpt lon="2.688401" lat="41.953263"><ele>239.25</ele></trkpt>
   <trkpt lon="2.688249" lat="41.953108"><ele>237.5</ele></trkpt>
   <trkpt lon="2.688137" lat="41.953165"><ele>236.25</ele></trkpt>
   <trkpt lon="2.687676" lat="41.953236"><ele>237.0</ele></trkpt>
   <trkpt lon="2.687531" lat="41.953210"><ele>237.75</ele></trkpt>
   <trkpt lon="2.687207" lat="41.953020"><ele>240.25</ele></trkpt>
   <trkpt lon="2.686422" lat="41.952602"><ele>242.75</ele></trkpt>
   <trkpt lon="2.685787" lat="41.952250"><ele>245.25</ele></trkpt>
   <trkpt lon="2.685612" lat="41.952248"><ele>245.75</ele></trkpt>
   <trkpt lon="2.685645" lat="41.951475"><ele>244.75</ele></trkpt>
   <trkpt lon="2.685524" lat="41.951151"><ele>243.0</ele></trkpt>
   <trkpt lon="2.685399" lat="41.950664"><ele>239.0</ele></trkpt>
   <trkpt lon="2.685402" lat="41.950428"><ele>237.5</ele></trkpt>
   <trkpt lon="2.685265" lat="41.950393"><ele>237.75</ele></trkpt>
   <trkpt lon="2.685022" lat="41.950359"><ele>237.75</ele></trkpt>
   <trkpt lon="2.684792" lat="41.950375"><ele>236.75</ele></trkpt>
   <trkpt lon="2.684637" lat="41.950378"><ele>235.5</ele></trkpt>
   <trkpt lon="2.684692" lat="41.950222"><ele>234.25</ele></trkpt>
   <trkpt lon="2.684725" lat="41.950006"><ele>233.0</ele></trkpt>
   <trkpt lon="2.684865" lat="41.949297"><ele>228.75</ele></trkpt>
   <trkpt lon="2.684932" lat="41.949133"><ele>227.25</ele></trkpt>
   <trkpt lon="2.685086" lat="41.948965"><ele>225.75</ele></trkpt>
   <trkpt lon="2.685304" lat="41.948811"><ele>225.25</ele></trkpt>
   <trkpt lon="2.685245" lat="41.948749"><ele>224.25</ele></trkpt>
   <trkpt lon="2.685110" lat="41.948675"><ele>223.25</ele></trkpt>
   <trkpt lon="2.684966" lat="41.948599"><ele>222.75</ele></trkpt>
   <trkpt lon="2.684863" lat="41.948562"><ele>222.75</ele></trkpt>
   <trkpt lon="2.684660" lat="41.948450"><ele>222.5</ele></trkpt>
   <trkpt lon="2.684525" lat="41.948362"><ele>223.25</ele></trkpt>
   <trkpt lon="2.684393" lat="41.948204"><ele>223.5</ele></trkpt>
   <trkpt lon="2.684296" lat="41.948064"><ele>224.0</ele></trkpt>
   <trkpt lon="2.684194" lat="41.947916"><ele>225.25</ele></trkpt>
   <trkpt lon="2.684166" lat="41.947842"><ele>225.75</ele></trkpt>
   <trkpt lon="2.684173" lat="41.947770"><ele>226.0</ele></trkpt>
   <trkpt lon="2.684215" lat="41.947578"><ele>227.5</ele></trkpt>
   <trkpt lon="2.684224" lat="41.947449"><ele>228.5</ele></trkpt>
   <trkpt lon="2.684200" lat="41.947322"><ele>229.25</ele></trkpt>
   <trkpt lon="2.684101" lat="41.947044"><ele>231.25</ele></trkpt>
   <trkpt lon="2.684321" lat="41.946911"><ele>230.25</ele></trkpt>
   <trkpt lon="2.684936" lat="41.946586"><ele>233.25</ele></trkpt>
   <trkpt lon="2.685065" lat="41.946497"><ele>234.0</ele></trkpt>
   <trkpt lon="2.685129" lat="41.946415"><ele>235.0</ele></trkpt>
   <trkpt lon="2.685356" lat="41.945542"><ele>229.5</ele></trkpt>
   <trkpt lon="2.685822" lat="41.944213"><ele>221.25</ele></trkpt>
   <trkpt lon="2.685852" lat="41.944161"><ele>220.75</ele></trkpt>
   <trkpt lon="2.685909" lat="41.944062"><ele>220.5</ele></trkpt>
   <trkpt lon="2.685416" lat="41.943952"><ele>224.0</ele></trkpt>
   <trkpt lon="2.685379" lat="41.943940"><ele>224.25</ele></trkpt>
   <trkpt lon="2.685410" lat="41.943852"><ele>223.75</ele></trkpt>
   <trkpt lon="2.685452" lat="41.943782"><ele>223.25</ele></trkpt>
   <trkpt lon="2.685525" lat="41.943697"><ele>223.0</ele></trkpt>
   <trkpt lon="2.686002" lat="41.943311"><ele>223.5</ele></trkpt>
   <trkpt lon="2.686231" lat="41.943233"><ele>224.75</ele></trkpt>
   <trkpt lon="2.686560" lat="41.943152"><ele>226.75</ele></trkpt>
   <trkpt lon="2.686799" lat="41.943052"><ele>229.25</ele></trkpt>
   <trkpt lon="2.687167" lat="41.942957"><ele>232.75</ele></trkpt>
   <trkpt lon="2.687336" lat="41.942878"><ele>234.0</ele></trkpt>
   <trkpt lon="2.687439" lat="41.942774"><ele>234.75</ele></trkpt>
   <trkpt lon="2.687503" lat="41.942637"><ele>234.75</ele></trkpt>
   <trkpt lon="2.687645" lat="41.942131"><ele>235.75</ele></trkpt>
   <trkpt lon="2.687568" lat="41.941888"><ele>236.75</ele></trkpt>
   <trkpt lon="2.687287" lat="41.941412"><ele>236.0</ele></trkpt>
   <trkpt lon="2.687196" lat="41.941257"><ele>236.25</ele></trkpt>
   <trkpt lon="2.686965" lat="41.940940"><ele>238.0</ele></trkpt>
   <trkpt lon="2.686870" lat="41.940685"><ele>239.5</ele></trkpt>
   <trkpt lon="2.686903" lat="41.940601"><ele>239.25</ele></trkpt>
   <trkpt lon="2.687052" lat="41.940513"><ele>237.75</ele></trkpt>
   <trkpt lon="2.687293" lat="41.940473"><ele>236.75</ele></trkpt>
   <trkpt lon="2.687560" lat="41.940398"><ele>236.0</ele></trkpt>
   <trkpt lon="2.687650" lat="41.940350"><ele>235.5</ele></trkpt>
   <trkpt lon="2.687780" lat="41.940277"><ele>234.75</ele></trkpt>
   <trkpt lon="2.688041" lat="41.940120"><ele>233.0</ele></trkpt>
   <trkpt lon="2.688511" lat="41.939901"><ele>229.75</ele></trkpt>
   <trkpt lon="2.688843" lat="41.939678"><ele>226.75</ele></trkpt>
   <trkpt lon="2.689377" lat="41.939499"><ele>223.75</ele></trkpt>
   <trkpt lon="2.689318" lat="41.939412"><ele>223.0</ele></trkpt>
   <trkpt lon="2.689233" lat="41.939348"><ele>221.75</ele></trkpt>
   <trkpt lon="2.689014" lat="41.939388"><ele>221.25</ele></trkpt>
   <trkpt lon="2.688650" lat="41.939428"><ele>219.75</ele></trkpt>
   <trkpt lon="2.688474" lat="41.939468"><ele>219.5</ele></trkpt>
   <trkpt lon="2.688308" lat="41.939463"><ele>218.5</ele></trkpt>
   <trkpt lon="2.688271" lat="41.939380"><ele>218.0</ele></trkpt>
   <trkpt lon="2.688287" lat="41.939253"><ele>216.5</ele></trkpt>
   <trkpt lon="2.688346" lat="41.939114"><ele>214.5</ele></trkpt>
   <trkpt lon="2.688266" lat="41.938971"><ele>214.0</ele></trkpt>
   <trkpt lon="2.688185" lat="41.938756"><ele>212.25</ele></trkpt>
   <trkpt lon="2.688191" lat="41.938565"><ele>210.0</ele></trkpt>
   <trkpt lon="2.688298" lat="41.938354"><ele>208.0</ele></trkpt>
   <trkpt lon="2.688367" lat="41.938156"><ele>206.25</ele></trkpt>
   <trkpt lon="2.688485" lat="41.937476"><ele>201.0</ele></trkpt>
   <trkpt lon="2.688547" lat="41.937266"><ele>199.25</ele></trkpt>
   <trkpt lon="2.688581" lat="41.937150"><ele>198.0</ele></trkpt>
   <trkpt lon="2.688976" lat="41.936577"><ele>196.5</ele></trkpt>
   <trkpt lon="2.689046" lat="41.936406"><ele>197.0</ele></trkpt>
   <trkpt lon="2.688992" lat="41.936179"><ele>198.5</ele></trkpt>
   <trkpt lon="2.688837" lat="41.935619"><ele>195.25</ele></trkpt>
   <trkpt lon="2.688928" lat="41.935213"><ele>190.25</ele></trkpt>
   <trkpt lon="2.688894" lat="41.935027"><ele>189.0</ele></trkpt>
   <trkpt lon="2.688880" lat="41.934879"><ele>189.0</ele></trkpt>
   <trkpt lon="2.688768" lat="41.934629"><ele>187.5</ele></trkpt>
   <trkpt lon="2.688736" lat="41.934414"><ele>186.25</ele></trkpt>
   <trkpt lon="2.688950" lat="41.933504"><ele>177.5</ele></trkpt>
   <trkpt lon="2.689094" lat="41.932999"><ele>173.0</ele></trkpt>
   <trkpt lon="2.689201" lat="41.932732"><ele>172.25</ele></trkpt>
   <trkpt lon="2.689420" lat="41.932502"><ele>169.25</ele></trkpt>
   <trkpt lon="2.689527" lat="41.932354"><ele>166.0</ele></trkpt>
   <trkpt lon="2.689548" lat="41.932140"><ele>163.75</ele></trkpt>
   <trkpt lon="2.689500" lat="41.931949"><ele>161.0</ele></trkpt>
   <trkpt lon="2.689513" lat="41.931796"><ele>160.0</ele></trkpt>
   <trkpt lon="2.689660" lat="41.931551"><ele>159.5</ele></trkpt>
   <trkpt lon="2.689706" lat="41.931461"><ele>159.25</ele></trkpt>
   <trkpt lon="2.689766" lat="41.931467"><ele>159.5</ele></trkpt>
   <trkpt lon="2.689801" lat="41.931442"><ele>159.75</ele></trkpt>
   <trkpt lon="2.689885" lat="41.931383"><ele>160.5</ele></trkpt>
   <trkpt lon="2.690024" lat="41.931285"><ele>161.5</ele></trkpt>
   <trkpt lon="2.690068" lat="41.931124"><ele>161.5</ele></trkpt>
   <trkpt lon="2.690069" lat="41.931051"><ele>160.75</ele></trkpt>
   <trkpt lon="2.690053" lat="41.931005"><ele>160.0</ele></trkpt>
   <trkpt lon="2.690086" lat="41.930972"><ele>160.5</ele></trkpt>
   <trkpt lon="2.690230" lat="41.930787"><ele>160.75</ele></trkpt>
   <trkpt lon="2.690316" lat="41.930702"><ele>161.0</ele></trkpt>
   <trkpt lon="2.690365" lat="41.930666"><ele>161.0</ele></trkpt>
   <trkpt lon="2.690421" lat="41.930637"><ele>161.0</ele></trkpt>
   <trkpt lon="2.690538" lat="41.930593"><ele>160.75</ele></trkpt>
   <trkpt lon="2.690796" lat="41.930511"><ele>160.75</ele></trkpt>
   <trkpt lon="2.690975" lat="41.930476"><ele>161.75</ele></trkpt>
   <trkpt lon="2.691176" lat="41.930467"><ele>162.75</ele></trkpt>
   <trkpt lon="2.691391" lat="41.930469"><ele>163.25</ele></trkpt>
   <trkpt lon="2.691620" lat="41.930448"><ele>164.0</ele></trkpt>
   <trkpt lon="2.691887" lat="41.930401"><ele>164.75</ele></trkpt>
   <trkpt lon="2.692302" lat="41.930305"><ele>164.75</ele></trkpt>
   <trkpt lon="2.692384" lat="41.930291"><ele>164.75</ele></trkpt>
   <trkpt lon="2.692785" lat="41.930256"><ele>165.75</ele></trkpt>
   <trkpt lon="2.692908" lat="41.930219"><ele>165.5</ele></trkpt>
   <trkpt lon="2.693056" lat="41.930162"><ele>165.25</ele></trkpt>
   <trkpt lon="2.693138" lat="41.930119"><ele>165.25</ele></trkpt>
   <trkpt lon="2.693552" lat="41.929828"><ele>164.0</ele></trkpt>
   <trkpt lon="2.693695" lat="41.929743"><ele>162.25</ele></trkpt>
   <trkpt lon="2.693754" lat="41.929722"><ele>162.0</ele></trkpt>
   <trkpt lon="2.694000" lat="41.929657"><ele>162.5</ele></trkpt>
   <trkpt lon="2.694067" lat="41.929631"><ele>162.5</ele></trkpt>
   <trkpt lon="2.694213" lat="41.929547"><ele>162.25</ele></trkpt>
   <trkpt lon="2.695066" lat="41.928877"><ele>160.0</ele></trkpt>
   <trkpt lon="2.695428" lat="41.928599"><ele>159.25</ele></trkpt>
   <trkpt lon="2.695766" lat="41.928350"><ele>158.0</ele></trkpt>
   <trkpt lon="2.695926" lat="41.928246"><ele>157.75</ele></trkpt>
   <trkpt lon="2.696012" lat="41.928199"><ele>157.75</ele></trkpt>
   <trkpt lon="2.696205" lat="41.928121"><ele>157.75</ele></trkpt>
   <trkpt lon="2.696290" lat="41.928077"><ele>157.75</ele></trkpt>
   <trkpt lon="2.696363" lat="41.928031"><ele>157.5</ele></trkpt>
   <trkpt lon="2.696429" lat="41.927973"><ele>157.5</ele></trkpt>
   <trkpt lon="2.696693" lat="41.927692"><ele>157.5</ele></trkpt>
   <trkpt lon="2.697076" lat="41.927288"><ele>157.25</ele></trkpt>
   <trkpt lon="2.697216" lat="41.927159"><ele>157.5</ele></trkpt>
   <trkpt lon="2.697414" lat="41.926993"><ele>156.25</ele></trkpt>
   <trkpt lon="2.697912" lat="41.926614"><ele>156.75</ele></trkpt>
   <trkpt lon="2.698111" lat="41.926481"><ele>156.5</ele></trkpt>
   <trkpt lon="2.698309" lat="41.926366"><ele>154.75</ele></trkpt>
   <trkpt lon="2.698464" lat="41.926263"><ele>154.5</ele></trkpt>
   <trkpt lon="2.698543" lat="41.926194"><ele>154.25</ele></trkpt>
   <trkpt lon="2.698672" lat="41.926052"><ele>153.75</ele></trkpt>
   <trkpt lon="2.698829" lat="41.925827"><ele>153.75</ele></trkpt>
   <trkpt lon="2.699153" lat="41.925377"><ele>154.5</ele></trkpt>
   <trkpt lon="2.699523" lat="41.924967"><ele>155.5</ele></trkpt>
   <trkpt lon="2.699692" lat="41.924803"><ele>155.0</ele></trkpt>
   <trkpt lon="2.700061" lat="41.924476"><ele>154.5</ele></trkpt>
   <trkpt lon="2.700463" lat="41.924160"><ele>155.25</ele></trkpt>
   <trkpt lon="2.700626" lat="41.923994"><ele>154.25</ele></trkpt>
   <trkpt lon="2.700968" lat="41.923665"><ele>152.75</ele></trkpt>
   <trkpt lon="2.701032" lat="41.923593"><ele>152.5</ele></trkpt>
   <trkpt lon="2.701071" lat="41.923520"><ele>152.0</ele></trkpt>
   <trkpt lon="2.701100" lat="41.923423"><ele>151.25</ele></trkpt>
   <trkpt lon="2.701126" lat="41.923340"><ele>151.25</ele></trkpt>
   <trkpt lon="2.701177" lat="41.923227"><ele>151.25</ele></trkpt>
   <trkpt lon="2.701255" lat="41.923104"><ele>151.25</ele></trkpt>
   <trkpt lon="2.701378" lat="41.922960"><ele>151.0</ele></trkpt>
   <trkpt lon="2.701821" lat="41.922561"><ele>149.75</ele></trkpt>
   <trkpt lon="2.702000" lat="41.922447"><ele>150.0</ele></trkpt>
   <trkpt lon="2.702211" lat="41.922393"><ele>150.5</ele></trkpt>
   <trkpt lon="2.702895" lat="41.922276"><ele>150.0</ele></trkpt>
   <trkpt lon="2.703633" lat="41.922128"><ele>150.0</ele></trkpt>
   <trkpt lon="2.703959" lat="41.922013"><ele>151.0</ele></trkpt>
   <trkpt lon="2.704558" lat="41.921690"><ele>153.5</ele></trkpt>
   <trkpt lon="2.705137" lat="41.921589"><ele>154.0</ele></trkpt>
   <trkpt lon="2.705833" lat="41.921599"><ele>156.25</ele></trkpt>
   <trkpt lon="2.706642" lat="41.921707"><ele>157.25</ele></trkpt>
   <trkpt lon="2.706687" lat="41.921714"><ele>157.25</ele></trkpt>
   <trkpt lon="2.706934" lat="41.921730"><ele>157.25</ele></trkpt>
   <trkpt lon="2.707158" lat="41.921754"><ele>156.75</ele></trkpt>
   <trkpt lon="2.707666" lat="41.921767"><ele>153.75</ele></trkpt>
   <trkpt lon="2.707764" lat="41.921768"><ele>153.5</ele></trkpt>
   <trkpt lon="2.707979" lat="41.921786"><ele>153.25</ele></trkpt>
   <trkpt lon="2.708174" lat="41.921768"><ele>152.75</ele></trkpt>
   <trkpt lon="2.708304" lat="41.921732"><ele>152.5</ele></trkpt>
   <trkpt lon="2.708426" lat="41.921429"><ele>151.25</ele></trkpt>
   <trkpt lon="2.708598" lat="41.921274"><ele>150.75</ele></trkpt>
   <trkpt lon="2.708760" lat="41.921245"><ele>150.0</ele></trkpt>
   <trkpt lon="2.708875" lat="41.921278"><ele>150.5</ele></trkpt>
   <trkpt lon="2.708991" lat="41.921337"><ele>149.75</ele></trkpt>
   <trkpt lon="2.709521" lat="41.921526"><ele>148.25</ele></trkpt>
   <trkpt lon="2.710308" lat="41.921884"><ele>147.25</ele></trkpt>
   <trkpt lon="2.710687" lat="41.922071"><ele>147.75</ele></trkpt>
   <trkpt lon="2.711266" lat="41.922109"><ele>151.5</ele></trkpt>
   <trkpt lon="2.712083" lat="41.922100"><ele>151.0</ele></trkpt>
   <trkpt lon="2.712634" lat="41.922086"><ele>144.5</ele></trkpt>
   <trkpt lon="2.712884" lat="41.922061"><ele>143.75</ele></trkpt>
   <trkpt lon="2.713190" lat="41.921856"><ele>142.5</ele></trkpt>
   <trkpt lon="2.713252" lat="41.921773"><ele>142.25</ele></trkpt>
   <trkpt lon="2.713368" lat="41.921734"><ele>142.5</ele></trkpt>
   <trkpt lon="2.713720" lat="41.921490"><ele>142.25</ele></trkpt>
   <trkpt lon="2.714127" lat="41.921098"><ele>142.0</ele></trkpt>
   <trkpt lon="2.714252" lat="41.920829"><ele>141.75</ele></trkpt>
   <trkpt lon="2.714303" lat="41.920187"><ele>141.5</ele></trkpt>
   <trkpt lon="2.714311" lat="41.919693"><ele>142.0</ele></trkpt>
   <trkpt lon="2.714286" lat="41.919298"><ele>142.75</ele></trkpt>
   <trkpt lon="2.714236" lat="41.919141"><ele>143.0</ele></trkpt>
   <trkpt lon="2.714337" lat="41.919075"><ele>144.25</ele></trkpt>
   <trkpt lon="2.714681" lat="41.919008"><ele>147.25</ele></trkpt>
   <trkpt lon="2.715043" lat="41.918925"><ele>148.5</ele></trkpt>
   <trkpt lon="2.715592" lat="41.918714"><ele>155.0</ele></trkpt>
   <trkpt lon="2.716124" lat="41.918542"><ele>158.0</ele></trkpt>
   <trkpt lon="2.716365" lat="41.918319"><ele>159.75</ele></trkpt>
   <trkpt lon="2.716365" lat="41.918095"><ele>159.75</ele></trkpt>
   <trkpt lon="2.716124" lat="41.917700"><ele>162.75</ele></trkpt>
   <trkpt lon="2.715917" lat="41.917171"><ele>165.0</ele></trkpt>
   <trkpt lon="2.715859" lat="41.916883"><ele>162.75</ele></trkpt>
   <trkpt lon="2.715935" lat="41.916446"><ele>160.5</ele></trkpt>
   <trkpt lon="2.716082" lat="41.916102"><ele>160.75</ele></trkpt>
   <trkpt lon="2.716103" lat="41.915963"><ele>161.5</ele></trkpt>
   <trkpt lon="2.716090" lat="41.915794"><ele>162.25</ele></trkpt>
   <trkpt lon="2.715980" lat="41.915555"><ele>163.75</ele></trkpt>
   <trkpt lon="2.715842" lat="41.915254"><ele>164.0</ele></trkpt>
   <trkpt lon="2.715722" lat="41.914189"><ele>167.5</ele></trkpt>
   <trkpt lon="2.716686" lat="41.913841"><ele>163.75</ele></trkpt>
   <trkpt lon="2.717635" lat="41.913488"><ele>160.25</ele></trkpt>
   <trkpt lon="2.718100" lat="41.913340"><ele>160.75</ele></trkpt>
   <trkpt lon="2.718730" lat="41.913125"><ele>159.5</ele></trkpt>
   <trkpt lon="2.719061" lat="41.913096"><ele>159.25</ele></trkpt>
   <trkpt lon="2.719349" lat="41.913089"><ele>158.25</ele></trkpt>
   <trkpt lon="2.719889" lat="41.913143"><ele>156.75</ele></trkpt>
   <trkpt lon="2.720018" lat="41.913129"><ele>156.75</ele></trkpt>
   <trkpt lon="2.720090" lat="41.913121"><ele>157.0</ele></trkpt>
   <trkpt lon="2.720622" lat="41.913007"><ele>157.75</ele></trkpt>
   <trkpt lon="2.721249" lat="41.912935"><ele>157.5</ele></trkpt>
   <trkpt lon="2.721644" lat="41.912911"><ele>155.5</ele></trkpt>
   <trkpt lon="2.722567" lat="41.912963"><ele>150.0</ele></trkpt>
   <trkpt lon="2.722679" lat="41.912976"><ele>149.75</ele></trkpt>
   <trkpt lon="2.723035" lat="41.913017"><ele>149.25</ele></trkpt>
   <trkpt lon="2.723482" lat="41.913108"><ele>149.0</ele></trkpt>
   <trkpt lon="2.723574" lat="41.912543"><ele>152.75</ele></trkpt>
   <trkpt lon="2.723327" lat="41.912160"><ele>153.0</ele></trkpt>
   <trkpt lon="2.723327" lat="41.911912"><ele>153.0</ele></trkpt>
   <trkpt lon="2.723789" lat="41.910922"><ele>149.5</ele></trkpt>
   <trkpt lon="2.724003" lat="41.910731"><ele>148.75</ele></trkpt>
   <trkpt lon="2.724078" lat="41.910531"><ele>148.5</ele></trkpt>
   <trkpt lon="2.725049" lat="41.909841"><ele>141.0</ele></trkpt>
   <trkpt lon="2.725384" lat="41.909602"><ele>139.5</ele></trkpt>
   <trkpt lon="2.725512" lat="41.909477"><ele>139.75</ele></trkpt>
   <trkpt lon="2.725602" lat="41.909389"><ele>139.75</ele></trkpt>
   <trkpt lon="2.725757" lat="41.909383"><ele>138.25</ele></trkpt>
   <trkpt lon="2.726100" lat="41.909111"><ele>137.25</ele></trkpt>
   <trkpt lon="2.726197" lat="41.908833"><ele>138.0</ele></trkpt>
   <trkpt lon="2.726271" lat="41.908686"><ele>137.25</ele></trkpt>
   <trkpt lon="2.726424" lat="41.908514"><ele>136.25</ele></trkpt>
   <trkpt lon="2.726772" lat="41.908243"><ele>133.0</ele></trkpt>
   <trkpt lon="2.726891" lat="41.907967"><ele>132.5</ele></trkpt>
   <trkpt lon="2.726823" lat="41.907731"><ele>132.75</ele></trkpt>
   <trkpt lon="2.726624" lat="41.907463"><ele>133.25</ele></trkpt>
   <trkpt lon="2.726519" lat="41.907232"><ele>133.5</ele></trkpt>
   <trkpt lon="2.726498" lat="41.907035"><ele>132.75</ele></trkpt>
   <trkpt lon="2.726642" lat="41.906910"><ele>131.75</ele></trkpt>
   <trkpt lon="2.727149" lat="41.906777"><ele>131.0</ele></trkpt>
   <trkpt lon="2.727644" lat="41.906664"><ele>130.75</ele></trkpt>
   <trkpt lon="2.727963" lat="41.906632"><ele>130.25</ele></trkpt>
   <trkpt lon="2.728456" lat="41.906712"><ele>129.75</ele></trkpt>
   <trkpt lon="2.728747" lat="41.906684"><ele>128.75</ele></trkpt>
   <trkpt lon="2.728957" lat="41.906560"><ele>128.25</ele></trkpt>
   <trkpt lon="2.729102" lat="41.906406"><ele>128.25</ele></trkpt>
   <trkpt lon="2.729119" lat="41.906330"><ele>128.25</ele></trkpt>
   <trkpt lon="2.729089" lat="41.906236"><ele>128.75</ele></trkpt>
   <trkpt lon="2.729003" lat="41.906110"><ele>129.0</ele></trkpt>
   <trkpt lon="2.728921" lat="41.905943"><ele>129.0</ele></trkpt>
   <trkpt lon="2.728747" lat="41.905364"><ele>129.0</ele></trkpt>
   <trkpt lon="2.728652" lat="41.905140"><ele>129.0</ele></trkpt>
   <trkpt lon="2.728524" lat="41.904786"><ele>129.0</ele></trkpt>
   <trkpt lon="2.728409" lat="41.904309"><ele>128.25</ele></trkpt>
   <trkpt lon="2.728364" lat="41.904076"><ele>127.0</ele></trkpt>
   <trkpt lon="2.728360" lat="41.903865"><ele>125.25</ele></trkpt>
   <trkpt lon="2.728372" lat="41.903727"><ele>126.25</ele></trkpt>
   <trkpt lon="2.728353" lat="41.903654"><ele>126.75</ele></trkpt>
   <trkpt lon="2.728295" lat="41.903586"><ele>127.25</ele></trkpt>
   <trkpt lon="2.727484" lat="41.903278"><ele>128.0</ele></trkpt>
   <trkpt lon="2.727257" lat="41.903171"><ele>128.75</ele></trkpt>
   <trkpt lon="2.727076" lat="41.902966"><ele>130.5</ele></trkpt>
   <trkpt lon="2.726914" lat="41.902854"><ele>130.75</ele></trkpt>
   <trkpt lon="2.726668" lat="41.902703"><ele>130.5</ele></trkpt>
   <trkpt lon="2.726558" lat="41.902591"><ele>130.5</ele></trkpt>
   <trkpt lon="2.726558" lat="41.902446"><ele>130.25</ele></trkpt>
   <trkpt lon="2.726609" lat="41.902161"><ele>130.5</ele></trkpt>
   <trkpt lon="2.726685" lat="41.902098"><ele>130.25</ele></trkpt>
   <trkpt lon="2.726805" lat="41.901744"><ele>130.5</ele></trkpt>
   <trkpt lon="2.726925" lat="41.901250"><ele>129.5</ele></trkpt>
   <trkpt lon="2.726990" lat="41.900714"><ele>127.25</ele></trkpt>
   <trkpt lon="2.726900" lat="41.900292"><ele>127.0</ele></trkpt>
   <trkpt lon="2.726792" lat="41.900064"><ele>126.5</ele></trkpt>
   <trkpt lon="2.726520" lat="41.899712"><ele>126.5</ele></trkpt>
   <trkpt lon="2.726449" lat="41.899530"><ele>126.75</ele></trkpt>
   <trkpt lon="2.726459" lat="41.899009"><ele>130.75</ele></trkpt>
   <trkpt lon="2.726382" lat="41.898788"><ele>132.0</ele></trkpt>
   <trkpt lon="2.726312" lat="41.898498"><ele>133.0</ele></trkpt>
   <trkpt lon="2.726409" lat="41.898235"><ele>132.75</ele></trkpt>
   <trkpt lon="2.726558" lat="41.898012"><ele>132.0</ele></trkpt>
   <trkpt lon="2.726890" lat="41.897624"><ele>129.0</ele></trkpt>
   <trkpt lon="2.727076" lat="41.897260"><ele>128.75</ele></trkpt>
   <trkpt lon="2.727198" lat="41.897072"><ele>128.5</ele></trkpt>
   <trkpt lon="2.727384" lat="41.896908"><ele>128.5</ele></trkpt>
   <trkpt lon="2.727921" lat="41.896573"><ele>127.75</ele></trkpt>
   <trkpt lon="2.728413" lat="41.896296"><ele>128.0</ele></trkpt>
   <trkpt lon="2.728885" lat="41.896132"><ele>127.75</ele></trkpt>
   <trkpt lon="2.729033" lat="41.896075"><ele>127.0</ele></trkpt>
   <trkpt lon="2.729149" lat="41.895948"><ele>126.75</ele></trkpt>
   <trkpt lon="2.729247" lat="41.895716"><ele>126.25</ele></trkpt>
   <trkpt lon="2.729291" lat="41.895520"><ele>126.0</ele></trkpt>
   <trkpt lon="2.729412" lat="41.895407"><ele>125.25</ele></trkpt>
   <trkpt lon="2.730313" lat="41.895252"><ele>123.75</ele></trkpt>
   <trkpt lon="2.730378" lat="41.895213"><ele>123.25</ele></trkpt>
   <trkpt lon="2.730426" lat="41.895156"><ele>123.25</ele></trkpt>
   <trkpt lon="2.730427" lat="41.895038"><ele>123.0</ele></trkpt>
   <trkpt lon="2.730360" lat="41.894700"><ele>122.75</ele></trkpt>
   <trkpt lon="2.729764" lat="41.894149"><ele>123.75</ele></trkpt>
   <trkpt lon="2.729427" lat="41.893783"><ele>123.75</ele></trkpt>
   <trkpt lon="2.729197" lat="41.893410"><ele>125.5</ele></trkpt>
   <trkpt lon="2.729121" lat="41.893233"><ele>125.0</ele></trkpt>
   <trkpt lon="2.729104" lat="41.893149"><ele>124.75</ele></trkpt>
   <trkpt lon="2.729209" lat="41.892979"><ele>123.75</ele></trkpt>
   <trkpt lon="2.729334" lat="41.892616"><ele>123.25</ele></trkpt>
   <trkpt lon="2.729527" lat="41.892370"><ele>123.0</ele></trkpt>
   <trkpt lon="2.729667" lat="41.892278"><ele>123.0</ele></trkpt>
   <trkpt lon="2.729819" lat="41.892238"><ele>123.0</ele></trkpt>
   <trkpt lon="2.730230" lat="41.892184"><ele>123.0</ele></trkpt>
   <trkpt lon="2.730842" lat="41.892154"><ele>123.5</ele></trkpt>
   <trkpt lon="2.731055" lat="41.892127"><ele>123.0</ele></trkpt>
   <trkpt lon="2.731309" lat="41.892029"><ele>123.0</ele></trkpt>
   <trkpt lon="2.731474" lat="41.891946"><ele>122.75</ele></trkpt>
   <trkpt lon="2.731667" lat="41.892110"><ele>123.0</ele></trkpt>
   <trkpt lon="2.731680" lat="41.892155"><ele>123.0</ele></trkpt>
   <trkpt lon="2.731706" lat="41.892197"><ele>123.0</ele></trkpt>
   <trkpt lon="2.731804" lat="41.892129"><ele>123.0</ele></trkpt>
   <trkpt lon="2.731702" lat="41.892043"><ele>123.0</ele></trkpt>
   <trkpt lon="2.731567" lat="41.891940"><ele>123.0</ele></trkpt>
   <trkpt lon="2.731871" lat="41.891822"><ele>122.25</ele></trkpt>
   <trkpt lon="2.731996" lat="41.891762"><ele>121.5</ele></trkpt>
   <trkpt lon="2.731947" lat="41.891701"><ele>121.25</ele></trkpt>
   <trkpt lon="2.732394" lat="41.891503"><ele>121.75</ele></trkpt>
   <trkpt lon="2.733960" lat="41.890759"><ele>121.5</ele></trkpt>
   <trkpt lon="2.734385" lat="41.890580"><ele>121.0</ele></trkpt>
   <trkpt lon="2.735509" lat="41.890152"><ele>121.0</ele></trkpt>
   <trkpt lon="2.736090" lat="41.889915"><ele>121.25</ele></trkpt>
   <trkpt lon="2.736333" lat="41.889769"><ele>120.25</ele></trkpt>
   <trkpt lon="2.736423" lat="41.889686"><ele>120.0</ele></trkpt>
   <trkpt lon="2.736490" lat="41.889605"><ele>120.0</ele></trkpt>
   <trkpt lon="2.736589" lat="41.889348"><ele>120.75</ele></trkpt>
   <trkpt lon="2.736681" lat="41.889170"><ele>120.75</ele></trkpt>
   <trkpt lon="2.736825" lat="41.889006"><ele>121.0</ele></trkpt>
   <trkpt lon="2.736936" lat="41.888913"><ele>121.0</ele></trkpt>
   <trkpt lon="2.737060" lat="41.888860"><ele>120.5</ele></trkpt>
   <trkpt lon="2.737144" lat="41.888810"><ele>120.25</ele></trkpt>
   <trkpt lon="2.737219" lat="41.888722"><ele>120.0</ele></trkpt>
   <trkpt lon="2.737283" lat="41.888653"><ele>120.0</ele></trkpt>
   <trkpt lon="2.737448" lat="41.888512"><ele>120.0</ele></trkpt>
   <trkpt lon="2.737623" lat="41.888404"><ele>119.75</ele></trkpt>
   <trkpt lon="2.737677" lat="41.888353"><ele>120.0</ele></trkpt>
   <trkpt lon="2.737729" lat="41.888290"><ele>120.0</ele></trkpt>
   <trkpt lon="2.738134" lat="41.887991"><ele>119.25</ele></trkpt>
   <trkpt lon="2.738462" lat="41.887679"><ele>118.75</ele></trkpt>
   <trkpt lon="2.738793" lat="41.887431"><ele>119.0</ele></trkpt>
   <trkpt lon="2.739137" lat="41.887210"><ele>118.25</ele></trkpt>
   <trkpt lon="2.739572" lat="41.886967"><ele>118.5</ele></trkpt>
   <trkpt lon="2.739433" lat="41.886859"><ele>118.25</ele></trkpt>
   <trkpt lon="2.738678" lat="41.886425"><ele>122.5</ele></trkpt>
   <trkpt lon="2.738548" lat="41.886373"><ele>123.5</ele></trkpt>
   <trkpt lon="2.738477" lat="41.886345"><ele>124.0</ele></trkpt>
   <trkpt lon="2.737852" lat="41.886241"><ele>127.75</ele></trkpt>
   <trkpt lon="2.737427" lat="41.886052"><ele>129.5</ele></trkpt>
   <trkpt lon="2.737062" lat="41.885922"><ele>131.0</ele></trkpt>
   <trkpt lon="2.736893" lat="41.885853"><ele>131.75</ele></trkpt>
   <trkpt lon="2.736803" lat="41.885729"><ele>132.0</ele></trkpt>
   <trkpt lon="2.736625" lat="41.885588"><ele>132.75</ele></trkpt>
   <trkpt lon="2.736292" lat="41.885326"><ele>132.75</ele></trkpt>
   <trkpt lon="2.736092" lat="41.884957"><ele>131.75</ele></trkpt>
   <trkpt lon="2.735990" lat="41.884736"><ele>131.75</ele></trkpt>
   <trkpt lon="2.735721" lat="41.884382"><ele>130.75</ele></trkpt>
   <trkpt lon="2.735030" lat="41.884022"><ele>128.75</ele></trkpt>
   <trkpt lon="2.733979" lat="41.883611"><ele>126.5</ele></trkpt>
   <trkpt lon="2.733441" lat="41.883251"><ele>126.0</ele></trkpt>
   <trkpt lon="2.732970" lat="41.882912"><ele>125.75</ele></trkpt>
   <trkpt lon="2.732455" lat="41.882552"><ele>127.75</ele></trkpt>
   <trkpt lon="2.732150" lat="41.882319"><ele>129.0</ele></trkpt>
   <trkpt lon="2.731829" lat="41.882143"><ele>129.5</ele></trkpt>
   <trkpt lon="2.730797" lat="41.881665"><ele>129.75</ele></trkpt>
   <trkpt lon="2.729800" lat="41.881158"><ele>124.75</ele></trkpt>
   <trkpt lon="2.729543" lat="41.881007"><ele>124.75</ele></trkpt>
   <trkpt lon="2.729526" lat="41.880990"><ele>124.75</ele></trkpt>
   <trkpt lon="2.729365" lat="41.880827"><ele>125.0</ele></trkpt>
   <trkpt lon="2.729186" lat="41.880606"><ele>127.25</ele></trkpt>
   <trkpt lon="2.729036" lat="41.880316"><ele>127.25</ele></trkpt>
   <trkpt lon="2.728871" lat="41.879787"><ele>129.5</ele></trkpt>
   <trkpt lon="2.728819" lat="41.879737"><ele>130.75</ele></trkpt>
   <trkpt lon="2.728711" lat="41.879721"><ele>131.5</ele></trkpt>
   <trkpt lon="2.728518" lat="41.879749"><ele>131.25</ele></trkpt>
   <trkpt lon="2.728282" lat="41.879661"><ele>132.75</ele></trkpt>
   <trkpt lon="2.728001" lat="41.879478"><ele>133.75</ele></trkpt>
   <trkpt lon="2.726301" lat="41.878891"><ele>134.25</ele></trkpt>
   <trkpt lon="2.725718" lat="41.878718"><ele>134.75</ele></trkpt>
   <trkpt lon="2.725263" lat="41.878699"><ele>134.75</ele></trkpt>
   <trkpt lon="2.724902" lat="41.878494"><ele>135.0</ele></trkpt>
   <trkpt lon="2.724624" lat="41.878284"><ele>135.0</ele></trkpt>
   <trkpt lon="2.724337" lat="41.878141"><ele>134.25</ele></trkpt>
   <trkpt lon="2.724280" lat="41.878133"><ele>134.25</ele></trkpt>
   <trkpt lon="2.723960" lat="41.878055"><ele>133.75</ele></trkpt>
   <trkpt lon="2.723684" lat="41.877949"><ele>133.5</ele></trkpt>
   <trkpt lon="2.723170" lat="41.877813"><ele>131.5</ele></trkpt>
   <trkpt lon="2.722852" lat="41.877755"><ele>130.0</ele></trkpt>
   <trkpt lon="2.722527" lat="41.877704"><ele>129.5</ele></trkpt>
   <trkpt lon="2.722409" lat="41.877693"><ele>129.75</ele></trkpt>
   <trkpt lon="2.721821" lat="41.877575"><ele>133.0</ele></trkpt>
   <trkpt lon="2.720634" lat="41.877322"><ele>136.0</ele></trkpt>
   <trkpt lon="2.720463" lat="41.877295"><ele>136.25</ele></trkpt>
   <trkpt lon="2.719846" lat="41.877247"><ele>136.25</ele></trkpt>
   <trkpt lon="2.719442" lat="41.877169"><ele>136.25</ele></trkpt>
   <trkpt lon="2.719251" lat="41.877093"><ele>135.75</ele></trkpt>
   <trkpt lon="2.719011" lat="41.876904"><ele>135.75</ele></trkpt>
   <trkpt lon="2.718860" lat="41.876830"><ele>136.75</ele></trkpt>
   <trkpt lon="2.718698" lat="41.876757"><ele>137.0</ele></trkpt>
   <trkpt lon="2.718524" lat="41.876710"><ele>138.0</ele></trkpt>
   <trkpt lon="2.718357" lat="41.876670"><ele>139.75</ele></trkpt>
   <trkpt lon="2.718040" lat="41.876631"><ele>140.75</ele></trkpt>
   <trkpt lon="2.717689" lat="41.876591"><ele>141.0</ele></trkpt>
   <trkpt lon="2.717556" lat="41.876587"><ele>140.75</ele></trkpt>
   <trkpt lon="2.717482" lat="41.876596"><ele>140.5</ele></trkpt>
   <trkpt lon="2.717443" lat="41.876627"><ele>140.0</ele></trkpt>
   <trkpt lon="2.717414" lat="41.876683"><ele>139.75</ele></trkpt>
   <trkpt lon="2.717340" lat="41.876872"><ele>140.5</ele></trkpt>
   <trkpt lon="2.717278" lat="41.876903"><ele>140.0</ele></trkpt>
   <trkpt lon="2.717184" lat="41.876902"><ele>139.25</ele></trkpt>
   <trkpt lon="2.717044" lat="41.876889"><ele>138.75</ele></trkpt>
   <trkpt lon="2.716699" lat="41.876777"><ele>138.0</ele></trkpt>
   <trkpt lon="2.716285" lat="41.876544"><ele>136.0</ele></trkpt>
   <trkpt lon="2.716067" lat="41.876372"><ele>132.75</ele></trkpt>
   <trkpt lon="2.715842" lat="41.876082"><ele>131.0</ele></trkpt>
   <trkpt lon="2.715705" lat="41.875845"><ele>131.25</ele></trkpt>
   <trkpt lon="2.715448" lat="41.875693"><ele>132.25</ele></trkpt>
   <trkpt lon="2.714844" lat="41.875467"><ele>133.5</ele></trkpt>
   <trkpt lon="2.714618" lat="41.875400"><ele>133.5</ele></trkpt>
   <trkpt lon="2.714458" lat="41.875353"><ele>133.5</ele></trkpt>
   <trkpt lon="2.712701" lat="41.875064"><ele>134.5</ele></trkpt>
   <trkpt lon="2.712462" lat="41.875010"><ele>135.0</ele></trkpt>
   <trkpt lon="2.711540" lat="41.874828"><ele>135.0</ele></trkpt>
   <trkpt lon="2.710008" lat="41.874545"><ele>137.0</ele></trkpt>
   <trkpt lon="2.709536" lat="41.874467"><ele>138.5</ele></trkpt>
   <trkpt lon="2.709209" lat="41.874397"><ele>137.5</ele></trkpt>
   <trkpt lon="2.708750" lat="41.874311"><ele>136.75</ele></trkpt>
   <trkpt lon="2.708133" lat="41.874239"><ele>135.75</ele></trkpt>
   <trkpt lon="2.707779" lat="41.874105"><ele>135.75</ele></trkpt>
   <trkpt lon="2.707554" lat="41.874031"><ele>136.5</ele></trkpt>
   <trkpt lon="2.707248" lat="41.874059"><ele>138.0</ele></trkpt>
   <trkpt lon="2.706969" lat="41.874053"><ele>139.0</ele></trkpt>
   <trkpt lon="2.706680" lat="41.874001"><ele>139.75</ele></trkpt>
   <trkpt lon="2.706548" lat="41.873955"><ele>139.25</ele></trkpt>
   <trkpt lon="2.706421" lat="41.873844"><ele>138.75</ele></trkpt>
   <trkpt lon="2.705484" lat="41.873959"><ele>143.0</ele></trkpt>
   <trkpt lon="2.705502" lat="41.873149"><ele>136.25</ele></trkpt>
   <trkpt lon="2.705520" lat="41.873076"><ele>136.0</ele></trkpt>
   <trkpt lon="2.705178" lat="41.873063"><ele>136.0</ele></trkpt>
   <trkpt lon="2.705042" lat="41.873063"><ele>136.0</ele></trkpt>
   <trkpt lon="2.705026" lat="41.872797"><ele>135.75</ele></trkpt>
   <trkpt lon="2.705029" lat="41.872688"><ele>135.5</ele></trkpt>
   <trkpt lon="2.705074" lat="41.871125"><ele>135.0</ele></trkpt>
   <trkpt lon="2.705099" lat="41.870184"><ele>143.0</ele></trkpt>
   <trkpt lon="2.705117" lat="41.869344"><ele>152.25</ele></trkpt>
   <trkpt lon="2.705129" lat="41.868576"><ele>148.5</ele></trkpt>
   <trkpt lon="2.705148" lat="41.868024"><ele>142.0</ele></trkpt>
   <trkpt lon="2.704052" lat="41.867980"><ele>144.5</ele></trkpt>
   <trkpt lon="2.699648" lat="41.867851"><ele>134.5</ele></trkpt>
   <trkpt lon="2.699658" lat="41.866062"><ele>124.25</ele></trkpt>
   <trkpt lon="2.699025" lat="41.865389"><ele>130.0</ele></trkpt>
   <trkpt lon="2.698352" lat="41.864690"><ele>134.75</ele></trkpt>
   <trkpt lon="2.697741" lat="41.864084"><ele>145.25</ele></trkpt>
   <trkpt lon="2.697150" lat="41.864648"><ele>146.75</ele></trkpt>
   <trkpt lon="2.696764" lat="41.865073"><ele>150.0</ele></trkpt>
   <trkpt lon="2.696584" lat="41.865271"><ele>150.5</ele></trkpt>
   <trkpt lon="2.696065" lat="41.865935"><ele>148.5</ele></trkpt>
   <trkpt lon="2.695725" lat="41.866342"><ele>149.5</ele></trkpt>
   <trkpt lon="2.695524" lat="41.866426"><ele>149.5</ele></trkpt>
   <trkpt lon="2.695186" lat="41.866496"><ele>149.0</ele></trkpt>
   <trkpt lon="2.694487" lat="41.866614"><ele>146.5</ele></trkpt>
   <trkpt lon="2.694447" lat="41.866488"><ele>145.5</ele></trkpt>
   <trkpt lon="2.694273" lat="41.866234"><ele>144.75</ele></trkpt>
   <trkpt lon="2.694030" lat="41.865942"><ele>144.0</ele></trkpt>
   <trkpt lon="2.693776" lat="41.865772"><ele>143.0</ele></trkpt>
   <trkpt lon="2.693399" lat="41.865583"><ele>140.75</ele></trkpt>
   <trkpt lon="2.693163" lat="41.865472"><ele>139.75</ele></trkpt>
   <trkpt lon="2.693060" lat="41.865398"><ele>139.75</ele></trkpt>
   <trkpt lon="2.692904" lat="41.865202"><ele>139.75</ele></trkpt>
   <trkpt lon="2.692808" lat="41.864994"><ele>140.25</ele></trkpt>
   <trkpt lon="2.692685" lat="41.864821"><ele>139.5</ele></trkpt>
   <trkpt lon="2.692481" lat="41.864708"><ele>139.75</ele></trkpt>
   <trkpt lon="2.692369" lat="41.864659"><ele>139.75</ele></trkpt>
   <trkpt lon="2.692289" lat="41.864589"><ele>138.75</ele></trkpt>
   <trkpt lon="2.692224" lat="41.864446"><ele>136.0</ele></trkpt>
   <trkpt lon="2.692123" lat="41.864310"><ele>134.5</ele></trkpt>
   <trkpt lon="2.691886" lat="41.864137"><ele>132.0</ele></trkpt>
   <trkpt lon="2.691800" lat="41.863970"><ele>130.5</ele></trkpt>
   <trkpt lon="2.691702" lat="41.863849"><ele>128.75</ele></trkpt>
   <trkpt lon="2.691546" lat="41.863811"><ele>128.25</ele></trkpt>
   <trkpt lon="2.691292" lat="41.863790"><ele>127.25</ele></trkpt>
   <trkpt lon="2.690953" lat="41.863806"><ele>125.5</ele></trkpt>
   <trkpt lon="2.690828" lat="41.863791"><ele>125.25</ele></trkpt>
   <trkpt lon="2.690626" lat="41.863695"><ele>125.75</ele></trkpt>
   <trkpt lon="2.690592" lat="41.863684"><ele>126.0</ele></trkpt>
   <trkpt lon="2.690659" lat="41.863366"><ele>124.25</ele></trkpt>
   <trkpt lon="2.690675" lat="41.863194"><ele>123.75</ele></trkpt>
   <trkpt lon="2.690661" lat="41.863059"><ele>123.5</ele></trkpt>
   <trkpt lon="2.690628" lat="41.862814"></trkpt>
   <trkpt lon="2.690289" lat="41.862847"><ele>125.25</ele></trkpt>
   <trkpt lon="2.690210" lat="41.862861"><ele>125.75</ele></trkpt>
   <trkpt lon="2.690258" lat="41.863006"><ele>126.75</ele></trkpt>
   <trkpt lon="2.690263" lat="41.863105"><ele>127.5</ele></trkpt>
   <trkpt lon="2.690049" lat="41.862894"><ele>127.25</ele></trkpt>
   <trkpt lon="2.689891" lat="41.862778"><ele>126.0</ele></trkpt>
   <trkpt lon="2.689587" lat="41.862651"><ele>126.75</ele></trkpt>
   <trkpt lon="2.689408" lat="41.862618"><ele>127.0</ele></trkpt>
   <trkpt lon="2.688955" lat="41.862573"><ele>122.0</ele></trkpt>
   <trkpt lon="2.688631" lat="41.862508"><ele>118.0</ele></trkpt>
   <trkpt lon="2.688362" lat="41.862426"><ele>117.0</ele></trkpt>
   <trkpt lon="2.687884" lat="41.862222"><ele>114.75</ele></trkpt>
   <trkpt lon="2.687654" lat="41.862023"><ele>114.0</ele></trkpt>
   <trkpt lon="2.687596" lat="41.861974"><ele>114.0</ele></trkpt>
   <trkpt lon="2.687343" lat="41.861793"><ele>116.0</ele></trkpt>
   <trkpt lon="2.687123" lat="41.861668"><ele>116.25</ele></trkpt>
   <trkpt lon="2.685738" lat="41.860702"><ele>120.75</ele></trkpt>
   <trkpt lon="2.685312" lat="41.860481"><ele>121.25</ele></trkpt>
   <trkpt lon="2.685239" lat="41.860443"><ele>121.25</ele></trkpt>
   <trkpt lon="2.684703" lat="41.860205"><ele>120.0</ele></trkpt>
   <trkpt lon="2.684449" lat="41.860123"><ele>120.0</ele></trkpt>
   <trkpt lon="2.684102" lat="41.860051"><ele>118.5</ele></trkpt>
   <trkpt lon="2.683701" lat="41.860035"><ele>116.5</ele></trkpt>
   <trkpt lon="2.683307" lat="41.860042"><ele>116.25</ele></trkpt>
   <trkpt lon="2.682801" lat="41.860064"><ele>117.0</ele></trkpt>
   <trkpt lon="2.682656" lat="41.860070"><ele>117.0</ele></trkpt>
   <trkpt lon="2.682550" lat="41.860059"><ele>117.0</ele></trkpt>
   <trkpt lon="2.682303" lat="41.859986"><ele>117.0</ele></trkpt>
   <trkpt lon="2.681674" lat="41.859641"><ele>119.25</ele></trkpt>
   <trkpt lon="2.681283" lat="41.859389"><ele>121.25</ele></trkpt>
   <trkpt lon="2.681005" lat="41.859138"><ele>125.0</ele></trkpt>
   <trkpt lon="2.680827" lat="41.858877"><ele>125.0</ele></trkpt>
   <trkpt lon="2.680630" lat="41.858568"><ele>126.5</ele></trkpt>
   <trkpt lon="2.680667" lat="41.858690"><ele>127.25</ele></trkpt>
   <trkpt lon="2.680707" lat="41.858958"><ele>127.75</ele></trkpt>
   <trkpt lon="2.680667" lat="41.859078"><ele>128.75</ele></trkpt>
   <trkpt lon="2.680595" lat="41.859177"><ele>130.0</ele></trkpt>
   <trkpt lon="2.680468" lat="41.859276"><ele>131.5</ele></trkpt>
   <trkpt lon="2.680115" lat="41.859465"><ele>134.5</ele></trkpt>
   <trkpt lon="2.679892" lat="41.859594"><ele>135.5</ele></trkpt>
   <trkpt lon="2.679771" lat="41.859684"><ele>136.5</ele></trkpt>
   <trkpt lon="2.679431" lat="41.860030"><ele>138.0</ele></trkpt>
   <trkpt lon="2.679161" lat="41.860213"><ele>140.0</ele></trkpt>
   <trkpt lon="2.678873" lat="41.860393"><ele>140.75</ele></trkpt>
   <trkpt lon="2.678613" lat="41.860499"><ele>141.5</ele></trkpt>
   <trkpt lon="2.678291" lat="41.860658"><ele>141.0</ele></trkpt>
   <trkpt lon="2.678102" lat="41.860711"><ele>140.75</ele></trkpt>
   <trkpt lon="2.677820" lat="41.860822"><ele>142.5</ele></trkpt>
   <trkpt lon="2.677649" lat="41.860916"><ele>143.0</ele></trkpt>
   <trkpt lon="2.677349" lat="41.861302"><ele>145.75</ele></trkpt>
   <trkpt lon="2.677126" lat="41.861539"><ele>146.75</ele></trkpt>
   <trkpt lon="2.676937" lat="41.861744"><ele>146.75</ele></trkpt>
   <trkpt lon="2.676866" lat="41.861793"><ele>146.75</ele></trkpt>
   <trkpt lon="2.676828" lat="41.861806"><ele>146.75</ele></trkpt>
   <trkpt lon="2.676578" lat="41.861892"><ele>147.0</ele></trkpt>
   <trkpt lon="2.676432" lat="41.861957"><ele>147.0</ele></trkpt>
   <trkpt lon="2.676203" lat="41.862104"><ele>145.25</ele></trkpt>
   <trkpt lon="2.675932" lat="41.862317"><ele>144.75</ele></trkpt>
   <trkpt lon="2.675552" lat="41.862559"><ele>145.25</ele></trkpt>
   <trkpt lon="2.674818" lat="41.863011"><ele>144.25</ele></trkpt>
   <trkpt lon="2.674556" lat="41.863143"><ele>143.25</ele></trkpt>
   <trkpt lon="2.674444" lat="41.863193"><ele>142.75</ele></trkpt>
   <trkpt lon="2.674278" lat="41.863296"><ele>142.75</ele></trkpt>
   <trkpt lon="2.674153" lat="41.863351"><ele>142.75</ele></trkpt>
   <trkpt lon="2.673984" lat="41.863372"><ele>142.5</ele></trkpt>
   <trkpt lon="2.673359" lat="41.863090"><ele>136.5</ele></trkpt>
   <trkpt lon="2.673204" lat="41.863011"><ele>135.75</ele></trkpt>
   <trkpt lon="2.673055" lat="41.862967"><ele>136.0</ele></trkpt>
   <trkpt lon="2.672808" lat="41.862944"><ele>134.5</ele></trkpt>
   <trkpt lon="2.672628" lat="41.862963"><ele>134.75</ele></trkpt>
   <trkpt lon="2.672324" lat="41.863055"><ele>134.25</ele></trkpt>
   <trkpt lon="2.672176" lat="41.863092"><ele>134.25</ele></trkpt>
   <trkpt lon="2.672021" lat="41.863094"><ele>134.75</ele></trkpt>
   <trkpt lon="2.671880" lat="41.863027"><ele>135.5</ele></trkpt>
   <trkpt lon="2.670776" lat="41.862122"><ele>149.75</ele></trkpt>
   <trkpt lon="2.670766" lat="41.862098"><ele>150.0</ele></trkpt>
   <trkpt lon="2.670700" lat="41.861942"><ele>150.75</ele></trkpt>
   <trkpt lon="2.670598" lat="41.861530"><ele>147.75</ele></trkpt>
   <trkpt lon="2.670652" lat="41.861522"><ele>147.75</ele></trkpt>
   <trkpt lon="2.670773" lat="41.861450"><ele>146.5</ele></trkpt>
   <trkpt lon="2.670867" lat="41.861364"><ele>146.0</ele></trkpt>
   <trkpt lon="2.670882" lat="41.861340"><ele>145.75</ele></trkpt>
   <trkpt lon="2.670946" lat="41.861464"><ele>147.5</ele></trkpt>
   <trkpt lon="2.671081" lat="41.861678"><ele>150.75</ele></trkpt>
   <trkpt lon="2.671131" lat="41.861782"><ele>150.75</ele></trkpt>
   <trkpt lon="2.671179" lat="41.861842"><ele>150.75</ele></trkpt>
   <trkpt lon="2.671220" lat="41.861878"><ele>150.5</ele></trkpt>
   <trkpt lon="2.671296" lat="41.861929"><ele>150.25</ele></trkpt>
   <trkpt lon="2.671441" lat="41.862010"><ele>148.75</ele></trkpt>
   <trkpt lon="2.671588" lat="41.862150"><ele>146.75</ele></trkpt>
   <trkpt lon="2.671757" lat="41.862260"><ele>144.5</ele></trkpt>
   <trkpt lon="2.671802" lat="41.862270"><ele>144.0</ele></trkpt>
   <trkpt lon="2.671851" lat="41.862265"><ele>144.0</ele></trkpt>
   <trkpt lon="2.671903" lat="41.862243"><ele>143.75</ele></trkpt>
   <trkpt lon="2.672234" lat="41.862029"><ele>144.25</ele></trkpt>
   <trkpt lon="2.672408" lat="41.861936"><ele>144.0</ele></trkpt>
   <trkpt lon="2.672605" lat="41.861851"><ele>143.75</ele></trkpt>
   <trkpt lon="2.672796" lat="41.861731"><ele>144.0</ele></trkpt>
   <trkpt lon="2.673410" lat="41.861296"><ele>141.75</ele></trkpt>
   <trkpt lon="2.673672" lat="41.861167"><ele>141.5</ele></trkpt>
   <trkpt lon="2.673768" lat="41.861088"><ele>141.25</ele></trkpt>
   <trkpt lon="2.673837" lat="41.861009"><ele>141.25</ele></trkpt>
   <trkpt lon="2.673850" lat="41.860967"><ele>141.25</ele></trkpt>
   <trkpt lon="2.673849" lat="41.860917"><ele>141.75</ele></trkpt>
   <trkpt lon="2.673788" lat="41.860798"><ele>143.0</ele></trkpt>
   <trkpt lon="2.673651" lat="41.860588"><ele>143.75</ele></trkpt>
   <trkpt lon="2.673318" lat="41.860134"><ele>144.25</ele></trkpt>
   <trkpt lon="2.673622" lat="41.860033"><ele>143.75</ele></trkpt>
   <trkpt lon="2.674426" lat="41.859730"><ele>141.0</ele></trkpt>
   <trkpt lon="2.674849" lat="41.859607"><ele>140.75</ele></trkpt>
   <trkpt lon="2.675178" lat="41.859606"><ele>138.75</ele></trkpt>
   <trkpt lon="2.675542" lat="41.859549"><ele>136.75</ele></trkpt>
   <trkpt lon="2.676131" lat="41.859368"><ele>133.0</ele></trkpt>
   <trkpt lon="2.676204" lat="41.859334"><ele>133.0</ele></trkpt>
   <trkpt lon="2.676727" lat="41.859093"><ele>130.5</ele></trkpt>
   <trkpt lon="2.677232" lat="41.858809"><ele>129.0</ele></trkpt>
   <trkpt lon="2.677729" lat="41.858520"><ele>128.0</ele></trkpt>
   <trkpt lon="2.677963" lat="41.858395"><ele>126.75</ele></trkpt>
   <trkpt lon="2.678169" lat="41.858306"><ele>125.75</ele></trkpt>
   <trkpt lon="2.678158" lat="41.858261"><ele>126.5</ele></trkpt>
   <trkpt lon="2.678301" lat="41.858159"><ele>127.0</ele></trkpt>
   <trkpt lon="2.678354" lat="41.858088"><ele>127.5</ele></trkpt>
   <trkpt lon="2.678402" lat="41.857988"><ele>128.75</ele></trkpt>
   <trkpt lon="2.678031" lat="41.857683"><ele>134.0</ele></trkpt>
   <trkpt lon="2.678504" lat="41.857344"><ele>135.5</ele></trkpt>
   <trkpt lon="2.678923" lat="41.857044"><ele>134.25</ele></trkpt>
   <trkpt lon="2.678932" lat="41.856979"><ele>134.5</ele></trkpt>
   <trkpt lon="2.678437" lat="41.856569"><ele>135.5</ele></trkpt>
   <trkpt lon="2.679465" lat="41.855972"><ele>129.75</ele></trkpt>
   <trkpt lon="2.679636" lat="41.855898"><ele>129.25</ele></trkpt>
   <trkpt lon="2.679710" lat="41.855873"><ele>129.0</ele></trkpt>
   <trkpt lon="2.679770" lat="41.855867"><ele>129.0</ele></trkpt>
   <trkpt lon="2.679878" lat="41.855894"><ele>129.0</ele></trkpt>
   <trkpt lon="2.680077" lat="41.856029"><ele>128.75</ele></trkpt>
   <trkpt lon="2.680339" lat="41.856182"><ele>127.75</ele></trkpt>
   <trkpt lon="2.680443" lat="41.856235"><ele>127.25</ele></trkpt>
   <trkpt lon="2.680554" lat="41.856282"><ele>126.75</ele></trkpt>
   <trkpt lon="2.680699" lat="41.856328"><ele>126.25</ele></trkpt>
   <trkpt lon="2.681035" lat="41.856289"><ele>125.25</ele></trkpt>
   <trkpt lon="2.683002" lat="41.856620"><ele>119.5</ele></trkpt>
   <trkpt lon="2.683331" lat="41.856617"><ele>119.25</ele></trkpt>
   <trkpt lon="2.683444" lat="41.856621"><ele>118.75</ele></trkpt>
   <trkpt lon="2.683529" lat="41.856608"><ele>118.5</ele></trkpt>
   <trkpt lon="2.683925" lat="41.856535"><ele>118.25</ele></trkpt>
   <trkpt lon="2.684027" lat="41.856510"><ele>118.25</ele></trkpt>
   <trkpt lon="2.685384" lat="41.856118"><ele>117.75</ele></trkpt>
   <trkpt lon="2.685749" lat="41.856016"><ele>117.5</ele></trkpt>
   <trkpt lon="2.687227" lat="41.855651"><ele>114.5</ele></trkpt>
   <trkpt lon="2.687169" lat="41.855412"><ele>115.0</ele></trkpt>
   <trkpt lon="2.687076" lat="41.855029"><ele>116.25</ele></trkpt>
   <trkpt lon="2.687721" lat="41.854964"><ele>116.0</ele></trkpt>
   <trkpt lon="2.687904" lat="41.854947"><ele>115.5</ele></trkpt>
   <trkpt lon="2.688582" lat="41.854888"><ele>113.75</ele></trkpt>
   <trkpt lon="2.689173" lat="41.854791"><ele>113.25</ele></trkpt>
   <trkpt lon="2.689444" lat="41.854683"><ele>114.0</ele></trkpt>
   <trkpt lon="2.689671" lat="41.854549"><ele>113.0</ele></trkpt>
   <trkpt lon="2.689897" lat="41.854318"><ele>112.75</ele></trkpt>
   <trkpt lon="2.690021" lat="41.854101"><ele>113.0</ele></trkpt>
   <trkpt lon="2.690093" lat="41.853757"><ele>113.75</ele></trkpt>
   <trkpt lon="2.690099" lat="41.853613"><ele>113.75</ele></trkpt>
   <trkpt lon="2.690006" lat="41.853158"><ele>114.5</ele></trkpt>
   <trkpt lon="2.689821" lat="41.852798"><ele>115.0</ele></trkpt>
   <trkpt lon="2.689663" lat="41.852593"><ele>115.0</ele></trkpt>
   <trkpt lon="2.689468" lat="41.852406"><ele>115.25</ele></trkpt>
   <trkpt lon="2.689250" lat="41.852259"><ele>115.75</ele></trkpt>
   <trkpt lon="2.688404" lat="41.851788"><ele>118.5</ele></trkpt>
   <trkpt lon="2.688242" lat="41.851703"><ele>119.25</ele></trkpt>
   <trkpt lon="2.687490" lat="41.851351"><ele>122.0</ele></trkpt>
   <trkpt lon="2.688191" lat="41.851009"><ele>121.75</ele></trkpt>
   <trkpt lon="2.688224" lat="41.851006"><ele>121.75</ele></trkpt>
   <trkpt lon="2.688894" lat="41.850937"><ele>117.5</ele></trkpt>
   <trkpt lon="2.689645" lat="41.850916"><ele>113.0</ele></trkpt>
   <trkpt lon="2.690124" lat="41.850941"><ele>110.0</ele></trkpt>
   <trkpt lon="2.690794" lat="41.851008"><ele>107.5</ele></trkpt>
   <trkpt lon="2.690917" lat="41.851008"><ele>106.75</ele></trkpt>
   <trkpt lon="2.690988" lat="41.850973"><ele>106.5</ele></trkpt>
   <trkpt lon="2.691553" lat="41.850732"><ele>105.5</ele></trkpt>
   <trkpt lon="2.691658" lat="41.850711"><ele>105.25</ele></trkpt>
   <trkpt lon="2.691838" lat="41.850715"><ele>104.75</ele></trkpt>
   <trkpt lon="2.692142" lat="41.850792"><ele>104.0</ele></trkpt>
   <trkpt lon="2.692626" lat="41.850902"><ele>102.5</ele></trkpt>
   <trkpt lon="2.693239" lat="41.851015"><ele>102.25</ele></trkpt>
   <trkpt lon="2.693410" lat="41.851061"><ele>102.75</ele></trkpt>
   <trkpt lon="2.693884" lat="41.851252"><ele>103.25</ele></trkpt>
   <trkpt lon="2.694141" lat="41.851373"><ele>103.75</ele></trkpt>
   <trkpt lon="2.695014" lat="41.851836"><ele>106.5</ele></trkpt>
   <trkpt lon="2.695147" lat="41.851871"><ele>107.0</ele></trkpt>
   <trkpt lon="2.695332" lat="41.851868"><ele>107.75</ele></trkpt>
   <trkpt lon="2.695401" lat="41.851845"><ele>108.0</ele></trkpt>
   <trkpt lon="2.695505" lat="41.851811"><ele>108.25</ele></trkpt>
   <trkpt lon="2.695930" lat="41.851641"><ele>107.0</ele></trkpt>
   <trkpt lon="2.696643" lat="41.851423"><ele>106.0</ele></trkpt>
   <trkpt lon="2.696939" lat="41.851259"><ele>105.5</ele></trkpt>
   <trkpt lon="2.697023" lat="41.851238"><ele>106.0</ele></trkpt>
   <trkpt lon="2.697352" lat="41.851155"><ele>108.75</ele></trkpt>
   <trkpt lon="2.697856" lat="41.851152"><ele>112.5</ele></trkpt>
   <trkpt lon="2.698113" lat="41.851104"><ele>115.25</ele></trkpt>
   <trkpt lon="2.698308" lat="41.851027"><ele>118.75</ele></trkpt>
   <trkpt lon="2.698643" lat="41.850894"><ele>120.75</ele></trkpt>
   <trkpt lon="2.699169" lat="41.850774"><ele>125.5</ele></trkpt>
   <trkpt lon="2.699426" lat="41.850767"><ele>127.25</ele></trkpt>
   <trkpt lon="2.700340" lat="41.851077"><ele>134.25</ele></trkpt>
   <trkpt lon="2.700606" lat="41.851089"><ele>135.0</ele></trkpt>
   <trkpt lon="2.701057" lat="41.850923"><ele>136.0</ele></trkpt>
   <trkpt lon="2.701371" lat="41.850686"><ele>136.0</ele></trkpt>
   <trkpt lon="2.701767" lat="41.850366"><ele>135.75</ele></trkpt>
   <trkpt lon="2.702394" lat="41.850002"><ele>136.25</ele></trkpt>
   <trkpt lon="2.703160" lat="41.849564"><ele>136.75</ele></trkpt>
   <trkpt lon="2.703659" lat="41.849324"><ele>135.5</ele></trkpt>
   <trkpt lon="2.705575" lat="41.848772"><ele>133.5</ele></trkpt>
   <trkpt lon="2.705867" lat="41.848687"><ele>133.25</ele></trkpt>
   <trkpt lon="2.706476" lat="41.848376"><ele>132.75</ele></trkpt>
   <trkpt lon="2.706758" lat="41.848231"><ele>133.25</ele></trkpt>
   <trkpt lon="2.707969" lat="41.847789"><ele>133.75</ele></trkpt>
   <trkpt lon="2.710787" lat="41.846426"><ele>122.0</ele></trkpt>
   <trkpt lon="2.711378" lat="41.845895"><ele>119.75</ele></trkpt>
   <trkpt lon="2.712342" lat="41.844999"><ele>115.5</ele></trkpt>
   <trkpt lon="2.712513" lat="41.845370"><ele>115.0</ele></trkpt>
   <trkpt lon="2.712668" lat="41.845573"><ele>114.75</ele></trkpt>
   <trkpt lon="2.712826" lat="41.845683"><ele>115.0</ele></trkpt>
   <trkpt lon="2.712930" lat="41.845711"><ele>115.0</ele></trkpt>
   <trkpt lon="2.713003" lat="41.845719"><ele>115.0</ele></trkpt>
   <trkpt lon="2.713138" lat="41.845700"><ele>115.0</ele></trkpt>
   <trkpt lon="2.713576" lat="41.845543"><ele>115.75</ele></trkpt>
   <trkpt lon="2.713745" lat="41.845513"><ele>116.25</ele></trkpt>
   <trkpt lon="2.713871" lat="41.845528"><ele>116.75</ele></trkpt>
   <trkpt lon="2.714074" lat="41.845625"><ele>118.0</ele></trkpt>
   <trkpt lon="2.714359" lat="41.845819"><ele>118.5</ele></trkpt>
   <trkpt lon="2.714468" lat="41.845858"><ele>118.5</ele></trkpt>
   <trkpt lon="2.714624" lat="41.845873"><ele>119.0</ele></trkpt>
   <trkpt lon="2.714720" lat="41.845868"><ele>119.25</ele></trkpt>
   <trkpt lon="2.714903" lat="41.845827"><ele>120.5</ele></trkpt>
   <trkpt lon="2.715251" lat="41.845616"><ele>121.75</ele></trkpt>
   <trkpt lon="2.715505" lat="41.845470"><ele>121.25</ele></trkpt>
   <trkpt lon="2.716152" lat="41.845266"><ele>122.75</ele></trkpt>
   <trkpt lon="2.716935" lat="41.845073"><ele>123.25</ele></trkpt>
   <trkpt lon="2.717870" lat="41.844772"><ele>119.0</ele></trkpt>
   <trkpt lon="2.718767" lat="41.844436"><ele>114.25</ele></trkpt>
   <trkpt lon="2.719182" lat="41.844375"><ele>115.5</ele></trkpt>
   <trkpt lon="2.719414" lat="41.844176"><ele>117.0</ele></trkpt>
   <trkpt lon="2.720255" lat="41.843853"><ele>116.0</ele></trkpt>
   <trkpt lon="2.721179" lat="41.843562"><ele>110.5</ele></trkpt>
   <trkpt lon="2.721309" lat="41.843545"><ele>110.5</ele></trkpt>
   <trkpt lon="2.721991" lat="41.843561"><ele>114.25</ele></trkpt>
   <trkpt lon="2.723304" lat="41.843136"><ele>113.75</ele></trkpt>
   <trkpt lon="2.723914" lat="41.842765"><ele>113.75</ele></trkpt>
   <trkpt lon="2.724450" lat="41.842601"><ele>113.5</ele></trkpt>
   <trkpt lon="2.724838" lat="41.842560"><ele>113.0</ele></trkpt>
   <trkpt lon="2.725068" lat="41.842616"><ele>112.25</ele></trkpt>
   <trkpt lon="2.725734" lat="41.842423"><ele>111.5</ele></trkpt>
   <trkpt lon="2.726158" lat="41.842398"><ele>111.75</ele></trkpt>
   <trkpt lon="2.726574" lat="41.842392"><ele>112.5</ele></trkpt>
   <trkpt lon="2.727645" lat="41.842070"><ele>111.0</ele></trkpt>
   <trkpt lon="2.728709" lat="41.841452"><ele>106.25</ele></trkpt>
   <trkpt lon="2.729865" lat="41.840875"><ele>101.75</ele></trkpt>
   <trkpt lon="2.731121" lat="41.840705"><ele>91.25</ele></trkpt>
   <trkpt lon="2.731704" lat="41.840556"><ele>85.5</ele></trkpt>
   <trkpt lon="2.733524" lat="41.838736"><ele>80.25</ele></trkpt>
   <trkpt lon="2.733588" lat="41.838673"><ele>80.0</ele></trkpt>
   <trkpt lon="2.734040" lat="41.838229"><ele>80.0</ele></trkpt>
   <trkpt lon="2.734747" lat="41.837253"><ele>79.75</ele></trkpt>
   <trkpt lon="2.735006" lat="41.836801"><ele>79.5</ele></trkpt>
   <trkpt lon="2.735253" lat="41.836169"><ele>79.0</ele></trkpt>
   <trkpt lon="2.735321" lat="41.836056"><ele>79.25</ele></trkpt>
   <trkpt lon="2.735362" lat="41.835988"><ele>79.25</ele></trkpt>
   <trkpt lon="2.735429" lat="41.836049"><ele>79.5</ele></trkpt>
   <trkpt lon="2.735571" lat="41.836099"><ele>79.75</ele></trkpt>
   <trkpt lon="2.735848" lat="41.836142"><ele>79.75</ele></trkpt>
   <trkpt lon="2.735865" lat="41.836144"><ele>79.75</ele></trkpt>
   <trkpt lon="2.735897" lat="41.836148"><ele>79.75</ele></trkpt>
   <trkpt lon="2.736053" lat="41.836167"><ele>79.75</ele></trkpt>
   <trkpt lon="2.736093" lat="41.836180"><ele>79.75</ele></trkpt>
   <trkpt lon="2.736123" lat="41.836190"><ele>79.5</ele></trkpt>
   <trkpt lon="2.736181" lat="41.836242"><ele>79.25</ele></trkpt>
   <trkpt lon="2.736976" lat="41.837180"><ele>79.75</ele></trkpt>
   <trkpt lon="2.737058" lat="41.837316"><ele>80.0</ele></trkpt>
   <trkpt lon="2.737080" lat="41.837430"><ele>80.25</ele></trkpt>
   <trkpt lon="2.737047" lat="41.837594"><ele>80.75</ele></trkpt>
   <trkpt lon="2.737032" lat="41.837671"><ele>81.0</ele></trkpt>
   <trkpt lon="2.737010" lat="41.837902"><ele>81.75</ele></trkpt>
   <trkpt lon="2.737006" lat="41.838266"><ele>82.25</ele></trkpt>
   <trkpt lon="2.737024" lat="41.838491"><ele>82.5</ele></trkpt>
   <trkpt lon="2.737021" lat="41.838677"><ele>82.75</ele></trkpt>
   <trkpt lon="2.736996" lat="41.838771"><ele>82.75</ele></trkpt>
   <trkpt lon="2.736983" lat="41.838818"><ele>82.75</ele></trkpt>
   <trkpt lon="2.737415" lat="41.838902"><ele>84.75</ele></trkpt>
   <trkpt lon="2.737550" lat="41.838939"><ele>85.75</ele></trkpt>
   <trkpt lon="2.737685" lat="41.839016"><ele>87.0</ele></trkpt>
   <trkpt lon="2.737748" lat="41.839092"><ele>87.5</ele></trkpt>
   <trkpt lon="2.737822" lat="41.839249"><ele>88.5</ele></trkpt>
   <trkpt lon="2.737987" lat="41.839639"><ele>90.5</ele></trkpt>
   <trkpt lon="2.738148" lat="41.839895"><ele>91.75</ele></trkpt>
   <trkpt lon="2.738372" lat="41.840250"><ele>93.5</ele></trkpt>
   <trkpt lon="2.738606" lat="41.840624"><ele>94.75</ele></trkpt>
   <trkpt lon="2.738723" lat="41.840747"><ele>94.75</ele></trkpt>
   <trkpt lon="2.739294" lat="41.841228"><ele>95.25</ele></trkpt>
   <trkpt lon="2.740052" lat="41.841941"><ele>97.5</ele></trkpt>
   <trkpt lon="2.740328" lat="41.842155"><ele>98.75</ele></trkpt>
   <trkpt lon="2.741131" lat="41.842737"><ele>102.25</ele></trkpt>
   <trkpt lon="2.741229" lat="41.842854"><ele>103.0</ele></trkpt>
   <trkpt lon="2.741357" lat="41.842950"><ele>103.75</ele></trkpt>
   <trkpt lon="2.741494" lat="41.843224"><ele>105.5</ele></trkpt>
   <trkpt lon="2.741605" lat="41.843400"><ele>106.5</ele></trkpt>
   <trkpt lon="2.741899" lat="41.843649"><ele>107.5</ele></trkpt>
   <trkpt lon="2.742427" lat="41.843973"><ele>109.5</ele></trkpt>
   <trkpt lon="2.742642" lat="41.844153"><ele>110.0</ele></trkpt>
   <trkpt lon="2.742917" lat="41.844474"><ele>110.25</ele></trkpt>
   <trkpt lon="2.743171" lat="41.844861"><ele>111.0</ele></trkpt>
   <trkpt lon="2.743255" lat="41.844928"><ele>111.5</ele></trkpt>
   <trkpt lon="2.743367" lat="41.844965"><ele>112.0</ele></trkpt>
   <trkpt lon="2.743739" lat="41.845090"><ele>113.0</ele></trkpt>
   <trkpt lon="2.744318" lat="41.845241"><ele>115.5</ele></trkpt>
   <trkpt lon="2.744486" lat="41.845244"><ele>115.5</ele></trkpt>
   <trkpt lon="2.744645" lat="41.845180"><ele>114.75</ele></trkpt>
   <trkpt lon="2.744714" lat="41.845107"><ele>114.75</ele></trkpt>
   <trkpt lon="2.744739" lat="41.845057"><ele>114.75</ele></trkpt>
   <trkpt lon="2.744767" lat="41.845002"><ele>114.75</ele></trkpt>
   <trkpt lon="2.744855" lat="41.844751"><ele>114.0</ele></trkpt>
   <trkpt lon="2.744956" lat="41.844671"><ele>113.75</ele></trkpt>
   <trkpt lon="2.745086" lat="41.844616"><ele>113.5</ele></trkpt>
   <trkpt lon="2.745247" lat="41.844562"><ele>112.5</ele></trkpt>
   <trkpt lon="2.745995" lat="41.844323"><ele>109.5</ele></trkpt>
   <trkpt lon="2.746055" lat="41.844293"><ele>110.5</ele></trkpt>
   <trkpt lon="2.746167" lat="41.844614"><ele>108.25</ele></trkpt>
   <trkpt lon="2.746196" lat="41.844910"><ele>105.5</ele></trkpt>
   <trkpt lon="2.746215" lat="41.844999"><ele>104.75</ele></trkpt>
   <trkpt lon="2.746323" lat="41.845252"><ele>105.25</ele></trkpt>
   <trkpt lon="2.746529" lat="41.845676"><ele>105.0</ele></trkpt>
   <trkpt lon="2.746844" lat="41.846099"><ele>102.0</ele></trkpt>
   <trkpt lon="2.747068" lat="41.846652"><ele>106.25</ele></trkpt>
   <trkpt lon="2.747827" lat="41.848198"><ele>106.0</ele></trkpt>
   <trkpt lon="2.747984" lat="41.848570"><ele>107.5</ele></trkpt>
   <trkpt lon="2.748277" lat="41.849108"><ele>103.25</ele></trkpt>
   <trkpt lon="2.748627" lat="41.850069"><ele>107.0</ele></trkpt>
   <trkpt lon="2.748870" lat="41.850521"><ele>105.5</ele></trkpt>
   <trkpt lon="2.749227" lat="41.850978"><ele>102.25</ele></trkpt>
   <trkpt lon="2.749339" lat="41.851371"><ele>102.0</ele></trkpt>
   <trkpt lon="2.749503" lat="41.851841"><ele>103.25</ele></trkpt>
   <trkpt lon="2.750168" lat="41.853392"><ele>101.0</ele></trkpt>
   <trkpt lon="2.750466" lat="41.854045"><ele>99.75</ele></trkpt>
   <trkpt lon="2.750744" lat="41.854530"><ele>98.75</ele></trkpt>
   <trkpt lon="2.750922" lat="41.854816"><ele>98.5</ele></trkpt>
   <trkpt lon="2.751048" lat="41.855195"><ele>100.5</ele></trkpt>
   <trkpt lon="2.751373" lat="41.856299"><ele>107.0</ele></trkpt>
   <trkpt lon="2.751830" lat="41.857339"><ele>110.0</ele></trkpt>
   <trkpt lon="2.752164" lat="41.858063"><ele>109.0</ele></trkpt>
   <trkpt lon="2.752401" lat="41.858348"><ele>109.25</ele></trkpt>
   <trkpt lon="2.752756" lat="41.859095"><ele>115.25</ele></trkpt>
   <trkpt lon="2.753036" lat="41.859896"><ele>111.5</ele></trkpt>
   <trkpt lon="2.753399" lat="41.860720"><ele>114.75</ele></trkpt>
   <trkpt lon="2.753838" lat="41.861682"><ele>118.25</ele></trkpt>
   <trkpt lon="2.754230" lat="41.863066"><ele>116.75</ele></trkpt>
   <trkpt lon="2.754578" lat="41.863948"><ele>117.25</ele></trkpt>
   <trkpt lon="2.755114" lat="41.865109"><ele>123.25</ele></trkpt>
   <trkpt lon="2.755477" lat="41.865960"><ele>125.5</ele></trkpt>
   <trkpt lon="2.755809" lat="41.866662"><ele>129.25</ele></trkpt>
   <trkpt lon="2.755902" lat="41.866863"></trkpt>
   <trkpt lon="2.755035" lat="41.867087"><ele>131.5</ele></trkpt>
   <trkpt lon="2.754922" lat="41.867124"><ele>132.5</ele></trkpt>
   <trkpt lon="2.755395" lat="41.867893"><ele>129.0</ele></trkpt>
   <trkpt lon="2.755769" lat="41.868521"><ele>126.75</ele></trkpt>
   <trkpt lon="2.756136" lat="41.869226"><ele>123.5</ele></trkpt>
   <trkpt lon="2.756880" lat="41.870623"><ele>120.0</ele></trkpt>
   <trkpt lon="2.757586" lat="41.871937"><ele>117.25</ele></trkpt>
   <trkpt lon="2.758014" lat="41.872772"><ele>114.25</ele></trkpt>
   <trkpt lon="2.758246" lat="41.873054"><ele>113.25</ele></trkpt>
   <trkpt lon="2.758398" lat="41.873338"><ele>114.0</ele></trkpt>
   <trkpt lon="2.758702" lat="41.873840"><ele>113.0</ele></trkpt>
   <trkpt lon="2.758853" lat="41.874041"><ele>112.25</ele></trkpt>
   <trkpt lon="2.758747" lat="41.874134"><ele>112.0</ele></trkpt>
   <trkpt lon="2.758521" lat="41.874235"><ele>112.0</ele></trkpt>
   <trkpt lon="2.758302" lat="41.874300"><ele>111.75</ele></trkpt>
   <trkpt lon="2.757957" lat="41.874456"><ele>111.25</ele></trkpt>
   <trkpt lon="2.757224" lat="41.874656"><ele>113.0</ele></trkpt>
   <trkpt lon="2.757219" lat="41.874698"><ele>113.0</ele></trkpt>
   <trkpt lon="2.757388" lat="41.874960"><ele>113.25</ele></trkpt>
   <trkpt lon="2.757434" lat="41.875026"><ele>113.0</ele></trkpt>
   <trkpt lon="2.757603" lat="41.874992"><ele>113.0</ele></trkpt>
   <trkpt lon="2.758649" lat="41.874794"><ele>112.5</ele></trkpt>
   <trkpt lon="2.758970" lat="41.874746"><ele>112.0</ele></trkpt>
   <trkpt lon="2.759228" lat="41.874730"><ele>112.0</ele></trkpt>
   <trkpt lon="2.759464" lat="41.874784"><ele>112.0</ele></trkpt>
   <trkpt lon="2.759512" lat="41.874814"><ele>112.5</ele></trkpt>
   <trkpt lon="2.759582" lat="41.874882"><ele>113.5</ele></trkpt>
   <trkpt lon="2.759628" lat="41.874964"><ele>114.75</ele></trkpt>
   <trkpt lon="2.759636" lat="41.875004"><ele>115.25</ele></trkpt>
   <trkpt lon="2.759638" lat="41.875046"><ele>115.25</ele></trkpt>
   <trkpt lon="2.759606" lat="41.875174"><ele>114.0</ele></trkpt>
   <trkpt lon="2.759593" lat="41.875261"><ele>113.5</ele></trkpt>
   <trkpt lon="2.759590" lat="41.875395"><ele>112.75</ele></trkpt>
   <trkpt lon="2.759598" lat="41.875441"><ele>112.5</ele></trkpt>
   <trkpt lon="2.759791" lat="41.875743"><ele>112.5</ele></trkpt>
   <trkpt lon="2.759821" lat="41.875863"><ele>111.75</ele></trkpt>
   <trkpt lon="2.759867" lat="41.875891"><ele>112.0</ele></trkpt>
   <trkpt lon="2.759962" lat="41.876008"><ele>111.75</ele></trkpt>
   <trkpt lon="2.760317" lat="41.876626"><ele>112.0</ele></trkpt>
   <trkpt lon="2.760374" lat="41.876749"><ele>111.75</ele></trkpt>
   <trkpt lon="2.761096" lat="41.877950"><ele>111.5</ele></trkpt>
   <trkpt lon="2.761448" lat="41.878540"><ele>111.5</ele></trkpt>
   <trkpt lon="2.761691" lat="41.878927"><ele>109.5</ele></trkpt>
   <trkpt lon="2.761777" lat="41.879059"><ele>108.75</ele></trkpt>
   <trkpt lon="2.761855" lat="41.879179"><ele>109.25</ele></trkpt>
   <trkpt lon="2.761866" lat="41.879211"><ele>109.75</ele></trkpt>
   <trkpt lon="2.762030" lat="41.879681"><ele>112.5</ele></trkpt>
   <trkpt lon="2.762580" lat="41.880633"><ele>112.25</ele></trkpt>
   <trkpt lon="2.762816" lat="41.880986"><ele>113.5</ele></trkpt>
   <trkpt lon="2.762837" lat="41.881063"><ele>113.75</ele></trkpt>
   <trkpt lon="2.762821" lat="41.881115"><ele>113.5</ele></trkpt>
   <trkpt lon="2.762776" lat="41.881162"><ele>113.5</ele></trkpt>
   <trkpt lon="2.762612" lat="41.881246"><ele>113.25</ele></trkpt>
   <trkpt lon="2.762610" lat="41.881315"><ele>113.5</ele></trkpt>
   <trkpt lon="2.762780" lat="41.881571"><ele>114.5</ele></trkpt>
   <trkpt lon="2.762829" lat="41.881606"><ele>114.5</ele></trkpt>
   <trkpt lon="2.762888" lat="41.881608"><ele>114.5</ele></trkpt>
   <trkpt lon="2.763029" lat="41.881577"><ele>115.25</ele></trkpt>
   <trkpt lon="2.763104" lat="41.881571"><ele>115.75</ele></trkpt>
   <trkpt lon="2.763184" lat="41.881591"><ele>116.5</ele></trkpt>
   <trkpt lon="2.763242" lat="41.881660"><ele>116.25</ele></trkpt>
   <trkpt lon="2.763812" lat="41.882634"><ele>117.25</ele></trkpt>
   <trkpt lon="2.763979" lat="41.882581"><ele>119.5</ele></trkpt>
   <trkpt lon="2.764458" lat="41.882452"><ele>119.75</ele></trkpt>
   <trkpt lon="2.764626" lat="41.882404"><ele>115.75</ele></trkpt>
   <trkpt lon="2.764727" lat="41.882490"><ele>113.75</ele></trkpt>
   <trkpt lon="2.765170" lat="41.883129"><ele>111.75</ele></trkpt>
   <trkpt lon="2.765576" lat="41.883677"><ele>109.75</ele></trkpt>
   <trkpt lon="2.765778" lat="41.884000"><ele>109.5</ele></trkpt>
   <trkpt lon="2.765769" lat="41.884085"><ele>110.0</ele></trkpt>
   <trkpt lon="2.765741" lat="41.884144"><ele>110.75</ele></trkpt>
   <trkpt lon="2.765669" lat="41.884210"><ele>113.25</ele></trkpt>
   <trkpt lon="2.764850" lat="41.884499"><ele>112.0</ele></trkpt>
   <trkpt lon="2.764804" lat="41.884624"><ele>110.5</ele></trkpt>
   <trkpt lon="2.764932" lat="41.884863"><ele>110.0</ele></trkpt>
   <trkpt lon="2.765146" lat="41.885367"><ele>110.0</ele></trkpt>
   <trkpt lon="2.765712" lat="41.886122"><ele>111.5</ele></trkpt>
   <trkpt lon="2.766444" lat="41.887162"><ele>115.25</ele></trkpt>
   <trkpt lon="2.766610" lat="41.887378"><ele>116.5</ele></trkpt>
   <trkpt lon="2.766658" lat="41.887352"><ele>116.75</ele></trkpt>
   <trkpt lon="2.766819" lat="41.887284"><ele>120.0</ele></trkpt>
   <trkpt lon="2.767125" lat="41.887178"><ele>120.0</ele></trkpt>
   <trkpt lon="2.767176" lat="41.887168"><ele>119.0</ele></trkpt>
   <trkpt lon="2.767230" lat="41.887166"><ele>118.25</ele></trkpt>
   <trkpt lon="2.767342" lat="41.887186"><ele>117.25</ele></trkpt>
   <trkpt lon="2.767436" lat="41.887228"><ele>116.5</ele></trkpt>
   <trkpt lon="2.767517" lat="41.887284"><ele>116.25</ele></trkpt>
   <trkpt lon="2.767576" lat="41.887358"><ele>116.75</ele></trkpt>
   <trkpt lon="2.767616" lat="41.887444"><ele>117.25</ele></trkpt>
   <trkpt lon="2.767635" lat="41.887530"><ele>117.5</ele></trkpt>
   <trkpt lon="2.767651" lat="41.887663"><ele>118.5</ele></trkpt>
   <trkpt lon="2.767694" lat="41.887751"><ele>118.75</ele></trkpt>
   <trkpt lon="2.767721" lat="41.887787"><ele>118.5</ele></trkpt>
   <trkpt lon="2.767761" lat="41.887817"><ele>118.25</ele></trkpt>
   <trkpt lon="2.767857" lat="41.887859"><ele>118.0</ele></trkpt>
   <trkpt lon="2.768742" lat="41.887957"><ele>115.75</ele></trkpt>
   <trkpt lon="2.769158" lat="41.888013"><ele>115.75</ele></trkpt>
   <trkpt lon="2.769311" lat="41.888061"><ele>115.25</ele></trkpt>
   <trkpt lon="2.769536" lat="41.888113"><ele>115.0</ele></trkpt>
   <trkpt lon="2.769842" lat="41.888149"><ele>114.75</ele></trkpt>
   <trkpt lon="2.770220" lat="41.888184"><ele>114.25</ele></trkpt>
   <trkpt lon="2.770381" lat="41.888220"><ele>114.0</ele></trkpt>
   <trkpt lon="2.770709" lat="41.888326"><ele>113.75</ele></trkpt>
   <trkpt lon="2.770765" lat="41.888336"><ele>114.0</ele></trkpt>
   <trkpt lon="2.770878" lat="41.888338"><ele>114.0</ele></trkpt>
   <trkpt lon="2.771111" lat="41.888330"><ele>113.75</ele></trkpt>
   <trkpt lon="2.771454" lat="41.888294"><ele>113.75</ele></trkpt>
   <trkpt lon="2.771578" lat="41.888296"><ele>113.75</ele></trkpt>
   <trkpt lon="2.771631" lat="41.888310"><ele>113.75</ele></trkpt>
   <trkpt lon="2.771677" lat="41.888334"><ele>114.0</ele></trkpt>
   <trkpt lon="2.771760" lat="41.888402"><ele>114.0</ele></trkpt>
   <trkpt lon="2.771787" lat="41.888438"><ele>114.0</ele></trkpt>
   <trkpt lon="2.771803" lat="41.888480"><ele>114.25</ele></trkpt>
   <trkpt lon="2.771816" lat="41.888967"><ele>115.0</ele></trkpt>
   <trkpt lon="2.771897" lat="41.889142"><ele>115.0</ele></trkpt>
   <trkpt lon="2.771814" lat="41.889314"><ele>116.0</ele></trkpt>
   <trkpt lon="2.771806" lat="41.889613"><ele>117.25</ele></trkpt>
   <trkpt lon="2.771857" lat="41.890100"><ele>118.25</ele></trkpt>
   <trkpt lon="2.771839" lat="41.890233"><ele>118.25</ele></trkpt>
   <trkpt lon="2.771772" lat="41.890215"><ele>118.5</ele></trkpt>
   <trkpt lon="2.771716" lat="41.890207"><ele>118.75</ele></trkpt>
   <trkpt lon="2.771654" lat="41.890205"><ele>119.0</ele></trkpt>
   <trkpt lon="2.771531" lat="41.890215"><ele>119.25</ele></trkpt>
   <trkpt lon="2.770632" lat="41.890303"><ele>120.0</ele></trkpt>
   <trkpt lon="2.770224" lat="41.890387"><ele>120.25</ele></trkpt>
   <trkpt lon="2.769782" lat="41.890526"><ele>121.5</ele></trkpt>
   <trkpt lon="2.769532" lat="41.890650"><ele>122.0</ele></trkpt>
   <trkpt lon="2.769471" lat="41.890722"><ele>122.5</ele></trkpt>
   <trkpt lon="2.769452" lat="41.890808"><ele>122.75</ele></trkpt>
   <trkpt lon="2.769484" lat="41.890900"><ele>122.75</ele></trkpt>
   <trkpt lon="2.769506" lat="41.890942"><ele>122.75</ele></trkpt>
   <trkpt lon="2.769768" lat="41.891345"><ele>123.75</ele></trkpt>
   <trkpt lon="2.770077" lat="41.891940"><ele>123.25</ele></trkpt>
   <trkpt lon="2.770364" lat="41.892461"><ele>122.5</ele></trkpt>
   <trkpt lon="2.770729" lat="41.893000"><ele>120.5</ele></trkpt>
   <trkpt lon="2.770823" lat="41.893122"><ele>118.25</ele></trkpt>
   <trkpt lon="2.770925" lat="41.893309"><ele>116.25</ele></trkpt>
   <trkpt lon="2.771026" lat="41.893447"><ele>117.5</ele></trkpt>
   <trkpt lon="2.771268" lat="41.893953"><ele>121.25</ele></trkpt>
   <trkpt lon="2.771571" lat="41.894430"><ele>121.5</ele></trkpt>
   <trkpt lon="2.772051" lat="41.894855"><ele>114.0</ele></trkpt>
   <trkpt lon="2.772114" lat="41.894933"><ele>112.25</ele></trkpt>
   <trkpt lon="2.772287" lat="41.895149"><ele>111.25</ele></trkpt>
   <trkpt lon="2.772877" lat="41.896125"><ele>112.5</ele></trkpt>
   <trkpt lon="2.772987" lat="41.896362"><ele>114.0</ele></trkpt>
   <trkpt lon="2.772783" lat="41.896512"><ele>114.0</ele></trkpt>
   <trkpt lon="2.772488" lat="41.896682"><ele>114.0</ele></trkpt>
   <trkpt lon="2.772314" lat="41.896772"><ele>114.0</ele></trkpt>
   <trkpt lon="2.772174" lat="41.896866"><ele>114.0</ele></trkpt>
   <trkpt lon="2.772134" lat="41.896965"><ele>114.0</ele></trkpt>
   <trkpt lon="2.772129" lat="41.897069"><ele>114.25</ele></trkpt>
   <trkpt lon="2.772198" lat="41.897143"><ele>114.5</ele></trkpt>
   <trkpt lon="2.771296" lat="41.897684"><ele>115.5</ele></trkpt>
   <trkpt lon="2.770810" lat="41.897976"><ele>116.0</ele></trkpt>
   <trkpt lon="2.770617" lat="41.898091"><ele>116.0</ele></trkpt>
   <trkpt lon="2.770664" lat="41.898145"><ele>116.25</ele></trkpt>
   <trkpt lon="2.770688" lat="41.898207"><ele>116.5</ele></trkpt>
   <trkpt lon="2.770689" lat="41.898270"><ele>116.75</ele></trkpt>
   <trkpt lon="2.770666" lat="41.898332"><ele>116.75</ele></trkpt>
   <trkpt lon="2.770633" lat="41.898374"><ele>117.0</ele></trkpt>
   <trkpt lon="2.770588" lat="41.898411"><ele>117.0</ele></trkpt>
   <trkpt lon="2.770534" lat="41.898439"><ele>117.0</ele></trkpt>
   <trkpt lon="2.770473" lat="41.898458"><ele>117.25</ele></trkpt>
   <trkpt lon="2.770403" lat="41.898467"><ele>117.5</ele></trkpt>
   <trkpt lon="2.770332" lat="41.898464"><ele>117.75</ele></trkpt>
   <trkpt lon="2.770263" lat="41.898448"><ele>117.75</ele></trkpt>
   <trkpt lon="2.770009" lat="41.898503"><ele>117.5</ele></trkpt>
   <trkpt lon="2.769620" lat="41.898688"><ele>117.5</ele></trkpt>
   <trkpt lon="2.769023" lat="41.899067"><ele>118.75</ele></trkpt>
   <trkpt lon="2.768831" lat="41.899246"><ele>119.0</ele></trkpt>
   <trkpt lon="2.768716" lat="41.899403"><ele>119.5</ele></trkpt>
   <trkpt lon="2.768735" lat="41.899449"><ele>119.5</ele></trkpt>
   <trkpt lon="2.768747" lat="41.899537"><ele>119.5</ele></trkpt>
   <trkpt lon="2.768733" lat="41.899606"><ele>119.75</ele></trkpt>
   <trkpt lon="2.768701" lat="41.899662"><ele>119.75</ele></trkpt>
   <trkpt lon="2.768608" lat="41.899720"><ele>120.0</ele></trkpt>
   <trkpt lon="2.768557" lat="41.899749"><ele>120.25</ele></trkpt>
   <trkpt lon="2.768476" lat="41.899870"><ele>121.0</ele></trkpt>
   <trkpt lon="2.768445" lat="41.899952"><ele>121.25</ele></trkpt>
   <trkpt lon="2.768447" lat="41.899992"><ele>121.5</ele></trkpt>
   <trkpt lon="2.768388" lat="41.899999"><ele>121.75</ele></trkpt>
   <trkpt lon="2.768329" lat="41.899999"><ele>121.75</ele></trkpt>
   <trkpt lon="2.768293" lat="41.900031"><ele>122.25</ele></trkpt>
   <trkpt lon="2.768326" lat="41.900128"><ele>124.25</ele></trkpt>
   <trkpt lon="2.768673" lat="41.900644"><ele>127.5</ele></trkpt>
   <trkpt lon="2.768814" lat="41.900879"><ele>129.0</ele></trkpt>
   <trkpt lon="2.769215" lat="41.901462"><ele>130.25</ele></trkpt>
   <trkpt lon="2.769760" lat="41.902230"><ele>132.75</ele></trkpt>
   <trkpt lon="2.769958" lat="41.902481"><ele>132.75</ele></trkpt>
   <trkpt lon="2.770068" lat="41.902709"><ele>133.0</ele></trkpt>
   <trkpt lon="2.770163" lat="41.903023"><ele>133.0</ele></trkpt>
   <trkpt lon="2.770266" lat="41.903441"><ele>133.75</ele></trkpt>
   <trkpt lon="2.770321" lat="41.903573"><ele>134.0</ele></trkpt>
   <trkpt lon="2.770439" lat="41.904096"><ele>133.5</ele></trkpt>
   <trkpt lon="2.770493" lat="41.904278"><ele>134.0</ele></trkpt>
   <trkpt lon="2.770533" lat="41.904548"><ele>133.75</ele></trkpt>
   <trkpt lon="2.770712" lat="41.905254"><ele>136.75</ele></trkpt>
   <trkpt lon="2.770863" lat="41.905933"><ele>140.75</ele></trkpt>
   <trkpt lon="2.770929" lat="41.906135"><ele>142.0</ele></trkpt>
   <trkpt lon="2.771002" lat="41.906519"><ele>142.5</ele></trkpt>
   <trkpt lon="2.771000" lat="41.906859"><ele>142.25</ele></trkpt>
   <trkpt lon="2.770993" lat="41.906911"><ele>142.25</ele></trkpt>
   <trkpt lon="2.770960" lat="41.907170"><ele>141.75</ele></trkpt>
   <trkpt lon="2.770802" lat="41.907616"><ele>140.5</ele></trkpt>
   <trkpt lon="2.770481" lat="41.908207"><ele>141.0</ele></trkpt>
   <trkpt lon="2.770483" lat="41.908309"><ele>141.75</ele></trkpt>
   <trkpt lon="2.770398" lat="41.908532"><ele>142.0</ele></trkpt>
   <trkpt lon="2.770208" lat="41.908844"><ele>142.5</ele></trkpt>
   <trkpt lon="2.770000" lat="41.909226"><ele>142.75</ele></trkpt>
   <trkpt lon="2.769468" lat="41.910142"><ele>142.75</ele></trkpt>
   <trkpt lon="2.769064" lat="41.910818"><ele>143.25</ele></trkpt>
   <trkpt lon="2.768614" lat="41.911636"><ele>140.0</ele></trkpt>
   <trkpt lon="2.768526" lat="41.911876"><ele>138.75</ele></trkpt>
   <trkpt lon="2.768477" lat="41.912104"><ele>137.25</ele></trkpt>
   <trkpt lon="2.768458" lat="41.912332"><ele>135.25</ele></trkpt>
   <trkpt lon="2.768479" lat="41.912532"><ele>133.75</ele></trkpt>
   <trkpt lon="2.768519" lat="41.912731"><ele>132.5</ele></trkpt>
   <trkpt lon="2.768840" lat="41.913794"><ele>126.5</ele></trkpt>
   <trkpt lon="2.768946" lat="41.914175"><ele>125.25</ele></trkpt>
   <trkpt lon="2.769099" lat="41.914634"><ele>124.5</ele></trkpt>
   <trkpt lon="2.769177" lat="41.914996"><ele>123.0</ele></trkpt>
   <trkpt lon="2.769387" lat="41.915524"><ele>122.0</ele></trkpt>
   <trkpt lon="2.769559" lat="41.915764"><ele>121.5</ele></trkpt>
   <trkpt lon="2.769693" lat="41.915924"><ele>120.75</ele></trkpt>
   <trkpt lon="2.770726" lat="41.916977"><ele>118.75</ele></trkpt>
   <trkpt lon="2.771101" lat="41.917371"><ele>120.5</ele></trkpt>
   <trkpt lon="2.771294" lat="41.917557"><ele>121.75</ele></trkpt>
   <trkpt lon="2.771448" lat="41.917722"><ele>122.75</ele></trkpt>
   <trkpt lon="2.771648" lat="41.917989"><ele>123.75</ele></trkpt>
   <trkpt lon="2.771757" lat="41.918240"><ele>125.5</ele></trkpt>
   <trkpt lon="2.771802" lat="41.918393"><ele>126.75</ele></trkpt>
   <trkpt lon="2.771884" lat="41.918377"><ele>126.75</ele></trkpt>
   <trkpt lon="2.771873" lat="41.918312"><ele>126.5</ele></trkpt>
   <trkpt lon="2.772486" lat="41.918245"><ele>127.5</ele></trkpt>
   <trkpt lon="2.772630" lat="41.918222"><ele>127.0</ele></trkpt>
   <trkpt lon="2.772770" lat="41.918208"><ele>126.5</ele></trkpt>
   <trkpt lon="2.772993" lat="41.918200"><ele>126.0</ele></trkpt>
   <trkpt lon="2.773308" lat="41.918200"><ele>125.0</ele></trkpt>
   <trkpt lon="2.773488" lat="41.918186"><ele>124.75</ele></trkpt>
   <trkpt lon="2.773585" lat="41.918172"><ele>124.75</ele></trkpt>
   <trkpt lon="2.773661" lat="41.918145"><ele>124.5</ele></trkpt>
   <trkpt lon="2.773739" lat="41.918099"><ele>124.0</ele></trkpt>
   <trkpt lon="2.773813" lat="41.918024"><ele>123.75</ele></trkpt>
   <trkpt lon="2.774033" lat="41.917662"><ele>122.0</ele></trkpt>
   <trkpt lon="2.774084" lat="41.917592"><ele>122.0</ele></trkpt>
   <trkpt lon="2.774211" lat="41.917680"><ele>123.0</ele></trkpt>
   <trkpt lon="2.774300" lat="41.917832"><ele>124.5</ele></trkpt>
   <trkpt lon="2.774763" lat="41.919102"><ele>129.5</ele></trkpt>
   <trkpt lon="2.775105" lat="41.919901"><ele>131.25</ele></trkpt>
   <trkpt lon="2.775455" lat="41.920693"><ele>135.5</ele></trkpt>
   <trkpt lon="2.776095" lat="41.921520"><ele>136.0</ele></trkpt>
   <trkpt lon="2.776173" lat="41.921488"><ele>134.5</ele></trkpt>
   <trkpt lon="2.776797" lat="41.921236"><ele>132.0</ele></trkpt>
   <trkpt lon="2.777155" lat="41.921074"><ele>133.25</ele></trkpt>
   <trkpt lon="2.777273" lat="41.921067"><ele>133.0</ele></trkpt>
   <trkpt lon="2.777346" lat="41.921081"><ele>133.0</ele></trkpt>
   <trkpt lon="2.777493" lat="41.921141"><ele>132.75</ele></trkpt>
   <trkpt lon="2.777829" lat="41.921507"><ele>130.5</ele></trkpt>
   <trkpt lon="2.778475" lat="41.922066"><ele>129.0</ele></trkpt>
   <trkpt lon="2.779101" lat="41.922529"><ele>128.25</ele></trkpt>
   <trkpt lon="2.779209" lat="41.922590"><ele>128.0</ele></trkpt>
   <trkpt lon="2.779703" lat="41.922769"><ele>127.75</ele></trkpt>
   <trkpt lon="2.779958" lat="41.922940"><ele>127.25</ele></trkpt>
   <trkpt lon="2.780687" lat="41.923396"><ele>128.25</ele></trkpt>
   <trkpt lon="2.781151" lat="41.923699"><ele>128.0</ele></trkpt>
   <trkpt lon="2.782889" lat="41.924741"><ele>123.25</ele></trkpt>
   <trkpt lon="2.783055" lat="41.924849"><ele>123.5</ele></trkpt>
   <trkpt lon="2.783129" lat="41.925021"><ele>123.0</ele></trkpt>
   <trkpt lon="2.783101" lat="41.925171"><ele>122.5</ele></trkpt>
   <trkpt lon="2.782825" lat="41.925502"><ele>121.0</ele></trkpt>
   <trkpt lon="2.782708" lat="41.925610"><ele>121.0</ele></trkpt>
   <trkpt lon="2.782598" lat="41.926329"><ele>121.0</ele></trkpt>
   <trkpt lon="2.782584" lat="41.926822"><ele>122.0</ele></trkpt>
   <trkpt lon="2.782659" lat="41.926998"><ele>122.0</ele></trkpt>
   <trkpt lon="2.782924" lat="41.927277"><ele>121.75</ele></trkpt>
   <trkpt lon="2.783561" lat="41.927907"><ele>120.25</ele></trkpt>
   <trkpt lon="2.784372" lat="41.928681"><ele>119.5</ele></trkpt>
   <trkpt lon="2.784995" lat="41.929228"><ele>119.0</ele></trkpt>
   <trkpt lon="2.785042" lat="41.929279"><ele>118.75</ele></trkpt>
   <trkpt lon="2.785088" lat="41.929366"><ele>118.75</ele></trkpt>
   <trkpt lon="2.785114" lat="41.929754"><ele>119.5</ele></trkpt>
   <trkpt lon="2.785132" lat="41.929823"><ele>119.5</ele></trkpt>
   <trkpt lon="2.785295" lat="41.930208"><ele>119.25</ele></trkpt>
   <trkpt lon="2.785547" lat="41.930655"><ele>119.5</ele></trkpt>
   <trkpt lon="2.785858" lat="41.931143"><ele>118.5</ele></trkpt>
   <trkpt lon="2.786166" lat="41.931664"><ele>118.0</ele></trkpt>
   <trkpt lon="2.786400" lat="41.932098"><ele>118.0</ele></trkpt>
   <trkpt lon="2.786930" lat="41.933146"><ele>117.0</ele></trkpt>
   <trkpt lon="2.787228" lat="41.933794"><ele>116.0</ele></trkpt>
   <trkpt lon="2.787260" lat="41.933883"><ele>115.0</ele></trkpt>
   <trkpt lon="2.787266" lat="41.933976"><ele>115.0</ele></trkpt>
   <trkpt lon="2.787197" lat="41.933983"><ele>115.0</ele></trkpt>
   <trkpt lon="2.786889" lat="41.933929"><ele>117.25</ele></trkpt>
   <trkpt lon="2.786583" lat="41.933885"><ele>116.0</ele></trkpt>
   <trkpt lon="2.786665" lat="41.934108"><ele>115.25</ele></trkpt>
   <trkpt lon="2.787307" lat="41.934224"><ele>115.0</ele></trkpt>
   <trkpt lon="2.787599" lat="41.934269"><ele>114.75</ele></trkpt>
   <trkpt lon="2.787689" lat="41.934296"><ele>114.5</ele></trkpt>
   <trkpt lon="2.787752" lat="41.934325"><ele>114.0</ele></trkpt>
   <trkpt lon="2.787793" lat="41.934353"><ele>113.75</ele></trkpt>
   <trkpt lon="2.787832" lat="41.934396"><ele>113.75</ele></trkpt>
   <trkpt lon="2.787860" lat="41.934440"><ele>113.75</ele></trkpt>
   <trkpt lon="2.787875" lat="41.934485"><ele>114.25</ele></trkpt>
   <trkpt lon="2.787908" lat="41.934772"><ele>115.5</ele></trkpt>
   <trkpt lon="2.787983" lat="41.935163"><ele>114.75</ele></trkpt>
   <trkpt lon="2.788169" lat="41.935711"><ele>113.75</ele></trkpt>
   <trkpt lon="2.788421" lat="41.936503"><ele>112.0</ele></trkpt>
   <trkpt lon="2.788648" lat="41.937371"><ele>111.25</ele></trkpt>
   <trkpt lon="2.788713" lat="41.937680"><ele>111.5</ele></trkpt>
   <trkpt lon="2.788834" lat="41.938483"><ele>112.0</ele></trkpt>
   <trkpt lon="2.788909" lat="41.939045"><ele>111.75</ele></trkpt>
   <trkpt lon="2.788927" lat="41.939098"><ele>111.75</ele></trkpt>
   <trkpt lon="2.788966" lat="41.939166"><ele>111.75</ele></trkpt>
   <trkpt lon="2.789016" lat="41.939234"><ele>111.75</ele></trkpt>
   <trkpt lon="2.789100" lat="41.939319"><ele>111.5</ele></trkpt>
   <trkpt lon="2.789335" lat="41.939606"><ele>111.25</ele></trkpt>
   <trkpt lon="2.789884" lat="41.940177"><ele>110.0</ele></trkpt>
   <trkpt lon="2.789961" lat="41.940292"><ele>109.75</ele></trkpt>
   <trkpt lon="2.789982" lat="41.940358"><ele>109.5</ele></trkpt>
   <trkpt lon="2.789986" lat="41.940421"><ele>109.5</ele></trkpt>
   <trkpt lon="2.789981" lat="41.940488"><ele>109.25</ele></trkpt>
   <trkpt lon="2.789946" lat="41.940627"><ele>109.0</ele></trkpt>
   <trkpt lon="2.790224" lat="41.941154"><ele>107.5</ele></trkpt>
   <trkpt lon="2.790803" lat="41.942315"><ele>107.0</ele></trkpt>
   <trkpt lon="2.791115" lat="41.942842"><ele>106.0</ele></trkpt>
   <trkpt lon="2.791765" lat="41.943888"><ele>104.5</ele></trkpt>
   <trkpt lon="2.792068" lat="41.944451"><ele>104.0</ele></trkpt>
   <trkpt lon="2.792143" lat="41.944736"><ele>103.5</ele></trkpt>
   <trkpt lon="2.792227" lat="41.945135"><ele>103.75</ele></trkpt>
   <trkpt lon="2.792306" lat="41.945451"><ele>103.25</ele></trkpt>
   <trkpt lon="2.792315" lat="41.945703"><ele>103.25</ele></trkpt>
   <trkpt lon="2.792309" lat="41.945856"><ele>103.25</ele></trkpt>
   <trkpt lon="2.792266" lat="41.946046"><ele>103.75</ele></trkpt>
   <trkpt lon="2.792083" lat="41.946539"><ele>104.5</ele></trkpt>
   <trkpt lon="2.792067" lat="41.946608"><ele>104.5</ele></trkpt>
   <trkpt lon="2.792077" lat="41.946692"><ele>104.5</ele></trkpt>
   <trkpt lon="2.792100" lat="41.946788"><ele>104.5</ele></trkpt>
   <trkpt lon="2.792297" lat="41.947221"><ele>104.0</ele></trkpt>
   <trkpt lon="2.792335" lat="41.947370"><ele>103.25</ele></trkpt>
   <trkpt lon="2.792273" lat="41.947543"><ele>103.75</ele></trkpt>
   <trkpt lon="2.792248" lat="41.947639"><ele>104.0</ele></trkpt>
   <trkpt lon="2.792306" lat="41.947652"><ele>103.0</ele></trkpt>
   <trkpt lon="2.792465" lat="41.947692"><ele>100.5</ele></trkpt>
   <trkpt lon="2.792644" lat="41.947708"><ele>101.75</ele></trkpt>
   <trkpt lon="2.792675" lat="41.947682"><ele>102.25</ele></trkpt>
   <trkpt lon="2.792737" lat="41.947656"><ele>103.0</ele></trkpt>
   <trkpt lon="2.792811" lat="41.947649"><ele>103.25</ele></trkpt>
   <trkpt lon="2.792882" lat="41.947664"><ele>103.25</ele></trkpt>
   <trkpt lon="2.792936" lat="41.947695"><ele>103.25</ele></trkpt>
   <trkpt lon="2.792970" lat="41.947739"><ele>103.25</ele></trkpt>
   <trkpt lon="2.793083" lat="41.947794"><ele>102.75</ele></trkpt>
   <trkpt lon="2.793166" lat="41.947876"><ele>102.5</ele></trkpt>
   <trkpt lon="2.793114" lat="41.947920"><ele>102.75</ele></trkpt>
   <trkpt lon="2.793074" lat="41.947955"><ele>102.75</ele></trkpt>
   <trkpt lon="2.793041" lat="41.947978"><ele>103.0</ele></trkpt>
   <trkpt lon="2.792919" lat="41.947976"><ele>103.0</ele></trkpt>
   <trkpt lon="2.792745" lat="41.947995"><ele>103.0</ele></trkpt>
   <trkpt lon="2.792717" lat="41.948013"><ele>103.0</ele></trkpt>
   <trkpt lon="2.793037" lat="41.949587"><ele>102.25</ele></trkpt>
   <trkpt lon="2.793131" lat="41.950126"><ele>102.0</ele></trkpt>
   <trkpt lon="2.793455" lat="41.950437"><ele>101.25</ele></trkpt>
   <trkpt lon="2.793624" lat="41.950607"><ele>101.0</ele></trkpt>
   <trkpt lon="2.794722" lat="41.951716"><ele>100.0</ele></trkpt>
   <trkpt lon="2.794745" lat="41.951762"><ele>100.0</ele></trkpt>
   <trkpt lon="2.794757" lat="41.951789"><ele>100.0</ele></trkpt>
   <trkpt lon="2.795206" lat="41.952232"><ele>99.75</ele></trkpt>
   <trkpt lon="2.795171" lat="41.952253"><ele>99.75</ele></trkpt>
   <trkpt lon="2.795104" lat="41.952313"><ele>99.75</ele></trkpt>
   <trkpt lon="2.795046" lat="41.952358"><ele>99.5</ele></trkpt>
   <trkpt lon="2.795059" lat="41.952425"><ele>99.25</ele></trkpt>
   <trkpt lon="2.795038" lat="41.952548"><ele>99.0</ele></trkpt>
   <trkpt lon="2.795075" lat="41.952695"><ele>99.0</ele></trkpt>
   <trkpt lon="2.795049" lat="41.952780"><ele>98.75</ele></trkpt>
   <trkpt lon="2.794966" lat="41.952843"><ele>99.0</ele></trkpt>
   <trkpt lon="2.794856" lat="41.952901"><ele>99.25</ele></trkpt>
   <trkpt lon="2.794518" lat="41.953057"><ele>99.5</ele></trkpt>
   <trkpt lon="2.794551" lat="41.953098"><ele>99.5</ele></trkpt>
   <trkpt lon="2.794780" lat="41.953367"><ele>98.75</ele></trkpt>
   <trkpt lon="2.795148" lat="41.953817"><ele>98.0</ele></trkpt>
   <trkpt lon="2.795554" lat="41.954330"><ele>97.25</ele></trkpt>
   <trkpt lon="2.795772" lat="41.954779"><ele>96.75</ele></trkpt>
   <trkpt lon="2.796012" lat="41.955250"><ele>96.0</ele></trkpt>
   <trkpt lon="2.796260" lat="41.955699"><ele>95.5</ele></trkpt>
   <trkpt lon="2.796344" lat="41.955846"><ele>95.0</ele></trkpt>
   <trkpt lon="2.796470" lat="41.956043"><ele>95.25</ele></trkpt>
   <trkpt lon="2.796580" lat="41.956233"><ele>95.25</ele></trkpt>
   <trkpt lon="2.796654" lat="41.956345"><ele>95.0</ele></trkpt>
   <trkpt lon="2.796884" lat="41.956749"><ele>94.5</ele></trkpt>
   <trkpt lon="2.797014" lat="41.956978"><ele>94.0</ele></trkpt>
   <trkpt lon="2.797363" lat="41.957653"><ele>94.0</ele></trkpt>
   <trkpt lon="2.798625" lat="41.957278"><ele>94.0</ele></trkpt>
   <trkpt lon="2.798756" lat="41.957688"><ele>94.25</ele></trkpt>
   <trkpt lon="2.798855" lat="41.957905"><ele>94.0</ele></trkpt>
   <trkpt lon="2.798997" lat="41.958217"><ele>93.25</ele></trkpt>
   <trkpt lon="2.799049" lat="41.958331"><ele>93.0</ele></trkpt>
   <trkpt lon="2.799087" lat="41.958413"><ele>93.0</ele></trkpt>
   <trkpt lon="2.799159" lat="41.958506"><ele>93.0</ele></trkpt>
   <trkpt lon="2.799206" lat="41.958556"><ele>93.0</ele></trkpt>
   <trkpt lon="2.800253" lat="41.958112"><ele>92.0</ele></trkpt>
   <trkpt lon="2.800283" lat="41.958134"><ele>92.0</ele></trkpt>
   <trkpt lon="2.800416" lat="41.958116"><ele>92.0</ele></trkpt>
   <trkpt lon="2.800555" lat="41.958133"><ele>92.0</ele></trkpt>
   <trkpt lon="2.800740" lat="41.958185"><ele>92.0</ele></trkpt>
   <trkpt lon="2.800839" lat="41.958241"><ele>92.0</ele></trkpt>
   <trkpt lon="2.800876" lat="41.958234"><ele>92.0</ele></trkpt>
   <trkpt lon="2.800902" lat="41.958228"><ele>92.0</ele></trkpt>
   <trkpt lon="2.801172" lat="41.958478"><ele>91.25</ele></trkpt>
   <trkpt lon="2.801812" lat="41.959109"><ele>91.0</ele></trkpt>
   <trkpt lon="2.801974" lat="41.959288"><ele>90.75</ele></trkpt>
   <trkpt lon="2.802151" lat="41.959517"><ele>90.25</ele></trkpt>
   <trkpt lon="2.802196" lat="41.959618"><ele>90.0</ele></trkpt>
   <trkpt lon="2.802200" lat="41.959740"><ele>90.25</ele></trkpt>
   <trkpt lon="2.802144" lat="41.959879"><ele>91.75</ele></trkpt>
   <trkpt lon="2.802161" lat="41.959895"><ele>92.0</ele></trkpt>
   <trkpt lon="2.802246" lat="41.959972"><ele>93.75</ele></trkpt>
   <trkpt lon="2.802454" lat="41.960135"><ele>93.25</ele></trkpt>
   <trkpt lon="2.802581" lat="41.960208"><ele>91.0</ele></trkpt>
   <trkpt lon="2.802763" lat="41.960299"><ele>89.75</ele></trkpt>
   <trkpt lon="2.802920" lat="41.960343"><ele>89.25</ele></trkpt>
   <trkpt lon="2.803078" lat="41.960398"><ele>89.0</ele></trkpt>
   <trkpt lon="2.803130" lat="41.960437"><ele>89.0</ele></trkpt>
   <trkpt lon="2.803138" lat="41.960482"><ele>89.0</ele></trkpt>
   <trkpt lon="2.803153" lat="41.960539"><ele>89.0</ele></trkpt>
   <trkpt lon="2.803389" lat="41.960764"><ele>89.0</ele></trkpt>
   <trkpt lon="2.803553" lat="41.960935"><ele>89.0</ele></trkpt>
   <trkpt lon="2.803966" lat="41.961341"><ele>87.75</ele></trkpt>
   <trkpt lon="2.804177" lat="41.961570"><ele>87.0</ele></trkpt>
   <trkpt lon="2.804769" lat="41.962143"><ele>86.0</ele></trkpt>
   <trkpt lon="2.804948" lat="41.962329"><ele>86.0</ele></trkpt>
   <trkpt lon="2.805590" lat="41.962966"><ele>84.75</ele></trkpt>
   <trkpt lon="2.805651" lat="41.963026"><ele>84.5</ele></trkpt>
   <trkpt lon="2.805667" lat="41.963053"><ele>84.5</ele></trkpt>
   <trkpt lon="2.805720" lat="41.963102"><ele>84.25</ele></trkpt>
   <trkpt lon="2.805845" lat="41.963227"><ele>84.0</ele></trkpt>
   <trkpt lon="2.806024" lat="41.963392"><ele>84.0</ele></trkpt>
   <trkpt lon="2.806225" lat="41.963592"><ele>84.0</ele></trkpt>
   <trkpt lon="2.806422" lat="41.963770"><ele>83.75</ele></trkpt>
   <trkpt lon="2.806607" lat="41.963969"><ele>83.0</ele></trkpt>
   <trkpt lon="2.806974" lat="41.964334"><ele>83.0</ele></trkpt>
   <trkpt lon="2.807164" lat="41.964536"><ele>83.0</ele></trkpt>
   <trkpt lon="2.807257" lat="41.964668"><ele>83.0</ele></trkpt>
   <trkpt lon="2.807348" lat="41.964783"><ele>83.0</ele></trkpt>
   <trkpt lon="2.807437" lat="41.964920"><ele>83.0</ele></trkpt>
   <trkpt lon="2.807542" lat="41.965147"><ele>83.0</ele></trkpt>
   <trkpt lon="2.807562" lat="41.965188"><ele>83.0</ele></trkpt>
   <trkpt lon="2.807491" lat="41.965246"><ele>83.0</ele></trkpt>
   <trkpt lon="2.807442" lat="41.965316"><ele>83.0</ele></trkpt>
   <trkpt lon="2.807417" lat="41.965393"><ele>83.0</ele></trkpt>
   <trkpt lon="2.807419" lat="41.965472"><ele>83.0</ele></trkpt>
   <trkpt lon="2.807447" lat="41.965548"><ele>83.0</ele></trkpt>
   <trkpt lon="2.807499" lat="41.965617"><ele>83.0</ele></trkpt>
   <trkpt lon="2.807513" lat="41.965630"><ele>83.0</ele></trkpt>
   <trkpt lon="2.807565" lat="41.965669"><ele>83.0</ele></trkpt>
   <trkpt lon="2.807626" lat="41.965701"><ele>83.0</ele></trkpt>
   <trkpt lon="2.807693" lat="41.965725"><ele>83.0</ele></trkpt>
   <trkpt lon="2.807765" lat="41.965739"><ele>83.0</ele></trkpt>
   <trkpt lon="2.807840" lat="41.965745"><ele>83.0</ele></trkpt>
   <trkpt lon="2.807914" lat="41.965740"><ele>83.0</ele></trkpt>
   <trkpt lon="2.807952" lat="41.965734"><ele>83.0</ele></trkpt>
   <trkpt lon="2.808028" lat="41.965712"><ele>83.0</ele></trkpt>
   <trkpt lon="2.808037" lat="41.965836"><ele>82.75</ele></trkpt>
   <trkpt lon="2.808041" lat="41.966261"><ele>82.0</ele></trkpt>
   <trkpt lon="2.807973" lat="41.966854"><ele>82.0</ele></trkpt>
   <trkpt lon="2.807911" lat="41.967259"><ele>81.75</ele></trkpt>
   <trkpt lon="2.807929" lat="41.967310"><ele>81.5</ele></trkpt>
   <trkpt lon="2.807970" lat="41.967355"><ele>81.5</ele></trkpt>
   <trkpt lon="2.807975" lat="41.967432"><ele>81.0</ele></trkpt>
   <trkpt lon="2.807980" lat="41.967503"><ele>81.0</ele></trkpt>
   <trkpt lon="2.807953" lat="41.967528"><ele>81.0</ele></trkpt>
   <trkpt lon="2.807933" lat="41.967564"><ele>81.0</ele></trkpt>
   <trkpt lon="2.807923" lat="41.967642"><ele>81.25</ele></trkpt>
   <trkpt lon="2.807921" lat="41.967669"><ele>81.25</ele></trkpt>
   <trkpt lon="2.807934" lat="41.967669"><ele>81.25</ele></trkpt>
   <trkpt lon="2.807972" lat="41.967968"><ele>81.25</ele></trkpt>
   <trkpt lon="2.808009" lat="41.968140"><ele>81.25</ele></trkpt>
   <trkpt lon="2.808042" lat="41.968255"><ele>81.5</ele></trkpt>
   <trkpt lon="2.808282" lat="41.968986"><ele>81.0</ele></trkpt>
   <trkpt lon="2.808513" lat="41.969702"><ele>80.0</ele></trkpt>
   <trkpt lon="2.808711" lat="41.970316"><ele>79.5</ele></trkpt>
   <trkpt lon="2.808760" lat="41.970492"><ele>79.0</ele></trkpt>
   <trkpt lon="2.808784" lat="41.970626"><ele>79.0</ele></trkpt>
   <trkpt lon="2.808804" lat="41.970778"><ele>79.0</ele></trkpt>
   <trkpt lon="2.808802" lat="41.970808"><ele>79.0</ele></trkpt>
   <trkpt lon="2.808800" lat="41.970838"><ele>79.0</ele></trkpt>
   <trkpt lon="2.808899" lat="41.970852"><ele>79.0</ele></trkpt>
   <trkpt lon="2.809004" lat="41.970900"><ele>79.0</ele></trkpt>
   <trkpt lon="2.809066" lat="41.970962"><ele>79.0</ele></trkpt>
   <trkpt lon="2.809104" lat="41.970999"><ele>79.0</ele></trkpt>
   <trkpt lon="2.809123" lat="41.971037"><ele>79.0</ele></trkpt>
   <trkpt lon="2.809140" lat="41.971101"><ele>79.0</ele></trkpt>
   <trkpt lon="2.809137" lat="41.971136"><ele>79.0</ele></trkpt>
   <trkpt lon="2.809134" lat="41.971186"><ele>79.0</ele></trkpt>
   <trkpt lon="2.809100" lat="41.971266"><ele>79.0</ele></trkpt>
   <trkpt lon="2.809069" lat="41.971302"><ele>79.0</ele></trkpt>
   <trkpt lon="2.809027" lat="41.971335"><ele>79.0</ele></trkpt>
   <trkpt lon="2.808952" lat="41.971382"><ele>79.0</ele></trkpt>
   <trkpt lon="2.808953" lat="41.971419"><ele>78.75</ele></trkpt>
   <trkpt lon="2.808965" lat="41.972939"><ele>78.0</ele></trkpt>
   <trkpt lon="2.808956" lat="41.973236"><ele>78.0</ele></trkpt>
   <trkpt lon="2.808977" lat="41.973425"><ele>78.0</ele></trkpt>
   <trkpt lon="2.808994" lat="41.973473"><ele>78.0</ele></trkpt>
   <trkpt lon="2.809031" lat="41.973542"><ele>78.0</ele></trkpt>
   <trkpt lon="2.809039" lat="41.973552"><ele>78.0</ele></trkpt>
   <trkpt lon="2.809526" lat="41.974509"><ele>76.75</ele></trkpt>
   <trkpt lon="2.809603" lat="41.974725"><ele>76.5</ele></trkpt>
   <trkpt lon="2.809616" lat="41.974779"><ele>76.25</ele></trkpt>
   <trkpt lon="2.809635" lat="41.974879"><ele>76.0</ele></trkpt>
   <trkpt lon="2.809647" lat="41.974892"><ele>76.0</ele></trkpt>
   <trkpt lon="2.809744" lat="41.974950"><ele>76.0</ele></trkpt>
   <trkpt lon="2.809751" lat="41.974969"><ele>76.0</ele></trkpt>
   <trkpt lon="2.809721" lat="41.975089"><ele>75.75</ele></trkpt>
   <trkpt lon="2.809720" lat="41.975220"><ele>75.75</ele></trkpt>
   <trkpt lon="2.809743" lat="41.975349"><ele>76.25</ele></trkpt>
   <trkpt lon="2.809814" lat="41.975490"><ele>76.75</ele></trkpt>
   <trkpt lon="2.809932" lat="41.975637"><ele>76.5</ele></trkpt>
   <trkpt lon="2.810017" lat="41.975706"><ele>76.25</ele></trkpt>
   <trkpt lon="2.810089" lat="41.975755"><ele>76.0</ele></trkpt>
   <trkpt lon="2.810277" lat="41.975837"><ele>76.0</ele></trkpt>
   <trkpt lon="2.810291" lat="41.975848"><ele>76.0</ele></trkpt>
   <trkpt lon="2.810287" lat="41.975863"><ele>76.0</ele></trkpt>
   <trkpt lon="2.809978" lat="41.976281"><ele>76.0</ele></trkpt>
   <trkpt lon="2.810004" lat="41.976318"><ele>76.0</ele></trkpt>
   <trkpt lon="2.810040" lat="41.976371"><ele>76.0</ele></trkpt>
   <trkpt lon="2.810056" lat="41.976394"><ele>76.0</ele></trkpt>
   <trkpt lon="2.810104" lat="41.976451"><ele>76.0</ele></trkpt>
   <trkpt lon="2.810136" lat="41.976470"><ele>76.0</ele></trkpt>
   <trkpt lon="2.810191" lat="41.976483"><ele>76.0</ele></trkpt>
   <trkpt lon="2.810254" lat="41.976487"><ele>76.0</ele></trkpt>
   <trkpt lon="2.810341" lat="41.976487"><ele>76.0</ele></trkpt>
   <trkpt lon="2.810769" lat="41.976492"><ele>76.0</ele></trkpt>
   <trkpt lon="2.811088" lat="41.976495"><ele>76.0</ele></trkpt>
   <trkpt lon="2.811835" lat="41.976503"><ele>75.0</ele></trkpt>
   <trkpt lon="2.812295" lat="41.976507"><ele>75.0</ele></trkpt>
   <trkpt lon="2.812907" lat="41.976514"><ele>74.75</ele></trkpt>
   <trkpt lon="2.813118" lat="41.976510"><ele>74.5</ele></trkpt>
   <trkpt lon="2.813343" lat="41.976488"><ele>74.5</ele></trkpt>
   <trkpt lon="2.813512" lat="41.976460"><ele>74.25</ele></trkpt>
   <trkpt lon="2.813626" lat="41.976438"><ele>74.0</ele></trkpt>
   <trkpt lon="2.813900" lat="41.976356"><ele>74.0</ele></trkpt>
   <trkpt lon="2.814041" lat="41.976297"><ele>74.0</ele></trkpt>
   <trkpt lon="2.814175" lat="41.976290"><ele>74.0</ele></trkpt>
   <trkpt lon="2.814386" lat="41.976177"><ele>74.0</ele></trkpt>
   <trkpt lon="2.814426" lat="41.976156"><ele>74.0</ele></trkpt>
   <trkpt lon="2.814461" lat="41.976193"><ele>74.0</ele></trkpt>
   <trkpt lon="2.814526" lat="41.976251"><ele>74.0</ele></trkpt>
   <trkpt lon="2.814604" lat="41.976340"><ele>74.0</ele></trkpt>
   <trkpt lon="2.814776" lat="41.977066"><ele>73.75</ele></trkpt>
   <trkpt lon="2.814790" lat="41.977120"><ele>73.75</ele></trkpt>
   <trkpt lon="2.814945" lat="41.977684"><ele>74.0</ele></trkpt>
   <trkpt lon="2.815067" lat="41.978119"><ele>74.0</ele></trkpt>
   <trkpt lon="2.815198" lat="41.978484"><ele>74.0</ele></trkpt>
   <trkpt lon="2.815374" lat="41.979263"><ele>74.0</ele></trkpt>
   <trkpt lon="2.815488" lat="41.979502"><ele>74.0</ele></trkpt>
   <trkpt lon="2.816032" lat="41.980711"><ele>73.25</ele></trkpt>
   <trkpt lon="2.816040" lat="41.980729"><ele>73.25</ele></trkpt>
   <trkpt lon="2.816063" lat="41.980781"><ele>73.0</ele></trkpt>
   <trkpt lon="2.816102" lat="41.980758"><ele>73.25</ele></trkpt>
   <trkpt lon="2.816258" lat="41.980685"><ele>73.5</ele></trkpt>
   <trkpt lon="2.816334" lat="41.980667"><ele>73.5</ele></trkpt>
   <trkpt lon="2.816499" lat="41.980679"><ele>73.5</ele></trkpt>
   <trkpt lon="2.816783" lat="41.980765"><ele>73.0</ele></trkpt>
   <trkpt lon="2.816945" lat="41.980810"><ele>73.0</ele></trkpt>
   <trkpt lon="2.817009" lat="41.980834"><ele>72.75</ele></trkpt>
   <trkpt lon="2.817115" lat="41.980895"><ele>73.0</ele></trkpt>
   <trkpt lon="2.817260" lat="41.980904"><ele>73.0</ele></trkpt>
   <trkpt lon="2.817271" lat="41.980905"><ele>73.0</ele></trkpt>
   <trkpt lon="2.817531" lat="41.980927"><ele>72.75</ele></trkpt>
   <trkpt lon="2.817578" lat="41.980918"><ele>72.5</ele></trkpt>
   <trkpt lon="2.818568" lat="41.980727"><ele>71.0</ele></trkpt>
   <trkpt lon="2.818615" lat="41.980710"><ele>71.0</ele></trkpt>
   <trkpt lon="2.818616" lat="41.980709"><ele>71.0</ele></trkpt>
   <trkpt lon="2.818690" lat="41.980691"><ele>71.0</ele></trkpt>
   <trkpt lon="2.818816" lat="41.980629"><ele>71.0</ele></trkpt>
   <trkpt lon="2.819296" lat="41.980395"><ele>71.0</ele></trkpt>
   <trkpt lon="2.819662" lat="41.980214"><ele>71.0</ele></trkpt>
   <trkpt lon="2.819727" lat="41.980177"><ele>71.0</ele></trkpt>
   <trkpt lon="2.819925" lat="41.980071"><ele>71.0</ele></trkpt>
   <trkpt lon="2.820029" lat="41.980015"><ele>71.0</ele></trkpt>
   <trkpt lon="2.820440" lat="41.979804"><ele>71.0</ele></trkpt>
   <trkpt lon="2.820930" lat="41.979553"><ele>70.75</ele></trkpt>
   <trkpt lon="2.821121" lat="41.979456"><ele>70.75</ele></trkpt>
   <trkpt lon="2.821213" lat="41.979408"><ele>71.0</ele></trkpt>
   <trkpt lon="2.821299" lat="41.979370"><ele>71.25</ele></trkpt>
   <trkpt lon="2.821350" lat="41.979344"><ele>72.0</ele></trkpt>
  </trkseg>
 </trk>
</gpx>
