<?xml version="1.0" encoding="UTF-8"?>
<!-- track-length = 73542 filtered ascend = 1415 plain-ascend = 0 cost=164864 energy=.0kwh time=9m 32s AUTO selected ISO_GREEDY (score 0.847) after 2 candidate(s) in 3737ms. Also tried WAYPOINT: score 0.689. short shared stem near start/end: 54m -->
<gpx
 xmlns="http://www.topografix.com/GPX/1/1"
 xmlns:xsi="http://www.w3.org/2001/XMLSchema-instance"
 xsi:schemaLocation="http://www.topografix.com/GPX/1/1 http://www.topografix.com/GPX/1/1/gpx.xsd"
 creator="BRouter-null" version="1.1">
 <trk>
  <name>unset</name>
  <trkseg>
   <trkpt lon="5.719995" lat="45.189985"><ele>211.0</ele></trkpt>
   <trkpt lon="5.719929" lat="45.189997"><ele>211.0</ele></trkpt>
   <trkpt lon="5.719943" lat="45.190040"><ele>211.0</ele></trkpt>
   <trkpt lon="5.719881" lat="45.190048"><ele>211.0</ele></trkpt>
   <trkpt lon="5.720108" lat="45.190710"><ele>211.0</ele></trkpt>
   <trkpt lon="5.720148" lat="45.190824"><ele>211.0</ele></trkpt>
   <trkpt lon="5.720221" lat="45.190919"><ele>211.0</ele></trkpt>
   <trkpt lon="5.720244" lat="45.190976"><ele>211.0</ele></trkpt>
   <trkpt lon="5.720260" lat="45.191017"><ele>211.0</ele></trkpt>
   <trkpt lon="5.720414" lat="45.191041"><ele>211.0</ele></trkpt>
   <trkpt lon="5.720542" lat="45.191082"><ele>211.0</ele></trkpt>
   <trkpt lon="5.721058" lat="45.191164"><ele>211.0</ele></trkpt>
   <trkpt lon="5.721103" lat="45.191171"><ele>211.0</ele></trkpt>
   <trkpt lon="5.721262" lat="45.191196"><ele>211.0</ele></trkpt>
   <trkpt lon="5.721380" lat="45.191220"><ele>211.25</ele></trkpt>
   <trkpt lon="5.721443" lat="45.191229"><ele>211.25</ele></trkpt>
   <trkpt lon="5.721692" lat="45.191268"><ele>211.5</ele></trkpt>
   <trkpt lon="5.721994" lat="45.191311"><ele>211.0</ele></trkpt>
   <trkpt lon="5.722068" lat="45.191321"><ele>211.0</ele></trkpt>
   <trkpt lon="5.722115" lat="45.191250"><ele>211.0</ele></trkpt>
   <trkpt lon="5.722636" lat="45.190479"><ele>211.5</ele></trkpt>
   <trkpt lon="5.722658" lat="45.190446"><ele>211.5</ele></trkpt>
   <trkpt lon="5.722690" lat="45.190399"><ele>211.75</ele></trkpt>
   <trkpt lon="5.723213" lat="45.189621"><ele>212.0</ele></trkpt>
   <trkpt lon="5.723245" lat="45.189573"><ele>212.0</ele></trkpt>
   <trkpt lon="5.723277" lat="45.189520"><ele>212.0</ele></trkpt>
   <trkpt lon="5.723554" lat="45.189117"><ele>211.75</ele></trkpt>
   <trkpt lon="5.723575" lat="45.189085"><ele>212.0</ele></trkpt>
   <trkpt lon="5.723585" lat="45.189074"><ele>212.0</ele></trkpt>
   <trkpt lon="5.723597" lat="45.189062"><ele>212.0</ele></trkpt>
   <trkpt lon="5.723647" lat="45.189017"><ele>212.0</ele></trkpt>
   <trkpt lon="5.723692" lat="45.188976"><ele>212.0</ele></trkpt>
   <trkpt lon="5.723993" lat="45.188684"><ele>212.0</ele></trkpt>
   <trkpt lon="5.724104" lat="45.188603"><ele>212.0</ele></trkpt>
   <trkpt lon="5.724409" lat="45.188326"><ele>212.0</ele></trkpt>
   <trkpt lon="5.724494" lat="45.188249"><ele>212.0</ele></trkpt>
   <trkpt lon="5.724548" lat="45.188208"><ele>212.0</ele></trkpt>
   <trkpt lon="5.724700" lat="45.188066"><ele>212.0</ele></trkpt>
   <trkpt lon="5.724810" lat="45.187963"><ele>212.0</ele></trkpt>
   <trkpt lon="5.724816" lat="45.187917"><ele>212.0</ele></trkpt>
   <trkpt lon="5.724822" lat="45.187860"><ele>212.0</ele></trkpt>
   <trkpt lon="5.724827" lat="45.187832"><ele>212.0</ele></trkpt>
   <trkpt lon="5.725059" lat="45.187850"><ele>212.0</ele></trkpt>
   <trkpt lon="5.725712" lat="45.187889"><ele>212.25</ele></trkpt>
   <trkpt lon="5.726346" lat="45.187917"><ele>212.75</ele></trkpt>
   <trkpt lon="5.726437" lat="45.187936"><ele>212.75</ele></trkpt>
   <trkpt lon="5.726479" lat="45.187949"><ele>212.5</ele></trkpt>
   <trkpt lon="5.726565" lat="45.188000"><ele>212.25</ele></trkpt>
   <trkpt lon="5.726660" lat="45.188036"><ele>212.0</ele></trkpt>
   <trkpt lon="5.726765" lat="45.188074"><ele>212.25</ele></trkpt>
   <trkpt lon="5.727107" lat="45.188198"><ele>212.0</ele></trkpt>
   <trkpt lon="5.727494" lat="45.188337"><ele>211.75</ele></trkpt>
   <trkpt lon="5.727555" lat="45.188357"><ele>211.75</ele></trkpt>
   <trkpt lon="5.727648" lat="45.188387"><ele>211.75</ele></trkpt>
   <trkpt lon="5.727750" lat="45.188421"><ele>211.5</ele></trkpt>
   <trkpt lon="5.728049" lat="45.188521"><ele>211.0</ele></trkpt>
   <trkpt lon="5.728602" lat="45.188709"><ele>211.0</ele></trkpt>
   <trkpt lon="5.728643" lat="45.188720"><ele>211.0</ele></trkpt>
   <trkpt lon="5.728692" lat="45.188740"><ele>211.0</ele></trkpt>
   <trkpt lon="5.729318" lat="45.188969"><ele>211.0</ele></trkpt>
   <trkpt lon="5.729383" lat="45.188992"><ele>211.0</ele></trkpt>
   <trkpt lon="5.729453" lat="45.189015"><ele>211.0</ele></trkpt>
   <trkpt lon="5.729755" lat="45.189116"><ele>211.0</ele></trkpt>
   <trkpt lon="5.730588" lat="45.189399"><ele>211.5</ele></trkpt>
   <trkpt lon="5.730609" lat="45.189373"><ele>211.5</ele></trkpt>
   <trkpt lon="5.730619" lat="45.189361"><ele>211.5</ele></trkpt>
   <trkpt lon="5.730862" lat="45.189055"><ele>211.0</ele></trkpt>
   <trkpt lon="5.730892" lat="45.189029"><ele>211.0</ele></trkpt>
   <trkpt lon="5.730945" lat="45.189015"><ele>211.0</ele></trkpt>
   <trkpt lon="5.731045" lat="45.188992"><ele>211.0</ele></trkpt>
   <trkpt lon="5.731112" lat="45.188965"><ele>211.0</ele></trkpt>
   <trkpt lon="5.731148" lat="45.188950"><ele>211.0</ele></trkpt>
   <trkpt lon="5.731189" lat="45.188933"><ele>211.0</ele></trkpt>
   <trkpt lon="5.731274" lat="45.188858"><ele>211.0</ele></trkpt>
   <trkpt lon="5.731338" lat="45.188785"><ele>211.25</ele></trkpt>
   <trkpt lon="5.731443" lat="45.188664"><ele>211.5</ele></trkpt>
   <trkpt lon="5.731474" lat="45.188630"><ele>211.5</ele></trkpt>
   <trkpt lon="5.731569" lat="45.188490"><ele>211.25</ele></trkpt>
   <trkpt lon="5.731672" lat="45.188330"><ele>211.0</ele></trkpt>
   <trkpt lon="5.731750" lat="45.188267"><ele>211.0</ele></trkpt>
   <trkpt lon="5.731823" lat="45.188249"><ele>211.0</ele></trkpt>
   <trkpt lon="5.731880" lat="45.188263"><ele>211.0</ele></trkpt>
   <trkpt lon="5.732492" lat="45.188469"><ele>211.5</ele></trkpt>
   <trkpt lon="5.732670" lat="45.188511"><ele>211.25</ele></trkpt>
   <trkpt lon="5.733012" lat="45.188621"><ele>211.75</ele></trkpt>
   <trkpt lon="5.733097" lat="45.188636"><ele>211.75</ele></trkpt>
   <trkpt lon="5.733167" lat="45.188636"><ele>211.5</ele></trkpt>
   <trkpt lon="5.733333" lat="45.188629"><ele>211.0</ele></trkpt>
   <trkpt lon="5.733387" lat="45.188631"><ele>211.0</ele></trkpt>
   <trkpt lon="5.733458" lat="45.188633"><ele>211.0</ele></trkpt>
   <trkpt lon="5.734396" lat="45.188696"><ele>211.0</ele></trkpt>
   <trkpt lon="5.734645" lat="45.188712"><ele>211.5</ele></trkpt>
   <trkpt lon="5.734823" lat="45.188723"><ele>212.0</ele></trkpt>
   <trkpt lon="5.735893" lat="45.188792"><ele>211.75</ele></trkpt>
   <trkpt lon="5.735997" lat="45.188799"><ele>211.5</ele></trkpt>
   <trkpt lon="5.736139" lat="45.188803"><ele>211.25</ele></trkpt>
   <trkpt lon="5.736281" lat="45.188781"><ele>211.75</ele></trkpt>
   <trkpt lon="5.736566" lat="45.188785"><ele>212.0</ele></trkpt>
   <trkpt lon="5.736728" lat="45.188793"><ele>212.0</ele></trkpt>
   <trkpt lon="5.736874" lat="45.188802"><ele>212.0</ele></trkpt>
   <trkpt lon="5.736999" lat="45.188843"><ele>212.0</ele></trkpt>
   <trkpt lon="5.737201" lat="45.188861"><ele>212.0</ele></trkpt>
   <trkpt lon="5.737241" lat="45.188864"><ele>212.0</ele></trkpt>
   <trkpt lon="5.737331" lat="45.188869"><ele>212.0</ele></trkpt>
   <trkpt lon="5.737407" lat="45.188877"><ele>212.0</ele></trkpt>
   <trkpt lon="5.737465" lat="45.188880"><ele>212.0</ele></trkpt>
   <trkpt lon="5.737671" lat="45.188891"><ele>212.0</ele></trkpt>
   <trkpt lon="5.738035" lat="45.188911"><ele>212.0</ele></trkpt>
   <trkpt lon="5.738230" lat="45.188921"><ele>212.25</ele></trkpt>
   <trkpt lon="5.738463" lat="45.188934"><ele>212.75</ele></trkpt>
   <trkpt lon="5.738797" lat="45.188952"><ele>212.5</ele></trkpt>
   <trkpt lon="5.738907" lat="45.188957"><ele>212.25</ele></trkpt>
   <trkpt lon="5.738961" lat="45.188961"><ele>212.5</ele></trkpt>
   <trkpt lon="5.739016" lat="45.188964"><ele>212.75</ele></trkpt>
   <trkpt lon="5.739419" lat="45.188986"><ele>212.0</ele></trkpt>
   <trkpt lon="5.739555" lat="45.188993"><ele>212.0</ele></trkpt>
   <trkpt lon="5.740234" lat="45.189016"><ele>212.0</ele></trkpt>
   <trkpt lon="5.740328" lat="45.189002"><ele>212.0</ele></trkpt>
   <trkpt lon="5.740477" lat="45.188944"><ele>212.5</ele></trkpt>
   <trkpt lon="5.740539" lat="45.188908"><ele>212.75</ele></trkpt>
   <trkpt lon="5.740849" lat="45.188671"><ele>212.75</ele></trkpt>
   <trkpt lon="5.741003" lat="45.188564"><ele>212.25</ele></trkpt>
   <trkpt lon="5.741192" lat="45.188452"><ele>212.75</ele></trkpt>
   <trkpt lon="5.741475" lat="45.188220"><ele>212.25</ele></trkpt>
   <trkpt lon="5.741833" lat="45.187807"><ele>213.25</ele></trkpt>
   <trkpt lon="5.741866" lat="45.187758"><ele>213.25</ele></trkpt>
   <trkpt lon="5.741976" lat="45.187597"><ele>213.0</ele></trkpt>
   <trkpt lon="5.742079" lat="45.187391"><ele>212.75</ele></trkpt>
   <trkpt lon="5.742100" lat="45.187351"><ele>212.5</ele></trkpt>
   <trkpt lon="5.742200" lat="45.187151"><ele>212.0</ele></trkpt>
   <trkpt lon="5.742258" lat="45.187116"><ele>212.0</ele></trkpt>
   <trkpt lon="5.742434" lat="45.187062"><ele>212.0</ele></trkpt>
   <trkpt lon="5.743341" lat="45.186801"><ele>212.0</ele></trkpt>
   <trkpt lon="5.743375" lat="45.186780"><ele>212.0</ele></trkpt>
   <trkpt lon="5.743492" lat="45.186707"><ele>212.0</ele></trkpt>
   <trkpt lon="5.743661" lat="45.186644"><ele>212.0</ele></trkpt>
   <trkpt lon="5.743698" lat="45.186636"><ele>212.25</ele></trkpt>
   <trkpt lon="5.743798" lat="45.186613"><ele>212.5</ele></trkpt>
   <trkpt lon="5.744012" lat="45.186580"><ele>212.5</ele></trkpt>
   <trkpt lon="5.744109" lat="45.186644"><ele>212.75</ele></trkpt>
   <trkpt lon="5.744244" lat="45.186736"><ele>213.0</ele></trkpt>
   <trkpt lon="5.744797" lat="45.187095"><ele>212.75</ele></trkpt>
   <trkpt lon="5.744931" lat="45.187182"><ele>212.75</ele></trkpt>
   <trkpt lon="5.745027" lat="45.187244"><ele>213.0</ele></trkpt>
   <trkpt lon="5.745183" lat="45.187345"><ele>213.0</ele></trkpt>
   <trkpt lon="5.745382" lat="45.187476"><ele>213.0</ele></trkpt>
   <trkpt lon="5.745616" lat="45.187618"><ele>213.25</ele></trkpt>
   <trkpt lon="5.746016" lat="45.187826"><ele>213.0</ele></trkpt>
   <trkpt lon="5.746054" lat="45.187846"><ele>213.0</ele></trkpt>
   <trkpt lon="5.746326" lat="45.188020"><ele>213.75</ele></trkpt>
   <trkpt lon="5.746370" lat="45.188022"><ele>213.75</ele></trkpt>
   <trkpt lon="5.746550" lat="45.188035"><ele>214.0</ele></trkpt>
   <trkpt lon="5.746757" lat="45.188027"><ele>214.0</ele></trkpt>
   <trkpt lon="5.746895" lat="45.188015"><ele>214.0</ele></trkpt>
   <trkpt lon="5.747759" lat="45.187940"><ele>213.0</ele></trkpt>
   <trkpt lon="5.747902" lat="45.187929"><ele>213.0</ele></trkpt>
   <trkpt lon="5.747951" lat="45.187924"><ele>213.0</ele></trkpt>
   <trkpt lon="5.749338" lat="45.187805"><ele>213.25</ele></trkpt>
   <trkpt lon="5.749829" lat="45.187762"><ele>212.75</ele></trkpt>
   <trkpt lon="5.750605" lat="45.187702"><ele>213.0</ele></trkpt>
   <trkpt lon="5.750942" lat="45.187676"><ele>213.0</ele></trkpt>
   <trkpt lon="5.751106" lat="45.187662"><ele>213.0</ele></trkpt>
   <trkpt lon="5.751422" lat="45.187634"><ele>213.0</ele></trkpt>
   <trkpt lon="5.751729" lat="45.187607"><ele>213.0</ele></trkpt>
   <trkpt lon="5.751825" lat="45.187596"><ele>213.0</ele></trkpt>
   <trkpt lon="5.752155" lat="45.187544"><ele>213.75</ele></trkpt>
   <trkpt lon="5.752364" lat="45.187515"><ele>214.0</ele></trkpt>
   <trkpt lon="5.753058" lat="45.187430"><ele>213.5</ele></trkpt>
   <trkpt lon="5.753138" lat="45.187422"><ele>213.5</ele></trkpt>
   <trkpt lon="5.753549" lat="45.187358"><ele>213.25</ele></trkpt>
   <trkpt lon="5.754012" lat="45.187280"><ele>213.0</ele></trkpt>
   <trkpt lon="5.754824" lat="45.187117"><ele>213.75</ele></trkpt>
   <trkpt lon="5.755484" lat="45.186958"><ele>214.0</ele></trkpt>
   <trkpt lon="5.755537" lat="45.186946"><ele>214.0</ele></trkpt>
   <trkpt lon="5.755680" lat="45.186911"><ele>213.75</ele></trkpt>
   <trkpt lon="5.755734" lat="45.186898"><ele>214.0</ele></trkpt>
   <trkpt lon="5.755776" lat="45.186888"><ele>214.0</ele></trkpt>
   <trkpt lon="5.756049" lat="45.186811"><ele>214.25</ele></trkpt>
   <trkpt lon="5.756224" lat="45.186768"><ele>214.25</ele></trkpt>
   <trkpt lon="5.756329" lat="45.186745"><ele>214.0</ele></trkpt>
   <trkpt lon="5.757400" lat="45.186510"><ele>213.5</ele></trkpt>
   <trkpt lon="5.757434" lat="45.186504"><ele>213.5</ele></trkpt>
   <trkpt lon="5.757804" lat="45.186431"><ele>212.75</ele></trkpt>
   <trkpt lon="5.758020" lat="45.186387"><ele>213.0</ele></trkpt>
   <trkpt lon="5.758624" lat="45.186247"><ele>213.25</ele></trkpt>
   <trkpt lon="5.758956" lat="45.186154"><ele>213.0</ele></trkpt>
   <trkpt lon="5.759844" lat="45.185964"><ele>213.25</ele></trkpt>
   <trkpt lon="5.759944" lat="45.185941"><ele>213.25</ele></trkpt>
   <trkpt lon="5.760238" lat="45.185883"><ele>213.0</ele></trkpt>
   <trkpt lon="5.760460" lat="45.185839"><ele>213.0</ele></trkpt>
   <trkpt lon="5.760514" lat="45.185827"><ele>212.75</ele></trkpt>
   <trkpt lon="5.760876" lat="45.185744"><ele>213.5</ele></trkpt>
   <trkpt lon="5.760953" lat="45.185727"><ele>213.5</ele></trkpt>
   <trkpt lon="5.760989" lat="45.185719"><ele>213.5</ele></trkpt>
   <trkpt lon="5.761182" lat="45.185676"><ele>213.25</ele></trkpt>
   <trkpt lon="5.761325" lat="45.185645"><ele>213.25</ele></trkpt>
   <trkpt lon="5.761469" lat="45.185613"><ele>213.0</ele></trkpt>
   <trkpt lon="5.761582" lat="45.185589"><ele>213.0</ele></trkpt>
   <trkpt lon="5.761746" lat="45.185558"><ele>213.25</ele></trkpt>
   <trkpt lon="5.761884" lat="45.185535"><ele>213.75</ele></trkpt>
   <trkpt lon="5.761998" lat="45.185524"><ele>214.0</ele></trkpt>
   <trkpt lon="5.762216" lat="45.185504"><ele>214.0</ele></trkpt>
   <trkpt lon="5.762545" lat="45.185475"><ele>214.0</ele></trkpt>
   <trkpt lon="5.763379" lat="45.185293"><ele>214.0</ele></trkpt>
   <trkpt lon="5.763722" lat="45.185219"><ele>214.0</ele></trkpt>
   <trkpt lon="5.763788" lat="45.185203"><ele>214.0</ele></trkpt>
   <trkpt lon="5.763880" lat="45.185185"><ele>214.0</ele></trkpt>
   <trkpt lon="5.764049" lat="45.185147"><ele>214.0</ele></trkpt>
   <trkpt lon="5.764861" lat="45.184976"><ele>213.75</ele></trkpt>
   <trkpt lon="5.765507" lat="45.184841"><ele>214.0</ele></trkpt>
   <trkpt lon="5.765973" lat="45.184740"><ele>214.0</ele></trkpt>
   <trkpt lon="5.766069" lat="45.184718"><ele>213.75</ele></trkpt>
   <trkpt lon="5.767365" lat="45.184427"><ele>213.75</ele></trkpt>
   <trkpt lon="5.767460" lat="45.184407"><ele>213.75</ele></trkpt>
   <trkpt lon="5.767698" lat="45.184356"><ele>213.5</ele></trkpt>
   <trkpt lon="5.768065" lat="45.184277"><ele>213.0</ele></trkpt>
   <trkpt lon="5.768095" lat="45.184270"><ele>213.0</ele></trkpt>
   <trkpt lon="5.768207" lat="45.184241"><ele>213.5</ele></trkpt>
   <trkpt lon="5.768342" lat="45.184218"><ele>214.0</ele></trkpt>
   <trkpt lon="5.768431" lat="45.184198"><ele>214.0</ele></trkpt>
   <trkpt lon="5.768480" lat="45.184188"><ele>213.75</ele></trkpt>
   <trkpt lon="5.768627" lat="45.184156"><ele>213.75</ele></trkpt>
   <trkpt lon="5.769233" lat="45.184027"><ele>213.25</ele></trkpt>
   <trkpt lon="5.770095" lat="45.183845"><ele>214.0</ele></trkpt>
   <trkpt lon="5.771717" lat="45.183485"><ele>214.5</ele></trkpt>
   <trkpt lon="5.772008" lat="45.183420"><ele>215.0</ele></trkpt>
   <trkpt lon="5.775013" lat="45.182754"><ele>219.5</ele></trkpt>
   <trkpt lon="5.776117" lat="45.182519"><ele>214.0</ele></trkpt>
   <trkpt lon="5.776749" lat="45.182386"><ele>218.25</ele></trkpt>
   <trkpt lon="5.776932" lat="45.182341"><ele>218.0</ele></trkpt>
   <trkpt lon="5.777125" lat="45.182289"><ele>219.0</ele></trkpt>
   <trkpt lon="5.777181" lat="45.182272"><ele>219.5</ele></trkpt>
   <trkpt lon="5.777245" lat="45.182254"><ele>220.0</ele></trkpt>
   <trkpt lon="5.777276" lat="45.182178"><ele>219.5</ele></trkpt>
   <trkpt lon="5.777317" lat="45.182139"><ele>219.5</ele></trkpt>
   <trkpt lon="5.777370" lat="45.182107"><ele>219.25</ele></trkpt>
   <trkpt lon="5.777434" lat="45.182087"><ele>219.25</ele></trkpt>
   <trkpt lon="5.777502" lat="45.182079"><ele>219.25</ele></trkpt>
   <trkpt lon="5.777561" lat="45.182082"><ele>219.25</ele></trkpt>
   <trkpt lon="5.777618" lat="45.182094"><ele>219.25</ele></trkpt>
   <trkpt lon="5.777674" lat="45.182118"><ele>219.0</ele></trkpt>
   <trkpt lon="5.777721" lat="45.182150"><ele>219.0</ele></trkpt>
   <trkpt lon="5.777848" lat="45.182142"><ele>219.0</ele></trkpt>
   <trkpt lon="5.778017" lat="45.182117"><ele>219.0</ele></trkpt>
   <trkpt lon="5.778937" lat="45.181902"><ele>217.0</ele></trkpt>
   <trkpt lon="5.779879" lat="45.181703"><ele>216.25</ele></trkpt>
   <trkpt lon="5.780263" lat="45.181623"><ele>215.5</ele></trkpt>
   <trkpt lon="5.780823" lat="45.181536"><ele>214.5</ele></trkpt>
   <trkpt lon="5.781295" lat="45.181475"><ele>214.25</ele></trkpt>
   <trkpt lon="5.781543" lat="45.181427"><ele>215.0</ele></trkpt>
   <trkpt lon="5.781988" lat="45.181390"><ele>216.75</ele></trkpt>
   <trkpt lon="5.782215" lat="45.181371"><ele>216.75</ele></trkpt>
   <trkpt lon="5.782769" lat="45.181328"><ele>217.25</ele></trkpt>
   <trkpt lon="5.783697" lat="45.181287"><ele>218.5</ele></trkpt>
   <trkpt lon="5.784146" lat="45.181277"><ele>218.5</ele></trkpt>
   <trkpt lon="5.784824" lat="45.181286"><ele>219.5</ele></trkpt>
   <trkpt lon="5.785307" lat="45.181306"><ele>220.75</ele></trkpt>
   <trkpt lon="5.785360" lat="45.181310"><ele>221.0</ele></trkpt>
   <trkpt lon="5.785906" lat="45.181345"><ele>221.0</ele></trkpt>
   <trkpt lon="5.785942" lat="45.181348"><ele>221.25</ele></trkpt>
   <trkpt lon="5.786060" lat="45.181364"><ele>221.5</ele></trkpt>
   <trkpt lon="5.786231" lat="45.181410"><ele>221.75</ele></trkpt>
   <trkpt lon="5.786456" lat="45.181403"><ele>222.0</ele></trkpt>
   <trkpt lon="5.786511" lat="45.181396"><ele>222.25</ele></trkpt>
   <trkpt lon="5.786569" lat="45.181386"><ele>222.5</ele></trkpt>
   <trkpt lon="5.786640" lat="45.181364"><ele>222.75</ele></trkpt>
   <trkpt lon="5.786698" lat="45.181340"><ele>223.0</ele></trkpt>
   <trkpt lon="5.786728" lat="45.181316"><ele>223.0</ele></trkpt>
   <trkpt lon="5.786786" lat="45.181296"><ele>223.25</ele></trkpt>
   <trkpt lon="5.786850" lat="45.181296"><ele>223.25</ele></trkpt>
   <trkpt lon="5.786892" lat="45.181308"><ele>223.5</ele></trkpt>
   <trkpt lon="5.786929" lat="45.181331"><ele>223.5</ele></trkpt>
   <trkpt lon="5.787062" lat="45.181365"><ele>223.75</ele></trkpt>
   <trkpt lon="5.787167" lat="45.181374"><ele>223.75</ele></trkpt>
   <trkpt lon="5.787286" lat="45.181376"><ele>223.75</ele></trkpt>
   <trkpt lon="5.787487" lat="45.181415"><ele>223.75</ele></trkpt>
   <trkpt lon="5.787529" lat="45.181423"><ele>223.75</ele></trkpt>
   <trkpt lon="5.787640" lat="45.181430"><ele>223.75</ele></trkpt>
   <trkpt lon="5.787758" lat="45.181437"><ele>223.75</ele></trkpt>
   <trkpt lon="5.787863" lat="45.181477"><ele>224.0</ele></trkpt>
   <trkpt lon="5.787893" lat="45.181478"><ele>223.75</ele></trkpt>
   <trkpt lon="5.787938" lat="45.181480"><ele>224.0</ele></trkpt>
   <trkpt lon="5.788086" lat="45.181490"><ele>224.0</ele></trkpt>
   <trkpt lon="5.788229" lat="45.181501"><ele>224.25</ele></trkpt>
   <trkpt lon="5.788263" lat="45.181504"><ele>224.25</ele></trkpt>
   <trkpt lon="5.788987" lat="45.181558"><ele>225.5</ele></trkpt>
   <trkpt lon="5.789138" lat="45.181569"><ele>225.75</ele></trkpt>
   <trkpt lon="5.789830" lat="45.181622"><ele>226.0</ele></trkpt>
   <trkpt lon="5.789910" lat="45.181628"><ele>226.0</ele></trkpt>
   <trkpt lon="5.790260" lat="45.181669"><ele>226.75</ele></trkpt>
   <trkpt lon="5.790504" lat="45.181698"><ele>226.75</ele></trkpt>
   <trkpt lon="5.790636" lat="45.181705"><ele>227.0</ele></trkpt>
   <trkpt lon="5.790780" lat="45.181700"><ele>227.0</ele></trkpt>
   <trkpt lon="5.790861" lat="45.181707"><ele>226.75</ele></trkpt>
   <trkpt lon="5.790979" lat="45.181718"><ele>226.75</ele></trkpt>
   <trkpt lon="5.791262" lat="45.181742"><ele>226.5</ele></trkpt>
   <trkpt lon="5.791642" lat="45.181771"><ele>226.75</ele></trkpt>
   <trkpt lon="5.791693" lat="45.181775"><ele>227.0</ele></trkpt>
   <trkpt lon="5.791755" lat="45.181790"><ele>227.0</ele></trkpt>
   <trkpt lon="5.792035" lat="45.181903"><ele>226.0</ele></trkpt>
   <trkpt lon="5.792153" lat="45.181951"><ele>225.75</ele></trkpt>
   <trkpt lon="5.792239" lat="45.181978"><ele>225.75</ele></trkpt>
   <trkpt lon="5.792288" lat="45.181994"><ele>225.75</ele></trkpt>
   <trkpt lon="5.792313" lat="45.182002"><ele>225.75</ele></trkpt>
   <trkpt lon="5.792423" lat="45.182030"><ele>225.5</ele></trkpt>
   <trkpt lon="5.792675" lat="45.182092"><ele>225.25</ele></trkpt>
   <trkpt lon="5.792847" lat="45.182128"><ele>224.75</ele></trkpt>
   <trkpt lon="5.792955" lat="45.182147"><ele>223.5</ele></trkpt>
   <trkpt lon="5.793201" lat="45.182190"><ele>223.25</ele></trkpt>
   <trkpt lon="5.793329" lat="45.182208"><ele>224.0</ele></trkpt>
   <trkpt lon="5.793907" lat="45.182266"><ele>222.75</ele></trkpt>
   <trkpt lon="5.794294" lat="45.182300"><ele>222.5</ele></trkpt>
   <trkpt lon="5.794483" lat="45.182322"><ele>222.5</ele></trkpt>
   <trkpt lon="5.794627" lat="45.182339"><ele>222.0</ele></trkpt>
   <trkpt lon="5.794917" lat="45.182372"><ele>221.5</ele></trkpt>
   <trkpt lon="5.795138" lat="45.182393"><ele>221.25</ele></trkpt>
   <trkpt lon="5.795458" lat="45.182409"><ele>221.25</ele></trkpt>
   <trkpt lon="5.795774" lat="45.182446"><ele>221.0</ele></trkpt>
   <trkpt lon="5.795900" lat="45.182461"><ele>221.0</ele></trkpt>
   <trkpt lon="5.796039" lat="45.182504"><ele>220.75</ele></trkpt>
   <trkpt lon="5.796103" lat="45.182523"><ele>220.75</ele></trkpt>
   <trkpt lon="5.796643" lat="45.182781"><ele>219.75</ele></trkpt>
   <trkpt lon="5.796780" lat="45.182853"><ele>219.5</ele></trkpt>
   <trkpt lon="5.797023" lat="45.183003"><ele>219.0</ele></trkpt>
   <trkpt lon="5.797226" lat="45.183137"><ele>218.5</ele></trkpt>
   <trkpt lon="5.797445" lat="45.183312"><ele>218.75</ele></trkpt>
   <trkpt lon="5.797478" lat="45.183335"><ele>218.75</ele></trkpt>
   <trkpt lon="5.797552" lat="45.183403"><ele>218.5</ele></trkpt>
   <trkpt lon="5.797680" lat="45.183468"><ele>218.0</ele></trkpt>
   <trkpt lon="5.797790" lat="45.183496"><ele>218.0</ele></trkpt>
   <trkpt lon="5.798135" lat="45.183643"><ele>218.0</ele></trkpt>
   <trkpt lon="5.798232" lat="45.183687"><ele>218.0</ele></trkpt>
   <trkpt lon="5.798412" lat="45.183770"><ele>218.0</ele></trkpt>
   <trkpt lon="5.798490" lat="45.183806"><ele>218.0</ele></trkpt>
   <trkpt lon="5.798569" lat="45.183841"><ele>218.0</ele></trkpt>
   <trkpt lon="5.798904" lat="45.183990"><ele>217.5</ele></trkpt>
   <trkpt lon="5.799064" lat="45.184089"><ele>217.0</ele></trkpt>
   <trkpt lon="5.799859" lat="45.184445"><ele>217.0</ele></trkpt>
   <trkpt lon="5.801405" lat="45.185133"><ele>217.0</ele></trkpt>
   <trkpt lon="5.801488" lat="45.185168"><ele>217.0</ele></trkpt>
   <trkpt lon="5.801803" lat="45.185308"><ele>217.0</ele></trkpt>
   <trkpt lon="5.801953" lat="45.185375"><ele>217.0</ele></trkpt>
   <trkpt lon="5.802386" lat="45.185577"><ele>216.25</ele></trkpt>
   <trkpt lon="5.802519" lat="45.185612"><ele>216.0</ele></trkpt>
   <trkpt lon="5.802780" lat="45.185699"><ele>216.5</ele></trkpt>
   <trkpt lon="5.802897" lat="45.185736"><ele>216.25</ele></trkpt>
   <trkpt lon="5.803158" lat="45.185820"><ele>216.0</ele></trkpt>
   <trkpt lon="5.803221" lat="45.185840"><ele>216.0</ele></trkpt>
   <trkpt lon="5.803317" lat="45.185874"><ele>216.0</ele></trkpt>
   <trkpt lon="5.803514" lat="45.185940"><ele>216.25</ele></trkpt>
   <trkpt lon="5.803753" lat="45.186023"><ele>216.25</ele></trkpt>
   <trkpt lon="5.803951" lat="45.186112"><ele>215.75</ele></trkpt>
   <trkpt lon="5.804910" lat="45.186433"><ele>216.5</ele></trkpt>
   <trkpt lon="5.805331" lat="45.186592"><ele>217.0</ele></trkpt>
   <trkpt lon="5.805387" lat="45.186613"><ele>217.0</ele></trkpt>
   <trkpt lon="5.805944" lat="45.186854"><ele>216.75</ele></trkpt>
   <trkpt lon="5.806024" lat="45.186904"><ele>216.75</ele></trkpt>
   <trkpt lon="5.806177" lat="45.186975"><ele>217.0</ele></trkpt>
   <trkpt lon="5.806274" lat="45.187005"><ele>217.0</ele></trkpt>
   <trkpt lon="5.806571" lat="45.187155"><ele>217.0</ele></trkpt>
   <trkpt lon="5.806867" lat="45.187271"><ele>217.0</ele></trkpt>
   <trkpt lon="5.806973" lat="45.187321"><ele>217.0</ele></trkpt>
   <trkpt lon="5.807407" lat="45.187585"><ele>216.5</ele></trkpt>
   <trkpt lon="5.807469" lat="45.187621"><ele>216.25</ele></trkpt>
   <trkpt lon="5.807663" lat="45.187742"><ele>216.25</ele></trkpt>
   <trkpt lon="5.807767" lat="45.187826"><ele>216.0</ele></trkpt>
   <trkpt lon="5.807961" lat="45.187973"><ele>216.5</ele></trkpt>
   <trkpt lon="5.808353" lat="45.188175"><ele>216.25</ele></trkpt>
   <trkpt lon="5.809892" lat="45.188865"><ele>217.5</ele></trkpt>
   <trkpt lon="5.810297" lat="45.189035"><ele>217.5</ele></trkpt>
   <trkpt lon="5.810392" lat="45.189075"><ele>217.75</ele></trkpt>
   <trkpt lon="5.811363" lat="45.189529"><ele>217.0</ele></trkpt>
   <trkpt lon="5.811433" lat="45.189561"><ele>217.0</ele></trkpt>
   <trkpt lon="5.811679" lat="45.189633"><ele>217.0</ele></trkpt>
   <trkpt lon="5.811838" lat="45.189708"><ele>217.0</ele></trkpt>
   <trkpt lon="5.811922" lat="45.189741"><ele>216.75</ele></trkpt>
   <trkpt lon="5.812026" lat="45.189790"><ele>216.75</ele></trkpt>
   <trkpt lon="5.813068" lat="45.190277"><ele>216.75</ele></trkpt>
   <trkpt lon="5.814520" lat="45.190917"><ele>216.5</ele></trkpt>
   <trkpt lon="5.815225" lat="45.191245"><ele>217.0</ele></trkpt>
   <trkpt lon="5.815454" lat="45.191366"><ele>218.0</ele></trkpt>
   <trkpt lon="5.815603" lat="45.191419"><ele>218.75</ele></trkpt>
   <trkpt lon="5.815711" lat="45.191469"><ele>218.75</ele></trkpt>
   <trkpt lon="5.816102" lat="45.191652"><ele>219.75</ele></trkpt>
   <trkpt lon="5.816142" lat="45.191669"><ele>220.0</ele></trkpt>
   <trkpt lon="5.816594" lat="45.191864"><ele>221.25</ele></trkpt>
   <trkpt lon="5.816798" lat="45.191951"><ele>222.25</ele></trkpt>
   <trkpt lon="5.816901" lat="45.191994"><ele>222.5</ele></trkpt>
   <trkpt lon="5.817103" lat="45.192079"><ele>223.0</ele></trkpt>
   <trkpt lon="5.817169" lat="45.192104"><ele>223.0</ele></trkpt>
   <trkpt lon="5.817728" lat="45.192326"><ele>223.75</ele></trkpt>
   <trkpt lon="5.817901" lat="45.192394"><ele>223.5</ele></trkpt>
   <trkpt lon="5.817954" lat="45.192422"><ele>223.5</ele></trkpt>
   <trkpt lon="5.818021" lat="45.192458"><ele>223.25</ele></trkpt>
   <trkpt lon="5.818093" lat="45.192484"><ele>222.75</ele></trkpt>
   <trkpt lon="5.819516" lat="45.192984"><ele>219.0</ele></trkpt>
   <trkpt lon="5.819767" lat="45.193070"><ele>218.75</ele></trkpt>
   <trkpt lon="5.819898" lat="45.193120"><ele>218.0</ele></trkpt>
   <trkpt lon="5.820039" lat="45.193174"><ele>217.5</ele></trkpt>
   <trkpt lon="5.820145" lat="45.193215"><ele>217.5</ele></trkpt>
   <trkpt lon="5.820223" lat="45.193242"><ele>217.75</ele></trkpt>
   <trkpt lon="5.820378" lat="45.193296"><ele>217.75</ele></trkpt>
   <trkpt lon="5.820636" lat="45.193380"><ele>217.5</ele></trkpt>
   <trkpt lon="5.821919" lat="45.193844"><ele>217.75</ele></trkpt>
   <trkpt lon="5.822595" lat="45.194091"><ele>217.0</ele></trkpt>
   <trkpt lon="5.822911" lat="45.194204"><ele>217.25</ele></trkpt>
   <trkpt lon="5.823534" lat="45.194432"><ele>217.5</ele></trkpt>
   <trkpt lon="5.824256" lat="45.194684"><ele>217.75</ele></trkpt>
   <trkpt lon="5.824409" lat="45.194723"><ele>217.75</ele></trkpt>
   <trkpt lon="5.824525" lat="45.194763"><ele>217.75</ele></trkpt>
   <trkpt lon="5.824741" lat="45.194836"><ele>217.75</ele></trkpt>
   <trkpt lon="5.824879" lat="45.194889"><ele>218.0</ele></trkpt>
   <trkpt lon="5.825100" lat="45.194985"><ele>218.5</ele></trkpt>
   <trkpt lon="5.826104" lat="45.195342"><ele>217.75</ele></trkpt>
   <trkpt lon="5.826914" lat="45.195628"><ele>217.25</ele></trkpt>
   <trkpt lon="5.828482" lat="45.196184"><ele>218.0</ele></trkpt>
   <trkpt lon="5.828738" lat="45.196247"><ele>218.5</ele></trkpt>
   <trkpt lon="5.828997" lat="45.196340"><ele>219.0</ele></trkpt>
   <trkpt lon="5.829090" lat="45.196373"><ele>219.0</ele></trkpt>
   <trkpt lon="5.829178" lat="45.196402"><ele>219.0</ele></trkpt>
   <trkpt lon="5.829277" lat="45.196464"><ele>219.0</ele></trkpt>
   <trkpt lon="5.829508" lat="45.196552"><ele>218.75</ele></trkpt>
   <trkpt lon="5.830003" lat="45.196735"><ele>220.0</ele></trkpt>
   <trkpt lon="5.830188" lat="45.196807"><ele>220.5</ele></trkpt>
   <trkpt lon="5.830373" lat="45.196864"><ele>221.0</ele></trkpt>
   <trkpt lon="5.830422" lat="45.196880"><ele>221.0</ele></trkpt>
   <trkpt lon="5.830511" lat="45.196908"><ele>221.0</ele></trkpt>
   <trkpt lon="5.830642" lat="45.196954"><ele>221.25</ele></trkpt>
   <trkpt lon="5.830886" lat="45.197041"><ele>222.0</ele></trkpt>
   <trkpt lon="5.831473" lat="45.197249"><ele>223.0</ele></trkpt>
   <trkpt lon="5.831762" lat="45.197352"><ele>223.0</ele></trkpt>
   <trkpt lon="5.833514" lat="45.197974"><ele>226.75</ele></trkpt>
   <trkpt lon="5.833614" lat="45.198003"><ele>227.0</ele></trkpt>
   <trkpt lon="5.833729" lat="45.198039"><ele>227.25</ele></trkpt>
   <trkpt lon="5.833850" lat="45.198085"><ele>227.75</ele></trkpt>
   <trkpt lon="5.833918" lat="45.198108"><ele>228.0</ele></trkpt>
   <trkpt lon="5.834145" lat="45.198192"><ele>228.25</ele></trkpt>
   <trkpt lon="5.834466" lat="45.198313"><ele>229.0</ele></trkpt>
   <trkpt lon="5.834771" lat="45.198424"><ele>230.5</ele></trkpt>
   <trkpt lon="5.835273" lat="45.198595"><ele>232.0</ele></trkpt>
   <trkpt lon="5.835378" lat="45.198630"><ele>232.0</ele></trkpt>
   <trkpt lon="5.835472" lat="45.198662"><ele>232.0</ele></trkpt>
   <trkpt lon="5.835649" lat="45.198737"><ele>232.5</ele></trkpt>
   <trkpt lon="5.835781" lat="45.198793"><ele>232.75</ele></trkpt>
   <trkpt lon="5.836162" lat="45.198967"><ele>233.5</ele></trkpt>
   <trkpt lon="5.836292" lat="45.199038"><ele>233.75</ele></trkpt>
   <trkpt lon="5.836465" lat="45.199140"><ele>234.75</ele></trkpt>
   <trkpt lon="5.836518" lat="45.199180"><ele>234.75</ele></trkpt>
   <trkpt lon="5.836571" lat="45.199221"><ele>234.75</ele></trkpt>
   <trkpt lon="5.837260" lat="45.199738"><ele>237.0</ele></trkpt>
   <trkpt lon="5.837766" lat="45.200163"><ele>238.75</ele></trkpt>
   <trkpt lon="5.837791" lat="45.200189"><ele>239.0</ele></trkpt>
   <trkpt lon="5.838049" lat="45.200466"><ele>239.0</ele></trkpt>
   <trkpt lon="5.838423" lat="45.200826"><ele>240.75</ele></trkpt>
   <trkpt lon="5.838552" lat="45.200923"><ele>241.25</ele></trkpt>
   <trkpt lon="5.838664" lat="45.201006"><ele>241.75</ele></trkpt>
   <trkpt lon="5.839272" lat="45.201153"><ele>243.5</ele></trkpt>
   <trkpt lon="5.839493" lat="45.201202"><ele>244.5</ele></trkpt>
   <trkpt lon="5.839743" lat="45.201271"><ele>246.25</ele></trkpt>
   <trkpt lon="5.839824" lat="45.201310"><ele>246.5</ele></trkpt>
   <trkpt lon="5.839884" lat="45.201360"><ele>246.5</ele></trkpt>
   <trkpt lon="5.839972" lat="45.201458"><ele>246.5</ele></trkpt>
   <trkpt lon="5.840002" lat="45.201375"><ele>247.0</ele></trkpt>
   <trkpt lon="5.840387" lat="45.201169"><ele>247.25</ele></trkpt>
   <trkpt lon="5.840698" lat="45.200990"><ele>249.25</ele></trkpt>
   <trkpt lon="5.840884" lat="45.200913"><ele>249.25</ele></trkpt>
   <trkpt lon="5.840959" lat="45.201007"><ele>248.75</ele></trkpt>
   <trkpt lon="5.841101" lat="45.200959"><ele>249.0</ele></trkpt>
   <trkpt lon="5.841355" lat="45.200860"><ele>249.75</ele></trkpt>
   <trkpt lon="5.841567" lat="45.200754"><ele>251.25</ele></trkpt>
   <trkpt lon="5.841689" lat="45.200682"><ele>251.5</ele></trkpt>
   <trkpt lon="5.841777" lat="45.200589"><ele>252.25</ele></trkpt>
   <trkpt lon="5.842082" lat="45.200197"><ele>254.0</ele></trkpt>
   <trkpt lon="5.842192" lat="45.200068"><ele>254.75</ele></trkpt>
   <trkpt lon="5.842294" lat="45.199967"><ele>255.5</ele></trkpt>
   <trkpt lon="5.842393" lat="45.199934"><ele>256.0</ele></trkpt>
   <trkpt lon="5.842491" lat="45.199937"><ele>256.5</ele></trkpt>
   <trkpt lon="5.842558" lat="45.199963"><ele>258.0</ele></trkpt>
   <trkpt lon="5.842592" lat="45.199994"><ele>259.25</ele></trkpt>
   <trkpt lon="5.842611" lat="45.200046"><ele>260.25</ele></trkpt>
   <trkpt lon="5.842596" lat="45.200130"><ele>260.75</ele></trkpt>
   <trkpt lon="5.842484" lat="45.200763"><ele>264.0</ele></trkpt>
   <trkpt lon="5.842444" lat="45.200927"><ele>266.25</ele></trkpt>
   <trkpt lon="5.842414" lat="45.200997"><ele>266.75</ele></trkpt>
   <trkpt lon="5.842246" lat="45.201243"><ele>267.5</ele></trkpt>
   <trkpt lon="5.842211" lat="45.201316"><ele>268.75</ele></trkpt>
   <trkpt lon="5.842196" lat="45.201378"><ele>270.5</ele></trkpt>
   <trkpt lon="5.842206" lat="45.201488"><ele>271.0</ele></trkpt>
   <trkpt lon="5.842273" lat="45.201589"><ele>272.5</ele></trkpt>
   <trkpt lon="5.842380" lat="45.201669"><ele>273.5</ele></trkpt>
   <trkpt lon="5.842479" lat="45.201709"><ele>273.5</ele></trkpt>
   <trkpt lon="5.842614" lat="45.201752"><ele>275.0</ele></trkpt>
   <trkpt lon="5.842772" lat="45.201789"><ele>277.25</ele></trkpt>
   <trkpt lon="5.842928" lat="45.201827"><ele>279.0</ele></trkpt>
   <trkpt lon="5.843089" lat="45.201876"><ele>280.5</ele></trkpt>
   <trkpt lon="5.843229" lat="45.201927"><ele>281.5</ele></trkpt>
   <trkpt lon="5.843481" lat="45.202048"><ele>283.75</ele></trkpt>
   <trkpt lon="5.843585" lat="45.202090"><ele>284.75</ele></trkpt>
   <trkpt lon="5.844128" lat="45.202272"><ele>288.0</ele></trkpt>
   <trkpt lon="5.844287" lat="45.202310"><ele>289.25</ele></trkpt>
   <trkpt lon="5.844480" lat="45.202331"><ele>291.5</ele></trkpt>
   <trkpt lon="5.844884" lat="45.202392"><ele>295.75</ele></trkpt>
   <trkpt lon="5.845044" lat="45.202429"><ele>298.0</ele></trkpt>
   <trkpt lon="5.845786" lat="45.202641"><ele>306.75</ele></trkpt>
   <trkpt lon="5.846160" lat="45.202715"><ele>313.75</ele></trkpt>
   <trkpt lon="5.846247" lat="45.202747"><ele>314.25</ele></trkpt>
   <trkpt lon="5.846605" lat="45.202921"><ele>312.75</ele></trkpt>
   <trkpt lon="5.846795" lat="45.202985"><ele>314.25</ele></trkpt>
   <trkpt lon="5.847167" lat="45.203080"><ele>318.75</ele></trkpt>
   <trkpt lon="5.847495" lat="45.203149"><ele>321.75</ele></trkpt>
   <trkpt lon="5.848004" lat="45.203227"><ele>327.5</ele></trkpt>
   <trkpt lon="5.848265" lat="45.203249"><ele>331.0</ele></trkpt>
   <trkpt lon="5.848377" lat="45.203259"><ele>332.5</ele></trkpt>
   <trkpt lon="5.848551" lat="45.203284"><ele>334.25</ele></trkpt>
   <trkpt lon="5.848682" lat="45.203315"><ele>334.5</ele></trkpt>
   <trkpt lon="5.848803" lat="45.203360"><ele>334.0</ele></trkpt>
   <trkpt lon="5.849099" lat="45.203491"><ele>331.75</ele></trkpt>
   <trkpt lon="5.849323" lat="45.203571"><ele>332.25</ele></trkpt>
   <trkpt lon="5.849522" lat="45.203634"><ele>333.75</ele></trkpt>
   <trkpt lon="5.849939" lat="45.203750"><ele>338.5</ele></trkpt>
   <trkpt lon="5.850261" lat="45.203860"><ele>341.0</ele></trkpt>
   <trkpt lon="5.850807" lat="45.204088"><ele>340.5</ele></trkpt>
   <trkpt lon="5.850921" lat="45.204122"><ele>340.5</ele></trkpt>
   <trkpt lon="5.851046" lat="45.204139"><ele>341.0</ele></trkpt>
   <trkpt lon="5.851098" lat="45.204123"><ele>342.5</ele></trkpt>
   <trkpt lon="5.851125" lat="45.204102"><ele>344.25</ele></trkpt>
   <trkpt lon="5.851223" lat="45.204136"><ele>343.25</ele></trkpt>
   <trkpt lon="5.851335" lat="45.204159"><ele>342.75</ele></trkpt>
   <trkpt lon="5.851405" lat="45.204167"><ele>343.25</ele></trkpt>
   <trkpt lon="5.851514" lat="45.204166"><ele>345.25</ele></trkpt>
   <trkpt lon="5.851844" lat="45.204142"><ele>352.75</ele></trkpt>
   <trkpt lon="5.852004" lat="45.204136"><ele>356.5</ele></trkpt>
   <trkpt lon="5.852108" lat="45.204138"><ele>359.0</ele></trkpt>
   <trkpt lon="5.852202" lat="45.204154"><ele>360.25</ele></trkpt>
   <trkpt lon="5.852278" lat="45.204175"><ele>361.0</ele></trkpt>
   <trkpt lon="5.852378" lat="45.204224"><ele>361.25</ele></trkpt>
   <trkpt lon="5.852445" lat="45.204287"><ele>360.25</ele></trkpt>
   <trkpt lon="5.852500" lat="45.204360"><ele>358.5</ele></trkpt>
   <trkpt lon="5.852549" lat="45.204466"><ele>355.25</ele></trkpt>
   <trkpt lon="5.852620" lat="45.204550"><ele>353.25</ele></trkpt>
   <trkpt lon="5.852848" lat="45.204709"><ele>350.75</ele></trkpt>
   <trkpt lon="5.852913" lat="45.204729"><ele>351.0</ele></trkpt>
   <trkpt lon="5.853008" lat="45.204746"><ele>352.0</ele></trkpt>
   <trkpt lon="5.853096" lat="45.204732"><ele>354.25</ele></trkpt>
   <trkpt lon="5.853256" lat="45.204662"><ele>360.75</ele></trkpt>
   <trkpt lon="5.853336" lat="45.204620"><ele>364.5</ele></trkpt>
   <trkpt lon="5.853426" lat="45.204585"><ele>368.5</ele></trkpt>
   <trkpt lon="5.853528" lat="45.204563"><ele>372.0</ele></trkpt>
   <trkpt lon="5.853620" lat="45.204570"><ele>373.75</ele></trkpt>
   <trkpt lon="5.853743" lat="45.204611"><ele>376.0</ele></trkpt>
   <trkpt lon="5.853874" lat="45.204669"><ele>377.75</ele></trkpt>
   <trkpt lon="5.854027" lat="45.204754"><ele>380.75</ele></trkpt>
   <trkpt lon="5.854081" lat="45.204795"><ele>381.75</ele></trkpt>
   <trkpt lon="5.854148" lat="45.204864"><ele>382.5</ele></trkpt>
   <trkpt lon="5.854389" lat="45.205201"><ele>381.5</ele></trkpt>
   <trkpt lon="5.854483" lat="45.205285"><ele>381.75</ele></trkpt>
   <trkpt lon="5.854622" lat="45.205364"><ele>382.75</ele></trkpt>
   <trkpt lon="5.854798" lat="45.205425"><ele>384.75</ele></trkpt>
   <trkpt lon="5.854978" lat="45.205481"><ele>386.25</ele></trkpt>
   <trkpt lon="5.855377" lat="45.205569"><ele>388.75</ele></trkpt>
   <trkpt lon="5.855708" lat="45.205624"><ele>390.0</ele></trkpt>
   <trkpt lon="5.855777" lat="45.205626"><ele>390.75</ele></trkpt>
   <trkpt lon="5.855842" lat="45.205616"><ele>392.0</ele></trkpt>
   <trkpt lon="5.855902" lat="45.205591"><ele>393.75</ele></trkpt>
   <trkpt lon="5.855964" lat="45.205574"><ele>395.25</ele></trkpt>
   <trkpt lon="5.856044" lat="45.205569"><ele>395.75</ele></trkpt>
   <trkpt lon="5.856308" lat="45.205601"><ele>394.0</ele></trkpt>
   <trkpt lon="5.856447" lat="45.205608"><ele>393.5</ele></trkpt>
   <trkpt lon="5.856538" lat="45.205591"><ele>394.25</ele></trkpt>
   <trkpt lon="5.856591" lat="45.205568"><ele>395.5</ele></trkpt>
   <trkpt lon="5.856647" lat="45.205517"><ele>398.25</ele></trkpt>
   <trkpt lon="5.856760" lat="45.205375"><ele>407.25</ele></trkpt>
   <trkpt lon="5.856823" lat="45.205311"><ele>411.25</ele></trkpt>
   <trkpt lon="5.856890" lat="45.205268"><ele>414.25</ele></trkpt>
   <trkpt lon="5.856962" lat="45.205234"><ele>416.25</ele></trkpt>
   <trkpt lon="5.857042" lat="45.205213"><ele>417.5</ele></trkpt>
   <trkpt lon="5.857174" lat="45.205191"><ele>418.75</ele></trkpt>
   <trkpt lon="5.857330" lat="45.205179"><ele>419.75</ele></trkpt>
   <trkpt lon="5.857440" lat="45.205178"><ele>420.0</ele></trkpt>
   <trkpt lon="5.857560" lat="45.205198"><ele>420.0</ele></trkpt>
   <trkpt lon="5.857898" lat="45.205315"><ele>422.0</ele></trkpt>
   <trkpt lon="5.857971" lat="45.205386"><ele>422.0</ele></trkpt>
   <trkpt lon="5.858029" lat="45.205492"><ele>420.75</ele></trkpt>
   <trkpt lon="5.858059" lat="45.205604"><ele>419.5</ele></trkpt>
   <trkpt lon="5.858074" lat="45.205754"><ele>418.5</ele></trkpt>
   <trkpt lon="5.858101" lat="45.205889"><ele>417.75</ele></trkpt>
   <trkpt lon="5.858160" lat="45.206116"><ele>416.75</ele></trkpt>
   <trkpt lon="5.858200" lat="45.206238"><ele>415.75</ele></trkpt>
   <trkpt lon="5.858327" lat="45.206371"><ele>417.0</ele></trkpt>
   <trkpt lon="5.858474" lat="45.206449"><ele>418.5</ele></trkpt>
   <trkpt lon="5.858610" lat="45.206497"><ele>420.25</ele></trkpt>
   <trkpt lon="5.858782" lat="45.206524"><ele>422.25</ele></trkpt>
   <trkpt lon="5.859262" lat="45.206553"><ele>427.75</ele></trkpt>
   <trkpt lon="5.859642" lat="45.206547"><ele>430.25</ele></trkpt>
   <trkpt lon="5.859937" lat="45.206530"><ele>432.75</ele></trkpt>
   <trkpt lon="5.860153" lat="45.206531"><ele>434.5</ele></trkpt>
   <trkpt lon="5.860290" lat="45.206537"><ele>435.75</ele></trkpt>
   <trkpt lon="5.860456" lat="45.206567"><ele>437.5</ele></trkpt>
   <trkpt lon="5.860612" lat="45.206643"><ele>437.5</ele></trkpt>
   <trkpt lon="5.861269" lat="45.207001"><ele>446.25</ele></trkpt>
   <trkpt lon="5.861698" lat="45.207221"><ele>453.25</ele></trkpt>
   <trkpt lon="5.862198" lat="45.207440"><ele>462.0</ele></trkpt>
   <trkpt lon="5.862844" lat="45.207666"><ele>467.25</ele></trkpt>
   <trkpt lon="5.862903" lat="45.207677"><ele>467.25</ele></trkpt>
   <trkpt lon="5.862959" lat="45.207677"><ele>468.0</ele></trkpt>
   <trkpt lon="5.863088" lat="45.207642"><ele>470.75</ele></trkpt>
   <trkpt lon="5.863220" lat="45.207599"><ele>473.0</ele></trkpt>
   <trkpt lon="5.863357" lat="45.207544"><ele>476.0</ele></trkpt>
   <trkpt lon="5.863532" lat="45.207446"><ele>480.25</ele></trkpt>
   <trkpt lon="5.863632" lat="45.207430"><ele>481.0</ele></trkpt>
   <trkpt lon="5.863735" lat="45.207459"><ele>481.0</ele></trkpt>
   <trkpt lon="5.863784" lat="45.207498"><ele>480.5</ele></trkpt>
   <trkpt lon="5.863822" lat="45.207577"><ele>480.0</ele></trkpt>
   <trkpt lon="5.863819" lat="45.207650"><ele>479.0</ele></trkpt>
   <trkpt lon="5.863794" lat="45.207736"><ele>477.0</ele></trkpt>
   <trkpt lon="5.863802" lat="45.207930"><ele>475.0</ele></trkpt>
   <trkpt lon="5.863932" lat="45.208136"><ele>477.0</ele></trkpt>
   <trkpt lon="5.864092" lat="45.208325"><ele>478.75</ele></trkpt>
   <trkpt lon="5.864868" lat="45.208739"><ele>492.5</ele></trkpt>
   <trkpt lon="5.865476" lat="45.209053"><ele>497.25</ele></trkpt>
   <trkpt lon="5.865712" lat="45.209130"><ele>500.25</ele></trkpt>
   <trkpt lon="5.865924" lat="45.209271"><ele>500.0</ele></trkpt>
   <trkpt lon="5.866016" lat="45.209348"><ele>499.25</ele></trkpt>
   <trkpt lon="5.866304" lat="45.209501"><ele>500.75</ele></trkpt>
   <trkpt lon="5.866366" lat="45.209537"><ele>501.0</ele></trkpt>
   <trkpt lon="5.866801" lat="45.209717"><ele>506.0</ele></trkpt>
   <trkpt lon="5.867345" lat="45.209963"><ele>510.0</ele></trkpt>
   <trkpt lon="5.867893" lat="45.210163"><ele>511.75</ele></trkpt>
   <trkpt lon="5.868012" lat="45.210195"><ele>511.75</ele></trkpt>
   <trkpt lon="5.868097" lat="45.210211"><ele>511.75</ele></trkpt>
   <trkpt lon="5.868175" lat="45.210217"><ele>512.0</ele></trkpt>
   <trkpt lon="5.868246" lat="45.210213"><ele>512.5</ele></trkpt>
   <trkpt lon="5.868314" lat="45.210197"><ele>513.5</ele></trkpt>
   <trkpt lon="5.868402" lat="45.210158"><ele>514.75</ele></trkpt>
   <trkpt lon="5.868665" lat="45.210011"><ele>518.5</ele></trkpt>
   <trkpt lon="5.868832" lat="45.209951"><ele>520.5</ele></trkpt>
   <trkpt lon="5.868991" lat="45.209920"><ele>521.75</ele></trkpt>
   <trkpt lon="5.869223" lat="45.209904"><ele>523.5</ele></trkpt>
   <trkpt lon="5.869349" lat="45.209903"><ele>524.5</ele></trkpt>
   <trkpt lon="5.869547" lat="45.209917"><ele>526.25</ele></trkpt>
   <trkpt lon="5.869634" lat="45.209934"><ele>527.0</ele></trkpt>
   <trkpt lon="5.870137" lat="45.210066"><ele>530.0</ele></trkpt>
   <trkpt lon="5.870369" lat="45.210122"><ele>531.75</ele></trkpt>
   <trkpt lon="5.870675" lat="45.210185"><ele>533.5</ele></trkpt>
   <trkpt lon="5.870800" lat="45.210203"><ele>534.25</ele></trkpt>
   <trkpt lon="5.871026" lat="45.210220"><ele>536.0</ele></trkpt>
   <trkpt lon="5.871227" lat="45.210219"><ele>537.5</ele></trkpt>
   <trkpt lon="5.871408" lat="45.210202"><ele>538.75</ele></trkpt>
   <trkpt lon="5.871531" lat="45.210179"><ele>539.75</ele></trkpt>
   <trkpt lon="5.872052" lat="45.210046"><ele>544.75</ele></trkpt>
   <trkpt lon="5.872573" lat="45.209926"><ele>548.0</ele></trkpt>
   <trkpt lon="5.872681" lat="45.209891"><ele>548.75</ele></trkpt>
   <trkpt lon="5.872833" lat="45.209815"><ele>550.5</ele></trkpt>
   <trkpt lon="5.873049" lat="45.209709"><ele>553.25</ele></trkpt>
   <trkpt lon="5.873204" lat="45.209608"><ele>554.75</ele></trkpt>
   <trkpt lon="5.873269" lat="45.209548"><ele>556.0</ele></trkpt>
   <trkpt lon="5.873299" lat="45.209487"><ele>557.75</ele></trkpt>
   <trkpt lon="5.873329" lat="45.209380"><ele>560.5</ele></trkpt>
   <trkpt lon="5.873363" lat="45.209057"><ele>567.5</ele></trkpt>
   <trkpt lon="5.873399" lat="45.208993"><ele>568.25</ele></trkpt>
   <trkpt lon="5.873467" lat="45.208946"><ele>568.5</ele></trkpt>
   <trkpt lon="5.873828" lat="45.208825"><ele>566.75</ele></trkpt>
   <trkpt lon="5.873833" lat="45.208824"><ele>566.5</ele></trkpt>
   <trkpt lon="5.874062" lat="45.208760"><ele>565.5</ele></trkpt>
   <trkpt lon="5.874171" lat="45.208713"><ele>565.5</ele></trkpt>
   <trkpt lon="5.874272" lat="45.208651"><ele>565.75</ele></trkpt>
   <trkpt lon="5.874400" lat="45.208552"><ele>566.25</ele></trkpt>
   <trkpt lon="5.874488" lat="45.208443"><ele>566.5</ele></trkpt>
   <trkpt lon="5.874541" lat="45.208322"><ele>567.25</ele></trkpt>
   <trkpt lon="5.874594" lat="45.208038"><ele>570.0</ele></trkpt>
   <trkpt lon="5.874599" lat="45.207844"><ele>573.5</ele></trkpt>
   <trkpt lon="5.874615" lat="45.207656"><ele>576.75</ele></trkpt>
   <trkpt lon="5.874651" lat="45.207595"><ele>577.5</ele></trkpt>
   <trkpt lon="5.874694" lat="45.207544"><ele>578.25</ele></trkpt>
   <trkpt lon="5.874795" lat="45.207508"><ele>578.75</ele></trkpt>
   <trkpt lon="5.874915" lat="45.207516"><ele>578.5</ele></trkpt>
   <trkpt lon="5.875010" lat="45.207534"><ele>578.0</ele></trkpt>
   <trkpt lon="5.875329" lat="45.207662"><ele>572.5</ele></trkpt>
   <trkpt lon="5.875450" lat="45.207699"><ele>570.5</ele></trkpt>
   <trkpt lon="5.875552" lat="45.207714"><ele>569.5</ele></trkpt>
   <trkpt lon="5.875664" lat="45.207697"><ele>568.25</ele></trkpt>
   <trkpt lon="5.875770" lat="45.207653"><ele>567.75</ele></trkpt>
   <trkpt lon="5.875870" lat="45.207600"><ele>568.0</ele></trkpt>
   <trkpt lon="5.876007" lat="45.207503"><ele>568.75</ele></trkpt>
   <trkpt lon="5.876125" lat="45.207402"><ele>570.5</ele></trkpt>
   <trkpt lon="5.876228" lat="45.207289"><ele>573.25</ele></trkpt>
   <trkpt lon="5.876478" lat="45.206932"><ele>581.75</ele></trkpt>
   <trkpt lon="5.876564" lat="45.206860"><ele>582.25</ele></trkpt>
   <trkpt lon="5.876662" lat="45.206797"><ele>581.75</ele></trkpt>
   <trkpt lon="5.876743" lat="45.206789"><ele>581.5</ele></trkpt>
   <trkpt lon="5.876834" lat="45.206812"><ele>580.75</ele></trkpt>
   <trkpt lon="5.876889" lat="45.206840"><ele>580.0</ele></trkpt>
   <trkpt lon="5.876928" lat="45.206907"><ele>578.5</ele></trkpt>
   <trkpt lon="5.876983" lat="45.207252"><ele>574.5</ele></trkpt>
   <trkpt lon="5.877041" lat="45.207386"><ele>574.0</ele></trkpt>
   <trkpt lon="5.877155" lat="45.207475"><ele>575.5</ele></trkpt>
   <trkpt lon="5.877321" lat="45.207535"><ele>578.5</ele></trkpt>
   <trkpt lon="5.877467" lat="45.207568"><ele>581.5</ele></trkpt>
   <trkpt lon="5.877536" lat="45.207600"><ele>583.0</ele></trkpt>
   <trkpt lon="5.877572" lat="45.207658"><ele>582.75</ele></trkpt>
   <trkpt lon="5.877601" lat="45.207816"><ele>581.0</ele></trkpt>
   <trkpt lon="5.877578" lat="45.207891"><ele>579.75</ele></trkpt>
   <trkpt lon="5.877573" lat="45.207963"><ele>579.25</ele></trkpt>
   <trkpt lon="5.877658" lat="45.208534"><ele>583.25</ele></trkpt>
   <trkpt lon="5.877690" lat="45.208626"><ele>584.25</ele></trkpt>
   <trkpt lon="5.877781" lat="45.208817"><ele>586.5</ele></trkpt>
   <trkpt lon="5.877834" lat="45.208937"><ele>588.0</ele></trkpt>
   <trkpt lon="5.877896" lat="45.209155"><ele>590.25</ele></trkpt>
   <trkpt lon="5.877903" lat="45.209232"><ele>590.25</ele></trkpt>
   <trkpt lon="5.877891" lat="45.209455"><ele>589.5</ele></trkpt>
   <trkpt lon="5.877848" lat="45.209571"><ele>589.25</ele></trkpt>
   <trkpt lon="5.877834" lat="45.209674"><ele>589.75</ele></trkpt>
   <trkpt lon="5.877880" lat="45.209731"><ele>591.25</ele></trkpt>
   <trkpt lon="5.877976" lat="45.209760"><ele>594.0</ele></trkpt>
   <trkpt lon="5.878077" lat="45.209760"><ele>596.25</ele></trkpt>
   <trkpt lon="5.878146" lat="45.209734"><ele>597.75</ele></trkpt>
   <trkpt lon="5.878184" lat="45.209701"><ele>598.5</ele></trkpt>
   <trkpt lon="5.878208" lat="45.209646"><ele>599.25</ele></trkpt>
   <trkpt lon="5.878179" lat="45.209456"><ele>598.5</ele></trkpt>
   <trkpt lon="5.878126" lat="45.209275"><ele>597.75</ele></trkpt>
   <trkpt lon="5.878117" lat="45.209203"><ele>597.75</ele></trkpt>
   <trkpt lon="5.878137" lat="45.209106"><ele>598.5</ele></trkpt>
   <trkpt lon="5.878337" lat="45.208625"><ele>606.0</ele></trkpt>
   <trkpt lon="5.878417" lat="45.208463"><ele>607.5</ele></trkpt>
   <trkpt lon="5.878476" lat="45.208383"><ele>608.75</ele></trkpt>
   <trkpt lon="5.878634" lat="45.208229"><ele>612.5</ele></trkpt>
   <trkpt lon="5.878690" lat="45.208146"><ele>613.75</ele></trkpt>
   <trkpt lon="5.878760" lat="45.207941"><ele>615.0</ele></trkpt>
   <trkpt lon="5.878783" lat="45.207686"><ele>615.0</ele></trkpt>
   <trkpt lon="5.878820" lat="45.207584"><ele>615.5</ele></trkpt>
   <trkpt lon="5.878862" lat="45.207518"><ele>616.25</ele></trkpt>
   <trkpt lon="5.878923" lat="45.207465"><ele>618.0</ele></trkpt>
   <trkpt lon="5.879169" lat="45.207327"><ele>624.5</ele></trkpt>
   <trkpt lon="5.879245" lat="45.207272"><ele>626.75</ele></trkpt>
   <trkpt lon="5.879292" lat="45.207225"><ele>628.0</ele></trkpt>
   <trkpt lon="5.879321" lat="45.207173"><ele>629.75</ele></trkpt>
   <trkpt lon="5.879335" lat="45.207137"><ele>631.0</ele></trkpt>
   <trkpt lon="5.879333" lat="45.207084"><ele>632.0</ele></trkpt>
   <trkpt lon="5.879313" lat="45.207047"><ele>632.25</ele></trkpt>
   <trkpt lon="5.879268" lat="45.207014"><ele>632.25</ele></trkpt>
   <trkpt lon="5.878892" lat="45.206833"><ele>630.25</ele></trkpt>
   <trkpt lon="5.878805" lat="45.206772"><ele>630.0</ele></trkpt>
   <trkpt lon="5.878721" lat="45.206684"><ele>631.25</ele></trkpt>
   <trkpt lon="5.878476" lat="45.206382"><ele>631.5</ele></trkpt>
   <trkpt lon="5.878446" lat="45.206304"><ele>631.75</ele></trkpt>
   <trkpt lon="5.878439" lat="45.206233"><ele>632.75</ele></trkpt>
   <trkpt lon="5.878467" lat="45.206179"><ele>634.25</ele></trkpt>
   <trkpt lon="5.878513" lat="45.206148"><ele>636.0</ele></trkpt>
   <trkpt lon="5.878582" lat="45.206124"><ele>638.0</ele></trkpt>
   <trkpt lon="5.878622" lat="45.206123"><ele>639.0</ele></trkpt>
   <trkpt lon="5.878665" lat="45.206128"><ele>639.5</ele></trkpt>
   <trkpt lon="5.878718" lat="45.206151"><ele>640.0</ele></trkpt>
   <trkpt lon="5.878912" lat="45.206304"><ele>641.25</ele></trkpt>
   <trkpt lon="5.879394" lat="45.206644"><ele>643.5</ele></trkpt>
   <trkpt lon="5.879513" lat="45.206711"><ele>644.25</ele></trkpt>
   <trkpt lon="5.879600" lat="45.206747"><ele>645.25</ele></trkpt>
   <trkpt lon="5.879835" lat="45.206819"><ele>649.0</ele></trkpt>
   <trkpt lon="5.879941" lat="45.206831"><ele>651.25</ele></trkpt>
   <trkpt lon="5.880023" lat="45.206828"><ele>653.5</ele></trkpt>
   <trkpt lon="5.880118" lat="45.206928"><ele>654.0</ele></trkpt>
   <trkpt lon="5.880135" lat="45.206963"><ele>654.25</ele></trkpt>
   <trkpt lon="5.880144" lat="45.207006"><ele>654.5</ele></trkpt>
   <trkpt lon="5.880122" lat="45.207411"><ele>655.0</ele></trkpt>
   <trkpt lon="5.880126" lat="45.207504"><ele>656.0</ele></trkpt>
   <trkpt lon="5.880147" lat="45.207614"><ele>657.25</ele></trkpt>
   <trkpt lon="5.880183" lat="45.207698"><ele>658.75</ele></trkpt>
   <trkpt lon="5.880250" lat="45.207794"><ele>661.0</ele></trkpt>
   <trkpt lon="5.880356" lat="45.207984"><ele>664.25</ele></trkpt>
   <trkpt lon="5.880379" lat="45.208119"><ele>666.25</ele></trkpt>
   <trkpt lon="5.880375" lat="45.208207"><ele>667.5</ele></trkpt>
   <trkpt lon="5.880334" lat="45.208343"><ele>668.0</ele></trkpt>
   <trkpt lon="5.880233" lat="45.208597"><ele>669.75</ele></trkpt>
   <trkpt lon="5.880167" lat="45.208901"><ele>671.0</ele></trkpt>
   <trkpt lon="5.880185" lat="45.209014"><ele>671.75</ele></trkpt>
   <trkpt lon="5.880252" lat="45.209146"><ele>674.75</ele></trkpt>
   <trkpt lon="5.880353" lat="45.209255"><ele>677.25</ele></trkpt>
   <trkpt lon="5.880722" lat="45.209560"><ele>684.25</ele></trkpt>
   <trkpt lon="5.880894" lat="45.209753"><ele>687.25</ele></trkpt>
   <trkpt lon="5.880923" lat="45.209802"><ele>687.5</ele></trkpt>
   <trkpt lon="5.880970" lat="45.209881"><ele>688.0</ele></trkpt>
   <trkpt lon="5.881037" lat="45.209992"><ele>688.75</ele></trkpt>
   <trkpt lon="5.881109" lat="45.210140"><ele>690.25</ele></trkpt>
   <trkpt lon="5.881145" lat="45.210254"><ele>691.0</ele></trkpt>
   <trkpt lon="5.881170" lat="45.210351"><ele>691.25</ele></trkpt>
   <trkpt lon="5.881188" lat="45.210475"><ele>691.5</ele></trkpt>
   <trkpt lon="5.881214" lat="45.210739"><ele>691.75</ele></trkpt>
   <trkpt lon="5.881269" lat="45.210925"><ele>693.5</ele></trkpt>
   <trkpt lon="5.881356" lat="45.211100"><ele>696.0</ele></trkpt>
   <trkpt lon="5.881395" lat="45.211211"><ele>697.0</ele></trkpt>
   <trkpt lon="5.881581" lat="45.211661"><ele>702.75</ele></trkpt>
   <trkpt lon="5.881682" lat="45.211931"><ele>706.25</ele></trkpt>
   <trkpt lon="5.881728" lat="45.212036"><ele>708.0</ele></trkpt>
   <trkpt lon="5.881779" lat="45.212177"><ele>710.0</ele></trkpt>
   <trkpt lon="5.881766" lat="45.212448"><ele>710.75</ele></trkpt>
   <trkpt lon="5.881739" lat="45.212645"><ele>711.5</ele></trkpt>
   <trkpt lon="5.881746" lat="45.212720"><ele>712.25</ele></trkpt>
   <trkpt lon="5.881765" lat="45.212743"><ele>712.75</ele></trkpt>
   <trkpt lon="5.881784" lat="45.212767"><ele>713.25</ele></trkpt>
   <trkpt lon="5.881974" lat="45.212858"><ele>718.5</ele></trkpt>
   <trkpt lon="5.882005" lat="45.212881"><ele>719.5</ele></trkpt>
   <trkpt lon="5.882022" lat="45.212946"><ele>720.5</ele></trkpt>
   <trkpt lon="5.882004" lat="45.213048"><ele>721.0</ele></trkpt>
   <trkpt lon="5.881963" lat="45.213250"><ele>722.5</ele></trkpt>
   <trkpt lon="5.881955" lat="45.213305"><ele>722.75</ele></trkpt>
   <trkpt lon="5.881958" lat="45.213348"><ele>723.5</ele></trkpt>
   <trkpt lon="5.881978" lat="45.213386"><ele>724.75</ele></trkpt>
   <trkpt lon="5.882015" lat="45.213411"><ele>726.0</ele></trkpt>
   <trkpt lon="5.882065" lat="45.213425"><ele>727.25</ele></trkpt>
   <trkpt lon="5.882113" lat="45.213429"><ele>728.25</ele></trkpt>
   <trkpt lon="5.882169" lat="45.213424"><ele>729.5</ele></trkpt>
   <trkpt lon="5.882204" lat="45.213407"><ele>729.75</ele></trkpt>
   <trkpt lon="5.882234" lat="45.213375"><ele>730.0</ele></trkpt>
   <trkpt lon="5.882255" lat="45.213330"><ele>729.75</ele></trkpt>
   <trkpt lon="5.882312" lat="45.213146"><ele>729.0</ele></trkpt>
   <trkpt lon="5.882365" lat="45.212925"><ele>728.0</ele></trkpt>
   <trkpt lon="5.882400" lat="45.212816"><ele>728.0</ele></trkpt>
   <trkpt lon="5.882483" lat="45.212642"><ele>728.5</ele></trkpt>
   <trkpt lon="5.882498" lat="45.212614"><ele>728.75</ele></trkpt>
   <trkpt lon="5.882626" lat="45.212381"><ele>730.5</ele></trkpt>
   <trkpt lon="5.882879" lat="45.212024"><ele>736.5</ele></trkpt>
   <trkpt lon="5.883021" lat="45.211804"><ele>740.0</ele></trkpt>
   <trkpt lon="5.883061" lat="45.211700"><ele>741.0</ele></trkpt>
   <trkpt lon="5.883122" lat="45.211357"><ele>743.75</ele></trkpt>
   <trkpt lon="5.883141" lat="45.211207"><ele>745.25</ele></trkpt>
   <trkpt lon="5.883136" lat="45.210951"><ele>747.0</ele></trkpt>
   <trkpt lon="5.883110" lat="45.210877"><ele>747.0</ele></trkpt>
   <trkpt lon="5.883069" lat="45.210810"><ele>746.5</ele></trkpt>
   <trkpt lon="5.882947" lat="45.210668"><ele>744.5</ele></trkpt>
   <trkpt lon="5.882940" lat="45.210627"><ele>744.75</ele></trkpt>
   <trkpt lon="5.882961" lat="45.210560"><ele>746.0</ele></trkpt>
   <trkpt lon="5.882988" lat="45.210544"><ele>747.0</ele></trkpt>
   <trkpt lon="5.883120" lat="45.210687"><ele>749.25</ele></trkpt>
   <trkpt lon="5.883234" lat="45.210835"><ele>750.25</ele></trkpt>
   <trkpt lon="5.883306" lat="45.210965"><ele>751.25</ele></trkpt>
   <trkpt lon="5.883349" lat="45.211066"><ele>751.5</ele></trkpt>
   <trkpt lon="5.883570" lat="45.211908"><ele>753.0</ele></trkpt>
   <trkpt lon="5.883584" lat="45.212135"><ele>753.25</ele></trkpt>
   <trkpt lon="5.883580" lat="45.212606"><ele>753.25</ele></trkpt>
   <trkpt lon="5.883570" lat="45.212761"><ele>753.0</ele></trkpt>
   <trkpt lon="5.883546" lat="45.212892"><ele>753.0</ele></trkpt>
   <trkpt lon="5.883506" lat="45.213037"><ele>753.0</ele></trkpt>
   <trkpt lon="5.883456" lat="45.213169"><ele>754.0</ele></trkpt>
   <trkpt lon="5.883383" lat="45.213326"><ele>754.75</ele></trkpt>
   <trkpt lon="5.883266" lat="45.213492"><ele>754.5</ele></trkpt>
   <trkpt lon="5.883183" lat="45.213627"><ele>754.25</ele></trkpt>
   <trkpt lon="5.883130" lat="45.213742"><ele>754.0</ele></trkpt>
   <trkpt lon="5.883120" lat="45.213832"><ele>754.75</ele></trkpt>
   <trkpt lon="5.883136" lat="45.213916"><ele>755.25</ele></trkpt>
   <trkpt lon="5.883176" lat="45.213992"><ele>755.25</ele></trkpt>
   <trkpt lon="5.883240" lat="45.214064"><ele>755.25</ele></trkpt>
   <trkpt lon="5.883339" lat="45.214124"><ele>755.75</ele></trkpt>
   <trkpt lon="5.883439" lat="45.214169"><ele>756.0</ele></trkpt>
   <trkpt lon="5.883545" lat="45.214196"><ele>756.25</ele></trkpt>
   <trkpt lon="5.883655" lat="45.214213"><ele>756.75</ele></trkpt>
   <trkpt lon="5.883781" lat="45.214214"><ele>757.5</ele></trkpt>
   <trkpt lon="5.883934" lat="45.214208"><ele>758.5</ele></trkpt>
   <trkpt lon="5.884094" lat="45.214193"><ele>759.75</ele></trkpt>
   <trkpt lon="5.884430" lat="45.214211"><ele>762.0</ele></trkpt>
   <trkpt lon="5.884529" lat="45.214221"><ele>763.0</ele></trkpt>
   <trkpt lon="5.884807" lat="45.214260"><ele>765.25</ele></trkpt>
   <trkpt lon="5.885213" lat="45.214352"><ele>770.0</ele></trkpt>
   <trkpt lon="5.886291" lat="45.214812"><ele>779.75</ele></trkpt>
   <trkpt lon="5.886876" lat="45.215061"><ele>786.5</ele></trkpt>
   <trkpt lon="5.887098" lat="45.215168"><ele>788.25</ele></trkpt>
   <trkpt lon="5.887320" lat="45.215328"><ele>787.5</ele></trkpt>
   <trkpt lon="5.887510" lat="45.215554"><ele>783.25</ele></trkpt>
   <trkpt lon="5.887645" lat="45.215687"><ele>783.25</ele></trkpt>
   <trkpt lon="5.888052" lat="45.215989"><ele>788.75</ele></trkpt>
   <trkpt lon="5.888220" lat="45.216157"><ele>790.75</ele></trkpt>
   <trkpt lon="5.888368" lat="45.216398"><ele>792.75</ele></trkpt>
   <trkpt lon="5.888486" lat="45.216654"><ele>794.25</ele></trkpt>
   <trkpt lon="5.888575" lat="45.216861"><ele>795.5</ele></trkpt>
   <trkpt lon="5.888628" lat="45.216926"><ele>796.0</ele></trkpt>
   <trkpt lon="5.888708" lat="45.216982"><ele>796.5</ele></trkpt>
   <trkpt lon="5.888804" lat="45.217010"><ele>797.25</ele></trkpt>
   <trkpt lon="5.888929" lat="45.217021"><ele>797.75</ele></trkpt>
   <trkpt lon="5.889033" lat="45.217012"><ele>797.0</ele></trkpt>
   <trkpt lon="5.889132" lat="45.216960"><ele>796.25</ele></trkpt>
   <trkpt lon="5.889196" lat="45.216897"><ele>795.5</ele></trkpt>
   <trkpt lon="5.889600" lat="45.216349"><ele>789.0</ele></trkpt>
   <trkpt lon="5.890055" lat="45.215815"><ele>781.0</ele></trkpt>
   <trkpt lon="5.890148" lat="45.215674"><ele>780.0</ele></trkpt>
   <trkpt lon="5.890225" lat="45.215535"><ele>779.5</ele></trkpt>
   <trkpt lon="5.890332" lat="45.215193"><ele>782.0</ele></trkpt>
   <trkpt lon="5.890556" lat="45.214643"><ele>782.0</ele></trkpt>
   <trkpt lon="5.890844" lat="45.214046"><ele>779.25</ele></trkpt>
   <trkpt lon="5.891155" lat="45.213570"><ele>775.0</ele></trkpt>
   <trkpt lon="5.891221" lat="45.213461"><ele>774.25</ele></trkpt>
   <trkpt lon="5.891632" lat="45.212723"><ele>770.25</ele></trkpt>
   <trkpt lon="5.891791" lat="45.212490"><ele>769.0</ele></trkpt>
   <trkpt lon="5.891938" lat="45.212256"><ele>769.25</ele></trkpt>
   <trkpt lon="5.892057" lat="45.212137"><ele>769.0</ele></trkpt>
   <trkpt lon="5.892149" lat="45.212106"><ele>767.25</ele></trkpt>
   <trkpt lon="5.892333" lat="45.212018"><ele>765.0</ele></trkpt>
   <trkpt lon="5.892675" lat="45.211931"><ele>759.5</ele></trkpt>
   <trkpt lon="5.892886" lat="45.211812"><ele>757.5</ele></trkpt>
   <trkpt lon="5.893129" lat="45.211283"><ele>762.5</ele></trkpt>
   <trkpt lon="5.893219" lat="45.211187"><ele>762.25</ele></trkpt>
   <trkpt lon="5.893462" lat="45.211027"><ele>760.25</ele></trkpt>
   <trkpt lon="5.894317" lat="45.210526"><ele>761.75</ele></trkpt>
   <trkpt lon="5.894727" lat="45.210330"><ele>761.5</ele></trkpt>
   <trkpt lon="5.894837" lat="45.210291"><ele>761.25</ele></trkpt>
   <trkpt lon="5.894993" lat="45.210264"><ele>760.25</ele></trkpt>
   <trkpt lon="5.895103" lat="45.210258"><ele>759.25</ele></trkpt>
   <trkpt lon="5.895619" lat="45.210238"><ele>755.5</ele></trkpt>
   <trkpt lon="5.896127" lat="45.210232"><ele>754.5</ele></trkpt>
   <trkpt lon="5.896390" lat="45.210194"><ele>754.0</ele></trkpt>
   <trkpt lon="5.896457" lat="45.210165"><ele>754.25</ele></trkpt>
   <trkpt lon="5.896624" lat="45.210092"><ele>754.75</ele></trkpt>
   <trkpt lon="5.896953" lat="45.209881"><ele>757.25</ele></trkpt>
   <trkpt lon="5.897270" lat="45.209705"><ele>757.75</ele></trkpt>
   <trkpt lon="5.897401" lat="45.209651"><ele>757.75</ele></trkpt>
   <trkpt lon="5.897486" lat="45.209644"><ele>757.0</ele></trkpt>
   <trkpt lon="5.897572" lat="45.209649"><ele>755.75</ele></trkpt>
   <trkpt lon="5.897683" lat="45.209698"><ele>753.5</ele></trkpt>
   <trkpt lon="5.897757" lat="45.209753"><ele>751.75</ele></trkpt>
   <trkpt lon="5.897795" lat="45.209807"><ele>751.0</ele></trkpt>
   <trkpt lon="5.897825" lat="45.209896"><ele>750.5</ele></trkpt>
   <trkpt lon="5.897811" lat="45.210053"><ele>749.5</ele></trkpt>
   <trkpt lon="5.897773" lat="45.210167"><ele>749.5</ele></trkpt>
   <trkpt lon="5.897745" lat="45.210234"><ele>749.25</ele></trkpt>
   <trkpt lon="5.897695" lat="45.210353"><ele>749.25</ele></trkpt>
   <trkpt lon="5.897631" lat="45.210539"><ele>749.25</ele></trkpt>
   <trkpt lon="5.897631" lat="45.210612"><ele>749.5</ele></trkpt>
   <trkpt lon="5.897690" lat="45.210737"><ele>751.25</ele></trkpt>
   <trkpt lon="5.897802" lat="45.210857"><ele>753.5</ele></trkpt>
   <trkpt lon="5.897841" lat="45.210945"><ele>754.5</ele></trkpt>
   <trkpt lon="5.897846" lat="45.211039"><ele>755.0</ele></trkpt>
   <trkpt lon="5.897822" lat="45.211169"><ele>755.25</ele></trkpt>
   <trkpt lon="5.897751" lat="45.211295"><ele>754.5</ele></trkpt>
   <trkpt lon="5.897669" lat="45.211372"><ele>753.75</ele></trkpt>
   <trkpt lon="5.897573" lat="45.211529"><ele>752.0</ele></trkpt>
   <trkpt lon="5.897571" lat="45.211670"><ele>751.25</ele></trkpt>
   <trkpt lon="5.897670" lat="45.211872"><ele>751.0</ele></trkpt>
   <trkpt lon="5.897705" lat="45.211934"><ele>750.75</ele></trkpt>
   <trkpt lon="5.897820" lat="45.212110"><ele>750.5</ele></trkpt>
   <trkpt lon="5.897877" lat="45.212192"><ele>750.25</ele></trkpt>
   <trkpt lon="5.897933" lat="45.212273"><ele>750.25</ele></trkpt>
   <trkpt lon="5.897935" lat="45.212334"><ele>749.75</ele></trkpt>
   <trkpt lon="5.897911" lat="45.212480"><ele>749.0</ele></trkpt>
   <trkpt lon="5.897898" lat="45.212698"><ele>748.0</ele></trkpt>
   <trkpt lon="5.897881" lat="45.212833"><ele>747.5</ele></trkpt>
   <trkpt lon="5.897861" lat="45.212961"><ele>747.0</ele></trkpt>
   <trkpt lon="5.897826" lat="45.213043"><ele>746.5</ele></trkpt>
   <trkpt lon="5.897720" lat="45.213180"><ele>745.75</ele></trkpt>
   <trkpt lon="5.897712" lat="45.213256"><ele>746.0</ele></trkpt>
   <trkpt lon="5.897694" lat="45.213317"><ele>746.0</ele></trkpt>
   <trkpt lon="5.897393" lat="45.213789"><ele>744.25</ele></trkpt>
   <trkpt lon="5.897318" lat="45.213959"><ele>744.0</ele></trkpt>
   <trkpt lon="5.897275" lat="45.214083"><ele>743.5</ele></trkpt>
   <trkpt lon="5.897256" lat="45.214185"><ele>743.25</ele></trkpt>
   <trkpt lon="5.897247" lat="45.214361"><ele>742.5</ele></trkpt>
   <trkpt lon="5.897266" lat="45.214542"><ele>741.25</ele></trkpt>
   <trkpt lon="5.897306" lat="45.214697"><ele>740.0</ele></trkpt>
   <trkpt lon="5.897582" lat="45.215211"><ele>737.25</ele></trkpt>
   <trkpt lon="5.898173" lat="45.216072"><ele>734.5</ele></trkpt>
   <trkpt lon="5.898546" lat="45.216529"><ele>733.5</ele></trkpt>
   <trkpt lon="5.898714" lat="45.216711"><ele>733.5</ele></trkpt>
   <trkpt lon="5.898884" lat="45.216897"><ele>733.75</ele></trkpt>
   <trkpt lon="5.899033" lat="45.217044"><ele>734.5</ele></trkpt>
   <trkpt lon="5.899222" lat="45.217304"><ele>733.5</ele></trkpt>
   <trkpt lon="5.899495" lat="45.217739"><ele>731.0</ele></trkpt>
   <trkpt lon="5.899664" lat="45.218051"><ele>728.5</ele></trkpt>
   <trkpt lon="5.900047" lat="45.218797"><ele>721.5</ele></trkpt>
   <trkpt lon="5.900181" lat="45.218963"><ele>720.75</ele></trkpt>
   <trkpt lon="5.900321" lat="45.219135"><ele>720.0</ele></trkpt>
   <trkpt lon="5.900485" lat="45.219298"><ele>717.75</ele></trkpt>
   <trkpt lon="5.900578" lat="45.219349"><ele>717.25</ele></trkpt>
   <trkpt lon="5.900769" lat="45.219388"><ele>717.0</ele></trkpt>
   <trkpt lon="5.900863" lat="45.219378"><ele>717.5</ele></trkpt>
   <trkpt lon="5.900942" lat="45.219356"><ele>718.25</ele></trkpt>
   <trkpt lon="5.901140" lat="45.219278"><ele>720.75</ele></trkpt>
   <trkpt lon="5.901182" lat="45.219263"><ele>721.5</ele></trkpt>
   <trkpt lon="5.901325" lat="45.219245"><ele>723.0</ele></trkpt>
   <trkpt lon="5.901394" lat="45.219257"><ele>723.0</ele></trkpt>
   <trkpt lon="5.901516" lat="45.219293"><ele>722.5</ele></trkpt>
   <trkpt lon="5.901548" lat="45.219303"><ele>722.25</ele></trkpt>
   <trkpt lon="5.901694" lat="45.219397"><ele>720.0</ele></trkpt>
   <trkpt lon="5.901906" lat="45.219546"><ele>718.0</ele></trkpt>
   <trkpt lon="5.902016" lat="45.219646"><ele>716.25</ele></trkpt>
   <trkpt lon="5.902099" lat="45.219728"><ele>715.0</ele></trkpt>
   <trkpt lon="5.902253" lat="45.219912"><ele>714.0</ele></trkpt>
   <trkpt lon="5.902395" lat="45.220103"><ele>713.0</ele></trkpt>
   <trkpt lon="5.902446" lat="45.220195"><ele>712.75</ele></trkpt>
   <trkpt lon="5.902492" lat="45.220303"><ele>712.75</ele></trkpt>
   <trkpt lon="5.902517" lat="45.220390"><ele>712.75</ele></trkpt>
   <trkpt lon="5.902532" lat="45.220494"><ele>712.75</ele></trkpt>
   <trkpt lon="5.902536" lat="45.220587"><ele>712.75</ele></trkpt>
   <trkpt lon="5.902499" lat="45.220822"><ele>712.75</ele></trkpt>
   <trkpt lon="5.902461" lat="45.220916"><ele>713.25</ele></trkpt>
   <trkpt lon="5.902400" lat="45.221016"><ele>713.5</ele></trkpt>
   <trkpt lon="5.902125" lat="45.221371"><ele>713.5</ele></trkpt>
   <trkpt lon="5.902107" lat="45.221393"><ele>713.5</ele></trkpt>
   <trkpt lon="5.901930" lat="45.221608"><ele>714.25</ele></trkpt>
   <trkpt lon="5.901721" lat="45.221797"><ele>714.75</ele></trkpt>
   <trkpt lon="5.901302" lat="45.222074"><ele>711.0</ele></trkpt>
   <trkpt lon="5.901199" lat="45.222153"><ele>709.5</ele></trkpt>
   <trkpt lon="5.901158" lat="45.222199"><ele>709.0</ele></trkpt>
   <trkpt lon="5.901116" lat="45.222279"><ele>708.5</ele></trkpt>
   <trkpt lon="5.901095" lat="45.222342"><ele>708.25</ele></trkpt>
   <trkpt lon="5.901087" lat="45.222395"><ele>708.25</ele></trkpt>
   <trkpt lon="5.901114" lat="45.222492"><ele>710.0</ele></trkpt>
   <trkpt lon="5.901465" lat="45.223059"><ele>712.0</ele></trkpt>
   <trkpt lon="5.901642" lat="45.223281"><ele>710.75</ele></trkpt>
   <trkpt lon="5.901884" lat="45.223502"><ele>710.0</ele></trkpt>
   <trkpt lon="5.902056" lat="45.223619"><ele>710.0</ele></trkpt>
   <trkpt lon="5.902233" lat="45.223716"><ele>709.5</ele></trkpt>
   <trkpt lon="5.903245" lat="45.224147"><ele>705.25</ele></trkpt>
   <trkpt lon="5.903331" lat="45.224193"><ele>705.0</ele></trkpt>
   <trkpt lon="5.903426" lat="45.224274"><ele>703.75</ele></trkpt>
   <trkpt lon="5.903476" lat="45.224321"><ele>703.0</ele></trkpt>
   <trkpt lon="5.903744" lat="45.224529"><ele>700.25</ele></trkpt>
   <trkpt lon="5.903925" lat="45.224682"><ele>698.5</ele></trkpt>
   <trkpt lon="5.904093" lat="45.224947"><ele>693.25</ele></trkpt>
   <trkpt lon="5.904140" lat="45.224999"><ele>692.5</ele></trkpt>
   <trkpt lon="5.904209" lat="45.225040"><ele>692.75</ele></trkpt>
   <trkpt lon="5.905042" lat="45.225373"><ele>703.25</ele></trkpt>
   <trkpt lon="5.905146" lat="45.225423"><ele>704.5</ele></trkpt>
   <trkpt lon="5.905230" lat="45.225478"><ele>705.25</ele></trkpt>
   <trkpt lon="5.905259" lat="45.225540"><ele>704.75</ele></trkpt>
   <trkpt lon="5.905271" lat="45.225595"><ele>705.25</ele></trkpt>
   <trkpt lon="5.905245" lat="45.225648"><ele>705.25</ele></trkpt>
   <trkpt lon="5.905192" lat="45.225691"><ele>705.0</ele></trkpt>
   <trkpt lon="5.905109" lat="45.225735"><ele>704.25</ele></trkpt>
   <trkpt lon="5.905006" lat="45.225755"><ele>702.75</ele></trkpt>
   <trkpt lon="5.904852" lat="45.225769"><ele>700.5</ele></trkpt>
   <trkpt lon="5.904491" lat="45.225821"><ele>695.5</ele></trkpt>
   <trkpt lon="5.904174" lat="45.225859"><ele>691.25</ele></trkpt>
   <trkpt lon="5.903638" lat="45.225990"><ele>689.25</ele></trkpt>
   <trkpt lon="5.903175" lat="45.226166"><ele>690.25</ele></trkpt>
   <trkpt lon="5.902844" lat="45.226275"><ele>687.75</ele></trkpt>
   <trkpt lon="5.902817" lat="45.226296"><ele>688.0</ele></trkpt>
   <trkpt lon="5.902749" lat="45.226351"><ele>688.25</ele></trkpt>
   <trkpt lon="5.902702" lat="45.226408"><ele>689.25</ele></trkpt>
   <trkpt lon="5.902470" lat="45.226925"><ele>692.0</ele></trkpt>
   <trkpt lon="5.902427" lat="45.227116"><ele>692.0</ele></trkpt>
   <trkpt lon="5.902414" lat="45.227318"><ele>692.0</ele></trkpt>
   <trkpt lon="5.902409" lat="45.227833"><ele>691.5</ele></trkpt>
   <trkpt lon="5.902391" lat="45.228164"><ele>690.25</ele></trkpt>
   <trkpt lon="5.902395" lat="45.228217"><ele>690.0</ele></trkpt>
   <trkpt lon="5.902404" lat="45.228341"><ele>689.25</ele></trkpt>
   <trkpt lon="5.902460" lat="45.228471"><ele>689.0</ele></trkpt>
   <trkpt lon="5.902690" lat="45.228734"><ele>690.75</ele></trkpt>
   <trkpt lon="5.902770" lat="45.228809"><ele>691.0</ele></trkpt>
   <trkpt lon="5.903034" lat="45.229139"><ele>688.25</ele></trkpt>
   <trkpt lon="5.903207" lat="45.229278"><ele>688.25</ele></trkpt>
   <trkpt lon="5.903625" lat="45.229500"><ele>694.5</ele></trkpt>
   <trkpt lon="5.903652" lat="45.229544"><ele>694.75</ele></trkpt>
   <trkpt lon="5.903631" lat="45.229610"><ele>693.25</ele></trkpt>
   <trkpt lon="5.903448" lat="45.229934"><ele>685.5</ele></trkpt>
   <trkpt lon="5.903377" lat="45.230144"><ele>684.25</ele></trkpt>
   <trkpt lon="5.903352" lat="45.230280"><ele>684.5</ele></trkpt>
   <trkpt lon="5.903291" lat="45.230494"><ele>685.25</ele></trkpt>
   <trkpt lon="5.903215" lat="45.230860"><ele>685.5</ele></trkpt>
   <trkpt lon="5.903195" lat="45.231143"><ele>685.5</ele></trkpt>
   <trkpt lon="5.903212" lat="45.231296"><ele>686.25</ele></trkpt>
   <trkpt lon="5.903289" lat="45.231652"><ele>689.5</ele></trkpt>
   <trkpt lon="5.903275" lat="45.231956"><ele>689.0</ele></trkpt>
   <trkpt lon="5.903300" lat="45.232262"><ele>688.75</ele></trkpt>
   <trkpt lon="5.903353" lat="45.232609"><ele>691.25</ele></trkpt>
   <trkpt lon="5.903294" lat="45.232794"><ele>691.0</ele></trkpt>
   <trkpt lon="5.903070" lat="45.233179"><ele>690.5</ele></trkpt>
   <trkpt lon="5.902555" lat="45.234245"><ele>695.5</ele></trkpt>
   <trkpt lon="5.902514" lat="45.234407"><ele>697.5</ele></trkpt>
   <trkpt lon="5.902514" lat="45.234502"><ele>698.0</ele></trkpt>
   <trkpt lon="5.902614" lat="45.234631"><ele>699.25</ele></trkpt>
   <trkpt lon="5.902676" lat="45.234673"><ele>700.0</ele></trkpt>
   <trkpt lon="5.902897" lat="45.234823"><ele>701.0</ele></trkpt>
   <trkpt lon="5.903208" lat="45.234950"><ele>702.75</ele></trkpt>
   <trkpt lon="5.903420" lat="45.234984"><ele>703.5</ele></trkpt>
   <trkpt lon="5.903646" lat="45.234972"><ele>704.5</ele></trkpt>
   <trkpt lon="5.904442" lat="45.234847"><ele>705.5</ele></trkpt>
   <trkpt lon="5.905613" lat="45.234646"><ele>705.5</ele></trkpt>
   <trkpt lon="5.906267" lat="45.234431"><ele>704.75</ele></trkpt>
   <trkpt lon="5.906638" lat="45.234308"><ele>705.0</ele></trkpt>
   <trkpt lon="5.906784" lat="45.234253"><ele>705.5</ele></trkpt>
   <trkpt lon="5.907183" lat="45.234068"><ele>708.0</ele></trkpt>
   <trkpt lon="5.907550" lat="45.233910"><ele>708.5</ele></trkpt>
   <trkpt lon="5.907710" lat="45.233841"><ele>709.5</ele></trkpt>
   <trkpt lon="5.908861" lat="45.233415"><ele>710.75</ele></trkpt>
   <trkpt lon="5.909405" lat="45.233174"><ele>712.0</ele></trkpt>
   <trkpt lon="5.909737" lat="45.233014"><ele>712.5</ele></trkpt>
   <trkpt lon="5.909961" lat="45.232868"><ele>714.75</ele></trkpt>
   <trkpt lon="5.910274" lat="45.232626"><ele>719.5</ele></trkpt>
   <trkpt lon="5.910474" lat="45.232454"><ele>723.5</ele></trkpt>
   <trkpt lon="5.910617" lat="45.232278"><ele>728.25</ele></trkpt>
   <trkpt lon="5.910698" lat="45.232211"><ele>730.0</ele></trkpt>
   <trkpt lon="5.910775" lat="45.232160"><ele>731.0</ele></trkpt>
   <trkpt lon="5.910856" lat="45.232129"><ele>731.0</ele></trkpt>
   <trkpt lon="5.910966" lat="45.232104"><ele>730.25</ele></trkpt>
   <trkpt lon="5.911160" lat="45.232086"><ele>728.0</ele></trkpt>
   <trkpt lon="5.911243" lat="45.232072"><ele>727.25</ele></trkpt>
   <trkpt lon="5.911448" lat="45.232012"><ele>726.0</ele></trkpt>
   <trkpt lon="5.911522" lat="45.231976"><ele>725.75</ele></trkpt>
   <trkpt lon="5.911614" lat="45.231917"><ele>726.0</ele></trkpt>
   <trkpt lon="5.911779" lat="45.231784"><ele>727.0</ele></trkpt>
   <trkpt lon="5.911842" lat="45.231718"><ele>727.75</ele></trkpt>
   <trkpt lon="5.911895" lat="45.231649"><ele>728.75</ele></trkpt>
   <trkpt lon="5.911962" lat="45.231534"><ele>730.75</ele></trkpt>
   <trkpt lon="5.912024" lat="45.231306"><ele>736.75</ele></trkpt>
   <trkpt lon="5.912092" lat="45.231169"><ele>739.75</ele></trkpt>
   <trkpt lon="5.912180" lat="45.231033"><ele>742.0</ele></trkpt>
   <trkpt lon="5.912483" lat="45.230711"><ele>744.75</ele></trkpt>
   <trkpt lon="5.912674" lat="45.230524"><ele>746.75</ele></trkpt>
   <trkpt lon="5.912890" lat="45.230345"><ele>747.25</ele></trkpt>
   <trkpt lon="5.913127" lat="45.230161"><ele>748.25</ele></trkpt>
   <trkpt lon="5.913452" lat="45.229959"><ele>748.5</ele></trkpt>
   <trkpt lon="5.913756" lat="45.229828"><ele>746.75</ele></trkpt>
   <trkpt lon="5.914034" lat="45.229730"><ele>744.75</ele></trkpt>
   <trkpt lon="5.914148" lat="45.229655"><ele>746.5</ele></trkpt>
   <trkpt lon="5.914249" lat="45.229609"><ele>747.25</ele></trkpt>
   <trkpt lon="5.914448" lat="45.229543"><ele>747.75</ele></trkpt>
   <trkpt lon="5.914872" lat="45.229496"><ele>750.0</ele></trkpt>
   <trkpt lon="5.915088" lat="45.229498"><ele>751.5</ele></trkpt>
   <trkpt lon="5.915270" lat="45.229525"><ele>752.25</ele></trkpt>
   <trkpt lon="5.915444" lat="45.229581"><ele>750.25</ele></trkpt>
   <trkpt lon="5.915637" lat="45.229656"><ele>747.25</ele></trkpt>
   <trkpt lon="5.915765" lat="45.229736"><ele>743.25</ele></trkpt>
   <trkpt lon="5.915949" lat="45.229806"><ele>740.5</ele></trkpt>
   <trkpt lon="5.916236" lat="45.229826"><ele>741.0</ele></trkpt>
   <trkpt lon="5.916708" lat="45.229794"><ele>742.0</ele></trkpt>
   <trkpt lon="5.917189" lat="45.229728"><ele>739.25</ele></trkpt>
   <trkpt lon="5.917468" lat="45.229652"><ele>738.5</ele></trkpt>
   <trkpt lon="5.917734" lat="45.229518"><ele>738.75</ele></trkpt>
   <trkpt lon="5.918180" lat="45.229256"><ele>740.0</ele></trkpt>
   <trkpt lon="5.918679" lat="45.228928"><ele>740.25</ele></trkpt>
   <trkpt lon="5.919139" lat="45.228556"><ele>739.5</ele></trkpt>
   <trkpt lon="5.919243" lat="45.228436"><ele>739.5</ele></trkpt>
   <trkpt lon="5.919332" lat="45.228315"><ele>739.5</ele></trkpt>
   <trkpt lon="5.919474" lat="45.227960"><ele>741.5</ele></trkpt>
   <trkpt lon="5.919565" lat="45.227800"><ele>743.5</ele></trkpt>
   <trkpt lon="5.919637" lat="45.227705"><ele>745.75</ele></trkpt>
   <trkpt lon="5.919711" lat="45.227668"><ele>746.0</ele></trkpt>
   <trkpt lon="5.919768" lat="45.227648"><ele>746.25</ele></trkpt>
   <trkpt lon="5.919849" lat="45.227630"><ele>746.0</ele></trkpt>
   <trkpt lon="5.920010" lat="45.227634"><ele>744.5</ele></trkpt>
   <trkpt lon="5.920259" lat="45.227663"><ele>741.25</ele></trkpt>
   <trkpt lon="5.920400" lat="45.227658"><ele>740.0</ele></trkpt>
   <trkpt lon="5.920584" lat="45.227624"><ele>739.5</ele></trkpt>
   <trkpt lon="5.920747" lat="45.227576"><ele>739.5</ele></trkpt>
   <trkpt lon="5.920965" lat="45.227490"><ele>739.75</ele></trkpt>
   <trkpt lon="5.922384" lat="45.226752"><ele>746.0</ele></trkpt>
   <trkpt lon="5.923376" lat="45.226245"><ele>749.25</ele></trkpt>
   <trkpt lon="5.923748" lat="45.226150"><ele>748.75</ele></trkpt>
   <trkpt lon="5.924241" lat="45.226073"><ele>748.5</ele></trkpt>
   <trkpt lon="5.925147" lat="45.225912"><ele>746.75</ele></trkpt>
   <trkpt lon="5.925599" lat="45.225861"><ele>745.0</ele></trkpt>
   <trkpt lon="5.925706" lat="45.225869"><ele>744.5</ele></trkpt>
   <trkpt lon="5.926196" lat="45.225908"><ele>742.5</ele></trkpt>
   <trkpt lon="5.926438" lat="45.225908"><ele>742.5</ele></trkpt>
   <trkpt lon="5.926621" lat="45.225878"><ele>741.5</ele></trkpt>
   <trkpt lon="5.926745" lat="45.225837"><ele>741.25</ele></trkpt>
   <trkpt lon="5.926851" lat="45.225766"><ele>741.5</ele></trkpt>
   <trkpt lon="5.927511" lat="45.225279"><ele>740.75</ele></trkpt>
   <trkpt lon="5.927635" lat="45.225148"><ele>740.0</ele></trkpt>
   <trkpt lon="5.927702" lat="45.225026"><ele>740.25</ele></trkpt>
   <trkpt lon="5.927851" lat="45.224276"><ele>742.25</ele></trkpt>
   <trkpt lon="5.927877" lat="45.223932"><ele>743.75</ele></trkpt>
   <trkpt lon="5.927794" lat="45.223534"><ele>745.25</ele></trkpt>
   <trkpt lon="5.927622" lat="45.222996"><ele>748.25</ele></trkpt>
   <trkpt lon="5.927616" lat="45.222859"><ele>748.25</ele></trkpt>
   <trkpt lon="5.927634" lat="45.222710"><ele>748.25</ele></trkpt>
   <trkpt lon="5.927673" lat="45.222511"><ele>748.0</ele></trkpt>
   <trkpt lon="5.927810" lat="45.222089"><ele>747.25</ele></trkpt>
   <trkpt lon="5.927833" lat="45.221993"><ele>747.5</ele></trkpt>
   <trkpt lon="5.927902" lat="45.221791"><ele>747.5</ele></trkpt>
   <trkpt lon="5.927956" lat="45.221581"><ele>747.5</ele></trkpt>
   <trkpt lon="5.927981" lat="45.221422"><ele>748.0</ele></trkpt>
   <trkpt lon="5.927999" lat="45.221105"><ele>748.0</ele></trkpt>
   <trkpt lon="5.928006" lat="45.221024"><ele>748.0</ele></trkpt>
   <trkpt lon="5.928037" lat="45.220763"><ele>748.5</ele></trkpt>
   <trkpt lon="5.928083" lat="45.220532"><ele>748.75</ele></trkpt>
   <trkpt lon="5.928124" lat="45.220419"><ele>748.75</ele></trkpt>
   <trkpt lon="5.928167" lat="45.220327"><ele>749.0</ele></trkpt>
   <trkpt lon="5.928334" lat="45.220047"><ele>748.5</ele></trkpt>
   <trkpt lon="5.928967" lat="45.219068"><ele>748.75</ele></trkpt>
   <trkpt lon="5.929108" lat="45.218912"><ele>748.5</ele></trkpt>
   <trkpt lon="5.929471" lat="45.218623"><ele>748.25</ele></trkpt>
   <trkpt lon="5.929818" lat="45.218311"><ele>749.0</ele></trkpt>
   <trkpt lon="5.930148" lat="45.217950"><ele>749.0</ele></trkpt>
   <trkpt lon="5.930397" lat="45.217598"><ele>749.0</ele></trkpt>
   <trkpt lon="5.930501" lat="45.217407"><ele>749.5</ele></trkpt>
   <trkpt lon="5.930538" lat="45.217338"><ele>749.75</ele></trkpt>
   <trkpt lon="5.930663" lat="45.217098"><ele>750.75</ele></trkpt>
   <trkpt lon="5.930820" lat="45.216833"><ele>752.25</ele></trkpt>
   <trkpt lon="5.930996" lat="45.216634"><ele>753.0</ele></trkpt>
   <trkpt lon="5.931521" lat="45.216220"><ele>753.5</ele></trkpt>
   <trkpt lon="5.931652" lat="45.216099"><ele>754.0</ele></trkpt>
   <trkpt lon="5.931736" lat="45.216017"><ele>753.75</ele></trkpt>
   <trkpt lon="5.931834" lat="45.215933"><ele>753.25</ele></trkpt>
   <trkpt lon="5.931995" lat="45.215760"><ele>752.75</ele></trkpt>
   <trkpt lon="5.932165" lat="45.215457"><ele>752.75</ele></trkpt>
   <trkpt lon="5.932196" lat="45.215399"><ele>752.75</ele></trkpt>
   <trkpt lon="5.932518" lat="45.214763"><ele>753.0</ele></trkpt>
   <trkpt lon="5.932684" lat="45.214280"><ele>756.0</ele></trkpt>
   <trkpt lon="5.932776" lat="45.214048"><ele>757.5</ele></trkpt>
   <trkpt lon="5.932908" lat="45.213884"><ele>758.0</ele></trkpt>
   <trkpt lon="5.933122" lat="45.213679"><ele>759.25</ele></trkpt>
   <trkpt lon="5.933224" lat="45.213633"><ele>759.25</ele></trkpt>
   <trkpt lon="5.933281" lat="45.213625"><ele>759.0</ele></trkpt>
   <trkpt lon="5.933397" lat="45.213648"><ele>758.25</ele></trkpt>
   <trkpt lon="5.933466" lat="45.213661"><ele>757.75</ele></trkpt>
   <trkpt lon="5.933517" lat="45.213678"><ele>757.5</ele></trkpt>
   <trkpt lon="5.934009" lat="45.213733"><ele>757.5</ele></trkpt>
   <trkpt lon="5.934075" lat="45.213743"><ele>757.5</ele></trkpt>
   <trkpt lon="5.934197" lat="45.213762"><ele>757.5</ele></trkpt>
   <trkpt lon="5.934358" lat="45.213814"><ele>757.75</ele></trkpt>
   <trkpt lon="5.934725" lat="45.214004"><ele>757.5</ele></trkpt>
   <trkpt lon="5.934783" lat="45.214037"><ele>757.5</ele></trkpt>
   <trkpt lon="5.934886" lat="45.214098"><ele>757.75</ele></trkpt>
   <trkpt lon="5.935000" lat="45.214178"><ele>757.75</ele></trkpt>
   <trkpt lon="5.935123" lat="45.214277"><ele>758.0</ele></trkpt>
   <trkpt lon="5.935193" lat="45.214370"><ele>758.25</ele></trkpt>
   <trkpt lon="5.935216" lat="45.214451"><ele>758.5</ele></trkpt>
   <trkpt lon="5.935217" lat="45.214547"><ele>758.75</ele></trkpt>
   <trkpt lon="5.935199" lat="45.214670"><ele>759.0</ele></trkpt>
   <trkpt lon="5.935116" lat="45.214967"><ele>759.5</ele></trkpt>
   <trkpt lon="5.935039" lat="45.215196"><ele>760.25</ele></trkpt>
   <trkpt lon="5.934964" lat="45.215305"><ele>759.75</ele></trkpt>
   <trkpt lon="5.934740" lat="45.215524"><ele>759.75</ele></trkpt>
   <trkpt lon="5.934261" lat="45.215936"><ele>760.0</ele></trkpt>
   <trkpt lon="5.933772" lat="45.216370"><ele>760.5</ele></trkpt>
   <trkpt lon="5.933701" lat="45.216458"><ele>760.5</ele></trkpt>
   <trkpt lon="5.933649" lat="45.216556"><ele>761.0</ele></trkpt>
   <trkpt lon="5.933627" lat="45.216657"><ele>762.0</ele></trkpt>
   <trkpt lon="5.933627" lat="45.216755"><ele>762.0</ele></trkpt>
   <trkpt lon="5.933655" lat="45.216852"><ele>762.25</ele></trkpt>
   <trkpt lon="5.933785" lat="45.217127"><ele>761.5</ele></trkpt>
   <trkpt lon="5.933846" lat="45.217279"><ele>761.25</ele></trkpt>
   <trkpt lon="5.933871" lat="45.217381"><ele>761.0</ele></trkpt>
   <trkpt lon="5.933873" lat="45.217463"><ele>760.75</ele></trkpt>
   <trkpt lon="5.933859" lat="45.217574"><ele>760.75</ele></trkpt>
   <trkpt lon="5.933810" lat="45.217693"><ele>760.75</ele></trkpt>
   <trkpt lon="5.933712" lat="45.217860"><ele>759.75</ele></trkpt>
   <trkpt lon="5.933537" lat="45.218127"><ele>758.25</ele></trkpt>
   <trkpt lon="5.933312" lat="45.218445"><ele>757.5</ele></trkpt>
   <trkpt lon="5.933107" lat="45.218759"><ele>760.0</ele></trkpt>
   <trkpt lon="5.932999" lat="45.218906"><ele>761.25</ele></trkpt>
   <trkpt lon="5.932914" lat="45.218997"><ele>761.5</ele></trkpt>
   <trkpt lon="5.932826" lat="45.219069"><ele>761.5</ele></trkpt>
   <trkpt lon="5.932466" lat="45.219322"><ele>759.5</ele></trkpt>
   <trkpt lon="5.932379" lat="45.219414"><ele>758.5</ele></trkpt>
   <trkpt lon="5.932317" lat="45.219501"><ele>757.0</ele></trkpt>
   <trkpt lon="5.932259" lat="45.219600"><ele>755.0</ele></trkpt>
   <trkpt lon="5.932232" lat="45.219718"><ele>754.25</ele></trkpt>
   <trkpt lon="5.932243" lat="45.219828"><ele>752.25</ele></trkpt>
   <trkpt lon="5.932263" lat="45.219917"><ele>751.0</ele></trkpt>
   <trkpt lon="5.932317" lat="45.220033"><ele>750.5</ele></trkpt>
   <trkpt lon="5.932398" lat="45.220145"><ele>750.25</ele></trkpt>
   <trkpt lon="5.932754" lat="45.220533"><ele>750.75</ele></trkpt>
   <trkpt lon="5.933191" lat="45.221036"><ele>753.5</ele></trkpt>
   <trkpt lon="5.933316" lat="45.221202"><ele>754.75</ele></trkpt>
   <trkpt lon="5.933437" lat="45.221424"><ele>755.75</ele></trkpt>
   <trkpt lon="5.933525" lat="45.221627"><ele>755.75</ele></trkpt>
   <trkpt lon="5.933570" lat="45.221790"><ele>756.5</ele></trkpt>
   <trkpt lon="5.933553" lat="45.221853"><ele>756.5</ele></trkpt>
   <trkpt lon="5.933516" lat="45.221934"><ele>756.25</ele></trkpt>
   <trkpt lon="5.933443" lat="45.222010"><ele>756.0</ele></trkpt>
   <trkpt lon="5.933097" lat="45.222264"><ele>752.5</ele></trkpt>
   <trkpt lon="5.933024" lat="45.222338"><ele>752.25</ele></trkpt>
   <trkpt lon="5.932970" lat="45.222417"><ele>752.25</ele></trkpt>
   <trkpt lon="5.932950" lat="45.222543"><ele>753.5</ele></trkpt>
   <trkpt lon="5.932957" lat="45.222608"><ele>754.0</ele></trkpt>
   <trkpt lon="5.932962" lat="45.222659"><ele>754.25</ele></trkpt>
   <trkpt lon="5.933040" lat="45.222925"><ele>756.0</ele></trkpt>
   <trkpt lon="5.933089" lat="45.223025"><ele>756.5</ele></trkpt>
   <trkpt lon="5.933371" lat="45.223465"><ele>759.0</ele></trkpt>
   <trkpt lon="5.933542" lat="45.223922"><ele>760.25</ele></trkpt>
   <trkpt lon="5.933665" lat="45.224088"><ele>761.5</ele></trkpt>
   <trkpt lon="5.933780" lat="45.224214"><ele>762.5</ele></trkpt>
   <trkpt lon="5.933954" lat="45.224363"><ele>763.75</ele></trkpt>
   <trkpt lon="5.934414" lat="45.224807"><ele>769.5</ele></trkpt>
   <trkpt lon="5.934543" lat="45.225075"><ele>771.0</ele></trkpt>
   <trkpt lon="5.934598" lat="45.225341"><ele>771.5</ele></trkpt>
   <trkpt lon="5.934632" lat="45.225621"><ele>772.25</ele></trkpt>
   <trkpt lon="5.934662" lat="45.225913"><ele>773.5</ele></trkpt>
   <trkpt lon="5.934670" lat="45.226257"><ele>775.5</ele></trkpt>
   <trkpt lon="5.934644" lat="45.226396"><ele>776.25</ele></trkpt>
   <trkpt lon="5.934605" lat="45.226507"><ele>776.75</ele></trkpt>
   <trkpt lon="5.934546" lat="45.226629"><ele>776.75</ele></trkpt>
   <trkpt lon="5.934501" lat="45.226723"><ele>776.5</ele></trkpt>
   <trkpt lon="5.934412" lat="45.226871"><ele>775.25</ele></trkpt>
   <trkpt lon="5.934319" lat="45.226998"><ele>773.5</ele></trkpt>
   <trkpt lon="5.934094" lat="45.227194"><ele>769.5</ele></trkpt>
   <trkpt lon="5.933871" lat="45.227359"><ele>768.0</ele></trkpt>
   <trkpt lon="5.933517" lat="45.227645"><ele>765.0</ele></trkpt>
   <trkpt lon="5.933422" lat="45.227765"><ele>764.75</ele></trkpt>
   <trkpt lon="5.933383" lat="45.227851"><ele>764.5</ele></trkpt>
   <trkpt lon="5.933297" lat="45.228361"><ele>763.0</ele></trkpt>
   <trkpt lon="5.933299" lat="45.228488"><ele>762.25</ele></trkpt>
   <trkpt lon="5.933328" lat="45.228642"><ele>761.5</ele></trkpt>
   <trkpt lon="5.933375" lat="45.228755"><ele>760.75</ele></trkpt>
   <trkpt lon="5.933559" lat="45.229001"><ele>759.25</ele></trkpt>
   <trkpt lon="5.933591" lat="45.229065"><ele>758.75</ele></trkpt>
   <trkpt lon="5.933599" lat="45.229116"><ele>758.25</ele></trkpt>
   <trkpt lon="5.933592" lat="45.229169"><ele>757.75</ele></trkpt>
   <trkpt lon="5.933501" lat="45.229358"><ele>755.5</ele></trkpt>
   <trkpt lon="5.933480" lat="45.229439"><ele>754.5</ele></trkpt>
   <trkpt lon="5.933474" lat="45.229561"><ele>753.25</ele></trkpt>
   <trkpt lon="5.933526" lat="45.230095"><ele>748.25</ele></trkpt>
   <trkpt lon="5.933546" lat="45.230191"><ele>747.75</ele></trkpt>
   <trkpt lon="5.933574" lat="45.230264"><ele>747.5</ele></trkpt>
   <trkpt lon="5.933674" lat="45.230272"><ele>749.0</ele></trkpt>
   <trkpt lon="5.933730" lat="45.230288"><ele>750.0</ele></trkpt>
   <trkpt lon="5.933804" lat="45.230325"><ele>750.75</ele></trkpt>
   <trkpt lon="5.933846" lat="45.230379"><ele>751.0</ele></trkpt>
   <trkpt lon="5.934033" lat="45.230823"><ele>750.0</ele></trkpt>
   <trkpt lon="5.934118" lat="45.231010"><ele>750.5</ele></trkpt>
   <trkpt lon="5.934196" lat="45.231156"><ele>751.5</ele></trkpt>
   <trkpt lon="5.934405" lat="45.231423"><ele>755.25</ele></trkpt>
   <trkpt lon="5.934420" lat="45.231497"><ele>755.75</ele></trkpt>
   <trkpt lon="5.934406" lat="45.231600"><ele>756.0</ele></trkpt>
   <trkpt lon="5.934326" lat="45.231804"><ele>757.25</ele></trkpt>
   <trkpt lon="5.934290" lat="45.231864"><ele>757.75</ele></trkpt>
   <trkpt lon="5.934243" lat="45.231913"><ele>758.0</ele></trkpt>
   <trkpt lon="5.934182" lat="45.231953"><ele>758.25</ele></trkpt>
   <trkpt lon="5.933821" lat="45.232160"><ele>759.25</ele></trkpt>
   <trkpt lon="5.933521" lat="45.232404"><ele>761.5</ele></trkpt>
   <trkpt lon="5.933154" lat="45.232734"><ele>762.5</ele></trkpt>
   <trkpt lon="5.932293" lat="45.233773"><ele>773.75</ele></trkpt>
   <trkpt lon="5.931761" lat="45.234291"><ele>779.5</ele></trkpt>
   <trkpt lon="5.931136" lat="45.234757"><ele>784.0</ele></trkpt>
   <trkpt lon="5.930783" lat="45.235074"><ele>785.0</ele></trkpt>
   <trkpt lon="5.930681" lat="45.235201"><ele>784.75</ele></trkpt>
   <trkpt lon="5.930613" lat="45.235354"><ele>786.5</ele></trkpt>
   <trkpt lon="5.930588" lat="45.235502"><ele>788.75</ele></trkpt>
   <trkpt lon="5.930599" lat="45.235646"><ele>791.75</ele></trkpt>
   <trkpt lon="5.930637" lat="45.235724"><ele>794.25</ele></trkpt>
   <trkpt lon="5.930643" lat="45.235806"><ele>796.0</ele></trkpt>
   <trkpt lon="5.930613" lat="45.235896"><ele>796.75</ele></trkpt>
   <trkpt lon="5.930410" lat="45.236358"><ele>799.0</ele></trkpt>
   <trkpt lon="5.930035" lat="45.236939"><ele>803.5</ele></trkpt>
   <trkpt lon="5.929968" lat="45.237013"><ele>804.0</ele></trkpt>
   <trkpt lon="5.930069" lat="45.236994"><ele>805.75</ele></trkpt>
   <trkpt lon="5.930175" lat="45.236906"><ele>805.75</ele></trkpt>
   <trkpt lon="5.930333" lat="45.236835"><ele>807.5</ele></trkpt>
   <trkpt lon="5.930847" lat="45.236626"><ele>817.25</ele></trkpt>
   <trkpt lon="5.931369" lat="45.236271"><ele>824.25</ele></trkpt>
   <trkpt lon="5.931956" lat="45.235781"><ele>829.0</ele></trkpt>
   <trkpt lon="5.932156" lat="45.235721"><ele>830.75</ele></trkpt>
   <trkpt lon="5.932615" lat="45.235637"><ele>836.25</ele></trkpt>
   <trkpt lon="5.932715" lat="45.235612"><ele>837.25</ele></trkpt>
   <trkpt lon="5.932915" lat="45.235631"><ele>840.5</ele></trkpt>
   <trkpt lon="5.933152" lat="45.235628"><ele>843.75</ele></trkpt>
   <trkpt lon="5.933250" lat="45.235646"><ele>845.75</ele></trkpt>
   <trkpt lon="5.933680" lat="45.235577"><ele>850.5</ele></trkpt>
   <trkpt lon="5.933977" lat="45.235516"><ele>853.25</ele></trkpt>
   <trkpt lon="5.934136" lat="45.235482"><ele>854.75</ele></trkpt>
   <trkpt lon="5.934718" lat="45.235313"><ele>859.5</ele></trkpt>
   <trkpt lon="5.934936" lat="45.235186"><ele>858.75</ele></trkpt>
   <trkpt lon="5.935025" lat="45.235149"><ele>859.0</ele></trkpt>
   <trkpt lon="5.935111" lat="45.235131"><ele>859.75</ele></trkpt>
   <trkpt lon="5.935383" lat="45.235103"><ele>862.5</ele></trkpt>
   <trkpt lon="5.935538" lat="45.235091"><ele>864.0</ele></trkpt>
   <trkpt lon="5.935633" lat="45.235071"><ele>864.5</ele></trkpt>
   <trkpt lon="5.935996" lat="45.234964"><ele>865.0</ele></trkpt>
   <trkpt lon="5.936107" lat="45.234949"><ele>865.5</ele></trkpt>
   <trkpt lon="5.936222" lat="45.234943"><ele>866.0</ele></trkpt>
   <trkpt lon="5.936346" lat="45.234954"><ele>867.5</ele></trkpt>
   <trkpt lon="5.936744" lat="45.235035"><ele>872.25</ele></trkpt>
   <trkpt lon="5.936901" lat="45.235051"><ele>873.75</ele></trkpt>
   <trkpt lon="5.937159" lat="45.235054"><ele>875.75</ele></trkpt>
   <trkpt lon="5.937495" lat="45.235034"><ele>877.75</ele></trkpt>
   <trkpt lon="5.937740" lat="45.235022"><ele>879.25</ele></trkpt>
   <trkpt lon="5.938279" lat="45.234981"><ele>881.25</ele></trkpt>
   <trkpt lon="5.938412" lat="45.234981"><ele>882.0</ele></trkpt>
   <trkpt lon="5.938521" lat="45.235005"><ele>883.25</ele></trkpt>
   <trkpt lon="5.938624" lat="45.235039"><ele>885.0</ele></trkpt>
   <trkpt lon="5.938697" lat="45.235070"><ele>886.0</ele></trkpt>
   <trkpt lon="5.938887" lat="45.235127"><ele>888.0</ele></trkpt>
   <trkpt lon="5.938943" lat="45.235144"><ele>888.75</ele></trkpt>
   <trkpt lon="5.939222" lat="45.235199"><ele>891.0</ele></trkpt>
   <trkpt lon="5.939448" lat="45.235222"><ele>892.5</ele></trkpt>
   <trkpt lon="5.939884" lat="45.235268"><ele>895.25</ele></trkpt>
   <trkpt lon="5.940007" lat="45.235264"><ele>895.75</ele></trkpt>
   <trkpt lon="5.940133" lat="45.235241"><ele>896.25</ele></trkpt>
   <trkpt lon="5.940268" lat="45.235186"><ele>896.5</ele></trkpt>
   <trkpt lon="5.940578" lat="45.234997"><ele>897.25</ele></trkpt>
   <trkpt lon="5.940714" lat="45.234927"><ele>898.25</ele></trkpt>
   <trkpt lon="5.940866" lat="45.234878"><ele>899.5</ele></trkpt>
   <trkpt lon="5.941018" lat="45.234852"><ele>901.5</ele></trkpt>
   <trkpt lon="5.941137" lat="45.234842"><ele>902.75</ele></trkpt>
   <trkpt lon="5.941219" lat="45.234851"><ele>903.75</ele></trkpt>
   <trkpt lon="5.941265" lat="45.234876"><ele>904.5</ele></trkpt>
   <trkpt lon="5.941283" lat="45.234941"><ele>905.75</ele></trkpt>
   <trkpt lon="5.941265" lat="45.234988"><ele>906.25</ele></trkpt>
   <trkpt lon="5.941170" lat="45.235081"><ele>907.0</ele></trkpt>
   <trkpt lon="5.941033" lat="45.235185"><ele>907.0</ele></trkpt>
   <trkpt lon="5.940945" lat="45.235274"><ele>907.5</ele></trkpt>
   <trkpt lon="5.940854" lat="45.235407"><ele>909.0</ele></trkpt>
   <trkpt lon="5.940767" lat="45.235510"><ele>910.0</ele></trkpt>
   <trkpt lon="5.940658" lat="45.235592"><ele>910.5</ele></trkpt>
   <trkpt lon="5.940447" lat="45.235694"><ele>911.25</ele></trkpt>
   <trkpt lon="5.940205" lat="45.235787"><ele>911.75</ele></trkpt>
   <trkpt lon="5.939963" lat="45.235852"><ele>912.5</ele></trkpt>
   <trkpt lon="5.939601" lat="45.235913"><ele>913.25</ele></trkpt>
   <trkpt lon="5.939350" lat="45.235934"><ele>912.5</ele></trkpt>
   <trkpt lon="5.939257" lat="45.235947"><ele>912.25</ele></trkpt>
   <trkpt lon="5.939165" lat="45.235970"><ele>912.25</ele></trkpt>
   <trkpt lon="5.939075" lat="45.236034"><ele>913.75</ele></trkpt>
   <trkpt lon="5.939058" lat="45.236078"><ele>915.0</ele></trkpt>
   <trkpt lon="5.939084" lat="45.236133"><ele>917.0</ele></trkpt>
   <trkpt lon="5.939143" lat="45.236177"><ele>918.75</ele></trkpt>
   <trkpt lon="5.939229" lat="45.236192"><ele>920.0</ele></trkpt>
   <trkpt lon="5.939321" lat="45.236177"><ele>920.25</ele></trkpt>
   <trkpt lon="5.939540" lat="45.236093"><ele>919.0</ele></trkpt>
   <trkpt lon="5.939685" lat="45.236057"><ele>918.75</ele></trkpt>
   <trkpt lon="5.939827" lat="45.236035"><ele>918.75</ele></trkpt>
   <trkpt lon="5.940459" lat="45.236020"><ele>922.75</ele></trkpt>
   <trkpt lon="5.940644" lat="45.235998"><ele>923.75</ele></trkpt>
   <trkpt lon="5.940826" lat="45.235963"><ele>924.5</ele></trkpt>
   <trkpt lon="5.941178" lat="45.235864"><ele>926.75</ele></trkpt>
   <trkpt lon="5.941538" lat="45.235732"><ele>927.25</ele></trkpt>
   <trkpt lon="5.941723" lat="45.235685"><ele>927.75</ele></trkpt>
   <trkpt lon="5.941900" lat="45.235664"><ele>929.0</ele></trkpt>
   <trkpt lon="5.942077" lat="45.235664"><ele>929.75</ele></trkpt>
   <trkpt lon="5.942329" lat="45.235701"><ele>931.75</ele></trkpt>
   <trkpt lon="5.942567" lat="45.235768"><ele>933.75</ele></trkpt>
   <trkpt lon="5.942701" lat="45.235812"><ele>934.5</ele></trkpt>
   <trkpt lon="5.942941" lat="45.235890"><ele>935.75</ele></trkpt>
   <trkpt lon="5.943205" lat="45.235941"><ele>936.5</ele></trkpt>
   <trkpt lon="5.943531" lat="45.235947"><ele>937.5</ele></trkpt>
   <trkpt lon="5.943740" lat="45.235955"><ele>938.75</ele></trkpt>
   <trkpt lon="5.943957" lat="45.235952"><ele>940.0</ele></trkpt>
   <trkpt lon="5.944102" lat="45.235913"><ele>940.5</ele></trkpt>
   <trkpt lon="5.944215" lat="45.235856"><ele>941.0</ele></trkpt>
   <trkpt lon="5.944283" lat="45.235763"><ele>941.0</ele></trkpt>
   <trkpt lon="5.944320" lat="45.235610"><ele>940.5</ele></trkpt>
   <trkpt lon="5.944429" lat="45.235435"><ele>941.25</ele></trkpt>
   <trkpt lon="5.944564" lat="45.235326"><ele>942.0</ele></trkpt>
   <trkpt lon="5.944674" lat="45.235309"><ele>942.75</ele></trkpt>
   <trkpt lon="5.944793" lat="45.235310"><ele>944.25</ele></trkpt>
   <trkpt lon="5.944929" lat="45.235334"><ele>946.25</ele></trkpt>
   <trkpt lon="5.945053" lat="45.235393"><ele>948.5</ele></trkpt>
   <trkpt lon="5.945102" lat="45.235436"><ele>949.5</ele></trkpt>
   <trkpt lon="5.945125" lat="45.235490"><ele>950.25</ele></trkpt>
   <trkpt lon="5.945096" lat="45.235743"><ele>952.25</ele></trkpt>
   <trkpt lon="5.945072" lat="45.235903"><ele>953.25</ele></trkpt>
   <trkpt lon="5.944974" lat="45.236337"><ele>957.0</ele></trkpt>
   <trkpt lon="5.944931" lat="45.236390"><ele>957.5</ele></trkpt>
   <trkpt lon="5.944846" lat="45.236459"><ele>958.25</ele></trkpt>
   <trkpt lon="5.944705" lat="45.236523"><ele>959.25</ele></trkpt>
   <trkpt lon="5.944075" lat="45.236735"><ele>963.0</ele></trkpt>
   <trkpt lon="5.943786" lat="45.236824"><ele>965.75</ele></trkpt>
   <trkpt lon="5.943510" lat="45.236873"><ele>967.25</ele></trkpt>
   <trkpt lon="5.943277" lat="45.236872"><ele>967.25</ele></trkpt>
   <trkpt lon="5.942727" lat="45.236809"><ele>966.25</ele></trkpt>
   <trkpt lon="5.942620" lat="45.236818"><ele>967.0</ele></trkpt>
   <trkpt lon="5.942545" lat="45.236848"><ele>968.25</ele></trkpt>
   <trkpt lon="5.942491" lat="45.236905"><ele>970.5</ele></trkpt>
   <trkpt lon="5.942499" lat="45.236972"><ele>972.75</ele></trkpt>
   <trkpt lon="5.942520" lat="45.237009"><ele>974.0</ele></trkpt>
   <trkpt lon="5.942566" lat="45.237038"><ele>974.75</ele></trkpt>
   <trkpt lon="5.942688" lat="45.237064"><ele>975.25</ele></trkpt>
   <trkpt lon="5.942949" lat="45.237067"><ele>974.75</ele></trkpt>
   <trkpt lon="5.943071" lat="45.237079"><ele>974.75</ele></trkpt>
   <trkpt lon="5.943747" lat="45.237267"><ele>981.5</ele></trkpt>
   <trkpt lon="5.944768" lat="45.237335"><ele>984.75</ele></trkpt>
   <trkpt lon="5.945068" lat="45.237393"><ele>986.25</ele></trkpt>
   <trkpt lon="5.945440" lat="45.237538"><ele>988.0</ele></trkpt>
   <trkpt lon="5.945892" lat="45.237740"><ele>992.0</ele></trkpt>
   <trkpt lon="5.946477" lat="45.237958"><ele>996.25</ele></trkpt>
   <trkpt lon="5.946946" lat="45.238119"><ele>1000.25</ele></trkpt>
   <trkpt lon="5.947474" lat="45.238289"><ele>1003.75</ele></trkpt>
   <trkpt lon="5.947775" lat="45.238357"><ele>1004.5</ele></trkpt>
   <trkpt lon="5.948289" lat="45.238423"><ele>1007.75</ele></trkpt>
   <trkpt lon="5.948965" lat="45.238463"><ele>1010.75</ele></trkpt>
   <trkpt lon="5.949254" lat="45.238497"><ele>1012.25</ele></trkpt>
   <trkpt lon="5.949667" lat="45.238593"><ele>1014.5</ele></trkpt>
   <trkpt lon="5.949991" lat="45.238712"><ele>1015.5</ele></trkpt>
   <trkpt lon="5.950277" lat="45.238864"><ele>1016.75</ele></trkpt>
   <trkpt lon="5.951460" lat="45.239516"><ele>1018.5</ele></trkpt>
   <trkpt lon="5.952311" lat="45.239978"><ele>1017.5</ele></trkpt>
   <trkpt lon="5.952734" lat="45.240215"><ele>1017.0</ele></trkpt>
   <trkpt lon="5.953002" lat="45.240317"><ele>1016.25</ele></trkpt>
   <trkpt lon="5.953183" lat="45.240361"><ele>1015.75</ele></trkpt>
   <trkpt lon="5.953677" lat="45.240458"><ele>1014.0</ele></trkpt>
   <trkpt lon="5.953908" lat="45.240518"><ele>1013.0</ele></trkpt>
   <trkpt lon="5.954476" lat="45.240668"><ele>1011.75</ele></trkpt>
   <trkpt lon="5.955059" lat="45.240941"><ele>1008.0</ele></trkpt>
   <trkpt lon="5.955666" lat="45.241369"><ele>1001.75</ele></trkpt>
   <trkpt lon="5.956055" lat="45.241484"><ele>996.75</ele></trkpt>
   <trkpt lon="5.956499" lat="45.241512"><ele>991.75</ele></trkpt>
   <trkpt lon="5.956850" lat="45.241483"><ele>989.0</ele></trkpt>
   <trkpt lon="5.957689" lat="45.241346"><ele>985.75</ele></trkpt>
   <trkpt lon="5.958039" lat="45.241321"><ele>985.5</ele></trkpt>
   <trkpt lon="5.958453" lat="45.241274"><ele>985.75</ele></trkpt>
   <trkpt lon="5.958800" lat="45.241176"><ele>987.0</ele></trkpt>
   <trkpt lon="5.959418" lat="45.241048"><ele>987.0</ele></trkpt>
   <trkpt lon="5.959612" lat="45.240987"><ele>986.75</ele></trkpt>
   <trkpt lon="5.960174" lat="45.240719"><ele>988.0</ele></trkpt>
   <trkpt lon="5.960492" lat="45.240610"><ele>988.25</ele></trkpt>
   <trkpt lon="5.960622" lat="45.240577"><ele>987.75</ele></trkpt>
   <trkpt lon="5.960750" lat="45.240557"><ele>986.75</ele></trkpt>
   <trkpt lon="5.960970" lat="45.240539"><ele>984.75</ele></trkpt>
   <trkpt lon="5.961148" lat="45.240496"><ele>983.75</ele></trkpt>
   <trkpt lon="5.961354" lat="45.240413"><ele>982.5</ele></trkpt>
   <trkpt lon="5.961558" lat="45.240300"><ele>982.25</ele></trkpt>
   <trkpt lon="5.961751" lat="45.240182"><ele>982.5</ele></trkpt>
   <trkpt lon="5.961953" lat="45.240089"><ele>981.75</ele></trkpt>
   <trkpt lon="5.962226" lat="45.240004"><ele>979.75</ele></trkpt>
   <trkpt lon="5.962679" lat="45.239888"><ele>975.0</ele></trkpt>
   <trkpt lon="5.963253" lat="45.239763"><ele>969.0</ele></trkpt>
   <trkpt lon="5.963468" lat="45.239738"><ele>966.5</ele></trkpt>
   <trkpt lon="5.963649" lat="45.239737"><ele>964.0</ele></trkpt>
   <trkpt lon="5.964192" lat="45.239770"><ele>956.25</ele></trkpt>
   <trkpt lon="5.964653" lat="45.239706"><ele>953.0</ele></trkpt>
   <trkpt lon="5.965311" lat="45.239444"><ele>953.5</ele></trkpt>
   <trkpt lon="5.965828" lat="45.239346"><ele>950.75</ele></trkpt>
   <trkpt lon="5.966106" lat="45.239356"><ele>947.25</ele></trkpt>
   <trkpt lon="5.966301" lat="45.239353"><ele>945.25</ele></trkpt>
   <trkpt lon="5.966442" lat="45.239342"><ele>943.75</ele></trkpt>
   <trkpt lon="5.966597" lat="45.239316"><ele>942.0</ele></trkpt>
   <trkpt lon="5.966726" lat="45.239266"><ele>941.5</ele></trkpt>
   <trkpt lon="5.966928" lat="45.239171"><ele>940.0</ele></trkpt>
   <trkpt lon="5.967109" lat="45.239051"><ele>940.0</ele></trkpt>
   <trkpt lon="5.967257" lat="45.238914"><ele>941.5</ele></trkpt>
   <trkpt lon="5.967384" lat="45.238740"><ele>944.0</ele></trkpt>
   <trkpt lon="5.967580" lat="45.238540"><ele>946.5</ele></trkpt>
   <trkpt lon="5.967689" lat="45.238482"><ele>946.25</ele></trkpt>
   <trkpt lon="5.967834" lat="45.238428"><ele>945.5</ele></trkpt>
   <trkpt lon="5.967993" lat="45.238386"><ele>944.25</ele></trkpt>
   <trkpt lon="5.968269" lat="45.238344"><ele>940.75</ele></trkpt>
   <trkpt lon="5.968727" lat="45.238301"><ele>934.25</ele></trkpt>
   <trkpt lon="5.968962" lat="45.238260"><ele>932.25</ele></trkpt>
   <trkpt lon="5.969167" lat="45.238205"><ele>931.0</ele></trkpt>
   <trkpt lon="5.969552" lat="45.238075"><ele>928.75</ele></trkpt>
   <trkpt lon="5.969742" lat="45.238000"><ele>928.25</ele></trkpt>
   <trkpt lon="5.971597" lat="45.237218"><ele>923.25</ele></trkpt>
   <trkpt lon="5.972207" lat="45.237036"><ele>918.25</ele></trkpt>
   <trkpt lon="5.972374" lat="45.237025"><ele>917.5</ele></trkpt>
   <trkpt lon="5.972536" lat="45.237040"><ele>916.75</ele></trkpt>
   <trkpt lon="5.972627" lat="45.237054"><ele>916.75</ele></trkpt>
   <trkpt lon="5.972716" lat="45.237077"><ele>916.5</ele></trkpt>
   <trkpt lon="5.972811" lat="45.237110"><ele>916.0</ele></trkpt>
   <trkpt lon="5.972902" lat="45.237148"><ele>915.75</ele></trkpt>
   <trkpt lon="5.973048" lat="45.237241"><ele>914.75</ele></trkpt>
   <trkpt lon="5.973172" lat="45.237358"><ele>913.5</ele></trkpt>
   <trkpt lon="5.973471" lat="45.237762"><ele>908.5</ele></trkpt>
   <trkpt lon="5.973667" lat="45.238094"><ele>905.75</ele></trkpt>
   <trkpt lon="5.973725" lat="45.238175"><ele>905.25</ele></trkpt>
   <trkpt lon="5.973776" lat="45.238359"><ele>904.5</ele></trkpt>
   <trkpt lon="5.973809" lat="45.238510"><ele>904.0</ele></trkpt>
   <trkpt lon="5.973827" lat="45.238571"><ele>903.75</ele></trkpt>
   <trkpt lon="5.973840" lat="45.238645"><ele>903.75</ele></trkpt>
   <trkpt lon="5.973760" lat="45.238850"><ele>903.5</ele></trkpt>
   <trkpt lon="5.973702" lat="45.239004"><ele>903.25</ele></trkpt>
   <trkpt lon="5.973497" lat="45.239576"><ele>902.5</ele></trkpt>
   <trkpt lon="5.973430" lat="45.239778"><ele>902.25</ele></trkpt>
   <trkpt lon="5.973448" lat="45.239874"><ele>902.25</ele></trkpt>
   <trkpt lon="5.973472" lat="45.239902"><ele>902.25</ele></trkpt>
   <trkpt lon="5.973503" lat="45.239937"><ele>902.5</ele></trkpt>
   <trkpt lon="5.973673" lat="45.239983"><ele>903.0</ele></trkpt>
   <trkpt lon="5.974034" lat="45.239958"><ele>904.0</ele></trkpt>
   <trkpt lon="5.974375" lat="45.239977"><ele>906.25</ele></trkpt>
   <trkpt lon="5.974714" lat="45.240055"><ele>910.0</ele></trkpt>
   <trkpt lon="5.974847" lat="45.240180"><ele>913.25</ele></trkpt>
   <trkpt lon="5.975104" lat="45.240595"><ele>917.25</ele></trkpt>
   <trkpt lon="5.975179" lat="45.240739"><ele>918.75</ele></trkpt>
   <trkpt lon="5.975200" lat="45.240877"><ele>919.25</ele></trkpt>
   <trkpt lon="5.975101" lat="45.241197"><ele>919.75</ele></trkpt>
   <trkpt lon="5.974717" lat="45.241955"><ele>926.0</ele></trkpt>
   <trkpt lon="5.974381" lat="45.242575"><ele>930.5</ele></trkpt>
   <trkpt lon="5.974332" lat="45.242714"><ele>931.75</ele></trkpt>
   <trkpt lon="5.974317" lat="45.242825"><ele>933.0</ele></trkpt>
   <trkpt lon="5.974349" lat="45.243173"><ele>936.75</ele></trkpt>
   <trkpt lon="5.974341" lat="45.243276"><ele>937.75</ele></trkpt>
   <trkpt lon="5.974315" lat="45.243368"><ele>938.5</ele></trkpt>
   <trkpt lon="5.974269" lat="45.243454"><ele>939.0</ele></trkpt>
   <trkpt lon="5.974194" lat="45.243532"><ele>939.25</ele></trkpt>
   <trkpt lon="5.974105" lat="45.243610"><ele>939.75</ele></trkpt>
   <trkpt lon="5.973796" lat="45.243778"><ele>941.0</ele></trkpt>
   <trkpt lon="5.973475" lat="45.243962"><ele>942.75</ele></trkpt>
   <trkpt lon="5.973364" lat="45.244091"><ele>944.75</ele></trkpt>
   <trkpt lon="5.973317" lat="45.244226"><ele>946.25</ele></trkpt>
   <trkpt lon="5.973336" lat="45.244394"><ele>948.25</ele></trkpt>
   <trkpt lon="5.973444" lat="45.244623"><ele>951.75</ele></trkpt>
   <trkpt lon="5.973397" lat="45.244805"><ele>953.25</ele></trkpt>
   <trkpt lon="5.973309" lat="45.244949"><ele>954.5</ele></trkpt>
   <trkpt lon="5.973049" lat="45.245146"><ele>954.0</ele></trkpt>
   <trkpt lon="5.972919" lat="45.245312"><ele>955.0</ele></trkpt>
   <trkpt lon="5.972919" lat="45.245945"><ele>964.0</ele></trkpt>
   <trkpt lon="5.972684" lat="45.247077"><ele>972.75</ele></trkpt>
   <trkpt lon="5.972749" lat="45.247947"><ele>980.25</ele></trkpt>
   <trkpt lon="5.972724" lat="45.248185"><ele>982.5</ele></trkpt>
   <trkpt lon="5.972477" lat="45.248785"><ele>986.5</ele></trkpt>
   <trkpt lon="5.972436" lat="45.248917"><ele>987.5</ele></trkpt>
   <trkpt lon="5.972314" lat="45.248967"><ele>986.75</ele></trkpt>
   <trkpt lon="5.971985" lat="45.249222"><ele>986.0</ele></trkpt>
   <trkpt lon="5.971731" lat="45.249418"><ele>985.25</ele></trkpt>
   <trkpt lon="5.971388" lat="45.249714"><ele>985.75</ele></trkpt>
   <trkpt lon="5.971079" lat="45.249952"><ele>985.0</ele></trkpt>
   <trkpt lon="5.970880" lat="45.250101"><ele>984.5</ele></trkpt>
   <trkpt lon="5.970718" lat="45.250263"><ele>985.0</ele></trkpt>
   <trkpt lon="5.970292" lat="45.250861"><ele>986.25</ele></trkpt>
   <trkpt lon="5.970277" lat="45.250981"><ele>987.0</ele></trkpt>
   <trkpt lon="5.970316" lat="45.251183"><ele>988.25</ele></trkpt>
   <trkpt lon="5.970312" lat="45.251363"><ele>989.0</ele></trkpt>
   <trkpt lon="5.970331" lat="45.251427"><ele>989.5</ele></trkpt>
   <trkpt lon="5.970282" lat="45.251497"><ele>989.25</ele></trkpt>
   <trkpt lon="5.970251" lat="45.251564"><ele>989.25</ele></trkpt>
   <trkpt lon="5.970258" lat="45.251627"><ele>989.5</ele></trkpt>
   <trkpt lon="5.970313" lat="45.251689"><ele>990.25</ele></trkpt>
   <trkpt lon="5.970368" lat="45.251735"><ele>990.5</ele></trkpt>
   <trkpt lon="5.970407" lat="45.251792"><ele>990.75</ele></trkpt>
   <trkpt lon="5.970402" lat="45.251838"><ele>990.75</ele></trkpt>
   <trkpt lon="5.970371" lat="45.251896"><ele>990.5</ele></trkpt>
   <trkpt lon="5.970120" lat="45.251985"><ele>989.5</ele></trkpt>
   <trkpt lon="5.969933" lat="45.252069"><ele>988.5</ele></trkpt>
   <trkpt lon="5.969828" lat="45.252184"><ele>988.0</ele></trkpt>
   <trkpt lon="5.969761" lat="45.252370"><ele>987.75</ele></trkpt>
   <trkpt lon="5.969749" lat="45.253575"><ele>986.25</ele></trkpt>
   <trkpt lon="5.969765" lat="45.254001"><ele>986.0</ele></trkpt>
   <trkpt lon="5.969797" lat="45.254190"><ele>985.5</ele></trkpt>
   <trkpt lon="5.969856" lat="45.254345"><ele>985.75</ele></trkpt>
   <trkpt lon="5.970077" lat="45.254594"><ele>986.75</ele></trkpt>
   <trkpt lon="5.970588" lat="45.255052"><ele>985.25</ele></trkpt>
   <trkpt lon="5.970845" lat="45.255370"><ele>981.25</ele></trkpt>
   <trkpt lon="5.970936" lat="45.255435"><ele>980.0</ele></trkpt>
   <trkpt lon="5.971024" lat="45.255479"><ele>979.25</ele></trkpt>
   <trkpt lon="5.971187" lat="45.255524"><ele>978.5</ele></trkpt>
   <trkpt lon="5.971669" lat="45.255586"><ele>977.0</ele></trkpt>
   <trkpt lon="5.971843" lat="45.255603"><ele>976.0</ele></trkpt>
   <trkpt lon="5.971996" lat="45.255613"><ele>975.25</ele></trkpt>
   <trkpt lon="5.972110" lat="45.255613"><ele>974.75</ele></trkpt>
   <trkpt lon="5.972502" lat="45.255595"><ele>973.0</ele></trkpt>
   <trkpt lon="5.972724" lat="45.255604"><ele>972.0</ele></trkpt>
   <trkpt lon="5.972820" lat="45.255614"><ele>971.5</ele></trkpt>
   <trkpt lon="5.972932" lat="45.255635"><ele>970.5</ele></trkpt>
   <trkpt lon="5.973060" lat="45.255672"><ele>969.0</ele></trkpt>
   <trkpt lon="5.973758" lat="45.255902"><ele>964.5</ele></trkpt>
   <trkpt lon="5.974311" lat="45.256086"><ele>962.0</ele></trkpt>
   <trkpt lon="5.974497" lat="45.256163"><ele>960.75</ele></trkpt>
   <trkpt lon="5.974875" lat="45.256348"><ele>958.25</ele></trkpt>
   <trkpt lon="5.975318" lat="45.256579"><ele>955.5</ele></trkpt>
   <trkpt lon="5.975413" lat="45.256636"><ele>955.0</ele></trkpt>
   <trkpt lon="5.975541" lat="45.256727"><ele>954.0</ele></trkpt>
   <trkpt lon="5.975663" lat="45.256857"><ele>952.5</ele></trkpt>
   <trkpt lon="5.976054" lat="45.257413"><ele>946.5</ele></trkpt>
   <trkpt lon="5.976356" lat="45.257838"><ele>943.0</ele></trkpt>
   <trkpt lon="5.976403" lat="45.257902"><ele>942.75</ele></trkpt>
   <trkpt lon="5.977091" lat="45.258887"><ele>936.0</ele></trkpt>
   <trkpt lon="5.977464" lat="45.259246"><ele>932.25</ele></trkpt>
   <trkpt lon="5.978059" lat="45.259804"><ele>926.5</ele></trkpt>
   <trkpt lon="5.978152" lat="45.259916"><ele>925.25</ele></trkpt>
   <trkpt lon="5.978212" lat="45.260031"><ele>924.25</ele></trkpt>
   <trkpt lon="5.978250" lat="45.260159"><ele>923.0</ele></trkpt>
   <trkpt lon="5.978260" lat="45.260233"><ele>922.25</ele></trkpt>
   <trkpt lon="5.978387" lat="45.261464"><ele>912.5</ele></trkpt>
   <trkpt lon="5.978460" lat="45.261891"><ele>909.75</ele></trkpt>
   <trkpt lon="5.978533" lat="45.262212"><ele>907.25</ele></trkpt>
   <trkpt lon="5.978710" lat="45.262950"><ele>902.25</ele></trkpt>
   <trkpt lon="5.978734" lat="45.263122"><ele>901.25</ele></trkpt>
   <trkpt lon="5.978720" lat="45.263235"><ele>900.25</ele></trkpt>
   <trkpt lon="5.978700" lat="45.263307"><ele>899.5</ele></trkpt>
   <trkpt lon="5.978670" lat="45.263402"><ele>898.75</ele></trkpt>
   <trkpt lon="5.978629" lat="45.263502"><ele>897.75</ele></trkpt>
   <trkpt lon="5.978307" lat="45.264216"><ele>890.0</ele></trkpt>
   <trkpt lon="5.978198" lat="45.264477"><ele>886.25</ele></trkpt>
   <trkpt lon="5.978166" lat="45.264589"><ele>884.5</ele></trkpt>
   <trkpt lon="5.978167" lat="45.264643"><ele>884.25</ele></trkpt>
   <trkpt lon="5.978184" lat="45.264731"><ele>884.0</ele></trkpt>
   <trkpt lon="5.978206" lat="45.264786"><ele>883.75</ele></trkpt>
   <trkpt lon="5.978458" lat="45.265221"><ele>882.75</ele></trkpt>
   <trkpt lon="5.978622" lat="45.265471"><ele>881.0</ele></trkpt>
   <trkpt lon="5.978912" lat="45.265854"><ele>877.75</ele></trkpt>
   <trkpt lon="5.978966" lat="45.265911"><ele>877.0</ele></trkpt>
   <trkpt lon="5.979087" lat="45.266002"><ele>876.5</ele></trkpt>
   <trkpt lon="5.979284" lat="45.266104"><ele>877.25</ele></trkpt>
   <trkpt lon="5.979363" lat="45.266153"><ele>877.75</ele></trkpt>
   <trkpt lon="5.979426" lat="45.266204"><ele>877.75</ele></trkpt>
   <trkpt lon="5.979537" lat="45.266322"><ele>877.75</ele></trkpt>
   <trkpt lon="5.979434" lat="45.266361"><ele>875.25</ele></trkpt>
   <trkpt lon="5.979358" lat="45.266369"><ele>873.75</ele></trkpt>
   <trkpt lon="5.979309" lat="45.266368"><ele>872.75</ele></trkpt>
   <trkpt lon="5.979263" lat="45.266360"><ele>872.25</ele></trkpt>
   <trkpt lon="5.979208" lat="45.266347"><ele>871.25</ele></trkpt>
   <trkpt lon="5.979157" lat="45.266322"><ele>871.0</ele></trkpt>
   <trkpt lon="5.979120" lat="45.266297"><ele>870.75</ele></trkpt>
   <trkpt lon="5.978982" lat="45.266144"><ele>871.5</ele></trkpt>
   <trkpt lon="5.978906" lat="45.266085"><ele>871.75</ele></trkpt>
   <trkpt lon="5.978821" lat="45.266030"><ele>871.75</ele></trkpt>
   <trkpt lon="5.978616" lat="45.265934"><ele>870.75</ele></trkpt>
   <trkpt lon="5.978345" lat="45.265851"><ele>866.75</ele></trkpt>
   <trkpt lon="5.978235" lat="45.265807"><ele>865.75</ele></trkpt>
   <trkpt lon="5.978122" lat="45.265748"><ele>865.0</ele></trkpt>
   <trkpt lon="5.978016" lat="45.265680"><ele>864.5</ele></trkpt>
   <trkpt lon="5.977915" lat="45.265605"><ele>864.25</ele></trkpt>
   <trkpt lon="5.977607" lat="45.265338"><ele>862.25</ele></trkpt>
   <trkpt lon="5.977331" lat="45.265065"><ele>860.25</ele></trkpt>
   <trkpt lon="5.977056" lat="45.264859"><ele>857.0</ele></trkpt>
   <trkpt lon="5.976990" lat="45.264824"><ele>856.25</ele></trkpt>
   <trkpt lon="5.976781" lat="45.264692"><ele>854.25</ele></trkpt>
   <trkpt lon="5.976691" lat="45.264626"><ele>853.75</ele></trkpt>
   <trkpt lon="5.976598" lat="45.264538"><ele>853.5</ele></trkpt>
   <trkpt lon="5.976539" lat="45.264503"><ele>852.75</ele></trkpt>
   <trkpt lon="5.976450" lat="45.264479"><ele>851.5</ele></trkpt>
   <trkpt lon="5.976377" lat="45.264483"><ele>850.25</ele></trkpt>
   <trkpt lon="5.976322" lat="45.264502"><ele>849.5</ele></trkpt>
   <trkpt lon="5.976293" lat="45.264536"><ele>848.75</ele></trkpt>
   <trkpt lon="5.976301" lat="45.264630"><ele>847.75</ele></trkpt>
   <trkpt lon="5.976323" lat="45.264671"><ele>847.5</ele></trkpt>
   <trkpt lon="5.976425" lat="45.264791"><ele>847.5</ele></trkpt>
   <trkpt lon="5.976475" lat="45.264869"><ele>847.25</ele></trkpt>
   <trkpt lon="5.976548" lat="45.265062"><ele>845.75</ele></trkpt>
   <trkpt lon="5.976601" lat="45.265250"><ele>844.0</ele></trkpt>
   <trkpt lon="5.976643" lat="45.265459"><ele>842.5</ele></trkpt>
   <trkpt lon="5.976836" lat="45.266229"><ele>838.5</ele></trkpt>
   <trkpt lon="5.976857" lat="45.266340"><ele>838.0</ele></trkpt>
   <trkpt lon="5.976890" lat="45.266660"><ele>836.5</ele></trkpt>
   <trkpt lon="5.976941" lat="45.266959"><ele>833.75</ele></trkpt>
   <trkpt lon="5.977028" lat="45.267244"><ele>831.5</ele></trkpt>
   <trkpt lon="5.977207" lat="45.267724"><ele>828.25</ele></trkpt>
   <trkpt lon="5.977226" lat="45.267840"><ele>827.25</ele></trkpt>
   <trkpt lon="5.977190" lat="45.267899"><ele>826.25</ele></trkpt>
   <trkpt lon="5.977163" lat="45.267918"><ele>825.75</ele></trkpt>
   <trkpt lon="5.977073" lat="45.267944"><ele>824.5</ele></trkpt>
   <trkpt lon="5.977008" lat="45.267944"><ele>823.75</ele></trkpt>
   <trkpt lon="5.976958" lat="45.267936"><ele>823.25</ele></trkpt>
   <trkpt lon="5.976899" lat="45.267920"><ele>823.0</ele></trkpt>
   <trkpt lon="5.976859" lat="45.267901"><ele>823.0</ele></trkpt>
   <trkpt lon="5.976717" lat="45.267770"><ele>823.25</ele></trkpt>
   <trkpt lon="5.976624" lat="45.267703"><ele>823.25</ele></trkpt>
   <trkpt lon="5.976541" lat="45.267661"><ele>822.75</ele></trkpt>
   <trkpt lon="5.975844" lat="45.267180"><ele>819.25</ele></trkpt>
   <trkpt lon="5.975373" lat="45.266821"><ele>814.75</ele></trkpt>
   <trkpt lon="5.975219" lat="45.266753"><ele>813.5</ele></trkpt>
   <trkpt lon="5.975177" lat="45.266754"><ele>813.25</ele></trkpt>
   <trkpt lon="5.975066" lat="45.266755"><ele>812.0</ele></trkpt>
   <trkpt lon="5.974957" lat="45.266781"><ele>810.25</ele></trkpt>
   <trkpt lon="5.974902" lat="45.266821"><ele>809.25</ele></trkpt>
   <trkpt lon="5.974858" lat="45.266867"><ele>808.0</ele></trkpt>
   <trkpt lon="5.974830" lat="45.266912"><ele>807.0</ele></trkpt>
   <trkpt lon="5.974731" lat="45.267281"><ele>803.75</ele></trkpt>
   <trkpt lon="5.974685" lat="45.267391"><ele>802.5</ele></trkpt>
   <trkpt lon="5.974598" lat="45.267542"><ele>800.75</ele></trkpt>
   <trkpt lon="5.974249" lat="45.268008"><ele>797.0</ele></trkpt>
   <trkpt lon="5.974000" lat="45.268142"><ele>792.75</ele></trkpt>
   <trkpt lon="5.973799" lat="45.268217"><ele>788.0</ele></trkpt>
   <trkpt lon="5.973689" lat="45.268281"><ele>784.5</ele></trkpt>
   <trkpt lon="5.973626" lat="45.268336"><ele>782.5</ele></trkpt>
   <trkpt lon="5.973605" lat="45.268405"><ele>781.0</ele></trkpt>
   <trkpt lon="5.973601" lat="45.268478"><ele>780.0</ele></trkpt>
   <trkpt lon="5.973664" lat="45.268549"><ele>781.25</ele></trkpt>
   <trkpt lon="5.973993" lat="45.268797"><ele>783.25</ele></trkpt>
   <trkpt lon="5.974296" lat="45.269045"><ele>778.75</ele></trkpt>
   <trkpt lon="5.974409" lat="45.269115"><ele>777.5</ele></trkpt>
   <trkpt lon="5.974768" lat="45.269172"><ele>780.25</ele></trkpt>
   <trkpt lon="5.975392" lat="45.269210"><ele>782.5</ele></trkpt>
   <trkpt lon="5.975701" lat="45.269244"><ele>782.5</ele></trkpt>
   <trkpt lon="5.975919" lat="45.269254"><ele>783.5</ele></trkpt>
   <trkpt lon="5.976100" lat="45.269269"><ele>784.0</ele></trkpt>
   <trkpt lon="5.976191" lat="45.269310"><ele>783.25</ele></trkpt>
   <trkpt lon="5.976222" lat="45.269346"><ele>782.0</ele></trkpt>
   <trkpt lon="5.976220" lat="45.269388"><ele>780.5</ele></trkpt>
   <trkpt lon="5.976205" lat="45.269483"><ele>778.75</ele></trkpt>
   <trkpt lon="5.976113" lat="45.269535"><ele>778.25</ele></trkpt>
   <trkpt lon="5.976000" lat="45.269551"><ele>777.0</ele></trkpt>
   <trkpt lon="5.975795" lat="45.269563"><ele>775.0</ele></trkpt>
   <trkpt lon="5.975611" lat="45.269562"><ele>773.25</ele></trkpt>
   <trkpt lon="5.975490" lat="45.269588"><ele>772.5</ele></trkpt>
   <trkpt lon="5.975401" lat="45.269617"><ele>772.0</ele></trkpt>
   <trkpt lon="5.975017" lat="45.269788"><ele>770.25</ele></trkpt>
   <trkpt lon="5.974813" lat="45.269828"><ele>769.0</ele></trkpt>
   <trkpt lon="5.974559" lat="45.269830"><ele>766.0</ele></trkpt>
   <trkpt lon="5.974292" lat="45.269783"><ele>761.75</ele></trkpt>
   <trkpt lon="5.974044" lat="45.269792"><ele>759.75</ele></trkpt>
   <trkpt lon="5.973741" lat="45.269837"><ele>758.5</ele></trkpt>
   <trkpt lon="5.973490" lat="45.269823"><ele>756.5</ele></trkpt>
   <trkpt lon="5.972959" lat="45.269761"><ele>749.5</ele></trkpt>
   <trkpt lon="5.972114" lat="45.269819"><ele>742.5</ele></trkpt>
   <trkpt lon="5.971704" lat="45.269825"><ele>736.75</ele></trkpt>
   <trkpt lon="5.970738" lat="45.270021"><ele>730.75</ele></trkpt>
   <trkpt lon="5.970384" lat="45.270027"><ele>728.5</ele></trkpt>
   <trkpt lon="5.969793" lat="45.269988"><ele>726.5</ele></trkpt>
   <trkpt lon="5.969608" lat="45.269893"><ele>723.0</ele></trkpt>
   <trkpt lon="5.969126" lat="45.269768"><ele>719.25</ele></trkpt>
   <trkpt lon="5.968764" lat="45.269697"><ele>716.75</ele></trkpt>
   <trkpt lon="5.968603" lat="45.269664"><ele>714.75</ele></trkpt>
   <trkpt lon="5.968259" lat="45.269667"><ele>713.5</ele></trkpt>
   <trkpt lon="5.968420" lat="45.269614"><ele>710.75</ele></trkpt>
   <trkpt lon="5.968683" lat="45.269585"><ele>710.75</ele></trkpt>
   <trkpt lon="5.969055" lat="45.269601"><ele>712.25</ele></trkpt>
   <trkpt lon="5.969249" lat="45.269618"><ele>712.75</ele></trkpt>
   <trkpt lon="5.969780" lat="45.269540"><ele>712.0</ele></trkpt>
   <trkpt lon="5.969945" lat="45.269506"><ele>712.0</ele></trkpt>
   <trkpt lon="5.970009" lat="45.269453"><ele>711.25</ele></trkpt>
   <trkpt lon="5.970039" lat="45.269387"><ele>711.25</ele></trkpt>
   <trkpt lon="5.970018" lat="45.269265"><ele>711.0</ele></trkpt>
   <trkpt lon="5.969987" lat="45.269234"><ele>710.75</ele></trkpt>
   <trkpt lon="5.969879" lat="45.269173"><ele>709.25</ele></trkpt>
   <trkpt lon="5.969625" lat="45.269075"><ele>708.0</ele></trkpt>
   <trkpt lon="5.969226" lat="45.268881"><ele>704.5</ele></trkpt>
   <trkpt lon="5.968891" lat="45.268814"><ele>698.0</ele></trkpt>
   <trkpt lon="5.968822" lat="45.268759"><ele>696.75</ele></trkpt>
   <trkpt lon="5.968770" lat="45.268596"><ele>697.5</ele></trkpt>
   <trkpt lon="5.968782" lat="45.268487"><ele>699.25</ele></trkpt>
   <trkpt lon="5.968824" lat="45.268329"><ele>702.0</ele></trkpt>
   <trkpt lon="5.969061" lat="45.267851"><ele>710.75</ele></trkpt>
   <trkpt lon="5.969090" lat="45.267738"><ele>711.75</ele></trkpt>
   <trkpt lon="5.969008" lat="45.267631"><ele>711.25</ele></trkpt>
   <trkpt lon="5.968892" lat="45.267555"><ele>710.25</ele></trkpt>
   <trkpt lon="5.968791" lat="45.267540"><ele>710.75</ele></trkpt>
   <trkpt lon="5.968665" lat="45.267556"><ele>710.5</ele></trkpt>
   <trkpt lon="5.968291" lat="45.267701"><ele>707.5</ele></trkpt>
   <trkpt lon="5.968206" lat="45.267712"><ele>707.0</ele></trkpt>
   <trkpt lon="5.968133" lat="45.267710"><ele>707.25</ele></trkpt>
   <trkpt lon="5.967973" lat="45.267683"><ele>708.0</ele></trkpt>
   <trkpt lon="5.967657" lat="45.267592"><ele>709.5</ele></trkpt>
   <trkpt lon="5.966693" lat="45.267084"><ele>718.25</ele></trkpt>
   <trkpt lon="5.966587" lat="45.267061"><ele>718.25</ele></trkpt>
   <trkpt lon="5.966481" lat="45.267064"><ele>717.5</ele></trkpt>
   <trkpt lon="5.966368" lat="45.267108"><ele>715.5</ele></trkpt>
   <trkpt lon="5.965719" lat="45.267486"><ele>703.25</ele></trkpt>
   <trkpt lon="5.965542" lat="45.267522"><ele>702.75</ele></trkpt>
   <trkpt lon="5.965399" lat="45.267511"><ele>703.25</ele></trkpt>
   <trkpt lon="5.965271" lat="45.267467"><ele>705.75</ele></trkpt>
   <trkpt lon="5.965156" lat="45.267404"><ele>708.5</ele></trkpt>
   <trkpt lon="5.964882" lat="45.267170"><ele>719.75</ele></trkpt>
   <trkpt lon="5.964739" lat="45.267100"><ele>722.25</ele></trkpt>
   <trkpt lon="5.964575" lat="45.267092"><ele>722.75</ele></trkpt>
   <trkpt lon="5.964475" lat="45.267135"><ele>721.0</ele></trkpt>
   <trkpt lon="5.964364" lat="45.267205"><ele>718.5</ele></trkpt>
   <trkpt lon="5.964230" lat="45.267291"><ele>715.75</ele></trkpt>
   <trkpt lon="5.964066" lat="45.267369"><ele>713.5</ele></trkpt>
   <trkpt lon="5.963960" lat="45.267389"><ele>713.5</ele></trkpt>
   <trkpt lon="5.963846" lat="45.267374"><ele>715.0</ele></trkpt>
   <trkpt lon="5.963352" lat="45.267235"><ele>722.25</ele></trkpt>
   <trkpt lon="5.963141" lat="45.267195"><ele>723.0</ele></trkpt>
   <trkpt lon="5.962977" lat="45.267178"><ele>722.75</ele></trkpt>
   <trkpt lon="5.962931" lat="45.267213"><ele>721.75</ele></trkpt>
   <trkpt lon="5.962847" lat="45.267216"><ele>721.25</ele></trkpt>
   <trkpt lon="5.962615" lat="45.267206"><ele>720.75</ele></trkpt>
   <trkpt lon="5.962260" lat="45.267180"><ele>720.0</ele></trkpt>
   <trkpt lon="5.960940" lat="45.267000"><ele>717.25</ele></trkpt>
   <trkpt lon="5.960396" lat="45.266912"><ele>715.5</ele></trkpt>
   <trkpt lon="5.959955" lat="45.266796"><ele>714.0</ele></trkpt>
   <trkpt lon="5.959440" lat="45.266710"><ele>710.0</ele></trkpt>
   <trkpt lon="5.959054" lat="45.266668"><ele>706.75</ele></trkpt>
   <trkpt lon="5.958641" lat="45.266659"><ele>702.25</ele></trkpt>
   <trkpt lon="5.958519" lat="45.266640"><ele>701.25</ele></trkpt>
   <trkpt lon="5.958315" lat="45.266607"><ele>699.5</ele></trkpt>
   <trkpt lon="5.957966" lat="45.266481"><ele>697.0</ele></trkpt>
   <trkpt lon="5.957040" lat="45.266250"><ele>689.5</ele></trkpt>
   <trkpt lon="5.956579" lat="45.266177"><ele>685.75</ele></trkpt>
   <trkpt lon="5.956084" lat="45.266173"><ele>681.25</ele></trkpt>
   <trkpt lon="5.955642" lat="45.266203"><ele>677.5</ele></trkpt>
   <trkpt lon="5.955345" lat="45.266193"><ele>675.0</ele></trkpt>
   <trkpt lon="5.955079" lat="45.266096"><ele>673.25</ele></trkpt>
   <trkpt lon="5.954966" lat="45.266091"><ele>672.0</ele></trkpt>
   <trkpt lon="5.954851" lat="45.266141"><ele>669.5</ele></trkpt>
   <trkpt lon="5.954817" lat="45.266239"><ele>667.0</ele></trkpt>
   <trkpt lon="5.954865" lat="45.266317"><ele>666.0</ele></trkpt>
   <trkpt lon="5.955103" lat="45.266529"><ele>665.25</ele></trkpt>
   <trkpt lon="5.955401" lat="45.266929"><ele>662.0</ele></trkpt>
   <trkpt lon="5.955453" lat="45.267027"><ele>661.25</ele></trkpt>
   <trkpt lon="5.955593" lat="45.267158"><ele>661.0</ele></trkpt>
   <trkpt lon="5.955630" lat="45.267244"><ele>660.0</ele></trkpt>
   <trkpt lon="5.955610" lat="45.267323"><ele>658.0</ele></trkpt>
   <trkpt lon="5.955499" lat="45.267369"><ele>656.25</ele></trkpt>
   <trkpt lon="5.955364" lat="45.267358"><ele>655.25</ele></trkpt>
   <trkpt lon="5.955200" lat="45.267250"><ele>655.5</ele></trkpt>
   <trkpt lon="5.955031" lat="45.267085"><ele>655.75</ele></trkpt>
   <trkpt lon="5.954953" lat="45.267062"><ele>655.0</ele></trkpt>
   <trkpt lon="5.954838" lat="45.267053"><ele>653.5</ele></trkpt>
   <trkpt lon="5.954766" lat="45.267114"><ele>652.25</ele></trkpt>
   <trkpt lon="5.954745" lat="45.267199"><ele>651.25</ele></trkpt>
   <trkpt lon="5.954760" lat="45.267286"><ele>650.25</ele></trkpt>
   <trkpt lon="5.954855" lat="45.267430"><ele>649.25</ele></trkpt>
   <trkpt lon="5.954896" lat="45.267524"><ele>648.0</ele></trkpt>
   <trkpt lon="5.954894" lat="45.267567"><ele>646.75</ele></trkpt>
   <trkpt lon="5.954869" lat="45.267607"><ele>645.5</ele></trkpt>
   <trkpt lon="5.954810" lat="45.267629"><ele>644.0</ele></trkpt>
   <trkpt lon="5.954751" lat="45.267631"><ele>643.5</ele></trkpt>
   <trkpt lon="5.954605" lat="45.267597"><ele>642.0</ele></trkpt>
   <trkpt lon="5.954416" lat="45.267499"><ele>641.5</ele></trkpt>
   <trkpt lon="5.954238" lat="45.267362"><ele>641.0</ele></trkpt>
   <trkpt lon="5.954142" lat="45.267034"><ele>643.0</ele></trkpt>
   <trkpt lon="5.954062" lat="45.266932"><ele>643.0</ele></trkpt>
   <trkpt lon="5.953997" lat="45.266878"><ele>643.25</ele></trkpt>
   <trkpt lon="5.953892" lat="45.266832"><ele>643.0</ele></trkpt>
   <trkpt lon="5.953779" lat="45.266852"><ele>642.5</ele></trkpt>
   <trkpt lon="5.953620" lat="45.266920"><ele>641.25</ele></trkpt>
   <trkpt lon="5.953384" lat="45.267040"><ele>638.0</ele></trkpt>
   <trkpt lon="5.953225" lat="45.267074"><ele>636.0</ele></trkpt>
   <trkpt lon="5.953107" lat="45.267063"><ele>634.75</ele></trkpt>
   <trkpt lon="5.952908" lat="45.267011"><ele>633.75</ele></trkpt>
   <trkpt lon="5.952753" lat="45.267014"><ele>632.5</ele></trkpt>
   <trkpt lon="5.951640" lat="45.267500"><ele>623.75</ele></trkpt>
   <trkpt lon="5.951500" lat="45.267520"><ele>622.75</ele></trkpt>
   <trkpt lon="5.950140" lat="45.267620"><ele>613.5</ele></trkpt>
   <trkpt lon="5.949960" lat="45.267640"><ele>611.75</ele></trkpt>
   <trkpt lon="5.949620" lat="45.267640"><ele>610.0</ele></trkpt>
   <trkpt lon="5.948230" lat="45.267480"><ele>607.0</ele></trkpt>
   <trkpt lon="5.948050" lat="45.267470"><ele>606.0</ele></trkpt>
   <trkpt lon="5.946730" lat="45.267330"><ele>593.75</ele></trkpt>
   <trkpt lon="5.946550" lat="45.267300"><ele>592.5</ele></trkpt>
   <trkpt lon="5.945698" lat="45.267224"><ele>585.25</ele></trkpt>
   <trkpt lon="5.945543" lat="45.267231"><ele>583.5</ele></trkpt>
   <trkpt lon="5.945442" lat="45.267247"><ele>582.0</ele></trkpt>
   <trkpt lon="5.945278" lat="45.267289"><ele>579.5</ele></trkpt>
   <trkpt lon="5.945143" lat="45.267301"><ele>577.5</ele></trkpt>
   <trkpt lon="5.944945" lat="45.267248"><ele>576.5</ele></trkpt>
   <trkpt lon="5.944782" lat="45.267178"><ele>575.75</ele></trkpt>
   <trkpt lon="5.944579" lat="45.267131"><ele>574.5</ele></trkpt>
   <trkpt lon="5.944350" lat="45.267170"><ele>570.75</ele></trkpt>
   <trkpt lon="5.944200" lat="45.267230"><ele>568.0</ele></trkpt>
   <trkpt lon="5.944046" lat="45.267235"><ele>565.0</ele></trkpt>
   <trkpt lon="5.943961" lat="45.267208"><ele>563.75</ele></trkpt>
   <trkpt lon="5.943879" lat="45.267099"><ele>563.5</ele></trkpt>
   <trkpt lon="5.943827" lat="45.266948"><ele>564.25</ele></trkpt>
   <trkpt lon="5.943705" lat="45.266730"><ele>565.25</ele></trkpt>
   <trkpt lon="5.943508" lat="45.266599"><ele>563.0</ele></trkpt>
   <trkpt lon="5.943046" lat="45.266351"><ele>562.25</ele></trkpt>
   <trkpt lon="5.942985" lat="45.266329"><ele>564.0</ele></trkpt>
   <trkpt lon="5.942899" lat="45.266347"><ele>565.0</ele></trkpt>
   <trkpt lon="5.942867" lat="45.266397"><ele>564.0</ele></trkpt>
   <trkpt lon="5.942869" lat="45.266480"><ele>562.0</ele></trkpt>
   <trkpt lon="5.942911" lat="45.266682"><ele>556.25</ele></trkpt>
   <trkpt lon="5.942951" lat="45.266978"><ele>549.0</ele></trkpt>
   <trkpt lon="5.942826" lat="45.267161"><ele>546.0</ele></trkpt>
   <trkpt lon="5.942590" lat="45.267360"><ele>546.0</ele></trkpt>
   <trkpt lon="5.941905" lat="45.267965"><ele>544.75</ele></trkpt>
   <trkpt lon="5.941804" lat="45.268018"><ele>545.25</ele></trkpt>
   <trkpt lon="5.941652" lat="45.268119"><ele>544.25</ele></trkpt>
   <trkpt lon="5.939988" lat="45.268589"><ele>534.25</ele></trkpt>
   <trkpt lon="5.939620" lat="45.268630"><ele>533.5</ele></trkpt>
   <trkpt lon="5.939328" lat="45.268705"><ele>531.25</ele></trkpt>
   <trkpt lon="5.939098" lat="45.268863"><ele>524.75</ele></trkpt>
   <trkpt lon="5.938263" lat="45.269205"><ele>514.5</ele></trkpt>
   <trkpt lon="5.937810" lat="45.269230"><ele>515.5</ele></trkpt>
   <trkpt lon="5.937469" lat="45.269225"><ele>514.75</ele></trkpt>
   <trkpt lon="5.936613" lat="45.269057"><ele>517.5</ele></trkpt>
   <trkpt lon="5.936103" lat="45.269027"><ele>509.25</ele></trkpt>
   <trkpt lon="5.935690" lat="45.268957"><ele>503.5</ele></trkpt>
   <trkpt lon="5.935487" lat="45.268850"><ele>504.0</ele></trkpt>
   <trkpt lon="5.935344" lat="45.268688"><ele>507.5</ele></trkpt>
   <trkpt lon="5.935218" lat="45.268666"><ele>505.75</ele></trkpt>
   <trkpt lon="5.935097" lat="45.268687"><ele>502.5</ele></trkpt>
   <trkpt lon="5.935022" lat="45.268743"><ele>499.0</ele></trkpt>
   <trkpt lon="5.935020" lat="45.268813"><ele>496.25</ele></trkpt>
   <trkpt lon="5.935120" lat="45.268886"><ele>495.25</ele></trkpt>
   <trkpt lon="5.936283" lat="45.269312"><ele>495.0</ele></trkpt>
   <trkpt lon="5.936609" lat="45.269528"><ele>488.25</ele></trkpt>
   <trkpt lon="5.937130" lat="45.269856"><ele>479.75</ele></trkpt>
   <trkpt lon="5.937355" lat="45.269938"><ele>478.0</ele></trkpt>
   <trkpt lon="5.937341" lat="45.270015"><ele>474.0</ele></trkpt>
   <trkpt lon="5.937235" lat="45.270055"><ele>471.0</ele></trkpt>
   <trkpt lon="5.936508" lat="45.269776"><ele>472.75</ele></trkpt>
   <trkpt lon="5.936371" lat="45.269679"><ele>475.0</ele></trkpt>
   <trkpt lon="5.936179" lat="45.269681"><ele>471.5</ele></trkpt>
   <trkpt lon="5.935960" lat="45.269683"><ele>468.0</ele></trkpt>
   <trkpt lon="5.935697" lat="45.269671"><ele>465.75</ele></trkpt>
   <trkpt lon="5.935492" lat="45.269633"><ele>465.75</ele></trkpt>
   <trkpt lon="5.935063" lat="45.269496"><ele>469.0</ele></trkpt>
   <trkpt lon="5.934704" lat="45.269399"><ele>469.25</ele></trkpt>
   <trkpt lon="5.934360" lat="45.269340"><ele>466.0</ele></trkpt>
   <trkpt lon="5.933824" lat="45.269301"><ele>459.5</ele></trkpt>
   <trkpt lon="5.933550" lat="45.269240"><ele>457.25</ele></trkpt>
   <trkpt lon="5.933264" lat="45.269120"><ele>456.75</ele></trkpt>
   <trkpt lon="5.932980" lat="45.269080"><ele>455.5</ele></trkpt>
   <trkpt lon="5.932849" lat="45.269114"><ele>454.5</ele></trkpt>
   <trkpt lon="5.932579" lat="45.269185"><ele>452.5</ele></trkpt>
   <trkpt lon="5.932498" lat="45.269199"><ele>452.0</ele></trkpt>
   <trkpt lon="5.932059" lat="45.269273"><ele>449.0</ele></trkpt>
   <trkpt lon="5.931740" lat="45.269310"><ele>446.0</ele></trkpt>
   <trkpt lon="5.931650" lat="45.269300"><ele>445.25</ele></trkpt>
   <trkpt lon="5.931470" lat="45.269230"><ele>444.0</ele></trkpt>
   <trkpt lon="5.931080" lat="45.268980"><ele>440.25</ele></trkpt>
   <trkpt lon="5.930722" lat="45.268570"><ele>438.25</ele></trkpt>
   <trkpt lon="5.930592" lat="45.268515"><ele>437.75</ele></trkpt>
   <trkpt lon="5.930465" lat="45.268499"><ele>436.75</ele></trkpt>
   <trkpt lon="5.929409" lat="45.268579"><ele>427.75</ele></trkpt>
   <trkpt lon="5.929071" lat="45.268515"><ele>424.0</ele></trkpt>
   <trkpt lon="5.928795" lat="45.268381"><ele>421.25</ele></trkpt>
   <trkpt lon="5.928132" lat="45.267761"><ele>416.5</ele></trkpt>
   <trkpt lon="5.927750" lat="45.267590"><ele>412.5</ele></trkpt>
   <trkpt lon="5.927600" lat="45.267510"><ele>411.25</ele></trkpt>
   <trkpt lon="5.927345" lat="45.267396"><ele>409.25</ele></trkpt>
   <trkpt lon="5.927259" lat="45.267358"><ele>408.5</ele></trkpt>
   <trkpt lon="5.926775" lat="45.267142"><ele>404.0</ele></trkpt>
   <trkpt lon="5.926480" lat="45.267010"><ele>400.5</ele></trkpt>
   <trkpt lon="5.926360" lat="45.266930"><ele>399.5</ele></trkpt>
   <trkpt lon="5.926271" lat="45.266855"><ele>398.5</ele></trkpt>
   <trkpt lon="5.926170" lat="45.266770"><ele>396.75</ele></trkpt>
   <trkpt lon="5.925920" lat="45.266240"><ele>389.75</ele></trkpt>
   <trkpt lon="5.925931" lat="45.266013"><ele>390.75</ele></trkpt>
   <trkpt lon="5.925985" lat="45.265783"><ele>393.75</ele></trkpt>
   <trkpt lon="5.925876" lat="45.265715"><ele>392.25</ele></trkpt>
   <trkpt lon="5.925731" lat="45.265734"><ele>391.25</ele></trkpt>
   <trkpt lon="5.925498" lat="45.265935"><ele>384.25</ele></trkpt>
   <trkpt lon="5.925267" lat="45.266101"><ele>378.5</ele></trkpt>
   <trkpt lon="5.925036" lat="45.266191"><ele>378.0</ele></trkpt>
   <trkpt lon="5.924781" lat="45.266292"><ele>375.5</ele></trkpt>
   <trkpt lon="5.924379" lat="45.266348"><ele>374.25</ele></trkpt>
   <trkpt lon="5.924057" lat="45.266386"><ele>372.5</ele></trkpt>
   <trkpt lon="5.923858" lat="45.266381"><ele>372.0</ele></trkpt>
   <trkpt lon="5.923639" lat="45.266351"><ele>371.25</ele></trkpt>
   <trkpt lon="5.923459" lat="45.266287"><ele>370.5</ele></trkpt>
   <trkpt lon="5.923318" lat="45.266189"><ele>371.5</ele></trkpt>
   <trkpt lon="5.923166" lat="45.266061"><ele>372.75</ele></trkpt>
   <trkpt lon="5.922769" lat="45.265565"><ele>377.5</ele></trkpt>
   <trkpt lon="5.922671" lat="45.265497"><ele>377.5</ele></trkpt>
   <trkpt lon="5.922550" lat="45.265490"><ele>375.5</ele></trkpt>
   <trkpt lon="5.922449" lat="45.265503"><ele>373.25</ele></trkpt>
   <trkpt lon="5.922338" lat="45.265550"><ele>370.0</ele></trkpt>
   <trkpt lon="5.922511" lat="45.265758"><ele>368.75</ele></trkpt>
   <trkpt lon="5.922574" lat="45.265838"><ele>368.0</ele></trkpt>
   <trkpt lon="5.922883" lat="45.266176"><ele>365.75</ele></trkpt>
   <trkpt lon="5.923194" lat="45.266471"><ele>361.75</ele></trkpt>
   <trkpt lon="5.923263" lat="45.266542"><ele>360.5</ele></trkpt>
   <trkpt lon="5.923293" lat="45.266611"><ele>359.0</ele></trkpt>
   <trkpt lon="5.923290" lat="45.266697"><ele>356.25</ele></trkpt>
   <trkpt lon="5.923231" lat="45.266762"><ele>353.0</ele></trkpt>
   <trkpt lon="5.923161" lat="45.266791"><ele>351.25</ele></trkpt>
   <trkpt lon="5.923075" lat="45.266792"><ele>350.0</ele></trkpt>
   <trkpt lon="5.922948" lat="45.266753"><ele>349.5</ele></trkpt>
   <trkpt lon="5.922835" lat="45.266664"><ele>350.75</ele></trkpt>
   <trkpt lon="5.922537" lat="45.266269"><ele>357.5</ele></trkpt>
   <trkpt lon="5.922231" lat="45.266083"><ele>356.75</ele></trkpt>
   <trkpt lon="5.922073" lat="45.266013"><ele>354.75</ele></trkpt>
   <trkpt lon="5.921852" lat="45.265941"><ele>351.5</ele></trkpt>
   <trkpt lon="5.921512" lat="45.265851"><ele>346.25</ele></trkpt>
   <trkpt lon="5.921314" lat="45.265777"><ele>343.0</ele></trkpt>
   <trkpt lon="5.921156" lat="45.265703"><ele>340.75</ele></trkpt>
   <trkpt lon="5.920866" lat="45.265521"><ele>338.5</ele></trkpt>
   <trkpt lon="5.920089" lat="45.264948"><ele>334.0</ele></trkpt>
   <trkpt lon="5.919168" lat="45.264238"><ele>324.75</ele></trkpt>
   <trkpt lon="5.918763" lat="45.263795"><ele>323.0</ele></trkpt>
   <trkpt lon="5.918640" lat="45.263693"><ele>322.25</ele></trkpt>
   <trkpt lon="5.918475" lat="45.263605"><ele>319.75</ele></trkpt>
   <trkpt lon="5.918324" lat="45.263584"><ele>315.5</ele></trkpt>
   <trkpt lon="5.918174" lat="45.263594"><ele>310.75</ele></trkpt>
   <trkpt lon="5.917988" lat="45.263651"><ele>303.75</ele></trkpt>
   <trkpt lon="5.917911" lat="45.263645"><ele>302.0</ele></trkpt>
   <trkpt lon="5.917795" lat="45.263625"><ele>299.75</ele></trkpt>
   <trkpt lon="5.917692" lat="45.263591"><ele>298.25</ele></trkpt>
   <trkpt lon="5.917615" lat="45.263531"><ele>298.25</ele></trkpt>
   <trkpt lon="5.917557" lat="45.263385"><ele>301.75</ele></trkpt>
   <trkpt lon="5.917542" lat="45.263272"><ele>305.25</ele></trkpt>
   <trkpt lon="5.917484" lat="45.263170"><ele>307.25</ele></trkpt>
   <trkpt lon="5.917172" lat="45.262924"><ele>308.25</ele></trkpt>
   <trkpt lon="5.916609" lat="45.262440"><ele>308.25</ele></trkpt>
   <trkpt lon="5.915119" lat="45.261386"><ele>292.5</ele></trkpt>
   <trkpt lon="5.914791" lat="45.261123"><ele>287.0</ele></trkpt>
   <trkpt lon="5.914229" lat="45.260825"><ele>278.5</ele></trkpt>
   <trkpt lon="5.913784" lat="45.260482"><ele>279.0</ele></trkpt>
   <trkpt lon="5.912734" lat="45.259846"><ele>270.5</ele></trkpt>
   <trkpt lon="5.912417" lat="45.259586"><ele>268.5</ele></trkpt>
   <trkpt lon="5.912060" lat="45.259275"><ele>266.0</ele></trkpt>
   <trkpt lon="5.911652" lat="45.259018"><ele>259.75</ele></trkpt>
   <trkpt lon="5.910925" lat="45.258625"><ele>249.75</ele></trkpt>
   <trkpt lon="5.910737" lat="45.258535"><ele>248.25</ele></trkpt>
   <trkpt lon="5.910278" lat="45.258301"><ele>245.0</ele></trkpt>
   <trkpt lon="5.910193" lat="45.258261"><ele>244.75</ele></trkpt>
   <trkpt lon="5.910124" lat="45.258227"><ele>244.75</ele></trkpt>
   <trkpt lon="5.910048" lat="45.258208"><ele>244.5</ele></trkpt>
   <trkpt lon="5.909808" lat="45.258287"><ele>243.25</ele></trkpt>
   <trkpt lon="5.909535" lat="45.258315"><ele>243.5</ele></trkpt>
   <trkpt lon="5.908714" lat="45.258374"><ele>241.25</ele></trkpt>
   <trkpt lon="5.908480" lat="45.258391"><ele>241.0</ele></trkpt>
   <trkpt lon="5.908334" lat="45.258401"><ele>241.0</ele></trkpt>
   <trkpt lon="5.908126" lat="45.258435"><ele>240.25</ele></trkpt>
   <trkpt lon="5.907776" lat="45.258491"><ele>238.75</ele></trkpt>
   <trkpt lon="5.907447" lat="45.258549"><ele>237.75</ele></trkpt>
   <trkpt lon="5.907156" lat="45.258605"><ele>236.75</ele></trkpt>
   <trkpt lon="5.906965" lat="45.258655"><ele>236.75</ele></trkpt>
   <trkpt lon="5.906793" lat="45.258732"><ele>236.25</ele></trkpt>
   <trkpt lon="5.906635" lat="45.258827"><ele>235.75</ele></trkpt>
   <trkpt lon="5.906162" lat="45.259234"><ele>233.75</ele></trkpt>
   <trkpt lon="5.906132" lat="45.259259"><ele>233.5</ele></trkpt>
   <trkpt lon="5.906052" lat="45.259330"><ele>233.25</ele></trkpt>
   <trkpt lon="5.905589" lat="45.259753"><ele>232.0</ele></trkpt>
   <trkpt lon="5.905415" lat="45.259913"><ele>231.0</ele></trkpt>
   <trkpt lon="5.905229" lat="45.260148"><ele>230.25</ele></trkpt>
   <trkpt lon="5.905186" lat="45.260192"><ele>230.25</ele></trkpt>
   <trkpt lon="5.904182" lat="45.261040"><ele>228.75</ele></trkpt>
   <trkpt lon="5.904093" lat="45.261136"><ele>228.5</ele></trkpt>
   <trkpt lon="5.904038" lat="45.261242"><ele>228.25</ele></trkpt>
   <trkpt lon="5.904000" lat="45.261356"><ele>228.0</ele></trkpt>
   <trkpt lon="5.903970" lat="45.261513"><ele>228.0</ele></trkpt>
   <trkpt lon="5.903950" lat="45.261780"><ele>228.5</ele></trkpt>
   <trkpt lon="5.903855" lat="45.261798"><ele>228.25</ele></trkpt>
   <trkpt lon="5.903238" lat="45.261977"><ele>228.0</ele></trkpt>
   <trkpt lon="5.903064" lat="45.262037"><ele>228.25</ele></trkpt>
   <trkpt lon="5.902941" lat="45.262094"><ele>228.0</ele></trkpt>
   <trkpt lon="5.902813" lat="45.262196"><ele>228.0</ele></trkpt>
   <trkpt lon="5.902597" lat="45.262362"><ele>228.0</ele></trkpt>
   <trkpt lon="5.902422" lat="45.262529"><ele>228.0</ele></trkpt>
   <trkpt lon="5.902356" lat="45.262572"><ele>228.25</ele></trkpt>
   <trkpt lon="5.902276" lat="45.262639"><ele>228.5</ele></trkpt>
   <trkpt lon="5.902113" lat="45.262775"><ele>228.75</ele></trkpt>
   <trkpt lon="5.902060" lat="45.262824"><ele>229.0</ele></trkpt>
   <trkpt lon="5.902035" lat="45.262847"><ele>229.0</ele></trkpt>
   <trkpt lon="5.902030" lat="45.262851"><ele>229.0</ele></trkpt>
   <trkpt lon="5.902017" lat="45.262864"><ele>229.0</ele></trkpt>
   <trkpt lon="5.901990" lat="45.262889"><ele>229.0</ele></trkpt>
   <trkpt lon="5.901974" lat="45.262904"><ele>229.0</ele></trkpt>
   <trkpt lon="5.901969" lat="45.262909"><ele>229.0</ele></trkpt>
   <trkpt lon="5.901954" lat="45.262922"><ele>229.0</ele></trkpt>
   <trkpt lon="5.901929" lat="45.262946"><ele>229.0</ele></trkpt>
   <trkpt lon="5.901872" lat="45.262994"><ele>229.0</ele></trkpt>
   <trkpt lon="5.901731" lat="45.263114"><ele>229.0</ele></trkpt>
   <trkpt lon="5.901689" lat="45.263149"><ele>229.0</ele></trkpt>
   <trkpt lon="5.901077" lat="45.263667"><ele>229.0</ele></trkpt>
   <trkpt lon="5.900658" lat="45.264041"><ele>229.5</ele></trkpt>
   <trkpt lon="5.900567" lat="45.264201"><ele>229.75</ele></trkpt>
   <trkpt lon="5.900551" lat="45.264243"><ele>230.0</ele></trkpt>
   <trkpt lon="5.900536" lat="45.264306"><ele>230.0</ele></trkpt>
   <trkpt lon="5.900557" lat="45.264337"><ele>230.0</ele></trkpt>
   <trkpt lon="5.900577" lat="45.264403"><ele>230.0</ele></trkpt>
   <trkpt lon="5.900564" lat="45.264477"><ele>230.0</ele></trkpt>
   <trkpt lon="5.900518" lat="45.264544"><ele>230.0</ele></trkpt>
   <trkpt lon="5.900442" lat="45.264595"><ele>230.0</ele></trkpt>
   <trkpt lon="5.900343" lat="45.264627"><ele>230.25</ele></trkpt>
   <trkpt lon="5.900289" lat="45.264633"><ele>230.25</ele></trkpt>
   <trkpt lon="5.900181" lat="45.264625"><ele>230.25</ele></trkpt>
   <trkpt lon="5.900089" lat="45.264653"><ele>230.5</ele></trkpt>
   <trkpt lon="5.900059" lat="45.264660"><ele>230.5</ele></trkpt>
   <trkpt lon="5.900001" lat="45.264690"><ele>230.75</ele></trkpt>
   <trkpt lon="5.899890" lat="45.264739"><ele>230.0</ele></trkpt>
   <trkpt lon="5.899845" lat="45.264770"><ele>229.25</ele></trkpt>
   <trkpt lon="5.899791" lat="45.264808"><ele>228.25</ele></trkpt>
   <trkpt lon="5.898877" lat="45.265457"><ele>227.75</ele></trkpt>
   <trkpt lon="5.898801" lat="45.265508"><ele>229.25</ele></trkpt>
   <trkpt lon="5.898717" lat="45.265565"><ele>230.5</ele></trkpt>
   <trkpt lon="5.898622" lat="45.265635"><ele>230.25</ele></trkpt>
   <trkpt lon="5.898505" lat="45.265756"><ele>229.75</ele></trkpt>
   <trkpt lon="5.898188" lat="45.265996"><ele>230.25</ele></trkpt>
   <trkpt lon="5.897875" lat="45.266224"><ele>230.25</ele></trkpt>
   <trkpt lon="5.897625" lat="45.266411"><ele>231.25</ele></trkpt>
   <trkpt lon="5.897362" lat="45.266600"><ele>232.0</ele></trkpt>
   <trkpt lon="5.896697" lat="45.267074"><ele>232.75</ele></trkpt>
   <trkpt lon="5.896379" lat="45.267298"><ele>232.5</ele></trkpt>
   <trkpt lon="5.895916" lat="45.267647"><ele>230.5</ele></trkpt>
   <trkpt lon="5.895798" lat="45.267727"><ele>232.5</ele></trkpt>
   <trkpt lon="5.895692" lat="45.267828"><ele>233.25</ele></trkpt>
   <trkpt lon="5.895455" lat="45.268000"><ele>233.75</ele></trkpt>
   <trkpt lon="5.895268" lat="45.268100"><ele>233.0</ele></trkpt>
   <trkpt lon="5.895039" lat="45.268264"><ele>231.75</ele></trkpt>
   <trkpt lon="5.894782" lat="45.268450"><ele>230.75</ele></trkpt>
   <trkpt lon="5.894401" lat="45.268734"><ele>228.75</ele></trkpt>
   <trkpt lon="5.893675" lat="45.269211"><ele>228.0</ele></trkpt>
   <trkpt lon="5.892999" lat="45.269605"><ele>227.75</ele></trkpt>
   <trkpt lon="5.892833" lat="45.269706"><ele>227.75</ele></trkpt>
   <trkpt lon="5.892697" lat="45.269790"><ele>228.0</ele></trkpt>
   <trkpt lon="5.892335" lat="45.270013"><ele>228.0</ele></trkpt>
   <trkpt lon="5.892310" lat="45.270033"><ele>228.0</ele></trkpt>
   <trkpt lon="5.892208" lat="45.270138"><ele>228.0</ele></trkpt>
   <trkpt lon="5.892065" lat="45.270259"><ele>228.0</ele></trkpt>
   <trkpt lon="5.892035" lat="45.270290"><ele>228.0</ele></trkpt>
   <trkpt lon="5.892046" lat="45.270363"><ele>228.0</ele></trkpt>
   <trkpt lon="5.892020" lat="45.270435"><ele>228.0</ele></trkpt>
   <trkpt lon="5.891960" lat="45.270495"><ele>228.0</ele></trkpt>
   <trkpt lon="5.891897" lat="45.270528"><ele>228.0</ele></trkpt>
   <trkpt lon="5.891849" lat="45.270543"><ele>228.0</ele></trkpt>
   <trkpt lon="5.891790" lat="45.270550"><ele>228.0</ele></trkpt>
   <trkpt lon="5.891729" lat="45.270552"><ele>228.0</ele></trkpt>
   <trkpt lon="5.891637" lat="45.270535"><ele>228.0</ele></trkpt>
   <trkpt lon="5.891558" lat="45.270498"><ele>228.0</ele></trkpt>
   <trkpt lon="5.891504" lat="45.270449"><ele>228.0</ele></trkpt>
   <trkpt lon="5.891478" lat="45.270411"><ele>228.0</ele></trkpt>
   <trkpt lon="5.891467" lat="45.270365"><ele>228.0</ele></trkpt>
   <trkpt lon="5.891466" lat="45.270336"><ele>228.0</ele></trkpt>
   <trkpt lon="5.891482" lat="45.270280"><ele>228.25</ele></trkpt>
   <trkpt lon="5.891503" lat="45.270245"><ele>228.25</ele></trkpt>
   <trkpt lon="5.891428" lat="45.270113"><ele>227.75</ele></trkpt>
   <trkpt lon="5.891314" lat="45.269994"><ele>227.75</ele></trkpt>
   <trkpt lon="5.891199" lat="45.269916"><ele>227.75</ele></trkpt>
   <trkpt lon="5.891119" lat="45.269866"><ele>227.75</ele></trkpt>
   <trkpt lon="5.890930" lat="45.269747"><ele>227.75</ele></trkpt>
   <trkpt lon="5.890786" lat="45.269652"><ele>227.75</ele></trkpt>
   <trkpt lon="5.890596" lat="45.269488"><ele>227.75</ele></trkpt>
   <trkpt lon="5.890297" lat="45.269203"><ele>227.75</ele></trkpt>
   <trkpt lon="5.890143" lat="45.269051"><ele>227.75</ele></trkpt>
   <trkpt lon="5.889795" lat="45.268677"><ele>227.0</ele></trkpt>
   <trkpt lon="5.889592" lat="45.268602"><ele>227.25</ele></trkpt>
   <trkpt lon="5.889353" lat="45.268517"><ele>227.75</ele></trkpt>
   <trkpt lon="5.888629" lat="45.268342"><ele>227.75</ele></trkpt>
   <trkpt lon="5.888131" lat="45.268241"><ele>228.0</ele></trkpt>
   <trkpt lon="5.887633" lat="45.268141"><ele>228.25</ele></trkpt>
   <trkpt lon="5.887513" lat="45.268090"><ele>228.0</ele></trkpt>
   <trkpt lon="5.887424" lat="45.268025"><ele>228.25</ele></trkpt>
   <trkpt lon="5.887302" lat="45.267904"><ele>228.5</ele></trkpt>
   <trkpt lon="5.887467" lat="45.267810"><ele>228.0</ele></trkpt>
   <trkpt lon="5.887387" lat="45.267737"><ele>228.25</ele></trkpt>
   <trkpt lon="5.887320" lat="45.267694"><ele>228.25</ele></trkpt>
   <trkpt lon="5.886939" lat="45.267476"><ele>228.75</ele></trkpt>
   <trkpt lon="5.886829" lat="45.267441"><ele>228.75</ele></trkpt>
   <trkpt lon="5.886739" lat="45.267424"><ele>228.5</ele></trkpt>
   <trkpt lon="5.886657" lat="45.267416"><ele>228.5</ele></trkpt>
   <trkpt lon="5.886530" lat="45.267409"><ele>228.5</ele></trkpt>
   <trkpt lon="5.886301" lat="45.267422"><ele>228.75</ele></trkpt>
   <trkpt lon="5.886193" lat="45.267418"><ele>229.0</ele></trkpt>
   <trkpt lon="5.885744" lat="45.267089"><ele>229.5</ele></trkpt>
   <trkpt lon="5.885644" lat="45.267023"><ele>229.5</ele></trkpt>
   <trkpt lon="5.885543" lat="45.266964"><ele>230.0</ele></trkpt>
   <trkpt lon="5.885435" lat="45.266926"><ele>230.25</ele></trkpt>
   <trkpt lon="5.885341" lat="45.266900"><ele>230.25</ele></trkpt>
   <trkpt lon="5.885244" lat="45.266883"><ele>230.5</ele></trkpt>
   <trkpt lon="5.885097" lat="45.266869"><ele>230.25</ele></trkpt>
   <trkpt lon="5.884628" lat="45.266907"><ele>230.75</ele></trkpt>
   <trkpt lon="5.884537" lat="45.266904"><ele>230.75</ele></trkpt>
   <trkpt lon="5.884390" lat="45.266875"><ele>230.75</ele></trkpt>
   <trkpt lon="5.884318" lat="45.266847"><ele>230.75</ele></trkpt>
   <trkpt lon="5.884209" lat="45.266893"><ele>230.75</ele></trkpt>
   <trkpt lon="5.884118" lat="45.266790"><ele>231.0</ele></trkpt>
   <trkpt lon="5.884018" lat="45.266694"><ele>231.5</ele></trkpt>
   <trkpt lon="5.883910" lat="45.266607"><ele>231.75</ele></trkpt>
   <trkpt lon="5.883731" lat="45.266490"><ele>232.0</ele></trkpt>
   <trkpt lon="5.883599" lat="45.266414"><ele>232.0</ele></trkpt>
   <trkpt lon="5.883460" lat="45.266349"><ele>232.0</ele></trkpt>
   <trkpt lon="5.883312" lat="45.266302"><ele>232.0</ele></trkpt>
   <trkpt lon="5.882796" lat="45.266170"><ele>232.0</ele></trkpt>
   <trkpt lon="5.882568" lat="45.266078"><ele>232.75</ele></trkpt>
   <trkpt lon="5.882362" lat="45.265941"><ele>233.0</ele></trkpt>
   <trkpt lon="5.882323" lat="45.265904"><ele>233.0</ele></trkpt>
   <trkpt lon="5.882213" lat="45.265803"><ele>233.0</ele></trkpt>
   <trkpt lon="5.882150" lat="45.265754"><ele>233.0</ele></trkpt>
   <trkpt lon="5.881558" lat="45.265298"><ele>233.25</ele></trkpt>
   <trkpt lon="5.881379" lat="45.265151"><ele>234.0</ele></trkpt>
   <trkpt lon="5.881076" lat="45.264902"><ele>234.25</ele></trkpt>
   <trkpt lon="5.880533" lat="45.264666"><ele>236.5</ele></trkpt>
   <trkpt lon="5.880356" lat="45.264591"><ele>237.25</ele></trkpt>
   <trkpt lon="5.880164" lat="45.264538"><ele>237.5</ele></trkpt>
   <trkpt lon="5.880147" lat="45.264534"><ele>237.5</ele></trkpt>
   <trkpt lon="5.879851" lat="45.264473"><ele>236.5</ele></trkpt>
   <trkpt lon="5.879774" lat="45.264467"><ele>236.25</ele></trkpt>
   <trkpt lon="5.879339" lat="45.264435"><ele>234.75</ele></trkpt>
   <trkpt lon="5.879012" lat="45.264391"><ele>234.75</ele></trkpt>
   <trkpt lon="5.878758" lat="45.264326"><ele>234.5</ele></trkpt>
   <trkpt lon="5.878692" lat="45.264304"><ele>234.25</ele></trkpt>
   <trkpt lon="5.878653" lat="45.264290"><ele>234.25</ele></trkpt>
   <trkpt lon="5.878616" lat="45.264325"><ele>234.5</ele></trkpt>
   <trkpt lon="5.878561" lat="45.264345"><ele>234.5</ele></trkpt>
   <trkpt lon="5.878500" lat="45.264347"><ele>234.5</ele></trkpt>
   <trkpt lon="5.878443" lat="45.264332"><ele>234.5</ele></trkpt>
   <trkpt lon="5.878400" lat="45.264301"><ele>234.25</ele></trkpt>
   <trkpt lon="5.878375" lat="45.264250"><ele>234.25</ele></trkpt>
   <trkpt lon="5.878331" lat="45.264247"><ele>234.25</ele></trkpt>
   <trkpt lon="5.878196" lat="45.264227"><ele>234.0</ele></trkpt>
   <trkpt lon="5.878061" lat="45.264191"><ele>234.0</ele></trkpt>
   <trkpt lon="5.877828" lat="45.264119"><ele>233.5</ele></trkpt>
   <trkpt lon="5.877731" lat="45.264083"><ele>233.25</ele></trkpt>
   <trkpt lon="5.877602" lat="45.264035"><ele>233.25</ele></trkpt>
   <trkpt lon="5.877507" lat="45.264000"><ele>233.25</ele></trkpt>
   <trkpt lon="5.877177" lat="45.263856"><ele>233.0</ele></trkpt>
   <trkpt lon="5.876790" lat="45.263664"><ele>232.75</ele></trkpt>
   <trkpt lon="5.876516" lat="45.263542"><ele>232.75</ele></trkpt>
   <trkpt lon="5.876303" lat="45.263465"><ele>232.25</ele></trkpt>
   <trkpt lon="5.875937" lat="45.263358"><ele>232.5</ele></trkpt>
   <trkpt lon="5.874762" lat="45.263069"><ele>235.75</ele></trkpt>
   <trkpt lon="5.874604" lat="45.263037"><ele>236.25</ele></trkpt>
   <trkpt lon="5.874428" lat="45.263036"><ele>236.75</ele></trkpt>
   <trkpt lon="5.874382" lat="45.263085"><ele>237.0</ele></trkpt>
   <trkpt lon="5.874336" lat="45.263116"><ele>237.25</ele></trkpt>
   <trkpt lon="5.872787" lat="45.263912"><ele>244.75</ele></trkpt>
   <trkpt lon="5.871751" lat="45.264455"><ele>249.5</ele></trkpt>
   <trkpt lon="5.871455" lat="45.264611"><ele>251.0</ele></trkpt>
   <trkpt lon="5.870540" lat="45.265087"><ele>256.25</ele></trkpt>
   <trkpt lon="5.870404" lat="45.265125"><ele>256.75</ele></trkpt>
   <trkpt lon="5.870155" lat="45.265138"><ele>257.75</ele></trkpt>
   <trkpt lon="5.869953" lat="45.265170"><ele>258.75</ele></trkpt>
   <trkpt lon="5.869771" lat="45.265236"><ele>259.5</ele></trkpt>
   <trkpt lon="5.869585" lat="45.265297"><ele>261.0</ele></trkpt>
   <trkpt lon="5.869517" lat="45.265331"><ele>261.5</ele></trkpt>
   <trkpt lon="5.869405" lat="45.265385"><ele>262.0</ele></trkpt>
   <trkpt lon="5.868601" lat="45.265816"><ele>266.75</ele></trkpt>
   <trkpt lon="5.868473" lat="45.265871"><ele>267.5</ele></trkpt>
   <trkpt lon="5.868366" lat="45.265903"><ele>268.0</ele></trkpt>
   <trkpt lon="5.868303" lat="45.265809"><ele>268.0</ele></trkpt>
   <trkpt lon="5.868188" lat="45.265566"><ele>268.5</ele></trkpt>
   <trkpt lon="5.868011" lat="45.265260"><ele>268.25</ele></trkpt>
   <trkpt lon="5.867968" lat="45.265162"><ele>268.0</ele></trkpt>
   <trkpt lon="5.867850" lat="45.264969"><ele>268.25</ele></trkpt>
   <trkpt lon="5.867319" lat="45.264356"><ele>270.5</ele></trkpt>
   <trkpt lon="5.867195" lat="45.264187"><ele>271.25</ele></trkpt>
   <trkpt lon="5.866995" lat="45.263952"><ele>271.5</ele></trkpt>
   <trkpt lon="5.866777" lat="45.263694"><ele>272.5</ele></trkpt>
   <trkpt lon="5.866444" lat="45.263322"><ele>273.25</ele></trkpt>
   <trkpt lon="5.866297" lat="45.263141"><ele>273.5</ele></trkpt>
   <trkpt lon="5.866222" lat="45.262987"><ele>273.5</ele></trkpt>
   <trkpt lon="5.866213" lat="45.262832"><ele>273.25</ele></trkpt>
   <trkpt lon="5.866188" lat="45.262576"><ele>272.5</ele></trkpt>
   <trkpt lon="5.865783" lat="45.262708"><ele>275.0</ele></trkpt>
   <trkpt lon="5.865543" lat="45.262819"><ele>277.0</ele></trkpt>
   <trkpt lon="5.865137" lat="45.262990"><ele>279.25</ele></trkpt>
   <trkpt lon="5.865005" lat="45.263029"><ele>279.75</ele></trkpt>
   <trkpt lon="5.864818" lat="45.263064"><ele>281.25</ele></trkpt>
   <trkpt lon="5.864623" lat="45.263084"><ele>282.25</ele></trkpt>
   <trkpt lon="5.864355" lat="45.263090"><ele>283.25</ele></trkpt>
   <trkpt lon="5.864303" lat="45.263090"><ele>283.5</ele></trkpt>
   <trkpt lon="5.864186" lat="45.263009"><ele>283.75</ele></trkpt>
   <trkpt lon="5.863950" lat="45.262941"><ele>285.0</ele></trkpt>
   <trkpt lon="5.863563" lat="45.262785"><ele>287.25</ele></trkpt>
   <trkpt lon="5.863337" lat="45.262730"><ele>288.5</ele></trkpt>
   <trkpt lon="5.863239" lat="45.262694"><ele>289.0</ele></trkpt>
   <trkpt lon="5.863146" lat="45.262651"><ele>289.5</ele></trkpt>
   <trkpt lon="5.863032" lat="45.262613"><ele>290.5</ele></trkpt>
   <trkpt lon="5.862763" lat="45.262544"><ele>292.25</ele></trkpt>
   <trkpt lon="5.862474" lat="45.262492"><ele>294.0</ele></trkpt>
   <trkpt lon="5.862286" lat="45.262471"><ele>295.25</ele></trkpt>
   <trkpt lon="5.862044" lat="45.262467"><ele>297.0</ele></trkpt>
   <trkpt lon="5.861397" lat="45.262466"><ele>301.75</ele></trkpt>
   <trkpt lon="5.861152" lat="45.262490"><ele>302.75</ele></trkpt>
   <trkpt lon="5.861015" lat="45.262513"><ele>303.75</ele></trkpt>
   <trkpt lon="5.860671" lat="45.262571"><ele>306.5</ele></trkpt>
   <trkpt lon="5.860511" lat="45.262604"><ele>307.5</ele></trkpt>
   <trkpt lon="5.860333" lat="45.262658"><ele>309.0</ele></trkpt>
   <trkpt lon="5.859986" lat="45.262801"><ele>313.0</ele></trkpt>
   <trkpt lon="5.859781" lat="45.262922"><ele>315.0</ele></trkpt>
   <trkpt lon="5.859673" lat="45.263010"><ele>316.0</ele></trkpt>
   <trkpt lon="5.859589" lat="45.263089"><ele>317.0</ele></trkpt>
   <trkpt lon="5.859331" lat="45.263323"><ele>319.75</ele></trkpt>
   <trkpt lon="5.859202" lat="45.263402"><ele>321.0</ele></trkpt>
   <trkpt lon="5.859052" lat="45.263481"><ele>322.25</ele></trkpt>
   <trkpt lon="5.858971" lat="45.263513"><ele>323.0</ele></trkpt>
   <trkpt lon="5.858877" lat="45.263551"><ele>323.75</ele></trkpt>
   <trkpt lon="5.858743" lat="45.263591"><ele>325.25</ele></trkpt>
   <trkpt lon="5.858619" lat="45.263637"><ele>327.0</ele></trkpt>
   <trkpt lon="5.858530" lat="45.263555"><ele>327.0</ele></trkpt>
   <trkpt lon="5.857651" lat="45.262801"><ele>329.25</ele></trkpt>
   <trkpt lon="5.856826" lat="45.262085"><ele>332.25</ele></trkpt>
   <trkpt lon="5.856352" lat="45.261676"><ele>334.25</ele></trkpt>
   <trkpt lon="5.855324" lat="45.260875"><ele>338.75</ele></trkpt>
   <trkpt lon="5.854720" lat="45.260499"><ele>340.75</ele></trkpt>
   <trkpt lon="5.853044" lat="45.259457"><ele>346.0</ele></trkpt>
   <trkpt lon="5.853015" lat="45.259439"><ele>346.0</ele></trkpt>
   <trkpt lon="5.851949" lat="45.258750"><ele>345.25</ele></trkpt>
   <trkpt lon="5.851466" lat="45.258444"><ele>345.75</ele></trkpt>
   <trkpt lon="5.851299" lat="45.258336"><ele>346.25</ele></trkpt>
   <trkpt lon="5.851165" lat="45.258251"><ele>346.0</ele></trkpt>
   <trkpt lon="5.851016" lat="45.258156"><ele>346.0</ele></trkpt>
   <trkpt lon="5.850911" lat="45.258089"><ele>345.75</ele></trkpt>
   <trkpt lon="5.850685" lat="45.257946"><ele>345.5</ele></trkpt>
   <trkpt lon="5.849542" lat="45.257259"><ele>345.75</ele></trkpt>
   <trkpt lon="5.849114" lat="45.257068"><ele>346.0</ele></trkpt>
   <trkpt lon="5.848974" lat="45.257005"><ele>346.0</ele></trkpt>
   <trkpt lon="5.847959" lat="45.256533"><ele>347.25</ele></trkpt>
   <trkpt lon="5.847509" lat="45.256395"><ele>348.0</ele></trkpt>
   <trkpt lon="5.847449" lat="45.256386"><ele>348.0</ele></trkpt>
   <trkpt lon="5.847402" lat="45.256379"><ele>348.0</ele></trkpt>
   <trkpt lon="5.847265" lat="45.256334"><ele>348.25</ele></trkpt>
   <trkpt lon="5.847134" lat="45.256292"><ele>347.75</ele></trkpt>
   <trkpt lon="5.847085" lat="45.256274"><ele>347.75</ele></trkpt>
   <trkpt lon="5.846913" lat="45.256224"><ele>347.25</ele></trkpt>
   <trkpt lon="5.846687" lat="45.256132"><ele>347.0</ele></trkpt>
   <trkpt lon="5.846381" lat="45.256034"><ele>347.0</ele></trkpt>
   <trkpt lon="5.846241" lat="45.255990"><ele>347.0</ele></trkpt>
   <trkpt lon="5.846068" lat="45.255938"><ele>347.25</ele></trkpt>
   <trkpt lon="5.845936" lat="45.255896"><ele>347.25</ele></trkpt>
   <trkpt lon="5.845830" lat="45.255863"><ele>347.25</ele></trkpt>
   <trkpt lon="5.845375" lat="45.255718"><ele>347.0</ele></trkpt>
   <trkpt lon="5.845260" lat="45.255682"><ele>346.75</ele></trkpt>
   <trkpt lon="5.845120" lat="45.255637"><ele>346.75</ele></trkpt>
   <trkpt lon="5.844842" lat="45.255549"><ele>346.5</ele></trkpt>
   <trkpt lon="5.844554" lat="45.255458"><ele>346.5</ele></trkpt>
   <trkpt lon="5.844351" lat="45.255406"><ele>346.25</ele></trkpt>
   <trkpt lon="5.843872" lat="45.255244"><ele>345.5</ele></trkpt>
   <trkpt lon="5.843678" lat="45.255221"><ele>345.5</ele></trkpt>
   <trkpt lon="5.843105" lat="45.255147"><ele>345.75</ele></trkpt>
   <trkpt lon="5.843004" lat="45.255136"><ele>346.0</ele></trkpt>
   <trkpt lon="5.842954" lat="45.255150"><ele>346.25</ele></trkpt>
   <trkpt lon="5.842901" lat="45.255156"><ele>346.5</ele></trkpt>
   <trkpt lon="5.842847" lat="45.255153"><ele>346.75</ele></trkpt>
   <trkpt lon="5.842796" lat="45.255141"><ele>346.75</ele></trkpt>
   <trkpt lon="5.842751" lat="45.255121"><ele>346.75</ele></trkpt>
   <trkpt lon="5.842713" lat="45.255094"><ele>346.75</ele></trkpt>
   <trkpt lon="5.842686" lat="45.255061"><ele>346.75</ele></trkpt>
   <trkpt lon="5.842670" lat="45.255025"><ele>346.5</ele></trkpt>
   <trkpt lon="5.841972" lat="45.254650"><ele>346.25</ele></trkpt>
   <trkpt lon="5.841879" lat="45.254621"><ele>346.5</ele></trkpt>
   <trkpt lon="5.841396" lat="45.254473"><ele>347.0</ele></trkpt>
   <trkpt lon="5.841051" lat="45.254370"><ele>347.25</ele></trkpt>
   <trkpt lon="5.840719" lat="45.254271"><ele>346.75</ele></trkpt>
   <trkpt lon="5.840582" lat="45.254231"><ele>346.5</ele></trkpt>
   <trkpt lon="5.840454" lat="45.254192"><ele>345.75</ele></trkpt>
   <trkpt lon="5.840067" lat="45.254067"><ele>345.0</ele></trkpt>
   <trkpt lon="5.839841" lat="45.253995"><ele>345.25</ele></trkpt>
   <trkpt lon="5.839637" lat="45.254128"><ele>347.0</ele></trkpt>
   <trkpt lon="5.839509" lat="45.254180"><ele>347.75</ele></trkpt>
   <trkpt lon="5.838939" lat="45.254378"><ele>350.25</ele></trkpt>
   <trkpt lon="5.838887" lat="45.254391"><ele>350.25</ele></trkpt>
   <trkpt lon="5.838837" lat="45.254401"><ele>350.5</ele></trkpt>
   <trkpt lon="5.838695" lat="45.254426"><ele>350.75</ele></trkpt>
   <trkpt lon="5.838500" lat="45.254432"><ele>351.25</ele></trkpt>
   <trkpt lon="5.838337" lat="45.254414"><ele>351.5</ele></trkpt>
   <trkpt lon="5.838070" lat="45.254331"><ele>350.75</ele></trkpt>
   <trkpt lon="5.837954" lat="45.254294"><ele>350.25</ele></trkpt>
   <trkpt lon="5.837834" lat="45.254257"><ele>349.75</ele></trkpt>
   <trkpt lon="5.837095" lat="45.254320"><ele>350.75</ele></trkpt>
   <trkpt lon="5.836952" lat="45.254310"><ele>351.0</ele></trkpt>
   <trkpt lon="5.836408" lat="45.254181"><ele>351.0</ele></trkpt>
   <trkpt lon="5.835767" lat="45.254199"><ele>353.25</ele></trkpt>
   <trkpt lon="5.835507" lat="45.254218"><ele>353.5</ele></trkpt>
   <trkpt lon="5.835431" lat="45.254230"><ele>354.0</ele></trkpt>
   <trkpt lon="5.835278" lat="45.254236"><ele>354.5</ele></trkpt>
   <trkpt lon="5.835126" lat="45.254245"><ele>355.0</ele></trkpt>
   <trkpt lon="5.834754" lat="45.254237"><ele>355.5</ele></trkpt>
   <trkpt lon="5.834127" lat="45.254153"><ele>355.75</ele></trkpt>
   <trkpt lon="5.834071" lat="45.254143"><ele>355.75</ele></trkpt>
   <trkpt lon="5.834011" lat="45.254130"><ele>355.5</ele></trkpt>
   <trkpt lon="5.833215" lat="45.253963"><ele>355.75</ele></trkpt>
   <trkpt lon="5.833084" lat="45.253905"><ele>356.0</ele></trkpt>
   <trkpt lon="5.832842" lat="45.253799"><ele>356.0</ele></trkpt>
   <trkpt lon="5.832594" lat="45.253554"><ele>355.25</ele></trkpt>
   <trkpt lon="5.832442" lat="45.253387"><ele>354.75</ele></trkpt>
   <trkpt lon="5.832085" lat="45.252989"><ele>355.5</ele></trkpt>
   <trkpt lon="5.832000" lat="45.252899"><ele>356.0</ele></trkpt>
   <trkpt lon="5.831971" lat="45.252874"><ele>356.0</ele></trkpt>
   <trkpt lon="5.831942" lat="45.252850"><ele>356.25</ele></trkpt>
   <trkpt lon="5.831876" lat="45.252895"><ele>356.75</ele></trkpt>
   <trkpt lon="5.831498" lat="45.253083"><ele>360.25</ele></trkpt>
   <trkpt lon="5.831281" lat="45.253144"><ele>362.5</ele></trkpt>
   <trkpt lon="5.831044" lat="45.253178"><ele>364.75</ele></trkpt>
   <trkpt lon="5.830889" lat="45.253159"><ele>365.75</ele></trkpt>
   <trkpt lon="5.830886" lat="45.253133"><ele>365.75</ele></trkpt>
   <trkpt lon="5.830858" lat="45.253069"><ele>365.75</ele></trkpt>
   <trkpt lon="5.830802" lat="45.252921"><ele>365.75</ele></trkpt>
   <trkpt lon="5.830530" lat="45.252018"><ele>365.5</ele></trkpt>
   <trkpt lon="5.830446" lat="45.251831"><ele>365.5</ele></trkpt>
   <trkpt lon="5.830401" lat="45.251730"><ele>365.25</ele></trkpt>
   <trkpt lon="5.830162" lat="45.251199"><ele>364.25</ele></trkpt>
   <trkpt lon="5.830150" lat="45.251133"><ele>364.0</ele></trkpt>
   <trkpt lon="5.829908" lat="45.250818"><ele>363.5</ele></trkpt>
   <trkpt lon="5.829712" lat="45.250691"><ele>364.5</ele></trkpt>
   <trkpt lon="5.829531" lat="45.250584"><ele>365.5</ele></trkpt>
   <trkpt lon="5.829411" lat="45.250483"><ele>365.5</ele></trkpt>
   <trkpt lon="5.829400" lat="45.250361"><ele>364.75</ele></trkpt>
   <trkpt lon="5.829190" lat="45.250264"><ele>365.75</ele></trkpt>
   <trkpt lon="5.828982" lat="45.250049"><ele>365.75</ele></trkpt>
   <trkpt lon="5.828904" lat="45.249968"><ele>365.5</ele></trkpt>
   <trkpt lon="5.828507" lat="45.249604"><ele>365.25</ele></trkpt>
   <trkpt lon="5.828386" lat="45.249513"><ele>365.0</ele></trkpt>
   <trkpt lon="5.828003" lat="45.249227"><ele>364.75</ele></trkpt>
   <trkpt lon="5.827950" lat="45.249187"><ele>364.75</ele></trkpt>
   <trkpt lon="5.827887" lat="45.249140"><ele>365.0</ele></trkpt>
   <trkpt lon="5.827660" lat="45.248950"><ele>364.75</ele></trkpt>
   <trkpt lon="5.827437" lat="45.248766"><ele>364.25</ele></trkpt>
   <trkpt lon="5.827425" lat="45.248748"><ele>364.25</ele></trkpt>
   <trkpt lon="5.827389" lat="45.248694"><ele>364.0</ele></trkpt>
   <trkpt lon="5.826448" lat="45.248313"><ele>364.5</ele></trkpt>
   <trkpt lon="5.826427" lat="45.248304"><ele>364.5</ele></trkpt>
   <trkpt lon="5.826327" lat="45.248284"><ele>364.5</ele></trkpt>
   <trkpt lon="5.826165" lat="45.248270"><ele>365.0</ele></trkpt>
   <trkpt lon="5.825858" lat="45.248173"><ele>365.0</ele></trkpt>
   <trkpt lon="5.825836" lat="45.248151"><ele>365.0</ele></trkpt>
   <trkpt lon="5.825807" lat="45.248136"><ele>364.75</ele></trkpt>
   <trkpt lon="5.825155" lat="45.247790"><ele>362.0</ele></trkpt>
   <trkpt lon="5.824524" lat="45.247445"><ele>359.0</ele></trkpt>
   <trkpt lon="5.824233" lat="45.247291"><ele>358.25</ele></trkpt>
   <trkpt lon="5.824198" lat="45.247272"><ele>358.25</ele></trkpt>
   <trkpt lon="5.824064" lat="45.247207"><ele>358.5</ele></trkpt>
   <trkpt lon="5.823986" lat="45.247166"><ele>358.75</ele></trkpt>
   <trkpt lon="5.823925" lat="45.247134"><ele>359.0</ele></trkpt>
   <trkpt lon="5.823821" lat="45.247079"><ele>359.5</ele></trkpt>
   <trkpt lon="5.823737" lat="45.247035"><ele>360.0</ele></trkpt>
   <trkpt lon="5.823456" lat="45.246887"><ele>362.25</ele></trkpt>
   <trkpt lon="5.823326" lat="45.246819"><ele>363.5</ele></trkpt>
   <trkpt lon="5.823093" lat="45.246671"><ele>365.5</ele></trkpt>
   <trkpt lon="5.822817" lat="45.246516"><ele>367.5</ele></trkpt>
   <trkpt lon="5.822384" lat="45.246178"><ele>369.5</ele></trkpt>
   <trkpt lon="5.822097" lat="45.245982"><ele>370.5</ele></trkpt>
   <trkpt lon="5.821707" lat="45.245688"><ele>370.5</ele></trkpt>
   <trkpt lon="5.821244" lat="45.245371"><ele>370.75</ele></trkpt>
   <trkpt lon="5.821079" lat="45.245257"><ele>370.75</ele></trkpt>
   <trkpt lon="5.821012" lat="45.245206"><ele>370.5</ele></trkpt>
   <trkpt lon="5.820976" lat="45.245179"><ele>370.25</ele></trkpt>
   <trkpt lon="5.820799" lat="45.245289"><ele>372.0</ele></trkpt>
   <trkpt lon="5.820740" lat="45.245332"><ele>372.75</ele></trkpt>
   <trkpt lon="5.820465" lat="45.245487"><ele>375.75</ele></trkpt>
   <trkpt lon="5.820244" lat="45.245560"><ele>378.0</ele></trkpt>
   <trkpt lon="5.820223" lat="45.245567"><ele>378.25</ele></trkpt>
   <trkpt lon="5.820127" lat="45.245587"><ele>378.75</ele></trkpt>
   <trkpt lon="5.820052" lat="45.245568"><ele>378.75</ele></trkpt>
   <trkpt lon="5.819909" lat="45.245530"><ele>379.25</ele></trkpt>
   <trkpt lon="5.819742" lat="45.245478"><ele>379.75</ele></trkpt>
   <trkpt lon="5.819373" lat="45.245326"><ele>378.75</ele></trkpt>
   <trkpt lon="5.818895" lat="45.245167"><ele>378.75</ele></trkpt>
   <trkpt lon="5.818793" lat="45.245131"><ele>378.5</ele></trkpt>
   <trkpt lon="5.818445" lat="45.245046"><ele>378.25</ele></trkpt>
   <trkpt lon="5.818127" lat="45.244970"><ele>378.25</ele></trkpt>
   <trkpt lon="5.817919" lat="45.244908"><ele>377.5</ele></trkpt>
   <trkpt lon="5.817465" lat="45.244764"><ele>376.5</ele></trkpt>
   <trkpt lon="5.817118" lat="45.244662"><ele>375.5</ele></trkpt>
   <trkpt lon="5.816531" lat="45.244480"><ele>373.5</ele></trkpt>
   <trkpt lon="5.816094" lat="45.244331"><ele>371.25</ele></trkpt>
   <trkpt lon="5.815769" lat="45.244255"><ele>370.0</ele></trkpt>
   <trkpt lon="5.815487" lat="45.244214"><ele>369.5</ele></trkpt>
   <trkpt lon="5.815234" lat="45.244220"><ele>369.5</ele></trkpt>
   <trkpt lon="5.815155" lat="45.244235"><ele>370.0</ele></trkpt>
   <trkpt lon="5.815075" lat="45.244219"><ele>370.25</ele></trkpt>
   <trkpt lon="5.814863" lat="45.244109"><ele>369.75</ele></trkpt>
   <trkpt lon="5.814550" lat="45.243773"><ele>369.25</ele></trkpt>
   <trkpt lon="5.814349" lat="45.243517"><ele>369.5</ele></trkpt>
   <trkpt lon="5.814132" lat="45.243310"><ele>370.25</ele></trkpt>
   <trkpt lon="5.813666" lat="45.242930"><ele>373.75</ele></trkpt>
   <trkpt lon="5.813577" lat="45.242835"><ele>374.5</ele></trkpt>
   <trkpt lon="5.812859" lat="45.242280"><ele>377.25</ele></trkpt>
   <trkpt lon="5.812508" lat="45.242031"><ele>378.5</ele></trkpt>
   <trkpt lon="5.812046" lat="45.241724"><ele>379.5</ele></trkpt>
   <trkpt lon="5.811735" lat="45.241538"><ele>380.0</ele></trkpt>
   <trkpt lon="5.811615" lat="45.241374"><ele>379.0</ele></trkpt>
   <trkpt lon="5.811541" lat="45.241308"><ele>379.0</ele></trkpt>
   <trkpt lon="5.811471" lat="45.241258"><ele>378.75</ele></trkpt>
   <trkpt lon="5.811437" lat="45.241235"><ele>378.75</ele></trkpt>
   <trkpt lon="5.811402" lat="45.241260"><ele>379.5</ele></trkpt>
   <trkpt lon="5.810800" lat="45.241787"><ele>388.5</ele></trkpt>
   <trkpt lon="5.810697" lat="45.241805"><ele>389.25</ele></trkpt>
   <trkpt lon="5.810626" lat="45.241817"><ele>390.0</ele></trkpt>
   <trkpt lon="5.810347" lat="45.241753"><ele>391.25</ele></trkpt>
   <trkpt lon="5.810251" lat="45.241743"><ele>392.0</ele></trkpt>
   <trkpt lon="5.810185" lat="45.241754"><ele>392.5</ele></trkpt>
   <trkpt lon="5.809890" lat="45.241923"><ele>396.5</ele></trkpt>
   <trkpt lon="5.809818" lat="45.241972"><ele>397.5</ele></trkpt>
   <trkpt lon="5.809594" lat="45.242124"><ele>400.0</ele></trkpt>
   <trkpt lon="5.809386" lat="45.242242"><ele>402.5</ele></trkpt>
   <trkpt lon="5.809230" lat="45.242330"><ele>404.5</ele></trkpt>
   <trkpt lon="5.809014" lat="45.242453"><ele>407.5</ele></trkpt>
   <trkpt lon="5.808652" lat="45.242743"><ele>414.0</ele></trkpt>
   <trkpt lon="5.807330" lat="45.243198"><ele>429.25</ele></trkpt>
   <trkpt lon="5.807171" lat="45.243290"><ele>431.5</ele></trkpt>
   <trkpt lon="5.807488" lat="45.244143"><ele>438.75</ele></trkpt>
   <trkpt lon="5.807493" lat="45.244255"><ele>440.0</ele></trkpt>
   <trkpt lon="5.807208" lat="45.244739"><ele>446.25</ele></trkpt>
   <trkpt lon="5.806948" lat="45.245141"><ele>454.0</ele></trkpt>
   <trkpt lon="5.806665" lat="45.245612"><ele>462.0</ele></trkpt>
   <trkpt lon="5.806589" lat="45.245674"><ele>463.0</ele></trkpt>
   <trkpt lon="5.806445" lat="45.245743"><ele>464.0</ele></trkpt>
   <trkpt lon="5.806365" lat="45.245762"><ele>464.5</ele></trkpt>
   <trkpt lon="5.806267" lat="45.245758"><ele>465.5</ele></trkpt>
   <trkpt lon="5.806202" lat="45.245720"><ele>466.0</ele></trkpt>
   <trkpt lon="5.805890" lat="45.245503"><ele>467.75</ele></trkpt>
   <trkpt lon="5.805557" lat="45.245299"><ele>469.0</ele></trkpt>
   <trkpt lon="5.805519" lat="45.245279"><ele>469.25</ele></trkpt>
   <trkpt lon="5.805455" lat="45.245246"><ele>469.75</ele></trkpt>
   <trkpt lon="5.805327" lat="45.245157"><ele>470.0</ele></trkpt>
   <trkpt lon="5.804719" lat="45.244765"><ele>472.25</ele></trkpt>
   <trkpt lon="5.803906" lat="45.244265"><ele>475.75</ele></trkpt>
   <trkpt lon="5.803636" lat="45.244121"><ele>476.0</ele></trkpt>
   <trkpt lon="5.803502" lat="45.244079"><ele>476.0</ele></trkpt>
   <trkpt lon="5.803353" lat="45.244060"><ele>476.25</ele></trkpt>
   <trkpt lon="5.803270" lat="45.244061"><ele>476.5</ele></trkpt>
   <trkpt lon="5.803197" lat="45.244070"><ele>476.75</ele></trkpt>
   <trkpt lon="5.803148" lat="45.244073"><ele>477.0</ele></trkpt>
   <trkpt lon="5.803043" lat="45.244065"><ele>477.0</ele></trkpt>
   <trkpt lon="5.802938" lat="45.244036"><ele>477.0</ele></trkpt>
   <trkpt lon="5.802852" lat="45.243975"><ele>476.25</ele></trkpt>
   <trkpt lon="5.802528" lat="45.243652"><ele>473.25</ele></trkpt>
   <trkpt lon="5.802464" lat="45.243559"><ele>472.25</ele></trkpt>
   <trkpt lon="5.802168" lat="45.242878"><ele>465.0</ele></trkpt>
   <trkpt lon="5.802147" lat="45.242800"><ele>464.0</ele></trkpt>
   <trkpt lon="5.802147" lat="45.242739"><ele>463.25</ele></trkpt>
   <trkpt lon="5.802164" lat="45.242566"><ele>460.5</ele></trkpt>
   <trkpt lon="5.802153" lat="45.242510"><ele>460.0</ele></trkpt>
   <trkpt lon="5.801998" lat="45.242267"><ele>459.5</ele></trkpt>
   <trkpt lon="5.801737" lat="45.241973"><ele>459.25</ele></trkpt>
   <trkpt lon="5.801295" lat="45.241539"><ele>460.0</ele></trkpt>
   <trkpt lon="5.800875" lat="45.241071"><ele>461.25</ele></trkpt>
   <trkpt lon="5.800289" lat="45.240534"><ele>461.25</ele></trkpt>
   <trkpt lon="5.800215" lat="45.240480"><ele>461.0</ele></trkpt>
   <trkpt lon="5.799404" lat="45.240134"><ele>462.75</ele></trkpt>
   <trkpt lon="5.799222" lat="45.240057"><ele>463.25</ele></trkpt>
   <trkpt lon="5.799177" lat="45.240008"><ele>463.0</ele></trkpt>
   <trkpt lon="5.799149" lat="45.239978"><ele>462.75</ele></trkpt>
   <trkpt lon="5.799049" lat="45.239869"><ele>462.75</ele></trkpt>
   <trkpt lon="5.798596" lat="45.239375"><ele>462.0</ele></trkpt>
   <trkpt lon="5.798534" lat="45.239233"><ele>460.5</ele></trkpt>
   <trkpt lon="5.798484" lat="45.239036"><ele>457.5</ele></trkpt>
   <trkpt lon="5.798361" lat="45.238866"><ele>455.25</ele></trkpt>
   <trkpt lon="5.798037" lat="45.238069"><ele>452.25</ele></trkpt>
   <trkpt lon="5.797946" lat="45.237902"><ele>452.5</ele></trkpt>
   <trkpt lon="5.797944" lat="45.237875"><ele>452.5</ele></trkpt>
   <trkpt lon="5.797401" lat="45.237514"><ele>454.75</ele></trkpt>
   <trkpt lon="5.796879" lat="45.237154"><ele>454.75</ele></trkpt>
   <trkpt lon="5.796576" lat="45.236937"><ele>454.5</ele></trkpt>
   <trkpt lon="5.796463" lat="45.236729"><ele>451.5</ele></trkpt>
   <trkpt lon="5.796399" lat="45.236592"><ele>449.0</ele></trkpt>
   <trkpt lon="5.796371" lat="45.236555"><ele>448.25</ele></trkpt>
   <trkpt lon="5.796140" lat="45.236318"><ele>445.25</ele></trkpt>
   <trkpt lon="5.796063" lat="45.236261"><ele>444.25</ele></trkpt>
   <trkpt lon="5.795967" lat="45.236228"><ele>444.5</ele></trkpt>
   <trkpt lon="5.795543" lat="45.236129"><ele>445.25</ele></trkpt>
   <trkpt lon="5.795247" lat="45.236061"><ele>443.5</ele></trkpt>
   <trkpt lon="5.795099" lat="45.236019"><ele>442.5</ele></trkpt>
   <trkpt lon="5.794983" lat="45.235965"><ele>441.25</ele></trkpt>
   <trkpt lon="5.794871" lat="45.235887"><ele>439.0</ele></trkpt>
   <trkpt lon="5.794662" lat="45.235709"><ele>435.75</ele></trkpt>
   <trkpt lon="5.794607" lat="45.235608"><ele>434.25</ele></trkpt>
   <trkpt lon="5.794606" lat="45.235567"><ele>433.5</ele></trkpt>
   <trkpt lon="5.794627" lat="45.235525"><ele>432.75</ele></trkpt>
   <trkpt lon="5.794585" lat="45.235504"><ele>432.5</ele></trkpt>
   <trkpt lon="5.794489" lat="45.235454"><ele>432.25</ele></trkpt>
   <trkpt lon="5.794377" lat="45.235384"><ele>432.0</ele></trkpt>
   <trkpt lon="5.794314" lat="45.235368"><ele>432.0</ele></trkpt>
   <trkpt lon="5.794254" lat="45.235364"><ele>432.5</ele></trkpt>
   <trkpt lon="5.793738" lat="45.235366"><ele>436.5</ele></trkpt>
   <trkpt lon="5.793327" lat="45.235071"><ele>435.25</ele></trkpt>
   <trkpt lon="5.793229" lat="45.234978"><ele>434.75</ele></trkpt>
   <trkpt lon="5.793163" lat="45.234828"><ele>432.75</ele></trkpt>
   <trkpt lon="5.793086" lat="45.234605"><ele>430.0</ele></trkpt>
   <trkpt lon="5.793004" lat="45.234442"><ele>428.25</ele></trkpt>
   <trkpt lon="5.792683" lat="45.234059"><ele>425.25</ele></trkpt>
   <trkpt lon="5.792545" lat="45.233909"><ele>424.75</ele></trkpt>
   <trkpt lon="5.792409" lat="45.233790"><ele>425.0</ele></trkpt>
   <trkpt lon="5.792390" lat="45.233773"><ele>425.25</ele></trkpt>
   <trkpt lon="5.792356" lat="45.233737"><ele>425.25</ele></trkpt>
   <trkpt lon="5.792339" lat="45.233701"><ele>425.25</ele></trkpt>
   <trkpt lon="5.792270" lat="45.233670"><ele>425.75</ele></trkpt>
   <trkpt lon="5.792231" lat="45.233646"><ele>426.25</ele></trkpt>
   <trkpt lon="5.791980" lat="45.233488"><ele>424.25</ele></trkpt>
   <trkpt lon="5.791886" lat="45.233396"><ele>421.75</ele></trkpt>
   <trkpt lon="5.791824" lat="45.233319"><ele>419.75</ele></trkpt>
   <trkpt lon="5.791671" lat="45.233059"><ele>414.0</ele></trkpt>
   <trkpt lon="5.791580" lat="45.232923"><ele>412.0</ele></trkpt>
   <trkpt lon="5.791174" lat="45.232537"><ele>407.25</ele></trkpt>
   <trkpt lon="5.790691" lat="45.232059"><ele>402.0</ele></trkpt>
   <trkpt lon="5.790405" lat="45.231896"><ele>404.0</ele></trkpt>
   <trkpt lon="5.790295" lat="45.231819"><ele>404.25</ele></trkpt>
   <trkpt lon="5.790074" lat="45.231596"><ele>402.75</ele></trkpt>
   <trkpt lon="5.790019" lat="45.231546"><ele>402.25</ele></trkpt>
   <trkpt lon="5.789748" lat="45.231366"><ele>397.75</ele></trkpt>
   <trkpt lon="5.789388" lat="45.231215"><ele>394.5</ele></trkpt>
   <trkpt lon="5.789243" lat="45.231186"><ele>394.25</ele></trkpt>
   <trkpt lon="5.789428" lat="45.230924"><ele>387.75</ele></trkpt>
   <trkpt lon="5.789446" lat="45.230842"><ele>386.0</ele></trkpt>
   <trkpt lon="5.789440" lat="45.230572"><ele>384.0</ele></trkpt>
   <trkpt lon="5.789400" lat="45.230308"><ele>382.5</ele></trkpt>
   <trkpt lon="5.789412" lat="45.230266"><ele>382.25</ele></trkpt>
   <trkpt lon="5.789742" lat="45.230016"><ele>377.75</ele></trkpt>
   <trkpt lon="5.789746" lat="45.230011"><ele>377.75</ele></trkpt>
   <trkpt lon="5.789771" lat="45.229972"><ele>377.25</ele></trkpt>
   <trkpt lon="5.789792" lat="45.229929"><ele>376.5</ele></trkpt>
   <trkpt lon="5.789813" lat="45.229863"><ele>376.0</ele></trkpt>
   <trkpt lon="5.789798" lat="45.229713"><ele>375.0</ele></trkpt>
   <trkpt lon="5.789740" lat="45.229509"><ele>373.5</ele></trkpt>
   <trkpt lon="5.789734" lat="45.229287"><ele>371.0</ele></trkpt>
   <trkpt lon="5.789744" lat="45.229213"><ele>370.25</ele></trkpt>
   <trkpt lon="5.789639" lat="45.229136"><ele>370.5</ele></trkpt>
   <trkpt lon="5.789540" lat="45.229045"><ele>370.25</ele></trkpt>
   <trkpt lon="5.789468" lat="45.228913"><ele>369.0</ele></trkpt>
   <trkpt lon="5.789441" lat="45.228766"><ele>367.5</ele></trkpt>
   <trkpt lon="5.789336" lat="45.228654"><ele>367.25</ele></trkpt>
   <trkpt lon="5.789245" lat="45.228597"><ele>367.25</ele></trkpt>
   <trkpt lon="5.789196" lat="45.228566"><ele>367.25</ele></trkpt>
   <trkpt lon="5.789128" lat="45.228527"><ele>367.25</ele></trkpt>
   <trkpt lon="5.789097" lat="45.228486"><ele>367.0</ele></trkpt>
   <trkpt lon="5.789091" lat="45.228419"><ele>366.25</ele></trkpt>
   <trkpt lon="5.789101" lat="45.228350"><ele>365.5</ele></trkpt>
   <trkpt lon="5.789104" lat="45.228324"><ele>365.25</ele></trkpt>
   <trkpt lon="5.789100" lat="45.228286"><ele>364.75</ele></trkpt>
   <trkpt lon="5.789047" lat="45.228248"><ele>364.75</ele></trkpt>
   <trkpt lon="5.788691" lat="45.228066"><ele>365.5</ele></trkpt>
   <trkpt lon="5.788428" lat="45.227893"><ele>365.5</ele></trkpt>
   <trkpt lon="5.788159" lat="45.227627"><ele>364.5</ele></trkpt>
   <trkpt lon="5.787636" lat="45.226893"><ele>360.25</ele></trkpt>
   <trkpt lon="5.787524" lat="45.226828"><ele>360.5</ele></trkpt>
   <trkpt lon="5.787399" lat="45.226756"><ele>360.25</ele></trkpt>
   <trkpt lon="5.787381" lat="45.226745"><ele>360.25</ele></trkpt>
   <trkpt lon="5.787356" lat="45.226731"><ele>360.25</ele></trkpt>
   <trkpt lon="5.787317" lat="45.226712"><ele>360.25</ele></trkpt>
   <trkpt lon="5.787236" lat="45.226673"><ele>360.0</ele></trkpt>
   <trkpt lon="5.786916" lat="45.226520"><ele>359.75</ele></trkpt>
   <trkpt lon="5.786808" lat="45.226512"><ele>360.25</ele></trkpt>
   <trkpt lon="5.786275" lat="45.226315"><ele>359.25</ele></trkpt>
   <trkpt lon="5.786081" lat="45.226276"><ele>360.0</ele></trkpt>
   <trkpt lon="5.785371" lat="45.226126"><ele>360.5</ele></trkpt>
   <trkpt lon="5.785202" lat="45.226062"><ele>360.25</ele></trkpt>
   <trkpt lon="5.784772" lat="45.225863"><ele>358.25</ele></trkpt>
   <trkpt lon="5.784674" lat="45.225803"><ele>357.25</ele></trkpt>
   <trkpt lon="5.784652" lat="45.225763"><ele>356.75</ele></trkpt>
   <trkpt lon="5.784630" lat="45.225715"><ele>356.0</ele></trkpt>
   <trkpt lon="5.784584" lat="45.225669"><ele>355.25</ele></trkpt>
   <trkpt lon="5.784504" lat="45.225615"><ele>354.5</ele></trkpt>
   <trkpt lon="5.784148" lat="45.225409"><ele>351.75</ele></trkpt>
   <trkpt lon="5.783667" lat="45.225184"><ele>350.75</ele></trkpt>
   <trkpt lon="5.783562" lat="45.225101"><ele>350.25</ele></trkpt>
   <trkpt lon="5.783165" lat="45.224753"><ele>349.5</ele></trkpt>
   <trkpt lon="5.782892" lat="45.224586"><ele>350.25</ele></trkpt>
   <trkpt lon="5.782484" lat="45.224356"><ele>351.5</ele></trkpt>
   <trkpt lon="5.782151" lat="45.224120"><ele>352.25</ele></trkpt>
   <trkpt lon="5.781783" lat="45.223747"><ele>351.5</ele></trkpt>
   <trkpt lon="5.781685" lat="45.223630"><ele>351.0</ele></trkpt>
   <trkpt lon="5.781744" lat="45.223538"><ele>349.5</ele></trkpt>
   <trkpt lon="5.781900" lat="45.223302"><ele>345.75</ele></trkpt>
   <trkpt lon="5.781986" lat="45.223142"><ele>343.5</ele></trkpt>
   <trkpt lon="5.782053" lat="45.222809"><ele>339.5</ele></trkpt>
   <trkpt lon="5.781949" lat="45.222677"><ele>338.75</ele></trkpt>
   <trkpt lon="5.781745" lat="45.222511"><ele>337.75</ele></trkpt>
   <trkpt lon="5.781404" lat="45.222307"><ele>336.0</ele></trkpt>
   <trkpt lon="5.781356" lat="45.222003"><ele>331.75</ele></trkpt>
   <trkpt lon="5.781319" lat="45.221893"><ele>330.5</ele></trkpt>
   <trkpt lon="5.781095" lat="45.221457"><ele>324.75</ele></trkpt>
   <trkpt lon="5.781038" lat="45.221274"><ele>322.25</ele></trkpt>
   <trkpt lon="5.780995" lat="45.221078"><ele>319.5</ele></trkpt>
   <trkpt lon="5.780992" lat="45.220989"><ele>318.25</ele></trkpt>
   <trkpt lon="5.780986" lat="45.220758"><ele>315.5</ele></trkpt>
   <trkpt lon="5.780907" lat="45.220619"><ele>313.75</ele></trkpt>
   <trkpt lon="5.780886" lat="45.220582"><ele>313.25</ele></trkpt>
   <trkpt lon="5.780859" lat="45.220535"><ele>312.75</ele></trkpt>
   <trkpt lon="5.780780" lat="45.220451"><ele>311.75</ele></trkpt>
   <trkpt lon="5.780702" lat="45.220416"><ele>311.25</ele></trkpt>
   <trkpt lon="5.780065" lat="45.220244"><ele>309.5</ele></trkpt>
   <trkpt lon="5.779952" lat="45.220213"><ele>309.25</ele></trkpt>
   <trkpt lon="5.779882" lat="45.220199"><ele>309.0</ele></trkpt>
   <trkpt lon="5.779250" lat="45.220047"><ele>306.75</ele></trkpt>
   <trkpt lon="5.779100" lat="45.219964"><ele>305.5</ele></trkpt>
   <trkpt lon="5.778945" lat="45.219821"><ele>304.5</ele></trkpt>
   <trkpt lon="5.778760" lat="45.219746"><ele>304.0</ele></trkpt>
   <trkpt lon="5.778792" lat="45.219475"><ele>301.75</ele></trkpt>
   <trkpt lon="5.778831" lat="45.219252"><ele>298.0</ele></trkpt>
   <trkpt lon="5.778699" lat="45.219233"><ele>299.0</ele></trkpt>
   <trkpt lon="5.778561" lat="45.219192"><ele>299.25</ele></trkpt>
   <trkpt lon="5.778446" lat="45.219121"><ele>298.5</ele></trkpt>
   <trkpt lon="5.777914" lat="45.218916"><ele>298.75</ele></trkpt>
   <trkpt lon="5.777727" lat="45.218868"><ele>299.0</ele></trkpt>
   <trkpt lon="5.777527" lat="45.218784"><ele>300.0</ele></trkpt>
   <trkpt lon="5.777483" lat="45.218794"><ele>300.25</ele></trkpt>
   <trkpt lon="5.777257" lat="45.218713"><ele>300.75</ele></trkpt>
   <trkpt lon="5.777200" lat="45.218660"><ele>300.5</ele></trkpt>
   <trkpt lon="5.776109" lat="45.218070"><ele>300.0</ele></trkpt>
   <trkpt lon="5.776053" lat="45.218057"><ele>300.25</ele></trkpt>
   <trkpt lon="5.775979" lat="45.218056"><ele>300.75</ele></trkpt>
   <trkpt lon="5.775909" lat="45.217733"><ele>297.0</ele></trkpt>
   <trkpt lon="5.775950" lat="45.217522"><ele>294.25</ele></trkpt>
   <trkpt lon="5.776104" lat="45.217266"><ele>289.75</ele></trkpt>
   <trkpt lon="5.776209" lat="45.217120"><ele>287.75</ele></trkpt>
   <trkpt lon="5.776236" lat="45.217081"><ele>287.25</ele></trkpt>
   <trkpt lon="5.776126" lat="45.217038"><ele>287.0</ele></trkpt>
   <trkpt lon="5.775937" lat="45.216962"><ele>286.25</ele></trkpt>
   <trkpt lon="5.775858" lat="45.216906"><ele>285.5</ele></trkpt>
   <trkpt lon="5.775786" lat="45.216854"><ele>285.25</ele></trkpt>
   <trkpt lon="5.775770" lat="45.216839"><ele>285.25</ele></trkpt>
   <trkpt lon="5.775709" lat="45.216803"><ele>285.25</ele></trkpt>
   <trkpt lon="5.775645" lat="45.216769"><ele>285.25</ele></trkpt>
   <trkpt lon="5.775311" lat="45.216635"><ele>282.75</ele></trkpt>
   <trkpt lon="5.774706" lat="45.216428"><ele>281.5</ele></trkpt>
   <trkpt lon="5.774603" lat="45.216401"><ele>281.0</ele></trkpt>
   <trkpt lon="5.774372" lat="45.216340"><ele>280.5</ele></trkpt>
   <trkpt lon="5.774070" lat="45.216270"><ele>279.25</ele></trkpt>
   <trkpt lon="5.773661" lat="45.216166"><ele>276.75</ele></trkpt>
   <trkpt lon="5.773505" lat="45.216127"><ele>275.75</ele></trkpt>
   <trkpt lon="5.773391" lat="45.216098"><ele>275.0</ele></trkpt>
   <trkpt lon="5.772732" lat="45.215933"><ele>272.25</ele></trkpt>
   <trkpt lon="5.772174" lat="45.215815"><ele>266.75</ele></trkpt>
   <trkpt lon="5.772027" lat="45.215785"><ele>266.0</ele></trkpt>
   <trkpt lon="5.771917" lat="45.215763"><ele>265.75</ele></trkpt>
   <trkpt lon="5.771727" lat="45.215728"><ele>266.0</ele></trkpt>
   <trkpt lon="5.771670" lat="45.215717"><ele>266.0</ele></trkpt>
   <trkpt lon="5.771595" lat="45.215703"><ele>265.75</ele></trkpt>
   <trkpt lon="5.771502" lat="45.215685"><ele>265.25</ele></trkpt>
   <trkpt lon="5.770786" lat="45.215547"><ele>259.75</ele></trkpt>
   <trkpt lon="5.770100" lat="45.215409"><ele>256.5</ele></trkpt>
   <trkpt lon="5.769735" lat="45.215330"><ele>253.0</ele></trkpt>
   <trkpt lon="5.769657" lat="45.215323"><ele>252.5</ele></trkpt>
   <trkpt lon="5.769526" lat="45.215303"><ele>251.75</ele></trkpt>
   <trkpt lon="5.769223" lat="45.215234"><ele>250.0</ele></trkpt>
   <trkpt lon="5.769009" lat="45.215182"><ele>249.75</ele></trkpt>
   <trkpt lon="5.768895" lat="45.215144"><ele>249.5</ele></trkpt>
   <trkpt lon="5.768749" lat="45.215098"><ele>248.5</ele></trkpt>
   <trkpt lon="5.768654" lat="45.215065"><ele>247.75</ele></trkpt>
   <trkpt lon="5.768558" lat="45.215038"><ele>247.0</ele></trkpt>
   <trkpt lon="5.768466" lat="45.215019"><ele>246.5</ele></trkpt>
   <trkpt lon="5.768302" lat="45.214970"><ele>245.75</ele></trkpt>
   <trkpt lon="5.768167" lat="45.214920"><ele>245.5</ele></trkpt>
   <trkpt lon="5.768112" lat="45.214908"><ele>245.5</ele></trkpt>
   <trkpt lon="5.768065" lat="45.214898"><ele>245.5</ele></trkpt>
   <trkpt lon="5.767960" lat="45.214896"><ele>245.0</ele></trkpt>
   <trkpt lon="5.767722" lat="45.214845"><ele>243.5</ele></trkpt>
   <trkpt lon="5.766043" lat="45.214380"><ele>237.25</ele></trkpt>
   <trkpt lon="5.765540" lat="45.214227"><ele>235.75</ele></trkpt>
   <trkpt lon="5.764854" lat="45.213998"><ele>235.5</ele></trkpt>
   <trkpt lon="5.764614" lat="45.213907"><ele>234.5</ele></trkpt>
   <trkpt lon="5.764455" lat="45.213838"><ele>234.25</ele></trkpt>
   <trkpt lon="5.764377" lat="45.213804"><ele>234.25</ele></trkpt>
   <trkpt lon="5.764301" lat="45.213774"><ele>234.25</ele></trkpt>
   <trkpt lon="5.764197" lat="45.213732"><ele>234.0</ele></trkpt>
   <trkpt lon="5.763995" lat="45.213648"><ele>233.75</ele></trkpt>
   <trkpt lon="5.763584" lat="45.213484"><ele>233.0</ele></trkpt>
   <trkpt lon="5.763213" lat="45.213332"><ele>231.75</ele></trkpt>
   <trkpt lon="5.762851" lat="45.213233"><ele>230.0</ele></trkpt>
   <trkpt lon="5.762715" lat="45.213205"><ele>229.5</ele></trkpt>
   <trkpt lon="5.762678" lat="45.213197"><ele>229.5</ele></trkpt>
   <trkpt lon="5.762340" lat="45.213132"><ele>229.0</ele></trkpt>
   <trkpt lon="5.762259" lat="45.213117"><ele>229.25</ele></trkpt>
   <trkpt lon="5.762193" lat="45.213104"><ele>229.25</ele></trkpt>
   <trkpt lon="5.761987" lat="45.213066"><ele>229.75</ele></trkpt>
   <trkpt lon="5.761874" lat="45.213045"><ele>229.75</ele></trkpt>
   <trkpt lon="5.761599" lat="45.212993"><ele>229.25</ele></trkpt>
   <trkpt lon="5.761283" lat="45.212936"><ele>229.0</ele></trkpt>
   <trkpt lon="5.760973" lat="45.212882"><ele>229.25</ele></trkpt>
   <trkpt lon="5.760564" lat="45.212812"><ele>230.0</ele></trkpt>
   <trkpt lon="5.760543" lat="45.212808"><ele>230.25</ele></trkpt>
   <trkpt lon="5.760483" lat="45.212778"><ele>230.25</ele></trkpt>
   <trkpt lon="5.760429" lat="45.212771"><ele>230.25</ele></trkpt>
   <trkpt lon="5.760061" lat="45.212718"><ele>229.5</ele></trkpt>
   <trkpt lon="5.759859" lat="45.212690"><ele>229.0</ele></trkpt>
   <trkpt lon="5.759758" lat="45.212680"><ele>228.75</ele></trkpt>
   <trkpt lon="5.759557" lat="45.212638"><ele>228.75</ele></trkpt>
   <trkpt lon="5.759538" lat="45.212633"><ele>228.75</ele></trkpt>
   <trkpt lon="5.759506" lat="45.212626"><ele>228.75</ele></trkpt>
   <trkpt lon="5.759385" lat="45.212600"><ele>228.75</ele></trkpt>
   <trkpt lon="5.759345" lat="45.212591"><ele>229.0</ele></trkpt>
   <trkpt lon="5.758967" lat="45.212499"><ele>229.5</ele></trkpt>
   <trkpt lon="5.758217" lat="45.212320"><ele>230.25</ele></trkpt>
   <trkpt lon="5.758061" lat="45.212282"><ele>230.25</ele></trkpt>
   <trkpt lon="5.757887" lat="45.212236"><ele>230.0</ele></trkpt>
   <trkpt lon="5.757742" lat="45.212203"><ele>230.0</ele></trkpt>
   <trkpt lon="5.757657" lat="45.212185"><ele>230.25</ele></trkpt>
   <trkpt lon="5.757559" lat="45.212165"><ele>230.5</ele></trkpt>
   <trkpt lon="5.757471" lat="45.212145"><ele>230.75</ele></trkpt>
   <trkpt lon="5.757408" lat="45.212130"><ele>230.75</ele></trkpt>
   <trkpt lon="5.757194" lat="45.212081"><ele>231.5</ele></trkpt>
   <trkpt lon="5.757049" lat="45.212046"><ele>231.75</ele></trkpt>
   <trkpt lon="5.756814" lat="45.211987"><ele>232.25</ele></trkpt>
   <trkpt lon="5.756510" lat="45.211916"><ele>233.25</ele></trkpt>
   <trkpt lon="5.756433" lat="45.211895"><ele>233.5</ele></trkpt>
   <trkpt lon="5.756340" lat="45.211868"><ele>234.0</ele></trkpt>
   <trkpt lon="5.756256" lat="45.211842"><ele>234.25</ele></trkpt>
   <trkpt lon="5.755946" lat="45.211720"><ele>234.75</ele></trkpt>
   <trkpt lon="5.755826" lat="45.211664"><ele>235.0</ele></trkpt>
   <trkpt lon="5.755639" lat="45.211574"><ele>236.75</ele></trkpt>
   <trkpt lon="5.754603" lat="45.211077"><ele>240.75</ele></trkpt>
   <trkpt lon="5.754551" lat="45.211053"><ele>241.25</ele></trkpt>
   <trkpt lon="5.754460" lat="45.211008"><ele>241.75</ele></trkpt>
   <trkpt lon="5.754027" lat="45.210798"><ele>244.0</ele></trkpt>
   <trkpt lon="5.753747" lat="45.210674"><ele>245.75</ele></trkpt>
   <trkpt lon="5.753715" lat="45.210660"><ele>245.75</ele></trkpt>
   <trkpt lon="5.753559" lat="45.210586"><ele>245.5</ele></trkpt>
   <trkpt lon="5.753405" lat="45.210506"><ele>246.5</ele></trkpt>
   <trkpt lon="5.753192" lat="45.210394"><ele>248.5</ele></trkpt>
   <trkpt lon="5.752843" lat="45.210236"><ele>249.5</ele></trkpt>
   <trkpt lon="5.752754" lat="45.210197"><ele>250.0</ele></trkpt>
   <trkpt lon="5.752701" lat="45.210174"><ele>250.5</ele></trkpt>
   <trkpt lon="5.752655" lat="45.210153"><ele>250.75</ele></trkpt>
   <trkpt lon="5.752611" lat="45.210134"><ele>251.0</ele></trkpt>
   <trkpt lon="5.752526" lat="45.210096"><ele>251.5</ele></trkpt>
   <trkpt lon="5.752490" lat="45.210082"><ele>251.5</ele></trkpt>
   <trkpt lon="5.752297" lat="45.209997"><ele>251.5</ele></trkpt>
   <trkpt lon="5.752162" lat="45.209936"><ele>252.25</ele></trkpt>
   <trkpt lon="5.752017" lat="45.209866"><ele>253.0</ele></trkpt>
   <trkpt lon="5.751724" lat="45.209723"><ele>254.75</ele></trkpt>
   <trkpt lon="5.751295" lat="45.209517"><ele>255.75</ele></trkpt>
   <trkpt lon="5.750910" lat="45.209355"><ele>256.5</ele></trkpt>
   <trkpt lon="5.750708" lat="45.209287"><ele>257.5</ele></trkpt>
   <trkpt lon="5.750424" lat="45.209206"><ele>258.5</ele></trkpt>
   <trkpt lon="5.750285" lat="45.209161"><ele>258.75</ele></trkpt>
   <trkpt lon="5.750042" lat="45.209071"><ele>260.0</ele></trkpt>
   <trkpt lon="5.749821" lat="45.208993"><ele>260.0</ele></trkpt>
   <trkpt lon="5.749718" lat="45.208969"><ele>260.0</ele></trkpt>
   <trkpt lon="5.749568" lat="45.208924"><ele>260.5</ele></trkpt>
   <trkpt lon="5.749319" lat="45.208827"><ele>261.0</ele></trkpt>
   <trkpt lon="5.749246" lat="45.208796"><ele>261.0</ele></trkpt>
   <trkpt lon="5.749179" lat="45.208769"><ele>261.0</ele></trkpt>
   <trkpt lon="5.749150" lat="45.208755"><ele>261.0</ele></trkpt>
   <trkpt lon="5.749075" lat="45.208720"><ele>260.5</ele></trkpt>
   <trkpt lon="5.749004" lat="45.208681"><ele>260.0</ele></trkpt>
   <trkpt lon="5.748792" lat="45.208570"><ele>259.5</ele></trkpt>
   <trkpt lon="5.747943" lat="45.207933"><ele>255.75</ele></trkpt>
   <trkpt lon="5.747657" lat="45.207735"><ele>254.5</ele></trkpt>
   <trkpt lon="5.747557" lat="45.207692"><ele>254.25</ele></trkpt>
   <trkpt lon="5.746684" lat="45.207386"><ele>251.5</ele></trkpt>
   <trkpt lon="5.746617" lat="45.207363"><ele>251.25</ele></trkpt>
   <trkpt lon="5.746521" lat="45.207329"><ele>251.0</ele></trkpt>
   <trkpt lon="5.745997" lat="45.207141"><ele>249.0</ele></trkpt>
   <trkpt lon="5.745872" lat="45.207097"><ele>248.0</ele></trkpt>
   <trkpt lon="5.745714" lat="45.207045"><ele>247.75</ele></trkpt>
   <trkpt lon="5.745645" lat="45.207022"><ele>248.0</ele></trkpt>
   <trkpt lon="5.745564" lat="45.206999"><ele>248.0</ele></trkpt>
   <trkpt lon="5.745492" lat="45.206979"><ele>247.75</ele></trkpt>
   <trkpt lon="5.745429" lat="45.206992"><ele>247.75</ele></trkpt>
   <trkpt lon="5.745349" lat="45.207009"><ele>247.5</ele></trkpt>
   <trkpt lon="5.745262" lat="45.207022"><ele>247.5</ele></trkpt>
   <trkpt lon="5.745051" lat="45.207055"><ele>246.75</ele></trkpt>
   <trkpt lon="5.744528" lat="45.207093"><ele>246.25</ele></trkpt>
   <trkpt lon="5.744388" lat="45.207099"><ele>245.75</ele></trkpt>
   <trkpt lon="5.744211" lat="45.207081"><ele>245.0</ele></trkpt>
   <trkpt lon="5.744042" lat="45.207035"><ele>244.75</ele></trkpt>
   <trkpt lon="5.743918" lat="45.206989"><ele>244.25</ele></trkpt>
   <trkpt lon="5.743308" lat="45.206763"><ele>242.5</ele></trkpt>
   <trkpt lon="5.743017" lat="45.206669"><ele>241.75</ele></trkpt>
   <trkpt lon="5.742921" lat="45.206642"><ele>241.25</ele></trkpt>
   <trkpt lon="5.742864" lat="45.206626"><ele>241.0</ele></trkpt>
   <trkpt lon="5.742793" lat="45.206604"><ele>240.75</ele></trkpt>
   <trkpt lon="5.742703" lat="45.206575"><ele>240.75</ele></trkpt>
   <trkpt lon="5.742626" lat="45.206551"><ele>240.75</ele></trkpt>
   <trkpt lon="5.742471" lat="45.206503"><ele>240.5</ele></trkpt>
   <trkpt lon="5.742441" lat="45.206493"><ele>240.5</ele></trkpt>
   <trkpt lon="5.742396" lat="45.206479"><ele>240.25</ele></trkpt>
   <trkpt lon="5.742294" lat="45.206450"><ele>239.5</ele></trkpt>
   <trkpt lon="5.742089" lat="45.206390"><ele>239.0</ele></trkpt>
   <trkpt lon="5.741994" lat="45.206363"><ele>238.75</ele></trkpt>
   <trkpt lon="5.741911" lat="45.206339"><ele>238.5</ele></trkpt>
   <trkpt lon="5.741777" lat="45.206300"><ele>238.0</ele></trkpt>
   <trkpt lon="5.741555" lat="45.206235"><ele>237.5</ele></trkpt>
   <trkpt lon="5.741109" lat="45.206104"><ele>236.75</ele></trkpt>
   <trkpt lon="5.740321" lat="45.205871"><ele>235.5</ele></trkpt>
   <trkpt lon="5.739504" lat="45.205633"><ele>234.75</ele></trkpt>
   <trkpt lon="5.739324" lat="45.205581"><ele>234.25</ele></trkpt>
   <trkpt lon="5.739012" lat="45.205489"><ele>234.0</ele></trkpt>
   <trkpt lon="5.738818" lat="45.205403"><ele>233.25</ele></trkpt>
   <trkpt lon="5.738591" lat="45.205231"><ele>230.25</ele></trkpt>
   <trkpt lon="5.738555" lat="45.205201"><ele>230.0</ele></trkpt>
   <trkpt lon="5.738471" lat="45.205133"><ele>229.25</ele></trkpt>
   <trkpt lon="5.738360" lat="45.205038"><ele>229.0</ele></trkpt>
   <trkpt lon="5.738225" lat="45.204928"><ele>227.5</ele></trkpt>
   <trkpt lon="5.737970" lat="45.204718"><ele>225.5</ele></trkpt>
   <trkpt lon="5.737899" lat="45.204658"><ele>225.25</ele></trkpt>
   <trkpt lon="5.737827" lat="45.204599"><ele>225.0</ele></trkpt>
   <trkpt lon="5.737780" lat="45.204560"><ele>225.0</ele></trkpt>
   <trkpt lon="5.737703" lat="45.204496"><ele>225.0</ele></trkpt>
   <trkpt lon="5.737638" lat="45.204443"><ele>224.75</ele></trkpt>
   <trkpt lon="5.737587" lat="45.204404"><ele>224.25</ele></trkpt>
   <trkpt lon="5.737265" lat="45.204152"><ele>222.5</ele></trkpt>
   <trkpt lon="5.736965" lat="45.203925"><ele>222.0</ele></trkpt>
   <trkpt lon="5.736895" lat="45.203878"><ele>221.75</ele></trkpt>
   <trkpt lon="5.736868" lat="45.203860"><ele>221.75</ele></trkpt>
   <trkpt lon="5.736513" lat="45.203595"><ele>220.75</ele></trkpt>
   <trkpt lon="5.736446" lat="45.203552"><ele>220.75</ele></trkpt>
   <trkpt lon="5.736399" lat="45.203522"><ele>220.75</ele></trkpt>
   <trkpt lon="5.736093" lat="45.203301"><ele>220.75</ele></trkpt>
   <trkpt lon="5.735934" lat="45.203176"><ele>220.5</ele></trkpt>
   <trkpt lon="5.735892" lat="45.203147"><ele>220.25</ele></trkpt>
   <trkpt lon="5.735524" lat="45.202871"><ele>218.25</ele></trkpt>
   <trkpt lon="5.735449" lat="45.202812"><ele>217.75</ele></trkpt>
   <trkpt lon="5.735371" lat="45.202748"><ele>217.25</ele></trkpt>
   <trkpt lon="5.735241" lat="45.202646"><ele>216.5</ele></trkpt>
   <trkpt lon="5.735013" lat="45.202517"><ele>215.0</ele></trkpt>
   <trkpt lon="5.734459" lat="45.202169"><ele>214.25</ele></trkpt>
   <trkpt lon="5.734384" lat="45.202116"><ele>214.25</ele></trkpt>
   <trkpt lon="5.734317" lat="45.202062"><ele>214.25</ele></trkpt>
   <trkpt lon="5.734262" lat="45.202018"><ele>214.25</ele></trkpt>
   <trkpt lon="5.734209" lat="45.201971"><ele>214.0</ele></trkpt>
   <trkpt lon="5.734167" lat="45.201925"><ele>213.75</ele></trkpt>
   <trkpt lon="5.734126" lat="45.201869"><ele>214.0</ele></trkpt>
   <trkpt lon="5.734079" lat="45.201782"><ele>214.25</ele></trkpt>
   <trkpt lon="5.733950" lat="45.201485"><ele>213.5</ele></trkpt>
   <trkpt lon="5.733794" lat="45.201105"><ele>213.0</ele></trkpt>
   <trkpt lon="5.733770" lat="45.201025"><ele>212.75</ele></trkpt>
   <trkpt lon="5.733810" lat="45.200966"><ele>212.25</ele></trkpt>
   <trkpt lon="5.733858" lat="45.200926"><ele>211.5</ele></trkpt>
   <trkpt lon="5.733197" lat="45.199548"><ele>212.5</ele></trkpt>
   <trkpt lon="5.732995" lat="45.199077"><ele>213.5</ele></trkpt>
   <trkpt lon="5.732904" lat="45.198866"><ele>212.75</ele></trkpt>
   <trkpt lon="5.732866" lat="45.198726"><ele>212.75</ele></trkpt>
   <trkpt lon="5.732676" lat="45.198064"><ele>211.75</ele></trkpt>
   <trkpt lon="5.732643" lat="45.197915"><ele>211.25</ele></trkpt>
   <trkpt lon="5.732589" lat="45.197787"><ele>211.5</ele></trkpt>
   <trkpt lon="5.732563" lat="45.197741"><ele>211.75</ele></trkpt>
   <trkpt lon="5.732455" lat="45.197562"><ele>212.25</ele></trkpt>
   <trkpt lon="5.732408" lat="45.197478"><ele>212.0</ele></trkpt>
   <trkpt lon="5.732334" lat="45.197371"><ele>211.5</ele></trkpt>
   <trkpt lon="5.732237" lat="45.197226"><ele>211.75</ele></trkpt>
   <trkpt lon="5.732136" lat="45.197095"><ele>210.5</ele></trkpt>
   <trkpt lon="5.731860" lat="45.196783"><ele>211.25</ele></trkpt>
   <trkpt lon="5.731666" lat="45.196593"><ele>211.5</ele></trkpt>
   <trkpt lon="5.731335" lat="45.196320"><ele>211.75</ele></trkpt>
   <trkpt lon="5.731287" lat="45.196281"><ele>211.25</ele></trkpt>
   <trkpt lon="5.731229" lat="45.196242"><ele>211.25</ele></trkpt>
   <trkpt lon="5.730914" lat="45.196034"><ele>211.0</ele></trkpt>
   <trkpt lon="5.730027" lat="45.195484"><ele>212.0</ele></trkpt>
   <trkpt lon="5.729930" lat="45.195423"><ele>211.75</ele></trkpt>
   <trkpt lon="5.729825" lat="45.195356"><ele>212.5</ele></trkpt>
   <trkpt lon="5.729073" lat="45.194886"><ele>211.5</ele></trkpt>
   <trkpt lon="5.729036" lat="45.194845"><ele>210.75</ele></trkpt>
   <trkpt lon="5.728849" lat="45.194735"><ele>210.5</ele></trkpt>
   <trkpt lon="5.728795" lat="45.194702"><ele>210.75</ele></trkpt>
   <trkpt lon="5.728513" lat="45.194570"><ele>210.5</ele></trkpt>
   <trkpt lon="5.728132" lat="45.194441"><ele>211.25</ele></trkpt>
   <trkpt lon="5.727724" lat="45.194322"><ele>210.25</ele></trkpt>
   <trkpt lon="5.727601" lat="45.194298"><ele>210.0</ele></trkpt>
   <trkpt lon="5.727492" lat="45.194276"><ele>209.75</ele></trkpt>
   <trkpt lon="5.726939" lat="45.194160"><ele>209.75</ele></trkpt>
   <trkpt lon="5.726642" lat="45.194108"><ele>210.25</ele></trkpt>
   <trkpt lon="5.726472" lat="45.194028"><ele>209.0</ele></trkpt>
   <trkpt lon="5.726334" lat="45.193999"><ele>208.75</ele></trkpt>
   <trkpt lon="5.726208" lat="45.193973"><ele>209.25</ele></trkpt>
   <trkpt lon="5.725940" lat="45.193959"><ele>210.0</ele></trkpt>
   <trkpt lon="5.725289" lat="45.193819"><ele>209.75</ele></trkpt>
   <trkpt lon="5.725138" lat="45.193802"><ele>210.0</ele></trkpt>
   <trkpt lon="5.724992" lat="45.193771"><ele>209.75</ele></trkpt>
   <trkpt lon="5.724941" lat="45.193761"><ele>210.25</ele></trkpt>
   <trkpt lon="5.724336" lat="45.193617"><ele>211.0</ele></trkpt>
   <trkpt lon="5.724045" lat="45.193560"><ele>213.0</ele></trkpt>
   <trkpt lon="5.723975" lat="45.193550"><ele>212.75</ele></trkpt>
   <trkpt lon="5.723904" lat="45.193543"><ele>212.75</ele></trkpt>
   <trkpt lon="5.723804" lat="45.193535"><ele>212.75</ele></trkpt>
   <trkpt lon="5.722931" lat="45.193486"><ele>212.5</ele></trkpt>
   <trkpt lon="5.722369" lat="45.193440"><ele>213.75</ele></trkpt>
   <trkpt lon="5.721622" lat="45.193407"><ele>214.75</ele></trkpt>
   <trkpt lon="5.721205" lat="45.193390"><ele>214.5</ele></trkpt>
   <trkpt lon="5.721207" lat="45.193339"><ele>214.0</ele></trkpt>
   <trkpt lon="5.721117" lat="45.193264"><ele>212.25</ele></trkpt>
   <trkpt lon="5.720987" lat="45.193254"><ele>212.0</ele></trkpt>
   <trkpt lon="5.720800" lat="45.193252"><ele>211.75</ele></trkpt>
   <trkpt lon="5.719400" lat="45.193217"><ele>209.5</ele></trkpt>
   <trkpt lon="5.719049" lat="45.193252"><ele>209.0</ele></trkpt>
   <trkpt lon="5.718714" lat="45.193311"><ele>208.5</ele></trkpt>
   <trkpt lon="5.718220" lat="45.193485"><ele>208.5</ele></trkpt>
   <trkpt lon="5.718014" lat="45.193580"><ele>208.5</ele></trkpt>
   <trkpt lon="5.717245" lat="45.193946"><ele>208.5</ele></trkpt>
   <trkpt lon="5.716972" lat="45.194119"><ele>208.75</ele></trkpt>
   <trkpt lon="5.716665" lat="45.194348"><ele>208.25</ele></trkpt>
   <trkpt lon="5.716354" lat="45.194649"><ele>208.25</ele></trkpt>
   <trkpt lon="5.716059" lat="45.195069"><ele>208.5</ele></trkpt>
   <trkpt lon="5.715935" lat="45.195338"><ele>208.5</ele></trkpt>
   <trkpt lon="5.715852" lat="45.195606"><ele>208.25</ele></trkpt>
   <trkpt lon="5.715675" lat="45.196403"><ele>208.25</ele></trkpt>
   <trkpt lon="5.715651" lat="45.196788"><ele>208.0</ele></trkpt>
   <trkpt lon="5.715677" lat="45.197175"><ele>208.25</ele></trkpt>
   <trkpt lon="5.715730" lat="45.197615"><ele>208.5</ele></trkpt>
   <trkpt lon="5.715937" lat="45.198561"><ele>208.0</ele></trkpt>
   <trkpt lon="5.716040" lat="45.199160"><ele>208.5</ele></trkpt>
   <trkpt lon="5.716102" lat="45.199426"><ele>208.75</ele></trkpt>
   <trkpt lon="5.716181" lat="45.199847"><ele>208.75</ele></trkpt>
   <trkpt lon="5.716197" lat="45.200068"><ele>208.75</ele></trkpt>
   <trkpt lon="5.716138" lat="45.200386"><ele>208.75</ele></trkpt>
   <trkpt lon="5.715937" lat="45.200804"><ele>209.0</ele></trkpt>
   <trkpt lon="5.715598" lat="45.201281"><ele>208.5</ele></trkpt>
   <trkpt lon="5.715201" lat="45.201690"><ele>208.5</ele></trkpt>
   <trkpt lon="5.714781" lat="45.202077"><ele>208.75</ele></trkpt>
   <trkpt lon="5.714542" lat="45.202290"><ele>208.75</ele></trkpt>
   <trkpt lon="5.713902" lat="45.202797"><ele>208.25</ele></trkpt>
   <trkpt lon="5.711786" lat="45.204376"><ele>208.75</ele></trkpt>
   <trkpt lon="5.711474" lat="45.204586"><ele>209.25</ele></trkpt>
   <trkpt lon="5.711136" lat="45.204795"><ele>208.0</ele></trkpt>
   <trkpt lon="5.710766" lat="45.204979"><ele>209.5</ele></trkpt>
   <trkpt lon="5.710392" lat="45.205127"><ele>209.25</ele></trkpt>
   <trkpt lon="5.710005" lat="45.205252"><ele>210.5</ele></trkpt>
   <trkpt lon="5.709627" lat="45.205359"><ele>209.0</ele></trkpt>
   <trkpt lon="5.708390" lat="45.205682"><ele>210.75</ele></trkpt>
   <trkpt lon="5.708084" lat="45.205792"><ele>210.5</ele></trkpt>
   <trkpt lon="5.707964" lat="45.205844"><ele>209.5</ele></trkpt>
   <trkpt lon="5.707697" lat="45.205971"><ele>210.0</ele></trkpt>
   <trkpt lon="5.707361" lat="45.206051"><ele>209.5</ele></trkpt>
   <trkpt lon="5.707090" lat="45.206127"><ele>208.5</ele></trkpt>
   <trkpt lon="5.706997" lat="45.206176"><ele>209.5</ele></trkpt>
   <trkpt lon="5.706285" lat="45.206461"><ele>211.25</ele></trkpt>
   <trkpt lon="5.705340" lat="45.206858"><ele>211.25</ele></trkpt>
   <trkpt lon="5.703595" lat="45.207569"><ele>211.75</ele></trkpt>
   <trkpt lon="5.702468" lat="45.208044"><ele>210.75</ele></trkpt>
   <trkpt lon="5.702435" lat="45.207989"><ele>209.75</ele></trkpt>
   <trkpt lon="5.702380" lat="45.207910"><ele>208.25</ele></trkpt>
   <trkpt lon="5.701514" lat="45.206279"><ele>209.0</ele></trkpt>
   <trkpt lon="5.701506" lat="45.206221"><ele>209.0</ele></trkpt>
   <trkpt lon="5.701525" lat="45.206200"><ele>209.0</ele></trkpt>
   <trkpt lon="5.701567" lat="45.206191"><ele>209.0</ele></trkpt>
   <trkpt lon="5.701609" lat="45.206197"><ele>209.0</ele></trkpt>
   <trkpt lon="5.701633" lat="45.206221"><ele>209.0</ele></trkpt>
   <trkpt lon="5.701814" lat="45.206613"><ele>209.0</ele></trkpt>
   <trkpt lon="5.701902" lat="45.206770"><ele>209.0</ele></trkpt>
   <trkpt lon="5.701987" lat="45.206758"><ele>208.75</ele></trkpt>
   <trkpt lon="5.702211" lat="45.206751"><ele>208.0</ele></trkpt>
   <trkpt lon="5.702387" lat="45.206732"><ele>208.5</ele></trkpt>
   <trkpt lon="5.704184" lat="45.206101"><ele>208.75</ele></trkpt>
   <trkpt lon="5.705172" lat="45.205765"><ele>207.75</ele></trkpt>
   <trkpt lon="5.706082" lat="45.205471"><ele>208.0</ele></trkpt>
   <trkpt lon="5.706301" lat="45.205399"><ele>208.0</ele></trkpt>
   <trkpt lon="5.706977" lat="45.205241"><ele>207.0</ele></trkpt>
   <trkpt lon="5.707387" lat="45.205162"><ele>207.25</ele></trkpt>
   <trkpt lon="5.707798" lat="45.205087"><ele>209.25</ele></trkpt>
   <trkpt lon="5.708220" lat="45.204993"><ele>209.25</ele></trkpt>
   <trkpt lon="5.708237" lat="45.204970"><ele>209.5</ele></trkpt>
   <trkpt lon="5.708242" lat="45.204885"><ele>210.0</ele></trkpt>
   <trkpt lon="5.708280" lat="45.204765"><ele>210.5</ele></trkpt>
   <trkpt lon="5.708282" lat="45.204745"><ele>210.5</ele></trkpt>
   <trkpt lon="5.708274" lat="45.204735"><ele>210.75</ele></trkpt>
   <trkpt lon="5.709428" lat="45.202185"><ele>210.0</ele></trkpt>
   <trkpt lon="5.709986" lat="45.200932"><ele>211.0</ele></trkpt>
   <trkpt lon="5.710017" lat="45.200800"><ele>211.0</ele></trkpt>
   <trkpt lon="5.710273" lat="45.200213"><ele>210.75</ele></trkpt>
   <trkpt lon="5.710597" lat="45.199506"><ele>210.75</ele></trkpt>
   <trkpt lon="5.710816" lat="45.199004"><ele>210.75</ele></trkpt>
   <trkpt lon="5.710978" lat="45.198661"><ele>211.0</ele></trkpt>
   <trkpt lon="5.711088" lat="45.198510"><ele>210.75</ele></trkpt>
   <trkpt lon="5.711476" lat="45.197622"><ele>211.0</ele></trkpt>
   <trkpt lon="5.711540" lat="45.197462"><ele>211.0</ele></trkpt>
   <trkpt lon="5.711637" lat="45.197206"><ele>211.0</ele></trkpt>
   <trkpt lon="5.711862" lat="45.196716"><ele>211.0</ele></trkpt>
   <trkpt lon="5.712012" lat="45.196496"><ele>211.0</ele></trkpt>
   <trkpt lon="5.712137" lat="45.196376"><ele>211.0</ele></trkpt>
   <trkpt lon="5.712592" lat="45.196015"><ele>211.0</ele></trkpt>
   <trkpt lon="5.712638" lat="45.196004"><ele>211.0</ele></trkpt>
   <trkpt lon="5.712700" lat="45.195998"><ele>211.0</ele></trkpt>
   <trkpt lon="5.712739" lat="45.195958"><ele>211.0</ele></trkpt>
   <trkpt lon="5.712798" lat="45.195916"><ele>211.0</ele></trkpt>
   <trkpt lon="5.712907" lat="45.195831"><ele>211.0</ele></trkpt>
   <trkpt lon="5.713152" lat="45.195662"><ele>210.5</ele></trkpt>
   <trkpt lon="5.713234" lat="45.195596"><ele>210.25</ele></trkpt>
   <trkpt lon="5.713318" lat="45.195463"><ele>210.0</ele></trkpt>
   <trkpt lon="5.713445" lat="45.195218"><ele>210.0</ele></trkpt>
   <trkpt lon="5.713471" lat="45.195163"><ele>210.0</ele></trkpt>
   <trkpt lon="5.713501" lat="45.195101"><ele>210.0</ele></trkpt>
   <trkpt lon="5.713526" lat="45.195047"><ele>210.0</ele></trkpt>
   <trkpt lon="5.713825" lat="45.194430"><ele>210.0</ele></trkpt>
   <trkpt lon="5.713971" lat="45.194125"><ele>210.0</ele></trkpt>
   <trkpt lon="5.714035" lat="45.193990"><ele>210.0</ele></trkpt>
   <trkpt lon="5.714053" lat="45.193956"><ele>210.0</ele></trkpt>
   <trkpt lon="5.714087" lat="45.193877"><ele>210.0</ele></trkpt>
   <trkpt lon="5.714100" lat="45.193851"><ele>210.0</ele></trkpt>
   <trkpt lon="5.714122" lat="45.193804"><ele>210.0</ele></trkpt>
   <trkpt lon="5.714132" lat="45.193782"><ele>210.0</ele></trkpt>
   <trkpt lon="5.714206" lat="45.193634"><ele>210.0</ele></trkpt>
   <trkpt lon="5.714336" lat="45.193377"><ele>210.25</ele></trkpt>
   <trkpt lon="5.714369" lat="45.193310"><ele>210.25</ele></trkpt>
   <trkpt lon="5.714539" lat="45.192971"><ele>210.0</ele></trkpt>
   <trkpt lon="5.714626" lat="45.192775"><ele>210.25</ele></trkpt>
   <trkpt lon="5.714703" lat="45.192600"><ele>210.5</ele></trkpt>
   <trkpt lon="5.714770" lat="45.192440"><ele>211.0</ele></trkpt>
   <trkpt lon="5.714818" lat="45.192324"><ele>211.0</ele></trkpt>
   <trkpt lon="5.714860" lat="45.192238"><ele>211.0</ele></trkpt>
   <trkpt lon="5.714939" lat="45.192073"><ele>211.0</ele></trkpt>
   <trkpt lon="5.714968" lat="45.192004"><ele>211.0</ele></trkpt>
   <trkpt lon="5.715050" lat="45.191828"><ele>211.0</ele></trkpt>
   <trkpt lon="5.715202" lat="45.191497"><ele>210.75</ele></trkpt>
   <trkpt lon="5.715273" lat="45.191336"><ele>211.0</ele></trkpt>
   <trkpt lon="5.715315" lat="45.191234"><ele>211.25</ele></trkpt>
   <trkpt lon="5.715333" lat="45.191179"><ele>211.5</ele></trkpt>
   <trkpt lon="5.715342" lat="45.191159"><ele>211.5</ele></trkpt>
   <trkpt lon="5.715402" lat="45.191024"><ele>211.5</ele></trkpt>
   <trkpt lon="5.715461" lat="45.190942"><ele>211.25</ele></trkpt>
   <trkpt lon="5.715571" lat="45.190794"><ele>211.0</ele></trkpt>
   <trkpt lon="5.715736" lat="45.190490"><ele>211.0</ele></trkpt>
   <trkpt lon="5.715772" lat="45.190439"><ele>211.0</ele></trkpt>
   <trkpt lon="5.715817" lat="45.190388"><ele>211.0</ele></trkpt>
   <trkpt lon="5.715868" lat="45.190394"><ele>211.0</ele></trkpt>
   <trkpt lon="5.716707" lat="45.190518"><ele>211.0</ele></trkpt>
   <trkpt lon="5.716773" lat="45.190527"><ele>211.0</ele></trkpt>
   <trkpt lon="5.716864" lat="45.190541"><ele>211.0</ele></trkpt>
   <trkpt lon="5.717484" lat="45.190634"><ele>211.0</ele></trkpt>
   <trkpt lon="5.717706" lat="45.190668"><ele>211.0</ele></trkpt>
   <trkpt lon="5.718443" lat="45.190779"><ele>211.0</ele></trkpt>
   <trkpt lon="5.718623" lat="45.190808"><ele>210.75</ele></trkpt>
   <trkpt lon="5.718730" lat="45.190825"><ele>211.0</ele></trkpt>
   <trkpt lon="5.719229" lat="45.190900"><ele>211.0</ele></trkpt>
   <trkpt lon="5.719588" lat="45.190951"><ele>211.0</ele></trkpt>
   <trkpt lon="5.719700" lat="45.190941"><ele>211.0</ele></trkpt>
   <trkpt lon="5.719806" lat="45.190955"><ele>211.0</ele></trkpt>
   <trkpt lon="5.719783" lat="45.190900"><ele>211.0</ele></trkpt>
   <trkpt lon="5.719763" lat="45.190852"><ele>211.0</ele></trkpt>
   <trkpt lon="5.719777" lat="45.190766"><ele>211.0</ele></trkpt>
   <trkpt lon="5.719725" lat="45.190573"><ele>211.0</ele></trkpt>
   <trkpt lon="5.719514" lat="45.189943"><ele>211.0</ele></trkpt>
   <trkpt lon="5.719433" lat="45.189743"><ele>211.0</ele></trkpt>
   <trkpt lon="5.719357" lat="45.189626"><ele>211.0</ele></trkpt>
   <trkpt lon="5.719337" lat="45.189558"><ele>211.0</ele></trkpt>
   <trkpt lon="5.719334" lat="45.189548"><ele>211.0</ele></trkpt>
   <trkpt lon="5.719333" lat="45.189542"><ele>210.75</ele></trkpt>
   <trkpt lon="5.719356" lat="45.189539"><ele>211.0</ele></trkpt>
   <trkpt lon="5.719433" lat="45.189526"><ele>211.0</ele></trkpt>
   <trkpt lon="5.719519" lat="45.189513"><ele>211.0</ele></trkpt>
   <trkpt lon="5.719567" lat="45.189507"><ele>211.0</ele></trkpt>
   <trkpt lon="5.719636" lat="45.189497"><ele>210.75</ele></trkpt>
   <trkpt lon="5.719641" lat="45.189513"><ele>211.0</ele></trkpt>
   <trkpt lon="5.719659" lat="45.189575"><ele>211.0</ele></trkpt>
   <trkpt lon="5.719706" lat="45.189738"><ele>211.0</ele></trkpt>
   <trkpt lon="5.719816" lat="45.190056"><ele>211.0</ele></trkpt>
   <trkpt lon="5.719881" lat="45.190048"><ele>211.0</ele></trkpt>
   <trkpt lon="5.719943" lat="45.190040"><ele>211.0</ele></trkpt>
   <trkpt lon="5.719929" lat="45.189997"><ele>211.0</ele></trkpt>
   <trkpt lon="5.719995" lat="45.189985"><ele>211.25</ele></trkpt>
  </trkseg>
 </trk>
</gpx>
