<?xml version="1.0" encoding="UTF-8"?>
<gpx version="1.1" creator="BRouter paired review" xmlns="http://www.topografix.com/GPX/1/1">
<trk><name>Route A</name><trkseg>
<trkpt lat="45.189985" lon="5.719995"><ele>211.0</ele></trkpt>
<trkpt lat="45.189997" lon="5.719929"><ele>211.0</ele></trkpt>
<trkpt lat="45.190040" lon="5.719943"><ele>211.0</ele></trkpt>
<trkpt lat="45.190048" lon="5.719881"><ele>211.0</ele></trkpt>
<trkpt lat="45.190710" lon="5.720108"><ele>211.0</ele></trkpt>
<trkpt lat="45.190824" lon="5.720148"><ele>211.0</ele></trkpt>
<trkpt lat="45.190919" lon="5.720221"><ele>211.0</ele></trkpt>
<trkpt lat="45.190976" lon="5.720244"><ele>211.0</ele></trkpt>
<trkpt lat="45.191017" lon="5.720260"><ele>211.0</ele></trkpt>
<trkpt lat="45.191072" lon="5.720283"><ele>211.0</ele></trkpt>
<trkpt lat="45.191157" lon="5.720309"><ele>211.0</ele></trkpt>
<trkpt lat="45.191239" lon="5.720306"><ele>211.0</ele></trkpt>
<trkpt lat="45.191342" lon="5.720326"><ele>211.0</ele></trkpt>
<trkpt lat="45.191566" lon="5.720398"><ele>211.5</ele></trkpt>
<trkpt lat="45.191604" lon="5.720389"><ele>211.75</ele></trkpt>
<trkpt lat="45.191636" lon="5.720376"><ele>211.75</ele></trkpt>
<trkpt lat="45.191794" lon="5.720425"><ele>212.25</ele></trkpt>
<trkpt lat="45.191994" lon="5.720488"><ele>213.0</ele></trkpt>
<trkpt lat="45.192053" lon="5.720502"><ele>213.0</ele></trkpt>
<trkpt lat="45.192215" lon="5.720552"><ele>213.0</ele></trkpt>
<trkpt lat="45.192308" lon="5.720510"><ele>211.0</ele></trkpt>
<trkpt lat="45.192377" lon="5.720425"><ele>209.75</ele></trkpt>
<trkpt lat="45.192416" lon="5.720376"><ele>209.25</ele></trkpt>
<trkpt lat="45.192453" lon="5.720329"></trkpt>
<trkpt lat="45.193214" lon="5.719811"></trkpt>
<trkpt lat="45.193276" lon="5.719807"><ele>211.75</ele></trkpt>
<trkpt lat="45.193309" lon="5.719805"><ele>212.25</ele></trkpt>
<trkpt lat="45.193342" lon="5.719798"><ele>213.0</ele></trkpt>
<trkpt lat="45.193404" lon="5.719769"><ele>213.0</ele></trkpt>
<trkpt lat="45.193495" lon="5.719696"><ele>212.75</ele></trkpt>
<trkpt lat="45.193665" lon="5.719514"><ele>215.5</ele></trkpt>
<trkpt lat="45.193795" lon="5.719325"><ele>218.25</ele></trkpt>
<trkpt lat="45.193907" lon="5.719096"><ele>211.75</ele></trkpt>
<trkpt lat="45.194057" lon="5.719132"><ele>211.75</ele></trkpt>
<trkpt lat="45.194196" lon="5.719148"><ele>211.75</ele></trkpt>
<trkpt lat="45.194457" lon="5.719131"><ele>211.0</ele></trkpt>
<trkpt lat="45.194764" lon="5.719108"><ele>211.75</ele></trkpt>
<trkpt lat="45.194806" lon="5.719106"><ele>211.75</ele></trkpt>
<trkpt lat="45.194893" lon="5.719101"><ele>211.75</ele></trkpt>
<trkpt lat="45.195369" lon="5.719076"><ele>211.5</ele></trkpt>
<trkpt lat="45.195532" lon="5.719065"><ele>211.5</ele></trkpt>
<trkpt lat="45.195587" lon="5.719063"><ele>211.75</ele></trkpt>
<trkpt lat="45.195698" lon="5.719054"><ele>212.5</ele></trkpt>
<trkpt lat="45.195793" lon="5.719026"><ele>213.0</ele></trkpt>
<trkpt lat="45.195921" lon="5.718985"><ele>213.25</ele></trkpt>
<trkpt lat="45.196227" lon="5.718901"><ele>212.0</ele></trkpt>
<trkpt lat="45.196316" lon="5.718876"><ele>212.0</ele></trkpt>
<trkpt lat="45.196402" lon="5.718849"><ele>212.0</ele></trkpt>
<trkpt lat="45.196896" lon="5.718693"><ele>212.75</ele></trkpt>
<trkpt lat="45.197377" lon="5.718546"><ele>211.75</ele></trkpt>
<trkpt lat="45.197474" lon="5.718534"><ele>211.75</ele></trkpt>
<trkpt lat="45.197718" lon="5.718452"><ele>212.0</ele></trkpt>
<trkpt lat="45.198182" lon="5.718332"><ele>211.5</ele></trkpt>
<trkpt lat="45.198209" lon="5.718311"><ele>211.25</ele></trkpt>
<trkpt lat="45.198235" lon="5.718327"><ele>211.25</ele></trkpt>
<trkpt lat="45.198262" lon="5.718329"><ele>211.25</ele></trkpt>
<trkpt lat="45.198289" lon="5.718319"><ele>211.0</ele></trkpt>
<trkpt lat="45.198311" lon="5.718297"><ele>211.0</ele></trkpt>
<trkpt lat="45.198327" lon="5.718265"><ele>211.0</ele></trkpt>
<trkpt lat="45.198334" lon="5.718227"><ele>211.0</ele></trkpt>
<trkpt lat="45.198376" lon="5.718221"><ele>211.0</ele></trkpt>
<trkpt lat="45.198409" lon="5.718216"><ele>211.25</ele></trkpt>
<trkpt lat="45.198472" lon="5.718205"><ele>211.5</ele></trkpt>
<trkpt lat="45.198851" lon="5.718100"><ele>211.0</ele></trkpt>
<trkpt lat="45.198894" lon="5.718088"><ele>211.0</ele></trkpt>
<trkpt lat="45.198911" lon="5.718082"><ele>211.0</ele></trkpt>
<trkpt lat="45.199034" lon="5.718049"><ele>211.5</ele></trkpt>
<trkpt lat="45.199710" lon="5.717863"><ele>214.0</ele></trkpt>
<trkpt lat="45.199837" lon="5.717841"><ele>214.75</ele></trkpt>
<trkpt lat="45.199873" lon="5.717834"><ele>215.0</ele></trkpt>
<trkpt lat="45.199933" lon="5.717824"><ele>215.25</ele></trkpt>
<trkpt lat="45.200148" lon="5.717762"><ele>215.75</ele></trkpt>
<trkpt lat="45.200415" lon="5.717716"><ele>217.5</ele></trkpt>
<trkpt lat="45.200542" lon="5.717683"><ele>218.0</ele></trkpt>
<trkpt lat="45.200636" lon="5.717630"><ele>218.5</ele></trkpt>
<trkpt lat="45.200736" lon="5.717556"><ele>219.25</ele></trkpt>
<trkpt lat="45.200970" lon="5.717294"><ele>221.75</ele></trkpt>
<trkpt lat="45.201007" lon="5.717252"><ele>222.0</ele></trkpt>
<trkpt lat="45.201224" lon="5.717005"><ele>223.75</ele></trkpt>
<trkpt lat="45.201677" lon="5.716244"><ele>225.0</ele></trkpt>
<trkpt lat="45.201723" lon="5.716172"><ele>225.25</ele></trkpt>
<trkpt lat="45.201829" lon="5.716018"><ele>226.25</ele></trkpt>
<trkpt lat="45.201930" lon="5.715904"><ele>228.0</ele></trkpt>
<trkpt lat="45.202251" lon="5.715615"><ele>232.25</ele></trkpt>
<trkpt lat="45.202423" lon="5.715430"><ele>233.25</ele></trkpt>
<trkpt lat="45.202702" lon="5.715061"><ele>233.75</ele></trkpt>
<trkpt lat="45.203015" lon="5.714630"><ele>233.25</ele></trkpt>
<trkpt lat="45.203122" lon="5.714484"><ele>233.25</ele></trkpt>
<trkpt lat="45.203217" lon="5.714344"><ele>232.75</ele></trkpt>
<trkpt lat="45.203253" lon="5.714296"><ele>233.0</ele></trkpt>
<trkpt lat="45.204206" lon="5.713036"><ele>229.25</ele></trkpt>
<trkpt lat="45.204980" lon="5.712117"><ele>225.0</ele></trkpt>
<trkpt lat="45.205036" lon="5.712009"><ele>224.25</ele></trkpt>
<trkpt lat="45.205090" lon="5.711905"><ele>223.5</ele></trkpt>
<trkpt lat="45.205209" lon="5.711618"><ele>223.5</ele></trkpt>
<trkpt lat="45.205505" lon="5.710599"><ele>218.0</ele></trkpt>
<trkpt lat="45.205604" lon="5.710280"><ele>218.25</ele></trkpt>
<trkpt lat="45.205733" lon="5.709864"><ele>217.0</ele></trkpt>
<trkpt lat="45.205795" lon="5.709643"><ele>214.0</ele></trkpt>
<trkpt lat="45.206210" lon="5.709040"><ele>213.5</ele></trkpt>
<trkpt lat="45.206275" lon="5.708958"><ele>213.5</ele></trkpt>
<trkpt lat="45.206355" lon="5.708889"><ele>213.0</ele></trkpt>
<trkpt lat="45.206385" lon="5.708870"><ele>212.75</ele></trkpt>
<trkpt lat="45.206430" lon="5.708838"><ele>213.25</ele></trkpt>
<trkpt lat="45.206488" lon="5.708807"><ele>213.75</ele></trkpt>
<trkpt lat="45.206554" lon="5.708770"><ele>214.0</ele></trkpt>
<trkpt lat="45.206793" lon="5.708645"><ele>213.5</ele></trkpt>
<trkpt lat="45.206862" lon="5.708609"><ele>213.0</ele></trkpt>
<trkpt lat="45.207387" lon="5.708317"><ele>213.5</ele></trkpt>
<trkpt lat="45.207586" lon="5.708194"><ele>214.25</ele></trkpt>
<trkpt lat="45.207607" lon="5.708181"><ele>214.5</ele></trkpt>
<trkpt lat="45.207708" lon="5.708037"><ele>213.75</ele></trkpt>
<trkpt lat="45.207862" lon="5.707743"><ele>214.0</ele></trkpt>
<trkpt lat="45.207929" lon="5.707579"><ele>214.0</ele></trkpt>
<trkpt lat="45.207963" lon="5.707487"><ele>213.5</ele></trkpt>
<trkpt lat="45.208010" lon="5.707368"><ele>213.25</ele></trkpt>
<trkpt lat="45.208032" lon="5.707297"><ele>213.0</ele></trkpt>
<trkpt lat="45.208058" lon="5.707225"><ele>213.0</ele></trkpt>
<trkpt lat="45.208091" lon="5.707149"><ele>213.5</ele></trkpt>
<trkpt lat="45.208206" lon="5.706890"><ele>214.0</ele></trkpt>
<trkpt lat="45.208236" lon="5.706814"><ele>213.25</ele></trkpt>
<trkpt lat="45.208265" lon="5.706738"><ele>212.5</ele></trkpt>
<trkpt lat="45.208306" lon="5.706605"><ele>211.5</ele></trkpt>
<trkpt lat="45.208307" lon="5.706528"><ele>211.25</ele></trkpt>
<trkpt lat="45.208289" lon="5.706417"><ele>211.0</ele></trkpt>
<trkpt lat="45.208265" lon="5.706290"><ele>211.0</ele></trkpt>
<trkpt lat="45.208318" lon="5.706260"><ele>211.0</ele></trkpt>
<trkpt lat="45.208361" lon="5.706212"><ele>211.25</ele></trkpt>
<trkpt lat="45.208388" lon="5.706169"><ele>211.25</ele></trkpt>
<trkpt lat="45.208624" lon="5.705779"><ele>211.0</ele></trkpt>
<trkpt lat="45.208690" lon="5.705669"><ele>211.0</ele></trkpt>
<trkpt lat="45.208729" lon="5.705605"><ele>210.75</ele></trkpt>
<trkpt lat="45.209109" lon="5.704939"><ele>211.25</ele></trkpt>
<trkpt lat="45.209455" lon="5.704269"><ele>209.0</ele></trkpt>
<trkpt lat="45.209638" lon="5.703941"><ele>209.25</ele></trkpt>
<trkpt lat="45.209762" lon="5.703746"><ele>209.0</ele></trkpt>
<trkpt lat="45.209902" lon="5.703549"><ele>209.0</ele></trkpt>
<trkpt lat="45.210137" lon="5.703272"><ele>208.75</ele></trkpt>
<trkpt lat="45.210300" lon="5.703083"><ele>208.0</ele></trkpt>
<trkpt lat="45.210394" lon="5.703005"><ele>208.25</ele></trkpt>
<trkpt lat="45.210569" lon="5.702832"><ele>208.75</ele></trkpt>
<trkpt lat="45.210599" lon="5.702802"><ele>209.0</ele></trkpt>
<trkpt lat="45.210704" lon="5.702690"><ele>208.75</ele></trkpt>
<trkpt lat="45.210775" lon="5.702606"><ele>208.75</ele></trkpt>
<trkpt lat="45.211278" lon="5.701955"><ele>209.0</ele></trkpt>
<trkpt lat="45.211505" lon="5.701693"><ele>209.25</ele></trkpt>
<trkpt lat="45.212247" lon="5.700827"><ele>210.75</ele></trkpt>
<trkpt lat="45.212496" lon="5.700569"><ele>211.25</ele></trkpt>
<trkpt lat="45.212603" lon="5.700475"><ele>212.75</ele></trkpt>
<trkpt lat="45.212628" lon="5.700446"><ele>213.0</ele></trkpt>
<trkpt lat="45.212725" lon="5.700364"><ele>212.25</ele></trkpt>
<trkpt lat="45.212884" lon="5.700218"><ele>211.0</ele></trkpt>
<trkpt lat="45.213077" lon="5.700032"><ele>210.5</ele></trkpt>
<trkpt lat="45.213323" lon="5.699727"><ele>209.0</ele></trkpt>
<trkpt lat="45.213434" lon="5.699563"><ele>209.0</ele></trkpt>
<trkpt lat="45.213681" lon="5.699118"><ele>207.75</ele></trkpt>
<trkpt lat="45.213707" lon="5.699060"><ele>208.0</ele></trkpt>
<trkpt lat="45.213756" lon="5.698942"><ele>208.0</ele></trkpt>
<trkpt lat="45.213804" lon="5.698814"><ele>207.5</ele></trkpt>
<trkpt lat="45.214093" lon="5.698083"><ele>206.75</ele></trkpt>
<trkpt lat="45.214132" lon="5.697985"><ele>207.0</ele></trkpt>
<trkpt lat="45.214198" lon="5.697707"><ele>206.75</ele></trkpt>
<trkpt lat="45.214229" lon="5.697620"><ele>206.75</ele></trkpt>
<trkpt lat="45.214388" lon="5.697154"><ele>206.0</ele></trkpt>
<trkpt lat="45.214513" lon="5.696878"><ele>206.5</ele></trkpt>
<trkpt lat="45.214633" lon="5.696671"><ele>206.25</ele></trkpt>
<trkpt lat="45.214769" lon="5.696474"><ele>206.0</ele></trkpt>
<trkpt lat="45.214797" lon="5.696426"><ele>206.0</ele></trkpt>
<trkpt lat="45.214875" lon="5.696309"><ele>206.0</ele></trkpt>
<trkpt lat="45.214914" lon="5.696248"><ele>206.0</ele></trkpt>
<trkpt lat="45.215033" lon="5.696068"><ele>206.0</ele></trkpt>
<trkpt lat="45.215194" lon="5.695872"><ele>206.0</ele></trkpt>
<trkpt lat="45.215405" lon="5.695653"><ele>206.0</ele></trkpt>
<trkpt lat="45.216372" lon="5.694790"><ele>205.75</ele></trkpt>
<trkpt lat="45.216707" lon="5.694500"><ele>206.0</ele></trkpt>
<trkpt lat="45.216806" lon="5.694419"><ele>206.0</ele></trkpt>
<trkpt lat="45.216906" lon="5.694354"><ele>206.0</ele></trkpt>
<trkpt lat="45.217059" lon="5.694240"><ele>206.25</ele></trkpt>
<trkpt lat="45.217101" lon="5.694212"><ele>206.25</ele></trkpt>
<trkpt lat="45.217206" lon="5.694117"><ele>206.0</ele></trkpt>
<trkpt lat="45.217271" lon="5.694058"><ele>206.5</ele></trkpt>
<trkpt lat="45.217386" lon="5.693958"><ele>207.0</ele></trkpt>
<trkpt lat="45.217448" lon="5.693903"><ele>206.75</ele></trkpt>
<trkpt lat="45.217917" lon="5.693471"><ele>206.0</ele></trkpt>
<trkpt lat="45.218370" lon="5.693083"><ele>206.0</ele></trkpt>
<trkpt lat="45.218823" lon="5.692676"><ele>205.75</ele></trkpt>
<trkpt lat="45.219941" lon="5.691692"><ele>205.75</ele></trkpt>
<trkpt lat="45.219989" lon="5.691646"><ele>205.75</ele></trkpt>
<trkpt lat="45.220077" lon="5.691558"><ele>206.0</ele></trkpt>
<trkpt lat="45.220174" lon="5.691477"><ele>206.0</ele></trkpt>
<trkpt lat="45.220546" lon="5.691173"><ele>205.75</ele></trkpt>
<trkpt lat="45.221172" lon="5.690622"><ele>205.75</ele></trkpt>
<trkpt lat="45.221650" lon="5.690218"><ele>205.75</ele></trkpt>
<trkpt lat="45.221943" lon="5.689963"><ele>205.75</ele></trkpt>
<trkpt lat="45.222032" lon="5.689885"><ele>205.75</ele></trkpt>
<trkpt lat="45.222670" lon="5.689358"><ele>205.25</ele></trkpt>
<trkpt lat="45.222842" lon="5.689209"><ele>205.75</ele></trkpt>
<trkpt lat="45.222919" lon="5.689140"><ele>205.75</ele></trkpt>
<trkpt lat="45.223122" lon="5.688967"><ele>205.75</ele></trkpt>
<trkpt lat="45.223165" lon="5.688924"><ele>205.75</ele></trkpt>
<trkpt lat="45.223473" lon="5.688622"><ele>206.25</ele></trkpt>
<trkpt lat="45.223681" lon="5.688450"><ele>206.25</ele></trkpt>
<trkpt lat="45.223745" lon="5.688388"><ele>206.25</ele></trkpt>
<trkpt lat="45.224078" lon="5.688103"><ele>206.75</ele></trkpt>
<trkpt lat="45.224121" lon="5.688067"><ele>206.75</ele></trkpt>
<trkpt lat="45.224203" lon="5.687992"><ele>206.75</ele></trkpt>
<trkpt lat="45.224270" lon="5.687923"><ele>206.75</ele></trkpt>
<trkpt lat="45.224456" lon="5.687735"><ele>206.75</ele></trkpt>
<trkpt lat="45.224681" lon="5.687544"><ele>206.75</ele></trkpt>
<trkpt lat="45.225092" lon="5.687196"><ele>207.0</ele></trkpt>
<trkpt lat="45.225259" lon="5.687080"><ele>207.25</ele></trkpt>
<trkpt lat="45.225309" lon="5.687040"><ele>207.5</ele></trkpt>
<trkpt lat="45.225409" lon="5.686954"><ele>207.75</ele></trkpt>
<trkpt lat="45.225470" lon="5.686896"><ele>207.75</ele></trkpt>
<trkpt lat="45.225940" lon="5.686497"><ele>208.0</ele></trkpt>
<trkpt lat="45.226074" lon="5.686376"><ele>208.75</ele></trkpt>
<trkpt lat="45.226300" lon="5.686172"><ele>209.0</ele></trkpt>
<trkpt lat="45.226347" lon="5.686133"><ele>209.0</ele></trkpt>
<trkpt lat="45.226425" lon="5.686027"><ele>209.0</ele></trkpt>
<trkpt lat="45.226562" lon="5.685881"><ele>209.0</ele></trkpt>
<trkpt lat="45.227406" lon="5.685125"><ele>210.25</ele></trkpt>
<trkpt lat="45.227813" lon="5.684713"><ele>211.0</ele></trkpt>
<trkpt lat="45.228004" lon="5.684535"><ele>211.5</ele></trkpt>
<trkpt lat="45.228179" lon="5.684386"><ele>211.5</ele></trkpt>
<trkpt lat="45.228230" lon="5.684345"><ele>211.25</ele></trkpt>
<trkpt lat="45.228317" lon="5.684264"><ele>211.5</ele></trkpt>
<trkpt lat="45.228397" lon="5.684197"><ele>211.75</ele></trkpt>
<trkpt lat="45.228561" lon="5.684041"><ele>212.25</ele></trkpt>
<trkpt lat="45.228666" lon="5.683945"><ele>212.75</ele></trkpt>
<trkpt lat="45.229092" lon="5.683544"><ele>214.25</ele></trkpt>
<trkpt lat="45.229258" lon="5.683409"><ele>215.0</ele></trkpt>
<trkpt lat="45.229307" lon="5.683362"><ele>215.25</ele></trkpt>
<trkpt lat="45.229398" lon="5.683261"><ele>215.5</ele></trkpt>
<trkpt lat="45.229465" lon="5.683162"><ele>215.25</ele></trkpt>
<trkpt lat="45.229579" lon="5.683050"></trkpt>
<trkpt lat="45.229597" lon="5.683032"><ele>215.5</ele></trkpt>
<trkpt lat="45.229647" lon="5.682978"><ele>215.5</ele></trkpt>
<trkpt lat="45.229733" lon="5.682894"><ele>215.75</ele></trkpt>
<trkpt lat="45.230009" lon="5.682603"><ele>215.0</ele></trkpt>
<trkpt lat="45.230158" lon="5.682427"><ele>214.5</ele></trkpt>
<trkpt lat="45.230197" lon="5.682386"><ele>214.5</ele></trkpt>
<trkpt lat="45.230444" lon="5.682110"><ele>214.25</ele></trkpt>
<trkpt lat="45.230479" lon="5.682070"><ele>214.25</ele></trkpt>
<trkpt lat="45.230599" lon="5.681948"><ele>214.0</ele></trkpt>
<trkpt lat="45.230655" lon="5.681888"><ele>213.75</ele></trkpt>
<trkpt lat="45.230748" lon="5.681763"><ele>213.75</ele></trkpt>
<trkpt lat="45.231131" lon="5.681313"><ele>213.75</ele></trkpt>
<trkpt lat="45.231250" lon="5.681161"><ele>213.5</ele></trkpt>
<trkpt lat="45.231265" lon="5.681141"><ele>213.25</ele></trkpt>
<trkpt lat="45.231321" lon="5.681054"><ele>213.25</ele></trkpt>
<trkpt lat="45.231400" lon="5.680933"><ele>213.5</ele></trkpt>
<trkpt lat="45.231647" lon="5.680630"><ele>213.5</ele></trkpt>
<trkpt lat="45.232399" lon="5.679737"><ele>213.5</ele></trkpt>
<trkpt lat="45.232510" lon="5.679613"><ele>214.0</ele></trkpt>
<trkpt lat="45.232539" lon="5.679575"><ele>214.0</ele></trkpt>
<trkpt lat="45.232608" lon="5.679505"><ele>214.0</ele></trkpt>
<trkpt lat="45.232691" lon="5.679404"><ele>213.75</ele></trkpt>
<trkpt lat="45.232881" lon="5.679127"><ele>214.25</ele></trkpt>
<trkpt lat="45.233108" lon="5.678819"><ele>214.0</ele></trkpt>
<trkpt lat="45.233310" lon="5.678572"><ele>214.75</ele></trkpt>
<trkpt lat="45.233355" lon="5.678517"><ele>214.5</ele></trkpt>
<trkpt lat="45.233415" lon="5.678428"><ele>214.5</ele></trkpt>
<trkpt lat="45.233447" lon="5.678379"><ele>214.5</ele></trkpt>
<trkpt lat="45.233541" lon="5.678259"><ele>214.5</ele></trkpt>
<trkpt lat="45.233709" lon="5.677988"><ele>214.25</ele></trkpt>
<trkpt lat="45.234284" lon="5.677198"><ele>213.75</ele></trkpt>
<trkpt lat="45.234436" lon="5.677028"><ele>213.75</ele></trkpt>
<trkpt lat="45.234713" lon="5.676745"><ele>213.75</ele></trkpt>
<trkpt lat="45.234817" lon="5.676643"><ele>214.0</ele></trkpt>
<trkpt lat="45.234888" lon="5.676594"><ele>214.0</ele></trkpt>
<trkpt lat="45.234928" lon="5.676568"><ele>214.0</ele></trkpt>
<trkpt lat="45.235008" lon="5.676483"><ele>214.0</ele></trkpt>
<trkpt lat="45.235132" lon="5.676348"><ele>213.75</ele></trkpt>
<trkpt lat="45.235610" lon="5.675859"><ele>212.75</ele></trkpt>
<trkpt lat="45.235679" lon="5.675792"><ele>212.5</ele></trkpt>
<trkpt lat="45.235722" lon="5.675748"><ele>212.25</ele></trkpt>
<trkpt lat="45.235798" lon="5.675661"><ele>212.0</ele></trkpt>
<trkpt lat="45.235850" lon="5.675604"><ele>212.0</ele></trkpt>
<trkpt lat="45.236192" lon="5.675219"><ele>211.5</ele></trkpt>
<trkpt lat="45.236515" lon="5.674881"><ele>211.25</ele></trkpt>
<trkpt lat="45.236659" lon="5.674749"><ele>210.25</ele></trkpt>
<trkpt lat="45.237024" lon="5.674474"><ele>209.5</ele></trkpt>
<trkpt lat="45.237491" lon="5.674143"><ele>207.75</ele></trkpt>
<trkpt lat="45.237995" lon="5.673798"><ele>206.5</ele></trkpt>
<trkpt lat="45.238224" lon="5.673663"><ele>205.75</ele></trkpt>
<trkpt lat="45.238475" lon="5.673544"><ele>204.5</ele></trkpt>
<trkpt lat="45.239229" lon="5.673243"><ele>203.25</ele></trkpt>
<trkpt lat="45.239387" lon="5.673189"><ele>202.75</ele></trkpt>
<trkpt lat="45.239445" lon="5.673168"><ele>202.75</ele></trkpt>
<trkpt lat="45.239599" lon="5.673109"><ele>202.25</ele></trkpt>
<trkpt lat="45.239708" lon="5.673087"><ele>202.0</ele></trkpt>
<trkpt lat="45.239876" lon="5.673014"><ele>201.25</ele></trkpt>
<trkpt lat="45.240031" lon="5.672930"><ele>200.75</ele></trkpt>
<trkpt lat="45.240224" lon="5.672828"><ele>200.75</ele></trkpt>
<trkpt lat="45.240512" lon="5.672604"><ele>200.5</ele></trkpt>
<trkpt lat="45.241074" lon="5.672215"><ele>199.75</ele></trkpt>
<trkpt lat="45.241127" lon="5.672171"><ele>200.0</ele></trkpt>
<trkpt lat="45.241248" lon="5.672085"><ele>200.0</ele></trkpt>
<trkpt lat="45.241343" lon="5.672010"><ele>200.0</ele></trkpt>
<trkpt lat="45.242073" lon="5.671477"><ele>200.0</ele></trkpt>
<trkpt lat="45.242152" lon="5.671421"><ele>200.0</ele></trkpt>
<trkpt lat="45.242319" lon="5.671293"><ele>200.0</ele></trkpt>
<trkpt lat="45.242615" lon="5.671066"><ele>200.0</ele></trkpt>
<trkpt lat="45.242658" lon="5.671032"><ele>200.0</ele></trkpt>
<trkpt lat="45.242769" lon="5.670956"><ele>200.0</ele></trkpt>
<trkpt lat="45.242837" lon="5.670907"><ele>199.75</ele></trkpt>
<trkpt lat="45.242938" lon="5.670822"><ele>199.25</ele></trkpt>
<trkpt lat="45.243056" lon="5.670701"><ele>199.25</ele></trkpt>
<trkpt lat="45.243218" lon="5.670554"><ele>199.25</ele></trkpt>
<trkpt lat="45.243267" lon="5.670511"><ele>199.25</ele></trkpt>
<trkpt lat="45.243599" lon="5.670185"><ele>199.25</ele></trkpt>
<trkpt lat="45.244476" lon="5.669496"><ele>199.0</ele></trkpt>
<trkpt lat="45.244532" lon="5.669449"><ele>199.0</ele></trkpt>
<trkpt lat="45.244638" lon="5.669365"><ele>199.0</ele></trkpt>
<trkpt lat="45.244719" lon="5.669294"><ele>199.0</ele></trkpt>
<trkpt lat="45.245381" lon="5.668760"><ele>199.0</ele></trkpt>
<trkpt lat="45.245618" lon="5.668577"><ele>198.75</ele></trkpt>
<trkpt lat="45.245739" lon="5.668496"><ele>198.75</ele></trkpt>
<trkpt lat="45.245846" lon="5.668436"><ele>199.0</ele></trkpt>
<trkpt lat="45.245894" lon="5.668406"><ele>199.0</ele></trkpt>
<trkpt lat="45.246003" lon="5.668320"><ele>199.0</ele></trkpt>
<trkpt lat="45.246242" lon="5.668112"><ele>199.0</ele></trkpt>
<trkpt lat="45.246420" lon="5.667932"><ele>199.0</ele></trkpt>
<trkpt lat="45.246991" lon="5.667482"><ele>198.75</ele></trkpt>
<trkpt lat="45.247751" lon="5.666966"><ele>198.75</ele></trkpt>
<trkpt lat="45.248020" lon="5.666837"><ele>198.75</ele></trkpt>
<trkpt lat="45.248070" lon="5.666822"><ele>198.75</ele></trkpt>
<trkpt lat="45.248317" lon="5.666657"><ele>198.0</ele></trkpt>
<trkpt lat="45.248462" lon="5.666560"><ele>198.0</ele></trkpt>
<trkpt lat="45.248523" lon="5.666517"><ele>198.0</ele></trkpt>
<trkpt lat="45.248585" lon="5.666470"><ele>198.0</ele></trkpt>
<trkpt lat="45.248639" lon="5.666412"><ele>198.0</ele></trkpt>
<trkpt lat="45.248710" lon="5.666349"><ele>198.0</ele></trkpt>
<trkpt lat="45.248814" lon="5.666273"><ele>198.0</ele></trkpt>
<trkpt lat="45.249694" lon="5.665615"><ele>198.0</ele></trkpt>
<trkpt lat="45.249973" lon="5.665424"><ele>198.0</ele></trkpt>
<trkpt lat="45.250069" lon="5.665309"><ele>198.0</ele></trkpt>
<trkpt lat="45.250374" lon="5.665051"><ele>198.0</ele></trkpt>
<trkpt lat="45.250531" lon="5.664913"><ele>198.0</ele></trkpt>
<trkpt lat="45.251238" lon="5.664286"><ele>198.0</ele></trkpt>
<trkpt lat="45.251525" lon="5.664040"><ele>198.0</ele></trkpt>
<trkpt lat="45.251644" lon="5.663960"><ele>198.0</ele></trkpt>
<trkpt lat="45.251695" lon="5.663919"><ele>197.75</ele></trkpt>
<trkpt lat="45.251798" lon="5.663832"><ele>197.5</ele></trkpt>
<trkpt lat="45.251885" lon="5.663752"><ele>197.5</ele></trkpt>
<trkpt lat="45.252032" lon="5.663609"><ele>198.0</ele></trkpt>
<trkpt lat="45.252114" lon="5.663546"><ele>198.0</ele></trkpt>
<trkpt lat="45.252984" lon="5.662935"><ele>199.0</ele></trkpt>
<trkpt lat="45.253189" lon="5.662807"><ele>199.75</ele></trkpt>
<trkpt lat="45.253328" lon="5.662748"><ele>199.75</ele></trkpt>
<trkpt lat="45.253382" lon="5.662709"><ele>200.0</ele></trkpt>
<trkpt lat="45.253483" lon="5.662624"><ele>200.5</ele></trkpt>
<trkpt lat="45.253534" lon="5.662580"><ele>200.5</ele></trkpt>
<trkpt lat="45.253609" lon="5.662534"><ele>200.75</ele></trkpt>
<trkpt lat="45.253990" lon="5.662303"><ele>199.25</ele></trkpt>
<trkpt lat="45.254278" lon="5.662159"><ele>199.0</ele></trkpt>
<trkpt lat="45.254366" lon="5.662101"><ele>199.0</ele></trkpt>
<trkpt lat="45.254421" lon="5.662069"><ele>199.0</ele></trkpt>
<trkpt lat="45.254527" lon="5.661999"><ele>198.5</ele></trkpt>
<trkpt lat="45.254659" lon="5.661909"><ele>198.0</ele></trkpt>
<trkpt lat="45.254770" lon="5.661839"><ele>197.75</ele></trkpt>
<trkpt lat="45.254962" lon="5.661719"><ele>197.75</ele></trkpt>
<trkpt lat="45.255153" lon="5.661604"><ele>197.25</ele></trkpt>
<trkpt lat="45.255467" lon="5.661372"><ele>198.5</ele></trkpt>
<trkpt lat="45.255617" lon="5.661260"><ele>197.75</ele></trkpt>
<trkpt lat="45.256382" lon="5.660769"><ele>196.75</ele></trkpt>
<trkpt lat="45.256679" lon="5.660507"><ele>196.75</ele></trkpt>
<trkpt lat="45.257964" lon="5.659689"><ele>198.0</ele></trkpt>
<trkpt lat="45.258106" lon="5.659638"><ele>198.25</ele></trkpt>
<trkpt lat="45.258171" lon="5.659595"><ele>198.5</ele></trkpt>
<trkpt lat="45.258555" lon="5.659351"><ele>199.0</ele></trkpt>
<trkpt lat="45.258649" lon="5.659287"><ele>199.0</ele></trkpt>
<trkpt lat="45.258823" lon="5.659229"><ele>199.75</ele></trkpt>
<trkpt lat="45.259075" lon="5.659076"><ele>198.0</ele></trkpt>
<trkpt lat="45.261291" lon="5.657807"><ele>196.0</ele></trkpt>
<trkpt lat="45.263164" lon="5.656731"><ele>195.75</ele></trkpt>
<trkpt lat="45.263189" lon="5.656714"><ele>195.75</ele></trkpt>
<trkpt lat="45.263315" lon="5.656641"><ele>195.75</ele></trkpt>
<trkpt lat="45.263447" lon="5.656568"><ele>195.75</ele></trkpt>
<trkpt lat="45.263890" lon="5.656313"><ele>196.0</ele></trkpt>
<trkpt lat="45.266235" lon="5.654966"><ele>196.0</ele></trkpt>
<trkpt lat="45.267340" lon="5.654331"><ele>196.0</ele></trkpt>
<trkpt lat="45.268110" lon="5.653883"><ele>195.75</ele></trkpt>
<trkpt lat="45.268156" lon="5.653856"><ele>195.75</ele></trkpt>
<trkpt lat="45.268268" lon="5.653792"><ele>195.75</ele></trkpt>
<trkpt lat="45.268303" lon="5.653772"><ele>195.75</ele></trkpt>
<trkpt lat="45.270057" lon="5.652767"><ele>195.0</ele></trkpt>
<trkpt lat="45.271101" lon="5.652169"><ele>195.0</ele></trkpt>
<trkpt lat="45.272029" lon="5.651635"><ele>194.75</ele></trkpt>
<trkpt lat="45.273468" lon="5.650823"><ele>195.0</ele></trkpt>
<trkpt lat="45.273627" lon="5.650799"><ele>194.75</ele></trkpt>
<trkpt lat="45.273676" lon="5.650781"><ele>194.75</ele></trkpt>
<trkpt lat="45.273752" lon="5.650733"><ele>194.5</ele></trkpt>
<trkpt lat="45.273804" lon="5.650698"><ele>194.5</ele></trkpt>
<trkpt lat="45.274015" lon="5.650570"><ele>194.5</ele></trkpt>
<trkpt lat="45.274066" lon="5.650538"><ele>194.25</ele></trkpt>
<trkpt lat="45.274182" lon="5.650434"><ele>194.75</ele></trkpt>
<trkpt lat="45.274291" lon="5.650337"><ele>195.0</ele></trkpt>
<trkpt lat="45.274721" lon="5.650086"><ele>196.25</ele></trkpt>
<trkpt lat="45.276520" lon="5.649035"><ele>209.0</ele></trkpt>
<trkpt lat="45.277519" lon="5.648442"><ele>212.0</ele></trkpt>
<trkpt lat="45.277685" lon="5.648343"><ele>211.5</ele></trkpt>
<trkpt lat="45.277801" lon="5.648282"><ele>211.75</ele></trkpt>
<trkpt lat="45.277963" lon="5.648182"><ele>212.5</ele></trkpt>
<trkpt lat="45.277994" lon="5.648120"><ele>212.0</ele></trkpt>
<trkpt lat="45.278143" lon="5.648034"><ele>212.25</ele></trkpt>
<trkpt lat="45.278272" lon="5.647957"><ele>212.75</ele></trkpt>
<trkpt lat="45.278326" lon="5.647964"><ele>213.25</ele></trkpt>
<trkpt lat="45.278722" lon="5.647737"><ele>213.25</ele></trkpt>
<trkpt lat="45.278773" lon="5.647706"><ele>213.5</ele></trkpt>
<trkpt lat="45.279395" lon="5.647337"><ele>213.0</ele></trkpt>
<trkpt lat="45.279552" lon="5.647262"><ele>213.0</ele></trkpt>
<trkpt lat="45.280406" lon="5.646759"><ele>210.25</ele></trkpt>
<trkpt lat="45.280513" lon="5.646695"><ele>209.25</ele></trkpt>
<trkpt lat="45.280602" lon="5.646640"><ele>208.75</ele></trkpt>
<trkpt lat="45.280624" lon="5.646641"><ele>209.0</ele></trkpt>
<trkpt lat="45.280692" lon="5.646603"><ele>209.0</ele></trkpt>
<trkpt lat="45.280714" lon="5.646572"><ele>208.75</ele></trkpt>
<trkpt lat="45.280958" lon="5.646420"><ele>207.75</ele></trkpt>
<trkpt lat="45.281067" lon="5.646357"><ele>206.75</ele></trkpt>
<trkpt lat="45.281214" lon="5.646270"><ele>206.0</ele></trkpt>
<trkpt lat="45.281584" lon="5.646060"><ele>203.25</ele></trkpt>
<trkpt lat="45.281718" lon="5.645984"><ele>202.25</ele></trkpt>
<trkpt lat="45.283741" lon="5.644783"><ele>195.0</ele></trkpt>
<trkpt lat="45.286209" lon="5.643340"><ele>194.5</ele></trkpt>
<trkpt lat="45.286300" lon="5.643289"><ele>194.0</ele></trkpt>
<trkpt lat="45.286273" lon="5.643244"><ele>194.0</ele></trkpt>
<trkpt lat="45.286420" lon="5.643163"><ele>194.0</ele></trkpt>
<trkpt lat="45.286521" lon="5.643101"><ele>194.25</ele></trkpt>
<trkpt lat="45.286683" lon="5.642984"><ele>194.5</ele></trkpt>
<trkpt lat="45.287003" lon="5.642725"><ele>195.0</ele></trkpt>
<trkpt lat="45.287096" lon="5.642647"><ele>195.25</ele></trkpt>
<trkpt lat="45.287166" lon="5.642575"><ele>195.5</ele></trkpt>
<trkpt lat="45.287317" lon="5.642416"><ele>195.75</ele></trkpt>
<trkpt lat="45.287428" lon="5.642280"><ele>195.75</ele></trkpt>
<trkpt lat="45.287598" lon="5.641998"><ele>195.25</ele></trkpt>
<trkpt lat="45.287631" lon="5.641961"><ele>195.5</ele></trkpt>
<trkpt lat="45.287853" lon="5.641643"><ele>195.75</ele></trkpt>
<trkpt lat="45.288049" lon="5.641282"><ele>195.75</ele></trkpt>
<trkpt lat="45.288528" lon="5.640259"><ele>197.5</ele></trkpt>
<trkpt lat="45.288568" lon="5.640176"><ele>197.75</ele></trkpt>
<trkpt lat="45.288701" lon="5.639907"><ele>198.25</ele></trkpt>
<trkpt lat="45.288967" lon="5.639345"><ele>199.0</ele></trkpt>
<trkpt lat="45.289082" lon="5.639091"><ele>199.25</ele></trkpt>
<trkpt lat="45.289099" lon="5.639055"><ele>199.5</ele></trkpt>
<trkpt lat="45.289168" lon="5.638904"><ele>200.0</ele></trkpt>
<trkpt lat="45.289212" lon="5.638808"><ele>199.75</ele></trkpt>
<trkpt lat="45.289227" lon="5.638777"><ele>199.75</ele></trkpt>
<trkpt lat="45.289385" lon="5.638439"><ele>200.5</ele></trkpt>
<trkpt lat="45.289475" lon="5.638258"><ele>201.0</ele></trkpt>
<trkpt lat="45.289656" lon="5.637878"><ele>202.0</ele></trkpt>
<trkpt lat="45.289793" lon="5.637566"><ele>202.25</ele></trkpt>
<trkpt lat="45.290520" lon="5.636039"><ele>205.5</ele></trkpt>
<trkpt lat="45.290634" lon="5.635870"><ele>206.25</ele></trkpt>
<trkpt lat="45.290791" lon="5.635528"><ele>206.75</ele></trkpt>
<trkpt lat="45.290850" lon="5.635394"><ele>207.5</ele></trkpt>
<trkpt lat="45.291081" lon="5.634927"><ele>208.75</ele></trkpt>
<trkpt lat="45.291172" lon="5.634744"><ele>209.0</ele></trkpt>
<trkpt lat="45.291251" lon="5.634569"><ele>209.0</ele></trkpt>
<trkpt lat="45.291748" lon="5.633504"><ele>210.25</ele></trkpt>
<trkpt lat="45.291812" lon="5.633295"><ele>210.25</ele></trkpt>
<trkpt lat="45.291973" lon="5.632941"><ele>210.0</ele></trkpt>
<trkpt lat="45.292224" lon="5.632407"><ele>210.5</ele></trkpt>
<trkpt lat="45.292356" lon="5.632116"><ele>210.25</ele></trkpt>
<trkpt lat="45.292450" lon="5.632006"><ele>210.5</ele></trkpt>
<trkpt lat="45.292820" lon="5.631250"><ele>211.5</ele></trkpt>
<trkpt lat="45.292946" lon="5.630953"><ele>211.75</ele></trkpt>
<trkpt lat="45.293093" lon="5.630785"><ele>211.75</ele></trkpt>
<trkpt lat="45.293221" lon="5.630617"><ele>212.0</ele></trkpt>
<trkpt lat="45.293583" lon="5.630204"><ele>213.75</ele></trkpt>
<trkpt lat="45.293781" lon="5.629991"><ele>213.75</ele></trkpt>
<trkpt lat="45.294073" lon="5.629736"><ele>214.5</ele></trkpt>
<trkpt lat="45.294438" lon="5.629483"><ele>215.75</ele></trkpt>
<trkpt lat="45.294574" lon="5.629404"><ele>216.0</ele></trkpt>
<trkpt lat="45.294709" lon="5.629349"><ele>215.5</ele></trkpt>
<trkpt lat="45.294889" lon="5.629267"><ele>215.5</ele></trkpt>
<trkpt lat="45.294959" lon="5.629224"><ele>215.75</ele></trkpt>
<trkpt lat="45.295202" lon="5.628995"><ele>216.0</ele></trkpt>
<trkpt lat="45.295245" lon="5.628952"><ele>216.0</ele></trkpt>
<trkpt lat="45.295323" lon="5.629012"><ele>216.0</ele></trkpt>
<trkpt lat="45.295358" lon="5.629026"><ele>216.0</ele></trkpt>
<trkpt lat="45.295426" lon="5.629036"><ele>216.0</ele></trkpt>
<trkpt lat="45.295520" lon="5.629012"><ele>216.0</ele></trkpt>
<trkpt lat="45.295573" lon="5.628976"><ele>215.75</ele></trkpt>
<trkpt lat="45.295639" lon="5.628898"><ele>215.5</ele></trkpt>
<trkpt lat="45.295718" lon="5.628898"><ele>215.25</ele></trkpt>
<trkpt lat="45.296078" lon="5.628936"><ele>215.0</ele></trkpt>
<trkpt lat="45.296187" lon="5.628938"><ele>214.75</ele></trkpt>
<trkpt lat="45.296306" lon="5.628924"><ele>214.25</ele></trkpt>
<trkpt lat="45.296656" lon="5.628848"><ele>214.0</ele></trkpt>
<trkpt lat="45.297892" lon="5.628522"><ele>212.25</ele></trkpt>
<trkpt lat="45.299169" lon="5.628188"><ele>208.75</ele></trkpt>
<trkpt lat="45.299791" lon="5.627989"><ele>206.75</ele></trkpt>
<trkpt lat="45.300135" lon="5.627848"><ele>205.75</ele></trkpt>
<trkpt lat="45.300302" lon="5.627769"><ele>204.75</ele></trkpt>
<trkpt lat="45.301373" lon="5.627221"><ele>201.75</ele></trkpt>
<trkpt lat="45.301711" lon="5.627047"><ele>200.75</ele></trkpt>
<trkpt lat="45.302730" lon="5.626492"><ele>198.0</ele></trkpt>
<trkpt lat="45.302775" lon="5.626468"><ele>198.0</ele></trkpt>
<trkpt lat="45.302867" lon="5.626417"><ele>197.5</ele></trkpt>
<trkpt lat="45.303263" lon="5.626186"><ele>196.0</ele></trkpt>
<trkpt lat="45.303552" lon="5.626017"><ele>195.5</ele></trkpt>
<trkpt lat="45.303782" lon="5.625882"><ele>195.0</ele></trkpt>
<trkpt lat="45.303983" lon="5.625765"><ele>195.25</ele></trkpt>
<trkpt lat="45.304525" lon="5.625329"><ele>194.0</ele></trkpt>
<trkpt lat="45.304655" lon="5.625226"><ele>193.75</ele></trkpt>
<trkpt lat="45.305968" lon="5.624114"><ele>192.25</ele></trkpt>
<trkpt lat="45.306471" lon="5.623701"><ele>190.75</ele></trkpt>
<trkpt lat="45.306950" lon="5.623377"><ele>190.75</ele></trkpt>
<trkpt lat="45.307301" lon="5.623192"><ele>190.75</ele></trkpt>
<trkpt lat="45.307464" lon="5.623097"><ele>190.75</ele></trkpt>
<trkpt lat="45.307554" lon="5.623042"><ele>191.0</ele></trkpt>
<trkpt lat="45.307628" lon="5.623020"><ele>191.0</ele></trkpt>
<trkpt lat="45.307700" lon="5.623013"><ele>191.0</ele></trkpt>
<trkpt lat="45.307755" lon="5.623017"><ele>191.0</ele></trkpt>
<trkpt lat="45.307823" lon="5.623110"><ele>190.75</ele></trkpt>
<trkpt lat="45.307907" lon="5.623168"><ele>190.5</ele></trkpt>
<trkpt lat="45.308001" lon="5.623187"><ele>190.5</ele></trkpt>
<trkpt lat="45.308093" lon="5.623165"><ele>190.5</ele></trkpt>
<trkpt lat="45.308177" lon="5.623104"><ele>190.25</ele></trkpt>
<trkpt lat="45.308244" lon="5.623010"><ele>190.25</ele></trkpt>
<trkpt lat="45.308369" lon="5.622957"><ele>190.25</ele></trkpt>
<trkpt lat="45.308534" lon="5.622914"><ele>190.5</ele></trkpt>
<trkpt lat="45.308742" lon="5.622831"><ele>190.25</ele></trkpt>
<trkpt lat="45.308847" lon="5.622793"><ele>190.0</ele></trkpt>
<trkpt lat="45.308960" lon="5.622734"><ele>190.0</ele></trkpt>
<trkpt lat="45.309142" lon="5.622675"><ele>190.0</ele></trkpt>
<trkpt lat="45.310304" lon="5.622579"><ele>190.0</ele></trkpt>
<trkpt lat="45.312445" lon="5.622422"><ele>189.0</ele></trkpt>
<trkpt lat="45.312855" lon="5.622386"><ele>189.0</ele></trkpt>
<trkpt lat="45.314397" lon="5.622294"><ele>189.0</ele></trkpt>
<trkpt lat="45.315343" lon="5.622197"><ele>188.75</ele></trkpt>
<trkpt lat="45.315975" lon="5.622151"><ele>192.75</ele></trkpt>
<trkpt lat="45.316401" lon="5.622168"><ele>190.5</ele></trkpt>
<trkpt lat="45.317140" lon="5.622081"><ele>198.0</ele></trkpt>
<trkpt lat="45.318059" lon="5.622004"><ele>190.0</ele></trkpt>
<trkpt lat="45.318124" lon="5.621996"><ele>190.0</ele></trkpt>
<trkpt lat="45.318347" lon="5.621939"><ele>189.75</ele></trkpt>
<trkpt lat="45.319679" lon="5.621833"><ele>189.0</ele></trkpt>
<trkpt lat="45.319725" lon="5.621829"><ele>189.0</ele></trkpt>
<trkpt lat="45.321213" lon="5.621711"><ele>190.25</ele></trkpt>
<trkpt lat="45.323904" lon="5.621493"><ele>192.0</ele></trkpt>
<trkpt lat="45.324957" lon="5.621408"><ele>192.0</ele></trkpt>
<trkpt lat="45.325509" lon="5.621367"><ele>192.0</ele></trkpt>
<trkpt lat="45.325849" lon="5.621342"><ele>192.0</ele></trkpt>
<trkpt lat="45.326084" lon="5.621321"><ele>192.75</ele></trkpt>
<trkpt lat="45.326953" lon="5.621249"><ele>192.75</ele></trkpt>
<trkpt lat="45.327788" lon="5.621181"><ele>193.0</ele></trkpt>
<trkpt lat="45.327985" lon="5.621164"><ele>193.5</ele></trkpt>
<trkpt lat="45.328520" lon="5.621121"><ele>194.0</ele></trkpt>
<trkpt lat="45.328746" lon="5.621102"><ele>193.75</ele></trkpt>
<trkpt lat="45.329289" lon="5.621058"><ele>194.25</ele></trkpt>
<trkpt lat="45.329331" lon="5.621054"><ele>194.25</ele></trkpt>
<trkpt lat="45.329547" lon="5.621045"><ele>194.75</ele></trkpt>
<trkpt lat="45.329924" lon="5.621028"><ele>195.0</ele></trkpt>
<trkpt lat="45.330022" lon="5.621024"><ele>195.0</ele></trkpt>
<trkpt lat="45.330344" lon="5.620999"><ele>195.0</ele></trkpt>
<trkpt lat="45.330465" lon="5.620987"><ele>195.25</ele></trkpt>
<trkpt lat="45.330558" lon="5.620980"><ele>195.25</ele></trkpt>
<trkpt lat="45.332035" lon="5.620838"><ele>198.0</ele></trkpt>
<trkpt lat="45.332145" lon="5.620828"><ele>198.0</ele></trkpt>
<trkpt lat="45.332965" lon="5.620758"><ele>200.0</ele></trkpt>
<trkpt lat="45.333171" lon="5.620737"><ele>200.75</ele></trkpt>
<trkpt lat="45.333414" lon="5.620741"><ele>201.25</ele></trkpt>
<trkpt lat="45.333566" lon="5.620748"><ele>201.75</ele></trkpt>
<trkpt lat="45.333706" lon="5.620763"><ele>202.0</ele></trkpt>
<trkpt lat="45.333823" lon="5.620797"><ele>202.0</ele></trkpt>
<trkpt lat="45.333951" lon="5.620865"><ele>202.25</ele></trkpt>
<trkpt lat="45.334119" lon="5.620965"><ele>202.75</ele></trkpt>
<trkpt lat="45.334383" lon="5.621152"><ele>203.75</ele></trkpt>
<trkpt lat="45.334425" lon="5.621180"><ele>204.0</ele></trkpt>
<trkpt lat="45.334465" lon="5.621204"><ele>204.25</ele></trkpt>
<trkpt lat="45.334630" lon="5.621274"><ele>204.5</ele></trkpt>
<trkpt lat="45.334685" lon="5.621288"><ele>204.5</ele></trkpt>
<trkpt lat="45.334752" lon="5.621295"><ele>204.75</ele></trkpt>
<trkpt lat="45.334805" lon="5.621296"><ele>205.0</ele></trkpt>
<trkpt lat="45.334977" lon="5.621277"><ele>205.75</ele></trkpt>
<trkpt lat="45.335060" lon="5.621261"><ele>206.25</ele></trkpt>
<trkpt lat="45.335118" lon="5.621247"><ele>206.75</ele></trkpt>
<trkpt lat="45.335184" lon="5.621223"><ele>207.0</ele></trkpt>
<trkpt lat="45.335236" lon="5.621199"><ele>207.25</ele></trkpt>
<trkpt lat="45.335300" lon="5.621167"><ele>207.5</ele></trkpt>
<trkpt lat="45.335352" lon="5.621187"><ele>208.0</ele></trkpt>
<trkpt lat="45.335450" lon="5.621201"><ele>209.0</ele></trkpt>
<trkpt lat="45.335665" lon="5.621150"><ele>211.0</ele></trkpt>
<trkpt lat="45.335732" lon="5.621137"><ele>212.0</ele></trkpt>
<trkpt lat="45.335836" lon="5.621027"><ele>212.0</ele></trkpt>
<trkpt lat="45.336073" lon="5.620700"><ele>214.25</ele></trkpt>
<trkpt lat="45.336173" lon="5.620604"><ele>215.0</ele></trkpt>
<trkpt lat="45.336417" lon="5.620438"><ele>217.25</ele></trkpt>
<trkpt lat="45.336515" lon="5.620387"><ele>218.0</ele></trkpt>
<trkpt lat="45.336793" lon="5.620258"><ele>220.75</ele></trkpt>
<trkpt lat="45.337054" lon="5.620180"><ele>224.0</ele></trkpt>
<trkpt lat="45.337207" lon="5.620083"><ele>224.75</ele></trkpt>
<trkpt lat="45.337450" lon="5.619811"><ele>226.5</ele></trkpt>
<trkpt lat="45.337853" lon="5.619310"><ele>229.25</ele></trkpt>
<trkpt lat="45.338299" lon="5.618788"><ele>234.75</ele></trkpt>
<trkpt lat="45.338964" lon="5.617807"><ele>241.5</ele></trkpt>
<trkpt lat="45.339137" lon="5.617558"><ele>243.0</ele></trkpt>
<trkpt lat="45.339504" lon="5.616965"><ele>246.0</ele></trkpt>
<trkpt lat="45.339584" lon="5.616857"><ele>246.25</ele></trkpt>
<trkpt lat="45.339654" lon="5.616788"><ele>247.0</ele></trkpt>
<trkpt lat="45.339766" lon="5.616743"><ele>248.75</ele></trkpt>
<trkpt lat="45.339959" lon="5.616725"><ele>250.5</ele></trkpt>
<trkpt lat="45.340071" lon="5.616692"><ele>251.5</ele></trkpt>
<trkpt lat="45.340246" lon="5.616597"><ele>253.0</ele></trkpt>
<trkpt lat="45.340425" lon="5.616430"><ele>254.25</ele></trkpt>
<trkpt lat="45.341097" lon="5.615723"><ele>259.75</ele></trkpt>
<trkpt lat="45.341200" lon="5.615602"><ele>261.25</ele></trkpt>
<trkpt lat="45.341305" lon="5.615340"><ele>262.5</ele></trkpt>
<trkpt lat="45.341441" lon="5.614822"><ele>265.5</ele></trkpt>
<trkpt lat="45.341652" lon="5.614221"><ele>268.0</ele></trkpt>
<trkpt lat="45.341699" lon="5.614089"><ele>268.5</ele></trkpt>
<trkpt lat="45.341787" lon="5.613898"><ele>269.5</ele></trkpt>
<trkpt lat="45.341847" lon="5.613827"><ele>270.0</ele></trkpt>
<trkpt lat="45.341915" lon="5.613809"><ele>271.5</ele></trkpt>
<trkpt lat="45.342006" lon="5.613813"><ele>272.25</ele></trkpt>
<trkpt lat="45.342289" lon="5.613910"><ele>274.5</ele></trkpt>
<trkpt lat="45.342425" lon="5.613919"><ele>275.5</ele></trkpt>
<trkpt lat="45.342542" lon="5.613898"><ele>276.5</ele></trkpt>
<trkpt lat="45.342681" lon="5.613816"><ele>278.0</ele></trkpt>
<trkpt lat="45.342765" lon="5.613739"><ele>278.75</ele></trkpt>
<trkpt lat="45.342892" lon="5.613569"><ele>280.0</ele></trkpt>
<trkpt lat="45.342975" lon="5.613412"><ele>281.25</ele></trkpt>
<trkpt lat="45.343037" lon="5.613236"><ele>281.75</ele></trkpt>
<trkpt lat="45.343129" lon="5.612912"><ele>283.0</ele></trkpt>
<trkpt lat="45.343172" lon="5.612761"><ele>284.0</ele></trkpt>
<trkpt lat="45.343303" lon="5.612395"><ele>285.75</ele></trkpt>
<trkpt lat="45.343493" lon="5.612019"><ele>287.5</ele></trkpt>
<trkpt lat="45.343539" lon="5.611940"><ele>288.0</ele></trkpt>
<trkpt lat="45.343761" lon="5.611518"><ele>290.5</ele></trkpt>
<trkpt lat="45.343818" lon="5.611422"><ele>291.25</ele></trkpt>
<trkpt lat="45.343864" lon="5.611344"><ele>292.0</ele></trkpt>
<trkpt lat="45.343932" lon="5.611264"><ele>293.0</ele></trkpt>
<trkpt lat="45.343974" lon="5.611215"><ele>293.25</ele></trkpt>
<trkpt lat="45.344184" lon="5.611051"><ele>294.75</ele></trkpt>
<trkpt lat="45.344526" lon="5.610823"><ele>297.0</ele></trkpt>
<trkpt lat="45.344699" lon="5.610656"><ele>298.25</ele></trkpt>
<trkpt lat="45.344774" lon="5.610549"><ele>299.25</ele></trkpt>
<trkpt lat="45.345037" lon="5.610080"><ele>302.75</ele></trkpt>
<trkpt lat="45.345185" lon="5.609858"><ele>304.0</ele></trkpt>
<trkpt lat="45.345282" lon="5.609745"><ele>305.0</ele></trkpt>
<trkpt lat="45.345334" lon="5.609699"><ele>305.5</ele></trkpt>
<trkpt lat="45.345392" lon="5.609647"><ele>306.25</ele></trkpt>
<trkpt lat="45.345605" lon="5.609529"><ele>308.0</ele></trkpt>
<trkpt lat="45.345752" lon="5.609490"><ele>309.5</ele></trkpt>
<trkpt lat="45.345888" lon="5.609483"><ele>310.75</ele></trkpt>
<trkpt lat="45.346067" lon="5.609556"><ele>312.0</ele></trkpt>
<trkpt lat="45.346200" lon="5.609649"><ele>313.25</ele></trkpt>
<trkpt lat="45.346254" lon="5.609659"><ele>313.75</ele></trkpt>
<trkpt lat="45.346310" lon="5.609669"><ele>314.0</ele></trkpt>
<trkpt lat="45.346406" lon="5.609654"><ele>314.5</ele></trkpt>
<trkpt lat="45.346492" lon="5.609612"><ele>314.5</ele></trkpt>
<trkpt lat="45.346714" lon="5.609459"><ele>314.75</ele></trkpt>
<trkpt lat="45.347072" lon="5.609205"><ele>312.5</ele></trkpt>
<trkpt lat="45.347521" lon="5.608837"><ele>308.75</ele></trkpt>
<trkpt lat="45.347626" lon="5.608738"><ele>308.5</ele></trkpt>
<trkpt lat="45.347763" lon="5.608699"><ele>308.0</ele></trkpt>
<trkpt lat="45.347889" lon="5.608702"><ele>308.0</ele></trkpt>
<trkpt lat="45.348059" lon="5.608824"><ele>308.75</ele></trkpt>
<trkpt lat="45.348301" lon="5.608998"><ele>308.0</ele></trkpt>
<trkpt lat="45.348703" lon="5.609316"><ele>308.0</ele></trkpt>
<trkpt lat="45.348810" lon="5.609363"><ele>308.5</ele></trkpt>
<trkpt lat="45.348952" lon="5.609369"><ele>308.75</ele></trkpt>
<trkpt lat="45.349237" lon="5.609277"><ele>309.25</ele></trkpt>
<trkpt lat="45.349536" lon="5.609180"><ele>309.25</ele></trkpt>
<trkpt lat="45.349642" lon="5.609146"><ele>309.5</ele></trkpt>
<trkpt lat="45.349678" lon="5.609134"><ele>309.5</ele></trkpt>
<trkpt lat="45.349751" lon="5.609111"><ele>309.5</ele></trkpt>
<trkpt lat="45.350053" lon="5.609096"><ele>309.0</ele></trkpt>
<trkpt lat="45.351036" lon="5.609294"><ele>309.5</ele></trkpt>
<trkpt lat="45.351076" lon="5.609295"><ele>309.75</ele></trkpt>
<trkpt lat="45.351233" lon="5.609268"><ele>309.5</ele></trkpt>
<trkpt lat="45.351461" lon="5.609231"><ele>309.0</ele></trkpt>
<trkpt lat="45.351627" lon="5.609161"><ele>309.0</ele></trkpt>
<trkpt lat="45.351939" lon="5.608924"><ele>309.0</ele></trkpt>
<trkpt lat="45.351955" lon="5.608913"><ele>309.0</ele></trkpt>
<trkpt lat="45.352001" lon="5.608881"><ele>308.75</ele></trkpt>
<trkpt lat="45.352156" lon="5.608755"><ele>308.5</ele></trkpt>
<trkpt lat="45.352188" lon="5.608729"><ele>308.25</ele></trkpt>
<trkpt lat="45.352345" lon="5.608643"><ele>308.0</ele></trkpt>
<trkpt lat="45.352684" lon="5.608486"><ele>308.0</ele></trkpt>
<trkpt lat="45.352896" lon="5.608387"><ele>308.0</ele></trkpt>
<trkpt lat="45.353030" lon="5.608314"><ele>307.75</ele></trkpt>
<trkpt lat="45.353196" lon="5.608187"><ele>307.5</ele></trkpt>
<trkpt lat="45.353278" lon="5.608068"><ele>307.0</ele></trkpt>
<trkpt lat="45.353368" lon="5.607937"><ele>307.25</ele></trkpt>
<trkpt lat="45.353483" lon="5.607756"><ele>307.25</ele></trkpt>
<trkpt lat="45.353741" lon="5.607341"><ele>306.5</ele></trkpt>
<trkpt lat="45.354004" lon="5.607570"><ele>306.5</ele></trkpt>
<trkpt lat="45.354074" lon="5.607637"><ele>306.5</ele></trkpt>
<trkpt lat="45.354116" lon="5.607681"><ele>306.5</ele></trkpt>
<trkpt lat="45.354212" lon="5.607776"><ele>306.75</ele></trkpt>
<trkpt lat="45.354352" lon="5.607896"><ele>306.75</ele></trkpt>
<trkpt lat="45.354417" lon="5.607935"><ele>306.75</ele></trkpt>
<trkpt lat="45.354460" lon="5.607969"><ele>306.75</ele></trkpt>
<trkpt lat="45.354581" lon="5.608078"><ele>306.5</ele></trkpt>
<trkpt lat="45.354805" lon="5.608314"><ele>306.5</ele></trkpt>
<trkpt lat="45.355010" lon="5.608688"><ele>306.75</ele></trkpt>
<trkpt lat="45.355103" lon="5.608811"><ele>306.75</ele></trkpt>
<trkpt lat="45.355136" lon="5.608852"><ele>306.75</ele></trkpt>
<trkpt lat="45.355143" lon="5.608862"><ele>306.75</ele></trkpt>
<trkpt lat="45.355273" lon="5.609024"><ele>307.0</ele></trkpt>
<trkpt lat="45.355356" lon="5.609125"><ele>306.75</ele></trkpt>
<trkpt lat="45.355437" lon="5.609228"><ele>307.0</ele></trkpt>
<trkpt lat="45.355509" lon="5.609329"><ele>307.0</ele></trkpt>
<trkpt lat="45.355680" lon="5.609636"><ele>307.0</ele></trkpt>
<trkpt lat="45.355804" lon="5.609876"><ele>307.5</ele></trkpt>
<trkpt lat="45.355949" lon="5.610283"><ele>307.5</ele></trkpt>
<trkpt lat="45.356025" lon="5.610492"><ele>307.75</ele></trkpt>
<trkpt lat="45.356039" lon="5.610560"><ele>308.0</ele></trkpt>
<trkpt lat="45.356045" lon="5.610587"><ele>308.0</ele></trkpt>
<trkpt lat="45.356050" lon="5.610659"><ele>308.25</ele></trkpt>
<trkpt lat="45.356055" lon="5.610696"><ele>308.25</ele></trkpt>
<trkpt lat="45.356025" lon="5.610740"><ele>308.25</ele></trkpt>
<trkpt lat="45.356004" lon="5.610794"><ele>308.5</ele></trkpt>
<trkpt lat="45.355996" lon="5.610855"><ele>308.5</ele></trkpt>
<trkpt lat="45.356001" lon="5.610917"><ele>308.5</ele></trkpt>
<trkpt lat="45.356019" lon="5.610978"><ele>308.75</ele></trkpt>
<trkpt lat="45.356050" lon="5.611027"><ele>308.75</ele></trkpt>
<trkpt lat="45.356088" lon="5.611059"><ele>308.75</ele></trkpt>
<trkpt lat="45.356131" lon="5.611074"><ele>308.75</ele></trkpt>
<trkpt lat="45.356175" lon="5.611069"><ele>308.75</ele></trkpt>
<trkpt lat="45.356232" lon="5.611032"><ele>308.75</ele></trkpt>
<trkpt lat="45.356273" lon="5.610965"><ele>308.5</ele></trkpt>
<trkpt lat="45.356320" lon="5.610927"><ele>308.5</ele></trkpt>
<trkpt lat="45.356378" lon="5.610915"><ele>308.25</ele></trkpt>
<trkpt lat="45.356425" lon="5.610940"><ele>308.25</ele></trkpt>
<trkpt lat="45.356528" lon="5.611049"><ele>308.25</ele></trkpt>
<trkpt lat="45.356844" lon="5.611524"><ele>308.5</ele></trkpt>
<trkpt lat="45.357166" lon="5.612007"><ele>309.0</ele></trkpt>
<trkpt lat="45.357196" lon="5.612052"><ele>309.0</ele></trkpt>
<trkpt lat="45.357623" lon="5.612774"><ele>309.75</ele></trkpt>
<trkpt lat="45.358091" lon="5.613394"><ele>314.5</ele></trkpt>
<trkpt lat="45.358340" lon="5.613683"><ele>318.5</ele></trkpt>
<trkpt lat="45.358458" lon="5.613798"><ele>320.5</ele></trkpt>
<trkpt lat="45.358578" lon="5.613895"><ele>322.5</ele></trkpt>
<trkpt lat="45.358705" lon="5.613974"><ele>325.0</ele></trkpt>
<trkpt lat="45.359004" lon="5.614155"><ele>331.0</ele></trkpt>
<trkpt lat="45.359108" lon="5.614181"><ele>333.0</ele></trkpt>
<trkpt lat="45.359399" lon="5.614093"><ele>338.0</ele></trkpt>
<trkpt lat="45.359442" lon="5.614080"><ele>338.75</ele></trkpt>
<trkpt lat="45.359536" lon="5.614086"><ele>340.5</ele></trkpt>
<trkpt lat="45.359597" lon="5.614115"><ele>341.75</ele></trkpt>
<trkpt lat="45.359672" lon="5.614177"><ele>343.0</ele></trkpt>
<trkpt lat="45.359763" lon="5.614261"><ele>344.5</ele></trkpt>
<trkpt lat="45.359780" lon="5.614278"><ele>344.5</ele></trkpt>
<trkpt lat="45.359842" lon="5.614307"><ele>345.5</ele></trkpt>
<trkpt lat="45.359938" lon="5.614324"><ele>346.5</ele></trkpt>
<trkpt lat="45.360178" lon="5.614364"><ele>347.75</ele></trkpt>
<trkpt lat="45.360388" lon="5.614377"><ele>349.0</ele></trkpt>
<trkpt lat="45.360772" lon="5.614396"><ele>350.25</ele></trkpt>
<trkpt lat="45.361124" lon="5.614395"><ele>350.0</ele></trkpt>
<trkpt lat="45.361212" lon="5.614385"><ele>350.0</ele></trkpt>
<trkpt lat="45.361576" lon="5.614354"><ele>350.25</ele></trkpt>
<trkpt lat="45.361699" lon="5.614343"><ele>350.25</ele></trkpt>
<trkpt lat="45.361764" lon="5.614337"><ele>350.5</ele></trkpt>
<trkpt lat="45.361950" lon="5.614311"><ele>351.5</ele></trkpt>
<trkpt lat="45.362466" lon="5.614231"><ele>354.5</ele></trkpt>
<trkpt lat="45.363058" lon="5.614156"><ele>359.0</ele></trkpt>
<trkpt lat="45.363312" lon="5.614115"><ele>361.0</ele></trkpt>
<trkpt lat="45.363562" lon="5.614078"><ele>364.0</ele></trkpt>
<trkpt lat="45.363605" lon="5.614072"><ele>364.5</ele></trkpt>
<trkpt lat="45.363723" lon="5.614055"><ele>365.75</ele></trkpt>
<trkpt lat="45.364129" lon="5.614008"><ele>370.5</ele></trkpt>
<trkpt lat="45.364329" lon="5.613959"><ele>372.0</ele></trkpt>
<trkpt lat="45.364402" lon="5.613927"><ele>372.5</ele></trkpt>
<trkpt lat="45.364481" lon="5.613874"><ele>373.25</ele></trkpt>
<trkpt lat="45.364546" lon="5.613819"><ele>374.25</ele></trkpt>
<trkpt lat="45.364584" lon="5.613783"><ele>374.5</ele></trkpt>
<trkpt lat="45.364728" lon="5.613678"><ele>376.0</ele></trkpt>
<trkpt lat="45.364772" lon="5.613612"><ele>376.5</ele></trkpt>
<trkpt lat="45.365053" lon="5.614201"><ele>379.75</ele></trkpt>
<trkpt lat="45.365166" lon="5.614459"><ele>380.75</ele></trkpt>
<trkpt lat="45.365434" lon="5.614972"><ele>381.75</ele></trkpt>
<trkpt lat="45.365582" lon="5.615288"><ele>383.0</ele></trkpt>
<trkpt lat="45.365654" lon="5.615488"><ele>382.5</ele></trkpt>
<trkpt lat="45.365684" lon="5.615578"><ele>382.75</ele></trkpt>
<trkpt lat="45.365710" lon="5.615682"><ele>383.25</ele></trkpt>
<trkpt lat="45.365741" lon="5.615845"><ele>384.25</ele></trkpt>
<trkpt lat="45.365764" lon="5.616012"><ele>385.5</ele></trkpt>
<trkpt lat="45.365777" lon="5.616166"><ele>386.5</ele></trkpt>
<trkpt lat="45.365779" lon="5.616321"><ele>386.5</ele></trkpt>
<trkpt lat="45.365760" lon="5.616753"><ele>388.75</ele></trkpt>
<trkpt lat="45.365611" lon="5.619135"><ele>395.75</ele></trkpt>
<trkpt lat="45.365589" lon="5.619366"><ele>396.5</ele></trkpt>
<trkpt lat="45.365556" lon="5.619577"><ele>396.75</ele></trkpt>
<trkpt lat="45.365517" lon="5.619746"><ele>397.25</ele></trkpt>
<trkpt lat="45.365442" lon="5.619996"><ele>396.75</ele></trkpt>
<trkpt lat="45.365414" lon="5.620076"><ele>397.25</ele></trkpt>
<trkpt lat="45.365260" lon="5.620486"><ele>399.0</ele></trkpt>
<trkpt lat="45.365208" lon="5.620642"><ele>399.25</ele></trkpt>
<trkpt lat="45.365186" lon="5.620986"><ele>401.25</ele></trkpt>
<trkpt lat="45.365192" lon="5.621088"><ele>401.75</ele></trkpt>
<trkpt lat="45.365207" lon="5.621165"><ele>402.25</ele></trkpt>
<trkpt lat="45.365244" lon="5.621276"><ele>402.75</ele></trkpt>
<trkpt lat="45.365283" lon="5.621366"><ele>402.75</ele></trkpt>
<trkpt lat="45.365392" lon="5.621533"><ele>403.75</ele></trkpt>
<trkpt lat="45.365479" lon="5.621642"><ele>402.75</ele></trkpt>
<trkpt lat="45.365595" lon="5.621780"><ele>402.75</ele></trkpt>
<trkpt lat="45.365953" lon="5.622193"><ele>404.5</ele></trkpt>
<trkpt lat="45.366080" lon="5.622390"><ele>403.0</ele></trkpt>
<trkpt lat="45.366232" lon="5.622674"><ele>402.25</ele></trkpt>
<trkpt lat="45.366360" lon="5.623087"><ele>399.5</ele></trkpt>
<trkpt lat="45.366399" lon="5.623202"><ele>399.25</ele></trkpt>
<trkpt lat="45.366588" lon="5.623771"><ele>399.0</ele></trkpt>
<trkpt lat="45.366680" lon="5.624134"><ele>397.75</ele></trkpt>
<trkpt lat="45.366738" lon="5.624443"><ele>397.25</ele></trkpt>
<trkpt lat="45.366778" lon="5.624769"><ele>396.5</ele></trkpt>
<trkpt lat="45.366795" lon="5.624970"><ele>396.0</ele></trkpt>
<trkpt lat="45.366824" lon="5.625238"><ele>394.5</ele></trkpt>
<trkpt lat="45.366833" lon="5.625343"><ele>393.5</ele></trkpt>
<trkpt lat="45.366961" lon="5.626874"><ele>394.5</ele></trkpt>
<trkpt lat="45.367142" lon="5.629058"><ele>395.5</ele></trkpt>
<trkpt lat="45.367201" lon="5.628954"><ele>395.75</ele></trkpt>
<trkpt lat="45.367384" lon="5.628830"><ele>395.25</ele></trkpt>
<trkpt lat="45.367582" lon="5.628754"><ele>394.0</ele></trkpt>
<trkpt lat="45.367730" lon="5.628706"><ele>392.5</ele></trkpt>
<trkpt lat="45.367879" lon="5.628627"><ele>393.25</ele></trkpt>
<trkpt lat="45.368080" lon="5.628480"><ele>396.75</ele></trkpt>
<trkpt lat="45.368154" lon="5.628349"><ele>399.0</ele></trkpt>
<trkpt lat="45.368260" lon="5.628264"><ele>401.75</ele></trkpt>
<trkpt lat="45.368410" lon="5.628233"><ele>405.25</ele></trkpt>
<trkpt lat="45.368516" lon="5.628309"><ele>407.0</ele></trkpt>
<trkpt lat="45.368619" lon="5.628429"><ele>407.5</ele></trkpt>
<trkpt lat="45.368718" lon="5.628511"><ele>407.0</ele></trkpt>
<trkpt lat="45.368768" lon="5.628516"><ele>407.25</ele></trkpt>
<trkpt lat="45.368804" lon="5.628492"><ele>408.0</ele></trkpt>
<trkpt lat="45.368837" lon="5.628421"><ele>409.25</ele></trkpt>
<trkpt lat="45.368903" lon="5.628046"><ele>413.75</ele></trkpt>
<trkpt lat="45.368897" lon="5.627850"><ele>415.5</ele></trkpt>
<trkpt lat="45.368828" lon="5.627262"><ele>418.25</ele></trkpt>
<trkpt lat="45.368831" lon="5.626985"><ele>420.75</ele></trkpt>
<trkpt lat="45.368864" lon="5.626733"><ele>423.0</ele></trkpt>
<trkpt lat="45.368922" lon="5.626561"><ele>424.0</ele></trkpt>
<trkpt lat="45.368985" lon="5.626483"><ele>425.0</ele></trkpt>
<trkpt lat="45.369105" lon="5.626431"><ele>427.5</ele></trkpt>
<trkpt lat="45.369221" lon="5.626438"><ele>430.5</ele></trkpt>
<trkpt lat="45.369371" lon="5.626368"><ele>433.75</ele></trkpt>
<trkpt lat="45.369559" lon="5.626135"><ele>435.5</ele></trkpt>
<trkpt lat="45.369826" lon="5.625722"><ele>439.5</ele></trkpt>
<trkpt lat="45.370213" lon="5.624543"><ele>445.75</ele></trkpt>
<trkpt lat="45.370421" lon="5.624034"><ele>446.5</ele></trkpt>
<trkpt lat="45.370548" lon="5.623844"><ele>449.5</ele></trkpt>
<trkpt lat="45.370700" lon="5.623705"><ele>450.0</ele></trkpt>
<trkpt lat="45.370809" lon="5.623658"><ele>452.5</ele></trkpt>
<trkpt lat="45.370915" lon="5.623578"><ele>454.25</ele></trkpt>
<trkpt lat="45.371398" lon="5.623094"><ele>463.25</ele></trkpt>
<trkpt lat="45.371596" lon="5.622936"><ele>466.0</ele></trkpt>
<trkpt lat="45.371740" lon="5.622865"><ele>468.5</ele></trkpt>
<trkpt lat="45.371856" lon="5.622691"><ele>470.5</ele></trkpt>
<trkpt lat="45.372013" lon="5.622369"><ele>471.25</ele></trkpt>
<trkpt lat="45.371997" lon="5.622308"><ele>470.25</ele></trkpt>
<trkpt lat="45.371996" lon="5.622237"><ele>469.5</ele></trkpt>
<trkpt lat="45.372196" lon="5.621676"><ele>466.25</ele></trkpt>
<trkpt lat="45.372224" lon="5.621435"><ele>465.25</ele></trkpt>
<trkpt lat="45.372230" lon="5.621206"><ele>463.75</ele></trkpt>
<trkpt lat="45.372192" lon="5.620679"><ele>458.5</ele></trkpt>
<trkpt lat="45.372186" lon="5.620448"><ele>456.5</ele></trkpt>
<trkpt lat="45.372203" lon="5.620277"><ele>455.25</ele></trkpt>
<trkpt lat="45.372294" lon="5.619853"><ele>453.75</ele></trkpt>
<trkpt lat="45.372307" lon="5.619656"><ele>452.0</ele></trkpt>
<trkpt lat="45.372297" lon="5.619473"><ele>450.75</ele></trkpt>
<trkpt lat="45.372280" lon="5.619325"><ele>449.25</ele></trkpt>
<trkpt lat="45.372310" lon="5.619199"><ele>449.25</ele></trkpt>
<trkpt lat="45.372299" lon="5.619125"><ele>448.25</ele></trkpt>
<trkpt lat="45.372304" lon="5.619058"><ele>447.25</ele></trkpt>
<trkpt lat="45.372508" lon="5.618447"><ele>443.25</ele></trkpt>
<trkpt lat="45.372549" lon="5.618263"><ele>442.75</ele></trkpt>
<trkpt lat="45.372545" lon="5.618116"><ele>441.25</ele></trkpt>
<trkpt lat="45.372464" lon="5.617754"><ele>439.5</ele></trkpt>
<trkpt lat="45.372450" lon="5.617604"><ele>437.75</ele></trkpt>
<trkpt lat="45.372442" lon="5.617416"><ele>436.5</ele></trkpt>
<trkpt lat="45.372430" lon="5.617080"><ele>435.5</ele></trkpt>
<trkpt lat="45.372331" lon="5.616075"><ele>428.0</ele></trkpt>
<trkpt lat="45.372354" lon="5.615820"><ele>426.75</ele></trkpt>
<trkpt lat="45.372501" lon="5.615352"><ele>424.5</ele></trkpt>
<trkpt lat="45.372529" lon="5.615191"><ele>423.25</ele></trkpt>
<trkpt lat="45.372500" lon="5.614876"><ele>421.25</ele></trkpt>
<trkpt lat="45.372474" lon="5.614689"><ele>420.25</ele></trkpt>
<trkpt lat="45.372465" lon="5.614152"><ele>416.75</ele></trkpt>
<trkpt lat="45.372433" lon="5.613967"><ele>415.25</ele></trkpt>
<trkpt lat="45.372106" lon="5.613332"><ele>410.0</ele></trkpt>
<trkpt lat="45.371851" lon="5.612684"><ele>406.25</ele></trkpt>
<trkpt lat="45.371554" lon="5.612433"><ele>402.0</ele></trkpt>
<trkpt lat="45.371175" lon="5.612232"><ele>398.0</ele></trkpt>
<trkpt lat="45.370949" lon="5.612214"><ele>392.75</ele></trkpt>
<trkpt lat="45.370706" lon="5.611721"><ele>392.5</ele></trkpt>
<trkpt lat="45.370599" lon="5.611463"><ele>388.25</ele></trkpt>
<trkpt lat="45.370643" lon="5.610722"><ele>387.75</ele></trkpt>
<trkpt lat="45.370592" lon="5.610345"><ele>384.5</ele></trkpt>
<trkpt lat="45.370464" lon="5.610033"><ele>382.75</ele></trkpt>
<trkpt lat="45.369675" lon="5.609384"><ele>372.5</ele></trkpt>
<trkpt lat="45.369470" lon="5.609122"><ele>370.25</ele></trkpt>
<trkpt lat="45.369296" lon="5.608395"><ele>366.25</ele></trkpt>
<trkpt lat="45.369278" lon="5.608320"><ele>365.0</ele></trkpt>
<trkpt lat="45.369315" lon="5.607600"><ele>363.75</ele></trkpt>
<trkpt lat="45.369208" lon="5.607046"><ele>358.75</ele></trkpt>
<trkpt lat="45.368954" lon="5.606397"><ele>356.75</ele></trkpt>
<trkpt lat="45.368599" lon="5.605734"><ele>353.0</ele></trkpt>
<trkpt lat="45.368371" lon="5.605145"><ele>347.25</ele></trkpt>
<trkpt lat="45.368218" lon="5.604849"><ele>348.25</ele></trkpt>
<trkpt lat="45.368061" lon="5.604484"><ele>343.25</ele></trkpt>
<trkpt lat="45.368084" lon="5.604064"><ele>342.75</ele></trkpt>
<trkpt lat="45.368188" lon="5.603770"><ele>342.5</ele></trkpt>
<trkpt lat="45.368539" lon="5.603340"><ele>346.75</ele></trkpt>
<trkpt lat="45.368767" lon="5.602890"><ele>344.5</ele></trkpt>
<trkpt lat="45.369189" lon="5.602561"><ele>344.75</ele></trkpt>
<trkpt lat="45.369494" lon="5.602207"><ele>342.0</ele></trkpt>
<trkpt lat="45.369685" lon="5.601883"><ele>340.5</ele></trkpt>
<trkpt lat="45.369770" lon="5.601617"><ele>343.0</ele></trkpt>
<trkpt lat="45.369817" lon="5.601329"><ele>342.0</ele></trkpt>
<trkpt lat="45.369863" lon="5.601048"><ele>342.75</ele></trkpt>
<trkpt lat="45.369879" lon="5.600336"><ele>340.5</ele></trkpt>
<trkpt lat="45.369928" lon="5.600238"><ele>341.5</ele></trkpt>
<trkpt lat="45.370051" lon="5.600047"><ele>343.0</ele></trkpt>
<trkpt lat="45.370600" lon="5.598631"><ele>342.25</ele></trkpt>
<trkpt lat="45.370633" lon="5.598544"><ele>342.25</ele></trkpt>
<trkpt lat="45.370739" lon="5.598155"><ele>340.5</ele></trkpt>
<trkpt lat="45.370898" lon="5.597735"><ele>343.75</ele></trkpt>
<trkpt lat="45.370983" lon="5.597483"><ele>337.0</ele></trkpt>
<trkpt lat="45.371003" lon="5.597285"><ele>334.5</ele></trkpt>
<trkpt lat="45.370995" lon="5.596871"><ele>331.75</ele></trkpt>
<trkpt lat="45.370981" lon="5.596425"><ele>329.5</ele></trkpt>
<trkpt lat="45.370858" lon="5.595705"><ele>330.25</ele></trkpt>
<trkpt lat="45.370704" lon="5.595115"><ele>325.0</ele></trkpt>
<trkpt lat="45.370607" lon="5.594679"><ele>321.75</ele></trkpt>
<trkpt lat="45.370522" lon="5.594340"><ele>319.5</ele></trkpt>
<trkpt lat="45.370500" lon="5.594293"><ele>319.5</ele></trkpt>
<trkpt lat="45.370473" lon="5.594220"><ele>319.25</ele></trkpt>
<trkpt lat="45.370455" lon="5.594146"><ele>319.0</ele></trkpt>
<trkpt lat="45.370421" lon="5.593885"><ele>318.5</ele></trkpt>
<trkpt lat="45.370492" lon="5.593377"><ele>314.75</ele></trkpt>
<trkpt lat="45.370501" lon="5.593048"><ele>315.25</ele></trkpt>
<trkpt lat="45.370417" lon="5.592709"><ele>315.0</ele></trkpt>
<trkpt lat="45.370337" lon="5.592341"><ele>313.0</ele></trkpt>
<trkpt lat="45.370236" lon="5.592106"><ele>312.25</ele></trkpt>
<trkpt lat="45.370063" lon="5.591823"><ele>309.25</ele></trkpt>
<trkpt lat="45.369988" lon="5.591620"><ele>310.75</ele></trkpt>
<trkpt lat="45.369918" lon="5.591430"><ele>310.25</ele></trkpt>
<trkpt lat="45.369820" lon="5.591253"><ele>310.25</ele></trkpt>
<trkpt lat="45.369817" lon="5.591248"><ele>310.25</ele></trkpt>
<trkpt lat="45.369807" lon="5.591225"><ele>310.25</ele></trkpt>
<trkpt lat="45.369804" lon="5.591217"><ele>310.25</ele></trkpt>
<trkpt lat="45.369774" lon="5.591149"><ele>310.75</ele></trkpt>
<trkpt lat="45.369714" lon="5.591174"><ele>310.0</ele></trkpt>
<trkpt lat="45.369707" lon="5.591177"><ele>310.0</ele></trkpt>
<trkpt lat="45.369653" lon="5.591185"><ele>309.25</ele></trkpt>
<trkpt lat="45.369468" lon="5.591135"><ele>307.75</ele></trkpt>
<trkpt lat="45.369292" lon="5.591054"><ele>306.5</ele></trkpt>
<trkpt lat="45.368857" lon="5.590790"><ele>302.75</ele></trkpt>
<trkpt lat="45.368801" lon="5.590761"><ele>302.0</ele></trkpt>
<trkpt lat="45.368576" lon="5.590603"><ele>299.5</ele></trkpt>
<trkpt lat="45.368447" lon="5.590495"><ele>299.0</ele></trkpt>
<trkpt lat="45.368436" lon="5.590485"><ele>298.75</ele></trkpt>
<trkpt lat="45.368412" lon="5.590461"><ele>298.75</ele></trkpt>
<trkpt lat="45.368384" lon="5.590422"><ele>298.75</ele></trkpt>
<trkpt lat="45.367845" lon="5.589670"><ele>299.0</ele></trkpt>
<trkpt lat="45.367799" lon="5.589603"><ele>298.5</ele></trkpt>
<trkpt lat="45.367689" lon="5.589437"><ele>298.25</ele></trkpt>
<trkpt lat="45.367656" lon="5.589396"><ele>298.0</ele></trkpt>
<trkpt lat="45.367527" lon="5.589239"><ele>297.75</ele></trkpt>
<trkpt lat="45.367441" lon="5.589134"><ele>297.75</ele></trkpt>
<trkpt lat="45.367221" lon="5.588788"><ele>298.25</ele></trkpt>
<trkpt lat="45.367127" lon="5.588655"><ele>298.25</ele></trkpt>
<trkpt lat="45.367101" lon="5.588619"><ele>298.5</ele></trkpt>
<trkpt lat="45.367078" lon="5.588547"><ele>298.5</ele></trkpt>
<trkpt lat="45.366932" lon="5.588361"><ele>298.75</ele></trkpt>
<trkpt lat="45.366507" lon="5.588531"><ele>295.5</ele></trkpt>
<trkpt lat="45.365979" lon="5.588591"><ele>293.0</ele></trkpt>
<trkpt lat="45.365968" lon="5.588597"><ele>293.0</ele></trkpt>
<trkpt lat="45.365930" lon="5.589372"><ele>290.0</ele></trkpt>
<trkpt lat="45.365929" lon="5.589390"><ele>290.0</ele></trkpt>
<trkpt lat="45.365916" lon="5.590013"><ele>288.75</ele></trkpt>
<trkpt lat="45.365880" lon="5.590876"><ele>288.0</ele></trkpt>
<trkpt lat="45.365855" lon="5.590933"><ele>288.0</ele></trkpt>
<trkpt lat="45.365824" lon="5.590998"><ele>287.75</ele></trkpt>
<trkpt lat="45.365235" lon="5.590976"><ele>286.25</ele></trkpt>
<trkpt lat="45.365186" lon="5.590972"><ele>286.25</ele></trkpt>
<trkpt lat="45.365145" lon="5.590962"><ele>286.25</ele></trkpt>
<trkpt lat="45.364978" lon="5.590933"><ele>285.75</ele></trkpt>
<trkpt lat="45.364802" lon="5.590909"><ele>285.25</ele></trkpt>
<trkpt lat="45.364670" lon="5.590912"><ele>285.0</ele></trkpt>
<trkpt lat="45.364342" lon="5.590879"><ele>284.5</ele></trkpt>
<trkpt lat="45.364022" lon="5.590864"><ele>284.0</ele></trkpt>
<trkpt lat="45.363888" lon="5.590857"><ele>283.75</ele></trkpt>
<trkpt lat="45.363668" lon="5.590850"><ele>283.0</ele></trkpt>
<trkpt lat="45.363445" lon="5.590837"><ele>283.0</ele></trkpt>
<trkpt lat="45.363420" lon="5.590835"><ele>283.0</ele></trkpt>
<trkpt lat="45.363381" lon="5.590833"><ele>283.0</ele></trkpt>
<trkpt lat="45.363374" lon="5.590832"><ele>283.0</ele></trkpt>
<trkpt lat="45.363043" lon="5.590806"><ele>282.75</ele></trkpt>
<trkpt lat="45.363016" lon="5.590805"><ele>282.75</ele></trkpt>
<trkpt lat="45.362990" lon="5.590803"><ele>282.75</ele></trkpt>
<trkpt lat="45.362731" lon="5.590785"><ele>282.0</ele></trkpt>
<trkpt lat="45.362621" lon="5.590757"><ele>282.0</ele></trkpt>
<trkpt lat="45.362490" lon="5.590745"><ele>281.75</ele></trkpt>
<trkpt lat="45.362429" lon="5.590739"><ele>281.5</ele></trkpt>
<trkpt lat="45.362315" lon="5.590732"><ele>281.25</ele></trkpt>
<trkpt lat="45.362261" lon="5.590729"><ele>281.0</ele></trkpt>
<trkpt lat="45.361449" lon="5.590681"><ele>280.5</ele></trkpt>
<trkpt lat="45.361307" lon="5.590671"><ele>280.25</ele></trkpt>
<trkpt lat="45.360948" lon="5.590643"><ele>279.5</ele></trkpt>
<trkpt lat="45.360643" lon="5.590650"><ele>279.5</ele></trkpt>
<trkpt lat="45.360586" lon="5.590651"><ele>279.5</ele></trkpt>
<trkpt lat="45.360534" lon="5.590655"><ele>279.5</ele></trkpt>
<trkpt lat="45.360226" lon="5.590714"><ele>279.25</ele></trkpt>
<trkpt lat="45.360036" lon="5.590780"><ele>279.0</ele></trkpt>
<trkpt lat="45.359872" lon="5.590854"><ele>279.25</ele></trkpt>
<trkpt lat="45.359776" lon="5.590916"><ele>279.25</ele></trkpt>
<trkpt lat="45.359688" lon="5.591000"><ele>278.75</ele></trkpt>
<trkpt lat="45.359613" lon="5.591103"><ele>278.0</ele></trkpt>
<trkpt lat="45.359528" lon="5.591246"><ele>278.25</ele></trkpt>
<trkpt lat="45.359467" lon="5.591326"><ele>278.5</ele></trkpt>
<trkpt lat="45.359440" lon="5.591349"><ele>278.75</ele></trkpt>
<trkpt lat="45.359392" lon="5.591357"><ele>278.5</ele></trkpt>
<trkpt lat="45.359349" lon="5.591391"><ele>278.5</ele></trkpt>
<trkpt lat="45.359318" lon="5.591445"><ele>278.5</ele></trkpt>
<trkpt lat="45.359196" lon="5.591499"><ele>278.0</ele></trkpt>
<trkpt lat="45.359087" lon="5.591544"><ele>277.75</ele></trkpt>
<trkpt lat="45.359021" lon="5.591567"><ele>277.75</ele></trkpt>
<trkpt lat="45.358950" lon="5.591615"><ele>277.5</ele></trkpt>
<trkpt lat="45.358728" lon="5.591828"><ele>277.75</ele></trkpt>
<trkpt lat="45.358374" lon="5.592134"><ele>278.0</ele></trkpt>
<trkpt lat="45.358228" lon="5.592258"><ele>277.75</ele></trkpt>
<trkpt lat="45.357967" lon="5.592472"><ele>277.0</ele></trkpt>
<trkpt lat="45.357895" lon="5.592531"><ele>276.75</ele></trkpt>
<trkpt lat="45.357824" lon="5.592589"><ele>277.0</ele></trkpt>
<trkpt lat="45.357437" lon="5.592856"><ele>276.75</ele></trkpt>
<trkpt lat="45.357054" lon="5.593097"><ele>276.25</ele></trkpt>
<trkpt lat="45.356799" lon="5.593215"><ele>277.25</ele></trkpt>
<trkpt lat="45.356580" lon="5.593327"><ele>274.75</ele></trkpt>
<trkpt lat="45.356478" lon="5.593368"><ele>275.0</ele></trkpt>
<trkpt lat="45.356388" lon="5.593404"><ele>275.0</ele></trkpt>
<trkpt lat="45.356331" lon="5.593412"><ele>275.0</ele></trkpt>
<trkpt lat="45.356304" lon="5.593417"><ele>275.0</ele></trkpt>
<trkpt lat="45.356231" lon="5.593428"><ele>275.0</ele></trkpt>
<trkpt lat="45.356085" lon="5.593420"><ele>275.0</ele></trkpt>
<trkpt lat="45.355897" lon="5.593373"><ele>273.25</ele></trkpt>
<trkpt lat="45.355525" lon="5.593177"><ele>273.75</ele></trkpt>
<trkpt lat="45.355446" lon="5.593132"><ele>273.5</ele></trkpt>
<trkpt lat="45.355329" lon="5.593093"><ele>272.5</ele></trkpt>
<trkpt lat="45.355069" lon="5.592956"><ele>272.75</ele></trkpt>
<trkpt lat="45.354850" lon="5.592875"><ele>272.0</ele></trkpt>
<trkpt lat="45.354491" lon="5.592795"><ele>271.0</ele></trkpt>
<trkpt lat="45.354344" lon="5.592753"><ele>271.5</ele></trkpt>
<trkpt lat="45.354271" lon="5.592746"><ele>271.5</ele></trkpt>
<trkpt lat="45.354219" lon="5.592746"><ele>271.5</ele></trkpt>
<trkpt lat="45.354199" lon="5.592722"><ele>272.5</ele></trkpt>
<trkpt lat="45.354150" lon="5.592701"><ele>273.25</ele></trkpt>
<trkpt lat="45.354101" lon="5.592718"><ele>272.25</ele></trkpt>
<trkpt lat="45.354064" lon="5.592769"><ele>270.0</ele></trkpt>
<trkpt lat="45.353971" lon="5.592800"><ele>269.25</ele></trkpt>
<trkpt lat="45.353788" lon="5.592855"><ele>269.25</ele></trkpt>
<trkpt lat="45.353657" lon="5.592879"><ele>269.5</ele></trkpt>
<trkpt lat="45.353384" lon="5.592886"><ele>269.0</ele></trkpt>
<trkpt lat="45.353308" lon="5.592870"><ele>268.75</ele></trkpt>
<trkpt lat="45.353198" lon="5.592812"><ele>268.25</ele></trkpt>
<trkpt lat="45.353025" lon="5.592690"><ele>267.5</ele></trkpt>
<trkpt lat="45.352981" lon="5.592648"><ele>267.0</ele></trkpt>
<trkpt lat="45.352926" lon="5.592594"><ele>266.75</ele></trkpt>
<trkpt lat="45.352816" lon="5.592442"><ele>266.5</ele></trkpt>
<trkpt lat="45.352657" lon="5.592161"><ele>265.75</ele></trkpt>
<trkpt lat="45.352584" lon="5.592029"><ele>265.75</ele></trkpt>
<trkpt lat="45.352224" lon="5.591382"><ele>265.0</ele></trkpt>
<trkpt lat="45.351937" lon="5.590867"><ele>264.75</ele></trkpt>
<trkpt lat="45.351716" lon="5.590463"><ele>264.25</ele></trkpt>
<trkpt lat="45.351541" lon="5.590138"><ele>264.25</ele></trkpt>
<trkpt lat="45.351508" lon="5.590078"><ele>264.25</ele></trkpt>
<trkpt lat="45.351446" lon="5.589965"><ele>263.75</ele></trkpt>
<trkpt lat="45.351344" lon="5.589777"><ele>262.75</ele></trkpt>
<trkpt lat="45.351180" lon="5.589474"><ele>264.0</ele></trkpt>
<trkpt lat="45.351073" lon="5.589277"><ele>261.5</ele></trkpt>
<trkpt lat="45.350862" lon="5.588963"><ele>261.25</ele></trkpt>
<trkpt lat="45.350280" lon="5.587898"><ele>259.0</ele></trkpt>
<trkpt lat="45.349911" lon="5.587203"><ele>257.75</ele></trkpt>
<trkpt lat="45.349878" lon="5.587118"><ele>258.25</ele></trkpt>
<trkpt lat="45.349857" lon="5.587082"><ele>258.25</ele></trkpt>
<trkpt lat="45.349775" lon="5.586942"><ele>258.0</ele></trkpt>
<trkpt lat="45.349702" lon="5.586822"><ele>257.25</ele></trkpt>
<trkpt lat="45.349640" lon="5.586734"><ele>257.0</ele></trkpt>
<trkpt lat="45.349629" lon="5.586717"><ele>257.0</ele></trkpt>
<trkpt lat="45.349365" lon="5.586388"><ele>255.5</ele></trkpt>
<trkpt lat="45.349208" lon="5.586204"><ele>255.5</ele></trkpt>
<trkpt lat="45.348323" lon="5.585183"><ele>254.25</ele></trkpt>
<trkpt lat="45.348176" lon="5.585018"><ele>254.25</ele></trkpt>
<trkpt lat="45.348115" lon="5.584935"><ele>254.5</ele></trkpt>
<trkpt lat="45.348034" lon="5.584811"><ele>254.5</ele></trkpt>
<trkpt lat="45.347974" lon="5.584664"><ele>254.5</ele></trkpt>
<trkpt lat="45.347928" lon="5.584523"><ele>254.25</ele></trkpt>
<trkpt lat="45.347893" lon="5.584382"><ele>254.5</ele></trkpt>
<trkpt lat="45.347875" lon="5.584234"><ele>254.75</ele></trkpt>
<trkpt lat="45.347872" lon="5.584015"><ele>254.75</ele></trkpt>
<trkpt lat="45.347918" lon="5.583485"><ele>254.0</ele></trkpt>
<trkpt lat="45.347938" lon="5.583158"><ele>254.25</ele></trkpt>
<trkpt lat="45.347948" lon="5.582705"><ele>254.0</ele></trkpt>
<trkpt lat="45.347965" lon="5.582408"><ele>253.0</ele></trkpt>
<trkpt lat="45.348020" lon="5.582114"><ele>252.5</ele></trkpt>
<trkpt lat="45.348098" lon="5.581830"><ele>253.5</ele></trkpt>
<trkpt lat="45.348229" lon="5.581430"><ele>253.25</ele></trkpt>
<trkpt lat="45.348286" lon="5.581258"><ele>252.75</ele></trkpt>
<trkpt lat="45.348314" lon="5.581176"><ele>252.25</ele></trkpt>
<trkpt lat="45.348361" lon="5.581002"><ele>252.75</ele></trkpt>
<trkpt lat="45.348375" lon="5.580900"><ele>253.0</ele></trkpt>
<trkpt lat="45.348400" lon="5.580683"><ele>253.0</ele></trkpt>
<trkpt lat="45.348400" lon="5.580518"><ele>252.75</ele></trkpt>
<trkpt lat="45.348377" lon="5.580312"><ele>252.75</ele></trkpt>
<trkpt lat="45.348359" lon="5.580221"><ele>252.5</ele></trkpt>
<trkpt lat="45.348339" lon="5.580126"><ele>252.0</ele></trkpt>
<trkpt lat="45.348282" lon="5.579934"><ele>252.0</ele></trkpt>
<trkpt lat="45.348114" lon="5.579531"><ele>253.0</ele></trkpt>
<trkpt lat="45.347932" lon="5.579150"><ele>252.0</ele></trkpt>
<trkpt lat="45.347862" lon="5.578963"><ele>252.5</ele></trkpt>
<trkpt lat="45.347793" lon="5.578720"><ele>251.25</ele></trkpt>
<trkpt lat="45.347502" lon="5.577383"><ele>251.5</ele></trkpt>
<trkpt lat="45.347284" lon="5.576385"><ele>251.5</ele></trkpt>
<trkpt lat="45.347201" lon="5.576039"><ele>250.0</ele></trkpt>
<trkpt lat="45.346960" lon="5.575287"><ele>248.5</ele></trkpt>
<trkpt lat="45.346318" lon="5.573325"><ele>245.75</ele></trkpt>
<trkpt lat="45.346190" lon="5.572973"><ele>245.5</ele></trkpt>
<trkpt lat="45.346163" lon="5.572887"><ele>245.75</ele></trkpt>
<trkpt lat="45.346034" lon="5.572640"><ele>244.75</ele></trkpt>
<trkpt lat="45.345996" lon="5.572588"><ele>244.5</ele></trkpt>
<trkpt lat="45.345887" lon="5.572435"><ele>244.25</ele></trkpt>
<trkpt lat="45.345821" lon="5.572308"><ele>243.75</ele></trkpt>
<trkpt lat="45.345757" lon="5.572182"><ele>243.0</ele></trkpt>
<trkpt lat="45.345650" lon="5.571871"><ele>243.75</ele></trkpt>
<trkpt lat="45.345585" lon="5.571689"><ele>243.5</ele></trkpt>
<trkpt lat="45.345500" lon="5.571519"><ele>243.5</ele></trkpt>
<trkpt lat="45.345420" lon="5.571366"><ele>243.75</ele></trkpt>
<trkpt lat="45.345322" lon="5.571208"><ele>243.0</ele></trkpt>
<trkpt lat="45.345198" lon="5.570956"><ele>241.5</ele></trkpt>
<trkpt lat="45.344962" lon="5.570468"><ele>241.5</ele></trkpt>
<trkpt lat="45.344650" lon="5.569857"><ele>239.5</ele></trkpt>
<trkpt lat="45.343597" lon="5.568245"><ele>239.0</ele></trkpt>
<trkpt lat="45.342821" lon="5.567145"><ele>237.5</ele></trkpt>
<trkpt lat="45.342279" lon="5.566471"><ele>235.5</ele></trkpt>
<trkpt lat="45.342169" lon="5.566323"><ele>234.75</ele></trkpt>
<trkpt lat="45.342079" lon="5.566197"><ele>234.5</ele></trkpt>
<trkpt lat="45.342070" lon="5.566182"><ele>234.5</ele></trkpt>
<trkpt lat="45.341897" lon="5.565888"><ele>234.0</ele></trkpt>
<trkpt lat="45.341835" lon="5.565756"><ele>233.75</ele></trkpt>
<trkpt lat="45.341772" lon="5.565606"><ele>234.25</ele></trkpt>
<trkpt lat="45.341686" lon="5.565373"><ele>234.0</ele></trkpt>
<trkpt lat="45.341223" lon="5.564150"><ele>232.0</ele></trkpt>
<trkpt lat="45.341070" lon="5.563860"><ele>232.0</ele></trkpt>
<trkpt lat="45.340887" lon="5.563599"><ele>232.0</ele></trkpt>
<trkpt lat="45.340072" lon="5.562604"><ele>230.0</ele></trkpt>
<trkpt lat="45.339141" lon="5.561443"><ele>228.0</ele></trkpt>
<trkpt lat="45.338606" lon="5.560796"><ele>227.25</ele></trkpt>
<trkpt lat="45.338011" lon="5.560320"><ele>226.0</ele></trkpt>
<trkpt lat="45.337854" lon="5.560216"><ele>225.25</ele></trkpt>
<trkpt lat="45.337244" lon="5.559746"><ele>224.75</ele></trkpt>
<trkpt lat="45.336798" lon="5.559413"><ele>224.5</ele></trkpt>
<trkpt lat="45.336407" lon="5.559123"><ele>224.25</ele></trkpt>
<trkpt lat="45.336151" lon="5.558937"><ele>224.5</ele></trkpt>
<trkpt lat="45.335811" lon="5.558741"><ele>224.75</ele></trkpt>
<trkpt lat="45.335357" lon="5.558503"><ele>229.5</ele></trkpt>
<trkpt lat="45.335075" lon="5.558379"><ele>224.0</ele></trkpt>
<trkpt lat="45.334775" lon="5.558267"><ele>222.75</ele></trkpt>
<trkpt lat="45.334560" lon="5.558183"><ele>222.75</ele></trkpt>
<trkpt lat="45.334278" lon="5.558085"><ele>221.0</ele></trkpt>
<trkpt lat="45.333231" lon="5.557755"><ele>219.75</ele></trkpt>
<trkpt lat="45.332823" lon="5.557677"><ele>218.5</ele></trkpt>
<trkpt lat="45.332381" lon="5.557604"><ele>217.0</ele></trkpt>
<trkpt lat="45.331853" lon="5.557522"><ele>215.25</ele></trkpt>
<trkpt lat="45.331785" lon="5.557510"><ele>215.25</ele></trkpt>
<trkpt lat="45.330549" lon="5.557319"><ele>212.75</ele></trkpt>
<trkpt lat="45.330270" lon="5.557272"><ele>211.5</ele></trkpt>
<trkpt lat="45.330087" lon="5.557236"><ele>211.0</ele></trkpt>
<trkpt lat="45.330058" lon="5.557301"><ele>210.75</ele></trkpt>
<trkpt lat="45.329972" lon="5.557537"><ele>209.75</ele></trkpt>
<trkpt lat="45.329787" lon="5.558000"><ele>208.75</ele></trkpt>
<trkpt lat="45.329424" lon="5.558917"><ele>207.75</ele></trkpt>
<trkpt lat="45.329248" lon="5.559481"><ele>206.25</ele></trkpt>
<trkpt lat="45.329181" lon="5.559591"><ele>205.75</ele></trkpt>
<trkpt lat="45.329124" lon="5.559658"><ele>205.25</ele></trkpt>
<trkpt lat="45.329017" lon="5.559694"><ele>205.0</ele></trkpt>
<trkpt lat="45.328819" lon="5.559695"><ele>205.0</ele></trkpt>
<trkpt lat="45.328689" lon="5.559735"><ele>204.75</ele></trkpt>
<trkpt lat="45.328570" lon="5.559845"><ele>204.0</ele></trkpt>
<trkpt lat="45.328386" lon="5.560184"><ele>202.75</ele></trkpt>
<trkpt lat="45.328307" lon="5.560355"><ele>202.75</ele></trkpt>
<trkpt lat="45.328058" lon="5.560831"><ele>201.75</ele></trkpt>
<trkpt lat="45.327902" lon="5.560872"><ele>201.25</ele></trkpt>
<trkpt lat="45.327735" lon="5.560897"><ele>200.5</ele></trkpt>
<trkpt lat="45.327308" lon="5.560871"><ele>200.0</ele></trkpt>
<trkpt lat="45.327244" lon="5.560893"><ele>200.0</ele></trkpt>
<trkpt lat="45.327187" lon="5.560963"><ele>200.0</ele></trkpt>
<trkpt lat="45.327144" lon="5.561030"><ele>200.0</ele></trkpt>
<trkpt lat="45.327116" lon="5.561078"><ele>200.0</ele></trkpt>
<trkpt lat="45.327007" lon="5.561099"><ele>200.0</ele></trkpt>
<trkpt lat="45.326773" lon="5.561144"><ele>200.0</ele></trkpt>
<trkpt lat="45.326385" lon="5.561241"><ele>199.75</ele></trkpt>
<trkpt lat="45.326286" lon="5.561217"><ele>199.5</ele></trkpt>
<trkpt lat="45.326206" lon="5.561195"><ele>199.25</ele></trkpt>
<trkpt lat="45.326112" lon="5.561110"><ele>199.0</ele></trkpt>
<trkpt lat="45.326053" lon="5.561052"><ele>199.0</ele></trkpt>
<trkpt lat="45.325771" lon="5.560777"><ele>199.0</ele></trkpt>
<trkpt lat="45.325700" lon="5.560762"><ele>199.25</ele></trkpt>
<trkpt lat="45.325609" lon="5.560766"><ele>199.75</ele></trkpt>
<trkpt lat="45.325552" lon="5.560782"><ele>199.75</ele></trkpt>
<trkpt lat="45.325474" lon="5.560879"><ele>199.75</ele></trkpt>
<trkpt lat="45.325417" lon="5.561030"><ele>199.5</ele></trkpt>
<trkpt lat="45.325197" lon="5.561702"><ele>199.0</ele></trkpt>
<trkpt lat="45.325156" lon="5.562072"><ele>199.0</ele></trkpt>
<trkpt lat="45.325178" lon="5.562197"><ele>199.0</ele></trkpt>
<trkpt lat="45.325226" lon="5.562334"><ele>198.75</ele></trkpt>
<trkpt lat="45.325248" lon="5.562354"><ele>198.75</ele></trkpt>
<trkpt lat="45.325234" lon="5.562430"><ele>198.75</ele></trkpt>
<trkpt lat="45.325175" lon="5.562744"><ele>198.0</ele></trkpt>
<trkpt lat="45.325120" lon="5.563010"><ele>197.5</ele></trkpt>
<trkpt lat="45.325091" lon="5.563343"><ele>198.25</ele></trkpt>
<trkpt lat="45.325092" lon="5.563542"><ele>198.25</ele></trkpt>
<trkpt lat="45.325098" lon="5.563613"><ele>198.25</ele></trkpt>
<trkpt lat="45.325141" lon="5.563973"><ele>197.25</ele></trkpt>
<trkpt lat="45.325169" lon="5.564128"><ele>197.5</ele></trkpt>
<trkpt lat="45.325183" lon="5.564201"><ele>197.5</ele></trkpt>
<trkpt lat="45.325205" lon="5.564320"><ele>197.25</ele></trkpt>
<trkpt lat="45.325250" lon="5.564619"><ele>197.0</ele></trkpt>
<trkpt lat="45.325248" lon="5.564662"><ele>197.0</ele></trkpt>
<trkpt lat="45.325232" lon="5.564737"><ele>197.0</ele></trkpt>
<trkpt lat="45.325194" lon="5.564726"><ele>197.0</ele></trkpt>
<trkpt lat="45.325157" lon="5.564736"><ele>197.0</ele></trkpt>
<trkpt lat="45.324738" lon="5.564923"><ele>196.0</ele></trkpt>
<trkpt lat="45.324687" lon="5.564945"><ele>196.0</ele></trkpt>
<trkpt lat="45.324173" lon="5.565223"><ele>196.0</ele></trkpt>
<trkpt lat="45.324112" lon="5.565250"><ele>196.0</ele></trkpt>
<trkpt lat="45.324082" lon="5.565263"><ele>196.0</ele></trkpt>
<trkpt lat="45.324040" lon="5.565285"><ele>195.75</ele></trkpt>
<trkpt lat="45.323979" lon="5.565300"><ele>195.75</ele></trkpt>
<trkpt lat="45.323928" lon="5.565329"><ele>195.75</ele></trkpt>
<trkpt lat="45.323843" lon="5.565382"><ele>195.5</ele></trkpt>
<trkpt lat="45.323799" lon="5.565420"><ele>195.25</ele></trkpt>
<trkpt lat="45.323535" lon="5.565756"><ele>194.75</ele></trkpt>
<trkpt lat="45.323204" lon="5.566157"><ele>194.0</ele></trkpt>
<trkpt lat="45.323078" lon="5.566378"><ele>194.0</ele></trkpt>
<trkpt lat="45.322964" lon="5.566676"><ele>194.0</ele></trkpt>
<trkpt lat="45.322877" lon="5.566878"><ele>194.0</ele></trkpt>
<trkpt lat="45.322854" lon="5.566931"><ele>194.0</ele></trkpt>
<trkpt lat="45.322805" lon="5.567044"><ele>193.5</ele></trkpt>
<trkpt lat="45.322752" lon="5.567121"><ele>193.25</ele></trkpt>
<trkpt lat="45.322717" lon="5.567173"><ele>193.0</ele></trkpt>
<trkpt lat="45.322662" lon="5.567253"><ele>193.0</ele></trkpt>
<trkpt lat="45.322558" lon="5.567406"><ele>193.0</ele></trkpt>
<trkpt lat="45.322379" lon="5.567633"><ele>192.5</ele></trkpt>
<trkpt lat="45.322232" lon="5.567769"><ele>192.0</ele></trkpt>
<trkpt lat="45.322010" lon="5.567975"><ele>191.75</ele></trkpt>
<trkpt lat="45.321943" lon="5.568036"><ele>191.75</ele></trkpt>
<trkpt lat="45.321905" lon="5.568072"><ele>191.75</ele></trkpt>
<trkpt lat="45.321804" lon="5.568165"><ele>191.25</ele></trkpt>
<trkpt lat="45.321712" lon="5.568250"><ele>191.0</ele></trkpt>
<trkpt lat="45.321193" lon="5.568731"><ele>190.0</ele></trkpt>
<trkpt lat="45.320787" lon="5.568957"><ele>189.75</ele></trkpt>
<trkpt lat="45.320624" lon="5.569024"><ele>189.5</ele></trkpt>
<trkpt lat="45.320527" lon="5.569069"><ele>189.25</ele></trkpt>
<trkpt lat="45.319628" lon="5.569421"><ele>188.0</ele></trkpt>
<trkpt lat="45.319271" lon="5.569559"><ele>188.0</ele></trkpt>
<trkpt lat="45.318864" lon="5.569716"><ele>187.75</ele></trkpt>
<trkpt lat="45.318016" lon="5.570022"><ele>187.0</ele></trkpt>
<trkpt lat="45.317953" lon="5.570091"><ele>187.0</ele></trkpt>
<trkpt lat="45.317594" lon="5.570469"><ele>187.0</ele></trkpt>
<trkpt lat="45.317339" lon="5.570673"><ele>186.75</ele></trkpt>
<trkpt lat="45.317057" lon="5.570781"><ele>186.5</ele></trkpt>
<trkpt lat="45.316912" lon="5.570806"><ele>187.0</ele></trkpt>
<trkpt lat="45.316727" lon="5.570794"><ele>187.0</ele></trkpt>
<trkpt lat="45.316697" lon="5.570787"><ele>187.0</ele></trkpt>
<trkpt lat="45.316679" lon="5.570768"><ele>187.0</ele></trkpt>
<trkpt lat="45.316657" lon="5.570759"><ele>187.0</ele></trkpt>
<trkpt lat="45.316634" lon="5.570762"><ele>187.0</ele></trkpt>
<trkpt lat="45.316509" lon="5.570680"><ele>187.0</ele></trkpt>
<trkpt lat="45.316434" lon="5.570635"><ele>187.0</ele></trkpt>
<trkpt lat="45.316197" lon="5.570317"><ele>186.25</ele></trkpt>
<trkpt lat="45.316118" lon="5.570240"><ele>186.0</ele></trkpt>
<trkpt lat="45.316011" lon="5.570194"><ele>186.25</ele></trkpt>
<trkpt lat="45.315915" lon="5.570167"><ele>186.25</ele></trkpt>
<trkpt lat="45.315608" lon="5.570135"><ele>186.5</ele></trkpt>
<trkpt lat="45.315158" lon="5.570068"><ele>186.25</ele></trkpt>
<trkpt lat="45.315014" lon="5.570101"><ele>186.0</ele></trkpt>
<trkpt lat="45.314769" lon="5.570190"><ele>185.75</ele></trkpt>
<trkpt lat="45.314362" lon="5.570452"><ele>186.0</ele></trkpt>
<trkpt lat="45.313928" lon="5.570678"><ele>186.0</ele></trkpt>
<trkpt lat="45.313509" lon="5.570813"><ele>185.75</ele></trkpt>
<trkpt lat="45.313463" lon="5.570831"><ele>186.0</ele></trkpt>
<trkpt lat="45.313291" lon="5.571037"><ele>187.0</ele></trkpt>
<trkpt lat="45.313162" lon="5.571177"><ele>186.75</ele></trkpt>
<trkpt lat="45.313008" lon="5.571460"><ele>187.0</ele></trkpt>
<trkpt lat="45.312966" lon="5.571539"><ele>187.0</ele></trkpt>
<trkpt lat="45.312904" lon="5.571654"><ele>187.0</ele></trkpt>
<trkpt lat="45.312746" lon="5.572000"><ele>187.0</ele></trkpt>
<trkpt lat="45.312731" lon="5.572031"><ele>187.0</ele></trkpt>
<trkpt lat="45.312545" lon="5.572436"><ele>187.0</ele></trkpt>
<trkpt lat="45.312141" lon="5.573191"><ele>186.5</ele></trkpt>
<trkpt lat="45.311993" lon="5.573278"><ele>186.0</ele></trkpt>
<trkpt lat="45.311968" lon="5.573282"><ele>185.75</ele></trkpt>
<trkpt lat="45.311336" lon="5.573462"><ele>186.0</ele></trkpt>
<trkpt lat="45.310762" lon="5.573667"><ele>186.0</ele></trkpt>
<trkpt lat="45.310675" lon="5.573699"><ele>186.0</ele></trkpt>
<trkpt lat="45.310558" lon="5.573896"><ele>186.0</ele></trkpt>
<trkpt lat="45.310336" lon="5.574361"><ele>186.0</ele></trkpt>
<trkpt lat="45.310113" lon="5.574762"><ele>186.0</ele></trkpt>
<trkpt lat="45.309937" lon="5.575079"><ele>186.0</ele></trkpt>
<trkpt lat="45.308905" lon="5.576939"><ele>186.75</ele></trkpt>
<trkpt lat="45.308822" lon="5.577090"><ele>186.5</ele></trkpt>
<trkpt lat="45.308677" lon="5.577385"><ele>186.75</ele></trkpt>
<trkpt lat="45.308571" lon="5.577762"><ele>186.0</ele></trkpt>
<trkpt lat="45.308584" lon="5.578029"><ele>186.0</ele></trkpt>
<trkpt lat="45.308672" lon="5.578447"><ele>186.75</ele></trkpt>
<trkpt lat="45.308670" lon="5.578578"><ele>186.75</ele></trkpt>
<trkpt lat="45.308585" lon="5.578810"><ele>186.75</ele></trkpt>
<trkpt lat="45.307666" lon="5.580013"><ele>187.0</ele></trkpt>
<trkpt lat="45.307536" lon="5.580215"><ele>187.0</ele></trkpt>
<trkpt lat="45.307454" lon="5.580739"><ele>187.0</ele></trkpt>
<trkpt lat="45.307251" lon="5.580985"><ele>187.0</ele></trkpt>
<trkpt lat="45.306377" lon="5.581852"><ele>186.5</ele></trkpt>
<trkpt lat="45.306132" lon="5.582113"><ele>187.0</ele></trkpt>
<trkpt lat="45.305808" lon="5.582445"><ele>186.0</ele></trkpt>
<trkpt lat="45.305747" lon="5.582509"><ele>186.0</ele></trkpt>
<trkpt lat="45.304986" lon="5.583297"><ele>187.0</ele></trkpt>
<trkpt lat="45.304275" lon="5.584033"><ele>187.0</ele></trkpt>
<trkpt lat="45.303937" lon="5.584364"><ele>187.0</ele></trkpt>
<trkpt lat="45.303206" lon="5.585104"><ele>187.0</ele></trkpt>
<trkpt lat="45.302687" lon="5.585557"><ele>187.0</ele></trkpt>
<trkpt lat="45.302398" lon="5.585752"><ele>187.5</ele></trkpt>
<trkpt lat="45.302031" lon="5.585930"><ele>189.75</ele></trkpt>
<trkpt lat="45.301677" lon="5.586040"><ele>191.5</ele></trkpt>
<trkpt lat="45.301472" lon="5.586089"><ele>193.0</ele></trkpt>
<trkpt lat="45.301248" lon="5.586182"><ele>190.75</ele></trkpt>
<trkpt lat="45.300870" lon="5.586294"><ele>191.5</ele></trkpt>
<trkpt lat="45.300805" lon="5.586298"><ele>192.0</ele></trkpt>
<trkpt lat="45.300734" lon="5.586281"><ele>192.0</ele></trkpt>
<trkpt lat="45.300676" lon="5.586253"><ele>192.25</ele></trkpt>
<trkpt lat="45.300622" lon="5.586207"><ele>192.75</ele></trkpt>
<trkpt lat="45.300558" lon="5.586132"><ele>193.75</ele></trkpt>
<trkpt lat="45.300001" lon="5.585317"><ele>191.75</ele></trkpt>
<trkpt lat="45.299959" lon="5.585281"><ele>191.75</ele></trkpt>
<trkpt lat="45.299836" lon="5.585224"><ele>191.5</ele></trkpt>
<trkpt lat="45.299816" lon="5.585258"><ele>191.75</ele></trkpt>
<trkpt lat="45.299809" lon="5.585270"><ele>191.75</ele></trkpt>
<trkpt lat="45.299775" lon="5.585332"><ele>191.25</ele></trkpt>
<trkpt lat="45.299806" lon="5.585377"><ele>191.0</ele></trkpt>
<trkpt lat="45.300784" lon="5.586797"><ele>191.0</ele></trkpt>
<trkpt lat="45.300953" lon="5.587055"><ele>191.0</ele></trkpt>
<trkpt lat="45.301102" lon="5.587324"><ele>191.25</ele></trkpt>
<trkpt lat="45.301646" lon="5.588244"><ele>191.25</ele></trkpt>
<trkpt lat="45.301770" lon="5.588484"><ele>190.25</ele></trkpt>
<trkpt lat="45.302001" lon="5.588990"><ele>191.0</ele></trkpt>
<trkpt lat="45.302313" lon="5.589811"><ele>190.25</ele></trkpt>
<trkpt lat="45.302455" lon="5.590212"><ele>190.75</ele></trkpt>
<trkpt lat="45.302575" lon="5.590614"><ele>191.25</ele></trkpt>
<trkpt lat="45.302687" lon="5.591025"><ele>189.75</ele></trkpt>
<trkpt lat="45.302780" lon="5.591434"><ele>192.75</ele></trkpt>
<trkpt lat="45.302957" lon="5.592299"><ele>190.5</ele></trkpt>
<trkpt lat="45.303069" lon="5.592918"><ele>192.25</ele></trkpt>
<trkpt lat="45.303122" lon="5.593248"><ele>191.0</ele></trkpt>
<trkpt lat="45.303147" lon="5.593536"><ele>190.75</ele></trkpt>
<trkpt lat="45.303154" lon="5.594267"><ele>190.25</ele></trkpt>
<trkpt lat="45.303143" lon="5.594995"><ele>190.0</ele></trkpt>
<trkpt lat="45.303140" lon="5.595928"><ele>190.25</ele></trkpt>
<trkpt lat="45.303191" lon="5.596518"><ele>189.75</ele></trkpt>
<trkpt lat="45.303256" lon="5.597126"><ele>190.0</ele></trkpt>
<trkpt lat="45.303327" lon="5.597747"><ele>191.75</ele></trkpt>
<trkpt lat="45.303335" lon="5.598041"><ele>192.75</ele></trkpt>
<trkpt lat="45.303310" lon="5.598740"><ele>191.5</ele></trkpt>
<trkpt lat="45.303280" lon="5.599084"><ele>190.75</ele></trkpt>
<trkpt lat="45.303259" lon="5.599277"><ele>190.0</ele></trkpt>
<trkpt lat="45.303200" lon="5.599596"><ele>188.5</ele></trkpt>
<trkpt lat="45.303180" lon="5.599871"><ele>188.25</ele></trkpt>
<trkpt lat="45.303159" lon="5.600267"><ele>187.75</ele></trkpt>
<trkpt lat="45.303194" lon="5.600922"><ele>188.5</ele></trkpt>
<trkpt lat="45.303114" lon="5.602497"><ele>192.75</ele></trkpt>
<trkpt lat="45.303067" lon="5.603261"><ele>194.0</ele></trkpt>
<trkpt lat="45.302990" lon="5.604031"><ele>189.5</ele></trkpt>
<trkpt lat="45.302874" lon="5.604835"><ele>191.0</ele></trkpt>
<trkpt lat="45.302769" lon="5.605648"><ele>193.25</ele></trkpt>
<trkpt lat="45.302673" lon="5.606205"><ele>190.25</ele></trkpt>
<trkpt lat="45.302493" lon="5.606841"><ele>192.5</ele></trkpt>
<trkpt lat="45.301266" lon="5.609994"><ele>190.25</ele></trkpt>
<trkpt lat="45.300434" lon="5.612009"><ele>191.75</ele></trkpt>
<trkpt lat="45.300228" lon="5.612477"><ele>191.5</ele></trkpt>
<trkpt lat="45.300015" lon="5.612940"><ele>192.25</ele></trkpt>
<trkpt lat="45.299794" lon="5.613354"><ele>191.75</ele></trkpt>
<trkpt lat="45.299540" lon="5.613779"><ele>191.5</ele></trkpt>
<trkpt lat="45.298870" lon="5.614529"><ele>191.5</ele></trkpt>
<trkpt lat="45.298237" lon="5.615170"><ele>191.0</ele></trkpt>
<trkpt lat="45.297815" lon="5.615618"><ele>192.0</ele></trkpt>
<trkpt lat="45.297397" lon="5.616028"><ele>192.0</ele></trkpt>
<trkpt lat="45.296754" lon="5.616561"><ele>193.0</ele></trkpt>
<trkpt lat="45.296489" lon="5.616809"><ele>193.0</ele></trkpt>
<trkpt lat="45.296178" lon="5.617057"><ele>193.25</ele></trkpt>
<trkpt lat="45.295974" lon="5.617147"><ele>193.75</ele></trkpt>
<trkpt lat="45.293984" lon="5.617536"><ele>194.25</ele></trkpt>
<trkpt lat="45.293863" lon="5.617569"><ele>193.25</ele></trkpt>
<trkpt lat="45.293130" lon="5.617756"><ele>193.75</ele></trkpt>
<trkpt lat="45.292209" lon="5.618087"><ele>195.25</ele></trkpt>
<trkpt lat="45.291260" lon="5.618296"><ele>195.75</ele></trkpt>
<trkpt lat="45.290265" lon="5.618470"><ele>195.75</ele></trkpt>
<trkpt lat="45.288927" lon="5.618793"><ele>195.75</ele></trkpt>
<trkpt lat="45.287911" lon="5.619028"><ele>197.0</ele></trkpt>
<trkpt lat="45.286795" lon="5.619271"><ele>194.75</ele></trkpt>
<trkpt lat="45.286371" lon="5.619371"><ele>195.25</ele></trkpt>
<trkpt lat="45.286030" lon="5.619514"><ele>195.75</ele></trkpt>
<trkpt lat="45.285697" lon="5.619601"><ele>193.75</ele></trkpt>
<trkpt lat="45.284553" lon="5.619844"><ele>194.25</ele></trkpt>
<trkpt lat="45.284166" lon="5.619904"><ele>192.5</ele></trkpt>
<trkpt lat="45.283135" lon="5.620110"><ele>193.5</ele></trkpt>
<trkpt lat="45.282358" lon="5.620254"><ele>195.5</ele></trkpt>
<trkpt lat="45.281962" lon="5.620356"><ele>195.0</ele></trkpt>
<trkpt lat="45.281106" lon="5.620540"><ele>196.5</ele></trkpt>
<trkpt lat="45.280769" lon="5.620586"><ele>195.75</ele></trkpt>
<trkpt lat="45.280439" lon="5.620609"><ele>195.5</ele></trkpt>
<trkpt lat="45.279428" lon="5.620652"><ele>194.5</ele></trkpt>
<trkpt lat="45.278533" lon="5.620680"><ele>194.0</ele></trkpt>
<trkpt lat="45.278290" lon="5.620711"><ele>194.5</ele></trkpt>
<trkpt lat="45.277916" lon="5.620778"><ele>195.5</ele></trkpt>
<trkpt lat="45.277267" lon="5.620953"><ele>196.0</ele></trkpt>
<trkpt lat="45.276571" lon="5.621103"><ele>197.75</ele></trkpt>
<trkpt lat="45.276299" lon="5.621187"><ele>197.75</ele></trkpt>
<trkpt lat="45.275956" lon="5.621336"><ele>197.5</ele></trkpt>
<trkpt lat="45.275760" lon="5.621399"><ele>197.75</ele></trkpt>
<trkpt lat="45.275530" lon="5.621417"><ele>197.5</ele></trkpt>
<trkpt lat="45.275200" lon="5.621395"><ele>197.75</ele></trkpt>
<trkpt lat="45.274791" lon="5.621327"><ele>196.75</ele></trkpt>
<trkpt lat="45.274649" lon="5.621331"><ele>196.5</ele></trkpt>
<trkpt lat="45.274096" lon="5.621449"><ele>196.0</ele></trkpt>
<trkpt lat="45.273531" lon="5.621548"><ele>196.0</ele></trkpt>
<trkpt lat="45.272919" lon="5.621820"><ele>196.5</ele></trkpt>
<trkpt lat="45.272726" lon="5.621939"><ele>197.0</ele></trkpt>
<trkpt lat="45.272485" lon="5.622072"><ele>197.0</ele></trkpt>
<trkpt lat="45.272006" lon="5.622177"><ele>197.5</ele></trkpt>
<trkpt lat="45.271775" lon="5.622258"><ele>196.5</ele></trkpt>
<trkpt lat="45.271613" lon="5.622335"><ele>196.0</ele></trkpt>
<trkpt lat="45.271423" lon="5.622463"><ele>195.75</ele></trkpt>
<trkpt lat="45.271267" lon="5.622560"><ele>195.75</ele></trkpt>
<trkpt lat="45.271179" lon="5.622650"><ele>196.5</ele></trkpt>
<trkpt lat="45.271114" lon="5.622747"><ele>197.5</ele></trkpt>
<trkpt lat="45.271079" lon="5.622783"><ele>197.75</ele></trkpt>
<trkpt lat="45.270861" lon="5.622899"><ele>197.25</ele></trkpt>
<trkpt lat="45.269991" lon="5.623367"><ele>197.75</ele></trkpt>
<trkpt lat="45.269643" lon="5.623574"><ele>197.0</ele></trkpt>
<trkpt lat="45.269183" lon="5.623879"><ele>197.75</ele></trkpt>
<trkpt lat="45.268689" lon="5.624304"><ele>196.0</ele></trkpt>
<trkpt lat="45.268202" lon="5.624767"><ele>196.25</ele></trkpt>
<trkpt lat="45.267231" lon="5.625653"><ele>197.25</ele></trkpt>
<trkpt lat="45.266302" lon="5.626717"><ele>197.5</ele></trkpt>
<trkpt lat="45.266182" lon="5.626844"><ele>197.5</ele></trkpt>
<trkpt lat="45.265052" lon="5.627743"><ele>197.75</ele></trkpt>
<trkpt lat="45.263511" lon="5.629607"><ele>198.0</ele></trkpt>
<trkpt lat="45.260474" lon="5.633343"><ele>199.25</ele></trkpt>
<trkpt lat="45.256906" lon="5.637804"><ele>200.5</ele></trkpt>
<trkpt lat="45.256673" lon="5.638116"><ele>200.25</ele></trkpt>
<trkpt lat="45.256355" lon="5.638587"><ele>200.0</ele></trkpt>
<trkpt lat="45.256085" lon="5.639231"><ele>200.0</ele></trkpt>
<trkpt lat="45.255406" lon="5.640893"><ele>200.0</ele></trkpt>
<trkpt lat="45.255136" lon="5.641477"><ele>200.25</ele></trkpt>
<trkpt lat="45.254643" lon="5.642266"><ele>200.25</ele></trkpt>
<trkpt lat="45.254150" lon="5.643113"><ele>200.5</ele></trkpt>
<trkpt lat="45.253612" lon="5.643855"><ele>200.5</ele></trkpt>
<trkpt lat="45.252296" lon="5.645553"><ele>198.75</ele></trkpt>
<trkpt lat="45.251410" lon="5.646776"><ele>200.5</ele></trkpt>
<trkpt lat="45.250975" lon="5.647264"><ele>199.75</ele></trkpt>
<trkpt lat="45.250570" lon="5.647818"><ele>201.0</ele></trkpt>
<trkpt lat="45.250098" lon="5.648490"><ele>200.5</ele></trkpt>
<trkpt lat="45.249555" lon="5.649191"><ele>200.75</ele></trkpt>
<trkpt lat="45.248074" lon="5.651199"><ele>201.5</ele></trkpt>
<trkpt lat="45.247572" lon="5.651841"><ele>200.75</ele></trkpt>
<trkpt lat="45.247249" lon="5.652209"><ele>201.75</ele></trkpt>
<trkpt lat="45.246688" lon="5.652685"><ele>202.0</ele></trkpt>
<trkpt lat="45.244075" lon="5.654603"><ele>201.75</ele></trkpt>
<trkpt lat="45.241190" lon="5.656681"><ele>201.75</ele></trkpt>
<trkpt lat="45.240474" lon="5.657190"><ele>201.25</ele></trkpt>
<trkpt lat="45.239884" lon="5.657623"><ele>200.75</ele></trkpt>
<trkpt lat="45.239590" lon="5.657873"><ele>201.5</ele></trkpt>
<trkpt lat="45.239380" lon="5.658009"><ele>201.5</ele></trkpt>
<trkpt lat="45.239095" lon="5.658269"><ele>203.0</ele></trkpt>
<trkpt lat="45.239056" lon="5.658382"><ele>204.0</ele></trkpt>
<trkpt lat="45.238997" lon="5.658680"><ele>204.75</ele></trkpt>
<trkpt lat="45.238999" lon="5.658733"><ele>204.75</ele></trkpt>
<trkpt lat="45.239185" lon="5.659256"><ele>203.75</ele></trkpt>
<trkpt lat="45.239186" lon="5.659316"><ele>203.75</ele></trkpt>
<trkpt lat="45.239146" lon="5.659496"><ele>203.75</ele></trkpt>
<trkpt lat="45.239127" lon="5.659535"><ele>203.75</ele></trkpt>
<trkpt lat="45.238742" lon="5.659802"><ele>203.75</ele></trkpt>
<trkpt lat="45.238613" lon="5.659885"><ele>203.75</ele></trkpt>
<trkpt lat="45.238594" lon="5.659886"><ele>203.75</ele></trkpt>
<trkpt lat="45.237907" lon="5.659700"><ele>205.0</ele></trkpt>
<trkpt lat="45.237473" lon="5.659568"><ele>205.5</ele></trkpt>
<trkpt lat="45.237422" lon="5.659554"><ele>205.25</ele></trkpt>
<trkpt lat="45.237355" lon="5.659551"><ele>205.25</ele></trkpt>
<trkpt lat="45.237297" lon="5.659572"><ele>205.25</ele></trkpt>
<trkpt lat="45.237145" lon="5.659657"><ele>206.0</ele></trkpt>
<trkpt lat="45.236916" lon="5.659814"><ele>206.25</ele></trkpt>
<trkpt lat="45.236947" lon="5.659869"><ele>206.5</ele></trkpt>
<trkpt lat="45.236963" lon="5.659924"><ele>206.5</ele></trkpt>
<trkpt lat="45.236973" lon="5.659960"><ele>206.5</ele></trkpt>
<trkpt lat="45.237006" lon="5.660273"><ele>206.25</ele></trkpt>
<trkpt lat="45.237009" lon="5.660347"><ele>206.0</ele></trkpt>
<trkpt lat="45.237001" lon="5.660403"><ele>206.0</ele></trkpt>
<trkpt lat="45.236981" lon="5.660442"><ele>206.0</ele></trkpt>
<trkpt lat="45.236954" lon="5.660472"><ele>206.25</ele></trkpt>
<trkpt lat="45.236894" lon="5.660493"><ele>206.0</ele></trkpt>
<trkpt lat="45.236727" lon="5.660476"><ele>205.5</ele></trkpt>
<trkpt lat="45.236644" lon="5.660484"><ele>205.5</ele></trkpt>
<trkpt lat="45.236633" lon="5.660483"><ele>205.5</ele></trkpt>
<trkpt lat="45.236394" lon="5.660458"><ele>206.25</ele></trkpt>
<trkpt lat="45.236324" lon="5.660481"><ele>206.25</ele></trkpt>
<trkpt lat="45.236272" lon="5.660483"><ele>206.5</ele></trkpt>
<trkpt lat="45.236098" lon="5.660534"><ele>206.75</ele></trkpt>
<trkpt lat="45.235907" lon="5.660574"><ele>206.0</ele></trkpt>
<trkpt lat="45.234235" lon="5.661853"><ele>205.0</ele></trkpt>
<trkpt lat="45.232886" lon="5.662755"><ele>205.75</ele></trkpt>
<trkpt lat="45.231661" lon="5.663769"><ele>205.75</ele></trkpt>
<trkpt lat="45.230856" lon="5.664368"><ele>205.5</ele></trkpt>
<trkpt lat="45.224766" lon="5.668690"><ele>205.75</ele></trkpt>
<trkpt lat="45.224548" lon="5.668842"><ele>205.75</ele></trkpt>
<trkpt lat="45.224297" lon="5.669039"><ele>206.0</ele></trkpt>
<trkpt lat="45.224226" lon="5.669103"><ele>206.25</ele></trkpt>
<trkpt lat="45.223918" lon="5.669313"><ele>206.0</ele></trkpt>
<trkpt lat="45.223385" lon="5.669697"><ele>206.25</ele></trkpt>
<trkpt lat="45.222224" lon="5.670577"><ele>206.5</ele></trkpt>
<trkpt lat="45.221486" lon="5.671105"><ele>206.5</ele></trkpt>
<trkpt lat="45.220715" lon="5.671642"><ele>206.25</ele></trkpt>
<trkpt lat="45.219355" lon="5.672652"><ele>205.5</ele></trkpt>
<trkpt lat="45.218539" lon="5.673325"><ele>206.5</ele></trkpt>
<trkpt lat="45.218452" lon="5.673396"><ele>206.25</ele></trkpt>
<trkpt lat="45.217701" lon="5.674208"><ele>207.5</ele></trkpt>
<trkpt lat="45.217316" lon="5.674777"><ele>207.25</ele></trkpt>
<trkpt lat="45.217057" lon="5.675143"><ele>206.25</ele></trkpt>
<trkpt lat="45.216259" lon="5.676519"><ele>206.5</ele></trkpt>
<trkpt lat="45.215565" lon="5.677999"><ele>206.5</ele></trkpt>
<trkpt lat="45.214952" lon="5.679177"><ele>206.5</ele></trkpt>
<trkpt lat="45.213423" lon="5.682063"><ele>206.75</ele></trkpt>
<trkpt lat="45.213004" lon="5.682838"><ele>207.75</ele></trkpt>
<trkpt lat="45.212509" lon="5.683873"><ele>208.5</ele></trkpt>
<trkpt lat="45.212370" lon="5.684204"><ele>207.25</ele></trkpt>
<trkpt lat="45.212278" lon="5.684419"><ele>207.0</ele></trkpt>
<trkpt lat="45.212184" lon="5.684755"><ele>205.75</ele></trkpt>
<trkpt lat="45.212140" lon="5.685005"><ele>206.0</ele></trkpt>
<trkpt lat="45.211911" lon="5.686287"><ele>208.0</ele></trkpt>
<trkpt lat="45.211802" lon="5.686795"><ele>206.25</ele></trkpt>
<trkpt lat="45.211608" lon="5.687575"><ele>208.0</ele></trkpt>
<trkpt lat="45.211543" lon="5.688051"><ele>206.0</ele></trkpt>
<trkpt lat="45.211342" lon="5.688768"><ele>208.25</ele></trkpt>
<trkpt lat="45.211072" lon="5.690961"><ele>207.5</ele></trkpt>
<trkpt lat="45.210591" lon="5.694523"><ele>208.0</ele></trkpt>
<trkpt lat="45.210481" lon="5.695135"><ele>207.75</ele></trkpt>
<trkpt lat="45.210332" lon="5.695721"><ele>208.0</ele></trkpt>
<trkpt lat="45.210088" lon="5.696577"><ele>208.0</ele></trkpt>
<trkpt lat="45.209883" lon="5.697299"><ele>207.75</ele></trkpt>
<trkpt lat="45.209564" lon="5.698352"><ele>209.5</ele></trkpt>
<trkpt lat="45.209242" lon="5.699281"><ele>209.25</ele></trkpt>
<trkpt lat="45.208887" lon="5.700206"><ele>209.5</ele></trkpt>
<trkpt lat="45.208696" lon="5.700679"><ele>209.0</ele></trkpt>
<trkpt lat="45.208359" lon="5.701385"><ele>208.25</ele></trkpt>
<trkpt lat="45.208215" lon="5.701608"><ele>208.0</ele></trkpt>
<trkpt lat="45.208013" lon="5.701919"><ele>206.75</ele></trkpt>
<trkpt lat="45.207905" lon="5.702144"><ele>207.75</ele></trkpt>
<trkpt lat="45.207852" lon="5.702307"><ele>207.25</ele></trkpt>
<trkpt lat="45.207762" lon="5.702776"><ele>207.75</ele></trkpt>
<trkpt lat="45.207719" lon="5.702926"><ele>208.25</ele></trkpt>
<trkpt lat="45.207557" lon="5.703351"><ele>209.0</ele></trkpt>
<trkpt lat="45.207569" lon="5.703595"><ele>211.75</ele></trkpt>
<trkpt lat="45.206858" lon="5.705340"><ele>211.25</ele></trkpt>
<trkpt lat="45.206461" lon="5.706285"><ele>211.25</ele></trkpt>
<trkpt lat="45.206176" lon="5.706997"><ele>209.5</ele></trkpt>
<trkpt lat="45.206127" lon="5.707090"><ele>208.5</ele></trkpt>
<trkpt lat="45.206051" lon="5.707361"><ele>209.5</ele></trkpt>
<trkpt lat="45.205971" lon="5.707697"><ele>210.0</ele></trkpt>
<trkpt lat="45.205844" lon="5.707964"><ele>209.5</ele></trkpt>
<trkpt lat="45.205792" lon="5.708084"><ele>210.5</ele></trkpt>
<trkpt lat="45.205682" lon="5.708390"><ele>210.75</ele></trkpt>
<trkpt lat="45.205359" lon="5.709627"><ele>209.0</ele></trkpt>
<trkpt lat="45.205252" lon="5.710005"><ele>210.5</ele></trkpt>
<trkpt lat="45.205127" lon="5.710392"><ele>209.25</ele></trkpt>
<trkpt lat="45.204979" lon="5.710766"><ele>209.5</ele></trkpt>
<trkpt lat="45.204795" lon="5.711136"><ele>208.0</ele></trkpt>
<trkpt lat="45.204586" lon="5.711474"><ele>209.25</ele></trkpt>
<trkpt lat="45.204376" lon="5.711786"><ele>208.75</ele></trkpt>
<trkpt lat="45.202797" lon="5.713902"><ele>208.25</ele></trkpt>
<trkpt lat="45.202290" lon="5.714542"><ele>208.75</ele></trkpt>
<trkpt lat="45.202077" lon="5.714781"><ele>208.75</ele></trkpt>
<trkpt lat="45.201690" lon="5.715201"><ele>208.5</ele></trkpt>
<trkpt lat="45.201281" lon="5.715598"><ele>208.5</ele></trkpt>
<trkpt lat="45.200804" lon="5.715937"><ele>209.0</ele></trkpt>
<trkpt lat="45.200386" lon="5.716138"><ele>208.75</ele></trkpt>
<trkpt lat="45.200068" lon="5.716197"><ele>208.75</ele></trkpt>
<trkpt lat="45.199847" lon="5.716181"><ele>208.75</ele></trkpt>
<trkpt lat="45.199426" lon="5.716102"><ele>208.75</ele></trkpt>
<trkpt lat="45.199160" lon="5.716040"><ele>208.5</ele></trkpt>
<trkpt lat="45.198561" lon="5.715937"><ele>208.0</ele></trkpt>
<trkpt lat="45.197615" lon="5.715730"><ele>208.5</ele></trkpt>
<trkpt lat="45.197175" lon="5.715677"><ele>208.25</ele></trkpt>
<trkpt lat="45.196788" lon="5.715651"><ele>208.0</ele></trkpt>
<trkpt lat="45.196403" lon="5.715675"><ele>208.25</ele></trkpt>
<trkpt lat="45.195606" lon="5.715852"><ele>208.25</ele></trkpt>
<trkpt lat="45.195338" lon="5.715935"><ele>208.5</ele></trkpt>
<trkpt lat="45.195069" lon="5.716059"><ele>208.5</ele></trkpt>
<trkpt lat="45.194649" lon="5.716354"><ele>208.25</ele></trkpt>
<trkpt lat="45.194348" lon="5.716665"><ele>208.25</ele></trkpt>
<trkpt lat="45.194119" lon="5.716972"><ele>208.75</ele></trkpt>
<trkpt lat="45.193946" lon="5.717245"><ele>208.5</ele></trkpt>
<trkpt lat="45.193580" lon="5.718014"><ele>208.5</ele></trkpt>
<trkpt lat="45.193485" lon="5.718220"><ele>208.5</ele></trkpt>
<trkpt lat="45.193311" lon="5.718714"><ele>208.5</ele></trkpt>
<trkpt lat="45.193252" lon="5.719049"><ele>209.0</ele></trkpt>
<trkpt lat="45.193217" lon="5.719400"><ele>209.5</ele></trkpt>
<trkpt lat="45.193252" lon="5.720800"><ele>211.75</ele></trkpt>
<trkpt lat="45.193254" lon="5.720987"><ele>212.0</ele></trkpt>
<trkpt lat="45.193264" lon="5.721117"><ele>212.25</ele></trkpt>
<trkpt lat="45.193339" lon="5.721207"><ele>214.0</ele></trkpt>
<trkpt lat="45.193390" lon="5.721205"><ele>214.5</ele></trkpt>
<trkpt lat="45.193407" lon="5.721622"><ele>214.75</ele></trkpt>
<trkpt lat="45.193440" lon="5.722369"><ele>213.75</ele></trkpt>
<trkpt lat="45.193486" lon="5.722931"><ele>212.5</ele></trkpt>
<trkpt lat="45.193535" lon="5.723804"><ele>212.75</ele></trkpt>
<trkpt lat="45.193543" lon="5.723904"><ele>212.75</ele></trkpt>
<trkpt lat="45.193550" lon="5.723975"><ele>212.75</ele></trkpt>
<trkpt lat="45.193560" lon="5.724045"><ele>213.0</ele></trkpt>
<trkpt lat="45.193617" lon="5.724336"><ele>211.0</ele></trkpt>
<trkpt lat="45.193761" lon="5.724941"><ele>210.25</ele></trkpt>
<trkpt lat="45.193771" lon="5.724992"><ele>209.75</ele></trkpt>
<trkpt lat="45.193802" lon="5.725138"><ele>210.0</ele></trkpt>
<trkpt lat="45.193819" lon="5.725289"><ele>209.75</ele></trkpt>
<trkpt lat="45.193959" lon="5.725940"><ele>210.0</ele></trkpt>
<trkpt lat="45.193973" lon="5.726208"><ele>209.25</ele></trkpt>
<trkpt lat="45.193999" lon="5.726334"><ele>208.75</ele></trkpt>
<trkpt lat="45.194028" lon="5.726472"><ele>209.0</ele></trkpt>
<trkpt lat="45.194108" lon="5.726642"><ele>210.25</ele></trkpt>
<trkpt lat="45.194160" lon="5.726939"><ele>209.75</ele></trkpt>
<trkpt lat="45.194276" lon="5.727492"><ele>209.75</ele></trkpt>
<trkpt lat="45.194298" lon="5.727601"><ele>210.0</ele></trkpt>
<trkpt lat="45.194322" lon="5.727724"><ele>210.25</ele></trkpt>
<trkpt lat="45.194441" lon="5.728132"><ele>211.25</ele></trkpt>
<trkpt lat="45.194570" lon="5.728513"><ele>210.5</ele></trkpt>
<trkpt lat="45.194702" lon="5.728795"><ele>210.75</ele></trkpt>
<trkpt lat="45.194735" lon="5.728849"><ele>210.5</ele></trkpt>
<trkpt lat="45.194845" lon="5.729036"><ele>210.75</ele></trkpt>
<trkpt lat="45.194886" lon="5.729073"><ele>211.5</ele></trkpt>
<trkpt lat="45.195356" lon="5.729825"><ele>212.5</ele></trkpt>
<trkpt lat="45.195423" lon="5.729930"><ele>211.75</ele></trkpt>
<trkpt lat="45.195484" lon="5.730027"><ele>212.0</ele></trkpt>
<trkpt lat="45.196034" lon="5.730914"><ele>211.0</ele></trkpt>
<trkpt lat="45.196242" lon="5.731229"><ele>211.25</ele></trkpt>
<trkpt lat="45.196281" lon="5.731287"><ele>211.25</ele></trkpt>
<trkpt lat="45.196320" lon="5.731335"><ele>211.75</ele></trkpt>
<trkpt lat="45.196593" lon="5.731666"><ele>211.5</ele></trkpt>
<trkpt lat="45.196783" lon="5.731860"><ele>211.25</ele></trkpt>
<trkpt lat="45.197095" lon="5.732136"><ele>210.5</ele></trkpt>
<trkpt lat="45.197226" lon="5.732237"><ele>211.75</ele></trkpt>
<trkpt lat="45.197371" lon="5.732334"><ele>211.5</ele></trkpt>
<trkpt lat="45.197478" lon="5.732408"><ele>212.0</ele></trkpt>
<trkpt lat="45.197562" lon="5.732455"><ele>212.25</ele></trkpt>
<trkpt lat="45.197741" lon="5.732563"><ele>211.75</ele></trkpt>
<trkpt lat="45.197787" lon="5.732589"><ele>211.5</ele></trkpt>
<trkpt lat="45.197915" lon="5.732643"><ele>211.25</ele></trkpt>
<trkpt lat="45.198064" lon="5.732676"><ele>211.75</ele></trkpt>
<trkpt lat="45.198726" lon="5.732866"><ele>212.75</ele></trkpt>
<trkpt lat="45.198866" lon="5.732904"><ele>212.75</ele></trkpt>
<trkpt lat="45.199077" lon="5.732995"><ele>213.5</ele></trkpt>
<trkpt lat="45.199548" lon="5.733197"><ele>212.5</ele></trkpt>
<trkpt lat="45.200926" lon="5.733858"><ele>211.5</ele></trkpt>
<trkpt lat="45.200966" lon="5.733810"><ele>212.25</ele></trkpt>
<trkpt lat="45.201025" lon="5.733770"><ele>212.75</ele></trkpt>
<trkpt lat="45.201105" lon="5.733794"><ele>213.0</ele></trkpt>
<trkpt lat="45.201485" lon="5.733950"><ele>213.5</ele></trkpt>
<trkpt lat="45.201782" lon="5.734079"><ele>214.25</ele></trkpt>
<trkpt lat="45.201869" lon="5.734126"><ele>214.0</ele></trkpt>
<trkpt lat="45.201925" lon="5.734167"><ele>213.75</ele></trkpt>
<trkpt lat="45.201971" lon="5.734209"><ele>214.0</ele></trkpt>
<trkpt lat="45.202018" lon="5.734262"><ele>214.25</ele></trkpt>
<trkpt lat="45.202062" lon="5.734317"><ele>214.25</ele></trkpt>
<trkpt lat="45.202116" lon="5.734384"><ele>214.25</ele></trkpt>
<trkpt lat="45.202169" lon="5.734459"><ele>214.25</ele></trkpt>
<trkpt lat="45.202517" lon="5.735013"><ele>215.0</ele></trkpt>
<trkpt lat="45.202646" lon="5.735241"><ele>216.5</ele></trkpt>
<trkpt lat="45.202748" lon="5.735371"><ele>217.25</ele></trkpt>
<trkpt lat="45.202812" lon="5.735449"><ele>217.75</ele></trkpt>
<trkpt lat="45.202871" lon="5.735524"><ele>218.25</ele></trkpt>
<trkpt lat="45.203147" lon="5.735892"><ele>220.25</ele></trkpt>
<trkpt lat="45.203176" lon="5.735934"><ele>220.5</ele></trkpt>
<trkpt lat="45.203301" lon="5.736093"><ele>220.75</ele></trkpt>
<trkpt lat="45.203522" lon="5.736399"><ele>220.75</ele></trkpt>
<trkpt lat="45.203552" lon="5.736446"><ele>220.75</ele></trkpt>
<trkpt lat="45.203595" lon="5.736513"><ele>220.75</ele></trkpt>
<trkpt lat="45.203860" lon="5.736868"><ele>221.75</ele></trkpt>
<trkpt lat="45.203878" lon="5.736895"><ele>221.75</ele></trkpt>
<trkpt lat="45.203925" lon="5.736965"><ele>222.0</ele></trkpt>
<trkpt lat="45.204152" lon="5.737265"><ele>222.5</ele></trkpt>
<trkpt lat="45.204404" lon="5.737587"><ele>224.25</ele></trkpt>
<trkpt lat="45.204443" lon="5.737638"><ele>224.75</ele></trkpt>
<trkpt lat="45.204496" lon="5.737703"><ele>225.0</ele></trkpt>
<trkpt lat="45.204560" lon="5.737780"><ele>225.0</ele></trkpt>
<trkpt lat="45.204599" lon="5.737827"><ele>225.0</ele></trkpt>
<trkpt lat="45.204658" lon="5.737899"><ele>225.25</ele></trkpt>
<trkpt lat="45.204718" lon="5.737970"><ele>225.5</ele></trkpt>
<trkpt lat="45.204928" lon="5.738225"><ele>227.5</ele></trkpt>
<trkpt lat="45.205038" lon="5.738360"><ele>229.0</ele></trkpt>
<trkpt lat="45.205133" lon="5.738471"><ele>229.25</ele></trkpt>
<trkpt lat="45.205201" lon="5.738555"><ele>230.0</ele></trkpt>
<trkpt lat="45.205231" lon="5.738591"><ele>230.25</ele></trkpt>
<trkpt lat="45.205403" lon="5.738818"><ele>233.25</ele></trkpt>
<trkpt lat="45.205489" lon="5.739012"><ele>234.0</ele></trkpt>
<trkpt lat="45.205581" lon="5.739324"><ele>234.25</ele></trkpt>
<trkpt lat="45.205633" lon="5.739504"><ele>234.75</ele></trkpt>
<trkpt lat="45.205871" lon="5.740321"><ele>235.5</ele></trkpt>
<trkpt lat="45.206104" lon="5.741109"><ele>236.75</ele></trkpt>
<trkpt lat="45.206235" lon="5.741555"><ele>237.5</ele></trkpt>
<trkpt lat="45.206300" lon="5.741777"><ele>238.0</ele></trkpt>
<trkpt lat="45.206339" lon="5.741911"><ele>238.5</ele></trkpt>
<trkpt lat="45.206363" lon="5.741994"><ele>238.75</ele></trkpt>
<trkpt lat="45.206390" lon="5.742089"><ele>239.0</ele></trkpt>
<trkpt lat="45.206450" lon="5.742294"><ele>239.5</ele></trkpt>
<trkpt lat="45.206479" lon="5.742396"><ele>240.25</ele></trkpt>
<trkpt lat="45.206493" lon="5.742441"><ele>240.5</ele></trkpt>
<trkpt lat="45.206503" lon="5.742471"><ele>240.5</ele></trkpt>
<trkpt lat="45.206551" lon="5.742626"><ele>240.75</ele></trkpt>
<trkpt lat="45.206575" lon="5.742703"><ele>240.75</ele></trkpt>
<trkpt lat="45.206604" lon="5.742793"><ele>240.75</ele></trkpt>
<trkpt lat="45.206626" lon="5.742864"><ele>241.0</ele></trkpt>
<trkpt lat="45.206642" lon="5.742921"><ele>241.25</ele></trkpt>
<trkpt lat="45.206669" lon="5.743017"><ele>241.75</ele></trkpt>
<trkpt lat="45.206763" lon="5.743308"><ele>242.5</ele></trkpt>
<trkpt lat="45.206989" lon="5.743918"><ele>244.25</ele></trkpt>
<trkpt lat="45.207035" lon="5.744042"><ele>244.75</ele></trkpt>
<trkpt lat="45.207081" lon="5.744211"><ele>245.0</ele></trkpt>
<trkpt lat="45.207099" lon="5.744388"><ele>245.75</ele></trkpt>
<trkpt lat="45.207093" lon="5.744528"><ele>246.25</ele></trkpt>
<trkpt lat="45.207055" lon="5.745051"><ele>246.75</ele></trkpt>
<trkpt lat="45.207022" lon="5.745262"><ele>247.5</ele></trkpt>
<trkpt lat="45.207009" lon="5.745349"><ele>247.5</ele></trkpt>
<trkpt lat="45.206992" lon="5.745429"><ele>247.75</ele></trkpt>
<trkpt lat="45.206979" lon="5.745492"><ele>247.75</ele></trkpt>
<trkpt lat="45.206999" lon="5.745564"><ele>248.0</ele></trkpt>
<trkpt lat="45.207022" lon="5.745645"><ele>248.0</ele></trkpt>
<trkpt lat="45.207045" lon="5.745714"><ele>247.75</ele></trkpt>
<trkpt lat="45.207097" lon="5.745872"><ele>248.0</ele></trkpt>
<trkpt lat="45.207141" lon="5.745997"><ele>249.0</ele></trkpt>
<trkpt lat="45.207329" lon="5.746521"><ele>251.0</ele></trkpt>
<trkpt lat="45.207363" lon="5.746617"><ele>251.25</ele></trkpt>
<trkpt lat="45.207386" lon="5.746684"><ele>251.5</ele></trkpt>
<trkpt lat="45.207692" lon="5.747557"><ele>254.25</ele></trkpt>
<trkpt lat="45.207735" lon="5.747657"><ele>254.5</ele></trkpt>
<trkpt lat="45.207933" lon="5.747943"><ele>255.75</ele></trkpt>
<trkpt lat="45.208570" lon="5.748792"><ele>259.5</ele></trkpt>
<trkpt lat="45.208681" lon="5.749004"><ele>260.0</ele></trkpt>
<trkpt lat="45.208720" lon="5.749075"><ele>260.5</ele></trkpt>
<trkpt lat="45.208755" lon="5.749150"><ele>261.0</ele></trkpt>
<trkpt lat="45.208769" lon="5.749179"><ele>261.0</ele></trkpt>
<trkpt lat="45.208796" lon="5.749246"><ele>261.0</ele></trkpt>
<trkpt lat="45.208827" lon="5.749319"><ele>261.0</ele></trkpt>
<trkpt lat="45.208924" lon="5.749568"><ele>260.5</ele></trkpt>
<trkpt lat="45.208969" lon="5.749718"><ele>260.0</ele></trkpt>
<trkpt lat="45.208993" lon="5.749821"><ele>260.0</ele></trkpt>
<trkpt lat="45.209071" lon="5.750042"><ele>260.0</ele></trkpt>
<trkpt lat="45.209161" lon="5.750285"><ele>258.75</ele></trkpt>
<trkpt lat="45.209206" lon="5.750424"><ele>258.5</ele></trkpt>
<trkpt lat="45.209287" lon="5.750708"><ele>257.5</ele></trkpt>
<trkpt lat="45.209355" lon="5.750910"><ele>256.5</ele></trkpt>
<trkpt lat="45.209517" lon="5.751295"><ele>255.75</ele></trkpt>
<trkpt lat="45.209723" lon="5.751724"><ele>254.75</ele></trkpt>
<trkpt lat="45.209866" lon="5.752017"><ele>253.0</ele></trkpt>
<trkpt lat="45.209936" lon="5.752162"><ele>252.25</ele></trkpt>
<trkpt lat="45.209997" lon="5.752297"><ele>251.5</ele></trkpt>
<trkpt lat="45.210082" lon="5.752490"><ele>251.5</ele></trkpt>
<trkpt lat="45.210096" lon="5.752526"><ele>251.5</ele></trkpt>
<trkpt lat="45.210134" lon="5.752611"><ele>251.0</ele></trkpt>
<trkpt lat="45.210153" lon="5.752655"><ele>250.75</ele></trkpt>
<trkpt lat="45.210174" lon="5.752701"><ele>250.5</ele></trkpt>
<trkpt lat="45.210197" lon="5.752754"><ele>250.0</ele></trkpt>
<trkpt lat="45.210236" lon="5.752843"><ele>249.5</ele></trkpt>
<trkpt lat="45.210394" lon="5.753192"><ele>248.5</ele></trkpt>
<trkpt lat="45.210506" lon="5.753405"><ele>246.5</ele></trkpt>
<trkpt lat="45.210586" lon="5.753559"><ele>245.5</ele></trkpt>
<trkpt lat="45.210660" lon="5.753715"><ele>245.75</ele></trkpt>
<trkpt lat="45.210674" lon="5.753747"><ele>245.75</ele></trkpt>
<trkpt lat="45.210798" lon="5.754027"><ele>244.0</ele></trkpt>
<trkpt lat="45.211008" lon="5.754460"><ele>241.75</ele></trkpt>
<trkpt lat="45.211053" lon="5.754551"><ele>241.25</ele></trkpt>
<trkpt lat="45.211077" lon="5.754603"><ele>240.75</ele></trkpt>
<trkpt lat="45.211574" lon="5.755639"><ele>236.75</ele></trkpt>
<trkpt lat="45.211664" lon="5.755826"><ele>235.0</ele></trkpt>
<trkpt lat="45.211720" lon="5.755946"><ele>234.75</ele></trkpt>
<trkpt lat="45.211842" lon="5.756256"><ele>234.25</ele></trkpt>
<trkpt lat="45.211868" lon="5.756340"><ele>234.0</ele></trkpt>
<trkpt lat="45.211895" lon="5.756433"><ele>233.5</ele></trkpt>
<trkpt lat="45.211916" lon="5.756510"><ele>233.25</ele></trkpt>
<trkpt lat="45.211987" lon="5.756814"><ele>232.25</ele></trkpt>
<trkpt lat="45.212046" lon="5.757049"><ele>231.75</ele></trkpt>
<trkpt lat="45.212081" lon="5.757194"><ele>231.5</ele></trkpt>
<trkpt lat="45.212130" lon="5.757408"><ele>230.75</ele></trkpt>
<trkpt lat="45.212145" lon="5.757471"><ele>230.75</ele></trkpt>
<trkpt lat="45.212165" lon="5.757559"><ele>230.5</ele></trkpt>
<trkpt lat="45.212185" lon="5.757657"><ele>230.25</ele></trkpt>
<trkpt lat="45.212203" lon="5.757742"><ele>230.0</ele></trkpt>
<trkpt lat="45.212236" lon="5.757887"><ele>230.0</ele></trkpt>
<trkpt lat="45.212282" lon="5.758061"><ele>230.25</ele></trkpt>
<trkpt lat="45.212320" lon="5.758217"><ele>230.25</ele></trkpt>
<trkpt lat="45.212499" lon="5.758967"><ele>229.5</ele></trkpt>
<trkpt lat="45.212591" lon="5.759345"><ele>229.0</ele></trkpt>
<trkpt lat="45.212600" lon="5.759385"><ele>228.75</ele></trkpt>
<trkpt lat="45.212626" lon="5.759506"><ele>228.75</ele></trkpt>
<trkpt lat="45.212633" lon="5.759538"><ele>228.75</ele></trkpt>
<trkpt lat="45.212638" lon="5.759557"><ele>228.75</ele></trkpt>
<trkpt lat="45.212680" lon="5.759758"><ele>228.75</ele></trkpt>
<trkpt lat="45.212690" lon="5.759859"><ele>229.0</ele></trkpt>
<trkpt lat="45.212718" lon="5.760061"><ele>229.5</ele></trkpt>
<trkpt lat="45.212771" lon="5.760429"><ele>230.25</ele></trkpt>
<trkpt lat="45.212778" lon="5.760483"><ele>230.25</ele></trkpt>
<trkpt lat="45.212771" lon="5.760542"><ele>230.0</ele></trkpt>
<trkpt lat="45.213067" lon="5.762149"><ele>229.25</ele></trkpt>
<trkpt lat="45.213077" lon="5.762203"><ele>229.0</ele></trkpt>
<trkpt lat="45.213161" lon="5.762667"><ele>229.0</ele></trkpt>
<trkpt lat="45.213218" lon="5.762927"><ele>230.0</ele></trkpt>
<trkpt lat="45.213259" lon="5.763091"><ele>230.75</ele></trkpt>
<trkpt lat="45.213305" lon="5.763229"><ele>231.5</ele></trkpt>
<trkpt lat="45.213453" lon="5.763608"><ele>232.75</ele></trkpt>
<trkpt lat="45.213614" lon="5.764018"><ele>233.5</ele></trkpt>
<trkpt lat="45.213692" lon="5.764219"><ele>233.5</ele></trkpt>
<trkpt lat="45.213805" lon="5.764482"><ele>233.75</ele></trkpt>
<trkpt lat="45.213846" lon="5.764578"><ele>234.0</ele></trkpt>
<trkpt lat="45.213870" lon="5.764635"><ele>234.0</ele></trkpt>
<trkpt lat="45.213895" lon="5.764699"><ele>234.0</ele></trkpt>
<trkpt lat="45.213965" lon="5.764879"><ele>235.0</ele></trkpt>
<trkpt lat="45.214146" lon="5.765408"><ele>234.75</ele></trkpt>
<trkpt lat="45.214300" lon="5.765893"><ele>236.25</ele></trkpt>
<trkpt lat="45.214647" lon="5.767118"><ele>240.0</ele></trkpt>
<trkpt lat="45.214864" lon="5.767984"><ele>244.75</ele></trkpt>
<trkpt lat="45.214898" lon="5.768065"><ele>245.5</ele></trkpt>
<trkpt lat="45.214908" lon="5.768112"><ele>245.5</ele></trkpt>
<trkpt lat="45.214920" lon="5.768167"><ele>245.5</ele></trkpt>
<trkpt lat="45.214970" lon="5.768302"><ele>245.75</ele></trkpt>
<trkpt lat="45.215019" lon="5.768466"><ele>246.5</ele></trkpt>
<trkpt lat="45.215038" lon="5.768558"><ele>247.0</ele></trkpt>
<trkpt lat="45.215065" lon="5.768654"><ele>247.75</ele></trkpt>
<trkpt lat="45.215098" lon="5.768749"><ele>248.5</ele></trkpt>
<trkpt lat="45.215144" lon="5.768895"><ele>249.5</ele></trkpt>
<trkpt lat="45.215182" lon="5.769009"><ele>249.75</ele></trkpt>
<trkpt lat="45.215234" lon="5.769223"><ele>250.0</ele></trkpt>
<trkpt lat="45.215303" lon="5.769526"><ele>251.75</ele></trkpt>
<trkpt lat="45.215323" lon="5.769657"><ele>252.5</ele></trkpt>
<trkpt lat="45.215330" lon="5.769735"><ele>253.0</ele></trkpt>
<trkpt lat="45.215409" lon="5.770100"><ele>256.5</ele></trkpt>
<trkpt lat="45.215547" lon="5.770786"><ele>259.75</ele></trkpt>
<trkpt lat="45.215685" lon="5.771502"><ele>265.25</ele></trkpt>
<trkpt lat="45.215703" lon="5.771595"><ele>265.75</ele></trkpt>
<trkpt lat="45.215717" lon="5.771670"><ele>266.0</ele></trkpt>
<trkpt lat="45.215728" lon="5.771727"><ele>266.0</ele></trkpt>
<trkpt lat="45.215763" lon="5.771917"><ele>265.75</ele></trkpt>
<trkpt lat="45.215785" lon="5.772027"><ele>266.0</ele></trkpt>
<trkpt lat="45.215815" lon="5.772174"><ele>266.75</ele></trkpt>
<trkpt lat="45.215933" lon="5.772732"><ele>272.25</ele></trkpt>
<trkpt lat="45.216098" lon="5.773391"><ele>275.0</ele></trkpt>
<trkpt lat="45.216127" lon="5.773505"><ele>275.75</ele></trkpt>
<trkpt lat="45.216166" lon="5.773661"><ele>276.75</ele></trkpt>
<trkpt lat="45.216270" lon="5.774070"><ele>279.25</ele></trkpt>
<trkpt lat="45.216340" lon="5.774372"><ele>280.5</ele></trkpt>
<trkpt lat="45.216401" lon="5.774603"><ele>281.0</ele></trkpt>
<trkpt lat="45.216428" lon="5.774706"><ele>281.5</ele></trkpt>
<trkpt lat="45.216635" lon="5.775311"><ele>282.75</ele></trkpt>
<trkpt lat="45.216769" lon="5.775645"><ele>285.25</ele></trkpt>
<trkpt lat="45.216803" lon="5.775709"><ele>285.25</ele></trkpt>
<trkpt lat="45.216839" lon="5.775770"><ele>285.25</ele></trkpt>
<trkpt lat="45.216854" lon="5.775786"><ele>285.25</ele></trkpt>
<trkpt lat="45.216906" lon="5.775858"><ele>285.5</ele></trkpt>
<trkpt lat="45.216962" lon="5.775937"><ele>286.25</ele></trkpt>
<trkpt lat="45.217038" lon="5.776126"><ele>287.0</ele></trkpt>
<trkpt lat="45.217081" lon="5.776236"><ele>287.25</ele></trkpt>
<trkpt lat="45.217135" lon="5.776365"><ele>288.0</ele></trkpt>
<trkpt lat="45.217198" lon="5.776505"><ele>288.25</ele></trkpt>
<trkpt lat="45.217266" lon="5.776660"><ele>288.25</ele></trkpt>
<trkpt lat="45.217300" lon="5.776728"><ele>288.5</ele></trkpt>
<trkpt lat="45.217762" lon="5.777783"><ele>288.75</ele></trkpt>
<trkpt lat="45.217837" lon="5.777949"><ele>289.5</ele></trkpt>
<trkpt lat="45.217903" lon="5.778090"><ele>289.5</ele></trkpt>
<trkpt lat="45.217941" lon="5.778171"><ele>289.5</ele></trkpt>
<trkpt lat="45.217986" lon="5.778317"><ele>289.25</ele></trkpt>
<trkpt lat="45.218020" lon="5.778512"><ele>289.0</ele></trkpt>
<trkpt lat="45.218009" lon="5.778772"><ele>288.0</ele></trkpt>
<trkpt lat="45.217974" lon="5.779076"><ele>286.75</ele></trkpt>
<trkpt lat="45.217961" lon="5.779183"><ele>286.5</ele></trkpt>
<trkpt lat="45.217947" lon="5.779333"><ele>286.5</ele></trkpt>
<trkpt lat="45.217919" lon="5.779608"><ele>286.5</ele></trkpt>
<trkpt lat="45.217906" lon="5.779737"><ele>286.25</ele></trkpt>
<trkpt lat="45.218041" lon="5.780866"><ele>286.5</ele></trkpt>
<trkpt lat="45.218055" lon="5.780923"><ele>286.75</ele></trkpt>
<trkpt lat="45.218137" lon="5.781198"><ele>287.75</ele></trkpt>
<trkpt lat="45.218346" lon="5.781829"><ele>288.0</ele></trkpt>
<trkpt lat="45.218615" lon="5.782638"><ele>290.0</ele></trkpt>
<trkpt lat="45.218681" lon="5.782841"><ele>290.5</ele></trkpt>
<trkpt lat="45.218712" lon="5.782940"><ele>290.75</ele></trkpt>
<trkpt lat="45.218758" lon="5.783081"><ele>290.75</ele></trkpt>
<trkpt lat="45.218909" lon="5.783575"><ele>290.25</ele></trkpt>
<trkpt lat="45.219315" lon="5.785612"><ele>288.25</ele></trkpt>
<trkpt lat="45.219389" lon="5.785973"><ele>287.75</ele></trkpt>
<trkpt lat="45.219399" lon="5.786021"><ele>287.75</ele></trkpt>
<trkpt lat="45.219415" lon="5.786097"><ele>287.5</ele></trkpt>
<trkpt lat="45.219423" lon="5.786143"><ele>287.75</ele></trkpt>
<trkpt lat="45.219435" lon="5.786208"><ele>287.75</ele></trkpt>
<trkpt lat="45.219442" lon="5.786248"><ele>287.75</ele></trkpt>
<trkpt lat="45.219390" lon="5.786254"><ele>287.25</ele></trkpt>
<trkpt lat="45.218800" lon="5.786596"><ele>281.25</ele></trkpt>
<trkpt lat="45.218727" lon="5.786645"><ele>280.75</ele></trkpt>
<trkpt lat="45.218707" lon="5.786659"><ele>280.5</ele></trkpt>
<trkpt lat="45.218373" lon="5.786257"><ele>278.25</ele></trkpt>
<trkpt lat="45.217545" lon="5.785249"><ele>274.5</ele></trkpt>
<trkpt lat="45.216897" lon="5.784178"><ele>270.25</ele></trkpt>
<trkpt lat="45.217288" lon="5.784964"><ele>273.25</ele></trkpt>
<trkpt lat="45.217154" lon="5.784764"><ele>272.0</ele></trkpt>
<trkpt lat="45.217033" lon="5.784554"><ele>271.25</ele></trkpt>
<trkpt lat="45.216897" lon="5.784178"><ele>270.25</ele></trkpt>
<trkpt lat="45.216858" lon="5.784067"><ele>270.0</ele></trkpt>
<trkpt lat="45.216670" lon="5.783543"><ele>269.0</ele></trkpt>
<trkpt lat="45.216512" lon="5.783217"><ele>267.5</ele></trkpt>
<trkpt lat="45.215779" lon="5.781956"><ele>262.5</ele></trkpt>
<trkpt lat="45.215722" lon="5.781871"><ele>262.0</ele></trkpt>
<trkpt lat="45.215684" lon="5.781809"><ele>261.75</ele></trkpt>
<trkpt lat="45.215570" lon="5.781611"><ele>261.0</ele></trkpt>
<trkpt lat="45.215446" lon="5.781413"><ele>260.5</ele></trkpt>
<trkpt lat="45.215337" lon="5.781213"><ele>259.5</ele></trkpt>
<trkpt lat="45.214668" lon="5.780049"><ele>255.0</ele></trkpt>
<trkpt lat="45.214633" lon="5.779981"><ele>254.75</ele></trkpt>
<trkpt lat="45.214588" lon="5.779953"><ele>254.0</ele></trkpt>
<trkpt lat="45.214538" lon="5.779939"><ele>253.5</ele></trkpt>
<trkpt lat="45.214485" lon="5.779936"><ele>252.75</ele></trkpt>
<trkpt lat="45.214472" lon="5.779851"><ele>253.25</ele></trkpt>
<trkpt lat="45.214455" lon="5.779790"><ele>253.5</ele></trkpt>
<trkpt lat="45.214433" lon="5.779748"><ele>253.5</ele></trkpt>
<trkpt lat="45.214406" lon="5.779703"><ele>253.5</ele></trkpt>
<trkpt lat="45.214374" lon="5.779666"><ele>253.25</ele></trkpt>
<trkpt lat="45.214299" lon="5.779615"><ele>252.5</ele></trkpt>
<trkpt lat="45.214174" lon="5.779203"><ele>252.0</ele></trkpt>
<trkpt lat="45.214095" lon="5.778915"><ele>251.5</ele></trkpt>
<trkpt lat="45.213998" lon="5.778504"><ele>251.5</ele></trkpt>
<trkpt lat="45.213923" lon="5.778226"><ele>251.0</ele></trkpt>
<trkpt lat="45.213809" lon="5.777930"><ele>250.5</ele></trkpt>
<trkpt lat="45.213716" lon="5.777726"><ele>250.25</ele></trkpt>
<trkpt lat="45.213652" lon="5.777586"><ele>249.5</ele></trkpt>
<trkpt lat="45.213697" lon="5.777511"><ele>249.5</ele></trkpt>
<trkpt lat="45.213709" lon="5.777471"><ele>249.75</ele></trkpt>
<trkpt lat="45.213732" lon="5.777396"><ele>250.0</ele></trkpt>
<trkpt lat="45.213732" lon="5.777284"><ele>250.25</ele></trkpt>
<trkpt lat="45.213668" lon="5.777017"><ele>250.25</ele></trkpt>
<trkpt lat="45.213574" lon="5.776558"><ele>249.5</ele></trkpt>
<trkpt lat="45.213497" lon="5.776293"><ele>248.25</ele></trkpt>
<trkpt lat="45.213392" lon="5.775808"><ele>247.5</ele></trkpt>
<trkpt lat="45.213193" lon="5.774874"><ele>244.75</ele></trkpt>
<trkpt lat="45.213038" lon="5.774185"><ele>242.75</ele></trkpt>
<trkpt lat="45.212974" lon="5.773891"><ele>242.0</ele></trkpt>
<trkpt lat="45.212936" lon="5.773712"><ele>241.25</ele></trkpt>
<trkpt lat="45.212918" lon="5.773626"><ele>241.0</ele></trkpt>
<trkpt lat="45.212890" lon="5.773500"><ele>240.75</ele></trkpt>
<trkpt lat="45.212848" lon="5.773318"><ele>240.5</ele></trkpt>
<trkpt lat="45.212825" lon="5.773218"><ele>240.25</ele></trkpt>
<trkpt lat="45.212818" lon="5.773186"><ele>240.25</ele></trkpt>
<trkpt lat="45.212793" lon="5.773086"><ele>240.0</ele></trkpt>
<trkpt lat="45.212772" lon="5.772991"><ele>239.5</ele></trkpt>
<trkpt lat="45.212708" lon="5.772729"><ele>238.25</ele></trkpt>
<trkpt lat="45.212630" lon="5.772405"><ele>238.0</ele></trkpt>
<trkpt lat="45.212583" lon="5.772090"><ele>237.75</ele></trkpt>
<trkpt lat="45.212542" lon="5.771717"><ele>236.25</ele></trkpt>
<trkpt lat="45.212524" lon="5.771412"><ele>235.25</ele></trkpt>
<trkpt lat="45.212523" lon="5.771393"><ele>235.25</ele></trkpt>
<trkpt lat="45.212516" lon="5.771287"><ele>234.75</ele></trkpt>
<trkpt lat="45.212504" lon="5.771146"><ele>234.0</ele></trkpt>
<trkpt lat="45.212473" lon="5.770811"><ele>233.75</ele></trkpt>
<trkpt lat="45.212461" lon="5.770694"><ele>233.5</ele></trkpt>
<trkpt lat="45.212416" lon="5.770325"><ele>231.75</ele></trkpt>
<trkpt lat="45.212404" lon="5.770197"><ele>231.25</ele></trkpt>
<trkpt lat="45.212394" lon="5.770069"><ele>230.75</ele></trkpt>
<trkpt lat="45.212389" lon="5.770004"><ele>230.5</ele></trkpt>
<trkpt lat="45.212378" lon="5.769861"><ele>230.25</ele></trkpt>
<trkpt lat="45.212369" lon="5.769764"><ele>230.0</ele></trkpt>
<trkpt lat="45.212342" lon="5.769464"><ele>229.25</ele></trkpt>
<trkpt lat="45.212261" lon="5.768570"><ele>227.25</ele></trkpt>
<trkpt lat="45.212254" lon="5.768454"><ele>227.0</ele></trkpt>
<trkpt lat="45.212227" lon="5.767908"><ele>226.25</ele></trkpt>
<trkpt lat="45.212196" lon="5.767538"><ele>225.75</ele></trkpt>
<trkpt lat="45.212184" lon="5.767380"><ele>225.75</ele></trkpt>
<trkpt lat="45.212177" lon="5.767287"><ele>225.75</ele></trkpt>
<trkpt lat="45.212167" lon="5.767170"><ele>225.75</ele></trkpt>
<trkpt lat="45.212162" lon="5.767116"><ele>225.75</ele></trkpt>
<trkpt lat="45.212150" lon="5.766988"><ele>225.5</ele></trkpt>
<trkpt lat="45.212126" lon="5.766738"><ele>225.5</ele></trkpt>
<trkpt lat="45.212089" lon="5.766443"><ele>225.75</ele></trkpt>
<trkpt lat="45.212076" lon="5.766350"><ele>226.0</ele></trkpt>
<trkpt lat="45.212060" lon="5.766278"><ele>226.0</ele></trkpt>
<trkpt lat="45.212025" lon="5.766131"><ele>226.0</ele></trkpt>
<trkpt lat="45.212005" lon="5.766016"><ele>226.0</ele></trkpt>
<trkpt lat="45.211979" lon="5.765913"><ele>226.0</ele></trkpt>
<trkpt lat="45.211940" lon="5.765764"><ele>225.75</ele></trkpt>
<trkpt lat="45.211884" lon="5.765577"><ele>225.25</ele></trkpt>
<trkpt lat="45.211849" lon="5.765450"><ele>224.75</ele></trkpt>
<trkpt lat="45.211661" lon="5.764925"><ele>223.75</ele></trkpt>
<trkpt lat="45.211374" lon="5.764305"><ele>222.75</ele></trkpt>
<trkpt lat="45.211069" lon="5.763768"><ele>222.25</ele></trkpt>
<trkpt lat="45.210424" lon="5.762647"><ele>220.75</ele></trkpt>
<trkpt lat="45.210395" lon="5.762597"><ele>220.5</ele></trkpt>
<trkpt lat="45.210222" lon="5.762299"><ele>220.0</ele></trkpt>
<trkpt lat="45.210174" lon="5.762216"><ele>220.0</ele></trkpt>
<trkpt lat="45.210122" lon="5.762102"><ele>220.0</ele></trkpt>
<trkpt lat="45.209972" lon="5.761775"><ele>219.75</ele></trkpt>
<trkpt lat="45.209841" lon="5.761464"><ele>219.75</ele></trkpt>
<trkpt lat="45.209705" lon="5.761161"><ele>219.75</ele></trkpt>
<trkpt lat="45.209439" lon="5.760536"><ele>220.0</ele></trkpt>
<trkpt lat="45.209351" lon="5.760337"><ele>220.5</ele></trkpt>
<trkpt lat="45.209335" lon="5.760300"><ele>220.5</ele></trkpt>
<trkpt lat="45.209112" lon="5.759768"><ele>220.75</ele></trkpt>
<trkpt lat="45.209047" lon="5.759612"><ele>221.0</ele></trkpt>
<trkpt lat="45.208887" lon="5.759227"><ele>221.75</ele></trkpt>
<trkpt lat="45.208785" lon="5.758989"><ele>221.75</ele></trkpt>
<trkpt lat="45.208433" lon="5.758156"><ele>223.25</ele></trkpt>
<trkpt lat="45.208420" lon="5.758097"><ele>223.5</ele></trkpt>
<trkpt lat="45.208406" lon="5.758037"><ele>223.5</ele></trkpt>
<trkpt lat="45.208399" lon="5.758014"><ele>223.5</ele></trkpt>
<trkpt lat="45.208310" lon="5.757788"><ele>223.75</ele></trkpt>
<trkpt lat="45.208237" lon="5.757632"><ele>224.0</ele></trkpt>
<trkpt lat="45.208155" lon="5.757513"><ele>224.25</ele></trkpt>
<trkpt lat="45.208129" lon="5.757447"><ele>224.25</ele></trkpt>
<trkpt lat="45.208001" lon="5.757157"><ele>225.0</ele></trkpt>
<trkpt lat="45.207856" lon="5.756825"><ele>225.5</ele></trkpt>
<trkpt lat="45.207831" lon="5.756768"><ele>225.75</ele></trkpt>
<trkpt lat="45.207817" lon="5.756737"><ele>225.75</ele></trkpt>
<trkpt lat="45.207793" lon="5.756678"><ele>226.0</ele></trkpt>
<trkpt lat="45.207699" lon="5.756438"><ele>226.5</ele></trkpt>
<trkpt lat="45.207704" lon="5.756377"><ele>226.75</ele></trkpt>
<trkpt lat="45.207573" lon="5.756063"><ele>227.25</ele></trkpt>
<trkpt lat="45.207562" lon="5.756033"><ele>227.0</ele></trkpt>
<trkpt lat="45.207522" lon="5.755927"><ele>227.0</ele></trkpt>
<trkpt lat="45.207488" lon="5.755844"><ele>227.0</ele></trkpt>
<trkpt lat="45.207454" lon="5.755769"><ele>227.5</ele></trkpt>
<trkpt lat="45.207373" lon="5.755586"><ele>228.75</ele></trkpt>
<trkpt lat="45.207322" lon="5.755532"><ele>228.75</ele></trkpt>
<trkpt lat="45.207286" lon="5.755439"><ele>228.75</ele></trkpt>
<trkpt lat="45.207245" lon="5.755347"><ele>228.75</ele></trkpt>
<trkpt lat="45.207175" lon="5.755191"><ele>229.5</ele></trkpt>
<trkpt lat="45.207037" lon="5.754863"><ele>230.0</ele></trkpt>
<trkpt lat="45.207023" lon="5.754830"><ele>230.0</ele></trkpt>
<trkpt lat="45.206953" lon="5.754666"><ele>230.25</ele></trkpt>
<trkpt lat="45.206940" lon="5.754633"><ele>230.25</ele></trkpt>
<trkpt lat="45.206610" lon="5.753856"><ele>232.0</ele></trkpt>
<trkpt lat="45.206590" lon="5.753808"><ele>232.0</ele></trkpt>
<trkpt lat="45.206516" lon="5.753634"><ele>232.75</ele></trkpt>
<trkpt lat="45.206451" lon="5.753481"><ele>232.75</ele></trkpt>
<trkpt lat="45.206363" lon="5.753245"><ele>233.25</ele></trkpt>
<trkpt lat="45.206350" lon="5.753160"><ele>233.75</ele></trkpt>
<trkpt lat="45.206278" lon="5.752924"><ele>234.25</ele></trkpt>
<trkpt lat="45.206224" lon="5.752684"><ele>234.5</ele></trkpt>
<trkpt lat="45.206199" lon="5.752535"><ele>235.0</ele></trkpt>
<trkpt lat="45.206182" lon="5.752372"><ele>235.5</ele></trkpt>
<trkpt lat="45.206172" lon="5.752272"><ele>235.75</ele></trkpt>
<trkpt lat="45.206170" lon="5.752214"><ele>236.0</ele></trkpt>
<trkpt lat="45.206165" lon="5.752100"><ele>236.0</ele></trkpt>
<trkpt lat="45.206166" lon="5.751865"><ele>236.25</ele></trkpt>
<trkpt lat="45.206179" lon="5.751693"><ele>236.75</ele></trkpt>
<trkpt lat="45.206271" lon="5.750806"><ele>239.0</ele></trkpt>
<trkpt lat="45.206259" lon="5.750706"><ele>239.25</ele></trkpt>
<trkpt lat="45.206254" lon="5.750459"><ele>239.5</ele></trkpt>
<trkpt lat="45.206219" lon="5.750211"><ele>239.75</ele></trkpt>
<trkpt lat="45.206153" lon="5.749966"><ele>240.0</ele></trkpt>
<trkpt lat="45.206061" lon="5.749715"><ele>239.5</ele></trkpt>
<trkpt lat="45.205976" lon="5.749542"><ele>239.25</ele></trkpt>
<trkpt lat="45.205921" lon="5.749425"><ele>239.25</ele></trkpt>
<trkpt lat="45.205676" lon="5.748958"><ele>239.5</ele></trkpt>
<trkpt lat="45.205668" lon="5.748942"><ele>239.75</ele></trkpt>
<trkpt lat="45.205640" lon="5.748889"><ele>239.75</ele></trkpt>
<trkpt lat="45.205609" lon="5.748828"><ele>240.0</ele></trkpt>
<trkpt lat="45.205598" lon="5.748807"><ele>240.0</ele></trkpt>
<trkpt lat="45.205577" lon="5.748766"><ele>240.0</ele></trkpt>
<trkpt lat="45.205448" lon="5.748515"><ele>239.75</ele></trkpt>
<trkpt lat="45.205406" lon="5.748423"><ele>239.75</ele></trkpt>
<trkpt lat="45.205356" lon="5.748337"><ele>239.5</ele></trkpt>
<trkpt lat="45.205283" lon="5.748183"><ele>239.0</ele></trkpt>
<trkpt lat="45.205161" lon="5.747966"><ele>238.5</ele></trkpt>
<trkpt lat="45.205120" lon="5.747887"><ele>238.25</ele></trkpt>
<trkpt lat="45.205090" lon="5.747830"><ele>238.25</ele></trkpt>
<trkpt lat="45.204933" lon="5.747539"><ele>237.5</ele></trkpt>
<trkpt lat="45.204890" lon="5.747454"><ele>237.0</ele></trkpt>
<trkpt lat="45.204843" lon="5.747363"><ele>236.75</ele></trkpt>
<trkpt lat="45.204799" lon="5.747280"><ele>236.5</ele></trkpt>
<trkpt lat="45.204751" lon="5.747187"><ele>236.0</ele></trkpt>
<trkpt lat="45.204712" lon="5.747114"><ele>235.75</ele></trkpt>
<trkpt lat="45.204559" lon="5.746839"><ele>235.0</ele></trkpt>
<trkpt lat="45.204415" lon="5.746654"><ele>233.75</ele></trkpt>
<trkpt lat="45.203940" lon="5.746187"><ele>231.25</ele></trkpt>
<trkpt lat="45.203833" lon="5.746080"><ele>230.75</ele></trkpt>
<trkpt lat="45.203619" lon="5.745866"><ele>230.0</ele></trkpt>
<trkpt lat="45.203464" lon="5.745734"><ele>229.25</ele></trkpt>
<trkpt lat="45.203387" lon="5.745656"><ele>229.0</ele></trkpt>
<trkpt lat="45.203328" lon="5.745600"><ele>228.75</ele></trkpt>
<trkpt lat="45.203234" lon="5.745504"><ele>228.25</ele></trkpt>
<trkpt lat="45.203182" lon="5.745451"><ele>228.0</ele></trkpt>
<trkpt lat="45.203108" lon="5.745378"><ele>227.5</ele></trkpt>
<trkpt lat="45.203053" lon="5.745323"><ele>227.0</ele></trkpt>
<trkpt lat="45.202993" lon="5.745206"><ele>226.75</ele></trkpt>
<trkpt lat="45.202914" lon="5.745094"><ele>226.25</ele></trkpt>
<trkpt lat="45.202838" lon="5.744964"><ele>226.0</ele></trkpt>
<trkpt lat="45.202795" lon="5.744877"><ele>225.5</ele></trkpt>
<trkpt lat="45.202736" lon="5.744753"><ele>224.75</ele></trkpt>
<trkpt lat="45.202630" lon="5.744427"><ele>223.75</ele></trkpt>
<trkpt lat="45.202528" lon="5.744200"><ele>223.0</ele></trkpt>
<trkpt lat="45.202477" lon="5.744036"><ele>222.75</ele></trkpt>
<trkpt lat="45.202341" lon="5.743716"><ele>222.0</ele></trkpt>
<trkpt lat="45.202169" lon="5.743316"><ele>220.75</ele></trkpt>
<trkpt lat="45.201995" lon="5.742939"><ele>220.0</ele></trkpt>
<trkpt lat="45.201895" lon="5.742762"><ele>219.25</ele></trkpt>
<trkpt lat="45.201830" lon="5.742672"><ele>218.5</ele></trkpt>
<trkpt lat="45.201754" lon="5.742587"><ele>218.25</ele></trkpt>
<trkpt lat="45.201486" lon="5.742286"><ele>217.75</ele></trkpt>
<trkpt lat="45.201452" lon="5.742222"><ele>218.0</ele></trkpt>
<trkpt lat="45.201414" lon="5.742177"><ele>218.0</ele></trkpt>
<trkpt lat="45.201324" lon="5.742055"><ele>217.5</ele></trkpt>
<trkpt lat="45.201276" lon="5.741987"><ele>217.5</ele></trkpt>
<trkpt lat="45.201238" lon="5.741939"><ele>217.25</ele></trkpt>
<trkpt lat="45.201223" lon="5.741918"><ele>217.0</ele></trkpt>
<trkpt lat="45.201152" lon="5.741815"><ele>215.25</ele></trkpt>
<trkpt lat="45.201112" lon="5.741744"><ele>214.0</ele></trkpt>
<trkpt lat="45.201082" lon="5.741699"><ele>213.0</ele></trkpt>
<trkpt lat="45.201054" lon="5.741665"><ele>212.25</ele></trkpt>
<trkpt lat="45.200374" lon="5.740753"></trkpt>
<trkpt lat="45.200268" lon="5.740611"><ele>213.5</ele></trkpt>
<trkpt lat="45.200256" lon="5.740597"><ele>213.75</ele></trkpt>
<trkpt lat="45.200208" lon="5.740535"><ele>214.75</ele></trkpt>
<trkpt lat="45.200126" lon="5.740436"><ele>215.75</ele></trkpt>
<trkpt lat="45.199924" lon="5.740166"><ele>216.0</ele></trkpt>
<trkpt lat="45.199545" lon="5.739674"><ele>214.75</ele></trkpt>
<trkpt lat="45.199426" lon="5.739518"><ele>214.0</ele></trkpt>
<trkpt lat="45.199076" lon="5.739066"><ele>213.0</ele></trkpt>
<trkpt lat="45.199053" lon="5.739034"><ele>213.0</ele></trkpt>
<trkpt lat="45.198829" lon="5.738722"><ele>213.0</ele></trkpt>
<trkpt lat="45.198801" lon="5.738684"><ele>213.0</ele></trkpt>
<trkpt lat="45.198788" lon="5.738666"><ele>213.0</ele></trkpt>
<trkpt lat="45.198763" lon="5.738631"><ele>213.0</ele></trkpt>
<trkpt lat="45.198678" lon="5.738513"><ele>212.5</ele></trkpt>
<trkpt lat="45.198527" lon="5.738320"><ele>212.0</ele></trkpt>
<trkpt lat="45.198449" lon="5.738216"><ele>212.0</ele></trkpt>
<trkpt lat="45.198439" lon="5.738207"><ele>212.0</ele></trkpt>
<trkpt lat="45.197549" lon="5.737057"><ele>212.0</ele></trkpt>
<trkpt lat="45.197521" lon="5.736985"><ele>212.0</ele></trkpt>
<trkpt lat="45.197502" lon="5.736919"><ele>212.0</ele></trkpt>
<trkpt lat="45.197495" lon="5.736879"><ele>212.0</ele></trkpt>
<trkpt lat="45.197510" lon="5.736802"><ele>212.0</ele></trkpt>
<trkpt lat="45.197513" lon="5.736714"><ele>212.0</ele></trkpt>
<trkpt lat="45.197496" lon="5.736621"><ele>212.0</ele></trkpt>
<trkpt lat="45.197460" lon="5.736531"><ele>212.0</ele></trkpt>
<trkpt lat="45.197408" lon="5.736458"><ele>212.0</ele></trkpt>
<trkpt lat="45.197365" lon="5.736423"><ele>212.0</ele></trkpt>
<trkpt lat="45.197317" lon="5.736400"><ele>212.0</ele></trkpt>
<trkpt lat="45.197268" lon="5.736391"><ele>212.0</ele></trkpt>
<trkpt lat="45.197218" lon="5.736396"><ele>212.0</ele></trkpt>
<trkpt lat="45.197173" lon="5.736414"><ele>212.0</ele></trkpt>
<trkpt lat="45.197123" lon="5.736453"><ele>212.0</ele></trkpt>
<trkpt lat="45.197108" lon="5.736467"><ele>212.0</ele></trkpt>
<trkpt lat="45.197083" lon="5.736496"><ele>212.0</ele></trkpt>
<trkpt lat="45.197065" lon="5.736524"><ele>212.0</ele></trkpt>
<trkpt lat="45.197048" lon="5.736561"><ele>212.0</ele></trkpt>
<trkpt lat="45.197019" lon="5.736650"><ele>211.75</ele></trkpt>
<trkpt lat="45.197012" lon="5.736697"><ele>212.0</ele></trkpt>
<trkpt lat="45.197010" lon="5.736769"><ele>212.0</ele></trkpt>
<trkpt lat="45.196983" lon="5.736769"><ele>212.0</ele></trkpt>
<trkpt lat="45.196937" lon="5.736772"><ele>212.0</ele></trkpt>
<trkpt lat="45.196259" lon="5.736846"><ele>212.0</ele></trkpt>
<trkpt lat="45.196167" lon="5.736863"><ele>211.75</ele></trkpt>
<trkpt lat="45.196074" lon="5.736892"><ele>212.0</ele></trkpt>
<trkpt lat="45.195969" lon="5.736891"><ele>212.0</ele></trkpt>
<trkpt lat="45.195863" lon="5.736876"><ele>212.0</ele></trkpt>
<trkpt lat="45.195750" lon="5.736845"><ele>211.75</ele></trkpt>
<trkpt lat="45.195641" lon="5.736842"><ele>211.5</ele></trkpt>
<trkpt lat="45.195576" lon="5.736853"><ele>211.5</ele></trkpt>
<trkpt lat="45.195392" lon="5.736928"><ele>211.75</ele></trkpt>
<trkpt lat="45.195332" lon="5.736949"><ele>212.0</ele></trkpt>
<trkpt lat="45.195290" lon="5.736950"><ele>212.0</ele></trkpt>
<trkpt lat="45.195251" lon="5.736931"><ele>212.0</ele></trkpt>
<trkpt lat="45.194661" lon="5.736973"><ele>212.0</ele></trkpt>
<trkpt lat="45.194615" lon="5.736976"><ele>212.0</ele></trkpt>
<trkpt lat="45.194579" lon="5.736959"><ele>212.0</ele></trkpt>
<trkpt lat="45.194552" lon="5.736921"><ele>212.0</ele></trkpt>
<trkpt lat="45.194199" lon="5.736660"><ele>212.75</ele></trkpt>
<trkpt lat="45.194110" lon="5.736570"><ele>213.0</ele></trkpt>
<trkpt lat="45.193967" lon="5.736388"><ele>213.0</ele></trkpt>
<trkpt lat="45.193841" lon="5.736188"><ele>213.0</ele></trkpt>
<trkpt lat="45.193823" lon="5.736162"><ele>213.0</ele></trkpt>
<trkpt lat="45.193747" lon="5.736017"><ele>213.5</ele></trkpt>
<trkpt lat="45.193689" lon="5.735908"><ele>213.5</ele></trkpt>
<trkpt lat="45.193598" lon="5.735752"><ele>213.5</ele></trkpt>
<trkpt lat="45.193553" lon="5.735678"><ele>213.25</ele></trkpt>
<trkpt lat="45.193520" lon="5.735629"><ele>213.0</ele></trkpt>
<trkpt lat="45.193418" lon="5.735487"><ele>213.0</ele></trkpt>
<trkpt lat="45.193370" lon="5.735444"><ele>213.0</ele></trkpt>
<trkpt lat="45.193224" lon="5.735316"><ele>212.5</ele></trkpt>
<trkpt lat="45.193035" lon="5.735193"><ele>212.0</ele></trkpt>
<trkpt lat="45.192844" lon="5.735087"><ele>212.0</ele></trkpt>
<trkpt lat="45.192477" lon="5.734969"><ele>212.0</ele></trkpt>
<trkpt lat="45.192433" lon="5.734955"><ele>212.0</ele></trkpt>
<trkpt lat="45.192315" lon="5.734918"><ele>212.0</ele></trkpt>
<trkpt lat="45.192113" lon="5.734858"><ele>212.0</ele></trkpt>
<trkpt lat="45.192033" lon="5.734835"><ele>212.0</ele></trkpt>
<trkpt lat="45.191907" lon="5.734748"><ele>212.0</ele></trkpt>
<trkpt lat="45.191885" lon="5.734730"><ele>211.75</ele></trkpt>
<trkpt lat="45.191582" lon="5.734508"><ele>212.0</ele></trkpt>
<trkpt lat="45.191138" lon="5.734167"><ele>212.0</ele></trkpt>
<trkpt lat="45.191030" lon="5.734063"><ele>212.0</ele></trkpt>
<trkpt lat="45.190948" lon="5.733948"><ele>212.0</ele></trkpt>
<trkpt lat="45.190880" lon="5.733821"><ele>212.0</ele></trkpt>
<trkpt lat="45.190609" lon="5.733305"><ele>211.25</ele></trkpt>
<trkpt lat="45.190584" lon="5.733257"><ele>211.25</ele></trkpt>
<trkpt lat="45.190561" lon="5.733211"><ele>211.25</ele></trkpt>
<trkpt lat="45.190528" lon="5.733147"><ele>211.5</ele></trkpt>
<trkpt lat="45.190114" lon="5.732319"><ele>212.0</ele></trkpt>
<trkpt lat="45.190094" lon="5.732279"><ele>212.0</ele></trkpt>
<trkpt lat="45.190055" lon="5.732201"><ele>212.0</ele></trkpt>
<trkpt lat="45.189720" lon="5.731505"><ele>211.0</ele></trkpt>
<trkpt lat="45.189708" lon="5.731479"><ele>211.0</ele></trkpt>
<trkpt lat="45.189695" lon="5.731452"><ele>211.0</ele></trkpt>
<trkpt lat="45.189688" lon="5.731436"><ele>210.75</ele></trkpt>
<trkpt lat="45.189682" lon="5.731418"><ele>211.0</ele></trkpt>
<trkpt lat="45.189667" lon="5.731371"><ele>211.0</ele></trkpt>
<trkpt lat="45.189645" lon="5.731295"><ele>211.0</ele></trkpt>
<trkpt lat="45.189413" lon="5.730630"><ele>211.5</ele></trkpt>
<trkpt lat="45.189399" lon="5.730588"><ele>211.5</ele></trkpt>
<trkpt lat="45.189116" lon="5.729755"><ele>211.0</ele></trkpt>
<trkpt lat="45.189015" lon="5.729453"><ele>211.0</ele></trkpt>
<trkpt lat="45.188992" lon="5.729383"><ele>211.0</ele></trkpt>
<trkpt lat="45.188969" lon="5.729318"><ele>211.0</ele></trkpt>
<trkpt lat="45.188740" lon="5.728692"><ele>211.0</ele></trkpt>
<trkpt lat="45.188720" lon="5.728643"><ele>211.0</ele></trkpt>
<trkpt lat="45.188709" lon="5.728602"><ele>211.0</ele></trkpt>
<trkpt lat="45.188521" lon="5.728049"><ele>211.0</ele></trkpt>
<trkpt lat="45.188421" lon="5.727750"><ele>211.5</ele></trkpt>
<trkpt lat="45.188387" lon="5.727648"><ele>211.75</ele></trkpt>
<trkpt lat="45.188357" lon="5.727555"><ele>211.75</ele></trkpt>
<trkpt lat="45.188337" lon="5.727494"><ele>211.75</ele></trkpt>
<trkpt lat="45.188198" lon="5.727107"><ele>212.0</ele></trkpt>
<trkpt lat="45.188074" lon="5.726765"><ele>212.25</ele></trkpt>
<trkpt lat="45.188036" lon="5.726660"><ele>212.0</ele></trkpt>
<trkpt lat="45.188000" lon="5.726565"><ele>212.25</ele></trkpt>
<trkpt lat="45.187979" lon="5.726442"><ele>212.75</ele></trkpt>
<trkpt lat="45.187950" lon="5.726334"><ele>212.75</ele></trkpt>
<trkpt lat="45.187918" lon="5.725706"><ele>212.0</ele></trkpt>
<trkpt lat="45.187877" lon="5.725056"><ele>212.0</ele></trkpt>
<trkpt lat="45.187860" lon="5.724822"><ele>212.0</ele></trkpt>
<trkpt lat="45.187814" lon="5.724047"><ele>212.0</ele></trkpt>
<trkpt lat="45.187803" lon="5.723905"><ele>212.0</ele></trkpt>
<trkpt lat="45.187803" lon="5.723659"><ele>212.0</ele></trkpt>
<trkpt lat="45.187798" lon="5.723548"><ele>212.0</ele></trkpt>
<trkpt lat="45.187929" lon="5.723468"><ele>212.0</ele></trkpt>
<trkpt lat="45.187965" lon="5.723443"><ele>212.0</ele></trkpt>
<trkpt lat="45.188236" lon="5.723253"><ele>212.0</ele></trkpt>
<trkpt lat="45.188386" lon="5.723148"><ele>212.0</ele></trkpt>
<trkpt lat="45.188597" lon="5.722998"><ele>212.0</ele></trkpt>
<trkpt lat="45.188703" lon="5.722923"><ele>212.0</ele></trkpt>
<trkpt lat="45.188828" lon="5.722836"><ele>212.0</ele></trkpt>
<trkpt lat="45.188884" lon="5.722798"><ele>212.0</ele></trkpt>
<trkpt lat="45.188980" lon="5.722734"><ele>212.0</ele></trkpt>
<trkpt lat="45.189017" lon="5.722708"><ele>212.0</ele></trkpt>
<trkpt lat="45.189030" lon="5.722699"><ele>212.0</ele></trkpt>
<trkpt lat="45.189047" lon="5.722688"><ele>212.0</ele></trkpt>
<trkpt lat="45.189104" lon="5.722650"><ele>212.0</ele></trkpt>
<trkpt lat="45.189135" lon="5.722629"><ele>212.0</ele></trkpt>
<trkpt lat="45.189204" lon="5.722582"><ele>212.0</ele></trkpt>
<trkpt lat="45.189276" lon="5.722533"><ele>212.0</ele></trkpt>
<trkpt lat="45.189325" lon="5.722500"><ele>212.0</ele></trkpt>
<trkpt lat="45.189659" lon="5.722278"><ele>212.0</ele></trkpt>
<trkpt lat="45.189669" lon="5.722203"><ele>212.0</ele></trkpt>
<trkpt lat="45.189678" lon="5.722132"><ele>212.0</ele></trkpt>
<trkpt lat="45.189816" lon="5.721262"><ele>211.5</ele></trkpt>
<trkpt lat="45.189826" lon="5.721199"><ele>211.5</ele></trkpt>
<trkpt lat="45.189835" lon="5.721120"><ele>211.25</ele></trkpt>
<trkpt lat="45.189942" lon="5.720491"><ele>211.0</ele></trkpt>
<trkpt lat="45.190014" lon="5.720089"><ele>211.0</ele></trkpt>
<trkpt lat="45.190035" lon="5.719971"><ele>211.0</ele></trkpt>
<trkpt lat="45.190040" lon="5.719943"><ele>211.0</ele></trkpt>
<trkpt lat="45.189997" lon="5.719929"><ele>211.0</ele></trkpt>
<trkpt lat="45.189985" lon="5.719995"><ele>211.25</ele></trkpt>
</trkseg></trk></gpx>
