<?xml version="1.0" encoding="UTF-8"?>
<gpx version="1.1" creator="BRouter paired review" xmlns="http://www.topografix.com/GPX/1/1">
<trk><name>Route B</name><trkseg>
<trkpt lat="45.189985" lon="5.719995"><ele>211.0</ele></trkpt>
<trkpt lat="45.189997" lon="5.719929"><ele>211.0</ele></trkpt>
<trkpt lat="45.190040" lon="5.719943"><ele>211.0</ele></trkpt>
<trkpt lat="45.190048" lon="5.719881"><ele>211.0</ele></trkpt>
<trkpt lat="45.190710" lon="5.720108"><ele>211.0</ele></trkpt>
<trkpt lat="45.190824" lon="5.720148"><ele>211.0</ele></trkpt>
<trkpt lat="45.190919" lon="5.720221"><ele>211.0</ele></trkpt>
<trkpt lat="45.190976" lon="5.720244"><ele>211.0</ele></trkpt>
<trkpt lat="45.191017" lon="5.720260"><ele>211.0</ele></trkpt>
<trkpt lat="45.191041" lon="5.720414"><ele>211.0</ele></trkpt>
<trkpt lat="45.191082" lon="5.720542"><ele>211.0</ele></trkpt>
<trkpt lat="45.191164" lon="5.721058"><ele>211.0</ele></trkpt>
<trkpt lat="45.191171" lon="5.721103"><ele>211.0</ele></trkpt>
<trkpt lat="45.191196" lon="5.721262"><ele>211.0</ele></trkpt>
<trkpt lat="45.191220" lon="5.721380"><ele>211.25</ele></trkpt>
<trkpt lat="45.191229" lon="5.721443"><ele>211.25</ele></trkpt>
<trkpt lat="45.191268" lon="5.721692"><ele>211.5</ele></trkpt>
<trkpt lat="45.191311" lon="5.721994"><ele>211.0</ele></trkpt>
<trkpt lat="45.191321" lon="5.722068"><ele>211.0</ele></trkpt>
<trkpt lat="45.191250" lon="5.722115"><ele>211.0</ele></trkpt>
<trkpt lat="45.190479" lon="5.722636"><ele>211.5</ele></trkpt>
<trkpt lat="45.190446" lon="5.722658"><ele>211.5</ele></trkpt>
<trkpt lat="45.190399" lon="5.722690"><ele>211.75</ele></trkpt>
<trkpt lat="45.189621" lon="5.723213"><ele>212.0</ele></trkpt>
<trkpt lat="45.189573" lon="5.723245"><ele>212.0</ele></trkpt>
<trkpt lat="45.189520" lon="5.723277"><ele>212.0</ele></trkpt>
<trkpt lat="45.189117" lon="5.723554"><ele>211.75</ele></trkpt>
<trkpt lat="45.189085" lon="5.723575"><ele>212.0</ele></trkpt>
<trkpt lat="45.189074" lon="5.723585"><ele>212.0</ele></trkpt>
<trkpt lat="45.189062" lon="5.723597"><ele>212.0</ele></trkpt>
<trkpt lat="45.189017" lon="5.723647"><ele>212.0</ele></trkpt>
<trkpt lat="45.188976" lon="5.723692"><ele>212.0</ele></trkpt>
<trkpt lat="45.188684" lon="5.723993"><ele>212.0</ele></trkpt>
<trkpt lat="45.188603" lon="5.724104"><ele>212.0</ele></trkpt>
<trkpt lat="45.188326" lon="5.724409"><ele>212.0</ele></trkpt>
<trkpt lat="45.188249" lon="5.724494"><ele>212.0</ele></trkpt>
<trkpt lat="45.188208" lon="5.724548"><ele>212.0</ele></trkpt>
<trkpt lat="45.188066" lon="5.724700"><ele>212.0</ele></trkpt>
<trkpt lat="45.187963" lon="5.724810"><ele>212.0</ele></trkpt>
<trkpt lat="45.187917" lon="5.724816"><ele>212.0</ele></trkpt>
<trkpt lat="45.187860" lon="5.724822"><ele>212.0</ele></trkpt>
<trkpt lat="45.187832" lon="5.724827"><ele>212.0</ele></trkpt>
<trkpt lat="45.187850" lon="5.725059"><ele>212.0</ele></trkpt>
<trkpt lat="45.187889" lon="5.725712"><ele>212.25</ele></trkpt>
<trkpt lat="45.187917" lon="5.726346"><ele>212.75</ele></trkpt>
<trkpt lat="45.187936" lon="5.726437"><ele>212.75</ele></trkpt>
<trkpt lat="45.187949" lon="5.726479"><ele>212.5</ele></trkpt>
<trkpt lat="45.188000" lon="5.726565"><ele>212.25</ele></trkpt>
<trkpt lat="45.188036" lon="5.726660"><ele>212.0</ele></trkpt>
<trkpt lat="45.188074" lon="5.726765"><ele>212.25</ele></trkpt>
<trkpt lat="45.188198" lon="5.727107"><ele>212.0</ele></trkpt>
<trkpt lat="45.188337" lon="5.727494"><ele>211.75</ele></trkpt>
<trkpt lat="45.188357" lon="5.727555"><ele>211.75</ele></trkpt>
<trkpt lat="45.188387" lon="5.727648"><ele>211.75</ele></trkpt>
<trkpt lat="45.188421" lon="5.727750"><ele>211.5</ele></trkpt>
<trkpt lat="45.188521" lon="5.728049"><ele>211.0</ele></trkpt>
<trkpt lat="45.188709" lon="5.728602"><ele>211.0</ele></trkpt>
<trkpt lat="45.188720" lon="5.728643"><ele>211.0</ele></trkpt>
<trkpt lat="45.188740" lon="5.728692"><ele>211.0</ele></trkpt>
<trkpt lat="45.188969" lon="5.729318"><ele>211.0</ele></trkpt>
<trkpt lat="45.188992" lon="5.729383"><ele>211.0</ele></trkpt>
<trkpt lat="45.189015" lon="5.729453"><ele>211.0</ele></trkpt>
<trkpt lat="45.189116" lon="5.729755"><ele>211.0</ele></trkpt>
<trkpt lat="45.189399" lon="5.730588"><ele>211.5</ele></trkpt>
<trkpt lat="45.189373" lon="5.730609"><ele>211.5</ele></trkpt>
<trkpt lat="45.189361" lon="5.730619"><ele>211.5</ele></trkpt>
<trkpt lat="45.189055" lon="5.730862"><ele>211.0</ele></trkpt>
<trkpt lat="45.189029" lon="5.730892"><ele>211.0</ele></trkpt>
<trkpt lat="45.189015" lon="5.730945"><ele>211.0</ele></trkpt>
<trkpt lat="45.188992" lon="5.731045"><ele>211.0</ele></trkpt>
<trkpt lat="45.188965" lon="5.731112"><ele>211.0</ele></trkpt>
<trkpt lat="45.188950" lon="5.731148"><ele>211.0</ele></trkpt>
<trkpt lat="45.188933" lon="5.731189"><ele>211.0</ele></trkpt>
<trkpt lat="45.188858" lon="5.731274"><ele>211.0</ele></trkpt>
<trkpt lat="45.188785" lon="5.731338"><ele>211.25</ele></trkpt>
<trkpt lat="45.188664" lon="5.731443"><ele>211.5</ele></trkpt>
<trkpt lat="45.188630" lon="5.731474"><ele>211.5</ele></trkpt>
<trkpt lat="45.188490" lon="5.731569"><ele>211.25</ele></trkpt>
<trkpt lat="45.188330" lon="5.731672"><ele>211.0</ele></trkpt>
<trkpt lat="45.188267" lon="5.731750"><ele>211.0</ele></trkpt>
<trkpt lat="45.188249" lon="5.731823"><ele>211.0</ele></trkpt>
<trkpt lat="45.188263" lon="5.731880"><ele>211.0</ele></trkpt>
<trkpt lat="45.188469" lon="5.732492"><ele>211.5</ele></trkpt>
<trkpt lat="45.188511" lon="5.732670"><ele>211.25</ele></trkpt>
<trkpt lat="45.188621" lon="5.733012"><ele>211.75</ele></trkpt>
<trkpt lat="45.188636" lon="5.733097"><ele>211.75</ele></trkpt>
<trkpt lat="45.188636" lon="5.733167"><ele>211.5</ele></trkpt>
<trkpt lat="45.188629" lon="5.733333"><ele>211.0</ele></trkpt>
<trkpt lat="45.188631" lon="5.733387"><ele>211.0</ele></trkpt>
<trkpt lat="45.188633" lon="5.733458"><ele>211.0</ele></trkpt>
<trkpt lat="45.188696" lon="5.734396"><ele>211.0</ele></trkpt>
<trkpt lat="45.188712" lon="5.734645"><ele>211.5</ele></trkpt>
<trkpt lat="45.188723" lon="5.734823"><ele>212.0</ele></trkpt>
<trkpt lat="45.188792" lon="5.735893"><ele>211.75</ele></trkpt>
<trkpt lat="45.188799" lon="5.735997"><ele>211.5</ele></trkpt>
<trkpt lat="45.188803" lon="5.736139"><ele>211.25</ele></trkpt>
<trkpt lat="45.188781" lon="5.736281"><ele>211.75</ele></trkpt>
<trkpt lat="45.188785" lon="5.736566"><ele>212.0</ele></trkpt>
<trkpt lat="45.188793" lon="5.736728"><ele>212.0</ele></trkpt>
<trkpt lat="45.188802" lon="5.736874"><ele>212.0</ele></trkpt>
<trkpt lat="45.188843" lon="5.736999"><ele>212.0</ele></trkpt>
<trkpt lat="45.188861" lon="5.737201"><ele>212.0</ele></trkpt>
<trkpt lat="45.188864" lon="5.737241"><ele>212.0</ele></trkpt>
<trkpt lat="45.188869" lon="5.737331"><ele>212.0</ele></trkpt>
<trkpt lat="45.188877" lon="5.737407"><ele>212.0</ele></trkpt>
<trkpt lat="45.188880" lon="5.737465"><ele>212.0</ele></trkpt>
<trkpt lat="45.188891" lon="5.737671"><ele>212.0</ele></trkpt>
<trkpt lat="45.188911" lon="5.738035"><ele>212.0</ele></trkpt>
<trkpt lat="45.188921" lon="5.738230"><ele>212.25</ele></trkpt>
<trkpt lat="45.188934" lon="5.738463"><ele>212.75</ele></trkpt>
<trkpt lat="45.188952" lon="5.738797"><ele>212.5</ele></trkpt>
<trkpt lat="45.188957" lon="5.738907"><ele>212.25</ele></trkpt>
<trkpt lat="45.188961" lon="5.738961"><ele>212.5</ele></trkpt>
<trkpt lat="45.188964" lon="5.739016"><ele>212.75</ele></trkpt>
<trkpt lat="45.188986" lon="5.739419"><ele>212.0</ele></trkpt>
<trkpt lat="45.188993" lon="5.739555"><ele>212.0</ele></trkpt>
<trkpt lat="45.189016" lon="5.740234"><ele>212.0</ele></trkpt>
<trkpt lat="45.189002" lon="5.740328"><ele>212.0</ele></trkpt>
<trkpt lat="45.188944" lon="5.740477"><ele>212.5</ele></trkpt>
<trkpt lat="45.188908" lon="5.740539"><ele>212.75</ele></trkpt>
<trkpt lat="45.188671" lon="5.740849"><ele>212.75</ele></trkpt>
<trkpt lat="45.188564" lon="5.741003"><ele>212.25</ele></trkpt>
<trkpt lat="45.188452" lon="5.741192"><ele>212.75</ele></trkpt>
<trkpt lat="45.188220" lon="5.741475"><ele>212.25</ele></trkpt>
<trkpt lat="45.187807" lon="5.741833"><ele>213.25</ele></trkpt>
<trkpt lat="45.187758" lon="5.741866"><ele>213.25</ele></trkpt>
<trkpt lat="45.187597" lon="5.741976"><ele>213.0</ele></trkpt>
<trkpt lat="45.187391" lon="5.742079"><ele>212.75</ele></trkpt>
<trkpt lat="45.187351" lon="5.742100"><ele>212.5</ele></trkpt>
<trkpt lat="45.187151" lon="5.742200"><ele>212.0</ele></trkpt>
<trkpt lat="45.187116" lon="5.742258"><ele>212.0</ele></trkpt>
<trkpt lat="45.187062" lon="5.742434"><ele>212.0</ele></trkpt>
<trkpt lat="45.186801" lon="5.743341"><ele>212.0</ele></trkpt>
<trkpt lat="45.186780" lon="5.743375"><ele>212.0</ele></trkpt>
<trkpt lat="45.186707" lon="5.743492"><ele>212.0</ele></trkpt>
<trkpt lat="45.186644" lon="5.743661"><ele>212.0</ele></trkpt>
<trkpt lat="45.186636" lon="5.743698"><ele>212.25</ele></trkpt>
<trkpt lat="45.186613" lon="5.743798"><ele>212.5</ele></trkpt>
<trkpt lat="45.186580" lon="5.744012"><ele>212.5</ele></trkpt>
<trkpt lat="45.186644" lon="5.744109"><ele>212.75</ele></trkpt>
<trkpt lat="45.186736" lon="5.744244"><ele>213.0</ele></trkpt>
<trkpt lat="45.187095" lon="5.744797"><ele>212.75</ele></trkpt>
<trkpt lat="45.187182" lon="5.744931"><ele>212.75</ele></trkpt>
<trkpt lat="45.187244" lon="5.745027"><ele>213.0</ele></trkpt>
<trkpt lat="45.187345" lon="5.745183"><ele>213.0</ele></trkpt>
<trkpt lat="45.187476" lon="5.745382"><ele>213.0</ele></trkpt>
<trkpt lat="45.187618" lon="5.745616"><ele>213.25</ele></trkpt>
<trkpt lat="45.187826" lon="5.746016"><ele>213.0</ele></trkpt>
<trkpt lat="45.187846" lon="5.746054"><ele>213.0</ele></trkpt>
<trkpt lat="45.188020" lon="5.746326"><ele>213.75</ele></trkpt>
<trkpt lat="45.188022" lon="5.746370"><ele>213.75</ele></trkpt>
<trkpt lat="45.188035" lon="5.746550"><ele>214.0</ele></trkpt>
<trkpt lat="45.188027" lon="5.746757"><ele>214.0</ele></trkpt>
<trkpt lat="45.188015" lon="5.746895"><ele>214.0</ele></trkpt>
<trkpt lat="45.187940" lon="5.747759"><ele>213.0</ele></trkpt>
<trkpt lat="45.187929" lon="5.747902"><ele>213.0</ele></trkpt>
<trkpt lat="45.187924" lon="5.747951"><ele>213.0</ele></trkpt>
<trkpt lat="45.187805" lon="5.749338"><ele>213.25</ele></trkpt>
<trkpt lat="45.187762" lon="5.749829"><ele>212.75</ele></trkpt>
<trkpt lat="45.187702" lon="5.750605"><ele>213.0</ele></trkpt>
<trkpt lat="45.187676" lon="5.750942"><ele>213.0</ele></trkpt>
<trkpt lat="45.187662" lon="5.751106"><ele>213.0</ele></trkpt>
<trkpt lat="45.187634" lon="5.751422"><ele>213.0</ele></trkpt>
<trkpt lat="45.187607" lon="5.751729"><ele>213.0</ele></trkpt>
<trkpt lat="45.187596" lon="5.751825"><ele>213.0</ele></trkpt>
<trkpt lat="45.187544" lon="5.752155"><ele>213.75</ele></trkpt>
<trkpt lat="45.187515" lon="5.752364"><ele>214.0</ele></trkpt>
<trkpt lat="45.187430" lon="5.753058"><ele>213.5</ele></trkpt>
<trkpt lat="45.187422" lon="5.753138"><ele>213.5</ele></trkpt>
<trkpt lat="45.187358" lon="5.753549"><ele>213.25</ele></trkpt>
<trkpt lat="45.187280" lon="5.754012"><ele>213.0</ele></trkpt>
<trkpt lat="45.187117" lon="5.754824"><ele>213.75</ele></trkpt>
<trkpt lat="45.186958" lon="5.755484"><ele>214.0</ele></trkpt>
<trkpt lat="45.186946" lon="5.755537"><ele>214.0</ele></trkpt>
<trkpt lat="45.186911" lon="5.755680"><ele>213.75</ele></trkpt>
<trkpt lat="45.186898" lon="5.755734"><ele>214.0</ele></trkpt>
<trkpt lat="45.186888" lon="5.755776"><ele>214.0</ele></trkpt>
<trkpt lat="45.186811" lon="5.756049"><ele>214.25</ele></trkpt>
<trkpt lat="45.186768" lon="5.756224"><ele>214.25</ele></trkpt>
<trkpt lat="45.186745" lon="5.756329"><ele>214.0</ele></trkpt>
<trkpt lat="45.186510" lon="5.757400"><ele>213.5</ele></trkpt>
<trkpt lat="45.186504" lon="5.757434"><ele>213.5</ele></trkpt>
<trkpt lat="45.186431" lon="5.757804"><ele>212.75</ele></trkpt>
<trkpt lat="45.186387" lon="5.758020"><ele>213.0</ele></trkpt>
<trkpt lat="45.186247" lon="5.758624"><ele>213.25</ele></trkpt>
<trkpt lat="45.186154" lon="5.758956"><ele>213.0</ele></trkpt>
<trkpt lat="45.185964" lon="5.759844"><ele>213.25</ele></trkpt>
<trkpt lat="45.185941" lon="5.759944"><ele>213.25</ele></trkpt>
<trkpt lat="45.185883" lon="5.760238"><ele>213.0</ele></trkpt>
<trkpt lat="45.185839" lon="5.760460"><ele>213.0</ele></trkpt>
<trkpt lat="45.185827" lon="5.760514"><ele>212.75</ele></trkpt>
<trkpt lat="45.185744" lon="5.760876"><ele>213.5</ele></trkpt>
<trkpt lat="45.185727" lon="5.760953"><ele>213.5</ele></trkpt>
<trkpt lat="45.185719" lon="5.760989"><ele>213.5</ele></trkpt>
<trkpt lat="45.185676" lon="5.761182"><ele>213.25</ele></trkpt>
<trkpt lat="45.185645" lon="5.761325"><ele>213.25</ele></trkpt>
<trkpt lat="45.185613" lon="5.761469"><ele>213.0</ele></trkpt>
<trkpt lat="45.185589" lon="5.761582"><ele>213.0</ele></trkpt>
<trkpt lat="45.185558" lon="5.761746"><ele>213.25</ele></trkpt>
<trkpt lat="45.185535" lon="5.761884"><ele>213.75</ele></trkpt>
<trkpt lat="45.185524" lon="5.761998"><ele>214.0</ele></trkpt>
<trkpt lat="45.185504" lon="5.762216"><ele>214.0</ele></trkpt>
<trkpt lat="45.185475" lon="5.762545"><ele>214.0</ele></trkpt>
<trkpt lat="45.185293" lon="5.763379"><ele>214.0</ele></trkpt>
<trkpt lat="45.185219" lon="5.763722"><ele>214.0</ele></trkpt>
<trkpt lat="45.185203" lon="5.763788"><ele>214.0</ele></trkpt>
<trkpt lat="45.185185" lon="5.763880"><ele>214.0</ele></trkpt>
<trkpt lat="45.185147" lon="5.764049"><ele>214.0</ele></trkpt>
<trkpt lat="45.184976" lon="5.764861"><ele>213.75</ele></trkpt>
<trkpt lat="45.184841" lon="5.765507"><ele>214.0</ele></trkpt>
<trkpt lat="45.184740" lon="5.765973"><ele>214.0</ele></trkpt>
<trkpt lat="45.184718" lon="5.766069"><ele>213.75</ele></trkpt>
<trkpt lat="45.184427" lon="5.767365"><ele>213.75</ele></trkpt>
<trkpt lat="45.184407" lon="5.767460"><ele>213.75</ele></trkpt>
<trkpt lat="45.184356" lon="5.767698"><ele>213.5</ele></trkpt>
<trkpt lat="45.184277" lon="5.768065"><ele>213.0</ele></trkpt>
<trkpt lat="45.184270" lon="5.768095"><ele>213.0</ele></trkpt>
<trkpt lat="45.184241" lon="5.768207"><ele>213.5</ele></trkpt>
<trkpt lat="45.184218" lon="5.768342"><ele>214.0</ele></trkpt>
<trkpt lat="45.184198" lon="5.768431"><ele>214.0</ele></trkpt>
<trkpt lat="45.184188" lon="5.768480"><ele>213.75</ele></trkpt>
<trkpt lat="45.184156" lon="5.768627"><ele>213.75</ele></trkpt>
<trkpt lat="45.184027" lon="5.769233"><ele>213.25</ele></trkpt>
<trkpt lat="45.183845" lon="5.770095"><ele>214.0</ele></trkpt>
<trkpt lat="45.183485" lon="5.771717"><ele>214.5</ele></trkpt>
<trkpt lat="45.183420" lon="5.772008"><ele>215.0</ele></trkpt>
<trkpt lat="45.182754" lon="5.775013"><ele>219.5</ele></trkpt>
<trkpt lat="45.182519" lon="5.776117"><ele>214.0</ele></trkpt>
<trkpt lat="45.182386" lon="5.776749"><ele>218.25</ele></trkpt>
<trkpt lat="45.182341" lon="5.776932"><ele>218.0</ele></trkpt>
<trkpt lat="45.182289" lon="5.777125"><ele>219.0</ele></trkpt>
<trkpt lat="45.182272" lon="5.777181"><ele>219.5</ele></trkpt>
<trkpt lat="45.182254" lon="5.777245"><ele>220.0</ele></trkpt>
<trkpt lat="45.182178" lon="5.777276"><ele>219.5</ele></trkpt>
<trkpt lat="45.182139" lon="5.777317"><ele>219.5</ele></trkpt>
<trkpt lat="45.182107" lon="5.777370"><ele>219.25</ele></trkpt>
<trkpt lat="45.182087" lon="5.777434"><ele>219.25</ele></trkpt>
<trkpt lat="45.182079" lon="5.777502"><ele>219.25</ele></trkpt>
<trkpt lat="45.182082" lon="5.777561"><ele>219.25</ele></trkpt>
<trkpt lat="45.182094" lon="5.777618"><ele>219.25</ele></trkpt>
<trkpt lat="45.182118" lon="5.777674"><ele>219.0</ele></trkpt>
<trkpt lat="45.182150" lon="5.777721"><ele>219.0</ele></trkpt>
<trkpt lat="45.182142" lon="5.777848"><ele>219.0</ele></trkpt>
<trkpt lat="45.182117" lon="5.778017"><ele>219.0</ele></trkpt>
<trkpt lat="45.181902" lon="5.778937"><ele>217.0</ele></trkpt>
<trkpt lat="45.181703" lon="5.779879"><ele>216.25</ele></trkpt>
<trkpt lat="45.181623" lon="5.780263"><ele>215.5</ele></trkpt>
<trkpt lat="45.181536" lon="5.780823"><ele>214.5</ele></trkpt>
<trkpt lat="45.181475" lon="5.781295"><ele>214.25</ele></trkpt>
<trkpt lat="45.181427" lon="5.781543"><ele>215.0</ele></trkpt>
<trkpt lat="45.181390" lon="5.781988"><ele>216.75</ele></trkpt>
<trkpt lat="45.181371" lon="5.782215"><ele>216.75</ele></trkpt>
<trkpt lat="45.181328" lon="5.782769"><ele>217.25</ele></trkpt>
<trkpt lat="45.181287" lon="5.783697"><ele>218.5</ele></trkpt>
<trkpt lat="45.181277" lon="5.784146"><ele>218.5</ele></trkpt>
<trkpt lat="45.181286" lon="5.784824"><ele>219.5</ele></trkpt>
<trkpt lat="45.181306" lon="5.785307"><ele>220.75</ele></trkpt>
<trkpt lat="45.181310" lon="5.785360"><ele>221.0</ele></trkpt>
<trkpt lat="45.181345" lon="5.785906"><ele>221.0</ele></trkpt>
<trkpt lat="45.181348" lon="5.785942"><ele>221.25</ele></trkpt>
<trkpt lat="45.181364" lon="5.786060"><ele>221.5</ele></trkpt>
<trkpt lat="45.181410" lon="5.786231"><ele>221.75</ele></trkpt>
<trkpt lat="45.181403" lon="5.786456"><ele>222.0</ele></trkpt>
<trkpt lat="45.181396" lon="5.786511"><ele>222.25</ele></trkpt>
<trkpt lat="45.181386" lon="5.786569"><ele>222.5</ele></trkpt>
<trkpt lat="45.181364" lon="5.786640"><ele>222.75</ele></trkpt>
<trkpt lat="45.181340" lon="5.786698"><ele>223.0</ele></trkpt>
<trkpt lat="45.181316" lon="5.786728"><ele>223.0</ele></trkpt>
<trkpt lat="45.181296" lon="5.786786"><ele>223.25</ele></trkpt>
<trkpt lat="45.181296" lon="5.786850"><ele>223.25</ele></trkpt>
<trkpt lat="45.181308" lon="5.786892"><ele>223.5</ele></trkpt>
<trkpt lat="45.181331" lon="5.786929"><ele>223.5</ele></trkpt>
<trkpt lat="45.181365" lon="5.787062"><ele>223.75</ele></trkpt>
<trkpt lat="45.181374" lon="5.787167"><ele>223.75</ele></trkpt>
<trkpt lat="45.181376" lon="5.787286"><ele>223.75</ele></trkpt>
<trkpt lat="45.181415" lon="5.787487"><ele>223.75</ele></trkpt>
<trkpt lat="45.181423" lon="5.787529"><ele>223.75</ele></trkpt>
<trkpt lat="45.181430" lon="5.787640"><ele>223.75</ele></trkpt>
<trkpt lat="45.181437" lon="5.787758"><ele>223.75</ele></trkpt>
<trkpt lat="45.181477" lon="5.787863"><ele>224.0</ele></trkpt>
<trkpt lat="45.181478" lon="5.787893"><ele>223.75</ele></trkpt>
<trkpt lat="45.181480" lon="5.787938"><ele>224.0</ele></trkpt>
<trkpt lat="45.181490" lon="5.788086"><ele>224.0</ele></trkpt>
<trkpt lat="45.181501" lon="5.788229"><ele>224.25</ele></trkpt>
<trkpt lat="45.181504" lon="5.788263"><ele>224.25</ele></trkpt>
<trkpt lat="45.181558" lon="5.788987"><ele>225.5</ele></trkpt>
<trkpt lat="45.181569" lon="5.789138"><ele>225.75</ele></trkpt>
<trkpt lat="45.181622" lon="5.789830"><ele>226.0</ele></trkpt>
<trkpt lat="45.181628" lon="5.789910"><ele>226.0</ele></trkpt>
<trkpt lat="45.181669" lon="5.790260"><ele>226.75</ele></trkpt>
<trkpt lat="45.181698" lon="5.790504"><ele>226.75</ele></trkpt>
<trkpt lat="45.181705" lon="5.790636"><ele>227.0</ele></trkpt>
<trkpt lat="45.181700" lon="5.790780"><ele>227.0</ele></trkpt>
<trkpt lat="45.181707" lon="5.790861"><ele>226.75</ele></trkpt>
<trkpt lat="45.181718" lon="5.790979"><ele>226.75</ele></trkpt>
<trkpt lat="45.181742" lon="5.791262"><ele>226.5</ele></trkpt>
<trkpt lat="45.181771" lon="5.791642"><ele>226.75</ele></trkpt>
<trkpt lat="45.181775" lon="5.791693"><ele>227.0</ele></trkpt>
<trkpt lat="45.181790" lon="5.791755"><ele>227.0</ele></trkpt>
<trkpt lat="45.181903" lon="5.792035"><ele>226.0</ele></trkpt>
<trkpt lat="45.181951" lon="5.792153"><ele>225.75</ele></trkpt>
<trkpt lat="45.181978" lon="5.792239"><ele>225.75</ele></trkpt>
<trkpt lat="45.181994" lon="5.792288"><ele>225.75</ele></trkpt>
<trkpt lat="45.182002" lon="5.792313"><ele>225.75</ele></trkpt>
<trkpt lat="45.182030" lon="5.792423"><ele>225.5</ele></trkpt>
<trkpt lat="45.182092" lon="5.792675"><ele>225.25</ele></trkpt>
<trkpt lat="45.182128" lon="5.792847"><ele>224.75</ele></trkpt>
<trkpt lat="45.182147" lon="5.792955"><ele>223.5</ele></trkpt>
<trkpt lat="45.182190" lon="5.793201"><ele>223.25</ele></trkpt>
<trkpt lat="45.182208" lon="5.793329"><ele>224.0</ele></trkpt>
<trkpt lat="45.182266" lon="5.793907"><ele>222.75</ele></trkpt>
<trkpt lat="45.182300" lon="5.794294"><ele>222.5</ele></trkpt>
<trkpt lat="45.182322" lon="5.794483"><ele>222.5</ele></trkpt>
<trkpt lat="45.182339" lon="5.794627"><ele>222.0</ele></trkpt>
<trkpt lat="45.182372" lon="5.794917"><ele>221.5</ele></trkpt>
<trkpt lat="45.182393" lon="5.795138"><ele>221.25</ele></trkpt>
<trkpt lat="45.182409" lon="5.795458"><ele>221.25</ele></trkpt>
<trkpt lat="45.182446" lon="5.795774"><ele>221.0</ele></trkpt>
<trkpt lat="45.182461" lon="5.795900"><ele>221.0</ele></trkpt>
<trkpt lat="45.182504" lon="5.796039"><ele>220.75</ele></trkpt>
<trkpt lat="45.182523" lon="5.796103"><ele>220.75</ele></trkpt>
<trkpt lat="45.182781" lon="5.796643"><ele>219.75</ele></trkpt>
<trkpt lat="45.182853" lon="5.796780"><ele>219.5</ele></trkpt>
<trkpt lat="45.183003" lon="5.797023"><ele>219.0</ele></trkpt>
<trkpt lat="45.183137" lon="5.797226"><ele>218.5</ele></trkpt>
<trkpt lat="45.183312" lon="5.797445"><ele>218.75</ele></trkpt>
<trkpt lat="45.183335" lon="5.797478"><ele>218.75</ele></trkpt>
<trkpt lat="45.183403" lon="5.797552"><ele>218.5</ele></trkpt>
<trkpt lat="45.183468" lon="5.797680"><ele>218.0</ele></trkpt>
<trkpt lat="45.183496" lon="5.797790"><ele>218.0</ele></trkpt>
<trkpt lat="45.183643" lon="5.798135"><ele>218.0</ele></trkpt>
<trkpt lat="45.183687" lon="5.798232"><ele>218.0</ele></trkpt>
<trkpt lat="45.183770" lon="5.798412"><ele>218.0</ele></trkpt>
<trkpt lat="45.183806" lon="5.798490"><ele>218.0</ele></trkpt>
<trkpt lat="45.183841" lon="5.798569"><ele>218.0</ele></trkpt>
<trkpt lat="45.183990" lon="5.798904"><ele>217.5</ele></trkpt>
<trkpt lat="45.184089" lon="5.799064"><ele>217.0</ele></trkpt>
<trkpt lat="45.184445" lon="5.799859"><ele>217.0</ele></trkpt>
<trkpt lat="45.185133" lon="5.801405"><ele>217.0</ele></trkpt>
<trkpt lat="45.185168" lon="5.801488"><ele>217.0</ele></trkpt>
<trkpt lat="45.185308" lon="5.801803"><ele>217.0</ele></trkpt>
<trkpt lat="45.185375" lon="5.801953"><ele>217.0</ele></trkpt>
<trkpt lat="45.185577" lon="5.802386"><ele>216.25</ele></trkpt>
<trkpt lat="45.185612" lon="5.802519"><ele>216.0</ele></trkpt>
<trkpt lat="45.185699" lon="5.802780"><ele>216.5</ele></trkpt>
<trkpt lat="45.185736" lon="5.802897"><ele>216.25</ele></trkpt>
<trkpt lat="45.185820" lon="5.803158"><ele>216.0</ele></trkpt>
<trkpt lat="45.185840" lon="5.803221"><ele>216.0</ele></trkpt>
<trkpt lat="45.185874" lon="5.803317"><ele>216.0</ele></trkpt>
<trkpt lat="45.185940" lon="5.803514"><ele>216.25</ele></trkpt>
<trkpt lat="45.186023" lon="5.803753"><ele>216.25</ele></trkpt>
<trkpt lat="45.186112" lon="5.803951"><ele>215.75</ele></trkpt>
<trkpt lat="45.186433" lon="5.804910"><ele>216.5</ele></trkpt>
<trkpt lat="45.186592" lon="5.805331"><ele>217.0</ele></trkpt>
<trkpt lat="45.186613" lon="5.805387"><ele>217.0</ele></trkpt>
<trkpt lat="45.186854" lon="5.805944"><ele>216.75</ele></trkpt>
<trkpt lat="45.186904" lon="5.806024"><ele>216.75</ele></trkpt>
<trkpt lat="45.186975" lon="5.806177"><ele>217.0</ele></trkpt>
<trkpt lat="45.187005" lon="5.806274"><ele>217.0</ele></trkpt>
<trkpt lat="45.187155" lon="5.806571"><ele>217.0</ele></trkpt>
<trkpt lat="45.187271" lon="5.806867"><ele>217.0</ele></trkpt>
<trkpt lat="45.187321" lon="5.806973"><ele>217.0</ele></trkpt>
<trkpt lat="45.187585" lon="5.807407"><ele>216.5</ele></trkpt>
<trkpt lat="45.187621" lon="5.807469"><ele>216.25</ele></trkpt>
<trkpt lat="45.187742" lon="5.807663"><ele>216.25</ele></trkpt>
<trkpt lat="45.187826" lon="5.807767"><ele>216.0</ele></trkpt>
<trkpt lat="45.187973" lon="5.807961"><ele>216.5</ele></trkpt>
<trkpt lat="45.188175" lon="5.808353"><ele>216.25</ele></trkpt>
<trkpt lat="45.188865" lon="5.809892"><ele>217.5</ele></trkpt>
<trkpt lat="45.189035" lon="5.810297"><ele>217.5</ele></trkpt>
<trkpt lat="45.189075" lon="5.810392"><ele>217.75</ele></trkpt>
<trkpt lat="45.189529" lon="5.811363"><ele>217.0</ele></trkpt>
<trkpt lat="45.189561" lon="5.811433"><ele>217.0</ele></trkpt>
<trkpt lat="45.189633" lon="5.811679"><ele>217.0</ele></trkpt>
<trkpt lat="45.189708" lon="5.811838"><ele>217.0</ele></trkpt>
<trkpt lat="45.189741" lon="5.811922"><ele>216.75</ele></trkpt>
<trkpt lat="45.189790" lon="5.812026"><ele>216.75</ele></trkpt>
<trkpt lat="45.190277" lon="5.813068"><ele>216.75</ele></trkpt>
<trkpt lat="45.190917" lon="5.814520"><ele>216.5</ele></trkpt>
<trkpt lat="45.191245" lon="5.815225"><ele>217.0</ele></trkpt>
<trkpt lat="45.191366" lon="5.815454"><ele>218.0</ele></trkpt>
<trkpt lat="45.191419" lon="5.815603"><ele>218.75</ele></trkpt>
<trkpt lat="45.191469" lon="5.815711"><ele>218.75</ele></trkpt>
<trkpt lat="45.191652" lon="5.816102"><ele>219.75</ele></trkpt>
<trkpt lat="45.191669" lon="5.816142"><ele>220.0</ele></trkpt>
<trkpt lat="45.191864" lon="5.816594"><ele>221.25</ele></trkpt>
<trkpt lat="45.191951" lon="5.816798"><ele>222.25</ele></trkpt>
<trkpt lat="45.191994" lon="5.816901"><ele>222.5</ele></trkpt>
<trkpt lat="45.192079" lon="5.817103"><ele>223.0</ele></trkpt>
<trkpt lat="45.192104" lon="5.817169"><ele>223.0</ele></trkpt>
<trkpt lat="45.192326" lon="5.817728"><ele>223.75</ele></trkpt>
<trkpt lat="45.192394" lon="5.817901"><ele>223.5</ele></trkpt>
<trkpt lat="45.192422" lon="5.817954"><ele>223.5</ele></trkpt>
<trkpt lat="45.192458" lon="5.818021"><ele>223.25</ele></trkpt>
<trkpt lat="45.192484" lon="5.818093"><ele>222.75</ele></trkpt>
<trkpt lat="45.192984" lon="5.819516"><ele>219.0</ele></trkpt>
<trkpt lat="45.193070" lon="5.819767"><ele>218.75</ele></trkpt>
<trkpt lat="45.193120" lon="5.819898"><ele>218.0</ele></trkpt>
<trkpt lat="45.193174" lon="5.820039"><ele>217.5</ele></trkpt>
<trkpt lat="45.193215" lon="5.820145"><ele>217.5</ele></trkpt>
<trkpt lat="45.193242" lon="5.820223"><ele>217.75</ele></trkpt>
<trkpt lat="45.193296" lon="5.820378"><ele>217.75</ele></trkpt>
<trkpt lat="45.193380" lon="5.820636"><ele>217.5</ele></trkpt>
<trkpt lat="45.193844" lon="5.821919"><ele>217.75</ele></trkpt>
<trkpt lat="45.194091" lon="5.822595"><ele>217.0</ele></trkpt>
<trkpt lat="45.194204" lon="5.822911"><ele>217.25</ele></trkpt>
<trkpt lat="45.194432" lon="5.823534"><ele>217.5</ele></trkpt>
<trkpt lat="45.194684" lon="5.824256"><ele>217.75</ele></trkpt>
<trkpt lat="45.194723" lon="5.824409"><ele>217.75</ele></trkpt>
<trkpt lat="45.194763" lon="5.824525"><ele>217.75</ele></trkpt>
<trkpt lat="45.194836" lon="5.824741"><ele>217.75</ele></trkpt>
<trkpt lat="45.194889" lon="5.824879"><ele>218.0</ele></trkpt>
<trkpt lat="45.194985" lon="5.825100"><ele>218.5</ele></trkpt>
<trkpt lat="45.195342" lon="5.826104"><ele>217.75</ele></trkpt>
<trkpt lat="45.195628" lon="5.826914"><ele>217.25</ele></trkpt>
<trkpt lat="45.196184" lon="5.828482"><ele>218.0</ele></trkpt>
<trkpt lat="45.196247" lon="5.828738"><ele>218.5</ele></trkpt>
<trkpt lat="45.196340" lon="5.828997"><ele>219.0</ele></trkpt>
<trkpt lat="45.196373" lon="5.829090"><ele>219.0</ele></trkpt>
<trkpt lat="45.196402" lon="5.829178"><ele>219.0</ele></trkpt>
<trkpt lat="45.196464" lon="5.829277"><ele>219.0</ele></trkpt>
<trkpt lat="45.196552" lon="5.829508"><ele>218.75</ele></trkpt>
<trkpt lat="45.196735" lon="5.830003"><ele>220.0</ele></trkpt>
<trkpt lat="45.196807" lon="5.830188"><ele>220.5</ele></trkpt>
<trkpt lat="45.196864" lon="5.830373"><ele>221.0</ele></trkpt>
<trkpt lat="45.196880" lon="5.830422"><ele>221.0</ele></trkpt>
<trkpt lat="45.196908" lon="5.830511"><ele>221.0</ele></trkpt>
<trkpt lat="45.196954" lon="5.830642"><ele>221.25</ele></trkpt>
<trkpt lat="45.197041" lon="5.830886"><ele>222.0</ele></trkpt>
<trkpt lat="45.197249" lon="5.831473"><ele>223.0</ele></trkpt>
<trkpt lat="45.197352" lon="5.831762"><ele>223.0</ele></trkpt>
<trkpt lat="45.197974" lon="5.833514"><ele>226.75</ele></trkpt>
<trkpt lat="45.198003" lon="5.833614"><ele>227.0</ele></trkpt>
<trkpt lat="45.198039" lon="5.833729"><ele>227.25</ele></trkpt>
<trkpt lat="45.198085" lon="5.833850"><ele>227.75</ele></trkpt>
<trkpt lat="45.198108" lon="5.833918"><ele>228.0</ele></trkpt>
<trkpt lat="45.198192" lon="5.834145"><ele>228.25</ele></trkpt>
<trkpt lat="45.198313" lon="5.834466"><ele>229.0</ele></trkpt>
<trkpt lat="45.198424" lon="5.834771"><ele>230.5</ele></trkpt>
<trkpt lat="45.198595" lon="5.835273"><ele>232.0</ele></trkpt>
<trkpt lat="45.198630" lon="5.835378"><ele>232.0</ele></trkpt>
<trkpt lat="45.198662" lon="5.835472"><ele>232.0</ele></trkpt>
<trkpt lat="45.198737" lon="5.835649"><ele>232.5</ele></trkpt>
<trkpt lat="45.198793" lon="5.835781"><ele>232.75</ele></trkpt>
<trkpt lat="45.198967" lon="5.836162"><ele>233.5</ele></trkpt>
<trkpt lat="45.199038" lon="5.836292"><ele>233.75</ele></trkpt>
<trkpt lat="45.199140" lon="5.836465"><ele>234.75</ele></trkpt>
<trkpt lat="45.199180" lon="5.836518"><ele>234.75</ele></trkpt>
<trkpt lat="45.199221" lon="5.836571"><ele>234.75</ele></trkpt>
<trkpt lat="45.199738" lon="5.837260"><ele>237.0</ele></trkpt>
<trkpt lat="45.200163" lon="5.837766"><ele>238.75</ele></trkpt>
<trkpt lat="45.200189" lon="5.837791"><ele>239.0</ele></trkpt>
<trkpt lat="45.200466" lon="5.838049"><ele>239.0</ele></trkpt>
<trkpt lat="45.200826" lon="5.838423"><ele>240.75</ele></trkpt>
<trkpt lat="45.200923" lon="5.838552"><ele>241.25</ele></trkpt>
<trkpt lat="45.201006" lon="5.838664"><ele>241.75</ele></trkpt>
<trkpt lat="45.201153" lon="5.839272"><ele>243.5</ele></trkpt>
<trkpt lat="45.201202" lon="5.839493"><ele>244.5</ele></trkpt>
<trkpt lat="45.201271" lon="5.839743"><ele>246.25</ele></trkpt>
<trkpt lat="45.201310" lon="5.839824"><ele>246.5</ele></trkpt>
<trkpt lat="45.201360" lon="5.839884"><ele>246.5</ele></trkpt>
<trkpt lat="45.201458" lon="5.839972"><ele>246.5</ele></trkpt>
<trkpt lat="45.201375" lon="5.840002"><ele>247.0</ele></trkpt>
<trkpt lat="45.201169" lon="5.840387"><ele>247.25</ele></trkpt>
<trkpt lat="45.200990" lon="5.840698"><ele>249.25</ele></trkpt>
<trkpt lat="45.200913" lon="5.840884"><ele>249.25</ele></trkpt>
<trkpt lat="45.201007" lon="5.840959"><ele>248.75</ele></trkpt>
<trkpt lat="45.200959" lon="5.841101"><ele>249.0</ele></trkpt>
<trkpt lat="45.200860" lon="5.841355"><ele>249.75</ele></trkpt>
<trkpt lat="45.200754" lon="5.841567"><ele>251.25</ele></trkpt>
<trkpt lat="45.200682" lon="5.841689"><ele>251.5</ele></trkpt>
<trkpt lat="45.200589" lon="5.841777"><ele>252.25</ele></trkpt>
<trkpt lat="45.200197" lon="5.842082"><ele>254.0</ele></trkpt>
<trkpt lat="45.200068" lon="5.842192"><ele>254.75</ele></trkpt>
<trkpt lat="45.199967" lon="5.842294"><ele>255.5</ele></trkpt>
<trkpt lat="45.199934" lon="5.842393"><ele>256.0</ele></trkpt>
<trkpt lat="45.199937" lon="5.842491"><ele>256.5</ele></trkpt>
<trkpt lat="45.199963" lon="5.842558"><ele>258.0</ele></trkpt>
<trkpt lat="45.199994" lon="5.842592"><ele>259.25</ele></trkpt>
<trkpt lat="45.200046" lon="5.842611"><ele>260.25</ele></trkpt>
<trkpt lat="45.200130" lon="5.842596"><ele>260.75</ele></trkpt>
<trkpt lat="45.200763" lon="5.842484"><ele>264.0</ele></trkpt>
<trkpt lat="45.200927" lon="5.842444"><ele>266.25</ele></trkpt>
<trkpt lat="45.200997" lon="5.842414"><ele>266.75</ele></trkpt>
<trkpt lat="45.201243" lon="5.842246"><ele>267.5</ele></trkpt>
<trkpt lat="45.201316" lon="5.842211"><ele>268.75</ele></trkpt>
<trkpt lat="45.201378" lon="5.842196"><ele>270.5</ele></trkpt>
<trkpt lat="45.201488" lon="5.842206"><ele>271.0</ele></trkpt>
<trkpt lat="45.201589" lon="5.842273"><ele>272.5</ele></trkpt>
<trkpt lat="45.201669" lon="5.842380"><ele>273.5</ele></trkpt>
<trkpt lat="45.201709" lon="5.842479"><ele>273.5</ele></trkpt>
<trkpt lat="45.201752" lon="5.842614"><ele>275.0</ele></trkpt>
<trkpt lat="45.201789" lon="5.842772"><ele>277.25</ele></trkpt>
<trkpt lat="45.201827" lon="5.842928"><ele>279.0</ele></trkpt>
<trkpt lat="45.201876" lon="5.843089"><ele>280.5</ele></trkpt>
<trkpt lat="45.201927" lon="5.843229"><ele>281.5</ele></trkpt>
<trkpt lat="45.202048" lon="5.843481"><ele>283.75</ele></trkpt>
<trkpt lat="45.202090" lon="5.843585"><ele>284.75</ele></trkpt>
<trkpt lat="45.202272" lon="5.844128"><ele>288.0</ele></trkpt>
<trkpt lat="45.202310" lon="5.844287"><ele>289.25</ele></trkpt>
<trkpt lat="45.202331" lon="5.844480"><ele>291.5</ele></trkpt>
<trkpt lat="45.202392" lon="5.844884"><ele>295.75</ele></trkpt>
<trkpt lat="45.202429" lon="5.845044"><ele>298.0</ele></trkpt>
<trkpt lat="45.202641" lon="5.845786"><ele>306.75</ele></trkpt>
<trkpt lat="45.202715" lon="5.846160"><ele>313.75</ele></trkpt>
<trkpt lat="45.202747" lon="5.846247"><ele>314.25</ele></trkpt>
<trkpt lat="45.202921" lon="5.846605"><ele>312.75</ele></trkpt>
<trkpt lat="45.202985" lon="5.846795"><ele>314.25</ele></trkpt>
<trkpt lat="45.203080" lon="5.847167"><ele>318.75</ele></trkpt>
<trkpt lat="45.203149" lon="5.847495"><ele>321.75</ele></trkpt>
<trkpt lat="45.203227" lon="5.848004"><ele>327.5</ele></trkpt>
<trkpt lat="45.203249" lon="5.848265"><ele>331.0</ele></trkpt>
<trkpt lat="45.203259" lon="5.848377"><ele>332.5</ele></trkpt>
<trkpt lat="45.203284" lon="5.848551"><ele>334.25</ele></trkpt>
<trkpt lat="45.203315" lon="5.848682"><ele>334.5</ele></trkpt>
<trkpt lat="45.203360" lon="5.848803"><ele>334.0</ele></trkpt>
<trkpt lat="45.203491" lon="5.849099"><ele>331.75</ele></trkpt>
<trkpt lat="45.203571" lon="5.849323"><ele>332.25</ele></trkpt>
<trkpt lat="45.203634" lon="5.849522"><ele>333.75</ele></trkpt>
<trkpt lat="45.203750" lon="5.849939"><ele>338.5</ele></trkpt>
<trkpt lat="45.203860" lon="5.850261"><ele>341.0</ele></trkpt>
<trkpt lat="45.204088" lon="5.850807"><ele>340.5</ele></trkpt>
<trkpt lat="45.204122" lon="5.850921"><ele>340.5</ele></trkpt>
<trkpt lat="45.204139" lon="5.851046"><ele>341.0</ele></trkpt>
<trkpt lat="45.204123" lon="5.851098"><ele>342.5</ele></trkpt>
<trkpt lat="45.204102" lon="5.851125"><ele>344.25</ele></trkpt>
<trkpt lat="45.204136" lon="5.851223"><ele>343.25</ele></trkpt>
<trkpt lat="45.204159" lon="5.851335"><ele>342.75</ele></trkpt>
<trkpt lat="45.204167" lon="5.851405"><ele>343.25</ele></trkpt>
<trkpt lat="45.204166" lon="5.851514"><ele>345.25</ele></trkpt>
<trkpt lat="45.204142" lon="5.851844"><ele>352.75</ele></trkpt>
<trkpt lat="45.204136" lon="5.852004"><ele>356.5</ele></trkpt>
<trkpt lat="45.204138" lon="5.852108"><ele>359.0</ele></trkpt>
<trkpt lat="45.204154" lon="5.852202"><ele>360.25</ele></trkpt>
<trkpt lat="45.204175" lon="5.852278"><ele>361.0</ele></trkpt>
<trkpt lat="45.204224" lon="5.852378"><ele>361.25</ele></trkpt>
<trkpt lat="45.204287" lon="5.852445"><ele>360.25</ele></trkpt>
<trkpt lat="45.204360" lon="5.852500"><ele>358.5</ele></trkpt>
<trkpt lat="45.204466" lon="5.852549"><ele>355.25</ele></trkpt>
<trkpt lat="45.204550" lon="5.852620"><ele>353.25</ele></trkpt>
<trkpt lat="45.204709" lon="5.852848"><ele>350.75</ele></trkpt>
<trkpt lat="45.204729" lon="5.852913"><ele>351.0</ele></trkpt>
<trkpt lat="45.204746" lon="5.853008"><ele>352.0</ele></trkpt>
<trkpt lat="45.204732" lon="5.853096"><ele>354.25</ele></trkpt>
<trkpt lat="45.204662" lon="5.853256"><ele>360.75</ele></trkpt>
<trkpt lat="45.204620" lon="5.853336"><ele>364.5</ele></trkpt>
<trkpt lat="45.204585" lon="5.853426"><ele>368.5</ele></trkpt>
<trkpt lat="45.204563" lon="5.853528"><ele>372.0</ele></trkpt>
<trkpt lat="45.204570" lon="5.853620"><ele>373.75</ele></trkpt>
<trkpt lat="45.204611" lon="5.853743"><ele>376.0</ele></trkpt>
<trkpt lat="45.204669" lon="5.853874"><ele>377.75</ele></trkpt>
<trkpt lat="45.204754" lon="5.854027"><ele>380.75</ele></trkpt>
<trkpt lat="45.204795" lon="5.854081"><ele>381.75</ele></trkpt>
<trkpt lat="45.204864" lon="5.854148"><ele>382.5</ele></trkpt>
<trkpt lat="45.205201" lon="5.854389"><ele>381.5</ele></trkpt>
<trkpt lat="45.205285" lon="5.854483"><ele>381.75</ele></trkpt>
<trkpt lat="45.205364" lon="5.854622"><ele>382.75</ele></trkpt>
<trkpt lat="45.205425" lon="5.854798"><ele>384.75</ele></trkpt>
<trkpt lat="45.205481" lon="5.854978"><ele>386.25</ele></trkpt>
<trkpt lat="45.205569" lon="5.855377"><ele>388.75</ele></trkpt>
<trkpt lat="45.205624" lon="5.855708"><ele>390.0</ele></trkpt>
<trkpt lat="45.205626" lon="5.855777"><ele>390.75</ele></trkpt>
<trkpt lat="45.205616" lon="5.855842"><ele>392.0</ele></trkpt>
<trkpt lat="45.205591" lon="5.855902"><ele>393.75</ele></trkpt>
<trkpt lat="45.205574" lon="5.855964"><ele>395.25</ele></trkpt>
<trkpt lat="45.205569" lon="5.856044"><ele>395.75</ele></trkpt>
<trkpt lat="45.205601" lon="5.856308"><ele>394.0</ele></trkpt>
<trkpt lat="45.205608" lon="5.856447"><ele>393.5</ele></trkpt>
<trkpt lat="45.205591" lon="5.856538"><ele>394.25</ele></trkpt>
<trkpt lat="45.205568" lon="5.856591"><ele>395.5</ele></trkpt>
<trkpt lat="45.205517" lon="5.856647"><ele>398.25</ele></trkpt>
<trkpt lat="45.205375" lon="5.856760"><ele>407.25</ele></trkpt>
<trkpt lat="45.205311" lon="5.856823"><ele>411.25</ele></trkpt>
<trkpt lat="45.205268" lon="5.856890"><ele>414.25</ele></trkpt>
<trkpt lat="45.205234" lon="5.856962"><ele>416.25</ele></trkpt>
<trkpt lat="45.205213" lon="5.857042"><ele>417.5</ele></trkpt>
<trkpt lat="45.205191" lon="5.857174"><ele>418.75</ele></trkpt>
<trkpt lat="45.205179" lon="5.857330"><ele>419.75</ele></trkpt>
<trkpt lat="45.205178" lon="5.857440"><ele>420.0</ele></trkpt>
<trkpt lat="45.205198" lon="5.857560"><ele>420.0</ele></trkpt>
<trkpt lat="45.205315" lon="5.857898"><ele>422.0</ele></trkpt>
<trkpt lat="45.205386" lon="5.857971"><ele>422.0</ele></trkpt>
<trkpt lat="45.205492" lon="5.858029"><ele>420.75</ele></trkpt>
<trkpt lat="45.205604" lon="5.858059"><ele>419.5</ele></trkpt>
<trkpt lat="45.205754" lon="5.858074"><ele>418.5</ele></trkpt>
<trkpt lat="45.205889" lon="5.858101"><ele>417.75</ele></trkpt>
<trkpt lat="45.206116" lon="5.858160"><ele>416.75</ele></trkpt>
<trkpt lat="45.206238" lon="5.858200"><ele>415.75</ele></trkpt>
<trkpt lat="45.206371" lon="5.858327"><ele>417.0</ele></trkpt>
<trkpt lat="45.206449" lon="5.858474"><ele>418.5</ele></trkpt>
<trkpt lat="45.206497" lon="5.858610"><ele>420.25</ele></trkpt>
<trkpt lat="45.206524" lon="5.858782"><ele>422.25</ele></trkpt>
<trkpt lat="45.206553" lon="5.859262"><ele>427.75</ele></trkpt>
<trkpt lat="45.206547" lon="5.859642"><ele>430.25</ele></trkpt>
<trkpt lat="45.206530" lon="5.859937"><ele>432.75</ele></trkpt>
<trkpt lat="45.206531" lon="5.860153"><ele>434.5</ele></trkpt>
<trkpt lat="45.206537" lon="5.860290"><ele>435.75</ele></trkpt>
<trkpt lat="45.206567" lon="5.860456"><ele>437.5</ele></trkpt>
<trkpt lat="45.206643" lon="5.860612"><ele>437.5</ele></trkpt>
<trkpt lat="45.207001" lon="5.861269"><ele>446.25</ele></trkpt>
<trkpt lat="45.207221" lon="5.861698"><ele>453.25</ele></trkpt>
<trkpt lat="45.207440" lon="5.862198"><ele>462.0</ele></trkpt>
<trkpt lat="45.207666" lon="5.862844"><ele>467.25</ele></trkpt>
<trkpt lat="45.207677" lon="5.862903"><ele>467.25</ele></trkpt>
<trkpt lat="45.207677" lon="5.862959"><ele>468.0</ele></trkpt>
<trkpt lat="45.207642" lon="5.863088"><ele>470.75</ele></trkpt>
<trkpt lat="45.207599" lon="5.863220"><ele>473.0</ele></trkpt>
<trkpt lat="45.207544" lon="5.863357"><ele>476.0</ele></trkpt>
<trkpt lat="45.207446" lon="5.863532"><ele>480.25</ele></trkpt>
<trkpt lat="45.207430" lon="5.863632"><ele>481.0</ele></trkpt>
<trkpt lat="45.207459" lon="5.863735"><ele>481.0</ele></trkpt>
<trkpt lat="45.207498" lon="5.863784"><ele>480.5</ele></trkpt>
<trkpt lat="45.207577" lon="5.863822"><ele>480.0</ele></trkpt>
<trkpt lat="45.207650" lon="5.863819"><ele>479.0</ele></trkpt>
<trkpt lat="45.207736" lon="5.863794"><ele>477.0</ele></trkpt>
<trkpt lat="45.207930" lon="5.863802"><ele>475.0</ele></trkpt>
<trkpt lat="45.208136" lon="5.863932"><ele>477.0</ele></trkpt>
<trkpt lat="45.208325" lon="5.864092"><ele>478.75</ele></trkpt>
<trkpt lat="45.208739" lon="5.864868"><ele>492.5</ele></trkpt>
<trkpt lat="45.209053" lon="5.865476"><ele>497.25</ele></trkpt>
<trkpt lat="45.209130" lon="5.865712"><ele>500.25</ele></trkpt>
<trkpt lat="45.209271" lon="5.865924"><ele>500.0</ele></trkpt>
<trkpt lat="45.209348" lon="5.866016"><ele>499.25</ele></trkpt>
<trkpt lat="45.209501" lon="5.866304"><ele>500.75</ele></trkpt>
<trkpt lat="45.209537" lon="5.866366"><ele>501.0</ele></trkpt>
<trkpt lat="45.209717" lon="5.866801"><ele>506.0</ele></trkpt>
<trkpt lat="45.209963" lon="5.867345"><ele>510.0</ele></trkpt>
<trkpt lat="45.210163" lon="5.867893"><ele>511.75</ele></trkpt>
<trkpt lat="45.210195" lon="5.868012"><ele>511.75</ele></trkpt>
<trkpt lat="45.210211" lon="5.868097"><ele>511.75</ele></trkpt>
<trkpt lat="45.210217" lon="5.868175"><ele>512.0</ele></trkpt>
<trkpt lat="45.210213" lon="5.868246"><ele>512.5</ele></trkpt>
<trkpt lat="45.210197" lon="5.868314"><ele>513.5</ele></trkpt>
<trkpt lat="45.210158" lon="5.868402"><ele>514.75</ele></trkpt>
<trkpt lat="45.210011" lon="5.868665"><ele>518.5</ele></trkpt>
<trkpt lat="45.209951" lon="5.868832"><ele>520.5</ele></trkpt>
<trkpt lat="45.209920" lon="5.868991"><ele>521.75</ele></trkpt>
<trkpt lat="45.209904" lon="5.869223"><ele>523.5</ele></trkpt>
<trkpt lat="45.209903" lon="5.869349"><ele>524.5</ele></trkpt>
<trkpt lat="45.209917" lon="5.869547"><ele>526.25</ele></trkpt>
<trkpt lat="45.209934" lon="5.869634"><ele>527.0</ele></trkpt>
<trkpt lat="45.210066" lon="5.870137"><ele>530.0</ele></trkpt>
<trkpt lat="45.210122" lon="5.870369"><ele>531.75</ele></trkpt>
<trkpt lat="45.210185" lon="5.870675"><ele>533.5</ele></trkpt>
<trkpt lat="45.210203" lon="5.870800"><ele>534.25</ele></trkpt>
<trkpt lat="45.210220" lon="5.871026"><ele>536.0</ele></trkpt>
<trkpt lat="45.210219" lon="5.871227"><ele>537.5</ele></trkpt>
<trkpt lat="45.210202" lon="5.871408"><ele>538.75</ele></trkpt>
<trkpt lat="45.210179" lon="5.871531"><ele>539.75</ele></trkpt>
<trkpt lat="45.210046" lon="5.872052"><ele>544.75</ele></trkpt>
<trkpt lat="45.209926" lon="5.872573"><ele>548.0</ele></trkpt>
<trkpt lat="45.209891" lon="5.872681"><ele>548.75</ele></trkpt>
<trkpt lat="45.209815" lon="5.872833"><ele>550.5</ele></trkpt>
<trkpt lat="45.209709" lon="5.873049"><ele>553.25</ele></trkpt>
<trkpt lat="45.209608" lon="5.873204"><ele>554.75</ele></trkpt>
<trkpt lat="45.209548" lon="5.873269"><ele>556.0</ele></trkpt>
<trkpt lat="45.209487" lon="5.873299"><ele>557.75</ele></trkpt>
<trkpt lat="45.209380" lon="5.873329"><ele>560.5</ele></trkpt>
<trkpt lat="45.209057" lon="5.873363"><ele>567.5</ele></trkpt>
<trkpt lat="45.208993" lon="5.873399"><ele>568.25</ele></trkpt>
<trkpt lat="45.208946" lon="5.873467"><ele>568.5</ele></trkpt>
<trkpt lat="45.208825" lon="5.873828"><ele>566.75</ele></trkpt>
<trkpt lat="45.208824" lon="5.873833"><ele>566.5</ele></trkpt>
<trkpt lat="45.208760" lon="5.874062"><ele>565.5</ele></trkpt>
<trkpt lat="45.208713" lon="5.874171"><ele>565.5</ele></trkpt>
<trkpt lat="45.208651" lon="5.874272"><ele>565.75</ele></trkpt>
<trkpt lat="45.208552" lon="5.874400"><ele>566.25</ele></trkpt>
<trkpt lat="45.208443" lon="5.874488"><ele>566.5</ele></trkpt>
<trkpt lat="45.208322" lon="5.874541"><ele>567.25</ele></trkpt>
<trkpt lat="45.208038" lon="5.874594"><ele>570.0</ele></trkpt>
<trkpt lat="45.207844" lon="5.874599"><ele>573.5</ele></trkpt>
<trkpt lat="45.207656" lon="5.874615"><ele>576.75</ele></trkpt>
<trkpt lat="45.207595" lon="5.874651"><ele>577.5</ele></trkpt>
<trkpt lat="45.207544" lon="5.874694"><ele>578.25</ele></trkpt>
<trkpt lat="45.207508" lon="5.874795"><ele>578.75</ele></trkpt>
<trkpt lat="45.207516" lon="5.874915"><ele>578.5</ele></trkpt>
<trkpt lat="45.207534" lon="5.875010"><ele>578.0</ele></trkpt>
<trkpt lat="45.207662" lon="5.875329"><ele>572.5</ele></trkpt>
<trkpt lat="45.207699" lon="5.875450"><ele>570.5</ele></trkpt>
<trkpt lat="45.207714" lon="5.875552"><ele>569.5</ele></trkpt>
<trkpt lat="45.207697" lon="5.875664"><ele>568.25</ele></trkpt>
<trkpt lat="45.207653" lon="5.875770"><ele>567.75</ele></trkpt>
<trkpt lat="45.207600" lon="5.875870"><ele>568.0</ele></trkpt>
<trkpt lat="45.207503" lon="5.876007"><ele>568.75</ele></trkpt>
<trkpt lat="45.207402" lon="5.876125"><ele>570.5</ele></trkpt>
<trkpt lat="45.207289" lon="5.876228"><ele>573.25</ele></trkpt>
<trkpt lat="45.206932" lon="5.876478"><ele>581.75</ele></trkpt>
<trkpt lat="45.206860" lon="5.876564"><ele>582.25</ele></trkpt>
<trkpt lat="45.206797" lon="5.876662"><ele>581.75</ele></trkpt>
<trkpt lat="45.206789" lon="5.876743"><ele>581.5</ele></trkpt>
<trkpt lat="45.206812" lon="5.876834"><ele>580.75</ele></trkpt>
<trkpt lat="45.206840" lon="5.876889"><ele>580.0</ele></trkpt>
<trkpt lat="45.206907" lon="5.876928"><ele>578.5</ele></trkpt>
<trkpt lat="45.207252" lon="5.876983"><ele>574.5</ele></trkpt>
<trkpt lat="45.207386" lon="5.877041"><ele>574.0</ele></trkpt>
<trkpt lat="45.207475" lon="5.877155"><ele>575.5</ele></trkpt>
<trkpt lat="45.207535" lon="5.877321"><ele>578.5</ele></trkpt>
<trkpt lat="45.207568" lon="5.877467"><ele>581.5</ele></trkpt>
<trkpt lat="45.207600" lon="5.877536"><ele>583.0</ele></trkpt>
<trkpt lat="45.207658" lon="5.877572"><ele>582.75</ele></trkpt>
<trkpt lat="45.207816" lon="5.877601"><ele>581.0</ele></trkpt>
<trkpt lat="45.207891" lon="5.877578"><ele>579.75</ele></trkpt>
<trkpt lat="45.207963" lon="5.877573"><ele>579.25</ele></trkpt>
<trkpt lat="45.208534" lon="5.877658"><ele>583.25</ele></trkpt>
<trkpt lat="45.208626" lon="5.877690"><ele>584.25</ele></trkpt>
<trkpt lat="45.208817" lon="5.877781"><ele>586.5</ele></trkpt>
<trkpt lat="45.208937" lon="5.877834"><ele>588.0</ele></trkpt>
<trkpt lat="45.209155" lon="5.877896"><ele>590.25</ele></trkpt>
<trkpt lat="45.209232" lon="5.877903"><ele>590.25</ele></trkpt>
<trkpt lat="45.209455" lon="5.877891"><ele>589.5</ele></trkpt>
<trkpt lat="45.209571" lon="5.877848"><ele>589.25</ele></trkpt>
<trkpt lat="45.209674" lon="5.877834"><ele>589.75</ele></trkpt>
<trkpt lat="45.209731" lon="5.877880"><ele>591.25</ele></trkpt>
<trkpt lat="45.209760" lon="5.877976"><ele>594.0</ele></trkpt>
<trkpt lat="45.209760" lon="5.878077"><ele>596.25</ele></trkpt>
<trkpt lat="45.209734" lon="5.878146"><ele>597.75</ele></trkpt>
<trkpt lat="45.209701" lon="5.878184"><ele>598.5</ele></trkpt>
<trkpt lat="45.209646" lon="5.878208"><ele>599.25</ele></trkpt>
<trkpt lat="45.209456" lon="5.878179"><ele>598.5</ele></trkpt>
<trkpt lat="45.209275" lon="5.878126"><ele>597.75</ele></trkpt>
<trkpt lat="45.209203" lon="5.878117"><ele>597.75</ele></trkpt>
<trkpt lat="45.209106" lon="5.878137"><ele>598.5</ele></trkpt>
<trkpt lat="45.208625" lon="5.878337"><ele>606.0</ele></trkpt>
<trkpt lat="45.208463" lon="5.878417"><ele>607.5</ele></trkpt>
<trkpt lat="45.208383" lon="5.878476"><ele>608.75</ele></trkpt>
<trkpt lat="45.208229" lon="5.878634"><ele>612.5</ele></trkpt>
<trkpt lat="45.208146" lon="5.878690"><ele>613.75</ele></trkpt>
<trkpt lat="45.207941" lon="5.878760"><ele>615.0</ele></trkpt>
<trkpt lat="45.207686" lon="5.878783"><ele>615.0</ele></trkpt>
<trkpt lat="45.207584" lon="5.878820"><ele>615.5</ele></trkpt>
<trkpt lat="45.207518" lon="5.878862"><ele>616.25</ele></trkpt>
<trkpt lat="45.207465" lon="5.878923"><ele>618.0</ele></trkpt>
<trkpt lat="45.207327" lon="5.879169"><ele>624.5</ele></trkpt>
<trkpt lat="45.207272" lon="5.879245"><ele>626.75</ele></trkpt>
<trkpt lat="45.207225" lon="5.879292"><ele>628.0</ele></trkpt>
<trkpt lat="45.207173" lon="5.879321"><ele>629.75</ele></trkpt>
<trkpt lat="45.207137" lon="5.879335"><ele>631.0</ele></trkpt>
<trkpt lat="45.207084" lon="5.879333"><ele>632.0</ele></trkpt>
<trkpt lat="45.207047" lon="5.879313"><ele>632.25</ele></trkpt>
<trkpt lat="45.207014" lon="5.879268"><ele>632.25</ele></trkpt>
<trkpt lat="45.206833" lon="5.878892"><ele>630.25</ele></trkpt>
<trkpt lat="45.206772" lon="5.878805"><ele>630.0</ele></trkpt>
<trkpt lat="45.206684" lon="5.878721"><ele>631.25</ele></trkpt>
<trkpt lat="45.206382" lon="5.878476"><ele>631.5</ele></trkpt>
<trkpt lat="45.206304" lon="5.878446"><ele>631.75</ele></trkpt>
<trkpt lat="45.206233" lon="5.878439"><ele>632.75</ele></trkpt>
<trkpt lat="45.206179" lon="5.878467"><ele>634.25</ele></trkpt>
<trkpt lat="45.206148" lon="5.878513"><ele>636.0</ele></trkpt>
<trkpt lat="45.206124" lon="5.878582"><ele>638.0</ele></trkpt>
<trkpt lat="45.206123" lon="5.878622"><ele>639.0</ele></trkpt>
<trkpt lat="45.206128" lon="5.878665"><ele>639.5</ele></trkpt>
<trkpt lat="45.206151" lon="5.878718"><ele>640.0</ele></trkpt>
<trkpt lat="45.206304" lon="5.878912"><ele>641.25</ele></trkpt>
<trkpt lat="45.206644" lon="5.879394"><ele>643.5</ele></trkpt>
<trkpt lat="45.206711" lon="5.879513"><ele>644.25</ele></trkpt>
<trkpt lat="45.206747" lon="5.879600"><ele>645.25</ele></trkpt>
<trkpt lat="45.206819" lon="5.879835"><ele>649.0</ele></trkpt>
<trkpt lat="45.206831" lon="5.879941"><ele>651.25</ele></trkpt>
<trkpt lat="45.206828" lon="5.880023"><ele>653.5</ele></trkpt>
<trkpt lat="45.206928" lon="5.880118"><ele>654.0</ele></trkpt>
<trkpt lat="45.206963" lon="5.880135"><ele>654.25</ele></trkpt>
<trkpt lat="45.207006" lon="5.880144"><ele>654.5</ele></trkpt>
<trkpt lat="45.207411" lon="5.880122"><ele>655.0</ele></trkpt>
<trkpt lat="45.207504" lon="5.880126"><ele>656.0</ele></trkpt>
<trkpt lat="45.207614" lon="5.880147"><ele>657.25</ele></trkpt>
<trkpt lat="45.207698" lon="5.880183"><ele>658.75</ele></trkpt>
<trkpt lat="45.207794" lon="5.880250"><ele>661.0</ele></trkpt>
<trkpt lat="45.207984" lon="5.880356"><ele>664.25</ele></trkpt>
<trkpt lat="45.208119" lon="5.880379"><ele>666.25</ele></trkpt>
<trkpt lat="45.208207" lon="5.880375"><ele>667.5</ele></trkpt>
<trkpt lat="45.208343" lon="5.880334"><ele>668.0</ele></trkpt>
<trkpt lat="45.208597" lon="5.880233"><ele>669.75</ele></trkpt>
<trkpt lat="45.208901" lon="5.880167"><ele>671.0</ele></trkpt>
<trkpt lat="45.209014" lon="5.880185"><ele>671.75</ele></trkpt>
<trkpt lat="45.209146" lon="5.880252"><ele>674.75</ele></trkpt>
<trkpt lat="45.209255" lon="5.880353"><ele>677.25</ele></trkpt>
<trkpt lat="45.209560" lon="5.880722"><ele>684.25</ele></trkpt>
<trkpt lat="45.209753" lon="5.880894"><ele>687.25</ele></trkpt>
<trkpt lat="45.209802" lon="5.880923"><ele>687.5</ele></trkpt>
<trkpt lat="45.209881" lon="5.880970"><ele>688.0</ele></trkpt>
<trkpt lat="45.209992" lon="5.881037"><ele>688.75</ele></trkpt>
<trkpt lat="45.210140" lon="5.881109"><ele>690.25</ele></trkpt>
<trkpt lat="45.210254" lon="5.881145"><ele>691.0</ele></trkpt>
<trkpt lat="45.210351" lon="5.881170"><ele>691.25</ele></trkpt>
<trkpt lat="45.210475" lon="5.881188"><ele>691.5</ele></trkpt>
<trkpt lat="45.210739" lon="5.881214"><ele>691.75</ele></trkpt>
<trkpt lat="45.210925" lon="5.881269"><ele>693.5</ele></trkpt>
<trkpt lat="45.211100" lon="5.881356"><ele>696.0</ele></trkpt>
<trkpt lat="45.211211" lon="5.881395"><ele>697.0</ele></trkpt>
<trkpt lat="45.211661" lon="5.881581"><ele>702.75</ele></trkpt>
<trkpt lat="45.211931" lon="5.881682"><ele>706.25</ele></trkpt>
<trkpt lat="45.212036" lon="5.881728"><ele>708.0</ele></trkpt>
<trkpt lat="45.212177" lon="5.881779"><ele>710.0</ele></trkpt>
<trkpt lat="45.212448" lon="5.881766"><ele>710.75</ele></trkpt>
<trkpt lat="45.212645" lon="5.881739"><ele>711.5</ele></trkpt>
<trkpt lat="45.212720" lon="5.881746"><ele>712.25</ele></trkpt>
<trkpt lat="45.212743" lon="5.881765"><ele>712.75</ele></trkpt>
<trkpt lat="45.212767" lon="5.881784"><ele>713.25</ele></trkpt>
<trkpt lat="45.212858" lon="5.881974"><ele>718.5</ele></trkpt>
<trkpt lat="45.212881" lon="5.882005"><ele>719.5</ele></trkpt>
<trkpt lat="45.212946" lon="5.882022"><ele>720.5</ele></trkpt>
<trkpt lat="45.213048" lon="5.882004"><ele>721.0</ele></trkpt>
<trkpt lat="45.213250" lon="5.881963"><ele>722.5</ele></trkpt>
<trkpt lat="45.213305" lon="5.881955"><ele>722.75</ele></trkpt>
<trkpt lat="45.213348" lon="5.881958"><ele>723.5</ele></trkpt>
<trkpt lat="45.213386" lon="5.881978"><ele>724.75</ele></trkpt>
<trkpt lat="45.213411" lon="5.882015"><ele>726.0</ele></trkpt>
<trkpt lat="45.213425" lon="5.882065"><ele>727.25</ele></trkpt>
<trkpt lat="45.213429" lon="5.882113"><ele>728.25</ele></trkpt>
<trkpt lat="45.213424" lon="5.882169"><ele>729.5</ele></trkpt>
<trkpt lat="45.213407" lon="5.882204"><ele>729.75</ele></trkpt>
<trkpt lat="45.213375" lon="5.882234"><ele>730.0</ele></trkpt>
<trkpt lat="45.213330" lon="5.882255"><ele>729.75</ele></trkpt>
<trkpt lat="45.213146" lon="5.882312"><ele>729.0</ele></trkpt>
<trkpt lat="45.212925" lon="5.882365"><ele>728.0</ele></trkpt>
<trkpt lat="45.212816" lon="5.882400"><ele>728.0</ele></trkpt>
<trkpt lat="45.212642" lon="5.882483"><ele>728.5</ele></trkpt>
<trkpt lat="45.212614" lon="5.882498"><ele>728.75</ele></trkpt>
<trkpt lat="45.212381" lon="5.882626"><ele>730.5</ele></trkpt>
<trkpt lat="45.212024" lon="5.882879"><ele>736.5</ele></trkpt>
<trkpt lat="45.211804" lon="5.883021"><ele>740.0</ele></trkpt>
<trkpt lat="45.211700" lon="5.883061"><ele>741.0</ele></trkpt>
<trkpt lat="45.211357" lon="5.883122"><ele>743.75</ele></trkpt>
<trkpt lat="45.211207" lon="5.883141"><ele>745.25</ele></trkpt>
<trkpt lat="45.210951" lon="5.883136"><ele>747.0</ele></trkpt>
<trkpt lat="45.210877" lon="5.883110"><ele>747.0</ele></trkpt>
<trkpt lat="45.210810" lon="5.883069"><ele>746.5</ele></trkpt>
<trkpt lat="45.210668" lon="5.882947"><ele>744.5</ele></trkpt>
<trkpt lat="45.210627" lon="5.882940"><ele>744.75</ele></trkpt>
<trkpt lat="45.210560" lon="5.882961"><ele>746.0</ele></trkpt>
<trkpt lat="45.210544" lon="5.882988"><ele>747.0</ele></trkpt>
<trkpt lat="45.210687" lon="5.883120"><ele>749.25</ele></trkpt>
<trkpt lat="45.210835" lon="5.883234"><ele>750.25</ele></trkpt>
<trkpt lat="45.210965" lon="5.883306"><ele>751.25</ele></trkpt>
<trkpt lat="45.211066" lon="5.883349"><ele>751.5</ele></trkpt>
<trkpt lat="45.211908" lon="5.883570"><ele>753.0</ele></trkpt>
<trkpt lat="45.212135" lon="5.883584"><ele>753.25</ele></trkpt>
<trkpt lat="45.212606" lon="5.883580"><ele>753.25</ele></trkpt>
<trkpt lat="45.212761" lon="5.883570"><ele>753.0</ele></trkpt>
<trkpt lat="45.212892" lon="5.883546"><ele>753.0</ele></trkpt>
<trkpt lat="45.213037" lon="5.883506"><ele>753.0</ele></trkpt>
<trkpt lat="45.213169" lon="5.883456"><ele>754.0</ele></trkpt>
<trkpt lat="45.213326" lon="5.883383"><ele>754.75</ele></trkpt>
<trkpt lat="45.213492" lon="5.883266"><ele>754.5</ele></trkpt>
<trkpt lat="45.213627" lon="5.883183"><ele>754.25</ele></trkpt>
<trkpt lat="45.213742" lon="5.883130"><ele>754.0</ele></trkpt>
<trkpt lat="45.213832" lon="5.883120"><ele>754.75</ele></trkpt>
<trkpt lat="45.213916" lon="5.883136"><ele>755.25</ele></trkpt>
<trkpt lat="45.213992" lon="5.883176"><ele>755.25</ele></trkpt>
<trkpt lat="45.214064" lon="5.883240"><ele>755.25</ele></trkpt>
<trkpt lat="45.214124" lon="5.883339"><ele>755.75</ele></trkpt>
<trkpt lat="45.214169" lon="5.883439"><ele>756.0</ele></trkpt>
<trkpt lat="45.214196" lon="5.883545"><ele>756.25</ele></trkpt>
<trkpt lat="45.214213" lon="5.883655"><ele>756.75</ele></trkpt>
<trkpt lat="45.214214" lon="5.883781"><ele>757.5</ele></trkpt>
<trkpt lat="45.214208" lon="5.883934"><ele>758.5</ele></trkpt>
<trkpt lat="45.214193" lon="5.884094"><ele>759.75</ele></trkpt>
<trkpt lat="45.214211" lon="5.884430"><ele>762.0</ele></trkpt>
<trkpt lat="45.214221" lon="5.884529"><ele>763.0</ele></trkpt>
<trkpt lat="45.214260" lon="5.884807"><ele>765.25</ele></trkpt>
<trkpt lat="45.214352" lon="5.885213"><ele>770.0</ele></trkpt>
<trkpt lat="45.214812" lon="5.886291"><ele>779.75</ele></trkpt>
<trkpt lat="45.215061" lon="5.886876"><ele>786.5</ele></trkpt>
<trkpt lat="45.215168" lon="5.887098"><ele>788.25</ele></trkpt>
<trkpt lat="45.215328" lon="5.887320"><ele>787.5</ele></trkpt>
<trkpt lat="45.215554" lon="5.887510"><ele>783.25</ele></trkpt>
<trkpt lat="45.215687" lon="5.887645"><ele>783.25</ele></trkpt>
<trkpt lat="45.215989" lon="5.888052"><ele>788.75</ele></trkpt>
<trkpt lat="45.216157" lon="5.888220"><ele>790.75</ele></trkpt>
<trkpt lat="45.216398" lon="5.888368"><ele>792.75</ele></trkpt>
<trkpt lat="45.216654" lon="5.888486"><ele>794.25</ele></trkpt>
<trkpt lat="45.216861" lon="5.888575"><ele>795.5</ele></trkpt>
<trkpt lat="45.216926" lon="5.888628"><ele>796.0</ele></trkpt>
<trkpt lat="45.216982" lon="5.888708"><ele>796.5</ele></trkpt>
<trkpt lat="45.217010" lon="5.888804"><ele>797.25</ele></trkpt>
<trkpt lat="45.217021" lon="5.888929"><ele>797.75</ele></trkpt>
<trkpt lat="45.217012" lon="5.889033"><ele>797.0</ele></trkpt>
<trkpt lat="45.216960" lon="5.889132"><ele>796.25</ele></trkpt>
<trkpt lat="45.216897" lon="5.889196"><ele>795.5</ele></trkpt>
<trkpt lat="45.216349" lon="5.889600"><ele>789.0</ele></trkpt>
<trkpt lat="45.215815" lon="5.890055"><ele>781.0</ele></trkpt>
<trkpt lat="45.215674" lon="5.890148"><ele>780.0</ele></trkpt>
<trkpt lat="45.215535" lon="5.890225"><ele>779.5</ele></trkpt>
<trkpt lat="45.215193" lon="5.890332"><ele>782.0</ele></trkpt>
<trkpt lat="45.214643" lon="5.890556"><ele>782.0</ele></trkpt>
<trkpt lat="45.214046" lon="5.890844"><ele>779.25</ele></trkpt>
<trkpt lat="45.213570" lon="5.891155"><ele>775.0</ele></trkpt>
<trkpt lat="45.213461" lon="5.891221"><ele>774.25</ele></trkpt>
<trkpt lat="45.212723" lon="5.891632"><ele>770.25</ele></trkpt>
<trkpt lat="45.212490" lon="5.891791"><ele>769.0</ele></trkpt>
<trkpt lat="45.212256" lon="5.891938"><ele>769.25</ele></trkpt>
<trkpt lat="45.212137" lon="5.892057"><ele>769.0</ele></trkpt>
<trkpt lat="45.212106" lon="5.892149"><ele>767.25</ele></trkpt>
<trkpt lat="45.212018" lon="5.892333"><ele>765.0</ele></trkpt>
<trkpt lat="45.211931" lon="5.892675"><ele>759.5</ele></trkpt>
<trkpt lat="45.211812" lon="5.892886"><ele>757.5</ele></trkpt>
<trkpt lat="45.211283" lon="5.893129"><ele>762.5</ele></trkpt>
<trkpt lat="45.211187" lon="5.893219"><ele>762.25</ele></trkpt>
<trkpt lat="45.211027" lon="5.893462"><ele>760.25</ele></trkpt>
<trkpt lat="45.210526" lon="5.894317"><ele>761.75</ele></trkpt>
<trkpt lat="45.210330" lon="5.894727"><ele>761.5</ele></trkpt>
<trkpt lat="45.210291" lon="5.894837"><ele>761.25</ele></trkpt>
<trkpt lat="45.210264" lon="5.894993"><ele>760.25</ele></trkpt>
<trkpt lat="45.210258" lon="5.895103"><ele>759.25</ele></trkpt>
<trkpt lat="45.210238" lon="5.895619"><ele>755.5</ele></trkpt>
<trkpt lat="45.210232" lon="5.896127"><ele>754.5</ele></trkpt>
<trkpt lat="45.210194" lon="5.896390"><ele>754.0</ele></trkpt>
<trkpt lat="45.210165" lon="5.896457"><ele>754.25</ele></trkpt>
<trkpt lat="45.210092" lon="5.896624"><ele>754.75</ele></trkpt>
<trkpt lat="45.209881" lon="5.896953"><ele>757.25</ele></trkpt>
<trkpt lat="45.209705" lon="5.897270"><ele>757.75</ele></trkpt>
<trkpt lat="45.209651" lon="5.897401"><ele>757.75</ele></trkpt>
<trkpt lat="45.209644" lon="5.897486"><ele>757.0</ele></trkpt>
<trkpt lat="45.209649" lon="5.897572"><ele>755.75</ele></trkpt>
<trkpt lat="45.209698" lon="5.897683"><ele>753.5</ele></trkpt>
<trkpt lat="45.209753" lon="5.897757"><ele>751.75</ele></trkpt>
<trkpt lat="45.209807" lon="5.897795"><ele>751.0</ele></trkpt>
<trkpt lat="45.209896" lon="5.897825"><ele>750.5</ele></trkpt>
<trkpt lat="45.210053" lon="5.897811"><ele>749.5</ele></trkpt>
<trkpt lat="45.210167" lon="5.897773"><ele>749.5</ele></trkpt>
<trkpt lat="45.210234" lon="5.897745"><ele>749.25</ele></trkpt>
<trkpt lat="45.210353" lon="5.897695"><ele>749.25</ele></trkpt>
<trkpt lat="45.210539" lon="5.897631"><ele>749.25</ele></trkpt>
<trkpt lat="45.210612" lon="5.897631"><ele>749.5</ele></trkpt>
<trkpt lat="45.210737" lon="5.897690"><ele>751.25</ele></trkpt>
<trkpt lat="45.210857" lon="5.897802"><ele>753.5</ele></trkpt>
<trkpt lat="45.210945" lon="5.897841"><ele>754.5</ele></trkpt>
<trkpt lat="45.211039" lon="5.897846"><ele>755.0</ele></trkpt>
<trkpt lat="45.211169" lon="5.897822"><ele>755.25</ele></trkpt>
<trkpt lat="45.211295" lon="5.897751"><ele>754.5</ele></trkpt>
<trkpt lat="45.211372" lon="5.897669"><ele>753.75</ele></trkpt>
<trkpt lat="45.211529" lon="5.897573"><ele>752.0</ele></trkpt>
<trkpt lat="45.211670" lon="5.897571"><ele>751.25</ele></trkpt>
<trkpt lat="45.211872" lon="5.897670"><ele>751.0</ele></trkpt>
<trkpt lat="45.211934" lon="5.897705"><ele>750.75</ele></trkpt>
<trkpt lat="45.212110" lon="5.897820"><ele>750.5</ele></trkpt>
<trkpt lat="45.212192" lon="5.897877"><ele>750.25</ele></trkpt>
<trkpt lat="45.212273" lon="5.897933"><ele>750.25</ele></trkpt>
<trkpt lat="45.212334" lon="5.897935"><ele>749.75</ele></trkpt>
<trkpt lat="45.212480" lon="5.897911"><ele>749.0</ele></trkpt>
<trkpt lat="45.212698" lon="5.897898"><ele>748.0</ele></trkpt>
<trkpt lat="45.212833" lon="5.897881"><ele>747.5</ele></trkpt>
<trkpt lat="45.212961" lon="5.897861"><ele>747.0</ele></trkpt>
<trkpt lat="45.213043" lon="5.897826"><ele>746.5</ele></trkpt>
<trkpt lat="45.213180" lon="5.897720"><ele>745.75</ele></trkpt>
<trkpt lat="45.213256" lon="5.897712"><ele>746.0</ele></trkpt>
<trkpt lat="45.213317" lon="5.897694"><ele>746.0</ele></trkpt>
<trkpt lat="45.213789" lon="5.897393"><ele>744.25</ele></trkpt>
<trkpt lat="45.213959" lon="5.897318"><ele>744.0</ele></trkpt>
<trkpt lat="45.214083" lon="5.897275"><ele>743.5</ele></trkpt>
<trkpt lat="45.214185" lon="5.897256"><ele>743.25</ele></trkpt>
<trkpt lat="45.214361" lon="5.897247"><ele>742.5</ele></trkpt>
<trkpt lat="45.214542" lon="5.897266"><ele>741.25</ele></trkpt>
<trkpt lat="45.214697" lon="5.897306"><ele>740.0</ele></trkpt>
<trkpt lat="45.215211" lon="5.897582"><ele>737.25</ele></trkpt>
<trkpt lat="45.216072" lon="5.898173"><ele>734.5</ele></trkpt>
<trkpt lat="45.216529" lon="5.898546"><ele>733.5</ele></trkpt>
<trkpt lat="45.216711" lon="5.898714"><ele>733.5</ele></trkpt>
<trkpt lat="45.216897" lon="5.898884"><ele>733.75</ele></trkpt>
<trkpt lat="45.217044" lon="5.899033"><ele>734.5</ele></trkpt>
<trkpt lat="45.217304" lon="5.899222"><ele>733.5</ele></trkpt>
<trkpt lat="45.217739" lon="5.899495"><ele>731.0</ele></trkpt>
<trkpt lat="45.218051" lon="5.899664"><ele>728.5</ele></trkpt>
<trkpt lat="45.218797" lon="5.900047"><ele>721.5</ele></trkpt>
<trkpt lat="45.218963" lon="5.900181"><ele>720.75</ele></trkpt>
<trkpt lat="45.219135" lon="5.900321"><ele>720.0</ele></trkpt>
<trkpt lat="45.219298" lon="5.900485"><ele>717.75</ele></trkpt>
<trkpt lat="45.219349" lon="5.900578"><ele>717.25</ele></trkpt>
<trkpt lat="45.219388" lon="5.900769"><ele>717.0</ele></trkpt>
<trkpt lat="45.219378" lon="5.900863"><ele>717.5</ele></trkpt>
<trkpt lat="45.219356" lon="5.900942"><ele>718.25</ele></trkpt>
<trkpt lat="45.219278" lon="5.901140"><ele>720.75</ele></trkpt>
<trkpt lat="45.219263" lon="5.901182"><ele>721.5</ele></trkpt>
<trkpt lat="45.219245" lon="5.901325"><ele>723.0</ele></trkpt>
<trkpt lat="45.219257" lon="5.901394"><ele>723.0</ele></trkpt>
<trkpt lat="45.219293" lon="5.901516"><ele>722.5</ele></trkpt>
<trkpt lat="45.219303" lon="5.901548"><ele>722.25</ele></trkpt>
<trkpt lat="45.219397" lon="5.901694"><ele>720.0</ele></trkpt>
<trkpt lat="45.219546" lon="5.901906"><ele>718.0</ele></trkpt>
<trkpt lat="45.219646" lon="5.902016"><ele>716.25</ele></trkpt>
<trkpt lat="45.219728" lon="5.902099"><ele>715.0</ele></trkpt>
<trkpt lat="45.219912" lon="5.902253"><ele>714.0</ele></trkpt>
<trkpt lat="45.220103" lon="5.902395"><ele>713.0</ele></trkpt>
<trkpt lat="45.220195" lon="5.902446"><ele>712.75</ele></trkpt>
<trkpt lat="45.220303" lon="5.902492"><ele>712.75</ele></trkpt>
<trkpt lat="45.220390" lon="5.902517"><ele>712.75</ele></trkpt>
<trkpt lat="45.220494" lon="5.902532"><ele>712.75</ele></trkpt>
<trkpt lat="45.220587" lon="5.902536"><ele>712.75</ele></trkpt>
<trkpt lat="45.220822" lon="5.902499"><ele>712.75</ele></trkpt>
<trkpt lat="45.220916" lon="5.902461"><ele>713.25</ele></trkpt>
<trkpt lat="45.221016" lon="5.902400"><ele>713.5</ele></trkpt>
<trkpt lat="45.221371" lon="5.902125"><ele>713.5</ele></trkpt>
<trkpt lat="45.221393" lon="5.902107"><ele>713.5</ele></trkpt>
<trkpt lat="45.221608" lon="5.901930"><ele>714.25</ele></trkpt>
<trkpt lat="45.221797" lon="5.901721"><ele>714.75</ele></trkpt>
<trkpt lat="45.222074" lon="5.901302"><ele>711.0</ele></trkpt>
<trkpt lat="45.222153" lon="5.901199"><ele>709.5</ele></trkpt>
<trkpt lat="45.222199" lon="5.901158"><ele>709.0</ele></trkpt>
<trkpt lat="45.222279" lon="5.901116"><ele>708.5</ele></trkpt>
<trkpt lat="45.222342" lon="5.901095"><ele>708.25</ele></trkpt>
<trkpt lat="45.222395" lon="5.901087"><ele>708.25</ele></trkpt>
<trkpt lat="45.222492" lon="5.901114"><ele>710.0</ele></trkpt>
<trkpt lat="45.223059" lon="5.901465"><ele>712.0</ele></trkpt>
<trkpt lat="45.223281" lon="5.901642"><ele>710.75</ele></trkpt>
<trkpt lat="45.223502" lon="5.901884"><ele>710.0</ele></trkpt>
<trkpt lat="45.223619" lon="5.902056"><ele>710.0</ele></trkpt>
<trkpt lat="45.223716" lon="5.902233"><ele>709.5</ele></trkpt>
<trkpt lat="45.224147" lon="5.903245"><ele>705.25</ele></trkpt>
<trkpt lat="45.224193" lon="5.903331"><ele>705.0</ele></trkpt>
<trkpt lat="45.224274" lon="5.903426"><ele>703.75</ele></trkpt>
<trkpt lat="45.224321" lon="5.903476"><ele>703.0</ele></trkpt>
<trkpt lat="45.224529" lon="5.903744"><ele>700.25</ele></trkpt>
<trkpt lat="45.224682" lon="5.903925"><ele>698.5</ele></trkpt>
<trkpt lat="45.224947" lon="5.904093"><ele>693.25</ele></trkpt>
<trkpt lat="45.224999" lon="5.904140"><ele>692.5</ele></trkpt>
<trkpt lat="45.225040" lon="5.904209"><ele>692.75</ele></trkpt>
<trkpt lat="45.225373" lon="5.905042"><ele>703.25</ele></trkpt>
<trkpt lat="45.225423" lon="5.905146"><ele>704.5</ele></trkpt>
<trkpt lat="45.225478" lon="5.905230"><ele>705.25</ele></trkpt>
<trkpt lat="45.225540" lon="5.905259"><ele>704.75</ele></trkpt>
<trkpt lat="45.225595" lon="5.905271"><ele>705.25</ele></trkpt>
<trkpt lat="45.225648" lon="5.905245"><ele>705.25</ele></trkpt>
<trkpt lat="45.225691" lon="5.905192"><ele>705.0</ele></trkpt>
<trkpt lat="45.225735" lon="5.905109"><ele>704.25</ele></trkpt>
<trkpt lat="45.225755" lon="5.905006"><ele>702.75</ele></trkpt>
<trkpt lat="45.225769" lon="5.904852"><ele>700.5</ele></trkpt>
<trkpt lat="45.225821" lon="5.904491"><ele>695.5</ele></trkpt>
<trkpt lat="45.225859" lon="5.904174"><ele>691.25</ele></trkpt>
<trkpt lat="45.225990" lon="5.903638"><ele>689.25</ele></trkpt>
<trkpt lat="45.226166" lon="5.903175"><ele>690.25</ele></trkpt>
<trkpt lat="45.226275" lon="5.902844"><ele>687.75</ele></trkpt>
<trkpt lat="45.226296" lon="5.902817"><ele>688.0</ele></trkpt>
<trkpt lat="45.226351" lon="5.902749"><ele>688.25</ele></trkpt>
<trkpt lat="45.226408" lon="5.902702"><ele>689.25</ele></trkpt>
<trkpt lat="45.226925" lon="5.902470"><ele>692.0</ele></trkpt>
<trkpt lat="45.227116" lon="5.902427"><ele>692.0</ele></trkpt>
<trkpt lat="45.227318" lon="5.902414"><ele>692.0</ele></trkpt>
<trkpt lat="45.227833" lon="5.902409"><ele>691.5</ele></trkpt>
<trkpt lat="45.228164" lon="5.902391"><ele>690.25</ele></trkpt>
<trkpt lat="45.228217" lon="5.902395"><ele>690.0</ele></trkpt>
<trkpt lat="45.228341" lon="5.902404"><ele>689.25</ele></trkpt>
<trkpt lat="45.228471" lon="5.902460"><ele>689.0</ele></trkpt>
<trkpt lat="45.228734" lon="5.902690"><ele>690.75</ele></trkpt>
<trkpt lat="45.228809" lon="5.902770"><ele>691.0</ele></trkpt>
<trkpt lat="45.229139" lon="5.903034"><ele>688.25</ele></trkpt>
<trkpt lat="45.229278" lon="5.903207"><ele>688.25</ele></trkpt>
<trkpt lat="45.229500" lon="5.903625"><ele>694.5</ele></trkpt>
<trkpt lat="45.229544" lon="5.903652"><ele>694.75</ele></trkpt>
<trkpt lat="45.229610" lon="5.903631"><ele>693.25</ele></trkpt>
<trkpt lat="45.229934" lon="5.903448"><ele>685.5</ele></trkpt>
<trkpt lat="45.230144" lon="5.903377"><ele>684.25</ele></trkpt>
<trkpt lat="45.230280" lon="5.903352"><ele>684.5</ele></trkpt>
<trkpt lat="45.230494" lon="5.903291"><ele>685.25</ele></trkpt>
<trkpt lat="45.230860" lon="5.903215"><ele>685.5</ele></trkpt>
<trkpt lat="45.231143" lon="5.903195"><ele>685.5</ele></trkpt>
<trkpt lat="45.231296" lon="5.903212"><ele>686.25</ele></trkpt>
<trkpt lat="45.231652" lon="5.903289"><ele>689.5</ele></trkpt>
<trkpt lat="45.231956" lon="5.903275"><ele>689.0</ele></trkpt>
<trkpt lat="45.232262" lon="5.903300"><ele>688.75</ele></trkpt>
<trkpt lat="45.232609" lon="5.903353"><ele>691.25</ele></trkpt>
<trkpt lat="45.232794" lon="5.903294"><ele>691.0</ele></trkpt>
<trkpt lat="45.233179" lon="5.903070"><ele>690.5</ele></trkpt>
<trkpt lat="45.234245" lon="5.902555"><ele>695.5</ele></trkpt>
<trkpt lat="45.234407" lon="5.902514"><ele>697.5</ele></trkpt>
<trkpt lat="45.234502" lon="5.902514"><ele>698.0</ele></trkpt>
<trkpt lat="45.234631" lon="5.902614"><ele>699.25</ele></trkpt>
<trkpt lat="45.234673" lon="5.902676"><ele>700.0</ele></trkpt>
<trkpt lat="45.234823" lon="5.902897"><ele>701.0</ele></trkpt>
<trkpt lat="45.234950" lon="5.903208"><ele>702.75</ele></trkpt>
<trkpt lat="45.234984" lon="5.903420"><ele>703.5</ele></trkpt>
<trkpt lat="45.234972" lon="5.903646"><ele>704.5</ele></trkpt>
<trkpt lat="45.234847" lon="5.904442"><ele>705.5</ele></trkpt>
<trkpt lat="45.234646" lon="5.905613"><ele>705.5</ele></trkpt>
<trkpt lat="45.234431" lon="5.906267"><ele>704.75</ele></trkpt>
<trkpt lat="45.234308" lon="5.906638"><ele>705.0</ele></trkpt>
<trkpt lat="45.234253" lon="5.906784"><ele>705.5</ele></trkpt>
<trkpt lat="45.234068" lon="5.907183"><ele>708.0</ele></trkpt>
<trkpt lat="45.233910" lon="5.907550"><ele>708.5</ele></trkpt>
<trkpt lat="45.233841" lon="5.907710"><ele>709.5</ele></trkpt>
<trkpt lat="45.233415" lon="5.908861"><ele>710.75</ele></trkpt>
<trkpt lat="45.233174" lon="5.909405"><ele>712.0</ele></trkpt>
<trkpt lat="45.233014" lon="5.909737"><ele>712.5</ele></trkpt>
<trkpt lat="45.232868" lon="5.909961"><ele>714.75</ele></trkpt>
<trkpt lat="45.232626" lon="5.910274"><ele>719.5</ele></trkpt>
<trkpt lat="45.232454" lon="5.910474"><ele>723.5</ele></trkpt>
<trkpt lat="45.232278" lon="5.910617"><ele>728.25</ele></trkpt>
<trkpt lat="45.232211" lon="5.910698"><ele>730.0</ele></trkpt>
<trkpt lat="45.232160" lon="5.910775"><ele>731.0</ele></trkpt>
<trkpt lat="45.232129" lon="5.910856"><ele>731.0</ele></trkpt>
<trkpt lat="45.232104" lon="5.910966"><ele>730.25</ele></trkpt>
<trkpt lat="45.232086" lon="5.911160"><ele>728.0</ele></trkpt>
<trkpt lat="45.232072" lon="5.911243"><ele>727.25</ele></trkpt>
<trkpt lat="45.232012" lon="5.911448"><ele>726.0</ele></trkpt>
<trkpt lat="45.231976" lon="5.911522"><ele>725.75</ele></trkpt>
<trkpt lat="45.231917" lon="5.911614"><ele>726.0</ele></trkpt>
<trkpt lat="45.231784" lon="5.911779"><ele>727.0</ele></trkpt>
<trkpt lat="45.231718" lon="5.911842"><ele>727.75</ele></trkpt>
<trkpt lat="45.231649" lon="5.911895"><ele>728.75</ele></trkpt>
<trkpt lat="45.231534" lon="5.911962"><ele>730.75</ele></trkpt>
<trkpt lat="45.231306" lon="5.912024"><ele>736.75</ele></trkpt>
<trkpt lat="45.231169" lon="5.912092"><ele>739.75</ele></trkpt>
<trkpt lat="45.231033" lon="5.912180"><ele>742.0</ele></trkpt>
<trkpt lat="45.230711" lon="5.912483"><ele>744.75</ele></trkpt>
<trkpt lat="45.230524" lon="5.912674"><ele>746.75</ele></trkpt>
<trkpt lat="45.230345" lon="5.912890"><ele>747.25</ele></trkpt>
<trkpt lat="45.230161" lon="5.913127"><ele>748.25</ele></trkpt>
<trkpt lat="45.229959" lon="5.913452"><ele>748.5</ele></trkpt>
<trkpt lat="45.229828" lon="5.913756"><ele>746.75</ele></trkpt>
<trkpt lat="45.229730" lon="5.914034"><ele>744.75</ele></trkpt>
<trkpt lat="45.229655" lon="5.914148"><ele>746.5</ele></trkpt>
<trkpt lat="45.229609" lon="5.914249"><ele>747.25</ele></trkpt>
<trkpt lat="45.229543" lon="5.914448"><ele>747.75</ele></trkpt>
<trkpt lat="45.229496" lon="5.914872"><ele>750.0</ele></trkpt>
<trkpt lat="45.229498" lon="5.915088"><ele>751.5</ele></trkpt>
<trkpt lat="45.229525" lon="5.915270"><ele>752.25</ele></trkpt>
<trkpt lat="45.229581" lon="5.915444"><ele>750.25</ele></trkpt>
<trkpt lat="45.229656" lon="5.915637"><ele>747.25</ele></trkpt>
<trkpt lat="45.229736" lon="5.915765"><ele>743.25</ele></trkpt>
<trkpt lat="45.229806" lon="5.915949"><ele>740.5</ele></trkpt>
<trkpt lat="45.229826" lon="5.916236"><ele>741.0</ele></trkpt>
<trkpt lat="45.229794" lon="5.916708"><ele>742.0</ele></trkpt>
<trkpt lat="45.229728" lon="5.917189"><ele>739.25</ele></trkpt>
<trkpt lat="45.229652" lon="5.917468"><ele>738.5</ele></trkpt>
<trkpt lat="45.229518" lon="5.917734"><ele>738.75</ele></trkpt>
<trkpt lat="45.229256" lon="5.918180"><ele>740.0</ele></trkpt>
<trkpt lat="45.228928" lon="5.918679"><ele>740.25</ele></trkpt>
<trkpt lat="45.228556" lon="5.919139"><ele>739.5</ele></trkpt>
<trkpt lat="45.228436" lon="5.919243"><ele>739.5</ele></trkpt>
<trkpt lat="45.228315" lon="5.919332"><ele>739.5</ele></trkpt>
<trkpt lat="45.227960" lon="5.919474"><ele>741.5</ele></trkpt>
<trkpt lat="45.227800" lon="5.919565"><ele>743.5</ele></trkpt>
<trkpt lat="45.227705" lon="5.919637"><ele>745.75</ele></trkpt>
<trkpt lat="45.227668" lon="5.919711"><ele>746.0</ele></trkpt>
<trkpt lat="45.227648" lon="5.919768"><ele>746.25</ele></trkpt>
<trkpt lat="45.227630" lon="5.919849"><ele>746.0</ele></trkpt>
<trkpt lat="45.227634" lon="5.920010"><ele>744.5</ele></trkpt>
<trkpt lat="45.227663" lon="5.920259"><ele>741.25</ele></trkpt>
<trkpt lat="45.227658" lon="5.920400"><ele>740.0</ele></trkpt>
<trkpt lat="45.227624" lon="5.920584"><ele>739.5</ele></trkpt>
<trkpt lat="45.227576" lon="5.920747"><ele>739.5</ele></trkpt>
<trkpt lat="45.227490" lon="5.920965"><ele>739.75</ele></trkpt>
<trkpt lat="45.226752" lon="5.922384"><ele>746.0</ele></trkpt>
<trkpt lat="45.226245" lon="5.923376"><ele>749.25</ele></trkpt>
<trkpt lat="45.226150" lon="5.923748"><ele>748.75</ele></trkpt>
<trkpt lat="45.226073" lon="5.924241"><ele>748.5</ele></trkpt>
<trkpt lat="45.225912" lon="5.925147"><ele>746.75</ele></trkpt>
<trkpt lat="45.225861" lon="5.925599"><ele>745.0</ele></trkpt>
<trkpt lat="45.225869" lon="5.925706"><ele>744.5</ele></trkpt>
<trkpt lat="45.225908" lon="5.926196"><ele>742.5</ele></trkpt>
<trkpt lat="45.225908" lon="5.926438"><ele>742.5</ele></trkpt>
<trkpt lat="45.225878" lon="5.926621"><ele>741.5</ele></trkpt>
<trkpt lat="45.225837" lon="5.926745"><ele>741.25</ele></trkpt>
<trkpt lat="45.225766" lon="5.926851"><ele>741.5</ele></trkpt>
<trkpt lat="45.225279" lon="5.927511"><ele>740.75</ele></trkpt>
<trkpt lat="45.225148" lon="5.927635"><ele>740.0</ele></trkpt>
<trkpt lat="45.225026" lon="5.927702"><ele>740.25</ele></trkpt>
<trkpt lat="45.224276" lon="5.927851"><ele>742.25</ele></trkpt>
<trkpt lat="45.223932" lon="5.927877"><ele>743.75</ele></trkpt>
<trkpt lat="45.223534" lon="5.927794"><ele>745.25</ele></trkpt>
<trkpt lat="45.222996" lon="5.927622"><ele>748.25</ele></trkpt>
<trkpt lat="45.222859" lon="5.927616"><ele>748.25</ele></trkpt>
<trkpt lat="45.222710" lon="5.927634"><ele>748.25</ele></trkpt>
<trkpt lat="45.222511" lon="5.927673"><ele>748.0</ele></trkpt>
<trkpt lat="45.222089" lon="5.927810"><ele>747.25</ele></trkpt>
<trkpt lat="45.221993" lon="5.927833"><ele>747.5</ele></trkpt>
<trkpt lat="45.221791" lon="5.927902"><ele>747.5</ele></trkpt>
<trkpt lat="45.221581" lon="5.927956"><ele>747.5</ele></trkpt>
<trkpt lat="45.221422" lon="5.927981"><ele>748.0</ele></trkpt>
<trkpt lat="45.221105" lon="5.927999"><ele>748.0</ele></trkpt>
<trkpt lat="45.221024" lon="5.928006"><ele>748.0</ele></trkpt>
<trkpt lat="45.220763" lon="5.928037"><ele>748.5</ele></trkpt>
<trkpt lat="45.220532" lon="5.928083"><ele>748.75</ele></trkpt>
<trkpt lat="45.220419" lon="5.928124"><ele>748.75</ele></trkpt>
<trkpt lat="45.220327" lon="5.928167"><ele>749.0</ele></trkpt>
<trkpt lat="45.220047" lon="5.928334"><ele>748.5</ele></trkpt>
<trkpt lat="45.219068" lon="5.928967"><ele>748.75</ele></trkpt>
<trkpt lat="45.218912" lon="5.929108"><ele>748.5</ele></trkpt>
<trkpt lat="45.218623" lon="5.929471"><ele>748.25</ele></trkpt>
<trkpt lat="45.218311" lon="5.929818"><ele>749.0</ele></trkpt>
<trkpt lat="45.217950" lon="5.930148"><ele>749.0</ele></trkpt>
<trkpt lat="45.217598" lon="5.930397"><ele>749.0</ele></trkpt>
<trkpt lat="45.217407" lon="5.930501"><ele>749.5</ele></trkpt>
<trkpt lat="45.217338" lon="5.930538"><ele>749.75</ele></trkpt>
<trkpt lat="45.217098" lon="5.930663"><ele>750.75</ele></trkpt>
<trkpt lat="45.216833" lon="5.930820"><ele>752.25</ele></trkpt>
<trkpt lat="45.216634" lon="5.930996"><ele>753.0</ele></trkpt>
<trkpt lat="45.216220" lon="5.931521"><ele>753.5</ele></trkpt>
<trkpt lat="45.216099" lon="5.931652"><ele>754.0</ele></trkpt>
<trkpt lat="45.216017" lon="5.931736"><ele>753.75</ele></trkpt>
<trkpt lat="45.215933" lon="5.931834"><ele>753.25</ele></trkpt>
<trkpt lat="45.215760" lon="5.931995"><ele>752.75</ele></trkpt>
<trkpt lat="45.215457" lon="5.932165"><ele>752.75</ele></trkpt>
<trkpt lat="45.215399" lon="5.932196"><ele>752.75</ele></trkpt>
<trkpt lat="45.214763" lon="5.932518"><ele>753.0</ele></trkpt>
<trkpt lat="45.214280" lon="5.932684"><ele>756.0</ele></trkpt>
<trkpt lat="45.214048" lon="5.932776"><ele>757.5</ele></trkpt>
<trkpt lat="45.213884" lon="5.932908"><ele>758.0</ele></trkpt>
<trkpt lat="45.213679" lon="5.933122"><ele>759.25</ele></trkpt>
<trkpt lat="45.213633" lon="5.933224"><ele>759.25</ele></trkpt>
<trkpt lat="45.213625" lon="5.933281"><ele>759.0</ele></trkpt>
<trkpt lat="45.213648" lon="5.933397"><ele>758.25</ele></trkpt>
<trkpt lat="45.213661" lon="5.933466"><ele>757.75</ele></trkpt>
<trkpt lat="45.213678" lon="5.933517"><ele>757.5</ele></trkpt>
<trkpt lat="45.213733" lon="5.934009"><ele>757.5</ele></trkpt>
<trkpt lat="45.213743" lon="5.934075"><ele>757.5</ele></trkpt>
<trkpt lat="45.213762" lon="5.934197"><ele>757.5</ele></trkpt>
<trkpt lat="45.213814" lon="5.934358"><ele>757.75</ele></trkpt>
<trkpt lat="45.214004" lon="5.934725"><ele>757.5</ele></trkpt>
<trkpt lat="45.214037" lon="5.934783"><ele>757.5</ele></trkpt>
<trkpt lat="45.214098" lon="5.934886"><ele>757.75</ele></trkpt>
<trkpt lat="45.214178" lon="5.935000"><ele>757.75</ele></trkpt>
<trkpt lat="45.214277" lon="5.935123"><ele>758.0</ele></trkpt>
<trkpt lat="45.214370" lon="5.935193"><ele>758.25</ele></trkpt>
<trkpt lat="45.214451" lon="5.935216"><ele>758.5</ele></trkpt>
<trkpt lat="45.214547" lon="5.935217"><ele>758.75</ele></trkpt>
<trkpt lat="45.214670" lon="5.935199"><ele>759.0</ele></trkpt>
<trkpt lat="45.214967" lon="5.935116"><ele>759.5</ele></trkpt>
<trkpt lat="45.215196" lon="5.935039"><ele>760.25</ele></trkpt>
<trkpt lat="45.215305" lon="5.934964"><ele>759.75</ele></trkpt>
<trkpt lat="45.215524" lon="5.934740"><ele>759.75</ele></trkpt>
<trkpt lat="45.215936" lon="5.934261"><ele>760.0</ele></trkpt>
<trkpt lat="45.216370" lon="5.933772"><ele>760.5</ele></trkpt>
<trkpt lat="45.216458" lon="5.933701"><ele>760.5</ele></trkpt>
<trkpt lat="45.216556" lon="5.933649"><ele>761.0</ele></trkpt>
<trkpt lat="45.216657" lon="5.933627"><ele>762.0</ele></trkpt>
<trkpt lat="45.216755" lon="5.933627"><ele>762.0</ele></trkpt>
<trkpt lat="45.216852" lon="5.933655"><ele>762.25</ele></trkpt>
<trkpt lat="45.217127" lon="5.933785"><ele>761.5</ele></trkpt>
<trkpt lat="45.217279" lon="5.933846"><ele>761.25</ele></trkpt>
<trkpt lat="45.217381" lon="5.933871"><ele>761.0</ele></trkpt>
<trkpt lat="45.217463" lon="5.933873"><ele>760.75</ele></trkpt>
<trkpt lat="45.217574" lon="5.933859"><ele>760.75</ele></trkpt>
<trkpt lat="45.217693" lon="5.933810"><ele>760.75</ele></trkpt>
<trkpt lat="45.217860" lon="5.933712"><ele>759.75</ele></trkpt>
<trkpt lat="45.218127" lon="5.933537"><ele>758.25</ele></trkpt>
<trkpt lat="45.218445" lon="5.933312"><ele>757.5</ele></trkpt>
<trkpt lat="45.218759" lon="5.933107"><ele>760.0</ele></trkpt>
<trkpt lat="45.218906" lon="5.932999"><ele>761.25</ele></trkpt>
<trkpt lat="45.218997" lon="5.932914"><ele>761.5</ele></trkpt>
<trkpt lat="45.219069" lon="5.932826"><ele>761.5</ele></trkpt>
<trkpt lat="45.219322" lon="5.932466"><ele>759.5</ele></trkpt>
<trkpt lat="45.219414" lon="5.932379"><ele>758.5</ele></trkpt>
<trkpt lat="45.219501" lon="5.932317"><ele>757.0</ele></trkpt>
<trkpt lat="45.219600" lon="5.932259"><ele>755.0</ele></trkpt>
<trkpt lat="45.219718" lon="5.932232"><ele>754.25</ele></trkpt>
<trkpt lat="45.219828" lon="5.932243"><ele>752.25</ele></trkpt>
<trkpt lat="45.219917" lon="5.932263"><ele>751.0</ele></trkpt>
<trkpt lat="45.220033" lon="5.932317"><ele>750.5</ele></trkpt>
<trkpt lat="45.220145" lon="5.932398"><ele>750.25</ele></trkpt>
<trkpt lat="45.220533" lon="5.932754"><ele>750.75</ele></trkpt>
<trkpt lat="45.221036" lon="5.933191"><ele>753.5</ele></trkpt>
<trkpt lat="45.221202" lon="5.933316"><ele>754.75</ele></trkpt>
<trkpt lat="45.221424" lon="5.933437"><ele>755.75</ele></trkpt>
<trkpt lat="45.221627" lon="5.933525"><ele>755.75</ele></trkpt>
<trkpt lat="45.221790" lon="5.933570"><ele>756.5</ele></trkpt>
<trkpt lat="45.221853" lon="5.933553"><ele>756.5</ele></trkpt>
<trkpt lat="45.221934" lon="5.933516"><ele>756.25</ele></trkpt>
<trkpt lat="45.222010" lon="5.933443"><ele>756.0</ele></trkpt>
<trkpt lat="45.222264" lon="5.933097"><ele>752.5</ele></trkpt>
<trkpt lat="45.222338" lon="5.933024"><ele>752.25</ele></trkpt>
<trkpt lat="45.222417" lon="5.932970"><ele>752.25</ele></trkpt>
<trkpt lat="45.222543" lon="5.932950"><ele>753.5</ele></trkpt>
<trkpt lat="45.222608" lon="5.932957"><ele>754.0</ele></trkpt>
<trkpt lat="45.222659" lon="5.932962"><ele>754.25</ele></trkpt>
<trkpt lat="45.222925" lon="5.933040"><ele>756.0</ele></trkpt>
<trkpt lat="45.223025" lon="5.933089"><ele>756.5</ele></trkpt>
<trkpt lat="45.223465" lon="5.933371"><ele>759.0</ele></trkpt>
<trkpt lat="45.223922" lon="5.933542"><ele>760.25</ele></trkpt>
<trkpt lat="45.224088" lon="5.933665"><ele>761.5</ele></trkpt>
<trkpt lat="45.224214" lon="5.933780"><ele>762.5</ele></trkpt>
<trkpt lat="45.224363" lon="5.933954"><ele>763.75</ele></trkpt>
<trkpt lat="45.224807" lon="5.934414"><ele>769.5</ele></trkpt>
<trkpt lat="45.225075" lon="5.934543"><ele>771.0</ele></trkpt>
<trkpt lat="45.225341" lon="5.934598"><ele>771.5</ele></trkpt>
<trkpt lat="45.225621" lon="5.934632"><ele>772.25</ele></trkpt>
<trkpt lat="45.225913" lon="5.934662"><ele>773.5</ele></trkpt>
<trkpt lat="45.226257" lon="5.934670"><ele>775.5</ele></trkpt>
<trkpt lat="45.226396" lon="5.934644"><ele>776.25</ele></trkpt>
<trkpt lat="45.226507" lon="5.934605"><ele>776.75</ele></trkpt>
<trkpt lat="45.226629" lon="5.934546"><ele>776.75</ele></trkpt>
<trkpt lat="45.226723" lon="5.934501"><ele>776.5</ele></trkpt>
<trkpt lat="45.226871" lon="5.934412"><ele>775.25</ele></trkpt>
<trkpt lat="45.226998" lon="5.934319"><ele>773.5</ele></trkpt>
<trkpt lat="45.227194" lon="5.934094"><ele>769.5</ele></trkpt>
<trkpt lat="45.227359" lon="5.933871"><ele>768.0</ele></trkpt>
<trkpt lat="45.227645" lon="5.933517"><ele>765.0</ele></trkpt>
<trkpt lat="45.227765" lon="5.933422"><ele>764.75</ele></trkpt>
<trkpt lat="45.227851" lon="5.933383"><ele>764.5</ele></trkpt>
<trkpt lat="45.228361" lon="5.933297"><ele>763.0</ele></trkpt>
<trkpt lat="45.228488" lon="5.933299"><ele>762.25</ele></trkpt>
<trkpt lat="45.228642" lon="5.933328"><ele>761.5</ele></trkpt>
<trkpt lat="45.228755" lon="5.933375"><ele>760.75</ele></trkpt>
<trkpt lat="45.229001" lon="5.933559"><ele>759.25</ele></trkpt>
<trkpt lat="45.229065" lon="5.933591"><ele>758.75</ele></trkpt>
<trkpt lat="45.229116" lon="5.933599"><ele>758.25</ele></trkpt>
<trkpt lat="45.229169" lon="5.933592"><ele>757.75</ele></trkpt>
<trkpt lat="45.229358" lon="5.933501"><ele>755.5</ele></trkpt>
<trkpt lat="45.229439" lon="5.933480"><ele>754.5</ele></trkpt>
<trkpt lat="45.229561" lon="5.933474"><ele>753.25</ele></trkpt>
<trkpt lat="45.230095" lon="5.933526"><ele>748.25</ele></trkpt>
<trkpt lat="45.230191" lon="5.933546"><ele>747.75</ele></trkpt>
<trkpt lat="45.230264" lon="5.933574"><ele>747.5</ele></trkpt>
<trkpt lat="45.230272" lon="5.933674"><ele>749.0</ele></trkpt>
<trkpt lat="45.230288" lon="5.933730"><ele>750.0</ele></trkpt>
<trkpt lat="45.230325" lon="5.933804"><ele>750.75</ele></trkpt>
<trkpt lat="45.230379" lon="5.933846"><ele>751.0</ele></trkpt>
<trkpt lat="45.230823" lon="5.934033"><ele>750.0</ele></trkpt>
<trkpt lat="45.231010" lon="5.934118"><ele>750.5</ele></trkpt>
<trkpt lat="45.231156" lon="5.934196"><ele>751.5</ele></trkpt>
<trkpt lat="45.231423" lon="5.934405"><ele>755.25</ele></trkpt>
<trkpt lat="45.231497" lon="5.934420"><ele>755.75</ele></trkpt>
<trkpt lat="45.231600" lon="5.934406"><ele>756.0</ele></trkpt>
<trkpt lat="45.231804" lon="5.934326"><ele>757.25</ele></trkpt>
<trkpt lat="45.231864" lon="5.934290"><ele>757.75</ele></trkpt>
<trkpt lat="45.231913" lon="5.934243"><ele>758.0</ele></trkpt>
<trkpt lat="45.231953" lon="5.934182"><ele>758.25</ele></trkpt>
<trkpt lat="45.232160" lon="5.933821"><ele>759.25</ele></trkpt>
<trkpt lat="45.232404" lon="5.933521"><ele>761.5</ele></trkpt>
<trkpt lat="45.232734" lon="5.933154"><ele>762.5</ele></trkpt>
<trkpt lat="45.233773" lon="5.932293"><ele>773.75</ele></trkpt>
<trkpt lat="45.234291" lon="5.931761"><ele>779.5</ele></trkpt>
<trkpt lat="45.234757" lon="5.931136"><ele>784.0</ele></trkpt>
<trkpt lat="45.235074" lon="5.930783"><ele>785.0</ele></trkpt>
<trkpt lat="45.235201" lon="5.930681"><ele>784.75</ele></trkpt>
<trkpt lat="45.235354" lon="5.930613"><ele>786.5</ele></trkpt>
<trkpt lat="45.235502" lon="5.930588"><ele>788.75</ele></trkpt>
<trkpt lat="45.235646" lon="5.930599"><ele>791.75</ele></trkpt>
<trkpt lat="45.235724" lon="5.930637"><ele>794.25</ele></trkpt>
<trkpt lat="45.235806" lon="5.930643"><ele>796.0</ele></trkpt>
<trkpt lat="45.235896" lon="5.930613"><ele>796.75</ele></trkpt>
<trkpt lat="45.236358" lon="5.930410"><ele>799.0</ele></trkpt>
<trkpt lat="45.236939" lon="5.930035"><ele>803.5</ele></trkpt>
<trkpt lat="45.237013" lon="5.929968"><ele>804.0</ele></trkpt>
<trkpt lat="45.236994" lon="5.930069"><ele>805.75</ele></trkpt>
<trkpt lat="45.236906" lon="5.930175"><ele>805.75</ele></trkpt>
<trkpt lat="45.236835" lon="5.930333"><ele>807.5</ele></trkpt>
<trkpt lat="45.236626" lon="5.930847"><ele>817.25</ele></trkpt>
<trkpt lat="45.236271" lon="5.931369"><ele>824.25</ele></trkpt>
<trkpt lat="45.235781" lon="5.931956"><ele>829.0</ele></trkpt>
<trkpt lat="45.235721" lon="5.932156"><ele>830.75</ele></trkpt>
<trkpt lat="45.235637" lon="5.932615"><ele>836.25</ele></trkpt>
<trkpt lat="45.235612" lon="5.932715"><ele>837.25</ele></trkpt>
<trkpt lat="45.235631" lon="5.932915"><ele>840.5</ele></trkpt>
<trkpt lat="45.235628" lon="5.933152"><ele>843.75</ele></trkpt>
<trkpt lat="45.235646" lon="5.933250"><ele>845.75</ele></trkpt>
<trkpt lat="45.235577" lon="5.933680"><ele>850.5</ele></trkpt>
<trkpt lat="45.235516" lon="5.933977"><ele>853.25</ele></trkpt>
<trkpt lat="45.235482" lon="5.934136"><ele>854.75</ele></trkpt>
<trkpt lat="45.235313" lon="5.934718"><ele>859.5</ele></trkpt>
<trkpt lat="45.235186" lon="5.934936"><ele>858.75</ele></trkpt>
<trkpt lat="45.235149" lon="5.935025"><ele>859.0</ele></trkpt>
<trkpt lat="45.235131" lon="5.935111"><ele>859.75</ele></trkpt>
<trkpt lat="45.235103" lon="5.935383"><ele>862.5</ele></trkpt>
<trkpt lat="45.235091" lon="5.935538"><ele>864.0</ele></trkpt>
<trkpt lat="45.235071" lon="5.935633"><ele>864.5</ele></trkpt>
<trkpt lat="45.234964" lon="5.935996"><ele>865.0</ele></trkpt>
<trkpt lat="45.234949" lon="5.936107"><ele>865.5</ele></trkpt>
<trkpt lat="45.234943" lon="5.936222"><ele>866.0</ele></trkpt>
<trkpt lat="45.234954" lon="5.936346"><ele>867.5</ele></trkpt>
<trkpt lat="45.235035" lon="5.936744"><ele>872.25</ele></trkpt>
<trkpt lat="45.235051" lon="5.936901"><ele>873.75</ele></trkpt>
<trkpt lat="45.235054" lon="5.937159"><ele>875.75</ele></trkpt>
<trkpt lat="45.235034" lon="5.937495"><ele>877.75</ele></trkpt>
<trkpt lat="45.235022" lon="5.937740"><ele>879.25</ele></trkpt>
<trkpt lat="45.234981" lon="5.938279"><ele>881.25</ele></trkpt>
<trkpt lat="45.234981" lon="5.938412"><ele>882.0</ele></trkpt>
<trkpt lat="45.235005" lon="5.938521"><ele>883.25</ele></trkpt>
<trkpt lat="45.235039" lon="5.938624"><ele>885.0</ele></trkpt>
<trkpt lat="45.235070" lon="5.938697"><ele>886.0</ele></trkpt>
<trkpt lat="45.235127" lon="5.938887"><ele>888.0</ele></trkpt>
<trkpt lat="45.235144" lon="5.938943"><ele>888.75</ele></trkpt>
<trkpt lat="45.235199" lon="5.939222"><ele>891.0</ele></trkpt>
<trkpt lat="45.235222" lon="5.939448"><ele>892.5</ele></trkpt>
<trkpt lat="45.235268" lon="5.939884"><ele>895.25</ele></trkpt>
<trkpt lat="45.235264" lon="5.940007"><ele>895.75</ele></trkpt>
<trkpt lat="45.235241" lon="5.940133"><ele>896.25</ele></trkpt>
<trkpt lat="45.235186" lon="5.940268"><ele>896.5</ele></trkpt>
<trkpt lat="45.234997" lon="5.940578"><ele>897.25</ele></trkpt>
<trkpt lat="45.234927" lon="5.940714"><ele>898.25</ele></trkpt>
<trkpt lat="45.234878" lon="5.940866"><ele>899.5</ele></trkpt>
<trkpt lat="45.234852" lon="5.941018"><ele>901.5</ele></trkpt>
<trkpt lat="45.234842" lon="5.941137"><ele>902.75</ele></trkpt>
<trkpt lat="45.234851" lon="5.941219"><ele>903.75</ele></trkpt>
<trkpt lat="45.234876" lon="5.941265"><ele>904.5</ele></trkpt>
<trkpt lat="45.234941" lon="5.941283"><ele>905.75</ele></trkpt>
<trkpt lat="45.234988" lon="5.941265"><ele>906.25</ele></trkpt>
<trkpt lat="45.235081" lon="5.941170"><ele>907.0</ele></trkpt>
<trkpt lat="45.235185" lon="5.941033"><ele>907.0</ele></trkpt>
<trkpt lat="45.235274" lon="5.940945"><ele>907.5</ele></trkpt>
<trkpt lat="45.235407" lon="5.940854"><ele>909.0</ele></trkpt>
<trkpt lat="45.235510" lon="5.940767"><ele>910.0</ele></trkpt>
<trkpt lat="45.235592" lon="5.940658"><ele>910.5</ele></trkpt>
<trkpt lat="45.235694" lon="5.940447"><ele>911.25</ele></trkpt>
<trkpt lat="45.235787" lon="5.940205"><ele>911.75</ele></trkpt>
<trkpt lat="45.235852" lon="5.939963"><ele>912.5</ele></trkpt>
<trkpt lat="45.235913" lon="5.939601"><ele>913.25</ele></trkpt>
<trkpt lat="45.235934" lon="5.939350"><ele>912.5</ele></trkpt>
<trkpt lat="45.235947" lon="5.939257"><ele>912.25</ele></trkpt>
<trkpt lat="45.235970" lon="5.939165"><ele>912.25</ele></trkpt>
<trkpt lat="45.236034" lon="5.939075"><ele>913.75</ele></trkpt>
<trkpt lat="45.236078" lon="5.939058"><ele>915.0</ele></trkpt>
<trkpt lat="45.236133" lon="5.939084"><ele>917.0</ele></trkpt>
<trkpt lat="45.236177" lon="5.939143"><ele>918.75</ele></trkpt>
<trkpt lat="45.236192" lon="5.939229"><ele>920.0</ele></trkpt>
<trkpt lat="45.236177" lon="5.939321"><ele>920.25</ele></trkpt>
<trkpt lat="45.236093" lon="5.939540"><ele>919.0</ele></trkpt>
<trkpt lat="45.236057" lon="5.939685"><ele>918.75</ele></trkpt>
<trkpt lat="45.236035" lon="5.939827"><ele>918.75</ele></trkpt>
<trkpt lat="45.236020" lon="5.940459"><ele>922.75</ele></trkpt>
<trkpt lat="45.235998" lon="5.940644"><ele>923.75</ele></trkpt>
<trkpt lat="45.235963" lon="5.940826"><ele>924.5</ele></trkpt>
<trkpt lat="45.235864" lon="5.941178"><ele>926.75</ele></trkpt>
<trkpt lat="45.235732" lon="5.941538"><ele>927.25</ele></trkpt>
<trkpt lat="45.235685" lon="5.941723"><ele>927.75</ele></trkpt>
<trkpt lat="45.235664" lon="5.941900"><ele>929.0</ele></trkpt>
<trkpt lat="45.235664" lon="5.942077"><ele>929.75</ele></trkpt>
<trkpt lat="45.235701" lon="5.942329"><ele>931.75</ele></trkpt>
<trkpt lat="45.235768" lon="5.942567"><ele>933.75</ele></trkpt>
<trkpt lat="45.235812" lon="5.942701"><ele>934.5</ele></trkpt>
<trkpt lat="45.235890" lon="5.942941"><ele>935.75</ele></trkpt>
<trkpt lat="45.235941" lon="5.943205"><ele>936.5</ele></trkpt>
<trkpt lat="45.235947" lon="5.943531"><ele>937.5</ele></trkpt>
<trkpt lat="45.235955" lon="5.943740"><ele>938.75</ele></trkpt>
<trkpt lat="45.235952" lon="5.943957"><ele>940.0</ele></trkpt>
<trkpt lat="45.235913" lon="5.944102"><ele>940.5</ele></trkpt>
<trkpt lat="45.235856" lon="5.944215"><ele>941.0</ele></trkpt>
<trkpt lat="45.235763" lon="5.944283"><ele>941.0</ele></trkpt>
<trkpt lat="45.235610" lon="5.944320"><ele>940.5</ele></trkpt>
<trkpt lat="45.235435" lon="5.944429"><ele>941.25</ele></trkpt>
<trkpt lat="45.235326" lon="5.944564"><ele>942.0</ele></trkpt>
<trkpt lat="45.235309" lon="5.944674"><ele>942.75</ele></trkpt>
<trkpt lat="45.235310" lon="5.944793"><ele>944.25</ele></trkpt>
<trkpt lat="45.235334" lon="5.944929"><ele>946.25</ele></trkpt>
<trkpt lat="45.235393" lon="5.945053"><ele>948.5</ele></trkpt>
<trkpt lat="45.235436" lon="5.945102"><ele>949.5</ele></trkpt>
<trkpt lat="45.235490" lon="5.945125"><ele>950.25</ele></trkpt>
<trkpt lat="45.235743" lon="5.945096"><ele>952.25</ele></trkpt>
<trkpt lat="45.235903" lon="5.945072"><ele>953.25</ele></trkpt>
<trkpt lat="45.236337" lon="5.944974"><ele>957.0</ele></trkpt>
<trkpt lat="45.236390" lon="5.944931"><ele>957.5</ele></trkpt>
<trkpt lat="45.236459" lon="5.944846"><ele>958.25</ele></trkpt>
<trkpt lat="45.236523" lon="5.944705"><ele>959.25</ele></trkpt>
<trkpt lat="45.236735" lon="5.944075"><ele>963.0</ele></trkpt>
<trkpt lat="45.236824" lon="5.943786"><ele>965.75</ele></trkpt>
<trkpt lat="45.236873" lon="5.943510"><ele>967.25</ele></trkpt>
<trkpt lat="45.236872" lon="5.943277"><ele>967.25</ele></trkpt>
<trkpt lat="45.236809" lon="5.942727"><ele>966.25</ele></trkpt>
<trkpt lat="45.236818" lon="5.942620"><ele>967.0</ele></trkpt>
<trkpt lat="45.236848" lon="5.942545"><ele>968.25</ele></trkpt>
<trkpt lat="45.236905" lon="5.942491"><ele>970.5</ele></trkpt>
<trkpt lat="45.236972" lon="5.942499"><ele>972.75</ele></trkpt>
<trkpt lat="45.237009" lon="5.942520"><ele>974.0</ele></trkpt>
<trkpt lat="45.237038" lon="5.942566"><ele>974.75</ele></trkpt>
<trkpt lat="45.237064" lon="5.942688"><ele>975.25</ele></trkpt>
<trkpt lat="45.237067" lon="5.942949"><ele>974.75</ele></trkpt>
<trkpt lat="45.237079" lon="5.943071"><ele>974.75</ele></trkpt>
<trkpt lat="45.237267" lon="5.943747"><ele>981.5</ele></trkpt>
<trkpt lat="45.237335" lon="5.944768"><ele>984.75</ele></trkpt>
<trkpt lat="45.237393" lon="5.945068"><ele>986.25</ele></trkpt>
<trkpt lat="45.237538" lon="5.945440"><ele>988.0</ele></trkpt>
<trkpt lat="45.237740" lon="5.945892"><ele>992.0</ele></trkpt>
<trkpt lat="45.237958" lon="5.946477"><ele>996.25</ele></trkpt>
<trkpt lat="45.238119" lon="5.946946"><ele>1000.25</ele></trkpt>
<trkpt lat="45.238289" lon="5.947474"><ele>1003.75</ele></trkpt>
<trkpt lat="45.238357" lon="5.947775"><ele>1004.5</ele></trkpt>
<trkpt lat="45.238423" lon="5.948289"><ele>1007.75</ele></trkpt>
<trkpt lat="45.238463" lon="5.948965"><ele>1010.75</ele></trkpt>
<trkpt lat="45.238497" lon="5.949254"><ele>1012.25</ele></trkpt>
<trkpt lat="45.238593" lon="5.949667"><ele>1014.5</ele></trkpt>
<trkpt lat="45.238712" lon="5.949991"><ele>1015.5</ele></trkpt>
<trkpt lat="45.238864" lon="5.950277"><ele>1016.75</ele></trkpt>
<trkpt lat="45.239516" lon="5.951460"><ele>1018.5</ele></trkpt>
<trkpt lat="45.239978" lon="5.952311"><ele>1017.5</ele></trkpt>
<trkpt lat="45.240215" lon="5.952734"><ele>1017.0</ele></trkpt>
<trkpt lat="45.240317" lon="5.953002"><ele>1016.25</ele></trkpt>
<trkpt lat="45.240361" lon="5.953183"><ele>1015.75</ele></trkpt>
<trkpt lat="45.240458" lon="5.953677"><ele>1014.0</ele></trkpt>
<trkpt lat="45.240518" lon="5.953908"><ele>1013.0</ele></trkpt>
<trkpt lat="45.240668" lon="5.954476"><ele>1011.75</ele></trkpt>
<trkpt lat="45.240941" lon="5.955059"><ele>1008.0</ele></trkpt>
<trkpt lat="45.241369" lon="5.955666"><ele>1001.75</ele></trkpt>
<trkpt lat="45.241484" lon="5.956055"><ele>996.75</ele></trkpt>
<trkpt lat="45.241512" lon="5.956499"><ele>991.75</ele></trkpt>
<trkpt lat="45.241483" lon="5.956850"><ele>989.0</ele></trkpt>
<trkpt lat="45.241346" lon="5.957689"><ele>985.75</ele></trkpt>
<trkpt lat="45.241321" lon="5.958039"><ele>985.5</ele></trkpt>
<trkpt lat="45.241274" lon="5.958453"><ele>985.75</ele></trkpt>
<trkpt lat="45.241176" lon="5.958800"><ele>987.0</ele></trkpt>
<trkpt lat="45.241048" lon="5.959418"><ele>987.0</ele></trkpt>
<trkpt lat="45.240987" lon="5.959612"><ele>986.75</ele></trkpt>
<trkpt lat="45.240719" lon="5.960174"><ele>988.0</ele></trkpt>
<trkpt lat="45.240610" lon="5.960492"><ele>988.25</ele></trkpt>
<trkpt lat="45.240577" lon="5.960622"><ele>987.75</ele></trkpt>
<trkpt lat="45.240557" lon="5.960750"><ele>986.75</ele></trkpt>
<trkpt lat="45.240539" lon="5.960970"><ele>984.75</ele></trkpt>
<trkpt lat="45.240496" lon="5.961148"><ele>983.75</ele></trkpt>
<trkpt lat="45.240413" lon="5.961354"><ele>982.5</ele></trkpt>
<trkpt lat="45.240300" lon="5.961558"><ele>982.25</ele></trkpt>
<trkpt lat="45.240182" lon="5.961751"><ele>982.5</ele></trkpt>
<trkpt lat="45.240089" lon="5.961953"><ele>981.75</ele></trkpt>
<trkpt lat="45.240004" lon="5.962226"><ele>979.75</ele></trkpt>
<trkpt lat="45.239888" lon="5.962679"><ele>975.0</ele></trkpt>
<trkpt lat="45.239763" lon="5.963253"><ele>969.0</ele></trkpt>
<trkpt lat="45.239738" lon="5.963468"><ele>966.5</ele></trkpt>
<trkpt lat="45.239737" lon="5.963649"><ele>964.0</ele></trkpt>
<trkpt lat="45.239770" lon="5.964192"><ele>956.25</ele></trkpt>
<trkpt lat="45.239706" lon="5.964653"><ele>953.0</ele></trkpt>
<trkpt lat="45.239444" lon="5.965311"><ele>953.5</ele></trkpt>
<trkpt lat="45.239346" lon="5.965828"><ele>950.75</ele></trkpt>
<trkpt lat="45.239356" lon="5.966106"><ele>947.25</ele></trkpt>
<trkpt lat="45.239353" lon="5.966301"><ele>945.25</ele></trkpt>
<trkpt lat="45.239342" lon="5.966442"><ele>943.75</ele></trkpt>
<trkpt lat="45.239316" lon="5.966597"><ele>942.0</ele></trkpt>
<trkpt lat="45.239266" lon="5.966726"><ele>941.5</ele></trkpt>
<trkpt lat="45.239171" lon="5.966928"><ele>940.0</ele></trkpt>
<trkpt lat="45.239051" lon="5.967109"><ele>940.0</ele></trkpt>
<trkpt lat="45.238914" lon="5.967257"><ele>941.5</ele></trkpt>
<trkpt lat="45.238740" lon="5.967384"><ele>944.0</ele></trkpt>
<trkpt lat="45.238540" lon="5.967580"><ele>946.5</ele></trkpt>
<trkpt lat="45.238482" lon="5.967689"><ele>946.25</ele></trkpt>
<trkpt lat="45.238428" lon="5.967834"><ele>945.5</ele></trkpt>
<trkpt lat="45.238386" lon="5.967993"><ele>944.25</ele></trkpt>
<trkpt lat="45.238344" lon="5.968269"><ele>940.75</ele></trkpt>
<trkpt lat="45.238301" lon="5.968727"><ele>934.25</ele></trkpt>
<trkpt lat="45.238260" lon="5.968962"><ele>932.25</ele></trkpt>
<trkpt lat="45.238205" lon="5.969167"><ele>931.0</ele></trkpt>
<trkpt lat="45.238075" lon="5.969552"><ele>928.75</ele></trkpt>
<trkpt lat="45.238000" lon="5.969742"><ele>928.25</ele></trkpt>
<trkpt lat="45.237218" lon="5.971597"><ele>923.25</ele></trkpt>
<trkpt lat="45.237036" lon="5.972207"><ele>918.25</ele></trkpt>
<trkpt lat="45.237025" lon="5.972374"><ele>917.5</ele></trkpt>
<trkpt lat="45.237040" lon="5.972536"><ele>916.75</ele></trkpt>
<trkpt lat="45.237054" lon="5.972627"><ele>916.75</ele></trkpt>
<trkpt lat="45.237077" lon="5.972716"><ele>916.5</ele></trkpt>
<trkpt lat="45.237110" lon="5.972811"><ele>916.0</ele></trkpt>
<trkpt lat="45.237148" lon="5.972902"><ele>915.75</ele></trkpt>
<trkpt lat="45.237241" lon="5.973048"><ele>914.75</ele></trkpt>
<trkpt lat="45.237358" lon="5.973172"><ele>913.5</ele></trkpt>
<trkpt lat="45.237762" lon="5.973471"><ele>908.5</ele></trkpt>
<trkpt lat="45.238094" lon="5.973667"><ele>905.75</ele></trkpt>
<trkpt lat="45.238175" lon="5.973725"><ele>905.25</ele></trkpt>
<trkpt lat="45.238359" lon="5.973776"><ele>904.5</ele></trkpt>
<trkpt lat="45.238510" lon="5.973809"><ele>904.0</ele></trkpt>
<trkpt lat="45.238571" lon="5.973827"><ele>903.75</ele></trkpt>
<trkpt lat="45.238645" lon="5.973840"><ele>903.75</ele></trkpt>
<trkpt lat="45.238850" lon="5.973760"><ele>903.5</ele></trkpt>
<trkpt lat="45.239004" lon="5.973702"><ele>903.25</ele></trkpt>
<trkpt lat="45.239576" lon="5.973497"><ele>902.5</ele></trkpt>
<trkpt lat="45.239778" lon="5.973430"><ele>902.25</ele></trkpt>
<trkpt lat="45.239874" lon="5.973448"><ele>902.25</ele></trkpt>
<trkpt lat="45.239902" lon="5.973472"><ele>902.25</ele></trkpt>
<trkpt lat="45.239937" lon="5.973503"><ele>902.5</ele></trkpt>
<trkpt lat="45.239983" lon="5.973673"><ele>903.0</ele></trkpt>
<trkpt lat="45.239958" lon="5.974034"><ele>904.0</ele></trkpt>
<trkpt lat="45.239977" lon="5.974375"><ele>906.25</ele></trkpt>
<trkpt lat="45.240055" lon="5.974714"><ele>910.0</ele></trkpt>
<trkpt lat="45.240180" lon="5.974847"><ele>913.25</ele></trkpt>
<trkpt lat="45.240595" lon="5.975104"><ele>917.25</ele></trkpt>
<trkpt lat="45.240739" lon="5.975179"><ele>918.75</ele></trkpt>
<trkpt lat="45.240877" lon="5.975200"><ele>919.25</ele></trkpt>
<trkpt lat="45.241197" lon="5.975101"><ele>919.75</ele></trkpt>
<trkpt lat="45.241955" lon="5.974717"><ele>926.0</ele></trkpt>
<trkpt lat="45.242575" lon="5.974381"><ele>930.5</ele></trkpt>
<trkpt lat="45.242714" lon="5.974332"><ele>931.75</ele></trkpt>
<trkpt lat="45.242825" lon="5.974317"><ele>933.0</ele></trkpt>
<trkpt lat="45.243173" lon="5.974349"><ele>936.75</ele></trkpt>
<trkpt lat="45.243276" lon="5.974341"><ele>937.75</ele></trkpt>
<trkpt lat="45.243368" lon="5.974315"><ele>938.5</ele></trkpt>
<trkpt lat="45.243454" lon="5.974269"><ele>939.0</ele></trkpt>
<trkpt lat="45.243532" lon="5.974194"><ele>939.25</ele></trkpt>
<trkpt lat="45.243610" lon="5.974105"><ele>939.75</ele></trkpt>
<trkpt lat="45.243778" lon="5.973796"><ele>941.0</ele></trkpt>
<trkpt lat="45.243962" lon="5.973475"><ele>942.75</ele></trkpt>
<trkpt lat="45.244091" lon="5.973364"><ele>944.75</ele></trkpt>
<trkpt lat="45.244226" lon="5.973317"><ele>946.25</ele></trkpt>
<trkpt lat="45.244394" lon="5.973336"><ele>948.25</ele></trkpt>
<trkpt lat="45.244623" lon="5.973444"><ele>951.75</ele></trkpt>
<trkpt lat="45.244805" lon="5.973397"><ele>953.25</ele></trkpt>
<trkpt lat="45.244949" lon="5.973309"><ele>954.5</ele></trkpt>
<trkpt lat="45.245146" lon="5.973049"><ele>954.0</ele></trkpt>
<trkpt lat="45.245312" lon="5.972919"><ele>955.0</ele></trkpt>
<trkpt lat="45.245945" lon="5.972919"><ele>964.0</ele></trkpt>
<trkpt lat="45.247077" lon="5.972684"><ele>972.75</ele></trkpt>
<trkpt lat="45.247947" lon="5.972749"><ele>980.25</ele></trkpt>
<trkpt lat="45.248185" lon="5.972724"><ele>982.5</ele></trkpt>
<trkpt lat="45.248785" lon="5.972477"><ele>986.5</ele></trkpt>
<trkpt lat="45.248917" lon="5.972436"><ele>987.5</ele></trkpt>
<trkpt lat="45.248967" lon="5.972314"><ele>986.75</ele></trkpt>
<trkpt lat="45.249222" lon="5.971985"><ele>986.0</ele></trkpt>
<trkpt lat="45.249418" lon="5.971731"><ele>985.25</ele></trkpt>
<trkpt lat="45.249714" lon="5.971388"><ele>985.75</ele></trkpt>
<trkpt lat="45.249952" lon="5.971079"><ele>985.0</ele></trkpt>
<trkpt lat="45.250101" lon="5.970880"><ele>984.5</ele></trkpt>
<trkpt lat="45.250263" lon="5.970718"><ele>985.0</ele></trkpt>
<trkpt lat="45.250861" lon="5.970292"><ele>986.25</ele></trkpt>
<trkpt lat="45.250981" lon="5.970277"><ele>987.0</ele></trkpt>
<trkpt lat="45.251183" lon="5.970316"><ele>988.25</ele></trkpt>
<trkpt lat="45.251363" lon="5.970312"><ele>989.0</ele></trkpt>
<trkpt lat="45.251427" lon="5.970331"><ele>989.5</ele></trkpt>
<trkpt lat="45.251497" lon="5.970282"><ele>989.25</ele></trkpt>
<trkpt lat="45.251564" lon="5.970251"><ele>989.25</ele></trkpt>
<trkpt lat="45.251627" lon="5.970258"><ele>989.5</ele></trkpt>
<trkpt lat="45.251689" lon="5.970313"><ele>990.25</ele></trkpt>
<trkpt lat="45.251735" lon="5.970368"><ele>990.5</ele></trkpt>
<trkpt lat="45.251792" lon="5.970407"><ele>990.75</ele></trkpt>
<trkpt lat="45.251838" lon="5.970402"><ele>990.75</ele></trkpt>
<trkpt lat="45.251896" lon="5.970371"><ele>990.5</ele></trkpt>
<trkpt lat="45.251985" lon="5.970120"><ele>989.5</ele></trkpt>
<trkpt lat="45.252069" lon="5.969933"><ele>988.5</ele></trkpt>
<trkpt lat="45.252184" lon="5.969828"><ele>988.0</ele></trkpt>
<trkpt lat="45.252370" lon="5.969761"><ele>987.75</ele></trkpt>
<trkpt lat="45.253575" lon="5.969749"><ele>986.25</ele></trkpt>
<trkpt lat="45.254001" lon="5.969765"><ele>986.0</ele></trkpt>
<trkpt lat="45.254190" lon="5.969797"><ele>985.5</ele></trkpt>
<trkpt lat="45.254345" lon="5.969856"><ele>985.75</ele></trkpt>
<trkpt lat="45.254594" lon="5.970077"><ele>986.75</ele></trkpt>
<trkpt lat="45.255052" lon="5.970588"><ele>985.25</ele></trkpt>
<trkpt lat="45.255370" lon="5.970845"><ele>981.25</ele></trkpt>
<trkpt lat="45.255435" lon="5.970936"><ele>980.0</ele></trkpt>
<trkpt lat="45.255479" lon="5.971024"><ele>979.25</ele></trkpt>
<trkpt lat="45.255524" lon="5.971187"><ele>978.5</ele></trkpt>
<trkpt lat="45.255586" lon="5.971669"><ele>977.0</ele></trkpt>
<trkpt lat="45.255603" lon="5.971843"><ele>976.0</ele></trkpt>
<trkpt lat="45.255613" lon="5.971996"><ele>975.25</ele></trkpt>
<trkpt lat="45.255613" lon="5.972110"><ele>974.75</ele></trkpt>
<trkpt lat="45.255595" lon="5.972502"><ele>973.0</ele></trkpt>
<trkpt lat="45.255604" lon="5.972724"><ele>972.0</ele></trkpt>
<trkpt lat="45.255614" lon="5.972820"><ele>971.5</ele></trkpt>
<trkpt lat="45.255635" lon="5.972932"><ele>970.5</ele></trkpt>
<trkpt lat="45.255672" lon="5.973060"><ele>969.0</ele></trkpt>
<trkpt lat="45.255902" lon="5.973758"><ele>964.5</ele></trkpt>
<trkpt lat="45.256086" lon="5.974311"><ele>962.0</ele></trkpt>
<trkpt lat="45.256163" lon="5.974497"><ele>960.75</ele></trkpt>
<trkpt lat="45.256348" lon="5.974875"><ele>958.25</ele></trkpt>
<trkpt lat="45.256579" lon="5.975318"><ele>955.5</ele></trkpt>
<trkpt lat="45.256636" lon="5.975413"><ele>955.0</ele></trkpt>
<trkpt lat="45.256727" lon="5.975541"><ele>954.0</ele></trkpt>
<trkpt lat="45.256857" lon="5.975663"><ele>952.5</ele></trkpt>
<trkpt lat="45.257413" lon="5.976054"><ele>946.5</ele></trkpt>
<trkpt lat="45.257838" lon="5.976356"><ele>943.0</ele></trkpt>
<trkpt lat="45.257902" lon="5.976403"><ele>942.75</ele></trkpt>
<trkpt lat="45.258887" lon="5.977091"><ele>936.0</ele></trkpt>
<trkpt lat="45.259246" lon="5.977464"><ele>932.25</ele></trkpt>
<trkpt lat="45.259804" lon="5.978059"><ele>926.5</ele></trkpt>
<trkpt lat="45.259916" lon="5.978152"><ele>925.25</ele></trkpt>
<trkpt lat="45.260031" lon="5.978212"><ele>924.25</ele></trkpt>
<trkpt lat="45.260159" lon="5.978250"><ele>923.0</ele></trkpt>
<trkpt lat="45.260233" lon="5.978260"><ele>922.25</ele></trkpt>
<trkpt lat="45.261464" lon="5.978387"><ele>912.5</ele></trkpt>
<trkpt lat="45.261891" lon="5.978460"><ele>909.75</ele></trkpt>
<trkpt lat="45.262212" lon="5.978533"><ele>907.25</ele></trkpt>
<trkpt lat="45.262950" lon="5.978710"><ele>902.25</ele></trkpt>
<trkpt lat="45.263122" lon="5.978734"><ele>901.25</ele></trkpt>
<trkpt lat="45.263235" lon="5.978720"><ele>900.25</ele></trkpt>
<trkpt lat="45.263307" lon="5.978700"><ele>899.5</ele></trkpt>
<trkpt lat="45.263402" lon="5.978670"><ele>898.75</ele></trkpt>
<trkpt lat="45.263502" lon="5.978629"><ele>897.75</ele></trkpt>
<trkpt lat="45.264216" lon="5.978307"><ele>890.0</ele></trkpt>
<trkpt lat="45.264477" lon="5.978198"><ele>886.25</ele></trkpt>
<trkpt lat="45.264589" lon="5.978166"><ele>884.5</ele></trkpt>
<trkpt lat="45.264643" lon="5.978167"><ele>884.25</ele></trkpt>
<trkpt lat="45.264731" lon="5.978184"><ele>884.0</ele></trkpt>
<trkpt lat="45.264786" lon="5.978206"><ele>883.75</ele></trkpt>
<trkpt lat="45.265221" lon="5.978458"><ele>882.75</ele></trkpt>
<trkpt lat="45.265471" lon="5.978622"><ele>881.0</ele></trkpt>
<trkpt lat="45.265854" lon="5.978912"><ele>877.75</ele></trkpt>
<trkpt lat="45.265911" lon="5.978966"><ele>877.0</ele></trkpt>
<trkpt lat="45.266002" lon="5.979087"><ele>876.5</ele></trkpt>
<trkpt lat="45.266104" lon="5.979284"><ele>877.25</ele></trkpt>
<trkpt lat="45.266153" lon="5.979363"><ele>877.75</ele></trkpt>
<trkpt lat="45.266204" lon="5.979426"><ele>877.75</ele></trkpt>
<trkpt lat="45.266322" lon="5.979537"><ele>877.75</ele></trkpt>
<trkpt lat="45.266361" lon="5.979434"><ele>875.25</ele></trkpt>
<trkpt lat="45.266369" lon="5.979358"><ele>873.75</ele></trkpt>
<trkpt lat="45.266368" lon="5.979309"><ele>872.75</ele></trkpt>
<trkpt lat="45.266360" lon="5.979263"><ele>872.25</ele></trkpt>
<trkpt lat="45.266347" lon="5.979208"><ele>871.25</ele></trkpt>
<trkpt lat="45.266322" lon="5.979157"><ele>871.0</ele></trkpt>
<trkpt lat="45.266297" lon="5.979120"><ele>870.75</ele></trkpt>
<trkpt lat="45.266144" lon="5.978982"><ele>871.5</ele></trkpt>
<trkpt lat="45.266085" lon="5.978906"><ele>871.75</ele></trkpt>
<trkpt lat="45.266030" lon="5.978821"><ele>871.75</ele></trkpt>
<trkpt lat="45.265934" lon="5.978616"><ele>870.75</ele></trkpt>
<trkpt lat="45.265851" lon="5.978345"><ele>866.75</ele></trkpt>
<trkpt lat="45.265807" lon="5.978235"><ele>865.75</ele></trkpt>
<trkpt lat="45.265748" lon="5.978122"><ele>865.0</ele></trkpt>
<trkpt lat="45.265680" lon="5.978016"><ele>864.5</ele></trkpt>
<trkpt lat="45.265605" lon="5.977915"><ele>864.25</ele></trkpt>
<trkpt lat="45.265338" lon="5.977607"><ele>862.25</ele></trkpt>
<trkpt lat="45.265065" lon="5.977331"><ele>860.25</ele></trkpt>
<trkpt lat="45.264859" lon="5.977056"><ele>857.0</ele></trkpt>
<trkpt lat="45.264824" lon="5.976990"><ele>856.25</ele></trkpt>
<trkpt lat="45.264692" lon="5.976781"><ele>854.25</ele></trkpt>
<trkpt lat="45.264626" lon="5.976691"><ele>853.75</ele></trkpt>
<trkpt lat="45.264538" lon="5.976598"><ele>853.5</ele></trkpt>
<trkpt lat="45.264503" lon="5.976539"><ele>852.75</ele></trkpt>
<trkpt lat="45.264479" lon="5.976450"><ele>851.5</ele></trkpt>
<trkpt lat="45.264483" lon="5.976377"><ele>850.25</ele></trkpt>
<trkpt lat="45.264502" lon="5.976322"><ele>849.5</ele></trkpt>
<trkpt lat="45.264536" lon="5.976293"><ele>848.75</ele></trkpt>
<trkpt lat="45.264630" lon="5.976301"><ele>847.75</ele></trkpt>
<trkpt lat="45.264671" lon="5.976323"><ele>847.5</ele></trkpt>
<trkpt lat="45.264791" lon="5.976425"><ele>847.5</ele></trkpt>
<trkpt lat="45.264869" lon="5.976475"><ele>847.25</ele></trkpt>
<trkpt lat="45.265062" lon="5.976548"><ele>845.75</ele></trkpt>
<trkpt lat="45.265250" lon="5.976601"><ele>844.0</ele></trkpt>
<trkpt lat="45.265459" lon="5.976643"><ele>842.5</ele></trkpt>
<trkpt lat="45.266229" lon="5.976836"><ele>838.5</ele></trkpt>
<trkpt lat="45.266340" lon="5.976857"><ele>838.0</ele></trkpt>
<trkpt lat="45.266660" lon="5.976890"><ele>836.5</ele></trkpt>
<trkpt lat="45.266959" lon="5.976941"><ele>833.75</ele></trkpt>
<trkpt lat="45.267244" lon="5.977028"><ele>831.5</ele></trkpt>
<trkpt lat="45.267724" lon="5.977207"><ele>828.25</ele></trkpt>
<trkpt lat="45.267840" lon="5.977226"><ele>827.25</ele></trkpt>
<trkpt lat="45.267899" lon="5.977190"><ele>826.25</ele></trkpt>
<trkpt lat="45.267918" lon="5.977163"><ele>825.75</ele></trkpt>
<trkpt lat="45.267944" lon="5.977073"><ele>824.5</ele></trkpt>
<trkpt lat="45.267944" lon="5.977008"><ele>823.75</ele></trkpt>
<trkpt lat="45.267936" lon="5.976958"><ele>823.25</ele></trkpt>
<trkpt lat="45.267920" lon="5.976899"><ele>823.0</ele></trkpt>
<trkpt lat="45.267901" lon="5.976859"><ele>823.0</ele></trkpt>
<trkpt lat="45.267770" lon="5.976717"><ele>823.25</ele></trkpt>
<trkpt lat="45.267703" lon="5.976624"><ele>823.25</ele></trkpt>
<trkpt lat="45.267661" lon="5.976541"><ele>822.75</ele></trkpt>
<trkpt lat="45.267180" lon="5.975844"><ele>819.25</ele></trkpt>
<trkpt lat="45.266821" lon="5.975373"><ele>814.75</ele></trkpt>
<trkpt lat="45.266753" lon="5.975219"><ele>813.5</ele></trkpt>
<trkpt lat="45.266754" lon="5.975177"><ele>813.25</ele></trkpt>
<trkpt lat="45.266755" lon="5.975066"><ele>812.0</ele></trkpt>
<trkpt lat="45.266781" lon="5.974957"><ele>810.25</ele></trkpt>
<trkpt lat="45.266821" lon="5.974902"><ele>809.25</ele></trkpt>
<trkpt lat="45.266867" lon="5.974858"><ele>808.0</ele></trkpt>
<trkpt lat="45.266912" lon="5.974830"><ele>807.0</ele></trkpt>
<trkpt lat="45.267281" lon="5.974731"><ele>803.75</ele></trkpt>
<trkpt lat="45.267391" lon="5.974685"><ele>802.5</ele></trkpt>
<trkpt lat="45.267542" lon="5.974598"><ele>800.75</ele></trkpt>
<trkpt lat="45.268008" lon="5.974249"><ele>797.0</ele></trkpt>
<trkpt lat="45.268142" lon="5.974000"><ele>792.75</ele></trkpt>
<trkpt lat="45.268217" lon="5.973799"><ele>788.0</ele></trkpt>
<trkpt lat="45.268281" lon="5.973689"><ele>784.5</ele></trkpt>
<trkpt lat="45.268336" lon="5.973626"><ele>782.5</ele></trkpt>
<trkpt lat="45.268405" lon="5.973605"><ele>781.0</ele></trkpt>
<trkpt lat="45.268478" lon="5.973601"><ele>780.0</ele></trkpt>
<trkpt lat="45.268549" lon="5.973664"><ele>781.25</ele></trkpt>
<trkpt lat="45.268797" lon="5.973993"><ele>783.25</ele></trkpt>
<trkpt lat="45.269045" lon="5.974296"><ele>778.75</ele></trkpt>
<trkpt lat="45.269115" lon="5.974409"><ele>777.5</ele></trkpt>
<trkpt lat="45.269172" lon="5.974768"><ele>780.25</ele></trkpt>
<trkpt lat="45.269210" lon="5.975392"><ele>782.5</ele></trkpt>
<trkpt lat="45.269244" lon="5.975701"><ele>782.5</ele></trkpt>
<trkpt lat="45.269254" lon="5.975919"><ele>783.5</ele></trkpt>
<trkpt lat="45.269269" lon="5.976100"><ele>784.0</ele></trkpt>
<trkpt lat="45.269310" lon="5.976191"><ele>783.25</ele></trkpt>
<trkpt lat="45.269346" lon="5.976222"><ele>782.0</ele></trkpt>
<trkpt lat="45.269388" lon="5.976220"><ele>780.5</ele></trkpt>
<trkpt lat="45.269483" lon="5.976205"><ele>778.75</ele></trkpt>
<trkpt lat="45.269535" lon="5.976113"><ele>778.25</ele></trkpt>
<trkpt lat="45.269551" lon="5.976000"><ele>777.0</ele></trkpt>
<trkpt lat="45.269563" lon="5.975795"><ele>775.0</ele></trkpt>
<trkpt lat="45.269562" lon="5.975611"><ele>773.25</ele></trkpt>
<trkpt lat="45.269588" lon="5.975490"><ele>772.5</ele></trkpt>
<trkpt lat="45.269617" lon="5.975401"><ele>772.0</ele></trkpt>
<trkpt lat="45.269788" lon="5.975017"><ele>770.25</ele></trkpt>
<trkpt lat="45.269828" lon="5.974813"><ele>769.0</ele></trkpt>
<trkpt lat="45.269830" lon="5.974559"><ele>766.0</ele></trkpt>
<trkpt lat="45.269783" lon="5.974292"><ele>761.75</ele></trkpt>
<trkpt lat="45.269792" lon="5.974044"><ele>759.75</ele></trkpt>
<trkpt lat="45.269837" lon="5.973741"><ele>758.5</ele></trkpt>
<trkpt lat="45.269823" lon="5.973490"><ele>756.5</ele></trkpt>
<trkpt lat="45.269761" lon="5.972959"><ele>749.5</ele></trkpt>
<trkpt lat="45.269819" lon="5.972114"><ele>742.5</ele></trkpt>
<trkpt lat="45.269825" lon="5.971704"><ele>736.75</ele></trkpt>
<trkpt lat="45.270021" lon="5.970738"><ele>730.75</ele></trkpt>
<trkpt lat="45.270027" lon="5.970384"><ele>728.5</ele></trkpt>
<trkpt lat="45.269988" lon="5.969793"><ele>726.5</ele></trkpt>
<trkpt lat="45.269893" lon="5.969608"><ele>723.0</ele></trkpt>
<trkpt lat="45.269768" lon="5.969126"><ele>719.25</ele></trkpt>
<trkpt lat="45.269697" lon="5.968764"><ele>716.75</ele></trkpt>
<trkpt lat="45.269664" lon="5.968603"><ele>714.75</ele></trkpt>
<trkpt lat="45.269667" lon="5.968259"><ele>713.5</ele></trkpt>
<trkpt lat="45.269614" lon="5.968420"><ele>710.75</ele></trkpt>
<trkpt lat="45.269585" lon="5.968683"><ele>710.75</ele></trkpt>
<trkpt lat="45.269601" lon="5.969055"><ele>712.25</ele></trkpt>
<trkpt lat="45.269618" lon="5.969249"><ele>712.75</ele></trkpt>
<trkpt lat="45.269540" lon="5.969780"><ele>712.0</ele></trkpt>
<trkpt lat="45.269506" lon="5.969945"><ele>712.0</ele></trkpt>
<trkpt lat="45.269453" lon="5.970009"><ele>711.25</ele></trkpt>
<trkpt lat="45.269387" lon="5.970039"><ele>711.25</ele></trkpt>
<trkpt lat="45.269265" lon="5.970018"><ele>711.0</ele></trkpt>
<trkpt lat="45.269234" lon="5.969987"><ele>710.75</ele></trkpt>
<trkpt lat="45.269173" lon="5.969879"><ele>709.25</ele></trkpt>
<trkpt lat="45.269075" lon="5.969625"><ele>708.0</ele></trkpt>
<trkpt lat="45.268881" lon="5.969226"><ele>704.5</ele></trkpt>
<trkpt lat="45.268814" lon="5.968891"><ele>698.0</ele></trkpt>
<trkpt lat="45.268759" lon="5.968822"><ele>696.75</ele></trkpt>
<trkpt lat="45.268596" lon="5.968770"><ele>697.5</ele></trkpt>
<trkpt lat="45.268487" lon="5.968782"><ele>699.25</ele></trkpt>
<trkpt lat="45.268329" lon="5.968824"><ele>702.0</ele></trkpt>
<trkpt lat="45.267851" lon="5.969061"><ele>710.75</ele></trkpt>
<trkpt lat="45.267738" lon="5.969090"><ele>711.75</ele></trkpt>
<trkpt lat="45.267631" lon="5.969008"><ele>711.25</ele></trkpt>
<trkpt lat="45.267555" lon="5.968892"><ele>710.25</ele></trkpt>
<trkpt lat="45.267540" lon="5.968791"><ele>710.75</ele></trkpt>
<trkpt lat="45.267556" lon="5.968665"><ele>710.5</ele></trkpt>
<trkpt lat="45.267701" lon="5.968291"><ele>707.5</ele></trkpt>
<trkpt lat="45.267712" lon="5.968206"><ele>707.0</ele></trkpt>
<trkpt lat="45.267710" lon="5.968133"><ele>707.25</ele></trkpt>
<trkpt lat="45.267683" lon="5.967973"><ele>708.0</ele></trkpt>
<trkpt lat="45.267592" lon="5.967657"><ele>709.5</ele></trkpt>
<trkpt lat="45.267084" lon="5.966693"><ele>718.25</ele></trkpt>
<trkpt lat="45.267061" lon="5.966587"><ele>718.25</ele></trkpt>
<trkpt lat="45.267064" lon="5.966481"><ele>717.5</ele></trkpt>
<trkpt lat="45.267108" lon="5.966368"><ele>715.5</ele></trkpt>
<trkpt lat="45.267486" lon="5.965719"><ele>703.25</ele></trkpt>
<trkpt lat="45.267522" lon="5.965542"><ele>702.75</ele></trkpt>
<trkpt lat="45.267511" lon="5.965399"><ele>703.25</ele></trkpt>
<trkpt lat="45.267467" lon="5.965271"><ele>705.75</ele></trkpt>
<trkpt lat="45.267404" lon="5.965156"><ele>708.5</ele></trkpt>
<trkpt lat="45.267170" lon="5.964882"><ele>719.75</ele></trkpt>
<trkpt lat="45.267100" lon="5.964739"><ele>722.25</ele></trkpt>
<trkpt lat="45.267092" lon="5.964575"><ele>722.75</ele></trkpt>
<trkpt lat="45.267135" lon="5.964475"><ele>721.0</ele></trkpt>
<trkpt lat="45.267205" lon="5.964364"><ele>718.5</ele></trkpt>
<trkpt lat="45.267291" lon="5.964230"><ele>715.75</ele></trkpt>
<trkpt lat="45.267369" lon="5.964066"><ele>713.5</ele></trkpt>
<trkpt lat="45.267389" lon="5.963960"><ele>713.5</ele></trkpt>
<trkpt lat="45.267374" lon="5.963846"><ele>715.0</ele></trkpt>
<trkpt lat="45.267235" lon="5.963352"><ele>722.25</ele></trkpt>
<trkpt lat="45.267195" lon="5.963141"><ele>723.0</ele></trkpt>
<trkpt lat="45.267178" lon="5.962977"><ele>722.75</ele></trkpt>
<trkpt lat="45.267213" lon="5.962931"><ele>721.75</ele></trkpt>
<trkpt lat="45.267216" lon="5.962847"><ele>721.25</ele></trkpt>
<trkpt lat="45.267206" lon="5.962615"><ele>720.75</ele></trkpt>
<trkpt lat="45.267180" lon="5.962260"><ele>720.0</ele></trkpt>
<trkpt lat="45.267000" lon="5.960940"><ele>717.25</ele></trkpt>
<trkpt lat="45.266912" lon="5.960396"><ele>715.5</ele></trkpt>
<trkpt lat="45.266796" lon="5.959955"><ele>714.0</ele></trkpt>
<trkpt lat="45.266710" lon="5.959440"><ele>710.0</ele></trkpt>
<trkpt lat="45.266668" lon="5.959054"><ele>706.75</ele></trkpt>
<trkpt lat="45.266659" lon="5.958641"><ele>702.25</ele></trkpt>
<trkpt lat="45.266640" lon="5.958519"><ele>701.25</ele></trkpt>
<trkpt lat="45.266607" lon="5.958315"><ele>699.5</ele></trkpt>
<trkpt lat="45.266481" lon="5.957966"><ele>697.0</ele></trkpt>
<trkpt lat="45.266250" lon="5.957040"><ele>689.5</ele></trkpt>
<trkpt lat="45.266177" lon="5.956579"><ele>685.75</ele></trkpt>
<trkpt lat="45.266173" lon="5.956084"><ele>681.25</ele></trkpt>
<trkpt lat="45.266203" lon="5.955642"><ele>677.5</ele></trkpt>
<trkpt lat="45.266193" lon="5.955345"><ele>675.0</ele></trkpt>
<trkpt lat="45.266096" lon="5.955079"><ele>673.25</ele></trkpt>
<trkpt lat="45.266091" lon="5.954966"><ele>672.0</ele></trkpt>
<trkpt lat="45.266141" lon="5.954851"><ele>669.5</ele></trkpt>
<trkpt lat="45.266239" lon="5.954817"><ele>667.0</ele></trkpt>
<trkpt lat="45.266317" lon="5.954865"><ele>666.0</ele></trkpt>
<trkpt lat="45.266529" lon="5.955103"><ele>665.25</ele></trkpt>
<trkpt lat="45.266929" lon="5.955401"><ele>662.0</ele></trkpt>
<trkpt lat="45.267027" lon="5.955453"><ele>661.25</ele></trkpt>
<trkpt lat="45.267158" lon="5.955593"><ele>661.0</ele></trkpt>
<trkpt lat="45.267244" lon="5.955630"><ele>660.0</ele></trkpt>
<trkpt lat="45.267323" lon="5.955610"><ele>658.0</ele></trkpt>
<trkpt lat="45.267369" lon="5.955499"><ele>656.25</ele></trkpt>
<trkpt lat="45.267358" lon="5.955364"><ele>655.25</ele></trkpt>
<trkpt lat="45.267250" lon="5.955200"><ele>655.5</ele></trkpt>
<trkpt lat="45.267085" lon="5.955031"><ele>655.75</ele></trkpt>
<trkpt lat="45.267062" lon="5.954953"><ele>655.0</ele></trkpt>
<trkpt lat="45.267053" lon="5.954838"><ele>653.5</ele></trkpt>
<trkpt lat="45.267114" lon="5.954766"><ele>652.25</ele></trkpt>
<trkpt lat="45.267199" lon="5.954745"><ele>651.25</ele></trkpt>
<trkpt lat="45.267286" lon="5.954760"><ele>650.25</ele></trkpt>
<trkpt lat="45.267430" lon="5.954855"><ele>649.25</ele></trkpt>
<trkpt lat="45.267524" lon="5.954896"><ele>648.0</ele></trkpt>
<trkpt lat="45.267567" lon="5.954894"><ele>646.75</ele></trkpt>
<trkpt lat="45.267607" lon="5.954869"><ele>645.5</ele></trkpt>
<trkpt lat="45.267629" lon="5.954810"><ele>644.0</ele></trkpt>
<trkpt lat="45.267631" lon="5.954751"><ele>643.5</ele></trkpt>
<trkpt lat="45.267597" lon="5.954605"><ele>642.0</ele></trkpt>
<trkpt lat="45.267499" lon="5.954416"><ele>641.5</ele></trkpt>
<trkpt lat="45.267362" lon="5.954238"><ele>641.0</ele></trkpt>
<trkpt lat="45.267034" lon="5.954142"><ele>643.0</ele></trkpt>
<trkpt lat="45.266932" lon="5.954062"><ele>643.0</ele></trkpt>
<trkpt lat="45.266878" lon="5.953997"><ele>643.25</ele></trkpt>
<trkpt lat="45.266832" lon="5.953892"><ele>643.0</ele></trkpt>
<trkpt lat="45.266852" lon="5.953779"><ele>642.5</ele></trkpt>
<trkpt lat="45.266920" lon="5.953620"><ele>641.25</ele></trkpt>
<trkpt lat="45.267040" lon="5.953384"><ele>638.0</ele></trkpt>
<trkpt lat="45.267074" lon="5.953225"><ele>636.0</ele></trkpt>
<trkpt lat="45.267063" lon="5.953107"><ele>634.75</ele></trkpt>
<trkpt lat="45.267011" lon="5.952908"><ele>633.75</ele></trkpt>
<trkpt lat="45.267014" lon="5.952753"><ele>632.5</ele></trkpt>
<trkpt lat="45.267500" lon="5.951640"><ele>623.75</ele></trkpt>
<trkpt lat="45.267520" lon="5.951500"><ele>622.75</ele></trkpt>
<trkpt lat="45.267620" lon="5.950140"><ele>613.5</ele></trkpt>
<trkpt lat="45.267640" lon="5.949960"><ele>611.75</ele></trkpt>
<trkpt lat="45.267640" lon="5.949620"><ele>610.0</ele></trkpt>
<trkpt lat="45.267480" lon="5.948230"><ele>607.0</ele></trkpt>
<trkpt lat="45.267470" lon="5.948050"><ele>606.0</ele></trkpt>
<trkpt lat="45.267330" lon="5.946730"><ele>593.75</ele></trkpt>
<trkpt lat="45.267300" lon="5.946550"><ele>592.5</ele></trkpt>
<trkpt lat="45.267224" lon="5.945698"><ele>585.25</ele></trkpt>
<trkpt lat="45.267231" lon="5.945543"><ele>583.5</ele></trkpt>
<trkpt lat="45.267247" lon="5.945442"><ele>582.0</ele></trkpt>
<trkpt lat="45.267289" lon="5.945278"><ele>579.5</ele></trkpt>
<trkpt lat="45.267301" lon="5.945143"><ele>577.5</ele></trkpt>
<trkpt lat="45.267248" lon="5.944945"><ele>576.5</ele></trkpt>
<trkpt lat="45.267178" lon="5.944782"><ele>575.75</ele></trkpt>
<trkpt lat="45.267131" lon="5.944579"><ele>574.5</ele></trkpt>
<trkpt lat="45.267170" lon="5.944350"><ele>570.75</ele></trkpt>
<trkpt lat="45.267230" lon="5.944200"><ele>568.0</ele></trkpt>
<trkpt lat="45.267235" lon="5.944046"><ele>565.0</ele></trkpt>
<trkpt lat="45.267208" lon="5.943961"><ele>563.75</ele></trkpt>
<trkpt lat="45.267099" lon="5.943879"><ele>563.5</ele></trkpt>
<trkpt lat="45.266948" lon="5.943827"><ele>564.25</ele></trkpt>
<trkpt lat="45.266730" lon="5.943705"><ele>565.25</ele></trkpt>
<trkpt lat="45.266599" lon="5.943508"><ele>563.0</ele></trkpt>
<trkpt lat="45.266351" lon="5.943046"><ele>562.25</ele></trkpt>
<trkpt lat="45.266329" lon="5.942985"><ele>564.0</ele></trkpt>
<trkpt lat="45.266347" lon="5.942899"><ele>565.0</ele></trkpt>
<trkpt lat="45.266397" lon="5.942867"><ele>564.0</ele></trkpt>
<trkpt lat="45.266480" lon="5.942869"><ele>562.0</ele></trkpt>
<trkpt lat="45.266682" lon="5.942911"><ele>556.25</ele></trkpt>
<trkpt lat="45.266978" lon="5.942951"><ele>549.0</ele></trkpt>
<trkpt lat="45.267161" lon="5.942826"><ele>546.0</ele></trkpt>
<trkpt lat="45.267360" lon="5.942590"><ele>546.0</ele></trkpt>
<trkpt lat="45.267965" lon="5.941905"><ele>544.75</ele></trkpt>
<trkpt lat="45.268018" lon="5.941804"><ele>545.25</ele></trkpt>
<trkpt lat="45.268119" lon="5.941652"><ele>544.25</ele></trkpt>
<trkpt lat="45.268589" lon="5.939988"><ele>534.25</ele></trkpt>
<trkpt lat="45.268630" lon="5.939620"><ele>533.5</ele></trkpt>
<trkpt lat="45.268705" lon="5.939328"><ele>531.25</ele></trkpt>
<trkpt lat="45.268863" lon="5.939098"><ele>524.75</ele></trkpt>
<trkpt lat="45.269205" lon="5.938263"><ele>514.5</ele></trkpt>
<trkpt lat="45.269230" lon="5.937810"><ele>515.5</ele></trkpt>
<trkpt lat="45.269225" lon="5.937469"><ele>514.75</ele></trkpt>
<trkpt lat="45.269057" lon="5.936613"><ele>517.5</ele></trkpt>
<trkpt lat="45.269027" lon="5.936103"><ele>509.25</ele></trkpt>
<trkpt lat="45.268957" lon="5.935690"><ele>503.5</ele></trkpt>
<trkpt lat="45.268850" lon="5.935487"><ele>504.0</ele></trkpt>
<trkpt lat="45.268688" lon="5.935344"><ele>507.5</ele></trkpt>
<trkpt lat="45.268666" lon="5.935218"><ele>505.75</ele></trkpt>
<trkpt lat="45.268687" lon="5.935097"><ele>502.5</ele></trkpt>
<trkpt lat="45.268743" lon="5.935022"><ele>499.0</ele></trkpt>
<trkpt lat="45.268813" lon="5.935020"><ele>496.25</ele></trkpt>
<trkpt lat="45.268886" lon="5.935120"><ele>495.25</ele></trkpt>
<trkpt lat="45.269312" lon="5.936283"><ele>495.0</ele></trkpt>
<trkpt lat="45.269528" lon="5.936609"><ele>488.25</ele></trkpt>
<trkpt lat="45.269856" lon="5.937130"><ele>479.75</ele></trkpt>
<trkpt lat="45.269938" lon="5.937355"><ele>478.0</ele></trkpt>
<trkpt lat="45.270015" lon="5.937341"><ele>474.0</ele></trkpt>
<trkpt lat="45.270055" lon="5.937235"><ele>471.0</ele></trkpt>
<trkpt lat="45.269776" lon="5.936508"><ele>472.75</ele></trkpt>
<trkpt lat="45.269679" lon="5.936371"><ele>475.0</ele></trkpt>
<trkpt lat="45.269681" lon="5.936179"><ele>471.5</ele></trkpt>
<trkpt lat="45.269683" lon="5.935960"><ele>468.0</ele></trkpt>
<trkpt lat="45.269671" lon="5.935697"><ele>465.75</ele></trkpt>
<trkpt lat="45.269633" lon="5.935492"><ele>465.75</ele></trkpt>
<trkpt lat="45.269496" lon="5.935063"><ele>469.0</ele></trkpt>
<trkpt lat="45.269399" lon="5.934704"><ele>469.25</ele></trkpt>
<trkpt lat="45.269340" lon="5.934360"><ele>466.0</ele></trkpt>
<trkpt lat="45.269301" lon="5.933824"><ele>459.5</ele></trkpt>
<trkpt lat="45.269240" lon="5.933550"><ele>457.25</ele></trkpt>
<trkpt lat="45.269120" lon="5.933264"><ele>456.75</ele></trkpt>
<trkpt lat="45.269080" lon="5.932980"><ele>455.5</ele></trkpt>
<trkpt lat="45.269114" lon="5.932849"><ele>454.5</ele></trkpt>
<trkpt lat="45.269185" lon="5.932579"><ele>452.5</ele></trkpt>
<trkpt lat="45.269199" lon="5.932498"><ele>452.0</ele></trkpt>
<trkpt lat="45.269273" lon="5.932059"><ele>449.0</ele></trkpt>
<trkpt lat="45.269310" lon="5.931740"><ele>446.0</ele></trkpt>
<trkpt lat="45.269300" lon="5.931650"><ele>445.25</ele></trkpt>
<trkpt lat="45.269230" lon="5.931470"><ele>444.0</ele></trkpt>
<trkpt lat="45.268980" lon="5.931080"><ele>440.25</ele></trkpt>
<trkpt lat="45.268570" lon="5.930722"><ele>438.25</ele></trkpt>
<trkpt lat="45.268515" lon="5.930592"><ele>437.75</ele></trkpt>
<trkpt lat="45.268499" lon="5.930465"><ele>436.75</ele></trkpt>
<trkpt lat="45.268579" lon="5.929409"><ele>427.75</ele></trkpt>
<trkpt lat="45.268515" lon="5.929071"><ele>424.0</ele></trkpt>
<trkpt lat="45.268381" lon="5.928795"><ele>421.25</ele></trkpt>
<trkpt lat="45.267761" lon="5.928132"><ele>416.5</ele></trkpt>
<trkpt lat="45.267590" lon="5.927750"><ele>412.5</ele></trkpt>
<trkpt lat="45.267510" lon="5.927600"><ele>411.25</ele></trkpt>
<trkpt lat="45.267396" lon="5.927345"><ele>409.25</ele></trkpt>
<trkpt lat="45.267358" lon="5.927259"><ele>408.5</ele></trkpt>
<trkpt lat="45.267142" lon="5.926775"><ele>404.0</ele></trkpt>
<trkpt lat="45.267010" lon="5.926480"><ele>400.5</ele></trkpt>
<trkpt lat="45.266930" lon="5.926360"><ele>399.5</ele></trkpt>
<trkpt lat="45.266855" lon="5.926271"><ele>398.5</ele></trkpt>
<trkpt lat="45.266770" lon="5.926170"><ele>396.75</ele></trkpt>
<trkpt lat="45.266240" lon="5.925920"><ele>389.75</ele></trkpt>
<trkpt lat="45.266013" lon="5.925931"><ele>390.75</ele></trkpt>
<trkpt lat="45.265783" lon="5.925985"><ele>393.75</ele></trkpt>
<trkpt lat="45.265715" lon="5.925876"><ele>392.25</ele></trkpt>
<trkpt lat="45.265734" lon="5.925731"><ele>391.25</ele></trkpt>
<trkpt lat="45.265935" lon="5.925498"><ele>384.25</ele></trkpt>
<trkpt lat="45.266101" lon="5.925267"><ele>378.5</ele></trkpt>
<trkpt lat="45.266191" lon="5.925036"><ele>378.0</ele></trkpt>
<trkpt lat="45.266292" lon="5.924781"><ele>375.5</ele></trkpt>
<trkpt lat="45.266348" lon="5.924379"><ele>374.25</ele></trkpt>
<trkpt lat="45.266386" lon="5.924057"><ele>372.5</ele></trkpt>
<trkpt lat="45.266381" lon="5.923858"><ele>372.0</ele></trkpt>
<trkpt lat="45.266351" lon="5.923639"><ele>371.25</ele></trkpt>
<trkpt lat="45.266287" lon="5.923459"><ele>370.5</ele></trkpt>
<trkpt lat="45.266189" lon="5.923318"><ele>371.5</ele></trkpt>
<trkpt lat="45.266061" lon="5.923166"><ele>372.75</ele></trkpt>
<trkpt lat="45.265565" lon="5.922769"><ele>377.5</ele></trkpt>
<trkpt lat="45.265497" lon="5.922671"><ele>377.5</ele></trkpt>
<trkpt lat="45.265490" lon="5.922550"><ele>375.5</ele></trkpt>
<trkpt lat="45.265503" lon="5.922449"><ele>373.25</ele></trkpt>
<trkpt lat="45.265550" lon="5.922338"><ele>370.0</ele></trkpt>
<trkpt lat="45.265758" lon="5.922511"><ele>368.75</ele></trkpt>
<trkpt lat="45.265838" lon="5.922574"><ele>368.0</ele></trkpt>
<trkpt lat="45.266176" lon="5.922883"><ele>365.75</ele></trkpt>
<trkpt lat="45.266471" lon="5.923194"><ele>361.75</ele></trkpt>
<trkpt lat="45.266542" lon="5.923263"><ele>360.5</ele></trkpt>
<trkpt lat="45.266611" lon="5.923293"><ele>359.0</ele></trkpt>
<trkpt lat="45.266697" lon="5.923290"><ele>356.25</ele></trkpt>
<trkpt lat="45.266762" lon="5.923231"><ele>353.0</ele></trkpt>
<trkpt lat="45.266791" lon="5.923161"><ele>351.25</ele></trkpt>
<trkpt lat="45.266792" lon="5.923075"><ele>350.0</ele></trkpt>
<trkpt lat="45.266753" lon="5.922948"><ele>349.5</ele></trkpt>
<trkpt lat="45.266664" lon="5.922835"><ele>350.75</ele></trkpt>
<trkpt lat="45.266269" lon="5.922537"><ele>357.5</ele></trkpt>
<trkpt lat="45.266083" lon="5.922231"><ele>356.75</ele></trkpt>
<trkpt lat="45.266013" lon="5.922073"><ele>354.75</ele></trkpt>
<trkpt lat="45.265941" lon="5.921852"><ele>351.5</ele></trkpt>
<trkpt lat="45.265851" lon="5.921512"><ele>346.25</ele></trkpt>
<trkpt lat="45.265777" lon="5.921314"><ele>343.0</ele></trkpt>
<trkpt lat="45.265703" lon="5.921156"><ele>340.75</ele></trkpt>
<trkpt lat="45.265521" lon="5.920866"><ele>338.5</ele></trkpt>
<trkpt lat="45.264948" lon="5.920089"><ele>334.0</ele></trkpt>
<trkpt lat="45.264238" lon="5.919168"><ele>324.75</ele></trkpt>
<trkpt lat="45.263795" lon="5.918763"><ele>323.0</ele></trkpt>
<trkpt lat="45.263693" lon="5.918640"><ele>322.25</ele></trkpt>
<trkpt lat="45.263605" lon="5.918475"><ele>319.75</ele></trkpt>
<trkpt lat="45.263584" lon="5.918324"><ele>315.5</ele></trkpt>
<trkpt lat="45.263594" lon="5.918174"><ele>310.75</ele></trkpt>
<trkpt lat="45.263651" lon="5.917988"><ele>303.75</ele></trkpt>
<trkpt lat="45.263645" lon="5.917911"><ele>302.0</ele></trkpt>
<trkpt lat="45.263625" lon="5.917795"><ele>299.75</ele></trkpt>
<trkpt lat="45.263591" lon="5.917692"><ele>298.25</ele></trkpt>
<trkpt lat="45.263531" lon="5.917615"><ele>298.25</ele></trkpt>
<trkpt lat="45.263385" lon="5.917557"><ele>301.75</ele></trkpt>
<trkpt lat="45.263272" lon="5.917542"><ele>305.25</ele></trkpt>
<trkpt lat="45.263170" lon="5.917484"><ele>307.25</ele></trkpt>
<trkpt lat="45.262924" lon="5.917172"><ele>308.25</ele></trkpt>
<trkpt lat="45.262440" lon="5.916609"><ele>308.25</ele></trkpt>
<trkpt lat="45.261386" lon="5.915119"><ele>292.5</ele></trkpt>
<trkpt lat="45.261123" lon="5.914791"><ele>287.0</ele></trkpt>
<trkpt lat="45.260825" lon="5.914229"><ele>278.5</ele></trkpt>
<trkpt lat="45.260482" lon="5.913784"><ele>279.0</ele></trkpt>
<trkpt lat="45.259846" lon="5.912734"><ele>270.5</ele></trkpt>
<trkpt lat="45.259586" lon="5.912417"><ele>268.5</ele></trkpt>
<trkpt lat="45.259275" lon="5.912060"><ele>266.0</ele></trkpt>
<trkpt lat="45.259018" lon="5.911652"><ele>259.75</ele></trkpt>
<trkpt lat="45.258625" lon="5.910925"><ele>249.75</ele></trkpt>
<trkpt lat="45.258535" lon="5.910737"><ele>248.25</ele></trkpt>
<trkpt lat="45.258301" lon="5.910278"><ele>245.0</ele></trkpt>
<trkpt lat="45.258261" lon="5.910193"><ele>244.75</ele></trkpt>
<trkpt lat="45.258227" lon="5.910124"><ele>244.75</ele></trkpt>
<trkpt lat="45.258208" lon="5.910048"><ele>244.5</ele></trkpt>
<trkpt lat="45.258287" lon="5.909808"><ele>243.25</ele></trkpt>
<trkpt lat="45.258315" lon="5.909535"><ele>243.5</ele></trkpt>
<trkpt lat="45.258374" lon="5.908714"><ele>241.25</ele></trkpt>
<trkpt lat="45.258391" lon="5.908480"><ele>241.0</ele></trkpt>
<trkpt lat="45.258401" lon="5.908334"><ele>241.0</ele></trkpt>
<trkpt lat="45.258435" lon="5.908126"><ele>240.25</ele></trkpt>
<trkpt lat="45.258491" lon="5.907776"><ele>238.75</ele></trkpt>
<trkpt lat="45.258549" lon="5.907447"><ele>237.75</ele></trkpt>
<trkpt lat="45.258605" lon="5.907156"><ele>236.75</ele></trkpt>
<trkpt lat="45.258655" lon="5.906965"><ele>236.75</ele></trkpt>
<trkpt lat="45.258732" lon="5.906793"><ele>236.25</ele></trkpt>
<trkpt lat="45.258827" lon="5.906635"><ele>235.75</ele></trkpt>
<trkpt lat="45.259234" lon="5.906162"><ele>233.75</ele></trkpt>
<trkpt lat="45.259259" lon="5.906132"><ele>233.5</ele></trkpt>
<trkpt lat="45.259330" lon="5.906052"><ele>233.25</ele></trkpt>
<trkpt lat="45.259753" lon="5.905589"><ele>232.0</ele></trkpt>
<trkpt lat="45.259913" lon="5.905415"><ele>231.0</ele></trkpt>
<trkpt lat="45.260148" lon="5.905229"><ele>230.25</ele></trkpt>
<trkpt lat="45.260192" lon="5.905186"><ele>230.25</ele></trkpt>
<trkpt lat="45.261040" lon="5.904182"><ele>228.75</ele></trkpt>
<trkpt lat="45.261136" lon="5.904093"><ele>228.5</ele></trkpt>
<trkpt lat="45.261242" lon="5.904038"><ele>228.25</ele></trkpt>
<trkpt lat="45.261356" lon="5.904000"><ele>228.0</ele></trkpt>
<trkpt lat="45.261513" lon="5.903970"><ele>228.0</ele></trkpt>
<trkpt lat="45.261780" lon="5.903950"><ele>228.5</ele></trkpt>
<trkpt lat="45.261798" lon="5.903855"><ele>228.25</ele></trkpt>
<trkpt lat="45.261977" lon="5.903238"><ele>228.0</ele></trkpt>
<trkpt lat="45.262037" lon="5.903064"><ele>228.25</ele></trkpt>
<trkpt lat="45.262094" lon="5.902941"><ele>228.0</ele></trkpt>
<trkpt lat="45.262196" lon="5.902813"><ele>228.0</ele></trkpt>
<trkpt lat="45.262362" lon="5.902597"><ele>228.0</ele></trkpt>
<trkpt lat="45.262529" lon="5.902422"><ele>228.0</ele></trkpt>
<trkpt lat="45.262572" lon="5.902356"><ele>228.25</ele></trkpt>
<trkpt lat="45.262639" lon="5.902276"><ele>228.5</ele></trkpt>
<trkpt lat="45.262775" lon="5.902113"><ele>228.75</ele></trkpt>
<trkpt lat="45.262824" lon="5.902060"><ele>229.0</ele></trkpt>
<trkpt lat="45.262847" lon="5.902035"><ele>229.0</ele></trkpt>
<trkpt lat="45.262851" lon="5.902030"><ele>229.0</ele></trkpt>
<trkpt lat="45.262864" lon="5.902017"><ele>229.0</ele></trkpt>
<trkpt lat="45.262889" lon="5.901990"><ele>229.0</ele></trkpt>
<trkpt lat="45.262904" lon="5.901974"><ele>229.0</ele></trkpt>
<trkpt lat="45.262909" lon="5.901969"><ele>229.0</ele></trkpt>
<trkpt lat="45.262922" lon="5.901954"><ele>229.0</ele></trkpt>
<trkpt lat="45.262946" lon="5.901929"><ele>229.0</ele></trkpt>
<trkpt lat="45.262994" lon="5.901872"><ele>229.0</ele></trkpt>
<trkpt lat="45.263114" lon="5.901731"><ele>229.0</ele></trkpt>
<trkpt lat="45.263149" lon="5.901689"><ele>229.0</ele></trkpt>
<trkpt lat="45.263667" lon="5.901077"><ele>229.0</ele></trkpt>
<trkpt lat="45.264041" lon="5.900658"><ele>229.5</ele></trkpt>
<trkpt lat="45.264201" lon="5.900567"><ele>229.75</ele></trkpt>
<trkpt lat="45.264243" lon="5.900551"><ele>230.0</ele></trkpt>
<trkpt lat="45.264306" lon="5.900536"><ele>230.0</ele></trkpt>
<trkpt lat="45.264337" lon="5.900557"><ele>230.0</ele></trkpt>
<trkpt lat="45.264403" lon="5.900577"><ele>230.0</ele></trkpt>
<trkpt lat="45.264477" lon="5.900564"><ele>230.0</ele></trkpt>
<trkpt lat="45.264544" lon="5.900518"><ele>230.0</ele></trkpt>
<trkpt lat="45.264595" lon="5.900442"><ele>230.0</ele></trkpt>
<trkpt lat="45.264627" lon="5.900343"><ele>230.25</ele></trkpt>
<trkpt lat="45.264633" lon="5.900289"><ele>230.25</ele></trkpt>
<trkpt lat="45.264625" lon="5.900181"><ele>230.25</ele></trkpt>
<trkpt lat="45.264653" lon="5.900089"><ele>230.5</ele></trkpt>
<trkpt lat="45.264660" lon="5.900059"><ele>230.5</ele></trkpt>
<trkpt lat="45.264690" lon="5.900001"><ele>230.75</ele></trkpt>
<trkpt lat="45.264739" lon="5.899890"><ele>230.0</ele></trkpt>
<trkpt lat="45.264770" lon="5.899845"><ele>229.25</ele></trkpt>
<trkpt lat="45.264808" lon="5.899791"><ele>228.25</ele></trkpt>
<trkpt lat="45.265457" lon="5.898877"><ele>227.75</ele></trkpt>
<trkpt lat="45.265508" lon="5.898801"><ele>229.25</ele></trkpt>
<trkpt lat="45.265565" lon="5.898717"><ele>230.5</ele></trkpt>
<trkpt lat="45.265635" lon="5.898622"><ele>230.25</ele></trkpt>
<trkpt lat="45.265756" lon="5.898505"><ele>229.75</ele></trkpt>
<trkpt lat="45.265996" lon="5.898188"><ele>230.25</ele></trkpt>
<trkpt lat="45.266224" lon="5.897875"><ele>230.25</ele></trkpt>
<trkpt lat="45.266411" lon="5.897625"><ele>231.25</ele></trkpt>
<trkpt lat="45.266600" lon="5.897362"><ele>232.0</ele></trkpt>
<trkpt lat="45.267074" lon="5.896697"><ele>232.75</ele></trkpt>
<trkpt lat="45.267298" lon="5.896379"><ele>232.5</ele></trkpt>
<trkpt lat="45.267647" lon="5.895916"><ele>230.5</ele></trkpt>
<trkpt lat="45.267727" lon="5.895798"><ele>232.5</ele></trkpt>
<trkpt lat="45.267828" lon="5.895692"><ele>233.25</ele></trkpt>
<trkpt lat="45.268000" lon="5.895455"><ele>233.75</ele></trkpt>
<trkpt lat="45.268100" lon="5.895268"><ele>233.0</ele></trkpt>
<trkpt lat="45.268264" lon="5.895039"><ele>231.75</ele></trkpt>
<trkpt lat="45.268450" lon="5.894782"><ele>230.75</ele></trkpt>
<trkpt lat="45.268734" lon="5.894401"><ele>228.75</ele></trkpt>
<trkpt lat="45.269211" lon="5.893675"><ele>228.0</ele></trkpt>
<trkpt lat="45.269605" lon="5.892999"><ele>227.75</ele></trkpt>
<trkpt lat="45.269706" lon="5.892833"><ele>227.75</ele></trkpt>
<trkpt lat="45.269790" lon="5.892697"><ele>228.0</ele></trkpt>
<trkpt lat="45.270013" lon="5.892335"><ele>228.0</ele></trkpt>
<trkpt lat="45.270033" lon="5.892310"><ele>228.0</ele></trkpt>
<trkpt lat="45.270138" lon="5.892208"><ele>228.0</ele></trkpt>
<trkpt lat="45.270259" lon="5.892065"><ele>228.0</ele></trkpt>
<trkpt lat="45.270290" lon="5.892035"><ele>228.0</ele></trkpt>
<trkpt lat="45.270363" lon="5.892046"><ele>228.0</ele></trkpt>
<trkpt lat="45.270435" lon="5.892020"><ele>228.0</ele></trkpt>
<trkpt lat="45.270495" lon="5.891960"><ele>228.0</ele></trkpt>
<trkpt lat="45.270528" lon="5.891897"><ele>228.0</ele></trkpt>
<trkpt lat="45.270543" lon="5.891849"><ele>228.0</ele></trkpt>
<trkpt lat="45.270550" lon="5.891790"><ele>228.0</ele></trkpt>
<trkpt lat="45.270552" lon="5.891729"><ele>228.0</ele></trkpt>
<trkpt lat="45.270535" lon="5.891637"><ele>228.0</ele></trkpt>
<trkpt lat="45.270498" lon="5.891558"><ele>228.0</ele></trkpt>
<trkpt lat="45.270449" lon="5.891504"><ele>228.0</ele></trkpt>
<trkpt lat="45.270411" lon="5.891478"><ele>228.0</ele></trkpt>
<trkpt lat="45.270365" lon="5.891467"><ele>228.0</ele></trkpt>
<trkpt lat="45.270336" lon="5.891466"><ele>228.0</ele></trkpt>
<trkpt lat="45.270280" lon="5.891482"><ele>228.25</ele></trkpt>
<trkpt lat="45.270245" lon="5.891503"><ele>228.25</ele></trkpt>
<trkpt lat="45.270113" lon="5.891428"><ele>227.75</ele></trkpt>
<trkpt lat="45.269994" lon="5.891314"><ele>227.75</ele></trkpt>
<trkpt lat="45.269916" lon="5.891199"><ele>227.75</ele></trkpt>
<trkpt lat="45.269866" lon="5.891119"><ele>227.75</ele></trkpt>
<trkpt lat="45.269747" lon="5.890930"><ele>227.75</ele></trkpt>
<trkpt lat="45.269652" lon="5.890786"><ele>227.75</ele></trkpt>
<trkpt lat="45.269488" lon="5.890596"><ele>227.75</ele></trkpt>
<trkpt lat="45.269203" lon="5.890297"><ele>227.75</ele></trkpt>
<trkpt lat="45.269051" lon="5.890143"><ele>227.75</ele></trkpt>
<trkpt lat="45.268677" lon="5.889795"><ele>227.0</ele></trkpt>
<trkpt lat="45.268602" lon="5.889592"><ele>227.25</ele></trkpt>
<trkpt lat="45.268517" lon="5.889353"><ele>227.75</ele></trkpt>
<trkpt lat="45.268342" lon="5.888629"><ele>227.75</ele></trkpt>
<trkpt lat="45.268241" lon="5.888131"><ele>228.0</ele></trkpt>
<trkpt lat="45.268141" lon="5.887633"><ele>228.25</ele></trkpt>
<trkpt lat="45.268090" lon="5.887513"><ele>228.0</ele></trkpt>
<trkpt lat="45.268025" lon="5.887424"><ele>228.25</ele></trkpt>
<trkpt lat="45.267904" lon="5.887302"><ele>228.5</ele></trkpt>
<trkpt lat="45.267810" lon="5.887467"><ele>228.0</ele></trkpt>
<trkpt lat="45.267737" lon="5.887387"><ele>228.25</ele></trkpt>
<trkpt lat="45.267694" lon="5.887320"><ele>228.25</ele></trkpt>
<trkpt lat="45.267476" lon="5.886939"><ele>228.75</ele></trkpt>
<trkpt lat="45.267441" lon="5.886829"><ele>228.75</ele></trkpt>
<trkpt lat="45.267424" lon="5.886739"><ele>228.5</ele></trkpt>
<trkpt lat="45.267416" lon="5.886657"><ele>228.5</ele></trkpt>
<trkpt lat="45.267409" lon="5.886530"><ele>228.5</ele></trkpt>
<trkpt lat="45.267422" lon="5.886301"><ele>228.75</ele></trkpt>
<trkpt lat="45.267418" lon="5.886193"><ele>229.0</ele></trkpt>
<trkpt lat="45.267089" lon="5.885744"><ele>229.5</ele></trkpt>
<trkpt lat="45.267023" lon="5.885644"><ele>229.5</ele></trkpt>
<trkpt lat="45.266964" lon="5.885543"><ele>230.0</ele></trkpt>
<trkpt lat="45.266926" lon="5.885435"><ele>230.25</ele></trkpt>
<trkpt lat="45.266900" lon="5.885341"><ele>230.25</ele></trkpt>
<trkpt lat="45.266883" lon="5.885244"><ele>230.5</ele></trkpt>
<trkpt lat="45.266869" lon="5.885097"><ele>230.25</ele></trkpt>
<trkpt lat="45.266907" lon="5.884628"><ele>230.75</ele></trkpt>
<trkpt lat="45.266904" lon="5.884537"><ele>230.75</ele></trkpt>
<trkpt lat="45.266875" lon="5.884390"><ele>230.75</ele></trkpt>
<trkpt lat="45.266847" lon="5.884318"><ele>230.75</ele></trkpt>
<trkpt lat="45.266893" lon="5.884209"><ele>230.75</ele></trkpt>
<trkpt lat="45.266790" lon="5.884118"><ele>231.0</ele></trkpt>
<trkpt lat="45.266694" lon="5.884018"><ele>231.5</ele></trkpt>
<trkpt lat="45.266607" lon="5.883910"><ele>231.75</ele></trkpt>
<trkpt lat="45.266490" lon="5.883731"><ele>232.0</ele></trkpt>
<trkpt lat="45.266414" lon="5.883599"><ele>232.0</ele></trkpt>
<trkpt lat="45.266349" lon="5.883460"><ele>232.0</ele></trkpt>
<trkpt lat="45.266302" lon="5.883312"><ele>232.0</ele></trkpt>
<trkpt lat="45.266170" lon="5.882796"><ele>232.0</ele></trkpt>
<trkpt lat="45.266078" lon="5.882568"><ele>232.75</ele></trkpt>
<trkpt lat="45.265941" lon="5.882362"><ele>233.0</ele></trkpt>
<trkpt lat="45.265904" lon="5.882323"><ele>233.0</ele></trkpt>
<trkpt lat="45.265803" lon="5.882213"><ele>233.0</ele></trkpt>
<trkpt lat="45.265754" lon="5.882150"><ele>233.0</ele></trkpt>
<trkpt lat="45.265298" lon="5.881558"><ele>233.25</ele></trkpt>
<trkpt lat="45.265151" lon="5.881379"><ele>234.0</ele></trkpt>
<trkpt lat="45.264902" lon="5.881076"><ele>234.25</ele></trkpt>
<trkpt lat="45.264666" lon="5.880533"><ele>236.5</ele></trkpt>
<trkpt lat="45.264591" lon="5.880356"><ele>237.25</ele></trkpt>
<trkpt lat="45.264538" lon="5.880164"><ele>237.5</ele></trkpt>
<trkpt lat="45.264534" lon="5.880147"><ele>237.5</ele></trkpt>
<trkpt lat="45.264473" lon="5.879851"><ele>236.5</ele></trkpt>
<trkpt lat="45.264467" lon="5.879774"><ele>236.25</ele></trkpt>
<trkpt lat="45.264435" lon="5.879339"><ele>234.75</ele></trkpt>
<trkpt lat="45.264391" lon="5.879012"><ele>234.75</ele></trkpt>
<trkpt lat="45.264326" lon="5.878758"><ele>234.5</ele></trkpt>
<trkpt lat="45.264304" lon="5.878692"><ele>234.25</ele></trkpt>
<trkpt lat="45.264290" lon="5.878653"><ele>234.25</ele></trkpt>
<trkpt lat="45.264325" lon="5.878616"><ele>234.5</ele></trkpt>
<trkpt lat="45.264345" lon="5.878561"><ele>234.5</ele></trkpt>
<trkpt lat="45.264347" lon="5.878500"><ele>234.5</ele></trkpt>
<trkpt lat="45.264332" lon="5.878443"><ele>234.5</ele></trkpt>
<trkpt lat="45.264301" lon="5.878400"><ele>234.25</ele></trkpt>
<trkpt lat="45.264250" lon="5.878375"><ele>234.25</ele></trkpt>
<trkpt lat="45.264247" lon="5.878331"><ele>234.25</ele></trkpt>
<trkpt lat="45.264227" lon="5.878196"><ele>234.0</ele></trkpt>
<trkpt lat="45.264191" lon="5.878061"><ele>234.0</ele></trkpt>
<trkpt lat="45.264119" lon="5.877828"><ele>233.5</ele></trkpt>
<trkpt lat="45.264083" lon="5.877731"><ele>233.25</ele></trkpt>
<trkpt lat="45.264035" lon="5.877602"><ele>233.25</ele></trkpt>
<trkpt lat="45.264000" lon="5.877507"><ele>233.25</ele></trkpt>
<trkpt lat="45.263856" lon="5.877177"><ele>233.0</ele></trkpt>
<trkpt lat="45.263664" lon="5.876790"><ele>232.75</ele></trkpt>
<trkpt lat="45.263542" lon="5.876516"><ele>232.75</ele></trkpt>
<trkpt lat="45.263465" lon="5.876303"><ele>232.25</ele></trkpt>
<trkpt lat="45.263358" lon="5.875937"><ele>232.5</ele></trkpt>
<trkpt lat="45.263069" lon="5.874762"><ele>235.75</ele></trkpt>
<trkpt lat="45.263037" lon="5.874604"><ele>236.25</ele></trkpt>
<trkpt lat="45.263036" lon="5.874428"><ele>236.75</ele></trkpt>
<trkpt lat="45.263085" lon="5.874382"><ele>237.0</ele></trkpt>
<trkpt lat="45.263116" lon="5.874336"><ele>237.25</ele></trkpt>
<trkpt lat="45.263912" lon="5.872787"><ele>244.75</ele></trkpt>
<trkpt lat="45.264455" lon="5.871751"><ele>249.5</ele></trkpt>
<trkpt lat="45.264611" lon="5.871455"><ele>251.0</ele></trkpt>
<trkpt lat="45.265087" lon="5.870540"><ele>256.25</ele></trkpt>
<trkpt lat="45.265125" lon="5.870404"><ele>256.75</ele></trkpt>
<trkpt lat="45.265138" lon="5.870155"><ele>257.75</ele></trkpt>
<trkpt lat="45.265170" lon="5.869953"><ele>258.75</ele></trkpt>
<trkpt lat="45.265236" lon="5.869771"><ele>259.5</ele></trkpt>
<trkpt lat="45.265297" lon="5.869585"><ele>261.0</ele></trkpt>
<trkpt lat="45.265331" lon="5.869517"><ele>261.5</ele></trkpt>
<trkpt lat="45.265385" lon="5.869405"><ele>262.0</ele></trkpt>
<trkpt lat="45.265816" lon="5.868601"><ele>266.75</ele></trkpt>
<trkpt lat="45.265871" lon="5.868473"><ele>267.5</ele></trkpt>
<trkpt lat="45.265903" lon="5.868366"><ele>268.0</ele></trkpt>
<trkpt lat="45.265809" lon="5.868303"><ele>268.0</ele></trkpt>
<trkpt lat="45.265566" lon="5.868188"><ele>268.5</ele></trkpt>
<trkpt lat="45.265260" lon="5.868011"><ele>268.25</ele></trkpt>
<trkpt lat="45.265162" lon="5.867968"><ele>268.0</ele></trkpt>
<trkpt lat="45.264969" lon="5.867850"><ele>268.25</ele></trkpt>
<trkpt lat="45.264356" lon="5.867319"><ele>270.5</ele></trkpt>
<trkpt lat="45.264187" lon="5.867195"><ele>271.25</ele></trkpt>
<trkpt lat="45.263952" lon="5.866995"><ele>271.5</ele></trkpt>
<trkpt lat="45.263694" lon="5.866777"><ele>272.5</ele></trkpt>
<trkpt lat="45.263322" lon="5.866444"><ele>273.25</ele></trkpt>
<trkpt lat="45.263141" lon="5.866297"><ele>273.5</ele></trkpt>
<trkpt lat="45.262987" lon="5.866222"><ele>273.5</ele></trkpt>
<trkpt lat="45.262832" lon="5.866213"><ele>273.25</ele></trkpt>
<trkpt lat="45.262576" lon="5.866188"><ele>272.5</ele></trkpt>
<trkpt lat="45.262708" lon="5.865783"><ele>275.0</ele></trkpt>
<trkpt lat="45.262819" lon="5.865543"><ele>277.0</ele></trkpt>
<trkpt lat="45.262990" lon="5.865137"><ele>279.25</ele></trkpt>
<trkpt lat="45.263029" lon="5.865005"><ele>279.75</ele></trkpt>
<trkpt lat="45.263064" lon="5.864818"><ele>281.25</ele></trkpt>
<trkpt lat="45.263084" lon="5.864623"><ele>282.25</ele></trkpt>
<trkpt lat="45.263090" lon="5.864355"><ele>283.25</ele></trkpt>
<trkpt lat="45.263090" lon="5.864303"><ele>283.5</ele></trkpt>
<trkpt lat="45.263009" lon="5.864186"><ele>283.75</ele></trkpt>
<trkpt lat="45.262941" lon="5.863950"><ele>285.0</ele></trkpt>
<trkpt lat="45.262785" lon="5.863563"><ele>287.25</ele></trkpt>
<trkpt lat="45.262730" lon="5.863337"><ele>288.5</ele></trkpt>
<trkpt lat="45.262694" lon="5.863239"><ele>289.0</ele></trkpt>
<trkpt lat="45.262651" lon="5.863146"><ele>289.5</ele></trkpt>
<trkpt lat="45.262613" lon="5.863032"><ele>290.5</ele></trkpt>
<trkpt lat="45.262544" lon="5.862763"><ele>292.25</ele></trkpt>
<trkpt lat="45.262492" lon="5.862474"><ele>294.0</ele></trkpt>
<trkpt lat="45.262471" lon="5.862286"><ele>295.25</ele></trkpt>
<trkpt lat="45.262467" lon="5.862044"><ele>297.0</ele></trkpt>
<trkpt lat="45.262466" lon="5.861397"><ele>301.75</ele></trkpt>
<trkpt lat="45.262490" lon="5.861152"><ele>302.75</ele></trkpt>
<trkpt lat="45.262513" lon="5.861015"><ele>303.75</ele></trkpt>
<trkpt lat="45.262571" lon="5.860671"><ele>306.5</ele></trkpt>
<trkpt lat="45.262604" lon="5.860511"><ele>307.5</ele></trkpt>
<trkpt lat="45.262658" lon="5.860333"><ele>309.0</ele></trkpt>
<trkpt lat="45.262801" lon="5.859986"><ele>313.0</ele></trkpt>
<trkpt lat="45.262922" lon="5.859781"><ele>315.0</ele></trkpt>
<trkpt lat="45.263010" lon="5.859673"><ele>316.0</ele></trkpt>
<trkpt lat="45.263089" lon="5.859589"><ele>317.0</ele></trkpt>
<trkpt lat="45.263323" lon="5.859331"><ele>319.75</ele></trkpt>
<trkpt lat="45.263402" lon="5.859202"><ele>321.0</ele></trkpt>
<trkpt lat="45.263481" lon="5.859052"><ele>322.25</ele></trkpt>
<trkpt lat="45.263513" lon="5.858971"><ele>323.0</ele></trkpt>
<trkpt lat="45.263551" lon="5.858877"><ele>323.75</ele></trkpt>
<trkpt lat="45.263591" lon="5.858743"><ele>325.25</ele></trkpt>
<trkpt lat="45.263637" lon="5.858619"><ele>327.0</ele></trkpt>
<trkpt lat="45.263555" lon="5.858530"><ele>327.0</ele></trkpt>
<trkpt lat="45.262801" lon="5.857651"><ele>329.25</ele></trkpt>
<trkpt lat="45.262085" lon="5.856826"><ele>332.25</ele></trkpt>
<trkpt lat="45.261676" lon="5.856352"><ele>334.25</ele></trkpt>
<trkpt lat="45.260875" lon="5.855324"><ele>338.75</ele></trkpt>
<trkpt lat="45.260499" lon="5.854720"><ele>340.75</ele></trkpt>
<trkpt lat="45.259457" lon="5.853044"><ele>346.0</ele></trkpt>
<trkpt lat="45.259439" lon="5.853015"><ele>346.0</ele></trkpt>
<trkpt lat="45.258750" lon="5.851949"><ele>345.25</ele></trkpt>
<trkpt lat="45.258444" lon="5.851466"><ele>345.75</ele></trkpt>
<trkpt lat="45.258336" lon="5.851299"><ele>346.25</ele></trkpt>
<trkpt lat="45.258251" lon="5.851165"><ele>346.0</ele></trkpt>
<trkpt lat="45.258156" lon="5.851016"><ele>346.0</ele></trkpt>
<trkpt lat="45.258089" lon="5.850911"><ele>345.75</ele></trkpt>
<trkpt lat="45.257946" lon="5.850685"><ele>345.5</ele></trkpt>
<trkpt lat="45.257259" lon="5.849542"><ele>345.75</ele></trkpt>
<trkpt lat="45.257068" lon="5.849114"><ele>346.0</ele></trkpt>
<trkpt lat="45.257005" lon="5.848974"><ele>346.0</ele></trkpt>
<trkpt lat="45.256533" lon="5.847959"><ele>347.25</ele></trkpt>
<trkpt lat="45.256395" lon="5.847509"><ele>348.0</ele></trkpt>
<trkpt lat="45.256386" lon="5.847449"><ele>348.0</ele></trkpt>
<trkpt lat="45.256379" lon="5.847402"><ele>348.0</ele></trkpt>
<trkpt lat="45.256334" lon="5.847265"><ele>348.25</ele></trkpt>
<trkpt lat="45.256292" lon="5.847134"><ele>347.75</ele></trkpt>
<trkpt lat="45.256274" lon="5.847085"><ele>347.75</ele></trkpt>
<trkpt lat="45.256224" lon="5.846913"><ele>347.25</ele></trkpt>
<trkpt lat="45.256132" lon="5.846687"><ele>347.0</ele></trkpt>
<trkpt lat="45.256034" lon="5.846381"><ele>347.0</ele></trkpt>
<trkpt lat="45.255990" lon="5.846241"><ele>347.0</ele></trkpt>
<trkpt lat="45.255938" lon="5.846068"><ele>347.25</ele></trkpt>
<trkpt lat="45.255896" lon="5.845936"><ele>347.25</ele></trkpt>
<trkpt lat="45.255863" lon="5.845830"><ele>347.25</ele></trkpt>
<trkpt lat="45.255718" lon="5.845375"><ele>347.0</ele></trkpt>
<trkpt lat="45.255682" lon="5.845260"><ele>346.75</ele></trkpt>
<trkpt lat="45.255637" lon="5.845120"><ele>346.75</ele></trkpt>
<trkpt lat="45.255549" lon="5.844842"><ele>346.5</ele></trkpt>
<trkpt lat="45.255458" lon="5.844554"><ele>346.5</ele></trkpt>
<trkpt lat="45.255406" lon="5.844351"><ele>346.25</ele></trkpt>
<trkpt lat="45.255244" lon="5.843872"><ele>345.5</ele></trkpt>
<trkpt lat="45.255221" lon="5.843678"><ele>345.5</ele></trkpt>
<trkpt lat="45.255147" lon="5.843105"><ele>345.75</ele></trkpt>
<trkpt lat="45.255136" lon="5.843004"><ele>346.0</ele></trkpt>
<trkpt lat="45.255150" lon="5.842954"><ele>346.25</ele></trkpt>
<trkpt lat="45.255156" lon="5.842901"><ele>346.5</ele></trkpt>
<trkpt lat="45.255153" lon="5.842847"><ele>346.75</ele></trkpt>
<trkpt lat="45.255141" lon="5.842796"><ele>346.75</ele></trkpt>
<trkpt lat="45.255121" lon="5.842751"><ele>346.75</ele></trkpt>
<trkpt lat="45.255094" lon="5.842713"><ele>346.75</ele></trkpt>
<trkpt lat="45.255061" lon="5.842686"><ele>346.75</ele></trkpt>
<trkpt lat="45.255025" lon="5.842670"><ele>346.5</ele></trkpt>
<trkpt lat="45.254650" lon="5.841972"><ele>346.25</ele></trkpt>
<trkpt lat="45.254621" lon="5.841879"><ele>346.5</ele></trkpt>
<trkpt lat="45.254473" lon="5.841396"><ele>347.0</ele></trkpt>
<trkpt lat="45.254370" lon="5.841051"><ele>347.25</ele></trkpt>
<trkpt lat="45.254271" lon="5.840719"><ele>346.75</ele></trkpt>
<trkpt lat="45.254231" lon="5.840582"><ele>346.5</ele></trkpt>
<trkpt lat="45.254192" lon="5.840454"><ele>345.75</ele></trkpt>
<trkpt lat="45.254067" lon="5.840067"><ele>345.0</ele></trkpt>
<trkpt lat="45.253995" lon="5.839841"><ele>345.25</ele></trkpt>
<trkpt lat="45.254128" lon="5.839637"><ele>347.0</ele></trkpt>
<trkpt lat="45.254180" lon="5.839509"><ele>347.75</ele></trkpt>
<trkpt lat="45.254378" lon="5.838939"><ele>350.25</ele></trkpt>
<trkpt lat="45.254391" lon="5.838887"><ele>350.25</ele></trkpt>
<trkpt lat="45.254401" lon="5.838837"><ele>350.5</ele></trkpt>
<trkpt lat="45.254426" lon="5.838695"><ele>350.75</ele></trkpt>
<trkpt lat="45.254432" lon="5.838500"><ele>351.25</ele></trkpt>
<trkpt lat="45.254414" lon="5.838337"><ele>351.5</ele></trkpt>
<trkpt lat="45.254331" lon="5.838070"><ele>350.75</ele></trkpt>
<trkpt lat="45.254294" lon="5.837954"><ele>350.25</ele></trkpt>
<trkpt lat="45.254257" lon="5.837834"><ele>349.75</ele></trkpt>
<trkpt lat="45.254320" lon="5.837095"><ele>350.75</ele></trkpt>
<trkpt lat="45.254310" lon="5.836952"><ele>351.0</ele></trkpt>
<trkpt lat="45.254181" lon="5.836408"><ele>351.0</ele></trkpt>
<trkpt lat="45.254199" lon="5.835767"><ele>353.25</ele></trkpt>
<trkpt lat="45.254218" lon="5.835507"><ele>353.5</ele></trkpt>
<trkpt lat="45.254230" lon="5.835431"><ele>354.0</ele></trkpt>
<trkpt lat="45.254236" lon="5.835278"><ele>354.5</ele></trkpt>
<trkpt lat="45.254245" lon="5.835126"><ele>355.0</ele></trkpt>
<trkpt lat="45.254237" lon="5.834754"><ele>355.5</ele></trkpt>
<trkpt lat="45.254153" lon="5.834127"><ele>355.75</ele></trkpt>
<trkpt lat="45.254143" lon="5.834071"><ele>355.75</ele></trkpt>
<trkpt lat="45.254130" lon="5.834011"><ele>355.5</ele></trkpt>
<trkpt lat="45.253963" lon="5.833215"><ele>355.75</ele></trkpt>
<trkpt lat="45.253905" lon="5.833084"><ele>356.0</ele></trkpt>
<trkpt lat="45.253799" lon="5.832842"><ele>356.0</ele></trkpt>
<trkpt lat="45.253554" lon="5.832594"><ele>355.25</ele></trkpt>
<trkpt lat="45.253387" lon="5.832442"><ele>354.75</ele></trkpt>
<trkpt lat="45.252989" lon="5.832085"><ele>355.5</ele></trkpt>
<trkpt lat="45.252899" lon="5.832000"><ele>356.0</ele></trkpt>
<trkpt lat="45.252874" lon="5.831971"><ele>356.0</ele></trkpt>
<trkpt lat="45.252850" lon="5.831942"><ele>356.25</ele></trkpt>
<trkpt lat="45.252895" lon="5.831876"><ele>356.75</ele></trkpt>
<trkpt lat="45.253083" lon="5.831498"><ele>360.25</ele></trkpt>
<trkpt lat="45.253144" lon="5.831281"><ele>362.5</ele></trkpt>
<trkpt lat="45.253178" lon="5.831044"><ele>364.75</ele></trkpt>
<trkpt lat="45.253159" lon="5.830889"><ele>365.75</ele></trkpt>
<trkpt lat="45.253133" lon="5.830886"><ele>365.75</ele></trkpt>
<trkpt lat="45.253069" lon="5.830858"><ele>365.75</ele></trkpt>
<trkpt lat="45.252921" lon="5.830802"><ele>365.75</ele></trkpt>
<trkpt lat="45.252018" lon="5.830530"><ele>365.5</ele></trkpt>
<trkpt lat="45.251831" lon="5.830446"><ele>365.5</ele></trkpt>
<trkpt lat="45.251730" lon="5.830401"><ele>365.25</ele></trkpt>
<trkpt lat="45.251199" lon="5.830162"><ele>364.25</ele></trkpt>
<trkpt lat="45.251133" lon="5.830150"><ele>364.0</ele></trkpt>
<trkpt lat="45.250818" lon="5.829908"><ele>363.5</ele></trkpt>
<trkpt lat="45.250691" lon="5.829712"><ele>364.5</ele></trkpt>
<trkpt lat="45.250584" lon="5.829531"><ele>365.5</ele></trkpt>
<trkpt lat="45.250483" lon="5.829411"><ele>365.5</ele></trkpt>
<trkpt lat="45.250361" lon="5.829400"><ele>364.75</ele></trkpt>
<trkpt lat="45.250264" lon="5.829190"><ele>365.75</ele></trkpt>
<trkpt lat="45.250049" lon="5.828982"><ele>365.75</ele></trkpt>
<trkpt lat="45.249968" lon="5.828904"><ele>365.5</ele></trkpt>
<trkpt lat="45.249604" lon="5.828507"><ele>365.25</ele></trkpt>
<trkpt lat="45.249513" lon="5.828386"><ele>365.0</ele></trkpt>
<trkpt lat="45.249227" lon="5.828003"><ele>364.75</ele></trkpt>
<trkpt lat="45.249187" lon="5.827950"><ele>364.75</ele></trkpt>
<trkpt lat="45.249140" lon="5.827887"><ele>365.0</ele></trkpt>
<trkpt lat="45.248950" lon="5.827660"><ele>364.75</ele></trkpt>
<trkpt lat="45.248766" lon="5.827437"><ele>364.25</ele></trkpt>
<trkpt lat="45.248748" lon="5.827425"><ele>364.25</ele></trkpt>
<trkpt lat="45.248694" lon="5.827389"><ele>364.0</ele></trkpt>
<trkpt lat="45.248313" lon="5.826448"><ele>364.5</ele></trkpt>
<trkpt lat="45.248304" lon="5.826427"><ele>364.5</ele></trkpt>
<trkpt lat="45.248284" lon="5.826327"><ele>364.5</ele></trkpt>
<trkpt lat="45.248270" lon="5.826165"><ele>365.0</ele></trkpt>
<trkpt lat="45.248173" lon="5.825858"><ele>365.0</ele></trkpt>
<trkpt lat="45.248151" lon="5.825836"><ele>365.0</ele></trkpt>
<trkpt lat="45.248136" lon="5.825807"><ele>364.75</ele></trkpt>
<trkpt lat="45.247790" lon="5.825155"><ele>362.0</ele></trkpt>
<trkpt lat="45.247445" lon="5.824524"><ele>359.0</ele></trkpt>
<trkpt lat="45.247291" lon="5.824233"><ele>358.25</ele></trkpt>
<trkpt lat="45.247272" lon="5.824198"><ele>358.25</ele></trkpt>
<trkpt lat="45.247207" lon="5.824064"><ele>358.5</ele></trkpt>
<trkpt lat="45.247166" lon="5.823986"><ele>358.75</ele></trkpt>
<trkpt lat="45.247134" lon="5.823925"><ele>359.0</ele></trkpt>
<trkpt lat="45.247079" lon="5.823821"><ele>359.5</ele></trkpt>
<trkpt lat="45.247035" lon="5.823737"><ele>360.0</ele></trkpt>
<trkpt lat="45.246887" lon="5.823456"><ele>362.25</ele></trkpt>
<trkpt lat="45.246819" lon="5.823326"><ele>363.5</ele></trkpt>
<trkpt lat="45.246671" lon="5.823093"><ele>365.5</ele></trkpt>
<trkpt lat="45.246516" lon="5.822817"><ele>367.5</ele></trkpt>
<trkpt lat="45.246178" lon="5.822384"><ele>369.5</ele></trkpt>
<trkpt lat="45.245982" lon="5.822097"><ele>370.5</ele></trkpt>
<trkpt lat="45.245688" lon="5.821707"><ele>370.5</ele></trkpt>
<trkpt lat="45.245371" lon="5.821244"><ele>370.75</ele></trkpt>
<trkpt lat="45.245257" lon="5.821079"><ele>370.75</ele></trkpt>
<trkpt lat="45.245206" lon="5.821012"><ele>370.5</ele></trkpt>
<trkpt lat="45.245179" lon="5.820976"><ele>370.25</ele></trkpt>
<trkpt lat="45.245289" lon="5.820799"><ele>372.0</ele></trkpt>
<trkpt lat="45.245332" lon="5.820740"><ele>372.75</ele></trkpt>
<trkpt lat="45.245487" lon="5.820465"><ele>375.75</ele></trkpt>
<trkpt lat="45.245560" lon="5.820244"><ele>378.0</ele></trkpt>
<trkpt lat="45.245567" lon="5.820223"><ele>378.25</ele></trkpt>
<trkpt lat="45.245587" lon="5.820127"><ele>378.75</ele></trkpt>
<trkpt lat="45.245568" lon="5.820052"><ele>378.75</ele></trkpt>
<trkpt lat="45.245530" lon="5.819909"><ele>379.25</ele></trkpt>
<trkpt lat="45.245478" lon="5.819742"><ele>379.75</ele></trkpt>
<trkpt lat="45.245326" lon="5.819373"><ele>378.75</ele></trkpt>
<trkpt lat="45.245167" lon="5.818895"><ele>378.75</ele></trkpt>
<trkpt lat="45.245131" lon="5.818793"><ele>378.5</ele></trkpt>
<trkpt lat="45.245046" lon="5.818445"><ele>378.25</ele></trkpt>
<trkpt lat="45.244970" lon="5.818127"><ele>378.25</ele></trkpt>
<trkpt lat="45.244908" lon="5.817919"><ele>377.5</ele></trkpt>
<trkpt lat="45.244764" lon="5.817465"><ele>376.5</ele></trkpt>
<trkpt lat="45.244662" lon="5.817118"><ele>375.5</ele></trkpt>
<trkpt lat="45.244480" lon="5.816531"><ele>373.5</ele></trkpt>
<trkpt lat="45.244331" lon="5.816094"><ele>371.25</ele></trkpt>
<trkpt lat="45.244255" lon="5.815769"><ele>370.0</ele></trkpt>
<trkpt lat="45.244214" lon="5.815487"><ele>369.5</ele></trkpt>
<trkpt lat="45.244220" lon="5.815234"><ele>369.5</ele></trkpt>
<trkpt lat="45.244235" lon="5.815155"><ele>370.0</ele></trkpt>
<trkpt lat="45.244219" lon="5.815075"><ele>370.25</ele></trkpt>
<trkpt lat="45.244109" lon="5.814863"><ele>369.75</ele></trkpt>
<trkpt lat="45.243773" lon="5.814550"><ele>369.25</ele></trkpt>
<trkpt lat="45.243517" lon="5.814349"><ele>369.5</ele></trkpt>
<trkpt lat="45.243310" lon="5.814132"><ele>370.25</ele></trkpt>
<trkpt lat="45.242930" lon="5.813666"><ele>373.75</ele></trkpt>
<trkpt lat="45.242835" lon="5.813577"><ele>374.5</ele></trkpt>
<trkpt lat="45.242280" lon="5.812859"><ele>377.25</ele></trkpt>
<trkpt lat="45.242031" lon="5.812508"><ele>378.5</ele></trkpt>
<trkpt lat="45.241724" lon="5.812046"><ele>379.5</ele></trkpt>
<trkpt lat="45.241538" lon="5.811735"><ele>380.0</ele></trkpt>
<trkpt lat="45.241374" lon="5.811615"><ele>379.0</ele></trkpt>
<trkpt lat="45.241308" lon="5.811541"><ele>379.0</ele></trkpt>
<trkpt lat="45.241258" lon="5.811471"><ele>378.75</ele></trkpt>
<trkpt lat="45.241235" lon="5.811437"><ele>378.75</ele></trkpt>
<trkpt lat="45.241260" lon="5.811402"><ele>379.5</ele></trkpt>
<trkpt lat="45.241787" lon="5.810800"><ele>388.5</ele></trkpt>
<trkpt lat="45.241805" lon="5.810697"><ele>389.25</ele></trkpt>
<trkpt lat="45.241817" lon="5.810626"><ele>390.0</ele></trkpt>
<trkpt lat="45.241753" lon="5.810347"><ele>391.25</ele></trkpt>
<trkpt lat="45.241743" lon="5.810251"><ele>392.0</ele></trkpt>
<trkpt lat="45.241754" lon="5.810185"><ele>392.5</ele></trkpt>
<trkpt lat="45.241923" lon="5.809890"><ele>396.5</ele></trkpt>
<trkpt lat="45.241972" lon="5.809818"><ele>397.5</ele></trkpt>
<trkpt lat="45.242124" lon="5.809594"><ele>400.0</ele></trkpt>
<trkpt lat="45.242242" lon="5.809386"><ele>402.5</ele></trkpt>
<trkpt lat="45.242330" lon="5.809230"><ele>404.5</ele></trkpt>
<trkpt lat="45.242453" lon="5.809014"><ele>407.5</ele></trkpt>
<trkpt lat="45.242743" lon="5.808652"><ele>414.0</ele></trkpt>
<trkpt lat="45.243198" lon="5.807330"><ele>429.25</ele></trkpt>
<trkpt lat="45.243290" lon="5.807171"><ele>431.5</ele></trkpt>
<trkpt lat="45.244143" lon="5.807488"><ele>438.75</ele></trkpt>
<trkpt lat="45.244255" lon="5.807493"><ele>440.0</ele></trkpt>
<trkpt lat="45.244739" lon="5.807208"><ele>446.25</ele></trkpt>
<trkpt lat="45.245141" lon="5.806948"><ele>454.0</ele></trkpt>
<trkpt lat="45.245612" lon="5.806665"><ele>462.0</ele></trkpt>
<trkpt lat="45.245674" lon="5.806589"><ele>463.0</ele></trkpt>
<trkpt lat="45.245743" lon="5.806445"><ele>464.0</ele></trkpt>
<trkpt lat="45.245762" lon="5.806365"><ele>464.5</ele></trkpt>
<trkpt lat="45.245758" lon="5.806267"><ele>465.5</ele></trkpt>
<trkpt lat="45.245720" lon="5.806202"><ele>466.0</ele></trkpt>
<trkpt lat="45.245503" lon="5.805890"><ele>467.75</ele></trkpt>
<trkpt lat="45.245299" lon="5.805557"><ele>469.0</ele></trkpt>
<trkpt lat="45.245279" lon="5.805519"><ele>469.25</ele></trkpt>
<trkpt lat="45.245246" lon="5.805455"><ele>469.75</ele></trkpt>
<trkpt lat="45.245157" lon="5.805327"><ele>470.0</ele></trkpt>
<trkpt lat="45.244765" lon="5.804719"><ele>472.25</ele></trkpt>
<trkpt lat="45.244265" lon="5.803906"><ele>475.75</ele></trkpt>
<trkpt lat="45.244121" lon="5.803636"><ele>476.0</ele></trkpt>
<trkpt lat="45.244079" lon="5.803502"><ele>476.0</ele></trkpt>
<trkpt lat="45.244060" lon="5.803353"><ele>476.25</ele></trkpt>
<trkpt lat="45.244061" lon="5.803270"><ele>476.5</ele></trkpt>
<trkpt lat="45.244070" lon="5.803197"><ele>476.75</ele></trkpt>
<trkpt lat="45.244073" lon="5.803148"><ele>477.0</ele></trkpt>
<trkpt lat="45.244065" lon="5.803043"><ele>477.0</ele></trkpt>
<trkpt lat="45.244036" lon="5.802938"><ele>477.0</ele></trkpt>
<trkpt lat="45.243975" lon="5.802852"><ele>476.25</ele></trkpt>
<trkpt lat="45.243652" lon="5.802528"><ele>473.25</ele></trkpt>
<trkpt lat="45.243559" lon="5.802464"><ele>472.25</ele></trkpt>
<trkpt lat="45.242878" lon="5.802168"><ele>465.0</ele></trkpt>
<trkpt lat="45.242800" lon="5.802147"><ele>464.0</ele></trkpt>
<trkpt lat="45.242739" lon="5.802147"><ele>463.25</ele></trkpt>
<trkpt lat="45.242566" lon="5.802164"><ele>460.5</ele></trkpt>
<trkpt lat="45.242510" lon="5.802153"><ele>460.0</ele></trkpt>
<trkpt lat="45.242267" lon="5.801998"><ele>459.5</ele></trkpt>
<trkpt lat="45.241973" lon="5.801737"><ele>459.25</ele></trkpt>
<trkpt lat="45.241539" lon="5.801295"><ele>460.0</ele></trkpt>
<trkpt lat="45.241071" lon="5.800875"><ele>461.25</ele></trkpt>
<trkpt lat="45.240534" lon="5.800289"><ele>461.25</ele></trkpt>
<trkpt lat="45.240480" lon="5.800215"><ele>461.0</ele></trkpt>
<trkpt lat="45.240134" lon="5.799404"><ele>462.75</ele></trkpt>
<trkpt lat="45.240057" lon="5.799222"><ele>463.25</ele></trkpt>
<trkpt lat="45.240008" lon="5.799177"><ele>463.0</ele></trkpt>
<trkpt lat="45.239978" lon="5.799149"><ele>462.75</ele></trkpt>
<trkpt lat="45.239869" lon="5.799049"><ele>462.75</ele></trkpt>
<trkpt lat="45.239375" lon="5.798596"><ele>462.0</ele></trkpt>
<trkpt lat="45.239233" lon="5.798534"><ele>460.5</ele></trkpt>
<trkpt lat="45.239036" lon="5.798484"><ele>457.5</ele></trkpt>
<trkpt lat="45.238866" lon="5.798361"><ele>455.25</ele></trkpt>
<trkpt lat="45.238069" lon="5.798037"><ele>452.25</ele></trkpt>
<trkpt lat="45.237902" lon="5.797946"><ele>452.5</ele></trkpt>
<trkpt lat="45.237875" lon="5.797944"><ele>452.5</ele></trkpt>
<trkpt lat="45.237514" lon="5.797401"><ele>454.75</ele></trkpt>
<trkpt lat="45.237154" lon="5.796879"><ele>454.75</ele></trkpt>
<trkpt lat="45.236937" lon="5.796576"><ele>454.5</ele></trkpt>
<trkpt lat="45.236729" lon="5.796463"><ele>451.5</ele></trkpt>
<trkpt lat="45.236592" lon="5.796399"><ele>449.0</ele></trkpt>
<trkpt lat="45.236555" lon="5.796371"><ele>448.25</ele></trkpt>
<trkpt lat="45.236318" lon="5.796140"><ele>445.25</ele></trkpt>
<trkpt lat="45.236261" lon="5.796063"><ele>444.25</ele></trkpt>
<trkpt lat="45.236228" lon="5.795967"><ele>444.5</ele></trkpt>
<trkpt lat="45.236129" lon="5.795543"><ele>445.25</ele></trkpt>
<trkpt lat="45.236061" lon="5.795247"><ele>443.5</ele></trkpt>
<trkpt lat="45.236019" lon="5.795099"><ele>442.5</ele></trkpt>
<trkpt lat="45.235965" lon="5.794983"><ele>441.25</ele></trkpt>
<trkpt lat="45.235887" lon="5.794871"><ele>439.0</ele></trkpt>
<trkpt lat="45.235709" lon="5.794662"><ele>435.75</ele></trkpt>
<trkpt lat="45.235608" lon="5.794607"><ele>434.25</ele></trkpt>
<trkpt lat="45.235567" lon="5.794606"><ele>433.5</ele></trkpt>
<trkpt lat="45.235525" lon="5.794627"><ele>432.75</ele></trkpt>
<trkpt lat="45.235504" lon="5.794585"><ele>432.5</ele></trkpt>
<trkpt lat="45.235454" lon="5.794489"><ele>432.25</ele></trkpt>
<trkpt lat="45.235384" lon="5.794377"><ele>432.0</ele></trkpt>
<trkpt lat="45.235368" lon="5.794314"><ele>432.0</ele></trkpt>
<trkpt lat="45.235364" lon="5.794254"><ele>432.5</ele></trkpt>
<trkpt lat="45.235366" lon="5.793738"><ele>436.5</ele></trkpt>
<trkpt lat="45.235071" lon="5.793327"><ele>435.25</ele></trkpt>
<trkpt lat="45.234978" lon="5.793229"><ele>434.75</ele></trkpt>
<trkpt lat="45.234828" lon="5.793163"><ele>432.75</ele></trkpt>
<trkpt lat="45.234605" lon="5.793086"><ele>430.0</ele></trkpt>
<trkpt lat="45.234442" lon="5.793004"><ele>428.25</ele></trkpt>
<trkpt lat="45.234059" lon="5.792683"><ele>425.25</ele></trkpt>
<trkpt lat="45.233909" lon="5.792545"><ele>424.75</ele></trkpt>
<trkpt lat="45.233790" lon="5.792409"><ele>425.0</ele></trkpt>
<trkpt lat="45.233773" lon="5.792390"><ele>425.25</ele></trkpt>
<trkpt lat="45.233737" lon="5.792356"><ele>425.25</ele></trkpt>
<trkpt lat="45.233701" lon="5.792339"><ele>425.25</ele></trkpt>
<trkpt lat="45.233670" lon="5.792270"><ele>425.75</ele></trkpt>
<trkpt lat="45.233646" lon="5.792231"><ele>426.25</ele></trkpt>
<trkpt lat="45.233488" lon="5.791980"><ele>424.25</ele></trkpt>
<trkpt lat="45.233396" lon="5.791886"><ele>421.75</ele></trkpt>
<trkpt lat="45.233319" lon="5.791824"><ele>419.75</ele></trkpt>
<trkpt lat="45.233059" lon="5.791671"><ele>414.0</ele></trkpt>
<trkpt lat="45.232923" lon="5.791580"><ele>412.0</ele></trkpt>
<trkpt lat="45.232537" lon="5.791174"><ele>407.25</ele></trkpt>
<trkpt lat="45.232059" lon="5.790691"><ele>402.0</ele></trkpt>
<trkpt lat="45.231896" lon="5.790405"><ele>404.0</ele></trkpt>
<trkpt lat="45.231819" lon="5.790295"><ele>404.25</ele></trkpt>
<trkpt lat="45.231596" lon="5.790074"><ele>402.75</ele></trkpt>
<trkpt lat="45.231546" lon="5.790019"><ele>402.25</ele></trkpt>
<trkpt lat="45.231366" lon="5.789748"><ele>397.75</ele></trkpt>
<trkpt lat="45.231215" lon="5.789388"><ele>394.5</ele></trkpt>
<trkpt lat="45.231186" lon="5.789243"><ele>394.25</ele></trkpt>
<trkpt lat="45.230924" lon="5.789428"><ele>387.75</ele></trkpt>
<trkpt lat="45.230842" lon="5.789446"><ele>386.0</ele></trkpt>
<trkpt lat="45.230572" lon="5.789440"><ele>384.0</ele></trkpt>
<trkpt lat="45.230308" lon="5.789400"><ele>382.5</ele></trkpt>
<trkpt lat="45.230266" lon="5.789412"><ele>382.25</ele></trkpt>
<trkpt lat="45.230016" lon="5.789742"><ele>377.75</ele></trkpt>
<trkpt lat="45.230011" lon="5.789746"><ele>377.75</ele></trkpt>
<trkpt lat="45.229972" lon="5.789771"><ele>377.25</ele></trkpt>
<trkpt lat="45.229929" lon="5.789792"><ele>376.5</ele></trkpt>
<trkpt lat="45.229863" lon="5.789813"><ele>376.0</ele></trkpt>
<trkpt lat="45.229713" lon="5.789798"><ele>375.0</ele></trkpt>
<trkpt lat="45.229509" lon="5.789740"><ele>373.5</ele></trkpt>
<trkpt lat="45.229287" lon="5.789734"><ele>371.0</ele></trkpt>
<trkpt lat="45.229213" lon="5.789744"><ele>370.25</ele></trkpt>
<trkpt lat="45.229136" lon="5.789639"><ele>370.5</ele></trkpt>
<trkpt lat="45.229045" lon="5.789540"><ele>370.25</ele></trkpt>
<trkpt lat="45.228913" lon="5.789468"><ele>369.0</ele></trkpt>
<trkpt lat="45.228766" lon="5.789441"><ele>367.5</ele></trkpt>
<trkpt lat="45.228654" lon="5.789336"><ele>367.25</ele></trkpt>
<trkpt lat="45.228597" lon="5.789245"><ele>367.25</ele></trkpt>
<trkpt lat="45.228566" lon="5.789196"><ele>367.25</ele></trkpt>
<trkpt lat="45.228527" lon="5.789128"><ele>367.25</ele></trkpt>
<trkpt lat="45.228486" lon="5.789097"><ele>367.0</ele></trkpt>
<trkpt lat="45.228419" lon="5.789091"><ele>366.25</ele></trkpt>
<trkpt lat="45.228350" lon="5.789101"><ele>365.5</ele></trkpt>
<trkpt lat="45.228324" lon="5.789104"><ele>365.25</ele></trkpt>
<trkpt lat="45.228286" lon="5.789100"><ele>364.75</ele></trkpt>
<trkpt lat="45.228248" lon="5.789047"><ele>364.75</ele></trkpt>
<trkpt lat="45.228066" lon="5.788691"><ele>365.5</ele></trkpt>
<trkpt lat="45.227893" lon="5.788428"><ele>365.5</ele></trkpt>
<trkpt lat="45.227627" lon="5.788159"><ele>364.5</ele></trkpt>
<trkpt lat="45.226893" lon="5.787636"><ele>360.25</ele></trkpt>
<trkpt lat="45.226828" lon="5.787524"><ele>360.5</ele></trkpt>
<trkpt lat="45.226756" lon="5.787399"><ele>360.25</ele></trkpt>
<trkpt lat="45.226745" lon="5.787381"><ele>360.25</ele></trkpt>
<trkpt lat="45.226731" lon="5.787356"><ele>360.25</ele></trkpt>
<trkpt lat="45.226712" lon="5.787317"><ele>360.25</ele></trkpt>
<trkpt lat="45.226673" lon="5.787236"><ele>360.0</ele></trkpt>
<trkpt lat="45.226520" lon="5.786916"><ele>359.75</ele></trkpt>
<trkpt lat="45.226512" lon="5.786808"><ele>360.25</ele></trkpt>
<trkpt lat="45.226315" lon="5.786275"><ele>359.25</ele></trkpt>
<trkpt lat="45.226276" lon="5.786081"><ele>360.0</ele></trkpt>
<trkpt lat="45.226126" lon="5.785371"><ele>360.5</ele></trkpt>
<trkpt lat="45.226062" lon="5.785202"><ele>360.25</ele></trkpt>
<trkpt lat="45.225863" lon="5.784772"><ele>358.25</ele></trkpt>
<trkpt lat="45.225803" lon="5.784674"><ele>357.25</ele></trkpt>
<trkpt lat="45.225763" lon="5.784652"><ele>356.75</ele></trkpt>
<trkpt lat="45.225715" lon="5.784630"><ele>356.0</ele></trkpt>
<trkpt lat="45.225669" lon="5.784584"><ele>355.25</ele></trkpt>
<trkpt lat="45.225615" lon="5.784504"><ele>354.5</ele></trkpt>
<trkpt lat="45.225409" lon="5.784148"><ele>351.75</ele></trkpt>
<trkpt lat="45.225184" lon="5.783667"><ele>350.75</ele></trkpt>
<trkpt lat="45.225101" lon="5.783562"><ele>350.25</ele></trkpt>
<trkpt lat="45.224753" lon="5.783165"><ele>349.5</ele></trkpt>
<trkpt lat="45.224586" lon="5.782892"><ele>350.25</ele></trkpt>
<trkpt lat="45.224356" lon="5.782484"><ele>351.5</ele></trkpt>
<trkpt lat="45.224120" lon="5.782151"><ele>352.25</ele></trkpt>
<trkpt lat="45.223747" lon="5.781783"><ele>351.5</ele></trkpt>
<trkpt lat="45.223630" lon="5.781685"><ele>351.0</ele></trkpt>
<trkpt lat="45.223538" lon="5.781744"><ele>349.5</ele></trkpt>
<trkpt lat="45.223302" lon="5.781900"><ele>345.75</ele></trkpt>
<trkpt lat="45.223142" lon="5.781986"><ele>343.5</ele></trkpt>
<trkpt lat="45.222809" lon="5.782053"><ele>339.5</ele></trkpt>
<trkpt lat="45.222677" lon="5.781949"><ele>338.75</ele></trkpt>
<trkpt lat="45.222511" lon="5.781745"><ele>337.75</ele></trkpt>
<trkpt lat="45.222307" lon="5.781404"><ele>336.0</ele></trkpt>
<trkpt lat="45.222003" lon="5.781356"><ele>331.75</ele></trkpt>
<trkpt lat="45.221893" lon="5.781319"><ele>330.5</ele></trkpt>
<trkpt lat="45.221457" lon="5.781095"><ele>324.75</ele></trkpt>
<trkpt lat="45.221274" lon="5.781038"><ele>322.25</ele></trkpt>
<trkpt lat="45.221078" lon="5.780995"><ele>319.5</ele></trkpt>
<trkpt lat="45.220989" lon="5.780992"><ele>318.25</ele></trkpt>
<trkpt lat="45.220758" lon="5.780986"><ele>315.5</ele></trkpt>
<trkpt lat="45.220619" lon="5.780907"><ele>313.75</ele></trkpt>
<trkpt lat="45.220582" lon="5.780886"><ele>313.25</ele></trkpt>
<trkpt lat="45.220535" lon="5.780859"><ele>312.75</ele></trkpt>
<trkpt lat="45.220451" lon="5.780780"><ele>311.75</ele></trkpt>
<trkpt lat="45.220416" lon="5.780702"><ele>311.25</ele></trkpt>
<trkpt lat="45.220244" lon="5.780065"><ele>309.5</ele></trkpt>
<trkpt lat="45.220213" lon="5.779952"><ele>309.25</ele></trkpt>
<trkpt lat="45.220199" lon="5.779882"><ele>309.0</ele></trkpt>
<trkpt lat="45.220047" lon="5.779250"><ele>306.75</ele></trkpt>
<trkpt lat="45.219964" lon="5.779100"><ele>305.5</ele></trkpt>
<trkpt lat="45.219821" lon="5.778945"><ele>304.5</ele></trkpt>
<trkpt lat="45.219746" lon="5.778760"><ele>304.0</ele></trkpt>
<trkpt lat="45.219475" lon="5.778792"><ele>301.75</ele></trkpt>
<trkpt lat="45.219252" lon="5.778831"><ele>298.0</ele></trkpt>
<trkpt lat="45.219233" lon="5.778699"><ele>299.0</ele></trkpt>
<trkpt lat="45.219192" lon="5.778561"><ele>299.25</ele></trkpt>
<trkpt lat="45.219121" lon="5.778446"><ele>298.5</ele></trkpt>
<trkpt lat="45.218916" lon="5.777914"><ele>298.75</ele></trkpt>
<trkpt lat="45.218868" lon="5.777727"><ele>299.0</ele></trkpt>
<trkpt lat="45.218784" lon="5.777527"><ele>300.0</ele></trkpt>
<trkpt lat="45.218794" lon="5.777483"><ele>300.25</ele></trkpt>
<trkpt lat="45.218713" lon="5.777257"><ele>300.75</ele></trkpt>
<trkpt lat="45.218660" lon="5.777200"><ele>300.5</ele></trkpt>
<trkpt lat="45.218070" lon="5.776109"><ele>300.0</ele></trkpt>
<trkpt lat="45.218057" lon="5.776053"><ele>300.25</ele></trkpt>
<trkpt lat="45.218056" lon="5.775979"><ele>300.75</ele></trkpt>
<trkpt lat="45.217733" lon="5.775909"><ele>297.0</ele></trkpt>
<trkpt lat="45.217522" lon="5.775950"><ele>294.25</ele></trkpt>
<trkpt lat="45.217266" lon="5.776104"><ele>289.75</ele></trkpt>
<trkpt lat="45.217120" lon="5.776209"><ele>287.75</ele></trkpt>
<trkpt lat="45.217081" lon="5.776236"><ele>287.25</ele></trkpt>
<trkpt lat="45.217038" lon="5.776126"><ele>287.0</ele></trkpt>
<trkpt lat="45.216962" lon="5.775937"><ele>286.25</ele></trkpt>
<trkpt lat="45.216906" lon="5.775858"><ele>285.5</ele></trkpt>
<trkpt lat="45.216854" lon="5.775786"><ele>285.25</ele></trkpt>
<trkpt lat="45.216839" lon="5.775770"><ele>285.25</ele></trkpt>
<trkpt lat="45.216803" lon="5.775709"><ele>285.25</ele></trkpt>
<trkpt lat="45.216769" lon="5.775645"><ele>285.25</ele></trkpt>
<trkpt lat="45.216635" lon="5.775311"><ele>282.75</ele></trkpt>
<trkpt lat="45.216428" lon="5.774706"><ele>281.5</ele></trkpt>
<trkpt lat="45.216401" lon="5.774603"><ele>281.0</ele></trkpt>
<trkpt lat="45.216340" lon="5.774372"><ele>280.5</ele></trkpt>
<trkpt lat="45.216270" lon="5.774070"><ele>279.25</ele></trkpt>
<trkpt lat="45.216166" lon="5.773661"><ele>276.75</ele></trkpt>
<trkpt lat="45.216127" lon="5.773505"><ele>275.75</ele></trkpt>
<trkpt lat="45.216098" lon="5.773391"><ele>275.0</ele></trkpt>
<trkpt lat="45.215933" lon="5.772732"><ele>272.25</ele></trkpt>
<trkpt lat="45.215815" lon="5.772174"><ele>266.75</ele></trkpt>
<trkpt lat="45.215785" lon="5.772027"><ele>266.0</ele></trkpt>
<trkpt lat="45.215763" lon="5.771917"><ele>265.75</ele></trkpt>
<trkpt lat="45.215728" lon="5.771727"><ele>266.0</ele></trkpt>
<trkpt lat="45.215717" lon="5.771670"><ele>266.0</ele></trkpt>
<trkpt lat="45.215703" lon="5.771595"><ele>265.75</ele></trkpt>
<trkpt lat="45.215685" lon="5.771502"><ele>265.25</ele></trkpt>
<trkpt lat="45.215547" lon="5.770786"><ele>259.75</ele></trkpt>
<trkpt lat="45.215409" lon="5.770100"><ele>256.5</ele></trkpt>
<trkpt lat="45.215330" lon="5.769735"><ele>253.0</ele></trkpt>
<trkpt lat="45.215323" lon="5.769657"><ele>252.5</ele></trkpt>
<trkpt lat="45.215303" lon="5.769526"><ele>251.75</ele></trkpt>
<trkpt lat="45.215234" lon="5.769223"><ele>250.0</ele></trkpt>
<trkpt lat="45.215182" lon="5.769009"><ele>249.75</ele></trkpt>
<trkpt lat="45.215144" lon="5.768895"><ele>249.5</ele></trkpt>
<trkpt lat="45.215098" lon="5.768749"><ele>248.5</ele></trkpt>
<trkpt lat="45.215065" lon="5.768654"><ele>247.75</ele></trkpt>
<trkpt lat="45.215038" lon="5.768558"><ele>247.0</ele></trkpt>
<trkpt lat="45.215019" lon="5.768466"><ele>246.5</ele></trkpt>
<trkpt lat="45.214970" lon="5.768302"><ele>245.75</ele></trkpt>
<trkpt lat="45.214920" lon="5.768167"><ele>245.5</ele></trkpt>
<trkpt lat="45.214908" lon="5.768112"><ele>245.5</ele></trkpt>
<trkpt lat="45.214898" lon="5.768065"><ele>245.5</ele></trkpt>
<trkpt lat="45.214896" lon="5.767960"><ele>245.0</ele></trkpt>
<trkpt lat="45.214845" lon="5.767722"><ele>243.5</ele></trkpt>
<trkpt lat="45.214380" lon="5.766043"><ele>237.25</ele></trkpt>
<trkpt lat="45.214227" lon="5.765540"><ele>235.75</ele></trkpt>
<trkpt lat="45.213998" lon="5.764854"><ele>235.5</ele></trkpt>
<trkpt lat="45.213907" lon="5.764614"><ele>234.5</ele></trkpt>
<trkpt lat="45.213838" lon="5.764455"><ele>234.25</ele></trkpt>
<trkpt lat="45.213804" lon="5.764377"><ele>234.25</ele></trkpt>
<trkpt lat="45.213774" lon="5.764301"><ele>234.25</ele></trkpt>
<trkpt lat="45.213732" lon="5.764197"><ele>234.0</ele></trkpt>
<trkpt lat="45.213648" lon="5.763995"><ele>233.75</ele></trkpt>
<trkpt lat="45.213484" lon="5.763584"><ele>233.0</ele></trkpt>
<trkpt lat="45.213332" lon="5.763213"><ele>231.75</ele></trkpt>
<trkpt lat="45.213233" lon="5.762851"><ele>230.0</ele></trkpt>
<trkpt lat="45.213205" lon="5.762715"><ele>229.5</ele></trkpt>
<trkpt lat="45.213197" lon="5.762678"><ele>229.5</ele></trkpt>
<trkpt lat="45.213132" lon="5.762340"><ele>229.0</ele></trkpt>
<trkpt lat="45.213117" lon="5.762259"><ele>229.25</ele></trkpt>
<trkpt lat="45.213104" lon="5.762193"><ele>229.25</ele></trkpt>
<trkpt lat="45.213066" lon="5.761987"><ele>229.75</ele></trkpt>
<trkpt lat="45.213045" lon="5.761874"><ele>229.75</ele></trkpt>
<trkpt lat="45.212993" lon="5.761599"><ele>229.25</ele></trkpt>
<trkpt lat="45.212936" lon="5.761283"><ele>229.0</ele></trkpt>
<trkpt lat="45.212882" lon="5.760973"><ele>229.25</ele></trkpt>
<trkpt lat="45.212812" lon="5.760564"><ele>230.0</ele></trkpt>
<trkpt lat="45.212808" lon="5.760543"><ele>230.25</ele></trkpt>
<trkpt lat="45.212778" lon="5.760483"><ele>230.25</ele></trkpt>
<trkpt lat="45.212771" lon="5.760429"><ele>230.25</ele></trkpt>
<trkpt lat="45.212718" lon="5.760061"><ele>229.5</ele></trkpt>
<trkpt lat="45.212690" lon="5.759859"><ele>229.0</ele></trkpt>
<trkpt lat="45.212680" lon="5.759758"><ele>228.75</ele></trkpt>
<trkpt lat="45.212638" lon="5.759557"><ele>228.75</ele></trkpt>
<trkpt lat="45.212633" lon="5.759538"><ele>228.75</ele></trkpt>
<trkpt lat="45.212626" lon="5.759506"><ele>228.75</ele></trkpt>
<trkpt lat="45.212600" lon="5.759385"><ele>228.75</ele></trkpt>
<trkpt lat="45.212591" lon="5.759345"><ele>229.0</ele></trkpt>
<trkpt lat="45.212499" lon="5.758967"><ele>229.5</ele></trkpt>
<trkpt lat="45.212320" lon="5.758217"><ele>230.25</ele></trkpt>
<trkpt lat="45.212282" lon="5.758061"><ele>230.25</ele></trkpt>
<trkpt lat="45.212236" lon="5.757887"><ele>230.0</ele></trkpt>
<trkpt lat="45.212203" lon="5.757742"><ele>230.0</ele></trkpt>
<trkpt lat="45.212185" lon="5.757657"><ele>230.25</ele></trkpt>
<trkpt lat="45.212165" lon="5.757559"><ele>230.5</ele></trkpt>
<trkpt lat="45.212145" lon="5.757471"><ele>230.75</ele></trkpt>
<trkpt lat="45.212130" lon="5.757408"><ele>230.75</ele></trkpt>
<trkpt lat="45.212081" lon="5.757194"><ele>231.5</ele></trkpt>
<trkpt lat="45.212046" lon="5.757049"><ele>231.75</ele></trkpt>
<trkpt lat="45.211987" lon="5.756814"><ele>232.25</ele></trkpt>
<trkpt lat="45.211916" lon="5.756510"><ele>233.25</ele></trkpt>
<trkpt lat="45.211895" lon="5.756433"><ele>233.5</ele></trkpt>
<trkpt lat="45.211868" lon="5.756340"><ele>234.0</ele></trkpt>
<trkpt lat="45.211842" lon="5.756256"><ele>234.25</ele></trkpt>
<trkpt lat="45.211720" lon="5.755946"><ele>234.75</ele></trkpt>
<trkpt lat="45.211664" lon="5.755826"><ele>235.0</ele></trkpt>
<trkpt lat="45.211574" lon="5.755639"><ele>236.75</ele></trkpt>
<trkpt lat="45.211077" lon="5.754603"><ele>240.75</ele></trkpt>
<trkpt lat="45.211053" lon="5.754551"><ele>241.25</ele></trkpt>
<trkpt lat="45.211008" lon="5.754460"><ele>241.75</ele></trkpt>
<trkpt lat="45.210798" lon="5.754027"><ele>244.0</ele></trkpt>
<trkpt lat="45.210674" lon="5.753747"><ele>245.75</ele></trkpt>
<trkpt lat="45.210660" lon="5.753715"><ele>245.75</ele></trkpt>
<trkpt lat="45.210586" lon="5.753559"><ele>245.5</ele></trkpt>
<trkpt lat="45.210506" lon="5.753405"><ele>246.5</ele></trkpt>
<trkpt lat="45.210394" lon="5.753192"><ele>248.5</ele></trkpt>
<trkpt lat="45.210236" lon="5.752843"><ele>249.5</ele></trkpt>
<trkpt lat="45.210197" lon="5.752754"><ele>250.0</ele></trkpt>
<trkpt lat="45.210174" lon="5.752701"><ele>250.5</ele></trkpt>
<trkpt lat="45.210153" lon="5.752655"><ele>250.75</ele></trkpt>
<trkpt lat="45.210134" lon="5.752611"><ele>251.0</ele></trkpt>
<trkpt lat="45.210096" lon="5.752526"><ele>251.5</ele></trkpt>
<trkpt lat="45.210082" lon="5.752490"><ele>251.5</ele></trkpt>
<trkpt lat="45.209997" lon="5.752297"><ele>251.5</ele></trkpt>
<trkpt lat="45.209936" lon="5.752162"><ele>252.25</ele></trkpt>
<trkpt lat="45.209866" lon="5.752017"><ele>253.0</ele></trkpt>
<trkpt lat="45.209723" lon="5.751724"><ele>254.75</ele></trkpt>
<trkpt lat="45.209517" lon="5.751295"><ele>255.75</ele></trkpt>
<trkpt lat="45.209355" lon="5.750910"><ele>256.5</ele></trkpt>
<trkpt lat="45.209287" lon="5.750708"><ele>257.5</ele></trkpt>
<trkpt lat="45.209206" lon="5.750424"><ele>258.5</ele></trkpt>
<trkpt lat="45.209161" lon="5.750285"><ele>258.75</ele></trkpt>
<trkpt lat="45.209071" lon="5.750042"><ele>260.0</ele></trkpt>
<trkpt lat="45.208993" lon="5.749821"><ele>260.0</ele></trkpt>
<trkpt lat="45.208969" lon="5.749718"><ele>260.0</ele></trkpt>
<trkpt lat="45.208924" lon="5.749568"><ele>260.5</ele></trkpt>
<trkpt lat="45.208827" lon="5.749319"><ele>261.0</ele></trkpt>
<trkpt lat="45.208796" lon="5.749246"><ele>261.0</ele></trkpt>
<trkpt lat="45.208769" lon="5.749179"><ele>261.0</ele></trkpt>
<trkpt lat="45.208755" lon="5.749150"><ele>261.0</ele></trkpt>
<trkpt lat="45.208720" lon="5.749075"><ele>260.5</ele></trkpt>
<trkpt lat="45.208681" lon="5.749004"><ele>260.0</ele></trkpt>
<trkpt lat="45.208570" lon="5.748792"><ele>259.5</ele></trkpt>
<trkpt lat="45.207933" lon="5.747943"><ele>255.75</ele></trkpt>
<trkpt lat="45.207735" lon="5.747657"><ele>254.5</ele></trkpt>
<trkpt lat="45.207692" lon="5.747557"><ele>254.25</ele></trkpt>
<trkpt lat="45.207386" lon="5.746684"><ele>251.5</ele></trkpt>
<trkpt lat="45.207363" lon="5.746617"><ele>251.25</ele></trkpt>
<trkpt lat="45.207329" lon="5.746521"><ele>251.0</ele></trkpt>
<trkpt lat="45.207141" lon="5.745997"><ele>249.0</ele></trkpt>
<trkpt lat="45.207097" lon="5.745872"><ele>248.0</ele></trkpt>
<trkpt lat="45.207045" lon="5.745714"><ele>247.75</ele></trkpt>
<trkpt lat="45.207022" lon="5.745645"><ele>248.0</ele></trkpt>
<trkpt lat="45.206999" lon="5.745564"><ele>248.0</ele></trkpt>
<trkpt lat="45.206979" lon="5.745492"><ele>247.75</ele></trkpt>
<trkpt lat="45.206992" lon="5.745429"><ele>247.75</ele></trkpt>
<trkpt lat="45.207009" lon="5.745349"><ele>247.5</ele></trkpt>
<trkpt lat="45.207022" lon="5.745262"><ele>247.5</ele></trkpt>
<trkpt lat="45.207055" lon="5.745051"><ele>246.75</ele></trkpt>
<trkpt lat="45.207093" lon="5.744528"><ele>246.25</ele></trkpt>
<trkpt lat="45.207099" lon="5.744388"><ele>245.75</ele></trkpt>
<trkpt lat="45.207081" lon="5.744211"><ele>245.0</ele></trkpt>
<trkpt lat="45.207035" lon="5.744042"><ele>244.75</ele></trkpt>
<trkpt lat="45.206989" lon="5.743918"><ele>244.25</ele></trkpt>
<trkpt lat="45.206763" lon="5.743308"><ele>242.5</ele></trkpt>
<trkpt lat="45.206669" lon="5.743017"><ele>241.75</ele></trkpt>
<trkpt lat="45.206642" lon="5.742921"><ele>241.25</ele></trkpt>
<trkpt lat="45.206626" lon="5.742864"><ele>241.0</ele></trkpt>
<trkpt lat="45.206604" lon="5.742793"><ele>240.75</ele></trkpt>
<trkpt lat="45.206575" lon="5.742703"><ele>240.75</ele></trkpt>
<trkpt lat="45.206551" lon="5.742626"><ele>240.75</ele></trkpt>
<trkpt lat="45.206503" lon="5.742471"><ele>240.5</ele></trkpt>
<trkpt lat="45.206493" lon="5.742441"><ele>240.5</ele></trkpt>
<trkpt lat="45.206479" lon="5.742396"><ele>240.25</ele></trkpt>
<trkpt lat="45.206450" lon="5.742294"><ele>239.5</ele></trkpt>
<trkpt lat="45.206390" lon="5.742089"><ele>239.0</ele></trkpt>
<trkpt lat="45.206363" lon="5.741994"><ele>238.75</ele></trkpt>
<trkpt lat="45.206339" lon="5.741911"><ele>238.5</ele></trkpt>
<trkpt lat="45.206300" lon="5.741777"><ele>238.0</ele></trkpt>
<trkpt lat="45.206235" lon="5.741555"><ele>237.5</ele></trkpt>
<trkpt lat="45.206104" lon="5.741109"><ele>236.75</ele></trkpt>
<trkpt lat="45.205871" lon="5.740321"><ele>235.5</ele></trkpt>
<trkpt lat="45.205633" lon="5.739504"><ele>234.75</ele></trkpt>
<trkpt lat="45.205581" lon="5.739324"><ele>234.25</ele></trkpt>
<trkpt lat="45.205489" lon="5.739012"><ele>234.0</ele></trkpt>
<trkpt lat="45.205403" lon="5.738818"><ele>233.25</ele></trkpt>
<trkpt lat="45.205231" lon="5.738591"><ele>230.25</ele></trkpt>
<trkpt lat="45.205201" lon="5.738555"><ele>230.0</ele></trkpt>
<trkpt lat="45.205133" lon="5.738471"><ele>229.25</ele></trkpt>
<trkpt lat="45.205038" lon="5.738360"><ele>229.0</ele></trkpt>
<trkpt lat="45.204928" lon="5.738225"><ele>227.5</ele></trkpt>
<trkpt lat="45.204718" lon="5.737970"><ele>225.5</ele></trkpt>
<trkpt lat="45.204658" lon="5.737899"><ele>225.25</ele></trkpt>
<trkpt lat="45.204599" lon="5.737827"><ele>225.0</ele></trkpt>
<trkpt lat="45.204560" lon="5.737780"><ele>225.0</ele></trkpt>
<trkpt lat="45.204496" lon="5.737703"><ele>225.0</ele></trkpt>
<trkpt lat="45.204443" lon="5.737638"><ele>224.75</ele></trkpt>
<trkpt lat="45.204404" lon="5.737587"><ele>224.25</ele></trkpt>
<trkpt lat="45.204152" lon="5.737265"><ele>222.5</ele></trkpt>
<trkpt lat="45.203925" lon="5.736965"><ele>222.0</ele></trkpt>
<trkpt lat="45.203878" lon="5.736895"><ele>221.75</ele></trkpt>
<trkpt lat="45.203860" lon="5.736868"><ele>221.75</ele></trkpt>
<trkpt lat="45.203595" lon="5.736513"><ele>220.75</ele></trkpt>
<trkpt lat="45.203552" lon="5.736446"><ele>220.75</ele></trkpt>
<trkpt lat="45.203522" lon="5.736399"><ele>220.75</ele></trkpt>
<trkpt lat="45.203301" lon="5.736093"><ele>220.75</ele></trkpt>
<trkpt lat="45.203176" lon="5.735934"><ele>220.5</ele></trkpt>
<trkpt lat="45.203147" lon="5.735892"><ele>220.25</ele></trkpt>
<trkpt lat="45.202871" lon="5.735524"><ele>218.25</ele></trkpt>
<trkpt lat="45.202812" lon="5.735449"><ele>217.75</ele></trkpt>
<trkpt lat="45.202748" lon="5.735371"><ele>217.25</ele></trkpt>
<trkpt lat="45.202646" lon="5.735241"><ele>216.5</ele></trkpt>
<trkpt lat="45.202517" lon="5.735013"><ele>215.0</ele></trkpt>
<trkpt lat="45.202169" lon="5.734459"><ele>214.25</ele></trkpt>
<trkpt lat="45.202116" lon="5.734384"><ele>214.25</ele></trkpt>
<trkpt lat="45.202062" lon="5.734317"><ele>214.25</ele></trkpt>
<trkpt lat="45.202018" lon="5.734262"><ele>214.25</ele></trkpt>
<trkpt lat="45.201971" lon="5.734209"><ele>214.0</ele></trkpt>
<trkpt lat="45.201925" lon="5.734167"><ele>213.75</ele></trkpt>
<trkpt lat="45.201869" lon="5.734126"><ele>214.0</ele></trkpt>
<trkpt lat="45.201782" lon="5.734079"><ele>214.25</ele></trkpt>
<trkpt lat="45.201485" lon="5.733950"><ele>213.5</ele></trkpt>
<trkpt lat="45.201105" lon="5.733794"><ele>213.0</ele></trkpt>
<trkpt lat="45.201025" lon="5.733770"><ele>212.75</ele></trkpt>
<trkpt lat="45.200966" lon="5.733810"><ele>212.25</ele></trkpt>
<trkpt lat="45.200926" lon="5.733858"><ele>211.5</ele></trkpt>
<trkpt lat="45.199548" lon="5.733197"><ele>212.5</ele></trkpt>
<trkpt lat="45.199077" lon="5.732995"><ele>213.5</ele></trkpt>
<trkpt lat="45.198866" lon="5.732904"><ele>212.75</ele></trkpt>
<trkpt lat="45.198726" lon="5.732866"><ele>212.75</ele></trkpt>
<trkpt lat="45.198064" lon="5.732676"><ele>211.75</ele></trkpt>
<trkpt lat="45.197915" lon="5.732643"><ele>211.25</ele></trkpt>
<trkpt lat="45.197787" lon="5.732589"><ele>211.5</ele></trkpt>
<trkpt lat="45.197741" lon="5.732563"><ele>211.75</ele></trkpt>
<trkpt lat="45.197562" lon="5.732455"><ele>212.25</ele></trkpt>
<trkpt lat="45.197478" lon="5.732408"><ele>212.0</ele></trkpt>
<trkpt lat="45.197371" lon="5.732334"><ele>211.5</ele></trkpt>
<trkpt lat="45.197226" lon="5.732237"><ele>211.75</ele></trkpt>
<trkpt lat="45.197095" lon="5.732136"><ele>210.5</ele></trkpt>
<trkpt lat="45.196783" lon="5.731860"><ele>211.25</ele></trkpt>
<trkpt lat="45.196593" lon="5.731666"><ele>211.5</ele></trkpt>
<trkpt lat="45.196320" lon="5.731335"><ele>211.75</ele></trkpt>
<trkpt lat="45.196281" lon="5.731287"><ele>211.25</ele></trkpt>
<trkpt lat="45.196242" lon="5.731229"><ele>211.25</ele></trkpt>
<trkpt lat="45.196034" lon="5.730914"><ele>211.0</ele></trkpt>
<trkpt lat="45.195484" lon="5.730027"><ele>212.0</ele></trkpt>
<trkpt lat="45.195423" lon="5.729930"><ele>211.75</ele></trkpt>
<trkpt lat="45.195356" lon="5.729825"><ele>212.5</ele></trkpt>
<trkpt lat="45.194886" lon="5.729073"><ele>211.5</ele></trkpt>
<trkpt lat="45.194845" lon="5.729036"><ele>210.75</ele></trkpt>
<trkpt lat="45.194735" lon="5.728849"><ele>210.5</ele></trkpt>
<trkpt lat="45.194702" lon="5.728795"><ele>210.75</ele></trkpt>
<trkpt lat="45.194570" lon="5.728513"><ele>210.5</ele></trkpt>
<trkpt lat="45.194441" lon="5.728132"><ele>211.25</ele></trkpt>
<trkpt lat="45.194322" lon="5.727724"><ele>210.25</ele></trkpt>
<trkpt lat="45.194298" lon="5.727601"><ele>210.0</ele></trkpt>
<trkpt lat="45.194276" lon="5.727492"><ele>209.75</ele></trkpt>
<trkpt lat="45.194160" lon="5.726939"><ele>209.75</ele></trkpt>
<trkpt lat="45.194108" lon="5.726642"><ele>210.25</ele></trkpt>
<trkpt lat="45.194028" lon="5.726472"><ele>209.0</ele></trkpt>
<trkpt lat="45.193999" lon="5.726334"><ele>208.75</ele></trkpt>
<trkpt lat="45.193973" lon="5.726208"><ele>209.25</ele></trkpt>
<trkpt lat="45.193959" lon="5.725940"><ele>210.0</ele></trkpt>
<trkpt lat="45.193819" lon="5.725289"><ele>209.75</ele></trkpt>
<trkpt lat="45.193802" lon="5.725138"><ele>210.0</ele></trkpt>
<trkpt lat="45.193771" lon="5.724992"><ele>209.75</ele></trkpt>
<trkpt lat="45.193761" lon="5.724941"><ele>210.25</ele></trkpt>
<trkpt lat="45.193617" lon="5.724336"><ele>211.0</ele></trkpt>
<trkpt lat="45.193560" lon="5.724045"><ele>213.0</ele></trkpt>
<trkpt lat="45.193550" lon="5.723975"><ele>212.75</ele></trkpt>
<trkpt lat="45.193543" lon="5.723904"><ele>212.75</ele></trkpt>
<trkpt lat="45.193535" lon="5.723804"><ele>212.75</ele></trkpt>
<trkpt lat="45.193486" lon="5.722931"><ele>212.5</ele></trkpt>
<trkpt lat="45.193440" lon="5.722369"><ele>213.75</ele></trkpt>
<trkpt lat="45.193407" lon="5.721622"><ele>214.75</ele></trkpt>
<trkpt lat="45.193390" lon="5.721205"><ele>214.5</ele></trkpt>
<trkpt lat="45.193339" lon="5.721207"><ele>214.0</ele></trkpt>
<trkpt lat="45.193264" lon="5.721117"><ele>212.25</ele></trkpt>
<trkpt lat="45.193254" lon="5.720987"><ele>212.0</ele></trkpt>
<trkpt lat="45.193252" lon="5.720800"><ele>211.75</ele></trkpt>
<trkpt lat="45.193217" lon="5.719400"><ele>209.5</ele></trkpt>
<trkpt lat="45.193252" lon="5.719049"><ele>209.0</ele></trkpt>
<trkpt lat="45.193311" lon="5.718714"><ele>208.5</ele></trkpt>
<trkpt lat="45.193485" lon="5.718220"><ele>208.5</ele></trkpt>
<trkpt lat="45.193580" lon="5.718014"><ele>208.5</ele></trkpt>
<trkpt lat="45.193946" lon="5.717245"><ele>208.5</ele></trkpt>
<trkpt lat="45.194119" lon="5.716972"><ele>208.75</ele></trkpt>
<trkpt lat="45.194348" lon="5.716665"><ele>208.25</ele></trkpt>
<trkpt lat="45.194649" lon="5.716354"><ele>208.25</ele></trkpt>
<trkpt lat="45.195069" lon="5.716059"><ele>208.5</ele></trkpt>
<trkpt lat="45.195338" lon="5.715935"><ele>208.5</ele></trkpt>
<trkpt lat="45.195606" lon="5.715852"><ele>208.25</ele></trkpt>
<trkpt lat="45.196403" lon="5.715675"><ele>208.25</ele></trkpt>
<trkpt lat="45.196788" lon="5.715651"><ele>208.0</ele></trkpt>
<trkpt lat="45.197175" lon="5.715677"><ele>208.25</ele></trkpt>
<trkpt lat="45.197615" lon="5.715730"><ele>208.5</ele></trkpt>
<trkpt lat="45.198561" lon="5.715937"><ele>208.0</ele></trkpt>
<trkpt lat="45.199160" lon="5.716040"><ele>208.5</ele></trkpt>
<trkpt lat="45.199426" lon="5.716102"><ele>208.75</ele></trkpt>
<trkpt lat="45.199847" lon="5.716181"><ele>208.75</ele></trkpt>
<trkpt lat="45.200068" lon="5.716197"><ele>208.75</ele></trkpt>
<trkpt lat="45.200386" lon="5.716138"><ele>208.75</ele></trkpt>
<trkpt lat="45.200804" lon="5.715937"><ele>209.0</ele></trkpt>
<trkpt lat="45.201281" lon="5.715598"><ele>208.5</ele></trkpt>
<trkpt lat="45.201690" lon="5.715201"><ele>208.5</ele></trkpt>
<trkpt lat="45.202077" lon="5.714781"><ele>208.75</ele></trkpt>
<trkpt lat="45.202290" lon="5.714542"><ele>208.75</ele></trkpt>
<trkpt lat="45.202797" lon="5.713902"><ele>208.25</ele></trkpt>
<trkpt lat="45.204376" lon="5.711786"><ele>208.75</ele></trkpt>
<trkpt lat="45.204586" lon="5.711474"><ele>209.25</ele></trkpt>
<trkpt lat="45.204795" lon="5.711136"><ele>208.0</ele></trkpt>
<trkpt lat="45.204979" lon="5.710766"><ele>209.5</ele></trkpt>
<trkpt lat="45.205127" lon="5.710392"><ele>209.25</ele></trkpt>
<trkpt lat="45.205252" lon="5.710005"><ele>210.5</ele></trkpt>
<trkpt lat="45.205359" lon="5.709627"><ele>209.0</ele></trkpt>
<trkpt lat="45.205682" lon="5.708390"><ele>210.75</ele></trkpt>
<trkpt lat="45.205792" lon="5.708084"><ele>210.5</ele></trkpt>
<trkpt lat="45.205844" lon="5.707964"><ele>209.5</ele></trkpt>
<trkpt lat="45.205971" lon="5.707697"><ele>210.0</ele></trkpt>
<trkpt lat="45.206051" lon="5.707361"><ele>209.5</ele></trkpt>
<trkpt lat="45.206127" lon="5.707090"><ele>208.5</ele></trkpt>
<trkpt lat="45.206176" lon="5.706997"><ele>209.5</ele></trkpt>
<trkpt lat="45.206461" lon="5.706285"><ele>211.25</ele></trkpt>
<trkpt lat="45.206858" lon="5.705340"><ele>211.25</ele></trkpt>
<trkpt lat="45.207569" lon="5.703595"><ele>211.75</ele></trkpt>
<trkpt lat="45.208044" lon="5.702468"><ele>210.75</ele></trkpt>
<trkpt lat="45.207989" lon="5.702435"><ele>209.75</ele></trkpt>
<trkpt lat="45.207910" lon="5.702380"><ele>208.25</ele></trkpt>
<trkpt lat="45.206279" lon="5.701514"><ele>209.0</ele></trkpt>
<trkpt lat="45.206221" lon="5.701506"><ele>209.0</ele></trkpt>
<trkpt lat="45.206200" lon="5.701525"><ele>209.0</ele></trkpt>
<trkpt lat="45.206191" lon="5.701567"><ele>209.0</ele></trkpt>
<trkpt lat="45.206197" lon="5.701609"><ele>209.0</ele></trkpt>
<trkpt lat="45.206221" lon="5.701633"><ele>209.0</ele></trkpt>
<trkpt lat="45.206613" lon="5.701814"><ele>209.0</ele></trkpt>
<trkpt lat="45.206770" lon="5.701902"><ele>209.0</ele></trkpt>
<trkpt lat="45.206758" lon="5.701987"><ele>208.75</ele></trkpt>
<trkpt lat="45.206751" lon="5.702211"><ele>208.0</ele></trkpt>
<trkpt lat="45.206732" lon="5.702387"><ele>208.5</ele></trkpt>
<trkpt lat="45.206101" lon="5.704184"><ele>208.75</ele></trkpt>
<trkpt lat="45.205765" lon="5.705172"><ele>207.75</ele></trkpt>
<trkpt lat="45.205471" lon="5.706082"><ele>208.0</ele></trkpt>
<trkpt lat="45.205399" lon="5.706301"><ele>208.0</ele></trkpt>
<trkpt lat="45.205241" lon="5.706977"><ele>207.0</ele></trkpt>
<trkpt lat="45.205162" lon="5.707387"><ele>207.25</ele></trkpt>
<trkpt lat="45.205087" lon="5.707798"><ele>209.25</ele></trkpt>
<trkpt lat="45.204993" lon="5.708220"><ele>209.25</ele></trkpt>
<trkpt lat="45.204970" lon="5.708237"><ele>209.5</ele></trkpt>
<trkpt lat="45.204885" lon="5.708242"><ele>210.0</ele></trkpt>
<trkpt lat="45.204765" lon="5.708280"><ele>210.5</ele></trkpt>
<trkpt lat="45.204745" lon="5.708282"><ele>210.5</ele></trkpt>
<trkpt lat="45.204735" lon="5.708274"><ele>210.75</ele></trkpt>
<trkpt lat="45.202185" lon="5.709428"><ele>210.0</ele></trkpt>
<trkpt lat="45.200932" lon="5.709986"><ele>211.0</ele></trkpt>
<trkpt lat="45.200800" lon="5.710017"><ele>211.0</ele></trkpt>
<trkpt lat="45.200213" lon="5.710273"><ele>210.75</ele></trkpt>
<trkpt lat="45.199506" lon="5.710597"><ele>210.75</ele></trkpt>
<trkpt lat="45.199004" lon="5.710816"><ele>210.75</ele></trkpt>
<trkpt lat="45.198661" lon="5.710978"><ele>211.0</ele></trkpt>
<trkpt lat="45.198510" lon="5.711088"><ele>210.75</ele></trkpt>
<trkpt lat="45.197622" lon="5.711476"><ele>211.0</ele></trkpt>
<trkpt lat="45.197462" lon="5.711540"><ele>211.0</ele></trkpt>
<trkpt lat="45.197206" lon="5.711637"><ele>211.0</ele></trkpt>
<trkpt lat="45.196716" lon="5.711862"><ele>211.0</ele></trkpt>
<trkpt lat="45.196496" lon="5.712012"><ele>211.0</ele></trkpt>
<trkpt lat="45.196376" lon="5.712137"><ele>211.0</ele></trkpt>
<trkpt lat="45.196015" lon="5.712592"><ele>211.0</ele></trkpt>
<trkpt lat="45.196004" lon="5.712638"><ele>211.0</ele></trkpt>
<trkpt lat="45.195998" lon="5.712700"><ele>211.0</ele></trkpt>
<trkpt lat="45.195958" lon="5.712739"><ele>211.0</ele></trkpt>
<trkpt lat="45.195916" lon="5.712798"><ele>211.0</ele></trkpt>
<trkpt lat="45.195831" lon="5.712907"><ele>211.0</ele></trkpt>
<trkpt lat="45.195662" lon="5.713152"><ele>210.5</ele></trkpt>
<trkpt lat="45.195596" lon="5.713234"><ele>210.25</ele></trkpt>
<trkpt lat="45.195463" lon="5.713318"><ele>210.0</ele></trkpt>
<trkpt lat="45.195218" lon="5.713445"><ele>210.0</ele></trkpt>
<trkpt lat="45.195163" lon="5.713471"><ele>210.0</ele></trkpt>
<trkpt lat="45.195101" lon="5.713501"><ele>210.0</ele></trkpt>
<trkpt lat="45.195047" lon="5.713526"><ele>210.0</ele></trkpt>
<trkpt lat="45.194430" lon="5.713825"><ele>210.0</ele></trkpt>
<trkpt lat="45.194125" lon="5.713971"><ele>210.0</ele></trkpt>
<trkpt lat="45.193990" lon="5.714035"><ele>210.0</ele></trkpt>
<trkpt lat="45.193956" lon="5.714053"><ele>210.0</ele></trkpt>
<trkpt lat="45.193877" lon="5.714087"><ele>210.0</ele></trkpt>
<trkpt lat="45.193851" lon="5.714100"><ele>210.0</ele></trkpt>
<trkpt lat="45.193804" lon="5.714122"><ele>210.0</ele></trkpt>
<trkpt lat="45.193782" lon="5.714132"><ele>210.0</ele></trkpt>
<trkpt lat="45.193634" lon="5.714206"><ele>210.0</ele></trkpt>
<trkpt lat="45.193377" lon="5.714336"><ele>210.25</ele></trkpt>
<trkpt lat="45.193310" lon="5.714369"><ele>210.25</ele></trkpt>
<trkpt lat="45.192971" lon="5.714539"><ele>210.0</ele></trkpt>
<trkpt lat="45.192775" lon="5.714626"><ele>210.25</ele></trkpt>
<trkpt lat="45.192600" lon="5.714703"><ele>210.5</ele></trkpt>
<trkpt lat="45.192440" lon="5.714770"><ele>211.0</ele></trkpt>
<trkpt lat="45.192324" lon="5.714818"><ele>211.0</ele></trkpt>
<trkpt lat="45.192238" lon="5.714860"><ele>211.0</ele></trkpt>
<trkpt lat="45.192073" lon="5.714939"><ele>211.0</ele></trkpt>
<trkpt lat="45.192004" lon="5.714968"><ele>211.0</ele></trkpt>
<trkpt lat="45.191828" lon="5.715050"><ele>211.0</ele></trkpt>
<trkpt lat="45.191497" lon="5.715202"><ele>210.75</ele></trkpt>
<trkpt lat="45.191336" lon="5.715273"><ele>211.0</ele></trkpt>
<trkpt lat="45.191234" lon="5.715315"><ele>211.25</ele></trkpt>
<trkpt lat="45.191179" lon="5.715333"><ele>211.5</ele></trkpt>
<trkpt lat="45.191159" lon="5.715342"><ele>211.5</ele></trkpt>
<trkpt lat="45.191024" lon="5.715402"><ele>211.5</ele></trkpt>
<trkpt lat="45.190942" lon="5.715461"><ele>211.25</ele></trkpt>
<trkpt lat="45.190794" lon="5.715571"><ele>211.0</ele></trkpt>
<trkpt lat="45.190490" lon="5.715736"><ele>211.0</ele></trkpt>
<trkpt lat="45.190439" lon="5.715772"><ele>211.0</ele></trkpt>
<trkpt lat="45.190388" lon="5.715817"><ele>211.0</ele></trkpt>
<trkpt lat="45.190394" lon="5.715868"><ele>211.0</ele></trkpt>
<trkpt lat="45.190518" lon="5.716707"><ele>211.0</ele></trkpt>
<trkpt lat="45.190527" lon="5.716773"><ele>211.0</ele></trkpt>
<trkpt lat="45.190541" lon="5.716864"><ele>211.0</ele></trkpt>
<trkpt lat="45.190634" lon="5.717484"><ele>211.0</ele></trkpt>
<trkpt lat="45.190668" lon="5.717706"><ele>211.0</ele></trkpt>
<trkpt lat="45.190779" lon="5.718443"><ele>211.0</ele></trkpt>
<trkpt lat="45.190808" lon="5.718623"><ele>210.75</ele></trkpt>
<trkpt lat="45.190825" lon="5.718730"><ele>211.0</ele></trkpt>
<trkpt lat="45.190900" lon="5.719229"><ele>211.0</ele></trkpt>
<trkpt lat="45.190951" lon="5.719588"><ele>211.0</ele></trkpt>
<trkpt lat="45.190941" lon="5.719700"><ele>211.0</ele></trkpt>
<trkpt lat="45.190955" lon="5.719806"><ele>211.0</ele></trkpt>
<trkpt lat="45.190900" lon="5.719783"><ele>211.0</ele></trkpt>
<trkpt lat="45.190852" lon="5.719763"><ele>211.0</ele></trkpt>
<trkpt lat="45.190766" lon="5.719777"><ele>211.0</ele></trkpt>
<trkpt lat="45.190573" lon="5.719725"><ele>211.0</ele></trkpt>
<trkpt lat="45.189943" lon="5.719514"><ele>211.0</ele></trkpt>
<trkpt lat="45.189743" lon="5.719433"><ele>211.0</ele></trkpt>
<trkpt lat="45.189626" lon="5.719357"><ele>211.0</ele></trkpt>
<trkpt lat="45.189558" lon="5.719337"><ele>211.0</ele></trkpt>
<trkpt lat="45.189548" lon="5.719334"><ele>211.0</ele></trkpt>
<trkpt lat="45.189542" lon="5.719333"><ele>210.75</ele></trkpt>
<trkpt lat="45.189539" lon="5.719356"><ele>211.0</ele></trkpt>
<trkpt lat="45.189526" lon="5.719433"><ele>211.0</ele></trkpt>
<trkpt lat="45.189513" lon="5.719519"><ele>211.0</ele></trkpt>
<trkpt lat="45.189507" lon="5.719567"><ele>211.0</ele></trkpt>
<trkpt lat="45.189497" lon="5.719636"><ele>210.75</ele></trkpt>
<trkpt lat="45.189513" lon="5.719641"><ele>211.0</ele></trkpt>
<trkpt lat="45.189575" lon="5.719659"><ele>211.0</ele></trkpt>
<trkpt lat="45.189738" lon="5.719706"><ele>211.0</ele></trkpt>
<trkpt lat="45.190056" lon="5.719816"><ele>211.0</ele></trkpt>
<trkpt lat="45.190048" lon="5.719881"><ele>211.0</ele></trkpt>
<trkpt lat="45.190040" lon="5.719943"><ele>211.0</ele></trkpt>
<trkpt lat="45.189997" lon="5.719929"><ele>211.0</ele></trkpt>
<trkpt lat="45.189985" lon="5.719995"><ele>211.25</ele></trkpt>
</trkseg></trk></gpx>
