<?xml version="1.0" encoding="UTF-8"?>
<!-- track-length = 70201 filtered ascend = 494 plain-ascend = 0 cost=111651 energy=.0kwh time=19m 50s AUTO selected ISO_GREEDY (score 0.820) after 2 candidate(s) in 24600ms. Also tried WAYPOINT: score 0.623. short shared stem near start/end: 10m minor mid-route overlap: 192m (below 6000m rejection cap) -->
<gpx
 xmlns="http://www.topografix.com/GPX/1/1"
 xmlns:xsi="http://www.w3.org/2001/XMLSchema-instance"
 xsi:schemaLocation="http://www.topografix.com/GPX/1/1 http://www.topografix.com/GPX/1/1/gpx.xsd"
 creator="BRouter-null" version="1.1">
 <trk>
  <name>unset</name>
  <trkseg>
   <trkpt lon="5.719995" lat="45.189985"><ele>211.0</ele></trkpt>
   <trkpt lon="5.719929" lat="45.189997"><ele>211.0</ele></trkpt>
   <trkpt lon="5.719943" lat="45.190040"><ele>211.0</ele></trkpt>
   <trkpt lon="5.719881" lat="45.190048"><ele>211.0</ele></trkpt>
   <trkpt lon="5.720108" lat="45.190710"><ele>211.0</ele></trkpt>
   <trkpt lon="5.720148" lat="45.190824"><ele>211.0</ele></trkpt>
   <trkpt lon="5.720221" lat="45.190919"><ele>211.0</ele></trkpt>
   <trkpt lon="5.720244" lat="45.190976"><ele>211.0</ele></trkpt>
   <trkpt lon="5.720260" lat="45.191017"><ele>211.0</ele></trkpt>
   <trkpt lon="5.720283" lat="45.191072"><ele>211.0</ele></trkpt>
   <trkpt lon="5.720309" lat="45.191157"><ele>211.0</ele></trkpt>
   <trkpt lon="5.720306" lat="45.191239"><ele>211.0</ele></trkpt>
   <trkpt lon="5.720326" lat="45.191342"><ele>211.0</ele></trkpt>
   <trkpt lon="5.720398" lat="45.191566"><ele>211.5</ele></trkpt>
   <trkpt lon="5.720389" lat="45.191604"><ele>211.75</ele></trkpt>
   <trkpt lon="5.720376" lat="45.191636"><ele>211.75</ele></trkpt>
   <trkpt lon="5.720425" lat="45.191794"><ele>212.25</ele></trkpt>
   <trkpt lon="5.720488" lat="45.191994"><ele>213.0</ele></trkpt>
   <trkpt lon="5.720502" lat="45.192053"><ele>213.0</ele></trkpt>
   <trkpt lon="5.720552" lat="45.192215"><ele>213.0</ele></trkpt>
   <trkpt lon="5.720510" lat="45.192308"><ele>211.0</ele></trkpt>
   <trkpt lon="5.720425" lat="45.192377"><ele>209.75</ele></trkpt>
   <trkpt lon="5.720376" lat="45.192416"><ele>209.25</ele></trkpt>
   <trkpt lon="5.720329" lat="45.192453"></trkpt>
   <trkpt lon="5.719811" lat="45.193214"></trkpt>
   <trkpt lon="5.719807" lat="45.193276"><ele>211.75</ele></trkpt>
   <trkpt lon="5.719805" lat="45.193309"><ele>212.25</ele></trkpt>
   <trkpt lon="5.719798" lat="45.193342"><ele>213.0</ele></trkpt>
   <trkpt lon="5.719769" lat="45.193404"><ele>213.0</ele></trkpt>
   <trkpt lon="5.719696" lat="45.193495"><ele>212.75</ele></trkpt>
   <trkpt lon="5.719514" lat="45.193665"><ele>215.5</ele></trkpt>
   <trkpt lon="5.719325" lat="45.193795"><ele>218.25</ele></trkpt>
   <trkpt lon="5.719096" lat="45.193907"><ele>211.75</ele></trkpt>
   <trkpt lon="5.719132" lat="45.194057"><ele>211.75</ele></trkpt>
   <trkpt lon="5.719148" lat="45.194196"><ele>211.75</ele></trkpt>
   <trkpt lon="5.719131" lat="45.194457"><ele>211.0</ele></trkpt>
   <trkpt lon="5.719108" lat="45.194764"><ele>211.75</ele></trkpt>
   <trkpt lon="5.719106" lat="45.194806"><ele>211.75</ele></trkpt>
   <trkpt lon="5.719101" lat="45.194893"><ele>211.75</ele></trkpt>
   <trkpt lon="5.719076" lat="45.195369"><ele>211.5</ele></trkpt>
   <trkpt lon="5.719065" lat="45.195532"><ele>211.5</ele></trkpt>
   <trkpt lon="5.719063" lat="45.195587"><ele>211.75</ele></trkpt>
   <trkpt lon="5.719054" lat="45.195698"><ele>212.5</ele></trkpt>
   <trkpt lon="5.719026" lat="45.195793"><ele>213.0</ele></trkpt>
   <trkpt lon="5.718985" lat="45.195921"><ele>213.25</ele></trkpt>
   <trkpt lon="5.718901" lat="45.196227"><ele>212.0</ele></trkpt>
   <trkpt lon="5.718876" lat="45.196316"><ele>212.0</ele></trkpt>
   <trkpt lon="5.718849" lat="45.196402"><ele>212.0</ele></trkpt>
   <trkpt lon="5.718693" lat="45.196896"><ele>212.75</ele></trkpt>
   <trkpt lon="5.718546" lat="45.197377"><ele>211.75</ele></trkpt>
   <trkpt lon="5.718534" lat="45.197474"><ele>211.75</ele></trkpt>
   <trkpt lon="5.718452" lat="45.197718"><ele>212.0</ele></trkpt>
   <trkpt lon="5.718332" lat="45.198182"><ele>211.5</ele></trkpt>
   <trkpt lon="5.718311" lat="45.198209"><ele>211.25</ele></trkpt>
   <trkpt lon="5.718327" lat="45.198235"><ele>211.25</ele></trkpt>
   <trkpt lon="5.718329" lat="45.198262"><ele>211.25</ele></trkpt>
   <trkpt lon="5.718319" lat="45.198289"><ele>211.0</ele></trkpt>
   <trkpt lon="5.718297" lat="45.198311"><ele>211.0</ele></trkpt>
   <trkpt lon="5.718265" lat="45.198327"><ele>211.0</ele></trkpt>
   <trkpt lon="5.718227" lat="45.198334"><ele>211.0</ele></trkpt>
   <trkpt lon="5.718221" lat="45.198376"><ele>211.0</ele></trkpt>
   <trkpt lon="5.718216" lat="45.198409"><ele>211.25</ele></trkpt>
   <trkpt lon="5.718205" lat="45.198472"><ele>211.5</ele></trkpt>
   <trkpt lon="5.718100" lat="45.198851"><ele>211.0</ele></trkpt>
   <trkpt lon="5.718088" lat="45.198894"><ele>211.0</ele></trkpt>
   <trkpt lon="5.718082" lat="45.198911"><ele>211.0</ele></trkpt>
   <trkpt lon="5.718049" lat="45.199034"><ele>211.5</ele></trkpt>
   <trkpt lon="5.717863" lat="45.199710"><ele>214.0</ele></trkpt>
   <trkpt lon="5.717841" lat="45.199837"><ele>214.75</ele></trkpt>
   <trkpt lon="5.717834" lat="45.199873"><ele>215.0</ele></trkpt>
   <trkpt lon="5.717824" lat="45.199933"><ele>215.25</ele></trkpt>
   <trkpt lon="5.717762" lat="45.200148"><ele>215.75</ele></trkpt>
   <trkpt lon="5.717716" lat="45.200415"><ele>217.5</ele></trkpt>
   <trkpt lon="5.717683" lat="45.200542"><ele>218.0</ele></trkpt>
   <trkpt lon="5.717630" lat="45.200636"><ele>218.5</ele></trkpt>
   <trkpt lon="5.717556" lat="45.200736"><ele>219.25</ele></trkpt>
   <trkpt lon="5.717294" lat="45.200970"><ele>221.75</ele></trkpt>
   <trkpt lon="5.717252" lat="45.201007"><ele>222.0</ele></trkpt>
   <trkpt lon="5.717005" lat="45.201224"><ele>223.75</ele></trkpt>
   <trkpt lon="5.716244" lat="45.201677"><ele>225.0</ele></trkpt>
   <trkpt lon="5.716172" lat="45.201723"><ele>225.25</ele></trkpt>
   <trkpt lon="5.716018" lat="45.201829"><ele>226.25</ele></trkpt>
   <trkpt lon="5.715904" lat="45.201930"><ele>228.0</ele></trkpt>
   <trkpt lon="5.715615" lat="45.202251"><ele>232.25</ele></trkpt>
   <trkpt lon="5.715430" lat="45.202423"><ele>233.25</ele></trkpt>
   <trkpt lon="5.715061" lat="45.202702"><ele>233.75</ele></trkpt>
   <trkpt lon="5.714630" lat="45.203015"><ele>233.25</ele></trkpt>
   <trkpt lon="5.714484" lat="45.203122"><ele>233.25</ele></trkpt>
   <trkpt lon="5.714344" lat="45.203217"><ele>232.75</ele></trkpt>
   <trkpt lon="5.714296" lat="45.203253"><ele>233.0</ele></trkpt>
   <trkpt lon="5.713036" lat="45.204206"><ele>229.25</ele></trkpt>
   <trkpt lon="5.712117" lat="45.204980"><ele>225.0</ele></trkpt>
   <trkpt lon="5.712009" lat="45.205036"><ele>224.25</ele></trkpt>
   <trkpt lon="5.711905" lat="45.205090"><ele>223.5</ele></trkpt>
   <trkpt lon="5.711618" lat="45.205209"><ele>223.5</ele></trkpt>
   <trkpt lon="5.710599" lat="45.205505"><ele>218.0</ele></trkpt>
   <trkpt lon="5.710280" lat="45.205604"><ele>218.25</ele></trkpt>
   <trkpt lon="5.709864" lat="45.205733"><ele>217.0</ele></trkpt>
   <trkpt lon="5.709643" lat="45.205795"><ele>214.0</ele></trkpt>
   <trkpt lon="5.709040" lat="45.206210"><ele>213.5</ele></trkpt>
   <trkpt lon="5.708958" lat="45.206275"><ele>213.5</ele></trkpt>
   <trkpt lon="5.708889" lat="45.206355"><ele>213.0</ele></trkpt>
   <trkpt lon="5.708870" lat="45.206385"><ele>212.75</ele></trkpt>
   <trkpt lon="5.708838" lat="45.206430"><ele>213.25</ele></trkpt>
   <trkpt lon="5.708807" lat="45.206488"><ele>213.75</ele></trkpt>
   <trkpt lon="5.708770" lat="45.206554"><ele>214.0</ele></trkpt>
   <trkpt lon="5.708645" lat="45.206793"><ele>213.5</ele></trkpt>
   <trkpt lon="5.708609" lat="45.206862"><ele>213.0</ele></trkpt>
   <trkpt lon="5.708317" lat="45.207387"><ele>213.5</ele></trkpt>
   <trkpt lon="5.708194" lat="45.207586"><ele>214.25</ele></trkpt>
   <trkpt lon="5.708181" lat="45.207607"><ele>214.5</ele></trkpt>
   <trkpt lon="5.708037" lat="45.207708"><ele>213.75</ele></trkpt>
   <trkpt lon="5.707743" lat="45.207862"><ele>214.0</ele></trkpt>
   <trkpt lon="5.707579" lat="45.207929"><ele>214.0</ele></trkpt>
   <trkpt lon="5.707487" lat="45.207963"><ele>213.5</ele></trkpt>
   <trkpt lon="5.707368" lat="45.208010"><ele>213.25</ele></trkpt>
   <trkpt lon="5.707297" lat="45.208032"><ele>213.0</ele></trkpt>
   <trkpt lon="5.707225" lat="45.208058"><ele>213.0</ele></trkpt>
   <trkpt lon="5.707149" lat="45.208091"><ele>213.5</ele></trkpt>
   <trkpt lon="5.706890" lat="45.208206"><ele>214.0</ele></trkpt>
   <trkpt lon="5.706814" lat="45.208236"><ele>213.25</ele></trkpt>
   <trkpt lon="5.706738" lat="45.208265"><ele>212.5</ele></trkpt>
   <trkpt lon="5.706605" lat="45.208306"><ele>211.5</ele></trkpt>
   <trkpt lon="5.706528" lat="45.208307"><ele>211.25</ele></trkpt>
   <trkpt lon="5.706417" lat="45.208289"><ele>211.0</ele></trkpt>
   <trkpt lon="5.706290" lat="45.208265"><ele>211.0</ele></trkpt>
   <trkpt lon="5.706260" lat="45.208318"><ele>211.0</ele></trkpt>
   <trkpt lon="5.706212" lat="45.208361"><ele>211.25</ele></trkpt>
   <trkpt lon="5.706169" lat="45.208388"><ele>211.25</ele></trkpt>
   <trkpt lon="5.705779" lat="45.208624"><ele>211.0</ele></trkpt>
   <trkpt lon="5.705669" lat="45.208690"><ele>211.0</ele></trkpt>
   <trkpt lon="5.705605" lat="45.208729"><ele>210.75</ele></trkpt>
   <trkpt lon="5.704939" lat="45.209109"><ele>211.25</ele></trkpt>
   <trkpt lon="5.704269" lat="45.209455"><ele>209.0</ele></trkpt>
   <trkpt lon="5.703941" lat="45.209638"><ele>209.25</ele></trkpt>
   <trkpt lon="5.703746" lat="45.209762"><ele>209.0</ele></trkpt>
   <trkpt lon="5.703549" lat="45.209902"><ele>209.0</ele></trkpt>
   <trkpt lon="5.703272" lat="45.210137"><ele>208.75</ele></trkpt>
   <trkpt lon="5.703083" lat="45.210300"><ele>208.0</ele></trkpt>
   <trkpt lon="5.703005" lat="45.210394"><ele>208.25</ele></trkpt>
   <trkpt lon="5.702832" lat="45.210569"><ele>208.75</ele></trkpt>
   <trkpt lon="5.702802" lat="45.210599"><ele>209.0</ele></trkpt>
   <trkpt lon="5.702690" lat="45.210704"><ele>208.75</ele></trkpt>
   <trkpt lon="5.702606" lat="45.210775"><ele>208.75</ele></trkpt>
   <trkpt lon="5.701955" lat="45.211278"><ele>209.0</ele></trkpt>
   <trkpt lon="5.701693" lat="45.211505"><ele>209.25</ele></trkpt>
   <trkpt lon="5.700827" lat="45.212247"><ele>210.75</ele></trkpt>
   <trkpt lon="5.700569" lat="45.212496"><ele>211.25</ele></trkpt>
   <trkpt lon="5.700475" lat="45.212603"><ele>212.75</ele></trkpt>
   <trkpt lon="5.700446" lat="45.212628"><ele>213.0</ele></trkpt>
   <trkpt lon="5.700364" lat="45.212725"><ele>212.25</ele></trkpt>
   <trkpt lon="5.700218" lat="45.212884"><ele>211.0</ele></trkpt>
   <trkpt lon="5.700032" lat="45.213077"><ele>210.5</ele></trkpt>
   <trkpt lon="5.699727" lat="45.213323"><ele>209.0</ele></trkpt>
   <trkpt lon="5.699563" lat="45.213434"><ele>209.0</ele></trkpt>
   <trkpt lon="5.699118" lat="45.213681"><ele>207.75</ele></trkpt>
   <trkpt lon="5.699060" lat="45.213707"><ele>208.0</ele></trkpt>
   <trkpt lon="5.698942" lat="45.213756"><ele>208.0</ele></trkpt>
   <trkpt lon="5.698814" lat="45.213804"><ele>207.5</ele></trkpt>
   <trkpt lon="5.698083" lat="45.214093"><ele>206.75</ele></trkpt>
   <trkpt lon="5.697985" lat="45.214132"><ele>207.0</ele></trkpt>
   <trkpt lon="5.697707" lat="45.214198"><ele>206.75</ele></trkpt>
   <trkpt lon="5.697620" lat="45.214229"><ele>206.75</ele></trkpt>
   <trkpt lon="5.697154" lat="45.214388"><ele>206.0</ele></trkpt>
   <trkpt lon="5.696878" lat="45.214513"><ele>206.5</ele></trkpt>
   <trkpt lon="5.696671" lat="45.214633"><ele>206.25</ele></trkpt>
   <trkpt lon="5.696474" lat="45.214769"><ele>206.0</ele></trkpt>
   <trkpt lon="5.696426" lat="45.214797"><ele>206.0</ele></trkpt>
   <trkpt lon="5.696309" lat="45.214875"><ele>206.0</ele></trkpt>
   <trkpt lon="5.696248" lat="45.214914"><ele>206.0</ele></trkpt>
   <trkpt lon="5.696068" lat="45.215033"><ele>206.0</ele></trkpt>
   <trkpt lon="5.695872" lat="45.215194"><ele>206.0</ele></trkpt>
   <trkpt lon="5.695653" lat="45.215405"><ele>206.0</ele></trkpt>
   <trkpt lon="5.694790" lat="45.216372"><ele>205.75</ele></trkpt>
   <trkpt lon="5.694500" lat="45.216707"><ele>206.0</ele></trkpt>
   <trkpt lon="5.694419" lat="45.216806"><ele>206.0</ele></trkpt>
   <trkpt lon="5.694354" lat="45.216906"><ele>206.0</ele></trkpt>
   <trkpt lon="5.694240" lat="45.217059"><ele>206.25</ele></trkpt>
   <trkpt lon="5.694212" lat="45.217101"><ele>206.25</ele></trkpt>
   <trkpt lon="5.694117" lat="45.217206"><ele>206.0</ele></trkpt>
   <trkpt lon="5.694058" lat="45.217271"><ele>206.5</ele></trkpt>
   <trkpt lon="5.693958" lat="45.217386"><ele>207.0</ele></trkpt>
   <trkpt lon="5.693903" lat="45.217448"><ele>206.75</ele></trkpt>
   <trkpt lon="5.693471" lat="45.217917"><ele>206.0</ele></trkpt>
   <trkpt lon="5.693083" lat="45.218370"><ele>206.0</ele></trkpt>
   <trkpt lon="5.692676" lat="45.218823"><ele>205.75</ele></trkpt>
   <trkpt lon="5.691692" lat="45.219941"><ele>205.75</ele></trkpt>
   <trkpt lon="5.691646" lat="45.219989"><ele>205.75</ele></trkpt>
   <trkpt lon="5.691558" lat="45.220077"><ele>206.0</ele></trkpt>
   <trkpt lon="5.691477" lat="45.220174"><ele>206.0</ele></trkpt>
   <trkpt lon="5.691173" lat="45.220546"><ele>205.75</ele></trkpt>
   <trkpt lon="5.690622" lat="45.221172"><ele>205.75</ele></trkpt>
   <trkpt lon="5.690218" lat="45.221650"><ele>205.75</ele></trkpt>
   <trkpt lon="5.689963" lat="45.221943"><ele>205.75</ele></trkpt>
   <trkpt lon="5.689885" lat="45.222032"><ele>205.75</ele></trkpt>
   <trkpt lon="5.689358" lat="45.222670"><ele>205.25</ele></trkpt>
   <trkpt lon="5.689209" lat="45.222842"><ele>205.75</ele></trkpt>
   <trkpt lon="5.689140" lat="45.222919"><ele>205.75</ele></trkpt>
   <trkpt lon="5.688967" lat="45.223122"><ele>205.75</ele></trkpt>
   <trkpt lon="5.688924" lat="45.223165"><ele>205.75</ele></trkpt>
   <trkpt lon="5.688622" lat="45.223473"><ele>206.25</ele></trkpt>
   <trkpt lon="5.688450" lat="45.223681"><ele>206.25</ele></trkpt>
   <trkpt lon="5.688388" lat="45.223745"><ele>206.25</ele></trkpt>
   <trkpt lon="5.688103" lat="45.224078"><ele>206.75</ele></trkpt>
   <trkpt lon="5.688067" lat="45.224121"><ele>206.75</ele></trkpt>
   <trkpt lon="5.687992" lat="45.224203"><ele>206.75</ele></trkpt>
   <trkpt lon="5.687923" lat="45.224270"><ele>206.75</ele></trkpt>
   <trkpt lon="5.687735" lat="45.224456"><ele>206.75</ele></trkpt>
   <trkpt lon="5.687544" lat="45.224681"><ele>206.75</ele></trkpt>
   <trkpt lon="5.687196" lat="45.225092"><ele>207.0</ele></trkpt>
   <trkpt lon="5.687080" lat="45.225259"><ele>207.25</ele></trkpt>
   <trkpt lon="5.687040" lat="45.225309"><ele>207.5</ele></trkpt>
   <trkpt lon="5.686954" lat="45.225409"><ele>207.75</ele></trkpt>
   <trkpt lon="5.686896" lat="45.225470"><ele>207.75</ele></trkpt>
   <trkpt lon="5.686497" lat="45.225940"><ele>208.0</ele></trkpt>
   <trkpt lon="5.686376" lat="45.226074"><ele>208.75</ele></trkpt>
   <trkpt lon="5.686172" lat="45.226300"><ele>209.0</ele></trkpt>
   <trkpt lon="5.686133" lat="45.226347"><ele>209.0</ele></trkpt>
   <trkpt lon="5.686027" lat="45.226425"><ele>209.0</ele></trkpt>
   <trkpt lon="5.685881" lat="45.226562"><ele>209.0</ele></trkpt>
   <trkpt lon="5.685125" lat="45.227406"><ele>210.25</ele></trkpt>
   <trkpt lon="5.684713" lat="45.227813"><ele>211.0</ele></trkpt>
   <trkpt lon="5.684535" lat="45.228004"><ele>211.5</ele></trkpt>
   <trkpt lon="5.684386" lat="45.228179"><ele>211.5</ele></trkpt>
   <trkpt lon="5.684345" lat="45.228230"><ele>211.25</ele></trkpt>
   <trkpt lon="5.684264" lat="45.228317"><ele>211.5</ele></trkpt>
   <trkpt lon="5.684197" lat="45.228397"><ele>211.75</ele></trkpt>
   <trkpt lon="5.684041" lat="45.228561"><ele>212.25</ele></trkpt>
   <trkpt lon="5.683945" lat="45.228666"><ele>212.75</ele></trkpt>
   <trkpt lon="5.683544" lat="45.229092"><ele>214.25</ele></trkpt>
   <trkpt lon="5.683409" lat="45.229258"><ele>215.0</ele></trkpt>
   <trkpt lon="5.683362" lat="45.229307"><ele>215.25</ele></trkpt>
   <trkpt lon="5.683261" lat="45.229398"><ele>215.5</ele></trkpt>
   <trkpt lon="5.683162" lat="45.229465"><ele>215.25</ele></trkpt>
   <trkpt lon="5.683050" lat="45.229579"></trkpt>
   <trkpt lon="5.683032" lat="45.229597"><ele>215.5</ele></trkpt>
   <trkpt lon="5.682978" lat="45.229647"><ele>215.5</ele></trkpt>
   <trkpt lon="5.682894" lat="45.229733"><ele>215.75</ele></trkpt>
   <trkpt lon="5.682603" lat="45.230009"><ele>215.0</ele></trkpt>
   <trkpt lon="5.682427" lat="45.230158"><ele>214.5</ele></trkpt>
   <trkpt lon="5.682386" lat="45.230197"><ele>214.5</ele></trkpt>
   <trkpt lon="5.682110" lat="45.230444"><ele>214.25</ele></trkpt>
   <trkpt lon="5.682070" lat="45.230479"><ele>214.25</ele></trkpt>
   <trkpt lon="5.681948" lat="45.230599"><ele>214.0</ele></trkpt>
   <trkpt lon="5.681888" lat="45.230655"><ele>213.75</ele></trkpt>
   <trkpt lon="5.681763" lat="45.230748"><ele>213.75</ele></trkpt>
   <trkpt lon="5.681313" lat="45.231131"><ele>213.75</ele></trkpt>
   <trkpt lon="5.681161" lat="45.231250"><ele>213.5</ele></trkpt>
   <trkpt lon="5.681141" lat="45.231265"><ele>213.25</ele></trkpt>
   <trkpt lon="5.681054" lat="45.231321"><ele>213.25</ele></trkpt>
   <trkpt lon="5.680933" lat="45.231400"><ele>213.5</ele></trkpt>
   <trkpt lon="5.680630" lat="45.231647"><ele>213.5</ele></trkpt>
   <trkpt lon="5.679737" lat="45.232399"><ele>213.5</ele></trkpt>
   <trkpt lon="5.679613" lat="45.232510"><ele>214.0</ele></trkpt>
   <trkpt lon="5.679575" lat="45.232539"><ele>214.0</ele></trkpt>
   <trkpt lon="5.679505" lat="45.232608"><ele>214.0</ele></trkpt>
   <trkpt lon="5.679404" lat="45.232691"><ele>213.75</ele></trkpt>
   <trkpt lon="5.679127" lat="45.232881"><ele>214.25</ele></trkpt>
   <trkpt lon="5.678819" lat="45.233108"><ele>214.0</ele></trkpt>
   <trkpt lon="5.678572" lat="45.233310"><ele>214.75</ele></trkpt>
   <trkpt lon="5.678517" lat="45.233355"><ele>214.5</ele></trkpt>
   <trkpt lon="5.678428" lat="45.233415"><ele>214.5</ele></trkpt>
   <trkpt lon="5.678379" lat="45.233447"><ele>214.5</ele></trkpt>
   <trkpt lon="5.678259" lat="45.233541"><ele>214.5</ele></trkpt>
   <trkpt lon="5.677988" lat="45.233709"><ele>214.25</ele></trkpt>
   <trkpt lon="5.677198" lat="45.234284"><ele>213.75</ele></trkpt>
   <trkpt lon="5.677028" lat="45.234436"><ele>213.75</ele></trkpt>
   <trkpt lon="5.676745" lat="45.234713"><ele>213.75</ele></trkpt>
   <trkpt lon="5.676643" lat="45.234817"><ele>214.0</ele></trkpt>
   <trkpt lon="5.676594" lat="45.234888"><ele>214.0</ele></trkpt>
   <trkpt lon="5.676568" lat="45.234928"><ele>214.0</ele></trkpt>
   <trkpt lon="5.676483" lat="45.235008"><ele>214.0</ele></trkpt>
   <trkpt lon="5.676348" lat="45.235132"><ele>213.75</ele></trkpt>
   <trkpt lon="5.675859" lat="45.235610"><ele>212.75</ele></trkpt>
   <trkpt lon="5.675792" lat="45.235679"><ele>212.5</ele></trkpt>
   <trkpt lon="5.675748" lat="45.235722"><ele>212.25</ele></trkpt>
   <trkpt lon="5.675661" lat="45.235798"><ele>212.0</ele></trkpt>
   <trkpt lon="5.675604" lat="45.235850"><ele>212.0</ele></trkpt>
   <trkpt lon="5.675219" lat="45.236192"><ele>211.5</ele></trkpt>
   <trkpt lon="5.674881" lat="45.236515"><ele>211.25</ele></trkpt>
   <trkpt lon="5.674749" lat="45.236659"><ele>210.25</ele></trkpt>
   <trkpt lon="5.674474" lat="45.237024"><ele>209.5</ele></trkpt>
   <trkpt lon="5.674143" lat="45.237491"><ele>207.75</ele></trkpt>
   <trkpt lon="5.673798" lat="45.237995"><ele>206.5</ele></trkpt>
   <trkpt lon="5.673663" lat="45.238224"><ele>205.75</ele></trkpt>
   <trkpt lon="5.673544" lat="45.238475"><ele>204.5</ele></trkpt>
   <trkpt lon="5.673243" lat="45.239229"><ele>203.25</ele></trkpt>
   <trkpt lon="5.673189" lat="45.239387"><ele>202.75</ele></trkpt>
   <trkpt lon="5.673168" lat="45.239445"><ele>202.75</ele></trkpt>
   <trkpt lon="5.673109" lat="45.239599"><ele>202.25</ele></trkpt>
   <trkpt lon="5.673087" lat="45.239708"><ele>202.0</ele></trkpt>
   <trkpt lon="5.673014" lat="45.239876"><ele>201.25</ele></trkpt>
   <trkpt lon="5.672930" lat="45.240031"><ele>200.75</ele></trkpt>
   <trkpt lon="5.672828" lat="45.240224"><ele>200.75</ele></trkpt>
   <trkpt lon="5.672604" lat="45.240512"><ele>200.5</ele></trkpt>
   <trkpt lon="5.672215" lat="45.241074"><ele>199.75</ele></trkpt>
   <trkpt lon="5.672171" lat="45.241127"><ele>200.0</ele></trkpt>
   <trkpt lon="5.672085" lat="45.241248"><ele>200.0</ele></trkpt>
   <trkpt lon="5.672010" lat="45.241343"><ele>200.0</ele></trkpt>
   <trkpt lon="5.671477" lat="45.242073"><ele>200.0</ele></trkpt>
   <trkpt lon="5.671421" lat="45.242152"><ele>200.0</ele></trkpt>
   <trkpt lon="5.671293" lat="45.242319"><ele>200.0</ele></trkpt>
   <trkpt lon="5.671066" lat="45.242615"><ele>200.0</ele></trkpt>
   <trkpt lon="5.671032" lat="45.242658"><ele>200.0</ele></trkpt>
   <trkpt lon="5.670956" lat="45.242769"><ele>200.0</ele></trkpt>
   <trkpt lon="5.670907" lat="45.242837"><ele>199.75</ele></trkpt>
   <trkpt lon="5.670822" lat="45.242938"><ele>199.25</ele></trkpt>
   <trkpt lon="5.670701" lat="45.243056"><ele>199.25</ele></trkpt>
   <trkpt lon="5.670554" lat="45.243218"><ele>199.25</ele></trkpt>
   <trkpt lon="5.670511" lat="45.243267"><ele>199.25</ele></trkpt>
   <trkpt lon="5.670185" lat="45.243599"><ele>199.25</ele></trkpt>
   <trkpt lon="5.669496" lat="45.244476"><ele>199.0</ele></trkpt>
   <trkpt lon="5.669449" lat="45.244532"><ele>199.0</ele></trkpt>
   <trkpt lon="5.669365" lat="45.244638"><ele>199.0</ele></trkpt>
   <trkpt lon="5.669294" lat="45.244719"><ele>199.0</ele></trkpt>
   <trkpt lon="5.668760" lat="45.245381"><ele>199.0</ele></trkpt>
   <trkpt lon="5.668577" lat="45.245618"><ele>198.75</ele></trkpt>
   <trkpt lon="5.668496" lat="45.245739"><ele>198.75</ele></trkpt>
   <trkpt lon="5.668436" lat="45.245846"><ele>199.0</ele></trkpt>
   <trkpt lon="5.668406" lat="45.245894"><ele>199.0</ele></trkpt>
   <trkpt lon="5.668320" lat="45.246003"><ele>199.0</ele></trkpt>
   <trkpt lon="5.668112" lat="45.246242"><ele>199.0</ele></trkpt>
   <trkpt lon="5.667932" lat="45.246420"><ele>199.0</ele></trkpt>
   <trkpt lon="5.667482" lat="45.246991"><ele>198.75</ele></trkpt>
   <trkpt lon="5.666966" lat="45.247751"><ele>198.75</ele></trkpt>
   <trkpt lon="5.666837" lat="45.248020"><ele>198.75</ele></trkpt>
   <trkpt lon="5.666822" lat="45.248070"><ele>198.75</ele></trkpt>
   <trkpt lon="5.666657" lat="45.248317"><ele>198.0</ele></trkpt>
   <trkpt lon="5.666560" lat="45.248462"><ele>198.0</ele></trkpt>
   <trkpt lon="5.666517" lat="45.248523"><ele>198.0</ele></trkpt>
   <trkpt lon="5.666470" lat="45.248585"><ele>198.0</ele></trkpt>
   <trkpt lon="5.666412" lat="45.248639"><ele>198.0</ele></trkpt>
   <trkpt lon="5.666349" lat="45.248710"><ele>198.0</ele></trkpt>
   <trkpt lon="5.666273" lat="45.248814"><ele>198.0</ele></trkpt>
   <trkpt lon="5.665615" lat="45.249694"><ele>198.0</ele></trkpt>
   <trkpt lon="5.665424" lat="45.249973"><ele>198.0</ele></trkpt>
   <trkpt lon="5.665309" lat="45.250069"><ele>198.0</ele></trkpt>
   <trkpt lon="5.665051" lat="45.250374"><ele>198.0</ele></trkpt>
   <trkpt lon="5.664913" lat="45.250531"><ele>198.0</ele></trkpt>
   <trkpt lon="5.664286" lat="45.251238"><ele>198.0</ele></trkpt>
   <trkpt lon="5.664040" lat="45.251525"><ele>198.0</ele></trkpt>
   <trkpt lon="5.663960" lat="45.251644"><ele>198.0</ele></trkpt>
   <trkpt lon="5.663919" lat="45.251695"><ele>197.75</ele></trkpt>
   <trkpt lon="5.663832" lat="45.251798"><ele>197.5</ele></trkpt>
   <trkpt lon="5.663752" lat="45.251885"><ele>197.5</ele></trkpt>
   <trkpt lon="5.663609" lat="45.252032"><ele>198.0</ele></trkpt>
   <trkpt lon="5.663546" lat="45.252114"><ele>198.0</ele></trkpt>
   <trkpt lon="5.662935" lat="45.252984"><ele>199.0</ele></trkpt>
   <trkpt lon="5.662807" lat="45.253189"><ele>199.75</ele></trkpt>
   <trkpt lon="5.662748" lat="45.253328"><ele>199.75</ele></trkpt>
   <trkpt lon="5.662709" lat="45.253382"><ele>200.0</ele></trkpt>
   <trkpt lon="5.662624" lat="45.253483"><ele>200.5</ele></trkpt>
   <trkpt lon="5.662580" lat="45.253534"><ele>200.5</ele></trkpt>
   <trkpt lon="5.662534" lat="45.253609"><ele>200.75</ele></trkpt>
   <trkpt lon="5.662303" lat="45.253990"><ele>199.25</ele></trkpt>
   <trkpt lon="5.662159" lat="45.254278"><ele>199.0</ele></trkpt>
   <trkpt lon="5.662101" lat="45.254366"><ele>199.0</ele></trkpt>
   <trkpt lon="5.662069" lat="45.254421"><ele>199.0</ele></trkpt>
   <trkpt lon="5.661999" lat="45.254527"><ele>198.5</ele></trkpt>
   <trkpt lon="5.661909" lat="45.254659"><ele>198.0</ele></trkpt>
   <trkpt lon="5.661839" lat="45.254770"><ele>197.75</ele></trkpt>
   <trkpt lon="5.661719" lat="45.254962"><ele>197.75</ele></trkpt>
   <trkpt lon="5.661604" lat="45.255153"><ele>197.25</ele></trkpt>
   <trkpt lon="5.661372" lat="45.255467"><ele>198.5</ele></trkpt>
   <trkpt lon="5.661260" lat="45.255617"><ele>197.75</ele></trkpt>
   <trkpt lon="5.660769" lat="45.256382"><ele>196.75</ele></trkpt>
   <trkpt lon="5.660507" lat="45.256679"><ele>196.75</ele></trkpt>
   <trkpt lon="5.659689" lat="45.257964"><ele>198.0</ele></trkpt>
   <trkpt lon="5.659638" lat="45.258106"><ele>198.25</ele></trkpt>
   <trkpt lon="5.659595" lat="45.258171"><ele>198.5</ele></trkpt>
   <trkpt lon="5.659351" lat="45.258555"><ele>199.0</ele></trkpt>
   <trkpt lon="5.659287" lat="45.258649"><ele>199.0</ele></trkpt>
   <trkpt lon="5.659229" lat="45.258823"><ele>199.75</ele></trkpt>
   <trkpt lon="5.659076" lat="45.259075"><ele>198.0</ele></trkpt>
   <trkpt lon="5.657807" lat="45.261291"><ele>196.0</ele></trkpt>
   <trkpt lon="5.656731" lat="45.263164"><ele>195.75</ele></trkpt>
   <trkpt lon="5.656714" lat="45.263189"><ele>195.75</ele></trkpt>
   <trkpt lon="5.656641" lat="45.263315"><ele>195.75</ele></trkpt>
   <trkpt lon="5.656568" lat="45.263447"><ele>195.75</ele></trkpt>
   <trkpt lon="5.656313" lat="45.263890"><ele>196.0</ele></trkpt>
   <trkpt lon="5.654966" lat="45.266235"><ele>196.0</ele></trkpt>
   <trkpt lon="5.654331" lat="45.267340"><ele>196.0</ele></trkpt>
   <trkpt lon="5.653883" lat="45.268110"><ele>195.75</ele></trkpt>
   <trkpt lon="5.653856" lat="45.268156"><ele>195.75</ele></trkpt>
   <trkpt lon="5.653792" lat="45.268268"><ele>195.75</ele></trkpt>
   <trkpt lon="5.653772" lat="45.268303"><ele>195.75</ele></trkpt>
   <trkpt lon="5.652767" lat="45.270057"><ele>195.0</ele></trkpt>
   <trkpt lon="5.652169" lat="45.271101"><ele>195.0</ele></trkpt>
   <trkpt lon="5.651635" lat="45.272029"><ele>194.75</ele></trkpt>
   <trkpt lon="5.650823" lat="45.273468"><ele>195.0</ele></trkpt>
   <trkpt lon="5.650799" lat="45.273627"><ele>194.75</ele></trkpt>
   <trkpt lon="5.650781" lat="45.273676"><ele>194.75</ele></trkpt>
   <trkpt lon="5.650733" lat="45.273752"><ele>194.5</ele></trkpt>
   <trkpt lon="5.650698" lat="45.273804"><ele>194.5</ele></trkpt>
   <trkpt lon="5.650570" lat="45.274015"><ele>194.5</ele></trkpt>
   <trkpt lon="5.650538" lat="45.274066"><ele>194.25</ele></trkpt>
   <trkpt lon="5.650434" lat="45.274182"><ele>194.75</ele></trkpt>
   <trkpt lon="5.650337" lat="45.274291"><ele>195.0</ele></trkpt>
   <trkpt lon="5.650086" lat="45.274721"><ele>196.25</ele></trkpt>
   <trkpt lon="5.649035" lat="45.276520"><ele>209.0</ele></trkpt>
   <trkpt lon="5.648442" lat="45.277519"><ele>212.0</ele></trkpt>
   <trkpt lon="5.648343" lat="45.277685"><ele>211.5</ele></trkpt>
   <trkpt lon="5.648282" lat="45.277801"><ele>211.75</ele></trkpt>
   <trkpt lon="5.648182" lat="45.277963"><ele>212.5</ele></trkpt>
   <trkpt lon="5.648120" lat="45.277994"><ele>212.0</ele></trkpt>
   <trkpt lon="5.648034" lat="45.278143"><ele>212.25</ele></trkpt>
   <trkpt lon="5.647957" lat="45.278272"><ele>212.75</ele></trkpt>
   <trkpt lon="5.647964" lat="45.278326"><ele>213.25</ele></trkpt>
   <trkpt lon="5.647737" lat="45.278722"><ele>213.25</ele></trkpt>
   <trkpt lon="5.647706" lat="45.278773"><ele>213.5</ele></trkpt>
   <trkpt lon="5.647337" lat="45.279395"><ele>213.0</ele></trkpt>
   <trkpt lon="5.647262" lat="45.279552"><ele>213.0</ele></trkpt>
   <trkpt lon="5.646759" lat="45.280406"><ele>210.25</ele></trkpt>
   <trkpt lon="5.646695" lat="45.280513"><ele>209.25</ele></trkpt>
   <trkpt lon="5.646640" lat="45.280602"><ele>208.75</ele></trkpt>
   <trkpt lon="5.646641" lat="45.280624"><ele>209.0</ele></trkpt>
   <trkpt lon="5.646603" lat="45.280692"><ele>209.0</ele></trkpt>
   <trkpt lon="5.646572" lat="45.280714"><ele>208.75</ele></trkpt>
   <trkpt lon="5.646420" lat="45.280958"><ele>207.75</ele></trkpt>
   <trkpt lon="5.646357" lat="45.281067"><ele>206.75</ele></trkpt>
   <trkpt lon="5.646270" lat="45.281214"><ele>206.0</ele></trkpt>
   <trkpt lon="5.646060" lat="45.281584"><ele>203.25</ele></trkpt>
   <trkpt lon="5.645984" lat="45.281718"><ele>202.25</ele></trkpt>
   <trkpt lon="5.644783" lat="45.283741"><ele>195.0</ele></trkpt>
   <trkpt lon="5.643340" lat="45.286209"><ele>194.5</ele></trkpt>
   <trkpt lon="5.643289" lat="45.286300"><ele>194.0</ele></trkpt>
   <trkpt lon="5.643244" lat="45.286273"><ele>194.0</ele></trkpt>
   <trkpt lon="5.643163" lat="45.286420"><ele>194.0</ele></trkpt>
   <trkpt lon="5.643101" lat="45.286521"><ele>194.25</ele></trkpt>
   <trkpt lon="5.642984" lat="45.286683"><ele>194.5</ele></trkpt>
   <trkpt lon="5.642725" lat="45.287003"><ele>195.0</ele></trkpt>
   <trkpt lon="5.642647" lat="45.287096"><ele>195.25</ele></trkpt>
   <trkpt lon="5.642575" lat="45.287166"><ele>195.5</ele></trkpt>
   <trkpt lon="5.642416" lat="45.287317"><ele>195.75</ele></trkpt>
   <trkpt lon="5.642280" lat="45.287428"><ele>195.75</ele></trkpt>
   <trkpt lon="5.641998" lat="45.287598"><ele>195.25</ele></trkpt>
   <trkpt lon="5.641961" lat="45.287631"><ele>195.5</ele></trkpt>
   <trkpt lon="5.641643" lat="45.287853"><ele>195.75</ele></trkpt>
   <trkpt lon="5.641282" lat="45.288049"><ele>195.75</ele></trkpt>
   <trkpt lon="5.640259" lat="45.288528"><ele>197.5</ele></trkpt>
   <trkpt lon="5.640176" lat="45.288568"><ele>197.75</ele></trkpt>
   <trkpt lon="5.639907" lat="45.288701"><ele>198.25</ele></trkpt>
   <trkpt lon="5.639345" lat="45.288967"><ele>199.0</ele></trkpt>
   <trkpt lon="5.639091" lat="45.289082"><ele>199.25</ele></trkpt>
   <trkpt lon="5.639055" lat="45.289099"><ele>199.5</ele></trkpt>
   <trkpt lon="5.638904" lat="45.289168"><ele>200.0</ele></trkpt>
   <trkpt lon="5.638808" lat="45.289212"><ele>199.75</ele></trkpt>
   <trkpt lon="5.638777" lat="45.289227"><ele>199.75</ele></trkpt>
   <trkpt lon="5.638439" lat="45.289385"><ele>200.5</ele></trkpt>
   <trkpt lon="5.638258" lat="45.289475"><ele>201.0</ele></trkpt>
   <trkpt lon="5.637878" lat="45.289656"><ele>202.0</ele></trkpt>
   <trkpt lon="5.637566" lat="45.289793"><ele>202.25</ele></trkpt>
   <trkpt lon="5.636039" lat="45.290520"><ele>205.5</ele></trkpt>
   <trkpt lon="5.635870" lat="45.290634"><ele>206.25</ele></trkpt>
   <trkpt lon="5.635528" lat="45.290791"><ele>206.75</ele></trkpt>
   <trkpt lon="5.635394" lat="45.290850"><ele>207.5</ele></trkpt>
   <trkpt lon="5.634927" lat="45.291081"><ele>208.75</ele></trkpt>
   <trkpt lon="5.634744" lat="45.291172"><ele>209.0</ele></trkpt>
   <trkpt lon="5.634569" lat="45.291251"><ele>209.0</ele></trkpt>
   <trkpt lon="5.633504" lat="45.291748"><ele>210.25</ele></trkpt>
   <trkpt lon="5.633295" lat="45.291812"><ele>210.25</ele></trkpt>
   <trkpt lon="5.632941" lat="45.291973"><ele>210.0</ele></trkpt>
   <trkpt lon="5.632407" lat="45.292224"><ele>210.5</ele></trkpt>
   <trkpt lon="5.632116" lat="45.292356"><ele>210.25</ele></trkpt>
   <trkpt lon="5.632006" lat="45.292450"><ele>210.5</ele></trkpt>
   <trkpt lon="5.631250" lat="45.292820"><ele>211.5</ele></trkpt>
   <trkpt lon="5.630953" lat="45.292946"><ele>211.75</ele></trkpt>
   <trkpt lon="5.630785" lat="45.293093"><ele>211.75</ele></trkpt>
   <trkpt lon="5.630617" lat="45.293221"><ele>212.0</ele></trkpt>
   <trkpt lon="5.630204" lat="45.293583"><ele>213.75</ele></trkpt>
   <trkpt lon="5.629991" lat="45.293781"><ele>213.75</ele></trkpt>
   <trkpt lon="5.629736" lat="45.294073"><ele>214.5</ele></trkpt>
   <trkpt lon="5.629483" lat="45.294438"><ele>215.75</ele></trkpt>
   <trkpt lon="5.629404" lat="45.294574"><ele>216.0</ele></trkpt>
   <trkpt lon="5.629349" lat="45.294709"><ele>215.5</ele></trkpt>
   <trkpt lon="5.629267" lat="45.294889"><ele>215.5</ele></trkpt>
   <trkpt lon="5.629224" lat="45.294959"><ele>215.75</ele></trkpt>
   <trkpt lon="5.628995" lat="45.295202"><ele>216.0</ele></trkpt>
   <trkpt lon="5.628952" lat="45.295245"><ele>216.0</ele></trkpt>
   <trkpt lon="5.629012" lat="45.295323"><ele>216.0</ele></trkpt>
   <trkpt lon="5.629026" lat="45.295358"><ele>216.0</ele></trkpt>
   <trkpt lon="5.629036" lat="45.295426"><ele>216.0</ele></trkpt>
   <trkpt lon="5.629012" lat="45.295520"><ele>216.0</ele></trkpt>
   <trkpt lon="5.628976" lat="45.295573"><ele>215.75</ele></trkpt>
   <trkpt lon="5.628898" lat="45.295639"><ele>215.5</ele></trkpt>
   <trkpt lon="5.628898" lat="45.295718"><ele>215.25</ele></trkpt>
   <trkpt lon="5.628936" lat="45.296078"><ele>215.0</ele></trkpt>
   <trkpt lon="5.628938" lat="45.296187"><ele>214.75</ele></trkpt>
   <trkpt lon="5.628924" lat="45.296306"><ele>214.25</ele></trkpt>
   <trkpt lon="5.628848" lat="45.296656"><ele>214.0</ele></trkpt>
   <trkpt lon="5.628522" lat="45.297892"><ele>212.25</ele></trkpt>
   <trkpt lon="5.628188" lat="45.299169"><ele>208.75</ele></trkpt>
   <trkpt lon="5.627989" lat="45.299791"><ele>206.75</ele></trkpt>
   <trkpt lon="5.627848" lat="45.300135"><ele>205.75</ele></trkpt>
   <trkpt lon="5.627769" lat="45.300302"><ele>204.75</ele></trkpt>
   <trkpt lon="5.627221" lat="45.301373"><ele>201.75</ele></trkpt>
   <trkpt lon="5.627047" lat="45.301711"><ele>200.75</ele></trkpt>
   <trkpt lon="5.626492" lat="45.302730"><ele>198.0</ele></trkpt>
   <trkpt lon="5.626468" lat="45.302775"><ele>198.0</ele></trkpt>
   <trkpt lon="5.626417" lat="45.302867"><ele>197.5</ele></trkpt>
   <trkpt lon="5.626186" lat="45.303263"><ele>196.0</ele></trkpt>
   <trkpt lon="5.626017" lat="45.303552"><ele>195.5</ele></trkpt>
   <trkpt lon="5.625882" lat="45.303782"><ele>195.0</ele></trkpt>
   <trkpt lon="5.625765" lat="45.303983"><ele>195.25</ele></trkpt>
   <trkpt lon="5.625329" lat="45.304525"><ele>194.0</ele></trkpt>
   <trkpt lon="5.625226" lat="45.304655"><ele>193.75</ele></trkpt>
   <trkpt lon="5.624114" lat="45.305968"><ele>192.25</ele></trkpt>
   <trkpt lon="5.623701" lat="45.306471"><ele>190.75</ele></trkpt>
   <trkpt lon="5.623377" lat="45.306950"><ele>190.75</ele></trkpt>
   <trkpt lon="5.623192" lat="45.307301"><ele>190.75</ele></trkpt>
   <trkpt lon="5.623097" lat="45.307464"><ele>190.75</ele></trkpt>
   <trkpt lon="5.623042" lat="45.307554"><ele>191.0</ele></trkpt>
   <trkpt lon="5.623020" lat="45.307628"><ele>191.0</ele></trkpt>
   <trkpt lon="5.623013" lat="45.307700"><ele>191.0</ele></trkpt>
   <trkpt lon="5.623017" lat="45.307755"><ele>191.0</ele></trkpt>
   <trkpt lon="5.623110" lat="45.307823"><ele>190.75</ele></trkpt>
   <trkpt lon="5.623168" lat="45.307907"><ele>190.5</ele></trkpt>
   <trkpt lon="5.623187" lat="45.308001"><ele>190.5</ele></trkpt>
   <trkpt lon="5.623165" lat="45.308093"><ele>190.5</ele></trkpt>
   <trkpt lon="5.623104" lat="45.308177"><ele>190.25</ele></trkpt>
   <trkpt lon="5.623010" lat="45.308244"><ele>190.25</ele></trkpt>
   <trkpt lon="5.622957" lat="45.308369"><ele>190.25</ele></trkpt>
   <trkpt lon="5.622914" lat="45.308534"><ele>190.5</ele></trkpt>
   <trkpt lon="5.622831" lat="45.308742"><ele>190.25</ele></trkpt>
   <trkpt lon="5.622793" lat="45.308847"><ele>190.0</ele></trkpt>
   <trkpt lon="5.622734" lat="45.308960"><ele>190.0</ele></trkpt>
   <trkpt lon="5.622675" lat="45.309142"><ele>190.0</ele></trkpt>
   <trkpt lon="5.622579" lat="45.310304"><ele>190.0</ele></trkpt>
   <trkpt lon="5.622422" lat="45.312445"><ele>189.0</ele></trkpt>
   <trkpt lon="5.622386" lat="45.312855"><ele>189.0</ele></trkpt>
   <trkpt lon="5.622294" lat="45.314397"><ele>189.0</ele></trkpt>
   <trkpt lon="5.622197" lat="45.315343"><ele>188.75</ele></trkpt>
   <trkpt lon="5.622151" lat="45.315975"><ele>192.75</ele></trkpt>
   <trkpt lon="5.622168" lat="45.316401"><ele>190.5</ele></trkpt>
   <trkpt lon="5.622081" lat="45.317140"><ele>198.0</ele></trkpt>
   <trkpt lon="5.622004" lat="45.318059"><ele>190.0</ele></trkpt>
   <trkpt lon="5.621996" lat="45.318124"><ele>190.0</ele></trkpt>
   <trkpt lon="5.621939" lat="45.318347"><ele>189.75</ele></trkpt>
   <trkpt lon="5.621833" lat="45.319679"><ele>189.0</ele></trkpt>
   <trkpt lon="5.621829" lat="45.319725"><ele>189.0</ele></trkpt>
   <trkpt lon="5.621711" lat="45.321213"><ele>190.25</ele></trkpt>
   <trkpt lon="5.621493" lat="45.323904"><ele>192.0</ele></trkpt>
   <trkpt lon="5.621408" lat="45.324957"><ele>192.0</ele></trkpt>
   <trkpt lon="5.621367" lat="45.325509"><ele>192.0</ele></trkpt>
   <trkpt lon="5.621342" lat="45.325849"><ele>192.0</ele></trkpt>
   <trkpt lon="5.621321" lat="45.326084"><ele>192.75</ele></trkpt>
   <trkpt lon="5.621249" lat="45.326953"><ele>192.75</ele></trkpt>
   <trkpt lon="5.621181" lat="45.327788"><ele>193.0</ele></trkpt>
   <trkpt lon="5.621164" lat="45.327985"><ele>193.5</ele></trkpt>
   <trkpt lon="5.621121" lat="45.328520"><ele>194.0</ele></trkpt>
   <trkpt lon="5.621102" lat="45.328746"><ele>193.75</ele></trkpt>
   <trkpt lon="5.621058" lat="45.329289"><ele>194.25</ele></trkpt>
   <trkpt lon="5.621054" lat="45.329331"><ele>194.25</ele></trkpt>
   <trkpt lon="5.621045" lat="45.329547"><ele>194.75</ele></trkpt>
   <trkpt lon="5.621028" lat="45.329924"><ele>195.0</ele></trkpt>
   <trkpt lon="5.621024" lat="45.330022"><ele>195.0</ele></trkpt>
   <trkpt lon="5.620999" lat="45.330344"><ele>195.0</ele></trkpt>
   <trkpt lon="5.620987" lat="45.330465"><ele>195.25</ele></trkpt>
   <trkpt lon="5.620980" lat="45.330558"><ele>195.25</ele></trkpt>
   <trkpt lon="5.620838" lat="45.332035"><ele>198.0</ele></trkpt>
   <trkpt lon="5.620828" lat="45.332145"><ele>198.0</ele></trkpt>
   <trkpt lon="5.620758" lat="45.332965"><ele>200.0</ele></trkpt>
   <trkpt lon="5.620737" lat="45.333171"><ele>200.75</ele></trkpt>
   <trkpt lon="5.620741" lat="45.333414"><ele>201.25</ele></trkpt>
   <trkpt lon="5.620748" lat="45.333566"><ele>201.75</ele></trkpt>
   <trkpt lon="5.620763" lat="45.333706"><ele>202.0</ele></trkpt>
   <trkpt lon="5.620797" lat="45.333823"><ele>202.0</ele></trkpt>
   <trkpt lon="5.620865" lat="45.333951"><ele>202.25</ele></trkpt>
   <trkpt lon="5.620965" lat="45.334119"><ele>202.75</ele></trkpt>
   <trkpt lon="5.621152" lat="45.334383"><ele>203.75</ele></trkpt>
   <trkpt lon="5.621180" lat="45.334425"><ele>204.0</ele></trkpt>
   <trkpt lon="5.621204" lat="45.334465"><ele>204.25</ele></trkpt>
   <trkpt lon="5.621274" lat="45.334630"><ele>204.5</ele></trkpt>
   <trkpt lon="5.621288" lat="45.334685"><ele>204.5</ele></trkpt>
   <trkpt lon="5.621295" lat="45.334752"><ele>204.75</ele></trkpt>
   <trkpt lon="5.621296" lat="45.334805"><ele>205.0</ele></trkpt>
   <trkpt lon="5.621277" lat="45.334977"><ele>205.75</ele></trkpt>
   <trkpt lon="5.621261" lat="45.335060"><ele>206.25</ele></trkpt>
   <trkpt lon="5.621247" lat="45.335118"><ele>206.75</ele></trkpt>
   <trkpt lon="5.621223" lat="45.335184"><ele>207.0</ele></trkpt>
   <trkpt lon="5.621199" lat="45.335236"><ele>207.25</ele></trkpt>
   <trkpt lon="5.621167" lat="45.335300"><ele>207.5</ele></trkpt>
   <trkpt lon="5.621187" lat="45.335352"><ele>208.0</ele></trkpt>
   <trkpt lon="5.621201" lat="45.335450"><ele>209.0</ele></trkpt>
   <trkpt lon="5.621150" lat="45.335665"><ele>211.0</ele></trkpt>
   <trkpt lon="5.621137" lat="45.335732"><ele>212.0</ele></trkpt>
   <trkpt lon="5.621027" lat="45.335836"><ele>212.0</ele></trkpt>
   <trkpt lon="5.620700" lat="45.336073"><ele>214.25</ele></trkpt>
   <trkpt lon="5.620604" lat="45.336173"><ele>215.0</ele></trkpt>
   <trkpt lon="5.620438" lat="45.336417"><ele>217.25</ele></trkpt>
   <trkpt lon="5.620387" lat="45.336515"><ele>218.0</ele></trkpt>
   <trkpt lon="5.620258" lat="45.336793"><ele>220.75</ele></trkpt>
   <trkpt lon="5.620180" lat="45.337054"><ele>224.0</ele></trkpt>
   <trkpt lon="5.620083" lat="45.337207"><ele>224.75</ele></trkpt>
   <trkpt lon="5.619811" lat="45.337450"><ele>226.5</ele></trkpt>
   <trkpt lon="5.619310" lat="45.337853"><ele>229.25</ele></trkpt>
   <trkpt lon="5.618788" lat="45.338299"><ele>234.75</ele></trkpt>
   <trkpt lon="5.617807" lat="45.338964"><ele>241.5</ele></trkpt>
   <trkpt lon="5.617558" lat="45.339137"><ele>243.0</ele></trkpt>
   <trkpt lon="5.616965" lat="45.339504"><ele>246.0</ele></trkpt>
   <trkpt lon="5.616857" lat="45.339584"><ele>246.25</ele></trkpt>
   <trkpt lon="5.616788" lat="45.339654"><ele>247.0</ele></trkpt>
   <trkpt lon="5.616743" lat="45.339766"><ele>248.75</ele></trkpt>
   <trkpt lon="5.616725" lat="45.339959"><ele>250.5</ele></trkpt>
   <trkpt lon="5.616692" lat="45.340071"><ele>251.5</ele></trkpt>
   <trkpt lon="5.616597" lat="45.340246"><ele>253.0</ele></trkpt>
   <trkpt lon="5.616430" lat="45.340425"><ele>254.25</ele></trkpt>
   <trkpt lon="5.615723" lat="45.341097"><ele>259.75</ele></trkpt>
   <trkpt lon="5.615602" lat="45.341200"><ele>261.25</ele></trkpt>
   <trkpt lon="5.615340" lat="45.341305"><ele>262.5</ele></trkpt>
   <trkpt lon="5.614822" lat="45.341441"><ele>265.5</ele></trkpt>
   <trkpt lon="5.614221" lat="45.341652"><ele>268.0</ele></trkpt>
   <trkpt lon="5.614089" lat="45.341699"><ele>268.5</ele></trkpt>
   <trkpt lon="5.613898" lat="45.341787"><ele>269.5</ele></trkpt>
   <trkpt lon="5.613827" lat="45.341847"><ele>270.0</ele></trkpt>
   <trkpt lon="5.613809" lat="45.341915"><ele>271.5</ele></trkpt>
   <trkpt lon="5.613813" lat="45.342006"><ele>272.25</ele></trkpt>
   <trkpt lon="5.613910" lat="45.342289"><ele>274.5</ele></trkpt>
   <trkpt lon="5.613919" lat="45.342425"><ele>275.5</ele></trkpt>
   <trkpt lon="5.613898" lat="45.342542"><ele>276.5</ele></trkpt>
   <trkpt lon="5.613816" lat="45.342681"><ele>278.0</ele></trkpt>
   <trkpt lon="5.613739" lat="45.342765"><ele>278.75</ele></trkpt>
   <trkpt lon="5.613569" lat="45.342892"><ele>280.0</ele></trkpt>
   <trkpt lon="5.613412" lat="45.342975"><ele>281.25</ele></trkpt>
   <trkpt lon="5.613236" lat="45.343037"><ele>281.75</ele></trkpt>
   <trkpt lon="5.612912" lat="45.343129"><ele>283.0</ele></trkpt>
   <trkpt lon="5.612761" lat="45.343172"><ele>284.0</ele></trkpt>
   <trkpt lon="5.612395" lat="45.343303"><ele>285.75</ele></trkpt>
   <trkpt lon="5.612019" lat="45.343493"><ele>287.5</ele></trkpt>
   <trkpt lon="5.611940" lat="45.343539"><ele>288.0</ele></trkpt>
   <trkpt lon="5.611518" lat="45.343761"><ele>290.5</ele></trkpt>
   <trkpt lon="5.611422" lat="45.343818"><ele>291.25</ele></trkpt>
   <trkpt lon="5.611344" lat="45.343864"><ele>292.0</ele></trkpt>
   <trkpt lon="5.611264" lat="45.343932"><ele>293.0</ele></trkpt>
   <trkpt lon="5.611215" lat="45.343974"><ele>293.25</ele></trkpt>
   <trkpt lon="5.611051" lat="45.344184"><ele>294.75</ele></trkpt>
   <trkpt lon="5.610823" lat="45.344526"><ele>297.0</ele></trkpt>
   <trkpt lon="5.610656" lat="45.344699"><ele>298.25</ele></trkpt>
   <trkpt lon="5.610549" lat="45.344774"><ele>299.25</ele></trkpt>
   <trkpt lon="5.610080" lat="45.345037"><ele>302.75</ele></trkpt>
   <trkpt lon="5.609858" lat="45.345185"><ele>304.0</ele></trkpt>
   <trkpt lon="5.609745" lat="45.345282"><ele>305.0</ele></trkpt>
   <trkpt lon="5.609699" lat="45.345334"><ele>305.5</ele></trkpt>
   <trkpt lon="5.609647" lat="45.345392"><ele>306.25</ele></trkpt>
   <trkpt lon="5.609529" lat="45.345605"><ele>308.0</ele></trkpt>
   <trkpt lon="5.609490" lat="45.345752"><ele>309.5</ele></trkpt>
   <trkpt lon="5.609483" lat="45.345888"><ele>310.75</ele></trkpt>
   <trkpt lon="5.609556" lat="45.346067"><ele>312.0</ele></trkpt>
   <trkpt lon="5.609649" lat="45.346200"><ele>313.25</ele></trkpt>
   <trkpt lon="5.609659" lat="45.346254"><ele>313.75</ele></trkpt>
   <trkpt lon="5.609669" lat="45.346310"><ele>314.0</ele></trkpt>
   <trkpt lon="5.609654" lat="45.346406"><ele>314.5</ele></trkpt>
   <trkpt lon="5.609612" lat="45.346492"><ele>314.5</ele></trkpt>
   <trkpt lon="5.609459" lat="45.346714"><ele>314.75</ele></trkpt>
   <trkpt lon="5.609205" lat="45.347072"><ele>312.5</ele></trkpt>
   <trkpt lon="5.608837" lat="45.347521"><ele>308.75</ele></trkpt>
   <trkpt lon="5.608738" lat="45.347626"><ele>308.5</ele></trkpt>
   <trkpt lon="5.608699" lat="45.347763"><ele>308.0</ele></trkpt>
   <trkpt lon="5.608702" lat="45.347889"><ele>308.0</ele></trkpt>
   <trkpt lon="5.608824" lat="45.348059"><ele>308.75</ele></trkpt>
   <trkpt lon="5.608998" lat="45.348301"><ele>308.0</ele></trkpt>
   <trkpt lon="5.609316" lat="45.348703"><ele>308.0</ele></trkpt>
   <trkpt lon="5.609363" lat="45.348810"><ele>308.5</ele></trkpt>
   <trkpt lon="5.609369" lat="45.348952"><ele>308.75</ele></trkpt>
   <trkpt lon="5.609277" lat="45.349237"><ele>309.25</ele></trkpt>
   <trkpt lon="5.609180" lat="45.349536"><ele>309.25</ele></trkpt>
   <trkpt lon="5.609146" lat="45.349642"><ele>309.5</ele></trkpt>
   <trkpt lon="5.609134" lat="45.349678"><ele>309.5</ele></trkpt>
   <trkpt lon="5.609111" lat="45.349751"><ele>309.5</ele></trkpt>
   <trkpt lon="5.609096" lat="45.350053"><ele>309.0</ele></trkpt>
   <trkpt lon="5.609294" lat="45.351036"><ele>309.5</ele></trkpt>
   <trkpt lon="5.609295" lat="45.351076"><ele>309.75</ele></trkpt>
   <trkpt lon="5.609268" lat="45.351233"><ele>309.5</ele></trkpt>
   <trkpt lon="5.609231" lat="45.351461"><ele>309.0</ele></trkpt>
   <trkpt lon="5.609161" lat="45.351627"><ele>309.0</ele></trkpt>
   <trkpt lon="5.608924" lat="45.351939"><ele>309.0</ele></trkpt>
   <trkpt lon="5.608913" lat="45.351955"><ele>309.0</ele></trkpt>
   <trkpt lon="5.608881" lat="45.352001"><ele>308.75</ele></trkpt>
   <trkpt lon="5.608755" lat="45.352156"><ele>308.5</ele></trkpt>
   <trkpt lon="5.608729" lat="45.352188"><ele>308.25</ele></trkpt>
   <trkpt lon="5.608643" lat="45.352345"><ele>308.0</ele></trkpt>
   <trkpt lon="5.608486" lat="45.352684"><ele>308.0</ele></trkpt>
   <trkpt lon="5.608387" lat="45.352896"><ele>308.0</ele></trkpt>
   <trkpt lon="5.608314" lat="45.353030"><ele>307.75</ele></trkpt>
   <trkpt lon="5.608187" lat="45.353196"><ele>307.5</ele></trkpt>
   <trkpt lon="5.608068" lat="45.353278"><ele>307.0</ele></trkpt>
   <trkpt lon="5.607937" lat="45.353368"><ele>307.25</ele></trkpt>
   <trkpt lon="5.607756" lat="45.353483"><ele>307.25</ele></trkpt>
   <trkpt lon="5.607341" lat="45.353741"><ele>306.5</ele></trkpt>
   <trkpt lon="5.607570" lat="45.354004"><ele>306.5</ele></trkpt>
   <trkpt lon="5.607637" lat="45.354074"><ele>306.5</ele></trkpt>
   <trkpt lon="5.607681" lat="45.354116"><ele>306.5</ele></trkpt>
   <trkpt lon="5.607776" lat="45.354212"><ele>306.75</ele></trkpt>
   <trkpt lon="5.607896" lat="45.354352"><ele>306.75</ele></trkpt>
   <trkpt lon="5.607935" lat="45.354417"><ele>306.75</ele></trkpt>
   <trkpt lon="5.607969" lat="45.354460"><ele>306.75</ele></trkpt>
   <trkpt lon="5.608078" lat="45.354581"><ele>306.5</ele></trkpt>
   <trkpt lon="5.608314" lat="45.354805"><ele>306.5</ele></trkpt>
   <trkpt lon="5.608688" lat="45.355010"><ele>306.75</ele></trkpt>
   <trkpt lon="5.608811" lat="45.355103"><ele>306.75</ele></trkpt>
   <trkpt lon="5.608852" lat="45.355136"><ele>306.75</ele></trkpt>
   <trkpt lon="5.608862" lat="45.355143"><ele>306.75</ele></trkpt>
   <trkpt lon="5.609024" lat="45.355273"><ele>307.0</ele></trkpt>
   <trkpt lon="5.609125" lat="45.355356"><ele>306.75</ele></trkpt>
   <trkpt lon="5.609228" lat="45.355437"><ele>307.0</ele></trkpt>
   <trkpt lon="5.609329" lat="45.355509"><ele>307.0</ele></trkpt>
   <trkpt lon="5.609636" lat="45.355680"><ele>307.0</ele></trkpt>
   <trkpt lon="5.609876" lat="45.355804"><ele>307.5</ele></trkpt>
   <trkpt lon="5.610283" lat="45.355949"><ele>307.5</ele></trkpt>
   <trkpt lon="5.610492" lat="45.356025"><ele>307.75</ele></trkpt>
   <trkpt lon="5.610560" lat="45.356039"><ele>308.0</ele></trkpt>
   <trkpt lon="5.610587" lat="45.356045"><ele>308.0</ele></trkpt>
   <trkpt lon="5.610659" lat="45.356050"><ele>308.25</ele></trkpt>
   <trkpt lon="5.610696" lat="45.356055"><ele>308.25</ele></trkpt>
   <trkpt lon="5.610740" lat="45.356025"><ele>308.25</ele></trkpt>
   <trkpt lon="5.610794" lat="45.356004"><ele>308.5</ele></trkpt>
   <trkpt lon="5.610855" lat="45.355996"><ele>308.5</ele></trkpt>
   <trkpt lon="5.610917" lat="45.356001"><ele>308.5</ele></trkpt>
   <trkpt lon="5.610978" lat="45.356019"><ele>308.75</ele></trkpt>
   <trkpt lon="5.611027" lat="45.356050"><ele>308.75</ele></trkpt>
   <trkpt lon="5.611059" lat="45.356088"><ele>308.75</ele></trkpt>
   <trkpt lon="5.611074" lat="45.356131"><ele>308.75</ele></trkpt>
   <trkpt lon="5.611069" lat="45.356175"><ele>308.75</ele></trkpt>
   <trkpt lon="5.611032" lat="45.356232"><ele>308.75</ele></trkpt>
   <trkpt lon="5.610965" lat="45.356273"><ele>308.5</ele></trkpt>
   <trkpt lon="5.610927" lat="45.356320"><ele>308.5</ele></trkpt>
   <trkpt lon="5.610915" lat="45.356378"><ele>308.25</ele></trkpt>
   <trkpt lon="5.610940" lat="45.356425"><ele>308.25</ele></trkpt>
   <trkpt lon="5.611049" lat="45.356528"><ele>308.25</ele></trkpt>
   <trkpt lon="5.611524" lat="45.356844"><ele>308.5</ele></trkpt>
   <trkpt lon="5.612007" lat="45.357166"><ele>309.0</ele></trkpt>
   <trkpt lon="5.612052" lat="45.357196"><ele>309.0</ele></trkpt>
   <trkpt lon="5.612774" lat="45.357623"><ele>309.75</ele></trkpt>
   <trkpt lon="5.613394" lat="45.358091"><ele>314.5</ele></trkpt>
   <trkpt lon="5.613683" lat="45.358340"><ele>318.5</ele></trkpt>
   <trkpt lon="5.613798" lat="45.358458"><ele>320.5</ele></trkpt>
   <trkpt lon="5.613895" lat="45.358578"><ele>322.5</ele></trkpt>
   <trkpt lon="5.613974" lat="45.358705"><ele>325.0</ele></trkpt>
   <trkpt lon="5.614155" lat="45.359004"><ele>331.0</ele></trkpt>
   <trkpt lon="5.614181" lat="45.359108"><ele>333.0</ele></trkpt>
   <trkpt lon="5.614093" lat="45.359399"><ele>338.0</ele></trkpt>
   <trkpt lon="5.614080" lat="45.359442"><ele>338.75</ele></trkpt>
   <trkpt lon="5.614086" lat="45.359536"><ele>340.5</ele></trkpt>
   <trkpt lon="5.614115" lat="45.359597"><ele>341.75</ele></trkpt>
   <trkpt lon="5.614177" lat="45.359672"><ele>343.0</ele></trkpt>
   <trkpt lon="5.614261" lat="45.359763"><ele>344.5</ele></trkpt>
   <trkpt lon="5.614278" lat="45.359780"><ele>344.5</ele></trkpt>
   <trkpt lon="5.614307" lat="45.359842"><ele>345.5</ele></trkpt>
   <trkpt lon="5.614324" lat="45.359938"><ele>346.5</ele></trkpt>
   <trkpt lon="5.614364" lat="45.360178"><ele>347.75</ele></trkpt>
   <trkpt lon="5.614377" lat="45.360388"><ele>349.0</ele></trkpt>
   <trkpt lon="5.614396" lat="45.360772"><ele>350.25</ele></trkpt>
   <trkpt lon="5.614395" lat="45.361124"><ele>350.0</ele></trkpt>
   <trkpt lon="5.614385" lat="45.361212"><ele>350.0</ele></trkpt>
   <trkpt lon="5.614354" lat="45.361576"><ele>350.25</ele></trkpt>
   <trkpt lon="5.614343" lat="45.361699"><ele>350.25</ele></trkpt>
   <trkpt lon="5.614337" lat="45.361764"><ele>350.5</ele></trkpt>
   <trkpt lon="5.614311" lat="45.361950"><ele>351.5</ele></trkpt>
   <trkpt lon="5.614231" lat="45.362466"><ele>354.5</ele></trkpt>
   <trkpt lon="5.614156" lat="45.363058"><ele>359.0</ele></trkpt>
   <trkpt lon="5.614115" lat="45.363312"><ele>361.0</ele></trkpt>
   <trkpt lon="5.614078" lat="45.363562"><ele>364.0</ele></trkpt>
   <trkpt lon="5.614072" lat="45.363605"><ele>364.5</ele></trkpt>
   <trkpt lon="5.614055" lat="45.363723"><ele>365.75</ele></trkpt>
   <trkpt lon="5.614008" lat="45.364129"><ele>370.5</ele></trkpt>
   <trkpt lon="5.613959" lat="45.364329"><ele>372.0</ele></trkpt>
   <trkpt lon="5.613927" lat="45.364402"><ele>372.5</ele></trkpt>
   <trkpt lon="5.613874" lat="45.364481"><ele>373.25</ele></trkpt>
   <trkpt lon="5.613819" lat="45.364546"><ele>374.25</ele></trkpt>
   <trkpt lon="5.613783" lat="45.364584"><ele>374.5</ele></trkpt>
   <trkpt lon="5.613678" lat="45.364728"><ele>376.0</ele></trkpt>
   <trkpt lon="5.613612" lat="45.364772"><ele>376.5</ele></trkpt>
   <trkpt lon="5.614201" lat="45.365053"><ele>379.75</ele></trkpt>
   <trkpt lon="5.614459" lat="45.365166"><ele>380.75</ele></trkpt>
   <trkpt lon="5.614972" lat="45.365434"><ele>381.75</ele></trkpt>
   <trkpt lon="5.615288" lat="45.365582"><ele>383.0</ele></trkpt>
   <trkpt lon="5.615488" lat="45.365654"><ele>382.5</ele></trkpt>
   <trkpt lon="5.615578" lat="45.365684"><ele>382.75</ele></trkpt>
   <trkpt lon="5.615682" lat="45.365710"><ele>383.25</ele></trkpt>
   <trkpt lon="5.615845" lat="45.365741"><ele>384.25</ele></trkpt>
   <trkpt lon="5.616012" lat="45.365764"><ele>385.5</ele></trkpt>
   <trkpt lon="5.616166" lat="45.365777"><ele>386.5</ele></trkpt>
   <trkpt lon="5.616321" lat="45.365779"><ele>386.5</ele></trkpt>
   <trkpt lon="5.616753" lat="45.365760"><ele>388.75</ele></trkpt>
   <trkpt lon="5.619135" lat="45.365611"><ele>395.75</ele></trkpt>
   <trkpt lon="5.619366" lat="45.365589"><ele>396.5</ele></trkpt>
   <trkpt lon="5.619577" lat="45.365556"><ele>396.75</ele></trkpt>
   <trkpt lon="5.619746" lat="45.365517"><ele>397.25</ele></trkpt>
   <trkpt lon="5.619996" lat="45.365442"><ele>396.75</ele></trkpt>
   <trkpt lon="5.620076" lat="45.365414"><ele>397.25</ele></trkpt>
   <trkpt lon="5.620486" lat="45.365260"><ele>399.0</ele></trkpt>
   <trkpt lon="5.620642" lat="45.365208"><ele>399.25</ele></trkpt>
   <trkpt lon="5.620986" lat="45.365186"><ele>401.25</ele></trkpt>
   <trkpt lon="5.621088" lat="45.365192"><ele>401.75</ele></trkpt>
   <trkpt lon="5.621165" lat="45.365207"><ele>402.25</ele></trkpt>
   <trkpt lon="5.621276" lat="45.365244"><ele>402.75</ele></trkpt>
   <trkpt lon="5.621366" lat="45.365283"><ele>402.75</ele></trkpt>
   <trkpt lon="5.621533" lat="45.365392"><ele>403.75</ele></trkpt>
   <trkpt lon="5.621642" lat="45.365479"><ele>402.75</ele></trkpt>
   <trkpt lon="5.621780" lat="45.365595"><ele>402.75</ele></trkpt>
   <trkpt lon="5.622193" lat="45.365953"><ele>404.5</ele></trkpt>
   <trkpt lon="5.622390" lat="45.366080"><ele>403.0</ele></trkpt>
   <trkpt lon="5.622674" lat="45.366232"><ele>402.25</ele></trkpt>
   <trkpt lon="5.623087" lat="45.366360"><ele>399.5</ele></trkpt>
   <trkpt lon="5.623202" lat="45.366399"><ele>399.25</ele></trkpt>
   <trkpt lon="5.623771" lat="45.366588"><ele>399.0</ele></trkpt>
   <trkpt lon="5.624134" lat="45.366680"><ele>397.75</ele></trkpt>
   <trkpt lon="5.624443" lat="45.366738"><ele>397.25</ele></trkpt>
   <trkpt lon="5.624769" lat="45.366778"><ele>396.5</ele></trkpt>
   <trkpt lon="5.624970" lat="45.366795"><ele>396.0</ele></trkpt>
   <trkpt lon="5.625238" lat="45.366824"><ele>394.5</ele></trkpt>
   <trkpt lon="5.625343" lat="45.366833"><ele>393.5</ele></trkpt>
   <trkpt lon="5.626874" lat="45.366961"><ele>394.5</ele></trkpt>
   <trkpt lon="5.629058" lat="45.367142"><ele>395.5</ele></trkpt>
   <trkpt lon="5.628954" lat="45.367201"><ele>395.75</ele></trkpt>
   <trkpt lon="5.628830" lat="45.367384"><ele>395.25</ele></trkpt>
   <trkpt lon="5.628754" lat="45.367582"><ele>394.0</ele></trkpt>
   <trkpt lon="5.628706" lat="45.367730"><ele>392.5</ele></trkpt>
   <trkpt lon="5.628627" lat="45.367879"><ele>393.25</ele></trkpt>
   <trkpt lon="5.628480" lat="45.368080"><ele>396.75</ele></trkpt>
   <trkpt lon="5.628349" lat="45.368154"><ele>399.0</ele></trkpt>
   <trkpt lon="5.628264" lat="45.368260"><ele>401.75</ele></trkpt>
   <trkpt lon="5.628233" lat="45.368410"><ele>405.25</ele></trkpt>
   <trkpt lon="5.628309" lat="45.368516"><ele>407.0</ele></trkpt>
   <trkpt lon="5.628429" lat="45.368619"><ele>407.5</ele></trkpt>
   <trkpt lon="5.628511" lat="45.368718"><ele>407.0</ele></trkpt>
   <trkpt lon="5.628516" lat="45.368768"><ele>407.25</ele></trkpt>
   <trkpt lon="5.628492" lat="45.368804"><ele>408.0</ele></trkpt>
   <trkpt lon="5.628421" lat="45.368837"><ele>409.25</ele></trkpt>
   <trkpt lon="5.628046" lat="45.368903"><ele>413.75</ele></trkpt>
   <trkpt lon="5.627850" lat="45.368897"><ele>415.5</ele></trkpt>
   <trkpt lon="5.627262" lat="45.368828"><ele>418.25</ele></trkpt>
   <trkpt lon="5.626985" lat="45.368831"><ele>420.75</ele></trkpt>
   <trkpt lon="5.626733" lat="45.368864"><ele>423.0</ele></trkpt>
   <trkpt lon="5.626561" lat="45.368922"><ele>424.0</ele></trkpt>
   <trkpt lon="5.626483" lat="45.368985"><ele>425.0</ele></trkpt>
   <trkpt lon="5.626431" lat="45.369105"><ele>427.5</ele></trkpt>
   <trkpt lon="5.626438" lat="45.369221"><ele>430.5</ele></trkpt>
   <trkpt lon="5.626368" lat="45.369371"><ele>433.75</ele></trkpt>
   <trkpt lon="5.626135" lat="45.369559"><ele>435.5</ele></trkpt>
   <trkpt lon="5.625722" lat="45.369826"><ele>439.5</ele></trkpt>
   <trkpt lon="5.624543" lat="45.370213"><ele>445.75</ele></trkpt>
   <trkpt lon="5.624034" lat="45.370421"><ele>446.5</ele></trkpt>
   <trkpt lon="5.623844" lat="45.370548"><ele>449.5</ele></trkpt>
   <trkpt lon="5.623705" lat="45.370700"><ele>450.0</ele></trkpt>
   <trkpt lon="5.623658" lat="45.370809"><ele>452.5</ele></trkpt>
   <trkpt lon="5.623578" lat="45.370915"><ele>454.25</ele></trkpt>
   <trkpt lon="5.623094" lat="45.371398"><ele>463.25</ele></trkpt>
   <trkpt lon="5.622936" lat="45.371596"><ele>466.0</ele></trkpt>
   <trkpt lon="5.622865" lat="45.371740"><ele>468.5</ele></trkpt>
   <trkpt lon="5.622691" lat="45.371856"><ele>470.5</ele></trkpt>
   <trkpt lon="5.622369" lat="45.372013"><ele>471.25</ele></trkpt>
   <trkpt lon="5.622308" lat="45.371997"><ele>470.25</ele></trkpt>
   <trkpt lon="5.622237" lat="45.371996"><ele>469.5</ele></trkpt>
   <trkpt lon="5.621676" lat="45.372196"><ele>466.25</ele></trkpt>
   <trkpt lon="5.621435" lat="45.372224"><ele>465.25</ele></trkpt>
   <trkpt lon="5.621206" lat="45.372230"><ele>463.75</ele></trkpt>
   <trkpt lon="5.620679" lat="45.372192"><ele>458.5</ele></trkpt>
   <trkpt lon="5.620448" lat="45.372186"><ele>456.5</ele></trkpt>
   <trkpt lon="5.620277" lat="45.372203"><ele>455.25</ele></trkpt>
   <trkpt lon="5.619853" lat="45.372294"><ele>453.75</ele></trkpt>
   <trkpt lon="5.619656" lat="45.372307"><ele>452.0</ele></trkpt>
   <trkpt lon="5.619473" lat="45.372297"><ele>450.75</ele></trkpt>
   <trkpt lon="5.619325" lat="45.372280"><ele>449.25</ele></trkpt>
   <trkpt lon="5.619199" lat="45.372310"><ele>449.25</ele></trkpt>
   <trkpt lon="5.619125" lat="45.372299"><ele>448.25</ele></trkpt>
   <trkpt lon="5.619058" lat="45.372304"><ele>447.25</ele></trkpt>
   <trkpt lon="5.618447" lat="45.372508"><ele>443.25</ele></trkpt>
   <trkpt lon="5.618263" lat="45.372549"><ele>442.75</ele></trkpt>
   <trkpt lon="5.618116" lat="45.372545"><ele>441.25</ele></trkpt>
   <trkpt lon="5.617754" lat="45.372464"><ele>439.5</ele></trkpt>
   <trkpt lon="5.617604" lat="45.372450"><ele>437.75</ele></trkpt>
   <trkpt lon="5.617416" lat="45.372442"><ele>436.5</ele></trkpt>
   <trkpt lon="5.617080" lat="45.372430"><ele>435.5</ele></trkpt>
   <trkpt lon="5.616075" lat="45.372331"><ele>428.0</ele></trkpt>
   <trkpt lon="5.615820" lat="45.372354"><ele>426.75</ele></trkpt>
   <trkpt lon="5.615352" lat="45.372501"><ele>424.5</ele></trkpt>
   <trkpt lon="5.615191" lat="45.372529"><ele>423.25</ele></trkpt>
   <trkpt lon="5.614876" lat="45.372500"><ele>421.25</ele></trkpt>
   <trkpt lon="5.614689" lat="45.372474"><ele>420.25</ele></trkpt>
   <trkpt lon="5.614152" lat="45.372465"><ele>416.75</ele></trkpt>
   <trkpt lon="5.613967" lat="45.372433"><ele>415.25</ele></trkpt>
   <trkpt lon="5.613332" lat="45.372106"><ele>410.0</ele></trkpt>
   <trkpt lon="5.612684" lat="45.371851"><ele>406.25</ele></trkpt>
   <trkpt lon="5.612433" lat="45.371554"><ele>402.0</ele></trkpt>
   <trkpt lon="5.612232" lat="45.371175"><ele>398.0</ele></trkpt>
   <trkpt lon="5.612214" lat="45.370949"><ele>392.75</ele></trkpt>
   <trkpt lon="5.611721" lat="45.370706"><ele>392.5</ele></trkpt>
   <trkpt lon="5.611463" lat="45.370599"><ele>388.25</ele></trkpt>
   <trkpt lon="5.610722" lat="45.370643"><ele>387.75</ele></trkpt>
   <trkpt lon="5.610345" lat="45.370592"><ele>384.5</ele></trkpt>
   <trkpt lon="5.610033" lat="45.370464"><ele>382.75</ele></trkpt>
   <trkpt lon="5.609384" lat="45.369675"><ele>372.5</ele></trkpt>
   <trkpt lon="5.609122" lat="45.369470"><ele>370.25</ele></trkpt>
   <trkpt lon="5.608395" lat="45.369296"><ele>366.25</ele></trkpt>
   <trkpt lon="5.608320" lat="45.369278"><ele>365.0</ele></trkpt>
   <trkpt lon="5.607600" lat="45.369315"><ele>363.75</ele></trkpt>
   <trkpt lon="5.607046" lat="45.369208"><ele>358.75</ele></trkpt>
   <trkpt lon="5.606397" lat="45.368954"><ele>356.75</ele></trkpt>
   <trkpt lon="5.605734" lat="45.368599"><ele>353.0</ele></trkpt>
   <trkpt lon="5.605145" lat="45.368371"><ele>347.25</ele></trkpt>
   <trkpt lon="5.604849" lat="45.368218"><ele>348.25</ele></trkpt>
   <trkpt lon="5.604484" lat="45.368061"><ele>343.25</ele></trkpt>
   <trkpt lon="5.604064" lat="45.368084"><ele>342.75</ele></trkpt>
   <trkpt lon="5.603770" lat="45.368188"><ele>342.5</ele></trkpt>
   <trkpt lon="5.603340" lat="45.368539"><ele>346.75</ele></trkpt>
   <trkpt lon="5.602890" lat="45.368767"><ele>344.5</ele></trkpt>
   <trkpt lon="5.602561" lat="45.369189"><ele>344.75</ele></trkpt>
   <trkpt lon="5.602207" lat="45.369494"><ele>342.0</ele></trkpt>
   <trkpt lon="5.601883" lat="45.369685"><ele>340.5</ele></trkpt>
   <trkpt lon="5.601617" lat="45.369770"><ele>343.0</ele></trkpt>
   <trkpt lon="5.601329" lat="45.369817"><ele>342.0</ele></trkpt>
   <trkpt lon="5.601048" lat="45.369863"><ele>342.75</ele></trkpt>
   <trkpt lon="5.600336" lat="45.369879"><ele>340.5</ele></trkpt>
   <trkpt lon="5.600238" lat="45.369928"><ele>341.5</ele></trkpt>
   <trkpt lon="5.600047" lat="45.370051"><ele>343.0</ele></trkpt>
   <trkpt lon="5.598631" lat="45.370600"><ele>342.25</ele></trkpt>
   <trkpt lon="5.598544" lat="45.370633"><ele>342.25</ele></trkpt>
   <trkpt lon="5.598155" lat="45.370739"><ele>340.5</ele></trkpt>
   <trkpt lon="5.597735" lat="45.370898"><ele>343.75</ele></trkpt>
   <trkpt lon="5.597483" lat="45.370983"><ele>337.0</ele></trkpt>
   <trkpt lon="5.597285" lat="45.371003"><ele>334.5</ele></trkpt>
   <trkpt lon="5.596871" lat="45.370995"><ele>331.75</ele></trkpt>
   <trkpt lon="5.596425" lat="45.370981"><ele>329.5</ele></trkpt>
   <trkpt lon="5.595705" lat="45.370858"><ele>330.25</ele></trkpt>
   <trkpt lon="5.595115" lat="45.370704"><ele>325.0</ele></trkpt>
   <trkpt lon="5.594679" lat="45.370607"><ele>321.75</ele></trkpt>
   <trkpt lon="5.594340" lat="45.370522"><ele>319.5</ele></trkpt>
   <trkpt lon="5.594293" lat="45.370500"><ele>319.5</ele></trkpt>
   <trkpt lon="5.594220" lat="45.370473"><ele>319.25</ele></trkpt>
   <trkpt lon="5.594146" lat="45.370455"><ele>319.0</ele></trkpt>
   <trkpt lon="5.593885" lat="45.370421"><ele>318.5</ele></trkpt>
   <trkpt lon="5.593377" lat="45.370492"><ele>314.75</ele></trkpt>
   <trkpt lon="5.593048" lat="45.370501"><ele>315.25</ele></trkpt>
   <trkpt lon="5.592709" lat="45.370417"><ele>315.0</ele></trkpt>
   <trkpt lon="5.592341" lat="45.370337"><ele>313.0</ele></trkpt>
   <trkpt lon="5.592106" lat="45.370236"><ele>312.25</ele></trkpt>
   <trkpt lon="5.591823" lat="45.370063"><ele>309.25</ele></trkpt>
   <trkpt lon="5.591620" lat="45.369988"><ele>310.75</ele></trkpt>
   <trkpt lon="5.591430" lat="45.369918"><ele>310.25</ele></trkpt>
   <trkpt lon="5.591253" lat="45.369820"><ele>310.25</ele></trkpt>
   <trkpt lon="5.591248" lat="45.369817"><ele>310.25</ele></trkpt>
   <trkpt lon="5.591225" lat="45.369807"><ele>310.25</ele></trkpt>
   <trkpt lon="5.591217" lat="45.369804"><ele>310.25</ele></trkpt>
   <trkpt lon="5.591149" lat="45.369774"><ele>310.75</ele></trkpt>
   <trkpt lon="5.591174" lat="45.369714"><ele>310.0</ele></trkpt>
   <trkpt lon="5.591177" lat="45.369707"><ele>310.0</ele></trkpt>
   <trkpt lon="5.591185" lat="45.369653"><ele>309.25</ele></trkpt>
   <trkpt lon="5.591135" lat="45.369468"><ele>307.75</ele></trkpt>
   <trkpt lon="5.591054" lat="45.369292"><ele>306.5</ele></trkpt>
   <trkpt lon="5.590790" lat="45.368857"><ele>302.75</ele></trkpt>
   <trkpt lon="5.590761" lat="45.368801"><ele>302.0</ele></trkpt>
   <trkpt lon="5.590603" lat="45.368576"><ele>299.5</ele></trkpt>
   <trkpt lon="5.590495" lat="45.368447"><ele>299.0</ele></trkpt>
   <trkpt lon="5.590485" lat="45.368436"><ele>298.75</ele></trkpt>
   <trkpt lon="5.590461" lat="45.368412"><ele>298.75</ele></trkpt>
   <trkpt lon="5.590422" lat="45.368384"><ele>298.75</ele></trkpt>
   <trkpt lon="5.589670" lat="45.367845"><ele>299.0</ele></trkpt>
   <trkpt lon="5.589603" lat="45.367799"><ele>298.5</ele></trkpt>
   <trkpt lon="5.589437" lat="45.367689"><ele>298.25</ele></trkpt>
   <trkpt lon="5.589396" lat="45.367656"><ele>298.0</ele></trkpt>
   <trkpt lon="5.589239" lat="45.367527"><ele>297.75</ele></trkpt>
   <trkpt lon="5.589134" lat="45.367441"><ele>297.75</ele></trkpt>
   <trkpt lon="5.588788" lat="45.367221"><ele>298.25</ele></trkpt>
   <trkpt lon="5.588655" lat="45.367127"><ele>298.25</ele></trkpt>
   <trkpt lon="5.588619" lat="45.367101"><ele>298.5</ele></trkpt>
   <trkpt lon="5.588547" lat="45.367078"><ele>298.5</ele></trkpt>
   <trkpt lon="5.588361" lat="45.366932"><ele>298.75</ele></trkpt>
   <trkpt lon="5.588531" lat="45.366507"><ele>295.5</ele></trkpt>
   <trkpt lon="5.588591" lat="45.365979"><ele>293.0</ele></trkpt>
   <trkpt lon="5.588597" lat="45.365968"><ele>293.0</ele></trkpt>
   <trkpt lon="5.589372" lat="45.365930"><ele>290.0</ele></trkpt>
   <trkpt lon="5.589390" lat="45.365929"><ele>290.0</ele></trkpt>
   <trkpt lon="5.590013" lat="45.365916"><ele>288.75</ele></trkpt>
   <trkpt lon="5.590876" lat="45.365880"><ele>288.0</ele></trkpt>
   <trkpt lon="5.590933" lat="45.365855"><ele>288.0</ele></trkpt>
   <trkpt lon="5.590998" lat="45.365824"><ele>287.75</ele></trkpt>
   <trkpt lon="5.590976" lat="45.365235"><ele>286.25</ele></trkpt>
   <trkpt lon="5.590972" lat="45.365186"><ele>286.25</ele></trkpt>
   <trkpt lon="5.590962" lat="45.365145"><ele>286.25</ele></trkpt>
   <trkpt lon="5.590933" lat="45.364978"><ele>285.75</ele></trkpt>
   <trkpt lon="5.590909" lat="45.364802"><ele>285.25</ele></trkpt>
   <trkpt lon="5.590912" lat="45.364670"><ele>285.0</ele></trkpt>
   <trkpt lon="5.590879" lat="45.364342"><ele>284.5</ele></trkpt>
   <trkpt lon="5.590864" lat="45.364022"><ele>284.0</ele></trkpt>
   <trkpt lon="5.590857" lat="45.363888"><ele>283.75</ele></trkpt>
   <trkpt lon="5.590850" lat="45.363668"><ele>283.0</ele></trkpt>
   <trkpt lon="5.590837" lat="45.363445"><ele>283.0</ele></trkpt>
   <trkpt lon="5.590835" lat="45.363420"><ele>283.0</ele></trkpt>
   <trkpt lon="5.590833" lat="45.363381"><ele>283.0</ele></trkpt>
   <trkpt lon="5.590832" lat="45.363374"><ele>283.0</ele></trkpt>
   <trkpt lon="5.590806" lat="45.363043"><ele>282.75</ele></trkpt>
   <trkpt lon="5.590805" lat="45.363016"><ele>282.75</ele></trkpt>
   <trkpt lon="5.590803" lat="45.362990"><ele>282.75</ele></trkpt>
   <trkpt lon="5.590785" lat="45.362731"><ele>282.0</ele></trkpt>
   <trkpt lon="5.590757" lat="45.362621"><ele>282.0</ele></trkpt>
   <trkpt lon="5.590745" lat="45.362490"><ele>281.75</ele></trkpt>
   <trkpt lon="5.590739" lat="45.362429"><ele>281.5</ele></trkpt>
   <trkpt lon="5.590732" lat="45.362315"><ele>281.25</ele></trkpt>
   <trkpt lon="5.590729" lat="45.362261"><ele>281.0</ele></trkpt>
   <trkpt lon="5.590681" lat="45.361449"><ele>280.5</ele></trkpt>
   <trkpt lon="5.590671" lat="45.361307"><ele>280.25</ele></trkpt>
   <trkpt lon="5.590643" lat="45.360948"><ele>279.5</ele></trkpt>
   <trkpt lon="5.590650" lat="45.360643"><ele>279.5</ele></trkpt>
   <trkpt lon="5.590651" lat="45.360586"><ele>279.5</ele></trkpt>
   <trkpt lon="5.590655" lat="45.360534"><ele>279.5</ele></trkpt>
   <trkpt lon="5.590714" lat="45.360226"><ele>279.25</ele></trkpt>
   <trkpt lon="5.590780" lat="45.360036"><ele>279.0</ele></trkpt>
   <trkpt lon="5.590854" lat="45.359872"><ele>279.25</ele></trkpt>
   <trkpt lon="5.590916" lat="45.359776"><ele>279.25</ele></trkpt>
   <trkpt lon="5.591000" lat="45.359688"><ele>278.75</ele></trkpt>
   <trkpt lon="5.591103" lat="45.359613"><ele>278.0</ele></trkpt>
   <trkpt lon="5.591246" lat="45.359528"><ele>278.25</ele></trkpt>
   <trkpt lon="5.591326" lat="45.359467"><ele>278.5</ele></trkpt>
   <trkpt lon="5.591349" lat="45.359440"><ele>278.75</ele></trkpt>
   <trkpt lon="5.591357" lat="45.359392"><ele>278.5</ele></trkpt>
   <trkpt lon="5.591391" lat="45.359349"><ele>278.5</ele></trkpt>
   <trkpt lon="5.591445" lat="45.359318"><ele>278.5</ele></trkpt>
   <trkpt lon="5.591499" lat="45.359196"><ele>278.0</ele></trkpt>
   <trkpt lon="5.591544" lat="45.359087"><ele>277.75</ele></trkpt>
   <trkpt lon="5.591567" lat="45.359021"><ele>277.75</ele></trkpt>
   <trkpt lon="5.591615" lat="45.358950"><ele>277.5</ele></trkpt>
   <trkpt lon="5.591828" lat="45.358728"><ele>277.75</ele></trkpt>
   <trkpt lon="5.592134" lat="45.358374"><ele>278.0</ele></trkpt>
   <trkpt lon="5.592258" lat="45.358228"><ele>277.75</ele></trkpt>
   <trkpt lon="5.592472" lat="45.357967"><ele>277.0</ele></trkpt>
   <trkpt lon="5.592531" lat="45.357895"><ele>276.75</ele></trkpt>
   <trkpt lon="5.592589" lat="45.357824"><ele>277.0</ele></trkpt>
   <trkpt lon="5.592856" lat="45.357437"><ele>276.75</ele></trkpt>
   <trkpt lon="5.593097" lat="45.357054"><ele>276.25</ele></trkpt>
   <trkpt lon="5.593215" lat="45.356799"><ele>277.25</ele></trkpt>
   <trkpt lon="5.593327" lat="45.356580"><ele>274.75</ele></trkpt>
   <trkpt lon="5.593368" lat="45.356478"><ele>275.0</ele></trkpt>
   <trkpt lon="5.593404" lat="45.356388"><ele>275.0</ele></trkpt>
   <trkpt lon="5.593412" lat="45.356331"><ele>275.0</ele></trkpt>
   <trkpt lon="5.593417" lat="45.356304"><ele>275.0</ele></trkpt>
   <trkpt lon="5.593428" lat="45.356231"><ele>275.0</ele></trkpt>
   <trkpt lon="5.593420" lat="45.356085"><ele>275.0</ele></trkpt>
   <trkpt lon="5.593373" lat="45.355897"><ele>273.25</ele></trkpt>
   <trkpt lon="5.593177" lat="45.355525"><ele>273.75</ele></trkpt>
   <trkpt lon="5.593132" lat="45.355446"><ele>273.5</ele></trkpt>
   <trkpt lon="5.593093" lat="45.355329"><ele>272.5</ele></trkpt>
   <trkpt lon="5.592956" lat="45.355069"><ele>272.75</ele></trkpt>
   <trkpt lon="5.592875" lat="45.354850"><ele>272.0</ele></trkpt>
   <trkpt lon="5.592795" lat="45.354491"><ele>271.0</ele></trkpt>
   <trkpt lon="5.592753" lat="45.354344"><ele>271.5</ele></trkpt>
   <trkpt lon="5.592746" lat="45.354271"><ele>271.5</ele></trkpt>
   <trkpt lon="5.592746" lat="45.354219"><ele>271.5</ele></trkpt>
   <trkpt lon="5.592722" lat="45.354199"><ele>272.5</ele></trkpt>
   <trkpt lon="5.592701" lat="45.354150"><ele>273.25</ele></trkpt>
   <trkpt lon="5.592718" lat="45.354101"><ele>272.25</ele></trkpt>
   <trkpt lon="5.592769" lat="45.354064"><ele>270.0</ele></trkpt>
   <trkpt lon="5.592800" lat="45.353971"><ele>269.25</ele></trkpt>
   <trkpt lon="5.592855" lat="45.353788"><ele>269.25</ele></trkpt>
   <trkpt lon="5.592879" lat="45.353657"><ele>269.5</ele></trkpt>
   <trkpt lon="5.592886" lat="45.353384"><ele>269.0</ele></trkpt>
   <trkpt lon="5.592870" lat="45.353308"><ele>268.75</ele></trkpt>
   <trkpt lon="5.592812" lat="45.353198"><ele>268.25</ele></trkpt>
   <trkpt lon="5.592690" lat="45.353025"><ele>267.5</ele></trkpt>
   <trkpt lon="5.592648" lat="45.352981"><ele>267.0</ele></trkpt>
   <trkpt lon="5.592594" lat="45.352926"><ele>266.75</ele></trkpt>
   <trkpt lon="5.592442" lat="45.352816"><ele>266.5</ele></trkpt>
   <trkpt lon="5.592161" lat="45.352657"><ele>265.75</ele></trkpt>
   <trkpt lon="5.592029" lat="45.352584"><ele>265.75</ele></trkpt>
   <trkpt lon="5.591382" lat="45.352224"><ele>265.0</ele></trkpt>
   <trkpt lon="5.590867" lat="45.351937"><ele>264.75</ele></trkpt>
   <trkpt lon="5.590463" lat="45.351716"><ele>264.25</ele></trkpt>
   <trkpt lon="5.590138" lat="45.351541"><ele>264.25</ele></trkpt>
   <trkpt lon="5.590078" lat="45.351508"><ele>264.25</ele></trkpt>
   <trkpt lon="5.589965" lat="45.351446"><ele>263.75</ele></trkpt>
   <trkpt lon="5.589777" lat="45.351344"><ele>262.75</ele></trkpt>
   <trkpt lon="5.589474" lat="45.351180"><ele>264.0</ele></trkpt>
   <trkpt lon="5.589277" lat="45.351073"><ele>261.5</ele></trkpt>
   <trkpt lon="5.588963" lat="45.350862"><ele>261.25</ele></trkpt>
   <trkpt lon="5.587898" lat="45.350280"><ele>259.0</ele></trkpt>
   <trkpt lon="5.587203" lat="45.349911"><ele>257.75</ele></trkpt>
   <trkpt lon="5.587118" lat="45.349878"><ele>258.25</ele></trkpt>
   <trkpt lon="5.587082" lat="45.349857"><ele>258.25</ele></trkpt>
   <trkpt lon="5.586942" lat="45.349775"><ele>258.0</ele></trkpt>
   <trkpt lon="5.586822" lat="45.349702"><ele>257.25</ele></trkpt>
   <trkpt lon="5.586734" lat="45.349640"><ele>257.0</ele></trkpt>
   <trkpt lon="5.586717" lat="45.349629"><ele>257.0</ele></trkpt>
   <trkpt lon="5.586388" lat="45.349365"><ele>255.5</ele></trkpt>
   <trkpt lon="5.586204" lat="45.349208"><ele>255.5</ele></trkpt>
   <trkpt lon="5.585183" lat="45.348323"><ele>254.25</ele></trkpt>
   <trkpt lon="5.585018" lat="45.348176"><ele>254.25</ele></trkpt>
   <trkpt lon="5.584935" lat="45.348115"><ele>254.5</ele></trkpt>
   <trkpt lon="5.584811" lat="45.348034"><ele>254.5</ele></trkpt>
   <trkpt lon="5.584664" lat="45.347974"><ele>254.5</ele></trkpt>
   <trkpt lon="5.584523" lat="45.347928"><ele>254.25</ele></trkpt>
   <trkpt lon="5.584382" lat="45.347893"><ele>254.5</ele></trkpt>
   <trkpt lon="5.584234" lat="45.347875"><ele>254.75</ele></trkpt>
   <trkpt lon="5.584015" lat="45.347872"><ele>254.75</ele></trkpt>
   <trkpt lon="5.583485" lat="45.347918"><ele>254.0</ele></trkpt>
   <trkpt lon="5.583158" lat="45.347938"><ele>254.25</ele></trkpt>
   <trkpt lon="5.582705" lat="45.347948"><ele>254.0</ele></trkpt>
   <trkpt lon="5.582408" lat="45.347965"><ele>253.0</ele></trkpt>
   <trkpt lon="5.582114" lat="45.348020"><ele>252.5</ele></trkpt>
   <trkpt lon="5.581830" lat="45.348098"><ele>253.5</ele></trkpt>
   <trkpt lon="5.581430" lat="45.348229"><ele>253.25</ele></trkpt>
   <trkpt lon="5.581258" lat="45.348286"><ele>252.75</ele></trkpt>
   <trkpt lon="5.581176" lat="45.348314"><ele>252.25</ele></trkpt>
   <trkpt lon="5.581002" lat="45.348361"><ele>252.75</ele></trkpt>
   <trkpt lon="5.580900" lat="45.348375"><ele>253.0</ele></trkpt>
   <trkpt lon="5.580683" lat="45.348400"><ele>253.0</ele></trkpt>
   <trkpt lon="5.580518" lat="45.348400"><ele>252.75</ele></trkpt>
   <trkpt lon="5.580312" lat="45.348377"><ele>252.75</ele></trkpt>
   <trkpt lon="5.580221" lat="45.348359"><ele>252.5</ele></trkpt>
   <trkpt lon="5.580126" lat="45.348339"><ele>252.0</ele></trkpt>
   <trkpt lon="5.579934" lat="45.348282"><ele>252.0</ele></trkpt>
   <trkpt lon="5.579531" lat="45.348114"><ele>253.0</ele></trkpt>
   <trkpt lon="5.579150" lat="45.347932"><ele>252.0</ele></trkpt>
   <trkpt lon="5.578963" lat="45.347862"><ele>252.5</ele></trkpt>
   <trkpt lon="5.578720" lat="45.347793"><ele>251.25</ele></trkpt>
   <trkpt lon="5.577383" lat="45.347502"><ele>251.5</ele></trkpt>
   <trkpt lon="5.576385" lat="45.347284"><ele>251.5</ele></trkpt>
   <trkpt lon="5.576039" lat="45.347201"><ele>250.0</ele></trkpt>
   <trkpt lon="5.575287" lat="45.346960"><ele>248.5</ele></trkpt>
   <trkpt lon="5.573325" lat="45.346318"><ele>245.75</ele></trkpt>
   <trkpt lon="5.572973" lat="45.346190"><ele>245.5</ele></trkpt>
   <trkpt lon="5.572887" lat="45.346163"><ele>245.75</ele></trkpt>
   <trkpt lon="5.572640" lat="45.346034"><ele>244.75</ele></trkpt>
   <trkpt lon="5.572588" lat="45.345996"><ele>244.5</ele></trkpt>
   <trkpt lon="5.572435" lat="45.345887"><ele>244.25</ele></trkpt>
   <trkpt lon="5.572308" lat="45.345821"><ele>243.75</ele></trkpt>
   <trkpt lon="5.572182" lat="45.345757"><ele>243.0</ele></trkpt>
   <trkpt lon="5.571871" lat="45.345650"><ele>243.75</ele></trkpt>
   <trkpt lon="5.571689" lat="45.345585"><ele>243.5</ele></trkpt>
   <trkpt lon="5.571519" lat="45.345500"><ele>243.5</ele></trkpt>
   <trkpt lon="5.571366" lat="45.345420"><ele>243.75</ele></trkpt>
   <trkpt lon="5.571208" lat="45.345322"><ele>243.0</ele></trkpt>
   <trkpt lon="5.570956" lat="45.345198"><ele>241.5</ele></trkpt>
   <trkpt lon="5.570468" lat="45.344962"><ele>241.5</ele></trkpt>
   <trkpt lon="5.569857" lat="45.344650"><ele>239.5</ele></trkpt>
   <trkpt lon="5.568245" lat="45.343597"><ele>239.0</ele></trkpt>
   <trkpt lon="5.567145" lat="45.342821"><ele>237.5</ele></trkpt>
   <trkpt lon="5.566471" lat="45.342279"><ele>235.5</ele></trkpt>
   <trkpt lon="5.566323" lat="45.342169"><ele>234.75</ele></trkpt>
   <trkpt lon="5.566197" lat="45.342079"><ele>234.5</ele></trkpt>
   <trkpt lon="5.566182" lat="45.342070"><ele>234.5</ele></trkpt>
   <trkpt lon="5.565888" lat="45.341897"><ele>234.0</ele></trkpt>
   <trkpt lon="5.565756" lat="45.341835"><ele>233.75</ele></trkpt>
   <trkpt lon="5.565606" lat="45.341772"><ele>234.25</ele></trkpt>
   <trkpt lon="5.565373" lat="45.341686"><ele>234.0</ele></trkpt>
   <trkpt lon="5.564150" lat="45.341223"><ele>232.0</ele></trkpt>
   <trkpt lon="5.563860" lat="45.341070"><ele>232.0</ele></trkpt>
   <trkpt lon="5.563599" lat="45.340887"><ele>232.0</ele></trkpt>
   <trkpt lon="5.562604" lat="45.340072"><ele>230.0</ele></trkpt>
   <trkpt lon="5.561443" lat="45.339141"><ele>228.0</ele></trkpt>
   <trkpt lon="5.560796" lat="45.338606"><ele>227.25</ele></trkpt>
   <trkpt lon="5.560320" lat="45.338011"><ele>226.0</ele></trkpt>
   <trkpt lon="5.560216" lat="45.337854"><ele>225.25</ele></trkpt>
   <trkpt lon="5.559746" lat="45.337244"><ele>224.75</ele></trkpt>
   <trkpt lon="5.559413" lat="45.336798"><ele>224.5</ele></trkpt>
   <trkpt lon="5.559123" lat="45.336407"><ele>224.25</ele></trkpt>
   <trkpt lon="5.558937" lat="45.336151"><ele>224.5</ele></trkpt>
   <trkpt lon="5.558741" lat="45.335811"><ele>224.75</ele></trkpt>
   <trkpt lon="5.558503" lat="45.335357"><ele>229.5</ele></trkpt>
   <trkpt lon="5.558379" lat="45.335075"><ele>224.0</ele></trkpt>
   <trkpt lon="5.558267" lat="45.334775"><ele>222.75</ele></trkpt>
   <trkpt lon="5.558183" lat="45.334560"><ele>222.75</ele></trkpt>
   <trkpt lon="5.558085" lat="45.334278"><ele>221.0</ele></trkpt>
   <trkpt lon="5.557755" lat="45.333231"><ele>219.75</ele></trkpt>
   <trkpt lon="5.557677" lat="45.332823"><ele>218.5</ele></trkpt>
   <trkpt lon="5.557604" lat="45.332381"><ele>217.0</ele></trkpt>
   <trkpt lon="5.557522" lat="45.331853"><ele>215.25</ele></trkpt>
   <trkpt lon="5.557510" lat="45.331785"><ele>215.25</ele></trkpt>
   <trkpt lon="5.557319" lat="45.330549"><ele>212.75</ele></trkpt>
   <trkpt lon="5.557272" lat="45.330270"><ele>211.5</ele></trkpt>
   <trkpt lon="5.557236" lat="45.330087"><ele>211.0</ele></trkpt>
   <trkpt lon="5.557301" lat="45.330058"><ele>210.75</ele></trkpt>
   <trkpt lon="5.557537" lat="45.329972"><ele>209.75</ele></trkpt>
   <trkpt lon="5.558000" lat="45.329787"><ele>208.75</ele></trkpt>
   <trkpt lon="5.558917" lat="45.329424"><ele>207.75</ele></trkpt>
   <trkpt lon="5.559481" lat="45.329248"><ele>206.25</ele></trkpt>
   <trkpt lon="5.559591" lat="45.329181"><ele>205.75</ele></trkpt>
   <trkpt lon="5.559658" lat="45.329124"><ele>205.25</ele></trkpt>
   <trkpt lon="5.559694" lat="45.329017"><ele>205.0</ele></trkpt>
   <trkpt lon="5.559695" lat="45.328819"><ele>205.0</ele></trkpt>
   <trkpt lon="5.559735" lat="45.328689"><ele>204.75</ele></trkpt>
   <trkpt lon="5.559845" lat="45.328570"><ele>204.0</ele></trkpt>
   <trkpt lon="5.560184" lat="45.328386"><ele>202.75</ele></trkpt>
   <trkpt lon="5.560355" lat="45.328307"><ele>202.75</ele></trkpt>
   <trkpt lon="5.560831" lat="45.328058"><ele>201.75</ele></trkpt>
   <trkpt lon="5.560872" lat="45.327902"><ele>201.25</ele></trkpt>
   <trkpt lon="5.560897" lat="45.327735"><ele>200.5</ele></trkpt>
   <trkpt lon="5.560871" lat="45.327308"><ele>200.0</ele></trkpt>
   <trkpt lon="5.560893" lat="45.327244"><ele>200.0</ele></trkpt>
   <trkpt lon="5.560963" lat="45.327187"><ele>200.0</ele></trkpt>
   <trkpt lon="5.561030" lat="45.327144"><ele>200.0</ele></trkpt>
   <trkpt lon="5.561078" lat="45.327116"><ele>200.0</ele></trkpt>
   <trkpt lon="5.561099" lat="45.327007"><ele>200.0</ele></trkpt>
   <trkpt lon="5.561144" lat="45.326773"><ele>200.0</ele></trkpt>
   <trkpt lon="5.561241" lat="45.326385"><ele>199.75</ele></trkpt>
   <trkpt lon="5.561217" lat="45.326286"><ele>199.5</ele></trkpt>
   <trkpt lon="5.561195" lat="45.326206"><ele>199.25</ele></trkpt>
   <trkpt lon="5.561110" lat="45.326112"><ele>199.0</ele></trkpt>
   <trkpt lon="5.561052" lat="45.326053"><ele>199.0</ele></trkpt>
   <trkpt lon="5.560777" lat="45.325771"><ele>199.0</ele></trkpt>
   <trkpt lon="5.560762" lat="45.325700"><ele>199.25</ele></trkpt>
   <trkpt lon="5.560766" lat="45.325609"><ele>199.75</ele></trkpt>
   <trkpt lon="5.560782" lat="45.325552"><ele>199.75</ele></trkpt>
   <trkpt lon="5.560879" lat="45.325474"><ele>199.75</ele></trkpt>
   <trkpt lon="5.561030" lat="45.325417"><ele>199.5</ele></trkpt>
   <trkpt lon="5.561702" lat="45.325197"><ele>199.0</ele></trkpt>
   <trkpt lon="5.562072" lat="45.325156"><ele>199.0</ele></trkpt>
   <trkpt lon="5.562197" lat="45.325178"><ele>199.0</ele></trkpt>
   <trkpt lon="5.562334" lat="45.325226"><ele>198.75</ele></trkpt>
   <trkpt lon="5.562354" lat="45.325248"><ele>198.75</ele></trkpt>
   <trkpt lon="5.562430" lat="45.325234"><ele>198.75</ele></trkpt>
   <trkpt lon="5.562744" lat="45.325175"><ele>198.0</ele></trkpt>
   <trkpt lon="5.563010" lat="45.325120"><ele>197.5</ele></trkpt>
   <trkpt lon="5.563343" lat="45.325091"><ele>198.25</ele></trkpt>
   <trkpt lon="5.563542" lat="45.325092"><ele>198.25</ele></trkpt>
   <trkpt lon="5.563613" lat="45.325098"><ele>198.25</ele></trkpt>
   <trkpt lon="5.563973" lat="45.325141"><ele>197.25</ele></trkpt>
   <trkpt lon="5.564128" lat="45.325169"><ele>197.5</ele></trkpt>
   <trkpt lon="5.564201" lat="45.325183"><ele>197.5</ele></trkpt>
   <trkpt lon="5.564320" lat="45.325205"><ele>197.25</ele></trkpt>
   <trkpt lon="5.564619" lat="45.325250"><ele>197.0</ele></trkpt>
   <trkpt lon="5.564662" lat="45.325248"><ele>197.0</ele></trkpt>
   <trkpt lon="5.564737" lat="45.325232"><ele>197.0</ele></trkpt>
   <trkpt lon="5.564726" lat="45.325194"><ele>197.0</ele></trkpt>
   <trkpt lon="5.564736" lat="45.325157"><ele>197.0</ele></trkpt>
   <trkpt lon="5.564923" lat="45.324738"><ele>196.0</ele></trkpt>
   <trkpt lon="5.564945" lat="45.324687"><ele>196.0</ele></trkpt>
   <trkpt lon="5.565223" lat="45.324173"><ele>196.0</ele></trkpt>
   <trkpt lon="5.565250" lat="45.324112"><ele>196.0</ele></trkpt>
   <trkpt lon="5.565263" lat="45.324082"><ele>196.0</ele></trkpt>
   <trkpt lon="5.565285" lat="45.324040"><ele>195.75</ele></trkpt>
   <trkpt lon="5.565300" lat="45.323979"><ele>195.75</ele></trkpt>
   <trkpt lon="5.565329" lat="45.323928"><ele>195.75</ele></trkpt>
   <trkpt lon="5.565382" lat="45.323843"><ele>195.5</ele></trkpt>
   <trkpt lon="5.565420" lat="45.323799"><ele>195.25</ele></trkpt>
   <trkpt lon="5.565756" lat="45.323535"><ele>194.75</ele></trkpt>
   <trkpt lon="5.566157" lat="45.323204"><ele>194.0</ele></trkpt>
   <trkpt lon="5.566378" lat="45.323078"><ele>194.0</ele></trkpt>
   <trkpt lon="5.566676" lat="45.322964"><ele>194.0</ele></trkpt>
   <trkpt lon="5.566878" lat="45.322877"><ele>194.0</ele></trkpt>
   <trkpt lon="5.566931" lat="45.322854"><ele>194.0</ele></trkpt>
   <trkpt lon="5.567044" lat="45.322805"><ele>193.5</ele></trkpt>
   <trkpt lon="5.567121" lat="45.322752"><ele>193.25</ele></trkpt>
   <trkpt lon="5.567173" lat="45.322717"><ele>193.0</ele></trkpt>
   <trkpt lon="5.567253" lat="45.322662"><ele>193.0</ele></trkpt>
   <trkpt lon="5.567406" lat="45.322558"><ele>193.0</ele></trkpt>
   <trkpt lon="5.567633" lat="45.322379"><ele>192.5</ele></trkpt>
   <trkpt lon="5.567769" lat="45.322232"><ele>192.0</ele></trkpt>
   <trkpt lon="5.567975" lat="45.322010"><ele>191.75</ele></trkpt>
   <trkpt lon="5.568036" lat="45.321943"><ele>191.75</ele></trkpt>
   <trkpt lon="5.568072" lat="45.321905"><ele>191.75</ele></trkpt>
   <trkpt lon="5.568165" lat="45.321804"><ele>191.25</ele></trkpt>
   <trkpt lon="5.568250" lat="45.321712"><ele>191.0</ele></trkpt>
   <trkpt lon="5.568731" lat="45.321193"><ele>190.0</ele></trkpt>
   <trkpt lon="5.568957" lat="45.320787"><ele>189.75</ele></trkpt>
   <trkpt lon="5.569024" lat="45.320624"><ele>189.5</ele></trkpt>
   <trkpt lon="5.569069" lat="45.320527"><ele>189.25</ele></trkpt>
   <trkpt lon="5.569421" lat="45.319628"><ele>188.0</ele></trkpt>
   <trkpt lon="5.569559" lat="45.319271"><ele>188.0</ele></trkpt>
   <trkpt lon="5.569716" lat="45.318864"><ele>187.75</ele></trkpt>
   <trkpt lon="5.570022" lat="45.318016"><ele>187.0</ele></trkpt>
   <trkpt lon="5.570091" lat="45.317953"><ele>187.0</ele></trkpt>
   <trkpt lon="5.570469" lat="45.317594"><ele>187.0</ele></trkpt>
   <trkpt lon="5.570673" lat="45.317339"><ele>186.75</ele></trkpt>
   <trkpt lon="5.570781" lat="45.317057"><ele>186.5</ele></trkpt>
   <trkpt lon="5.570806" lat="45.316912"><ele>187.0</ele></trkpt>
   <trkpt lon="5.570794" lat="45.316727"><ele>187.0</ele></trkpt>
   <trkpt lon="5.570787" lat="45.316697"><ele>187.0</ele></trkpt>
   <trkpt lon="5.570768" lat="45.316679"><ele>187.0</ele></trkpt>
   <trkpt lon="5.570759" lat="45.316657"><ele>187.0</ele></trkpt>
   <trkpt lon="5.570762" lat="45.316634"><ele>187.0</ele></trkpt>
   <trkpt lon="5.570680" lat="45.316509"><ele>187.0</ele></trkpt>
   <trkpt lon="5.570635" lat="45.316434"><ele>187.0</ele></trkpt>
   <trkpt lon="5.570317" lat="45.316197"><ele>186.25</ele></trkpt>
   <trkpt lon="5.570240" lat="45.316118"><ele>186.0</ele></trkpt>
   <trkpt lon="5.570194" lat="45.316011"><ele>186.25</ele></trkpt>
   <trkpt lon="5.570167" lat="45.315915"><ele>186.25</ele></trkpt>
   <trkpt lon="5.570135" lat="45.315608"><ele>186.5</ele></trkpt>
   <trkpt lon="5.570068" lat="45.315158"><ele>186.25</ele></trkpt>
   <trkpt lon="5.570101" lat="45.315014"><ele>186.0</ele></trkpt>
   <trkpt lon="5.570190" lat="45.314769"><ele>185.75</ele></trkpt>
   <trkpt lon="5.570452" lat="45.314362"><ele>186.0</ele></trkpt>
   <trkpt lon="5.570678" lat="45.313928"><ele>186.0</ele></trkpt>
   <trkpt lon="5.570813" lat="45.313509"><ele>185.75</ele></trkpt>
   <trkpt lon="5.570831" lat="45.313463"><ele>186.0</ele></trkpt>
   <trkpt lon="5.571037" lat="45.313291"><ele>187.0</ele></trkpt>
   <trkpt lon="5.571177" lat="45.313162"><ele>186.75</ele></trkpt>
   <trkpt lon="5.571460" lat="45.313008"><ele>187.0</ele></trkpt>
   <trkpt lon="5.571539" lat="45.312966"><ele>187.0</ele></trkpt>
   <trkpt lon="5.571654" lat="45.312904"><ele>187.0</ele></trkpt>
   <trkpt lon="5.572000" lat="45.312746"><ele>187.0</ele></trkpt>
   <trkpt lon="5.572031" lat="45.312731"><ele>187.0</ele></trkpt>
   <trkpt lon="5.572436" lat="45.312545"><ele>187.0</ele></trkpt>
   <trkpt lon="5.573191" lat="45.312141"><ele>186.5</ele></trkpt>
   <trkpt lon="5.573278" lat="45.311993"><ele>186.0</ele></trkpt>
   <trkpt lon="5.573282" lat="45.311968"><ele>185.75</ele></trkpt>
   <trkpt lon="5.573462" lat="45.311336"><ele>186.0</ele></trkpt>
   <trkpt lon="5.573667" lat="45.310762"><ele>186.0</ele></trkpt>
   <trkpt lon="5.573699" lat="45.310675"><ele>186.0</ele></trkpt>
   <trkpt lon="5.573896" lat="45.310558"><ele>186.0</ele></trkpt>
   <trkpt lon="5.574361" lat="45.310336"><ele>186.0</ele></trkpt>
   <trkpt lon="5.574762" lat="45.310113"><ele>186.0</ele></trkpt>
   <trkpt lon="5.575079" lat="45.309937"><ele>186.0</ele></trkpt>
   <trkpt lon="5.576939" lat="45.308905"><ele>186.75</ele></trkpt>
   <trkpt lon="5.577090" lat="45.308822"><ele>186.5</ele></trkpt>
   <trkpt lon="5.577385" lat="45.308677"><ele>186.75</ele></trkpt>
   <trkpt lon="5.577762" lat="45.308571"><ele>186.0</ele></trkpt>
   <trkpt lon="5.578029" lat="45.308584"><ele>186.0</ele></trkpt>
   <trkpt lon="5.578447" lat="45.308672"><ele>186.75</ele></trkpt>
   <trkpt lon="5.578578" lat="45.308670"><ele>186.75</ele></trkpt>
   <trkpt lon="5.578810" lat="45.308585"><ele>186.75</ele></trkpt>
   <trkpt lon="5.580013" lat="45.307666"><ele>187.0</ele></trkpt>
   <trkpt lon="5.580215" lat="45.307536"><ele>187.0</ele></trkpt>
   <trkpt lon="5.580739" lat="45.307454"><ele>187.0</ele></trkpt>
   <trkpt lon="5.580985" lat="45.307251"><ele>187.0</ele></trkpt>
   <trkpt lon="5.581852" lat="45.306377"><ele>186.5</ele></trkpt>
   <trkpt lon="5.582113" lat="45.306132"><ele>187.0</ele></trkpt>
   <trkpt lon="5.582445" lat="45.305808"><ele>186.0</ele></trkpt>
   <trkpt lon="5.582509" lat="45.305747"><ele>186.0</ele></trkpt>
   <trkpt lon="5.583297" lat="45.304986"><ele>187.0</ele></trkpt>
   <trkpt lon="5.584033" lat="45.304275"><ele>187.0</ele></trkpt>
   <trkpt lon="5.584364" lat="45.303937"><ele>187.0</ele></trkpt>
   <trkpt lon="5.585104" lat="45.303206"><ele>187.0</ele></trkpt>
   <trkpt lon="5.585557" lat="45.302687"><ele>187.0</ele></trkpt>
   <trkpt lon="5.585752" lat="45.302398"><ele>187.5</ele></trkpt>
   <trkpt lon="5.585930" lat="45.302031"><ele>189.75</ele></trkpt>
   <trkpt lon="5.586040" lat="45.301677"><ele>191.5</ele></trkpt>
   <trkpt lon="5.586089" lat="45.301472"><ele>193.0</ele></trkpt>
   <trkpt lon="5.586182" lat="45.301248"><ele>190.75</ele></trkpt>
   <trkpt lon="5.586294" lat="45.300870"><ele>191.5</ele></trkpt>
   <trkpt lon="5.586298" lat="45.300805"><ele>192.0</ele></trkpt>
   <trkpt lon="5.586281" lat="45.300734"><ele>192.0</ele></trkpt>
   <trkpt lon="5.586253" lat="45.300676"><ele>192.25</ele></trkpt>
   <trkpt lon="5.586207" lat="45.300622"><ele>192.75</ele></trkpt>
   <trkpt lon="5.586132" lat="45.300558"><ele>193.75</ele></trkpt>
   <trkpt lon="5.585317" lat="45.300001"><ele>191.75</ele></trkpt>
   <trkpt lon="5.585281" lat="45.299959"><ele>191.75</ele></trkpt>
   <trkpt lon="5.585224" lat="45.299836"><ele>191.5</ele></trkpt>
   <trkpt lon="5.585258" lat="45.299816"><ele>191.75</ele></trkpt>
   <trkpt lon="5.585270" lat="45.299809"><ele>191.75</ele></trkpt>
   <trkpt lon="5.585332" lat="45.299775"><ele>191.25</ele></trkpt>
   <trkpt lon="5.585377" lat="45.299806"><ele>191.0</ele></trkpt>
   <trkpt lon="5.586797" lat="45.300784"><ele>191.0</ele></trkpt>
   <trkpt lon="5.587055" lat="45.300953"><ele>191.0</ele></trkpt>
   <trkpt lon="5.587324" lat="45.301102"><ele>191.25</ele></trkpt>
   <trkpt lon="5.588244" lat="45.301646"><ele>191.25</ele></trkpt>
   <trkpt lon="5.588484" lat="45.301770"><ele>190.25</ele></trkpt>
   <trkpt lon="5.588990" lat="45.302001"><ele>191.0</ele></trkpt>
   <trkpt lon="5.589811" lat="45.302313"><ele>190.25</ele></trkpt>
   <trkpt lon="5.590212" lat="45.302455"><ele>190.75</ele></trkpt>
   <trkpt lon="5.590614" lat="45.302575"><ele>191.25</ele></trkpt>
   <trkpt lon="5.591025" lat="45.302687"><ele>189.75</ele></trkpt>
   <trkpt lon="5.591434" lat="45.302780"><ele>192.75</ele></trkpt>
   <trkpt lon="5.592299" lat="45.302957"><ele>190.5</ele></trkpt>
   <trkpt lon="5.592918" lat="45.303069"><ele>192.25</ele></trkpt>
   <trkpt lon="5.593248" lat="45.303122"><ele>191.0</ele></trkpt>
   <trkpt lon="5.593536" lat="45.303147"><ele>190.75</ele></trkpt>
   <trkpt lon="5.594267" lat="45.303154"><ele>190.25</ele></trkpt>
   <trkpt lon="5.594995" lat="45.303143"><ele>190.0</ele></trkpt>
   <trkpt lon="5.595928" lat="45.303140"><ele>190.25</ele></trkpt>
   <trkpt lon="5.596518" lat="45.303191"><ele>189.75</ele></trkpt>
   <trkpt lon="5.597126" lat="45.303256"><ele>190.0</ele></trkpt>
   <trkpt lon="5.597747" lat="45.303327"><ele>191.75</ele></trkpt>
   <trkpt lon="5.598041" lat="45.303335"><ele>192.75</ele></trkpt>
   <trkpt lon="5.598740" lat="45.303310"><ele>191.5</ele></trkpt>
   <trkpt lon="5.599084" lat="45.303280"><ele>190.75</ele></trkpt>
   <trkpt lon="5.599277" lat="45.303259"><ele>190.0</ele></trkpt>
   <trkpt lon="5.599596" lat="45.303200"><ele>188.5</ele></trkpt>
   <trkpt lon="5.599871" lat="45.303180"><ele>188.25</ele></trkpt>
   <trkpt lon="5.600267" lat="45.303159"><ele>187.75</ele></trkpt>
   <trkpt lon="5.600922" lat="45.303194"><ele>188.5</ele></trkpt>
   <trkpt lon="5.602497" lat="45.303114"><ele>192.75</ele></trkpt>
   <trkpt lon="5.603261" lat="45.303067"><ele>194.0</ele></trkpt>
   <trkpt lon="5.604031" lat="45.302990"><ele>189.5</ele></trkpt>
   <trkpt lon="5.604835" lat="45.302874"><ele>191.0</ele></trkpt>
   <trkpt lon="5.605648" lat="45.302769"><ele>193.25</ele></trkpt>
   <trkpt lon="5.606205" lat="45.302673"><ele>190.25</ele></trkpt>
   <trkpt lon="5.606841" lat="45.302493"><ele>192.5</ele></trkpt>
   <trkpt lon="5.609994" lat="45.301266"><ele>190.25</ele></trkpt>
   <trkpt lon="5.612009" lat="45.300434"><ele>191.75</ele></trkpt>
   <trkpt lon="5.612477" lat="45.300228"><ele>191.5</ele></trkpt>
   <trkpt lon="5.612940" lat="45.300015"><ele>192.25</ele></trkpt>
   <trkpt lon="5.613354" lat="45.299794"><ele>191.75</ele></trkpt>
   <trkpt lon="5.613779" lat="45.299540"><ele>191.5</ele></trkpt>
   <trkpt lon="5.614529" lat="45.298870"><ele>191.5</ele></trkpt>
   <trkpt lon="5.615170" lat="45.298237"><ele>191.0</ele></trkpt>
   <trkpt lon="5.615618" lat="45.297815"><ele>192.0</ele></trkpt>
   <trkpt lon="5.616028" lat="45.297397"><ele>192.0</ele></trkpt>
   <trkpt lon="5.616561" lat="45.296754"><ele>193.0</ele></trkpt>
   <trkpt lon="5.616809" lat="45.296489"><ele>193.0</ele></trkpt>
   <trkpt lon="5.617057" lat="45.296178"><ele>193.25</ele></trkpt>
   <trkpt lon="5.617147" lat="45.295974"><ele>193.75</ele></trkpt>
   <trkpt lon="5.617536" lat="45.293984"><ele>194.25</ele></trkpt>
   <trkpt lon="5.617569" lat="45.293863"><ele>193.25</ele></trkpt>
   <trkpt lon="5.617756" lat="45.293130"><ele>193.75</ele></trkpt>
   <trkpt lon="5.618087" lat="45.292209"><ele>195.25</ele></trkpt>
   <trkpt lon="5.618296" lat="45.291260"><ele>195.75</ele></trkpt>
   <trkpt lon="5.618470" lat="45.290265"><ele>195.75</ele></trkpt>
   <trkpt lon="5.618793" lat="45.288927"><ele>195.75</ele></trkpt>
   <trkpt lon="5.619028" lat="45.287911"><ele>197.0</ele></trkpt>
   <trkpt lon="5.619271" lat="45.286795"><ele>194.75</ele></trkpt>
   <trkpt lon="5.619371" lat="45.286371"><ele>195.25</ele></trkpt>
   <trkpt lon="5.619514" lat="45.286030"><ele>195.75</ele></trkpt>
   <trkpt lon="5.619601" lat="45.285697"><ele>193.75</ele></trkpt>
   <trkpt lon="5.619844" lat="45.284553"><ele>194.25</ele></trkpt>
   <trkpt lon="5.619904" lat="45.284166"><ele>192.5</ele></trkpt>
   <trkpt lon="5.620110" lat="45.283135"><ele>193.5</ele></trkpt>
   <trkpt lon="5.620254" lat="45.282358"><ele>195.5</ele></trkpt>
   <trkpt lon="5.620356" lat="45.281962"><ele>195.0</ele></trkpt>
   <trkpt lon="5.620540" lat="45.281106"><ele>196.5</ele></trkpt>
   <trkpt lon="5.620586" lat="45.280769"><ele>195.75</ele></trkpt>
   <trkpt lon="5.620609" lat="45.280439"><ele>195.5</ele></trkpt>
   <trkpt lon="5.620652" lat="45.279428"><ele>194.5</ele></trkpt>
   <trkpt lon="5.620680" lat="45.278533"><ele>194.0</ele></trkpt>
   <trkpt lon="5.620711" lat="45.278290"><ele>194.5</ele></trkpt>
   <trkpt lon="5.620778" lat="45.277916"><ele>195.5</ele></trkpt>
   <trkpt lon="5.620953" lat="45.277267"><ele>196.0</ele></trkpt>
   <trkpt lon="5.621103" lat="45.276571"><ele>197.75</ele></trkpt>
   <trkpt lon="5.621187" lat="45.276299"><ele>197.75</ele></trkpt>
   <trkpt lon="5.621336" lat="45.275956"><ele>197.5</ele></trkpt>
   <trkpt lon="5.621399" lat="45.275760"><ele>197.75</ele></trkpt>
   <trkpt lon="5.621417" lat="45.275530"><ele>197.5</ele></trkpt>
   <trkpt lon="5.621395" lat="45.275200"><ele>197.75</ele></trkpt>
   <trkpt lon="5.621327" lat="45.274791"><ele>196.75</ele></trkpt>
   <trkpt lon="5.621331" lat="45.274649"><ele>196.5</ele></trkpt>
   <trkpt lon="5.621449" lat="45.274096"><ele>196.0</ele></trkpt>
   <trkpt lon="5.621548" lat="45.273531"><ele>196.0</ele></trkpt>
   <trkpt lon="5.621820" lat="45.272919"><ele>196.5</ele></trkpt>
   <trkpt lon="5.621939" lat="45.272726"><ele>197.0</ele></trkpt>
   <trkpt lon="5.622072" lat="45.272485"><ele>197.0</ele></trkpt>
   <trkpt lon="5.622177" lat="45.272006"><ele>197.5</ele></trkpt>
   <trkpt lon="5.622258" lat="45.271775"><ele>196.5</ele></trkpt>
   <trkpt lon="5.622335" lat="45.271613"><ele>196.0</ele></trkpt>
   <trkpt lon="5.622463" lat="45.271423"><ele>195.75</ele></trkpt>
   <trkpt lon="5.622560" lat="45.271267"><ele>195.75</ele></trkpt>
   <trkpt lon="5.622650" lat="45.271179"><ele>196.5</ele></trkpt>
   <trkpt lon="5.622747" lat="45.271114"><ele>197.5</ele></trkpt>
   <trkpt lon="5.622783" lat="45.271079"><ele>197.75</ele></trkpt>
   <trkpt lon="5.622899" lat="45.270861"><ele>197.25</ele></trkpt>
   <trkpt lon="5.623367" lat="45.269991"><ele>197.75</ele></trkpt>
   <trkpt lon="5.623574" lat="45.269643"><ele>197.0</ele></trkpt>
   <trkpt lon="5.623879" lat="45.269183"><ele>197.75</ele></trkpt>
   <trkpt lon="5.624304" lat="45.268689"><ele>196.0</ele></trkpt>
   <trkpt lon="5.624767" lat="45.268202"><ele>196.25</ele></trkpt>
   <trkpt lon="5.625653" lat="45.267231"><ele>197.25</ele></trkpt>
   <trkpt lon="5.626717" lat="45.266302"><ele>197.5</ele></trkpt>
   <trkpt lon="5.626844" lat="45.266182"><ele>197.5</ele></trkpt>
   <trkpt lon="5.627743" lat="45.265052"><ele>197.75</ele></trkpt>
   <trkpt lon="5.629607" lat="45.263511"><ele>198.0</ele></trkpt>
   <trkpt lon="5.633343" lat="45.260474"><ele>199.25</ele></trkpt>
   <trkpt lon="5.637804" lat="45.256906"><ele>200.5</ele></trkpt>
   <trkpt lon="5.638116" lat="45.256673"><ele>200.25</ele></trkpt>
   <trkpt lon="5.638587" lat="45.256355"><ele>200.0</ele></trkpt>
   <trkpt lon="5.639231" lat="45.256085"><ele>200.0</ele></trkpt>
   <trkpt lon="5.640893" lat="45.255406"><ele>200.0</ele></trkpt>
   <trkpt lon="5.641477" lat="45.255136"><ele>200.25</ele></trkpt>
   <trkpt lon="5.642266" lat="45.254643"><ele>200.25</ele></trkpt>
   <trkpt lon="5.643113" lat="45.254150"><ele>200.5</ele></trkpt>
   <trkpt lon="5.643855" lat="45.253612"><ele>200.5</ele></trkpt>
   <trkpt lon="5.645553" lat="45.252296"><ele>198.75</ele></trkpt>
   <trkpt lon="5.646776" lat="45.251410"><ele>200.5</ele></trkpt>
   <trkpt lon="5.647264" lat="45.250975"><ele>199.75</ele></trkpt>
   <trkpt lon="5.647818" lat="45.250570"><ele>201.0</ele></trkpt>
   <trkpt lon="5.648490" lat="45.250098"><ele>200.5</ele></trkpt>
   <trkpt lon="5.649191" lat="45.249555"><ele>200.75</ele></trkpt>
   <trkpt lon="5.651199" lat="45.248074"><ele>201.5</ele></trkpt>
   <trkpt lon="5.651841" lat="45.247572"><ele>200.75</ele></trkpt>
   <trkpt lon="5.652209" lat="45.247249"><ele>201.75</ele></trkpt>
   <trkpt lon="5.652685" lat="45.246688"><ele>202.0</ele></trkpt>
   <trkpt lon="5.654603" lat="45.244075"><ele>201.75</ele></trkpt>
   <trkpt lon="5.656681" lat="45.241190"><ele>201.75</ele></trkpt>
   <trkpt lon="5.657190" lat="45.240474"><ele>201.25</ele></trkpt>
   <trkpt lon="5.657623" lat="45.239884"><ele>200.75</ele></trkpt>
   <trkpt lon="5.657873" lat="45.239590"><ele>201.5</ele></trkpt>
   <trkpt lon="5.658009" lat="45.239380"><ele>201.5</ele></trkpt>
   <trkpt lon="5.658269" lat="45.239095"><ele>203.0</ele></trkpt>
   <trkpt lon="5.658382" lat="45.239056"><ele>204.0</ele></trkpt>
   <trkpt lon="5.658680" lat="45.238997"><ele>204.75</ele></trkpt>
   <trkpt lon="5.658733" lat="45.238999"><ele>204.75</ele></trkpt>
   <trkpt lon="5.659256" lat="45.239185"><ele>203.75</ele></trkpt>
   <trkpt lon="5.659316" lat="45.239186"><ele>203.75</ele></trkpt>
   <trkpt lon="5.659496" lat="45.239146"><ele>203.75</ele></trkpt>
   <trkpt lon="5.659535" lat="45.239127"><ele>203.75</ele></trkpt>
   <trkpt lon="5.659802" lat="45.238742"><ele>203.75</ele></trkpt>
   <trkpt lon="5.659885" lat="45.238613"><ele>203.75</ele></trkpt>
   <trkpt lon="5.659886" lat="45.238594"><ele>203.75</ele></trkpt>
   <trkpt lon="5.659700" lat="45.237907"><ele>205.0</ele></trkpt>
   <trkpt lon="5.659568" lat="45.237473"><ele>205.5</ele></trkpt>
   <trkpt lon="5.659554" lat="45.237422"><ele>205.25</ele></trkpt>
   <trkpt lon="5.659551" lat="45.237355"><ele>205.25</ele></trkpt>
   <trkpt lon="5.659572" lat="45.237297"><ele>205.25</ele></trkpt>
   <trkpt lon="5.659657" lat="45.237145"><ele>206.0</ele></trkpt>
   <trkpt lon="5.659814" lat="45.236916"><ele>206.25</ele></trkpt>
   <trkpt lon="5.659869" lat="45.236947"><ele>206.5</ele></trkpt>
   <trkpt lon="5.659924" lat="45.236963"><ele>206.5</ele></trkpt>
   <trkpt lon="5.659960" lat="45.236973"><ele>206.5</ele></trkpt>
   <trkpt lon="5.660273" lat="45.237006"><ele>206.25</ele></trkpt>
   <trkpt lon="5.660347" lat="45.237009"><ele>206.0</ele></trkpt>
   <trkpt lon="5.660403" lat="45.237001"><ele>206.0</ele></trkpt>
   <trkpt lon="5.660442" lat="45.236981"><ele>206.0</ele></trkpt>
   <trkpt lon="5.660472" lat="45.236954"><ele>206.25</ele></trkpt>
   <trkpt lon="5.660493" lat="45.236894"><ele>206.0</ele></trkpt>
   <trkpt lon="5.660476" lat="45.236727"><ele>205.5</ele></trkpt>
   <trkpt lon="5.660484" lat="45.236644"><ele>205.5</ele></trkpt>
   <trkpt lon="5.660483" lat="45.236633"><ele>205.5</ele></trkpt>
   <trkpt lon="5.660458" lat="45.236394"><ele>206.25</ele></trkpt>
   <trkpt lon="5.660481" lat="45.236324"><ele>206.25</ele></trkpt>
   <trkpt lon="5.660483" lat="45.236272"><ele>206.5</ele></trkpt>
   <trkpt lon="5.660534" lat="45.236098"><ele>206.75</ele></trkpt>
   <trkpt lon="5.660574" lat="45.235907"><ele>206.0</ele></trkpt>
   <trkpt lon="5.661853" lat="45.234235"><ele>205.0</ele></trkpt>
   <trkpt lon="5.662755" lat="45.232886"><ele>205.75</ele></trkpt>
   <trkpt lon="5.663769" lat="45.231661"><ele>205.75</ele></trkpt>
   <trkpt lon="5.664368" lat="45.230856"><ele>205.5</ele></trkpt>
   <trkpt lon="5.668690" lat="45.224766"><ele>205.75</ele></trkpt>
   <trkpt lon="5.668842" lat="45.224548"><ele>205.75</ele></trkpt>
   <trkpt lon="5.669039" lat="45.224297"><ele>206.0</ele></trkpt>
   <trkpt lon="5.669103" lat="45.224226"><ele>206.25</ele></trkpt>
   <trkpt lon="5.669313" lat="45.223918"><ele>206.0</ele></trkpt>
   <trkpt lon="5.669697" lat="45.223385"><ele>206.25</ele></trkpt>
   <trkpt lon="5.670577" lat="45.222224"><ele>206.5</ele></trkpt>
   <trkpt lon="5.671105" lat="45.221486"><ele>206.5</ele></trkpt>
   <trkpt lon="5.671642" lat="45.220715"><ele>206.25</ele></trkpt>
   <trkpt lon="5.672652" lat="45.219355"><ele>205.5</ele></trkpt>
   <trkpt lon="5.673325" lat="45.218539"><ele>206.5</ele></trkpt>
   <trkpt lon="5.673396" lat="45.218452"><ele>206.25</ele></trkpt>
   <trkpt lon="5.674208" lat="45.217701"><ele>207.5</ele></trkpt>
   <trkpt lon="5.674777" lat="45.217316"><ele>207.25</ele></trkpt>
   <trkpt lon="5.675143" lat="45.217057"><ele>206.25</ele></trkpt>
   <trkpt lon="5.676519" lat="45.216259"><ele>206.5</ele></trkpt>
   <trkpt lon="5.677999" lat="45.215565"><ele>206.5</ele></trkpt>
   <trkpt lon="5.679177" lat="45.214952"><ele>206.5</ele></trkpt>
   <trkpt lon="5.682063" lat="45.213423"><ele>206.75</ele></trkpt>
   <trkpt lon="5.682838" lat="45.213004"><ele>207.75</ele></trkpt>
   <trkpt lon="5.683873" lat="45.212509"><ele>208.5</ele></trkpt>
   <trkpt lon="5.684204" lat="45.212370"><ele>207.25</ele></trkpt>
   <trkpt lon="5.684419" lat="45.212278"><ele>207.0</ele></trkpt>
   <trkpt lon="5.684755" lat="45.212184"><ele>205.75</ele></trkpt>
   <trkpt lon="5.685005" lat="45.212140"><ele>206.0</ele></trkpt>
   <trkpt lon="5.686287" lat="45.211911"><ele>208.0</ele></trkpt>
   <trkpt lon="5.686795" lat="45.211802"><ele>206.25</ele></trkpt>
   <trkpt lon="5.687575" lat="45.211608"><ele>208.0</ele></trkpt>
   <trkpt lon="5.688051" lat="45.211543"><ele>206.0</ele></trkpt>
   <trkpt lon="5.688768" lat="45.211342"><ele>208.25</ele></trkpt>
   <trkpt lon="5.690961" lat="45.211072"><ele>207.5</ele></trkpt>
   <trkpt lon="5.694523" lat="45.210591"><ele>208.0</ele></trkpt>
   <trkpt lon="5.695135" lat="45.210481"><ele>207.75</ele></trkpt>
   <trkpt lon="5.695721" lat="45.210332"><ele>208.0</ele></trkpt>
   <trkpt lon="5.696577" lat="45.210088"><ele>208.0</ele></trkpt>
   <trkpt lon="5.697299" lat="45.209883"><ele>207.75</ele></trkpt>
   <trkpt lon="5.698352" lat="45.209564"><ele>209.5</ele></trkpt>
   <trkpt lon="5.699281" lat="45.209242"><ele>209.25</ele></trkpt>
   <trkpt lon="5.700206" lat="45.208887"><ele>209.5</ele></trkpt>
   <trkpt lon="5.700679" lat="45.208696"><ele>209.0</ele></trkpt>
   <trkpt lon="5.701385" lat="45.208359"><ele>208.25</ele></trkpt>
   <trkpt lon="5.701608" lat="45.208215"><ele>208.0</ele></trkpt>
   <trkpt lon="5.701919" lat="45.208013"><ele>206.75</ele></trkpt>
   <trkpt lon="5.702144" lat="45.207905"><ele>207.75</ele></trkpt>
   <trkpt lon="5.702307" lat="45.207852"><ele>207.25</ele></trkpt>
   <trkpt lon="5.702776" lat="45.207762"><ele>207.75</ele></trkpt>
   <trkpt lon="5.702926" lat="45.207719"><ele>208.25</ele></trkpt>
   <trkpt lon="5.703351" lat="45.207557"><ele>209.0</ele></trkpt>
   <trkpt lon="5.703595" lat="45.207569"><ele>211.75</ele></trkpt>
   <trkpt lon="5.705340" lat="45.206858"><ele>211.25</ele></trkpt>
   <trkpt lon="5.706285" lat="45.206461"><ele>211.25</ele></trkpt>
   <trkpt lon="5.706997" lat="45.206176"><ele>209.5</ele></trkpt>
   <trkpt lon="5.707090" lat="45.206127"><ele>208.5</ele></trkpt>
   <trkpt lon="5.707361" lat="45.206051"><ele>209.5</ele></trkpt>
   <trkpt lon="5.707697" lat="45.205971"><ele>210.0</ele></trkpt>
   <trkpt lon="5.707964" lat="45.205844"><ele>209.5</ele></trkpt>
   <trkpt lon="5.708084" lat="45.205792"><ele>210.5</ele></trkpt>
   <trkpt lon="5.708390" lat="45.205682"><ele>210.75</ele></trkpt>
   <trkpt lon="5.709627" lat="45.205359"><ele>209.0</ele></trkpt>
   <trkpt lon="5.710005" lat="45.205252"><ele>210.5</ele></trkpt>
   <trkpt lon="5.710392" lat="45.205127"><ele>209.25</ele></trkpt>
   <trkpt lon="5.710766" lat="45.204979"><ele>209.5</ele></trkpt>
   <trkpt lon="5.711136" lat="45.204795"><ele>208.0</ele></trkpt>
   <trkpt lon="5.711474" lat="45.204586"><ele>209.25</ele></trkpt>
   <trkpt lon="5.711786" lat="45.204376"><ele>208.75</ele></trkpt>
   <trkpt lon="5.713902" lat="45.202797"><ele>208.25</ele></trkpt>
   <trkpt lon="5.714542" lat="45.202290"><ele>208.75</ele></trkpt>
   <trkpt lon="5.714781" lat="45.202077"><ele>208.75</ele></trkpt>
   <trkpt lon="5.715201" lat="45.201690"><ele>208.5</ele></trkpt>
   <trkpt lon="5.715598" lat="45.201281"><ele>208.5</ele></trkpt>
   <trkpt lon="5.715937" lat="45.200804"><ele>209.0</ele></trkpt>
   <trkpt lon="5.716138" lat="45.200386"><ele>208.75</ele></trkpt>
   <trkpt lon="5.716197" lat="45.200068"><ele>208.75</ele></trkpt>
   <trkpt lon="5.716181" lat="45.199847"><ele>208.75</ele></trkpt>
   <trkpt lon="5.716102" lat="45.199426"><ele>208.75</ele></trkpt>
   <trkpt lon="5.716040" lat="45.199160"><ele>208.5</ele></trkpt>
   <trkpt lon="5.715937" lat="45.198561"><ele>208.0</ele></trkpt>
   <trkpt lon="5.715730" lat="45.197615"><ele>208.5</ele></trkpt>
   <trkpt lon="5.715677" lat="45.197175"><ele>208.25</ele></trkpt>
   <trkpt lon="5.715651" lat="45.196788"><ele>208.0</ele></trkpt>
   <trkpt lon="5.715675" lat="45.196403"><ele>208.25</ele></trkpt>
   <trkpt lon="5.715852" lat="45.195606"><ele>208.25</ele></trkpt>
   <trkpt lon="5.715935" lat="45.195338"><ele>208.5</ele></trkpt>
   <trkpt lon="5.716059" lat="45.195069"><ele>208.5</ele></trkpt>
   <trkpt lon="5.716354" lat="45.194649"><ele>208.25</ele></trkpt>
   <trkpt lon="5.716665" lat="45.194348"><ele>208.25</ele></trkpt>
   <trkpt lon="5.716972" lat="45.194119"><ele>208.75</ele></trkpt>
   <trkpt lon="5.717245" lat="45.193946"><ele>208.5</ele></trkpt>
   <trkpt lon="5.718014" lat="45.193580"><ele>208.5</ele></trkpt>
   <trkpt lon="5.718220" lat="45.193485"><ele>208.5</ele></trkpt>
   <trkpt lon="5.718714" lat="45.193311"><ele>208.5</ele></trkpt>
   <trkpt lon="5.719049" lat="45.193252"><ele>209.0</ele></trkpt>
   <trkpt lon="5.719400" lat="45.193217"><ele>209.5</ele></trkpt>
   <trkpt lon="5.720800" lat="45.193252"><ele>211.75</ele></trkpt>
   <trkpt lon="5.720987" lat="45.193254"><ele>212.0</ele></trkpt>
   <trkpt lon="5.721117" lat="45.193264"><ele>212.25</ele></trkpt>
   <trkpt lon="5.721207" lat="45.193339"><ele>214.0</ele></trkpt>
   <trkpt lon="5.721205" lat="45.193390"><ele>214.5</ele></trkpt>
   <trkpt lon="5.721622" lat="45.193407"><ele>214.75</ele></trkpt>
   <trkpt lon="5.722369" lat="45.193440"><ele>213.75</ele></trkpt>
   <trkpt lon="5.722931" lat="45.193486"><ele>212.5</ele></trkpt>
   <trkpt lon="5.723804" lat="45.193535"><ele>212.75</ele></trkpt>
   <trkpt lon="5.723904" lat="45.193543"><ele>212.75</ele></trkpt>
   <trkpt lon="5.723975" lat="45.193550"><ele>212.75</ele></trkpt>
   <trkpt lon="5.724045" lat="45.193560"><ele>213.0</ele></trkpt>
   <trkpt lon="5.724336" lat="45.193617"><ele>211.0</ele></trkpt>
   <trkpt lon="5.724941" lat="45.193761"><ele>210.25</ele></trkpt>
   <trkpt lon="5.724992" lat="45.193771"><ele>209.75</ele></trkpt>
   <trkpt lon="5.725138" lat="45.193802"><ele>210.0</ele></trkpt>
   <trkpt lon="5.725289" lat="45.193819"><ele>209.75</ele></trkpt>
   <trkpt lon="5.725940" lat="45.193959"><ele>210.0</ele></trkpt>
   <trkpt lon="5.726208" lat="45.193973"><ele>209.25</ele></trkpt>
   <trkpt lon="5.726334" lat="45.193999"><ele>208.75</ele></trkpt>
   <trkpt lon="5.726472" lat="45.194028"><ele>209.0</ele></trkpt>
   <trkpt lon="5.726642" lat="45.194108"><ele>210.25</ele></trkpt>
   <trkpt lon="5.726939" lat="45.194160"><ele>209.75</ele></trkpt>
   <trkpt lon="5.727492" lat="45.194276"><ele>209.75</ele></trkpt>
   <trkpt lon="5.727601" lat="45.194298"><ele>210.0</ele></trkpt>
   <trkpt lon="5.727724" lat="45.194322"><ele>210.25</ele></trkpt>
   <trkpt lon="5.728132" lat="45.194441"><ele>211.25</ele></trkpt>
   <trkpt lon="5.728513" lat="45.194570"><ele>210.5</ele></trkpt>
   <trkpt lon="5.728795" lat="45.194702"><ele>210.75</ele></trkpt>
   <trkpt lon="5.728849" lat="45.194735"><ele>210.5</ele></trkpt>
   <trkpt lon="5.729036" lat="45.194845"><ele>210.75</ele></trkpt>
   <trkpt lon="5.729073" lat="45.194886"><ele>211.5</ele></trkpt>
   <trkpt lon="5.729825" lat="45.195356"><ele>212.5</ele></trkpt>
   <trkpt lon="5.729930" lat="45.195423"><ele>211.75</ele></trkpt>
   <trkpt lon="5.730027" lat="45.195484"><ele>212.0</ele></trkpt>
   <trkpt lon="5.730914" lat="45.196034"><ele>211.0</ele></trkpt>
   <trkpt lon="5.731229" lat="45.196242"><ele>211.25</ele></trkpt>
   <trkpt lon="5.731287" lat="45.196281"><ele>211.25</ele></trkpt>
   <trkpt lon="5.731335" lat="45.196320"><ele>211.75</ele></trkpt>
   <trkpt lon="5.731666" lat="45.196593"><ele>211.5</ele></trkpt>
   <trkpt lon="5.731860" lat="45.196783"><ele>211.25</ele></trkpt>
   <trkpt lon="5.732136" lat="45.197095"><ele>210.5</ele></trkpt>
   <trkpt lon="5.732237" lat="45.197226"><ele>211.75</ele></trkpt>
   <trkpt lon="5.732334" lat="45.197371"><ele>211.5</ele></trkpt>
   <trkpt lon="5.732408" lat="45.197478"><ele>212.0</ele></trkpt>
   <trkpt lon="5.732455" lat="45.197562"><ele>212.25</ele></trkpt>
   <trkpt lon="5.732563" lat="45.197741"><ele>211.75</ele></trkpt>
   <trkpt lon="5.732589" lat="45.197787"><ele>211.5</ele></trkpt>
   <trkpt lon="5.732643" lat="45.197915"><ele>211.25</ele></trkpt>
   <trkpt lon="5.732676" lat="45.198064"><ele>211.75</ele></trkpt>
   <trkpt lon="5.732866" lat="45.198726"><ele>212.75</ele></trkpt>
   <trkpt lon="5.732904" lat="45.198866"><ele>212.75</ele></trkpt>
   <trkpt lon="5.732995" lat="45.199077"><ele>213.5</ele></trkpt>
   <trkpt lon="5.733197" lat="45.199548"><ele>212.5</ele></trkpt>
   <trkpt lon="5.733858" lat="45.200926"><ele>211.5</ele></trkpt>
   <trkpt lon="5.733810" lat="45.200966"><ele>212.25</ele></trkpt>
   <trkpt lon="5.733770" lat="45.201025"><ele>212.75</ele></trkpt>
   <trkpt lon="5.733794" lat="45.201105"><ele>213.0</ele></trkpt>
   <trkpt lon="5.733950" lat="45.201485"><ele>213.5</ele></trkpt>
   <trkpt lon="5.734079" lat="45.201782"><ele>214.25</ele></trkpt>
   <trkpt lon="5.734126" lat="45.201869"><ele>214.0</ele></trkpt>
   <trkpt lon="5.734167" lat="45.201925"><ele>213.75</ele></trkpt>
   <trkpt lon="5.734209" lat="45.201971"><ele>214.0</ele></trkpt>
   <trkpt lon="5.734262" lat="45.202018"><ele>214.25</ele></trkpt>
   <trkpt lon="5.734317" lat="45.202062"><ele>214.25</ele></trkpt>
   <trkpt lon="5.734384" lat="45.202116"><ele>214.25</ele></trkpt>
   <trkpt lon="5.734459" lat="45.202169"><ele>214.25</ele></trkpt>
   <trkpt lon="5.735013" lat="45.202517"><ele>215.0</ele></trkpt>
   <trkpt lon="5.735241" lat="45.202646"><ele>216.5</ele></trkpt>
   <trkpt lon="5.735371" lat="45.202748"><ele>217.25</ele></trkpt>
   <trkpt lon="5.735449" lat="45.202812"><ele>217.75</ele></trkpt>
   <trkpt lon="5.735524" lat="45.202871"><ele>218.25</ele></trkpt>
   <trkpt lon="5.735892" lat="45.203147"><ele>220.25</ele></trkpt>
   <trkpt lon="5.735934" lat="45.203176"><ele>220.5</ele></trkpt>
   <trkpt lon="5.736093" lat="45.203301"><ele>220.75</ele></trkpt>
   <trkpt lon="5.736399" lat="45.203522"><ele>220.75</ele></trkpt>
   <trkpt lon="5.736446" lat="45.203552"><ele>220.75</ele></trkpt>
   <trkpt lon="5.736513" lat="45.203595"><ele>220.75</ele></trkpt>
   <trkpt lon="5.736868" lat="45.203860"><ele>221.75</ele></trkpt>
   <trkpt lon="5.736895" lat="45.203878"><ele>221.75</ele></trkpt>
   <trkpt lon="5.736965" lat="45.203925"><ele>222.0</ele></trkpt>
   <trkpt lon="5.737265" lat="45.204152"><ele>222.5</ele></trkpt>
   <trkpt lon="5.737587" lat="45.204404"><ele>224.25</ele></trkpt>
   <trkpt lon="5.737638" lat="45.204443"><ele>224.75</ele></trkpt>
   <trkpt lon="5.737703" lat="45.204496"><ele>225.0</ele></trkpt>
   <trkpt lon="5.737780" lat="45.204560"><ele>225.0</ele></trkpt>
   <trkpt lon="5.737827" lat="45.204599"><ele>225.0</ele></trkpt>
   <trkpt lon="5.737899" lat="45.204658"><ele>225.25</ele></trkpt>
   <trkpt lon="5.737970" lat="45.204718"><ele>225.5</ele></trkpt>
   <trkpt lon="5.738225" lat="45.204928"><ele>227.5</ele></trkpt>
   <trkpt lon="5.738360" lat="45.205038"><ele>229.0</ele></trkpt>
   <trkpt lon="5.738471" lat="45.205133"><ele>229.25</ele></trkpt>
   <trkpt lon="5.738555" lat="45.205201"><ele>230.0</ele></trkpt>
   <trkpt lon="5.738591" lat="45.205231"><ele>230.25</ele></trkpt>
   <trkpt lon="5.738818" lat="45.205403"><ele>233.25</ele></trkpt>
   <trkpt lon="5.739012" lat="45.205489"><ele>234.0</ele></trkpt>
   <trkpt lon="5.739324" lat="45.205581"><ele>234.25</ele></trkpt>
   <trkpt lon="5.739504" lat="45.205633"><ele>234.75</ele></trkpt>
   <trkpt lon="5.740321" lat="45.205871"><ele>235.5</ele></trkpt>
   <trkpt lon="5.741109" lat="45.206104"><ele>236.75</ele></trkpt>
   <trkpt lon="5.741555" lat="45.206235"><ele>237.5</ele></trkpt>
   <trkpt lon="5.741777" lat="45.206300"><ele>238.0</ele></trkpt>
   <trkpt lon="5.741911" lat="45.206339"><ele>238.5</ele></trkpt>
   <trkpt lon="5.741994" lat="45.206363"><ele>238.75</ele></trkpt>
   <trkpt lon="5.742089" lat="45.206390"><ele>239.0</ele></trkpt>
   <trkpt lon="5.742294" lat="45.206450"><ele>239.5</ele></trkpt>
   <trkpt lon="5.742396" lat="45.206479"><ele>240.25</ele></trkpt>
   <trkpt lon="5.742441" lat="45.206493"><ele>240.5</ele></trkpt>
   <trkpt lon="5.742471" lat="45.206503"><ele>240.5</ele></trkpt>
   <trkpt lon="5.742626" lat="45.206551"><ele>240.75</ele></trkpt>
   <trkpt lon="5.742703" lat="45.206575"><ele>240.75</ele></trkpt>
   <trkpt lon="5.742793" lat="45.206604"><ele>240.75</ele></trkpt>
   <trkpt lon="5.742864" lat="45.206626"><ele>241.0</ele></trkpt>
   <trkpt lon="5.742921" lat="45.206642"><ele>241.25</ele></trkpt>
   <trkpt lon="5.743017" lat="45.206669"><ele>241.75</ele></trkpt>
   <trkpt lon="5.743308" lat="45.206763"><ele>242.5</ele></trkpt>
   <trkpt lon="5.743918" lat="45.206989"><ele>244.25</ele></trkpt>
   <trkpt lon="5.744042" lat="45.207035"><ele>244.75</ele></trkpt>
   <trkpt lon="5.744211" lat="45.207081"><ele>245.0</ele></trkpt>
   <trkpt lon="5.744388" lat="45.207099"><ele>245.75</ele></trkpt>
   <trkpt lon="5.744528" lat="45.207093"><ele>246.25</ele></trkpt>
   <trkpt lon="5.745051" lat="45.207055"><ele>246.75</ele></trkpt>
   <trkpt lon="5.745262" lat="45.207022"><ele>247.5</ele></trkpt>
   <trkpt lon="5.745349" lat="45.207009"><ele>247.5</ele></trkpt>
   <trkpt lon="5.745429" lat="45.206992"><ele>247.75</ele></trkpt>
   <trkpt lon="5.745492" lat="45.206979"><ele>247.75</ele></trkpt>
   <trkpt lon="5.745564" lat="45.206999"><ele>248.0</ele></trkpt>
   <trkpt lon="5.745645" lat="45.207022"><ele>248.0</ele></trkpt>
   <trkpt lon="5.745714" lat="45.207045"><ele>247.75</ele></trkpt>
   <trkpt lon="5.745872" lat="45.207097"><ele>248.0</ele></trkpt>
   <trkpt lon="5.745997" lat="45.207141"><ele>249.0</ele></trkpt>
   <trkpt lon="5.746521" lat="45.207329"><ele>251.0</ele></trkpt>
   <trkpt lon="5.746617" lat="45.207363"><ele>251.25</ele></trkpt>
   <trkpt lon="5.746684" lat="45.207386"><ele>251.5</ele></trkpt>
   <trkpt lon="5.747557" lat="45.207692"><ele>254.25</ele></trkpt>
   <trkpt lon="5.747657" lat="45.207735"><ele>254.5</ele></trkpt>
   <trkpt lon="5.747943" lat="45.207933"><ele>255.75</ele></trkpt>
   <trkpt lon="5.748792" lat="45.208570"><ele>259.5</ele></trkpt>
   <trkpt lon="5.749004" lat="45.208681"><ele>260.0</ele></trkpt>
   <trkpt lon="5.749075" lat="45.208720"><ele>260.5</ele></trkpt>
   <trkpt lon="5.749150" lat="45.208755"><ele>261.0</ele></trkpt>
   <trkpt lon="5.749179" lat="45.208769"><ele>261.0</ele></trkpt>
   <trkpt lon="5.749246" lat="45.208796"><ele>261.0</ele></trkpt>
   <trkpt lon="5.749319" lat="45.208827"><ele>261.0</ele></trkpt>
   <trkpt lon="5.749568" lat="45.208924"><ele>260.5</ele></trkpt>
   <trkpt lon="5.749718" lat="45.208969"><ele>260.0</ele></trkpt>
   <trkpt lon="5.749821" lat="45.208993"><ele>260.0</ele></trkpt>
   <trkpt lon="5.750042" lat="45.209071"><ele>260.0</ele></trkpt>
   <trkpt lon="5.750285" lat="45.209161"><ele>258.75</ele></trkpt>
   <trkpt lon="5.750424" lat="45.209206"><ele>258.5</ele></trkpt>
   <trkpt lon="5.750708" lat="45.209287"><ele>257.5</ele></trkpt>
   <trkpt lon="5.750910" lat="45.209355"><ele>256.5</ele></trkpt>
   <trkpt lon="5.751295" lat="45.209517"><ele>255.75</ele></trkpt>
   <trkpt lon="5.751724" lat="45.209723"><ele>254.75</ele></trkpt>
   <trkpt lon="5.752017" lat="45.209866"><ele>253.0</ele></trkpt>
   <trkpt lon="5.752162" lat="45.209936"><ele>252.25</ele></trkpt>
   <trkpt lon="5.752297" lat="45.209997"><ele>251.5</ele></trkpt>
   <trkpt lon="5.752490" lat="45.210082"><ele>251.5</ele></trkpt>
   <trkpt lon="5.752526" lat="45.210096"><ele>251.5</ele></trkpt>
   <trkpt lon="5.752611" lat="45.210134"><ele>251.0</ele></trkpt>
   <trkpt lon="5.752655" lat="45.210153"><ele>250.75</ele></trkpt>
   <trkpt lon="5.752701" lat="45.210174"><ele>250.5</ele></trkpt>
   <trkpt lon="5.752754" lat="45.210197"><ele>250.0</ele></trkpt>
   <trkpt lon="5.752843" lat="45.210236"><ele>249.5</ele></trkpt>
   <trkpt lon="5.753192" lat="45.210394"><ele>248.5</ele></trkpt>
   <trkpt lon="5.753405" lat="45.210506"><ele>246.5</ele></trkpt>
   <trkpt lon="5.753559" lat="45.210586"><ele>245.5</ele></trkpt>
   <trkpt lon="5.753715" lat="45.210660"><ele>245.75</ele></trkpt>
   <trkpt lon="5.753747" lat="45.210674"><ele>245.75</ele></trkpt>
   <trkpt lon="5.754027" lat="45.210798"><ele>244.0</ele></trkpt>
   <trkpt lon="5.754460" lat="45.211008"><ele>241.75</ele></trkpt>
   <trkpt lon="5.754551" lat="45.211053"><ele>241.25</ele></trkpt>
   <trkpt lon="5.754603" lat="45.211077"><ele>240.75</ele></trkpt>
   <trkpt lon="5.755639" lat="45.211574"><ele>236.75</ele></trkpt>
   <trkpt lon="5.755826" lat="45.211664"><ele>235.0</ele></trkpt>
   <trkpt lon="5.755946" lat="45.211720"><ele>234.75</ele></trkpt>
   <trkpt lon="5.756256" lat="45.211842"><ele>234.25</ele></trkpt>
   <trkpt lon="5.756340" lat="45.211868"><ele>234.0</ele></trkpt>
   <trkpt lon="5.756433" lat="45.211895"><ele>233.5</ele></trkpt>
   <trkpt lon="5.756510" lat="45.211916"><ele>233.25</ele></trkpt>
   <trkpt lon="5.756814" lat="45.211987"><ele>232.25</ele></trkpt>
   <trkpt lon="5.757049" lat="45.212046"><ele>231.75</ele></trkpt>
   <trkpt lon="5.757194" lat="45.212081"><ele>231.5</ele></trkpt>
   <trkpt lon="5.757408" lat="45.212130"><ele>230.75</ele></trkpt>
   <trkpt lon="5.757471" lat="45.212145"><ele>230.75</ele></trkpt>
   <trkpt lon="5.757559" lat="45.212165"><ele>230.5</ele></trkpt>
   <trkpt lon="5.757657" lat="45.212185"><ele>230.25</ele></trkpt>
   <trkpt lon="5.757742" lat="45.212203"><ele>230.0</ele></trkpt>
   <trkpt lon="5.757887" lat="45.212236"><ele>230.0</ele></trkpt>
   <trkpt lon="5.758061" lat="45.212282"><ele>230.25</ele></trkpt>
   <trkpt lon="5.758217" lat="45.212320"><ele>230.25</ele></trkpt>
   <trkpt lon="5.758967" lat="45.212499"><ele>229.5</ele></trkpt>
   <trkpt lon="5.759345" lat="45.212591"><ele>229.0</ele></trkpt>
   <trkpt lon="5.759385" lat="45.212600"><ele>228.75</ele></trkpt>
   <trkpt lon="5.759506" lat="45.212626"><ele>228.75</ele></trkpt>
   <trkpt lon="5.759538" lat="45.212633"><ele>228.75</ele></trkpt>
   <trkpt lon="5.759557" lat="45.212638"><ele>228.75</ele></trkpt>
   <trkpt lon="5.759758" lat="45.212680"><ele>228.75</ele></trkpt>
   <trkpt lon="5.759859" lat="45.212690"><ele>229.0</ele></trkpt>
   <trkpt lon="5.760061" lat="45.212718"><ele>229.5</ele></trkpt>
   <trkpt lon="5.760429" lat="45.212771"><ele>230.25</ele></trkpt>
   <trkpt lon="5.760483" lat="45.212778"><ele>230.25</ele></trkpt>
   <trkpt lon="5.760542" lat="45.212771"><ele>230.0</ele></trkpt>
   <trkpt lon="5.762149" lat="45.213067"><ele>229.25</ele></trkpt>
   <trkpt lon="5.762203" lat="45.213077"><ele>229.0</ele></trkpt>
   <trkpt lon="5.762667" lat="45.213161"><ele>229.0</ele></trkpt>
   <trkpt lon="5.762927" lat="45.213218"><ele>230.0</ele></trkpt>
   <trkpt lon="5.763091" lat="45.213259"><ele>230.75</ele></trkpt>
   <trkpt lon="5.763229" lat="45.213305"><ele>231.5</ele></trkpt>
   <trkpt lon="5.763608" lat="45.213453"><ele>232.75</ele></trkpt>
   <trkpt lon="5.764018" lat="45.213614"><ele>233.5</ele></trkpt>
   <trkpt lon="5.764219" lat="45.213692"><ele>233.5</ele></trkpt>
   <trkpt lon="5.764229" lat="45.213664"><ele>233.25</ele></trkpt>
   <trkpt lon="5.764240" lat="45.213632"><ele>232.75</ele></trkpt>
   <trkpt lon="5.764555" lat="45.212680"><ele>225.25</ele></trkpt>
   <trkpt lon="5.764600" lat="45.212544"><ele>225.0</ele></trkpt>
   <trkpt lon="5.764653" lat="45.212400"><ele>224.5</ele></trkpt>
   <trkpt lon="5.764893" lat="45.211748"><ele>224.0</ele></trkpt>
   <trkpt lon="5.764925" lat="45.211661"><ele>223.75</ele></trkpt>
   <trkpt lon="5.764305" lat="45.211374"><ele>222.75</ele></trkpt>
   <trkpt lon="5.763768" lat="45.211069"><ele>222.25</ele></trkpt>
   <trkpt lon="5.762647" lat="45.210424"><ele>220.75</ele></trkpt>
   <trkpt lon="5.762597" lat="45.210395"><ele>220.5</ele></trkpt>
   <trkpt lon="5.762299" lat="45.210222"><ele>220.0</ele></trkpt>
   <trkpt lon="5.762216" lat="45.210174"><ele>220.0</ele></trkpt>
   <trkpt lon="5.762102" lat="45.210122"><ele>220.0</ele></trkpt>
   <trkpt lon="5.761775" lat="45.209972"><ele>219.75</ele></trkpt>
   <trkpt lon="5.761464" lat="45.209841"><ele>219.75</ele></trkpt>
   <trkpt lon="5.761161" lat="45.209705"><ele>219.75</ele></trkpt>
   <trkpt lon="5.760536" lat="45.209439"><ele>220.0</ele></trkpt>
   <trkpt lon="5.760337" lat="45.209351"><ele>220.5</ele></trkpt>
   <trkpt lon="5.760300" lat="45.209335"><ele>220.5</ele></trkpt>
   <trkpt lon="5.759768" lat="45.209112"><ele>220.75</ele></trkpt>
   <trkpt lon="5.759612" lat="45.209047"><ele>221.0</ele></trkpt>
   <trkpt lon="5.759227" lat="45.208887"><ele>221.75</ele></trkpt>
   <trkpt lon="5.758989" lat="45.208785"><ele>221.75</ele></trkpt>
   <trkpt lon="5.758156" lat="45.208433"><ele>223.25</ele></trkpt>
   <trkpt lon="5.758097" lat="45.208420"><ele>223.5</ele></trkpt>
   <trkpt lon="5.758037" lat="45.208406"><ele>223.5</ele></trkpt>
   <trkpt lon="5.758014" lat="45.208399"><ele>223.5</ele></trkpt>
   <trkpt lon="5.757788" lat="45.208310"><ele>223.75</ele></trkpt>
   <trkpt lon="5.757632" lat="45.208237"><ele>224.0</ele></trkpt>
   <trkpt lon="5.757513" lat="45.208155"><ele>224.25</ele></trkpt>
   <trkpt lon="5.757447" lat="45.208129"><ele>224.25</ele></trkpt>
   <trkpt lon="5.757157" lat="45.208001"><ele>225.0</ele></trkpt>
   <trkpt lon="5.756825" lat="45.207856"><ele>225.5</ele></trkpt>
   <trkpt lon="5.756768" lat="45.207831"><ele>225.75</ele></trkpt>
   <trkpt lon="5.756737" lat="45.207817"><ele>225.75</ele></trkpt>
   <trkpt lon="5.756678" lat="45.207793"><ele>226.0</ele></trkpt>
   <trkpt lon="5.756438" lat="45.207699"><ele>226.5</ele></trkpt>
   <trkpt lon="5.756377" lat="45.207704"><ele>226.75</ele></trkpt>
   <trkpt lon="5.756063" lat="45.207573"><ele>227.25</ele></trkpt>
   <trkpt lon="5.756033" lat="45.207562"><ele>227.0</ele></trkpt>
   <trkpt lon="5.755927" lat="45.207522"><ele>227.0</ele></trkpt>
   <trkpt lon="5.755844" lat="45.207488"><ele>227.0</ele></trkpt>
   <trkpt lon="5.755769" lat="45.207454"><ele>227.5</ele></trkpt>
   <trkpt lon="5.755586" lat="45.207373"><ele>228.75</ele></trkpt>
   <trkpt lon="5.755532" lat="45.207322"><ele>228.75</ele></trkpt>
   <trkpt lon="5.755439" lat="45.207286"><ele>228.75</ele></trkpt>
   <trkpt lon="5.755347" lat="45.207245"><ele>228.75</ele></trkpt>
   <trkpt lon="5.755191" lat="45.207175"><ele>229.5</ele></trkpt>
   <trkpt lon="5.754863" lat="45.207037"><ele>230.0</ele></trkpt>
   <trkpt lon="5.754830" lat="45.207023"><ele>230.0</ele></trkpt>
   <trkpt lon="5.754666" lat="45.206953"><ele>230.25</ele></trkpt>
   <trkpt lon="5.754633" lat="45.206940"><ele>230.25</ele></trkpt>
   <trkpt lon="5.753856" lat="45.206610"><ele>232.0</ele></trkpt>
   <trkpt lon="5.753808" lat="45.206590"><ele>232.0</ele></trkpt>
   <trkpt lon="5.753634" lat="45.206516"><ele>232.75</ele></trkpt>
   <trkpt lon="5.753481" lat="45.206451"><ele>232.75</ele></trkpt>
   <trkpt lon="5.753245" lat="45.206363"><ele>233.25</ele></trkpt>
   <trkpt lon="5.753160" lat="45.206350"><ele>233.75</ele></trkpt>
   <trkpt lon="5.752924" lat="45.206278"><ele>234.25</ele></trkpt>
   <trkpt lon="5.752684" lat="45.206224"><ele>234.5</ele></trkpt>
   <trkpt lon="5.752535" lat="45.206199"><ele>235.0</ele></trkpt>
   <trkpt lon="5.752372" lat="45.206182"><ele>235.5</ele></trkpt>
   <trkpt lon="5.752272" lat="45.206172"><ele>235.75</ele></trkpt>
   <trkpt lon="5.752214" lat="45.206170"><ele>236.0</ele></trkpt>
   <trkpt lon="5.752100" lat="45.206165"><ele>236.0</ele></trkpt>
   <trkpt lon="5.751865" lat="45.206166"><ele>236.25</ele></trkpt>
   <trkpt lon="5.751693" lat="45.206179"><ele>236.75</ele></trkpt>
   <trkpt lon="5.750806" lat="45.206271"><ele>239.0</ele></trkpt>
   <trkpt lon="5.750706" lat="45.206259"><ele>239.25</ele></trkpt>
   <trkpt lon="5.750459" lat="45.206254"><ele>239.5</ele></trkpt>
   <trkpt lon="5.750211" lat="45.206219"><ele>239.75</ele></trkpt>
   <trkpt lon="5.749966" lat="45.206153"><ele>240.0</ele></trkpt>
   <trkpt lon="5.749715" lat="45.206061"><ele>239.5</ele></trkpt>
   <trkpt lon="5.749542" lat="45.205976"><ele>239.25</ele></trkpt>
   <trkpt lon="5.749425" lat="45.205921"><ele>239.25</ele></trkpt>
   <trkpt lon="5.748958" lat="45.205676"><ele>239.5</ele></trkpt>
   <trkpt lon="5.748942" lat="45.205668"><ele>239.75</ele></trkpt>
   <trkpt lon="5.748889" lat="45.205640"><ele>239.75</ele></trkpt>
   <trkpt lon="5.748828" lat="45.205609"><ele>240.0</ele></trkpt>
   <trkpt lon="5.748807" lat="45.205598"><ele>240.0</ele></trkpt>
   <trkpt lon="5.748766" lat="45.205577"><ele>240.0</ele></trkpt>
   <trkpt lon="5.748515" lat="45.205448"><ele>239.75</ele></trkpt>
   <trkpt lon="5.748423" lat="45.205406"><ele>239.75</ele></trkpt>
   <trkpt lon="5.748337" lat="45.205356"><ele>239.5</ele></trkpt>
   <trkpt lon="5.748183" lat="45.205283"><ele>239.0</ele></trkpt>
   <trkpt lon="5.747966" lat="45.205161"><ele>238.5</ele></trkpt>
   <trkpt lon="5.747887" lat="45.205120"><ele>238.25</ele></trkpt>
   <trkpt lon="5.747830" lat="45.205090"><ele>238.25</ele></trkpt>
   <trkpt lon="5.747539" lat="45.204933"><ele>237.5</ele></trkpt>
   <trkpt lon="5.747454" lat="45.204890"><ele>237.0</ele></trkpt>
   <trkpt lon="5.747363" lat="45.204843"><ele>236.75</ele></trkpt>
   <trkpt lon="5.747280" lat="45.204799"><ele>236.5</ele></trkpt>
   <trkpt lon="5.747187" lat="45.204751"><ele>236.0</ele></trkpt>
   <trkpt lon="5.747114" lat="45.204712"><ele>235.75</ele></trkpt>
   <trkpt lon="5.746839" lat="45.204559"><ele>235.0</ele></trkpt>
   <trkpt lon="5.746654" lat="45.204415"><ele>233.75</ele></trkpt>
   <trkpt lon="5.746187" lat="45.203940"><ele>231.25</ele></trkpt>
   <trkpt lon="5.746080" lat="45.203833"><ele>230.75</ele></trkpt>
   <trkpt lon="5.745866" lat="45.203619"><ele>230.0</ele></trkpt>
   <trkpt lon="5.745734" lat="45.203464"><ele>229.25</ele></trkpt>
   <trkpt lon="5.745656" lat="45.203387"><ele>229.0</ele></trkpt>
   <trkpt lon="5.745600" lat="45.203328"><ele>228.75</ele></trkpt>
   <trkpt lon="5.745504" lat="45.203234"><ele>228.25</ele></trkpt>
   <trkpt lon="5.745451" lat="45.203182"><ele>228.0</ele></trkpt>
   <trkpt lon="5.745378" lat="45.203108"><ele>227.5</ele></trkpt>
   <trkpt lon="5.745323" lat="45.203053"><ele>227.0</ele></trkpt>
   <trkpt lon="5.745206" lat="45.202993"><ele>226.75</ele></trkpt>
   <trkpt lon="5.745094" lat="45.202914"><ele>226.25</ele></trkpt>
   <trkpt lon="5.744964" lat="45.202838"><ele>226.0</ele></trkpt>
   <trkpt lon="5.744877" lat="45.202795"><ele>225.5</ele></trkpt>
   <trkpt lon="5.744753" lat="45.202736"><ele>224.75</ele></trkpt>
   <trkpt lon="5.744427" lat="45.202630"><ele>223.75</ele></trkpt>
   <trkpt lon="5.744200" lat="45.202528"><ele>223.0</ele></trkpt>
   <trkpt lon="5.744036" lat="45.202477"><ele>222.75</ele></trkpt>
   <trkpt lon="5.743716" lat="45.202341"><ele>222.0</ele></trkpt>
   <trkpt lon="5.743316" lat="45.202169"><ele>220.75</ele></trkpt>
   <trkpt lon="5.742939" lat="45.201995"><ele>220.0</ele></trkpt>
   <trkpt lon="5.742762" lat="45.201895"><ele>219.25</ele></trkpt>
   <trkpt lon="5.742672" lat="45.201830"><ele>218.5</ele></trkpt>
   <trkpt lon="5.742587" lat="45.201754"><ele>218.25</ele></trkpt>
   <trkpt lon="5.742286" lat="45.201486"><ele>217.75</ele></trkpt>
   <trkpt lon="5.742222" lat="45.201452"><ele>218.0</ele></trkpt>
   <trkpt lon="5.742177" lat="45.201414"><ele>218.0</ele></trkpt>
   <trkpt lon="5.742055" lat="45.201324"><ele>217.5</ele></trkpt>
   <trkpt lon="5.741987" lat="45.201276"><ele>217.5</ele></trkpt>
   <trkpt lon="5.741939" lat="45.201238"><ele>217.25</ele></trkpt>
   <trkpt lon="5.741918" lat="45.201223"><ele>217.0</ele></trkpt>
   <trkpt lon="5.741815" lat="45.201152"><ele>215.25</ele></trkpt>
   <trkpt lon="5.741744" lat="45.201112"><ele>214.0</ele></trkpt>
   <trkpt lon="5.741699" lat="45.201082"><ele>213.0</ele></trkpt>
   <trkpt lon="5.741665" lat="45.201054"><ele>212.25</ele></trkpt>
   <trkpt lon="5.740753" lat="45.200374"></trkpt>
   <trkpt lon="5.740611" lat="45.200268"><ele>213.5</ele></trkpt>
   <trkpt lon="5.740597" lat="45.200256"><ele>213.75</ele></trkpt>
   <trkpt lon="5.740535" lat="45.200208"><ele>214.75</ele></trkpt>
   <trkpt lon="5.740436" lat="45.200126"><ele>215.75</ele></trkpt>
   <trkpt lon="5.740166" lat="45.199924"><ele>216.0</ele></trkpt>
   <trkpt lon="5.739674" lat="45.199545"><ele>214.75</ele></trkpt>
   <trkpt lon="5.739518" lat="45.199426"><ele>214.0</ele></trkpt>
   <trkpt lon="5.739066" lat="45.199076"><ele>213.0</ele></trkpt>
   <trkpt lon="5.739034" lat="45.199053"><ele>213.0</ele></trkpt>
   <trkpt lon="5.738722" lat="45.198829"><ele>213.0</ele></trkpt>
   <trkpt lon="5.738684" lat="45.198801"><ele>213.0</ele></trkpt>
   <trkpt lon="5.738666" lat="45.198788"><ele>213.0</ele></trkpt>
   <trkpt lon="5.738631" lat="45.198763"><ele>213.0</ele></trkpt>
   <trkpt lon="5.738513" lat="45.198678"><ele>212.5</ele></trkpt>
   <trkpt lon="5.738320" lat="45.198527"><ele>212.0</ele></trkpt>
   <trkpt lon="5.738216" lat="45.198449"><ele>212.0</ele></trkpt>
   <trkpt lon="5.738207" lat="45.198439"><ele>212.0</ele></trkpt>
   <trkpt lon="5.737057" lat="45.197549"><ele>212.0</ele></trkpt>
   <trkpt lon="5.736985" lat="45.197521"><ele>212.0</ele></trkpt>
   <trkpt lon="5.736919" lat="45.197502"><ele>212.0</ele></trkpt>
   <trkpt lon="5.736879" lat="45.197495"><ele>212.0</ele></trkpt>
   <trkpt lon="5.736802" lat="45.197510"><ele>212.0</ele></trkpt>
   <trkpt lon="5.736714" lat="45.197513"><ele>212.0</ele></trkpt>
   <trkpt lon="5.736621" lat="45.197496"><ele>212.0</ele></trkpt>
   <trkpt lon="5.736531" lat="45.197460"><ele>212.0</ele></trkpt>
   <trkpt lon="5.736458" lat="45.197408"><ele>212.0</ele></trkpt>
   <trkpt lon="5.736423" lat="45.197365"><ele>212.0</ele></trkpt>
   <trkpt lon="5.736400" lat="45.197317"><ele>212.0</ele></trkpt>
   <trkpt lon="5.736391" lat="45.197268"><ele>212.0</ele></trkpt>
   <trkpt lon="5.736396" lat="45.197218"><ele>212.0</ele></trkpt>
   <trkpt lon="5.736414" lat="45.197173"><ele>212.0</ele></trkpt>
   <trkpt lon="5.736453" lat="45.197123"><ele>212.0</ele></trkpt>
   <trkpt lon="5.736467" lat="45.197108"><ele>212.0</ele></trkpt>
   <trkpt lon="5.736496" lat="45.197083"><ele>212.0</ele></trkpt>
   <trkpt lon="5.736524" lat="45.197065"><ele>212.0</ele></trkpt>
   <trkpt lon="5.736561" lat="45.197048"><ele>212.0</ele></trkpt>
   <trkpt lon="5.736650" lat="45.197019"><ele>211.75</ele></trkpt>
   <trkpt lon="5.736697" lat="45.197012"><ele>212.0</ele></trkpt>
   <trkpt lon="5.736769" lat="45.197010"><ele>212.0</ele></trkpt>
   <trkpt lon="5.736769" lat="45.196983"><ele>212.0</ele></trkpt>
   <trkpt lon="5.736772" lat="45.196937"><ele>212.0</ele></trkpt>
   <trkpt lon="5.736846" lat="45.196259"><ele>212.0</ele></trkpt>
   <trkpt lon="5.736863" lat="45.196167"><ele>211.75</ele></trkpt>
   <trkpt lon="5.736892" lat="45.196074"><ele>212.0</ele></trkpt>
   <trkpt lon="5.736891" lat="45.195969"><ele>212.0</ele></trkpt>
   <trkpt lon="5.736876" lat="45.195863"><ele>212.0</ele></trkpt>
   <trkpt lon="5.736845" lat="45.195750"><ele>211.75</ele></trkpt>
   <trkpt lon="5.736842" lat="45.195641"><ele>211.5</ele></trkpt>
   <trkpt lon="5.736853" lat="45.195576"><ele>211.5</ele></trkpt>
   <trkpt lon="5.736928" lat="45.195392"><ele>211.75</ele></trkpt>
   <trkpt lon="5.736949" lat="45.195332"><ele>212.0</ele></trkpt>
   <trkpt lon="5.736950" lat="45.195290"><ele>212.0</ele></trkpt>
   <trkpt lon="5.736931" lat="45.195251"><ele>212.0</ele></trkpt>
   <trkpt lon="5.736973" lat="45.194661"><ele>212.0</ele></trkpt>
   <trkpt lon="5.736976" lat="45.194615"><ele>212.0</ele></trkpt>
   <trkpt lon="5.736959" lat="45.194579"><ele>212.0</ele></trkpt>
   <trkpt lon="5.736921" lat="45.194552"><ele>212.0</ele></trkpt>
   <trkpt lon="5.736660" lat="45.194199"><ele>212.75</ele></trkpt>
   <trkpt lon="5.736570" lat="45.194110"><ele>213.0</ele></trkpt>
   <trkpt lon="5.736388" lat="45.193967"><ele>213.0</ele></trkpt>
   <trkpt lon="5.736188" lat="45.193841"><ele>213.0</ele></trkpt>
   <trkpt lon="5.736162" lat="45.193823"><ele>213.0</ele></trkpt>
   <trkpt lon="5.736017" lat="45.193747"><ele>213.5</ele></trkpt>
   <trkpt lon="5.735908" lat="45.193689"><ele>213.5</ele></trkpt>
   <trkpt lon="5.735752" lat="45.193598"><ele>213.5</ele></trkpt>
   <trkpt lon="5.735678" lat="45.193553"><ele>213.25</ele></trkpt>
   <trkpt lon="5.735629" lat="45.193520"><ele>213.0</ele></trkpt>
   <trkpt lon="5.735487" lat="45.193418"><ele>213.0</ele></trkpt>
   <trkpt lon="5.735444" lat="45.193370"><ele>213.0</ele></trkpt>
   <trkpt lon="5.735316" lat="45.193224"><ele>212.5</ele></trkpt>
   <trkpt lon="5.735193" lat="45.193035"><ele>212.0</ele></trkpt>
   <trkpt lon="5.735087" lat="45.192844"><ele>212.0</ele></trkpt>
   <trkpt lon="5.734969" lat="45.192477"><ele>212.0</ele></trkpt>
   <trkpt lon="5.734955" lat="45.192433"><ele>212.0</ele></trkpt>
   <trkpt lon="5.734918" lat="45.192315"><ele>212.0</ele></trkpt>
   <trkpt lon="5.734858" lat="45.192113"><ele>212.0</ele></trkpt>
   <trkpt lon="5.734835" lat="45.192033"><ele>212.0</ele></trkpt>
   <trkpt lon="5.734748" lat="45.191907"><ele>212.0</ele></trkpt>
   <trkpt lon="5.734730" lat="45.191885"><ele>211.75</ele></trkpt>
   <trkpt lon="5.734508" lat="45.191582"><ele>212.0</ele></trkpt>
   <trkpt lon="5.734167" lat="45.191138"><ele>212.0</ele></trkpt>
   <trkpt lon="5.734063" lat="45.191030"><ele>212.0</ele></trkpt>
   <trkpt lon="5.733948" lat="45.190948"><ele>212.0</ele></trkpt>
   <trkpt lon="5.733821" lat="45.190880"><ele>212.0</ele></trkpt>
   <trkpt lon="5.733305" lat="45.190609"><ele>211.25</ele></trkpt>
   <trkpt lon="5.733257" lat="45.190584"><ele>211.25</ele></trkpt>
   <trkpt lon="5.733211" lat="45.190561"><ele>211.25</ele></trkpt>
   <trkpt lon="5.733147" lat="45.190528"><ele>211.5</ele></trkpt>
   <trkpt lon="5.732319" lat="45.190114"><ele>212.0</ele></trkpt>
   <trkpt lon="5.732279" lat="45.190094"><ele>212.0</ele></trkpt>
   <trkpt lon="5.732201" lat="45.190055"><ele>212.0</ele></trkpt>
   <trkpt lon="5.731505" lat="45.189720"><ele>211.0</ele></trkpt>
   <trkpt lon="5.731479" lat="45.189708"><ele>211.0</ele></trkpt>
   <trkpt lon="5.731452" lat="45.189695"><ele>211.0</ele></trkpt>
   <trkpt lon="5.731436" lat="45.189688"><ele>210.75</ele></trkpt>
   <trkpt lon="5.731418" lat="45.189682"><ele>211.0</ele></trkpt>
   <trkpt lon="5.731371" lat="45.189667"><ele>211.0</ele></trkpt>
   <trkpt lon="5.731295" lat="45.189645"><ele>211.0</ele></trkpt>
   <trkpt lon="5.730630" lat="45.189413"><ele>211.5</ele></trkpt>
   <trkpt lon="5.730588" lat="45.189399"><ele>211.5</ele></trkpt>
   <trkpt lon="5.729755" lat="45.189116"><ele>211.0</ele></trkpt>
   <trkpt lon="5.729453" lat="45.189015"><ele>211.0</ele></trkpt>
   <trkpt lon="5.729383" lat="45.188992"><ele>211.0</ele></trkpt>
   <trkpt lon="5.729318" lat="45.188969"><ele>211.0</ele></trkpt>
   <trkpt lon="5.728692" lat="45.188740"><ele>211.0</ele></trkpt>
   <trkpt lon="5.728643" lat="45.188720"><ele>211.0</ele></trkpt>
   <trkpt lon="5.728602" lat="45.188709"><ele>211.0</ele></trkpt>
   <trkpt lon="5.728049" lat="45.188521"><ele>211.0</ele></trkpt>
   <trkpt lon="5.727750" lat="45.188421"><ele>211.5</ele></trkpt>
   <trkpt lon="5.727648" lat="45.188387"><ele>211.75</ele></trkpt>
   <trkpt lon="5.727555" lat="45.188357"><ele>211.75</ele></trkpt>
   <trkpt lon="5.727494" lat="45.188337"><ele>211.75</ele></trkpt>
   <trkpt lon="5.727107" lat="45.188198"><ele>212.0</ele></trkpt>
   <trkpt lon="5.726765" lat="45.188074"><ele>212.25</ele></trkpt>
   <trkpt lon="5.726660" lat="45.188036"><ele>212.0</ele></trkpt>
   <trkpt lon="5.726565" lat="45.188000"><ele>212.25</ele></trkpt>
   <trkpt lon="5.726442" lat="45.187979"><ele>212.75</ele></trkpt>
   <trkpt lon="5.726334" lat="45.187950"><ele>212.75</ele></trkpt>
   <trkpt lon="5.725706" lat="45.187918"><ele>212.0</ele></trkpt>
   <trkpt lon="5.725056" lat="45.187877"><ele>212.0</ele></trkpt>
   <trkpt lon="5.724822" lat="45.187860"><ele>212.0</ele></trkpt>
   <trkpt lon="5.724047" lat="45.187814"><ele>212.0</ele></trkpt>
   <trkpt lon="5.723905" lat="45.187803"><ele>212.0</ele></trkpt>
   <trkpt lon="5.723659" lat="45.187803"><ele>212.0</ele></trkpt>
   <trkpt lon="5.723548" lat="45.187798"><ele>212.0</ele></trkpt>
   <trkpt lon="5.723468" lat="45.187929"><ele>212.0</ele></trkpt>
   <trkpt lon="5.723443" lat="45.187965"><ele>212.0</ele></trkpt>
   <trkpt lon="5.723253" lat="45.188236"><ele>212.0</ele></trkpt>
   <trkpt lon="5.723148" lat="45.188386"><ele>212.0</ele></trkpt>
   <trkpt lon="5.722998" lat="45.188597"><ele>212.0</ele></trkpt>
   <trkpt lon="5.722923" lat="45.188703"><ele>212.0</ele></trkpt>
   <trkpt lon="5.722836" lat="45.188828"><ele>212.0</ele></trkpt>
   <trkpt lon="5.722798" lat="45.188884"><ele>212.0</ele></trkpt>
   <trkpt lon="5.722734" lat="45.188980"><ele>212.0</ele></trkpt>
   <trkpt lon="5.722708" lat="45.189017"><ele>212.0</ele></trkpt>
   <trkpt lon="5.722699" lat="45.189030"><ele>212.0</ele></trkpt>
   <trkpt lon="5.722688" lat="45.189047"><ele>212.0</ele></trkpt>
   <trkpt lon="5.722650" lat="45.189104"><ele>212.0</ele></trkpt>
   <trkpt lon="5.722629" lat="45.189135"><ele>212.0</ele></trkpt>
   <trkpt lon="5.722582" lat="45.189204"><ele>212.0</ele></trkpt>
   <trkpt lon="5.722533" lat="45.189276"><ele>212.0</ele></trkpt>
   <trkpt lon="5.722500" lat="45.189325"><ele>212.0</ele></trkpt>
   <trkpt lon="5.722278" lat="45.189659"><ele>212.0</ele></trkpt>
   <trkpt lon="5.722203" lat="45.189669"><ele>212.0</ele></trkpt>
   <trkpt lon="5.722132" lat="45.189678"><ele>212.0</ele></trkpt>
   <trkpt lon="5.721262" lat="45.189816"><ele>211.5</ele></trkpt>
   <trkpt lon="5.721199" lat="45.189826"><ele>211.5</ele></trkpt>
   <trkpt lon="5.721120" lat="45.189835"><ele>211.25</ele></trkpt>
   <trkpt lon="5.720491" lat="45.189942"><ele>211.0</ele></trkpt>
   <trkpt lon="5.720089" lat="45.190014"><ele>211.0</ele></trkpt>
   <trkpt lon="5.719971" lat="45.190035"><ele>211.0</ele></trkpt>
   <trkpt lon="5.719943" lat="45.190040"><ele>211.0</ele></trkpt>
   <trkpt lon="5.719929" lat="45.189997"><ele>211.0</ele></trkpt>
   <trkpt lon="5.719995" lat="45.189985"><ele>211.25</ele></trkpt>
  </trkseg>
 </trk>
</gpx>
