<?xml version="1.0" encoding="UTF-8"?>
<gpx version="1.1" creator="BRouter paired review" xmlns="http://www.topografix.com/GPX/1/1">
<trk><name>Route B</name><trkseg>
<trkpt lat="39.570008" lon="2.650010"><ele>19.75</ele></trkpt>
<trkpt lat="39.570000" lon="2.650021"><ele>20.0</ele></trkpt>
<trkpt lat="39.569927" lon="2.650221"><ele>20.0</ele></trkpt>
<trkpt lat="39.569899" lon="2.650341"><ele>20.0</ele></trkpt>
<trkpt lat="39.570003" lon="2.650470"><ele>20.5</ele></trkpt>
<trkpt lat="39.570017" lon="2.650502"><ele>20.75</ele></trkpt>
<trkpt lat="39.569961" lon="2.650576"><ele>20.75</ele></trkpt>
<trkpt lat="39.569961" lon="2.650583"><ele>20.75</ele></trkpt>
<trkpt lat="39.569917" lon="2.650621"><ele>20.75</ele></trkpt>
<trkpt lat="39.570323" lon="2.650951"><ele>21.0</ele></trkpt>
<trkpt lat="39.570347" lon="2.650971"><ele>21.0</ele></trkpt>
<trkpt lat="39.570397" lon="2.651013"><ele>21.0</ele></trkpt>
<trkpt lat="39.570664" lon="2.651217"><ele>21.25</ele></trkpt>
<trkpt lat="39.570751" lon="2.651275"><ele>21.5</ele></trkpt>
<trkpt lat="39.570766" lon="2.651307"><ele>21.75</ele></trkpt>
<trkpt lat="39.570778" lon="2.651365"><ele>21.75</ele></trkpt>
<trkpt lat="39.570779" lon="2.651452"><ele>21.75</ele></trkpt>
<trkpt lat="39.570776" lon="2.651552"><ele>21.75</ele></trkpt>
<trkpt lat="39.570761" lon="2.651898"><ele>21.5</ele></trkpt>
<trkpt lat="39.570691" lon="2.652024"><ele>21.25</ele></trkpt>
<trkpt lat="39.570629" lon="2.652138"><ele>21.0</ele></trkpt>
<trkpt lat="39.570607" lon="2.652178"><ele>21.0</ele></trkpt>
<trkpt lat="39.570485" lon="2.652424"><ele>21.75</ele></trkpt>
<trkpt lat="39.570387" lon="2.652622"><ele>21.5</ele></trkpt>
<trkpt lat="39.570443" lon="2.652847"><ele>21.0</ele></trkpt>
<trkpt lat="39.570493" lon="2.653046"><ele>21.0</ele></trkpt>
<trkpt lat="39.570484" lon="2.653139"><ele>21.0</ele></trkpt>
<trkpt lat="39.570460" lon="2.653526"><ele>21.0</ele></trkpt>
<trkpt lat="39.570518" lon="2.653815"><ele>20.75</ele></trkpt>
<trkpt lat="39.570526" lon="2.654021"><ele>20.75</ele></trkpt>
<trkpt lat="39.570416" lon="2.654269"><ele>20.25</ele></trkpt>
<trkpt lat="39.570250" lon="2.654809"><ele>19.75</ele></trkpt>
<trkpt lat="39.570247" lon="2.654962"><ele>19.75</ele></trkpt>
<trkpt lat="39.570247" lon="2.655002"><ele>19.75</ele></trkpt>
<trkpt lat="39.570267" lon="2.655642"><ele>19.5</ele></trkpt>
<trkpt lat="39.570283" lon="2.655897"><ele>18.75</ele></trkpt>
<trkpt lat="39.570253" lon="2.656376"><ele>18.0</ele></trkpt>
<trkpt lat="39.570251" lon="2.656412"><ele>18.0</ele></trkpt>
<trkpt lat="39.570247" lon="2.656477"><ele>18.0</ele></trkpt>
<trkpt lat="39.570139" lon="2.657268"><ele>16.75</ele></trkpt>
<trkpt lat="39.570117" lon="2.657439"><ele>16.0</ele></trkpt>
<trkpt lat="39.570022" lon="2.658148"><ele>15.5</ele></trkpt>
<trkpt lat="39.569900" lon="2.659044"><ele>14.0</ele></trkpt>
<trkpt lat="39.569803" lon="2.659765"><ele>13.0</ele></trkpt>
<trkpt lat="39.569661" lon="2.660565"><ele>12.75</ele></trkpt>
<trkpt lat="39.569640" lon="2.660684"><ele>12.5</ele></trkpt>
<trkpt lat="39.569529" lon="2.661784"><ele>12.0</ele></trkpt>
<trkpt lat="39.569419" lon="2.662740"><ele>11.0</ele></trkpt>
<trkpt lat="39.569339" lon="2.663711"><ele>10.5</ele></trkpt>
<trkpt lat="39.569235" lon="2.664652"><ele>10.0</ele></trkpt>
<trkpt lat="39.569295" lon="2.664677"><ele>10.0</ele></trkpt>
<trkpt lat="39.570703" lon="2.665322"><ele>11.5</ele></trkpt>
<trkpt lat="39.570768" lon="2.665351"><ele>11.75</ele></trkpt>
<trkpt lat="39.571226" lon="2.665557"><ele>12.0</ele></trkpt>
<trkpt lat="39.571292" lon="2.665589"><ele>12.0</ele></trkpt>
<trkpt lat="39.571393" lon="2.665634"><ele>12.0</ele></trkpt>
<trkpt lat="39.571990" lon="2.666035"><ele>13.0</ele></trkpt>
<trkpt lat="39.572499" lon="2.666304"><ele>13.75</ele></trkpt>
<trkpt lat="39.573424" lon="2.666856"><ele>15.0</ele></trkpt>
<trkpt lat="39.574045" lon="2.667201"><ele>15.5</ele></trkpt>
<trkpt lat="39.574794" lon="2.667618"><ele>16.0</ele></trkpt>
<trkpt lat="39.574922" lon="2.667688"><ele>16.0</ele></trkpt>
<trkpt lat="39.574952" lon="2.667705"><ele>16.0</ele></trkpt>
<trkpt lat="39.575779" lon="2.668164"><ele>16.5</ele></trkpt>
<trkpt lat="39.575890" lon="2.668226"><ele>16.5</ele></trkpt>
<trkpt lat="39.576302" lon="2.668455"><ele>17.0</ele></trkpt>
<trkpt lat="39.576429" lon="2.668525"><ele>17.0</ele></trkpt>
<trkpt lat="39.576401" lon="2.668622"><ele>17.0</ele></trkpt>
<trkpt lat="39.576396" lon="2.668725"><ele>17.0</ele></trkpt>
<trkpt lat="39.576414" lon="2.668826"><ele>17.0</ele></trkpt>
<trkpt lat="39.576461" lon="2.668928"><ele>17.0</ele></trkpt>
<trkpt lat="39.576531" lon="2.669004"><ele>17.0</ele></trkpt>
<trkpt lat="39.576617" lon="2.669046"><ele>17.0</ele></trkpt>
<trkpt lat="39.576709" lon="2.669049"><ele>17.0</ele></trkpt>
<trkpt lat="39.576796" lon="2.669013"><ele>17.0</ele></trkpt>
<trkpt lat="39.576843" lon="2.669116"><ele>17.0</ele></trkpt>
<trkpt lat="39.576979" lon="2.669420"><ele>17.0</ele></trkpt>
<trkpt lat="39.577260" lon="2.670045"><ele>17.0</ele></trkpt>
<trkpt lat="39.577553" lon="2.670703"><ele>17.5</ele></trkpt>
<trkpt lat="39.577729" lon="2.671095"><ele>17.75</ele></trkpt>
<trkpt lat="39.577917" lon="2.671507"><ele>18.0</ele></trkpt>
<trkpt lat="39.577954" lon="2.671590"><ele>18.0</ele></trkpt>
<trkpt lat="39.578060" lon="2.671845"><ele>18.0</ele></trkpt>
<trkpt lat="39.578099" lon="2.671936"><ele>18.0</ele></trkpt>
<trkpt lat="39.578287" lon="2.672378"><ele>19.0</ele></trkpt>
<trkpt lat="39.578316" lon="2.672443"><ele>19.0</ele></trkpt>
<trkpt lat="39.578474" lon="2.672793"><ele>19.0</ele></trkpt>
<trkpt lat="39.578544" lon="2.672947"><ele>19.0</ele></trkpt>
<trkpt lat="39.578602" lon="2.673073"><ele>19.0</ele></trkpt>
<trkpt lat="39.578634" lon="2.673143"><ele>19.0</ele></trkpt>
<trkpt lat="39.578671" lon="2.673227"><ele>19.0</ele></trkpt>
<trkpt lat="39.579299" lon="2.674643"><ele>21.75</ele></trkpt>
<trkpt lat="39.579582" lon="2.675281"><ele>22.25</ele></trkpt>
<trkpt lat="39.579975" lon="2.676158"><ele>19.75</ele></trkpt>
<trkpt lat="39.579963" lon="2.676364"><ele>19.0</ele></trkpt>
<trkpt lat="39.579933" lon="2.676428"><ele>19.0</ele></trkpt>
<trkpt lat="39.579922" lon="2.676498"><ele>19.0</ele></trkpt>
<trkpt lat="39.579929" lon="2.676573"><ele>19.0</ele></trkpt>
<trkpt lat="39.579950" lon="2.676628"><ele>19.0</ele></trkpt>
<trkpt lat="39.579991" lon="2.676682"><ele>18.75</ele></trkpt>
<trkpt lat="39.580021" lon="2.676704"><ele>19.0</ele></trkpt>
<trkpt lat="39.580077" lon="2.676722"><ele>18.75</ele></trkpt>
<trkpt lat="39.580127" lon="2.676717"><ele>19.0</ele></trkpt>
<trkpt lat="39.580194" lon="2.676673"><ele>19.0</ele></trkpt>
<trkpt lat="39.580266" lon="2.676720"><ele>19.0</ele></trkpt>
<trkpt lat="39.580302" lon="2.676784"><ele>19.0</ele></trkpt>
<trkpt lat="39.580500" lon="2.677129"><ele>19.0</ele></trkpt>
<trkpt lat="39.580694" lon="2.677466"><ele>19.75</ele></trkpt>
<trkpt lat="39.581013" lon="2.678023"><ele>20.0</ele></trkpt>
<trkpt lat="39.581092" lon="2.678137"><ele>19.5</ele></trkpt>
<trkpt lat="39.581130" lon="2.678210"><ele>19.25</ele></trkpt>
<trkpt lat="39.581424" lon="2.678740"><ele>19.75</ele></trkpt>
<trkpt lat="39.581624" lon="2.679248"><ele>19.75</ele></trkpt>
<trkpt lat="39.581679" lon="2.679374"><ele>19.75</ele></trkpt>
<trkpt lat="39.581837" lon="2.679755"><ele>19.5</ele></trkpt>
<trkpt lat="39.582074" lon="2.680430"><ele>19.5</ele></trkpt>
<trkpt lat="39.582129" lon="2.680844"><ele>19.5</ele></trkpt>
<trkpt lat="39.582175" lon="2.681210"><ele>19.75</ele></trkpt>
<trkpt lat="39.582225" lon="2.681575"><ele>20.0</ele></trkpt>
<trkpt lat="39.582277" lon="2.681947"><ele>20.0</ele></trkpt>
<trkpt lat="39.582330" lon="2.682327"><ele>20.25</ele></trkpt>
<trkpt lat="39.582351" lon="2.682445"><ele>20.25</ele></trkpt>
<trkpt lat="39.582316" lon="2.682601"><ele>20.25</ele></trkpt>
<trkpt lat="39.582283" lon="2.682642"><ele>20.0</ele></trkpt>
<trkpt lat="39.582260" lon="2.682694"><ele>20.0</ele></trkpt>
<trkpt lat="39.582252" lon="2.682748"><ele>20.0</ele></trkpt>
<trkpt lat="39.582256" lon="2.682804"><ele>20.0</ele></trkpt>
<trkpt lat="39.582272" lon="2.682855"><ele>20.0</ele></trkpt>
<trkpt lat="39.582299" lon="2.682899"><ele>20.25</ele></trkpt>
<trkpt lat="39.582338" lon="2.682933"><ele>20.25</ele></trkpt>
<trkpt lat="39.582384" lon="2.682949"><ele>20.5</ele></trkpt>
<trkpt lat="39.582431" lon="2.682945"><ele>20.75</ele></trkpt>
<trkpt lat="39.582600" lon="2.683062"><ele>21.0</ele></trkpt>
<trkpt lat="39.582615" lon="2.683112"><ele>21.0</ele></trkpt>
<trkpt lat="39.582759" lon="2.683590"><ele>21.0</ele></trkpt>
<trkpt lat="39.582800" lon="2.683726"><ele>21.0</ele></trkpt>
<trkpt lat="39.582953" lon="2.684238"><ele>21.0</ele></trkpt>
<trkpt lat="39.583313" lon="2.685437"><ele>21.75</ele></trkpt>
<trkpt lat="39.584112" lon="2.685059"><ele>22.75</ele></trkpt>
<trkpt lat="39.584164" lon="2.685034"><ele>22.75</ele></trkpt>
<trkpt lat="39.584218" lon="2.685008"><ele>23.0</ele></trkpt>
<trkpt lat="39.584860" lon="2.684717"><ele>23.0</ele></trkpt>
<trkpt lat="39.585309" lon="2.684571"><ele>23.5</ele></trkpt>
<trkpt lat="39.585464" lon="2.684520"><ele>23.75</ele></trkpt>
<trkpt lat="39.586035" lon="2.684334"><ele>24.5</ele></trkpt>
<trkpt lat="39.586567" lon="2.684161"><ele>24.75</ele></trkpt>
<trkpt lat="39.587115" lon="2.683982"><ele>25.0</ele></trkpt>
<trkpt lat="39.587759" lon="2.683773"><ele>25.75</ele></trkpt>
<trkpt lat="39.588448" lon="2.683548"><ele>26.0</ele></trkpt>
<trkpt lat="39.589036" lon="2.683357"><ele>27.0</ele></trkpt>
<trkpt lat="39.589642" lon="2.683160"><ele>27.0</ele></trkpt>
<trkpt lat="39.590382" lon="2.682912"><ele>28.0</ele></trkpt>
<trkpt lat="39.590654" lon="2.682835"><ele>28.25</ele></trkpt>
<trkpt lat="39.591470" lon="2.682563"><ele>29.0</ele></trkpt>
<trkpt lat="39.592150" lon="2.682337"><ele>29.5</ele></trkpt>
<trkpt lat="39.592466" lon="2.682240"><ele>30.0</ele></trkpt>
<trkpt lat="39.592640" lon="2.682537"><ele>30.5</ele></trkpt>
<trkpt lat="39.592704" lon="2.682658"><ele>30.5</ele></trkpt>
<trkpt lat="39.592774" lon="2.682772"><ele>30.75</ele></trkpt>
<trkpt lat="39.593058" lon="2.683268"><ele>30.0</ele></trkpt>
<trkpt lat="39.593461" lon="2.683978"><ele>30.0</ele></trkpt>
<trkpt lat="39.593542" lon="2.684157"><ele>30.0</ele></trkpt>
<trkpt lat="39.593759" lon="2.684490"><ele>30.0</ele></trkpt>
<trkpt lat="39.593929" lon="2.684806"><ele>30.0</ele></trkpt>
<trkpt lat="39.593975" lon="2.684889"><ele>30.0</ele></trkpt>
<trkpt lat="39.594302" lon="2.685475"><ele>30.25</ele></trkpt>
<trkpt lat="39.594354" lon="2.685568"><ele>30.5</ele></trkpt>
<trkpt lat="39.594689" lon="2.686169"><ele>30.0</ele></trkpt>
<trkpt lat="39.594952" lon="2.686661"><ele>30.0</ele></trkpt>
<trkpt lat="39.595029" lon="2.686827"><ele>30.0</ele></trkpt>
<trkpt lat="39.595086" lon="2.686931"><ele>30.25</ele></trkpt>
<trkpt lat="39.595100" lon="2.686964"><ele>30.25</ele></trkpt>
<trkpt lat="39.595223" lon="2.687250"><ele>30.75</ele></trkpt>
<trkpt lat="39.595392" lon="2.687650"><ele>30.25</ele></trkpt>
<trkpt lat="39.595424" lon="2.687735"><ele>30.5</ele></trkpt>
<trkpt lat="39.595469" lon="2.687854"><ele>30.25</ele></trkpt>
<trkpt lat="39.595512" lon="2.687967"><ele>30.25</ele></trkpt>
<trkpt lat="39.595607" lon="2.688214"><ele>30.0</ele></trkpt>
<trkpt lat="39.595699" lon="2.688469"><ele>30.25</ele></trkpt>
<trkpt lat="39.595738" lon="2.688593"><ele>30.0</ele></trkpt>
<trkpt lat="39.595761" lon="2.688668"><ele>29.75</ele></trkpt>
<trkpt lat="39.595885" lon="2.689189"><ele>29.75</ele></trkpt>
<trkpt lat="39.595951" lon="2.689540"><ele>28.25</ele></trkpt>
<trkpt lat="39.595982" lon="2.689673"></trkpt>
<trkpt lat="39.596023" lon="2.689808"></trkpt>
<trkpt lat="39.596088" lon="2.689983"><ele>29.5</ele></trkpt>
<trkpt lat="39.596158" lon="2.690140"><ele>29.5</ele></trkpt>
<trkpt lat="39.596297" lon="2.690393"><ele>30.0</ele></trkpt>
<trkpt lat="39.596377" lon="2.690527"><ele>30.0</ele></trkpt>
<trkpt lat="39.596607" lon="2.690914"><ele>29.75</ele></trkpt>
<trkpt lat="39.596909" lon="2.691431"><ele>31.0</ele></trkpt>
<trkpt lat="39.597399" lon="2.692244"><ele>32.0</ele></trkpt>
<trkpt lat="39.597563" lon="2.692515"><ele>32.0</ele></trkpt>
<trkpt lat="39.597597" lon="2.692572"><ele>32.25</ele></trkpt>
<trkpt lat="39.597638" lon="2.692639"><ele>32.5</ele></trkpt>
<trkpt lat="39.597698" lon="2.692743"><ele>32.75</ele></trkpt>
<trkpt lat="39.597782" lon="2.692880"><ele>33.0</ele></trkpt>
<trkpt lat="39.598408" lon="2.693889"><ele>34.0</ele></trkpt>
<trkpt lat="39.598621" lon="2.694234"><ele>34.0</ele></trkpt>
<trkpt lat="39.598781" lon="2.694501"><ele>34.5</ele></trkpt>
<trkpt lat="39.598816" lon="2.694560"><ele>34.75</ele></trkpt>
<trkpt lat="39.599349" lon="2.695418"><ele>35.5</ele></trkpt>
<trkpt lat="39.599425" lon="2.695535"><ele>35.75</ele></trkpt>
<trkpt lat="39.599507" lon="2.695664"><ele>36.0</ele></trkpt>
<trkpt lat="39.599725" lon="2.696008"><ele>36.0</ele></trkpt>
<trkpt lat="39.599738" lon="2.696065"><ele>36.0</ele></trkpt>
<trkpt lat="39.599792" lon="2.696193"><ele>36.0</ele></trkpt>
<trkpt lat="39.599807" lon="2.696248"><ele>36.0</ele></trkpt>
<trkpt lat="39.599816" lon="2.696311"><ele>36.0</ele></trkpt>
<trkpt lat="39.599814" lon="2.696367"><ele>36.0</ele></trkpt>
<trkpt lat="39.599799" lon="2.696410"><ele>36.0</ele></trkpt>
<trkpt lat="39.599797" lon="2.696440"><ele>36.0</ele></trkpt>
<trkpt lat="39.599798" lon="2.696466"><ele>36.25</ele></trkpt>
<trkpt lat="39.599817" lon="2.696516"><ele>36.25</ele></trkpt>
<trkpt lat="39.599854" lon="2.696555"><ele>36.5</ele></trkpt>
<trkpt lat="39.599891" lon="2.696566"><ele>36.5</ele></trkpt>
<trkpt lat="39.599916" lon="2.696563"><ele>36.5</ele></trkpt>
<trkpt lat="39.599953" lon="2.696565"><ele>36.5</ele></trkpt>
<trkpt lat="39.600047" lon="2.696615"><ele>36.75</ele></trkpt>
<trkpt lat="39.600077" lon="2.696643"><ele>36.75</ele></trkpt>
<trkpt lat="39.600097" lon="2.696666"><ele>36.75</ele></trkpt>
<trkpt lat="39.600157" lon="2.696748"><ele>37.0</ele></trkpt>
<trkpt lat="39.600531" lon="2.697318"><ele>37.25</ele></trkpt>
<trkpt lat="39.600652" lon="2.697515"><ele>38.0</ele></trkpt>
<trkpt lat="39.601821" lon="2.699373"><ele>40.0</ele></trkpt>
<trkpt lat="39.602825" lon="2.700581"><ele>41.0</ele></trkpt>
<trkpt lat="39.602996" lon="2.700805"><ele>41.75</ele></trkpt>
<trkpt lat="39.603036" lon="2.700995"><ele>41.75</ele></trkpt>
<trkpt lat="39.603097" lon="2.701228"><ele>42.0</ele></trkpt>
<trkpt lat="39.603093" lon="2.701289"><ele>42.0</ele></trkpt>
<trkpt lat="39.603104" lon="2.701348"><ele>42.0</ele></trkpt>
<trkpt lat="39.603130" lon="2.701400"><ele>42.0</ele></trkpt>
<trkpt lat="39.603167" lon="2.701438"><ele>42.0</ele></trkpt>
<trkpt lat="39.603211" lon="2.701460"><ele>42.0</ele></trkpt>
<trkpt lat="39.603258" lon="2.701462"><ele>42.0</ele></trkpt>
<trkpt lat="39.603303" lon="2.701444"><ele>42.0</ele></trkpt>
<trkpt lat="39.603469" lon="2.701504"><ele>42.5</ele></trkpt>
<trkpt lat="39.603553" lon="2.701570"><ele>42.75</ele></trkpt>
<trkpt lat="39.603646" lon="2.701625"><ele>43.0</ele></trkpt>
<trkpt lat="39.603988" lon="2.702039"><ele>43.25</ele></trkpt>
<trkpt lat="39.604558" lon="2.702753"><ele>45.0</ele></trkpt>
<trkpt lat="39.604886" lon="2.703176"><ele>45.75</ele></trkpt>
<trkpt lat="39.605413" lon="2.703829"><ele>46.75</ele></trkpt>
<trkpt lat="39.605476" lon="2.703939"><ele>47.0</ele></trkpt>
<trkpt lat="39.605462" lon="2.704327"><ele>47.75</ele></trkpt>
<trkpt lat="39.605457" lon="2.704382"><ele>47.75</ele></trkpt>
<trkpt lat="39.605460" lon="2.704448"><ele>48.0</ele></trkpt>
<trkpt lat="39.605483" lon="2.704504"><ele>48.0</ele></trkpt>
<trkpt lat="39.605515" lon="2.704552"><ele>47.75</ele></trkpt>
<trkpt lat="39.605545" lon="2.704576"><ele>48.0</ele></trkpt>
<trkpt lat="39.605606" lon="2.704591"><ele>48.0</ele></trkpt>
<trkpt lat="39.605629" lon="2.704588"><ele>48.0</ele></trkpt>
<trkpt lat="39.605676" lon="2.704563"><ele>48.0</ele></trkpt>
<trkpt lat="39.605706" lon="2.704528"><ele>48.0</ele></trkpt>
<trkpt lat="39.605988" lon="2.704599"><ele>48.0</ele></trkpt>
<trkpt lat="39.606187" lon="2.704700"><ele>48.25</ele></trkpt>
<trkpt lat="39.606695" lon="2.705400"><ele>49.0</ele></trkpt>
<trkpt lat="39.607171" lon="2.706079"><ele>49.75</ele></trkpt>
<trkpt lat="39.607293" lon="2.706276"><ele>50.0</ele></trkpt>
<trkpt lat="39.607308" lon="2.706299"><ele>50.0</ele></trkpt>
<trkpt lat="39.607311" lon="2.706360"><ele>50.0</ele></trkpt>
<trkpt lat="39.607317" lon="2.706464"><ele>50.0</ele></trkpt>
<trkpt lat="39.607336" lon="2.706544"><ele>50.0</ele></trkpt>
<trkpt lat="39.607308" lon="2.706584"><ele>50.0</ele></trkpt>
<trkpt lat="39.607297" lon="2.706614"><ele>50.0</ele></trkpt>
<trkpt lat="39.607288" lon="2.706661"><ele>50.0</ele></trkpt>
<trkpt lat="39.607289" lon="2.706709"><ele>50.0</ele></trkpt>
<trkpt lat="39.607301" lon="2.706755"><ele>50.0</ele></trkpt>
<trkpt lat="39.607322" lon="2.706795"><ele>50.0</ele></trkpt>
<trkpt lat="39.607350" lon="2.706825"><ele>50.0</ele></trkpt>
<trkpt lat="39.607391" lon="2.706848"><ele>50.0</ele></trkpt>
<trkpt lat="39.607436" lon="2.706851"><ele>50.0</ele></trkpt>
<trkpt lat="39.607479" lon="2.706836"><ele>50.0</ele></trkpt>
<trkpt lat="39.607684" lon="2.706915"><ele>50.0</ele></trkpt>
<trkpt lat="39.607800" lon="2.707048"><ele>49.75</ele></trkpt>
<trkpt lat="39.608112" lon="2.707471"><ele>50.0</ele></trkpt>
<trkpt lat="39.608495" lon="2.708015"><ele>51.0</ele></trkpt>
<trkpt lat="39.608797" lon="2.708435"><ele>51.0</ele></trkpt>
<trkpt lat="39.609242" lon="2.709071"><ele>51.75</ele></trkpt>
<trkpt lat="39.609502" lon="2.709439"><ele>52.0</ele></trkpt>
<trkpt lat="39.609670" lon="2.709768"><ele>52.75</ele></trkpt>
<trkpt lat="39.609724" lon="2.709899"><ele>52.75</ele></trkpt>
<trkpt lat="39.609737" lon="2.709944"><ele>53.0</ele></trkpt>
<trkpt lat="39.609754" lon="2.710044"><ele>53.0</ele></trkpt>
<trkpt lat="39.609762" lon="2.710181"><ele>53.0</ele></trkpt>
<trkpt lat="39.609738" lon="2.710307"><ele>53.0</ele></trkpt>
<trkpt lat="39.609738" lon="2.710431"><ele>53.5</ele></trkpt>
<trkpt lat="39.609757" lon="2.710489"><ele>53.75</ele></trkpt>
<trkpt lat="39.609788" lon="2.710538"><ele>53.75</ele></trkpt>
<trkpt lat="39.609823" lon="2.710570"><ele>54.0</ele></trkpt>
<trkpt lat="39.609867" lon="2.710593"><ele>54.0</ele></trkpt>
<trkpt lat="39.609909" lon="2.710599"><ele>54.0</ele></trkpt>
<trkpt lat="39.609950" lon="2.710593"><ele>54.0</ele></trkpt>
<trkpt lat="39.610057" lon="2.710594"><ele>54.0</ele></trkpt>
<trkpt lat="39.610169" lon="2.710628"><ele>54.0</ele></trkpt>
<trkpt lat="39.610248" lon="2.710664"><ele>54.0</ele></trkpt>
<trkpt lat="39.610331" lon="2.710726"><ele>54.0</ele></trkpt>
<trkpt lat="39.610480" lon="2.710877"><ele>54.0</ele></trkpt>
<trkpt lat="39.610626" lon="2.711067"><ele>54.0</ele></trkpt>
<trkpt lat="39.610742" lon="2.711260"><ele>54.0</ele></trkpt>
<trkpt lat="39.610978" lon="2.711590"><ele>56.0</ele></trkpt>
<trkpt lat="39.611355" lon="2.712117"><ele>56.5</ele></trkpt>
<trkpt lat="39.611491" lon="2.712315"><ele>56.0</ele></trkpt>
<trkpt lat="39.611513" lon="2.712347"><ele>56.0</ele></trkpt>
<trkpt lat="39.612631" lon="2.713967"><ele>58.0</ele></trkpt>
<trkpt lat="39.612748" lon="2.714063"><ele>58.0</ele></trkpt>
<trkpt lat="39.612811" lon="2.714162"><ele>58.0</ele></trkpt>
<trkpt lat="39.613056" lon="2.714520"><ele>58.0</ele></trkpt>
<trkpt lat="39.613226" lon="2.714753"><ele>58.5</ele></trkpt>
<trkpt lat="39.613481" lon="2.715119"><ele>59.0</ele></trkpt>
<trkpt lat="39.613912" lon="2.715731"><ele>59.5</ele></trkpt>
<trkpt lat="39.614005" lon="2.715928"><ele>60.0</ele></trkpt>
<trkpt lat="39.614269" lon="2.716304"><ele>60.75</ele></trkpt>
<trkpt lat="39.614483" lon="2.716593"><ele>60.75</ele></trkpt>
<trkpt lat="39.614503" lon="2.716621"><ele>61.0</ele></trkpt>
<trkpt lat="39.614748" lon="2.716952"><ele>61.0</ele></trkpt>
<trkpt lat="39.614814" lon="2.717062"><ele>61.5</ele></trkpt>
<trkpt lat="39.614946" lon="2.717229"><ele>62.0</ele></trkpt>
<trkpt lat="39.614973" lon="2.717268"><ele>62.0</ele></trkpt>
<trkpt lat="39.614995" lon="2.717318"><ele>62.0</ele></trkpt>
<trkpt lat="39.615018" lon="2.717404"><ele>62.0</ele></trkpt>
<trkpt lat="39.615031" lon="2.717501"><ele>62.0</ele></trkpt>
<trkpt lat="39.615054" lon="2.717600"><ele>62.0</ele></trkpt>
<trkpt lat="39.615076" lon="2.717651"><ele>62.0</ele></trkpt>
<trkpt lat="39.615101" lon="2.717692"><ele>62.0</ele></trkpt>
<trkpt lat="39.615135" lon="2.717731"><ele>62.0</ele></trkpt>
<trkpt lat="39.615195" lon="2.717781"><ele>62.0</ele></trkpt>
<trkpt lat="39.615459" lon="2.717955"><ele>62.75</ele></trkpt>
<trkpt lat="39.615559" lon="2.718046"><ele>63.0</ele></trkpt>
<trkpt lat="39.615712" lon="2.718218"><ele>63.0</ele></trkpt>
<trkpt lat="39.615801" lon="2.718350"><ele>63.0</ele></trkpt>
<trkpt lat="39.615897" lon="2.718511"><ele>63.0</ele></trkpt>
<trkpt lat="39.615988" lon="2.718708"><ele>63.5</ele></trkpt>
<trkpt lat="39.616015" lon="2.718783"><ele>63.75</ele></trkpt>
<trkpt lat="39.616040" lon="2.718862"><ele>63.75</ele></trkpt>
<trkpt lat="39.616083" lon="2.718996"><ele>64.0</ele></trkpt>
<trkpt lat="39.616102" lon="2.719026"><ele>64.0</ele></trkpt>
<trkpt lat="39.616149" lon="2.719064"><ele>64.0</ele></trkpt>
<trkpt lat="39.616171" lon="2.719072"><ele>64.0</ele></trkpt>
<trkpt lat="39.616218" lon="2.719074"><ele>64.25</ele></trkpt>
<trkpt lat="39.616234" lon="2.719069"><ele>64.25</ele></trkpt>
<trkpt lat="39.616324" lon="2.719059"><ele>64.75</ele></trkpt>
<trkpt lat="39.616364" lon="2.719064"><ele>64.75</ele></trkpt>
<trkpt lat="39.616410" lon="2.719074"><ele>65.0</ele></trkpt>
<trkpt lat="39.616493" lon="2.719112"><ele>65.5</ele></trkpt>
<trkpt lat="39.616564" lon="2.719165"><ele>65.5</ele></trkpt>
<trkpt lat="39.616630" lon="2.719236"><ele>65.75</ele></trkpt>
<trkpt lat="39.616706" lon="2.719333"><ele>65.75</ele></trkpt>
<trkpt lat="39.616756" lon="2.719397"><ele>65.75</ele></trkpt>
<trkpt lat="39.616807" lon="2.719433"><ele>66.0</ele></trkpt>
<trkpt lat="39.617046" lon="2.719727"><ele>65.5</ele></trkpt>
<trkpt lat="39.617053" lon="2.719736"><ele>65.75</ele></trkpt>
<trkpt lat="39.617100" lon="2.719795"><ele>65.75</ele></trkpt>
<trkpt lat="39.617578" lon="2.720402"><ele>66.0</ele></trkpt>
<trkpt lat="39.617701" lon="2.720557"><ele>66.0</ele></trkpt>
<trkpt lat="39.618072" lon="2.721014"><ele>67.0</ele></trkpt>
<trkpt lat="39.618994" lon="2.722198"><ele>68.0</ele></trkpt>
<trkpt lat="39.619130" lon="2.722368"><ele>68.5</ele></trkpt>
<trkpt lat="39.620342" lon="2.723881"><ele>70.0</ele></trkpt>
<trkpt lat="39.620437" lon="2.724038"><ele>70.75</ele></trkpt>
<trkpt lat="39.620454" lon="2.724066"><ele>70.75</ele></trkpt>
<trkpt lat="39.620512" lon="2.724163"><ele>70.75</ele></trkpt>
<trkpt lat="39.620575" lon="2.724240"><ele>71.0</ele></trkpt>
<trkpt lat="39.620581" lon="2.724281"><ele>71.0</ele></trkpt>
<trkpt lat="39.620594" lon="2.724307"><ele>71.0</ele></trkpt>
<trkpt lat="39.620618" lon="2.724328"><ele>71.0</ele></trkpt>
<trkpt lat="39.620639" lon="2.724336"><ele>71.0</ele></trkpt>
<trkpt lat="39.620678" lon="2.724335"><ele>71.0</ele></trkpt>
<trkpt lat="39.620841" lon="2.724518"><ele>71.25</ele></trkpt>
<trkpt lat="39.620997" lon="2.724751"><ele>71.25</ele></trkpt>
<trkpt lat="39.621318" lon="2.725178"><ele>72.0</ele></trkpt>
<trkpt lat="39.621521" lon="2.725401"><ele>72.25</ele></trkpt>
<trkpt lat="39.621693" lon="2.725590"><ele>73.0</ele></trkpt>
<trkpt lat="39.623756" lon="2.727623"><ele>80.5</ele></trkpt>
<trkpt lat="39.624244" lon="2.728281"><ele>82.75</ele></trkpt>
<trkpt lat="39.624224" lon="2.728328"><ele>82.75</ele></trkpt>
<trkpt lat="39.624217" lon="2.728381"><ele>83.0</ele></trkpt>
<trkpt lat="39.624222" lon="2.728433"><ele>82.75</ele></trkpt>
<trkpt lat="39.624239" lon="2.728482"><ele>83.0</ele></trkpt>
<trkpt lat="39.624266" lon="2.728522"><ele>83.0</ele></trkpt>
<trkpt lat="39.624301" lon="2.728549"><ele>83.0</ele></trkpt>
<trkpt lat="39.624343" lon="2.728561"><ele>83.0</ele></trkpt>
<trkpt lat="39.624385" lon="2.728557"><ele>83.0</ele></trkpt>
<trkpt lat="39.624424" lon="2.728535"><ele>83.0</ele></trkpt>
<trkpt lat="39.624456" lon="2.728499"><ele>83.0</ele></trkpt>
<trkpt lat="39.624609" lon="2.728707"><ele>83.25</ele></trkpt>
<trkpt lat="39.625163" lon="2.729439"><ele>85.75</ele></trkpt>
<trkpt lat="39.625378" lon="2.729737"><ele>87.0</ele></trkpt>
<trkpt lat="39.625585" lon="2.730139"><ele>88.0</ele></trkpt>
<trkpt lat="39.625638" lon="2.730254"><ele>88.0</ele></trkpt>
<trkpt lat="39.625955" lon="2.730941"><ele>88.5</ele></trkpt>
<trkpt lat="39.626181" lon="2.731405"><ele>89.0</ele></trkpt>
<trkpt lat="39.626412" lon="2.731825"><ele>88.75</ele></trkpt>
<trkpt lat="39.626891" lon="2.732448"><ele>88.25</ele></trkpt>
<trkpt lat="39.627171" lon="2.732795"><ele>87.25</ele></trkpt>
<trkpt lat="39.627506" lon="2.733233"><ele>87.5</ele></trkpt>
<trkpt lat="39.627674" lon="2.733452"><ele>87.25</ele></trkpt>
<trkpt lat="39.627825" lon="2.733648"><ele>86.75</ele></trkpt>
<trkpt lat="39.628105" lon="2.734015"><ele>86.75</ele></trkpt>
<trkpt lat="39.628680" lon="2.734772"><ele>87.0</ele></trkpt>
<trkpt lat="39.629249" lon="2.735549"><ele>87.25</ele></trkpt>
<trkpt lat="39.629580" lon="2.735961"><ele>89.0</ele></trkpt>
<trkpt lat="39.629887" lon="2.736274"><ele>90.0</ele></trkpt>
<trkpt lat="39.630280" lon="2.736650"><ele>89.0</ele></trkpt>
<trkpt lat="39.630822" lon="2.737135"><ele>91.75</ele></trkpt>
<trkpt lat="39.630925" lon="2.737283"><ele>92.0</ele></trkpt>
<trkpt lat="39.630952" lon="2.737332"><ele>92.0</ele></trkpt>
<trkpt lat="39.630973" lon="2.737387"><ele>92.0</ele></trkpt>
<trkpt lat="39.630995" lon="2.737483"><ele>92.0</ele></trkpt>
<trkpt lat="39.630997" lon="2.737556"><ele>92.0</ele></trkpt>
<trkpt lat="39.630983" lon="2.737611"><ele>92.0</ele></trkpt>
<trkpt lat="39.630976" lon="2.737672"><ele>92.0</ele></trkpt>
<trkpt lat="39.630978" lon="2.737729"><ele>92.0</ele></trkpt>
<trkpt lat="39.630985" lon="2.737781"><ele>92.0</ele></trkpt>
<trkpt lat="39.630999" lon="2.737830"><ele>92.0</ele></trkpt>
<trkpt lat="39.631021" lon="2.737874"><ele>92.25</ele></trkpt>
<trkpt lat="39.631043" lon="2.737908"><ele>92.5</ele></trkpt>
<trkpt lat="39.631105" lon="2.737961"><ele>92.75</ele></trkpt>
<trkpt lat="39.631146" lon="2.737982"><ele>93.0</ele></trkpt>
<trkpt lat="39.631229" lon="2.737987"><ele>93.0</ele></trkpt>
<trkpt lat="39.631270" lon="2.737976"><ele>93.0</ele></trkpt>
<trkpt lat="39.631341" lon="2.737932"><ele>93.0</ele></trkpt>
<trkpt lat="39.631431" lon="2.737899"><ele>93.0</ele></trkpt>
<trkpt lat="39.631676" lon="2.737843"><ele>93.75</ele></trkpt>
<trkpt lat="39.631769" lon="2.737845"><ele>93.75</ele></trkpt>
<trkpt lat="39.631853" lon="2.737856"><ele>93.5</ele></trkpt>
<trkpt lat="39.632001" lon="2.737887"><ele>93.5</ele></trkpt>
<trkpt lat="39.632217" lon="2.737951"><ele>93.75</ele></trkpt>
<trkpt lat="39.632557" lon="2.738143"><ele>94.0</ele></trkpt>
<trkpt lat="39.633132" lon="2.738492"><ele>95.0</ele></trkpt>
<trkpt lat="39.633608" lon="2.738780"><ele>95.75</ele></trkpt>
<trkpt lat="39.633719" lon="2.738917"><ele>96.0</ele></trkpt>
<trkpt lat="39.633762" lon="2.738980"><ele>96.0</ele></trkpt>
<trkpt lat="39.633791" lon="2.739041"><ele>96.0</ele></trkpt>
<trkpt lat="39.633806" lon="2.739098"><ele>96.0</ele></trkpt>
<trkpt lat="39.633814" lon="2.739163"><ele>96.0</ele></trkpt>
<trkpt lat="39.633817" lon="2.739330"><ele>96.0</ele></trkpt>
<trkpt lat="39.633796" lon="2.739438"><ele>96.0</ele></trkpt>
<trkpt lat="39.633739" lon="2.739901"><ele>96.0</ele></trkpt>
<trkpt lat="39.633729" lon="2.740088"><ele>96.0</ele></trkpt>
<trkpt lat="39.633743" lon="2.740269"><ele>96.0</ele></trkpt>
<trkpt lat="39.633789" lon="2.740542"><ele>95.5</ele></trkpt>
<trkpt lat="39.633889" lon="2.740857"><ele>96.0</ele></trkpt>
<trkpt lat="39.634007" lon="2.741123"><ele>96.25</ele></trkpt>
<trkpt lat="39.634483" lon="2.742124"><ele>97.0</ele></trkpt>
<trkpt lat="39.634978" lon="2.743372"><ele>97.75</ele></trkpt>
<trkpt lat="39.636211" lon="2.746434"><ele>101.75</ele></trkpt>
<trkpt lat="39.636634" lon="2.748240"><ele>107.5</ele></trkpt>
<trkpt lat="39.636696" lon="2.748545"><ele>108.0</ele></trkpt>
<trkpt lat="39.636899" lon="2.749408"><ele>109.75</ele></trkpt>
<trkpt lat="39.637082" lon="2.750279"><ele>111.75</ele></trkpt>
<trkpt lat="39.637135" lon="2.750534"><ele>112.25</ele></trkpt>
<trkpt lat="39.637230" lon="2.751001"><ele>114.5</ele></trkpt>
<trkpt lat="39.637300" lon="2.751445"><ele>115.75</ele></trkpt>
<trkpt lat="39.637543" lon="2.753210"><ele>121.75</ele></trkpt>
<trkpt lat="39.637669" lon="2.754071"><ele>126.25</ele></trkpt>
<trkpt lat="39.637711" lon="2.754284"><ele>127.5</ele></trkpt>
<trkpt lat="39.637787" lon="2.754594"><ele>129.5</ele></trkpt>
<trkpt lat="39.637921" lon="2.755144"><ele>131.0</ele></trkpt>
<trkpt lat="39.638189" lon="2.756147"><ele>134.0</ele></trkpt>
<trkpt lat="39.638303" lon="2.756672"><ele>136.5</ele></trkpt>
<trkpt lat="39.638325" lon="2.756884"><ele>136.75</ele></trkpt>
<trkpt lat="39.638328" lon="2.757111"><ele>138.0</ele></trkpt>
<trkpt lat="39.638321" lon="2.757502"><ele>140.75</ele></trkpt>
<trkpt lat="39.638319" lon="2.757599"><ele>141.5</ele></trkpt>
<trkpt lat="39.638280" lon="2.757847"><ele>143.25</ele></trkpt>
<trkpt lat="39.638225" lon="2.758108"><ele>145.5</ele></trkpt>
<trkpt lat="39.638206" lon="2.758242"><ele>146.5</ele></trkpt>
<trkpt lat="39.638195" lon="2.758385"><ele>148.0</ele></trkpt>
<trkpt lat="39.638212" lon="2.758628"><ele>151.25</ele></trkpt>
<trkpt lat="39.638231" lon="2.758800"><ele>152.0</ele></trkpt>
<trkpt lat="39.638228" lon="2.758994"><ele>153.0</ele></trkpt>
<trkpt lat="39.638210" lon="2.759224"><ele>154.75</ele></trkpt>
<trkpt lat="39.638240" lon="2.759375"><ele>155.5</ele></trkpt>
<trkpt lat="39.638292" lon="2.759559"><ele>156.75</ele></trkpt>
<trkpt lat="39.638306" lon="2.759719"><ele>158.0</ele></trkpt>
<trkpt lat="39.638257" lon="2.759842"><ele>159.75</ele></trkpt>
<trkpt lat="39.638177" lon="2.759985"><ele>161.25</ele></trkpt>
<trkpt lat="39.638136" lon="2.760087"><ele>161.75</ele></trkpt>
<trkpt lat="39.638092" lon="2.760220"><ele>162.25</ele></trkpt>
<trkpt lat="39.638071" lon="2.760358"><ele>162.75</ele></trkpt>
<trkpt lat="39.638069" lon="2.760506"><ele>164.0</ele></trkpt>
<trkpt lat="39.638081" lon="2.760586"><ele>165.0</ele></trkpt>
<trkpt lat="39.638118" lon="2.760833"><ele>167.25</ele></trkpt>
<trkpt lat="39.638144" lon="2.761064"><ele>167.25</ele></trkpt>
<trkpt lat="39.638148" lon="2.761305"><ele>166.0</ele></trkpt>
<trkpt lat="39.638162" lon="2.761524"><ele>165.0</ele></trkpt>
<trkpt lat="39.638190" lon="2.761744"><ele>164.0</ele></trkpt>
<trkpt lat="39.638265" lon="2.762098"><ele>163.25</ele></trkpt>
<trkpt lat="39.638576" lon="2.763025"><ele>161.75</ele></trkpt>
<trkpt lat="39.638676" lon="2.763375"><ele>162.75</ele></trkpt>
<trkpt lat="39.638692" lon="2.763680"><ele>163.0</ele></trkpt>
<trkpt lat="39.638698" lon="2.764266"><ele>161.0</ele></trkpt>
<trkpt lat="39.638709" lon="2.764403"><ele>160.75</ele></trkpt>
<trkpt lat="39.638739" lon="2.764523"><ele>160.5</ele></trkpt>
<trkpt lat="39.638782" lon="2.764631"><ele>160.0</ele></trkpt>
<trkpt lat="39.638844" lon="2.764757"><ele>159.5</ele></trkpt>
<trkpt lat="39.639039" lon="2.765041"><ele>158.25</ele></trkpt>
<trkpt lat="39.639236" lon="2.765392"><ele>157.75</ele></trkpt>
<trkpt lat="39.639288" lon="2.765528"><ele>157.5</ele></trkpt>
<trkpt lat="39.639309" lon="2.765686"><ele>157.75</ele></trkpt>
<trkpt lat="39.639324" lon="2.766170"><ele>159.5</ele></trkpt>
<trkpt lat="39.639302" lon="2.766584"><ele>160.0</ele></trkpt>
<trkpt lat="39.639295" lon="2.766633"><ele>160.25</ele></trkpt>
<trkpt lat="39.639265" lon="2.766830"><ele>161.0</ele></trkpt>
<trkpt lat="39.639271" lon="2.766906"><ele>161.5</ele></trkpt>
<trkpt lat="39.639302" lon="2.767134"><ele>161.25</ele></trkpt>
<trkpt lat="39.639332" lon="2.767291"><ele>160.75</ele></trkpt>
<trkpt lat="39.639369" lon="2.767413"><ele>160.25</ele></trkpt>
<trkpt lat="39.639659" lon="2.767650"><ele>158.0</ele></trkpt>
<trkpt lat="39.639939" lon="2.767633"><ele>156.25</ele></trkpt>
<trkpt lat="39.640286" lon="2.767520"><ele>154.75</ele></trkpt>
<trkpt lat="39.640364" lon="2.767510"><ele>154.0</ele></trkpt>
<trkpt lat="39.640692" lon="2.767471"><ele>151.25</ele></trkpt>
<trkpt lat="39.640929" lon="2.767479"><ele>149.75</ele></trkpt>
<trkpt lat="39.641106" lon="2.767617"><ele>148.5</ele></trkpt>
<trkpt lat="39.641536" lon="2.768104"><ele>145.75</ele></trkpt>
<trkpt lat="39.642288" lon="2.769382"><ele>140.75</ele></trkpt>
<trkpt lat="39.643477" lon="2.771361"><ele>131.0</ele></trkpt>
<trkpt lat="39.643798" lon="2.772123"><ele>129.75</ele></trkpt>
<trkpt lat="39.643931" lon="2.772508"><ele>128.75</ele></trkpt>
<trkpt lat="39.644110" lon="2.773027"><ele>128.5</ele></trkpt>
<trkpt lat="39.644117" lon="2.773044"><ele>128.75</ele></trkpt>
<trkpt lat="39.644324" lon="2.773569"><ele>128.0</ele></trkpt>
<trkpt lat="39.644494" lon="2.773999"><ele>128.0</ele></trkpt>
<trkpt lat="39.644614" lon="2.774263"><ele>128.25</ele></trkpt>
<trkpt lat="39.644783" lon="2.774533"><ele>128.0</ele></trkpt>
<trkpt lat="39.644968" lon="2.774379"><ele>128.75</ele></trkpt>
<trkpt lat="39.644982" lon="2.774368"><ele>128.75</ele></trkpt>
<trkpt lat="39.644965" lon="2.774298"><ele>128.75</ele></trkpt>
<trkpt lat="39.644959" lon="2.774268"><ele>128.75</ele></trkpt>
<trkpt lat="39.644989" lon="2.774246"><ele>128.75</ele></trkpt>
<trkpt lat="39.645461" lon="2.773885"><ele>130.0</ele></trkpt>
<trkpt lat="39.645546" lon="2.773822"><ele>130.0</ele></trkpt>
<trkpt lat="39.645811" lon="2.773626"><ele>130.75</ele></trkpt>
<trkpt lat="39.646105" lon="2.774191"><ele>130.0</ele></trkpt>
<trkpt lat="39.646553" lon="2.775045"><ele>128.0</ele></trkpt>
<trkpt lat="39.647022" lon="2.775952"><ele>126.25</ele></trkpt>
<trkpt lat="39.647028" lon="2.775964"><ele>126.25</ele></trkpt>
<trkpt lat="39.647044" lon="2.775993"><ele>126.25</ele></trkpt>
<trkpt lat="39.647074" lon="2.776052"><ele>126.25</ele></trkpt>
<trkpt lat="39.647460" lon="2.776790"><ele>128.75</ele></trkpt>
<trkpt lat="39.647796" lon="2.777424"><ele>130.0</ele></trkpt>
<trkpt lat="39.647800" lon="2.777433"><ele>130.0</ele></trkpt>
<trkpt lat="39.647808" lon="2.777447"><ele>130.0</ele></trkpt>
<trkpt lat="39.647818" lon="2.777465"><ele>130.0</ele></trkpt>
<trkpt lat="39.648129" lon="2.778029"><ele>127.75</ele></trkpt>
<trkpt lat="39.648155" lon="2.778058"><ele>127.5</ele></trkpt>
<trkpt lat="39.648175" lon="2.778082"><ele>127.5</ele></trkpt>
<trkpt lat="39.648339" lon="2.778427"><ele>127.0</ele></trkpt>
<trkpt lat="39.648458" lon="2.778640"><ele>126.75</ele></trkpt>
<trkpt lat="39.648504" lon="2.778727"><ele>126.5</ele></trkpt>
<trkpt lat="39.648519" lon="2.778769"><ele>126.25</ele></trkpt>
<trkpt lat="39.648530" lon="2.778786"><ele>126.25</ele></trkpt>
<trkpt lat="39.648558" lon="2.778829"><ele>126.0</ele></trkpt>
<trkpt lat="39.648361" lon="2.779040"><ele>126.0</ele></trkpt>
<trkpt lat="39.648128" lon="2.779292"><ele>126.25</ele></trkpt>
<trkpt lat="39.648091" lon="2.779321"><ele>126.25</ele></trkpt>
<trkpt lat="39.648044" lon="2.779359"><ele>126.25</ele></trkpt>
<trkpt lat="39.647919" lon="2.779430"><ele>126.5</ele></trkpt>
<trkpt lat="39.647766" lon="2.779442"><ele>127.0</ele></trkpt>
<trkpt lat="39.647645" lon="2.779437"><ele>127.25</ele></trkpt>
<trkpt lat="39.647550" lon="2.779458"><ele>127.75</ele></trkpt>
<trkpt lat="39.647253" lon="2.779517"><ele>128.0</ele></trkpt>
<trkpt lat="39.647285" lon="2.779640"><ele>128.0</ele></trkpt>
<trkpt lat="39.647307" lon="2.779734"><ele>127.75</ele></trkpt>
<trkpt lat="39.647660" lon="2.780234"><ele>126.0</ele></trkpt>
<trkpt lat="39.647937" lon="2.780618"><ele>125.75</ele></trkpt>
<trkpt lat="39.648011" lon="2.780741"><ele>125.25</ele></trkpt>
<trkpt lat="39.648029" lon="2.780830"><ele>125.0</ele></trkpt>
<trkpt lat="39.648035" lon="2.780948"><ele>125.0</ele></trkpt>
<trkpt lat="39.648017" lon="2.781053"><ele>125.0</ele></trkpt>
<trkpt lat="39.647981" lon="2.781216"><ele>125.0</ele></trkpt>
<trkpt lat="39.647970" lon="2.781264"><ele>125.0</ele></trkpt>
<trkpt lat="39.647932" lon="2.781437"><ele>125.0</ele></trkpt>
<trkpt lat="39.647907" lon="2.781533"><ele>125.0</ele></trkpt>
<trkpt lat="39.647868" lon="2.781664"><ele>125.0</ele></trkpt>
<trkpt lat="39.647794" lon="2.781895"><ele>125.0</ele></trkpt>
<trkpt lat="39.647713" lon="2.782149"><ele>124.75</ele></trkpt>
<trkpt lat="39.646840" lon="2.784678"><ele>122.0</ele></trkpt>
<trkpt lat="39.646595" lon="2.785346"><ele>121.0</ele></trkpt>
<trkpt lat="39.646301" lon="2.785901"><ele>120.75</ele></trkpt>
<trkpt lat="39.645953" lon="2.786577"><ele>120.0</ele></trkpt>
<trkpt lat="39.645779" lon="2.787016"><ele>120.0</ele></trkpt>
<trkpt lat="39.645710" lon="2.787192"><ele>120.0</ele></trkpt>
<trkpt lat="39.645484" lon="2.787814"><ele>120.0</ele></trkpt>
<trkpt lat="39.645144" lon="2.788847"><ele>120.75</ele></trkpt>
<trkpt lat="39.644922" lon="2.789526"><ele>121.5</ele></trkpt>
<trkpt lat="39.644395" lon="2.791027"><ele>118.0</ele></trkpt>
<trkpt lat="39.644277" lon="2.791349"><ele>118.0</ele></trkpt>
<trkpt lat="39.643725" lon="2.792913"><ele>117.5</ele></trkpt>
<trkpt lat="39.643672" lon="2.793050"><ele>117.0</ele></trkpt>
<trkpt lat="39.643558" lon="2.793355"><ele>117.0</ele></trkpt>
<trkpt lat="39.643301" lon="2.794037"><ele>117.25</ele></trkpt>
<trkpt lat="39.642938" lon="2.794857"><ele>117.25</ele></trkpt>
<trkpt lat="39.642756" lon="2.795273"><ele>117.0</ele></trkpt>
<trkpt lat="39.642311" lon="2.796158"><ele>117.0</ele></trkpt>
<trkpt lat="39.641788" lon="2.797058"><ele>116.75</ele></trkpt>
<trkpt lat="39.641529" lon="2.797457"><ele>116.25</ele></trkpt>
<trkpt lat="39.640708" lon="2.798835"><ele>116.0</ele></trkpt>
<trkpt lat="39.640621" lon="2.798981"><ele>116.0</ele></trkpt>
<trkpt lat="39.639613" lon="2.800675"><ele>115.25</ele></trkpt>
<trkpt lat="39.638593" lon="2.802417"><ele>115.0</ele></trkpt>
<trkpt lat="39.638532" lon="2.802483"><ele>115.0</ele></trkpt>
<trkpt lat="39.638451" lon="2.802541"><ele>115.0</ele></trkpt>
<trkpt lat="39.638382" lon="2.802560"><ele>115.0</ele></trkpt>
<trkpt lat="39.638327" lon="2.802607"><ele>115.25</ele></trkpt>
<trkpt lat="39.638280" lon="2.802669"><ele>115.25</ele></trkpt>
<trkpt lat="39.638266" lon="2.802700"><ele>115.5</ele></trkpt>
<trkpt lat="39.638263" lon="2.803033"><ele>115.0</ele></trkpt>
<trkpt lat="39.638261" lon="2.803455"><ele>115.0</ele></trkpt>
<trkpt lat="39.638261" lon="2.804833"><ele>115.0</ele></trkpt>
<trkpt lat="39.638259" lon="2.806136"><ele>114.75</ele></trkpt>
<trkpt lat="39.638239" lon="2.807125"><ele>114.5</ele></trkpt>
<trkpt lat="39.638202" lon="2.808404"><ele>114.0</ele></trkpt>
<trkpt lat="39.638167" lon="2.810439"><ele>114.5</ele></trkpt>
<trkpt lat="39.638159" lon="2.810670"><ele>114.5</ele></trkpt>
<trkpt lat="39.637832" lon="2.810893"><ele>114.75</ele></trkpt>
<trkpt lat="39.637740" lon="2.810975"><ele>114.5</ele></trkpt>
<trkpt lat="39.637628" lon="2.811096"><ele>114.5</ele></trkpt>
<trkpt lat="39.637440" lon="2.811427"><ele>115.0</ele></trkpt>
<trkpt lat="39.636864" lon="2.812733"><ele>116.25</ele></trkpt>
<trkpt lat="39.635832" lon="2.815060"><ele>118.75</ele></trkpt>
<trkpt lat="39.635584" lon="2.815692"><ele>118.75</ele></trkpt>
<trkpt lat="39.635336" lon="2.816200"><ele>119.75</ele></trkpt>
<trkpt lat="39.634888" lon="2.817035"><ele>121.0</ele></trkpt>
<trkpt lat="39.634735" lon="2.817287"><ele>121.75</ele></trkpt>
<trkpt lat="39.634577" lon="2.817570"><ele>122.0</ele></trkpt>
<trkpt lat="39.634215" lon="2.818160"><ele>122.75</ele></trkpt>
<trkpt lat="39.633752" lon="2.819214"><ele>124.5</ele></trkpt>
<trkpt lat="39.633488" lon="2.819813"><ele>125.25</ele></trkpt>
<trkpt lat="39.633053" lon="2.820945"><ele>126.0</ele></trkpt>
<trkpt lat="39.632955" lon="2.821200"><ele>126.25</ele></trkpt>
<trkpt lat="39.632849" lon="2.821476"><ele>126.5</ele></trkpt>
<trkpt lat="39.632526" lon="2.822316"><ele>127.0</ele></trkpt>
<trkpt lat="39.632269" lon="2.822947"><ele>127.75</ele></trkpt>
<trkpt lat="39.631931" lon="2.823904"><ele>128.75</ele></trkpt>
<trkpt lat="39.631777" lon="2.824339"><ele>128.5</ele></trkpt>
<trkpt lat="39.630869" lon="2.826314"><ele>133.0</ele></trkpt>
<trkpt lat="39.630814" lon="2.826434"><ele>132.75</ele></trkpt>
<trkpt lat="39.630416" lon="2.827353"><ele>131.5</ele></trkpt>
<trkpt lat="39.629075" lon="2.830521"><ele>124.25</ele></trkpt>
<trkpt lat="39.628789" lon="2.831128"><ele>123.25</ele></trkpt>
<trkpt lat="39.628548" lon="2.831541"><ele>122.0</ele></trkpt>
<trkpt lat="39.628009" lon="2.832166"><ele>122.5</ele></trkpt>
<trkpt lat="39.627866" lon="2.832332"><ele>122.75</ele></trkpt>
<trkpt lat="39.627581" lon="2.832632"><ele>123.75</ele></trkpt>
<trkpt lat="39.627335" lon="2.833113"><ele>124.25</ele></trkpt>
<trkpt lat="39.626735" lon="2.833919"><ele>125.25</ele></trkpt>
<trkpt lat="39.626623" lon="2.834071"><ele>125.75</ele></trkpt>
<trkpt lat="39.626061" lon="2.834922"><ele>128.75</ele></trkpt>
<trkpt lat="39.625642" lon="2.835599"><ele>131.0</ele></trkpt>
<trkpt lat="39.625326" lon="2.836213"><ele>129.5</ele></trkpt>
<trkpt lat="39.624961" lon="2.837335"><ele>127.5</ele></trkpt>
<trkpt lat="39.624920" lon="2.837462"><ele>127.25</ele></trkpt>
<trkpt lat="39.624854" lon="2.837628"><ele>127.5</ele></trkpt>
<trkpt lat="39.624719" lon="2.837897"><ele>128.0</ele></trkpt>
<trkpt lat="39.624187" lon="2.838892"><ele>127.75</ele></trkpt>
<trkpt lat="39.623999" lon="2.839075"><ele>128.25</ele></trkpt>
<trkpt lat="39.623915" lon="2.839146"><ele>128.75</ele></trkpt>
<trkpt lat="39.623856" lon="2.839192"><ele>129.0</ele></trkpt>
<trkpt lat="39.623369" lon="2.840364"><ele>131.25</ele></trkpt>
<trkpt lat="39.623243" lon="2.840666"><ele>131.75</ele></trkpt>
<trkpt lat="39.623113" lon="2.840998"><ele>131.5</ele></trkpt>
<trkpt lat="39.622369" lon="2.842060"><ele>126.75</ele></trkpt>
<trkpt lat="39.621803" lon="2.842927"><ele>122.5</ele></trkpt>
<trkpt lat="39.621318" lon="2.843520"><ele>121.0</ele></trkpt>
<trkpt lat="39.620955" lon="2.844095"><ele>120.0</ele></trkpt>
<trkpt lat="39.620520" lon="2.844779"><ele>119.75</ele></trkpt>
<trkpt lat="39.620138" lon="2.845529"><ele>120.0</ele></trkpt>
<trkpt lat="39.619747" lon="2.846314"><ele>119.75</ele></trkpt>
<trkpt lat="39.618990" lon="2.848239"><ele>120.0</ele></trkpt>
<trkpt lat="39.618127" lon="2.849525"><ele>120.0</ele></trkpt>
<trkpt lat="39.617050" lon="2.850691"><ele>119.0</ele></trkpt>
<trkpt lat="39.616561" lon="2.851097"><ele>119.0</ele></trkpt>
<trkpt lat="39.616144" lon="2.851558"><ele>119.0</ele></trkpt>
<trkpt lat="39.615430" lon="2.852382"><ele>121.0</ele></trkpt>
<trkpt lat="39.614990" lon="2.852655"><ele>121.0</ele></trkpt>
<trkpt lat="39.614541" lon="2.852859"><ele>122.0</ele></trkpt>
<trkpt lat="39.614025" lon="2.853190"><ele>122.5</ele></trkpt>
<trkpt lat="39.613836" lon="2.853366"><ele>123.0</ele></trkpt>
<trkpt lat="39.613151" lon="2.854402"><ele>124.0</ele></trkpt>
<trkpt lat="39.613048" lon="2.854578"><ele>124.0</ele></trkpt>
<trkpt lat="39.612983" lon="2.854730"><ele>123.75</ele></trkpt>
<trkpt lat="39.612924" lon="2.855118"><ele>123.25</ele></trkpt>
<trkpt lat="39.612884" lon="2.855719"><ele>122.75</ele></trkpt>
<trkpt lat="39.612878" lon="2.855801"><ele>123.0</ele></trkpt>
<trkpt lat="39.613036" lon="2.856888"><ele>122.75</ele></trkpt>
<trkpt lat="39.613178" lon="2.857551"><ele>122.75</ele></trkpt>
<trkpt lat="39.612856" lon="2.857769"><ele>122.0</ele></trkpt>
<trkpt lat="39.610846" lon="2.858954"><ele>123.75</ele></trkpt>
<trkpt lat="39.609942" lon="2.859578"><ele>127.25</ele></trkpt>
<trkpt lat="39.609661" lon="2.859755"><ele>127.75</ele></trkpt>
<trkpt lat="39.608601" lon="2.860312"><ele>128.75</ele></trkpt>
<trkpt lat="39.606760" lon="2.861668"><ele>131.5</ele></trkpt>
<trkpt lat="39.606696" lon="2.861723"><ele>131.75</ele></trkpt>
<trkpt lat="39.605892" lon="2.862220"><ele>135.75</ele></trkpt>
<trkpt lat="39.605677" lon="2.862392"><ele>136.5</ele></trkpt>
<trkpt lat="39.604296" lon="2.863662"><ele>141.5</ele></trkpt>
<trkpt lat="39.603634" lon="2.864378"><ele>143.0</ele></trkpt>
<trkpt lat="39.602842" lon="2.865304"><ele>142.0</ele></trkpt>
<trkpt lat="39.602531" lon="2.865617"><ele>141.75</ele></trkpt>
<trkpt lat="39.602304" lon="2.865812"><ele>141.0</ele></trkpt>
<trkpt lat="39.601868" lon="2.866143"><ele>140.0</ele></trkpt>
<trkpt lat="39.600580" lon="2.867031"><ele>138.0</ele></trkpt>
<trkpt lat="39.599794" lon="2.867583"><ele>136.75</ele></trkpt>
<trkpt lat="39.599730" lon="2.867636"><ele>136.5</ele></trkpt>
<trkpt lat="39.599027" lon="2.867823"><ele>134.25</ele></trkpt>
<trkpt lat="39.598307" lon="2.868103"><ele>135.25</ele></trkpt>
<trkpt lat="39.597138" lon="2.868419"><ele>140.0</ele></trkpt>
<trkpt lat="39.596904" lon="2.868532"><ele>140.0</ele></trkpt>
<trkpt lat="39.595386" lon="2.869358"><ele>142.5</ele></trkpt>
<trkpt lat="39.593543" lon="2.870361"><ele>145.0</ele></trkpt>
<trkpt lat="39.591826" lon="2.871296"><ele>144.25</ele></trkpt>
<trkpt lat="39.591755" lon="2.871335"><ele>144.5</ele></trkpt>
<trkpt lat="39.590112" lon="2.872229"><ele>146.0</ele></trkpt>
<trkpt lat="39.589966" lon="2.872266"><ele>146.0</ele></trkpt>
<trkpt lat="39.589904" lon="2.872262"><ele>146.0</ele></trkpt>
<trkpt lat="39.587599" lon="2.871783"><ele>146.25</ele></trkpt>
<trkpt lat="39.587568" lon="2.871787"><ele>146.25</ele></trkpt>
<trkpt lat="39.587241" lon="2.871901"><ele>146.75</ele></trkpt>
<trkpt lat="39.585557" lon="2.872530"><ele>148.0</ele></trkpt>
<trkpt lat="39.581740" lon="2.873942"><ele>149.5</ele></trkpt>
<trkpt lat="39.581556" lon="2.874011"><ele>150.0</ele></trkpt>
<trkpt lat="39.581454" lon="2.874068"><ele>150.25</ele></trkpt>
<trkpt lat="39.579033" lon="2.876753"><ele>158.0</ele></trkpt>
<trkpt lat="39.578997" lon="2.876792"><ele>158.0</ele></trkpt>
<trkpt lat="39.578362" lon="2.877256"><ele>158.0</ele></trkpt>
<trkpt lat="39.577791" lon="2.877812"><ele>159.0</ele></trkpt>
<trkpt lat="39.577257" lon="2.878781"><ele>160.0</ele></trkpt>
<trkpt lat="39.576669" lon="2.879581"><ele>161.25</ele></trkpt>
<trkpt lat="39.576183" lon="2.880112"><ele>162.5</ele></trkpt>
<trkpt lat="39.574590" lon="2.880688"><ele>162.75</ele></trkpt>
<trkpt lat="39.573956" lon="2.880789"><ele>163.75</ele></trkpt>
<trkpt lat="39.571557" lon="2.881128"><ele>167.25</ele></trkpt>
<trkpt lat="39.570493" lon="2.881295"><ele>169.25</ele></trkpt>
<trkpt lat="39.570376" lon="2.881317"><ele>169.25</ele></trkpt>
<trkpt lat="39.569950" lon="2.881480"><ele>168.75</ele></trkpt>
<trkpt lat="39.569455" lon="2.881673"><ele>167.75</ele></trkpt>
<trkpt lat="39.569362" lon="2.881697"><ele>167.5</ele></trkpt>
<trkpt lat="39.569218" lon="2.881681"><ele>167.0</ele></trkpt>
<trkpt lat="39.569156" lon="2.881676"><ele>167.0</ele></trkpt>
<trkpt lat="39.569139" lon="2.881657"><ele>167.25</ele></trkpt>
<trkpt lat="39.569107" lon="2.881641"><ele>167.5</ele></trkpt>
<trkpt lat="39.569083" lon="2.881641"><ele>167.75</ele></trkpt>
<trkpt lat="39.569040" lon="2.881665"><ele>167.75</ele></trkpt>
<trkpt lat="39.569025" lon="2.881686"><ele>168.0</ele></trkpt>
<trkpt lat="39.569010" lon="2.881730"><ele>168.25</ele></trkpt>
<trkpt lat="39.568961" lon="2.881717"><ele>168.5</ele></trkpt>
<trkpt lat="39.568898" lon="2.881693"><ele>169.0</ele></trkpt>
<trkpt lat="39.568674" lon="2.881616"><ele>169.75</ele></trkpt>
<trkpt lat="39.568603" lon="2.881569"><ele>170.0</ele></trkpt>
<trkpt lat="39.568550" lon="2.881536"><ele>170.0</ele></trkpt>
<trkpt lat="39.568557" lon="2.881487"><ele>170.0</ele></trkpt>
<trkpt lat="39.568549" lon="2.881446"><ele>170.0</ele></trkpt>
<trkpt lat="39.568529" lon="2.881410"><ele>170.0</ele></trkpt>
<trkpt lat="39.568494" lon="2.881386"><ele>170.0</ele></trkpt>
<trkpt lat="39.568447" lon="2.881388"><ele>170.0</ele></trkpt>
<trkpt lat="39.568434" lon="2.881395"><ele>170.0</ele></trkpt>
<trkpt lat="39.568317" lon="2.881330"><ele>170.75</ele></trkpt>
<trkpt lat="39.568255" lon="2.881309"><ele>171.5</ele></trkpt>
<trkpt lat="39.567541" lon="2.880665"><ele>174.0</ele></trkpt>
<trkpt lat="39.566979" lon="2.880157"><ele>174.25</ele></trkpt>
<trkpt lat="39.566336" lon="2.879711"><ele>175.25</ele></trkpt>
<trkpt lat="39.565617" lon="2.879382"><ele>176.75</ele></trkpt>
<trkpt lat="39.564070" lon="2.878977"><ele>180.0</ele></trkpt>
<trkpt lat="39.563730" lon="2.878866"><ele>180.5</ele></trkpt>
<trkpt lat="39.563429" lon="2.878790"><ele>181.0</ele></trkpt>
<trkpt lat="39.563127" lon="2.878767"><ele>182.0</ele></trkpt>
<trkpt lat="39.562817" lon="2.878821"><ele>182.0</ele></trkpt>
<trkpt lat="39.561627" lon="2.879230"><ele>182.75</ele></trkpt>
<trkpt lat="39.561423" lon="2.879250"><ele>182.75</ele></trkpt>
<trkpt lat="39.561151" lon="2.879215"><ele>183.75</ele></trkpt>
<trkpt lat="39.560961" lon="2.879208"><ele>184.25</ele></trkpt>
<trkpt lat="39.560492" lon="2.879040"><ele>185.25</ele></trkpt>
<trkpt lat="39.559994" lon="2.879047"><ele>186.0</ele></trkpt>
<trkpt lat="39.559061" lon="2.879132"><ele>188.0</ele></trkpt>
<trkpt lat="39.558616" lon="2.879186"><ele>188.75</ele></trkpt>
<trkpt lat="39.557364" lon="2.879348"><ele>191.25</ele></trkpt>
<trkpt lat="39.557095" lon="2.879339"><ele>192.25</ele></trkpt>
<trkpt lat="39.556720" lon="2.879322"><ele>193.25</ele></trkpt>
<trkpt lat="39.554973" lon="2.878821"><ele>196.0</ele></trkpt>
<trkpt lat="39.554303" lon="2.878552"><ele>197.5</ele></trkpt>
<trkpt lat="39.553290" lon="2.878294"><ele>199.0</ele></trkpt>
<trkpt lat="39.553208" lon="2.878300"><ele>199.25</ele></trkpt>
<trkpt lat="39.552746" lon="2.878371"><ele>200.0</ele></trkpt>
<trkpt lat="39.552686" lon="2.878387"><ele>200.0</ele></trkpt>
<trkpt lat="39.552210" lon="2.878396"><ele>200.0</ele></trkpt>
<trkpt lat="39.551861" lon="2.878458"><ele>200.25</ele></trkpt>
<trkpt lat="39.551620" lon="2.878501"><ele>200.5</ele></trkpt>
<trkpt lat="39.550560" lon="2.878847"><ele>201.75</ele></trkpt>
<trkpt lat="39.549973" lon="2.879082"><ele>203.75</ele></trkpt>
<trkpt lat="39.549691" lon="2.879196"><ele>206.0</ele></trkpt>
<trkpt lat="39.549378" lon="2.879413"><ele>208.0</ele></trkpt>
<trkpt lat="39.548601" lon="2.879669"><ele>207.25</ele></trkpt>
<trkpt lat="39.548460" lon="2.879714"><ele>208.0</ele></trkpt>
<trkpt lat="39.548337" lon="2.879725"><ele>208.75</ele></trkpt>
<trkpt lat="39.547988" lon="2.879614"><ele>211.0</ele></trkpt>
<trkpt lat="39.547782" lon="2.879424"><ele>212.0</ele></trkpt>
<trkpt lat="39.547208" lon="2.879056"><ele>215.25</ele></trkpt>
<trkpt lat="39.546944" lon="2.878961"><ele>214.5</ele></trkpt>
<trkpt lat="39.546805" lon="2.878856"><ele>214.5</ele></trkpt>
<trkpt lat="39.546316" lon="2.878330"><ele>218.25</ele></trkpt>
<trkpt lat="39.546199" lon="2.878253"><ele>218.25</ele></trkpt>
<trkpt lat="39.545929" lon="2.878215"><ele>215.25</ele></trkpt>
<trkpt lat="39.545314" lon="2.878339"><ele>211.75</ele></trkpt>
<trkpt lat="39.544470" lon="2.878523"><ele>210.25</ele></trkpt>
<trkpt lat="39.543538" lon="2.878679"><ele>209.75</ele></trkpt>
<trkpt lat="39.542935" lon="2.878758"><ele>210.25</ele></trkpt>
<trkpt lat="39.542841" lon="2.878789"><ele>210.25</ele></trkpt>
<trkpt lat="39.542440" lon="2.878920"><ele>209.75</ele></trkpt>
<trkpt lat="39.542310" lon="2.878927"><ele>209.75</ele></trkpt>
<trkpt lat="39.542193" lon="2.878977"><ele>209.5</ele></trkpt>
<trkpt lat="39.541967" lon="2.879164"><ele>209.0</ele></trkpt>
<trkpt lat="39.541435" lon="2.879820"><ele>209.25</ele></trkpt>
<trkpt lat="39.540921" lon="2.880277"><ele>209.25</ele></trkpt>
<trkpt lat="39.540489" lon="2.880585"><ele>209.75</ele></trkpt>
<trkpt lat="39.540115" lon="2.880933"><ele>210.75</ele></trkpt>
<trkpt lat="39.539928" lon="2.881165"><ele>211.0</ele></trkpt>
<trkpt lat="39.539851" lon="2.881165"><ele>210.5</ele></trkpt>
<trkpt lat="39.539473" lon="2.881133"><ele>210.0</ele></trkpt>
<trkpt lat="39.539302" lon="2.881024"><ele>210.0</ele></trkpt>
<trkpt lat="39.538399" lon="2.880052"><ele>211.75</ele></trkpt>
<trkpt lat="39.538144" lon="2.879792"><ele>214.5</ele></trkpt>
<trkpt lat="39.537933" lon="2.879400"><ele>215.0</ele></trkpt>
<trkpt lat="39.537601" lon="2.879088"><ele>213.5</ele></trkpt>
<trkpt lat="39.537164" lon="2.879032"><ele>212.5</ele></trkpt>
<trkpt lat="39.537017" lon="2.879055"><ele>213.25</ele></trkpt>
<trkpt lat="39.536874" lon="2.879082"><ele>213.75</ele></trkpt>
<trkpt lat="39.536673" lon="2.879080"><ele>214.25</ele></trkpt>
<trkpt lat="39.536572" lon="2.879078"><ele>215.0</ele></trkpt>
<trkpt lat="39.536119" lon="2.878801"><ele>215.5</ele></trkpt>
<trkpt lat="39.535828" lon="2.878676"><ele>216.5</ele></trkpt>
<trkpt lat="39.535435" lon="2.878384"><ele>218.0</ele></trkpt>
<trkpt lat="39.535045" lon="2.877975"><ele>222.25</ele></trkpt>
<trkpt lat="39.534626" lon="2.877377"><ele>225.25</ele></trkpt>
<trkpt lat="39.534259" lon="2.877182"><ele>225.5</ele></trkpt>
<trkpt lat="39.533758" lon="2.877088"><ele>229.5</ele></trkpt>
<trkpt lat="39.533646" lon="2.876895"><ele>230.0</ele></trkpt>
<trkpt lat="39.533598" lon="2.876737"><ele>230.5</ele></trkpt>
<trkpt lat="39.533463" lon="2.876405"><ele>230.5</ele></trkpt>
<trkpt lat="39.533365" lon="2.876160"><ele>229.0</ele></trkpt>
<trkpt lat="39.532972" lon="2.875680"><ele>229.5</ele></trkpt>
<trkpt lat="39.532770" lon="2.875216"><ele>227.25</ele></trkpt>
<trkpt lat="39.532732" lon="2.875184"><ele>227.5</ele></trkpt>
<trkpt lat="39.532660" lon="2.875123"><ele>227.25</ele></trkpt>
<trkpt lat="39.532411" lon="2.875006"><ele>224.5</ele></trkpt>
<trkpt lat="39.532118" lon="2.874872"><ele>223.25</ele></trkpt>
<trkpt lat="39.531710" lon="2.874880"><ele>219.5</ele></trkpt>
<trkpt lat="39.531563" lon="2.874889"><ele>219.0</ele></trkpt>
<trkpt lat="39.531378" lon="2.874852"><ele>218.75</ele></trkpt>
<trkpt lat="39.530809" lon="2.874532"><ele>215.5</ele></trkpt>
<trkpt lat="39.530686" lon="2.874375"><ele>214.75</ele></trkpt>
<trkpt lat="39.530513" lon="2.874271"><ele>213.75</ele></trkpt>
<trkpt lat="39.530368" lon="2.874127"><ele>214.0</ele></trkpt>
<trkpt lat="39.530237" lon="2.873999"><ele>214.25</ele></trkpt>
<trkpt lat="39.530082" lon="2.873893"><ele>213.75</ele></trkpt>
<trkpt lat="39.529896" lon="2.873787"><ele>213.0</ele></trkpt>
<trkpt lat="39.529800" lon="2.873733"><ele>212.25</ele></trkpt>
<trkpt lat="39.529251" lon="2.873349"><ele>209.5</ele></trkpt>
<trkpt lat="39.529071" lon="2.873204"><ele>208.5</ele></trkpt>
<trkpt lat="39.528957" lon="2.873155"><ele>208.0</ele></trkpt>
<trkpt lat="39.528570" lon="2.873139"><ele>208.25</ele></trkpt>
<trkpt lat="39.528278" lon="2.873129"><ele>209.5</ele></trkpt>
<trkpt lat="39.528146" lon="2.873113"><ele>209.5</ele></trkpt>
<trkpt lat="39.528059" lon="2.873057"><ele>209.75</ele></trkpt>
<trkpt lat="39.527936" lon="2.872933"><ele>208.75</ele></trkpt>
<trkpt lat="39.527465" lon="2.872429"><ele>208.75</ele></trkpt>
<trkpt lat="39.527232" lon="2.872231"><ele>207.75</ele></trkpt>
<trkpt lat="39.526549" lon="2.871711"><ele>205.5</ele></trkpt>
<trkpt lat="39.525734" lon="2.871090"><ele>199.75</ele></trkpt>
<trkpt lat="39.524832" lon="2.870402"><ele>194.25</ele></trkpt>
<trkpt lat="39.524705" lon="2.870313"><ele>194.0</ele></trkpt>
<trkpt lat="39.524579" lon="2.870258"><ele>193.75</ele></trkpt>
<trkpt lat="39.524518" lon="2.870258"><ele>193.75</ele></trkpt>
<trkpt lat="39.524435" lon="2.870294"><ele>194.0</ele></trkpt>
<trkpt lat="39.524356" lon="2.870371"><ele>194.0</ele></trkpt>
<trkpt lat="39.524257" lon="2.870506"><ele>194.5</ele></trkpt>
<trkpt lat="39.523101" lon="2.872245"><ele>201.75</ele></trkpt>
<trkpt lat="39.522255" lon="2.873481"><ele>202.5</ele></trkpt>
<trkpt lat="39.522107" lon="2.873662"><ele>202.75</ele></trkpt>
<trkpt lat="39.522047" lon="2.873699"><ele>202.5</ele></trkpt>
<trkpt lat="39.521905" lon="2.873723"><ele>202.0</ele></trkpt>
<trkpt lat="39.521382" lon="2.873760"><ele>199.25</ele></trkpt>
<trkpt lat="39.520647" lon="2.873811"><ele>194.75</ele></trkpt>
<trkpt lat="39.520541" lon="2.873818"><ele>193.75</ele></trkpt>
<trkpt lat="39.519160" lon="2.873919"><ele>188.0</ele></trkpt>
<trkpt lat="39.518505" lon="2.873956"><ele>185.75</ele></trkpt>
<trkpt lat="39.516985" lon="2.874064"><ele>178.5</ele></trkpt>
<trkpt lat="39.514818" lon="2.874225"><ele>170.25</ele></trkpt>
<trkpt lat="39.512762" lon="2.874376"><ele>167.0</ele></trkpt>
<trkpt lat="39.512634" lon="2.874533"><ele>167.0</ele></trkpt>
<trkpt lat="39.512042" lon="2.875346"><ele>164.75</ele></trkpt>
<trkpt lat="39.511948" lon="2.875421"><ele>164.25</ele></trkpt>
<trkpt lat="39.511900" lon="2.875459"><ele>164.25</ele></trkpt>
<trkpt lat="39.511615" lon="2.875603"><ele>163.75</ele></trkpt>
<trkpt lat="39.510883" lon="2.875941"><ele>162.5</ele></trkpt>
<trkpt lat="39.509290" lon="2.876633"><ele>159.25</ele></trkpt>
<trkpt lat="39.508432" lon="2.876990"><ele>157.25</ele></trkpt>
<trkpt lat="39.507631" lon="2.877342"><ele>156.0</ele></trkpt>
<trkpt lat="39.507451" lon="2.877431"><ele>155.75</ele></trkpt>
<trkpt lat="39.506380" lon="2.877859"><ele>154.0</ele></trkpt>
<trkpt lat="39.505732" lon="2.878135"><ele>153.5</ele></trkpt>
<trkpt lat="39.505419" lon="2.878268"><ele>153.0</ele></trkpt>
<trkpt lat="39.504464" lon="2.878594"><ele>152.0</ele></trkpt>
<trkpt lat="39.504282" lon="2.878664"><ele>152.0</ele></trkpt>
<trkpt lat="39.503778" lon="2.878822"><ele>151.25</ele></trkpt>
<trkpt lat="39.503307" lon="2.879300"><ele>150.75</ele></trkpt>
<trkpt lat="39.503245" lon="2.879371"><ele>150.5</ele></trkpt>
<trkpt lat="39.501676" lon="2.881174"><ele>150.0</ele></trkpt>
<trkpt lat="39.501166" lon="2.881661"><ele>150.0</ele></trkpt>
<trkpt lat="39.500314" lon="2.882367"><ele>148.5</ele></trkpt>
<trkpt lat="39.499805" lon="2.882710"><ele>149.75</ele></trkpt>
<trkpt lat="39.499013" lon="2.883416"><ele>151.25</ele></trkpt>
<trkpt lat="39.498846" lon="2.883511"><ele>151.5</ele></trkpt>
<trkpt lat="39.497691" lon="2.883884"><ele>150.0</ele></trkpt>
<trkpt lat="39.497474" lon="2.883987"><ele>149.75</ele></trkpt>
<trkpt lat="39.497234" lon="2.884312"><ele>149.0</ele></trkpt>
<trkpt lat="39.496932" lon="2.884807"><ele>149.25</ele></trkpt>
<trkpt lat="39.496742" lon="2.885118"><ele>149.25</ele></trkpt>
<trkpt lat="39.496526" lon="2.885411"><ele>148.25</ele></trkpt>
<trkpt lat="39.496032" lon="2.885987"><ele>146.5</ele></trkpt>
<trkpt lat="39.495559" lon="2.886531"><ele>146.0</ele></trkpt>
<trkpt lat="39.495410" lon="2.886741"><ele>146.0</ele></trkpt>
<trkpt lat="39.495262" lon="2.886912"><ele>146.0</ele></trkpt>
<trkpt lat="39.495220" lon="2.886950"><ele>146.0</ele></trkpt>
<trkpt lat="39.495186" lon="2.887010"><ele>146.0</ele></trkpt>
<trkpt lat="39.495170" lon="2.887081"><ele>146.0</ele></trkpt>
<trkpt lat="39.495170" lon="2.887135"><ele>146.0</ele></trkpt>
<trkpt lat="39.495180" lon="2.887186"><ele>146.0</ele></trkpt>
<trkpt lat="39.495082" lon="2.887246"><ele>146.0</ele></trkpt>
<trkpt lat="39.494683" lon="2.887978"><ele>146.0</ele></trkpt>
<trkpt lat="39.494372" lon="2.888590"><ele>146.0</ele></trkpt>
<trkpt lat="39.494057" lon="2.889159"><ele>147.0</ele></trkpt>
<trkpt lat="39.493627" lon="2.889919"><ele>146.0</ele></trkpt>
<trkpt lat="39.492566" lon="2.889140"><ele>144.0</ele></trkpt>
<trkpt lat="39.491935" lon="2.888678"><ele>142.75</ele></trkpt>
<trkpt lat="39.491808" lon="2.888586"><ele>142.5</ele></trkpt>
<trkpt lat="39.491449" lon="2.888329"><ele>142.0</ele></trkpt>
<trkpt lat="39.491298" lon="2.888221"><ele>141.75</ele></trkpt>
<trkpt lat="39.491084" lon="2.887991"><ele>141.0</ele></trkpt>
<trkpt lat="39.490997" lon="2.887908"><ele>141.0</ele></trkpt>
<trkpt lat="39.490593" lon="2.888787"><ele>141.0</ele></trkpt>
<trkpt lat="39.489745" lon="2.890768"><ele>142.0</ele></trkpt>
<trkpt lat="39.489455" lon="2.891351"><ele>141.0</ele></trkpt>
<trkpt lat="39.488961" lon="2.890938"><ele>140.25</ele></trkpt>
<trkpt lat="39.488269" lon="2.890376"><ele>139.0</ele></trkpt>
<trkpt lat="39.487969" lon="2.890954"><ele>139.0</ele></trkpt>
<trkpt lat="39.487778" lon="2.891323"><ele>139.0</ele></trkpt>
<trkpt lat="39.487574" lon="2.891686"><ele>138.25</ele></trkpt>
<trkpt lat="39.487262" lon="2.892303"><ele>138.0</ele></trkpt>
<trkpt lat="39.487004" lon="2.892790"><ele>138.0</ele></trkpt>
<trkpt lat="39.486401" lon="2.893934"><ele>137.0</ele></trkpt>
<trkpt lat="39.485853" lon="2.894964"><ele>136.75</ele></trkpt>
<trkpt lat="39.485818" lon="2.895033"><ele>136.75</ele></trkpt>
<trkpt lat="39.485545" lon="2.895533"><ele>136.0</ele></trkpt>
<trkpt lat="39.484823" lon="2.895076"><ele>135.0</ele></trkpt>
<trkpt lat="39.484203" lon="2.894670"><ele>134.0</ele></trkpt>
<trkpt lat="39.483788" lon="2.894437"><ele>133.5</ele></trkpt>
<trkpt lat="39.483483" lon="2.894305"><ele>133.0</ele></trkpt>
<trkpt lat="39.483157" lon="2.894219"><ele>133.0</ele></trkpt>
<trkpt lat="39.482858" lon="2.894189"><ele>132.25</ele></trkpt>
<trkpt lat="39.482572" lon="2.894235"><ele>132.0</ele></trkpt>
<trkpt lat="39.481981" lon="2.894445"><ele>131.75</ele></trkpt>
<trkpt lat="39.481249" lon="2.894668"><ele>130.75</ele></trkpt>
<trkpt lat="39.480952" lon="2.894738"><ele>130.25</ele></trkpt>
<trkpt lat="39.480089" lon="2.894832"><ele>129.0</ele></trkpt>
<trkpt lat="39.479238" lon="2.894915"><ele>128.0</ele></trkpt>
<trkpt lat="39.478789" lon="2.894977"><ele>127.75</ele></trkpt>
<trkpt lat="39.478564" lon="2.895020"><ele>128.0</ele></trkpt>
<trkpt lat="39.478264" lon="2.895065"><ele>128.75</ele></trkpt>
<trkpt lat="39.478170" lon="2.895057"><ele>129.25</ele></trkpt>
<trkpt lat="39.478107" lon="2.895037"><ele>129.75</ele></trkpt>
<trkpt lat="39.478072" lon="2.895016"><ele>129.75</ele></trkpt>
<trkpt lat="39.478045" lon="2.894966"><ele>129.75</ele></trkpt>
<trkpt lat="39.477997" lon="2.894911"><ele>129.75</ele></trkpt>
<trkpt lat="39.477938" lon="2.894876"><ele>129.5</ele></trkpt>
<trkpt lat="39.477866" lon="2.894865"><ele>129.5</ele></trkpt>
<trkpt lat="39.477795" lon="2.894885"><ele>129.5</ele></trkpt>
<trkpt lat="39.477762" lon="2.894907"><ele>129.75</ele></trkpt>
<trkpt lat="39.477733" lon="2.894934"><ele>130.0</ele></trkpt>
<trkpt lat="39.477690" lon="2.894998"><ele>130.25</ele></trkpt>
<trkpt lat="39.477663" lon="2.895076"><ele>130.25</ele></trkpt>
<trkpt lat="39.477624" lon="2.895124"><ele>130.25</ele></trkpt>
<trkpt lat="39.477570" lon="2.895163"><ele>130.25</ele></trkpt>
<trkpt lat="39.477517" lon="2.895186"><ele>130.25</ele></trkpt>
<trkpt lat="39.477206" lon="2.895217"><ele>130.5</ele></trkpt>
<trkpt lat="39.476480" lon="2.895302"><ele>129.5</ele></trkpt>
<trkpt lat="39.476182" lon="2.895332"><ele>130.75</ele></trkpt>
<trkpt lat="39.476095" lon="2.895315"><ele>130.75</ele></trkpt>
<trkpt lat="39.476028" lon="2.895290"><ele>130.5</ele></trkpt>
<trkpt lat="39.475994" lon="2.895252"><ele>130.25</ele></trkpt>
<trkpt lat="39.475964" lon="2.895195"><ele>129.75</ele></trkpt>
<trkpt lat="39.475925" lon="2.895152"><ele>129.25</ele></trkpt>
<trkpt lat="39.475874" lon="2.895115"><ele>128.75</ele></trkpt>
<trkpt lat="39.475844" lon="2.895104"><ele>128.75</ele></trkpt>
<trkpt lat="39.475805" lon="2.895099"><ele>128.5</ele></trkpt>
<trkpt lat="39.475742" lon="2.895105"><ele>128.5</ele></trkpt>
<trkpt lat="39.475709" lon="2.895119"><ele>128.5</ele></trkpt>
<trkpt lat="39.475660" lon="2.895160"><ele>128.75</ele></trkpt>
<trkpt lat="39.475621" lon="2.895206"><ele>128.75</ele></trkpt>
<trkpt lat="39.475606" lon="2.895236"><ele>129.0</ele></trkpt>
<trkpt lat="39.475595" lon="2.895266"><ele>129.0</ele></trkpt>
<trkpt lat="39.475569" lon="2.895307"><ele>128.75</ele></trkpt>
<trkpt lat="39.475546" lon="2.895329"><ele>128.5</ele></trkpt>
<trkpt lat="39.475432" lon="2.895381"><ele>127.0</ele></trkpt>
<trkpt lat="39.475330" lon="2.895420"><ele>126.0</ele></trkpt>
<trkpt lat="39.475010" lon="2.895488"><ele>125.5</ele></trkpt>
<trkpt lat="39.473880" lon="2.895710"><ele>123.5</ele></trkpt>
<trkpt lat="39.473156" lon="2.895883"><ele>123.0</ele></trkpt>
<trkpt lat="39.472922" lon="2.895960"><ele>122.5</ele></trkpt>
<trkpt lat="39.472731" lon="2.896054"><ele>121.75</ele></trkpt>
<trkpt lat="39.472543" lon="2.896162"><ele>122.0</ele></trkpt>
<trkpt lat="39.472317" lon="2.896323"><ele>121.75</ele></trkpt>
<trkpt lat="39.472003" lon="2.896567"><ele>121.0</ele></trkpt>
<trkpt lat="39.471026" lon="2.897393"><ele>120.5</ele></trkpt>
<trkpt lat="39.469795" lon="2.898418"><ele>118.5</ele></trkpt>
<trkpt lat="39.469417" lon="2.898681"><ele>117.75</ele></trkpt>
<trkpt lat="39.469250" lon="2.898777"><ele>117.5</ele></trkpt>
<trkpt lat="39.469093" lon="2.898846"><ele>117.5</ele></trkpt>
<trkpt lat="39.468818" lon="2.898949"><ele>116.75</ele></trkpt>
<trkpt lat="39.468437" lon="2.899023"><ele>116.5</ele></trkpt>
<trkpt lat="39.468073" lon="2.899089"><ele>116.25</ele></trkpt>
<trkpt lat="39.467565" lon="2.899206"><ele>116.5</ele></trkpt>
<trkpt lat="39.467267" lon="2.899288"><ele>116.0</ele></trkpt>
<trkpt lat="39.466135" lon="2.899664"><ele>115.0</ele></trkpt>
<trkpt lat="39.465940" lon="2.899750"><ele>115.0</ele></trkpt>
<trkpt lat="39.465783" lon="2.899852"><ele>115.0</ele></trkpt>
<trkpt lat="39.465627" lon="2.899982"><ele>115.0</ele></trkpt>
<trkpt lat="39.465489" lon="2.900126"><ele>114.75</ele></trkpt>
<trkpt lat="39.465370" lon="2.900279"><ele>114.25</ele></trkpt>
<trkpt lat="39.465282" lon="2.900403"><ele>114.0</ele></trkpt>
<trkpt lat="39.465182" lon="2.900605"><ele>114.0</ele></trkpt>
<trkpt lat="39.465065" lon="2.900892"><ele>113.75</ele></trkpt>
<trkpt lat="39.464794" lon="2.901604"><ele>113.0</ele></trkpt>
<trkpt lat="39.464698" lon="2.901815"><ele>112.75</ele></trkpt>
<trkpt lat="39.464593" lon="2.901995"><ele>112.25</ele></trkpt>
<trkpt lat="39.464468" lon="2.902147"><ele>112.0</ele></trkpt>
<trkpt lat="39.464350" lon="2.902271"><ele>111.75</ele></trkpt>
<trkpt lat="39.464168" lon="2.902407"><ele>111.25</ele></trkpt>
<trkpt lat="39.463973" lon="2.902512"><ele>111.5</ele></trkpt>
<trkpt lat="39.462846" lon="2.903041"><ele>110.0</ele></trkpt>
<trkpt lat="39.462541" lon="2.903195"><ele>109.75</ele></trkpt>
<trkpt lat="39.461709" lon="2.903674"><ele>108.75</ele></trkpt>
<trkpt lat="39.461394" lon="2.903855"><ele>108.75</ele></trkpt>
<trkpt lat="39.459444" lon="2.905022"><ele>106.75</ele></trkpt>
<trkpt lat="39.459209" lon="2.905156"><ele>106.75</ele></trkpt>
<trkpt lat="39.458970" lon="2.905278"><ele>106.75</ele></trkpt>
<trkpt lat="39.458680" lon="2.905385"><ele>106.0</ele></trkpt>
<trkpt lat="39.458360" lon="2.905457"><ele>106.5</ele></trkpt>
<trkpt lat="39.458220" lon="2.905472"><ele>106.25</ele></trkpt>
<trkpt lat="39.457981" lon="2.905476"><ele>105.75</ele></trkpt>
<trkpt lat="39.457641" lon="2.905438"><ele>105.0</ele></trkpt>
<trkpt lat="39.457288" lon="2.905331"><ele>104.75</ele></trkpt>
<trkpt lat="39.456924" lon="2.905157"><ele>104.75</ele></trkpt>
<trkpt lat="39.456643" lon="2.904962"><ele>104.75</ele></trkpt>
<trkpt lat="39.453278" lon="2.902331"><ele>98.75</ele></trkpt>
<trkpt lat="39.452843" lon="2.901935"><ele>99.0</ele></trkpt>
<trkpt lat="39.452486" lon="2.901517"><ele>97.75</ele></trkpt>
<trkpt lat="39.451731" lon="2.900517"><ele>97.0</ele></trkpt>
<trkpt lat="39.451484" lon="2.900239"><ele>97.25</ele></trkpt>
<trkpt lat="39.451344" lon="2.900082"><ele>97.0</ele></trkpt>
<trkpt lat="39.451303" lon="2.900052"><ele>97.0</ele></trkpt>
<trkpt lat="39.451066" lon="2.899882"><ele>97.0</ele></trkpt>
<trkpt lat="39.450807" lon="2.899774"><ele>96.75</ele></trkpt>
<trkpt lat="39.450667" lon="2.899741"><ele>96.25</ele></trkpt>
<trkpt lat="39.450528" lon="2.899725"><ele>95.75</ele></trkpt>
<trkpt lat="39.450323" lon="2.899718"><ele>95.0</ele></trkpt>
<trkpt lat="39.449750" lon="2.899787"><ele>94.0</ele></trkpt>
<trkpt lat="39.449150" lon="2.899848"><ele>95.25</ele></trkpt>
<trkpt lat="39.449022" lon="2.899860"><ele>95.75</ele></trkpt>
<trkpt lat="39.448698" lon="2.899855"><ele>96.0</ele></trkpt>
<trkpt lat="39.448383" lon="2.899811"><ele>96.0</ele></trkpt>
<trkpt lat="39.447728" lon="2.899801"><ele>96.0</ele></trkpt>
<trkpt lat="39.447593" lon="2.899790"><ele>96.0</ele></trkpt>
<trkpt lat="39.445911" lon="2.899610"><ele>94.5</ele></trkpt>
<trkpt lat="39.445231" lon="2.899521"><ele>93.0</ele></trkpt>
<trkpt lat="39.444825" lon="2.899448"><ele>92.25</ele></trkpt>
<trkpt lat="39.444568" lon="2.899366"><ele>91.5</ele></trkpt>
<trkpt lat="39.443784" lon="2.899057"><ele>88.0</ele></trkpt>
<trkpt lat="39.443584" lon="2.899006"><ele>87.25</ele></trkpt>
<trkpt lat="39.443371" lon="2.898974"><ele>86.0</ele></trkpt>
<trkpt lat="39.443031" lon="2.898975"><ele>84.5</ele></trkpt>
<trkpt lat="39.442694" lon="2.899000"><ele>84.75</ele></trkpt>
<trkpt lat="39.441073" lon="2.899151"><ele>86.0</ele></trkpt>
<trkpt lat="39.440915" lon="2.899168"><ele>86.5</ele></trkpt>
<trkpt lat="39.440667" lon="2.899216"><ele>86.5</ele></trkpt>
<trkpt lat="39.440420" lon="2.899288"><ele>87.75</ele></trkpt>
<trkpt lat="39.440215" lon="2.899369"><ele>89.0</ele></trkpt>
<trkpt lat="39.440005" lon="2.899467"><ele>89.75</ele></trkpt>
<trkpt lat="39.437385" lon="2.900824"><ele>96.0</ele></trkpt>
<trkpt lat="39.436319" lon="2.901369"><ele>95.5</ele></trkpt>
<trkpt lat="39.435968" lon="2.901570"><ele>95.5</ele></trkpt>
<trkpt lat="39.435474" lon="2.901900"><ele>95.75</ele></trkpt>
<trkpt lat="39.435335" lon="2.902008"><ele>95.0</ele></trkpt>
<trkpt lat="39.435161" lon="2.902120"><ele>95.0</ele></trkpt>
<trkpt lat="39.435090" lon="2.902142"><ele>95.0</ele></trkpt>
<trkpt lat="39.434906" lon="2.902203"><ele>95.0</ele></trkpt>
<trkpt lat="39.434714" lon="2.902229"><ele>94.75</ele></trkpt>
<trkpt lat="39.434521" lon="2.902237"><ele>94.75</ele></trkpt>
<trkpt lat="39.434351" lon="2.902212"><ele>95.0</ele></trkpt>
<trkpt lat="39.434126" lon="2.902141"><ele>95.0</ele></trkpt>
<trkpt lat="39.433935" lon="2.902051"><ele>95.0</ele></trkpt>
<trkpt lat="39.433779" lon="2.901941"><ele>95.0</ele></trkpt>
<trkpt lat="39.432067" lon="2.900571"><ele>94.0</ele></trkpt>
<trkpt lat="39.431652" lon="2.900280"><ele>93.0</ele></trkpt>
<trkpt lat="39.430843" lon="2.899767"><ele>92.0</ele></trkpt>
<trkpt lat="39.430613" lon="2.899611"><ele>91.5</ele></trkpt>
<trkpt lat="39.430374" lon="2.899470"><ele>91.25</ele></trkpt>
<trkpt lat="39.429974" lon="2.899253"><ele>91.5</ele></trkpt>
<trkpt lat="39.429038" lon="2.898797"><ele>91.5</ele></trkpt>
<trkpt lat="39.428895" lon="2.898718"><ele>91.0</ele></trkpt>
<trkpt lat="39.428774" lon="2.898615"><ele>90.5</ele></trkpt>
<trkpt lat="39.428175" lon="2.898029"><ele>90.0</ele></trkpt>
<trkpt lat="39.427878" lon="2.897728"><ele>89.75</ele></trkpt>
<trkpt lat="39.427406" lon="2.897211"><ele>90.0</ele></trkpt>
<trkpt lat="39.427097" lon="2.896837"><ele>89.75</ele></trkpt>
<trkpt lat="39.426216" lon="2.895275"><ele>90.0</ele></trkpt>
<trkpt lat="39.426055" lon="2.895025"><ele>89.75</ele></trkpt>
<trkpt lat="39.425884" lon="2.894799"><ele>89.75</ele></trkpt>
<trkpt lat="39.425697" lon="2.894609"><ele>89.0</ele></trkpt>
<trkpt lat="39.425352" lon="2.894372"><ele>88.25</ele></trkpt>
<trkpt lat="39.425132" lon="2.894266"><ele>87.75</ele></trkpt>
<trkpt lat="39.424937" lon="2.894206"><ele>87.75</ele></trkpt>
<trkpt lat="39.424730" lon="2.894168"><ele>87.75</ele></trkpt>
<trkpt lat="39.424485" lon="2.894162"><ele>87.0</ele></trkpt>
<trkpt lat="39.424244" lon="2.894190"><ele>86.75</ele></trkpt>
<trkpt lat="39.423963" lon="2.894273"><ele>86.0</ele></trkpt>
<trkpt lat="39.423746" lon="2.894374"><ele>86.25</ele></trkpt>
<trkpt lat="39.423538" lon="2.894502"><ele>87.0</ele></trkpt>
<trkpt lat="39.419623" lon="2.897181"><ele>81.0</ele></trkpt>
<trkpt lat="39.418301" lon="2.898063"><ele>73.75</ele></trkpt>
<trkpt lat="39.417455" lon="2.898651"><ele>71.75</ele></trkpt>
<trkpt lat="39.417111" lon="2.898887"><ele>71.25</ele></trkpt>
<trkpt lat="39.416909" lon="2.899031"><ele>71.0</ele></trkpt>
<trkpt lat="39.416272" lon="2.899476"><ele>69.75</ele></trkpt>
<trkpt lat="39.415670" lon="2.899914"><ele>68.25</ele></trkpt>
<trkpt lat="39.413448" lon="2.901607"><ele>66.25</ele></trkpt>
<trkpt lat="39.413245" lon="2.901782"><ele>66.25</ele></trkpt>
<trkpt lat="39.412802" lon="2.902202"><ele>65.75</ele></trkpt>
<trkpt lat="39.411238" lon="2.903666"><ele>65.25</ele></trkpt>
<trkpt lat="39.410745" lon="2.904138"><ele>65.0</ele></trkpt>
<trkpt lat="39.409720" lon="2.905099"><ele>62.75</ele></trkpt>
<trkpt lat="39.409500" lon="2.905295"><ele>63.0</ele></trkpt>
<trkpt lat="39.409326" lon="2.905423"><ele>62.75</ele></trkpt>
<trkpt lat="39.409113" lon="2.905529"><ele>62.5</ele></trkpt>
<trkpt lat="39.408887" lon="2.905598"><ele>61.75</ele></trkpt>
<trkpt lat="39.408673" lon="2.905621"><ele>61.75</ele></trkpt>
<trkpt lat="39.407966" lon="2.905634"><ele>60.25</ele></trkpt>
<trkpt lat="39.405316" lon="2.905646"><ele>58.0</ele></trkpt>
<trkpt lat="39.403589" lon="2.905692"><ele>57.0</ele></trkpt>
<trkpt lat="39.403101" lon="2.905706"><ele>56.75</ele></trkpt>
<trkpt lat="39.402227" lon="2.905751"><ele>57.75</ele></trkpt>
<trkpt lat="39.401367" lon="2.905833"><ele>58.0</ele></trkpt>
<trkpt lat="39.400680" lon="2.905908"><ele>59.5</ele></trkpt>
<trkpt lat="39.399677" lon="2.906055"><ele>61.0</ele></trkpt>
<trkpt lat="39.399338" lon="2.906115"><ele>61.0</ele></trkpt>
<trkpt lat="39.398247" lon="2.906348"><ele>60.0</ele></trkpt>
<trkpt lat="39.397968" lon="2.906405"><ele>60.0</ele></trkpt>
<trkpt lat="39.397854" lon="2.906338"><ele>59.75</ele></trkpt>
<trkpt lat="39.397790" lon="2.906282"><ele>60.0</ele></trkpt>
<trkpt lat="39.397758" lon="2.906233"><ele>59.75</ele></trkpt>
<trkpt lat="39.397739" lon="2.906203"><ele>59.75</ele></trkpt>
<trkpt lat="39.397738" lon="2.906124"><ele>59.75</ele></trkpt>
<trkpt lat="39.397731" lon="2.905911"><ele>59.75</ele></trkpt>
<trkpt lat="39.397885" lon="2.904527"><ele>61.0</ele></trkpt>
<trkpt lat="39.398012" lon="2.903312"><ele>62.0</ele></trkpt>
<trkpt lat="39.398081" lon="2.902020"><ele>63.5</ele></trkpt>
<trkpt lat="39.398152" lon="2.899492"><ele>59.25</ele></trkpt>
<trkpt lat="39.398266" lon="2.894802"><ele>56.75</ele></trkpt>
<trkpt lat="39.398607" lon="2.889905"><ele>61.75</ele></trkpt>
<trkpt lat="39.398664" lon="2.889182"><ele>63.0</ele></trkpt>
<trkpt lat="39.398742" lon="2.888616"><ele>63.75</ele></trkpt>
<trkpt lat="39.398912" lon="2.887766"><ele>63.75</ele></trkpt>
<trkpt lat="39.399551" lon="2.884562"><ele>62.0</ele></trkpt>
<trkpt lat="39.399708" lon="2.883683"><ele>62.0</ele></trkpt>
<trkpt lat="39.399760" lon="2.883101"><ele>62.0</ele></trkpt>
<trkpt lat="39.399889" lon="2.879520"><ele>64.0</ele></trkpt>
<trkpt lat="39.399871" lon="2.878977"><ele>64.5</ele></trkpt>
<trkpt lat="39.399817" lon="2.878715"><ele>64.25</ele></trkpt>
<trkpt lat="39.399068" lon="2.875871"><ele>61.5</ele></trkpt>
<trkpt lat="39.398703" lon="2.874486"><ele>60.5</ele></trkpt>
<trkpt lat="39.397738" lon="2.870973"><ele>65.0</ele></trkpt>
<trkpt lat="39.397235" lon="2.868952"><ele>67.5</ele></trkpt>
<trkpt lat="39.397124" lon="2.868211"><ele>67.25</ele></trkpt>
<trkpt lat="39.397008" lon="2.867200"><ele>67.0</ele></trkpt>
<trkpt lat="39.396988" lon="2.867014"><ele>67.0</ele></trkpt>
<trkpt lat="39.396198" lon="2.859568"><ele>71.0</ele></trkpt>
<trkpt lat="39.395364" lon="2.851810"><ele>76.5</ele></trkpt>
<trkpt lat="39.394944" lon="2.848670"><ele>73.0</ele></trkpt>
<trkpt lat="39.394906" lon="2.848281"><ele>72.75</ele></trkpt>
<trkpt lat="39.394903" lon="2.847936"><ele>72.25</ele></trkpt>
<trkpt lat="39.394938" lon="2.847712"><ele>72.0</ele></trkpt>
<trkpt lat="39.395369" lon="2.845503"><ele>71.0</ele></trkpt>
<trkpt lat="39.395654" lon="2.844130"><ele>72.0</ele></trkpt>
<trkpt lat="39.395757" lon="2.843785"><ele>72.0</ele></trkpt>
<trkpt lat="39.395886" lon="2.843435"><ele>71.75</ele></trkpt>
<trkpt lat="39.396221" lon="2.842714"><ele>71.0</ele></trkpt>
<trkpt lat="39.396771" lon="2.841554"><ele>72.75</ele></trkpt>
<trkpt lat="39.397831" lon="2.839320"><ele>75.0</ele></trkpt>
<trkpt lat="39.398077" lon="2.838805"><ele>76.0</ele></trkpt>
<trkpt lat="39.398187" lon="2.838619"><ele>76.0</ele></trkpt>
<trkpt lat="39.398251" lon="2.838495"><ele>75.75</ele></trkpt>
<trkpt lat="39.398815" lon="2.837757"><ele>76.5</ele></trkpt>
<trkpt lat="39.398938" lon="2.837580"><ele>77.0</ele></trkpt>
<trkpt lat="39.399222" lon="2.837297"><ele>78.0</ele></trkpt>
<trkpt lat="39.400155" lon="2.836629"><ele>79.0</ele></trkpt>
<trkpt lat="39.400295" lon="2.836505"><ele>79.0</ele></trkpt>
<trkpt lat="39.402230" lon="2.834597"><ele>80.5</ele></trkpt>
<trkpt lat="39.402383" lon="2.834392"><ele>80.0</ele></trkpt>
<trkpt lat="39.402450" lon="2.834202"><ele>80.0</ele></trkpt>
<trkpt lat="39.402463" lon="2.833978"><ele>80.0</ele></trkpt>
<trkpt lat="39.402443" lon="2.833797"><ele>80.0</ele></trkpt>
<trkpt lat="39.402373" lon="2.833626"><ele>80.0</ele></trkpt>
<trkpt lat="39.402258" lon="2.833407"><ele>80.0</ele></trkpt>
<trkpt lat="39.402228" lon="2.833355"><ele>80.0</ele></trkpt>
<trkpt lat="39.399678" lon="2.829020"><ele>80.25</ele></trkpt>
<trkpt lat="39.399426" lon="2.828585"><ele>81.0</ele></trkpt>
<trkpt lat="39.398837" lon="2.827606"><ele>80.75</ele></trkpt>
<trkpt lat="39.398676" lon="2.827380"><ele>80.0</ele></trkpt>
<trkpt lat="39.397229" lon="2.825336"><ele>76.0</ele></trkpt>
<trkpt lat="39.397058" lon="2.825112"><ele>76.0</ele></trkpt>
<trkpt lat="39.396899" lon="2.824962"><ele>75.75</ele></trkpt>
<trkpt lat="39.396771" lon="2.824940"><ele>75.25</ele></trkpt>
<trkpt lat="39.396625" lon="2.824995"><ele>75.0</ele></trkpt>
<trkpt lat="39.396321" lon="2.825263"><ele>74.75</ele></trkpt>
<trkpt lat="39.395883" lon="2.825710"><ele>73.5</ele></trkpt>
<trkpt lat="39.395672" lon="2.825851"><ele>73.25</ele></trkpt>
<trkpt lat="39.395467" lon="2.825963"><ele>72.75</ele></trkpt>
<trkpt lat="39.394642" lon="2.826353"><ele>72.5</ele></trkpt>
<trkpt lat="39.393864" lon="2.826783"><ele>70.75</ele></trkpt>
<trkpt lat="39.393662" lon="2.826865"><ele>70.75</ele></trkpt>
<trkpt lat="39.393546" lon="2.826880"><ele>70.5</ele></trkpt>
<trkpt lat="39.393450" lon="2.826858"><ele>70.25</ele></trkpt>
<trkpt lat="39.393229" lon="2.826759"><ele>69.75</ele></trkpt>
<trkpt lat="39.392939" lon="2.826587"><ele>69.5</ele></trkpt>
<trkpt lat="39.391605" lon="2.825736"><ele>70.0</ele></trkpt>
<trkpt lat="39.390961" lon="2.825350"><ele>70.25</ele></trkpt>
<trkpt lat="39.390725" lon="2.825147"><ele>70.5</ele></trkpt>
<trkpt lat="39.390521" lon="2.824838"><ele>71.0</ele></trkpt>
<trkpt lat="39.387699" lon="2.818283"><ele>68.25</ele></trkpt>
<trkpt lat="39.387679" lon="2.818236"><ele>68.5</ele></trkpt>
<trkpt lat="39.386522" lon="2.815554"><ele>72.5</ele></trkpt>
<trkpt lat="39.385291" lon="2.812677"><ele>75.25</ele></trkpt>
<trkpt lat="39.384329" lon="2.810425"><ele>75.75</ele></trkpt>
<trkpt lat="39.384142" lon="2.810134"><ele>75.75</ele></trkpt>
<trkpt lat="39.381262" lon="2.807055"><ele>70.75</ele></trkpt>
<trkpt lat="39.380812" lon="2.806573"><ele>71.75</ele></trkpt>
<trkpt lat="39.377356" lon="2.802872"><ele>70.25</ele></trkpt>
<trkpt lat="39.374278" lon="2.799535"><ele>72.0</ele></trkpt>
<trkpt lat="39.371862" lon="2.796883"><ele>74.5</ele></trkpt>
<trkpt lat="39.370237" lon="2.795204"><ele>75.5</ele></trkpt>
<trkpt lat="39.369520" lon="2.794342"><ele>77.0</ele></trkpt>
<trkpt lat="39.369145" lon="2.793793"><ele>79.25</ele></trkpt>
<trkpt lat="39.369093" lon="2.793702"><ele>79.5</ele></trkpt>
<trkpt lat="39.368897" lon="2.793234"><ele>80.25</ele></trkpt>
<trkpt lat="39.368714" lon="2.792654"><ele>82.25</ele></trkpt>
<trkpt lat="39.368633" lon="2.792297"><ele>82.75</ele></trkpt>
<trkpt lat="39.368557" lon="2.791867"><ele>84.0</ele></trkpt>
<trkpt lat="39.368510" lon="2.791428"><ele>84.75</ele></trkpt>
<trkpt lat="39.368491" lon="2.790931"><ele>85.5</ele></trkpt>
<trkpt lat="39.368530" lon="2.790325"><ele>86.5</ele></trkpt>
<trkpt lat="39.368567" lon="2.790045"><ele>87.5</ele></trkpt>
<trkpt lat="39.368610" lon="2.789724"><ele>87.75</ele></trkpt>
<trkpt lat="39.368791" lon="2.789066"><ele>88.25</ele></trkpt>
<trkpt lat="39.368909" lon="2.788724"><ele>88.5</ele></trkpt>
<trkpt lat="39.369032" lon="2.788443"><ele>89.25</ele></trkpt>
<trkpt lat="39.369908" lon="2.786714"><ele>89.0</ele></trkpt>
<trkpt lat="39.370404" lon="2.785768"><ele>89.0</ele></trkpt>
<trkpt lat="39.371098" lon="2.784448"><ele>91.75</ele></trkpt>
<trkpt lat="39.371515" lon="2.783676"><ele>92.75</ele></trkpt>
<trkpt lat="39.372532" lon="2.781796"><ele>90.75</ele></trkpt>
<trkpt lat="39.372884" lon="2.781279"><ele>90.5</ele></trkpt>
<trkpt lat="39.373877" lon="2.780058"><ele>88.0</ele></trkpt>
<trkpt lat="39.375261" lon="2.778327"><ele>88.75</ele></trkpt>
<trkpt lat="39.376529" lon="2.776818"><ele>89.5</ele></trkpt>
<trkpt lat="39.376659" lon="2.776701"><ele>90.75</ele></trkpt>
<trkpt lat="39.376792" lon="2.776644"><ele>90.75</ele></trkpt>
<trkpt lat="39.377090" lon="2.776614"><ele>91.5</ele></trkpt>
<trkpt lat="39.377319" lon="2.776614"><ele>92.5</ele></trkpt>
<trkpt lat="39.381841" lon="2.776245"><ele>92.75</ele></trkpt>
<trkpt lat="39.384002" lon="2.776050"><ele>93.75</ele></trkpt>
<trkpt lat="39.384172" lon="2.776035"><ele>94.0</ele></trkpt>
<trkpt lat="39.384272" lon="2.776016"><ele>94.0</ele></trkpt>
<trkpt lat="39.384577" lon="2.775959"><ele>94.5</ele></trkpt>
<trkpt lat="39.384756" lon="2.775864"><ele>95.0</ele></trkpt>
<trkpt lat="39.384920" lon="2.775722"><ele>95.5</ele></trkpt>
<trkpt lat="39.385159" lon="2.775340"><ele>95.5</ele></trkpt>
<trkpt lat="39.386447" lon="2.772749"><ele>96.0</ele></trkpt>
<trkpt lat="39.387506" lon="2.770618"><ele>101.0</ele></trkpt>
<trkpt lat="39.388226" lon="2.769184"><ele>103.5</ele></trkpt>
<trkpt lat="39.390597" lon="2.764450"><ele>108.0</ele></trkpt>
<trkpt lat="39.391992" lon="2.761656"><ele>113.75</ele></trkpt>
<trkpt lat="39.392054" lon="2.761574"><ele>113.5</ele></trkpt>
<trkpt lat="39.392203" lon="2.761383"><ele>113.75</ele></trkpt>
<trkpt lat="39.392549" lon="2.761144"><ele>112.75</ele></trkpt>
<trkpt lat="39.394784" lon="2.759796"><ele>111.75</ele></trkpt>
<trkpt lat="39.397607" lon="2.758095"><ele>115.0</ele></trkpt>
<trkpt lat="39.398552" lon="2.757525"><ele>115.5</ele></trkpt>
<trkpt lat="39.398853" lon="2.757330"><ele>116.0</ele></trkpt>
<trkpt lat="39.398974" lon="2.757225"><ele>116.25</ele></trkpt>
<trkpt lat="39.399088" lon="2.757101"><ele>116.5</ele></trkpt>
<trkpt lat="39.399631" lon="2.756387"><ele>118.5</ele></trkpt>
<trkpt lat="39.400123" lon="2.755756"><ele>119.0</ele></trkpt>
<trkpt lat="39.401760" lon="2.753651"><ele>119.0</ele></trkpt>
<trkpt lat="39.402525" lon="2.752666"><ele>118.5</ele></trkpt>
<trkpt lat="39.404100" lon="2.750618"><ele>116.0</ele></trkpt>
<trkpt lat="39.404892" lon="2.749622"><ele>116.0</ele></trkpt>
<trkpt lat="39.405041" lon="2.749456"><ele>115.75</ele></trkpt>
<trkpt lat="39.405146" lon="2.749356"><ele>116.0</ele></trkpt>
<trkpt lat="39.405319" lon="2.749231"><ele>115.75</ele></trkpt>
<trkpt lat="39.405850" lon="2.748975"><ele>114.75</ele></trkpt>
<trkpt lat="39.409844" lon="2.746918"><ele>118.5</ele></trkpt>
<trkpt lat="39.410023" lon="2.746855"><ele>118.0</ele></trkpt>
<trkpt lat="39.410227" lon="2.746856"><ele>118.75</ele></trkpt>
<trkpt lat="39.410388" lon="2.746910"><ele>119.0</ele></trkpt>
<trkpt lat="39.410534" lon="2.746981"><ele>118.75</ele></trkpt>
<trkpt lat="39.410653" lon="2.747075"><ele>118.5</ele></trkpt>
<trkpt lat="39.410776" lon="2.747232"><ele>118.75</ele></trkpt>
<trkpt lat="39.410885" lon="2.747420"><ele>118.75</ele></trkpt>
<trkpt lat="39.411133" lon="2.748020"><ele>119.0</ele></trkpt>
<trkpt lat="39.411260" lon="2.748216"><ele>118.5</ele></trkpt>
<trkpt lat="39.411335" lon="2.748306"><ele>118.75</ele></trkpt>
<trkpt lat="39.411674" lon="2.748570"><ele>119.75</ele></trkpt>
<trkpt lat="39.411875" lon="2.748679"><ele>119.25</ele></trkpt>
<trkpt lat="39.412055" lon="2.748777"><ele>119.5</ele></trkpt>
<trkpt lat="39.417203" lon="2.751183"><ele>126.75</ele></trkpt>
<trkpt lat="39.417776" lon="2.751450"><ele>128.75</ele></trkpt>
<trkpt lat="39.418051" lon="2.751578"><ele>129.75</ele></trkpt>
<trkpt lat="39.418354" lon="2.751720"><ele>130.0</ele></trkpt>
<trkpt lat="39.418828" lon="2.751940"><ele>130.75</ele></trkpt>
<trkpt lat="39.419468" lon="2.752244"><ele>132.0</ele></trkpt>
<trkpt lat="39.419756" lon="2.752379"><ele>132.75</ele></trkpt>
<trkpt lat="39.420385" lon="2.752672"><ele>133.0</ele></trkpt>
<trkpt lat="39.420678" lon="2.752809"><ele>132.75</ele></trkpt>
<trkpt lat="39.423922" lon="2.754361"><ele>133.0</ele></trkpt>
<trkpt lat="39.426667" lon="2.755570"><ele>136.0</ele></trkpt>
<trkpt lat="39.427125" lon="2.755794"><ele>136.0</ele></trkpt>
<trkpt lat="39.427681" lon="2.756048"><ele>136.0</ele></trkpt>
<trkpt lat="39.429635" lon="2.756987"><ele>136.5</ele></trkpt>
<trkpt lat="39.430081" lon="2.757201"><ele>137.0</ele></trkpt>
<trkpt lat="39.431397" lon="2.757805"><ele>139.0</ele></trkpt>
<trkpt lat="39.431923" lon="2.758027"><ele>140.0</ele></trkpt>
<trkpt lat="39.432466" lon="2.758273"><ele>141.0</ele></trkpt>
<trkpt lat="39.432789" lon="2.758429"><ele>142.0</ele></trkpt>
<trkpt lat="39.434843" lon="2.759417"><ele>143.5</ele></trkpt>
<trkpt lat="39.436149" lon="2.760051"><ele>141.5</ele></trkpt>
<trkpt lat="39.436387" lon="2.760167"><ele>141.0</ele></trkpt>
<trkpt lat="39.437466" lon="2.760620"><ele>140.0</ele></trkpt>
<trkpt lat="39.437610" lon="2.760684"><ele>140.0</ele></trkpt>
<trkpt lat="39.438181" lon="2.760966"><ele>140.25</ele></trkpt>
<trkpt lat="39.438986" lon="2.761364"><ele>141.0</ele></trkpt>
<trkpt lat="39.439216" lon="2.761435"><ele>140.5</ele></trkpt>
<trkpt lat="39.439469" lon="2.761480"><ele>140.0</ele></trkpt>
<trkpt lat="39.439751" lon="2.761460"><ele>139.75</ele></trkpt>
<trkpt lat="39.439981" lon="2.761403"><ele>139.0</ele></trkpt>
<trkpt lat="39.440199" lon="2.761312"><ele>138.25</ele></trkpt>
<trkpt lat="39.441611" lon="2.760565"><ele>130.0</ele></trkpt>
<trkpt lat="39.442774" lon="2.759926"><ele>124.0</ele></trkpt>
<trkpt lat="39.443032" lon="2.759785"><ele>123.0</ele></trkpt>
<trkpt lat="39.443105" lon="2.759745"><ele>122.75</ele></trkpt>
<trkpt lat="39.444389" lon="2.759116"><ele>117.0</ele></trkpt>
<trkpt lat="39.446036" lon="2.758253"><ele>114.5</ele></trkpt>
<trkpt lat="39.446988" lon="2.757761"><ele>114.0</ele></trkpt>
<trkpt lat="39.447549" lon="2.757435"><ele>112.25</ele></trkpt>
<trkpt lat="39.449020" lon="2.756631"><ele>105.75</ele></trkpt>
<trkpt lat="39.450186" lon="2.755999"><ele>104.25</ele></trkpt>
<trkpt lat="39.451261" lon="2.755488"><ele>100.25</ele></trkpt>
<trkpt lat="39.453174" lon="2.754496"><ele>93.5</ele></trkpt>
<trkpt lat="39.454296" lon="2.753906"><ele>89.5</ele></trkpt>
<trkpt lat="39.454974" lon="2.753542"><ele>88.0</ele></trkpt>
<trkpt lat="39.455002" lon="2.753523"><ele>87.75</ele></trkpt>
<trkpt lat="39.455518" lon="2.753272"><ele>87.0</ele></trkpt>
<trkpt lat="39.455629" lon="2.753210"><ele>86.5</ele></trkpt>
<trkpt lat="39.460303" lon="2.750785"><ele>91.5</ele></trkpt>
<trkpt lat="39.461404" lon="2.750217"><ele>92.75</ele></trkpt>
<trkpt lat="39.462873" lon="2.749541"><ele>89.75</ele></trkpt>
<trkpt lat="39.464530" lon="2.748937"><ele>93.0</ele></trkpt>
<trkpt lat="39.464695" lon="2.748877"><ele>92.0</ele></trkpt>
<trkpt lat="39.464800" lon="2.748848"><ele>92.25</ele></trkpt>
<trkpt lat="39.466374" lon="2.748393"><ele>90.75</ele></trkpt>
<trkpt lat="39.467732" lon="2.748060"><ele>89.0</ele></trkpt>
<trkpt lat="39.468539" lon="2.747866"><ele>89.0</ele></trkpt>
<trkpt lat="39.470730" lon="2.747288"><ele>80.0</ele></trkpt>
<trkpt lat="39.471516" lon="2.747081"><ele>76.25</ele></trkpt>
<trkpt lat="39.471709" lon="2.747030"><ele>75.5</ele></trkpt>
<trkpt lat="39.471897" lon="2.746981"><ele>75.0</ele></trkpt>
<trkpt lat="39.472586" lon="2.746802"><ele>71.5</ele></trkpt>
<trkpt lat="39.473822" lon="2.746481"><ele>66.0</ele></trkpt>
<trkpt lat="39.474789" lon="2.746229"><ele>61.5</ele></trkpt>
<trkpt lat="39.475923" lon="2.745943"><ele>57.25</ele></trkpt>
<trkpt lat="39.476619" lon="2.745754"><ele>54.25</ele></trkpt>
<trkpt lat="39.477151" lon="2.745629"><ele>52.75</ele></trkpt>
<trkpt lat="39.478189" lon="2.745351"><ele>51.5</ele></trkpt>
<trkpt lat="39.480345" lon="2.744777"><ele>40.25</ele></trkpt>
<trkpt lat="39.481640" lon="2.744443"><ele>36.0</ele></trkpt>
<trkpt lat="39.482887" lon="2.744134"><ele>33.5</ele></trkpt>
<trkpt lat="39.483320" lon="2.744019"><ele>32.0</ele></trkpt>
<trkpt lat="39.484147" lon="2.743810"><ele>30.25</ele></trkpt>
<trkpt lat="39.484267" lon="2.743802"><ele>29.75</ele></trkpt>
<trkpt lat="39.484383" lon="2.743818"><ele>29.25</ele></trkpt>
<trkpt lat="39.484480" lon="2.743841"><ele>29.0</ele></trkpt>
<trkpt lat="39.484500" lon="2.743863"><ele>29.0</ele></trkpt>
<trkpt lat="39.484535" lon="2.743884"><ele>29.0</ele></trkpt>
<trkpt lat="39.484609" lon="2.743890"><ele>28.75</ele></trkpt>
<trkpt lat="39.484648" lon="2.743872"><ele>29.0</ele></trkpt>
<trkpt lat="39.484701" lon="2.743820"><ele>29.0</ele></trkpt>
<trkpt lat="39.484741" lon="2.743802"><ele>28.75</ele></trkpt>
<trkpt lat="39.484811" lon="2.743796"><ele>28.5</ele></trkpt>
<trkpt lat="39.484850" lon="2.743804"><ele>28.5</ele></trkpt>
<trkpt lat="39.484923" lon="2.743848"><ele>28.25</ele></trkpt>
<trkpt lat="39.485167" lon="2.744093"><ele>27.5</ele></trkpt>
<trkpt lat="39.486023" lon="2.744889"><ele>30.0</ele></trkpt>
<trkpt lat="39.486207" lon="2.745072"><ele>30.0</ele></trkpt>
<trkpt lat="39.486365" lon="2.745254"><ele>30.0</ele></trkpt>
<trkpt lat="39.486656" lon="2.745635"><ele>30.5</ele></trkpt>
<trkpt lat="39.486763" lon="2.745832"><ele>30.0</ele></trkpt>
<trkpt lat="39.486943" lon="2.746213"><ele>29.75</ele></trkpt>
<trkpt lat="39.487471" lon="2.747489"><ele>31.0</ele></trkpt>
<trkpt lat="39.487580" lon="2.747697"><ele>30.5</ele></trkpt>
<trkpt lat="39.487630" lon="2.747787"><ele>30.5</ele></trkpt>
<trkpt lat="39.487741" lon="2.747935"><ele>30.0</ele></trkpt>
<trkpt lat="39.488123" lon="2.748455"><ele>29.75</ele></trkpt>
<trkpt lat="39.488170" lon="2.748607"><ele>29.5</ele></trkpt>
<trkpt lat="39.488228" lon="2.748718"><ele>29.25</ele></trkpt>
<trkpt lat="39.488295" lon="2.748826"><ele>29.0</ele></trkpt>
<trkpt lat="39.488398" lon="2.748954"><ele>29.0</ele></trkpt>
<trkpt lat="39.488697" lon="2.749251"><ele>28.25</ele></trkpt>
<trkpt lat="39.488963" lon="2.749488"><ele>27.5</ele></trkpt>
<trkpt lat="39.489259" lon="2.749703"><ele>26.0</ele></trkpt>
<trkpt lat="39.489659" lon="2.749947"><ele>24.25</ele></trkpt>
<trkpt lat="39.489765" lon="2.749973"><ele>23.75</ele></trkpt>
<trkpt lat="39.489793" lon="2.749995"><ele>23.75</ele></trkpt>
<trkpt lat="39.489851" lon="2.750037"><ele>23.5</ele></trkpt>
<trkpt lat="39.489947" lon="2.750101"><ele>23.5</ele></trkpt>
<trkpt lat="39.490073" lon="2.750104"><ele>24.0</ele></trkpt>
<trkpt lat="39.490574" lon="2.750446"><ele>25.5</ele></trkpt>
<trkpt lat="39.490958" lon="2.750722"><ele>26.25</ele></trkpt>
<trkpt lat="39.491182" lon="2.750919"><ele>26.75</ele></trkpt>
<trkpt lat="39.491454" lon="2.751174"><ele>27.5</ele></trkpt>
<trkpt lat="39.491684" lon="2.751420"><ele>27.75</ele></trkpt>
<trkpt lat="39.491881" lon="2.751662"><ele>27.75</ele></trkpt>
<trkpt lat="39.492072" lon="2.751904"><ele>27.25</ele></trkpt>
<trkpt lat="39.492349" lon="2.752313"><ele>28.0</ele></trkpt>
<trkpt lat="39.492615" lon="2.752757"><ele>28.75</ele></trkpt>
<trkpt lat="39.493085" lon="2.753659"><ele>29.25</ele></trkpt>
<trkpt lat="39.493552" lon="2.754586"><ele>30.0</ele></trkpt>
<trkpt lat="39.494262" lon="2.755944"><ele>27.75</ele></trkpt>
<trkpt lat="39.494388" lon="2.756166"><ele>27.75</ele></trkpt>
<trkpt lat="39.494438" lon="2.756465"><ele>27.75</ele></trkpt>
<trkpt lat="39.494425" lon="2.756553"><ele>27.75</ele></trkpt>
<trkpt lat="39.494435" lon="2.756640"><ele>27.75</ele></trkpt>
<trkpt lat="39.494444" lon="2.756663"><ele>27.75</ele></trkpt>
<trkpt lat="39.494466" lon="2.756720"><ele>28.0</ele></trkpt>
<trkpt lat="39.494514" lon="2.756781"><ele>28.0</ele></trkpt>
<trkpt lat="39.494571" lon="2.756819"><ele>28.0</ele></trkpt>
<trkpt lat="39.494633" lon="2.756833"><ele>28.0</ele></trkpt>
<trkpt lat="39.494696" lon="2.756822"><ele>28.0</ele></trkpt>
<trkpt lat="39.494755" lon="2.756786"><ele>27.75</ele></trkpt>
<trkpt lat="39.494803" lon="2.756729"><ele>27.75</ele></trkpt>
<trkpt lat="39.494835" lon="2.756656"><ele>27.5</ele></trkpt>
<trkpt lat="39.494847" lon="2.756597"><ele>27.25</ele></trkpt>
<trkpt lat="39.494849" lon="2.756536"><ele>27.25</ele></trkpt>
<trkpt lat="39.494876" lon="2.756444"><ele>27.0</ele></trkpt>
<trkpt lat="39.494912" lon="2.756376"><ele>26.75</ele></trkpt>
<trkpt lat="39.494969" lon="2.756307"><ele>26.5</ele></trkpt>
<trkpt lat="39.495068" lon="2.756216"><ele>26.25</ele></trkpt>
<trkpt lat="39.495088" lon="2.756207"><ele>26.25</ele></trkpt>
<trkpt lat="39.495430" lon="2.756052"><ele>25.75</ele></trkpt>
<trkpt lat="39.495509" lon="2.756018"><ele>25.75</ele></trkpt>
<trkpt lat="39.495751" lon="2.755923"><ele>26.0</ele></trkpt>
<trkpt lat="39.496445" lon="2.755659"><ele>25.5</ele></trkpt>
<trkpt lat="39.496748" lon="2.755480"><ele>25.5</ele></trkpt>
<trkpt lat="39.496815" lon="2.755434"><ele>25.25</ele></trkpt>
<trkpt lat="39.496907" lon="2.755372"><ele>25.0</ele></trkpt>
<trkpt lat="39.497279" lon="2.755124"><ele>25.25</ele></trkpt>
<trkpt lat="39.497664" lon="2.754868"><ele>23.5</ele></trkpt>
<trkpt lat="39.497717" lon="2.754833"><ele>23.25</ele></trkpt>
<trkpt lat="39.497779" lon="2.754791"><ele>22.75</ele></trkpt>
<trkpt lat="39.498054" lon="2.754606"><ele>22.0</ele></trkpt>
<trkpt lat="39.498133" lon="2.754556"><ele>21.5</ele></trkpt>
<trkpt lat="39.498313" lon="2.754435"><ele>20.75</ele></trkpt>
<trkpt lat="39.498515" lon="2.754301"><ele>20.0</ele></trkpt>
<trkpt lat="39.499116" lon="2.753900"><ele>20.5</ele></trkpt>
<trkpt lat="39.499191" lon="2.753850"><ele>20.75</ele></trkpt>
<trkpt lat="39.499318" lon="2.753768"><ele>21.0</ele></trkpt>
<trkpt lat="39.499549" lon="2.753620"><ele>21.5</ele></trkpt>
<trkpt lat="39.499864" lon="2.753417"><ele>20.0</ele></trkpt>
<trkpt lat="39.500132" lon="2.753246"><ele>18.75</ele></trkpt>
<trkpt lat="39.500449" lon="2.753325"><ele>16.75</ele></trkpt>
<trkpt lat="39.500596" lon="2.753354"><ele>15.75</ele></trkpt>
<trkpt lat="39.500983" lon="2.753432"><ele>15.5</ele></trkpt>
<trkpt lat="39.501785" lon="2.753626"><ele>11.5</ele></trkpt>
<trkpt lat="39.502488" lon="2.753880"><ele>11.0</ele></trkpt>
<trkpt lat="39.502809" lon="2.753964"><ele>9.25</ele></trkpt>
<trkpt lat="39.503094" lon="2.754123"><ele>8.25</ele></trkpt>
<trkpt lat="39.503350" lon="2.754329"><ele>7.0</ele></trkpt>
<trkpt lat="39.503506" lon="2.754308"><ele>6.0</ele></trkpt>
<trkpt lat="39.503768" lon="2.754272"><ele>3.75</ele></trkpt>
<trkpt lat="39.503912" lon="2.754251"><ele>2.75</ele></trkpt>
<trkpt lat="39.504040" lon="2.754223"><ele>4.5</ele></trkpt>
<trkpt lat="39.504262" lon="2.754188"><ele>6.0</ele></trkpt>
<trkpt lat="39.504311" lon="2.754177"><ele>6.0</ele></trkpt>
<trkpt lat="39.504364" lon="2.754170"><ele>6.0</ele></trkpt>
<trkpt lat="39.504800" lon="2.754098"><ele>6.0</ele></trkpt>
<trkpt lat="39.505105" lon="2.754042"><ele>6.5</ele></trkpt>
<trkpt lat="39.505297" lon="2.754014"><ele>7.0</ele></trkpt>
<trkpt lat="39.505505" lon="2.753978"><ele>7.25</ele></trkpt>
<trkpt lat="39.505788" lon="2.753928"><ele>7.0</ele></trkpt>
<trkpt lat="39.506286" lon="2.753842"><ele>6.75</ele></trkpt>
<trkpt lat="39.506245" lon="2.753127"><ele>4.75</ele></trkpt>
<trkpt lat="39.506215" lon="2.752435"><ele>3.25</ele></trkpt>
<trkpt lat="39.506192" lon="2.751723"><ele>3.25</ele></trkpt>
<trkpt lat="39.506180" lon="2.751524"><ele>2.5</ele></trkpt>
<trkpt lat="39.506570" lon="2.751377"><ele>2.75</ele></trkpt>
<trkpt lat="39.507202" lon="2.751044"><ele>2.5</ele></trkpt>
<trkpt lat="39.507442" lon="2.750912"><ele>2.75</ele></trkpt>
<trkpt lat="39.507736" lon="2.750746"><ele>2.75</ele></trkpt>
<trkpt lat="39.507807" lon="2.750705"><ele>2.75</ele></trkpt>
<trkpt lat="39.507941" lon="2.750632"><ele>2.75</ele></trkpt>
<trkpt lat="39.508194" lon="2.750500"><ele>2.75</ele></trkpt>
<trkpt lat="39.508267" lon="2.750461"><ele>2.75</ele></trkpt>
<trkpt lat="39.508320" lon="2.750432"><ele>2.75</ele></trkpt>
<trkpt lat="39.508953" lon="2.750093"><ele>3.0</ele></trkpt>
<trkpt lat="39.509270" lon="2.749915"><ele>2.5</ele></trkpt>
<trkpt lat="39.509307" lon="2.749893"><ele>2.5</ele></trkpt>
<trkpt lat="39.509867" lon="2.749579"><ele>2.5</ele></trkpt>
<trkpt lat="39.510271" lon="2.749356"><ele>2.0</ele></trkpt>
<trkpt lat="39.510374" lon="2.749299"><ele>2.0</ele></trkpt>
<trkpt lat="39.510417" lon="2.749275"><ele>2.0</ele></trkpt>
<trkpt lat="39.510889" lon="2.749016"><ele>2.25</ele></trkpt>
<trkpt lat="39.511169" lon="2.748848"><ele>2.0</ele></trkpt>
<trkpt lat="39.511388" lon="2.748716"><ele>2.25</ele></trkpt>
<trkpt lat="39.511461" lon="2.748668"><ele>2.25</ele></trkpt>
<trkpt lat="39.511686" lon="2.748514"><ele>2.5</ele></trkpt>
<trkpt lat="39.511937" lon="2.748342"><ele>2.0</ele></trkpt>
<trkpt lat="39.512129" lon="2.748211"><ele>2.25</ele></trkpt>
<trkpt lat="39.512379" lon="2.747998"><ele>2.0</ele></trkpt>
<trkpt lat="39.512875" lon="2.747618"><ele>2.0</ele></trkpt>
<trkpt lat="39.513259" lon="2.747323"><ele>2.0</ele></trkpt>
<trkpt lat="39.513376" lon="2.747234"><ele>2.0</ele></trkpt>
<trkpt lat="39.513502" lon="2.747128"><ele>2.0</ele></trkpt>
<trkpt lat="39.513773" lon="2.746902"><ele>2.0</ele></trkpt>
<trkpt lat="39.513852" lon="2.746836"><ele>2.0</ele></trkpt>
<trkpt lat="39.513936" lon="2.746769"><ele>2.0</ele></trkpt>
<trkpt lat="39.514296" lon="2.746481"><ele>2.0</ele></trkpt>
<trkpt lat="39.514317" lon="2.746464"><ele>2.0</ele></trkpt>
<trkpt lat="39.515293" lon="2.745631"><ele>2.0</ele></trkpt>
<trkpt lat="39.515506" lon="2.745453"><ele>2.5</ele></trkpt>
<trkpt lat="39.515876" lon="2.745131"><ele>2.0</ele></trkpt>
<trkpt lat="39.516223" lon="2.744851"><ele>2.0</ele></trkpt>
<trkpt lat="39.516648" lon="2.744431"><ele>2.0</ele></trkpt>
<trkpt lat="39.516701" lon="2.744379"><ele>2.0</ele></trkpt>
<trkpt lat="39.516721" lon="2.744359"><ele>2.0</ele></trkpt>
<trkpt lat="39.517176" lon="2.743910"><ele>2.0</ele></trkpt>
<trkpt lat="39.517228" lon="2.743853"><ele>2.0</ele></trkpt>
<trkpt lat="39.517362" lon="2.743707"><ele>2.0</ele></trkpt>
<trkpt lat="39.517508" lon="2.743547"><ele>2.0</ele></trkpt>
<trkpt lat="39.517579" lon="2.743470"><ele>2.0</ele></trkpt>
<trkpt lat="39.517763" lon="2.743270"><ele>2.0</ele></trkpt>
<trkpt lat="39.517992" lon="2.743020"><ele>2.0</ele></trkpt>
<trkpt lat="39.518011" lon="2.742999"><ele>2.0</ele></trkpt>
<trkpt lat="39.518080" lon="2.742924"><ele>1.75</ele></trkpt>
<trkpt lat="39.518487" lon="2.742489"><ele>2.0</ele></trkpt>
<trkpt lat="39.518920" lon="2.742029"><ele>2.0</ele></trkpt>
<trkpt lat="39.519379" lon="2.741564"><ele>2.0</ele></trkpt>
<trkpt lat="39.519605" lon="2.741319"><ele>2.25</ele></trkpt>
<trkpt lat="39.519800" lon="2.741107"><ele>2.25</ele></trkpt>
<trkpt lat="39.519857" lon="2.741045"><ele>2.25</ele></trkpt>
<trkpt lat="39.520217" lon="2.740650"><ele>2.25</ele></trkpt>
<trkpt lat="39.520689" lon="2.740159"><ele>2.0</ele></trkpt>
<trkpt lat="39.521537" lon="2.739234"><ele>2.0</ele></trkpt>
<trkpt lat="39.521671" lon="2.739086"><ele>2.0</ele></trkpt>
<trkpt lat="39.521929" lon="2.738802"><ele>2.0</ele></trkpt>
<trkpt lat="39.521981" lon="2.738745"><ele>2.0</ele></trkpt>
<trkpt lat="39.522415" lon="2.738225"><ele>2.0</ele></trkpt>
<trkpt lat="39.522507" lon="2.738110"><ele>2.0</ele></trkpt>
<trkpt lat="39.522666" lon="2.737912"><ele>2.25</ele></trkpt>
<trkpt lat="39.523188" lon="2.737314"><ele>2.0</ele></trkpt>
<trkpt lat="39.523257" lon="2.737235"><ele>2.0</ele></trkpt>
<trkpt lat="39.523290" lon="2.737196"><ele>2.0</ele></trkpt>
<trkpt lat="39.523386" lon="2.737085"><ele>2.0</ele></trkpt>
<trkpt lat="39.523673" lon="2.736752"><ele>2.25</ele></trkpt>
<trkpt lat="39.523921" lon="2.736464"><ele>2.25</ele></trkpt>
<trkpt lat="39.524226" lon="2.736110"><ele>2.25</ele></trkpt>
<trkpt lat="39.524662" lon="2.735604"><ele>2.0</ele></trkpt>
<trkpt lat="39.524860" lon="2.735374"><ele>2.0</ele></trkpt>
<trkpt lat="39.524977" lon="2.735238"><ele>2.0</ele></trkpt>
<trkpt lat="39.525064" lon="2.735137"><ele>2.0</ele></trkpt>
<trkpt lat="39.525171" lon="2.735012"><ele>2.0</ele></trkpt>
<trkpt lat="39.525292" lon="2.734872"><ele>2.0</ele></trkpt>
<trkpt lat="39.525485" lon="2.734648"><ele>2.0</ele></trkpt>
<trkpt lat="39.525600" lon="2.734515"><ele>2.0</ele></trkpt>
<trkpt lat="39.525726" lon="2.734369"><ele>2.0</ele></trkpt>
<trkpt lat="39.525981" lon="2.734072"><ele>2.0</ele></trkpt>
<trkpt lat="39.526079" lon="2.733959"><ele>2.0</ele></trkpt>
<trkpt lat="39.526288" lon="2.733716"><ele>2.0</ele></trkpt>
<trkpt lat="39.526550" lon="2.733411"><ele>1.75</ele></trkpt>
<trkpt lat="39.526653" lon="2.733292"><ele>2.0</ele></trkpt>
<trkpt lat="39.526760" lon="2.733168"><ele>2.0</ele></trkpt>
<trkpt lat="39.526776" lon="2.733149"><ele>2.0</ele></trkpt>
<trkpt lat="39.526971" lon="2.732923"><ele>2.0</ele></trkpt>
<trkpt lat="39.527446" lon="2.732372"><ele>2.0</ele></trkpt>
<trkpt lat="39.527690" lon="2.732088"><ele>2.0</ele></trkpt>
<trkpt lat="39.528442" lon="2.731191"><ele>2.0</ele></trkpt>
<trkpt lat="39.528483" lon="2.731141"><ele>2.0</ele></trkpt>
<trkpt lat="39.528622" lon="2.730974"><ele>2.0</ele></trkpt>
<trkpt lat="39.528799" lon="2.730762"><ele>2.0</ele></trkpt>
<trkpt lat="39.529041" lon="2.730486"><ele>2.0</ele></trkpt>
<trkpt lat="39.529214" lon="2.730284"><ele>2.0</ele></trkpt>
<trkpt lat="39.529240" lon="2.730248"><ele>2.0</ele></trkpt>
<trkpt lat="39.529549" lon="2.729840"><ele>2.25</ele></trkpt>
<trkpt lat="39.529870" lon="2.729413"><ele>2.75</ele></trkpt>
<trkpt lat="39.529915" lon="2.729351"><ele>2.75</ele></trkpt>
<trkpt lat="39.530449" lon="2.728611"><ele>2.75</ele></trkpt>
<trkpt lat="39.530652" lon="2.728281"><ele>2.75</ele></trkpt>
<trkpt lat="39.530843" lon="2.727927"><ele>2.0</ele></trkpt>
<trkpt lat="39.531395" lon="2.726909"><ele>2.0</ele></trkpt>
<trkpt lat="39.532044" lon="2.725711"><ele>2.0</ele></trkpt>
<trkpt lat="39.532524" lon="2.724825"><ele>2.0</ele></trkpt>
<trkpt lat="39.532881" lon="2.724162"><ele>2.0</ele></trkpt>
<trkpt lat="39.533114" lon="2.723727"><ele>2.0</ele></trkpt>
<trkpt lat="39.533241" lon="2.723497"><ele>2.0</ele></trkpt>
<trkpt lat="39.533604" lon="2.722823"><ele>2.0</ele></trkpt>
<trkpt lat="39.533957" lon="2.722174"><ele>2.0</ele></trkpt>
<trkpt lat="39.534241" lon="2.721644"><ele>2.0</ele></trkpt>
<trkpt lat="39.534288" lon="2.721573"><ele>2.0</ele></trkpt>
<trkpt lat="39.534555" lon="2.721190"><ele>2.25</ele></trkpt>
<trkpt lat="39.534791" lon="2.720857"><ele>2.25</ele></trkpt>
<trkpt lat="39.534930" lon="2.720638"><ele>2.5</ele></trkpt>
<trkpt lat="39.534999" lon="2.720525"><ele>2.75</ele></trkpt>
<trkpt lat="39.535147" lon="2.720014"><ele>1.5</ele></trkpt>
<trkpt lat="39.535209" lon="2.719808"><ele>1.75</ele></trkpt>
<trkpt lat="39.535246" lon="2.719675"><ele>1.75</ele></trkpt>
<trkpt lat="39.535431" lon="2.719007"><ele>2.0</ele></trkpt>
<trkpt lat="39.535505" lon="2.718789"><ele>2.25</ele></trkpt>
<trkpt lat="39.535579" lon="2.718858"><ele>2.0</ele></trkpt>
<trkpt lat="39.535717" lon="2.718972"><ele>2.5</ele></trkpt>
<trkpt lat="39.536434" lon="2.719593"><ele>3.0</ele></trkpt>
<trkpt lat="39.536524" lon="2.719677"><ele>3.0</ele></trkpt>
<trkpt lat="39.536548" lon="2.719614"><ele>3.0</ele></trkpt>
<trkpt lat="39.536789" lon="2.719329"><ele>3.0</ele></trkpt>
<trkpt lat="39.537025" lon="2.719113"><ele>3.5</ele></trkpt>
<trkpt lat="39.537090" lon="2.719054"><ele>4.0</ele></trkpt>
<trkpt lat="39.537504" lon="2.718664"><ele>4.75</ele></trkpt>
<trkpt lat="39.537619" lon="2.718495"><ele>4.5</ele></trkpt>
<trkpt lat="39.537682" lon="2.718326"><ele>4.25</ele></trkpt>
<trkpt lat="39.537744" lon="2.717919"><ele>4.0</ele></trkpt>
<trkpt lat="39.537861" lon="2.717346"><ele>5.25</ele></trkpt>
<trkpt lat="39.537929" lon="2.717031"><ele>5.5</ele></trkpt>
<trkpt lat="39.537933" lon="2.716967"><ele>5.5</ele></trkpt>
<trkpt lat="39.537989" lon="2.716404"><ele>4.75</ele></trkpt>
<trkpt lat="39.538003" lon="2.716271"><ele>4.25</ele></trkpt>
<trkpt lat="39.538061" lon="2.715433"><ele>3.5</ele></trkpt>
<trkpt lat="39.538112" lon="2.715070"><ele>3.0</ele></trkpt>
<trkpt lat="39.538146" lon="2.714978"><ele>3.0</ele></trkpt>
<trkpt lat="39.538239" lon="2.714816"><ele>3.0</ele></trkpt>
<trkpt lat="39.538737" lon="2.714211"><ele>3.25</ele></trkpt>
<trkpt lat="39.539207" lon="2.713621"><ele>3.0</ele></trkpt>
<trkpt lat="39.539234" lon="2.713587"><ele>3.25</ele></trkpt>
<trkpt lat="39.539426" lon="2.713346"><ele>3.0</ele></trkpt>
<trkpt lat="39.539638" lon="2.713079"><ele>3.25</ele></trkpt>
<trkpt lat="39.539853" lon="2.712810"><ele>3.25</ele></trkpt>
<trkpt lat="39.540090" lon="2.712513"><ele>3.0</ele></trkpt>
<trkpt lat="39.540554" lon="2.711865"><ele>4.0</ele></trkpt>
<trkpt lat="39.540626" lon="2.711768"><ele>3.5</ele></trkpt>
<trkpt lat="39.540868" lon="2.711448"><ele>3.75</ele></trkpt>
<trkpt lat="39.540983" lon="2.711258"><ele>4.0</ele></trkpt>
<trkpt lat="39.541040" lon="2.711165"><ele>4.0</ele></trkpt>
<trkpt lat="39.541098" lon="2.711072"><ele>4.0</ele></trkpt>
<trkpt lat="39.541199" lon="2.710907"><ele>4.0</ele></trkpt>
<trkpt lat="39.541335" lon="2.710639"><ele>4.0</ele></trkpt>
<trkpt lat="39.541427" lon="2.710435"><ele>4.0</ele></trkpt>
<trkpt lat="39.541783" lon="2.709551"><ele>3.75</ele></trkpt>
<trkpt lat="39.541921" lon="2.709274"><ele>4.0</ele></trkpt>
<trkpt lat="39.542252" lon="2.708717"><ele>4.5</ele></trkpt>
<trkpt lat="39.542378" lon="2.708526"><ele>4.5</ele></trkpt>
<trkpt lat="39.542593" lon="2.708223"><ele>5.0</ele></trkpt>
<trkpt lat="39.543153" lon="2.707436"><ele>5.0</ele></trkpt>
<trkpt lat="39.543717" lon="2.706732"><ele>5.25</ele></trkpt>
<trkpt lat="39.544251" lon="2.706174"><ele>6.0</ele></trkpt>
<trkpt lat="39.544990" lon="2.705448"><ele>6.25</ele></trkpt>
<trkpt lat="39.546465" lon="2.704040"><ele>7.25</ele></trkpt>
<trkpt lat="39.546641" lon="2.703889"><ele>7.0</ele></trkpt>
<trkpt lat="39.546830" lon="2.703690"><ele>7.25</ele></trkpt>
<trkpt lat="39.547227" lon="2.703318"><ele>7.0</ele></trkpt>
<trkpt lat="39.547646" lon="2.702925"><ele>7.0</ele></trkpt>
<trkpt lat="39.547709" lon="2.702866"><ele>7.0</ele></trkpt>
<trkpt lat="39.547846" lon="2.702738"><ele>7.0</ele></trkpt>
<trkpt lat="39.548058" lon="2.702538"><ele>7.0</ele></trkpt>
<trkpt lat="39.548334" lon="2.702165"><ele>7.0</ele></trkpt>
<trkpt lat="39.548451" lon="2.702008"><ele>7.0</ele></trkpt>
<trkpt lat="39.548560" lon="2.701835"><ele>7.0</ele></trkpt>
<trkpt lat="39.548710" lon="2.701621"><ele>7.25</ele></trkpt>
<trkpt lat="39.548921" lon="2.701318"><ele>7.0</ele></trkpt>
<trkpt lat="39.549491" lon="2.700496"><ele>7.75</ele></trkpt>
<trkpt lat="39.549566" lon="2.700396"><ele>7.5</ele></trkpt>
<trkpt lat="39.549888" lon="2.699886"><ele>8.75</ele></trkpt>
<trkpt lat="39.549903" lon="2.699854"><ele>8.75</ele></trkpt>
<trkpt lat="39.550115" lon="2.698955"><ele>10.0</ele></trkpt>
<trkpt lat="39.550193" lon="2.698798"><ele>10.25</ele></trkpt>
<trkpt lat="39.551117" lon="2.698097"><ele>13.0</ele></trkpt>
<trkpt lat="39.551154" lon="2.697892"><ele>12.75</ele></trkpt>
<trkpt lat="39.551377" lon="2.696911"><ele>11.75</ele></trkpt>
<trkpt lat="39.551390" lon="2.696853"><ele>12.0</ele></trkpt>
<trkpt lat="39.551407" lon="2.696779"><ele>12.0</ele></trkpt>
<trkpt lat="39.551602" lon="2.695901"><ele>10.75</ele></trkpt>
<trkpt lat="39.551694" lon="2.695680"><ele>10.75</ele></trkpt>
<trkpt lat="39.551825" lon="2.695514"><ele>9.75</ele></trkpt>
<trkpt lat="39.552291" lon="2.695014"><ele>7.75</ele></trkpt>
<trkpt lat="39.552923" lon="2.694403"><ele>4.75</ele></trkpt>
<trkpt lat="39.552993" lon="2.694336"><ele>4.5</ele></trkpt>
<trkpt lat="39.553047" lon="2.694276"><ele>4.25</ele></trkpt>
<trkpt lat="39.553748" lon="2.693500"><ele>3.75</ele></trkpt>
<trkpt lat="39.554033" lon="2.693244"><ele>3.25</ele></trkpt>
<trkpt lat="39.554409" lon="2.692913"><ele>3.0</ele></trkpt>
<trkpt lat="39.554938" lon="2.692444"><ele>3.0</ele></trkpt>
<trkpt lat="39.555263" lon="2.692156"><ele>3.0</ele></trkpt>
<trkpt lat="39.555500" lon="2.691911"><ele>3.0</ele></trkpt>
<trkpt lat="39.555596" lon="2.691810"><ele>3.0</ele></trkpt>
<trkpt lat="39.555705" lon="2.691644"><ele>3.0</ele></trkpt>
<trkpt lat="39.555917" lon="2.691321"><ele>3.0</ele></trkpt>
<trkpt lat="39.556119" lon="2.691016"><ele>3.0</ele></trkpt>
<trkpt lat="39.556357" lon="2.690658"><ele>3.75</ele></trkpt>
<trkpt lat="39.556463" lon="2.690429"><ele>4.25</ele></trkpt>
<trkpt lat="39.556535" lon="2.690157"><ele>3.25</ele></trkpt>
<trkpt lat="39.556600" lon="2.689784"><ele>3.75</ele></trkpt>
<trkpt lat="39.556714" lon="2.689105"><ele>3.75</ele></trkpt>
<trkpt lat="39.556870" lon="2.688532"><ele>3.0</ele></trkpt>
<trkpt lat="39.556888" lon="2.688454"><ele>3.0</ele></trkpt>
<trkpt lat="39.556931" lon="2.688326"><ele>3.0</ele></trkpt>
<trkpt lat="39.556987" lon="2.688349"><ele>3.0</ele></trkpt>
<trkpt lat="39.557092" lon="2.688336"><ele>3.0</ele></trkpt>
<trkpt lat="39.557148" lon="2.688289"><ele>3.0</ele></trkpt>
<trkpt lat="39.557197" lon="2.688223"><ele>3.0</ele></trkpt>
<trkpt lat="39.557223" lon="2.688128"><ele>3.0</ele></trkpt>
<trkpt lat="39.557223" lon="2.688027"><ele>3.0</ele></trkpt>
<trkpt lat="39.557206" lon="2.687950"><ele>3.0</ele></trkpt>
<trkpt lat="39.557134" lon="2.687867"><ele>3.0</ele></trkpt>
<trkpt lat="39.557070" lon="2.687829"><ele>3.0</ele></trkpt>
<trkpt lat="39.557007" lon="2.687827"><ele>3.0</ele></trkpt>
<trkpt lat="39.556948" lon="2.687843"><ele>3.0</ele></trkpt>
<trkpt lat="39.556957" lon="2.687577"><ele>3.0</ele></trkpt>
<trkpt lat="39.556981" lon="2.687377"><ele>3.0</ele></trkpt>
<trkpt lat="39.557084" lon="2.686709"><ele>3.0</ele></trkpt>
<trkpt lat="39.557166" lon="2.686097"><ele>3.0</ele></trkpt>
<trkpt lat="39.557192" lon="2.685517"><ele>3.0</ele></trkpt>
<trkpt lat="39.557257" lon="2.685113"><ele>3.0</ele></trkpt>
<trkpt lat="39.557405" lon="2.684298"><ele>2.5</ele></trkpt>
<trkpt lat="39.557486" lon="2.683852"><ele>3.0</ele></trkpt>
<trkpt lat="39.557533" lon="2.683638"><ele>2.75</ele></trkpt>
<trkpt lat="39.557673" lon="2.683228"><ele>2.5</ele></trkpt>
<trkpt lat="39.557759" lon="2.683001"><ele>3.0</ele></trkpt>
<trkpt lat="39.557781" lon="2.682944"><ele>3.0</ele></trkpt>
<trkpt lat="39.557840" lon="2.682788"><ele>3.0</ele></trkpt>
<trkpt lat="39.557950" lon="2.682502"><ele>3.0</ele></trkpt>
<trkpt lat="39.558040" lon="2.682334"><ele>3.0</ele></trkpt>
<trkpt lat="39.558073" lon="2.682273"><ele>3.0</ele></trkpt>
<trkpt lat="39.558514" lon="2.681405"><ele>3.5</ele></trkpt>
<trkpt lat="39.558567" lon="2.681268"><ele>3.75</ele></trkpt>
<trkpt lat="39.558716" lon="2.680945"><ele>4.0</ele></trkpt>
<trkpt lat="39.558792" lon="2.680736"><ele>4.0</ele></trkpt>
<trkpt lat="39.558883" lon="2.680445"><ele>3.75</ele></trkpt>
<trkpt lat="39.558979" lon="2.680034"><ele>4.0</ele></trkpt>
<trkpt lat="39.558997" lon="2.679925"><ele>3.5</ele></trkpt>
<trkpt lat="39.559013" lon="2.679813"><ele>3.25</ele></trkpt>
<trkpt lat="39.559070" lon="2.679392"><ele>3.0</ele></trkpt>
<trkpt lat="39.559115" lon="2.679073"><ele>3.0</ele></trkpt>
<trkpt lat="39.559179" lon="2.678495"><ele>3.0</ele></trkpt>
<trkpt lat="39.559246" lon="2.677961"><ele>3.0</ele></trkpt>
<trkpt lat="39.559320" lon="2.677397"><ele>2.5</ele></trkpt>
<trkpt lat="39.559381" lon="2.676939"><ele>2.75</ele></trkpt>
<trkpt lat="39.559390" lon="2.676886"><ele>2.75</ele></trkpt>
<trkpt lat="39.559516" lon="2.676129"><ele>2.0</ele></trkpt>
<trkpt lat="39.559626" lon="2.675638"><ele>2.0</ele></trkpt>
<trkpt lat="39.559824" lon="2.675269"><ele>2.0</ele></trkpt>
<trkpt lat="39.560297" lon="2.674505"><ele>2.0</ele></trkpt>
<trkpt lat="39.560592" lon="2.674033"><ele>2.0</ele></trkpt>
<trkpt lat="39.560665" lon="2.673903"><ele>2.0</ele></trkpt>
<trkpt lat="39.560697" lon="2.673813"><ele>2.0</ele></trkpt>
<trkpt lat="39.560869" lon="2.673188"><ele>2.0</ele></trkpt>
<trkpt lat="39.560975" lon="2.672805"><ele>2.0</ele></trkpt>
<trkpt lat="39.561277" lon="2.671721"><ele>1.75</ele></trkpt>
<trkpt lat="39.561311" lon="2.671596"><ele>1.75</ele></trkpt>
<trkpt lat="39.561331" lon="2.671523"><ele>1.75</ele></trkpt>
<trkpt lat="39.561422" lon="2.671185"><ele>2.0</ele></trkpt>
<trkpt lat="39.561483" lon="2.671019"><ele>1.75</ele></trkpt>
<trkpt lat="39.561594" lon="2.670893"><ele>1.75</ele></trkpt>
<trkpt lat="39.561761" lon="2.670742"><ele>1.75</ele></trkpt>
<trkpt lat="39.562045" lon="2.670486"><ele>2.0</ele></trkpt>
<trkpt lat="39.562179" lon="2.670354"><ele>2.0</ele></trkpt>
<trkpt lat="39.562193" lon="2.670340"><ele>2.0</ele></trkpt>
<trkpt lat="39.562236" lon="2.670295"><ele>2.0</ele></trkpt>
<trkpt lat="39.562305" lon="2.670227"></trkpt>
<trkpt lat="39.562378" lon="2.670153"></trkpt>
<trkpt lat="39.562675" lon="2.669766"><ele>2.25</ele></trkpt>
<trkpt lat="39.562739" lon="2.669656"></trkpt>
<trkpt lat="39.562788" lon="2.669545"><ele>2.25</ele></trkpt>
<trkpt lat="39.562830" lon="2.669389"><ele>2.0</ele></trkpt>
<trkpt lat="39.562855" lon="2.669274"><ele>2.25</ele></trkpt>
<trkpt lat="39.562867" lon="2.669166"><ele>2.25</ele></trkpt>
<trkpt lat="39.562871" lon="2.669049"><ele>2.25</ele></trkpt>
<trkpt lat="39.562855" lon="2.668875"><ele>2.25</ele></trkpt>
<trkpt lat="39.562786" lon="2.668556"><ele>3.0</ele></trkpt>
<trkpt lat="39.562719" lon="2.668227"><ele>2.5</ele></trkpt>
<trkpt lat="39.562692" lon="2.668084"><ele>2.75</ele></trkpt>
<trkpt lat="39.562674" lon="2.667962"><ele>3.0</ele></trkpt>
<trkpt lat="39.562669" lon="2.667926"><ele>3.25</ele></trkpt>
<trkpt lat="39.562911" lon="2.667858"><ele>3.5</ele></trkpt>
<trkpt lat="39.563004" lon="2.667832"><ele>3.75</ele></trkpt>
<trkpt lat="39.563139" lon="2.667795"><ele>3.75</ele></trkpt>
<trkpt lat="39.563195" lon="2.668045"><ele>3.0</ele></trkpt>
<trkpt lat="39.563224" lon="2.668025"><ele>3.0</ele></trkpt>
<trkpt lat="39.563330" lon="2.668025"><ele>3.0</ele></trkpt>
<trkpt lat="39.563888" lon="2.668130"><ele>3.0</ele></trkpt>
<trkpt lat="39.564008" lon="2.668150"><ele>3.25</ele></trkpt>
<trkpt lat="39.564085" lon="2.668162"><ele>3.25</ele></trkpt>
<trkpt lat="39.564012" lon="2.667948"><ele>3.5</ele></trkpt>
<trkpt lat="39.563768" lon="2.667158"><ele>5.0</ele></trkpt>
<trkpt lat="39.563584" lon="2.666343"><ele>5.0</ele></trkpt>
<trkpt lat="39.563564" lon="2.666178"><ele>5.75</ele></trkpt>
<trkpt lat="39.563503" lon="2.665680"><ele>6.0</ele></trkpt>
<trkpt lat="39.563461" lon="2.665124"><ele>5.0</ele></trkpt>
<trkpt lat="39.563452" lon="2.664979"><ele>5.5</ele></trkpt>
<trkpt lat="39.563452" lon="2.664741"><ele>5.75</ele></trkpt>
<trkpt lat="39.563461" lon="2.664303"><ele>6.25</ele></trkpt>
<trkpt lat="39.563467" lon="2.664238"><ele>6.25</ele></trkpt>
<trkpt lat="39.563523" lon="2.663671"><ele>6.25</ele></trkpt>
<trkpt lat="39.563607" lon="2.663100"><ele>6.75</ele></trkpt>
<trkpt lat="39.563651" lon="2.662894"><ele>7.0</ele></trkpt>
<trkpt lat="39.563707" lon="2.662634"><ele>6.75</ele></trkpt>
<trkpt lat="39.563754" lon="2.662475"><ele>6.25</ele></trkpt>
<trkpt lat="39.563804" lon="2.662304"><ele>6.0</ele></trkpt>
<trkpt lat="39.563856" lon="2.662130"><ele>6.0</ele></trkpt>
<trkpt lat="39.563990" lon="2.661762"><ele>6.75</ele></trkpt>
<trkpt lat="39.564178" lon="2.661229"><ele>7.0</ele></trkpt>
<trkpt lat="39.564254" lon="2.661015"><ele>7.0</ele></trkpt>
<trkpt lat="39.564317" lon="2.660866"><ele>7.0</ele></trkpt>
<trkpt lat="39.564351" lon="2.660787"><ele>7.0</ele></trkpt>
<trkpt lat="39.564673" lon="2.659955"><ele>7.75</ele></trkpt>
<trkpt lat="39.565000" lon="2.659085"><ele>9.0</ele></trkpt>
<trkpt lat="39.565048" lon="2.658965"><ele>9.0</ele></trkpt>
<trkpt lat="39.565120" lon="2.658812"><ele>9.0</ele></trkpt>
<trkpt lat="39.565648" lon="2.657690"><ele>9.5</ele></trkpt>
<trkpt lat="39.566004" lon="2.656943"><ele>10.5</ele></trkpt>
<trkpt lat="39.566077" lon="2.656800"><ele>10.75</ele></trkpt>
<trkpt lat="39.566375" lon="2.656838"><ele>11.75</ele></trkpt>
<trkpt lat="39.566639" lon="2.656870"><ele>12.0</ele></trkpt>
<trkpt lat="39.566692" lon="2.656887"><ele>12.0</ele></trkpt>
<trkpt lat="39.566847" lon="2.656734"><ele>12.5</ele></trkpt>
<trkpt lat="39.566890" lon="2.656259"><ele>13.0</ele></trkpt>
<trkpt lat="39.566922" lon="2.655910"><ele>13.5</ele></trkpt>
<trkpt lat="39.566927" lon="2.655867"><ele>13.75</ele></trkpt>
<trkpt lat="39.566598" lon="2.655813"><ele>12.75</ele></trkpt>
<trkpt lat="39.566247" lon="2.655755"><ele>10.25</ele></trkpt>
<trkpt lat="39.566254" lon="2.655692"><ele>10.75</ele></trkpt>
<trkpt lat="39.566314" lon="2.654689"><ele>11.0</ele></trkpt>
<trkpt lat="39.566319" lon="2.654183"><ele>11.75</ele></trkpt>
<trkpt lat="39.566465" lon="2.653378"><ele>15.5</ele></trkpt>
<trkpt lat="39.566573" lon="2.652826"><ele>16.5</ele></trkpt>
<trkpt lat="39.566600" lon="2.652749"><ele>16.5</ele></trkpt>
<trkpt lat="39.566667" lon="2.652612"><ele>16.25</ele></trkpt>
<trkpt lat="39.566908" lon="2.652354"><ele>16.25</ele></trkpt>
<trkpt lat="39.567104" lon="2.652131"><ele>16.5</ele></trkpt>
<trkpt lat="39.567287" lon="2.651893"><ele>16.75</ele></trkpt>
<trkpt lat="39.567332" lon="2.651815"><ele>16.5</ele></trkpt>
<trkpt lat="39.567376" lon="2.651593"><ele>15.5</ele></trkpt>
<trkpt lat="39.567419" lon="2.651391"><ele>15.0</ele></trkpt>
<trkpt lat="39.567396" lon="2.651394"><ele>15.0</ele></trkpt>
<trkpt lat="39.567481" lon="2.650951"><ele>13.25</ele></trkpt>
<trkpt lat="39.567573" lon="2.650446"><ele>14.25</ele></trkpt>
<trkpt lat="39.567583" lon="2.650388"><ele>14.25</ele></trkpt>
<trkpt lat="39.567785" lon="2.650461"><ele>15.0</ele></trkpt>
<trkpt lat="39.568044" lon="2.650539"><ele>15.0</ele></trkpt>
<trkpt lat="39.568276" lon="2.650635"><ele>15.75</ele></trkpt>
<trkpt lat="39.568399" lon="2.650322"><ele>17.75</ele></trkpt>
<trkpt lat="39.568406" lon="2.650300"><ele>18.0</ele></trkpt>
<trkpt lat="39.568520" lon="2.650154"><ele>18.75</ele></trkpt>
<trkpt lat="39.568760" lon="2.649854"><ele>19.0</ele></trkpt>
<trkpt lat="39.568902" lon="2.649620"><ele>19.25</ele></trkpt>
<trkpt lat="39.568985" lon="2.649553"><ele>19.5</ele></trkpt>
<trkpt lat="39.569092" lon="2.649440"><ele>19.25</ele></trkpt>
<trkpt lat="39.569434" lon="2.649919"><ele>20.0</ele></trkpt>
<trkpt lat="39.569458" lon="2.650013"><ele>20.0</ele></trkpt>
<trkpt lat="39.569463" lon="2.650160"><ele>20.0</ele></trkpt>
<trkpt lat="39.569476" lon="2.650262"><ele>20.0</ele></trkpt>
<trkpt lat="39.569622" lon="2.650367"><ele>20.0</ele></trkpt>
<trkpt lat="39.569672" lon="2.650408"><ele>20.0</ele></trkpt>
<trkpt lat="39.569817" lon="2.650536"><ele>20.25</ele></trkpt>
<trkpt lat="39.569836" lon="2.650552"><ele>20.25</ele></trkpt>
<trkpt lat="39.569917" lon="2.650621"><ele>20.75</ele></trkpt>
<trkpt lat="39.569961" lon="2.650583"><ele>20.75</ele></trkpt>
<trkpt lat="39.569961" lon="2.650576"><ele>20.75</ele></trkpt>
<trkpt lat="39.570017" lon="2.650502"><ele>20.75</ele></trkpt>
<trkpt lat="39.570003" lon="2.650470"><ele>20.5</ele></trkpt>
<trkpt lat="39.569899" lon="2.650341"><ele>20.0</ele></trkpt>
<trkpt lat="39.569927" lon="2.650221"><ele>20.0</ele></trkpt>
<trkpt lat="39.570000" lon="2.650021"><ele>20.0</ele></trkpt>
</trkseg></trk></gpx>
