<?xml version="1.0" encoding="UTF-8"?>
<!-- track-length = 94716 filtered ascend = 409 plain-ascend = 0 cost=133254 energy=.1kwh time=1h 28m 54s AUTO selected ISO_GREEDY (score 0.897) after 1 candidate(s) in 984ms. short shared stem near start/end: 65m -->
<gpx
 xmlns="http://www.topografix.com/GPX/1/1"
 xmlns:xsi="http://www.w3.org/2001/XMLSchema-instance"
 xsi:schemaLocation="http://www.topografix.com/GPX/1/1 http://www.topografix.com/GPX/1/1/gpx.xsd"
 creator="BRouter-null" version="1.1">
 <trk>
  <name>unset</name>
  <trkseg>
   <trkpt lon="2.650010" lat="39.570008"><ele>19.75</ele></trkpt>
   <trkpt lon="2.650021" lat="39.570000"><ele>20.0</ele></trkpt>
   <trkpt lon="2.650221" lat="39.569927"><ele>20.0</ele></trkpt>
   <trkpt lon="2.650341" lat="39.569899"><ele>20.0</ele></trkpt>
   <trkpt lon="2.650470" lat="39.570003"><ele>20.5</ele></trkpt>
   <trkpt lon="2.650502" lat="39.570017"><ele>20.75</ele></trkpt>
   <trkpt lon="2.650576" lat="39.569961"><ele>20.75</ele></trkpt>
   <trkpt lon="2.650583" lat="39.569961"><ele>20.75</ele></trkpt>
   <trkpt lon="2.650621" lat="39.569917"><ele>20.75</ele></trkpt>
   <trkpt lon="2.650951" lat="39.570323"><ele>21.0</ele></trkpt>
   <trkpt lon="2.650971" lat="39.570347"><ele>21.0</ele></trkpt>
   <trkpt lon="2.651013" lat="39.570397"><ele>21.0</ele></trkpt>
   <trkpt lon="2.651217" lat="39.570664"><ele>21.25</ele></trkpt>
   <trkpt lon="2.651275" lat="39.570751"><ele>21.5</ele></trkpt>
   <trkpt lon="2.651307" lat="39.570766"><ele>21.75</ele></trkpt>
   <trkpt lon="2.651365" lat="39.570778"><ele>21.75</ele></trkpt>
   <trkpt lon="2.651452" lat="39.570779"><ele>21.75</ele></trkpt>
   <trkpt lon="2.651552" lat="39.570776"><ele>21.75</ele></trkpt>
   <trkpt lon="2.651898" lat="39.570761"><ele>21.5</ele></trkpt>
   <trkpt lon="2.652024" lat="39.570691"><ele>21.25</ele></trkpt>
   <trkpt lon="2.652138" lat="39.570629"><ele>21.0</ele></trkpt>
   <trkpt lon="2.652178" lat="39.570607"><ele>21.0</ele></trkpt>
   <trkpt lon="2.652424" lat="39.570485"><ele>21.75</ele></trkpt>
   <trkpt lon="2.652622" lat="39.570387"><ele>21.5</ele></trkpt>
   <trkpt lon="2.652847" lat="39.570443"><ele>21.0</ele></trkpt>
   <trkpt lon="2.653046" lat="39.570493"><ele>21.0</ele></trkpt>
   <trkpt lon="2.653139" lat="39.570484"><ele>21.0</ele></trkpt>
   <trkpt lon="2.653526" lat="39.570460"><ele>21.0</ele></trkpt>
   <trkpt lon="2.653815" lat="39.570518"><ele>20.75</ele></trkpt>
   <trkpt lon="2.654021" lat="39.570526"><ele>20.75</ele></trkpt>
   <trkpt lon="2.654269" lat="39.570416"><ele>20.25</ele></trkpt>
   <trkpt lon="2.654809" lat="39.570250"><ele>19.75</ele></trkpt>
   <trkpt lon="2.654962" lat="39.570247"><ele>19.75</ele></trkpt>
   <trkpt lon="2.655002" lat="39.570247"><ele>19.75</ele></trkpt>
   <trkpt lon="2.655642" lat="39.570267"><ele>19.5</ele></trkpt>
   <trkpt lon="2.655897" lat="39.570283"><ele>18.75</ele></trkpt>
   <trkpt lon="2.656376" lat="39.570253"><ele>18.0</ele></trkpt>
   <trkpt lon="2.656412" lat="39.570251"><ele>18.0</ele></trkpt>
   <trkpt lon="2.656477" lat="39.570247"><ele>18.0</ele></trkpt>
   <trkpt lon="2.657268" lat="39.570139"><ele>16.75</ele></trkpt>
   <trkpt lon="2.657439" lat="39.570117"><ele>16.0</ele></trkpt>
   <trkpt lon="2.658148" lat="39.570022"><ele>15.5</ele></trkpt>
   <trkpt lon="2.659044" lat="39.569900"><ele>14.0</ele></trkpt>
   <trkpt lon="2.659765" lat="39.569803"><ele>13.0</ele></trkpt>
   <trkpt lon="2.660565" lat="39.569661"><ele>12.75</ele></trkpt>
   <trkpt lon="2.660684" lat="39.569640"><ele>12.5</ele></trkpt>
   <trkpt lon="2.661784" lat="39.569529"><ele>12.0</ele></trkpt>
   <trkpt lon="2.662740" lat="39.569419"><ele>11.0</ele></trkpt>
   <trkpt lon="2.663711" lat="39.569339"><ele>10.5</ele></trkpt>
   <trkpt lon="2.664652" lat="39.569235"><ele>10.0</ele></trkpt>
   <trkpt lon="2.664677" lat="39.569295"><ele>10.0</ele></trkpt>
   <trkpt lon="2.665322" lat="39.570703"><ele>11.5</ele></trkpt>
   <trkpt lon="2.665351" lat="39.570768"><ele>11.75</ele></trkpt>
   <trkpt lon="2.665557" lat="39.571226"><ele>12.0</ele></trkpt>
   <trkpt lon="2.665589" lat="39.571292"><ele>12.0</ele></trkpt>
   <trkpt lon="2.665634" lat="39.571393"><ele>12.0</ele></trkpt>
   <trkpt lon="2.666035" lat="39.571990"><ele>13.0</ele></trkpt>
   <trkpt lon="2.666304" lat="39.572499"><ele>13.75</ele></trkpt>
   <trkpt lon="2.666856" lat="39.573424"><ele>15.0</ele></trkpt>
   <trkpt lon="2.667201" lat="39.574045"><ele>15.5</ele></trkpt>
   <trkpt lon="2.667618" lat="39.574794"><ele>16.0</ele></trkpt>
   <trkpt lon="2.667688" lat="39.574922"><ele>16.0</ele></trkpt>
   <trkpt lon="2.667705" lat="39.574952"><ele>16.0</ele></trkpt>
   <trkpt lon="2.668164" lat="39.575779"><ele>16.5</ele></trkpt>
   <trkpt lon="2.668226" lat="39.575890"><ele>16.5</ele></trkpt>
   <trkpt lon="2.668455" lat="39.576302"><ele>17.0</ele></trkpt>
   <trkpt lon="2.668525" lat="39.576429"><ele>17.0</ele></trkpt>
   <trkpt lon="2.668622" lat="39.576401"><ele>17.0</ele></trkpt>
   <trkpt lon="2.668725" lat="39.576396"><ele>17.0</ele></trkpt>
   <trkpt lon="2.668826" lat="39.576414"><ele>17.0</ele></trkpt>
   <trkpt lon="2.668928" lat="39.576461"><ele>17.0</ele></trkpt>
   <trkpt lon="2.669004" lat="39.576531"><ele>17.0</ele></trkpt>
   <trkpt lon="2.669046" lat="39.576617"><ele>17.0</ele></trkpt>
   <trkpt lon="2.669049" lat="39.576709"><ele>17.0</ele></trkpt>
   <trkpt lon="2.669013" lat="39.576796"><ele>17.0</ele></trkpt>
   <trkpt lon="2.669116" lat="39.576843"><ele>17.0</ele></trkpt>
   <trkpt lon="2.669420" lat="39.576979"><ele>17.0</ele></trkpt>
   <trkpt lon="2.670045" lat="39.577260"><ele>17.0</ele></trkpt>
   <trkpt lon="2.670703" lat="39.577553"><ele>17.5</ele></trkpt>
   <trkpt lon="2.671095" lat="39.577729"><ele>17.75</ele></trkpt>
   <trkpt lon="2.671507" lat="39.577917"><ele>18.0</ele></trkpt>
   <trkpt lon="2.671590" lat="39.577954"><ele>18.0</ele></trkpt>
   <trkpt lon="2.671845" lat="39.578060"><ele>18.0</ele></trkpt>
   <trkpt lon="2.671936" lat="39.578099"><ele>18.0</ele></trkpt>
   <trkpt lon="2.672378" lat="39.578287"><ele>19.0</ele></trkpt>
   <trkpt lon="2.672443" lat="39.578316"><ele>19.0</ele></trkpt>
   <trkpt lon="2.672793" lat="39.578474"><ele>19.0</ele></trkpt>
   <trkpt lon="2.672947" lat="39.578544"><ele>19.0</ele></trkpt>
   <trkpt lon="2.673073" lat="39.578602"><ele>19.0</ele></trkpt>
   <trkpt lon="2.673143" lat="39.578634"><ele>19.0</ele></trkpt>
   <trkpt lon="2.673227" lat="39.578671"><ele>19.0</ele></trkpt>
   <trkpt lon="2.674643" lat="39.579299"><ele>21.75</ele></trkpt>
   <trkpt lon="2.675281" lat="39.579582"><ele>22.25</ele></trkpt>
   <trkpt lon="2.676158" lat="39.579975"><ele>19.75</ele></trkpt>
   <trkpt lon="2.676364" lat="39.579963"><ele>19.0</ele></trkpt>
   <trkpt lon="2.676428" lat="39.579933"><ele>19.0</ele></trkpt>
   <trkpt lon="2.676498" lat="39.579922"><ele>19.0</ele></trkpt>
   <trkpt lon="2.676573" lat="39.579929"><ele>19.0</ele></trkpt>
   <trkpt lon="2.676628" lat="39.579950"><ele>19.0</ele></trkpt>
   <trkpt lon="2.676682" lat="39.579991"><ele>18.75</ele></trkpt>
   <trkpt lon="2.676704" lat="39.580021"><ele>19.0</ele></trkpt>
   <trkpt lon="2.676722" lat="39.580077"><ele>18.75</ele></trkpt>
   <trkpt lon="2.676717" lat="39.580127"><ele>19.0</ele></trkpt>
   <trkpt lon="2.676673" lat="39.580194"><ele>19.0</ele></trkpt>
   <trkpt lon="2.676720" lat="39.580266"><ele>19.0</ele></trkpt>
   <trkpt lon="2.676784" lat="39.580302"><ele>19.0</ele></trkpt>
   <trkpt lon="2.677129" lat="39.580500"><ele>19.0</ele></trkpt>
   <trkpt lon="2.677466" lat="39.580694"><ele>19.75</ele></trkpt>
   <trkpt lon="2.678023" lat="39.581013"><ele>20.0</ele></trkpt>
   <trkpt lon="2.678137" lat="39.581092"><ele>19.5</ele></trkpt>
   <trkpt lon="2.678210" lat="39.581130"><ele>19.25</ele></trkpt>
   <trkpt lon="2.678740" lat="39.581424"><ele>19.75</ele></trkpt>
   <trkpt lon="2.679248" lat="39.581624"><ele>19.75</ele></trkpt>
   <trkpt lon="2.679374" lat="39.581679"><ele>19.75</ele></trkpt>
   <trkpt lon="2.679755" lat="39.581837"><ele>19.5</ele></trkpt>
   <trkpt lon="2.680430" lat="39.582074"><ele>19.5</ele></trkpt>
   <trkpt lon="2.680844" lat="39.582129"><ele>19.5</ele></trkpt>
   <trkpt lon="2.681210" lat="39.582175"><ele>19.75</ele></trkpt>
   <trkpt lon="2.681575" lat="39.582225"><ele>20.0</ele></trkpt>
   <trkpt lon="2.681947" lat="39.582277"><ele>20.0</ele></trkpt>
   <trkpt lon="2.682327" lat="39.582330"><ele>20.25</ele></trkpt>
   <trkpt lon="2.682445" lat="39.582351"><ele>20.25</ele></trkpt>
   <trkpt lon="2.682601" lat="39.582316"><ele>20.25</ele></trkpt>
   <trkpt lon="2.682642" lat="39.582283"><ele>20.0</ele></trkpt>
   <trkpt lon="2.682694" lat="39.582260"><ele>20.0</ele></trkpt>
   <trkpt lon="2.682748" lat="39.582252"><ele>20.0</ele></trkpt>
   <trkpt lon="2.682804" lat="39.582256"><ele>20.0</ele></trkpt>
   <trkpt lon="2.682855" lat="39.582272"><ele>20.0</ele></trkpt>
   <trkpt lon="2.682899" lat="39.582299"><ele>20.25</ele></trkpt>
   <trkpt lon="2.682933" lat="39.582338"><ele>20.25</ele></trkpt>
   <trkpt lon="2.682949" lat="39.582384"><ele>20.5</ele></trkpt>
   <trkpt lon="2.682945" lat="39.582431"><ele>20.75</ele></trkpt>
   <trkpt lon="2.683062" lat="39.582600"><ele>21.0</ele></trkpt>
   <trkpt lon="2.683112" lat="39.582615"><ele>21.0</ele></trkpt>
   <trkpt lon="2.683590" lat="39.582759"><ele>21.0</ele></trkpt>
   <trkpt lon="2.683726" lat="39.582800"><ele>21.0</ele></trkpt>
   <trkpt lon="2.684238" lat="39.582953"><ele>21.0</ele></trkpt>
   <trkpt lon="2.685437" lat="39.583313"><ele>21.75</ele></trkpt>
   <trkpt lon="2.685059" lat="39.584112"><ele>22.75</ele></trkpt>
   <trkpt lon="2.685034" lat="39.584164"><ele>22.75</ele></trkpt>
   <trkpt lon="2.685008" lat="39.584218"><ele>23.0</ele></trkpt>
   <trkpt lon="2.684717" lat="39.584860"><ele>23.0</ele></trkpt>
   <trkpt lon="2.684571" lat="39.585309"><ele>23.5</ele></trkpt>
   <trkpt lon="2.684520" lat="39.585464"><ele>23.75</ele></trkpt>
   <trkpt lon="2.684334" lat="39.586035"><ele>24.5</ele></trkpt>
   <trkpt lon="2.684161" lat="39.586567"><ele>24.75</ele></trkpt>
   <trkpt lon="2.683982" lat="39.587115"><ele>25.0</ele></trkpt>
   <trkpt lon="2.683773" lat="39.587759"><ele>25.75</ele></trkpt>
   <trkpt lon="2.683548" lat="39.588448"><ele>26.0</ele></trkpt>
   <trkpt lon="2.683357" lat="39.589036"><ele>27.0</ele></trkpt>
   <trkpt lon="2.683160" lat="39.589642"><ele>27.0</ele></trkpt>
   <trkpt lon="2.682912" lat="39.590382"><ele>28.0</ele></trkpt>
   <trkpt lon="2.682835" lat="39.590654"><ele>28.25</ele></trkpt>
   <trkpt lon="2.682563" lat="39.591470"><ele>29.0</ele></trkpt>
   <trkpt lon="2.682337" lat="39.592150"><ele>29.5</ele></trkpt>
   <trkpt lon="2.682240" lat="39.592466"><ele>30.0</ele></trkpt>
   <trkpt lon="2.682537" lat="39.592640"><ele>30.5</ele></trkpt>
   <trkpt lon="2.682658" lat="39.592704"><ele>30.5</ele></trkpt>
   <trkpt lon="2.682772" lat="39.592774"><ele>30.75</ele></trkpt>
   <trkpt lon="2.683268" lat="39.593058"><ele>30.0</ele></trkpt>
   <trkpt lon="2.683978" lat="39.593461"><ele>30.0</ele></trkpt>
   <trkpt lon="2.684157" lat="39.593542"><ele>30.0</ele></trkpt>
   <trkpt lon="2.684490" lat="39.593759"><ele>30.0</ele></trkpt>
   <trkpt lon="2.684806" lat="39.593929"><ele>30.0</ele></trkpt>
   <trkpt lon="2.684889" lat="39.593975"><ele>30.0</ele></trkpt>
   <trkpt lon="2.685475" lat="39.594302"><ele>30.25</ele></trkpt>
   <trkpt lon="2.685568" lat="39.594354"><ele>30.5</ele></trkpt>
   <trkpt lon="2.686169" lat="39.594689"><ele>30.0</ele></trkpt>
   <trkpt lon="2.686661" lat="39.594952"><ele>30.0</ele></trkpt>
   <trkpt lon="2.686827" lat="39.595029"><ele>30.0</ele></trkpt>
   <trkpt lon="2.686931" lat="39.595086"><ele>30.25</ele></trkpt>
   <trkpt lon="2.686964" lat="39.595100"><ele>30.25</ele></trkpt>
   <trkpt lon="2.687250" lat="39.595223"><ele>30.75</ele></trkpt>
   <trkpt lon="2.687650" lat="39.595392"><ele>30.25</ele></trkpt>
   <trkpt lon="2.687735" lat="39.595424"><ele>30.5</ele></trkpt>
   <trkpt lon="2.687854" lat="39.595469"><ele>30.25</ele></trkpt>
   <trkpt lon="2.687967" lat="39.595512"><ele>30.25</ele></trkpt>
   <trkpt lon="2.688214" lat="39.595607"><ele>30.0</ele></trkpt>
   <trkpt lon="2.688469" lat="39.595699"><ele>30.25</ele></trkpt>
   <trkpt lon="2.688593" lat="39.595738"><ele>30.0</ele></trkpt>
   <trkpt lon="2.688668" lat="39.595761"><ele>29.75</ele></trkpt>
   <trkpt lon="2.689189" lat="39.595885"><ele>29.75</ele></trkpt>
   <trkpt lon="2.689540" lat="39.595951"><ele>28.25</ele></trkpt>
   <trkpt lon="2.689673" lat="39.595982"></trkpt>
   <trkpt lon="2.689808" lat="39.596023"></trkpt>
   <trkpt lon="2.689983" lat="39.596088"><ele>29.5</ele></trkpt>
   <trkpt lon="2.690140" lat="39.596158"><ele>29.5</ele></trkpt>
   <trkpt lon="2.690393" lat="39.596297"><ele>30.0</ele></trkpt>
   <trkpt lon="2.690527" lat="39.596377"><ele>30.0</ele></trkpt>
   <trkpt lon="2.690914" lat="39.596607"><ele>29.75</ele></trkpt>
   <trkpt lon="2.691431" lat="39.596909"><ele>31.0</ele></trkpt>
   <trkpt lon="2.692244" lat="39.597399"><ele>32.0</ele></trkpt>
   <trkpt lon="2.692515" lat="39.597563"><ele>32.0</ele></trkpt>
   <trkpt lon="2.692572" lat="39.597597"><ele>32.25</ele></trkpt>
   <trkpt lon="2.692639" lat="39.597638"><ele>32.5</ele></trkpt>
   <trkpt lon="2.692743" lat="39.597698"><ele>32.75</ele></trkpt>
   <trkpt lon="2.692880" lat="39.597782"><ele>33.0</ele></trkpt>
   <trkpt lon="2.693889" lat="39.598408"><ele>34.0</ele></trkpt>
   <trkpt lon="2.694234" lat="39.598621"><ele>34.0</ele></trkpt>
   <trkpt lon="2.694501" lat="39.598781"><ele>34.5</ele></trkpt>
   <trkpt lon="2.694560" lat="39.598816"><ele>34.75</ele></trkpt>
   <trkpt lon="2.695418" lat="39.599349"><ele>35.5</ele></trkpt>
   <trkpt lon="2.695535" lat="39.599425"><ele>35.75</ele></trkpt>
   <trkpt lon="2.695664" lat="39.599507"><ele>36.0</ele></trkpt>
   <trkpt lon="2.696008" lat="39.599725"><ele>36.0</ele></trkpt>
   <trkpt lon="2.696065" lat="39.599738"><ele>36.0</ele></trkpt>
   <trkpt lon="2.696193" lat="39.599792"><ele>36.0</ele></trkpt>
   <trkpt lon="2.696248" lat="39.599807"><ele>36.0</ele></trkpt>
   <trkpt lon="2.696311" lat="39.599816"><ele>36.0</ele></trkpt>
   <trkpt lon="2.696367" lat="39.599814"><ele>36.0</ele></trkpt>
   <trkpt lon="2.696410" lat="39.599799"><ele>36.0</ele></trkpt>
   <trkpt lon="2.696440" lat="39.599797"><ele>36.0</ele></trkpt>
   <trkpt lon="2.696466" lat="39.599798"><ele>36.25</ele></trkpt>
   <trkpt lon="2.696516" lat="39.599817"><ele>36.25</ele></trkpt>
   <trkpt lon="2.696555" lat="39.599854"><ele>36.5</ele></trkpt>
   <trkpt lon="2.696566" lat="39.599891"><ele>36.5</ele></trkpt>
   <trkpt lon="2.696563" lat="39.599916"><ele>36.5</ele></trkpt>
   <trkpt lon="2.696565" lat="39.599953"><ele>36.5</ele></trkpt>
   <trkpt lon="2.696615" lat="39.600047"><ele>36.75</ele></trkpt>
   <trkpt lon="2.696643" lat="39.600077"><ele>36.75</ele></trkpt>
   <trkpt lon="2.696666" lat="39.600097"><ele>36.75</ele></trkpt>
   <trkpt lon="2.696748" lat="39.600157"><ele>37.0</ele></trkpt>
   <trkpt lon="2.697318" lat="39.600531"><ele>37.25</ele></trkpt>
   <trkpt lon="2.697515" lat="39.600652"><ele>38.0</ele></trkpt>
   <trkpt lon="2.699373" lat="39.601821"><ele>40.0</ele></trkpt>
   <trkpt lon="2.700581" lat="39.602825"><ele>41.0</ele></trkpt>
   <trkpt lon="2.700805" lat="39.602996"><ele>41.75</ele></trkpt>
   <trkpt lon="2.700995" lat="39.603036"><ele>41.75</ele></trkpt>
   <trkpt lon="2.701228" lat="39.603097"><ele>42.0</ele></trkpt>
   <trkpt lon="2.701289" lat="39.603093"><ele>42.0</ele></trkpt>
   <trkpt lon="2.701348" lat="39.603104"><ele>42.0</ele></trkpt>
   <trkpt lon="2.701400" lat="39.603130"><ele>42.0</ele></trkpt>
   <trkpt lon="2.701438" lat="39.603167"><ele>42.0</ele></trkpt>
   <trkpt lon="2.701460" lat="39.603211"><ele>42.0</ele></trkpt>
   <trkpt lon="2.701462" lat="39.603258"><ele>42.0</ele></trkpt>
   <trkpt lon="2.701444" lat="39.603303"><ele>42.0</ele></trkpt>
   <trkpt lon="2.701504" lat="39.603469"><ele>42.5</ele></trkpt>
   <trkpt lon="2.701570" lat="39.603553"><ele>42.75</ele></trkpt>
   <trkpt lon="2.701625" lat="39.603646"><ele>43.0</ele></trkpt>
   <trkpt lon="2.702039" lat="39.603988"><ele>43.25</ele></trkpt>
   <trkpt lon="2.702753" lat="39.604558"><ele>45.0</ele></trkpt>
   <trkpt lon="2.703176" lat="39.604886"><ele>45.75</ele></trkpt>
   <trkpt lon="2.703829" lat="39.605413"><ele>46.75</ele></trkpt>
   <trkpt lon="2.703939" lat="39.605476"><ele>47.0</ele></trkpt>
   <trkpt lon="2.704327" lat="39.605462"><ele>47.75</ele></trkpt>
   <trkpt lon="2.704382" lat="39.605457"><ele>47.75</ele></trkpt>
   <trkpt lon="2.704448" lat="39.605460"><ele>48.0</ele></trkpt>
   <trkpt lon="2.704504" lat="39.605483"><ele>48.0</ele></trkpt>
   <trkpt lon="2.704552" lat="39.605515"><ele>47.75</ele></trkpt>
   <trkpt lon="2.704576" lat="39.605545"><ele>48.0</ele></trkpt>
   <trkpt lon="2.704591" lat="39.605606"><ele>48.0</ele></trkpt>
   <trkpt lon="2.704588" lat="39.605629"><ele>48.0</ele></trkpt>
   <trkpt lon="2.704563" lat="39.605676"><ele>48.0</ele></trkpt>
   <trkpt lon="2.704528" lat="39.605706"><ele>48.0</ele></trkpt>
   <trkpt lon="2.704599" lat="39.605988"><ele>48.0</ele></trkpt>
   <trkpt lon="2.704700" lat="39.606187"><ele>48.25</ele></trkpt>
   <trkpt lon="2.705400" lat="39.606695"><ele>49.0</ele></trkpt>
   <trkpt lon="2.706079" lat="39.607171"><ele>49.75</ele></trkpt>
   <trkpt lon="2.706276" lat="39.607293"><ele>50.0</ele></trkpt>
   <trkpt lon="2.706299" lat="39.607308"><ele>50.0</ele></trkpt>
   <trkpt lon="2.706360" lat="39.607311"><ele>50.0</ele></trkpt>
   <trkpt lon="2.706464" lat="39.607317"><ele>50.0</ele></trkpt>
   <trkpt lon="2.706544" lat="39.607336"><ele>50.0</ele></trkpt>
   <trkpt lon="2.706584" lat="39.607308"><ele>50.0</ele></trkpt>
   <trkpt lon="2.706614" lat="39.607297"><ele>50.0</ele></trkpt>
   <trkpt lon="2.706661" lat="39.607288"><ele>50.0</ele></trkpt>
   <trkpt lon="2.706709" lat="39.607289"><ele>50.0</ele></trkpt>
   <trkpt lon="2.706755" lat="39.607301"><ele>50.0</ele></trkpt>
   <trkpt lon="2.706795" lat="39.607322"><ele>50.0</ele></trkpt>
   <trkpt lon="2.706825" lat="39.607350"><ele>50.0</ele></trkpt>
   <trkpt lon="2.706848" lat="39.607391"><ele>50.0</ele></trkpt>
   <trkpt lon="2.706851" lat="39.607436"><ele>50.0</ele></trkpt>
   <trkpt lon="2.706836" lat="39.607479"><ele>50.0</ele></trkpt>
   <trkpt lon="2.706915" lat="39.607684"><ele>50.0</ele></trkpt>
   <trkpt lon="2.707048" lat="39.607800"><ele>49.75</ele></trkpt>
   <trkpt lon="2.707471" lat="39.608112"><ele>50.0</ele></trkpt>
   <trkpt lon="2.708015" lat="39.608495"><ele>51.0</ele></trkpt>
   <trkpt lon="2.708435" lat="39.608797"><ele>51.0</ele></trkpt>
   <trkpt lon="2.709071" lat="39.609242"><ele>51.75</ele></trkpt>
   <trkpt lon="2.709439" lat="39.609502"><ele>52.0</ele></trkpt>
   <trkpt lon="2.709768" lat="39.609670"><ele>52.75</ele></trkpt>
   <trkpt lon="2.709899" lat="39.609724"><ele>52.75</ele></trkpt>
   <trkpt lon="2.709944" lat="39.609737"><ele>53.0</ele></trkpt>
   <trkpt lon="2.710044" lat="39.609754"><ele>53.0</ele></trkpt>
   <trkpt lon="2.710181" lat="39.609762"><ele>53.0</ele></trkpt>
   <trkpt lon="2.710307" lat="39.609738"><ele>53.0</ele></trkpt>
   <trkpt lon="2.710431" lat="39.609738"><ele>53.5</ele></trkpt>
   <trkpt lon="2.710489" lat="39.609757"><ele>53.75</ele></trkpt>
   <trkpt lon="2.710538" lat="39.609788"><ele>53.75</ele></trkpt>
   <trkpt lon="2.710570" lat="39.609823"><ele>54.0</ele></trkpt>
   <trkpt lon="2.710593" lat="39.609867"><ele>54.0</ele></trkpt>
   <trkpt lon="2.710599" lat="39.609909"><ele>54.0</ele></trkpt>
   <trkpt lon="2.710593" lat="39.609950"><ele>54.0</ele></trkpt>
   <trkpt lon="2.710594" lat="39.610057"><ele>54.0</ele></trkpt>
   <trkpt lon="2.710628" lat="39.610169"><ele>54.0</ele></trkpt>
   <trkpt lon="2.710664" lat="39.610248"><ele>54.0</ele></trkpt>
   <trkpt lon="2.710726" lat="39.610331"><ele>54.0</ele></trkpt>
   <trkpt lon="2.710877" lat="39.610480"><ele>54.0</ele></trkpt>
   <trkpt lon="2.711067" lat="39.610626"><ele>54.0</ele></trkpt>
   <trkpt lon="2.711260" lat="39.610742"><ele>54.0</ele></trkpt>
   <trkpt lon="2.711590" lat="39.610978"><ele>56.0</ele></trkpt>
   <trkpt lon="2.712117" lat="39.611355"><ele>56.5</ele></trkpt>
   <trkpt lon="2.712315" lat="39.611491"><ele>56.0</ele></trkpt>
   <trkpt lon="2.712347" lat="39.611513"><ele>56.0</ele></trkpt>
   <trkpt lon="2.713967" lat="39.612631"><ele>58.0</ele></trkpt>
   <trkpt lon="2.714063" lat="39.612748"><ele>58.0</ele></trkpt>
   <trkpt lon="2.714162" lat="39.612811"><ele>58.0</ele></trkpt>
   <trkpt lon="2.714520" lat="39.613056"><ele>58.0</ele></trkpt>
   <trkpt lon="2.714753" lat="39.613226"><ele>58.5</ele></trkpt>
   <trkpt lon="2.715119" lat="39.613481"><ele>59.0</ele></trkpt>
   <trkpt lon="2.715731" lat="39.613912"><ele>59.5</ele></trkpt>
   <trkpt lon="2.715928" lat="39.614005"><ele>60.0</ele></trkpt>
   <trkpt lon="2.716304" lat="39.614269"><ele>60.75</ele></trkpt>
   <trkpt lon="2.716593" lat="39.614483"><ele>60.75</ele></trkpt>
   <trkpt lon="2.716621" lat="39.614503"><ele>61.0</ele></trkpt>
   <trkpt lon="2.716952" lat="39.614748"><ele>61.0</ele></trkpt>
   <trkpt lon="2.717062" lat="39.614814"><ele>61.5</ele></trkpt>
   <trkpt lon="2.717229" lat="39.614946"><ele>62.0</ele></trkpt>
   <trkpt lon="2.717268" lat="39.614973"><ele>62.0</ele></trkpt>
   <trkpt lon="2.717318" lat="39.614995"><ele>62.0</ele></trkpt>
   <trkpt lon="2.717404" lat="39.615018"><ele>62.0</ele></trkpt>
   <trkpt lon="2.717501" lat="39.615031"><ele>62.0</ele></trkpt>
   <trkpt lon="2.717600" lat="39.615054"><ele>62.0</ele></trkpt>
   <trkpt lon="2.717651" lat="39.615076"><ele>62.0</ele></trkpt>
   <trkpt lon="2.717692" lat="39.615101"><ele>62.0</ele></trkpt>
   <trkpt lon="2.717731" lat="39.615135"><ele>62.0</ele></trkpt>
   <trkpt lon="2.717781" lat="39.615195"><ele>62.0</ele></trkpt>
   <trkpt lon="2.717955" lat="39.615459"><ele>62.75</ele></trkpt>
   <trkpt lon="2.718046" lat="39.615559"><ele>63.0</ele></trkpt>
   <trkpt lon="2.718218" lat="39.615712"><ele>63.0</ele></trkpt>
   <trkpt lon="2.718350" lat="39.615801"><ele>63.0</ele></trkpt>
   <trkpt lon="2.718511" lat="39.615897"><ele>63.0</ele></trkpt>
   <trkpt lon="2.718708" lat="39.615988"><ele>63.5</ele></trkpt>
   <trkpt lon="2.718783" lat="39.616015"><ele>63.75</ele></trkpt>
   <trkpt lon="2.718862" lat="39.616040"><ele>63.75</ele></trkpt>
   <trkpt lon="2.718996" lat="39.616083"><ele>64.0</ele></trkpt>
   <trkpt lon="2.719026" lat="39.616102"><ele>64.0</ele></trkpt>
   <trkpt lon="2.719064" lat="39.616149"><ele>64.0</ele></trkpt>
   <trkpt lon="2.719072" lat="39.616171"><ele>64.0</ele></trkpt>
   <trkpt lon="2.719074" lat="39.616218"><ele>64.25</ele></trkpt>
   <trkpt lon="2.719069" lat="39.616234"><ele>64.25</ele></trkpt>
   <trkpt lon="2.719059" lat="39.616324"><ele>64.75</ele></trkpt>
   <trkpt lon="2.719064" lat="39.616364"><ele>64.75</ele></trkpt>
   <trkpt lon="2.719074" lat="39.616410"><ele>65.0</ele></trkpt>
   <trkpt lon="2.719112" lat="39.616493"><ele>65.5</ele></trkpt>
   <trkpt lon="2.719165" lat="39.616564"><ele>65.5</ele></trkpt>
   <trkpt lon="2.719236" lat="39.616630"><ele>65.75</ele></trkpt>
   <trkpt lon="2.719333" lat="39.616706"><ele>65.75</ele></trkpt>
   <trkpt lon="2.719397" lat="39.616756"><ele>65.75</ele></trkpt>
   <trkpt lon="2.719433" lat="39.616807"><ele>66.0</ele></trkpt>
   <trkpt lon="2.719727" lat="39.617046"><ele>65.5</ele></trkpt>
   <trkpt lon="2.719736" lat="39.617053"><ele>65.75</ele></trkpt>
   <trkpt lon="2.719795" lat="39.617100"><ele>65.75</ele></trkpt>
   <trkpt lon="2.720402" lat="39.617578"><ele>66.0</ele></trkpt>
   <trkpt lon="2.720557" lat="39.617701"><ele>66.0</ele></trkpt>
   <trkpt lon="2.721014" lat="39.618072"><ele>67.0</ele></trkpt>
   <trkpt lon="2.722198" lat="39.618994"><ele>68.0</ele></trkpt>
   <trkpt lon="2.722368" lat="39.619130"><ele>68.5</ele></trkpt>
   <trkpt lon="2.723881" lat="39.620342"><ele>70.0</ele></trkpt>
   <trkpt lon="2.724038" lat="39.620437"><ele>70.75</ele></trkpt>
   <trkpt lon="2.724066" lat="39.620454"><ele>70.75</ele></trkpt>
   <trkpt lon="2.724163" lat="39.620512"><ele>70.75</ele></trkpt>
   <trkpt lon="2.724240" lat="39.620575"><ele>71.0</ele></trkpt>
   <trkpt lon="2.724281" lat="39.620581"><ele>71.0</ele></trkpt>
   <trkpt lon="2.724307" lat="39.620594"><ele>71.0</ele></trkpt>
   <trkpt lon="2.724328" lat="39.620618"><ele>71.0</ele></trkpt>
   <trkpt lon="2.724336" lat="39.620639"><ele>71.0</ele></trkpt>
   <trkpt lon="2.724335" lat="39.620678"><ele>71.0</ele></trkpt>
   <trkpt lon="2.724518" lat="39.620841"><ele>71.25</ele></trkpt>
   <trkpt lon="2.724751" lat="39.620997"><ele>71.25</ele></trkpt>
   <trkpt lon="2.725178" lat="39.621318"><ele>72.0</ele></trkpt>
   <trkpt lon="2.725401" lat="39.621521"><ele>72.25</ele></trkpt>
   <trkpt lon="2.725590" lat="39.621693"><ele>73.0</ele></trkpt>
   <trkpt lon="2.727623" lat="39.623756"><ele>80.5</ele></trkpt>
   <trkpt lon="2.728281" lat="39.624244"><ele>82.75</ele></trkpt>
   <trkpt lon="2.728328" lat="39.624224"><ele>82.75</ele></trkpt>
   <trkpt lon="2.728381" lat="39.624217"><ele>83.0</ele></trkpt>
   <trkpt lon="2.728433" lat="39.624222"><ele>82.75</ele></trkpt>
   <trkpt lon="2.728482" lat="39.624239"><ele>83.0</ele></trkpt>
   <trkpt lon="2.728522" lat="39.624266"><ele>83.0</ele></trkpt>
   <trkpt lon="2.728549" lat="39.624301"><ele>83.0</ele></trkpt>
   <trkpt lon="2.728561" lat="39.624343"><ele>83.0</ele></trkpt>
   <trkpt lon="2.728557" lat="39.624385"><ele>83.0</ele></trkpt>
   <trkpt lon="2.728535" lat="39.624424"><ele>83.0</ele></trkpt>
   <trkpt lon="2.728499" lat="39.624456"><ele>83.0</ele></trkpt>
   <trkpt lon="2.728707" lat="39.624609"><ele>83.25</ele></trkpt>
   <trkpt lon="2.729439" lat="39.625163"><ele>85.75</ele></trkpt>
   <trkpt lon="2.729737" lat="39.625378"><ele>87.0</ele></trkpt>
   <trkpt lon="2.730139" lat="39.625585"><ele>88.0</ele></trkpt>
   <trkpt lon="2.730254" lat="39.625638"><ele>88.0</ele></trkpt>
   <trkpt lon="2.730941" lat="39.625955"><ele>88.5</ele></trkpt>
   <trkpt lon="2.731405" lat="39.626181"><ele>89.0</ele></trkpt>
   <trkpt lon="2.731825" lat="39.626412"><ele>88.75</ele></trkpt>
   <trkpt lon="2.732448" lat="39.626891"><ele>88.25</ele></trkpt>
   <trkpt lon="2.732795" lat="39.627171"><ele>87.25</ele></trkpt>
   <trkpt lon="2.733233" lat="39.627506"><ele>87.5</ele></trkpt>
   <trkpt lon="2.733452" lat="39.627674"><ele>87.25</ele></trkpt>
   <trkpt lon="2.733648" lat="39.627825"><ele>86.75</ele></trkpt>
   <trkpt lon="2.734015" lat="39.628105"><ele>86.75</ele></trkpt>
   <trkpt lon="2.734772" lat="39.628680"><ele>87.0</ele></trkpt>
   <trkpt lon="2.735549" lat="39.629249"><ele>87.25</ele></trkpt>
   <trkpt lon="2.735961" lat="39.629580"><ele>89.0</ele></trkpt>
   <trkpt lon="2.736274" lat="39.629887"><ele>90.0</ele></trkpt>
   <trkpt lon="2.736650" lat="39.630280"><ele>89.0</ele></trkpt>
   <trkpt lon="2.737135" lat="39.630822"><ele>91.75</ele></trkpt>
   <trkpt lon="2.737283" lat="39.630925"><ele>92.0</ele></trkpt>
   <trkpt lon="2.737332" lat="39.630952"><ele>92.0</ele></trkpt>
   <trkpt lon="2.737387" lat="39.630973"><ele>92.0</ele></trkpt>
   <trkpt lon="2.737483" lat="39.630995"><ele>92.0</ele></trkpt>
   <trkpt lon="2.737556" lat="39.630997"><ele>92.0</ele></trkpt>
   <trkpt lon="2.737611" lat="39.630983"><ele>92.0</ele></trkpt>
   <trkpt lon="2.737672" lat="39.630976"><ele>92.0</ele></trkpt>
   <trkpt lon="2.737729" lat="39.630978"><ele>92.0</ele></trkpt>
   <trkpt lon="2.737781" lat="39.630985"><ele>92.0</ele></trkpt>
   <trkpt lon="2.737830" lat="39.630999"><ele>92.0</ele></trkpt>
   <trkpt lon="2.737874" lat="39.631021"><ele>92.25</ele></trkpt>
   <trkpt lon="2.737908" lat="39.631043"><ele>92.5</ele></trkpt>
   <trkpt lon="2.737961" lat="39.631105"><ele>92.75</ele></trkpt>
   <trkpt lon="2.737982" lat="39.631146"><ele>93.0</ele></trkpt>
   <trkpt lon="2.737987" lat="39.631229"><ele>93.0</ele></trkpt>
   <trkpt lon="2.737976" lat="39.631270"><ele>93.0</ele></trkpt>
   <trkpt lon="2.737932" lat="39.631341"><ele>93.0</ele></trkpt>
   <trkpt lon="2.737899" lat="39.631431"><ele>93.0</ele></trkpt>
   <trkpt lon="2.737843" lat="39.631676"><ele>93.75</ele></trkpt>
   <trkpt lon="2.737845" lat="39.631769"><ele>93.75</ele></trkpt>
   <trkpt lon="2.737856" lat="39.631853"><ele>93.5</ele></trkpt>
   <trkpt lon="2.737887" lat="39.632001"><ele>93.5</ele></trkpt>
   <trkpt lon="2.737951" lat="39.632217"><ele>93.75</ele></trkpt>
   <trkpt lon="2.738143" lat="39.632557"><ele>94.0</ele></trkpt>
   <trkpt lon="2.738492" lat="39.633132"><ele>95.0</ele></trkpt>
   <trkpt lon="2.738780" lat="39.633608"><ele>95.75</ele></trkpt>
   <trkpt lon="2.738917" lat="39.633719"><ele>96.0</ele></trkpt>
   <trkpt lon="2.738980" lat="39.633762"><ele>96.0</ele></trkpt>
   <trkpt lon="2.739041" lat="39.633791"><ele>96.0</ele></trkpt>
   <trkpt lon="2.739098" lat="39.633806"><ele>96.0</ele></trkpt>
   <trkpt lon="2.739163" lat="39.633814"><ele>96.0</ele></trkpt>
   <trkpt lon="2.739330" lat="39.633817"><ele>96.0</ele></trkpt>
   <trkpt lon="2.739438" lat="39.633796"><ele>96.0</ele></trkpt>
   <trkpt lon="2.739901" lat="39.633739"><ele>96.0</ele></trkpt>
   <trkpt lon="2.740088" lat="39.633729"><ele>96.0</ele></trkpt>
   <trkpt lon="2.740269" lat="39.633743"><ele>96.0</ele></trkpt>
   <trkpt lon="2.740542" lat="39.633789"><ele>95.5</ele></trkpt>
   <trkpt lon="2.740857" lat="39.633889"><ele>96.0</ele></trkpt>
   <trkpt lon="2.741123" lat="39.634007"><ele>96.25</ele></trkpt>
   <trkpt lon="2.742124" lat="39.634483"><ele>97.0</ele></trkpt>
   <trkpt lon="2.743372" lat="39.634978"><ele>97.75</ele></trkpt>
   <trkpt lon="2.746434" lat="39.636211"><ele>101.75</ele></trkpt>
   <trkpt lon="2.748240" lat="39.636634"><ele>107.5</ele></trkpt>
   <trkpt lon="2.748545" lat="39.636696"><ele>108.0</ele></trkpt>
   <trkpt lon="2.749408" lat="39.636899"><ele>109.75</ele></trkpt>
   <trkpt lon="2.750279" lat="39.637082"><ele>111.75</ele></trkpt>
   <trkpt lon="2.750534" lat="39.637135"><ele>112.25</ele></trkpt>
   <trkpt lon="2.751001" lat="39.637230"><ele>114.5</ele></trkpt>
   <trkpt lon="2.751445" lat="39.637300"><ele>115.75</ele></trkpt>
   <trkpt lon="2.753210" lat="39.637543"><ele>121.75</ele></trkpt>
   <trkpt lon="2.754071" lat="39.637669"><ele>126.25</ele></trkpt>
   <trkpt lon="2.754284" lat="39.637711"><ele>127.5</ele></trkpt>
   <trkpt lon="2.754594" lat="39.637787"><ele>129.5</ele></trkpt>
   <trkpt lon="2.755144" lat="39.637921"><ele>131.0</ele></trkpt>
   <trkpt lon="2.756147" lat="39.638189"><ele>134.0</ele></trkpt>
   <trkpt lon="2.756672" lat="39.638303"><ele>136.5</ele></trkpt>
   <trkpt lon="2.756884" lat="39.638325"><ele>136.75</ele></trkpt>
   <trkpt lon="2.757111" lat="39.638328"><ele>138.0</ele></trkpt>
   <trkpt lon="2.757502" lat="39.638321"><ele>140.75</ele></trkpt>
   <trkpt lon="2.757599" lat="39.638319"><ele>141.5</ele></trkpt>
   <trkpt lon="2.757847" lat="39.638280"><ele>143.25</ele></trkpt>
   <trkpt lon="2.758108" lat="39.638225"><ele>145.5</ele></trkpt>
   <trkpt lon="2.758242" lat="39.638206"><ele>146.5</ele></trkpt>
   <trkpt lon="2.758385" lat="39.638195"><ele>148.0</ele></trkpt>
   <trkpt lon="2.758628" lat="39.638212"><ele>151.25</ele></trkpt>
   <trkpt lon="2.758800" lat="39.638231"><ele>152.0</ele></trkpt>
   <trkpt lon="2.758994" lat="39.638228"><ele>153.0</ele></trkpt>
   <trkpt lon="2.759224" lat="39.638210"><ele>154.75</ele></trkpt>
   <trkpt lon="2.759375" lat="39.638240"><ele>155.5</ele></trkpt>
   <trkpt lon="2.759559" lat="39.638292"><ele>156.75</ele></trkpt>
   <trkpt lon="2.759719" lat="39.638306"><ele>158.0</ele></trkpt>
   <trkpt lon="2.759842" lat="39.638257"><ele>159.75</ele></trkpt>
   <trkpt lon="2.759985" lat="39.638177"><ele>161.25</ele></trkpt>
   <trkpt lon="2.760087" lat="39.638136"><ele>161.75</ele></trkpt>
   <trkpt lon="2.760220" lat="39.638092"><ele>162.25</ele></trkpt>
   <trkpt lon="2.760358" lat="39.638071"><ele>162.75</ele></trkpt>
   <trkpt lon="2.760506" lat="39.638069"><ele>164.0</ele></trkpt>
   <trkpt lon="2.760586" lat="39.638081"><ele>165.0</ele></trkpt>
   <trkpt lon="2.760833" lat="39.638118"><ele>167.25</ele></trkpt>
   <trkpt lon="2.761064" lat="39.638144"><ele>167.25</ele></trkpt>
   <trkpt lon="2.761305" lat="39.638148"><ele>166.0</ele></trkpt>
   <trkpt lon="2.761524" lat="39.638162"><ele>165.0</ele></trkpt>
   <trkpt lon="2.761744" lat="39.638190"><ele>164.0</ele></trkpt>
   <trkpt lon="2.762098" lat="39.638265"><ele>163.25</ele></trkpt>
   <trkpt lon="2.763025" lat="39.638576"><ele>161.75</ele></trkpt>
   <trkpt lon="2.763375" lat="39.638676"><ele>162.75</ele></trkpt>
   <trkpt lon="2.763680" lat="39.638692"><ele>163.0</ele></trkpt>
   <trkpt lon="2.764266" lat="39.638698"><ele>161.0</ele></trkpt>
   <trkpt lon="2.764403" lat="39.638709"><ele>160.75</ele></trkpt>
   <trkpt lon="2.764523" lat="39.638739"><ele>160.5</ele></trkpt>
   <trkpt lon="2.764631" lat="39.638782"><ele>160.0</ele></trkpt>
   <trkpt lon="2.764757" lat="39.638844"><ele>159.5</ele></trkpt>
   <trkpt lon="2.765041" lat="39.639039"><ele>158.25</ele></trkpt>
   <trkpt lon="2.765392" lat="39.639236"><ele>157.75</ele></trkpt>
   <trkpt lon="2.765528" lat="39.639288"><ele>157.5</ele></trkpt>
   <trkpt lon="2.765686" lat="39.639309"><ele>157.75</ele></trkpt>
   <trkpt lon="2.766170" lat="39.639324"><ele>159.5</ele></trkpt>
   <trkpt lon="2.766584" lat="39.639302"><ele>160.0</ele></trkpt>
   <trkpt lon="2.766633" lat="39.639295"><ele>160.25</ele></trkpt>
   <trkpt lon="2.766830" lat="39.639265"><ele>161.0</ele></trkpt>
   <trkpt lon="2.766906" lat="39.639271"><ele>161.5</ele></trkpt>
   <trkpt lon="2.767134" lat="39.639302"><ele>161.25</ele></trkpt>
   <trkpt lon="2.767291" lat="39.639332"><ele>160.75</ele></trkpt>
   <trkpt lon="2.767413" lat="39.639369"><ele>160.25</ele></trkpt>
   <trkpt lon="2.767650" lat="39.639659"><ele>158.0</ele></trkpt>
   <trkpt lon="2.767633" lat="39.639939"><ele>156.25</ele></trkpt>
   <trkpt lon="2.767520" lat="39.640286"><ele>154.75</ele></trkpt>
   <trkpt lon="2.767510" lat="39.640364"><ele>154.0</ele></trkpt>
   <trkpt lon="2.767471" lat="39.640692"><ele>151.25</ele></trkpt>
   <trkpt lon="2.767479" lat="39.640929"><ele>149.75</ele></trkpt>
   <trkpt lon="2.767617" lat="39.641106"><ele>148.5</ele></trkpt>
   <trkpt lon="2.768104" lat="39.641536"><ele>145.75</ele></trkpt>
   <trkpt lon="2.769382" lat="39.642288"><ele>140.75</ele></trkpt>
   <trkpt lon="2.771361" lat="39.643477"><ele>131.0</ele></trkpt>
   <trkpt lon="2.772123" lat="39.643798"><ele>129.75</ele></trkpt>
   <trkpt lon="2.772508" lat="39.643931"><ele>128.75</ele></trkpt>
   <trkpt lon="2.773027" lat="39.644110"><ele>128.5</ele></trkpt>
   <trkpt lon="2.773044" lat="39.644117"><ele>128.75</ele></trkpt>
   <trkpt lon="2.773569" lat="39.644324"><ele>128.0</ele></trkpt>
   <trkpt lon="2.773999" lat="39.644494"><ele>128.0</ele></trkpt>
   <trkpt lon="2.774263" lat="39.644614"><ele>128.25</ele></trkpt>
   <trkpt lon="2.774533" lat="39.644783"><ele>128.0</ele></trkpt>
   <trkpt lon="2.774379" lat="39.644968"><ele>128.75</ele></trkpt>
   <trkpt lon="2.774368" lat="39.644982"><ele>128.75</ele></trkpt>
   <trkpt lon="2.774298" lat="39.644965"><ele>128.75</ele></trkpt>
   <trkpt lon="2.774268" lat="39.644959"><ele>128.75</ele></trkpt>
   <trkpt lon="2.774246" lat="39.644989"><ele>128.75</ele></trkpt>
   <trkpt lon="2.773885" lat="39.645461"><ele>130.0</ele></trkpt>
   <trkpt lon="2.773822" lat="39.645546"><ele>130.0</ele></trkpt>
   <trkpt lon="2.773626" lat="39.645811"><ele>130.75</ele></trkpt>
   <trkpt lon="2.774191" lat="39.646105"><ele>130.0</ele></trkpt>
   <trkpt lon="2.775045" lat="39.646553"><ele>128.0</ele></trkpt>
   <trkpt lon="2.775952" lat="39.647022"><ele>126.25</ele></trkpt>
   <trkpt lon="2.775964" lat="39.647028"><ele>126.25</ele></trkpt>
   <trkpt lon="2.775993" lat="39.647044"><ele>126.25</ele></trkpt>
   <trkpt lon="2.776052" lat="39.647074"><ele>126.25</ele></trkpt>
   <trkpt lon="2.776790" lat="39.647460"><ele>128.75</ele></trkpt>
   <trkpt lon="2.777424" lat="39.647796"><ele>130.0</ele></trkpt>
   <trkpt lon="2.777433" lat="39.647800"><ele>130.0</ele></trkpt>
   <trkpt lon="2.777447" lat="39.647808"><ele>130.0</ele></trkpt>
   <trkpt lon="2.777465" lat="39.647818"><ele>130.0</ele></trkpt>
   <trkpt lon="2.778029" lat="39.648129"><ele>127.75</ele></trkpt>
   <trkpt lon="2.778058" lat="39.648155"><ele>127.5</ele></trkpt>
   <trkpt lon="2.778082" lat="39.648175"><ele>127.5</ele></trkpt>
   <trkpt lon="2.778427" lat="39.648339"><ele>127.0</ele></trkpt>
   <trkpt lon="2.778640" lat="39.648458"><ele>126.75</ele></trkpt>
   <trkpt lon="2.778727" lat="39.648504"><ele>126.5</ele></trkpt>
   <trkpt lon="2.778769" lat="39.648519"><ele>126.25</ele></trkpt>
   <trkpt lon="2.778786" lat="39.648530"><ele>126.25</ele></trkpt>
   <trkpt lon="2.778829" lat="39.648558"><ele>126.0</ele></trkpt>
   <trkpt lon="2.779040" lat="39.648361"><ele>126.0</ele></trkpt>
   <trkpt lon="2.779292" lat="39.648128"><ele>126.25</ele></trkpt>
   <trkpt lon="2.779321" lat="39.648091"><ele>126.25</ele></trkpt>
   <trkpt lon="2.779359" lat="39.648044"><ele>126.25</ele></trkpt>
   <trkpt lon="2.779430" lat="39.647919"><ele>126.5</ele></trkpt>
   <trkpt lon="2.779442" lat="39.647766"><ele>127.0</ele></trkpt>
   <trkpt lon="2.779437" lat="39.647645"><ele>127.25</ele></trkpt>
   <trkpt lon="2.779458" lat="39.647550"><ele>127.75</ele></trkpt>
   <trkpt lon="2.779517" lat="39.647253"><ele>128.0</ele></trkpt>
   <trkpt lon="2.779640" lat="39.647285"><ele>128.0</ele></trkpt>
   <trkpt lon="2.779734" lat="39.647307"><ele>127.75</ele></trkpt>
   <trkpt lon="2.780234" lat="39.647660"><ele>126.0</ele></trkpt>
   <trkpt lon="2.780618" lat="39.647937"><ele>125.75</ele></trkpt>
   <trkpt lon="2.780741" lat="39.648011"><ele>125.25</ele></trkpt>
   <trkpt lon="2.780830" lat="39.648029"><ele>125.0</ele></trkpt>
   <trkpt lon="2.780948" lat="39.648035"><ele>125.0</ele></trkpt>
   <trkpt lon="2.781053" lat="39.648017"><ele>125.0</ele></trkpt>
   <trkpt lon="2.781216" lat="39.647981"><ele>125.0</ele></trkpt>
   <trkpt lon="2.781264" lat="39.647970"><ele>125.0</ele></trkpt>
   <trkpt lon="2.781437" lat="39.647932"><ele>125.0</ele></trkpt>
   <trkpt lon="2.781533" lat="39.647907"><ele>125.0</ele></trkpt>
   <trkpt lon="2.781664" lat="39.647868"><ele>125.0</ele></trkpt>
   <trkpt lon="2.781895" lat="39.647794"><ele>125.0</ele></trkpt>
   <trkpt lon="2.782149" lat="39.647713"><ele>124.75</ele></trkpt>
   <trkpt lon="2.784678" lat="39.646840"><ele>122.0</ele></trkpt>
   <trkpt lon="2.785346" lat="39.646595"><ele>121.0</ele></trkpt>
   <trkpt lon="2.785901" lat="39.646301"><ele>120.75</ele></trkpt>
   <trkpt lon="2.786577" lat="39.645953"><ele>120.0</ele></trkpt>
   <trkpt lon="2.787016" lat="39.645779"><ele>120.0</ele></trkpt>
   <trkpt lon="2.787192" lat="39.645710"><ele>120.0</ele></trkpt>
   <trkpt lon="2.787814" lat="39.645484"><ele>120.0</ele></trkpt>
   <trkpt lon="2.788847" lat="39.645144"><ele>120.75</ele></trkpt>
   <trkpt lon="2.789526" lat="39.644922"><ele>121.5</ele></trkpt>
   <trkpt lon="2.791027" lat="39.644395"><ele>118.0</ele></trkpt>
   <trkpt lon="2.791349" lat="39.644277"><ele>118.0</ele></trkpt>
   <trkpt lon="2.792913" lat="39.643725"><ele>117.5</ele></trkpt>
   <trkpt lon="2.793050" lat="39.643672"><ele>117.0</ele></trkpt>
   <trkpt lon="2.793355" lat="39.643558"><ele>117.0</ele></trkpt>
   <trkpt lon="2.794037" lat="39.643301"><ele>117.25</ele></trkpt>
   <trkpt lon="2.794857" lat="39.642938"><ele>117.25</ele></trkpt>
   <trkpt lon="2.795273" lat="39.642756"><ele>117.0</ele></trkpt>
   <trkpt lon="2.796158" lat="39.642311"><ele>117.0</ele></trkpt>
   <trkpt lon="2.797058" lat="39.641788"><ele>116.75</ele></trkpt>
   <trkpt lon="2.797457" lat="39.641529"><ele>116.25</ele></trkpt>
   <trkpt lon="2.798835" lat="39.640708"><ele>116.0</ele></trkpt>
   <trkpt lon="2.798981" lat="39.640621"><ele>116.0</ele></trkpt>
   <trkpt lon="2.800675" lat="39.639613"><ele>115.25</ele></trkpt>
   <trkpt lon="2.802417" lat="39.638593"><ele>115.0</ele></trkpt>
   <trkpt lon="2.802483" lat="39.638532"><ele>115.0</ele></trkpt>
   <trkpt lon="2.802541" lat="39.638451"><ele>115.0</ele></trkpt>
   <trkpt lon="2.802560" lat="39.638382"><ele>115.0</ele></trkpt>
   <trkpt lon="2.802607" lat="39.638327"><ele>115.25</ele></trkpt>
   <trkpt lon="2.802669" lat="39.638280"><ele>115.25</ele></trkpt>
   <trkpt lon="2.802700" lat="39.638266"><ele>115.5</ele></trkpt>
   <trkpt lon="2.803033" lat="39.638263"><ele>115.0</ele></trkpt>
   <trkpt lon="2.803455" lat="39.638261"><ele>115.0</ele></trkpt>
   <trkpt lon="2.804833" lat="39.638261"><ele>115.0</ele></trkpt>
   <trkpt lon="2.806136" lat="39.638259"><ele>114.75</ele></trkpt>
   <trkpt lon="2.807125" lat="39.638239"><ele>114.5</ele></trkpt>
   <trkpt lon="2.808404" lat="39.638202"><ele>114.0</ele></trkpt>
   <trkpt lon="2.810439" lat="39.638167"><ele>114.5</ele></trkpt>
   <trkpt lon="2.810670" lat="39.638159"><ele>114.5</ele></trkpt>
   <trkpt lon="2.810893" lat="39.637832"><ele>114.75</ele></trkpt>
   <trkpt lon="2.810975" lat="39.637740"><ele>114.5</ele></trkpt>
   <trkpt lon="2.811096" lat="39.637628"><ele>114.5</ele></trkpt>
   <trkpt lon="2.811427" lat="39.637440"><ele>115.0</ele></trkpt>
   <trkpt lon="2.812733" lat="39.636864"><ele>116.25</ele></trkpt>
   <trkpt lon="2.815060" lat="39.635832"><ele>118.75</ele></trkpt>
   <trkpt lon="2.815692" lat="39.635584"><ele>118.75</ele></trkpt>
   <trkpt lon="2.816200" lat="39.635336"><ele>119.75</ele></trkpt>
   <trkpt lon="2.817035" lat="39.634888"><ele>121.0</ele></trkpt>
   <trkpt lon="2.817287" lat="39.634735"><ele>121.75</ele></trkpt>
   <trkpt lon="2.817570" lat="39.634577"><ele>122.0</ele></trkpt>
   <trkpt lon="2.818160" lat="39.634215"><ele>122.75</ele></trkpt>
   <trkpt lon="2.819214" lat="39.633752"><ele>124.5</ele></trkpt>
   <trkpt lon="2.819813" lat="39.633488"><ele>125.25</ele></trkpt>
   <trkpt lon="2.820945" lat="39.633053"><ele>126.0</ele></trkpt>
   <trkpt lon="2.821200" lat="39.632955"><ele>126.25</ele></trkpt>
   <trkpt lon="2.821476" lat="39.632849"><ele>126.5</ele></trkpt>
   <trkpt lon="2.822316" lat="39.632526"><ele>127.0</ele></trkpt>
   <trkpt lon="2.822947" lat="39.632269"><ele>127.75</ele></trkpt>
   <trkpt lon="2.823904" lat="39.631931"><ele>128.75</ele></trkpt>
   <trkpt lon="2.824339" lat="39.631777"><ele>128.5</ele></trkpt>
   <trkpt lon="2.826314" lat="39.630869"><ele>133.0</ele></trkpt>
   <trkpt lon="2.826434" lat="39.630814"><ele>132.75</ele></trkpt>
   <trkpt lon="2.827353" lat="39.630416"><ele>131.5</ele></trkpt>
   <trkpt lon="2.830521" lat="39.629075"><ele>124.25</ele></trkpt>
   <trkpt lon="2.831128" lat="39.628789"><ele>123.25</ele></trkpt>
   <trkpt lon="2.831541" lat="39.628548"><ele>122.0</ele></trkpt>
   <trkpt lon="2.832166" lat="39.628009"><ele>122.5</ele></trkpt>
   <trkpt lon="2.832332" lat="39.627866"><ele>122.75</ele></trkpt>
   <trkpt lon="2.832632" lat="39.627581"><ele>123.75</ele></trkpt>
   <trkpt lon="2.833113" lat="39.627335"><ele>124.25</ele></trkpt>
   <trkpt lon="2.833919" lat="39.626735"><ele>125.25</ele></trkpt>
   <trkpt lon="2.834071" lat="39.626623"><ele>125.75</ele></trkpt>
   <trkpt lon="2.834922" lat="39.626061"><ele>128.75</ele></trkpt>
   <trkpt lon="2.835599" lat="39.625642"><ele>131.0</ele></trkpt>
   <trkpt lon="2.836213" lat="39.625326"><ele>129.5</ele></trkpt>
   <trkpt lon="2.837335" lat="39.624961"><ele>127.5</ele></trkpt>
   <trkpt lon="2.837462" lat="39.624920"><ele>127.25</ele></trkpt>
   <trkpt lon="2.837628" lat="39.624854"><ele>127.5</ele></trkpt>
   <trkpt lon="2.837897" lat="39.624719"><ele>128.0</ele></trkpt>
   <trkpt lon="2.838892" lat="39.624187"><ele>127.75</ele></trkpt>
   <trkpt lon="2.839075" lat="39.623999"><ele>128.25</ele></trkpt>
   <trkpt lon="2.839146" lat="39.623915"><ele>128.75</ele></trkpt>
   <trkpt lon="2.839192" lat="39.623856"><ele>129.0</ele></trkpt>
   <trkpt lon="2.840364" lat="39.623369"><ele>131.25</ele></trkpt>
   <trkpt lon="2.840666" lat="39.623243"><ele>131.75</ele></trkpt>
   <trkpt lon="2.840998" lat="39.623113"><ele>131.5</ele></trkpt>
   <trkpt lon="2.842060" lat="39.622369"><ele>126.75</ele></trkpt>
   <trkpt lon="2.842927" lat="39.621803"><ele>122.5</ele></trkpt>
   <trkpt lon="2.843520" lat="39.621318"><ele>121.0</ele></trkpt>
   <trkpt lon="2.844095" lat="39.620955"><ele>120.0</ele></trkpt>
   <trkpt lon="2.844779" lat="39.620520"><ele>119.75</ele></trkpt>
   <trkpt lon="2.845529" lat="39.620138"><ele>120.0</ele></trkpt>
   <trkpt lon="2.846314" lat="39.619747"><ele>119.75</ele></trkpt>
   <trkpt lon="2.848239" lat="39.618990"><ele>120.0</ele></trkpt>
   <trkpt lon="2.849525" lat="39.618127"><ele>120.0</ele></trkpt>
   <trkpt lon="2.850691" lat="39.617050"><ele>119.0</ele></trkpt>
   <trkpt lon="2.851097" lat="39.616561"><ele>119.0</ele></trkpt>
   <trkpt lon="2.851558" lat="39.616144"><ele>119.0</ele></trkpt>
   <trkpt lon="2.852382" lat="39.615430"><ele>121.0</ele></trkpt>
   <trkpt lon="2.852655" lat="39.614990"><ele>121.0</ele></trkpt>
   <trkpt lon="2.852859" lat="39.614541"><ele>122.0</ele></trkpt>
   <trkpt lon="2.853190" lat="39.614025"><ele>122.5</ele></trkpt>
   <trkpt lon="2.853366" lat="39.613836"><ele>123.0</ele></trkpt>
   <trkpt lon="2.854402" lat="39.613151"><ele>124.0</ele></trkpt>
   <trkpt lon="2.854578" lat="39.613048"><ele>124.0</ele></trkpt>
   <trkpt lon="2.854730" lat="39.612983"><ele>123.75</ele></trkpt>
   <trkpt lon="2.855118" lat="39.612924"><ele>123.25</ele></trkpt>
   <trkpt lon="2.855719" lat="39.612884"><ele>122.75</ele></trkpt>
   <trkpt lon="2.855801" lat="39.612878"><ele>123.0</ele></trkpt>
   <trkpt lon="2.856888" lat="39.613036"><ele>122.75</ele></trkpt>
   <trkpt lon="2.857551" lat="39.613178"><ele>122.75</ele></trkpt>
   <trkpt lon="2.857769" lat="39.612856"><ele>122.0</ele></trkpt>
   <trkpt lon="2.858954" lat="39.610846"><ele>123.75</ele></trkpt>
   <trkpt lon="2.859578" lat="39.609942"><ele>127.25</ele></trkpt>
   <trkpt lon="2.859755" lat="39.609661"><ele>127.75</ele></trkpt>
   <trkpt lon="2.860312" lat="39.608601"><ele>128.75</ele></trkpt>
   <trkpt lon="2.861668" lat="39.606760"><ele>131.5</ele></trkpt>
   <trkpt lon="2.861723" lat="39.606696"><ele>131.75</ele></trkpt>
   <trkpt lon="2.862220" lat="39.605892"><ele>135.75</ele></trkpt>
   <trkpt lon="2.862392" lat="39.605677"><ele>136.5</ele></trkpt>
   <trkpt lon="2.863662" lat="39.604296"><ele>141.5</ele></trkpt>
   <trkpt lon="2.864378" lat="39.603634"><ele>143.0</ele></trkpt>
   <trkpt lon="2.865304" lat="39.602842"><ele>142.0</ele></trkpt>
   <trkpt lon="2.865617" lat="39.602531"><ele>141.75</ele></trkpt>
   <trkpt lon="2.865812" lat="39.602304"><ele>141.0</ele></trkpt>
   <trkpt lon="2.866143" lat="39.601868"><ele>140.0</ele></trkpt>
   <trkpt lon="2.867031" lat="39.600580"><ele>138.0</ele></trkpt>
   <trkpt lon="2.867583" lat="39.599794"><ele>136.75</ele></trkpt>
   <trkpt lon="2.867636" lat="39.599730"><ele>136.5</ele></trkpt>
   <trkpt lon="2.867823" lat="39.599027"><ele>134.25</ele></trkpt>
   <trkpt lon="2.868103" lat="39.598307"><ele>135.25</ele></trkpt>
   <trkpt lon="2.868419" lat="39.597138"><ele>140.0</ele></trkpt>
   <trkpt lon="2.868532" lat="39.596904"><ele>140.0</ele></trkpt>
   <trkpt lon="2.869358" lat="39.595386"><ele>142.5</ele></trkpt>
   <trkpt lon="2.870361" lat="39.593543"><ele>145.0</ele></trkpt>
   <trkpt lon="2.871296" lat="39.591826"><ele>144.25</ele></trkpt>
   <trkpt lon="2.871335" lat="39.591755"><ele>144.5</ele></trkpt>
   <trkpt lon="2.872229" lat="39.590112"><ele>146.0</ele></trkpt>
   <trkpt lon="2.872266" lat="39.589966"><ele>146.0</ele></trkpt>
   <trkpt lon="2.872262" lat="39.589904"><ele>146.0</ele></trkpt>
   <trkpt lon="2.871783" lat="39.587599"><ele>146.25</ele></trkpt>
   <trkpt lon="2.871787" lat="39.587568"><ele>146.25</ele></trkpt>
   <trkpt lon="2.871901" lat="39.587241"><ele>146.75</ele></trkpt>
   <trkpt lon="2.872530" lat="39.585557"><ele>148.0</ele></trkpt>
   <trkpt lon="2.873942" lat="39.581740"><ele>149.5</ele></trkpt>
   <trkpt lon="2.874011" lat="39.581556"><ele>150.0</ele></trkpt>
   <trkpt lon="2.874068" lat="39.581454"><ele>150.25</ele></trkpt>
   <trkpt lon="2.876753" lat="39.579033"><ele>158.0</ele></trkpt>
   <trkpt lon="2.876792" lat="39.578997"><ele>158.0</ele></trkpt>
   <trkpt lon="2.877256" lat="39.578362"><ele>158.0</ele></trkpt>
   <trkpt lon="2.877812" lat="39.577791"><ele>159.0</ele></trkpt>
   <trkpt lon="2.878781" lat="39.577257"><ele>160.0</ele></trkpt>
   <trkpt lon="2.879581" lat="39.576669"><ele>161.25</ele></trkpt>
   <trkpt lon="2.880112" lat="39.576183"><ele>162.5</ele></trkpt>
   <trkpt lon="2.880688" lat="39.574590"><ele>162.75</ele></trkpt>
   <trkpt lon="2.880789" lat="39.573956"><ele>163.75</ele></trkpt>
   <trkpt lon="2.881128" lat="39.571557"><ele>167.25</ele></trkpt>
   <trkpt lon="2.881295" lat="39.570493"><ele>169.25</ele></trkpt>
   <trkpt lon="2.881317" lat="39.570376"><ele>169.25</ele></trkpt>
   <trkpt lon="2.881480" lat="39.569950"><ele>168.75</ele></trkpt>
   <trkpt lon="2.881673" lat="39.569455"><ele>167.75</ele></trkpt>
   <trkpt lon="2.881697" lat="39.569362"><ele>167.5</ele></trkpt>
   <trkpt lon="2.881681" lat="39.569218"><ele>167.0</ele></trkpt>
   <trkpt lon="2.881676" lat="39.569156"><ele>167.0</ele></trkpt>
   <trkpt lon="2.881657" lat="39.569139"><ele>167.25</ele></trkpt>
   <trkpt lon="2.881641" lat="39.569107"><ele>167.5</ele></trkpt>
   <trkpt lon="2.881641" lat="39.569083"><ele>167.75</ele></trkpt>
   <trkpt lon="2.881665" lat="39.569040"><ele>167.75</ele></trkpt>
   <trkpt lon="2.881686" lat="39.569025"><ele>168.0</ele></trkpt>
   <trkpt lon="2.881730" lat="39.569010"><ele>168.25</ele></trkpt>
   <trkpt lon="2.881717" lat="39.568961"><ele>168.5</ele></trkpt>
   <trkpt lon="2.881693" lat="39.568898"><ele>169.0</ele></trkpt>
   <trkpt lon="2.881616" lat="39.568674"><ele>169.75</ele></trkpt>
   <trkpt lon="2.881569" lat="39.568603"><ele>170.0</ele></trkpt>
   <trkpt lon="2.881536" lat="39.568550"><ele>170.0</ele></trkpt>
   <trkpt lon="2.881487" lat="39.568557"><ele>170.0</ele></trkpt>
   <trkpt lon="2.881446" lat="39.568549"><ele>170.0</ele></trkpt>
   <trkpt lon="2.881410" lat="39.568529"><ele>170.0</ele></trkpt>
   <trkpt lon="2.881386" lat="39.568494"><ele>170.0</ele></trkpt>
   <trkpt lon="2.881388" lat="39.568447"><ele>170.0</ele></trkpt>
   <trkpt lon="2.881395" lat="39.568434"><ele>170.0</ele></trkpt>
   <trkpt lon="2.881330" lat="39.568317"><ele>170.75</ele></trkpt>
   <trkpt lon="2.881309" lat="39.568255"><ele>171.5</ele></trkpt>
   <trkpt lon="2.880665" lat="39.567541"><ele>174.0</ele></trkpt>
   <trkpt lon="2.880157" lat="39.566979"><ele>174.25</ele></trkpt>
   <trkpt lon="2.879711" lat="39.566336"><ele>175.25</ele></trkpt>
   <trkpt lon="2.879382" lat="39.565617"><ele>176.75</ele></trkpt>
   <trkpt lon="2.878977" lat="39.564070"><ele>180.0</ele></trkpt>
   <trkpt lon="2.878866" lat="39.563730"><ele>180.5</ele></trkpt>
   <trkpt lon="2.878790" lat="39.563429"><ele>181.0</ele></trkpt>
   <trkpt lon="2.878767" lat="39.563127"><ele>182.0</ele></trkpt>
   <trkpt lon="2.878821" lat="39.562817"><ele>182.0</ele></trkpt>
   <trkpt lon="2.879230" lat="39.561627"><ele>182.75</ele></trkpt>
   <trkpt lon="2.879250" lat="39.561423"><ele>182.75</ele></trkpt>
   <trkpt lon="2.879215" lat="39.561151"><ele>183.75</ele></trkpt>
   <trkpt lon="2.879208" lat="39.560961"><ele>184.25</ele></trkpt>
   <trkpt lon="2.879040" lat="39.560492"><ele>185.25</ele></trkpt>
   <trkpt lon="2.879047" lat="39.559994"><ele>186.0</ele></trkpt>
   <trkpt lon="2.879132" lat="39.559061"><ele>188.0</ele></trkpt>
   <trkpt lon="2.879186" lat="39.558616"><ele>188.75</ele></trkpt>
   <trkpt lon="2.879348" lat="39.557364"><ele>191.25</ele></trkpt>
   <trkpt lon="2.879339" lat="39.557095"><ele>192.25</ele></trkpt>
   <trkpt lon="2.879322" lat="39.556720"><ele>193.25</ele></trkpt>
   <trkpt lon="2.878821" lat="39.554973"><ele>196.0</ele></trkpt>
   <trkpt lon="2.878552" lat="39.554303"><ele>197.5</ele></trkpt>
   <trkpt lon="2.878294" lat="39.553290"><ele>199.0</ele></trkpt>
   <trkpt lon="2.878300" lat="39.553208"><ele>199.25</ele></trkpt>
   <trkpt lon="2.878371" lat="39.552746"><ele>200.0</ele></trkpt>
   <trkpt lon="2.878387" lat="39.552686"><ele>200.0</ele></trkpt>
   <trkpt lon="2.878396" lat="39.552210"><ele>200.0</ele></trkpt>
   <trkpt lon="2.878458" lat="39.551861"><ele>200.25</ele></trkpt>
   <trkpt lon="2.878501" lat="39.551620"><ele>200.5</ele></trkpt>
   <trkpt lon="2.878847" lat="39.550560"><ele>201.75</ele></trkpt>
   <trkpt lon="2.879082" lat="39.549973"><ele>203.75</ele></trkpt>
   <trkpt lon="2.879196" lat="39.549691"><ele>206.0</ele></trkpt>
   <trkpt lon="2.879413" lat="39.549378"><ele>208.0</ele></trkpt>
   <trkpt lon="2.879669" lat="39.548601"><ele>207.25</ele></trkpt>
   <trkpt lon="2.879714" lat="39.548460"><ele>208.0</ele></trkpt>
   <trkpt lon="2.879725" lat="39.548337"><ele>208.75</ele></trkpt>
   <trkpt lon="2.879614" lat="39.547988"><ele>211.0</ele></trkpt>
   <trkpt lon="2.879424" lat="39.547782"><ele>212.0</ele></trkpt>
   <trkpt lon="2.879056" lat="39.547208"><ele>215.25</ele></trkpt>
   <trkpt lon="2.878961" lat="39.546944"><ele>214.5</ele></trkpt>
   <trkpt lon="2.878856" lat="39.546805"><ele>214.5</ele></trkpt>
   <trkpt lon="2.878330" lat="39.546316"><ele>218.25</ele></trkpt>
   <trkpt lon="2.878253" lat="39.546199"><ele>218.25</ele></trkpt>
   <trkpt lon="2.878215" lat="39.545929"><ele>215.25</ele></trkpt>
   <trkpt lon="2.878339" lat="39.545314"><ele>211.75</ele></trkpt>
   <trkpt lon="2.878523" lat="39.544470"><ele>210.25</ele></trkpt>
   <trkpt lon="2.878679" lat="39.543538"><ele>209.75</ele></trkpt>
   <trkpt lon="2.878758" lat="39.542935"><ele>210.25</ele></trkpt>
   <trkpt lon="2.878789" lat="39.542841"><ele>210.25</ele></trkpt>
   <trkpt lon="2.878920" lat="39.542440"><ele>209.75</ele></trkpt>
   <trkpt lon="2.878927" lat="39.542310"><ele>209.75</ele></trkpt>
   <trkpt lon="2.878977" lat="39.542193"><ele>209.5</ele></trkpt>
   <trkpt lon="2.879164" lat="39.541967"><ele>209.0</ele></trkpt>
   <trkpt lon="2.879820" lat="39.541435"><ele>209.25</ele></trkpt>
   <trkpt lon="2.880277" lat="39.540921"><ele>209.25</ele></trkpt>
   <trkpt lon="2.880585" lat="39.540489"><ele>209.75</ele></trkpt>
   <trkpt lon="2.880933" lat="39.540115"><ele>210.75</ele></trkpt>
   <trkpt lon="2.881165" lat="39.539928"><ele>211.0</ele></trkpt>
   <trkpt lon="2.881165" lat="39.539851"><ele>210.5</ele></trkpt>
   <trkpt lon="2.881133" lat="39.539473"><ele>210.0</ele></trkpt>
   <trkpt lon="2.881024" lat="39.539302"><ele>210.0</ele></trkpt>
   <trkpt lon="2.880052" lat="39.538399"><ele>211.75</ele></trkpt>
   <trkpt lon="2.879792" lat="39.538144"><ele>214.5</ele></trkpt>
   <trkpt lon="2.879400" lat="39.537933"><ele>215.0</ele></trkpt>
   <trkpt lon="2.879088" lat="39.537601"><ele>213.5</ele></trkpt>
   <trkpt lon="2.879032" lat="39.537164"><ele>212.5</ele></trkpt>
   <trkpt lon="2.879055" lat="39.537017"><ele>213.25</ele></trkpt>
   <trkpt lon="2.879082" lat="39.536874"><ele>213.75</ele></trkpt>
   <trkpt lon="2.879080" lat="39.536673"><ele>214.25</ele></trkpt>
   <trkpt lon="2.879078" lat="39.536572"><ele>215.0</ele></trkpt>
   <trkpt lon="2.878801" lat="39.536119"><ele>215.5</ele></trkpt>
   <trkpt lon="2.878676" lat="39.535828"><ele>216.5</ele></trkpt>
   <trkpt lon="2.878384" lat="39.535435"><ele>218.0</ele></trkpt>
   <trkpt lon="2.877975" lat="39.535045"><ele>222.25</ele></trkpt>
   <trkpt lon="2.877377" lat="39.534626"><ele>225.25</ele></trkpt>
   <trkpt lon="2.877182" lat="39.534259"><ele>225.5</ele></trkpt>
   <trkpt lon="2.877088" lat="39.533758"><ele>229.5</ele></trkpt>
   <trkpt lon="2.876895" lat="39.533646"><ele>230.0</ele></trkpt>
   <trkpt lon="2.876737" lat="39.533598"><ele>230.5</ele></trkpt>
   <trkpt lon="2.876405" lat="39.533463"><ele>230.5</ele></trkpt>
   <trkpt lon="2.876160" lat="39.533365"><ele>229.0</ele></trkpt>
   <trkpt lon="2.875680" lat="39.532972"><ele>229.5</ele></trkpt>
   <trkpt lon="2.875216" lat="39.532770"><ele>227.25</ele></trkpt>
   <trkpt lon="2.875184" lat="39.532732"><ele>227.5</ele></trkpt>
   <trkpt lon="2.875123" lat="39.532660"><ele>227.25</ele></trkpt>
   <trkpt lon="2.875006" lat="39.532411"><ele>224.5</ele></trkpt>
   <trkpt lon="2.874872" lat="39.532118"><ele>223.25</ele></trkpt>
   <trkpt lon="2.874880" lat="39.531710"><ele>219.5</ele></trkpt>
   <trkpt lon="2.874889" lat="39.531563"><ele>219.0</ele></trkpt>
   <trkpt lon="2.874852" lat="39.531378"><ele>218.75</ele></trkpt>
   <trkpt lon="2.874532" lat="39.530809"><ele>215.5</ele></trkpt>
   <trkpt lon="2.874375" lat="39.530686"><ele>214.75</ele></trkpt>
   <trkpt lon="2.874271" lat="39.530513"><ele>213.75</ele></trkpt>
   <trkpt lon="2.874127" lat="39.530368"><ele>214.0</ele></trkpt>
   <trkpt lon="2.873999" lat="39.530237"><ele>214.25</ele></trkpt>
   <trkpt lon="2.873893" lat="39.530082"><ele>213.75</ele></trkpt>
   <trkpt lon="2.873787" lat="39.529896"><ele>213.0</ele></trkpt>
   <trkpt lon="2.873733" lat="39.529800"><ele>212.25</ele></trkpt>
   <trkpt lon="2.873349" lat="39.529251"><ele>209.5</ele></trkpt>
   <trkpt lon="2.873204" lat="39.529071"><ele>208.5</ele></trkpt>
   <trkpt lon="2.873155" lat="39.528957"><ele>208.0</ele></trkpt>
   <trkpt lon="2.873139" lat="39.528570"><ele>208.25</ele></trkpt>
   <trkpt lon="2.873129" lat="39.528278"><ele>209.5</ele></trkpt>
   <trkpt lon="2.873113" lat="39.528146"><ele>209.5</ele></trkpt>
   <trkpt lon="2.873057" lat="39.528059"><ele>209.75</ele></trkpt>
   <trkpt lon="2.872933" lat="39.527936"><ele>208.75</ele></trkpt>
   <trkpt lon="2.872429" lat="39.527465"><ele>208.75</ele></trkpt>
   <trkpt lon="2.872231" lat="39.527232"><ele>207.75</ele></trkpt>
   <trkpt lon="2.871711" lat="39.526549"><ele>205.5</ele></trkpt>
   <trkpt lon="2.871090" lat="39.525734"><ele>199.75</ele></trkpt>
   <trkpt lon="2.870402" lat="39.524832"><ele>194.25</ele></trkpt>
   <trkpt lon="2.870313" lat="39.524705"><ele>194.0</ele></trkpt>
   <trkpt lon="2.870258" lat="39.524579"><ele>193.75</ele></trkpt>
   <trkpt lon="2.870258" lat="39.524518"><ele>193.75</ele></trkpt>
   <trkpt lon="2.870294" lat="39.524435"><ele>194.0</ele></trkpt>
   <trkpt lon="2.870371" lat="39.524356"><ele>194.0</ele></trkpt>
   <trkpt lon="2.870506" lat="39.524257"><ele>194.5</ele></trkpt>
   <trkpt lon="2.872245" lat="39.523101"><ele>201.75</ele></trkpt>
   <trkpt lon="2.873481" lat="39.522255"><ele>202.5</ele></trkpt>
   <trkpt lon="2.873662" lat="39.522107"><ele>202.75</ele></trkpt>
   <trkpt lon="2.873699" lat="39.522047"><ele>202.5</ele></trkpt>
   <trkpt lon="2.873723" lat="39.521905"><ele>202.0</ele></trkpt>
   <trkpt lon="2.873760" lat="39.521382"><ele>199.25</ele></trkpt>
   <trkpt lon="2.873811" lat="39.520647"><ele>194.75</ele></trkpt>
   <trkpt lon="2.873818" lat="39.520541"><ele>193.75</ele></trkpt>
   <trkpt lon="2.873919" lat="39.519160"><ele>188.0</ele></trkpt>
   <trkpt lon="2.873956" lat="39.518505"><ele>185.75</ele></trkpt>
   <trkpt lon="2.874064" lat="39.516985"><ele>178.5</ele></trkpt>
   <trkpt lon="2.874225" lat="39.514818"><ele>170.25</ele></trkpt>
   <trkpt lon="2.874376" lat="39.512762"><ele>167.0</ele></trkpt>
   <trkpt lon="2.874533" lat="39.512634"><ele>167.0</ele></trkpt>
   <trkpt lon="2.875346" lat="39.512042"><ele>164.75</ele></trkpt>
   <trkpt lon="2.875421" lat="39.511948"><ele>164.25</ele></trkpt>
   <trkpt lon="2.875459" lat="39.511900"><ele>164.25</ele></trkpt>
   <trkpt lon="2.875603" lat="39.511615"><ele>163.75</ele></trkpt>
   <trkpt lon="2.875941" lat="39.510883"><ele>162.5</ele></trkpt>
   <trkpt lon="2.876633" lat="39.509290"><ele>159.25</ele></trkpt>
   <trkpt lon="2.876990" lat="39.508432"><ele>157.25</ele></trkpt>
   <trkpt lon="2.877342" lat="39.507631"><ele>156.0</ele></trkpt>
   <trkpt lon="2.877431" lat="39.507451"><ele>155.75</ele></trkpt>
   <trkpt lon="2.877859" lat="39.506380"><ele>154.0</ele></trkpt>
   <trkpt lon="2.878135" lat="39.505732"><ele>153.5</ele></trkpt>
   <trkpt lon="2.878268" lat="39.505419"><ele>153.0</ele></trkpt>
   <trkpt lon="2.878594" lat="39.504464"><ele>152.0</ele></trkpt>
   <trkpt lon="2.878664" lat="39.504282"><ele>152.0</ele></trkpt>
   <trkpt lon="2.878822" lat="39.503778"><ele>151.25</ele></trkpt>
   <trkpt lon="2.879300" lat="39.503307"><ele>150.75</ele></trkpt>
   <trkpt lon="2.879371" lat="39.503245"><ele>150.5</ele></trkpt>
   <trkpt lon="2.881174" lat="39.501676"><ele>150.0</ele></trkpt>
   <trkpt lon="2.881661" lat="39.501166"><ele>150.0</ele></trkpt>
   <trkpt lon="2.882367" lat="39.500314"><ele>148.5</ele></trkpt>
   <trkpt lon="2.882710" lat="39.499805"><ele>149.75</ele></trkpt>
   <trkpt lon="2.883416" lat="39.499013"><ele>151.25</ele></trkpt>
   <trkpt lon="2.883511" lat="39.498846"><ele>151.5</ele></trkpt>
   <trkpt lon="2.883884" lat="39.497691"><ele>150.0</ele></trkpt>
   <trkpt lon="2.883987" lat="39.497474"><ele>149.75</ele></trkpt>
   <trkpt lon="2.884312" lat="39.497234"><ele>149.0</ele></trkpt>
   <trkpt lon="2.884807" lat="39.496932"><ele>149.25</ele></trkpt>
   <trkpt lon="2.885118" lat="39.496742"><ele>149.25</ele></trkpt>
   <trkpt lon="2.885411" lat="39.496526"><ele>148.25</ele></trkpt>
   <trkpt lon="2.885987" lat="39.496032"><ele>146.5</ele></trkpt>
   <trkpt lon="2.886531" lat="39.495559"><ele>146.0</ele></trkpt>
   <trkpt lon="2.886741" lat="39.495410"><ele>146.0</ele></trkpt>
   <trkpt lon="2.886912" lat="39.495262"><ele>146.0</ele></trkpt>
   <trkpt lon="2.886950" lat="39.495220"><ele>146.0</ele></trkpt>
   <trkpt lon="2.887010" lat="39.495186"><ele>146.0</ele></trkpt>
   <trkpt lon="2.887081" lat="39.495170"><ele>146.0</ele></trkpt>
   <trkpt lon="2.887135" lat="39.495170"><ele>146.0</ele></trkpt>
   <trkpt lon="2.887186" lat="39.495180"><ele>146.0</ele></trkpt>
   <trkpt lon="2.887246" lat="39.495082"><ele>146.0</ele></trkpt>
   <trkpt lon="2.887978" lat="39.494683"><ele>146.0</ele></trkpt>
   <trkpt lon="2.888590" lat="39.494372"><ele>146.0</ele></trkpt>
   <trkpt lon="2.889159" lat="39.494057"><ele>147.0</ele></trkpt>
   <trkpt lon="2.889919" lat="39.493627"><ele>146.0</ele></trkpt>
   <trkpt lon="2.889140" lat="39.492566"><ele>144.0</ele></trkpt>
   <trkpt lon="2.888678" lat="39.491935"><ele>142.75</ele></trkpt>
   <trkpt lon="2.888586" lat="39.491808"><ele>142.5</ele></trkpt>
   <trkpt lon="2.888329" lat="39.491449"><ele>142.0</ele></trkpt>
   <trkpt lon="2.888221" lat="39.491298"><ele>141.75</ele></trkpt>
   <trkpt lon="2.887991" lat="39.491084"><ele>141.0</ele></trkpt>
   <trkpt lon="2.887908" lat="39.490997"><ele>141.0</ele></trkpt>
   <trkpt lon="2.888787" lat="39.490593"><ele>141.0</ele></trkpt>
   <trkpt lon="2.890768" lat="39.489745"><ele>142.0</ele></trkpt>
   <trkpt lon="2.891351" lat="39.489455"><ele>141.0</ele></trkpt>
   <trkpt lon="2.890938" lat="39.488961"><ele>140.25</ele></trkpt>
   <trkpt lon="2.890376" lat="39.488269"><ele>139.0</ele></trkpt>
   <trkpt lon="2.890954" lat="39.487969"><ele>139.0</ele></trkpt>
   <trkpt lon="2.891323" lat="39.487778"><ele>139.0</ele></trkpt>
   <trkpt lon="2.891686" lat="39.487574"><ele>138.25</ele></trkpt>
   <trkpt lon="2.892303" lat="39.487262"><ele>138.0</ele></trkpt>
   <trkpt lon="2.892790" lat="39.487004"><ele>138.0</ele></trkpt>
   <trkpt lon="2.893934" lat="39.486401"><ele>137.0</ele></trkpt>
   <trkpt lon="2.894964" lat="39.485853"><ele>136.75</ele></trkpt>
   <trkpt lon="2.895033" lat="39.485818"><ele>136.75</ele></trkpt>
   <trkpt lon="2.895533" lat="39.485545"><ele>136.0</ele></trkpt>
   <trkpt lon="2.895076" lat="39.484823"><ele>135.0</ele></trkpt>
   <trkpt lon="2.894670" lat="39.484203"><ele>134.0</ele></trkpt>
   <trkpt lon="2.894437" lat="39.483788"><ele>133.5</ele></trkpt>
   <trkpt lon="2.894305" lat="39.483483"><ele>133.0</ele></trkpt>
   <trkpt lon="2.894219" lat="39.483157"><ele>133.0</ele></trkpt>
   <trkpt lon="2.894189" lat="39.482858"><ele>132.25</ele></trkpt>
   <trkpt lon="2.894235" lat="39.482572"><ele>132.0</ele></trkpt>
   <trkpt lon="2.894445" lat="39.481981"><ele>131.75</ele></trkpt>
   <trkpt lon="2.894668" lat="39.481249"><ele>130.75</ele></trkpt>
   <trkpt lon="2.894738" lat="39.480952"><ele>130.25</ele></trkpt>
   <trkpt lon="2.894832" lat="39.480089"><ele>129.0</ele></trkpt>
   <trkpt lon="2.894915" lat="39.479238"><ele>128.0</ele></trkpt>
   <trkpt lon="2.894977" lat="39.478789"><ele>127.75</ele></trkpt>
   <trkpt lon="2.895020" lat="39.478564"><ele>128.0</ele></trkpt>
   <trkpt lon="2.895065" lat="39.478264"><ele>128.75</ele></trkpt>
   <trkpt lon="2.895057" lat="39.478170"><ele>129.25</ele></trkpt>
   <trkpt lon="2.895037" lat="39.478107"><ele>129.75</ele></trkpt>
   <trkpt lon="2.895016" lat="39.478072"><ele>129.75</ele></trkpt>
   <trkpt lon="2.894966" lat="39.478045"><ele>129.75</ele></trkpt>
   <trkpt lon="2.894911" lat="39.477997"><ele>129.75</ele></trkpt>
   <trkpt lon="2.894876" lat="39.477938"><ele>129.5</ele></trkpt>
   <trkpt lon="2.894865" lat="39.477866"><ele>129.5</ele></trkpt>
   <trkpt lon="2.894885" lat="39.477795"><ele>129.5</ele></trkpt>
   <trkpt lon="2.894907" lat="39.477762"><ele>129.75</ele></trkpt>
   <trkpt lon="2.894934" lat="39.477733"><ele>130.0</ele></trkpt>
   <trkpt lon="2.894998" lat="39.477690"><ele>130.25</ele></trkpt>
   <trkpt lon="2.895076" lat="39.477663"><ele>130.25</ele></trkpt>
   <trkpt lon="2.895124" lat="39.477624"><ele>130.25</ele></trkpt>
   <trkpt lon="2.895163" lat="39.477570"><ele>130.25</ele></trkpt>
   <trkpt lon="2.895186" lat="39.477517"><ele>130.25</ele></trkpt>
   <trkpt lon="2.895217" lat="39.477206"><ele>130.5</ele></trkpt>
   <trkpt lon="2.895302" lat="39.476480"><ele>129.5</ele></trkpt>
   <trkpt lon="2.895332" lat="39.476182"><ele>130.75</ele></trkpt>
   <trkpt lon="2.895315" lat="39.476095"><ele>130.75</ele></trkpt>
   <trkpt lon="2.895290" lat="39.476028"><ele>130.5</ele></trkpt>
   <trkpt lon="2.895252" lat="39.475994"><ele>130.25</ele></trkpt>
   <trkpt lon="2.895195" lat="39.475964"><ele>129.75</ele></trkpt>
   <trkpt lon="2.895152" lat="39.475925"><ele>129.25</ele></trkpt>
   <trkpt lon="2.895115" lat="39.475874"><ele>128.75</ele></trkpt>
   <trkpt lon="2.895104" lat="39.475844"><ele>128.75</ele></trkpt>
   <trkpt lon="2.895099" lat="39.475805"><ele>128.5</ele></trkpt>
   <trkpt lon="2.895105" lat="39.475742"><ele>128.5</ele></trkpt>
   <trkpt lon="2.895119" lat="39.475709"><ele>128.5</ele></trkpt>
   <trkpt lon="2.895160" lat="39.475660"><ele>128.75</ele></trkpt>
   <trkpt lon="2.895206" lat="39.475621"><ele>128.75</ele></trkpt>
   <trkpt lon="2.895236" lat="39.475606"><ele>129.0</ele></trkpt>
   <trkpt lon="2.895266" lat="39.475595"><ele>129.0</ele></trkpt>
   <trkpt lon="2.895307" lat="39.475569"><ele>128.75</ele></trkpt>
   <trkpt lon="2.895329" lat="39.475546"><ele>128.5</ele></trkpt>
   <trkpt lon="2.895381" lat="39.475432"><ele>127.0</ele></trkpt>
   <trkpt lon="2.895420" lat="39.475330"><ele>126.0</ele></trkpt>
   <trkpt lon="2.895488" lat="39.475010"><ele>125.5</ele></trkpt>
   <trkpt lon="2.895710" lat="39.473880"><ele>123.5</ele></trkpt>
   <trkpt lon="2.895883" lat="39.473156"><ele>123.0</ele></trkpt>
   <trkpt lon="2.895960" lat="39.472922"><ele>122.5</ele></trkpt>
   <trkpt lon="2.896054" lat="39.472731"><ele>121.75</ele></trkpt>
   <trkpt lon="2.896162" lat="39.472543"><ele>122.0</ele></trkpt>
   <trkpt lon="2.896323" lat="39.472317"><ele>121.75</ele></trkpt>
   <trkpt lon="2.896567" lat="39.472003"><ele>121.0</ele></trkpt>
   <trkpt lon="2.897393" lat="39.471026"><ele>120.5</ele></trkpt>
   <trkpt lon="2.898418" lat="39.469795"><ele>118.5</ele></trkpt>
   <trkpt lon="2.898681" lat="39.469417"><ele>117.75</ele></trkpt>
   <trkpt lon="2.898777" lat="39.469250"><ele>117.5</ele></trkpt>
   <trkpt lon="2.898846" lat="39.469093"><ele>117.5</ele></trkpt>
   <trkpt lon="2.898949" lat="39.468818"><ele>116.75</ele></trkpt>
   <trkpt lon="2.899023" lat="39.468437"><ele>116.5</ele></trkpt>
   <trkpt lon="2.899089" lat="39.468073"><ele>116.25</ele></trkpt>
   <trkpt lon="2.899206" lat="39.467565"><ele>116.5</ele></trkpt>
   <trkpt lon="2.899288" lat="39.467267"><ele>116.0</ele></trkpt>
   <trkpt lon="2.899664" lat="39.466135"><ele>115.0</ele></trkpt>
   <trkpt lon="2.899750" lat="39.465940"><ele>115.0</ele></trkpt>
   <trkpt lon="2.899852" lat="39.465783"><ele>115.0</ele></trkpt>
   <trkpt lon="2.899982" lat="39.465627"><ele>115.0</ele></trkpt>
   <trkpt lon="2.900126" lat="39.465489"><ele>114.75</ele></trkpt>
   <trkpt lon="2.900279" lat="39.465370"><ele>114.25</ele></trkpt>
   <trkpt lon="2.900403" lat="39.465282"><ele>114.0</ele></trkpt>
   <trkpt lon="2.900605" lat="39.465182"><ele>114.0</ele></trkpt>
   <trkpt lon="2.900892" lat="39.465065"><ele>113.75</ele></trkpt>
   <trkpt lon="2.901604" lat="39.464794"><ele>113.0</ele></trkpt>
   <trkpt lon="2.901815" lat="39.464698"><ele>112.75</ele></trkpt>
   <trkpt lon="2.901995" lat="39.464593"><ele>112.25</ele></trkpt>
   <trkpt lon="2.902147" lat="39.464468"><ele>112.0</ele></trkpt>
   <trkpt lon="2.902271" lat="39.464350"><ele>111.75</ele></trkpt>
   <trkpt lon="2.902407" lat="39.464168"><ele>111.25</ele></trkpt>
   <trkpt lon="2.902512" lat="39.463973"><ele>111.5</ele></trkpt>
   <trkpt lon="2.903041" lat="39.462846"><ele>110.0</ele></trkpt>
   <trkpt lon="2.903195" lat="39.462541"><ele>109.75</ele></trkpt>
   <trkpt lon="2.903674" lat="39.461709"><ele>108.75</ele></trkpt>
   <trkpt lon="2.903855" lat="39.461394"><ele>108.75</ele></trkpt>
   <trkpt lon="2.905022" lat="39.459444"><ele>106.75</ele></trkpt>
   <trkpt lon="2.905156" lat="39.459209"><ele>106.75</ele></trkpt>
   <trkpt lon="2.905278" lat="39.458970"><ele>106.75</ele></trkpt>
   <trkpt lon="2.905385" lat="39.458680"><ele>106.0</ele></trkpt>
   <trkpt lon="2.905457" lat="39.458360"><ele>106.5</ele></trkpt>
   <trkpt lon="2.905472" lat="39.458220"><ele>106.25</ele></trkpt>
   <trkpt lon="2.905476" lat="39.457981"><ele>105.75</ele></trkpt>
   <trkpt lon="2.905438" lat="39.457641"><ele>105.0</ele></trkpt>
   <trkpt lon="2.905331" lat="39.457288"><ele>104.75</ele></trkpt>
   <trkpt lon="2.905157" lat="39.456924"><ele>104.75</ele></trkpt>
   <trkpt lon="2.904962" lat="39.456643"><ele>104.75</ele></trkpt>
   <trkpt lon="2.902331" lat="39.453278"><ele>98.75</ele></trkpt>
   <trkpt lon="2.901935" lat="39.452843"><ele>99.0</ele></trkpt>
   <trkpt lon="2.901517" lat="39.452486"><ele>97.75</ele></trkpt>
   <trkpt lon="2.900517" lat="39.451731"><ele>97.0</ele></trkpt>
   <trkpt lon="2.900239" lat="39.451484"><ele>97.25</ele></trkpt>
   <trkpt lon="2.900082" lat="39.451344"><ele>97.0</ele></trkpt>
   <trkpt lon="2.900052" lat="39.451303"><ele>97.0</ele></trkpt>
   <trkpt lon="2.899882" lat="39.451066"><ele>97.0</ele></trkpt>
   <trkpt lon="2.899774" lat="39.450807"><ele>96.75</ele></trkpt>
   <trkpt lon="2.899741" lat="39.450667"><ele>96.25</ele></trkpt>
   <trkpt lon="2.899725" lat="39.450528"><ele>95.75</ele></trkpt>
   <trkpt lon="2.899718" lat="39.450323"><ele>95.0</ele></trkpt>
   <trkpt lon="2.899787" lat="39.449750"><ele>94.0</ele></trkpt>
   <trkpt lon="2.899848" lat="39.449150"><ele>95.25</ele></trkpt>
   <trkpt lon="2.899860" lat="39.449022"><ele>95.75</ele></trkpt>
   <trkpt lon="2.899855" lat="39.448698"><ele>96.0</ele></trkpt>
   <trkpt lon="2.899811" lat="39.448383"><ele>96.0</ele></trkpt>
   <trkpt lon="2.899801" lat="39.447728"><ele>96.0</ele></trkpt>
   <trkpt lon="2.899790" lat="39.447593"><ele>96.0</ele></trkpt>
   <trkpt lon="2.899610" lat="39.445911"><ele>94.5</ele></trkpt>
   <trkpt lon="2.899521" lat="39.445231"><ele>93.0</ele></trkpt>
   <trkpt lon="2.899448" lat="39.444825"><ele>92.25</ele></trkpt>
   <trkpt lon="2.899366" lat="39.444568"><ele>91.5</ele></trkpt>
   <trkpt lon="2.899057" lat="39.443784"><ele>88.0</ele></trkpt>
   <trkpt lon="2.899006" lat="39.443584"><ele>87.25</ele></trkpt>
   <trkpt lon="2.898974" lat="39.443371"><ele>86.0</ele></trkpt>
   <trkpt lon="2.898975" lat="39.443031"><ele>84.5</ele></trkpt>
   <trkpt lon="2.899000" lat="39.442694"><ele>84.75</ele></trkpt>
   <trkpt lon="2.899151" lat="39.441073"><ele>86.0</ele></trkpt>
   <trkpt lon="2.899168" lat="39.440915"><ele>86.5</ele></trkpt>
   <trkpt lon="2.899216" lat="39.440667"><ele>86.5</ele></trkpt>
   <trkpt lon="2.899288" lat="39.440420"><ele>87.75</ele></trkpt>
   <trkpt lon="2.899369" lat="39.440215"><ele>89.0</ele></trkpt>
   <trkpt lon="2.899467" lat="39.440005"><ele>89.75</ele></trkpt>
   <trkpt lon="2.900824" lat="39.437385"><ele>96.0</ele></trkpt>
   <trkpt lon="2.901369" lat="39.436319"><ele>95.5</ele></trkpt>
   <trkpt lon="2.901570" lat="39.435968"><ele>95.5</ele></trkpt>
   <trkpt lon="2.901900" lat="39.435474"><ele>95.75</ele></trkpt>
   <trkpt lon="2.902008" lat="39.435335"><ele>95.0</ele></trkpt>
   <trkpt lon="2.902120" lat="39.435161"><ele>95.0</ele></trkpt>
   <trkpt lon="2.902142" lat="39.435090"><ele>95.0</ele></trkpt>
   <trkpt lon="2.902203" lat="39.434906"><ele>95.0</ele></trkpt>
   <trkpt lon="2.902229" lat="39.434714"><ele>94.75</ele></trkpt>
   <trkpt lon="2.902237" lat="39.434521"><ele>94.75</ele></trkpt>
   <trkpt lon="2.902212" lat="39.434351"><ele>95.0</ele></trkpt>
   <trkpt lon="2.902141" lat="39.434126"><ele>95.0</ele></trkpt>
   <trkpt lon="2.902051" lat="39.433935"><ele>95.0</ele></trkpt>
   <trkpt lon="2.901941" lat="39.433779"><ele>95.0</ele></trkpt>
   <trkpt lon="2.900571" lat="39.432067"><ele>94.0</ele></trkpt>
   <trkpt lon="2.900280" lat="39.431652"><ele>93.0</ele></trkpt>
   <trkpt lon="2.899767" lat="39.430843"><ele>92.0</ele></trkpt>
   <trkpt lon="2.899611" lat="39.430613"><ele>91.5</ele></trkpt>
   <trkpt lon="2.899470" lat="39.430374"><ele>91.25</ele></trkpt>
   <trkpt lon="2.899253" lat="39.429974"><ele>91.5</ele></trkpt>
   <trkpt lon="2.898797" lat="39.429038"><ele>91.5</ele></trkpt>
   <trkpt lon="2.898718" lat="39.428895"><ele>91.0</ele></trkpt>
   <trkpt lon="2.898615" lat="39.428774"><ele>90.5</ele></trkpt>
   <trkpt lon="2.898029" lat="39.428175"><ele>90.0</ele></trkpt>
   <trkpt lon="2.897728" lat="39.427878"><ele>89.75</ele></trkpt>
   <trkpt lon="2.897211" lat="39.427406"><ele>90.0</ele></trkpt>
   <trkpt lon="2.896837" lat="39.427097"><ele>89.75</ele></trkpt>
   <trkpt lon="2.895275" lat="39.426216"><ele>90.0</ele></trkpt>
   <trkpt lon="2.895025" lat="39.426055"><ele>89.75</ele></trkpt>
   <trkpt lon="2.894799" lat="39.425884"><ele>89.75</ele></trkpt>
   <trkpt lon="2.894609" lat="39.425697"><ele>89.0</ele></trkpt>
   <trkpt lon="2.894372" lat="39.425352"><ele>88.25</ele></trkpt>
   <trkpt lon="2.894266" lat="39.425132"><ele>87.75</ele></trkpt>
   <trkpt lon="2.894206" lat="39.424937"><ele>87.75</ele></trkpt>
   <trkpt lon="2.894168" lat="39.424730"><ele>87.75</ele></trkpt>
   <trkpt lon="2.894162" lat="39.424485"><ele>87.0</ele></trkpt>
   <trkpt lon="2.894190" lat="39.424244"><ele>86.75</ele></trkpt>
   <trkpt lon="2.894273" lat="39.423963"><ele>86.0</ele></trkpt>
   <trkpt lon="2.894374" lat="39.423746"><ele>86.25</ele></trkpt>
   <trkpt lon="2.894502" lat="39.423538"><ele>87.0</ele></trkpt>
   <trkpt lon="2.897181" lat="39.419623"><ele>81.0</ele></trkpt>
   <trkpt lon="2.898063" lat="39.418301"><ele>73.75</ele></trkpt>
   <trkpt lon="2.898651" lat="39.417455"><ele>71.75</ele></trkpt>
   <trkpt lon="2.898887" lat="39.417111"><ele>71.25</ele></trkpt>
   <trkpt lon="2.899031" lat="39.416909"><ele>71.0</ele></trkpt>
   <trkpt lon="2.899476" lat="39.416272"><ele>69.75</ele></trkpt>
   <trkpt lon="2.899914" lat="39.415670"><ele>68.25</ele></trkpt>
   <trkpt lon="2.901607" lat="39.413448"><ele>66.25</ele></trkpt>
   <trkpt lon="2.901782" lat="39.413245"><ele>66.25</ele></trkpt>
   <trkpt lon="2.902202" lat="39.412802"><ele>65.75</ele></trkpt>
   <trkpt lon="2.903666" lat="39.411238"><ele>65.25</ele></trkpt>
   <trkpt lon="2.904138" lat="39.410745"><ele>65.0</ele></trkpt>
   <trkpt lon="2.905099" lat="39.409720"><ele>62.75</ele></trkpt>
   <trkpt lon="2.905295" lat="39.409500"><ele>63.0</ele></trkpt>
   <trkpt lon="2.905423" lat="39.409326"><ele>62.75</ele></trkpt>
   <trkpt lon="2.905529" lat="39.409113"><ele>62.5</ele></trkpt>
   <trkpt lon="2.905598" lat="39.408887"><ele>61.75</ele></trkpt>
   <trkpt lon="2.905621" lat="39.408673"><ele>61.75</ele></trkpt>
   <trkpt lon="2.905634" lat="39.407966"><ele>60.25</ele></trkpt>
   <trkpt lon="2.905646" lat="39.405316"><ele>58.0</ele></trkpt>
   <trkpt lon="2.905692" lat="39.403589"><ele>57.0</ele></trkpt>
   <trkpt lon="2.905706" lat="39.403101"><ele>56.75</ele></trkpt>
   <trkpt lon="2.905751" lat="39.402227"><ele>57.75</ele></trkpt>
   <trkpt lon="2.905833" lat="39.401367"><ele>58.0</ele></trkpt>
   <trkpt lon="2.905908" lat="39.400680"><ele>59.5</ele></trkpt>
   <trkpt lon="2.906055" lat="39.399677"><ele>61.0</ele></trkpt>
   <trkpt lon="2.906115" lat="39.399338"><ele>61.0</ele></trkpt>
   <trkpt lon="2.906348" lat="39.398247"><ele>60.0</ele></trkpt>
   <trkpt lon="2.906405" lat="39.397968"><ele>60.0</ele></trkpt>
   <trkpt lon="2.906338" lat="39.397854"><ele>59.75</ele></trkpt>
   <trkpt lon="2.906282" lat="39.397790"><ele>60.0</ele></trkpt>
   <trkpt lon="2.906233" lat="39.397758"><ele>59.75</ele></trkpt>
   <trkpt lon="2.906203" lat="39.397739"><ele>59.75</ele></trkpt>
   <trkpt lon="2.906124" lat="39.397738"><ele>59.75</ele></trkpt>
   <trkpt lon="2.905911" lat="39.397731"><ele>59.75</ele></trkpt>
   <trkpt lon="2.904527" lat="39.397885"><ele>61.0</ele></trkpt>
   <trkpt lon="2.903312" lat="39.398012"><ele>62.0</ele></trkpt>
   <trkpt lon="2.902020" lat="39.398081"><ele>63.5</ele></trkpt>
   <trkpt lon="2.899492" lat="39.398152"><ele>59.25</ele></trkpt>
   <trkpt lon="2.894802" lat="39.398266"><ele>56.75</ele></trkpt>
   <trkpt lon="2.889905" lat="39.398607"><ele>61.75</ele></trkpt>
   <trkpt lon="2.889182" lat="39.398664"><ele>63.0</ele></trkpt>
   <trkpt lon="2.888616" lat="39.398742"><ele>63.75</ele></trkpt>
   <trkpt lon="2.887766" lat="39.398912"><ele>63.75</ele></trkpt>
   <trkpt lon="2.884562" lat="39.399551"><ele>62.0</ele></trkpt>
   <trkpt lon="2.883683" lat="39.399708"><ele>62.0</ele></trkpt>
   <trkpt lon="2.883101" lat="39.399760"><ele>62.0</ele></trkpt>
   <trkpt lon="2.879520" lat="39.399889"><ele>64.0</ele></trkpt>
   <trkpt lon="2.878977" lat="39.399871"><ele>64.5</ele></trkpt>
   <trkpt lon="2.878715" lat="39.399817"><ele>64.25</ele></trkpt>
   <trkpt lon="2.875871" lat="39.399068"><ele>61.5</ele></trkpt>
   <trkpt lon="2.874486" lat="39.398703"><ele>60.5</ele></trkpt>
   <trkpt lon="2.870973" lat="39.397738"><ele>65.0</ele></trkpt>
   <trkpt lon="2.868952" lat="39.397235"><ele>67.5</ele></trkpt>
   <trkpt lon="2.868211" lat="39.397124"><ele>67.25</ele></trkpt>
   <trkpt lon="2.867200" lat="39.397008"><ele>67.0</ele></trkpt>
   <trkpt lon="2.867014" lat="39.396988"><ele>67.0</ele></trkpt>
   <trkpt lon="2.859568" lat="39.396198"><ele>71.0</ele></trkpt>
   <trkpt lon="2.851810" lat="39.395364"><ele>76.5</ele></trkpt>
   <trkpt lon="2.848670" lat="39.394944"><ele>73.0</ele></trkpt>
   <trkpt lon="2.848281" lat="39.394906"><ele>72.75</ele></trkpt>
   <trkpt lon="2.847936" lat="39.394903"><ele>72.25</ele></trkpt>
   <trkpt lon="2.847712" lat="39.394938"><ele>72.0</ele></trkpt>
   <trkpt lon="2.845503" lat="39.395369"><ele>71.0</ele></trkpt>
   <trkpt lon="2.844130" lat="39.395654"><ele>72.0</ele></trkpt>
   <trkpt lon="2.843785" lat="39.395757"><ele>72.0</ele></trkpt>
   <trkpt lon="2.843435" lat="39.395886"><ele>71.75</ele></trkpt>
   <trkpt lon="2.842714" lat="39.396221"><ele>71.0</ele></trkpt>
   <trkpt lon="2.841554" lat="39.396771"><ele>72.75</ele></trkpt>
   <trkpt lon="2.839320" lat="39.397831"><ele>75.0</ele></trkpt>
   <trkpt lon="2.838805" lat="39.398077"><ele>76.0</ele></trkpt>
   <trkpt lon="2.838619" lat="39.398187"><ele>76.0</ele></trkpt>
   <trkpt lon="2.838495" lat="39.398251"><ele>75.75</ele></trkpt>
   <trkpt lon="2.837757" lat="39.398815"><ele>76.5</ele></trkpt>
   <trkpt lon="2.837580" lat="39.398938"><ele>77.0</ele></trkpt>
   <trkpt lon="2.837297" lat="39.399222"><ele>78.0</ele></trkpt>
   <trkpt lon="2.836629" lat="39.400155"><ele>79.0</ele></trkpt>
   <trkpt lon="2.836505" lat="39.400295"><ele>79.0</ele></trkpt>
   <trkpt lon="2.834597" lat="39.402230"><ele>80.5</ele></trkpt>
   <trkpt lon="2.834392" lat="39.402383"><ele>80.0</ele></trkpt>
   <trkpt lon="2.834202" lat="39.402450"><ele>80.0</ele></trkpt>
   <trkpt lon="2.833978" lat="39.402463"><ele>80.0</ele></trkpt>
   <trkpt lon="2.833797" lat="39.402443"><ele>80.0</ele></trkpt>
   <trkpt lon="2.833626" lat="39.402373"><ele>80.0</ele></trkpt>
   <trkpt lon="2.833407" lat="39.402258"><ele>80.0</ele></trkpt>
   <trkpt lon="2.833355" lat="39.402228"><ele>80.0</ele></trkpt>
   <trkpt lon="2.829020" lat="39.399678"><ele>80.25</ele></trkpt>
   <trkpt lon="2.828585" lat="39.399426"><ele>81.0</ele></trkpt>
   <trkpt lon="2.827606" lat="39.398837"><ele>80.75</ele></trkpt>
   <trkpt lon="2.827380" lat="39.398676"><ele>80.0</ele></trkpt>
   <trkpt lon="2.825336" lat="39.397229"><ele>76.0</ele></trkpt>
   <trkpt lon="2.825112" lat="39.397058"><ele>76.0</ele></trkpt>
   <trkpt lon="2.824962" lat="39.396899"><ele>75.75</ele></trkpt>
   <trkpt lon="2.824940" lat="39.396771"><ele>75.25</ele></trkpt>
   <trkpt lon="2.824995" lat="39.396625"><ele>75.0</ele></trkpt>
   <trkpt lon="2.825263" lat="39.396321"><ele>74.75</ele></trkpt>
   <trkpt lon="2.825710" lat="39.395883"><ele>73.5</ele></trkpt>
   <trkpt lon="2.825851" lat="39.395672"><ele>73.25</ele></trkpt>
   <trkpt lon="2.825963" lat="39.395467"><ele>72.75</ele></trkpt>
   <trkpt lon="2.826353" lat="39.394642"><ele>72.5</ele></trkpt>
   <trkpt lon="2.826783" lat="39.393864"><ele>70.75</ele></trkpt>
   <trkpt lon="2.826865" lat="39.393662"><ele>70.75</ele></trkpt>
   <trkpt lon="2.826880" lat="39.393546"><ele>70.5</ele></trkpt>
   <trkpt lon="2.826858" lat="39.393450"><ele>70.25</ele></trkpt>
   <trkpt lon="2.826759" lat="39.393229"><ele>69.75</ele></trkpt>
   <trkpt lon="2.826587" lat="39.392939"><ele>69.5</ele></trkpt>
   <trkpt lon="2.825736" lat="39.391605"><ele>70.0</ele></trkpt>
   <trkpt lon="2.825350" lat="39.390961"><ele>70.25</ele></trkpt>
   <trkpt lon="2.825147" lat="39.390725"><ele>70.5</ele></trkpt>
   <trkpt lon="2.824838" lat="39.390521"><ele>71.0</ele></trkpt>
   <trkpt lon="2.818283" lat="39.387699"><ele>68.25</ele></trkpt>
   <trkpt lon="2.818236" lat="39.387679"><ele>68.5</ele></trkpt>
   <trkpt lon="2.815554" lat="39.386522"><ele>72.5</ele></trkpt>
   <trkpt lon="2.812677" lat="39.385291"><ele>75.25</ele></trkpt>
   <trkpt lon="2.810425" lat="39.384329"><ele>75.75</ele></trkpt>
   <trkpt lon="2.810134" lat="39.384142"><ele>75.75</ele></trkpt>
   <trkpt lon="2.807055" lat="39.381262"><ele>70.75</ele></trkpt>
   <trkpt lon="2.806573" lat="39.380812"><ele>71.75</ele></trkpt>
   <trkpt lon="2.802872" lat="39.377356"><ele>70.25</ele></trkpt>
   <trkpt lon="2.799535" lat="39.374278"><ele>72.0</ele></trkpt>
   <trkpt lon="2.796883" lat="39.371862"><ele>74.5</ele></trkpt>
   <trkpt lon="2.795204" lat="39.370237"><ele>75.5</ele></trkpt>
   <trkpt lon="2.794342" lat="39.369520"><ele>77.0</ele></trkpt>
   <trkpt lon="2.793793" lat="39.369145"><ele>79.25</ele></trkpt>
   <trkpt lon="2.793702" lat="39.369093"><ele>79.5</ele></trkpt>
   <trkpt lon="2.793234" lat="39.368897"><ele>80.25</ele></trkpt>
   <trkpt lon="2.792654" lat="39.368714"><ele>82.25</ele></trkpt>
   <trkpt lon="2.792297" lat="39.368633"><ele>82.75</ele></trkpt>
   <trkpt lon="2.791867" lat="39.368557"><ele>84.0</ele></trkpt>
   <trkpt lon="2.791428" lat="39.368510"><ele>84.75</ele></trkpt>
   <trkpt lon="2.790931" lat="39.368491"><ele>85.5</ele></trkpt>
   <trkpt lon="2.790325" lat="39.368530"><ele>86.5</ele></trkpt>
   <trkpt lon="2.790045" lat="39.368567"><ele>87.5</ele></trkpt>
   <trkpt lon="2.789724" lat="39.368610"><ele>87.75</ele></trkpt>
   <trkpt lon="2.789066" lat="39.368791"><ele>88.25</ele></trkpt>
   <trkpt lon="2.788724" lat="39.368909"><ele>88.5</ele></trkpt>
   <trkpt lon="2.788443" lat="39.369032"><ele>89.25</ele></trkpt>
   <trkpt lon="2.786714" lat="39.369908"><ele>89.0</ele></trkpt>
   <trkpt lon="2.785768" lat="39.370404"><ele>89.0</ele></trkpt>
   <trkpt lon="2.784448" lat="39.371098"><ele>91.75</ele></trkpt>
   <trkpt lon="2.783676" lat="39.371515"><ele>92.75</ele></trkpt>
   <trkpt lon="2.781796" lat="39.372532"><ele>90.75</ele></trkpt>
   <trkpt lon="2.781279" lat="39.372884"><ele>90.5</ele></trkpt>
   <trkpt lon="2.780058" lat="39.373877"><ele>88.0</ele></trkpt>
   <trkpt lon="2.778327" lat="39.375261"><ele>88.75</ele></trkpt>
   <trkpt lon="2.776818" lat="39.376529"><ele>89.5</ele></trkpt>
   <trkpt lon="2.776701" lat="39.376659"><ele>90.75</ele></trkpt>
   <trkpt lon="2.776644" lat="39.376792"><ele>90.75</ele></trkpt>
   <trkpt lon="2.776614" lat="39.377090"><ele>91.5</ele></trkpt>
   <trkpt lon="2.776614" lat="39.377319"><ele>92.5</ele></trkpt>
   <trkpt lon="2.776245" lat="39.381841"><ele>92.75</ele></trkpt>
   <trkpt lon="2.776050" lat="39.384002"><ele>93.75</ele></trkpt>
   <trkpt lon="2.776035" lat="39.384172"><ele>94.0</ele></trkpt>
   <trkpt lon="2.776016" lat="39.384272"><ele>94.0</ele></trkpt>
   <trkpt lon="2.775959" lat="39.384577"><ele>94.5</ele></trkpt>
   <trkpt lon="2.775864" lat="39.384756"><ele>95.0</ele></trkpt>
   <trkpt lon="2.775722" lat="39.384920"><ele>95.5</ele></trkpt>
   <trkpt lon="2.775340" lat="39.385159"><ele>95.5</ele></trkpt>
   <trkpt lon="2.772749" lat="39.386447"><ele>96.0</ele></trkpt>
   <trkpt lon="2.770618" lat="39.387506"><ele>101.0</ele></trkpt>
   <trkpt lon="2.769184" lat="39.388226"><ele>103.5</ele></trkpt>
   <trkpt lon="2.764450" lat="39.390597"><ele>108.0</ele></trkpt>
   <trkpt lon="2.761656" lat="39.391992"><ele>113.75</ele></trkpt>
   <trkpt lon="2.761574" lat="39.392054"><ele>113.5</ele></trkpt>
   <trkpt lon="2.761383" lat="39.392203"><ele>113.75</ele></trkpt>
   <trkpt lon="2.761144" lat="39.392549"><ele>112.75</ele></trkpt>
   <trkpt lon="2.759796" lat="39.394784"><ele>111.75</ele></trkpt>
   <trkpt lon="2.758095" lat="39.397607"><ele>115.0</ele></trkpt>
   <trkpt lon="2.757525" lat="39.398552"><ele>115.5</ele></trkpt>
   <trkpt lon="2.757330" lat="39.398853"><ele>116.0</ele></trkpt>
   <trkpt lon="2.757225" lat="39.398974"><ele>116.25</ele></trkpt>
   <trkpt lon="2.757101" lat="39.399088"><ele>116.5</ele></trkpt>
   <trkpt lon="2.756387" lat="39.399631"><ele>118.5</ele></trkpt>
   <trkpt lon="2.755756" lat="39.400123"><ele>119.0</ele></trkpt>
   <trkpt lon="2.753651" lat="39.401760"><ele>119.0</ele></trkpt>
   <trkpt lon="2.752666" lat="39.402525"><ele>118.5</ele></trkpt>
   <trkpt lon="2.750618" lat="39.404100"><ele>116.0</ele></trkpt>
   <trkpt lon="2.749622" lat="39.404892"><ele>116.0</ele></trkpt>
   <trkpt lon="2.749456" lat="39.405041"><ele>115.75</ele></trkpt>
   <trkpt lon="2.749356" lat="39.405146"><ele>116.0</ele></trkpt>
   <trkpt lon="2.749231" lat="39.405319"><ele>115.75</ele></trkpt>
   <trkpt lon="2.748975" lat="39.405850"><ele>114.75</ele></trkpt>
   <trkpt lon="2.746918" lat="39.409844"><ele>118.5</ele></trkpt>
   <trkpt lon="2.746855" lat="39.410023"><ele>118.0</ele></trkpt>
   <trkpt lon="2.746856" lat="39.410227"><ele>118.75</ele></trkpt>
   <trkpt lon="2.746910" lat="39.410388"><ele>119.0</ele></trkpt>
   <trkpt lon="2.746981" lat="39.410534"><ele>118.75</ele></trkpt>
   <trkpt lon="2.747075" lat="39.410653"><ele>118.5</ele></trkpt>
   <trkpt lon="2.747232" lat="39.410776"><ele>118.75</ele></trkpt>
   <trkpt lon="2.747420" lat="39.410885"><ele>118.75</ele></trkpt>
   <trkpt lon="2.748020" lat="39.411133"><ele>119.0</ele></trkpt>
   <trkpt lon="2.748216" lat="39.411260"><ele>118.5</ele></trkpt>
   <trkpt lon="2.748306" lat="39.411335"><ele>118.75</ele></trkpt>
   <trkpt lon="2.748570" lat="39.411674"><ele>119.75</ele></trkpt>
   <trkpt lon="2.748679" lat="39.411875"><ele>119.25</ele></trkpt>
   <trkpt lon="2.748777" lat="39.412055"><ele>119.5</ele></trkpt>
   <trkpt lon="2.751183" lat="39.417203"><ele>126.75</ele></trkpt>
   <trkpt lon="2.751450" lat="39.417776"><ele>128.75</ele></trkpt>
   <trkpt lon="2.751578" lat="39.418051"><ele>129.75</ele></trkpt>
   <trkpt lon="2.751720" lat="39.418354"><ele>130.0</ele></trkpt>
   <trkpt lon="2.751940" lat="39.418828"><ele>130.75</ele></trkpt>
   <trkpt lon="2.752244" lat="39.419468"><ele>132.0</ele></trkpt>
   <trkpt lon="2.752379" lat="39.419756"><ele>132.75</ele></trkpt>
   <trkpt lon="2.752672" lat="39.420385"><ele>133.0</ele></trkpt>
   <trkpt lon="2.752809" lat="39.420678"><ele>132.75</ele></trkpt>
   <trkpt lon="2.754361" lat="39.423922"><ele>133.0</ele></trkpt>
   <trkpt lon="2.755570" lat="39.426667"><ele>136.0</ele></trkpt>
   <trkpt lon="2.755794" lat="39.427125"><ele>136.0</ele></trkpt>
   <trkpt lon="2.756048" lat="39.427681"><ele>136.0</ele></trkpt>
   <trkpt lon="2.756987" lat="39.429635"><ele>136.5</ele></trkpt>
   <trkpt lon="2.757201" lat="39.430081"><ele>137.0</ele></trkpt>
   <trkpt lon="2.757805" lat="39.431397"><ele>139.0</ele></trkpt>
   <trkpt lon="2.758027" lat="39.431923"><ele>140.0</ele></trkpt>
   <trkpt lon="2.758273" lat="39.432466"><ele>141.0</ele></trkpt>
   <trkpt lon="2.758429" lat="39.432789"><ele>142.0</ele></trkpt>
   <trkpt lon="2.759417" lat="39.434843"><ele>143.5</ele></trkpt>
   <trkpt lon="2.760051" lat="39.436149"><ele>141.5</ele></trkpt>
   <trkpt lon="2.760167" lat="39.436387"><ele>141.0</ele></trkpt>
   <trkpt lon="2.760620" lat="39.437466"><ele>140.0</ele></trkpt>
   <trkpt lon="2.760684" lat="39.437610"><ele>140.0</ele></trkpt>
   <trkpt lon="2.760966" lat="39.438181"><ele>140.25</ele></trkpt>
   <trkpt lon="2.761364" lat="39.438986"><ele>141.0</ele></trkpt>
   <trkpt lon="2.761435" lat="39.439216"><ele>140.5</ele></trkpt>
   <trkpt lon="2.761480" lat="39.439469"><ele>140.0</ele></trkpt>
   <trkpt lon="2.761460" lat="39.439751"><ele>139.75</ele></trkpt>
   <trkpt lon="2.761403" lat="39.439981"><ele>139.0</ele></trkpt>
   <trkpt lon="2.761312" lat="39.440199"><ele>138.25</ele></trkpt>
   <trkpt lon="2.760565" lat="39.441611"><ele>130.0</ele></trkpt>
   <trkpt lon="2.759926" lat="39.442774"><ele>124.0</ele></trkpt>
   <trkpt lon="2.759785" lat="39.443032"><ele>123.0</ele></trkpt>
   <trkpt lon="2.759745" lat="39.443105"><ele>122.75</ele></trkpt>
   <trkpt lon="2.759116" lat="39.444389"><ele>117.0</ele></trkpt>
   <trkpt lon="2.758253" lat="39.446036"><ele>114.5</ele></trkpt>
   <trkpt lon="2.757761" lat="39.446988"><ele>114.0</ele></trkpt>
   <trkpt lon="2.757435" lat="39.447549"><ele>112.25</ele></trkpt>
   <trkpt lon="2.756631" lat="39.449020"><ele>105.75</ele></trkpt>
   <trkpt lon="2.755999" lat="39.450186"><ele>104.25</ele></trkpt>
   <trkpt lon="2.755488" lat="39.451261"><ele>100.25</ele></trkpt>
   <trkpt lon="2.754496" lat="39.453174"><ele>93.5</ele></trkpt>
   <trkpt lon="2.753906" lat="39.454296"><ele>89.5</ele></trkpt>
   <trkpt lon="2.753542" lat="39.454974"><ele>88.0</ele></trkpt>
   <trkpt lon="2.753523" lat="39.455002"><ele>87.75</ele></trkpt>
   <trkpt lon="2.753272" lat="39.455518"><ele>87.0</ele></trkpt>
   <trkpt lon="2.753210" lat="39.455629"><ele>86.5</ele></trkpt>
   <trkpt lon="2.750785" lat="39.460303"><ele>91.5</ele></trkpt>
   <trkpt lon="2.750217" lat="39.461404"><ele>92.75</ele></trkpt>
   <trkpt lon="2.749541" lat="39.462873"><ele>89.75</ele></trkpt>
   <trkpt lon="2.748937" lat="39.464530"><ele>93.0</ele></trkpt>
   <trkpt lon="2.748877" lat="39.464695"><ele>92.0</ele></trkpt>
   <trkpt lon="2.748848" lat="39.464800"><ele>92.25</ele></trkpt>
   <trkpt lon="2.748393" lat="39.466374"><ele>90.75</ele></trkpt>
   <trkpt lon="2.748060" lat="39.467732"><ele>89.0</ele></trkpt>
   <trkpt lon="2.747866" lat="39.468539"><ele>89.0</ele></trkpt>
   <trkpt lon="2.747288" lat="39.470730"><ele>80.0</ele></trkpt>
   <trkpt lon="2.747081" lat="39.471516"><ele>76.25</ele></trkpt>
   <trkpt lon="2.747030" lat="39.471709"><ele>75.5</ele></trkpt>
   <trkpt lon="2.746981" lat="39.471897"><ele>75.0</ele></trkpt>
   <trkpt lon="2.746802" lat="39.472586"><ele>71.5</ele></trkpt>
   <trkpt lon="2.746481" lat="39.473822"><ele>66.0</ele></trkpt>
   <trkpt lon="2.746229" lat="39.474789"><ele>61.5</ele></trkpt>
   <trkpt lon="2.745943" lat="39.475923"><ele>57.25</ele></trkpt>
   <trkpt lon="2.745754" lat="39.476619"><ele>54.25</ele></trkpt>
   <trkpt lon="2.745629" lat="39.477151"><ele>52.75</ele></trkpt>
   <trkpt lon="2.745351" lat="39.478189"><ele>51.5</ele></trkpt>
   <trkpt lon="2.744777" lat="39.480345"><ele>40.25</ele></trkpt>
   <trkpt lon="2.744443" lat="39.481640"><ele>36.0</ele></trkpt>
   <trkpt lon="2.744134" lat="39.482887"><ele>33.5</ele></trkpt>
   <trkpt lon="2.744019" lat="39.483320"><ele>32.0</ele></trkpt>
   <trkpt lon="2.743810" lat="39.484147"><ele>30.25</ele></trkpt>
   <trkpt lon="2.743802" lat="39.484267"><ele>29.75</ele></trkpt>
   <trkpt lon="2.743818" lat="39.484383"><ele>29.25</ele></trkpt>
   <trkpt lon="2.743841" lat="39.484480"><ele>29.0</ele></trkpt>
   <trkpt lon="2.743863" lat="39.484500"><ele>29.0</ele></trkpt>
   <trkpt lon="2.743884" lat="39.484535"><ele>29.0</ele></trkpt>
   <trkpt lon="2.743890" lat="39.484609"><ele>28.75</ele></trkpt>
   <trkpt lon="2.743872" lat="39.484648"><ele>29.0</ele></trkpt>
   <trkpt lon="2.743820" lat="39.484701"><ele>29.0</ele></trkpt>
   <trkpt lon="2.743802" lat="39.484741"><ele>28.75</ele></trkpt>
   <trkpt lon="2.743796" lat="39.484811"><ele>28.5</ele></trkpt>
   <trkpt lon="2.743804" lat="39.484850"><ele>28.5</ele></trkpt>
   <trkpt lon="2.743848" lat="39.484923"><ele>28.25</ele></trkpt>
   <trkpt lon="2.744093" lat="39.485167"><ele>27.5</ele></trkpt>
   <trkpt lon="2.744889" lat="39.486023"><ele>30.0</ele></trkpt>
   <trkpt lon="2.745072" lat="39.486207"><ele>30.0</ele></trkpt>
   <trkpt lon="2.745254" lat="39.486365"><ele>30.0</ele></trkpt>
   <trkpt lon="2.745635" lat="39.486656"><ele>30.5</ele></trkpt>
   <trkpt lon="2.745832" lat="39.486763"><ele>30.0</ele></trkpt>
   <trkpt lon="2.746213" lat="39.486943"><ele>29.75</ele></trkpt>
   <trkpt lon="2.747489" lat="39.487471"><ele>31.0</ele></trkpt>
   <trkpt lon="2.747697" lat="39.487580"><ele>30.5</ele></trkpt>
   <trkpt lon="2.747787" lat="39.487630"><ele>30.5</ele></trkpt>
   <trkpt lon="2.747935" lat="39.487741"><ele>30.0</ele></trkpt>
   <trkpt lon="2.748455" lat="39.488123"><ele>29.75</ele></trkpt>
   <trkpt lon="2.748607" lat="39.488170"><ele>29.5</ele></trkpt>
   <trkpt lon="2.748718" lat="39.488228"><ele>29.25</ele></trkpt>
   <trkpt lon="2.748826" lat="39.488295"><ele>29.0</ele></trkpt>
   <trkpt lon="2.748954" lat="39.488398"><ele>29.0</ele></trkpt>
   <trkpt lon="2.749251" lat="39.488697"><ele>28.25</ele></trkpt>
   <trkpt lon="2.749488" lat="39.488963"><ele>27.5</ele></trkpt>
   <trkpt lon="2.749703" lat="39.489259"><ele>26.0</ele></trkpt>
   <trkpt lon="2.749947" lat="39.489659"><ele>24.25</ele></trkpt>
   <trkpt lon="2.749973" lat="39.489765"><ele>23.75</ele></trkpt>
   <trkpt lon="2.749995" lat="39.489793"><ele>23.75</ele></trkpt>
   <trkpt lon="2.750037" lat="39.489851"><ele>23.5</ele></trkpt>
   <trkpt lon="2.750101" lat="39.489947"><ele>23.5</ele></trkpt>
   <trkpt lon="2.750104" lat="39.490073"><ele>24.0</ele></trkpt>
   <trkpt lon="2.750446" lat="39.490574"><ele>25.5</ele></trkpt>
   <trkpt lon="2.750722" lat="39.490958"><ele>26.25</ele></trkpt>
   <trkpt lon="2.750919" lat="39.491182"><ele>26.75</ele></trkpt>
   <trkpt lon="2.751174" lat="39.491454"><ele>27.5</ele></trkpt>
   <trkpt lon="2.751420" lat="39.491684"><ele>27.75</ele></trkpt>
   <trkpt lon="2.751662" lat="39.491881"><ele>27.75</ele></trkpt>
   <trkpt lon="2.751904" lat="39.492072"><ele>27.25</ele></trkpt>
   <trkpt lon="2.752313" lat="39.492349"><ele>28.0</ele></trkpt>
   <trkpt lon="2.752757" lat="39.492615"><ele>28.75</ele></trkpt>
   <trkpt lon="2.753659" lat="39.493085"><ele>29.25</ele></trkpt>
   <trkpt lon="2.754586" lat="39.493552"><ele>30.0</ele></trkpt>
   <trkpt lon="2.755944" lat="39.494262"><ele>27.75</ele></trkpt>
   <trkpt lon="2.756166" lat="39.494388"><ele>27.75</ele></trkpt>
   <trkpt lon="2.756465" lat="39.494438"><ele>27.75</ele></trkpt>
   <trkpt lon="2.756553" lat="39.494425"><ele>27.75</ele></trkpt>
   <trkpt lon="2.756640" lat="39.494435"><ele>27.75</ele></trkpt>
   <trkpt lon="2.756663" lat="39.494444"><ele>27.75</ele></trkpt>
   <trkpt lon="2.756720" lat="39.494466"><ele>28.0</ele></trkpt>
   <trkpt lon="2.756781" lat="39.494514"><ele>28.0</ele></trkpt>
   <trkpt lon="2.756819" lat="39.494571"><ele>28.0</ele></trkpt>
   <trkpt lon="2.756833" lat="39.494633"><ele>28.0</ele></trkpt>
   <trkpt lon="2.756822" lat="39.494696"><ele>28.0</ele></trkpt>
   <trkpt lon="2.756786" lat="39.494755"><ele>27.75</ele></trkpt>
   <trkpt lon="2.756729" lat="39.494803"><ele>27.75</ele></trkpt>
   <trkpt lon="2.756656" lat="39.494835"><ele>27.5</ele></trkpt>
   <trkpt lon="2.756597" lat="39.494847"><ele>27.25</ele></trkpt>
   <trkpt lon="2.756536" lat="39.494849"><ele>27.25</ele></trkpt>
   <trkpt lon="2.756444" lat="39.494876"><ele>27.0</ele></trkpt>
   <trkpt lon="2.756376" lat="39.494912"><ele>26.75</ele></trkpt>
   <trkpt lon="2.756307" lat="39.494969"><ele>26.5</ele></trkpt>
   <trkpt lon="2.756216" lat="39.495068"><ele>26.25</ele></trkpt>
   <trkpt lon="2.756207" lat="39.495088"><ele>26.25</ele></trkpt>
   <trkpt lon="2.756052" lat="39.495430"><ele>25.75</ele></trkpt>
   <trkpt lon="2.756018" lat="39.495509"><ele>25.75</ele></trkpt>
   <trkpt lon="2.755923" lat="39.495751"><ele>26.0</ele></trkpt>
   <trkpt lon="2.755659" lat="39.496445"><ele>25.5</ele></trkpt>
   <trkpt lon="2.755480" lat="39.496748"><ele>25.5</ele></trkpt>
   <trkpt lon="2.755434" lat="39.496815"><ele>25.25</ele></trkpt>
   <trkpt lon="2.755372" lat="39.496907"><ele>25.0</ele></trkpt>
   <trkpt lon="2.755124" lat="39.497279"><ele>25.25</ele></trkpt>
   <trkpt lon="2.754868" lat="39.497664"><ele>23.5</ele></trkpt>
   <trkpt lon="2.754833" lat="39.497717"><ele>23.25</ele></trkpt>
   <trkpt lon="2.754791" lat="39.497779"><ele>22.75</ele></trkpt>
   <trkpt lon="2.754606" lat="39.498054"><ele>22.0</ele></trkpt>
   <trkpt lon="2.754556" lat="39.498133"><ele>21.5</ele></trkpt>
   <trkpt lon="2.754435" lat="39.498313"><ele>20.75</ele></trkpt>
   <trkpt lon="2.754301" lat="39.498515"><ele>20.0</ele></trkpt>
   <trkpt lon="2.753900" lat="39.499116"><ele>20.5</ele></trkpt>
   <trkpt lon="2.753850" lat="39.499191"><ele>20.75</ele></trkpt>
   <trkpt lon="2.753768" lat="39.499318"><ele>21.0</ele></trkpt>
   <trkpt lon="2.753620" lat="39.499549"><ele>21.5</ele></trkpt>
   <trkpt lon="2.753417" lat="39.499864"><ele>20.0</ele></trkpt>
   <trkpt lon="2.753246" lat="39.500132"><ele>18.75</ele></trkpt>
   <trkpt lon="2.753325" lat="39.500449"><ele>16.75</ele></trkpt>
   <trkpt lon="2.753354" lat="39.500596"><ele>15.75</ele></trkpt>
   <trkpt lon="2.753432" lat="39.500983"><ele>15.5</ele></trkpt>
   <trkpt lon="2.753626" lat="39.501785"><ele>11.5</ele></trkpt>
   <trkpt lon="2.753880" lat="39.502488"><ele>11.0</ele></trkpt>
   <trkpt lon="2.753964" lat="39.502809"><ele>9.25</ele></trkpt>
   <trkpt lon="2.754123" lat="39.503094"><ele>8.25</ele></trkpt>
   <trkpt lon="2.754329" lat="39.503350"><ele>7.0</ele></trkpt>
   <trkpt lon="2.754308" lat="39.503506"><ele>6.0</ele></trkpt>
   <trkpt lon="2.754272" lat="39.503768"><ele>3.75</ele></trkpt>
   <trkpt lon="2.754251" lat="39.503912"><ele>2.75</ele></trkpt>
   <trkpt lon="2.754223" lat="39.504040"><ele>4.5</ele></trkpt>
   <trkpt lon="2.754188" lat="39.504262"><ele>6.0</ele></trkpt>
   <trkpt lon="2.754177" lat="39.504311"><ele>6.0</ele></trkpt>
   <trkpt lon="2.754170" lat="39.504364"><ele>6.0</ele></trkpt>
   <trkpt lon="2.754098" lat="39.504800"><ele>6.0</ele></trkpt>
   <trkpt lon="2.754042" lat="39.505105"><ele>6.5</ele></trkpt>
   <trkpt lon="2.754014" lat="39.505297"><ele>7.0</ele></trkpt>
   <trkpt lon="2.753978" lat="39.505505"><ele>7.25</ele></trkpt>
   <trkpt lon="2.753928" lat="39.505788"><ele>7.0</ele></trkpt>
   <trkpt lon="2.753842" lat="39.506286"><ele>6.75</ele></trkpt>
   <trkpt lon="2.753127" lat="39.506245"><ele>4.75</ele></trkpt>
   <trkpt lon="2.752435" lat="39.506215"><ele>3.25</ele></trkpt>
   <trkpt lon="2.751723" lat="39.506192"><ele>3.25</ele></trkpt>
   <trkpt lon="2.751524" lat="39.506180"><ele>2.5</ele></trkpt>
   <trkpt lon="2.751377" lat="39.506570"><ele>2.75</ele></trkpt>
   <trkpt lon="2.751044" lat="39.507202"><ele>2.5</ele></trkpt>
   <trkpt lon="2.750912" lat="39.507442"><ele>2.75</ele></trkpt>
   <trkpt lon="2.750746" lat="39.507736"><ele>2.75</ele></trkpt>
   <trkpt lon="2.750705" lat="39.507807"><ele>2.75</ele></trkpt>
   <trkpt lon="2.750632" lat="39.507941"><ele>2.75</ele></trkpt>
   <trkpt lon="2.750500" lat="39.508194"><ele>2.75</ele></trkpt>
   <trkpt lon="2.750461" lat="39.508267"><ele>2.75</ele></trkpt>
   <trkpt lon="2.750432" lat="39.508320"><ele>2.75</ele></trkpt>
   <trkpt lon="2.750093" lat="39.508953"><ele>3.0</ele></trkpt>
   <trkpt lon="2.749915" lat="39.509270"><ele>2.5</ele></trkpt>
   <trkpt lon="2.749893" lat="39.509307"><ele>2.5</ele></trkpt>
   <trkpt lon="2.749579" lat="39.509867"><ele>2.5</ele></trkpt>
   <trkpt lon="2.749356" lat="39.510271"><ele>2.0</ele></trkpt>
   <trkpt lon="2.749299" lat="39.510374"><ele>2.0</ele></trkpt>
   <trkpt lon="2.749275" lat="39.510417"><ele>2.0</ele></trkpt>
   <trkpt lon="2.749016" lat="39.510889"><ele>2.25</ele></trkpt>
   <trkpt lon="2.748848" lat="39.511169"><ele>2.0</ele></trkpt>
   <trkpt lon="2.748716" lat="39.511388"><ele>2.25</ele></trkpt>
   <trkpt lon="2.748668" lat="39.511461"><ele>2.25</ele></trkpt>
   <trkpt lon="2.748514" lat="39.511686"><ele>2.5</ele></trkpt>
   <trkpt lon="2.748342" lat="39.511937"><ele>2.0</ele></trkpt>
   <trkpt lon="2.748211" lat="39.512129"><ele>2.25</ele></trkpt>
   <trkpt lon="2.747998" lat="39.512379"><ele>2.0</ele></trkpt>
   <trkpt lon="2.747618" lat="39.512875"><ele>2.0</ele></trkpt>
   <trkpt lon="2.747323" lat="39.513259"><ele>2.0</ele></trkpt>
   <trkpt lon="2.747234" lat="39.513376"><ele>2.0</ele></trkpt>
   <trkpt lon="2.747128" lat="39.513502"><ele>2.0</ele></trkpt>
   <trkpt lon="2.746902" lat="39.513773"><ele>2.0</ele></trkpt>
   <trkpt lon="2.746836" lat="39.513852"><ele>2.0</ele></trkpt>
   <trkpt lon="2.746769" lat="39.513936"><ele>2.0</ele></trkpt>
   <trkpt lon="2.746481" lat="39.514296"><ele>2.0</ele></trkpt>
   <trkpt lon="2.746464" lat="39.514317"><ele>2.0</ele></trkpt>
   <trkpt lon="2.745631" lat="39.515293"><ele>2.0</ele></trkpt>
   <trkpt lon="2.745453" lat="39.515506"><ele>2.5</ele></trkpt>
   <trkpt lon="2.745131" lat="39.515876"><ele>2.0</ele></trkpt>
   <trkpt lon="2.744851" lat="39.516223"><ele>2.0</ele></trkpt>
   <trkpt lon="2.744431" lat="39.516648"><ele>2.0</ele></trkpt>
   <trkpt lon="2.744379" lat="39.516701"><ele>2.0</ele></trkpt>
   <trkpt lon="2.744359" lat="39.516721"><ele>2.0</ele></trkpt>
   <trkpt lon="2.743910" lat="39.517176"><ele>2.0</ele></trkpt>
   <trkpt lon="2.743853" lat="39.517228"><ele>2.0</ele></trkpt>
   <trkpt lon="2.743707" lat="39.517362"><ele>2.0</ele></trkpt>
   <trkpt lon="2.743547" lat="39.517508"><ele>2.0</ele></trkpt>
   <trkpt lon="2.743470" lat="39.517579"><ele>2.0</ele></trkpt>
   <trkpt lon="2.743270" lat="39.517763"><ele>2.0</ele></trkpt>
   <trkpt lon="2.743020" lat="39.517992"><ele>2.0</ele></trkpt>
   <trkpt lon="2.742999" lat="39.518011"><ele>2.0</ele></trkpt>
   <trkpt lon="2.742924" lat="39.518080"><ele>1.75</ele></trkpt>
   <trkpt lon="2.742489" lat="39.518487"><ele>2.0</ele></trkpt>
   <trkpt lon="2.742029" lat="39.518920"><ele>2.0</ele></trkpt>
   <trkpt lon="2.741564" lat="39.519379"><ele>2.0</ele></trkpt>
   <trkpt lon="2.741319" lat="39.519605"><ele>2.25</ele></trkpt>
   <trkpt lon="2.741107" lat="39.519800"><ele>2.25</ele></trkpt>
   <trkpt lon="2.741045" lat="39.519857"><ele>2.25</ele></trkpt>
   <trkpt lon="2.740650" lat="39.520217"><ele>2.25</ele></trkpt>
   <trkpt lon="2.740159" lat="39.520689"><ele>2.0</ele></trkpt>
   <trkpt lon="2.739234" lat="39.521537"><ele>2.0</ele></trkpt>
   <trkpt lon="2.739086" lat="39.521671"><ele>2.0</ele></trkpt>
   <trkpt lon="2.738802" lat="39.521929"><ele>2.0</ele></trkpt>
   <trkpt lon="2.738745" lat="39.521981"><ele>2.0</ele></trkpt>
   <trkpt lon="2.738225" lat="39.522415"><ele>2.0</ele></trkpt>
   <trkpt lon="2.738110" lat="39.522507"><ele>2.0</ele></trkpt>
   <trkpt lon="2.737912" lat="39.522666"><ele>2.25</ele></trkpt>
   <trkpt lon="2.737314" lat="39.523188"><ele>2.0</ele></trkpt>
   <trkpt lon="2.737235" lat="39.523257"><ele>2.0</ele></trkpt>
   <trkpt lon="2.737196" lat="39.523290"><ele>2.0</ele></trkpt>
   <trkpt lon="2.737085" lat="39.523386"><ele>2.0</ele></trkpt>
   <trkpt lon="2.736752" lat="39.523673"><ele>2.25</ele></trkpt>
   <trkpt lon="2.736464" lat="39.523921"><ele>2.25</ele></trkpt>
   <trkpt lon="2.736110" lat="39.524226"><ele>2.25</ele></trkpt>
   <trkpt lon="2.735604" lat="39.524662"><ele>2.0</ele></trkpt>
   <trkpt lon="2.735374" lat="39.524860"><ele>2.0</ele></trkpt>
   <trkpt lon="2.735238" lat="39.524977"><ele>2.0</ele></trkpt>
   <trkpt lon="2.735137" lat="39.525064"><ele>2.0</ele></trkpt>
   <trkpt lon="2.735012" lat="39.525171"><ele>2.0</ele></trkpt>
   <trkpt lon="2.734872" lat="39.525292"><ele>2.0</ele></trkpt>
   <trkpt lon="2.734648" lat="39.525485"><ele>2.0</ele></trkpt>
   <trkpt lon="2.734515" lat="39.525600"><ele>2.0</ele></trkpt>
   <trkpt lon="2.734369" lat="39.525726"><ele>2.0</ele></trkpt>
   <trkpt lon="2.734072" lat="39.525981"><ele>2.0</ele></trkpt>
   <trkpt lon="2.733959" lat="39.526079"><ele>2.0</ele></trkpt>
   <trkpt lon="2.733716" lat="39.526288"><ele>2.0</ele></trkpt>
   <trkpt lon="2.733411" lat="39.526550"><ele>1.75</ele></trkpt>
   <trkpt lon="2.733292" lat="39.526653"><ele>2.0</ele></trkpt>
   <trkpt lon="2.733168" lat="39.526760"><ele>2.0</ele></trkpt>
   <trkpt lon="2.733149" lat="39.526776"><ele>2.0</ele></trkpt>
   <trkpt lon="2.732923" lat="39.526971"><ele>2.0</ele></trkpt>
   <trkpt lon="2.732372" lat="39.527446"><ele>2.0</ele></trkpt>
   <trkpt lon="2.732088" lat="39.527690"><ele>2.0</ele></trkpt>
   <trkpt lon="2.731191" lat="39.528442"><ele>2.0</ele></trkpt>
   <trkpt lon="2.731141" lat="39.528483"><ele>2.0</ele></trkpt>
   <trkpt lon="2.730974" lat="39.528622"><ele>2.0</ele></trkpt>
   <trkpt lon="2.730762" lat="39.528799"><ele>2.0</ele></trkpt>
   <trkpt lon="2.730486" lat="39.529041"><ele>2.0</ele></trkpt>
   <trkpt lon="2.730284" lat="39.529214"><ele>2.0</ele></trkpt>
   <trkpt lon="2.730248" lat="39.529240"><ele>2.0</ele></trkpt>
   <trkpt lon="2.729840" lat="39.529549"><ele>2.25</ele></trkpt>
   <trkpt lon="2.729413" lat="39.529870"><ele>2.75</ele></trkpt>
   <trkpt lon="2.729351" lat="39.529915"><ele>2.75</ele></trkpt>
   <trkpt lon="2.728611" lat="39.530449"><ele>2.75</ele></trkpt>
   <trkpt lon="2.728281" lat="39.530652"><ele>2.75</ele></trkpt>
   <trkpt lon="2.727927" lat="39.530843"><ele>2.0</ele></trkpt>
   <trkpt lon="2.726909" lat="39.531395"><ele>2.0</ele></trkpt>
   <trkpt lon="2.725711" lat="39.532044"><ele>2.0</ele></trkpt>
   <trkpt lon="2.724825" lat="39.532524"><ele>2.0</ele></trkpt>
   <trkpt lon="2.724162" lat="39.532881"><ele>2.0</ele></trkpt>
   <trkpt lon="2.723727" lat="39.533114"><ele>2.0</ele></trkpt>
   <trkpt lon="2.723497" lat="39.533241"><ele>2.0</ele></trkpt>
   <trkpt lon="2.722823" lat="39.533604"><ele>2.0</ele></trkpt>
   <trkpt lon="2.722174" lat="39.533957"><ele>2.0</ele></trkpt>
   <trkpt lon="2.721644" lat="39.534241"><ele>2.0</ele></trkpt>
   <trkpt lon="2.721573" lat="39.534288"><ele>2.0</ele></trkpt>
   <trkpt lon="2.721190" lat="39.534555"><ele>2.25</ele></trkpt>
   <trkpt lon="2.720857" lat="39.534791"><ele>2.25</ele></trkpt>
   <trkpt lon="2.720638" lat="39.534930"><ele>2.5</ele></trkpt>
   <trkpt lon="2.720525" lat="39.534999"><ele>2.75</ele></trkpt>
   <trkpt lon="2.720014" lat="39.535147"><ele>1.5</ele></trkpt>
   <trkpt lon="2.719808" lat="39.535209"><ele>1.75</ele></trkpt>
   <trkpt lon="2.719675" lat="39.535246"><ele>1.75</ele></trkpt>
   <trkpt lon="2.719007" lat="39.535431"><ele>2.0</ele></trkpt>
   <trkpt lon="2.718789" lat="39.535505"><ele>2.25</ele></trkpt>
   <trkpt lon="2.718858" lat="39.535579"><ele>2.0</ele></trkpt>
   <trkpt lon="2.718972" lat="39.535717"><ele>2.5</ele></trkpt>
   <trkpt lon="2.719593" lat="39.536434"><ele>3.0</ele></trkpt>
   <trkpt lon="2.719677" lat="39.536524"><ele>3.0</ele></trkpt>
   <trkpt lon="2.719614" lat="39.536548"><ele>3.0</ele></trkpt>
   <trkpt lon="2.719329" lat="39.536789"><ele>3.0</ele></trkpt>
   <trkpt lon="2.719113" lat="39.537025"><ele>3.5</ele></trkpt>
   <trkpt lon="2.719054" lat="39.537090"><ele>4.0</ele></trkpt>
   <trkpt lon="2.718664" lat="39.537504"><ele>4.75</ele></trkpt>
   <trkpt lon="2.718495" lat="39.537619"><ele>4.5</ele></trkpt>
   <trkpt lon="2.718326" lat="39.537682"><ele>4.25</ele></trkpt>
   <trkpt lon="2.717919" lat="39.537744"><ele>4.0</ele></trkpt>
   <trkpt lon="2.717346" lat="39.537861"><ele>5.25</ele></trkpt>
   <trkpt lon="2.717031" lat="39.537929"><ele>5.5</ele></trkpt>
   <trkpt lon="2.716967" lat="39.537933"><ele>5.5</ele></trkpt>
   <trkpt lon="2.716404" lat="39.537989"><ele>4.75</ele></trkpt>
   <trkpt lon="2.716271" lat="39.538003"><ele>4.25</ele></trkpt>
   <trkpt lon="2.715433" lat="39.538061"><ele>3.5</ele></trkpt>
   <trkpt lon="2.715070" lat="39.538112"><ele>3.0</ele></trkpt>
   <trkpt lon="2.714978" lat="39.538146"><ele>3.0</ele></trkpt>
   <trkpt lon="2.714816" lat="39.538239"><ele>3.0</ele></trkpt>
   <trkpt lon="2.714211" lat="39.538737"><ele>3.25</ele></trkpt>
   <trkpt lon="2.713621" lat="39.539207"><ele>3.0</ele></trkpt>
   <trkpt lon="2.713587" lat="39.539234"><ele>3.25</ele></trkpt>
   <trkpt lon="2.713346" lat="39.539426"><ele>3.0</ele></trkpt>
   <trkpt lon="2.713079" lat="39.539638"><ele>3.25</ele></trkpt>
   <trkpt lon="2.712810" lat="39.539853"><ele>3.25</ele></trkpt>
   <trkpt lon="2.712513" lat="39.540090"><ele>3.0</ele></trkpt>
   <trkpt lon="2.711865" lat="39.540554"><ele>4.0</ele></trkpt>
   <trkpt lon="2.711768" lat="39.540626"><ele>3.5</ele></trkpt>
   <trkpt lon="2.711448" lat="39.540868"><ele>3.75</ele></trkpt>
   <trkpt lon="2.711258" lat="39.540983"><ele>4.0</ele></trkpt>
   <trkpt lon="2.711165" lat="39.541040"><ele>4.0</ele></trkpt>
   <trkpt lon="2.711072" lat="39.541098"><ele>4.0</ele></trkpt>
   <trkpt lon="2.710907" lat="39.541199"><ele>4.0</ele></trkpt>
   <trkpt lon="2.710639" lat="39.541335"><ele>4.0</ele></trkpt>
   <trkpt lon="2.710435" lat="39.541427"><ele>4.0</ele></trkpt>
   <trkpt lon="2.709551" lat="39.541783"><ele>3.75</ele></trkpt>
   <trkpt lon="2.709274" lat="39.541921"><ele>4.0</ele></trkpt>
   <trkpt lon="2.708717" lat="39.542252"><ele>4.5</ele></trkpt>
   <trkpt lon="2.708526" lat="39.542378"><ele>4.5</ele></trkpt>
   <trkpt lon="2.708223" lat="39.542593"><ele>5.0</ele></trkpt>
   <trkpt lon="2.707436" lat="39.543153"><ele>5.0</ele></trkpt>
   <trkpt lon="2.706732" lat="39.543717"><ele>5.25</ele></trkpt>
   <trkpt lon="2.706174" lat="39.544251"><ele>6.0</ele></trkpt>
   <trkpt lon="2.705448" lat="39.544990"><ele>6.25</ele></trkpt>
   <trkpt lon="2.704040" lat="39.546465"><ele>7.25</ele></trkpt>
   <trkpt lon="2.703889" lat="39.546641"><ele>7.0</ele></trkpt>
   <trkpt lon="2.703690" lat="39.546830"><ele>7.25</ele></trkpt>
   <trkpt lon="2.703318" lat="39.547227"><ele>7.0</ele></trkpt>
   <trkpt lon="2.702925" lat="39.547646"><ele>7.0</ele></trkpt>
   <trkpt lon="2.702866" lat="39.547709"><ele>7.0</ele></trkpt>
   <trkpt lon="2.702738" lat="39.547846"><ele>7.0</ele></trkpt>
   <trkpt lon="2.702538" lat="39.548058"><ele>7.0</ele></trkpt>
   <trkpt lon="2.702165" lat="39.548334"><ele>7.0</ele></trkpt>
   <trkpt lon="2.702008" lat="39.548451"><ele>7.0</ele></trkpt>
   <trkpt lon="2.701835" lat="39.548560"><ele>7.0</ele></trkpt>
   <trkpt lon="2.701621" lat="39.548710"><ele>7.25</ele></trkpt>
   <trkpt lon="2.701318" lat="39.548921"><ele>7.0</ele></trkpt>
   <trkpt lon="2.700496" lat="39.549491"><ele>7.75</ele></trkpt>
   <trkpt lon="2.700396" lat="39.549566"><ele>7.5</ele></trkpt>
   <trkpt lon="2.699886" lat="39.549888"><ele>8.75</ele></trkpt>
   <trkpt lon="2.699854" lat="39.549903"><ele>8.75</ele></trkpt>
   <trkpt lon="2.698955" lat="39.550115"><ele>10.0</ele></trkpt>
   <trkpt lon="2.698798" lat="39.550193"><ele>10.25</ele></trkpt>
   <trkpt lon="2.698097" lat="39.551117"><ele>13.0</ele></trkpt>
   <trkpt lon="2.697892" lat="39.551154"><ele>12.75</ele></trkpt>
   <trkpt lon="2.696911" lat="39.551377"><ele>11.75</ele></trkpt>
   <trkpt lon="2.696853" lat="39.551390"><ele>12.0</ele></trkpt>
   <trkpt lon="2.696779" lat="39.551407"><ele>12.0</ele></trkpt>
   <trkpt lon="2.695901" lat="39.551602"><ele>10.75</ele></trkpt>
   <trkpt lon="2.695680" lat="39.551694"><ele>10.75</ele></trkpt>
   <trkpt lon="2.695514" lat="39.551825"><ele>9.75</ele></trkpt>
   <trkpt lon="2.695014" lat="39.552291"><ele>7.75</ele></trkpt>
   <trkpt lon="2.694403" lat="39.552923"><ele>4.75</ele></trkpt>
   <trkpt lon="2.694336" lat="39.552993"><ele>4.5</ele></trkpt>
   <trkpt lon="2.694276" lat="39.553047"><ele>4.25</ele></trkpt>
   <trkpt lon="2.693500" lat="39.553748"><ele>3.75</ele></trkpt>
   <trkpt lon="2.693244" lat="39.554033"><ele>3.25</ele></trkpt>
   <trkpt lon="2.692913" lat="39.554409"><ele>3.0</ele></trkpt>
   <trkpt lon="2.692444" lat="39.554938"><ele>3.0</ele></trkpt>
   <trkpt lon="2.692156" lat="39.555263"><ele>3.0</ele></trkpt>
   <trkpt lon="2.691911" lat="39.555500"><ele>3.0</ele></trkpt>
   <trkpt lon="2.691810" lat="39.555596"><ele>3.0</ele></trkpt>
   <trkpt lon="2.691644" lat="39.555705"><ele>3.0</ele></trkpt>
   <trkpt lon="2.691321" lat="39.555917"><ele>3.0</ele></trkpt>
   <trkpt lon="2.691016" lat="39.556119"><ele>3.0</ele></trkpt>
   <trkpt lon="2.690658" lat="39.556357"><ele>3.75</ele></trkpt>
   <trkpt lon="2.690429" lat="39.556463"><ele>4.25</ele></trkpt>
   <trkpt lon="2.690157" lat="39.556535"><ele>3.25</ele></trkpt>
   <trkpt lon="2.689784" lat="39.556600"><ele>3.75</ele></trkpt>
   <trkpt lon="2.689105" lat="39.556714"><ele>3.75</ele></trkpt>
   <trkpt lon="2.688532" lat="39.556870"><ele>3.0</ele></trkpt>
   <trkpt lon="2.688454" lat="39.556888"><ele>3.0</ele></trkpt>
   <trkpt lon="2.688326" lat="39.556931"><ele>3.0</ele></trkpt>
   <trkpt lon="2.688349" lat="39.556987"><ele>3.0</ele></trkpt>
   <trkpt lon="2.688336" lat="39.557092"><ele>3.0</ele></trkpt>
   <trkpt lon="2.688289" lat="39.557148"><ele>3.0</ele></trkpt>
   <trkpt lon="2.688223" lat="39.557197"><ele>3.0</ele></trkpt>
   <trkpt lon="2.688128" lat="39.557223"><ele>3.0</ele></trkpt>
   <trkpt lon="2.688027" lat="39.557223"><ele>3.0</ele></trkpt>
   <trkpt lon="2.687950" lat="39.557206"><ele>3.0</ele></trkpt>
   <trkpt lon="2.687867" lat="39.557134"><ele>3.0</ele></trkpt>
   <trkpt lon="2.687829" lat="39.557070"><ele>3.0</ele></trkpt>
   <trkpt lon="2.687827" lat="39.557007"><ele>3.0</ele></trkpt>
   <trkpt lon="2.687843" lat="39.556948"><ele>3.0</ele></trkpt>
   <trkpt lon="2.687577" lat="39.556957"><ele>3.0</ele></trkpt>
   <trkpt lon="2.687377" lat="39.556981"><ele>3.0</ele></trkpt>
   <trkpt lon="2.686709" lat="39.557084"><ele>3.0</ele></trkpt>
   <trkpt lon="2.686097" lat="39.557166"><ele>3.0</ele></trkpt>
   <trkpt lon="2.685517" lat="39.557192"><ele>3.0</ele></trkpt>
   <trkpt lon="2.685113" lat="39.557257"><ele>3.0</ele></trkpt>
   <trkpt lon="2.684298" lat="39.557405"><ele>2.5</ele></trkpt>
   <trkpt lon="2.683852" lat="39.557486"><ele>3.0</ele></trkpt>
   <trkpt lon="2.683638" lat="39.557533"><ele>2.75</ele></trkpt>
   <trkpt lon="2.683228" lat="39.557673"><ele>2.5</ele></trkpt>
   <trkpt lon="2.683001" lat="39.557759"><ele>3.0</ele></trkpt>
   <trkpt lon="2.682944" lat="39.557781"><ele>3.0</ele></trkpt>
   <trkpt lon="2.682788" lat="39.557840"><ele>3.0</ele></trkpt>
   <trkpt lon="2.682502" lat="39.557950"><ele>3.0</ele></trkpt>
   <trkpt lon="2.682334" lat="39.558040"><ele>3.0</ele></trkpt>
   <trkpt lon="2.682273" lat="39.558073"><ele>3.0</ele></trkpt>
   <trkpt lon="2.681405" lat="39.558514"><ele>3.5</ele></trkpt>
   <trkpt lon="2.681268" lat="39.558567"><ele>3.75</ele></trkpt>
   <trkpt lon="2.680945" lat="39.558716"><ele>4.0</ele></trkpt>
   <trkpt lon="2.680736" lat="39.558792"><ele>4.0</ele></trkpt>
   <trkpt lon="2.680445" lat="39.558883"><ele>3.75</ele></trkpt>
   <trkpt lon="2.680034" lat="39.558979"><ele>4.0</ele></trkpt>
   <trkpt lon="2.679925" lat="39.558997"><ele>3.5</ele></trkpt>
   <trkpt lon="2.679813" lat="39.559013"><ele>3.25</ele></trkpt>
   <trkpt lon="2.679392" lat="39.559070"><ele>3.0</ele></trkpt>
   <trkpt lon="2.679073" lat="39.559115"><ele>3.0</ele></trkpt>
   <trkpt lon="2.678495" lat="39.559179"><ele>3.0</ele></trkpt>
   <trkpt lon="2.677961" lat="39.559246"><ele>3.0</ele></trkpt>
   <trkpt lon="2.677397" lat="39.559320"><ele>2.5</ele></trkpt>
   <trkpt lon="2.676939" lat="39.559381"><ele>2.75</ele></trkpt>
   <trkpt lon="2.676886" lat="39.559390"><ele>2.75</ele></trkpt>
   <trkpt lon="2.676129" lat="39.559516"><ele>2.0</ele></trkpt>
   <trkpt lon="2.675638" lat="39.559626"><ele>2.0</ele></trkpt>
   <trkpt lon="2.675269" lat="39.559824"><ele>2.0</ele></trkpt>
   <trkpt lon="2.674505" lat="39.560297"><ele>2.0</ele></trkpt>
   <trkpt lon="2.674033" lat="39.560592"><ele>2.0</ele></trkpt>
   <trkpt lon="2.673903" lat="39.560665"><ele>2.0</ele></trkpt>
   <trkpt lon="2.673813" lat="39.560697"><ele>2.0</ele></trkpt>
   <trkpt lon="2.673188" lat="39.560869"><ele>2.0</ele></trkpt>
   <trkpt lon="2.672805" lat="39.560975"><ele>2.0</ele></trkpt>
   <trkpt lon="2.671721" lat="39.561277"><ele>1.75</ele></trkpt>
   <trkpt lon="2.671596" lat="39.561311"><ele>1.75</ele></trkpt>
   <trkpt lon="2.671523" lat="39.561331"><ele>1.75</ele></trkpt>
   <trkpt lon="2.671185" lat="39.561422"><ele>2.0</ele></trkpt>
   <trkpt lon="2.671019" lat="39.561483"><ele>1.75</ele></trkpt>
   <trkpt lon="2.670893" lat="39.561594"><ele>1.75</ele></trkpt>
   <trkpt lon="2.670742" lat="39.561761"><ele>1.75</ele></trkpt>
   <trkpt lon="2.670486" lat="39.562045"><ele>2.0</ele></trkpt>
   <trkpt lon="2.670354" lat="39.562179"><ele>2.0</ele></trkpt>
   <trkpt lon="2.670340" lat="39.562193"><ele>2.0</ele></trkpt>
   <trkpt lon="2.670295" lat="39.562236"><ele>2.0</ele></trkpt>
   <trkpt lon="2.670227" lat="39.562305"></trkpt>
   <trkpt lon="2.670153" lat="39.562378"></trkpt>
   <trkpt lon="2.669766" lat="39.562675"><ele>2.25</ele></trkpt>
   <trkpt lon="2.669656" lat="39.562739"></trkpt>
   <trkpt lon="2.669545" lat="39.562788"><ele>2.25</ele></trkpt>
   <trkpt lon="2.669389" lat="39.562830"><ele>2.0</ele></trkpt>
   <trkpt lon="2.669274" lat="39.562855"><ele>2.25</ele></trkpt>
   <trkpt lon="2.669166" lat="39.562867"><ele>2.25</ele></trkpt>
   <trkpt lon="2.669049" lat="39.562871"><ele>2.25</ele></trkpt>
   <trkpt lon="2.668875" lat="39.562855"><ele>2.25</ele></trkpt>
   <trkpt lon="2.668556" lat="39.562786"><ele>3.0</ele></trkpt>
   <trkpt lon="2.668227" lat="39.562719"><ele>2.5</ele></trkpt>
   <trkpt lon="2.668084" lat="39.562692"><ele>2.75</ele></trkpt>
   <trkpt lon="2.667962" lat="39.562674"><ele>3.0</ele></trkpt>
   <trkpt lon="2.667926" lat="39.562669"><ele>3.25</ele></trkpt>
   <trkpt lon="2.667858" lat="39.562911"><ele>3.5</ele></trkpt>
   <trkpt lon="2.667832" lat="39.563004"><ele>3.75</ele></trkpt>
   <trkpt lon="2.667795" lat="39.563139"><ele>3.75</ele></trkpt>
   <trkpt lon="2.668045" lat="39.563195"><ele>3.0</ele></trkpt>
   <trkpt lon="2.668025" lat="39.563224"><ele>3.0</ele></trkpt>
   <trkpt lon="2.668025" lat="39.563330"><ele>3.0</ele></trkpt>
   <trkpt lon="2.668130" lat="39.563888"><ele>3.0</ele></trkpt>
   <trkpt lon="2.668150" lat="39.564008"><ele>3.25</ele></trkpt>
   <trkpt lon="2.668162" lat="39.564085"><ele>3.25</ele></trkpt>
   <trkpt lon="2.667948" lat="39.564012"><ele>3.5</ele></trkpt>
   <trkpt lon="2.667158" lat="39.563768"><ele>5.0</ele></trkpt>
   <trkpt lon="2.666343" lat="39.563584"><ele>5.0</ele></trkpt>
   <trkpt lon="2.666178" lat="39.563564"><ele>5.75</ele></trkpt>
   <trkpt lon="2.665680" lat="39.563503"><ele>6.0</ele></trkpt>
   <trkpt lon="2.665124" lat="39.563461"><ele>5.0</ele></trkpt>
   <trkpt lon="2.664979" lat="39.563452"><ele>5.5</ele></trkpt>
   <trkpt lon="2.664741" lat="39.563452"><ele>5.75</ele></trkpt>
   <trkpt lon="2.664303" lat="39.563461"><ele>6.25</ele></trkpt>
   <trkpt lon="2.664238" lat="39.563467"><ele>6.25</ele></trkpt>
   <trkpt lon="2.663671" lat="39.563523"><ele>6.25</ele></trkpt>
   <trkpt lon="2.663100" lat="39.563607"><ele>6.75</ele></trkpt>
   <trkpt lon="2.662894" lat="39.563651"><ele>7.0</ele></trkpt>
   <trkpt lon="2.662634" lat="39.563707"><ele>6.75</ele></trkpt>
   <trkpt lon="2.662475" lat="39.563754"><ele>6.25</ele></trkpt>
   <trkpt lon="2.662304" lat="39.563804"><ele>6.0</ele></trkpt>
   <trkpt lon="2.662130" lat="39.563856"><ele>6.0</ele></trkpt>
   <trkpt lon="2.661762" lat="39.563990"><ele>6.75</ele></trkpt>
   <trkpt lon="2.661229" lat="39.564178"><ele>7.0</ele></trkpt>
   <trkpt lon="2.661015" lat="39.564254"><ele>7.0</ele></trkpt>
   <trkpt lon="2.660866" lat="39.564317"><ele>7.0</ele></trkpt>
   <trkpt lon="2.660787" lat="39.564351"><ele>7.0</ele></trkpt>
   <trkpt lon="2.659955" lat="39.564673"><ele>7.75</ele></trkpt>
   <trkpt lon="2.659085" lat="39.565000"><ele>9.0</ele></trkpt>
   <trkpt lon="2.658965" lat="39.565048"><ele>9.0</ele></trkpt>
   <trkpt lon="2.658812" lat="39.565120"><ele>9.0</ele></trkpt>
   <trkpt lon="2.657690" lat="39.565648"><ele>9.5</ele></trkpt>
   <trkpt lon="2.656943" lat="39.566004"><ele>10.5</ele></trkpt>
   <trkpt lon="2.656800" lat="39.566077"><ele>10.75</ele></trkpt>
   <trkpt lon="2.656838" lat="39.566375"><ele>11.75</ele></trkpt>
   <trkpt lon="2.656870" lat="39.566639"><ele>12.0</ele></trkpt>
   <trkpt lon="2.656887" lat="39.566692"><ele>12.0</ele></trkpt>
   <trkpt lon="2.656734" lat="39.566847"><ele>12.5</ele></trkpt>
   <trkpt lon="2.656259" lat="39.566890"><ele>13.0</ele></trkpt>
   <trkpt lon="2.655910" lat="39.566922"><ele>13.5</ele></trkpt>
   <trkpt lon="2.655867" lat="39.566927"><ele>13.75</ele></trkpt>
   <trkpt lon="2.655813" lat="39.566598"><ele>12.75</ele></trkpt>
   <trkpt lon="2.655755" lat="39.566247"><ele>10.25</ele></trkpt>
   <trkpt lon="2.655692" lat="39.566254"><ele>10.75</ele></trkpt>
   <trkpt lon="2.654689" lat="39.566314"><ele>11.0</ele></trkpt>
   <trkpt lon="2.654183" lat="39.566319"><ele>11.75</ele></trkpt>
   <trkpt lon="2.653378" lat="39.566465"><ele>15.5</ele></trkpt>
   <trkpt lon="2.652826" lat="39.566573"><ele>16.5</ele></trkpt>
   <trkpt lon="2.652749" lat="39.566600"><ele>16.5</ele></trkpt>
   <trkpt lon="2.652612" lat="39.566667"><ele>16.25</ele></trkpt>
   <trkpt lon="2.652354" lat="39.566908"><ele>16.25</ele></trkpt>
   <trkpt lon="2.652131" lat="39.567104"><ele>16.5</ele></trkpt>
   <trkpt lon="2.651893" lat="39.567287"><ele>16.75</ele></trkpt>
   <trkpt lon="2.651815" lat="39.567332"><ele>16.5</ele></trkpt>
   <trkpt lon="2.651593" lat="39.567376"><ele>15.5</ele></trkpt>
   <trkpt lon="2.651391" lat="39.567419"><ele>15.0</ele></trkpt>
   <trkpt lon="2.651394" lat="39.567396"><ele>15.0</ele></trkpt>
   <trkpt lon="2.650951" lat="39.567481"><ele>13.25</ele></trkpt>
   <trkpt lon="2.650446" lat="39.567573"><ele>14.25</ele></trkpt>
   <trkpt lon="2.650388" lat="39.567583"><ele>14.25</ele></trkpt>
   <trkpt lon="2.650461" lat="39.567785"><ele>15.0</ele></trkpt>
   <trkpt lon="2.650539" lat="39.568044"><ele>15.0</ele></trkpt>
   <trkpt lon="2.650635" lat="39.568276"><ele>15.75</ele></trkpt>
   <trkpt lon="2.650322" lat="39.568399"><ele>17.75</ele></trkpt>
   <trkpt lon="2.650300" lat="39.568406"><ele>18.0</ele></trkpt>
   <trkpt lon="2.650154" lat="39.568520"><ele>18.75</ele></trkpt>
   <trkpt lon="2.649854" lat="39.568760"><ele>19.0</ele></trkpt>
   <trkpt lon="2.649620" lat="39.568902"><ele>19.25</ele></trkpt>
   <trkpt lon="2.649553" lat="39.568985"><ele>19.5</ele></trkpt>
   <trkpt lon="2.649440" lat="39.569092"><ele>19.25</ele></trkpt>
   <trkpt lon="2.649919" lat="39.569434"><ele>20.0</ele></trkpt>
   <trkpt lon="2.650013" lat="39.569458"><ele>20.0</ele></trkpt>
   <trkpt lon="2.650160" lat="39.569463"><ele>20.0</ele></trkpt>
   <trkpt lon="2.650262" lat="39.569476"><ele>20.0</ele></trkpt>
   <trkpt lon="2.650367" lat="39.569622"><ele>20.0</ele></trkpt>
   <trkpt lon="2.650408" lat="39.569672"><ele>20.0</ele></trkpt>
   <trkpt lon="2.650536" lat="39.569817"><ele>20.25</ele></trkpt>
   <trkpt lon="2.650552" lat="39.569836"><ele>20.25</ele></trkpt>
   <trkpt lon="2.650621" lat="39.569917"><ele>20.75</ele></trkpt>
   <trkpt lon="2.650583" lat="39.569961"><ele>20.75</ele></trkpt>
   <trkpt lon="2.650576" lat="39.569961"><ele>20.75</ele></trkpt>
   <trkpt lon="2.650502" lat="39.570017"><ele>20.75</ele></trkpt>
   <trkpt lon="2.650470" lat="39.570003"><ele>20.5</ele></trkpt>
   <trkpt lon="2.650341" lat="39.569899"><ele>20.0</ele></trkpt>
   <trkpt lon="2.650221" lat="39.569927"><ele>20.0</ele></trkpt>
   <trkpt lon="2.650021" lat="39.570000"><ele>20.0</ele></trkpt>
  </trkseg>
 </trk>
</gpx>
