<?xml version="1.0" encoding="UTF-8"?>
<!-- track-length = 79406 filtered ascend = 1683 plain-ascend = 0 cost=235424 energy=.2kwh time=1h 34m 54s AUTO selected ISO_GREEDY (score 0.855) after 1 candidate(s) in 854ms. short shared stem near start/end: 566m minor mid-route overlap: 85m (below 6383m rejection cap) -->
<gpx
 xmlns="http://www.topografix.com/GPX/1/1"
 xmlns:xsi="http://www.w3.org/2001/XMLSchema-instance"
 xsi:schemaLocation="http://www.topografix.com/GPX/1/1 http://www.topografix.com/GPX/1/1/gpx.xsd"
 creator="BRouter-null" version="1.1">
 <trk>
  <name>unset</name>
  <trkseg>
   <trkpt lon="3.439799" lat="44.651609"><ele>1082.25</ele></trkpt>
   <trkpt lon="3.439793" lat="44.651512"><ele>1082.25</ele></trkpt>
   <trkpt lon="3.439994" lat="44.651082"><ele>1080.75</ele></trkpt>
   <trkpt lon="3.440301" lat="44.650550"><ele>1079.75</ele></trkpt>
   <trkpt lon="3.440704" lat="44.650202"><ele>1077.75</ele></trkpt>
   <trkpt lon="3.440975" lat="44.649867"><ele>1076.75</ele></trkpt>
   <trkpt lon="3.441111" lat="44.649713"><ele>1075.75</ele></trkpt>
   <trkpt lon="3.441112" lat="44.649551"><ele>1075.25</ele></trkpt>
   <trkpt lon="3.441007" lat="44.649464"><ele>1075.5</ele></trkpt>
   <trkpt lon="3.440771" lat="44.649356"><ele>1074.75</ele></trkpt>
   <trkpt lon="3.439975" lat="44.649021"><ele>1073.75</ele></trkpt>
   <trkpt lon="3.439858" lat="44.648913"><ele>1074.25</ele></trkpt>
   <trkpt lon="3.439726" lat="44.648701"><ele>1073.75</ele></trkpt>
   <trkpt lon="3.439635" lat="44.648525"><ele>1074.0</ele></trkpt>
   <trkpt lon="3.439681" lat="44.648406"><ele>1071.25</ele></trkpt>
   <trkpt lon="3.439670" lat="44.648296"><ele>1070.25</ele></trkpt>
   <trkpt lon="3.439587" lat="44.648114"><ele>1069.25</ele></trkpt>
   <trkpt lon="3.439383" lat="44.647882"><ele>1069.0</ele></trkpt>
   <trkpt lon="3.439207" lat="44.647739"><ele>1069.25</ele></trkpt>
   <trkpt lon="3.439053" lat="44.647639"><ele>1068.5</ele></trkpt>
   <trkpt lon="3.438823" lat="44.647513"><ele>1068.0</ele></trkpt>
   <trkpt lon="3.438495" lat="44.647380"><ele>1067.5</ele></trkpt>
   <trkpt lon="3.438211" lat="44.647300"><ele>1067.25</ele></trkpt>
   <trkpt lon="3.438061" lat="44.647265"><ele>1067.25</ele></trkpt>
   <trkpt lon="3.437858" lat="44.647185"><ele>1066.75</ele></trkpt>
   <trkpt lon="3.437964" lat="44.647052"><ele>1066.25</ele></trkpt>
   <trkpt lon="3.438029" lat="44.646937"><ele>1066.0</ele></trkpt>
   <trkpt lon="3.438088" lat="44.646792"><ele>1067.0</ele></trkpt>
   <trkpt lon="3.438079" lat="44.646553"><ele>1068.75</ele></trkpt>
   <trkpt lon="3.437961" lat="44.646462"><ele>1069.5</ele></trkpt>
   <trkpt lon="3.438240" lat="44.646450"><ele>1070.25</ele></trkpt>
   <trkpt lon="3.438646" lat="44.646453"><ele>1073.0</ele></trkpt>
   <trkpt lon="3.438809" lat="44.646428"><ele>1072.75</ele></trkpt>
   <trkpt lon="3.438938" lat="44.646431"><ele>1072.25</ele></trkpt>
   <trkpt lon="3.439034" lat="44.646489"><ele>1071.75</ele></trkpt>
   <trkpt lon="3.439147" lat="44.646569"><ele>1071.5</ele></trkpt>
   <trkpt lon="3.439324" lat="44.646637"><ele>1072.75</ele></trkpt>
   <trkpt lon="3.439496" lat="44.646653"><ele>1074.5</ele></trkpt>
   <trkpt lon="3.439646" lat="44.646645"><ele>1076.25</ele></trkpt>
   <trkpt lon="3.439758" lat="44.646676"><ele>1077.25</ele></trkpt>
   <trkpt lon="3.439919" lat="44.646782"><ele>1078.5</ele></trkpt>
   <trkpt lon="3.440166" lat="44.646897"><ele>1081.5</ele></trkpt>
   <trkpt lon="3.440509" lat="44.646962"><ele>1085.75</ele></trkpt>
   <trkpt lon="3.440719" lat="44.646966"><ele>1087.0</ele></trkpt>
   <trkpt lon="3.440899" lat="44.646937"><ele>1088.0</ele></trkpt>
   <trkpt lon="3.441124" lat="44.646849"><ele>1089.25</ele></trkpt>
   <trkpt lon="3.441314" lat="44.646672"><ele>1089.5</ele></trkpt>
   <trkpt lon="3.441789" lat="44.646159"><ele>1088.5</ele></trkpt>
   <trkpt lon="3.442242" lat="44.645767"><ele>1086.0</ele></trkpt>
   <trkpt lon="3.442537" lat="44.645538"><ele>1084.5</ele></trkpt>
   <trkpt lon="3.443060" lat="44.645154"><ele>1081.5</ele></trkpt>
   <trkpt lon="3.443195" lat="44.645040"><ele>1081.0</ele></trkpt>
   <trkpt lon="3.443460" lat="44.644714"><ele>1079.75</ele></trkpt>
   <trkpt lon="3.443516" lat="44.644559"><ele>1079.5</ele></trkpt>
   <trkpt lon="3.443511" lat="44.644250"><ele>1080.5</ele></trkpt>
   <trkpt lon="3.443570" lat="44.644105"><ele>1079.75</ele></trkpt>
   <trkpt lon="3.443720" lat="44.643892"><ele>1080.25</ele></trkpt>
   <trkpt lon="3.443919" lat="44.643697"><ele>1082.5</ele></trkpt>
   <trkpt lon="3.444058" lat="44.643529"><ele>1084.75</ele></trkpt>
   <trkpt lon="3.444163" lat="44.643451"><ele>1086.0</ele></trkpt>
   <trkpt lon="3.444300" lat="44.643395"><ele>1087.75</ele></trkpt>
   <trkpt lon="3.444707" lat="44.643304"><ele>1092.0</ele></trkpt>
   <trkpt lon="3.444788" lat="44.643250"><ele>1094.0</ele></trkpt>
   <trkpt lon="3.444836" lat="44.643189"><ele>1095.5</ele></trkpt>
   <trkpt lon="3.444815" lat="44.643056"><ele>1096.5</ele></trkpt>
   <trkpt lon="3.444756" lat="44.642827"><ele>1098.0</ele></trkpt>
   <trkpt lon="3.444766" lat="44.642632"><ele>1099.75</ele></trkpt>
   <trkpt lon="3.444691" lat="44.642182"><ele>1102.5</ele></trkpt>
   <trkpt lon="3.444697" lat="44.641972"><ele>1103.5</ele></trkpt>
   <trkpt lon="3.444691" lat="44.641857"><ele>1103.5</ele></trkpt>
   <trkpt lon="3.444740" lat="44.641743"><ele>1104.25</ele></trkpt>
   <trkpt lon="3.444890" lat="44.641525"><ele>1106.5</ele></trkpt>
   <trkpt lon="3.445088" lat="44.641384"><ele>1109.25</ele></trkpt>
   <trkpt lon="3.445179" lat="44.641300"><ele>1110.25</ele></trkpt>
   <trkpt lon="3.445212" lat="44.641185"><ele>1110.25</ele></trkpt>
   <trkpt lon="3.445271" lat="44.641147"><ele>1111.0</ele></trkpt>
   <trkpt lon="3.445335" lat="44.641143"><ele>1112.0</ele></trkpt>
   <trkpt lon="3.445386" lat="44.641172"><ele>1113.0</ele></trkpt>
   <trkpt lon="3.445405" lat="44.641231"><ele>1113.5</ele></trkpt>
   <trkpt lon="3.445579" lat="44.641431"><ele>1117.25</ele></trkpt>
   <trkpt lon="3.445616" lat="44.641569"><ele>1117.75</ele></trkpt>
   <trkpt lon="3.445834" lat="44.641964"><ele>1119.75</ele></trkpt>
   <trkpt lon="3.445879" lat="44.642012"><ele>1119.75</ele></trkpt>
   <trkpt lon="3.445947" lat="44.642006"><ele>1120.0</ele></trkpt>
   <trkpt lon="3.445995" lat="44.641937"><ele>1120.5</ele></trkpt>
   <trkpt lon="3.446038" lat="44.641758"><ele>1121.25</ele></trkpt>
   <trkpt lon="3.446147" lat="44.641183"><ele>1123.5</ele></trkpt>
   <trkpt lon="3.446212" lat="44.640970"><ele>1123.5</ele></trkpt>
   <trkpt lon="3.446376" lat="44.640613"><ele>1123.75</ele></trkpt>
   <trkpt lon="3.446515" lat="44.640376"><ele>1123.0</ele></trkpt>
   <trkpt lon="3.446617" lat="44.640281"><ele>1122.75</ele></trkpt>
   <trkpt lon="3.446730" lat="44.640212"><ele>1122.25</ele></trkpt>
   <trkpt lon="3.446783" lat="44.640163"><ele>1121.25</ele></trkpt>
   <trkpt lon="3.446783" lat="44.640079"><ele>1120.5</ele></trkpt>
   <trkpt lon="3.446842" lat="44.639861"><ele>1119.75</ele></trkpt>
   <trkpt lon="3.447170" lat="44.638800"><ele>1126.0</ele></trkpt>
   <trkpt lon="3.447411" lat="44.638227"><ele>1128.25</ele></trkpt>
   <trkpt lon="3.447499" lat="44.638042"><ele>1129.0</ele></trkpt>
   <trkpt lon="3.447551" lat="44.637716"><ele>1129.75</ele></trkpt>
   <trkpt lon="3.447545" lat="44.637536"><ele>1130.5</ele></trkpt>
   <trkpt lon="3.447553" lat="44.637351"><ele>1132.25</ele></trkpt>
   <trkpt lon="3.447590" lat="44.637284"><ele>1133.0</ele></trkpt>
   <trkpt lon="3.447604" lat="44.637258"><ele>1133.0</ele></trkpt>
   <trkpt lon="3.447717" lat="44.637166"><ele>1133.75</ele></trkpt>
   <trkpt lon="3.447931" lat="44.637010"><ele>1134.0</ele></trkpt>
   <trkpt lon="3.448202" lat="44.636752"><ele>1133.75</ele></trkpt>
   <trkpt lon="3.448618" lat="44.636315"><ele>1131.75</ele></trkpt>
   <trkpt lon="3.448773" lat="44.636165"><ele>1131.5</ele></trkpt>
   <trkpt lon="3.448890" lat="44.635994"><ele>1129.0</ele></trkpt>
   <trkpt lon="3.448939" lat="44.635876"><ele>1127.75</ele></trkpt>
   <trkpt lon="3.449044" lat="44.635788"><ele>1126.75</ele></trkpt>
   <trkpt lon="3.449227" lat="44.635733"><ele>1124.75</ele></trkpt>
   <trkpt lon="3.449474" lat="44.635668"><ele>1122.25</ele></trkpt>
   <trkpt lon="3.449773" lat="44.635633"><ele>1121.5</ele></trkpt>
   <trkpt lon="3.450090" lat="44.635612"><ele>1120.75</ele></trkpt>
   <trkpt lon="3.450250" lat="44.635580"><ele>1120.75</ele></trkpt>
   <trkpt lon="3.450226" lat="44.635774"><ele>1120.75</ele></trkpt>
   <trkpt lon="3.450346" lat="44.635962"><ele>1120.75</ele></trkpt>
   <trkpt lon="3.450724" lat="44.636195"><ele>1121.25</ele></trkpt>
   <trkpt lon="3.451368" lat="44.636880"><ele>1128.25</ele></trkpt>
   <trkpt lon="3.451570" lat="44.637312"><ele>1132.5</ele></trkpt>
   <trkpt lon="3.452710" lat="44.637242"><ele>1141.25</ele></trkpt>
   <trkpt lon="3.454768" lat="44.636925"><ele>1158.25</ele></trkpt>
   <trkpt lon="3.456003" lat="44.636802"><ele>1166.25</ele></trkpt>
   <trkpt lon="3.456205" lat="44.635881"><ele>1169.25</ele></trkpt>
   <trkpt lon="3.456524" lat="44.635347"><ele>1168.5</ele></trkpt>
   <trkpt lon="3.456806" lat="44.634841"><ele>1167.5</ele></trkpt>
   <trkpt lon="3.456908" lat="44.634499"><ele>1168.5</ele></trkpt>
   <trkpt lon="3.457043" lat="44.633897"><ele>1169.5</ele></trkpt>
   <trkpt lon="3.457077" lat="44.633505"><ele>1170.5</ele></trkpt>
   <trkpt lon="3.457050" lat="44.633238"><ele>1171.0</ele></trkpt>
   <trkpt lon="3.456948" lat="44.632941"><ele>1171.5</ele></trkpt>
   <trkpt lon="3.456786" lat="44.632544"><ele>1170.25</ele></trkpt>
   <trkpt lon="3.456821" lat="44.632386"><ele>1169.75</ele></trkpt>
   <trkpt lon="3.456974" lat="44.632204"><ele>1169.75</ele></trkpt>
   <trkpt lon="3.457280" lat="44.631970"><ele>1168.75</ele></trkpt>
   <trkpt lon="3.458010" lat="44.631282"><ele>1170.25</ele></trkpt>
   <trkpt lon="3.458162" lat="44.630945"><ele>1172.25</ele></trkpt>
   <trkpt lon="3.458272" lat="44.630691"><ele>1173.5</ele></trkpt>
   <trkpt lon="3.458413" lat="44.630526"><ele>1174.25</ele></trkpt>
   <trkpt lon="3.458509" lat="44.630368"><ele>1175.5</ele></trkpt>
   <trkpt lon="3.458897" lat="44.628889"><ele>1179.75</ele></trkpt>
   <trkpt lon="3.459392" lat="44.627772"><ele>1183.0</ele></trkpt>
   <trkpt lon="3.459883" lat="44.626962"><ele>1184.25</ele></trkpt>
   <trkpt lon="3.460364" lat="44.625969"><ele>1185.25</ele></trkpt>
   <trkpt lon="3.460910" lat="44.625072"><ele>1188.0</ele></trkpt>
   <trkpt lon="3.461100" lat="44.624593"><ele>1188.0</ele></trkpt>
   <trkpt lon="3.461521" lat="44.623982"><ele>1186.25</ele></trkpt>
   <trkpt lon="3.461582" lat="44.623147"><ele>1183.75</ele></trkpt>
   <trkpt lon="3.461586" lat="44.622692"><ele>1182.5</ele></trkpt>
   <trkpt lon="3.461523" lat="44.622206"><ele>1181.75</ele></trkpt>
   <trkpt lon="3.461584" lat="44.621792"><ele>1181.75</ele></trkpt>
   <trkpt lon="3.461589" lat="44.621352"><ele>1181.0</ele></trkpt>
   <trkpt lon="3.461486" lat="44.620965"><ele>1180.75</ele></trkpt>
   <trkpt lon="3.461454" lat="44.620843"><ele>1180.75</ele></trkpt>
   <trkpt lon="3.461429" lat="44.620581"><ele>1180.0</ele></trkpt>
   <trkpt lon="3.461467" lat="44.620303"><ele>1178.25</ele></trkpt>
   <trkpt lon="3.461618" lat="44.620050"><ele>1176.5</ele></trkpt>
   <trkpt lon="3.461698" lat="44.619762"><ele>1175.75</ele></trkpt>
   <trkpt lon="3.461650" lat="44.619336"><ele>1175.0</ele></trkpt>
   <trkpt lon="3.461713" lat="44.619259"><ele>1174.75</ele></trkpt>
   <trkpt lon="3.461887" lat="44.619151"><ele>1174.25</ele></trkpt>
   <trkpt lon="3.461679" lat="44.618930"><ele>1175.0</ele></trkpt>
   <trkpt lon="3.461565" lat="44.618618"><ele>1175.5</ele></trkpt>
   <trkpt lon="3.461435" lat="44.618132"><ele>1176.5</ele></trkpt>
   <trkpt lon="3.461159" lat="44.617761"><ele>1177.5</ele></trkpt>
   <trkpt lon="3.461077" lat="44.617530"><ele>1177.5</ele></trkpt>
   <trkpt lon="3.461126" lat="44.617171"><ele>1177.75</ele></trkpt>
   <trkpt lon="3.461110" lat="44.616800"><ele>1176.25</ele></trkpt>
   <trkpt lon="3.460346" lat="44.614242"><ele>1169.5</ele></trkpt>
   <trkpt lon="3.460150" lat="44.613756"><ele>1167.25</ele></trkpt>
   <trkpt lon="3.459955" lat="44.613409"><ele>1166.25</ele></trkpt>
   <trkpt lon="3.458768" lat="44.612691"><ele>1156.0</ele></trkpt>
   <trkpt lon="3.458297" lat="44.612425"><ele>1152.5</ele></trkpt>
   <trkpt lon="3.457955" lat="44.612182"><ele>1150.75</ele></trkpt>
   <trkpt lon="3.457744" lat="44.611880"><ele>1149.75</ele></trkpt>
   <trkpt lon="3.457597" lat="44.611186"><ele>1147.25</ele></trkpt>
   <trkpt lon="3.457516" lat="44.610630"><ele>1146.0</ele></trkpt>
   <trkpt lon="3.457386" lat="44.610156"><ele>1144.75</ele></trkpt>
   <trkpt lon="3.457327" lat="44.610061"><ele>1144.25</ele></trkpt>
   <trkpt lon="3.457256" lat="44.609947"><ele>1143.75</ele></trkpt>
   <trkpt lon="3.457077" lat="44.609612"><ele>1141.25</ele></trkpt>
   <trkpt lon="3.456947" lat="44.609264"><ele>1139.25</ele></trkpt>
   <trkpt lon="3.456963" lat="44.608894"><ele>1137.0</ele></trkpt>
   <trkpt lon="3.457012" lat="44.608535"><ele>1135.25</ele></trkpt>
   <trkpt lon="3.457012" lat="44.608269"><ele>1134.0</ele></trkpt>
   <trkpt lon="3.456978" lat="44.608033"><ele>1132.0</ele></trkpt>
   <trkpt lon="3.456791" lat="44.607826"><ele>1130.75</ele></trkpt>
   <trkpt lon="3.456530" lat="44.607560"><ele>1128.5</ele></trkpt>
   <trkpt lon="3.456193" lat="44.607248"><ele>1127.25</ele></trkpt>
   <trkpt lon="3.455904" lat="44.607015"><ele>1126.25</ele></trkpt>
   <trkpt lon="3.454596" lat="44.606277"><ele>1119.25</ele></trkpt>
   <trkpt lon="3.454438" lat="44.606177"><ele>1117.5</ele></trkpt>
   <trkpt lon="3.454363" lat="44.605945"><ele>1115.25</ele></trkpt>
   <trkpt lon="3.454223" lat="44.605293"><ele>1105.5</ele></trkpt>
   <trkpt lon="3.454008" lat="44.604974"><ele>1100.25</ele></trkpt>
   <trkpt lon="3.453737" lat="44.604668"><ele>1093.75</ele></trkpt>
   <trkpt lon="3.453606" lat="44.604448"><ele>1090.75</ele></trkpt>
   <trkpt lon="3.453392" lat="44.603966"><ele>1086.25</ele></trkpt>
   <trkpt lon="3.453214" lat="44.603318"><ele>1078.75</ele></trkpt>
   <trkpt lon="3.453317" lat="44.603138"><ele>1076.25</ele></trkpt>
   <trkpt lon="3.454017" lat="44.602487"><ele>1068.75</ele></trkpt>
   <trkpt lon="3.454344" lat="44.602154"><ele>1065.75</ele></trkpt>
   <trkpt lon="3.454382" lat="44.601988"><ele>1064.0</ele></trkpt>
   <trkpt lon="3.454211" lat="44.601509"><ele>1062.25</ele></trkpt>
   <trkpt lon="3.454165" lat="44.601415"><ele>1062.75</ele></trkpt>
   <trkpt lon="3.453911" lat="44.600989"><ele>1064.25</ele></trkpt>
   <trkpt lon="3.453578" lat="44.600472"><ele>1068.0</ele></trkpt>
   <trkpt lon="3.453550" lat="44.600342"><ele>1070.0</ele></trkpt>
   <trkpt lon="3.453457" lat="44.599906"><ele>1076.0</ele></trkpt>
   <trkpt lon="3.453532" lat="44.599428"><ele>1081.75</ele></trkpt>
   <trkpt lon="3.453569" lat="44.599068"><ele>1088.25</ele></trkpt>
   <trkpt lon="3.453476" lat="44.598723"><ele>1093.5</ele></trkpt>
   <trkpt lon="3.453317" lat="44.598443"><ele>1096.75</ele></trkpt>
   <trkpt lon="3.453177" lat="44.598031"><ele>1098.75</ele></trkpt>
   <trkpt lon="3.453121" lat="44.597718"><ele>1101.0</ele></trkpt>
   <trkpt lon="3.452981" lat="44.597546"><ele>1103.25</ele></trkpt>
   <trkpt lon="3.452738" lat="44.597459"><ele>1104.75</ele></trkpt>
   <trkpt lon="3.452485" lat="44.597406"><ele>1106.25</ele></trkpt>
   <trkpt lon="3.452215" lat="44.597379"><ele>1109.0</ele></trkpt>
   <trkpt lon="3.451888" lat="44.597432"><ele>1111.5</ele></trkpt>
   <trkpt lon="3.451169" lat="44.597532"><ele>1119.75</ele></trkpt>
   <trkpt lon="3.450720" lat="44.597452"><ele>1120.5</ele></trkpt>
   <trkpt lon="3.450235" lat="44.597286"><ele>1121.0</ele></trkpt>
   <trkpt lon="3.449459" lat="44.597000"><ele>1122.5</ele></trkpt>
   <trkpt lon="3.448877" lat="44.596691"><ele>1124.5</ele></trkpt>
   <trkpt lon="3.448142" lat="44.596152"><ele>1129.5</ele></trkpt>
   <trkpt lon="3.447797" lat="44.595870"><ele>1132.5</ele></trkpt>
   <trkpt lon="3.447637" lat="44.595798"><ele>1133.25</ele></trkpt>
   <trkpt lon="3.446846" lat="44.595603"><ele>1139.0</ele></trkpt>
   <trkpt lon="3.446605" lat="44.595556"><ele>1139.0</ele></trkpt>
   <trkpt lon="3.446486" lat="44.595516"><ele>1140.0</ele></trkpt>
   <trkpt lon="3.446112" lat="44.595315"><ele>1140.5</ele></trkpt>
   <trkpt lon="3.446332" lat="44.595344"><ele>1142.0</ele></trkpt>
   <trkpt lon="3.446437" lat="44.595321"><ele>1142.75</ele></trkpt>
   <trkpt lon="3.446582" lat="44.595250"><ele>1144.5</ele></trkpt>
   <trkpt lon="3.446710" lat="44.595159"><ele>1145.5</ele></trkpt>
   <trkpt lon="3.447003" lat="44.594765"><ele>1149.0</ele></trkpt>
   <trkpt lon="3.447360" lat="44.594256"><ele>1153.5</ele></trkpt>
   <trkpt lon="3.447425" lat="44.593946"><ele>1156.5</ele></trkpt>
   <trkpt lon="3.447572" lat="44.593607"><ele>1161.75</ele></trkpt>
   <trkpt lon="3.447700" lat="44.593388"><ele>1164.0</ele></trkpt>
   <trkpt lon="3.447930" lat="44.593191"><ele>1167.0</ele></trkpt>
   <trkpt lon="3.448239" lat="44.592901"><ele>1165.25</ele></trkpt>
   <trkpt lon="3.448613" lat="44.592137"><ele>1164.75</ele></trkpt>
   <trkpt lon="3.448808" lat="44.591569"><ele>1167.5</ele></trkpt>
   <trkpt lon="3.449019" lat="44.591233"><ele>1168.75</ele></trkpt>
   <trkpt lon="3.449393" lat="44.590851"><ele>1170.75</ele></trkpt>
   <trkpt lon="3.449419" lat="44.590766"><ele>1171.0</ele></trkpt>
   <trkpt lon="3.449442" lat="44.590689"><ele>1171.5</ele></trkpt>
   <trkpt lon="3.449361" lat="44.590249"><ele>1172.5</ele></trkpt>
   <trkpt lon="3.449345" lat="44.590035"><ele>1172.5</ele></trkpt>
   <trkpt lon="3.449361" lat="44.589809"><ele>1172.25</ele></trkpt>
   <trkpt lon="3.449414" lat="44.589607"><ele>1171.5</ele></trkpt>
   <trkpt lon="3.449507" lat="44.589473"><ele>1170.5</ele></trkpt>
   <trkpt lon="3.449650" lat="44.589372"><ele>1169.25</ele></trkpt>
   <trkpt lon="3.449816" lat="44.589276"><ele>1168.25</ele></trkpt>
   <trkpt lon="3.450174" lat="44.589149"><ele>1167.25</ele></trkpt>
   <trkpt lon="3.450418" lat="44.589022"><ele>1167.0</ele></trkpt>
   <trkpt lon="3.450520" lat="44.588939"><ele>1167.0</ele></trkpt>
   <trkpt lon="3.450568" lat="44.588823"><ele>1167.0</ele></trkpt>
   <trkpt lon="3.450579" lat="44.588758"><ele>1167.0</ele></trkpt>
   <trkpt lon="3.450558" lat="44.588694"><ele>1167.0</ele></trkpt>
   <trkpt lon="3.450426" lat="44.588617"><ele>1167.25</ele></trkpt>
   <trkpt lon="3.450289" lat="44.588517"><ele>1168.75</ele></trkpt>
   <trkpt lon="3.450117" lat="44.588288"><ele>1171.5</ele></trkpt>
   <trkpt lon="3.450042" lat="44.588116"><ele>1174.5</ele></trkpt>
   <trkpt lon="3.450031" lat="44.587967"><ele>1177.25</ele></trkpt>
   <trkpt lon="3.449988" lat="44.587631"><ele>1183.0</ele></trkpt>
   <trkpt lon="3.449996" lat="44.587414"><ele>1186.25</ele></trkpt>
   <trkpt lon="3.449956" lat="44.587328"><ele>1187.75</ele></trkpt>
   <trkpt lon="3.449860" lat="44.587279"><ele>1189.5</ele></trkpt>
   <trkpt lon="3.449244" lat="44.587247"><ele>1194.75</ele></trkpt>
   <trkpt lon="3.448880" lat="44.587081"><ele>1200.5</ele></trkpt>
   <trkpt lon="3.448662" lat="44.586996"><ele>1202.75</ele></trkpt>
   <trkpt lon="3.448515" lat="44.586894"><ele>1204.25</ele></trkpt>
   <trkpt lon="3.448105" lat="44.586695"><ele>1207.5</ele></trkpt>
   <trkpt lon="3.447712" lat="44.586568"><ele>1209.25</ele></trkpt>
   <trkpt lon="3.447638" lat="44.586509"><ele>1210.0</ele></trkpt>
   <trkpt lon="3.447329" lat="44.586143"><ele>1214.5</ele></trkpt>
   <trkpt lon="3.446918" lat="44.585451"><ele>1220.75</ele></trkpt>
   <trkpt lon="3.446629" lat="44.584899"><ele>1223.0</ele></trkpt>
   <trkpt lon="3.446549" lat="44.584703"><ele>1223.75</ele></trkpt>
   <trkpt lon="3.446517" lat="44.584513"><ele>1224.25</ele></trkpt>
   <trkpt lon="3.446610" lat="44.584140"><ele>1225.75</ele></trkpt>
   <trkpt lon="3.446797" lat="44.583828"><ele>1226.25</ele></trkpt>
   <trkpt lon="3.446872" lat="44.583688"><ele>1226.75</ele></trkpt>
   <trkpt lon="3.446825" lat="44.583489"><ele>1226.75</ele></trkpt>
   <trkpt lon="3.446626" lat="44.583271"><ele>1226.5</ele></trkpt>
   <trkpt lon="3.446596" lat="44.583123"><ele>1228.25</ele></trkpt>
   <trkpt lon="3.446638" lat="44.582936"><ele>1229.75</ele></trkpt>
   <trkpt lon="3.446732" lat="44.582617"><ele>1232.25</ele></trkpt>
   <trkpt lon="3.446918" lat="44.582092"><ele>1235.5</ele></trkpt>
   <trkpt lon="3.447028" lat="44.581815"><ele>1236.0</ele></trkpt>
   <trkpt lon="3.447040" lat="44.581786"><ele>1236.0</ele></trkpt>
   <trkpt lon="3.447124" lat="44.581666"><ele>1236.25</ele></trkpt>
   <trkpt lon="3.447245" lat="44.581506"><ele>1235.75</ele></trkpt>
   <trkpt lon="3.447292" lat="44.581280"><ele>1235.5</ele></trkpt>
   <trkpt lon="3.447295" lat="44.580926"><ele>1235.75</ele></trkpt>
   <trkpt lon="3.447390" lat="44.580798"><ele>1236.0</ele></trkpt>
   <trkpt lon="3.448116" lat="44.580392"><ele>1237.75</ele></trkpt>
   <trkpt lon="3.447825" lat="44.580259"><ele>1238.25</ele></trkpt>
   <trkpt lon="3.447075" lat="44.579603"><ele>1238.0</ele></trkpt>
   <trkpt lon="3.446905" lat="44.579142"><ele>1239.75</ele></trkpt>
   <trkpt lon="3.444086" lat="44.579230"><ele>1225.25</ele></trkpt>
   <trkpt lon="3.442319" lat="44.579437"><ele>1219.25</ele></trkpt>
   <trkpt lon="3.441656" lat="44.579447"><ele>1217.75</ele></trkpt>
   <trkpt lon="3.439919" lat="44.579311"><ele>1212.0</ele></trkpt>
   <trkpt lon="3.439373" lat="44.579095"><ele>1209.75</ele></trkpt>
   <trkpt lon="3.439239" lat="44.579153"><ele>1209.75</ele></trkpt>
   <trkpt lon="3.438198" lat="44.579602"><ele>1207.0</ele></trkpt>
   <trkpt lon="3.437981" lat="44.579734"><ele>1206.75</ele></trkpt>
   <trkpt lon="3.437902" lat="44.579731"><ele>1206.75</ele></trkpt>
   <trkpt lon="3.437777" lat="44.579774"><ele>1206.75</ele></trkpt>
   <trkpt lon="3.437522" lat="44.579896"><ele>1206.25</ele></trkpt>
   <trkpt lon="3.437013" lat="44.580157"><ele>1207.0</ele></trkpt>
   <trkpt lon="3.436653" lat="44.580358"><ele>1208.25</ele></trkpt>
   <trkpt lon="3.436491" lat="44.580342"><ele>1209.25</ele></trkpt>
   <trkpt lon="3.436350" lat="44.580261"><ele>1210.0</ele></trkpt>
   <trkpt lon="3.435477" lat="44.579431"><ele>1213.5</ele></trkpt>
   <trkpt lon="3.435851" lat="44.578965"><ele>1211.0</ele></trkpt>
   <trkpt lon="3.435949" lat="44.578659"><ele>1211.0</ele></trkpt>
   <trkpt lon="3.435804" lat="44.578336"><ele>1211.0</ele></trkpt>
   <trkpt lon="3.433810" lat="44.578117"><ele>1202.5</ele></trkpt>
   <trkpt lon="3.433569" lat="44.577973"><ele>1202.75</ele></trkpt>
   <trkpt lon="3.433068" lat="44.577674"><ele>1204.75</ele></trkpt>
   <trkpt lon="3.432043" lat="44.577025"><ele>1207.75</ele></trkpt>
   <trkpt lon="3.430862" lat="44.576613"><ele>1207.5</ele></trkpt>
   <trkpt lon="3.430081" lat="44.576251"><ele>1205.75</ele></trkpt>
   <trkpt lon="3.428881" lat="44.575834"><ele>1203.0</ele></trkpt>
   <trkpt lon="3.428313" lat="44.575720"><ele>1202.75</ele></trkpt>
   <trkpt lon="3.427938" lat="44.575535"><ele>1202.5</ele></trkpt>
   <trkpt lon="3.427000" lat="44.574903"><ele>1204.25</ele></trkpt>
   <trkpt lon="3.426192" lat="44.574304"><ele>1207.0</ele></trkpt>
   <trkpt lon="3.425491" lat="44.573819"><ele>1209.0</ele></trkpt>
   <trkpt lon="3.425244" lat="44.573606"><ele>1208.75</ele></trkpt>
   <trkpt lon="3.424114" lat="44.572831"><ele>1209.0</ele></trkpt>
   <trkpt lon="3.422892" lat="44.572145"><ele>1208.75</ele></trkpt>
   <trkpt lon="3.421786" lat="44.571187"><ele>1210.25</ele></trkpt>
   <trkpt lon="3.420652" lat="44.570011"><ele>1207.5</ele></trkpt>
   <trkpt lon="3.419940" lat="44.569572"><ele>1207.75</ele></trkpt>
   <trkpt lon="3.419358" lat="44.569054"><ele>1206.75</ele></trkpt>
   <trkpt lon="3.418516" lat="44.568233"><ele>1207.75</ele></trkpt>
   <trkpt lon="3.417115" lat="44.566868"><ele>1202.25</ele></trkpt>
   <trkpt lon="3.415809" lat="44.565981"><ele>1197.0</ele></trkpt>
   <trkpt lon="3.414886" lat="44.565444"><ele>1191.25</ele></trkpt>
   <trkpt lon="3.412814" lat="44.563687"><ele>1185.0</ele></trkpt>
   <trkpt lon="3.411909" lat="44.562159"><ele>1184.75</ele></trkpt>
   <trkpt lon="3.411830" lat="44.562081"><ele>1184.75</ele></trkpt>
   <trkpt lon="3.411694" lat="44.561947"><ele>1184.75</ele></trkpt>
   <trkpt lon="3.411486" lat="44.561783"><ele>1185.0</ele></trkpt>
   <trkpt lon="3.410331" lat="44.561051"><ele>1180.75</ele></trkpt>
   <trkpt lon="3.407810" lat="44.559141"><ele>1172.75</ele></trkpt>
   <trkpt lon="3.405720" lat="44.557956"><ele>1166.75</ele></trkpt>
   <trkpt lon="3.405152" lat="44.557267"><ele>1166.0</ele></trkpt>
   <trkpt lon="3.405023" lat="44.556978"><ele>1166.75</ele></trkpt>
   <trkpt lon="3.404914" lat="44.556436"><ele>1168.25</ele></trkpt>
   <trkpt lon="3.404829" lat="44.556170"><ele>1169.5</ele></trkpt>
   <trkpt lon="3.404637" lat="44.555793"><ele>1170.5</ele></trkpt>
   <trkpt lon="3.404345" lat="44.555343"><ele>1172.25</ele></trkpt>
   <trkpt lon="3.403793" lat="44.554688"><ele>1170.75</ele></trkpt>
   <trkpt lon="3.403423" lat="44.554205"><ele>1167.25</ele></trkpt>
   <trkpt lon="3.401811" lat="44.553186"><ele>1152.5</ele></trkpt>
   <trkpt lon="3.400548" lat="44.552136"><ele>1144.5</ele></trkpt>
   <trkpt lon="3.399309" lat="44.550780"><ele>1140.0</ele></trkpt>
   <trkpt lon="3.399220" lat="44.550682"><ele>1139.75</ele></trkpt>
   <trkpt lon="3.397323" lat="44.548920"><ele>1124.75</ele></trkpt>
   <trkpt lon="3.396164" lat="44.548295"><ele>1114.0</ele></trkpt>
   <trkpt lon="3.394288" lat="44.547097"><ele>1108.5</ele></trkpt>
   <trkpt lon="3.392430" lat="44.545885"><ele>1104.25</ele></trkpt>
   <trkpt lon="3.391653" lat="44.545185"><ele>1100.5</ele></trkpt>
   <trkpt lon="3.390793" lat="44.544601"><ele>1100.25</ele></trkpt>
   <trkpt lon="3.390063" lat="44.544105"><ele>1098.0</ele></trkpt>
   <trkpt lon="3.388252" lat="44.542981"><ele>1087.25</ele></trkpt>
   <trkpt lon="3.386933" lat="44.541918"><ele>1078.5</ele></trkpt>
   <trkpt lon="3.386558" lat="44.541706"><ele>1076.25</ele></trkpt>
   <trkpt lon="3.385504" lat="44.541110"><ele>1070.5</ele></trkpt>
   <trkpt lon="3.382829" lat="44.539827"><ele>1062.75</ele></trkpt>
   <trkpt lon="3.381165" lat="44.538931"><ele>1055.5</ele></trkpt>
   <trkpt lon="3.380266" lat="44.538325"><ele>1049.75</ele></trkpt>
   <trkpt lon="3.379526" lat="44.537745"><ele>1046.75</ele></trkpt>
   <trkpt lon="3.379183" lat="44.537578"><ele>1044.25</ele></trkpt>
   <trkpt lon="3.378688" lat="44.537253"><ele>1042.25</ele></trkpt>
   <trkpt lon="3.378195" lat="44.536788"><ele>1040.0</ele></trkpt>
   <trkpt lon="3.377653" lat="44.536164"><ele>1037.25</ele></trkpt>
   <trkpt lon="3.376815" lat="44.535646"><ele>1033.25</ele></trkpt>
   <trkpt lon="3.376707" lat="44.535516"><ele>1031.75</ele></trkpt>
   <trkpt lon="3.376495" lat="44.535259"><ele>1029.25</ele></trkpt>
   <trkpt lon="3.375755" lat="44.534486"><ele>1024.25</ele></trkpt>
   <trkpt lon="3.374954" lat="44.533898"><ele>1020.75</ele></trkpt>
   <trkpt lon="3.374091" lat="44.532975"><ele>1020.0</ele></trkpt>
   <trkpt lon="3.373390" lat="44.532136"><ele>1020.25</ele></trkpt>
   <trkpt lon="3.373052" lat="44.531859"><ele>1021.0</ele></trkpt>
   <trkpt lon="3.372496" lat="44.531609"><ele>1022.75</ele></trkpt>
   <trkpt lon="3.372006" lat="44.531422"><ele>1025.5</ele></trkpt>
   <trkpt lon="3.371691" lat="44.531195"><ele>1025.25</ele></trkpt>
   <trkpt lon="3.371632" lat="44.531152"><ele>1025.75</ele></trkpt>
   <trkpt lon="3.371179" lat="44.530663"><ele>1025.25</ele></trkpt>
   <trkpt lon="3.370815" lat="44.530154"><ele>1023.75</ele></trkpt>
   <trkpt lon="3.370758" lat="44.529849"><ele>1022.25</ele></trkpt>
   <trkpt lon="3.370740" lat="44.529751"><ele>1022.0</ele></trkpt>
   <trkpt lon="3.370717" lat="44.529351"><ele>1020.5</ele></trkpt>
   <trkpt lon="3.370820" lat="44.528469"><ele>1016.75</ele></trkpt>
   <trkpt lon="3.370889" lat="44.528321"><ele>1015.5</ele></trkpt>
   <trkpt lon="3.370992" lat="44.528100"><ele>1014.5</ele></trkpt>
   <trkpt lon="3.371431" lat="44.527534"><ele>1014.0</ele></trkpt>
   <trkpt lon="3.371945" lat="44.526695"><ele>1015.0</ele></trkpt>
   <trkpt lon="3.372398" lat="44.526375"><ele>1013.5</ele></trkpt>
   <trkpt lon="3.372954" lat="44.525869"><ele>1008.25</ele></trkpt>
   <trkpt lon="3.373169" lat="44.525370"><ele>1004.5</ele></trkpt>
   <trkpt lon="3.373299" lat="44.525031"><ele>1002.0</ele></trkpt>
   <trkpt lon="3.373304" lat="44.524924"><ele>1001.25</ele></trkpt>
   <trkpt lon="3.373274" lat="44.524856"><ele>1000.5</ele></trkpt>
   <trkpt lon="3.373337" lat="44.524747"><ele>1000.0</ele></trkpt>
   <trkpt lon="3.373592" lat="44.524025"><ele>997.25</ele></trkpt>
   <trkpt lon="3.373603" lat="44.522673"><ele>996.5</ele></trkpt>
   <trkpt lon="3.373393" lat="44.522316"><ele>995.0</ele></trkpt>
   <trkpt lon="3.373369" lat="44.522057"><ele>994.25</ele></trkpt>
   <trkpt lon="3.373439" lat="44.521787"><ele>992.5</ele></trkpt>
   <trkpt lon="3.373415" lat="44.521369"><ele>990.5</ele></trkpt>
   <trkpt lon="3.373103" lat="44.520468"><ele>983.75</ele></trkpt>
   <trkpt lon="3.373000" lat="44.520299"><ele>982.25</ele></trkpt>
   <trkpt lon="3.372980" lat="44.520205"><ele>982.0</ele></trkpt>
   <trkpt lon="3.372466" lat="44.520516"><ele>984.5</ele></trkpt>
   <trkpt lon="3.372034" lat="44.520791"><ele>984.5</ele></trkpt>
   <trkpt lon="3.371875" lat="44.520890"><ele>984.0</ele></trkpt>
   <trkpt lon="3.371649" lat="44.521096"><ele>982.75</ele></trkpt>
   <trkpt lon="3.371527" lat="44.521281"><ele>981.0</ele></trkpt>
   <trkpt lon="3.371468" lat="44.521468"><ele>978.5</ele></trkpt>
   <trkpt lon="3.371543" lat="44.521919"><ele>971.25</ele></trkpt>
   <trkpt lon="3.371640" lat="44.522348"><ele>966.0</ele></trkpt>
   <trkpt lon="3.371672" lat="44.522669"><ele>963.25</ele></trkpt>
   <trkpt lon="3.371667" lat="44.523009"><ele>959.5</ele></trkpt>
   <trkpt lon="3.371645" lat="44.523220"><ele>958.5</ele></trkpt>
   <trkpt lon="3.371565" lat="44.523327"><ele>957.5</ele></trkpt>
   <trkpt lon="3.371363" lat="44.523313"><ele>954.5</ele></trkpt>
   <trkpt lon="3.371286" lat="44.523227"><ele>953.5</ele></trkpt>
   <trkpt lon="3.371296" lat="44.523342"><ele>953.75</ele></trkpt>
   <trkpt lon="3.371237" lat="44.523541"><ele>955.0</ele></trkpt>
   <trkpt lon="3.370787" lat="44.523939"><ele>954.75</ele></trkpt>
   <trkpt lon="3.370712" lat="44.523985"><ele>954.5</ele></trkpt>
   <trkpt lon="3.370674" lat="44.524077"><ele>955.75</ele></trkpt>
   <trkpt lon="3.370601" lat="44.524123"><ele>956.25</ele></trkpt>
   <trkpt lon="3.370507" lat="44.524158"><ele>956.75</ele></trkpt>
   <trkpt lon="3.370224" lat="44.524151"><ele>956.75</ele></trkpt>
   <trkpt lon="3.369990" lat="44.524153"><ele>958.5</ele></trkpt>
   <trkpt lon="3.369682" lat="44.524180"><ele>960.75</ele></trkpt>
   <trkpt lon="3.369435" lat="44.524157"><ele>961.5</ele></trkpt>
   <trkpt lon="3.369221" lat="44.524068"><ele>959.0</ele></trkpt>
   <trkpt lon="3.369129" lat="44.524046"><ele>958.25</ele></trkpt>
   <trkpt lon="3.368748" lat="44.524080"><ele>957.75</ele></trkpt>
   <trkpt lon="3.368314" lat="44.524176"><ele>957.0</ele></trkpt>
   <trkpt lon="3.368148" lat="44.524241"><ele>956.75</ele></trkpt>
   <trkpt lon="3.367954" lat="44.524402"><ele>957.25</ele></trkpt>
   <trkpt lon="3.367879" lat="44.524490"><ele>957.25</ele></trkpt>
   <trkpt lon="3.367810" lat="44.524662"><ele>957.0</ele></trkpt>
   <trkpt lon="3.367928" lat="44.525167"><ele>956.25</ele></trkpt>
   <trkpt lon="3.368048" lat="44.526215"><ele>953.75</ele></trkpt>
   <trkpt lon="3.368035" lat="44.526308"><ele>953.5</ele></trkpt>
   <trkpt lon="3.367994" lat="44.526389"><ele>952.75</ele></trkpt>
   <trkpt lon="3.367898" lat="44.526449"><ele>952.0</ele></trkpt>
   <trkpt lon="3.367741" lat="44.526494"><ele>951.0</ele></trkpt>
   <trkpt lon="3.367407" lat="44.526547"><ele>950.25</ele></trkpt>
   <trkpt lon="3.366962" lat="44.526559"><ele>950.5</ele></trkpt>
   <trkpt lon="3.366501" lat="44.526467"><ele>953.75</ele></trkpt>
   <trkpt lon="3.366093" lat="44.526467"><ele>957.25</ele></trkpt>
   <trkpt lon="3.365701" lat="44.526559"><ele>956.75</ele></trkpt>
   <trkpt lon="3.365283" lat="44.526681"><ele>957.25</ele></trkpt>
   <trkpt lon="3.365093" lat="44.526697"><ele>957.25</ele></trkpt>
   <trkpt lon="3.364654" lat="44.526860"><ele>958.75</ele></trkpt>
   <trkpt lon="3.364448" lat="44.526959"><ele>959.0</ele></trkpt>
   <trkpt lon="3.364298" lat="44.527057"><ele>958.25</ele></trkpt>
   <trkpt lon="3.364217" lat="44.527109"><ele>957.75</ele></trkpt>
   <trkpt lon="3.363909" lat="44.527378"><ele>955.25</ele></trkpt>
   <trkpt lon="3.363807" lat="44.527510"><ele>953.75</ele></trkpt>
   <trkpt lon="3.363750" lat="44.527669"><ele>952.0</ele></trkpt>
   <trkpt lon="3.363713" lat="44.527858"><ele>950.0</ele></trkpt>
   <trkpt lon="3.363713" lat="44.528109"><ele>947.5</ele></trkpt>
   <trkpt lon="3.363745" lat="44.528237"><ele>946.25</ele></trkpt>
   <trkpt lon="3.363793" lat="44.528365"><ele>945.25</ele></trkpt>
   <trkpt lon="3.363812" lat="44.528466"><ele>945.25</ele></trkpt>
   <trkpt lon="3.363796" lat="44.528577"><ele>944.25</ele></trkpt>
   <trkpt lon="3.363740" lat="44.528845"><ele>942.75</ele></trkpt>
   <trkpt lon="3.363691" lat="44.528906"><ele>941.75</ele></trkpt>
   <trkpt lon="3.363496" lat="44.529067"><ele>938.25</ele></trkpt>
   <trkpt lon="3.363423" lat="44.529145"><ele>936.75</ele></trkpt>
   <trkpt lon="3.363107" lat="44.529770"><ele>930.5</ele></trkpt>
   <trkpt lon="3.362962" lat="44.530292"><ele>924.0</ele></trkpt>
   <trkpt lon="3.362951" lat="44.530499"><ele>921.5</ele></trkpt>
   <trkpt lon="3.362975" lat="44.530734"><ele>918.5</ele></trkpt>
   <trkpt lon="3.362999" lat="44.530807"><ele>917.75</ele></trkpt>
   <trkpt lon="3.363093" lat="44.530910"><ele>918.5</ele></trkpt>
   <trkpt lon="3.363115" lat="44.530958"><ele>918.75</ele></trkpt>
   <trkpt lon="3.363093" lat="44.531222"><ele>918.5</ele></trkpt>
   <trkpt lon="3.363093" lat="44.531679"><ele>916.5</ele></trkpt>
   <trkpt lon="3.363150" lat="44.532166"><ele>913.75</ele></trkpt>
   <trkpt lon="3.363219" lat="44.532527"><ele>910.25</ele></trkpt>
   <trkpt lon="3.363214" lat="44.532594"><ele>910.5</ele></trkpt>
   <trkpt lon="3.363168" lat="44.532703"><ele>910.25</ele></trkpt>
   <trkpt lon="3.363166" lat="44.532805"><ele>910.75</ele></trkpt>
   <trkpt lon="3.363353" lat="44.533669"><ele>917.25</ele></trkpt>
   <trkpt lon="3.363439" lat="44.533898"><ele>919.5</ele></trkpt>
   <trkpt lon="3.363571" lat="44.534147"><ele>921.25</ele></trkpt>
   <trkpt lon="3.363662" lat="44.534262"><ele>921.75</ele></trkpt>
   <trkpt lon="3.363874" lat="44.534482"><ele>923.25</ele></trkpt>
   <trkpt lon="3.364646" lat="44.535176"><ele>927.5</ele></trkpt>
   <trkpt lon="3.364826" lat="44.535311"><ele>928.75</ele></trkpt>
   <trkpt lon="3.365180" lat="44.535503"><ele>931.0</ele></trkpt>
   <trkpt lon="3.366001" lat="44.535847"><ele>935.25</ele></trkpt>
   <trkpt lon="3.366942" lat="44.536344"><ele>938.25</ele></trkpt>
   <trkpt lon="3.367165" lat="44.536447"><ele>940.5</ele></trkpt>
   <trkpt lon="3.367345" lat="44.536503"><ele>942.0</ele></trkpt>
   <trkpt lon="3.367666" lat="44.536571"><ele>944.25</ele></trkpt>
   <trkpt lon="3.368099" lat="44.536650"><ele>948.25</ele></trkpt>
   <trkpt lon="3.368344" lat="44.536665"><ele>950.0</ele></trkpt>
   <trkpt lon="3.368447" lat="44.536611"><ele>952.25</ele></trkpt>
   <trkpt lon="3.368525" lat="44.536620"><ele>953.0</ele></trkpt>
   <trkpt lon="3.368755" lat="44.536707"><ele>955.25</ele></trkpt>
   <trkpt lon="3.368897" lat="44.536774"><ele>956.25</ele></trkpt>
   <trkpt lon="3.368755" lat="44.536817"><ele>954.25</ele></trkpt>
   <trkpt lon="3.368569" lat="44.536903"><ele>951.75</ele></trkpt>
   <trkpt lon="3.368528" lat="44.536960"><ele>951.0</ele></trkpt>
   <trkpt lon="3.368503" lat="44.537124"><ele>950.0</ele></trkpt>
   <trkpt lon="3.368464" lat="44.537278"><ele>949.25</ele></trkpt>
   <trkpt lon="3.368442" lat="44.537503"><ele>948.5</ele></trkpt>
   <trkpt lon="3.368425" lat="44.537601"><ele>948.75</ele></trkpt>
   <trkpt lon="3.367933" lat="44.537714"><ele>944.75</ele></trkpt>
   <trkpt lon="3.367509" lat="44.537784"><ele>941.0</ele></trkpt>
   <trkpt lon="3.366846" lat="44.537967"><ele>937.75</ele></trkpt>
   <trkpt lon="3.366513" lat="44.538130"><ele>936.25</ele></trkpt>
   <trkpt lon="3.365950" lat="44.538515"><ele>934.0</ele></trkpt>
   <trkpt lon="3.365805" lat="44.538604"><ele>933.75</ele></trkpt>
   <trkpt lon="3.365470" lat="44.538700"><ele>931.5</ele></trkpt>
   <trkpt lon="3.364719" lat="44.539006"><ele>927.5</ele></trkpt>
   <trkpt lon="3.364192" lat="44.539114"><ele>925.0</ele></trkpt>
   <trkpt lon="3.363660" lat="44.539264"><ele>921.75</ele></trkpt>
   <trkpt lon="3.363102" lat="44.539405"><ele>919.0</ele></trkpt>
   <trkpt lon="3.362906" lat="44.539492"><ele>918.25</ele></trkpt>
   <trkpt lon="3.362397" lat="44.539801"><ele>916.5</ele></trkpt>
   <trkpt lon="3.361714" lat="44.540074"><ele>913.5</ele></trkpt>
   <trkpt lon="3.361038" lat="44.540306"><ele>910.5</ele></trkpt>
   <trkpt lon="3.360377" lat="44.540452"><ele>906.75</ele></trkpt>
   <trkpt lon="3.359829" lat="44.540609"><ele>904.75</ele></trkpt>
   <trkpt lon="3.359295" lat="44.540773"><ele>903.0</ele></trkpt>
   <trkpt lon="3.358803" lat="44.540990"><ele>902.25</ele></trkpt>
   <trkpt lon="3.358240" lat="44.541210"><ele>900.5</ele></trkpt>
   <trkpt lon="3.357821" lat="44.541360"><ele>899.0</ele></trkpt>
   <trkpt lon="3.357491" lat="44.541560"><ele>897.75</ele></trkpt>
   <trkpt lon="3.357053" lat="44.541899"><ele>895.25</ele></trkpt>
   <trkpt lon="3.356769" lat="44.542227"><ele>894.25</ele></trkpt>
   <trkpt lon="3.356463" lat="44.542454"><ele>892.25</ele></trkpt>
   <trkpt lon="3.356105" lat="44.542674"><ele>891.25</ele></trkpt>
   <trkpt lon="3.355887" lat="44.542832"><ele>889.75</ele></trkpt>
   <trkpt lon="3.355576" lat="44.543012"><ele>887.25</ele></trkpt>
   <trkpt lon="3.355488" lat="44.543073"><ele>886.75</ele></trkpt>
   <trkpt lon="3.355183" lat="44.543276"><ele>884.25</ele></trkpt>
   <trkpt lon="3.355087" lat="44.543312"><ele>883.5</ele></trkpt>
   <trkpt lon="3.354432" lat="44.543459"><ele>875.0</ele></trkpt>
   <trkpt lon="3.354301" lat="44.543500"><ele>873.0</ele></trkpt>
   <trkpt lon="3.354003" lat="44.543610"><ele>869.75</ele></trkpt>
   <trkpt lon="3.353885" lat="44.543643"><ele>868.75</ele></trkpt>
   <trkpt lon="3.353773" lat="44.543658"><ele>868.25</ele></trkpt>
   <trkpt lon="3.353663" lat="44.543656"><ele>868.0</ele></trkpt>
   <trkpt lon="3.353407" lat="44.543629"><ele>867.0</ele></trkpt>
   <trkpt lon="3.353290" lat="44.543616"><ele>866.75</ele></trkpt>
   <trkpt lon="3.353153" lat="44.543616"><ele>866.25</ele></trkpt>
   <trkpt lon="3.353000" lat="44.543628"><ele>866.0</ele></trkpt>
   <trkpt lon="3.352815" lat="44.543656"><ele>866.5</ele></trkpt>
   <trkpt lon="3.352734" lat="44.543658"><ele>866.5</ele></trkpt>
   <trkpt lon="3.352474" lat="44.543624"><ele>865.75</ele></trkpt>
   <trkpt lon="3.352059" lat="44.543599"><ele>864.25</ele></trkpt>
   <trkpt lon="3.351855" lat="44.543570"><ele>863.5</ele></trkpt>
   <trkpt lon="3.351340" lat="44.543454"><ele>861.5</ele></trkpt>
   <trkpt lon="3.351155" lat="44.543438"><ele>860.25</ele></trkpt>
   <trkpt lon="3.350146" lat="44.543230"><ele>853.75</ele></trkpt>
   <trkpt lon="3.349878" lat="44.543154"><ele>852.25</ele></trkpt>
   <trkpt lon="3.349449" lat="44.542987"><ele>851.5</ele></trkpt>
   <trkpt lon="3.349046" lat="44.542806"><ele>848.5</ele></trkpt>
   <trkpt lon="3.348899" lat="44.542750"><ele>847.75</ele></trkpt>
   <trkpt lon="3.348805" lat="44.542725"><ele>846.75</ele></trkpt>
   <trkpt lon="3.348730" lat="44.542712"><ele>846.0</ele></trkpt>
   <trkpt lon="3.348661" lat="44.542723"><ele>845.25</ele></trkpt>
   <trkpt lon="3.348542" lat="44.542767"><ele>844.0</ele></trkpt>
   <trkpt lon="3.348376" lat="44.542765"><ele>842.25</ele></trkpt>
   <trkpt lon="3.348086" lat="44.542738"><ele>840.0</ele></trkpt>
   <trkpt lon="3.347390" lat="44.542715"><ele>834.75</ele></trkpt>
   <trkpt lon="3.347178" lat="44.542661"><ele>833.25</ele></trkpt>
   <trkpt lon="3.347063" lat="44.542595"><ele>832.5</ele></trkpt>
   <trkpt lon="3.346975" lat="44.542513"><ele>832.0</ele></trkpt>
   <trkpt lon="3.346916" lat="44.542417"><ele>831.75</ele></trkpt>
   <trkpt lon="3.346722" lat="44.541875"><ele>828.5</ele></trkpt>
   <trkpt lon="3.346642" lat="44.541622"><ele>825.0</ele></trkpt>
   <trkpt lon="3.346589" lat="44.541291"><ele>821.75</ele></trkpt>
   <trkpt lon="3.346592" lat="44.540997"><ele>821.5</ele></trkpt>
   <trkpt lon="3.346571" lat="44.540973"><ele>821.25</ele></trkpt>
   <trkpt lon="3.346534" lat="44.540969"><ele>820.25</ele></trkpt>
   <trkpt lon="3.346499" lat="44.540977"><ele>819.5</ele></trkpt>
   <trkpt lon="3.346234" lat="44.541372"><ele>815.75</ele></trkpt>
   <trkpt lon="3.346090" lat="44.541507"><ele>813.0</ele></trkpt>
   <trkpt lon="3.345966" lat="44.541644"><ele>811.0</ele></trkpt>
   <trkpt lon="3.345818" lat="44.541916"><ele>809.25</ele></trkpt>
   <trkpt lon="3.345720" lat="44.542195"><ele>807.5</ele></trkpt>
   <trkpt lon="3.345318" lat="44.543128"><ele>799.5</ele></trkpt>
   <trkpt lon="3.345194" lat="44.543526"><ele>795.75</ele></trkpt>
   <trkpt lon="3.345211" lat="44.543702"><ele>794.0</ele></trkpt>
   <trkpt lon="3.345436" lat="44.544061"><ele>789.5</ele></trkpt>
   <trkpt lon="3.345449" lat="44.544131"><ele>788.0</ele></trkpt>
   <trkpt lon="3.345473" lat="44.544264"><ele>786.75</ele></trkpt>
   <trkpt lon="3.345465" lat="44.544461"><ele>784.0</ele></trkpt>
   <trkpt lon="3.345463" lat="44.544509"><ele>783.5</ele></trkpt>
   <trkpt lon="3.345549" lat="44.544696"><ele>782.25</ele></trkpt>
   <trkpt lon="3.345779" lat="44.544834"><ele>779.25</ele></trkpt>
   <trkpt lon="3.345726" lat="44.544879"><ele>777.25</ele></trkpt>
   <trkpt lon="3.345586" lat="44.544902"><ele>776.25</ele></trkpt>
   <trkpt lon="3.345252" lat="44.544943"><ele>773.0</ele></trkpt>
   <trkpt lon="3.344952" lat="44.544930"><ele>768.0</ele></trkpt>
   <trkpt lon="3.344905" lat="44.544961"><ele>767.25</ele></trkpt>
   <trkpt lon="3.344883" lat="44.545018"><ele>766.5</ele></trkpt>
   <trkpt lon="3.344903" lat="44.545055"><ele>765.75</ele></trkpt>
   <trkpt lon="3.344939" lat="44.545084"><ele>765.25</ele></trkpt>
   <trkpt lon="3.345023" lat="44.545107"><ele>765.25</ele></trkpt>
   <trkpt lon="3.345366" lat="44.545246"><ele>762.0</ele></trkpt>
   <trkpt lon="3.345622" lat="44.545316"><ele>758.75</ele></trkpt>
   <trkpt lon="3.345945" lat="44.545363"><ele>757.0</ele></trkpt>
   <trkpt lon="3.346198" lat="44.545382"><ele>755.0</ele></trkpt>
   <trkpt lon="3.346363" lat="44.545366"><ele>754.25</ele></trkpt>
   <trkpt lon="3.346753" lat="44.545277"><ele>751.0</ele></trkpt>
   <trkpt lon="3.347039" lat="44.545231"><ele>750.75</ele></trkpt>
   <trkpt lon="3.347191" lat="44.545235"><ele>750.0</ele></trkpt>
   <trkpt lon="3.347498" lat="44.545346"><ele>748.0</ele></trkpt>
   <trkpt lon="3.347702" lat="44.545436"><ele>746.5</ele></trkpt>
   <trkpt lon="3.347714" lat="44.545472"><ele>746.0</ele></trkpt>
   <trkpt lon="3.347675" lat="44.545503"><ele>745.0</ele></trkpt>
   <trkpt lon="3.347499" lat="44.545460"><ele>744.5</ele></trkpt>
   <trkpt lon="3.347263" lat="44.545433"><ele>743.75</ele></trkpt>
   <trkpt lon="3.347065" lat="44.545461"><ele>742.75</ele></trkpt>
   <trkpt lon="3.346070" lat="44.545911"><ele>734.0</ele></trkpt>
   <trkpt lon="3.345484" lat="44.546054"><ele>730.5</ele></trkpt>
   <trkpt lon="3.345138" lat="44.546267"><ele>725.5</ele></trkpt>
   <trkpt lon="3.344855" lat="44.546376"><ele>722.75</ele></trkpt>
   <trkpt lon="3.344022" lat="44.546569"><ele>716.25</ele></trkpt>
   <trkpt lon="3.343855" lat="44.546651"><ele>713.25</ele></trkpt>
   <trkpt lon="3.343828" lat="44.546691"><ele>712.25</ele></trkpt>
   <trkpt lon="3.343790" lat="44.546745"><ele>711.0</ele></trkpt>
   <trkpt lon="3.343797" lat="44.546812"><ele>709.75</ele></trkpt>
   <trkpt lon="3.343581" lat="44.546752"><ele>709.0</ele></trkpt>
   <trkpt lon="3.343235" lat="44.546700"><ele>705.0</ele></trkpt>
   <trkpt lon="3.342474" lat="44.546601"><ele>696.75</ele></trkpt>
   <trkpt lon="3.342177" lat="44.546525"><ele>694.25</ele></trkpt>
   <trkpt lon="3.341927" lat="44.546444"><ele>691.25</ele></trkpt>
   <trkpt lon="3.341817" lat="44.546420"><ele>690.25</ele></trkpt>
   <trkpt lon="3.341676" lat="44.546965"><ele>686.75</ele></trkpt>
   <trkpt lon="3.341617" lat="44.547195"><ele>685.75</ele></trkpt>
   <trkpt lon="3.341566" lat="44.547390"><ele>685.75</ele></trkpt>
   <trkpt lon="3.341440" lat="44.548057"><ele>688.25</ele></trkpt>
   <trkpt lon="3.341388" lat="44.548139"><ele>690.0</ele></trkpt>
   <trkpt lon="3.341271" lat="44.548201"><ele>692.25</ele></trkpt>
   <trkpt lon="3.341120" lat="44.548217"><ele>693.75</ele></trkpt>
   <trkpt lon="3.340077" lat="44.548097"><ele>694.25</ele></trkpt>
   <trkpt lon="3.339917" lat="44.548056"><ele>695.5</ele></trkpt>
   <trkpt lon="3.339028" lat="44.547687"><ele>694.75</ele></trkpt>
   <trkpt lon="3.338941" lat="44.547689"><ele>695.5</ele></trkpt>
   <trkpt lon="3.338880" lat="44.547725"><ele>697.25</ele></trkpt>
   <trkpt lon="3.338735" lat="44.547678"><ele>696.5</ele></trkpt>
   <trkpt lon="3.337996" lat="44.547515"><ele>693.25</ele></trkpt>
   <trkpt lon="3.337523" lat="44.547353"><ele>691.0</ele></trkpt>
   <trkpt lon="3.336545" lat="44.546925"><ele>687.0</ele></trkpt>
   <trkpt lon="3.335212" lat="44.546302"><ele>683.25</ele></trkpt>
   <trkpt lon="3.335132" lat="44.546265"><ele>683.25</ele></trkpt>
   <trkpt lon="3.334946" lat="44.546206"><ele>683.5</ele></trkpt>
   <trkpt lon="3.334821" lat="44.546177"><ele>683.75</ele></trkpt>
   <trkpt lon="3.334572" lat="44.546136"><ele>684.5</ele></trkpt>
   <trkpt lon="3.334326" lat="44.546137"><ele>684.75</ele></trkpt>
   <trkpt lon="3.334121" lat="44.546151"><ele>684.25</ele></trkpt>
   <trkpt lon="3.333849" lat="44.546211"><ele>684.25</ele></trkpt>
   <trkpt lon="3.333593" lat="44.546307"><ele>683.25</ele></trkpt>
   <trkpt lon="3.333585" lat="44.546394"><ele>684.75</ele></trkpt>
   <trkpt lon="3.333402" lat="44.546714"><ele>689.25</ele></trkpt>
   <trkpt lon="3.333305" lat="44.546864"><ele>691.0</ele></trkpt>
   <trkpt lon="3.333220" lat="44.546967"><ele>691.5</ele></trkpt>
   <trkpt lon="3.333010" lat="44.547105"><ele>691.5</ele></trkpt>
   <trkpt lon="3.332639" lat="44.547295"><ele>691.5</ele></trkpt>
   <trkpt lon="3.332167" lat="44.547506"><ele>692.5</ele></trkpt>
   <trkpt lon="3.331832" lat="44.547683"><ele>693.75</ele></trkpt>
   <trkpt lon="3.331678" lat="44.547794"><ele>697.75</ele></trkpt>
   <trkpt lon="3.331446" lat="44.548034"><ele>702.25</ele></trkpt>
   <trkpt lon="3.331327" lat="44.548187"><ele>704.5</ele></trkpt>
   <trkpt lon="3.331242" lat="44.548243"><ele>705.75</ele></trkpt>
   <trkpt lon="3.331081" lat="44.548227"><ele>708.25</ele></trkpt>
   <trkpt lon="3.330878" lat="44.548242"><ele>709.75</ele></trkpt>
   <trkpt lon="3.330901" lat="44.548297"><ele>710.5</ele></trkpt>
   <trkpt lon="3.330893" lat="44.548397"><ele>711.75</ele></trkpt>
   <trkpt lon="3.330843" lat="44.548558"><ele>714.25</ele></trkpt>
   <trkpt lon="3.330747" lat="44.548953"><ele>718.5</ele></trkpt>
   <trkpt lon="3.330736" lat="44.549387"><ele>724.25</ele></trkpt>
   <trkpt lon="3.330388" lat="44.549176"><ele>727.0</ele></trkpt>
   <trkpt lon="3.330039" lat="44.549130"><ele>730.25</ele></trkpt>
   <trkpt lon="3.329836" lat="44.549221"><ele>731.0</ele></trkpt>
   <trkpt lon="3.329208" lat="44.550107"><ele>743.5</ele></trkpt>
   <trkpt lon="3.329158" lat="44.550390"><ele>747.75</ele></trkpt>
   <trkpt lon="3.328952" lat="44.550561"><ele>749.5</ele></trkpt>
   <trkpt lon="3.328165" lat="44.550754"><ele>745.25</ele></trkpt>
   <trkpt lon="3.328004" lat="44.550728"><ele>742.0</ele></trkpt>
   <trkpt lon="3.327914" lat="44.550734"><ele>740.75</ele></trkpt>
   <trkpt lon="3.327885" lat="44.550767"><ele>740.75</ele></trkpt>
   <trkpt lon="3.327850" lat="44.550895"><ele>741.25</ele></trkpt>
   <trkpt lon="3.327851" lat="44.551003"><ele>741.75</ele></trkpt>
   <trkpt lon="3.327885" lat="44.551339"><ele>742.75</ele></trkpt>
   <trkpt lon="3.327775" lat="44.551630"><ele>740.0</ele></trkpt>
   <trkpt lon="3.327903" lat="44.552185"><ele>736.5</ele></trkpt>
   <trkpt lon="3.327954" lat="44.553109"><ele>724.0</ele></trkpt>
   <trkpt lon="3.327996" lat="44.553665"><ele>716.0</ele></trkpt>
   <trkpt lon="3.328059" lat="44.554020"><ele>710.75</ele></trkpt>
   <trkpt lon="3.328065" lat="44.554374"><ele>706.75</ele></trkpt>
   <trkpt lon="3.328020" lat="44.554490"><ele>705.5</ele></trkpt>
   <trkpt lon="3.327608" lat="44.554778"><ele>704.25</ele></trkpt>
   <trkpt lon="3.327588" lat="44.554792"><ele>704.25</ele></trkpt>
   <trkpt lon="3.327553" lat="44.554826"><ele>704.25</ele></trkpt>
   <trkpt lon="3.327333" lat="44.555038"><ele>709.0</ele></trkpt>
   <trkpt lon="3.327110" lat="44.555479"><ele>711.75</ele></trkpt>
   <trkpt lon="3.326992" lat="44.555616"><ele>714.0</ele></trkpt>
   <trkpt lon="3.326793" lat="44.555737"><ele>717.25</ele></trkpt>
   <trkpt lon="3.326235" lat="44.556173"><ele>726.75</ele></trkpt>
   <trkpt lon="3.326066" lat="44.556405"><ele>730.0</ele></trkpt>
   <trkpt lon="3.325659" lat="44.556875"><ele>736.75</ele></trkpt>
   <trkpt lon="3.325472" lat="44.557060"><ele>738.75</ele></trkpt>
   <trkpt lon="3.325258" lat="44.557202"><ele>742.0</ele></trkpt>
   <trkpt lon="3.324996" lat="44.557415"><ele>743.0</ele></trkpt>
   <trkpt lon="3.324906" lat="44.557479"><ele>743.75</ele></trkpt>
   <trkpt lon="3.324637" lat="44.557655"><ele>745.75</ele></trkpt>
   <trkpt lon="3.324010" lat="44.558156"><ele>751.25</ele></trkpt>
   <trkpt lon="3.323515" lat="44.558601"><ele>755.25</ele></trkpt>
   <trkpt lon="3.323139" lat="44.558992"><ele>760.25</ele></trkpt>
   <trkpt lon="3.322924" lat="44.559232"><ele>764.25</ele></trkpt>
   <trkpt lon="3.322744" lat="44.559486"><ele>767.5</ele></trkpt>
   <trkpt lon="3.322650" lat="44.559647"><ele>769.25</ele></trkpt>
   <trkpt lon="3.322593" lat="44.559851"><ele>770.0</ele></trkpt>
   <trkpt lon="3.322539" lat="44.559991"><ele>771.25</ele></trkpt>
   <trkpt lon="3.322475" lat="44.560031"><ele>773.25</ele></trkpt>
   <trkpt lon="3.322433" lat="44.559993"><ele>774.5</ele></trkpt>
   <trkpt lon="3.322457" lat="44.559864"><ele>774.25</ele></trkpt>
   <trkpt lon="3.322439" lat="44.559604"><ele>775.75</ele></trkpt>
   <trkpt lon="3.322460" lat="44.559449"><ele>776.5</ele></trkpt>
   <trkpt lon="3.322439" lat="44.559368"><ele>777.0</ele></trkpt>
   <trkpt lon="3.322340" lat="44.559340"><ele>778.25</ele></trkpt>
   <trkpt lon="3.322189" lat="44.559451"><ele>780.25</ele></trkpt>
   <trkpt lon="3.322101" lat="44.559490"><ele>781.25</ele></trkpt>
   <trkpt lon="3.321951" lat="44.559572"><ele>783.25</ele></trkpt>
   <trkpt lon="3.321878" lat="44.559662"><ele>783.75</ele></trkpt>
   <trkpt lon="3.321763" lat="44.559707"><ele>784.5</ele></trkpt>
   <trkpt lon="3.321647" lat="44.559737"><ele>785.0</ele></trkpt>
   <trkpt lon="3.321444" lat="44.559779"><ele>785.25</ele></trkpt>
   <trkpt lon="3.321269" lat="44.559807"><ele>785.0</ele></trkpt>
   <trkpt lon="3.321091" lat="44.559899"><ele>785.25</ele></trkpt>
   <trkpt lon="3.320867" lat="44.560041"><ele>784.75</ele></trkpt>
   <trkpt lon="3.320710" lat="44.560213"><ele>784.75</ele></trkpt>
   <trkpt lon="3.320507" lat="44.560564"><ele>787.0</ele></trkpt>
   <trkpt lon="3.320301" lat="44.560853"><ele>788.5</ele></trkpt>
   <trkpt lon="3.320059" lat="44.561232"><ele>791.25</ele></trkpt>
   <trkpt lon="3.319860" lat="44.561504"><ele>794.25</ele></trkpt>
   <trkpt lon="3.319737" lat="44.561633"><ele>795.5</ele></trkpt>
   <trkpt lon="3.319503" lat="44.561773"><ele>797.0</ele></trkpt>
   <trkpt lon="3.319325" lat="44.561907"><ele>799.0</ele></trkpt>
   <trkpt lon="3.319122" lat="44.562199"><ele>802.75</ele></trkpt>
   <trkpt lon="3.318818" lat="44.562453"><ele>806.5</ele></trkpt>
   <trkpt lon="3.318608" lat="44.562613"><ele>808.0</ele></trkpt>
   <trkpt lon="3.318447" lat="44.562765"><ele>809.75</ele></trkpt>
   <trkpt lon="3.318230" lat="44.562832"><ele>810.25</ele></trkpt>
   <trkpt lon="3.317996" lat="44.562942"><ele>811.5</ele></trkpt>
   <trkpt lon="3.317786" lat="44.563054"><ele>812.0</ele></trkpt>
   <trkpt lon="3.317300" lat="44.563472"><ele>811.75</ele></trkpt>
   <trkpt lon="3.316960" lat="44.563727"><ele>812.25</ele></trkpt>
   <trkpt lon="3.316747" lat="44.563916"><ele>812.75</ele></trkpt>
   <trkpt lon="3.316555" lat="44.564115"><ele>813.5</ele></trkpt>
   <trkpt lon="3.316443" lat="44.564257"><ele>814.5</ele></trkpt>
   <trkpt lon="3.315859" lat="44.564654"><ele>816.25</ele></trkpt>
   <trkpt lon="3.315540" lat="44.564895"><ele>817.75</ele></trkpt>
   <trkpt lon="3.315142" lat="44.565137"><ele>819.75</ele></trkpt>
   <trkpt lon="3.314869" lat="44.565359"><ele>822.5</ele></trkpt>
   <trkpt lon="3.314452" lat="44.565742"><ele>826.75</ele></trkpt>
   <trkpt lon="3.314416" lat="44.565775"><ele>827.25</ele></trkpt>
   <trkpt lon="3.314389" lat="44.565801"><ele>827.25</ele></trkpt>
   <trkpt lon="3.314301" lat="44.565882"><ele>827.75</ele></trkpt>
   <trkpt lon="3.314071" lat="44.566030"><ele>829.0</ele></trkpt>
   <trkpt lon="3.313707" lat="44.566250"><ele>830.5</ele></trkpt>
   <trkpt lon="3.313382" lat="44.566466"><ele>833.0</ele></trkpt>
   <trkpt lon="3.312698" lat="44.566886"><ele>836.25</ele></trkpt>
   <trkpt lon="3.312458" lat="44.567025"><ele>836.25</ele></trkpt>
   <trkpt lon="3.312066" lat="44.566991"><ele>834.0</ele></trkpt>
   <trkpt lon="3.311365" lat="44.566839"><ele>829.75</ele></trkpt>
   <trkpt lon="3.311035" lat="44.566806"><ele>828.0</ele></trkpt>
   <trkpt lon="3.310763" lat="44.566751"><ele>826.25</ele></trkpt>
   <trkpt lon="3.309781" lat="44.566473"><ele>820.0</ele></trkpt>
   <trkpt lon="3.309733" lat="44.566459"><ele>819.75</ele></trkpt>
   <trkpt lon="3.309354" lat="44.566389"><ele>817.25</ele></trkpt>
   <trkpt lon="3.308887" lat="44.566324"><ele>814.75</ele></trkpt>
   <trkpt lon="3.308010" lat="44.566154"><ele>809.5</ele></trkpt>
   <trkpt lon="3.307384" lat="44.565906"><ele>800.5</ele></trkpt>
   <trkpt lon="3.307298" lat="44.565821"><ele>799.0</ele></trkpt>
   <trkpt lon="3.307283" lat="44.565836"><ele>799.0</ele></trkpt>
   <trkpt lon="3.307218" lat="44.566047"><ele>796.25</ele></trkpt>
   <trkpt lon="3.307191" lat="44.566217"><ele>793.75</ele></trkpt>
   <trkpt lon="3.307250" lat="44.566553"><ele>792.5</ele></trkpt>
   <trkpt lon="3.307232" lat="44.566648"><ele>791.25</ele></trkpt>
   <trkpt lon="3.307084" lat="44.566641"><ele>790.75</ele></trkpt>
   <trkpt lon="3.306979" lat="44.566547"><ele>788.75</ele></trkpt>
   <trkpt lon="3.306701" lat="44.566348"><ele>785.0</ele></trkpt>
   <trkpt lon="3.306309" lat="44.565943"><ele>779.25</ele></trkpt>
   <trkpt lon="3.306049" lat="44.565823"><ele>776.75</ele></trkpt>
   <trkpt lon="3.305738" lat="44.565777"><ele>774.0</ele></trkpt>
   <trkpt lon="3.305453" lat="44.565800"><ele>772.25</ele></trkpt>
   <trkpt lon="3.304592" lat="44.566119"><ele>766.25</ele></trkpt>
   <trkpt lon="3.304083" lat="44.566354"><ele>763.0</ele></trkpt>
   <trkpt lon="3.303557" lat="44.566543"><ele>759.25</ele></trkpt>
   <trkpt lon="3.303382" lat="44.566620"><ele>758.25</ele></trkpt>
   <trkpt lon="3.303281" lat="44.566664"><ele>757.75</ele></trkpt>
   <trkpt lon="3.302878" lat="44.567017"><ele>758.0</ele></trkpt>
   <trkpt lon="3.302457" lat="44.567698"><ele>766.5</ele></trkpt>
   <trkpt lon="3.302106" lat="44.568150"><ele>768.25</ele></trkpt>
   <trkpt lon="3.302095" lat="44.568426"><ele>769.5</ele></trkpt>
   <trkpt lon="3.302278" lat="44.568783"><ele>771.75</ele></trkpt>
   <trkpt lon="3.302613" lat="44.569219"><ele>776.0</ele></trkpt>
   <trkpt lon="3.302854" lat="44.569446"><ele>779.75</ele></trkpt>
   <trkpt lon="3.303206" lat="44.569755"><ele>780.75</ele></trkpt>
   <trkpt lon="3.303576" lat="44.569920"><ele>779.0</ele></trkpt>
   <trkpt lon="3.303812" lat="44.569989"><ele>776.25</ele></trkpt>
   <trkpt lon="3.303906" lat="44.570078"><ele>773.75</ele></trkpt>
   <trkpt lon="3.303721" lat="44.570122"><ele>771.75</ele></trkpt>
   <trkpt lon="3.303085" lat="44.570220"><ele>769.0</ele></trkpt>
   <trkpt lon="3.302814" lat="44.570208"><ele>765.75</ele></trkpt>
   <trkpt lon="3.302763" lat="44.570172"><ele>765.5</ele></trkpt>
   <trkpt lon="3.302637" lat="44.570084"><ele>764.75</ele></trkpt>
   <trkpt lon="3.302468" lat="44.569908"><ele>764.0</ele></trkpt>
   <trkpt lon="3.302299" lat="44.569713"><ele>762.0</ele></trkpt>
   <trkpt lon="3.302071" lat="44.569425"><ele>757.75</ele></trkpt>
   <trkpt lon="3.301771" lat="44.569100"><ele>751.5</ele></trkpt>
   <trkpt lon="3.301341" lat="44.568777"><ele>742.75</ele></trkpt>
   <trkpt lon="3.300958" lat="44.568554"><ele>737.25</ele></trkpt>
   <trkpt lon="3.300676" lat="44.568330"><ele>733.0</ele></trkpt>
   <trkpt lon="3.300494" lat="44.568168"><ele>728.0</ele></trkpt>
   <trkpt lon="3.300403" lat="44.568072"><ele>726.0</ele></trkpt>
   <trkpt lon="3.300344" lat="44.567957"><ele>722.25</ele></trkpt>
   <trkpt lon="3.300411" lat="44.567797"><ele>720.25</ele></trkpt>
   <trkpt lon="3.300484" lat="44.567688"><ele>718.75</ele></trkpt>
   <trkpt lon="3.300617" lat="44.567493"><ele>716.25</ele></trkpt>
   <trkpt lon="3.301036" lat="44.566975"><ele>710.25</ele></trkpt>
   <trkpt lon="3.301191" lat="44.566840"><ele>713.25</ele></trkpt>
   <trkpt lon="3.301119" lat="44.566840"><ele>711.75</ele></trkpt>
   <trkpt lon="3.301009" lat="44.566908"><ele>709.5</ele></trkpt>
   <trkpt lon="3.300880" lat="44.567002"><ele>707.5</ele></trkpt>
   <trkpt lon="3.300658" lat="44.567075"><ele>705.5</ele></trkpt>
   <trkpt lon="3.300507" lat="44.567201"><ele>703.75</ele></trkpt>
   <trkpt lon="3.300258" lat="44.567359"><ele>702.0</ele></trkpt>
   <trkpt lon="3.300049" lat="44.567478"><ele>698.75</ele></trkpt>
   <trkpt lon="3.299716" lat="44.567608"><ele>697.0</ele></trkpt>
   <trkpt lon="3.299290" lat="44.567690"><ele>690.25</ele></trkpt>
   <trkpt lon="3.299295" lat="44.567759"><ele>691.0</ele></trkpt>
   <trkpt lon="3.299314" lat="44.567837"><ele>691.5</ele></trkpt>
   <trkpt lon="3.299343" lat="44.567913"><ele>692.0</ele></trkpt>
   <trkpt lon="3.299365" lat="44.568017"><ele>692.0</ele></trkpt>
   <trkpt lon="3.299284" lat="44.568049"><ele>689.75</ele></trkpt>
   <trkpt lon="3.299217" lat="44.568028"><ele>688.25</ele></trkpt>
   <trkpt lon="3.299198" lat="44.568022"><ele>687.75</ele></trkpt>
   <trkpt lon="3.299121" lat="44.567974"><ele>687.25</ele></trkpt>
   <trkpt lon="3.298949" lat="44.567857"><ele>686.5</ele></trkpt>
   <trkpt lon="3.298793" lat="44.567709"><ele>685.25</ele></trkpt>
   <trkpt lon="3.298522" lat="44.567574"><ele>684.25</ele></trkpt>
   <trkpt lon="3.297891" lat="44.566571"><ele>675.5</ele></trkpt>
   <trkpt lon="3.297903" lat="44.566415"><ele>674.5</ele></trkpt>
   <trkpt lon="3.297787" lat="44.566191"><ele>671.25</ele></trkpt>
   <trkpt lon="3.297657" lat="44.565898"><ele>670.75</ele></trkpt>
   <trkpt lon="3.297561" lat="44.565807"><ele>669.75</ele></trkpt>
   <trkpt lon="3.297510" lat="44.565775"><ele>669.25</ele></trkpt>
   <trkpt lon="3.297349" lat="44.565674"><ele>669.0</ele></trkpt>
   <trkpt lon="3.296861" lat="44.565276"><ele>665.25</ele></trkpt>
   <trkpt lon="3.296782" lat="44.565240"><ele>665.25</ele></trkpt>
   <trkpt lon="3.296723" lat="44.565395"><ele>668.25</ele></trkpt>
   <trkpt lon="3.296449" lat="44.565321"><ele>664.25</ele></trkpt>
   <trkpt lon="3.296404" lat="44.565298"><ele>662.75</ele></trkpt>
   <trkpt lon="3.296145" lat="44.565178"><ele>660.5</ele></trkpt>
   <trkpt lon="3.296112" lat="44.565154"><ele>660.75</ele></trkpt>
   <trkpt lon="3.296108" lat="44.565110"><ele>661.0</ele></trkpt>
   <trkpt lon="3.296132" lat="44.565011"><ele>661.5</ele></trkpt>
   <trkpt lon="3.296123" lat="44.564867"><ele>660.75</ele></trkpt>
   <trkpt lon="3.296069" lat="44.564729"><ele>660.0</ele></trkpt>
   <trkpt lon="3.295916" lat="44.564533"><ele>659.75</ele></trkpt>
   <trkpt lon="3.295434" lat="44.564086"><ele>658.75</ele></trkpt>
   <trkpt lon="3.295088" lat="44.563718"><ele>660.25</ele></trkpt>
   <trkpt lon="3.295030" lat="44.563642"><ele>661.25</ele></trkpt>
   <trkpt lon="3.295018" lat="44.563563"><ele>661.5</ele></trkpt>
   <trkpt lon="3.295050" lat="44.563398"><ele>661.25</ele></trkpt>
   <trkpt lon="3.295057" lat="44.563264"><ele>661.25</ele></trkpt>
   <trkpt lon="3.295048" lat="44.563161"><ele>661.5</ele></trkpt>
   <trkpt lon="3.294940" lat="44.562804"><ele>661.25</ele></trkpt>
   <trkpt lon="3.294813" lat="44.563032"><ele>664.0</ele></trkpt>
   <trkpt lon="3.294750" lat="44.563220"><ele>666.25</ele></trkpt>
   <trkpt lon="3.294588" lat="44.563470"><ele>671.25</ele></trkpt>
   <trkpt lon="3.294550" lat="44.563667"><ele>674.5</ele></trkpt>
   <trkpt lon="3.294490" lat="44.563731"><ele>676.5</ele></trkpt>
   <trkpt lon="3.294191" lat="44.563957"><ele>679.25</ele></trkpt>
   <trkpt lon="3.294118" lat="44.564050"><ele>680.0</ele></trkpt>
   <trkpt lon="3.294068" lat="44.564145"><ele>680.75</ele></trkpt>
   <trkpt lon="3.294039" lat="44.564271"><ele>681.5</ele></trkpt>
   <trkpt lon="3.294021" lat="44.564614"><ele>683.0</ele></trkpt>
   <trkpt lon="3.293979" lat="44.564713"><ele>683.5</ele></trkpt>
   <trkpt lon="3.293833" lat="44.565031"><ele>686.25</ele></trkpt>
   <trkpt lon="3.293772" lat="44.565110"><ele>686.75</ele></trkpt>
   <trkpt lon="3.293386" lat="44.565267"><ele>688.75</ele></trkpt>
   <trkpt lon="3.293135" lat="44.565370"><ele>689.0</ele></trkpt>
   <trkpt lon="3.292113" lat="44.565815"><ele>695.0</ele></trkpt>
   <trkpt lon="3.291839" lat="44.565940"><ele>696.5</ele></trkpt>
   <trkpt lon="3.291702" lat="44.566037"><ele>697.25</ele></trkpt>
   <trkpt lon="3.291474" lat="44.566096"><ele>697.75</ele></trkpt>
   <trkpt lon="3.291459" lat="44.566020"><ele>697.25</ele></trkpt>
   <trkpt lon="3.291257" lat="44.566063"><ele>698.0</ele></trkpt>
   <trkpt lon="3.291347" lat="44.566189"><ele>698.5</ele></trkpt>
   <trkpt lon="3.291366" lat="44.566233"><ele>698.75</ele></trkpt>
   <trkpt lon="3.291263" lat="44.566613"><ele>701.75</ele></trkpt>
   <trkpt lon="3.291141" lat="44.566899"><ele>705.5</ele></trkpt>
   <trkpt lon="3.291055" lat="44.567202"><ele>709.25</ele></trkpt>
   <trkpt lon="3.291007" lat="44.567279"><ele>711.0</ele></trkpt>
   <trkpt lon="3.290959" lat="44.567308"><ele>712.0</ele></trkpt>
   <trkpt lon="3.290907" lat="44.567317"><ele>712.5</ele></trkpt>
   <trkpt lon="3.290839" lat="44.567288"><ele>712.75</ele></trkpt>
   <trkpt lon="3.290735" lat="44.567207"><ele>713.0</ele></trkpt>
   <trkpt lon="3.290659" lat="44.567214"><ele>714.25</ele></trkpt>
   <trkpt lon="3.290603" lat="44.567249"><ele>715.5</ele></trkpt>
   <trkpt lon="3.290592" lat="44.567297"><ele>716.25</ele></trkpt>
   <trkpt lon="3.290618" lat="44.567618"><ele>719.0</ele></trkpt>
   <trkpt lon="3.290609" lat="44.567664"><ele>719.5</ele></trkpt>
   <trkpt lon="3.290566" lat="44.567706"><ele>720.25</ele></trkpt>
   <trkpt lon="3.290519" lat="44.567682"><ele>720.75</ele></trkpt>
   <trkpt lon="3.290446" lat="44.567576"><ele>721.0</ele></trkpt>
   <trkpt lon="3.290280" lat="44.567430"><ele>722.0</ele></trkpt>
   <trkpt lon="3.290088" lat="44.567324"><ele>723.0</ele></trkpt>
   <trkpt lon="3.289866" lat="44.567289"><ele>724.25</ele></trkpt>
   <trkpt lon="3.289544" lat="44.567300"><ele>725.25</ele></trkpt>
   <trkpt lon="3.289317" lat="44.567323"><ele>725.25</ele></trkpt>
   <trkpt lon="3.289181" lat="44.567367"><ele>725.5</ele></trkpt>
   <trkpt lon="3.289029" lat="44.567447"><ele>725.75</ele></trkpt>
   <trkpt lon="3.288681" lat="44.567699"><ele>725.75</ele></trkpt>
   <trkpt lon="3.288188" lat="44.568029"><ele>723.0</ele></trkpt>
   <trkpt lon="3.287968" lat="44.568134"><ele>721.75</ele></trkpt>
   <trkpt lon="3.287623" lat="44.568453"><ele>719.75</ele></trkpt>
   <trkpt lon="3.287544" lat="44.568591"><ele>721.5</ele></trkpt>
   <trkpt lon="3.287496" lat="44.568628"><ele>722.0</ele></trkpt>
   <trkpt lon="3.287385" lat="44.568671"><ele>722.75</ele></trkpt>
   <trkpt lon="3.287265" lat="44.568691"><ele>724.0</ele></trkpt>
   <trkpt lon="3.287133" lat="44.568675"><ele>725.5</ele></trkpt>
   <trkpt lon="3.287001" lat="44.568626"><ele>726.5</ele></trkpt>
   <trkpt lon="3.286885" lat="44.568534"><ele>727.0</ele></trkpt>
   <trkpt lon="3.286762" lat="44.568353"><ele>726.5</ele></trkpt>
   <trkpt lon="3.286695" lat="44.568141"><ele>726.0</ele></trkpt>
   <trkpt lon="3.286658" lat="44.567974"><ele>726.0</ele></trkpt>
   <trkpt lon="3.286655" lat="44.567822"><ele>726.0</ele></trkpt>
   <trkpt lon="3.286596" lat="44.567792"><ele>727.25</ele></trkpt>
   <trkpt lon="3.286542" lat="44.567971"><ele>728.5</ele></trkpt>
   <trkpt lon="3.286525" lat="44.568201"><ele>730.25</ele></trkpt>
   <trkpt lon="3.286573" lat="44.568416"><ele>731.5</ele></trkpt>
   <trkpt lon="3.286736" lat="44.568810"><ele>734.25</ele></trkpt>
   <trkpt lon="3.286760" lat="44.568974"><ele>735.75</ele></trkpt>
   <trkpt lon="3.286740" lat="44.569113"><ele>737.0</ele></trkpt>
   <trkpt lon="3.286590" lat="44.569372"><ele>739.75</ele></trkpt>
   <trkpt lon="3.286470" lat="44.569562"><ele>741.25</ele></trkpt>
   <trkpt lon="3.286352" lat="44.569874"><ele>743.5</ele></trkpt>
   <trkpt lon="3.286329" lat="44.570008"><ele>744.75</ele></trkpt>
   <trkpt lon="3.286404" lat="44.570159"><ele>744.5</ele></trkpt>
   <trkpt lon="3.286471" lat="44.570228"><ele>744.5</ele></trkpt>
   <trkpt lon="3.286590" lat="44.570326"><ele>744.75</ele></trkpt>
   <trkpt lon="3.286665" lat="44.570413"><ele>745.25</ele></trkpt>
   <trkpt lon="3.286700" lat="44.570519"><ele>746.75</ele></trkpt>
   <trkpt lon="3.286679" lat="44.570637"><ele>748.25</ele></trkpt>
   <trkpt lon="3.286625" lat="44.570757"><ele>749.5</ele></trkpt>
   <trkpt lon="3.286534" lat="44.570843"><ele>750.25</ele></trkpt>
   <trkpt lon="3.285960" lat="44.571013"><ele>754.0</ele></trkpt>
   <trkpt lon="3.285590" lat="44.571221"><ele>756.75</ele></trkpt>
   <trkpt lon="3.284817" lat="44.571582"><ele>761.0</ele></trkpt>
   <trkpt lon="3.284154" lat="44.572176"><ele>765.25</ele></trkpt>
   <trkpt lon="3.283986" lat="44.572308"><ele>767.0</ele></trkpt>
   <trkpt lon="3.283754" lat="44.572493"><ele>768.75</ele></trkpt>
   <trkpt lon="3.283588" lat="44.572584"><ele>770.75</ele></trkpt>
   <trkpt lon="3.283368" lat="44.572676"><ele>772.0</ele></trkpt>
   <trkpt lon="3.282896" lat="44.572802"><ele>774.5</ele></trkpt>
   <trkpt lon="3.281881" lat="44.572932"><ele>782.0</ele></trkpt>
   <trkpt lon="3.281014" lat="44.573088"><ele>784.75</ele></trkpt>
   <trkpt lon="3.280737" lat="44.573209"><ele>786.25</ele></trkpt>
   <trkpt lon="3.280451" lat="44.573334"><ele>786.5</ele></trkpt>
   <trkpt lon="3.279846" lat="44.573667"><ele>791.25</ele></trkpt>
   <trkpt lon="3.279304" lat="44.573994"><ele>795.0</ele></trkpt>
   <trkpt lon="3.278909" lat="44.574314"><ele>798.0</ele></trkpt>
   <trkpt lon="3.278631" lat="44.574642"><ele>801.25</ele></trkpt>
   <trkpt lon="3.278338" lat="44.575091"><ele>803.75</ele></trkpt>
   <trkpt lon="3.278192" lat="44.575282"><ele>805.5</ele></trkpt>
   <trkpt lon="3.278044" lat="44.575425"><ele>806.5</ele></trkpt>
   <trkpt lon="3.277858" lat="44.575589"><ele>808.25</ele></trkpt>
   <trkpt lon="3.277661" lat="44.575731"><ele>810.0</ele></trkpt>
   <trkpt lon="3.277259" lat="44.575940"><ele>814.0</ele></trkpt>
   <trkpt lon="3.277218" lat="44.575961"><ele>814.25</ele></trkpt>
   <trkpt lon="3.276723" lat="44.576190"><ele>818.5</ele></trkpt>
   <trkpt lon="3.276051" lat="44.576560"><ele>823.0</ele></trkpt>
   <trkpt lon="3.275306" lat="44.577097"><ele>827.0</ele></trkpt>
   <trkpt lon="3.275035" lat="44.577279"><ele>829.5</ele></trkpt>
   <trkpt lon="3.274863" lat="44.577381"><ele>830.25</ele></trkpt>
   <trkpt lon="3.274555" lat="44.577540"><ele>832.25</ele></trkpt>
   <trkpt lon="3.274348" lat="44.577635"><ele>833.25</ele></trkpt>
   <trkpt lon="3.274085" lat="44.577742"><ele>835.5</ele></trkpt>
   <trkpt lon="3.274119" lat="44.577770"><ele>836.0</ele></trkpt>
   <trkpt lon="3.274159" lat="44.577804"><ele>836.25</ele></trkpt>
   <trkpt lon="3.274207" lat="44.577837"><ele>836.75</ele></trkpt>
   <trkpt lon="3.274265" lat="44.577863"><ele>836.75</ele></trkpt>
   <trkpt lon="3.274552" lat="44.577929"><ele>836.75</ele></trkpt>
   <trkpt lon="3.274681" lat="44.577954"><ele>837.25</ele></trkpt>
   <trkpt lon="3.274792" lat="44.577976"><ele>837.75</ele></trkpt>
   <trkpt lon="3.275095" lat="44.578034"><ele>838.75</ele></trkpt>
   <trkpt lon="3.275828" lat="44.578185"><ele>841.25</ele></trkpt>
   <trkpt lon="3.277063" lat="44.578446"><ele>845.25</ele></trkpt>
   <trkpt lon="3.277230" lat="44.578488"><ele>846.0</ele></trkpt>
   <trkpt lon="3.277332" lat="44.578529"><ele>846.25</ele></trkpt>
   <trkpt lon="3.277430" lat="44.578599"><ele>846.75</ele></trkpt>
   <trkpt lon="3.277492" lat="44.578674"><ele>847.25</ele></trkpt>
   <trkpt lon="3.277527" lat="44.578770"><ele>848.0</ele></trkpt>
   <trkpt lon="3.277529" lat="44.578899"><ele>849.0</ele></trkpt>
   <trkpt lon="3.277500" lat="44.578965"><ele>849.25</ele></trkpt>
   <trkpt lon="3.276950" lat="44.579624"><ele>850.75</ele></trkpt>
   <trkpt lon="3.276918" lat="44.579926"><ele>851.25</ele></trkpt>
   <trkpt lon="3.277057" lat="44.580683"><ele>852.25</ele></trkpt>
   <trkpt lon="3.277025" lat="44.580920"><ele>852.25</ele></trkpt>
   <trkpt lon="3.276800" lat="44.581340"><ele>853.25</ele></trkpt>
   <trkpt lon="3.276598" lat="44.581579"><ele>853.5</ele></trkpt>
   <trkpt lon="3.276360" lat="44.581730"><ele>853.75</ele></trkpt>
   <trkpt lon="3.276209" lat="44.581798"><ele>854.0</ele></trkpt>
   <trkpt lon="3.275984" lat="44.581837"><ele>855.0</ele></trkpt>
   <trkpt lon="3.275448" lat="44.581852"><ele>855.0</ele></trkpt>
   <trkpt lon="3.274879" lat="44.581898"><ele>857.25</ele></trkpt>
   <trkpt lon="3.274440" lat="44.582028"><ele>855.75</ele></trkpt>
   <trkpt lon="3.274021" lat="44.582226"><ele>857.75</ele></trkpt>
   <trkpt lon="3.273774" lat="44.582395"><ele>858.25</ele></trkpt>
   <trkpt lon="3.273399" lat="44.582777"><ele>859.5</ele></trkpt>
   <trkpt lon="3.273227" lat="44.583067"><ele>860.5</ele></trkpt>
   <trkpt lon="3.273045" lat="44.583273"><ele>860.75</ele></trkpt>
   <trkpt lon="3.272712" lat="44.583419"><ele>860.25</ele></trkpt>
   <trkpt lon="3.272176" lat="44.583526"><ele>861.75</ele></trkpt>
   <trkpt lon="3.271553" lat="44.583548"><ele>860.5</ele></trkpt>
   <trkpt lon="3.270802" lat="44.583548"><ele>861.0</ele></trkpt>
   <trkpt lon="3.270051" lat="44.583785"><ele>860.25</ele></trkpt>
   <trkpt lon="3.269579" lat="44.584015"><ele>860.5</ele></trkpt>
   <trkpt lon="3.268914" lat="44.584420"><ele>864.0</ele></trkpt>
   <trkpt lon="3.268624" lat="44.584618"><ele>863.0</ele></trkpt>
   <trkpt lon="3.268292" lat="44.584748"><ele>865.0</ele></trkpt>
   <trkpt lon="3.268260" lat="44.584848"><ele>865.5</ele></trkpt>
   <trkpt lon="3.268238" lat="44.584916"><ele>866.0</ele></trkpt>
   <trkpt lon="3.268281" lat="44.585191"><ele>864.0</ele></trkpt>
   <trkpt lon="3.268228" lat="44.585489"><ele>864.0</ele></trkpt>
   <trkpt lon="3.267970" lat="44.585925"><ele>864.5</ele></trkpt>
   <trkpt lon="3.267825" lat="44.586104"><ele>864.5</ele></trkpt>
   <trkpt lon="3.267592" lat="44.586255"><ele>863.25</ele></trkpt>
   <trkpt lon="3.266468" lat="44.586658"><ele>859.0</ele></trkpt>
   <trkpt lon="3.266007" lat="44.586880"><ele>858.5</ele></trkpt>
   <trkpt lon="3.265492" lat="44.587361"><ele>857.25</ele></trkpt>
   <trkpt lon="3.265170" lat="44.587759"><ele>853.25</ele></trkpt>
   <trkpt lon="3.264674" lat="44.588085"><ele>852.75</ele></trkpt>
   <trkpt lon="3.264609" lat="44.588250"><ele>852.25</ele></trkpt>
   <trkpt lon="3.264631" lat="44.588347"><ele>852.25</ele></trkpt>
   <trkpt lon="3.264580" lat="44.588405"><ele>853.75</ele></trkpt>
   <trkpt lon="3.264526" lat="44.588465"><ele>854.75</ele></trkpt>
   <trkpt lon="3.263893" lat="44.588691"><ele>856.0</ele></trkpt>
   <trkpt lon="3.263314" lat="44.588928"><ele>857.75</ele></trkpt>
   <trkpt lon="3.262767" lat="44.589241"><ele>857.25</ele></trkpt>
   <trkpt lon="3.262294" lat="44.589699"><ele>858.5</ele></trkpt>
   <trkpt lon="3.261844" lat="44.590007"><ele>858.0</ele></trkpt>
   <trkpt lon="3.261758" lat="44.590066"><ele>859.25</ele></trkpt>
   <trkpt lon="3.259956" lat="44.590907"><ele>871.5</ele></trkpt>
   <trkpt lon="3.258743" lat="44.591579"><ele>881.0</ele></trkpt>
   <trkpt lon="3.258561" lat="44.591762"><ele>883.25</ele></trkpt>
   <trkpt lon="3.258260" lat="44.592091"><ele>885.5</ele></trkpt>
   <trkpt lon="3.258024" lat="44.592099"><ele>884.5</ele></trkpt>
   <trkpt lon="3.257885" lat="44.592037"><ele>886.75</ele></trkpt>
   <trkpt lon="3.257670" lat="44.591885"><ele>888.0</ele></trkpt>
   <trkpt lon="3.257402" lat="44.591816"><ele>888.0</ele></trkpt>
   <trkpt lon="3.257166" lat="44.591854"><ele>891.0</ele></trkpt>
   <trkpt lon="3.256887" lat="44.591992"><ele>894.25</ele></trkpt>
   <trkpt lon="3.256715" lat="44.592183"><ele>895.25</ele></trkpt>
   <trkpt lon="3.256733" lat="44.592841"><ele>899.0</ele></trkpt>
   <trkpt lon="3.256774" lat="44.592894"><ele>899.75</ele></trkpt>
   <trkpt lon="3.256861" lat="44.592928"><ele>901.0</ele></trkpt>
   <trkpt lon="3.256705" lat="44.593129"><ele>901.5</ele></trkpt>
   <trkpt lon="3.256584" lat="44.593444"><ele>904.5</ele></trkpt>
   <trkpt lon="3.256288" lat="44.593836"><ele>907.0</ele></trkpt>
   <trkpt lon="3.255992" lat="44.594176"><ele>906.0</ele></trkpt>
   <trkpt lon="3.255846" lat="44.594576"><ele>905.75</ele></trkpt>
   <trkpt lon="3.255762" lat="44.594891"><ele>904.25</ele></trkpt>
   <trkpt lon="3.255822" lat="44.595239"><ele>904.75</ele></trkpt>
   <trkpt lon="3.255943" lat="44.595584"><ele>904.5</ele></trkpt>
   <trkpt lon="3.255883" lat="44.596454"><ele>901.25</ele></trkpt>
   <trkpt lon="3.255822" lat="44.596760"><ele>901.25</ele></trkpt>
   <trkpt lon="3.255592" lat="44.597095"><ele>899.75</ele></trkpt>
   <trkpt lon="3.255466" lat="44.597513"><ele>900.25</ele></trkpt>
   <trkpt lon="3.255435" lat="44.597957"><ele>900.25</ele></trkpt>
   <trkpt lon="3.255308" lat="44.598107"><ele>899.25</ele></trkpt>
   <trkpt lon="3.255230" lat="44.598336"><ele>900.5</ele></trkpt>
   <trkpt lon="3.255212" lat="44.598607"><ele>904.5</ele></trkpt>
   <trkpt lon="3.255314" lat="44.598990"><ele>908.5</ele></trkpt>
   <trkpt lon="3.255508" lat="44.599188"><ele>911.25</ele></trkpt>
   <trkpt lon="3.255701" lat="44.599412"><ele>913.5</ele></trkpt>
   <trkpt lon="3.256445" lat="44.600488"><ele>917.25</ele></trkpt>
   <trkpt lon="3.256469" lat="44.600768"><ele>919.0</ele></trkpt>
   <trkpt lon="3.256391" lat="44.601664"><ele>927.75</ele></trkpt>
   <trkpt lon="3.256379" lat="44.602314"><ele>935.5</ele></trkpt>
   <trkpt lon="3.256439" lat="44.602568"><ele>937.75</ele></trkpt>
   <trkpt lon="3.256391" lat="44.602650"><ele>939.0</ele></trkpt>
   <trkpt lon="3.256288" lat="44.602654"><ele>941.25</ele></trkpt>
   <trkpt lon="3.256234" lat="44.602624"><ele>942.25</ele></trkpt>
   <trkpt lon="3.256191" lat="44.602517"><ele>942.25</ele></trkpt>
   <trkpt lon="3.256088" lat="44.602370"><ele>942.0</ele></trkpt>
   <trkpt lon="3.255843" lat="44.602168"><ele>943.5</ele></trkpt>
   <trkpt lon="3.255756" lat="44.602069"><ele>944.25</ele></trkpt>
   <trkpt lon="3.255720" lat="44.601980"><ele>944.25</ele></trkpt>
   <trkpt lon="3.255692" lat="44.601840"><ele>944.5</ele></trkpt>
   <trkpt lon="3.255711" lat="44.601717"><ele>944.75</ele></trkpt>
   <trkpt lon="3.255786" lat="44.601569"><ele>945.25</ele></trkpt>
   <trkpt lon="3.255815" lat="44.601487"><ele>946.0</ele></trkpt>
   <trkpt lon="3.255799" lat="44.601422"><ele>946.75</ele></trkpt>
   <trkpt lon="3.255770" lat="44.601378"><ele>947.0</ele></trkpt>
   <trkpt lon="3.255695" lat="44.601345"><ele>947.0</ele></trkpt>
   <trkpt lon="3.255607" lat="44.601354"><ele>948.0</ele></trkpt>
   <trkpt lon="3.254880" lat="44.601487"><ele>952.25</ele></trkpt>
   <trkpt lon="3.254262" lat="44.601582"><ele>960.0</ele></trkpt>
   <trkpt lon="3.253561" lat="44.601634"><ele>965.5</ele></trkpt>
   <trkpt lon="3.253109" lat="44.601693"><ele>968.0</ele></trkpt>
   <trkpt lon="3.253104" lat="44.601735"><ele>968.75</ele></trkpt>
   <trkpt lon="3.252987" lat="44.601910"><ele>971.5</ele></trkpt>
   <trkpt lon="3.252872" lat="44.602189"><ele>974.5</ele></trkpt>
   <trkpt lon="3.252569" lat="44.603615"><ele>991.5</ele></trkpt>
   <trkpt lon="3.252325" lat="44.604612"><ele>1002.5</ele></trkpt>
   <trkpt lon="3.252146" lat="44.604653"><ele>1002.5</ele></trkpt>
   <trkpt lon="3.251937" lat="44.604653"><ele>1003.25</ele></trkpt>
   <trkpt lon="3.251739" lat="44.604577"><ele>1003.5</ele></trkpt>
   <trkpt lon="3.251476" lat="44.604439"><ele>1004.75</ele></trkpt>
   <trkpt lon="3.251315" lat="44.604439"><ele>1006.0</ele></trkpt>
   <trkpt lon="3.251218" lat="44.604474"><ele>1006.75</ele></trkpt>
   <trkpt lon="3.250660" lat="44.604710"><ele>1014.75</ele></trkpt>
   <trkpt lon="3.250306" lat="44.604833"><ele>1019.75</ele></trkpt>
   <trkpt lon="3.249866" lat="44.604742"><ele>1024.5</ele></trkpt>
   <trkpt lon="3.249292" lat="44.604867"><ele>1030.5</ele></trkpt>
   <trkpt lon="3.248745" lat="44.604875"><ele>1036.75</ele></trkpt>
   <trkpt lon="3.248477" lat="44.604971"><ele>1040.5</ele></trkpt>
   <trkpt lon="3.248203" lat="44.604994"><ele>1042.25</ele></trkpt>
   <trkpt lon="3.248032" lat="44.605089"><ele>1043.5</ele></trkpt>
   <trkpt lon="3.247581" lat="44.605498"><ele>1049.5</ele></trkpt>
   <trkpt lon="3.247307" lat="44.605792"><ele>1055.25</ele></trkpt>
   <trkpt lon="3.246991" lat="44.605972"><ele>1056.25</ele></trkpt>
   <trkpt lon="3.246610" lat="44.606223"><ele>1059.5</ele></trkpt>
   <trkpt lon="3.246369" lat="44.606318"><ele>1061.5</ele></trkpt>
   <trkpt lon="3.245934" lat="44.606246"><ele>1064.5</ele></trkpt>
   <trkpt lon="3.245269" lat="44.606269"><ele>1070.75</ele></trkpt>
   <trkpt lon="3.244786" lat="44.606315"><ele>1073.5</ele></trkpt>
   <trkpt lon="3.244738" lat="44.606388"><ele>1074.75</ele></trkpt>
   <trkpt lon="3.245070" lat="44.606525"><ele>1076.25</ele></trkpt>
   <trkpt lon="3.245253" lat="44.606701"><ele>1077.75</ele></trkpt>
   <trkpt lon="3.245365" lat="44.606965"><ele>1081.0</ele></trkpt>
   <trkpt lon="3.245516" lat="44.607182"><ele>1083.5</ele></trkpt>
   <trkpt lon="3.245409" lat="44.607422"><ele>1087.75</ele></trkpt>
   <trkpt lon="3.245055" lat="44.607663"><ele>1092.0</ele></trkpt>
   <trkpt lon="3.244733" lat="44.607953"><ele>1095.75</ele></trkpt>
   <trkpt lon="3.244352" lat="44.608129"><ele>1101.25</ele></trkpt>
   <trkpt lon="3.243896" lat="44.608434"><ele>1107.75</ele></trkpt>
   <trkpt lon="3.243247" lat="44.608732"><ele>1111.5</ele></trkpt>
   <trkpt lon="3.241782" lat="44.609595"><ele>1122.25</ele></trkpt>
   <trkpt lon="3.241595" lat="44.609817"><ele>1126.25</ele></trkpt>
   <trkpt lon="3.241369" lat="44.609962"><ele>1129.25</ele></trkpt>
   <trkpt lon="3.240870" lat="44.610237"><ele>1135.0</ele></trkpt>
   <trkpt lon="3.240286" lat="44.610710"><ele>1143.75</ele></trkpt>
   <trkpt lon="3.239851" lat="44.611035"><ele>1145.0</ele></trkpt>
   <trkpt lon="3.239213" lat="44.611581"><ele>1147.0</ele></trkpt>
   <trkpt lon="3.239004" lat="44.611810"><ele>1147.0</ele></trkpt>
   <trkpt lon="3.238671" lat="44.612307"><ele>1147.25</ele></trkpt>
   <trkpt lon="3.238387" lat="44.612650"><ele>1148.25</ele></trkpt>
   <trkpt lon="3.238033" lat="44.613128"><ele>1152.75</ele></trkpt>
   <trkpt lon="3.237378" lat="44.613914"><ele>1160.0</ele></trkpt>
   <trkpt lon="3.236958" lat="44.614237"><ele>1162.0</ele></trkpt>
   <trkpt lon="3.236852" lat="44.614285"><ele>1162.75</ele></trkpt>
   <trkpt lon="3.236402" lat="44.614449"><ele>1166.75</ele></trkpt>
   <trkpt lon="3.235898" lat="44.614598"><ele>1172.5</ele></trkpt>
   <trkpt lon="3.234594" lat="44.614823"><ele>1175.0</ele></trkpt>
   <trkpt lon="3.233773" lat="44.615061"><ele>1179.5</ele></trkpt>
   <trkpt lon="3.232453" lat="44.615412"><ele>1198.5</ele></trkpt>
   <trkpt lon="3.231654" lat="44.616091"><ele>1206.0</ele></trkpt>
   <trkpt lon="3.230678" lat="44.616389"><ele>1210.5</ele></trkpt>
   <trkpt lon="3.230249" lat="44.616511"><ele>1212.75</ele></trkpt>
   <trkpt lon="3.229138" lat="44.616939"><ele>1221.0</ele></trkpt>
   <trkpt lon="3.228902" lat="44.616996"><ele>1222.0</ele></trkpt>
   <trkpt lon="3.228731" lat="44.617003"><ele>1223.0</ele></trkpt>
   <trkpt lon="3.228659" lat="44.616972"><ele>1223.5</ele></trkpt>
   <trkpt lon="3.228634" lat="44.616961"><ele>1223.75</ele></trkpt>
   <trkpt lon="3.227862" lat="44.616446"><ele>1222.75</ele></trkpt>
   <trkpt lon="3.227695" lat="44.616408"><ele>1223.25</ele></trkpt>
   <trkpt lon="3.225946" lat="44.616515"><ele>1224.0</ele></trkpt>
   <trkpt lon="3.224798" lat="44.616450"><ele>1225.5</ele></trkpt>
   <trkpt lon="3.223619" lat="44.616338"><ele>1229.0</ele></trkpt>
   <trkpt lon="3.223194" lat="44.616298"><ele>1230.0</ele></trkpt>
   <trkpt lon="3.221955" lat="44.615992"><ele>1236.75</ele></trkpt>
   <trkpt lon="3.220763" lat="44.615971"><ele>1240.5</ele></trkpt>
   <trkpt lon="3.220688" lat="44.616192"><ele>1241.0</ele></trkpt>
   <trkpt lon="3.220521" lat="44.616478"><ele>1240.5</ele></trkpt>
   <trkpt lon="3.220221" lat="44.616708"><ele>1241.75</ele></trkpt>
   <trkpt lon="3.220028" lat="44.616933"><ele>1240.75</ele></trkpt>
   <trkpt lon="3.219577" lat="44.617162"><ele>1239.25</ele></trkpt>
   <trkpt lon="3.218703" lat="44.617441"><ele>1235.5</ele></trkpt>
   <trkpt lon="3.218311" lat="44.617551"><ele>1235.25</ele></trkpt>
   <trkpt lon="3.218129" lat="44.617754"><ele>1233.0</ele></trkpt>
   <trkpt lon="3.217979" lat="44.618075"><ele>1231.25</ele></trkpt>
   <trkpt lon="3.217952" lat="44.618353"><ele>1230.5</ele></trkpt>
   <trkpt lon="3.217737" lat="44.618609"><ele>1231.25</ele></trkpt>
   <trkpt lon="3.217565" lat="44.618888"><ele>1231.25</ele></trkpt>
   <trkpt lon="3.217517" lat="44.619060"><ele>1230.0</ele></trkpt>
   <trkpt lon="3.217544" lat="44.619373"><ele>1226.5</ele></trkpt>
   <trkpt lon="3.217496" lat="44.619671"><ele>1224.25</ele></trkpt>
   <trkpt lon="3.217281" lat="44.619873"><ele>1224.5</ele></trkpt>
   <trkpt lon="3.216321" lat="44.620274"><ele>1220.5</ele></trkpt>
   <trkpt lon="3.215339" lat="44.620671"><ele>1216.75</ele></trkpt>
   <trkpt lon="3.214808" lat="44.621049"><ele>1215.0</ele></trkpt>
   <trkpt lon="3.214143" lat="44.621385"><ele>1213.75</ele></trkpt>
   <trkpt lon="3.213515" lat="44.621523"><ele>1211.75</ele></trkpt>
   <trkpt lon="3.213054" lat="44.621832"><ele>1210.75</ele></trkpt>
   <trkpt lon="3.212534" lat="44.622046"><ele>1208.25</ele></trkpt>
   <trkpt lon="3.212147" lat="44.622573"><ele>1204.75</ele></trkpt>
   <trkpt lon="3.212051" lat="44.622901"><ele>1202.75</ele></trkpt>
   <trkpt lon="3.212099" lat="44.623380"><ele>1200.0</ele></trkpt>
   <trkpt lon="3.212232" lat="44.623479"><ele>1200.5</ele></trkpt>
   <trkpt lon="3.212522" lat="44.623725"><ele>1201.5</ele></trkpt>
   <trkpt lon="3.212471" lat="44.623821"><ele>1200.0</ele></trkpt>
   <trkpt lon="3.212469" lat="44.623925"><ele>1199.25</ele></trkpt>
   <trkpt lon="3.212408" lat="44.624051"><ele>1197.25</ele></trkpt>
   <trkpt lon="3.212448" lat="44.624222"><ele>1196.0</ele></trkpt>
   <trkpt lon="3.212453" lat="44.624348"><ele>1195.25</ele></trkpt>
   <trkpt lon="3.212507" lat="44.624485"><ele>1194.25</ele></trkpt>
   <trkpt lon="3.212513" lat="44.624705"><ele>1191.25</ele></trkpt>
   <trkpt lon="3.212473" lat="44.624899"><ele>1187.0</ele></trkpt>
   <trkpt lon="3.212423" lat="44.625040"><ele>1184.5</ele></trkpt>
   <trkpt lon="3.212364" lat="44.625166"><ele>1182.5</ele></trkpt>
   <trkpt lon="3.212231" lat="44.625292"><ele>1179.75</ele></trkpt>
   <trkpt lon="3.211776" lat="44.625571"><ele>1172.5</ele></trkpt>
   <trkpt lon="3.211685" lat="44.625727"><ele>1169.5</ele></trkpt>
   <trkpt lon="3.211612" lat="44.625872"><ele>1167.0</ele></trkpt>
   <trkpt lon="3.211559" lat="44.625940"><ele>1165.5</ele></trkpt>
   <trkpt lon="3.211421" lat="44.626028"><ele>1163.25</ele></trkpt>
   <trkpt lon="3.211363" lat="44.626081"><ele>1162.25</ele></trkpt>
   <trkpt lon="3.211342" lat="44.626122"><ele>1161.5</ele></trkpt>
   <trkpt lon="3.211515" lat="44.626277"><ele>1160.75</ele></trkpt>
   <trkpt lon="3.211557" lat="44.626363"><ele>1159.75</ele></trkpt>
   <trkpt lon="3.211596" lat="44.626581"><ele>1159.25</ele></trkpt>
   <trkpt lon="3.211565" lat="44.626701"><ele>1159.0</ele></trkpt>
   <trkpt lon="3.211493" lat="44.626823"><ele>1159.0</ele></trkpt>
   <trkpt lon="3.211403" lat="44.626909"><ele>1158.75</ele></trkpt>
   <trkpt lon="3.211340" lat="44.626953"><ele>1158.5</ele></trkpt>
   <trkpt lon="3.211305" lat="44.627024"><ele>1158.25</ele></trkpt>
   <trkpt lon="3.211278" lat="44.627154"><ele>1158.5</ele></trkpt>
   <trkpt lon="3.211291" lat="44.627341"><ele>1158.5</ele></trkpt>
   <trkpt lon="3.211337" lat="44.627501"><ele>1158.5</ele></trkpt>
   <trkpt lon="3.211550" lat="44.627831"><ele>1157.75</ele></trkpt>
   <trkpt lon="3.211611" lat="44.628002"><ele>1155.5</ele></trkpt>
   <trkpt lon="3.211643" lat="44.628223"><ele>1153.0</ele></trkpt>
   <trkpt lon="3.211611" lat="44.628414"><ele>1151.0</ele></trkpt>
   <trkpt lon="3.211610" lat="44.628579"><ele>1149.5</ele></trkpt>
   <trkpt lon="3.211556" lat="44.628714"><ele>1149.5</ele></trkpt>
   <trkpt lon="3.211555" lat="44.628833"><ele>1149.0</ele></trkpt>
   <trkpt lon="3.211599" lat="44.629056"><ele>1149.75</ele></trkpt>
   <trkpt lon="3.211578" lat="44.629246"><ele>1151.0</ele></trkpt>
   <trkpt lon="3.211504" lat="44.629344"><ele>1151.25</ele></trkpt>
   <trkpt lon="3.211391" lat="44.629419"><ele>1150.75</ele></trkpt>
   <trkpt lon="3.211142" lat="44.629514"><ele>1151.25</ele></trkpt>
   <trkpt lon="3.210992" lat="44.629531"><ele>1151.75</ele></trkpt>
   <trkpt lon="3.210730" lat="44.629508"><ele>1152.5</ele></trkpt>
   <trkpt lon="3.210482" lat="44.629505"><ele>1153.25</ele></trkpt>
   <trkpt lon="3.210329" lat="44.629536"><ele>1154.0</ele></trkpt>
   <trkpt lon="3.210187" lat="44.629592"><ele>1154.5</ele></trkpt>
   <trkpt lon="3.209998" lat="44.629687"><ele>1155.5</ele></trkpt>
   <trkpt lon="3.209895" lat="44.629764"><ele>1155.75</ele></trkpt>
   <trkpt lon="3.209732" lat="44.629949"><ele>1156.75</ele></trkpt>
   <trkpt lon="3.209684" lat="44.629973"><ele>1157.0</ele></trkpt>
   <trkpt lon="3.209624" lat="44.629995"><ele>1157.25</ele></trkpt>
   <trkpt lon="3.209570" lat="44.630002"><ele>1157.5</ele></trkpt>
   <trkpt lon="3.209468" lat="44.629997"><ele>1157.75</ele></trkpt>
   <trkpt lon="3.209410" lat="44.629999"><ele>1158.0</ele></trkpt>
   <trkpt lon="3.209355" lat="44.630008"><ele>1158.5</ele></trkpt>
   <trkpt lon="3.209305" lat="44.630040"><ele>1159.25</ele></trkpt>
   <trkpt lon="3.209256" lat="44.630089"><ele>1159.75</ele></trkpt>
   <trkpt lon="3.209255" lat="44.630275"><ele>1161.25</ele></trkpt>
   <trkpt lon="3.209232" lat="44.630374"><ele>1161.5</ele></trkpt>
   <trkpt lon="3.209169" lat="44.630440"><ele>1161.75</ele></trkpt>
   <trkpt lon="3.209235" lat="44.630495"><ele>1161.5</ele></trkpt>
   <trkpt lon="3.209363" lat="44.630619"><ele>1161.0</ele></trkpt>
   <trkpt lon="3.209430" lat="44.630737"><ele>1161.0</ele></trkpt>
   <trkpt lon="3.209500" lat="44.630922"><ele>1161.25</ele></trkpt>
   <trkpt lon="3.209564" lat="44.631006"><ele>1162.0</ele></trkpt>
   <trkpt lon="3.209675" lat="44.631078"><ele>1163.25</ele></trkpt>
   <trkpt lon="3.209960" lat="44.631187"><ele>1165.5</ele></trkpt>
   <trkpt lon="3.210098" lat="44.631284"><ele>1167.0</ele></trkpt>
   <trkpt lon="3.210216" lat="44.631418"><ele>1168.75</ele></trkpt>
   <trkpt lon="3.210337" lat="44.631586"><ele>1170.25</ele></trkpt>
   <trkpt lon="3.210418" lat="44.631651"><ele>1170.75</ele></trkpt>
   <trkpt lon="3.210498" lat="44.631697"><ele>1170.75</ele></trkpt>
   <trkpt lon="3.210702" lat="44.631793"><ele>1172.25</ele></trkpt>
   <trkpt lon="3.210860" lat="44.631892"><ele>1173.75</ele></trkpt>
   <trkpt lon="3.210913" lat="44.631964"><ele>1174.0</ele></trkpt>
   <trkpt lon="3.210917" lat="44.632056"><ele>1174.5</ele></trkpt>
   <trkpt lon="3.210863" lat="44.632121"><ele>1175.25</ele></trkpt>
   <trkpt lon="3.210739" lat="44.632197"><ele>1176.5</ele></trkpt>
   <trkpt lon="3.210713" lat="44.632243"><ele>1177.0</ele></trkpt>
   <trkpt lon="3.210719" lat="44.632309"><ele>1177.5</ele></trkpt>
   <trkpt lon="3.210777" lat="44.632361"><ele>1177.75</ele></trkpt>
   <trkpt lon="3.211037" lat="44.632474"><ele>1176.5</ele></trkpt>
   <trkpt lon="3.211187" lat="44.632560"><ele>1175.75</ele></trkpt>
   <trkpt lon="3.211335" lat="44.632760"><ele>1175.5</ele></trkpt>
   <trkpt lon="3.211544" lat="44.632963"><ele>1173.5</ele></trkpt>
   <trkpt lon="3.211581" lat="44.633015"><ele>1173.25</ele></trkpt>
   <trkpt lon="3.211680" lat="44.633290"><ele>1172.5</ele></trkpt>
   <trkpt lon="3.211740" lat="44.633375"><ele>1172.25</ele></trkpt>
   <trkpt lon="3.211909" lat="44.633560"><ele>1172.5</ele></trkpt>
   <trkpt lon="3.212086" lat="44.633732"><ele>1173.0</ele></trkpt>
   <trkpt lon="3.212174" lat="44.633930"><ele>1174.0</ele></trkpt>
   <trkpt lon="3.212257" lat="44.634182"><ele>1176.0</ele></trkpt>
   <trkpt lon="3.212436" lat="44.634530"><ele>1179.0</ele></trkpt>
   <trkpt lon="3.212507" lat="44.634732"><ele>1179.75</ele></trkpt>
   <trkpt lon="3.212548" lat="44.634948"><ele>1179.75</ele></trkpt>
   <trkpt lon="3.212537" lat="44.635256"><ele>1179.25</ele></trkpt>
   <trkpt lon="3.212506" lat="44.635628"><ele>1176.75</ele></trkpt>
   <trkpt lon="3.212458" lat="44.635744"><ele>1176.25</ele></trkpt>
   <trkpt lon="3.212265" lat="44.635997"><ele>1177.0</ele></trkpt>
   <trkpt lon="3.211981" lat="44.636198"><ele>1178.75</ele></trkpt>
   <trkpt lon="3.211402" lat="44.636660"><ele>1179.75</ele></trkpt>
   <trkpt lon="3.211300" lat="44.636789"><ele>1180.5</ele></trkpt>
   <trkpt lon="3.211166" lat="44.637358"><ele>1177.5</ele></trkpt>
   <trkpt lon="3.211193" lat="44.637614"><ele>1174.5</ele></trkpt>
   <trkpt lon="3.211195" lat="44.637804"><ele>1172.75</ele></trkpt>
   <trkpt lon="3.211095" lat="44.638097"><ele>1172.0</ele></trkpt>
   <trkpt lon="3.211021" lat="44.638403"><ele>1171.25</ele></trkpt>
   <trkpt lon="3.210844" lat="44.638813"><ele>1169.25</ele></trkpt>
   <trkpt lon="3.210737" lat="44.639206"><ele>1167.25</ele></trkpt>
   <trkpt lon="3.210667" lat="44.639405"><ele>1166.25</ele></trkpt>
   <trkpt lon="3.210664" lat="44.639598"><ele>1165.25</ele></trkpt>
   <trkpt lon="3.210753" lat="44.640023"><ele>1161.25</ele></trkpt>
   <trkpt lon="3.210956" lat="44.641278"><ele>1155.0</ele></trkpt>
   <trkpt lon="3.211094" lat="44.641506"><ele>1153.5</ele></trkpt>
   <trkpt lon="3.211337" lat="44.641786"><ele>1151.75</ele></trkpt>
   <trkpt lon="3.211611" lat="44.642137"><ele>1150.75</ele></trkpt>
   <trkpt lon="3.211897" lat="44.642373"><ele>1150.5</ele></trkpt>
   <trkpt lon="3.210700" lat="44.643037"><ele>1148.0</ele></trkpt>
   <trkpt lon="3.210606" lat="44.643212"><ele>1147.75</ele></trkpt>
   <trkpt lon="3.210562" lat="44.643419"><ele>1147.5</ele></trkpt>
   <trkpt lon="3.210526" lat="44.643808"><ele>1145.75</ele></trkpt>
   <trkpt lon="3.210538" lat="44.643976"><ele>1144.75</ele></trkpt>
   <trkpt lon="3.210510" lat="44.644150"><ele>1144.25</ele></trkpt>
   <trkpt lon="3.210433" lat="44.644320"><ele>1143.25</ele></trkpt>
   <trkpt lon="3.210324" lat="44.644464"><ele>1143.25</ele></trkpt>
   <trkpt lon="3.210073" lat="44.644700"><ele>1142.5</ele></trkpt>
   <trkpt lon="3.210016" lat="44.644782"><ele>1142.0</ele></trkpt>
   <trkpt lon="3.210380" lat="44.644690"><ele>1140.5</ele></trkpt>
   <trkpt lon="3.210491" lat="44.644650"><ele>1140.0</ele></trkpt>
   <trkpt lon="3.210633" lat="44.644570"><ele>1139.0</ele></trkpt>
   <trkpt lon="3.210682" lat="44.644489"><ele>1139.0</ele></trkpt>
   <trkpt lon="3.210728" lat="44.644446"><ele>1139.0</ele></trkpt>
   <trkpt lon="3.210827" lat="44.644404"><ele>1138.5</ele></trkpt>
   <trkpt lon="3.210902" lat="44.644389"><ele>1138.5</ele></trkpt>
   <trkpt lon="3.211053" lat="44.644382"><ele>1138.25</ele></trkpt>
   <trkpt lon="3.211154" lat="44.644402"><ele>1138.25</ele></trkpt>
   <trkpt lon="3.211687" lat="44.644706"><ele>1136.0</ele></trkpt>
   <trkpt lon="3.211847" lat="44.644756"><ele>1136.0</ele></trkpt>
   <trkpt lon="3.212032" lat="44.644773"><ele>1136.25</ele></trkpt>
   <trkpt lon="3.212438" lat="44.644891"><ele>1135.5</ele></trkpt>
   <trkpt lon="3.212649" lat="44.644919"><ele>1135.5</ele></trkpt>
   <trkpt lon="3.212960" lat="44.644934"><ele>1135.25</ele></trkpt>
   <trkpt lon="3.213276" lat="44.644926"><ele>1135.25</ele></trkpt>
   <trkpt lon="3.213535" lat="44.644942"><ele>1134.0</ele></trkpt>
   <trkpt lon="3.213740" lat="44.644981"><ele>1133.25</ele></trkpt>
   <trkpt lon="3.213870" lat="44.645038"><ele>1132.5</ele></trkpt>
   <trkpt lon="3.214002" lat="44.645149"><ele>1132.0</ele></trkpt>
   <trkpt lon="3.214176" lat="44.645387"><ele>1131.25</ele></trkpt>
   <trkpt lon="3.214312" lat="44.645699"><ele>1131.25</ele></trkpt>
   <trkpt lon="3.214405" lat="44.646111"><ele>1130.25</ele></trkpt>
   <trkpt lon="3.214410" lat="44.646542"><ele>1130.25</ele></trkpt>
   <trkpt lon="3.214516" lat="44.646845"><ele>1129.5</ele></trkpt>
   <trkpt lon="3.214655" lat="44.647115"><ele>1129.5</ele></trkpt>
   <trkpt lon="3.214941" lat="44.647468"><ele>1130.25</ele></trkpt>
   <trkpt lon="3.215281" lat="44.647800"><ele>1129.5</ele></trkpt>
   <trkpt lon="3.215433" lat="44.647992"><ele>1128.0</ele></trkpt>
   <trkpt lon="3.215535" lat="44.648068"><ele>1128.25</ele></trkpt>
   <trkpt lon="3.216129" lat="44.648583"><ele>1126.5</ele></trkpt>
   <trkpt lon="3.216172" lat="44.648672"><ele>1126.25</ele></trkpt>
   <trkpt lon="3.216148" lat="44.648772"><ele>1125.75</ele></trkpt>
   <trkpt lon="3.215947" lat="44.649186"><ele>1121.25</ele></trkpt>
   <trkpt lon="3.216071" lat="44.649365"><ele>1121.25</ele></trkpt>
   <trkpt lon="3.216343" lat="44.649622"><ele>1121.5</ele></trkpt>
   <trkpt lon="3.216569" lat="44.649762"><ele>1121.5</ele></trkpt>
   <trkpt lon="3.216759" lat="44.649792"><ele>1120.5</ele></trkpt>
   <trkpt lon="3.216937" lat="44.649744"><ele>1120.25</ele></trkpt>
   <trkpt lon="3.217208" lat="44.649598"><ele>1120.75</ele></trkpt>
   <trkpt lon="3.217341" lat="44.649501"><ele>1121.5</ele></trkpt>
   <trkpt lon="3.217459" lat="44.649383"><ele>1122.0</ele></trkpt>
   <trkpt lon="3.217724" lat="44.649066"><ele>1122.25</ele></trkpt>
   <trkpt lon="3.217845" lat="44.648964"><ele>1123.25</ele></trkpt>
   <trkpt lon="3.218359" lat="44.648670"><ele>1124.0</ele></trkpt>
   <trkpt lon="3.218456" lat="44.648572"><ele>1124.25</ele></trkpt>
   <trkpt lon="3.218478" lat="44.648437"><ele>1125.0</ele></trkpt>
   <trkpt lon="3.218529" lat="44.648360"><ele>1125.0</ele></trkpt>
   <trkpt lon="3.218711" lat="44.648317"><ele>1122.25</ele></trkpt>
   <trkpt lon="3.218911" lat="44.648194"><ele>1120.5</ele></trkpt>
   <trkpt lon="3.218990" lat="44.648158"><ele>1119.75</ele></trkpt>
   <trkpt lon="3.219023" lat="44.648278"><ele>1118.0</ele></trkpt>
   <trkpt lon="3.219189" lat="44.648413"><ele>1115.5</ele></trkpt>
   <trkpt lon="3.219232" lat="44.648685"><ele>1114.25</ele></trkpt>
   <trkpt lon="3.219133" lat="44.649005"><ele>1113.5</ele></trkpt>
   <trkpt lon="3.219140" lat="44.649194"><ele>1112.0</ele></trkpt>
   <trkpt lon="3.219111" lat="44.649349"><ele>1111.25</ele></trkpt>
   <trkpt lon="3.219058" lat="44.649452"><ele>1111.0</ele></trkpt>
   <trkpt lon="3.218901" lat="44.649625"><ele>1110.25</ele></trkpt>
   <trkpt lon="3.218740" lat="44.649728"><ele>1109.75</ele></trkpt>
   <trkpt lon="3.218417" lat="44.649888"><ele>1108.0</ele></trkpt>
   <trkpt lon="3.218235" lat="44.650012"><ele>1106.75</ele></trkpt>
   <trkpt lon="3.218204" lat="44.650068"><ele>1105.75</ele></trkpt>
   <trkpt lon="3.218202" lat="44.650138"><ele>1104.0</ele></trkpt>
   <trkpt lon="3.218244" lat="44.650199"><ele>1102.5</ele></trkpt>
   <trkpt lon="3.218345" lat="44.650269"><ele>1101.0</ele></trkpt>
   <trkpt lon="3.218907" lat="44.650448"><ele>1095.75</ele></trkpt>
   <trkpt lon="3.219126" lat="44.650482"><ele>1093.5</ele></trkpt>
   <trkpt lon="3.219293" lat="44.650471"><ele>1092.5</ele></trkpt>
   <trkpt lon="3.219553" lat="44.650464"><ele>1090.75</ele></trkpt>
   <trkpt lon="3.219742" lat="44.650484"><ele>1089.5</ele></trkpt>
   <trkpt lon="3.219980" lat="44.650547"><ele>1088.0</ele></trkpt>
   <trkpt lon="3.220073" lat="44.650663"><ele>1087.25</ele></trkpt>
   <trkpt lon="3.220280" lat="44.651073"><ele>1085.75</ele></trkpt>
   <trkpt lon="3.220334" lat="44.651238"><ele>1085.25</ele></trkpt>
   <trkpt lon="3.220436" lat="44.651363"><ele>1085.0</ele></trkpt>
   <trkpt lon="3.220810" lat="44.651660"><ele>1084.0</ele></trkpt>
   <trkpt lon="3.221012" lat="44.651809"><ele>1082.5</ele></trkpt>
   <trkpt lon="3.221245" lat="44.651865"><ele>1081.75</ele></trkpt>
   <trkpt lon="3.221441" lat="44.651889"><ele>1081.75</ele></trkpt>
   <trkpt lon="3.221492" lat="44.651887"><ele>1081.75</ele></trkpt>
   <trkpt lon="3.221811" lat="44.651885"><ele>1081.75</ele></trkpt>
   <trkpt lon="3.221948" lat="44.651916"><ele>1081.75</ele></trkpt>
   <trkpt lon="3.222008" lat="44.651909"><ele>1081.75</ele></trkpt>
   <trkpt lon="3.222069" lat="44.651877"><ele>1081.75</ele></trkpt>
   <trkpt lon="3.222191" lat="44.651749"><ele>1081.25</ele></trkpt>
   <trkpt lon="3.222351" lat="44.651638"><ele>1081.0</ele></trkpt>
   <trkpt lon="3.222595" lat="44.651579"><ele>1081.0</ele></trkpt>
   <trkpt lon="3.222961" lat="44.651521"><ele>1081.5</ele></trkpt>
   <trkpt lon="3.223115" lat="44.651526"><ele>1082.0</ele></trkpt>
   <trkpt lon="3.223435" lat="44.651631"><ele>1084.25</ele></trkpt>
   <trkpt lon="3.224478" lat="44.651875"><ele>1092.0</ele></trkpt>
   <trkpt lon="3.224708" lat="44.651892"><ele>1093.5</ele></trkpt>
   <trkpt lon="3.225076" lat="44.651902"><ele>1095.5</ele></trkpt>
   <trkpt lon="3.225257" lat="44.651926"><ele>1096.5</ele></trkpt>
   <trkpt lon="3.225548" lat="44.652012"><ele>1098.25</ele></trkpt>
   <trkpt lon="3.225675" lat="44.652102"><ele>1099.75</ele></trkpt>
   <trkpt lon="3.226033" lat="44.652434"><ele>1103.25</ele></trkpt>
   <trkpt lon="3.226226" lat="44.652581"><ele>1104.5</ele></trkpt>
   <trkpt lon="3.226428" lat="44.652674"><ele>1105.25</ele></trkpt>
   <trkpt lon="3.226639" lat="44.652728"><ele>1106.25</ele></trkpt>
   <trkpt lon="3.226935" lat="44.652754"><ele>1107.5</ele></trkpt>
   <trkpt lon="3.227050" lat="44.652801"><ele>1108.5</ele></trkpt>
   <trkpt lon="3.227125" lat="44.652897"><ele>1109.5</ele></trkpt>
   <trkpt lon="3.227137" lat="44.653104"><ele>1111.0</ele></trkpt>
   <trkpt lon="3.227151" lat="44.653187"><ele>1111.5</ele></trkpt>
   <trkpt lon="3.227378" lat="44.653197"><ele>1112.75</ele></trkpt>
   <trkpt lon="3.227647" lat="44.653224"><ele>1114.75</ele></trkpt>
   <trkpt lon="3.228424" lat="44.653029"><ele>1117.5</ele></trkpt>
   <trkpt lon="3.228757" lat="44.652978"><ele>1120.0</ele></trkpt>
   <trkpt lon="3.229057" lat="44.652966"><ele>1121.0</ele></trkpt>
   <trkpt lon="3.229362" lat="44.652979"><ele>1121.75</ele></trkpt>
   <trkpt lon="3.229689" lat="44.653023"><ele>1121.75</ele></trkpt>
   <trkpt lon="3.230016" lat="44.653132"><ele>1122.0</ele></trkpt>
   <trkpt lon="3.230337" lat="44.653276"><ele>1123.0</ele></trkpt>
   <trkpt lon="3.230455" lat="44.653393"><ele>1123.75</ele></trkpt>
   <trkpt lon="3.230561" lat="44.653696"><ele>1126.0</ele></trkpt>
   <trkpt lon="3.230744" lat="44.653976"><ele>1130.25</ele></trkpt>
   <trkpt lon="3.230874" lat="44.654159"><ele>1132.75</ele></trkpt>
   <trkpt lon="3.231008" lat="44.654451"><ele>1136.25</ele></trkpt>
   <trkpt lon="3.231052" lat="44.654546"><ele>1136.75</ele></trkpt>
   <trkpt lon="3.231160" lat="44.654871"><ele>1138.25</ele></trkpt>
   <trkpt lon="3.231336" lat="44.655132"><ele>1139.0</ele></trkpt>
   <trkpt lon="3.231637" lat="44.655457"><ele>1139.25</ele></trkpt>
   <trkpt lon="3.231611" lat="44.655478"><ele>1139.0</ele></trkpt>
   <trkpt lon="3.231496" lat="44.655611"><ele>1138.75</ele></trkpt>
   <trkpt lon="3.231406" lat="44.655715"><ele>1138.25</ele></trkpt>
   <trkpt lon="3.230243" lat="44.656601"><ele>1134.0</ele></trkpt>
   <trkpt lon="3.230816" lat="44.656947"><ele>1131.0</ele></trkpt>
   <trkpt lon="3.230927" lat="44.657074"><ele>1129.5</ele></trkpt>
   <trkpt lon="3.230951" lat="44.657188"><ele>1128.25</ele></trkpt>
   <trkpt lon="3.230898" lat="44.657384"><ele>1125.75</ele></trkpt>
   <trkpt lon="3.230693" lat="44.657764"><ele>1122.0</ele></trkpt>
   <trkpt lon="3.230417" lat="44.658158"><ele>1119.5</ele></trkpt>
   <trkpt lon="3.230360" lat="44.658346"><ele>1117.75</ele></trkpt>
   <trkpt lon="3.230370" lat="44.658438"><ele>1117.25</ele></trkpt>
   <trkpt lon="3.230469" lat="44.658616"><ele>1115.75</ele></trkpt>
   <trkpt lon="3.230999" lat="44.659057"><ele>1112.0</ele></trkpt>
   <trkpt lon="3.231071" lat="44.659233"><ele>1112.0</ele></trkpt>
   <trkpt lon="3.231144" lat="44.659552"><ele>1112.5</ele></trkpt>
   <trkpt lon="3.231279" lat="44.659690"><ele>1111.0</ele></trkpt>
   <trkpt lon="3.231825" lat="44.660161"><ele>1107.25</ele></trkpt>
   <trkpt lon="3.232164" lat="44.660549"><ele>1108.0</ele></trkpt>
   <trkpt lon="3.232220" lat="44.660715"><ele>1109.25</ele></trkpt>
   <trkpt lon="3.232275" lat="44.661143"><ele>1111.25</ele></trkpt>
   <trkpt lon="3.232357" lat="44.661313"><ele>1111.0</ele></trkpt>
   <trkpt lon="3.232686" lat="44.661693"><ele>1109.5</ele></trkpt>
   <trkpt lon="3.233123" lat="44.662082"><ele>1104.5</ele></trkpt>
   <trkpt lon="3.235564" lat="44.663703"><ele>1086.75</ele></trkpt>
   <trkpt lon="3.235585" lat="44.663764"><ele>1087.25</ele></trkpt>
   <trkpt lon="3.235559" lat="44.663837"><ele>1087.5</ele></trkpt>
   <trkpt lon="3.235496" lat="44.663882"><ele>1087.5</ele></trkpt>
   <trkpt lon="3.234810" lat="44.664209"><ele>1088.0</ele></trkpt>
   <trkpt lon="3.234460" lat="44.664409"><ele>1089.5</ele></trkpt>
   <trkpt lon="3.234298" lat="44.664547"><ele>1091.0</ele></trkpt>
   <trkpt lon="3.234229" lat="44.664640"><ele>1091.75</ele></trkpt>
   <trkpt lon="3.234181" lat="44.664760"><ele>1092.25</ele></trkpt>
   <trkpt lon="3.234183" lat="44.664907"><ele>1092.75</ele></trkpt>
   <trkpt lon="3.234305" lat="44.665213"><ele>1094.75</ele></trkpt>
   <trkpt lon="3.234458" lat="44.665628"><ele>1099.75</ele></trkpt>
   <trkpt lon="3.234503" lat="44.665697"><ele>1100.75</ele></trkpt>
   <trkpt lon="3.234564" lat="44.665654"><ele>1100.75</ele></trkpt>
   <trkpt lon="3.234681" lat="44.665608"><ele>1101.25</ele></trkpt>
   <trkpt lon="3.234917" lat="44.665528"><ele>1102.0</ele></trkpt>
   <trkpt lon="3.235069" lat="44.665515"><ele>1103.0</ele></trkpt>
   <trkpt lon="3.235153" lat="44.665520"><ele>1103.75</ele></trkpt>
   <trkpt lon="3.235388" lat="44.665620"><ele>1105.0</ele></trkpt>
   <trkpt lon="3.235487" lat="44.665641"><ele>1105.0</ele></trkpt>
   <trkpt lon="3.235569" lat="44.665646"><ele>1105.0</ele></trkpt>
   <trkpt lon="3.235700" lat="44.665595"><ele>1105.0</ele></trkpt>
   <trkpt lon="3.235916" lat="44.665486"><ele>1105.0</ele></trkpt>
   <trkpt lon="3.236124" lat="44.665408"><ele>1105.0</ele></trkpt>
   <trkpt lon="3.236314" lat="44.665387"><ele>1105.0</ele></trkpt>
   <trkpt lon="3.236415" lat="44.665391"><ele>1104.75</ele></trkpt>
   <trkpt lon="3.236587" lat="44.665425"><ele>1104.5</ele></trkpt>
   <trkpt lon="3.236943" lat="44.665513"><ele>1104.0</ele></trkpt>
   <trkpt lon="3.237520" lat="44.665645"><ele>1101.75</ele></trkpt>
   <trkpt lon="3.237850" lat="44.665677"><ele>1101.25</ele></trkpt>
   <trkpt lon="3.238032" lat="44.665668"><ele>1100.5</ele></trkpt>
   <trkpt lon="3.238751" lat="44.665578"><ele>1099.75</ele></trkpt>
   <trkpt lon="3.238854" lat="44.665556"><ele>1099.75</ele></trkpt>
   <trkpt lon="3.239237" lat="44.665475"><ele>1099.5</ele></trkpt>
   <trkpt lon="3.239548" lat="44.665397"><ele>1099.25</ele></trkpt>
   <trkpt lon="3.240135" lat="44.665223"><ele>1099.5</ele></trkpt>
   <trkpt lon="3.240562" lat="44.665082"><ele>1098.75</ele></trkpt>
   <trkpt lon="3.242072" lat="44.664674"><ele>1096.0</ele></trkpt>
   <trkpt lon="3.243029" lat="44.664357"><ele>1094.5</ele></trkpt>
   <trkpt lon="3.243413" lat="44.664216"><ele>1094.0</ele></trkpt>
   <trkpt lon="3.245119" lat="44.663542"><ele>1086.5</ele></trkpt>
   <trkpt lon="3.245339" lat="44.663485"><ele>1085.5</ele></trkpt>
   <trkpt lon="3.245717" lat="44.663436"><ele>1083.25</ele></trkpt>
   <trkpt lon="3.245886" lat="44.663426"><ele>1082.5</ele></trkpt>
   <trkpt lon="3.246105" lat="44.663429"><ele>1082.25</ele></trkpt>
   <trkpt lon="3.246244" lat="44.663445"><ele>1082.0</ele></trkpt>
   <trkpt lon="3.246408" lat="44.663492"><ele>1081.25</ele></trkpt>
   <trkpt lon="3.246811" lat="44.663705"><ele>1079.75</ele></trkpt>
   <trkpt lon="3.247802" lat="44.664055"><ele>1075.0</ele></trkpt>
   <trkpt lon="3.248170" lat="44.664175"><ele>1074.75</ele></trkpt>
   <trkpt lon="3.248211" lat="44.664196"><ele>1074.75</ele></trkpt>
   <trkpt lon="3.248411" lat="44.664240"><ele>1074.5</ele></trkpt>
   <trkpt lon="3.248899" lat="44.664420"><ele>1073.0</ele></trkpt>
   <trkpt lon="3.249680" lat="44.664727"><ele>1068.75</ele></trkpt>
   <trkpt lon="3.249844" lat="44.664765"><ele>1067.5</ele></trkpt>
   <trkpt lon="3.250112" lat="44.664809"><ele>1064.75</ele></trkpt>
   <trkpt lon="3.250230" lat="44.664832"><ele>1063.25</ele></trkpt>
   <trkpt lon="3.250278" lat="44.664868"><ele>1062.25</ele></trkpt>
   <trkpt lon="3.250313" lat="44.664927"><ele>1061.0</ele></trkpt>
   <trkpt lon="3.250316" lat="44.664990"><ele>1060.25</ele></trkpt>
   <trkpt lon="3.250385" lat="44.665057"><ele>1057.75</ele></trkpt>
   <trkpt lon="3.250487" lat="44.665112"><ele>1055.25</ele></trkpt>
   <trkpt lon="3.250617" lat="44.665122"><ele>1053.25</ele></trkpt>
   <trkpt lon="3.250920" lat="44.665088"><ele>1050.5</ele></trkpt>
   <trkpt lon="3.251173" lat="44.665065"><ele>1049.5</ele></trkpt>
   <trkpt lon="3.251561" lat="44.665008"><ele>1046.5</ele></trkpt>
   <trkpt lon="3.251784" lat="44.664960"><ele>1045.0</ele></trkpt>
   <trkpt lon="3.252042" lat="44.664876"><ele>1043.75</ele></trkpt>
   <trkpt lon="3.252208" lat="44.664941"><ele>1043.75</ele></trkpt>
   <trkpt lon="3.252475" lat="44.665030"><ele>1042.75</ele></trkpt>
   <trkpt lon="3.252785" lat="44.665107"><ele>1043.25</ele></trkpt>
   <trkpt lon="3.252998" lat="44.665117"><ele>1044.0</ele></trkpt>
   <trkpt lon="3.253036" lat="44.665113"><ele>1044.25</ele></trkpt>
   <trkpt lon="3.253026" lat="44.665096"><ele>1044.0</ele></trkpt>
   <trkpt lon="3.253067" lat="44.665088"><ele>1044.25</ele></trkpt>
   <trkpt lon="3.253208" lat="44.665061"><ele>1043.5</ele></trkpt>
   <trkpt lon="3.253377" lat="44.665085"><ele>1043.25</ele></trkpt>
   <trkpt lon="3.253524" lat="44.665161"><ele>1044.25</ele></trkpt>
   <trkpt lon="3.253621" lat="44.665185"><ele>1045.0</ele></trkpt>
   <trkpt lon="3.254258" lat="44.665195"><ele>1047.0</ele></trkpt>
   <trkpt lon="3.255002" lat="44.665202"><ele>1049.75</ele></trkpt>
   <trkpt lon="3.255855" lat="44.665160"><ele>1049.75</ele></trkpt>
   <trkpt lon="3.256118" lat="44.665135"><ele>1049.75</ele></trkpt>
   <trkpt lon="3.256572" lat="44.665047"><ele>1049.5</ele></trkpt>
   <trkpt lon="3.257352" lat="44.664836"><ele>1047.75</ele></trkpt>
   <trkpt lon="3.257919" lat="44.664608"><ele>1045.25</ele></trkpt>
   <trkpt lon="3.258093" lat="44.664572"><ele>1044.75</ele></trkpt>
   <trkpt lon="3.258596" lat="44.664520"><ele>1043.25</ele></trkpt>
   <trkpt lon="3.258823" lat="44.664477"><ele>1043.0</ele></trkpt>
   <trkpt lon="3.259193" lat="44.664328"><ele>1046.25</ele></trkpt>
   <trkpt lon="3.259505" lat="44.664205"><ele>1045.0</ele></trkpt>
   <trkpt lon="3.259694" lat="44.664146"><ele>1042.25</ele></trkpt>
   <trkpt lon="3.260039" lat="44.663996"><ele>1042.75</ele></trkpt>
   <trkpt lon="3.260363" lat="44.663816"><ele>1042.25</ele></trkpt>
   <trkpt lon="3.261140" lat="44.663345"><ele>1041.0</ele></trkpt>
   <trkpt lon="3.261517" lat="44.663206"><ele>1038.75</ele></trkpt>
   <trkpt lon="3.261685" lat="44.663174"><ele>1037.0</ele></trkpt>
   <trkpt lon="3.261885" lat="44.663163"><ele>1036.0</ele></trkpt>
   <trkpt lon="3.262141" lat="44.663203"><ele>1035.25</ele></trkpt>
   <trkpt lon="3.262374" lat="44.663261"><ele>1035.0</ele></trkpt>
   <trkpt lon="3.263149" lat="44.663554"><ele>1033.25</ele></trkpt>
   <trkpt lon="3.263621" lat="44.663626"><ele>1032.0</ele></trkpt>
   <trkpt lon="3.263793" lat="44.663624"><ele>1031.25</ele></trkpt>
   <trkpt lon="3.263933" lat="44.663588"><ele>1030.75</ele></trkpt>
   <trkpt lon="3.264209" lat="44.663433"><ele>1030.0</ele></trkpt>
   <trkpt lon="3.264430" lat="44.663251"><ele>1030.25</ele></trkpt>
   <trkpt lon="3.264569" lat="44.663153"><ele>1030.75</ele></trkpt>
   <trkpt lon="3.264795" lat="44.663104"><ele>1031.25</ele></trkpt>
   <trkpt lon="3.265523" lat="44.663000"><ele>1035.5</ele></trkpt>
   <trkpt lon="3.266155" lat="44.662944"><ele>1043.25</ele></trkpt>
   <trkpt lon="3.266710" lat="44.662807"><ele>1051.75</ele></trkpt>
   <trkpt lon="3.268039" lat="44.662376"><ele>1061.75</ele></trkpt>
   <trkpt lon="3.268256" lat="44.662300"><ele>1062.5</ele></trkpt>
   <trkpt lon="3.268685" lat="44.662095"><ele>1064.75</ele></trkpt>
   <trkpt lon="3.269254" lat="44.661810"><ele>1069.25</ele></trkpt>
   <trkpt lon="3.269664" lat="44.661573"><ele>1073.5</ele></trkpt>
   <trkpt lon="3.269874" lat="44.661411"><ele>1076.25</ele></trkpt>
   <trkpt lon="3.270083" lat="44.661224"><ele>1078.25</ele></trkpt>
   <trkpt lon="3.270272" lat="44.660984"><ele>1080.25</ele></trkpt>
   <trkpt lon="3.270464" lat="44.660801"><ele>1081.0</ele></trkpt>
   <trkpt lon="3.270655" lat="44.660646"><ele>1081.25</ele></trkpt>
   <trkpt lon="3.270840" lat="44.660534"><ele>1081.25</ele></trkpt>
   <trkpt lon="3.271182" lat="44.660384"><ele>1084.5</ele></trkpt>
   <trkpt lon="3.271869" lat="44.659843"><ele>1093.25</ele></trkpt>
   <trkpt lon="3.272219" lat="44.659734"><ele>1094.75</ele></trkpt>
   <trkpt lon="3.272982" lat="44.659542"><ele>1097.5</ele></trkpt>
   <trkpt lon="3.273227" lat="44.659447"><ele>1098.75</ele></trkpt>
   <trkpt lon="3.273625" lat="44.659206"><ele>1102.0</ele></trkpt>
   <trkpt lon="3.274208" lat="44.658765"><ele>1107.0</ele></trkpt>
   <trkpt lon="3.274467" lat="44.658663"><ele>1107.25</ele></trkpt>
   <trkpt lon="3.274881" lat="44.658549"><ele>1108.75</ele></trkpt>
   <trkpt lon="3.275459" lat="44.658404"><ele>1110.25</ele></trkpt>
   <trkpt lon="3.276232" lat="44.658244"><ele>1111.0</ele></trkpt>
   <trkpt lon="3.276856" lat="44.658141"><ele>1111.25</ele></trkpt>
   <trkpt lon="3.277205" lat="44.658112"><ele>1111.0</ele></trkpt>
   <trkpt lon="3.277440" lat="44.658117"><ele>1110.25</ele></trkpt>
   <trkpt lon="3.277618" lat="44.658163"><ele>1110.0</ele></trkpt>
   <trkpt lon="3.277637" lat="44.658205"><ele>1110.25</ele></trkpt>
   <trkpt lon="3.277720" lat="44.658328"><ele>1110.0</ele></trkpt>
   <trkpt lon="3.277858" lat="44.658634"><ele>1111.75</ele></trkpt>
   <trkpt lon="3.277987" lat="44.659019"><ele>1112.25</ele></trkpt>
   <trkpt lon="3.278190" lat="44.659475"><ele>1113.0</ele></trkpt>
   <trkpt lon="3.278602" lat="44.660240"><ele>1113.75</ele></trkpt>
   <trkpt lon="3.278661" lat="44.660306"><ele>1114.0</ele></trkpt>
   <trkpt lon="3.279171" lat="44.660791"><ele>1114.5</ele></trkpt>
   <trkpt lon="3.279356" lat="44.660993"><ele>1114.25</ele></trkpt>
   <trkpt lon="3.279623" lat="44.661320"><ele>1113.75</ele></trkpt>
   <trkpt lon="3.279790" lat="44.661482"><ele>1114.0</ele></trkpt>
   <trkpt lon="3.280249" lat="44.661854"><ele>1113.5</ele></trkpt>
   <trkpt lon="3.280402" lat="44.662025"><ele>1113.25</ele></trkpt>
   <trkpt lon="3.280493" lat="44.662180"><ele>1113.25</ele></trkpt>
   <trkpt lon="3.280532" lat="44.662281"><ele>1113.0</ele></trkpt>
   <trkpt lon="3.280570" lat="44.662453"><ele>1112.75</ele></trkpt>
   <trkpt lon="3.280596" lat="44.662533"><ele>1112.25</ele></trkpt>
   <trkpt lon="3.281125" lat="44.663443"><ele>1107.75</ele></trkpt>
   <trkpt lon="3.281370" lat="44.663868"><ele>1103.25</ele></trkpt>
   <trkpt lon="3.281408" lat="44.663957"><ele>1102.75</ele></trkpt>
   <trkpt lon="3.281551" lat="44.664138"><ele>1101.25</ele></trkpt>
   <trkpt lon="3.281849" lat="44.664474"><ele>1098.25</ele></trkpt>
   <trkpt lon="3.282032" lat="44.664635"><ele>1097.25</ele></trkpt>
   <trkpt lon="3.282222" lat="44.664752"><ele>1095.75</ele></trkpt>
   <trkpt lon="3.282491" lat="44.664868"><ele>1094.75</ele></trkpt>
   <trkpt lon="3.282742" lat="44.664913"><ele>1094.25</ele></trkpt>
   <trkpt lon="3.283011" lat="44.664930"><ele>1094.0</ele></trkpt>
   <trkpt lon="3.283255" lat="44.664976"><ele>1093.25</ele></trkpt>
   <trkpt lon="3.283713" lat="44.665100"><ele>1088.75</ele></trkpt>
   <trkpt lon="3.284049" lat="44.665154"><ele>1086.25</ele></trkpt>
   <trkpt lon="3.284310" lat="44.665255"><ele>1085.5</ele></trkpt>
   <trkpt lon="3.285428" lat="44.665904"><ele>1079.0</ele></trkpt>
   <trkpt lon="3.285741" lat="44.666150"><ele>1077.25</ele></trkpt>
   <trkpt lon="3.286110" lat="44.666503"><ele>1075.5</ele></trkpt>
   <trkpt lon="3.286476" lat="44.666899"><ele>1073.25</ele></trkpt>
   <trkpt lon="3.286798" lat="44.667119"><ele>1071.5</ele></trkpt>
   <trkpt lon="3.287186" lat="44.667345"><ele>1070.0</ele></trkpt>
   <trkpt lon="3.288284" lat="44.668005"><ele>1067.75</ele></trkpt>
   <trkpt lon="3.288425" lat="44.668049"><ele>1068.0</ele></trkpt>
   <trkpt lon="3.289039" lat="44.669323"><ele>1068.5</ele></trkpt>
   <trkpt lon="3.289093" lat="44.669570"><ele>1068.25</ele></trkpt>
   <trkpt lon="3.289102" lat="44.669837"><ele>1067.25</ele></trkpt>
   <trkpt lon="3.289229" lat="44.670236"><ele>1067.0</ele></trkpt>
   <trkpt lon="3.289307" lat="44.670363"><ele>1066.75</ele></trkpt>
   <trkpt lon="3.289895" lat="44.670821"><ele>1066.0</ele></trkpt>
   <trkpt lon="3.290233" lat="44.671139"><ele>1066.0</ele></trkpt>
   <trkpt lon="3.290494" lat="44.671453"><ele>1066.0</ele></trkpt>
   <trkpt lon="3.290661" lat="44.671654"><ele>1065.75</ele></trkpt>
   <trkpt lon="3.291212" lat="44.672379"><ele>1062.0</ele></trkpt>
   <trkpt lon="3.291834" lat="44.672980"><ele>1055.5</ele></trkpt>
   <trkpt lon="3.292057" lat="44.673293"><ele>1054.0</ele></trkpt>
   <trkpt lon="3.292221" lat="44.673437"><ele>1054.0</ele></trkpt>
   <trkpt lon="3.292698" lat="44.673706"><ele>1054.5</ele></trkpt>
   <trkpt lon="3.293090" lat="44.673993"><ele>1055.5</ele></trkpt>
   <trkpt lon="3.293366" lat="44.674258"><ele>1055.25</ele></trkpt>
   <trkpt lon="3.293534" lat="44.674500"><ele>1055.25</ele></trkpt>
   <trkpt lon="3.293741" lat="44.674877"><ele>1052.75</ele></trkpt>
   <trkpt lon="3.293930" lat="44.675073"><ele>1052.5</ele></trkpt>
   <trkpt lon="3.294197" lat="44.675241"><ele>1051.5</ele></trkpt>
   <trkpt lon="3.294790" lat="44.675475"><ele>1049.5</ele></trkpt>
   <trkpt lon="3.295159" lat="44.675662"><ele>1048.5</ele></trkpt>
   <trkpt lon="3.295384" lat="44.675738"><ele>1047.75</ele></trkpt>
   <trkpt lon="3.295646" lat="44.675781"><ele>1047.5</ele></trkpt>
   <trkpt lon="3.296457" lat="44.675752"><ele>1047.5</ele></trkpt>
   <trkpt lon="3.297145" lat="44.675654"><ele>1045.25</ele></trkpt>
   <trkpt lon="3.297373" lat="44.675650"><ele>1043.75</ele></trkpt>
   <trkpt lon="3.297601" lat="44.675691"><ele>1043.0</ele></trkpt>
   <trkpt lon="3.298187" lat="44.675871"><ele>1041.5</ele></trkpt>
   <trkpt lon="3.298695" lat="44.676148"><ele>1040.75</ele></trkpt>
   <trkpt lon="3.298967" lat="44.676337"><ele>1040.75</ele></trkpt>
   <trkpt lon="3.299308" lat="44.676435"><ele>1039.25</ele></trkpt>
   <trkpt lon="3.299506" lat="44.676547"><ele>1037.75</ele></trkpt>
   <trkpt lon="3.299613" lat="44.676696"><ele>1037.0</ele></trkpt>
   <trkpt lon="3.299724" lat="44.676919"><ele>1035.75</ele></trkpt>
   <trkpt lon="3.299793" lat="44.677121"><ele>1034.75</ele></trkpt>
   <trkpt lon="3.299787" lat="44.677798"><ele>1032.75</ele></trkpt>
   <trkpt lon="3.299820" lat="44.677965"><ele>1032.25</ele></trkpt>
   <trkpt lon="3.299996" lat="44.678397"><ele>1031.75</ele></trkpt>
   <trkpt lon="3.300013" lat="44.678438"><ele>1031.5</ele></trkpt>
   <trkpt lon="3.300105" lat="44.678555"><ele>1031.5</ele></trkpt>
   <trkpt lon="3.300146" lat="44.678522"><ele>1031.5</ele></trkpt>
   <trkpt lon="3.300455" lat="44.678152"><ele>1032.0</ele></trkpt>
   <trkpt lon="3.300923" lat="44.677832"><ele>1030.5</ele></trkpt>
   <trkpt lon="3.302169" lat="44.677303"><ele>1021.75</ele></trkpt>
   <trkpt lon="3.302523" lat="44.677084"><ele>1017.75</ele></trkpt>
   <trkpt lon="3.302787" lat="44.676904"><ele>1013.75</ele></trkpt>
   <trkpt lon="3.303067" lat="44.676840"><ele>1012.75</ele></trkpt>
   <trkpt lon="3.303309" lat="44.676859"><ele>1011.75</ele></trkpt>
   <trkpt lon="3.304174" lat="44.677012"><ele>1005.75</ele></trkpt>
   <trkpt lon="3.306737" lat="44.677551"><ele>1008.25</ele></trkpt>
   <trkpt lon="3.307491" lat="44.677554"><ele>1012.5</ele></trkpt>
   <trkpt lon="3.307861" lat="44.677584"><ele>1016.25</ele></trkpt>
   <trkpt lon="3.308174" lat="44.677642"><ele>1018.5</ele></trkpt>
   <trkpt lon="3.308394" lat="44.677716"><ele>1020.5</ele></trkpt>
   <trkpt lon="3.308678" lat="44.677839"><ele>1022.5</ele></trkpt>
   <trkpt lon="3.308851" lat="44.677962"><ele>1024.0</ele></trkpt>
   <trkpt lon="3.308996" lat="44.678168"><ele>1026.0</ele></trkpt>
   <trkpt lon="3.309092" lat="44.678350"><ele>1027.75</ele></trkpt>
   <trkpt lon="3.309277" lat="44.678840"><ele>1032.0</ele></trkpt>
   <trkpt lon="3.309444" lat="44.679222"><ele>1033.5</ele></trkpt>
   <trkpt lon="3.309703" lat="44.679728"><ele>1033.0</ele></trkpt>
   <trkpt lon="3.309809" lat="44.679818"><ele>1031.75</ele></trkpt>
   <trkpt lon="3.310173" lat="44.679826"><ele>1031.25</ele></trkpt>
   <trkpt lon="3.310614" lat="44.679860"><ele>1033.25</ele></trkpt>
   <trkpt lon="3.310694" lat="44.679883"><ele>1033.75</ele></trkpt>
   <trkpt lon="3.310815" lat="44.679968"><ele>1034.75</ele></trkpt>
   <trkpt lon="3.311072" lat="44.679994"><ele>1036.5</ele></trkpt>
   <trkpt lon="3.311272" lat="44.680038"><ele>1038.5</ele></trkpt>
   <trkpt lon="3.311272" lat="44.680154"><ele>1039.75</ele></trkpt>
   <trkpt lon="3.311226" lat="44.680369"><ele>1040.5</ele></trkpt>
   <trkpt lon="3.311311" lat="44.680571"><ele>1041.75</ele></trkpt>
   <trkpt lon="3.311608" lat="44.680681"><ele>1044.5</ele></trkpt>
   <trkpt lon="3.311896" lat="44.680851"><ele>1046.5</ele></trkpt>
   <trkpt lon="3.312121" lat="44.680957"><ele>1048.75</ele></trkpt>
   <trkpt lon="3.312216" lat="44.680967"><ele>1049.75</ele></trkpt>
   <trkpt lon="3.312292" lat="44.680955"><ele>1050.75</ele></trkpt>
   <trkpt lon="3.312340" lat="44.680927"><ele>1051.5</ele></trkpt>
   <trkpt lon="3.312382" lat="44.680869"><ele>1052.25</ele></trkpt>
   <trkpt lon="3.312426" lat="44.680694"><ele>1053.5</ele></trkpt>
   <trkpt lon="3.312607" lat="44.680409"><ele>1055.0</ele></trkpt>
   <trkpt lon="3.312681" lat="44.680348"><ele>1055.5</ele></trkpt>
   <trkpt lon="3.312907" lat="44.680333"><ele>1056.5</ele></trkpt>
   <trkpt lon="3.313424" lat="44.680448"><ele>1056.5</ele></trkpt>
   <trkpt lon="3.313578" lat="44.680455"><ele>1056.5</ele></trkpt>
   <trkpt lon="3.313702" lat="44.680441"><ele>1056.5</ele></trkpt>
   <trkpt lon="3.314106" lat="44.680324"><ele>1056.0</ele></trkpt>
   <trkpt lon="3.314347" lat="44.680338"><ele>1056.0</ele></trkpt>
   <trkpt lon="3.315069" lat="44.680318"><ele>1056.0</ele></trkpt>
   <trkpt lon="3.315478" lat="44.680268"><ele>1056.5</ele></trkpt>
   <trkpt lon="3.315826" lat="44.680157"><ele>1056.0</ele></trkpt>
   <trkpt lon="3.316398" lat="44.679997"><ele>1057.75</ele></trkpt>
   <trkpt lon="3.317255" lat="44.679991"><ele>1059.0</ele></trkpt>
   <trkpt lon="3.317349" lat="44.679858"><ele>1059.0</ele></trkpt>
   <trkpt lon="3.317536" lat="44.678999"><ele>1061.0</ele></trkpt>
   <trkpt lon="3.317653" lat="44.678673"><ele>1062.75</ele></trkpt>
   <trkpt lon="3.317859" lat="44.678292"><ele>1065.5</ele></trkpt>
   <trkpt lon="3.318001" lat="44.677785"><ele>1067.75</ele></trkpt>
   <trkpt lon="3.318238" lat="44.677339"><ele>1069.0</ele></trkpt>
   <trkpt lon="3.318788" lat="44.677310"><ele>1070.0</ele></trkpt>
   <trkpt lon="3.319382" lat="44.677205"><ele>1070.75</ele></trkpt>
   <trkpt lon="3.319868" lat="44.677223"><ele>1069.25</ele></trkpt>
   <trkpt lon="3.320614" lat="44.676859"><ele>1065.5</ele></trkpt>
   <trkpt lon="3.321621" lat="44.676346"><ele>1060.25</ele></trkpt>
   <trkpt lon="3.323073" lat="44.675568"><ele>1050.75</ele></trkpt>
   <trkpt lon="3.325091" lat="44.674673"><ele>1042.5</ele></trkpt>
   <trkpt lon="3.325714" lat="44.674380"><ele>1040.25</ele></trkpt>
   <trkpt lon="3.325741" lat="44.674333"><ele>1040.25</ele></trkpt>
   <trkpt lon="3.325851" lat="44.674311"><ele>1039.75</ele></trkpt>
   <trkpt lon="3.326871" lat="44.673863"><ele>1034.75</ele></trkpt>
   <trkpt lon="3.327090" lat="44.673791"><ele>1034.0</ele></trkpt>
   <trkpt lon="3.327618" lat="44.673724"><ele>1033.0</ele></trkpt>
   <trkpt lon="3.328853" lat="44.673552"><ele>1036.5</ele></trkpt>
   <trkpt lon="3.329395" lat="44.673491"><ele>1039.5</ele></trkpt>
   <trkpt lon="3.329977" lat="44.673344"><ele>1041.75</ele></trkpt>
   <trkpt lon="3.330126" lat="44.673285"><ele>1042.5</ele></trkpt>
   <trkpt lon="3.330239" lat="44.673161"><ele>1043.25</ele></trkpt>
   <trkpt lon="3.330345" lat="44.673007"><ele>1044.0</ele></trkpt>
   <trkpt lon="3.330513" lat="44.672881"><ele>1044.75</ele></trkpt>
   <trkpt lon="3.331055" lat="44.672616"><ele>1046.75</ele></trkpt>
   <trkpt lon="3.332464" lat="44.671961"><ele>1048.75</ele></trkpt>
   <trkpt lon="3.333050" lat="44.671731"><ele>1051.25</ele></trkpt>
   <trkpt lon="3.333365" lat="44.671549"><ele>1052.75</ele></trkpt>
   <trkpt lon="3.333551" lat="44.671450"><ele>1052.75</ele></trkpt>
   <trkpt lon="3.333794" lat="44.671351"><ele>1052.75</ele></trkpt>
   <trkpt lon="3.333959" lat="44.671324"><ele>1052.5</ele></trkpt>
   <trkpt lon="3.334287" lat="44.671305"><ele>1051.25</ele></trkpt>
   <trkpt lon="3.334962" lat="44.671195"><ele>1045.25</ele></trkpt>
   <trkpt lon="3.335453" lat="44.671088"><ele>1040.5</ele></trkpt>
   <trkpt lon="3.335725" lat="44.671000"><ele>1038.75</ele></trkpt>
   <trkpt lon="3.335854" lat="44.670975"><ele>1037.75</ele></trkpt>
   <trkpt lon="3.336502" lat="44.671072"><ele>1035.0</ele></trkpt>
   <trkpt lon="3.336704" lat="44.671070"><ele>1034.0</ele></trkpt>
   <trkpt lon="3.337440" lat="44.670864"><ele>1034.75</ele></trkpt>
   <trkpt lon="3.337597" lat="44.670927"><ele>1033.75</ele></trkpt>
   <trkpt lon="3.338074" lat="44.671057"><ele>1035.25</ele></trkpt>
   <trkpt lon="3.338293" lat="44.671138"><ele>1036.75</ele></trkpt>
   <trkpt lon="3.338429" lat="44.671241"><ele>1037.75</ele></trkpt>
   <trkpt lon="3.338477" lat="44.671297"><ele>1038.5</ele></trkpt>
   <trkpt lon="3.338081" lat="44.672157"><ele>1041.5</ele></trkpt>
   <trkpt lon="3.338029" lat="44.672376"><ele>1043.75</ele></trkpt>
   <trkpt lon="3.337906" lat="44.672610"><ele>1045.0</ele></trkpt>
   <trkpt lon="3.337848" lat="44.672857"><ele>1046.5</ele></trkpt>
   <trkpt lon="3.337869" lat="44.673046"><ele>1048.5</ele></trkpt>
   <trkpt lon="3.338097" lat="44.673291"><ele>1048.25</ele></trkpt>
   <trkpt lon="3.338463" lat="44.673540"><ele>1046.5</ele></trkpt>
   <trkpt lon="3.338983" lat="44.674065"><ele>1045.25</ele></trkpt>
   <trkpt lon="3.339229" lat="44.674559"><ele>1048.75</ele></trkpt>
   <trkpt lon="3.339346" lat="44.674723"><ele>1050.5</ele></trkpt>
   <trkpt lon="3.339499" lat="44.674747"><ele>1051.25</ele></trkpt>
   <trkpt lon="3.339644" lat="44.674761"><ele>1051.75</ele></trkpt>
   <trkpt lon="3.339884" lat="44.674771"><ele>1052.75</ele></trkpt>
   <trkpt lon="3.340336" lat="44.674763"><ele>1056.25</ele></trkpt>
   <trkpt lon="3.340487" lat="44.674800"><ele>1057.0</ele></trkpt>
   <trkpt lon="3.340585" lat="44.674872"><ele>1058.0</ele></trkpt>
   <trkpt lon="3.340564" lat="44.674977"><ele>1058.75</ele></trkpt>
   <trkpt lon="3.340508" lat="44.675100"><ele>1059.25</ele></trkpt>
   <trkpt lon="3.340293" lat="44.675721"><ele>1063.0</ele></trkpt>
   <trkpt lon="3.340305" lat="44.676069"><ele>1065.25</ele></trkpt>
   <trkpt lon="3.340373" lat="44.676303"><ele>1065.5</ele></trkpt>
   <trkpt lon="3.340339" lat="44.676664"><ele>1065.5</ele></trkpt>
   <trkpt lon="3.340348" lat="44.676985"><ele>1064.0</ele></trkpt>
   <trkpt lon="3.340582" lat="44.677160"><ele>1063.0</ele></trkpt>
   <trkpt lon="3.341047" lat="44.677388"><ele>1062.5</ele></trkpt>
   <trkpt lon="3.341523" lat="44.677886"><ele>1060.25</ele></trkpt>
   <trkpt lon="3.341773" lat="44.678249"><ele>1059.75</ele></trkpt>
   <trkpt lon="3.342040" lat="44.678657"><ele>1058.75</ele></trkpt>
   <trkpt lon="3.342392" lat="44.678988"><ele>1060.0</ele></trkpt>
   <trkpt lon="3.342701" lat="44.679464"><ele>1057.25</ele></trkpt>
   <trkpt lon="3.342988" lat="44.679734"><ele>1053.0</ele></trkpt>
   <trkpt lon="3.343153" lat="44.679975"><ele>1049.5</ele></trkpt>
   <trkpt lon="3.343197" lat="44.680160"><ele>1047.25</ele></trkpt>
   <trkpt lon="3.343249" lat="44.680479"><ele>1044.5</ele></trkpt>
   <trkpt lon="3.343458" lat="44.680776"><ele>1042.25</ele></trkpt>
   <trkpt lon="3.343771" lat="44.681085"><ele>1038.75</ele></trkpt>
   <trkpt lon="3.344380" lat="44.681358"><ele>1034.25</ele></trkpt>
   <trkpt lon="3.345037" lat="44.681772"><ele>1030.75</ele></trkpt>
   <trkpt lon="3.346225" lat="44.682384"><ele>1026.25</ele></trkpt>
   <trkpt lon="3.346864" lat="44.682771"><ele>1025.25</ele></trkpt>
   <trkpt lon="3.347404" lat="44.683191"><ele>1022.25</ele></trkpt>
   <trkpt lon="3.348380" lat="44.683840"><ele>1017.0</ele></trkpt>
   <trkpt lon="3.348466" lat="44.683912"><ele>1016.0</ele></trkpt>
   <trkpt lon="3.348511" lat="44.683990"><ele>1015.25</ele></trkpt>
   <trkpt lon="3.348517" lat="44.684096"><ele>1015.25</ele></trkpt>
   <trkpt lon="3.348487" lat="44.684178"><ele>1015.5</ele></trkpt>
   <trkpt lon="3.348434" lat="44.684252"><ele>1014.5</ele></trkpt>
   <trkpt lon="3.348231" lat="44.684409"><ele>1013.25</ele></trkpt>
   <trkpt lon="3.348213" lat="44.684460"><ele>1012.25</ele></trkpt>
   <trkpt lon="3.348215" lat="44.684494"><ele>1011.75</ele></trkpt>
   <trkpt lon="3.348224" lat="44.684528"><ele>1011.0</ele></trkpt>
   <trkpt lon="3.348800" lat="44.684201"><ele>1011.25</ele></trkpt>
   <trkpt lon="3.349615" lat="44.683787"><ele>1009.75</ele></trkpt>
   <trkpt lon="3.350246" lat="44.683482"><ele>1011.75</ele></trkpt>
   <trkpt lon="3.350300" lat="44.683489"><ele>1011.5</ele></trkpt>
   <trkpt lon="3.350373" lat="44.683491"><ele>1011.0</ele></trkpt>
   <trkpt lon="3.350453" lat="44.683470"><ele>1011.0</ele></trkpt>
   <trkpt lon="3.350653" lat="44.683386"><ele>1011.0</ele></trkpt>
   <trkpt lon="3.350789" lat="44.683357"><ele>1010.0</ele></trkpt>
   <trkpt lon="3.350902" lat="44.683354"><ele>1009.5</ele></trkpt>
   <trkpt lon="3.350992" lat="44.683373"><ele>1009.0</ele></trkpt>
   <trkpt lon="3.351077" lat="44.683405"><ele>1008.75</ele></trkpt>
   <trkpt lon="3.351253" lat="44.683507"><ele>1008.5</ele></trkpt>
   <trkpt lon="3.351551" lat="44.683727"><ele>1009.0</ele></trkpt>
   <trkpt lon="3.351665" lat="44.683775"><ele>1009.5</ele></trkpt>
   <trkpt lon="3.351791" lat="44.683811"><ele>1010.25</ele></trkpt>
   <trkpt lon="3.351913" lat="44.683820"><ele>1011.0</ele></trkpt>
   <trkpt lon="3.352093" lat="44.683821"><ele>1011.75</ele></trkpt>
   <trkpt lon="3.352174" lat="44.683830"><ele>1012.0</ele></trkpt>
   <trkpt lon="3.352267" lat="44.683864"><ele>1013.0</ele></trkpt>
   <trkpt lon="3.352968" lat="44.684240"><ele>1019.25</ele></trkpt>
   <trkpt lon="3.353099" lat="44.684360"><ele>1021.0</ele></trkpt>
   <trkpt lon="3.353217" lat="44.685168"><ele>1026.25</ele></trkpt>
   <trkpt lon="3.353161" lat="44.685761"><ele>1031.5</ele></trkpt>
   <trkpt lon="3.353156" lat="44.685880"><ele>1032.5</ele></trkpt>
   <trkpt lon="3.353080" lat="44.686045"><ele>1034.25</ele></trkpt>
   <trkpt lon="3.352912" lat="44.686300"><ele>1036.5</ele></trkpt>
   <trkpt lon="3.352827" lat="44.686507"><ele>1037.5</ele></trkpt>
   <trkpt lon="3.352802" lat="44.686795"><ele>1038.5</ele></trkpt>
   <trkpt lon="3.352837" lat="44.687253"><ele>1040.5</ele></trkpt>
   <trkpt lon="3.352871" lat="44.687537"><ele>1043.5</ele></trkpt>
   <trkpt lon="3.352906" lat="44.687729"><ele>1045.0</ele></trkpt>
   <trkpt lon="3.353248" lat="44.687656"><ele>1046.0</ele></trkpt>
   <trkpt lon="3.353644" lat="44.687581"><ele>1047.0</ele></trkpt>
   <trkpt lon="3.353901" lat="44.687467"><ele>1048.5</ele></trkpt>
   <trkpt lon="3.354379" lat="44.687312"><ele>1050.0</ele></trkpt>
   <trkpt lon="3.354993" lat="44.686950"><ele>1053.0</ele></trkpt>
   <trkpt lon="3.355545" lat="44.686508"><ele>1058.5</ele></trkpt>
   <trkpt lon="3.356659" lat="44.685902"><ele>1060.25</ele></trkpt>
   <trkpt lon="3.357555" lat="44.685605"><ele>1058.0</ele></trkpt>
   <trkpt lon="3.358181" lat="44.685478"><ele>1058.0</ele></trkpt>
   <trkpt lon="3.359256" lat="44.685126"><ele>1058.5</ele></trkpt>
   <trkpt lon="3.360117" lat="44.684875"><ele>1060.0</ele></trkpt>
   <trkpt lon="3.360226" lat="44.684829"><ele>1060.25</ele></trkpt>
   <trkpt lon="3.361248" lat="44.684287"><ele>1066.25</ele></trkpt>
   <trkpt lon="3.362044" lat="44.683755"><ele>1069.75</ele></trkpt>
   <trkpt lon="3.362810" lat="44.683452"><ele>1074.0</ele></trkpt>
   <trkpt lon="3.363141" lat="44.683452"><ele>1075.75</ele></trkpt>
   <trkpt lon="3.363306" lat="44.683459"><ele>1075.5</ele></trkpt>
   <trkpt lon="3.363436" lat="44.683431"><ele>1074.75</ele></trkpt>
   <trkpt lon="3.363558" lat="44.683348"><ele>1074.0</ele></trkpt>
   <trkpt lon="3.363632" lat="44.683298"><ele>1073.5</ele></trkpt>
   <trkpt lon="3.364019" lat="44.683245"><ele>1073.0</ele></trkpt>
   <trkpt lon="3.364450" lat="44.683066"><ele>1074.0</ele></trkpt>
   <trkpt lon="3.364637" lat="44.682927"><ele>1074.5</ele></trkpt>
   <trkpt lon="3.365616" lat="44.681940"><ele>1076.0</ele></trkpt>
   <trkpt lon="3.367095" lat="44.680650"><ele>1071.25</ele></trkpt>
   <trkpt lon="3.367291" lat="44.680396"><ele>1070.0</ele></trkpt>
   <trkpt lon="3.367325" lat="44.680044"><ele>1068.75</ele></trkpt>
   <trkpt lon="3.367747" lat="44.679137"><ele>1067.0</ele></trkpt>
   <trkpt lon="3.368627" lat="44.677543"><ele>1066.75</ele></trkpt>
   <trkpt lon="3.369048" lat="44.677080"><ele>1067.75</ele></trkpt>
   <trkpt lon="3.369653" lat="44.676521"><ele>1066.25</ele></trkpt>
   <trkpt lon="3.369791" lat="44.676364"><ele>1066.25</ele></trkpt>
   <trkpt lon="3.369863" lat="44.676268"><ele>1066.0</ele></trkpt>
   <trkpt lon="3.370206" lat="44.676007"><ele>1066.0</ele></trkpt>
   <trkpt lon="3.370635" lat="44.675624"><ele>1066.75</ele></trkpt>
   <trkpt lon="3.371254" lat="44.675227"><ele>1068.25</ele></trkpt>
   <trkpt lon="3.371741" lat="44.674965"><ele>1068.75</ele></trkpt>
   <trkpt lon="3.372533" lat="44.674609"><ele>1067.25</ele></trkpt>
   <trkpt lon="3.373084" lat="44.674361"><ele>1064.0</ele></trkpt>
   <trkpt lon="3.373642" lat="44.674237"><ele>1064.0</ele></trkpt>
   <trkpt lon="3.374321" lat="44.674298"><ele>1066.5</ele></trkpt>
   <trkpt lon="3.375043" lat="44.674258"><ele>1072.0</ele></trkpt>
   <trkpt lon="3.375652" lat="44.674167"><ele>1076.25</ele></trkpt>
   <trkpt lon="3.376105" lat="44.674197"><ele>1081.25</ele></trkpt>
   <trkpt lon="3.376878" lat="44.674170"><ele>1084.75</ele></trkpt>
   <trkpt lon="3.377322" lat="44.674086"><ele>1086.0</ele></trkpt>
   <trkpt lon="3.378186" lat="44.673774"><ele>1089.75</ele></trkpt>
   <trkpt lon="3.378620" lat="44.673607"><ele>1091.0</ele></trkpt>
   <trkpt lon="3.378932" lat="44.673427"><ele>1091.5</ele></trkpt>
   <trkpt lon="3.379149" lat="44.673251"><ele>1092.5</ele></trkpt>
   <trkpt lon="3.379672" lat="44.672667"><ele>1095.75</ele></trkpt>
   <trkpt lon="3.379953" lat="44.672481"><ele>1098.25</ele></trkpt>
   <trkpt lon="3.380295" lat="44.672287"><ele>1100.25</ele></trkpt>
   <trkpt lon="3.380635" lat="44.672133"><ele>1100.5</ele></trkpt>
   <trkpt lon="3.381494" lat="44.671864"><ele>1101.5</ele></trkpt>
   <trkpt lon="3.382561" lat="44.671412"><ele>1102.5</ele></trkpt>
   <trkpt lon="3.382884" lat="44.671221"><ele>1102.75</ele></trkpt>
   <trkpt lon="3.383449" lat="44.671014"><ele>1101.75</ele></trkpt>
   <trkpt lon="3.384042" lat="44.670879"><ele>1099.5</ele></trkpt>
   <trkpt lon="3.385477" lat="44.670372"><ele>1095.25</ele></trkpt>
   <trkpt lon="3.385750" lat="44.670205"><ele>1094.0</ele></trkpt>
   <trkpt lon="3.386002" lat="44.669978"><ele>1093.25</ele></trkpt>
   <trkpt lon="3.386397" lat="44.669526"><ele>1094.75</ele></trkpt>
   <trkpt lon="3.386532" lat="44.669207"><ele>1096.25</ele></trkpt>
   <trkpt lon="3.386588" lat="44.669047"><ele>1096.0</ele></trkpt>
   <trkpt lon="3.386609" lat="44.668892"><ele>1095.75</ele></trkpt>
   <trkpt lon="3.386679" lat="44.668602"><ele>1096.75</ele></trkpt>
   <trkpt lon="3.386770" lat="44.668506"><ele>1097.25</ele></trkpt>
   <trkpt lon="3.386916" lat="44.668479"><ele>1097.25</ele></trkpt>
   <trkpt lon="3.387079" lat="44.668391"><ele>1097.75</ele></trkpt>
   <trkpt lon="3.387226" lat="44.668249"><ele>1099.0</ele></trkpt>
   <trkpt lon="3.387609" lat="44.667993"><ele>1100.25</ele></trkpt>
   <trkpt lon="3.388152" lat="44.667704"><ele>1102.5</ele></trkpt>
   <trkpt lon="3.388529" lat="44.667445"><ele>1103.25</ele></trkpt>
   <trkpt lon="3.388648" lat="44.667266"><ele>1102.75</ele></trkpt>
   <trkpt lon="3.388761" lat="44.666848"><ele>1101.5</ele></trkpt>
   <trkpt lon="3.389303" lat="44.665993"><ele>1101.5</ele></trkpt>
   <trkpt lon="3.389809" lat="44.665136"><ele>1101.5</ele></trkpt>
   <trkpt lon="3.389886" lat="44.665035"><ele>1101.5</ele></trkpt>
   <trkpt lon="3.390320" lat="44.664587"><ele>1101.5</ele></trkpt>
   <trkpt lon="3.390588" lat="44.664203"><ele>1102.0</ele></trkpt>
   <trkpt lon="3.390624" lat="44.664112"><ele>1102.0</ele></trkpt>
   <trkpt lon="3.390672" lat="44.663898"><ele>1102.0</ele></trkpt>
   <trkpt lon="3.390703" lat="44.662995"><ele>1100.75</ele></trkpt>
   <trkpt lon="3.390734" lat="44.662407"><ele>1100.5</ele></trkpt>
   <trkpt lon="3.390755" lat="44.662180"><ele>1101.25</ele></trkpt>
   <trkpt lon="3.390840" lat="44.661936"><ele>1102.0</ele></trkpt>
   <trkpt lon="3.390970" lat="44.661748"><ele>1103.75</ele></trkpt>
   <trkpt lon="3.391360" lat="44.661426"><ele>1107.5</ele></trkpt>
   <trkpt lon="3.391758" lat="44.660986"><ele>1107.25</ele></trkpt>
   <trkpt lon="3.391871" lat="44.660690"><ele>1106.25</ele></trkpt>
   <trkpt lon="3.392385" lat="44.660293"><ele>1105.25</ele></trkpt>
   <trkpt lon="3.394437" lat="44.659683"><ele>1102.0</ele></trkpt>
   <trkpt lon="3.395026" lat="44.659763"><ele>1100.5</ele></trkpt>
   <trkpt lon="3.395649" lat="44.659823"><ele>1100.25</ele></trkpt>
   <trkpt lon="3.396118" lat="44.659853"><ele>1099.5</ele></trkpt>
   <trkpt lon="3.396674" lat="44.659940"><ele>1100.25</ele></trkpt>
   <trkpt lon="3.397144" lat="44.660052"><ele>1103.0</ele></trkpt>
   <trkpt lon="3.397410" lat="44.660182"><ele>1104.0</ele></trkpt>
   <trkpt lon="3.397726" lat="44.660406"><ele>1103.5</ele></trkpt>
   <trkpt lon="3.398031" lat="44.660599"><ele>1102.25</ele></trkpt>
   <trkpt lon="3.398233" lat="44.660716"><ele>1101.75</ele></trkpt>
   <trkpt lon="3.398410" lat="44.660787"><ele>1102.0</ele></trkpt>
   <trkpt lon="3.399765" lat="44.661257"><ele>1101.5</ele></trkpt>
   <trkpt lon="3.400364" lat="44.661416"><ele>1101.75</ele></trkpt>
   <trkpt lon="3.401399" lat="44.661796"><ele>1097.0</ele></trkpt>
   <trkpt lon="3.401783" lat="44.661904"><ele>1095.25</ele></trkpt>
   <trkpt lon="3.402113" lat="44.661965"><ele>1094.5</ele></trkpt>
   <trkpt lon="3.402568" lat="44.662032"><ele>1093.25</ele></trkpt>
   <trkpt lon="3.402753" lat="44.662074"><ele>1093.0</ele></trkpt>
   <trkpt lon="3.402931" lat="44.662156"><ele>1092.0</ele></trkpt>
   <trkpt lon="3.403152" lat="44.662280"><ele>1091.75</ele></trkpt>
   <trkpt lon="3.403310" lat="44.662385"><ele>1092.0</ele></trkpt>
   <trkpt lon="3.403420" lat="44.662496"><ele>1092.5</ele></trkpt>
   <trkpt lon="3.403486" lat="44.662606"><ele>1093.25</ele></trkpt>
   <trkpt lon="3.403553" lat="44.662683"><ele>1093.5</ele></trkpt>
   <trkpt lon="3.404012" lat="44.663043"><ele>1095.0</ele></trkpt>
   <trkpt lon="3.404136" lat="44.663122"><ele>1095.0</ele></trkpt>
   <trkpt lon="3.404250" lat="44.663165"><ele>1095.5</ele></trkpt>
   <trkpt lon="3.404353" lat="44.663191"><ele>1095.75</ele></trkpt>
   <trkpt lon="3.404525" lat="44.663201"><ele>1096.0</ele></trkpt>
   <trkpt lon="3.404606" lat="44.663256"><ele>1097.0</ele></trkpt>
   <trkpt lon="3.404697" lat="44.663290"><ele>1097.5</ele></trkpt>
   <trkpt lon="3.405023" lat="44.663479"><ele>1098.25</ele></trkpt>
   <trkpt lon="3.405299" lat="44.663682"><ele>1098.25</ele></trkpt>
   <trkpt lon="3.405404" lat="44.663770"><ele>1098.0</ele></trkpt>
   <trkpt lon="3.405690" lat="44.663846"><ele>1097.25</ele></trkpt>
   <trkpt lon="3.406005" lat="44.663981"><ele>1095.5</ele></trkpt>
   <trkpt lon="3.406233" lat="44.664111"><ele>1093.0</ele></trkpt>
   <trkpt lon="3.406400" lat="44.664274"><ele>1091.25</ele></trkpt>
   <trkpt lon="3.406531" lat="44.664502"><ele>1088.75</ele></trkpt>
   <trkpt lon="3.406573" lat="44.664684"><ele>1088.25</ele></trkpt>
   <trkpt lon="3.406648" lat="44.664838"><ele>1086.75</ele></trkpt>
   <trkpt lon="3.406906" lat="44.665221"><ele>1083.5</ele></trkpt>
   <trkpt lon="3.406964" lat="44.665396"><ele>1082.25</ele></trkpt>
   <trkpt lon="3.407190" lat="44.666451"><ele>1078.0</ele></trkpt>
   <trkpt lon="3.407235" lat="44.666799"><ele>1076.25</ele></trkpt>
   <trkpt lon="3.407222" lat="44.667187"><ele>1073.25</ele></trkpt>
   <trkpt lon="3.407189" lat="44.667427"><ele>1070.0</ele></trkpt>
   <trkpt lon="3.407128" lat="44.667701"><ele>1066.5</ele></trkpt>
   <trkpt lon="3.407104" lat="44.667909"><ele>1064.5</ele></trkpt>
   <trkpt lon="3.407158" lat="44.668178"><ele>1061.25</ele></trkpt>
   <trkpt lon="3.407209" lat="44.668359"><ele>1058.75</ele></trkpt>
   <trkpt lon="3.407338" lat="44.668685"><ele>1055.25</ele></trkpt>
   <trkpt lon="3.407474" lat="44.668963"><ele>1054.75</ele></trkpt>
   <trkpt lon="3.407672" lat="44.669150"><ele>1055.5</ele></trkpt>
   <trkpt lon="3.407724" lat="44.669245"><ele>1055.75</ele></trkpt>
   <trkpt lon="3.407746" lat="44.669359"><ele>1056.25</ele></trkpt>
   <trkpt lon="3.407741" lat="44.669467"><ele>1056.5</ele></trkpt>
   <trkpt lon="3.407695" lat="44.669728"><ele>1057.5</ele></trkpt>
   <trkpt lon="3.407704" lat="44.669897"><ele>1058.25</ele></trkpt>
   <trkpt lon="3.407717" lat="44.670001"><ele>1059.0</ele></trkpt>
   <trkpt lon="3.407769" lat="44.670153"><ele>1060.75</ele></trkpt>
   <trkpt lon="3.407886" lat="44.670294"><ele>1063.25</ele></trkpt>
   <trkpt lon="3.408169" lat="44.670687"><ele>1067.25</ele></trkpt>
   <trkpt lon="3.408244" lat="44.670755"><ele>1067.75</ele></trkpt>
   <trkpt lon="3.408407" lat="44.670860"><ele>1068.75</ele></trkpt>
   <trkpt lon="3.408640" lat="44.670957"><ele>1069.25</ele></trkpt>
   <trkpt lon="3.409117" lat="44.671134"><ele>1072.0</ele></trkpt>
   <trkpt lon="3.409223" lat="44.671192"><ele>1073.0</ele></trkpt>
   <trkpt lon="3.409314" lat="44.671181"><ele>1073.25</ele></trkpt>
   <trkpt lon="3.409622" lat="44.671211"><ele>1074.0</ele></trkpt>
   <trkpt lon="3.409762" lat="44.671183"><ele>1073.0</ele></trkpt>
   <trkpt lon="3.409907" lat="44.671111"><ele>1071.5</ele></trkpt>
   <trkpt lon="3.410013" lat="44.671027"><ele>1071.25</ele></trkpt>
   <trkpt lon="3.410084" lat="44.670937"><ele>1071.5</ele></trkpt>
   <trkpt lon="3.410112" lat="44.670846"><ele>1071.5</ele></trkpt>
   <trkpt lon="3.410160" lat="44.670634"><ele>1073.25</ele></trkpt>
   <trkpt lon="3.410197" lat="44.670559"><ele>1074.0</ele></trkpt>
   <trkpt lon="3.410250" lat="44.670606"><ele>1074.5</ele></trkpt>
   <trkpt lon="3.410403" lat="44.670871"><ele>1076.25</ele></trkpt>
   <trkpt lon="3.410537" lat="44.671039"><ele>1076.0</ele></trkpt>
   <trkpt lon="3.410876" lat="44.671252"><ele>1080.5</ele></trkpt>
   <trkpt lon="3.411034" lat="44.671264"><ele>1082.75</ele></trkpt>
   <trkpt lon="3.411278" lat="44.671198"><ele>1083.75</ele></trkpt>
   <trkpt lon="3.411595" lat="44.671094"><ele>1079.75</ele></trkpt>
   <trkpt lon="3.411874" lat="44.671055"><ele>1078.0</ele></trkpt>
   <trkpt lon="3.412206" lat="44.671126"><ele>1075.75</ele></trkpt>
   <trkpt lon="3.412428" lat="44.671144"><ele>1074.75</ele></trkpt>
   <trkpt lon="3.412626" lat="44.671250"><ele>1073.25</ele></trkpt>
   <trkpt lon="3.412744" lat="44.671364"><ele>1072.75</ele></trkpt>
   <trkpt lon="3.412830" lat="44.671491"><ele>1073.0</ele></trkpt>
   <trkpt lon="3.413103" lat="44.671767"><ele>1074.25</ele></trkpt>
   <trkpt lon="3.413313" lat="44.671872"><ele>1075.5</ele></trkpt>
   <trkpt lon="3.413702" lat="44.671985"><ele>1078.25</ele></trkpt>
   <trkpt lon="3.414262" lat="44.672258"><ele>1084.0</ele></trkpt>
   <trkpt lon="3.414477" lat="44.672317"><ele>1086.5</ele></trkpt>
   <trkpt lon="3.414674" lat="44.672396"><ele>1088.0</ele></trkpt>
   <trkpt lon="3.415215" lat="44.672636"><ele>1092.0</ele></trkpt>
   <trkpt lon="3.415293" lat="44.672658"><ele>1092.25</ele></trkpt>
   <trkpt lon="3.415473" lat="44.672616"><ele>1092.75</ele></trkpt>
   <trkpt lon="3.415704" lat="44.672523"><ele>1093.25</ele></trkpt>
   <trkpt lon="3.415915" lat="44.672393"><ele>1093.5</ele></trkpt>
   <trkpt lon="3.416109" lat="44.672207"><ele>1094.0</ele></trkpt>
   <trkpt lon="3.416207" lat="44.672037"><ele>1093.75</ele></trkpt>
   <trkpt lon="3.416358" lat="44.671954"><ele>1093.0</ele></trkpt>
   <trkpt lon="3.416737" lat="44.671845"><ele>1091.75</ele></trkpt>
   <trkpt lon="3.417225" lat="44.671695"><ele>1091.75</ele></trkpt>
   <trkpt lon="3.417560" lat="44.671584"><ele>1090.5</ele></trkpt>
   <trkpt lon="3.417867" lat="44.671470"><ele>1088.0</ele></trkpt>
   <trkpt lon="3.418244" lat="44.671293"><ele>1083.5</ele></trkpt>
   <trkpt lon="3.418533" lat="44.671221"><ele>1080.25</ele></trkpt>
   <trkpt lon="3.418862" lat="44.671196"><ele>1076.5</ele></trkpt>
   <trkpt lon="3.419172" lat="44.671150"><ele>1071.25</ele></trkpt>
   <trkpt lon="3.419493" lat="44.671100"><ele>1068.5</ele></trkpt>
   <trkpt lon="3.419707" lat="44.671044"><ele>1066.5</ele></trkpt>
   <trkpt lon="3.419848" lat="44.670982"><ele>1066.25</ele></trkpt>
   <trkpt lon="3.419969" lat="44.670881"><ele>1066.0</ele></trkpt>
   <trkpt lon="3.420094" lat="44.670797"><ele>1065.75</ele></trkpt>
   <trkpt lon="3.420394" lat="44.670722"><ele>1066.5</ele></trkpt>
   <trkpt lon="3.420517" lat="44.670685"><ele>1067.25</ele></trkpt>
   <trkpt lon="3.420610" lat="44.670579"><ele>1068.25</ele></trkpt>
   <trkpt lon="3.420763" lat="44.670214"><ele>1070.0</ele></trkpt>
   <trkpt lon="3.420846" lat="44.670079"><ele>1070.5</ele></trkpt>
   <trkpt lon="3.420999" lat="44.669973"><ele>1070.0</ele></trkpt>
   <trkpt lon="3.421360" lat="44.669695"><ele>1070.25</ele></trkpt>
   <trkpt lon="3.421578" lat="44.669634"><ele>1069.25</ele></trkpt>
   <trkpt lon="3.421747" lat="44.669632"><ele>1068.75</ele></trkpt>
   <trkpt lon="3.422111" lat="44.669687"><ele>1072.0</ele></trkpt>
   <trkpt lon="3.422234" lat="44.669673"><ele>1073.75</ele></trkpt>
   <trkpt lon="3.422368" lat="44.669615"><ele>1076.75</ele></trkpt>
   <trkpt lon="3.422437" lat="44.669540"><ele>1077.25</ele></trkpt>
   <trkpt lon="3.422542" lat="44.669481"><ele>1078.25</ele></trkpt>
   <trkpt lon="3.422739" lat="44.669409"><ele>1079.5</ele></trkpt>
   <trkpt lon="3.422931" lat="44.669369"><ele>1081.25</ele></trkpt>
   <trkpt lon="3.423179" lat="44.669354"><ele>1083.75</ele></trkpt>
   <trkpt lon="3.423435" lat="44.669354"><ele>1085.0</ele></trkpt>
   <trkpt lon="3.423554" lat="44.669331"><ele>1084.75</ele></trkpt>
   <trkpt lon="3.423790" lat="44.669243"><ele>1085.25</ele></trkpt>
   <trkpt lon="3.423895" lat="44.669180"><ele>1086.0</ele></trkpt>
   <trkpt lon="3.423974" lat="44.669142"><ele>1086.25</ele></trkpt>
   <trkpt lon="3.424038" lat="44.669111"><ele>1086.5</ele></trkpt>
   <trkpt lon="3.424178" lat="44.669133"><ele>1087.75</ele></trkpt>
   <trkpt lon="3.424409" lat="44.669132"><ele>1089.5</ele></trkpt>
   <trkpt lon="3.424472" lat="44.669081"><ele>1089.5</ele></trkpt>
   <trkpt lon="3.424647" lat="44.669004"><ele>1090.5</ele></trkpt>
   <trkpt lon="3.424763" lat="44.668983"><ele>1091.25</ele></trkpt>
   <trkpt lon="3.425122" lat="44.668920"><ele>1092.5</ele></trkpt>
   <trkpt lon="3.425292" lat="44.668863"><ele>1092.75</ele></trkpt>
   <trkpt lon="3.425354" lat="44.668822"><ele>1092.75</ele></trkpt>
   <trkpt lon="3.425418" lat="44.668713"><ele>1092.75</ele></trkpt>
   <trkpt lon="3.425509" lat="44.668558"><ele>1093.25</ele></trkpt>
   <trkpt lon="3.425541" lat="44.668447"><ele>1094.0</ele></trkpt>
   <trkpt lon="3.425533" lat="44.668285"><ele>1095.25</ele></trkpt>
   <trkpt lon="3.425592" lat="44.667957"><ele>1097.5</ele></trkpt>
   <trkpt lon="3.425645" lat="44.667785"><ele>1098.75</ele></trkpt>
   <trkpt lon="3.425895" lat="44.667146"><ele>1102.0</ele></trkpt>
   <trkpt lon="3.425964" lat="44.666670"><ele>1104.5</ele></trkpt>
   <trkpt lon="3.425912" lat="44.666220"><ele>1105.5</ele></trkpt>
   <trkpt lon="3.425848" lat="44.666048"><ele>1106.0</ele></trkpt>
   <trkpt lon="3.425811" lat="44.665951"><ele>1106.25</ele></trkpt>
   <trkpt lon="3.425590" lat="44.665629"><ele>1107.25</ele></trkpt>
   <trkpt lon="3.425437" lat="44.665382"><ele>1108.0</ele></trkpt>
   <trkpt lon="3.425351" lat="44.665166"><ele>1108.75</ele></trkpt>
   <trkpt lon="3.425399" lat="44.664784"><ele>1110.5</ele></trkpt>
   <trkpt lon="3.425497" lat="44.664527"><ele>1111.25</ele></trkpt>
   <trkpt lon="3.425521" lat="44.664362"><ele>1111.75</ele></trkpt>
   <trkpt lon="3.425447" lat="44.663903"><ele>1112.25</ele></trkpt>
   <trkpt lon="3.425253" lat="44.663196"><ele>1111.5</ele></trkpt>
   <trkpt lon="3.425243" lat="44.663164"><ele>1111.25</ele></trkpt>
   <trkpt lon="3.425486" lat="44.663092"><ele>1112.5</ele></trkpt>
   <trkpt lon="3.425730" lat="44.663000"><ele>1113.0</ele></trkpt>
   <trkpt lon="3.425805" lat="44.662966"><ele>1113.0</ele></trkpt>
   <trkpt lon="3.425710" lat="44.662759"><ele>1111.0</ele></trkpt>
   <trkpt lon="3.425650" lat="44.662530"><ele>1109.25</ele></trkpt>
   <trkpt lon="3.425682" lat="44.662301"><ele>1107.5</ele></trkpt>
   <trkpt lon="3.425766" lat="44.662071"><ele>1104.75</ele></trkpt>
   <trkpt lon="3.425762" lat="44.661772"><ele>1101.25</ele></trkpt>
   <trkpt lon="3.425696" lat="44.661410"><ele>1096.75</ele></trkpt>
   <trkpt lon="3.425570" lat="44.661168"><ele>1092.75</ele></trkpt>
   <trkpt lon="3.425365" lat="44.660982"><ele>1089.5</ele></trkpt>
   <trkpt lon="3.425122" lat="44.660823"><ele>1086.75</ele></trkpt>
   <trkpt lon="3.424977" lat="44.660653"><ele>1084.75</ele></trkpt>
   <trkpt lon="3.424842" lat="44.660357"><ele>1082.25</ele></trkpt>
   <trkpt lon="3.424846" lat="44.660135"><ele>1080.5</ele></trkpt>
   <trkpt lon="3.424940" lat="44.659866"><ele>1080.0</ele></trkpt>
   <trkpt lon="3.425141" lat="44.659590"><ele>1081.0</ele></trkpt>
   <trkpt lon="3.425355" lat="44.659358"><ele>1083.5</ele></trkpt>
   <trkpt lon="3.425491" lat="44.659109"><ele>1086.5</ele></trkpt>
   <trkpt lon="3.425509" lat="44.659042"><ele>1087.5</ele></trkpt>
   <trkpt lon="3.425491" lat="44.658876"><ele>1089.0</ele></trkpt>
   <trkpt lon="3.425402" lat="44.658710"><ele>1091.0</ele></trkpt>
   <trkpt lon="3.425024" lat="44.658447"><ele>1091.5</ele></trkpt>
   <trkpt lon="3.424926" lat="44.658301"><ele>1093.0</ele></trkpt>
   <trkpt lon="3.424898" lat="44.658082"><ele>1094.5</ele></trkpt>
   <trkpt lon="3.424940" lat="44.657919"><ele>1095.5</ele></trkpt>
   <trkpt lon="3.425127" lat="44.657737"><ele>1098.75</ele></trkpt>
   <trkpt lon="3.425379" lat="44.657474"><ele>1102.0</ele></trkpt>
   <trkpt lon="3.425566" lat="44.657295"><ele>1105.25</ele></trkpt>
   <trkpt lon="3.425729" lat="44.657209"><ele>1106.5</ele></trkpt>
   <trkpt lon="3.426197" lat="44.656996"><ele>1106.0</ele></trkpt>
   <trkpt lon="3.426466" lat="44.656922"><ele>1107.0</ele></trkpt>
   <trkpt lon="3.426770" lat="44.656870"><ele>1108.0</ele></trkpt>
   <trkpt lon="3.426841" lat="44.656866"><ele>1108.0</ele></trkpt>
   <trkpt lon="3.426945" lat="44.656876"><ele>1108.5</ele></trkpt>
   <trkpt lon="3.427123" lat="44.656860"><ele>1109.5</ele></trkpt>
   <trkpt lon="3.427330" lat="44.656787"><ele>1110.0</ele></trkpt>
   <trkpt lon="3.427621" lat="44.656687"><ele>1111.75</ele></trkpt>
   <trkpt lon="3.428202" lat="44.656485"><ele>1115.75</ele></trkpt>
   <trkpt lon="3.428418" lat="44.656432"><ele>1117.75</ele></trkpt>
   <trkpt lon="3.428808" lat="44.656414"><ele>1120.5</ele></trkpt>
   <trkpt lon="3.429370" lat="44.656401"><ele>1122.75</ele></trkpt>
   <trkpt lon="3.429706" lat="44.656396"><ele>1123.75</ele></trkpt>
   <trkpt lon="3.429874" lat="44.656407"><ele>1124.0</ele></trkpt>
   <trkpt lon="3.430184" lat="44.656432"><ele>1124.25</ele></trkpt>
   <trkpt lon="3.430393" lat="44.656535"><ele>1125.0</ele></trkpt>
   <trkpt lon="3.431119" lat="44.656950"><ele>1129.0</ele></trkpt>
   <trkpt lon="3.431986" lat="44.657416"><ele>1132.75</ele></trkpt>
   <trkpt lon="3.432513" lat="44.657653"><ele>1135.5</ele></trkpt>
   <trkpt lon="3.433065" lat="44.658028"><ele>1135.75</ele></trkpt>
   <trkpt lon="3.433687" lat="44.658536"><ele>1136.75</ele></trkpt>
   <trkpt lon="3.434181" lat="44.658099"><ele>1135.75</ele></trkpt>
   <trkpt lon="3.434857" lat="44.657273"><ele>1134.0</ele></trkpt>
   <trkpt lon="3.435256" lat="44.656840"><ele>1133.75</ele></trkpt>
   <trkpt lon="3.435165" lat="44.656533"><ele>1134.0</ele></trkpt>
   <trkpt lon="3.434961" lat="44.655907"><ele>1132.25</ele></trkpt>
   <trkpt lon="3.434889" lat="44.655401"><ele>1131.25</ele></trkpt>
   <trkpt lon="3.434892" lat="44.654777"><ele>1131.0</ele></trkpt>
   <trkpt lon="3.434771" lat="44.654344"><ele>1130.5</ele></trkpt>
   <trkpt lon="3.434747" lat="44.653955"><ele>1128.25</ele></trkpt>
   <trkpt lon="3.434567" lat="44.653526"><ele>1125.75</ele></trkpt>
   <trkpt lon="3.434700" lat="44.652719"><ele>1124.5</ele></trkpt>
   <trkpt lon="3.434727" lat="44.652467"><ele>1124.0</ele></trkpt>
   <trkpt lon="3.435051" lat="44.652002"><ele>1123.0</ele></trkpt>
   <trkpt lon="3.435374" lat="44.651658"><ele>1120.75</ele></trkpt>
   <trkpt lon="3.436237" lat="44.650628"><ele>1112.75</ele></trkpt>
   <trkpt lon="3.437180" lat="44.650334"><ele>1104.5</ele></trkpt>
   <trkpt lon="3.437713" lat="44.649887"><ele>1101.25</ele></trkpt>
   <trkpt lon="3.438061" lat="44.649201"><ele>1098.0</ele></trkpt>
   <trkpt lon="3.438418" lat="44.648762"><ele>1094.75</ele></trkpt>
   <trkpt lon="3.438502" lat="44.648464"><ele>1091.25</ele></trkpt>
   <trkpt lon="3.438566" lat="44.648388"><ele>1090.0</ele></trkpt>
   <trkpt lon="3.439256" lat="44.648662"><ele>1083.75</ele></trkpt>
   <trkpt lon="3.439330" lat="44.648629"><ele>1082.25</ele></trkpt>
   <trkpt lon="3.439130" lat="44.648331"><ele>1078.5</ele></trkpt>
   <trkpt lon="3.438690" lat="44.648005"><ele>1075.5</ele></trkpt>
   <trkpt lon="3.439070" lat="44.648161"><ele>1074.75</ele></trkpt>
   <trkpt lon="3.439426" lat="44.648350"><ele>1073.75</ele></trkpt>
   <trkpt lon="3.439635" lat="44.648525"><ele>1074.0</ele></trkpt>
   <trkpt lon="3.439726" lat="44.648701"><ele>1073.75</ele></trkpt>
   <trkpt lon="3.439858" lat="44.648913"><ele>1074.25</ele></trkpt>
   <trkpt lon="3.439975" lat="44.649021"><ele>1073.75</ele></trkpt>
   <trkpt lon="3.440771" lat="44.649356"><ele>1074.75</ele></trkpt>
   <trkpt lon="3.441007" lat="44.649464"><ele>1075.5</ele></trkpt>
   <trkpt lon="3.441112" lat="44.649551"><ele>1075.25</ele></trkpt>
   <trkpt lon="3.441111" lat="44.649713"><ele>1075.75</ele></trkpt>
   <trkpt lon="3.440975" lat="44.649867"><ele>1076.75</ele></trkpt>
   <trkpt lon="3.440704" lat="44.650202"><ele>1077.75</ele></trkpt>
   <trkpt lon="3.440301" lat="44.650550"><ele>1079.75</ele></trkpt>
   <trkpt lon="3.439994" lat="44.651082"><ele>1080.75</ele></trkpt>
   <trkpt lon="3.439793" lat="44.651512"><ele>1082.25</ele></trkpt>
   <trkpt lon="3.439799" lat="44.651609"><ele>1082.5</ele></trkpt>
  </trkseg>
 </trk>
</gpx>
