<?xml version="1.0" encoding="UTF-8"?>
<gpx version="1.1" creator="BRouter paired review" xmlns="http://www.topografix.com/GPX/1/1">
<trk><name>Route B</name><trkseg>
<trkpt lat="44.651609" lon="3.439799"><ele>1082.25</ele></trkpt>
<trkpt lat="44.651512" lon="3.439793"><ele>1082.25</ele></trkpt>
<trkpt lat="44.651082" lon="3.439994"><ele>1080.75</ele></trkpt>
<trkpt lat="44.650550" lon="3.440301"><ele>1079.75</ele></trkpt>
<trkpt lat="44.650202" lon="3.440704"><ele>1077.75</ele></trkpt>
<trkpt lat="44.649867" lon="3.440975"><ele>1076.75</ele></trkpt>
<trkpt lat="44.649713" lon="3.441111"><ele>1075.75</ele></trkpt>
<trkpt lat="44.649551" lon="3.441112"><ele>1075.25</ele></trkpt>
<trkpt lat="44.649464" lon="3.441007"><ele>1075.5</ele></trkpt>
<trkpt lat="44.649356" lon="3.440771"><ele>1074.75</ele></trkpt>
<trkpt lat="44.649021" lon="3.439975"><ele>1073.75</ele></trkpt>
<trkpt lat="44.648913" lon="3.439858"><ele>1074.25</ele></trkpt>
<trkpt lat="44.648701" lon="3.439726"><ele>1073.75</ele></trkpt>
<trkpt lat="44.648525" lon="3.439635"><ele>1074.0</ele></trkpt>
<trkpt lat="44.648406" lon="3.439681"><ele>1071.25</ele></trkpt>
<trkpt lat="44.648296" lon="3.439670"><ele>1070.25</ele></trkpt>
<trkpt lat="44.648114" lon="3.439587"><ele>1069.25</ele></trkpt>
<trkpt lat="44.647882" lon="3.439383"><ele>1069.0</ele></trkpt>
<trkpt lat="44.647739" lon="3.439207"><ele>1069.25</ele></trkpt>
<trkpt lat="44.647639" lon="3.439053"><ele>1068.5</ele></trkpt>
<trkpt lat="44.647513" lon="3.438823"><ele>1068.0</ele></trkpt>
<trkpt lat="44.647380" lon="3.438495"><ele>1067.5</ele></trkpt>
<trkpt lat="44.647300" lon="3.438211"><ele>1067.25</ele></trkpt>
<trkpt lat="44.647265" lon="3.438061"><ele>1067.25</ele></trkpt>
<trkpt lat="44.647185" lon="3.437858"><ele>1066.75</ele></trkpt>
<trkpt lat="44.647052" lon="3.437964"><ele>1066.25</ele></trkpt>
<trkpt lat="44.646937" lon="3.438029"><ele>1066.0</ele></trkpt>
<trkpt lat="44.646792" lon="3.438088"><ele>1067.0</ele></trkpt>
<trkpt lat="44.646553" lon="3.438079"><ele>1068.75</ele></trkpt>
<trkpt lat="44.646462" lon="3.437961"><ele>1069.5</ele></trkpt>
<trkpt lat="44.646450" lon="3.438240"><ele>1070.25</ele></trkpt>
<trkpt lat="44.646453" lon="3.438646"><ele>1073.0</ele></trkpt>
<trkpt lat="44.646428" lon="3.438809"><ele>1072.75</ele></trkpt>
<trkpt lat="44.646431" lon="3.438938"><ele>1072.25</ele></trkpt>
<trkpt lat="44.646489" lon="3.439034"><ele>1071.75</ele></trkpt>
<trkpt lat="44.646569" lon="3.439147"><ele>1071.5</ele></trkpt>
<trkpt lat="44.646637" lon="3.439324"><ele>1072.75</ele></trkpt>
<trkpt lat="44.646653" lon="3.439496"><ele>1074.5</ele></trkpt>
<trkpt lat="44.646645" lon="3.439646"><ele>1076.25</ele></trkpt>
<trkpt lat="44.646676" lon="3.439758"><ele>1077.25</ele></trkpt>
<trkpt lat="44.646782" lon="3.439919"><ele>1078.5</ele></trkpt>
<trkpt lat="44.646897" lon="3.440166"><ele>1081.5</ele></trkpt>
<trkpt lat="44.646962" lon="3.440509"><ele>1085.75</ele></trkpt>
<trkpt lat="44.646966" lon="3.440719"><ele>1087.0</ele></trkpt>
<trkpt lat="44.646937" lon="3.440899"><ele>1088.0</ele></trkpt>
<trkpt lat="44.646849" lon="3.441124"><ele>1089.25</ele></trkpt>
<trkpt lat="44.646672" lon="3.441314"><ele>1089.5</ele></trkpt>
<trkpt lat="44.646159" lon="3.441789"><ele>1088.5</ele></trkpt>
<trkpt lat="44.645767" lon="3.442242"><ele>1086.0</ele></trkpt>
<trkpt lat="44.645538" lon="3.442537"><ele>1084.5</ele></trkpt>
<trkpt lat="44.645154" lon="3.443060"><ele>1081.5</ele></trkpt>
<trkpt lat="44.645040" lon="3.443195"><ele>1081.0</ele></trkpt>
<trkpt lat="44.644714" lon="3.443460"><ele>1079.75</ele></trkpt>
<trkpt lat="44.644559" lon="3.443516"><ele>1079.5</ele></trkpt>
<trkpt lat="44.644250" lon="3.443511"><ele>1080.5</ele></trkpt>
<trkpt lat="44.644105" lon="3.443570"><ele>1079.75</ele></trkpt>
<trkpt lat="44.643892" lon="3.443720"><ele>1080.25</ele></trkpt>
<trkpt lat="44.643697" lon="3.443919"><ele>1082.5</ele></trkpt>
<trkpt lat="44.643529" lon="3.444058"><ele>1084.75</ele></trkpt>
<trkpt lat="44.643451" lon="3.444163"><ele>1086.0</ele></trkpt>
<trkpt lat="44.643395" lon="3.444300"><ele>1087.75</ele></trkpt>
<trkpt lat="44.643304" lon="3.444707"><ele>1092.0</ele></trkpt>
<trkpt lat="44.643250" lon="3.444788"><ele>1094.0</ele></trkpt>
<trkpt lat="44.643189" lon="3.444836"><ele>1095.5</ele></trkpt>
<trkpt lat="44.643056" lon="3.444815"><ele>1096.5</ele></trkpt>
<trkpt lat="44.642827" lon="3.444756"><ele>1098.0</ele></trkpt>
<trkpt lat="44.642632" lon="3.444766"><ele>1099.75</ele></trkpt>
<trkpt lat="44.642182" lon="3.444691"><ele>1102.5</ele></trkpt>
<trkpt lat="44.641972" lon="3.444697"><ele>1103.5</ele></trkpt>
<trkpt lat="44.641857" lon="3.444691"><ele>1103.5</ele></trkpt>
<trkpt lat="44.641743" lon="3.444740"><ele>1104.25</ele></trkpt>
<trkpt lat="44.641525" lon="3.444890"><ele>1106.5</ele></trkpt>
<trkpt lat="44.641384" lon="3.445088"><ele>1109.25</ele></trkpt>
<trkpt lat="44.641300" lon="3.445179"><ele>1110.25</ele></trkpt>
<trkpt lat="44.641185" lon="3.445212"><ele>1110.25</ele></trkpt>
<trkpt lat="44.641147" lon="3.445271"><ele>1111.0</ele></trkpt>
<trkpt lat="44.641143" lon="3.445335"><ele>1112.0</ele></trkpt>
<trkpt lat="44.641172" lon="3.445386"><ele>1113.0</ele></trkpt>
<trkpt lat="44.641231" lon="3.445405"><ele>1113.5</ele></trkpt>
<trkpt lat="44.641431" lon="3.445579"><ele>1117.25</ele></trkpt>
<trkpt lat="44.641569" lon="3.445616"><ele>1117.75</ele></trkpt>
<trkpt lat="44.641964" lon="3.445834"><ele>1119.75</ele></trkpt>
<trkpt lat="44.642012" lon="3.445879"><ele>1119.75</ele></trkpt>
<trkpt lat="44.642006" lon="3.445947"><ele>1120.0</ele></trkpt>
<trkpt lat="44.641937" lon="3.445995"><ele>1120.5</ele></trkpt>
<trkpt lat="44.641758" lon="3.446038"><ele>1121.25</ele></trkpt>
<trkpt lat="44.641183" lon="3.446147"><ele>1123.5</ele></trkpt>
<trkpt lat="44.640970" lon="3.446212"><ele>1123.5</ele></trkpt>
<trkpt lat="44.640613" lon="3.446376"><ele>1123.75</ele></trkpt>
<trkpt lat="44.640376" lon="3.446515"><ele>1123.0</ele></trkpt>
<trkpt lat="44.640281" lon="3.446617"><ele>1122.75</ele></trkpt>
<trkpt lat="44.640212" lon="3.446730"><ele>1122.25</ele></trkpt>
<trkpt lat="44.640163" lon="3.446783"><ele>1121.25</ele></trkpt>
<trkpt lat="44.640079" lon="3.446783"><ele>1120.5</ele></trkpt>
<trkpt lat="44.639861" lon="3.446842"><ele>1119.75</ele></trkpt>
<trkpt lat="44.638800" lon="3.447170"><ele>1126.0</ele></trkpt>
<trkpt lat="44.638227" lon="3.447411"><ele>1128.25</ele></trkpt>
<trkpt lat="44.638042" lon="3.447499"><ele>1129.0</ele></trkpt>
<trkpt lat="44.637716" lon="3.447551"><ele>1129.75</ele></trkpt>
<trkpt lat="44.637536" lon="3.447545"><ele>1130.5</ele></trkpt>
<trkpt lat="44.637351" lon="3.447553"><ele>1132.25</ele></trkpt>
<trkpt lat="44.637284" lon="3.447590"><ele>1133.0</ele></trkpt>
<trkpt lat="44.637258" lon="3.447604"><ele>1133.0</ele></trkpt>
<trkpt lat="44.637166" lon="3.447717"><ele>1133.75</ele></trkpt>
<trkpt lat="44.637010" lon="3.447931"><ele>1134.0</ele></trkpt>
<trkpt lat="44.636752" lon="3.448202"><ele>1133.75</ele></trkpt>
<trkpt lat="44.636315" lon="3.448618"><ele>1131.75</ele></trkpt>
<trkpt lat="44.636165" lon="3.448773"><ele>1131.5</ele></trkpt>
<trkpt lat="44.635994" lon="3.448890"><ele>1129.0</ele></trkpt>
<trkpt lat="44.635876" lon="3.448939"><ele>1127.75</ele></trkpt>
<trkpt lat="44.635788" lon="3.449044"><ele>1126.75</ele></trkpt>
<trkpt lat="44.635733" lon="3.449227"><ele>1124.75</ele></trkpt>
<trkpt lat="44.635668" lon="3.449474"><ele>1122.25</ele></trkpt>
<trkpt lat="44.635633" lon="3.449773"><ele>1121.5</ele></trkpt>
<trkpt lat="44.635612" lon="3.450090"><ele>1120.75</ele></trkpt>
<trkpt lat="44.635580" lon="3.450250"><ele>1120.75</ele></trkpt>
<trkpt lat="44.635774" lon="3.450226"><ele>1120.75</ele></trkpt>
<trkpt lat="44.635962" lon="3.450346"><ele>1120.75</ele></trkpt>
<trkpt lat="44.636195" lon="3.450724"><ele>1121.25</ele></trkpt>
<trkpt lat="44.636880" lon="3.451368"><ele>1128.25</ele></trkpt>
<trkpt lat="44.637312" lon="3.451570"><ele>1132.5</ele></trkpt>
<trkpt lat="44.637242" lon="3.452710"><ele>1141.25</ele></trkpt>
<trkpt lat="44.636925" lon="3.454768"><ele>1158.25</ele></trkpt>
<trkpt lat="44.636802" lon="3.456003"><ele>1166.25</ele></trkpt>
<trkpt lat="44.635881" lon="3.456205"><ele>1169.25</ele></trkpt>
<trkpt lat="44.635347" lon="3.456524"><ele>1168.5</ele></trkpt>
<trkpt lat="44.634841" lon="3.456806"><ele>1167.5</ele></trkpt>
<trkpt lat="44.634499" lon="3.456908"><ele>1168.5</ele></trkpt>
<trkpt lat="44.633897" lon="3.457043"><ele>1169.5</ele></trkpt>
<trkpt lat="44.633505" lon="3.457077"><ele>1170.5</ele></trkpt>
<trkpt lat="44.633238" lon="3.457050"><ele>1171.0</ele></trkpt>
<trkpt lat="44.632941" lon="3.456948"><ele>1171.5</ele></trkpt>
<trkpt lat="44.632544" lon="3.456786"><ele>1170.25</ele></trkpt>
<trkpt lat="44.632386" lon="3.456821"><ele>1169.75</ele></trkpt>
<trkpt lat="44.632204" lon="3.456974"><ele>1169.75</ele></trkpt>
<trkpt lat="44.631970" lon="3.457280"><ele>1168.75</ele></trkpt>
<trkpt lat="44.631282" lon="3.458010"><ele>1170.25</ele></trkpt>
<trkpt lat="44.630945" lon="3.458162"><ele>1172.25</ele></trkpt>
<trkpt lat="44.630691" lon="3.458272"><ele>1173.5</ele></trkpt>
<trkpt lat="44.630526" lon="3.458413"><ele>1174.25</ele></trkpt>
<trkpt lat="44.630368" lon="3.458509"><ele>1175.5</ele></trkpt>
<trkpt lat="44.628889" lon="3.458897"><ele>1179.75</ele></trkpt>
<trkpt lat="44.627772" lon="3.459392"><ele>1183.0</ele></trkpt>
<trkpt lat="44.626962" lon="3.459883"><ele>1184.25</ele></trkpt>
<trkpt lat="44.625969" lon="3.460364"><ele>1185.25</ele></trkpt>
<trkpt lat="44.625072" lon="3.460910"><ele>1188.0</ele></trkpt>
<trkpt lat="44.624593" lon="3.461100"><ele>1188.0</ele></trkpt>
<trkpt lat="44.623982" lon="3.461521"><ele>1186.25</ele></trkpt>
<trkpt lat="44.623147" lon="3.461582"><ele>1183.75</ele></trkpt>
<trkpt lat="44.622692" lon="3.461586"><ele>1182.5</ele></trkpt>
<trkpt lat="44.622206" lon="3.461523"><ele>1181.75</ele></trkpt>
<trkpt lat="44.621792" lon="3.461584"><ele>1181.75</ele></trkpt>
<trkpt lat="44.621352" lon="3.461589"><ele>1181.0</ele></trkpt>
<trkpt lat="44.620965" lon="3.461486"><ele>1180.75</ele></trkpt>
<trkpt lat="44.620843" lon="3.461454"><ele>1180.75</ele></trkpt>
<trkpt lat="44.620581" lon="3.461429"><ele>1180.0</ele></trkpt>
<trkpt lat="44.620303" lon="3.461467"><ele>1178.25</ele></trkpt>
<trkpt lat="44.620050" lon="3.461618"><ele>1176.5</ele></trkpt>
<trkpt lat="44.619762" lon="3.461698"><ele>1175.75</ele></trkpt>
<trkpt lat="44.619336" lon="3.461650"><ele>1175.0</ele></trkpt>
<trkpt lat="44.619259" lon="3.461713"><ele>1174.75</ele></trkpt>
<trkpt lat="44.619151" lon="3.461887"><ele>1174.25</ele></trkpt>
<trkpt lat="44.618930" lon="3.461679"><ele>1175.0</ele></trkpt>
<trkpt lat="44.618618" lon="3.461565"><ele>1175.5</ele></trkpt>
<trkpt lat="44.618132" lon="3.461435"><ele>1176.5</ele></trkpt>
<trkpt lat="44.617761" lon="3.461159"><ele>1177.5</ele></trkpt>
<trkpt lat="44.617530" lon="3.461077"><ele>1177.5</ele></trkpt>
<trkpt lat="44.617171" lon="3.461126"><ele>1177.75</ele></trkpt>
<trkpt lat="44.616800" lon="3.461110"><ele>1176.25</ele></trkpt>
<trkpt lat="44.614242" lon="3.460346"><ele>1169.5</ele></trkpt>
<trkpt lat="44.613756" lon="3.460150"><ele>1167.25</ele></trkpt>
<trkpt lat="44.613409" lon="3.459955"><ele>1166.25</ele></trkpt>
<trkpt lat="44.612691" lon="3.458768"><ele>1156.0</ele></trkpt>
<trkpt lat="44.612425" lon="3.458297"><ele>1152.5</ele></trkpt>
<trkpt lat="44.612182" lon="3.457955"><ele>1150.75</ele></trkpt>
<trkpt lat="44.611880" lon="3.457744"><ele>1149.75</ele></trkpt>
<trkpt lat="44.611186" lon="3.457597"><ele>1147.25</ele></trkpt>
<trkpt lat="44.610630" lon="3.457516"><ele>1146.0</ele></trkpt>
<trkpt lat="44.610156" lon="3.457386"><ele>1144.75</ele></trkpt>
<trkpt lat="44.610061" lon="3.457327"><ele>1144.25</ele></trkpt>
<trkpt lat="44.609947" lon="3.457256"><ele>1143.75</ele></trkpt>
<trkpt lat="44.609612" lon="3.457077"><ele>1141.25</ele></trkpt>
<trkpt lat="44.609264" lon="3.456947"><ele>1139.25</ele></trkpt>
<trkpt lat="44.608894" lon="3.456963"><ele>1137.0</ele></trkpt>
<trkpt lat="44.608535" lon="3.457012"><ele>1135.25</ele></trkpt>
<trkpt lat="44.608269" lon="3.457012"><ele>1134.0</ele></trkpt>
<trkpt lat="44.608033" lon="3.456978"><ele>1132.0</ele></trkpt>
<trkpt lat="44.607826" lon="3.456791"><ele>1130.75</ele></trkpt>
<trkpt lat="44.607560" lon="3.456530"><ele>1128.5</ele></trkpt>
<trkpt lat="44.607248" lon="3.456193"><ele>1127.25</ele></trkpt>
<trkpt lat="44.607015" lon="3.455904"><ele>1126.25</ele></trkpt>
<trkpt lat="44.606277" lon="3.454596"><ele>1119.25</ele></trkpt>
<trkpt lat="44.606177" lon="3.454438"><ele>1117.5</ele></trkpt>
<trkpt lat="44.605945" lon="3.454363"><ele>1115.25</ele></trkpt>
<trkpt lat="44.605293" lon="3.454223"><ele>1105.5</ele></trkpt>
<trkpt lat="44.604974" lon="3.454008"><ele>1100.25</ele></trkpt>
<trkpt lat="44.604668" lon="3.453737"><ele>1093.75</ele></trkpt>
<trkpt lat="44.604448" lon="3.453606"><ele>1090.75</ele></trkpt>
<trkpt lat="44.603966" lon="3.453392"><ele>1086.25</ele></trkpt>
<trkpt lat="44.603318" lon="3.453214"><ele>1078.75</ele></trkpt>
<trkpt lat="44.603138" lon="3.453317"><ele>1076.25</ele></trkpt>
<trkpt lat="44.602487" lon="3.454017"><ele>1068.75</ele></trkpt>
<trkpt lat="44.602154" lon="3.454344"><ele>1065.75</ele></trkpt>
<trkpt lat="44.601988" lon="3.454382"><ele>1064.0</ele></trkpt>
<trkpt lat="44.601509" lon="3.454211"><ele>1062.25</ele></trkpt>
<trkpt lat="44.601415" lon="3.454165"><ele>1062.75</ele></trkpt>
<trkpt lat="44.600989" lon="3.453911"><ele>1064.25</ele></trkpt>
<trkpt lat="44.600472" lon="3.453578"><ele>1068.0</ele></trkpt>
<trkpt lat="44.600342" lon="3.453550"><ele>1070.0</ele></trkpt>
<trkpt lat="44.599906" lon="3.453457"><ele>1076.0</ele></trkpt>
<trkpt lat="44.599428" lon="3.453532"><ele>1081.75</ele></trkpt>
<trkpt lat="44.599068" lon="3.453569"><ele>1088.25</ele></trkpt>
<trkpt lat="44.598723" lon="3.453476"><ele>1093.5</ele></trkpt>
<trkpt lat="44.598443" lon="3.453317"><ele>1096.75</ele></trkpt>
<trkpt lat="44.598031" lon="3.453177"><ele>1098.75</ele></trkpt>
<trkpt lat="44.597718" lon="3.453121"><ele>1101.0</ele></trkpt>
<trkpt lat="44.597546" lon="3.452981"><ele>1103.25</ele></trkpt>
<trkpt lat="44.597459" lon="3.452738"><ele>1104.75</ele></trkpt>
<trkpt lat="44.597406" lon="3.452485"><ele>1106.25</ele></trkpt>
<trkpt lat="44.597379" lon="3.452215"><ele>1109.0</ele></trkpt>
<trkpt lat="44.597432" lon="3.451888"><ele>1111.5</ele></trkpt>
<trkpt lat="44.597532" lon="3.451169"><ele>1119.75</ele></trkpt>
<trkpt lat="44.597452" lon="3.450720"><ele>1120.5</ele></trkpt>
<trkpt lat="44.597286" lon="3.450235"><ele>1121.0</ele></trkpt>
<trkpt lat="44.597000" lon="3.449459"><ele>1122.5</ele></trkpt>
<trkpt lat="44.596691" lon="3.448877"><ele>1124.5</ele></trkpt>
<trkpt lat="44.596152" lon="3.448142"><ele>1129.5</ele></trkpt>
<trkpt lat="44.595870" lon="3.447797"><ele>1132.5</ele></trkpt>
<trkpt lat="44.595798" lon="3.447637"><ele>1133.25</ele></trkpt>
<trkpt lat="44.595603" lon="3.446846"><ele>1139.0</ele></trkpt>
<trkpt lat="44.595556" lon="3.446605"><ele>1139.0</ele></trkpt>
<trkpt lat="44.595516" lon="3.446486"><ele>1140.0</ele></trkpt>
<trkpt lat="44.595315" lon="3.446112"><ele>1140.5</ele></trkpt>
<trkpt lat="44.595344" lon="3.446332"><ele>1142.0</ele></trkpt>
<trkpt lat="44.595321" lon="3.446437"><ele>1142.75</ele></trkpt>
<trkpt lat="44.595250" lon="3.446582"><ele>1144.5</ele></trkpt>
<trkpt lat="44.595159" lon="3.446710"><ele>1145.5</ele></trkpt>
<trkpt lat="44.594765" lon="3.447003"><ele>1149.0</ele></trkpt>
<trkpt lat="44.594256" lon="3.447360"><ele>1153.5</ele></trkpt>
<trkpt lat="44.593946" lon="3.447425"><ele>1156.5</ele></trkpt>
<trkpt lat="44.593607" lon="3.447572"><ele>1161.75</ele></trkpt>
<trkpt lat="44.593388" lon="3.447700"><ele>1164.0</ele></trkpt>
<trkpt lat="44.593191" lon="3.447930"><ele>1167.0</ele></trkpt>
<trkpt lat="44.592901" lon="3.448239"><ele>1165.25</ele></trkpt>
<trkpt lat="44.592137" lon="3.448613"><ele>1164.75</ele></trkpt>
<trkpt lat="44.591569" lon="3.448808"><ele>1167.5</ele></trkpt>
<trkpt lat="44.591233" lon="3.449019"><ele>1168.75</ele></trkpt>
<trkpt lat="44.590851" lon="3.449393"><ele>1170.75</ele></trkpt>
<trkpt lat="44.590766" lon="3.449419"><ele>1171.0</ele></trkpt>
<trkpt lat="44.590689" lon="3.449442"><ele>1171.5</ele></trkpt>
<trkpt lat="44.590249" lon="3.449361"><ele>1172.5</ele></trkpt>
<trkpt lat="44.590035" lon="3.449345"><ele>1172.5</ele></trkpt>
<trkpt lat="44.589809" lon="3.449361"><ele>1172.25</ele></trkpt>
<trkpt lat="44.589607" lon="3.449414"><ele>1171.5</ele></trkpt>
<trkpt lat="44.589473" lon="3.449507"><ele>1170.5</ele></trkpt>
<trkpt lat="44.589372" lon="3.449650"><ele>1169.25</ele></trkpt>
<trkpt lat="44.589276" lon="3.449816"><ele>1168.25</ele></trkpt>
<trkpt lat="44.589149" lon="3.450174"><ele>1167.25</ele></trkpt>
<trkpt lat="44.589022" lon="3.450418"><ele>1167.0</ele></trkpt>
<trkpt lat="44.588939" lon="3.450520"><ele>1167.0</ele></trkpt>
<trkpt lat="44.588823" lon="3.450568"><ele>1167.0</ele></trkpt>
<trkpt lat="44.588758" lon="3.450579"><ele>1167.0</ele></trkpt>
<trkpt lat="44.588694" lon="3.450558"><ele>1167.0</ele></trkpt>
<trkpt lat="44.588617" lon="3.450426"><ele>1167.25</ele></trkpt>
<trkpt lat="44.588517" lon="3.450289"><ele>1168.75</ele></trkpt>
<trkpt lat="44.588288" lon="3.450117"><ele>1171.5</ele></trkpt>
<trkpt lat="44.588116" lon="3.450042"><ele>1174.5</ele></trkpt>
<trkpt lat="44.587967" lon="3.450031"><ele>1177.25</ele></trkpt>
<trkpt lat="44.587631" lon="3.449988"><ele>1183.0</ele></trkpt>
<trkpt lat="44.587414" lon="3.449996"><ele>1186.25</ele></trkpt>
<trkpt lat="44.587328" lon="3.449956"><ele>1187.75</ele></trkpt>
<trkpt lat="44.587279" lon="3.449860"><ele>1189.5</ele></trkpt>
<trkpt lat="44.587247" lon="3.449244"><ele>1194.75</ele></trkpt>
<trkpt lat="44.587081" lon="3.448880"><ele>1200.5</ele></trkpt>
<trkpt lat="44.586996" lon="3.448662"><ele>1202.75</ele></trkpt>
<trkpt lat="44.586894" lon="3.448515"><ele>1204.25</ele></trkpt>
<trkpt lat="44.586695" lon="3.448105"><ele>1207.5</ele></trkpt>
<trkpt lat="44.586568" lon="3.447712"><ele>1209.25</ele></trkpt>
<trkpt lat="44.586509" lon="3.447638"><ele>1210.0</ele></trkpt>
<trkpt lat="44.586143" lon="3.447329"><ele>1214.5</ele></trkpt>
<trkpt lat="44.585451" lon="3.446918"><ele>1220.75</ele></trkpt>
<trkpt lat="44.584899" lon="3.446629"><ele>1223.0</ele></trkpt>
<trkpt lat="44.584703" lon="3.446549"><ele>1223.75</ele></trkpt>
<trkpt lat="44.584513" lon="3.446517"><ele>1224.25</ele></trkpt>
<trkpt lat="44.584140" lon="3.446610"><ele>1225.75</ele></trkpt>
<trkpt lat="44.583828" lon="3.446797"><ele>1226.25</ele></trkpt>
<trkpt lat="44.583688" lon="3.446872"><ele>1226.75</ele></trkpt>
<trkpt lat="44.583489" lon="3.446825"><ele>1226.75</ele></trkpt>
<trkpt lat="44.583271" lon="3.446626"><ele>1226.5</ele></trkpt>
<trkpt lat="44.583123" lon="3.446596"><ele>1228.25</ele></trkpt>
<trkpt lat="44.582936" lon="3.446638"><ele>1229.75</ele></trkpt>
<trkpt lat="44.582617" lon="3.446732"><ele>1232.25</ele></trkpt>
<trkpt lat="44.582092" lon="3.446918"><ele>1235.5</ele></trkpt>
<trkpt lat="44.581815" lon="3.447028"><ele>1236.0</ele></trkpt>
<trkpt lat="44.581786" lon="3.447040"><ele>1236.0</ele></trkpt>
<trkpt lat="44.581666" lon="3.447124"><ele>1236.25</ele></trkpt>
<trkpt lat="44.581506" lon="3.447245"><ele>1235.75</ele></trkpt>
<trkpt lat="44.581280" lon="3.447292"><ele>1235.5</ele></trkpt>
<trkpt lat="44.580926" lon="3.447295"><ele>1235.75</ele></trkpt>
<trkpt lat="44.580798" lon="3.447390"><ele>1236.0</ele></trkpt>
<trkpt lat="44.580392" lon="3.448116"><ele>1237.75</ele></trkpt>
<trkpt lat="44.580259" lon="3.447825"><ele>1238.25</ele></trkpt>
<trkpt lat="44.579603" lon="3.447075"><ele>1238.0</ele></trkpt>
<trkpt lat="44.579142" lon="3.446905"><ele>1239.75</ele></trkpt>
<trkpt lat="44.579230" lon="3.444086"><ele>1225.25</ele></trkpt>
<trkpt lat="44.579437" lon="3.442319"><ele>1219.25</ele></trkpt>
<trkpt lat="44.579447" lon="3.441656"><ele>1217.75</ele></trkpt>
<trkpt lat="44.579311" lon="3.439919"><ele>1212.0</ele></trkpt>
<trkpt lat="44.579095" lon="3.439373"><ele>1209.75</ele></trkpt>
<trkpt lat="44.579153" lon="3.439239"><ele>1209.75</ele></trkpt>
<trkpt lat="44.579602" lon="3.438198"><ele>1207.0</ele></trkpt>
<trkpt lat="44.579734" lon="3.437981"><ele>1206.75</ele></trkpt>
<trkpt lat="44.579731" lon="3.437902"><ele>1206.75</ele></trkpt>
<trkpt lat="44.579774" lon="3.437777"><ele>1206.75</ele></trkpt>
<trkpt lat="44.579896" lon="3.437522"><ele>1206.25</ele></trkpt>
<trkpt lat="44.580157" lon="3.437013"><ele>1207.0</ele></trkpt>
<trkpt lat="44.580358" lon="3.436653"><ele>1208.25</ele></trkpt>
<trkpt lat="44.580342" lon="3.436491"><ele>1209.25</ele></trkpt>
<trkpt lat="44.580261" lon="3.436350"><ele>1210.0</ele></trkpt>
<trkpt lat="44.579431" lon="3.435477"><ele>1213.5</ele></trkpt>
<trkpt lat="44.578965" lon="3.435851"><ele>1211.0</ele></trkpt>
<trkpt lat="44.578659" lon="3.435949"><ele>1211.0</ele></trkpt>
<trkpt lat="44.578336" lon="3.435804"><ele>1211.0</ele></trkpt>
<trkpt lat="44.578117" lon="3.433810"><ele>1202.5</ele></trkpt>
<trkpt lat="44.577973" lon="3.433569"><ele>1202.75</ele></trkpt>
<trkpt lat="44.577674" lon="3.433068"><ele>1204.75</ele></trkpt>
<trkpt lat="44.577025" lon="3.432043"><ele>1207.75</ele></trkpt>
<trkpt lat="44.576613" lon="3.430862"><ele>1207.5</ele></trkpt>
<trkpt lat="44.576251" lon="3.430081"><ele>1205.75</ele></trkpt>
<trkpt lat="44.575834" lon="3.428881"><ele>1203.0</ele></trkpt>
<trkpt lat="44.575720" lon="3.428313"><ele>1202.75</ele></trkpt>
<trkpt lat="44.575535" lon="3.427938"><ele>1202.5</ele></trkpt>
<trkpt lat="44.574903" lon="3.427000"><ele>1204.25</ele></trkpt>
<trkpt lat="44.574304" lon="3.426192"><ele>1207.0</ele></trkpt>
<trkpt lat="44.573819" lon="3.425491"><ele>1209.0</ele></trkpt>
<trkpt lat="44.573606" lon="3.425244"><ele>1208.75</ele></trkpt>
<trkpt lat="44.572831" lon="3.424114"><ele>1209.0</ele></trkpt>
<trkpt lat="44.572145" lon="3.422892"><ele>1208.75</ele></trkpt>
<trkpt lat="44.571187" lon="3.421786"><ele>1210.25</ele></trkpt>
<trkpt lat="44.570011" lon="3.420652"><ele>1207.5</ele></trkpt>
<trkpt lat="44.569572" lon="3.419940"><ele>1207.75</ele></trkpt>
<trkpt lat="44.569054" lon="3.419358"><ele>1206.75</ele></trkpt>
<trkpt lat="44.568233" lon="3.418516"><ele>1207.75</ele></trkpt>
<trkpt lat="44.566868" lon="3.417115"><ele>1202.25</ele></trkpt>
<trkpt lat="44.565981" lon="3.415809"><ele>1197.0</ele></trkpt>
<trkpt lat="44.565444" lon="3.414886"><ele>1191.25</ele></trkpt>
<trkpt lat="44.563687" lon="3.412814"><ele>1185.0</ele></trkpt>
<trkpt lat="44.562159" lon="3.411909"><ele>1184.75</ele></trkpt>
<trkpt lat="44.562081" lon="3.411830"><ele>1184.75</ele></trkpt>
<trkpt lat="44.561947" lon="3.411694"><ele>1184.75</ele></trkpt>
<trkpt lat="44.561783" lon="3.411486"><ele>1185.0</ele></trkpt>
<trkpt lat="44.561051" lon="3.410331"><ele>1180.75</ele></trkpt>
<trkpt lat="44.559141" lon="3.407810"><ele>1172.75</ele></trkpt>
<trkpt lat="44.557956" lon="3.405720"><ele>1166.75</ele></trkpt>
<trkpt lat="44.557267" lon="3.405152"><ele>1166.0</ele></trkpt>
<trkpt lat="44.556978" lon="3.405023"><ele>1166.75</ele></trkpt>
<trkpt lat="44.556436" lon="3.404914"><ele>1168.25</ele></trkpt>
<trkpt lat="44.556170" lon="3.404829"><ele>1169.5</ele></trkpt>
<trkpt lat="44.555793" lon="3.404637"><ele>1170.5</ele></trkpt>
<trkpt lat="44.555343" lon="3.404345"><ele>1172.25</ele></trkpt>
<trkpt lat="44.554688" lon="3.403793"><ele>1170.75</ele></trkpt>
<trkpt lat="44.554205" lon="3.403423"><ele>1167.25</ele></trkpt>
<trkpt lat="44.553186" lon="3.401811"><ele>1152.5</ele></trkpt>
<trkpt lat="44.552136" lon="3.400548"><ele>1144.5</ele></trkpt>
<trkpt lat="44.550780" lon="3.399309"><ele>1140.0</ele></trkpt>
<trkpt lat="44.550682" lon="3.399220"><ele>1139.75</ele></trkpt>
<trkpt lat="44.548920" lon="3.397323"><ele>1124.75</ele></trkpt>
<trkpt lat="44.548295" lon="3.396164"><ele>1114.0</ele></trkpt>
<trkpt lat="44.547097" lon="3.394288"><ele>1108.5</ele></trkpt>
<trkpt lat="44.545885" lon="3.392430"><ele>1104.25</ele></trkpt>
<trkpt lat="44.545185" lon="3.391653"><ele>1100.5</ele></trkpt>
<trkpt lat="44.544601" lon="3.390793"><ele>1100.25</ele></trkpt>
<trkpt lat="44.544105" lon="3.390063"><ele>1098.0</ele></trkpt>
<trkpt lat="44.542981" lon="3.388252"><ele>1087.25</ele></trkpt>
<trkpt lat="44.541918" lon="3.386933"><ele>1078.5</ele></trkpt>
<trkpt lat="44.541706" lon="3.386558"><ele>1076.25</ele></trkpt>
<trkpt lat="44.541110" lon="3.385504"><ele>1070.5</ele></trkpt>
<trkpt lat="44.539827" lon="3.382829"><ele>1062.75</ele></trkpt>
<trkpt lat="44.538931" lon="3.381165"><ele>1055.5</ele></trkpt>
<trkpt lat="44.538325" lon="3.380266"><ele>1049.75</ele></trkpt>
<trkpt lat="44.537745" lon="3.379526"><ele>1046.75</ele></trkpt>
<trkpt lat="44.537578" lon="3.379183"><ele>1044.25</ele></trkpt>
<trkpt lat="44.537253" lon="3.378688"><ele>1042.25</ele></trkpt>
<trkpt lat="44.536788" lon="3.378195"><ele>1040.0</ele></trkpt>
<trkpt lat="44.536164" lon="3.377653"><ele>1037.25</ele></trkpt>
<trkpt lat="44.535646" lon="3.376815"><ele>1033.25</ele></trkpt>
<trkpt lat="44.535516" lon="3.376707"><ele>1031.75</ele></trkpt>
<trkpt lat="44.535259" lon="3.376495"><ele>1029.25</ele></trkpt>
<trkpt lat="44.534486" lon="3.375755"><ele>1024.25</ele></trkpt>
<trkpt lat="44.533898" lon="3.374954"><ele>1020.75</ele></trkpt>
<trkpt lat="44.532975" lon="3.374091"><ele>1020.0</ele></trkpt>
<trkpt lat="44.532136" lon="3.373390"><ele>1020.25</ele></trkpt>
<trkpt lat="44.531859" lon="3.373052"><ele>1021.0</ele></trkpt>
<trkpt lat="44.531609" lon="3.372496"><ele>1022.75</ele></trkpt>
<trkpt lat="44.531422" lon="3.372006"><ele>1025.5</ele></trkpt>
<trkpt lat="44.531195" lon="3.371691"><ele>1025.25</ele></trkpt>
<trkpt lat="44.531152" lon="3.371632"><ele>1025.75</ele></trkpt>
<trkpt lat="44.530663" lon="3.371179"><ele>1025.25</ele></trkpt>
<trkpt lat="44.530154" lon="3.370815"><ele>1023.75</ele></trkpt>
<trkpt lat="44.529849" lon="3.370758"><ele>1022.25</ele></trkpt>
<trkpt lat="44.529751" lon="3.370740"><ele>1022.0</ele></trkpt>
<trkpt lat="44.529351" lon="3.370717"><ele>1020.5</ele></trkpt>
<trkpt lat="44.528469" lon="3.370820"><ele>1016.75</ele></trkpt>
<trkpt lat="44.528321" lon="3.370889"><ele>1015.5</ele></trkpt>
<trkpt lat="44.528100" lon="3.370992"><ele>1014.5</ele></trkpt>
<trkpt lat="44.527534" lon="3.371431"><ele>1014.0</ele></trkpt>
<trkpt lat="44.526695" lon="3.371945"><ele>1015.0</ele></trkpt>
<trkpt lat="44.526375" lon="3.372398"><ele>1013.5</ele></trkpt>
<trkpt lat="44.525869" lon="3.372954"><ele>1008.25</ele></trkpt>
<trkpt lat="44.525370" lon="3.373169"><ele>1004.5</ele></trkpt>
<trkpt lat="44.525031" lon="3.373299"><ele>1002.0</ele></trkpt>
<trkpt lat="44.524924" lon="3.373304"><ele>1001.25</ele></trkpt>
<trkpt lat="44.524856" lon="3.373274"><ele>1000.5</ele></trkpt>
<trkpt lat="44.524747" lon="3.373337"><ele>1000.0</ele></trkpt>
<trkpt lat="44.524025" lon="3.373592"><ele>997.25</ele></trkpt>
<trkpt lat="44.522673" lon="3.373603"><ele>996.5</ele></trkpt>
<trkpt lat="44.522316" lon="3.373393"><ele>995.0</ele></trkpt>
<trkpt lat="44.522057" lon="3.373369"><ele>994.25</ele></trkpt>
<trkpt lat="44.521787" lon="3.373439"><ele>992.5</ele></trkpt>
<trkpt lat="44.521369" lon="3.373415"><ele>990.5</ele></trkpt>
<trkpt lat="44.520468" lon="3.373103"><ele>983.75</ele></trkpt>
<trkpt lat="44.520299" lon="3.373000"><ele>982.25</ele></trkpt>
<trkpt lat="44.520205" lon="3.372980"><ele>982.0</ele></trkpt>
<trkpt lat="44.520516" lon="3.372466"><ele>984.5</ele></trkpt>
<trkpt lat="44.520791" lon="3.372034"><ele>984.5</ele></trkpt>
<trkpt lat="44.520890" lon="3.371875"><ele>984.0</ele></trkpt>
<trkpt lat="44.521096" lon="3.371649"><ele>982.75</ele></trkpt>
<trkpt lat="44.521281" lon="3.371527"><ele>981.0</ele></trkpt>
<trkpt lat="44.521468" lon="3.371468"><ele>978.5</ele></trkpt>
<trkpt lat="44.521919" lon="3.371543"><ele>971.25</ele></trkpt>
<trkpt lat="44.522348" lon="3.371640"><ele>966.0</ele></trkpt>
<trkpt lat="44.522669" lon="3.371672"><ele>963.25</ele></trkpt>
<trkpt lat="44.523009" lon="3.371667"><ele>959.5</ele></trkpt>
<trkpt lat="44.523220" lon="3.371645"><ele>958.5</ele></trkpt>
<trkpt lat="44.523327" lon="3.371565"><ele>957.5</ele></trkpt>
<trkpt lat="44.523313" lon="3.371363"><ele>954.5</ele></trkpt>
<trkpt lat="44.523227" lon="3.371286"><ele>953.5</ele></trkpt>
<trkpt lat="44.523342" lon="3.371296"><ele>953.75</ele></trkpt>
<trkpt lat="44.523541" lon="3.371237"><ele>955.0</ele></trkpt>
<trkpt lat="44.523939" lon="3.370787"><ele>954.75</ele></trkpt>
<trkpt lat="44.523985" lon="3.370712"><ele>954.5</ele></trkpt>
<trkpt lat="44.524077" lon="3.370674"><ele>955.75</ele></trkpt>
<trkpt lat="44.524123" lon="3.370601"><ele>956.25</ele></trkpt>
<trkpt lat="44.524158" lon="3.370507"><ele>956.75</ele></trkpt>
<trkpt lat="44.524151" lon="3.370224"><ele>956.75</ele></trkpt>
<trkpt lat="44.524153" lon="3.369990"><ele>958.5</ele></trkpt>
<trkpt lat="44.524180" lon="3.369682"><ele>960.75</ele></trkpt>
<trkpt lat="44.524157" lon="3.369435"><ele>961.5</ele></trkpt>
<trkpt lat="44.524068" lon="3.369221"><ele>959.0</ele></trkpt>
<trkpt lat="44.524046" lon="3.369129"><ele>958.25</ele></trkpt>
<trkpt lat="44.524080" lon="3.368748"><ele>957.75</ele></trkpt>
<trkpt lat="44.524176" lon="3.368314"><ele>957.0</ele></trkpt>
<trkpt lat="44.524241" lon="3.368148"><ele>956.75</ele></trkpt>
<trkpt lat="44.524402" lon="3.367954"><ele>957.25</ele></trkpt>
<trkpt lat="44.524490" lon="3.367879"><ele>957.25</ele></trkpt>
<trkpt lat="44.524662" lon="3.367810"><ele>957.0</ele></trkpt>
<trkpt lat="44.525167" lon="3.367928"><ele>956.25</ele></trkpt>
<trkpt lat="44.526215" lon="3.368048"><ele>953.75</ele></trkpt>
<trkpt lat="44.526308" lon="3.368035"><ele>953.5</ele></trkpt>
<trkpt lat="44.526389" lon="3.367994"><ele>952.75</ele></trkpt>
<trkpt lat="44.526449" lon="3.367898"><ele>952.0</ele></trkpt>
<trkpt lat="44.526494" lon="3.367741"><ele>951.0</ele></trkpt>
<trkpt lat="44.526547" lon="3.367407"><ele>950.25</ele></trkpt>
<trkpt lat="44.526559" lon="3.366962"><ele>950.5</ele></trkpt>
<trkpt lat="44.526467" lon="3.366501"><ele>953.75</ele></trkpt>
<trkpt lat="44.526467" lon="3.366093"><ele>957.25</ele></trkpt>
<trkpt lat="44.526559" lon="3.365701"><ele>956.75</ele></trkpt>
<trkpt lat="44.526681" lon="3.365283"><ele>957.25</ele></trkpt>
<trkpt lat="44.526697" lon="3.365093"><ele>957.25</ele></trkpt>
<trkpt lat="44.526860" lon="3.364654"><ele>958.75</ele></trkpt>
<trkpt lat="44.526959" lon="3.364448"><ele>959.0</ele></trkpt>
<trkpt lat="44.527057" lon="3.364298"><ele>958.25</ele></trkpt>
<trkpt lat="44.527109" lon="3.364217"><ele>957.75</ele></trkpt>
<trkpt lat="44.527378" lon="3.363909"><ele>955.25</ele></trkpt>
<trkpt lat="44.527510" lon="3.363807"><ele>953.75</ele></trkpt>
<trkpt lat="44.527669" lon="3.363750"><ele>952.0</ele></trkpt>
<trkpt lat="44.527858" lon="3.363713"><ele>950.0</ele></trkpt>
<trkpt lat="44.528109" lon="3.363713"><ele>947.5</ele></trkpt>
<trkpt lat="44.528237" lon="3.363745"><ele>946.25</ele></trkpt>
<trkpt lat="44.528365" lon="3.363793"><ele>945.25</ele></trkpt>
<trkpt lat="44.528466" lon="3.363812"><ele>945.25</ele></trkpt>
<trkpt lat="44.528577" lon="3.363796"><ele>944.25</ele></trkpt>
<trkpt lat="44.528845" lon="3.363740"><ele>942.75</ele></trkpt>
<trkpt lat="44.528906" lon="3.363691"><ele>941.75</ele></trkpt>
<trkpt lat="44.529067" lon="3.363496"><ele>938.25</ele></trkpt>
<trkpt lat="44.529145" lon="3.363423"><ele>936.75</ele></trkpt>
<trkpt lat="44.529770" lon="3.363107"><ele>930.5</ele></trkpt>
<trkpt lat="44.530292" lon="3.362962"><ele>924.0</ele></trkpt>
<trkpt lat="44.530499" lon="3.362951"><ele>921.5</ele></trkpt>
<trkpt lat="44.530734" lon="3.362975"><ele>918.5</ele></trkpt>
<trkpt lat="44.530807" lon="3.362999"><ele>917.75</ele></trkpt>
<trkpt lat="44.530910" lon="3.363093"><ele>918.5</ele></trkpt>
<trkpt lat="44.530958" lon="3.363115"><ele>918.75</ele></trkpt>
<trkpt lat="44.531222" lon="3.363093"><ele>918.5</ele></trkpt>
<trkpt lat="44.531679" lon="3.363093"><ele>916.5</ele></trkpt>
<trkpt lat="44.532166" lon="3.363150"><ele>913.75</ele></trkpt>
<trkpt lat="44.532527" lon="3.363219"><ele>910.25</ele></trkpt>
<trkpt lat="44.532594" lon="3.363214"><ele>910.5</ele></trkpt>
<trkpt lat="44.532703" lon="3.363168"><ele>910.25</ele></trkpt>
<trkpt lat="44.532805" lon="3.363166"><ele>910.75</ele></trkpt>
<trkpt lat="44.533669" lon="3.363353"><ele>917.25</ele></trkpt>
<trkpt lat="44.533898" lon="3.363439"><ele>919.5</ele></trkpt>
<trkpt lat="44.534147" lon="3.363571"><ele>921.25</ele></trkpt>
<trkpt lat="44.534262" lon="3.363662"><ele>921.75</ele></trkpt>
<trkpt lat="44.534482" lon="3.363874"><ele>923.25</ele></trkpt>
<trkpt lat="44.535176" lon="3.364646"><ele>927.5</ele></trkpt>
<trkpt lat="44.535311" lon="3.364826"><ele>928.75</ele></trkpt>
<trkpt lat="44.535503" lon="3.365180"><ele>931.0</ele></trkpt>
<trkpt lat="44.535847" lon="3.366001"><ele>935.25</ele></trkpt>
<trkpt lat="44.536344" lon="3.366942"><ele>938.25</ele></trkpt>
<trkpt lat="44.536447" lon="3.367165"><ele>940.5</ele></trkpt>
<trkpt lat="44.536503" lon="3.367345"><ele>942.0</ele></trkpt>
<trkpt lat="44.536571" lon="3.367666"><ele>944.25</ele></trkpt>
<trkpt lat="44.536650" lon="3.368099"><ele>948.25</ele></trkpt>
<trkpt lat="44.536665" lon="3.368344"><ele>950.0</ele></trkpt>
<trkpt lat="44.536611" lon="3.368447"><ele>952.25</ele></trkpt>
<trkpt lat="44.536620" lon="3.368525"><ele>953.0</ele></trkpt>
<trkpt lat="44.536707" lon="3.368755"><ele>955.25</ele></trkpt>
<trkpt lat="44.536774" lon="3.368897"><ele>956.25</ele></trkpt>
<trkpt lat="44.536817" lon="3.368755"><ele>954.25</ele></trkpt>
<trkpt lat="44.536903" lon="3.368569"><ele>951.75</ele></trkpt>
<trkpt lat="44.536960" lon="3.368528"><ele>951.0</ele></trkpt>
<trkpt lat="44.537124" lon="3.368503"><ele>950.0</ele></trkpt>
<trkpt lat="44.537278" lon="3.368464"><ele>949.25</ele></trkpt>
<trkpt lat="44.537503" lon="3.368442"><ele>948.5</ele></trkpt>
<trkpt lat="44.537601" lon="3.368425"><ele>948.75</ele></trkpt>
<trkpt lat="44.537714" lon="3.367933"><ele>944.75</ele></trkpt>
<trkpt lat="44.537784" lon="3.367509"><ele>941.0</ele></trkpt>
<trkpt lat="44.537967" lon="3.366846"><ele>937.75</ele></trkpt>
<trkpt lat="44.538130" lon="3.366513"><ele>936.25</ele></trkpt>
<trkpt lat="44.538515" lon="3.365950"><ele>934.0</ele></trkpt>
<trkpt lat="44.538604" lon="3.365805"><ele>933.75</ele></trkpt>
<trkpt lat="44.538700" lon="3.365470"><ele>931.5</ele></trkpt>
<trkpt lat="44.539006" lon="3.364719"><ele>927.5</ele></trkpt>
<trkpt lat="44.539114" lon="3.364192"><ele>925.0</ele></trkpt>
<trkpt lat="44.539264" lon="3.363660"><ele>921.75</ele></trkpt>
<trkpt lat="44.539405" lon="3.363102"><ele>919.0</ele></trkpt>
<trkpt lat="44.539492" lon="3.362906"><ele>918.25</ele></trkpt>
<trkpt lat="44.539801" lon="3.362397"><ele>916.5</ele></trkpt>
<trkpt lat="44.540074" lon="3.361714"><ele>913.5</ele></trkpt>
<trkpt lat="44.540306" lon="3.361038"><ele>910.5</ele></trkpt>
<trkpt lat="44.540452" lon="3.360377"><ele>906.75</ele></trkpt>
<trkpt lat="44.540609" lon="3.359829"><ele>904.75</ele></trkpt>
<trkpt lat="44.540773" lon="3.359295"><ele>903.0</ele></trkpt>
<trkpt lat="44.540990" lon="3.358803"><ele>902.25</ele></trkpt>
<trkpt lat="44.541210" lon="3.358240"><ele>900.5</ele></trkpt>
<trkpt lat="44.541360" lon="3.357821"><ele>899.0</ele></trkpt>
<trkpt lat="44.541560" lon="3.357491"><ele>897.75</ele></trkpt>
<trkpt lat="44.541899" lon="3.357053"><ele>895.25</ele></trkpt>
<trkpt lat="44.542227" lon="3.356769"><ele>894.25</ele></trkpt>
<trkpt lat="44.542454" lon="3.356463"><ele>892.25</ele></trkpt>
<trkpt lat="44.542674" lon="3.356105"><ele>891.25</ele></trkpt>
<trkpt lat="44.542832" lon="3.355887"><ele>889.75</ele></trkpt>
<trkpt lat="44.543012" lon="3.355576"><ele>887.25</ele></trkpt>
<trkpt lat="44.543073" lon="3.355488"><ele>886.75</ele></trkpt>
<trkpt lat="44.543276" lon="3.355183"><ele>884.25</ele></trkpt>
<trkpt lat="44.543312" lon="3.355087"><ele>883.5</ele></trkpt>
<trkpt lat="44.543459" lon="3.354432"><ele>875.0</ele></trkpt>
<trkpt lat="44.543500" lon="3.354301"><ele>873.0</ele></trkpt>
<trkpt lat="44.543610" lon="3.354003"><ele>869.75</ele></trkpt>
<trkpt lat="44.543643" lon="3.353885"><ele>868.75</ele></trkpt>
<trkpt lat="44.543658" lon="3.353773"><ele>868.25</ele></trkpt>
<trkpt lat="44.543656" lon="3.353663"><ele>868.0</ele></trkpt>
<trkpt lat="44.543629" lon="3.353407"><ele>867.0</ele></trkpt>
<trkpt lat="44.543616" lon="3.353290"><ele>866.75</ele></trkpt>
<trkpt lat="44.543616" lon="3.353153"><ele>866.25</ele></trkpt>
<trkpt lat="44.543628" lon="3.353000"><ele>866.0</ele></trkpt>
<trkpt lat="44.543656" lon="3.352815"><ele>866.5</ele></trkpt>
<trkpt lat="44.543658" lon="3.352734"><ele>866.5</ele></trkpt>
<trkpt lat="44.543624" lon="3.352474"><ele>865.75</ele></trkpt>
<trkpt lat="44.543599" lon="3.352059"><ele>864.25</ele></trkpt>
<trkpt lat="44.543570" lon="3.351855"><ele>863.5</ele></trkpt>
<trkpt lat="44.543454" lon="3.351340"><ele>861.5</ele></trkpt>
<trkpt lat="44.543438" lon="3.351155"><ele>860.25</ele></trkpt>
<trkpt lat="44.543230" lon="3.350146"><ele>853.75</ele></trkpt>
<trkpt lat="44.543154" lon="3.349878"><ele>852.25</ele></trkpt>
<trkpt lat="44.542987" lon="3.349449"><ele>851.5</ele></trkpt>
<trkpt lat="44.542806" lon="3.349046"><ele>848.5</ele></trkpt>
<trkpt lat="44.542750" lon="3.348899"><ele>847.75</ele></trkpt>
<trkpt lat="44.542725" lon="3.348805"><ele>846.75</ele></trkpt>
<trkpt lat="44.542712" lon="3.348730"><ele>846.0</ele></trkpt>
<trkpt lat="44.542723" lon="3.348661"><ele>845.25</ele></trkpt>
<trkpt lat="44.542767" lon="3.348542"><ele>844.0</ele></trkpt>
<trkpt lat="44.542765" lon="3.348376"><ele>842.25</ele></trkpt>
<trkpt lat="44.542738" lon="3.348086"><ele>840.0</ele></trkpt>
<trkpt lat="44.542715" lon="3.347390"><ele>834.75</ele></trkpt>
<trkpt lat="44.542661" lon="3.347178"><ele>833.25</ele></trkpt>
<trkpt lat="44.542595" lon="3.347063"><ele>832.5</ele></trkpt>
<trkpt lat="44.542513" lon="3.346975"><ele>832.0</ele></trkpt>
<trkpt lat="44.542417" lon="3.346916"><ele>831.75</ele></trkpt>
<trkpt lat="44.541875" lon="3.346722"><ele>828.5</ele></trkpt>
<trkpt lat="44.541622" lon="3.346642"><ele>825.0</ele></trkpt>
<trkpt lat="44.541291" lon="3.346589"><ele>821.75</ele></trkpt>
<trkpt lat="44.540997" lon="3.346592"><ele>821.5</ele></trkpt>
<trkpt lat="44.540973" lon="3.346571"><ele>821.25</ele></trkpt>
<trkpt lat="44.540969" lon="3.346534"><ele>820.25</ele></trkpt>
<trkpt lat="44.540977" lon="3.346499"><ele>819.5</ele></trkpt>
<trkpt lat="44.541372" lon="3.346234"><ele>815.75</ele></trkpt>
<trkpt lat="44.541507" lon="3.346090"><ele>813.0</ele></trkpt>
<trkpt lat="44.541644" lon="3.345966"><ele>811.0</ele></trkpt>
<trkpt lat="44.541916" lon="3.345818"><ele>809.25</ele></trkpt>
<trkpt lat="44.542195" lon="3.345720"><ele>807.5</ele></trkpt>
<trkpt lat="44.543128" lon="3.345318"><ele>799.5</ele></trkpt>
<trkpt lat="44.543526" lon="3.345194"><ele>795.75</ele></trkpt>
<trkpt lat="44.543702" lon="3.345211"><ele>794.0</ele></trkpt>
<trkpt lat="44.544061" lon="3.345436"><ele>789.5</ele></trkpt>
<trkpt lat="44.544131" lon="3.345449"><ele>788.0</ele></trkpt>
<trkpt lat="44.544264" lon="3.345473"><ele>786.75</ele></trkpt>
<trkpt lat="44.544461" lon="3.345465"><ele>784.0</ele></trkpt>
<trkpt lat="44.544509" lon="3.345463"><ele>783.5</ele></trkpt>
<trkpt lat="44.544696" lon="3.345549"><ele>782.25</ele></trkpt>
<trkpt lat="44.544834" lon="3.345779"><ele>779.25</ele></trkpt>
<trkpt lat="44.544879" lon="3.345726"><ele>777.25</ele></trkpt>
<trkpt lat="44.544902" lon="3.345586"><ele>776.25</ele></trkpt>
<trkpt lat="44.544943" lon="3.345252"><ele>773.0</ele></trkpt>
<trkpt lat="44.544930" lon="3.344952"><ele>768.0</ele></trkpt>
<trkpt lat="44.544961" lon="3.344905"><ele>767.25</ele></trkpt>
<trkpt lat="44.545018" lon="3.344883"><ele>766.5</ele></trkpt>
<trkpt lat="44.545055" lon="3.344903"><ele>765.75</ele></trkpt>
<trkpt lat="44.545084" lon="3.344939"><ele>765.25</ele></trkpt>
<trkpt lat="44.545107" lon="3.345023"><ele>765.25</ele></trkpt>
<trkpt lat="44.545246" lon="3.345366"><ele>762.0</ele></trkpt>
<trkpt lat="44.545316" lon="3.345622"><ele>758.75</ele></trkpt>
<trkpt lat="44.545363" lon="3.345945"><ele>757.0</ele></trkpt>
<trkpt lat="44.545382" lon="3.346198"><ele>755.0</ele></trkpt>
<trkpt lat="44.545366" lon="3.346363"><ele>754.25</ele></trkpt>
<trkpt lat="44.545277" lon="3.346753"><ele>751.0</ele></trkpt>
<trkpt lat="44.545231" lon="3.347039"><ele>750.75</ele></trkpt>
<trkpt lat="44.545235" lon="3.347191"><ele>750.0</ele></trkpt>
<trkpt lat="44.545346" lon="3.347498"><ele>748.0</ele></trkpt>
<trkpt lat="44.545436" lon="3.347702"><ele>746.5</ele></trkpt>
<trkpt lat="44.545472" lon="3.347714"><ele>746.0</ele></trkpt>
<trkpt lat="44.545503" lon="3.347675"><ele>745.0</ele></trkpt>
<trkpt lat="44.545460" lon="3.347499"><ele>744.5</ele></trkpt>
<trkpt lat="44.545433" lon="3.347263"><ele>743.75</ele></trkpt>
<trkpt lat="44.545461" lon="3.347065"><ele>742.75</ele></trkpt>
<trkpt lat="44.545911" lon="3.346070"><ele>734.0</ele></trkpt>
<trkpt lat="44.546054" lon="3.345484"><ele>730.5</ele></trkpt>
<trkpt lat="44.546267" lon="3.345138"><ele>725.5</ele></trkpt>
<trkpt lat="44.546376" lon="3.344855"><ele>722.75</ele></trkpt>
<trkpt lat="44.546569" lon="3.344022"><ele>716.25</ele></trkpt>
<trkpt lat="44.546651" lon="3.343855"><ele>713.25</ele></trkpt>
<trkpt lat="44.546691" lon="3.343828"><ele>712.25</ele></trkpt>
<trkpt lat="44.546745" lon="3.343790"><ele>711.0</ele></trkpt>
<trkpt lat="44.546812" lon="3.343797"><ele>709.75</ele></trkpt>
<trkpt lat="44.546752" lon="3.343581"><ele>709.0</ele></trkpt>
<trkpt lat="44.546700" lon="3.343235"><ele>705.0</ele></trkpt>
<trkpt lat="44.546601" lon="3.342474"><ele>696.75</ele></trkpt>
<trkpt lat="44.546525" lon="3.342177"><ele>694.25</ele></trkpt>
<trkpt lat="44.546444" lon="3.341927"><ele>691.25</ele></trkpt>
<trkpt lat="44.546420" lon="3.341817"><ele>690.25</ele></trkpt>
<trkpt lat="44.546965" lon="3.341676"><ele>686.75</ele></trkpt>
<trkpt lat="44.547195" lon="3.341617"><ele>685.75</ele></trkpt>
<trkpt lat="44.547390" lon="3.341566"><ele>685.75</ele></trkpt>
<trkpt lat="44.548057" lon="3.341440"><ele>688.25</ele></trkpt>
<trkpt lat="44.548139" lon="3.341388"><ele>690.0</ele></trkpt>
<trkpt lat="44.548201" lon="3.341271"><ele>692.25</ele></trkpt>
<trkpt lat="44.548217" lon="3.341120"><ele>693.75</ele></trkpt>
<trkpt lat="44.548097" lon="3.340077"><ele>694.25</ele></trkpt>
<trkpt lat="44.548056" lon="3.339917"><ele>695.5</ele></trkpt>
<trkpt lat="44.547687" lon="3.339028"><ele>694.75</ele></trkpt>
<trkpt lat="44.547689" lon="3.338941"><ele>695.5</ele></trkpt>
<trkpt lat="44.547725" lon="3.338880"><ele>697.25</ele></trkpt>
<trkpt lat="44.547678" lon="3.338735"><ele>696.5</ele></trkpt>
<trkpt lat="44.547515" lon="3.337996"><ele>693.25</ele></trkpt>
<trkpt lat="44.547353" lon="3.337523"><ele>691.0</ele></trkpt>
<trkpt lat="44.546925" lon="3.336545"><ele>687.0</ele></trkpt>
<trkpt lat="44.546302" lon="3.335212"><ele>683.25</ele></trkpt>
<trkpt lat="44.546265" lon="3.335132"><ele>683.25</ele></trkpt>
<trkpt lat="44.546206" lon="3.334946"><ele>683.5</ele></trkpt>
<trkpt lat="44.546177" lon="3.334821"><ele>683.75</ele></trkpt>
<trkpt lat="44.546136" lon="3.334572"><ele>684.5</ele></trkpt>
<trkpt lat="44.546137" lon="3.334326"><ele>684.75</ele></trkpt>
<trkpt lat="44.546151" lon="3.334121"><ele>684.25</ele></trkpt>
<trkpt lat="44.546211" lon="3.333849"><ele>684.25</ele></trkpt>
<trkpt lat="44.546307" lon="3.333593"><ele>683.25</ele></trkpt>
<trkpt lat="44.546394" lon="3.333585"><ele>684.75</ele></trkpt>
<trkpt lat="44.546714" lon="3.333402"><ele>689.25</ele></trkpt>
<trkpt lat="44.546864" lon="3.333305"><ele>691.0</ele></trkpt>
<trkpt lat="44.546967" lon="3.333220"><ele>691.5</ele></trkpt>
<trkpt lat="44.547105" lon="3.333010"><ele>691.5</ele></trkpt>
<trkpt lat="44.547295" lon="3.332639"><ele>691.5</ele></trkpt>
<trkpt lat="44.547506" lon="3.332167"><ele>692.5</ele></trkpt>
<trkpt lat="44.547683" lon="3.331832"><ele>693.75</ele></trkpt>
<trkpt lat="44.547794" lon="3.331678"><ele>697.75</ele></trkpt>
<trkpt lat="44.548034" lon="3.331446"><ele>702.25</ele></trkpt>
<trkpt lat="44.548187" lon="3.331327"><ele>704.5</ele></trkpt>
<trkpt lat="44.548243" lon="3.331242"><ele>705.75</ele></trkpt>
<trkpt lat="44.548227" lon="3.331081"><ele>708.25</ele></trkpt>
<trkpt lat="44.548242" lon="3.330878"><ele>709.75</ele></trkpt>
<trkpt lat="44.548297" lon="3.330901"><ele>710.5</ele></trkpt>
<trkpt lat="44.548397" lon="3.330893"><ele>711.75</ele></trkpt>
<trkpt lat="44.548558" lon="3.330843"><ele>714.25</ele></trkpt>
<trkpt lat="44.548953" lon="3.330747"><ele>718.5</ele></trkpt>
<trkpt lat="44.549387" lon="3.330736"><ele>724.25</ele></trkpt>
<trkpt lat="44.549176" lon="3.330388"><ele>727.0</ele></trkpt>
<trkpt lat="44.549130" lon="3.330039"><ele>730.25</ele></trkpt>
<trkpt lat="44.549221" lon="3.329836"><ele>731.0</ele></trkpt>
<trkpt lat="44.550107" lon="3.329208"><ele>743.5</ele></trkpt>
<trkpt lat="44.550390" lon="3.329158"><ele>747.75</ele></trkpt>
<trkpt lat="44.550561" lon="3.328952"><ele>749.5</ele></trkpt>
<trkpt lat="44.550754" lon="3.328165"><ele>745.25</ele></trkpt>
<trkpt lat="44.550728" lon="3.328004"><ele>742.0</ele></trkpt>
<trkpt lat="44.550734" lon="3.327914"><ele>740.75</ele></trkpt>
<trkpt lat="44.550767" lon="3.327885"><ele>740.75</ele></trkpt>
<trkpt lat="44.550895" lon="3.327850"><ele>741.25</ele></trkpt>
<trkpt lat="44.551003" lon="3.327851"><ele>741.75</ele></trkpt>
<trkpt lat="44.551339" lon="3.327885"><ele>742.75</ele></trkpt>
<trkpt lat="44.551630" lon="3.327775"><ele>740.0</ele></trkpt>
<trkpt lat="44.552185" lon="3.327903"><ele>736.5</ele></trkpt>
<trkpt lat="44.553109" lon="3.327954"><ele>724.0</ele></trkpt>
<trkpt lat="44.553665" lon="3.327996"><ele>716.0</ele></trkpt>
<trkpt lat="44.554020" lon="3.328059"><ele>710.75</ele></trkpt>
<trkpt lat="44.554374" lon="3.328065"><ele>706.75</ele></trkpt>
<trkpt lat="44.554490" lon="3.328020"><ele>705.5</ele></trkpt>
<trkpt lat="44.554778" lon="3.327608"><ele>704.25</ele></trkpt>
<trkpt lat="44.554792" lon="3.327588"><ele>704.25</ele></trkpt>
<trkpt lat="44.554826" lon="3.327553"><ele>704.25</ele></trkpt>
<trkpt lat="44.555038" lon="3.327333"><ele>709.0</ele></trkpt>
<trkpt lat="44.555479" lon="3.327110"><ele>711.75</ele></trkpt>
<trkpt lat="44.555616" lon="3.326992"><ele>714.0</ele></trkpt>
<trkpt lat="44.555737" lon="3.326793"><ele>717.25</ele></trkpt>
<trkpt lat="44.556173" lon="3.326235"><ele>726.75</ele></trkpt>
<trkpt lat="44.556405" lon="3.326066"><ele>730.0</ele></trkpt>
<trkpt lat="44.556875" lon="3.325659"><ele>736.75</ele></trkpt>
<trkpt lat="44.557060" lon="3.325472"><ele>738.75</ele></trkpt>
<trkpt lat="44.557202" lon="3.325258"><ele>742.0</ele></trkpt>
<trkpt lat="44.557415" lon="3.324996"><ele>743.0</ele></trkpt>
<trkpt lat="44.557479" lon="3.324906"><ele>743.75</ele></trkpt>
<trkpt lat="44.557655" lon="3.324637"><ele>745.75</ele></trkpt>
<trkpt lat="44.558156" lon="3.324010"><ele>751.25</ele></trkpt>
<trkpt lat="44.558601" lon="3.323515"><ele>755.25</ele></trkpt>
<trkpt lat="44.558992" lon="3.323139"><ele>760.25</ele></trkpt>
<trkpt lat="44.559232" lon="3.322924"><ele>764.25</ele></trkpt>
<trkpt lat="44.559486" lon="3.322744"><ele>767.5</ele></trkpt>
<trkpt lat="44.559647" lon="3.322650"><ele>769.25</ele></trkpt>
<trkpt lat="44.559851" lon="3.322593"><ele>770.0</ele></trkpt>
<trkpt lat="44.559991" lon="3.322539"><ele>771.25</ele></trkpt>
<trkpt lat="44.560031" lon="3.322475"><ele>773.25</ele></trkpt>
<trkpt lat="44.559993" lon="3.322433"><ele>774.5</ele></trkpt>
<trkpt lat="44.559864" lon="3.322457"><ele>774.25</ele></trkpt>
<trkpt lat="44.559604" lon="3.322439"><ele>775.75</ele></trkpt>
<trkpt lat="44.559449" lon="3.322460"><ele>776.5</ele></trkpt>
<trkpt lat="44.559368" lon="3.322439"><ele>777.0</ele></trkpt>
<trkpt lat="44.559340" lon="3.322340"><ele>778.25</ele></trkpt>
<trkpt lat="44.559451" lon="3.322189"><ele>780.25</ele></trkpt>
<trkpt lat="44.559490" lon="3.322101"><ele>781.25</ele></trkpt>
<trkpt lat="44.559572" lon="3.321951"><ele>783.25</ele></trkpt>
<trkpt lat="44.559662" lon="3.321878"><ele>783.75</ele></trkpt>
<trkpt lat="44.559707" lon="3.321763"><ele>784.5</ele></trkpt>
<trkpt lat="44.559737" lon="3.321647"><ele>785.0</ele></trkpt>
<trkpt lat="44.559779" lon="3.321444"><ele>785.25</ele></trkpt>
<trkpt lat="44.559807" lon="3.321269"><ele>785.0</ele></trkpt>
<trkpt lat="44.559899" lon="3.321091"><ele>785.25</ele></trkpt>
<trkpt lat="44.560041" lon="3.320867"><ele>784.75</ele></trkpt>
<trkpt lat="44.560213" lon="3.320710"><ele>784.75</ele></trkpt>
<trkpt lat="44.560564" lon="3.320507"><ele>787.0</ele></trkpt>
<trkpt lat="44.560853" lon="3.320301"><ele>788.5</ele></trkpt>
<trkpt lat="44.561232" lon="3.320059"><ele>791.25</ele></trkpt>
<trkpt lat="44.561504" lon="3.319860"><ele>794.25</ele></trkpt>
<trkpt lat="44.561633" lon="3.319737"><ele>795.5</ele></trkpt>
<trkpt lat="44.561773" lon="3.319503"><ele>797.0</ele></trkpt>
<trkpt lat="44.561907" lon="3.319325"><ele>799.0</ele></trkpt>
<trkpt lat="44.562199" lon="3.319122"><ele>802.75</ele></trkpt>
<trkpt lat="44.562453" lon="3.318818"><ele>806.5</ele></trkpt>
<trkpt lat="44.562613" lon="3.318608"><ele>808.0</ele></trkpt>
<trkpt lat="44.562765" lon="3.318447"><ele>809.75</ele></trkpt>
<trkpt lat="44.562832" lon="3.318230"><ele>810.25</ele></trkpt>
<trkpt lat="44.562942" lon="3.317996"><ele>811.5</ele></trkpt>
<trkpt lat="44.563054" lon="3.317786"><ele>812.0</ele></trkpt>
<trkpt lat="44.563472" lon="3.317300"><ele>811.75</ele></trkpt>
<trkpt lat="44.563727" lon="3.316960"><ele>812.25</ele></trkpt>
<trkpt lat="44.563916" lon="3.316747"><ele>812.75</ele></trkpt>
<trkpt lat="44.564115" lon="3.316555"><ele>813.5</ele></trkpt>
<trkpt lat="44.564257" lon="3.316443"><ele>814.5</ele></trkpt>
<trkpt lat="44.564654" lon="3.315859"><ele>816.25</ele></trkpt>
<trkpt lat="44.564895" lon="3.315540"><ele>817.75</ele></trkpt>
<trkpt lat="44.565137" lon="3.315142"><ele>819.75</ele></trkpt>
<trkpt lat="44.565359" lon="3.314869"><ele>822.5</ele></trkpt>
<trkpt lat="44.565742" lon="3.314452"><ele>826.75</ele></trkpt>
<trkpt lat="44.565775" lon="3.314416"><ele>827.25</ele></trkpt>
<trkpt lat="44.565801" lon="3.314389"><ele>827.25</ele></trkpt>
<trkpt lat="44.565882" lon="3.314301"><ele>827.75</ele></trkpt>
<trkpt lat="44.566030" lon="3.314071"><ele>829.0</ele></trkpt>
<trkpt lat="44.566250" lon="3.313707"><ele>830.5</ele></trkpt>
<trkpt lat="44.566466" lon="3.313382"><ele>833.0</ele></trkpt>
<trkpt lat="44.566886" lon="3.312698"><ele>836.25</ele></trkpt>
<trkpt lat="44.567025" lon="3.312458"><ele>836.25</ele></trkpt>
<trkpt lat="44.566991" lon="3.312066"><ele>834.0</ele></trkpt>
<trkpt lat="44.566839" lon="3.311365"><ele>829.75</ele></trkpt>
<trkpt lat="44.566806" lon="3.311035"><ele>828.0</ele></trkpt>
<trkpt lat="44.566751" lon="3.310763"><ele>826.25</ele></trkpt>
<trkpt lat="44.566473" lon="3.309781"><ele>820.0</ele></trkpt>
<trkpt lat="44.566459" lon="3.309733"><ele>819.75</ele></trkpt>
<trkpt lat="44.566389" lon="3.309354"><ele>817.25</ele></trkpt>
<trkpt lat="44.566324" lon="3.308887"><ele>814.75</ele></trkpt>
<trkpt lat="44.566154" lon="3.308010"><ele>809.5</ele></trkpt>
<trkpt lat="44.565906" lon="3.307384"><ele>800.5</ele></trkpt>
<trkpt lat="44.565821" lon="3.307298"><ele>799.0</ele></trkpt>
<trkpt lat="44.565836" lon="3.307283"><ele>799.0</ele></trkpt>
<trkpt lat="44.566047" lon="3.307218"><ele>796.25</ele></trkpt>
<trkpt lat="44.566217" lon="3.307191"><ele>793.75</ele></trkpt>
<trkpt lat="44.566553" lon="3.307250"><ele>792.5</ele></trkpt>
<trkpt lat="44.566648" lon="3.307232"><ele>791.25</ele></trkpt>
<trkpt lat="44.566641" lon="3.307084"><ele>790.75</ele></trkpt>
<trkpt lat="44.566547" lon="3.306979"><ele>788.75</ele></trkpt>
<trkpt lat="44.566348" lon="3.306701"><ele>785.0</ele></trkpt>
<trkpt lat="44.565943" lon="3.306309"><ele>779.25</ele></trkpt>
<trkpt lat="44.565823" lon="3.306049"><ele>776.75</ele></trkpt>
<trkpt lat="44.565777" lon="3.305738"><ele>774.0</ele></trkpt>
<trkpt lat="44.565800" lon="3.305453"><ele>772.25</ele></trkpt>
<trkpt lat="44.566119" lon="3.304592"><ele>766.25</ele></trkpt>
<trkpt lat="44.566354" lon="3.304083"><ele>763.0</ele></trkpt>
<trkpt lat="44.566543" lon="3.303557"><ele>759.25</ele></trkpt>
<trkpt lat="44.566620" lon="3.303382"><ele>758.25</ele></trkpt>
<trkpt lat="44.566664" lon="3.303281"><ele>757.75</ele></trkpt>
<trkpt lat="44.567017" lon="3.302878"><ele>758.0</ele></trkpt>
<trkpt lat="44.567698" lon="3.302457"><ele>766.5</ele></trkpt>
<trkpt lat="44.568150" lon="3.302106"><ele>768.25</ele></trkpt>
<trkpt lat="44.568426" lon="3.302095"><ele>769.5</ele></trkpt>
<trkpt lat="44.568783" lon="3.302278"><ele>771.75</ele></trkpt>
<trkpt lat="44.569219" lon="3.302613"><ele>776.0</ele></trkpt>
<trkpt lat="44.569446" lon="3.302854"><ele>779.75</ele></trkpt>
<trkpt lat="44.569755" lon="3.303206"><ele>780.75</ele></trkpt>
<trkpt lat="44.569920" lon="3.303576"><ele>779.0</ele></trkpt>
<trkpt lat="44.569989" lon="3.303812"><ele>776.25</ele></trkpt>
<trkpt lat="44.570078" lon="3.303906"><ele>773.75</ele></trkpt>
<trkpt lat="44.570122" lon="3.303721"><ele>771.75</ele></trkpt>
<trkpt lat="44.570220" lon="3.303085"><ele>769.0</ele></trkpt>
<trkpt lat="44.570208" lon="3.302814"><ele>765.75</ele></trkpt>
<trkpt lat="44.570172" lon="3.302763"><ele>765.5</ele></trkpt>
<trkpt lat="44.570084" lon="3.302637"><ele>764.75</ele></trkpt>
<trkpt lat="44.569908" lon="3.302468"><ele>764.0</ele></trkpt>
<trkpt lat="44.569713" lon="3.302299"><ele>762.0</ele></trkpt>
<trkpt lat="44.569425" lon="3.302071"><ele>757.75</ele></trkpt>
<trkpt lat="44.569100" lon="3.301771"><ele>751.5</ele></trkpt>
<trkpt lat="44.568777" lon="3.301341"><ele>742.75</ele></trkpt>
<trkpt lat="44.568554" lon="3.300958"><ele>737.25</ele></trkpt>
<trkpt lat="44.568330" lon="3.300676"><ele>733.0</ele></trkpt>
<trkpt lat="44.568168" lon="3.300494"><ele>728.0</ele></trkpt>
<trkpt lat="44.568072" lon="3.300403"><ele>726.0</ele></trkpt>
<trkpt lat="44.567957" lon="3.300344"><ele>722.25</ele></trkpt>
<trkpt lat="44.567797" lon="3.300411"><ele>720.25</ele></trkpt>
<trkpt lat="44.567688" lon="3.300484"><ele>718.75</ele></trkpt>
<trkpt lat="44.567493" lon="3.300617"><ele>716.25</ele></trkpt>
<trkpt lat="44.566975" lon="3.301036"><ele>710.25</ele></trkpt>
<trkpt lat="44.566840" lon="3.301191"><ele>713.25</ele></trkpt>
<trkpt lat="44.566840" lon="3.301119"><ele>711.75</ele></trkpt>
<trkpt lat="44.566908" lon="3.301009"><ele>709.5</ele></trkpt>
<trkpt lat="44.567002" lon="3.300880"><ele>707.5</ele></trkpt>
<trkpt lat="44.567075" lon="3.300658"><ele>705.5</ele></trkpt>
<trkpt lat="44.567201" lon="3.300507"><ele>703.75</ele></trkpt>
<trkpt lat="44.567359" lon="3.300258"><ele>702.0</ele></trkpt>
<trkpt lat="44.567478" lon="3.300049"><ele>698.75</ele></trkpt>
<trkpt lat="44.567608" lon="3.299716"><ele>697.0</ele></trkpt>
<trkpt lat="44.567690" lon="3.299290"><ele>690.25</ele></trkpt>
<trkpt lat="44.567759" lon="3.299295"><ele>691.0</ele></trkpt>
<trkpt lat="44.567837" lon="3.299314"><ele>691.5</ele></trkpt>
<trkpt lat="44.567913" lon="3.299343"><ele>692.0</ele></trkpt>
<trkpt lat="44.568017" lon="3.299365"><ele>692.0</ele></trkpt>
<trkpt lat="44.568049" lon="3.299284"><ele>689.75</ele></trkpt>
<trkpt lat="44.568028" lon="3.299217"><ele>688.25</ele></trkpt>
<trkpt lat="44.568022" lon="3.299198"><ele>687.75</ele></trkpt>
<trkpt lat="44.567974" lon="3.299121"><ele>687.25</ele></trkpt>
<trkpt lat="44.567857" lon="3.298949"><ele>686.5</ele></trkpt>
<trkpt lat="44.567709" lon="3.298793"><ele>685.25</ele></trkpt>
<trkpt lat="44.567574" lon="3.298522"><ele>684.25</ele></trkpt>
<trkpt lat="44.566571" lon="3.297891"><ele>675.5</ele></trkpt>
<trkpt lat="44.566415" lon="3.297903"><ele>674.5</ele></trkpt>
<trkpt lat="44.566191" lon="3.297787"><ele>671.25</ele></trkpt>
<trkpt lat="44.565898" lon="3.297657"><ele>670.75</ele></trkpt>
<trkpt lat="44.565807" lon="3.297561"><ele>669.75</ele></trkpt>
<trkpt lat="44.565775" lon="3.297510"><ele>669.25</ele></trkpt>
<trkpt lat="44.565674" lon="3.297349"><ele>669.0</ele></trkpt>
<trkpt lat="44.565276" lon="3.296861"><ele>665.25</ele></trkpt>
<trkpt lat="44.565240" lon="3.296782"><ele>665.25</ele></trkpt>
<trkpt lat="44.565395" lon="3.296723"><ele>668.25</ele></trkpt>
<trkpt lat="44.565321" lon="3.296449"><ele>664.25</ele></trkpt>
<trkpt lat="44.565298" lon="3.296404"><ele>662.75</ele></trkpt>
<trkpt lat="44.565178" lon="3.296145"><ele>660.5</ele></trkpt>
<trkpt lat="44.565154" lon="3.296112"><ele>660.75</ele></trkpt>
<trkpt lat="44.565110" lon="3.296108"><ele>661.0</ele></trkpt>
<trkpt lat="44.565011" lon="3.296132"><ele>661.5</ele></trkpt>
<trkpt lat="44.564867" lon="3.296123"><ele>660.75</ele></trkpt>
<trkpt lat="44.564729" lon="3.296069"><ele>660.0</ele></trkpt>
<trkpt lat="44.564533" lon="3.295916"><ele>659.75</ele></trkpt>
<trkpt lat="44.564086" lon="3.295434"><ele>658.75</ele></trkpt>
<trkpt lat="44.563718" lon="3.295088"><ele>660.25</ele></trkpt>
<trkpt lat="44.563642" lon="3.295030"><ele>661.25</ele></trkpt>
<trkpt lat="44.563563" lon="3.295018"><ele>661.5</ele></trkpt>
<trkpt lat="44.563398" lon="3.295050"><ele>661.25</ele></trkpt>
<trkpt lat="44.563264" lon="3.295057"><ele>661.25</ele></trkpt>
<trkpt lat="44.563161" lon="3.295048"><ele>661.5</ele></trkpt>
<trkpt lat="44.562804" lon="3.294940"><ele>661.25</ele></trkpt>
<trkpt lat="44.563032" lon="3.294813"><ele>664.0</ele></trkpt>
<trkpt lat="44.563220" lon="3.294750"><ele>666.25</ele></trkpt>
<trkpt lat="44.563470" lon="3.294588"><ele>671.25</ele></trkpt>
<trkpt lat="44.563667" lon="3.294550"><ele>674.5</ele></trkpt>
<trkpt lat="44.563731" lon="3.294490"><ele>676.5</ele></trkpt>
<trkpt lat="44.563957" lon="3.294191"><ele>679.25</ele></trkpt>
<trkpt lat="44.564050" lon="3.294118"><ele>680.0</ele></trkpt>
<trkpt lat="44.564145" lon="3.294068"><ele>680.75</ele></trkpt>
<trkpt lat="44.564271" lon="3.294039"><ele>681.5</ele></trkpt>
<trkpt lat="44.564614" lon="3.294021"><ele>683.0</ele></trkpt>
<trkpt lat="44.564713" lon="3.293979"><ele>683.5</ele></trkpt>
<trkpt lat="44.565031" lon="3.293833"><ele>686.25</ele></trkpt>
<trkpt lat="44.565110" lon="3.293772"><ele>686.75</ele></trkpt>
<trkpt lat="44.565267" lon="3.293386"><ele>688.75</ele></trkpt>
<trkpt lat="44.565370" lon="3.293135"><ele>689.0</ele></trkpt>
<trkpt lat="44.565815" lon="3.292113"><ele>695.0</ele></trkpt>
<trkpt lat="44.565940" lon="3.291839"><ele>696.5</ele></trkpt>
<trkpt lat="44.566037" lon="3.291702"><ele>697.25</ele></trkpt>
<trkpt lat="44.566096" lon="3.291474"><ele>697.75</ele></trkpt>
<trkpt lat="44.566020" lon="3.291459"><ele>697.25</ele></trkpt>
<trkpt lat="44.566063" lon="3.291257"><ele>698.0</ele></trkpt>
<trkpt lat="44.566899" lon="3.291141"><ele>705.5</ele></trkpt>
<trkpt lat="44.567207" lon="3.290735"><ele>713.0</ele></trkpt>
<trkpt lat="44.567706" lon="3.290566"><ele>720.25</ele></trkpt>
<trkpt lat="44.567576" lon="3.290446"><ele>721.0</ele></trkpt>
<trkpt lat="44.568134" lon="3.287968"><ele>721.75</ele></trkpt>
<trkpt lat="44.567430" lon="3.290280"><ele>722.0</ele></trkpt>
<trkpt lat="44.567324" lon="3.290088"><ele>723.0</ele></trkpt>
<trkpt lat="44.567289" lon="3.289866"><ele>724.25</ele></trkpt>
<trkpt lat="44.567300" lon="3.289544"><ele>725.25</ele></trkpt>
<trkpt lat="44.567323" lon="3.289317"><ele>725.25</ele></trkpt>
<trkpt lat="44.567367" lon="3.289181"><ele>725.5</ele></trkpt>
<trkpt lat="44.567447" lon="3.289029"><ele>725.75</ele></trkpt>
<trkpt lat="44.567699" lon="3.288681"><ele>725.75</ele></trkpt>
<trkpt lat="44.568029" lon="3.288188"><ele>723.0</ele></trkpt>
<trkpt lat="44.568134" lon="3.287968"><ele>721.75</ele></trkpt>
<trkpt lat="44.568453" lon="3.287623"><ele>719.75</ele></trkpt>
<trkpt lat="44.568591" lon="3.287544"><ele>721.5</ele></trkpt>
<trkpt lat="44.568628" lon="3.287496"><ele>722.0</ele></trkpt>
<trkpt lat="44.568671" lon="3.287385"><ele>722.75</ele></trkpt>
<trkpt lat="44.568691" lon="3.287265"><ele>724.0</ele></trkpt>
<trkpt lat="44.568675" lon="3.287133"><ele>725.5</ele></trkpt>
<trkpt lat="44.568626" lon="3.287001"><ele>726.5</ele></trkpt>
<trkpt lat="44.568534" lon="3.286885"><ele>727.0</ele></trkpt>
<trkpt lat="44.568353" lon="3.286762"><ele>726.5</ele></trkpt>
<trkpt lat="44.568141" lon="3.286695"><ele>726.0</ele></trkpt>
<trkpt lat="44.567974" lon="3.286658"><ele>726.0</ele></trkpt>
<trkpt lat="44.567822" lon="3.286655"><ele>726.0</ele></trkpt>
<trkpt lat="44.567792" lon="3.286596"><ele>727.25</ele></trkpt>
<trkpt lat="44.567971" lon="3.286542"><ele>728.5</ele></trkpt>
<trkpt lat="44.568201" lon="3.286525"><ele>730.25</ele></trkpt>
<trkpt lat="44.568416" lon="3.286573"><ele>731.5</ele></trkpt>
<trkpt lat="44.568810" lon="3.286736"><ele>734.25</ele></trkpt>
<trkpt lat="44.568974" lon="3.286760"><ele>735.75</ele></trkpt>
<trkpt lat="44.569113" lon="3.286740"><ele>737.0</ele></trkpt>
<trkpt lat="44.569372" lon="3.286590"><ele>739.75</ele></trkpt>
<trkpt lat="44.569562" lon="3.286470"><ele>741.25</ele></trkpt>
<trkpt lat="44.569874" lon="3.286352"><ele>743.5</ele></trkpt>
<trkpt lat="44.570008" lon="3.286329"><ele>744.75</ele></trkpt>
<trkpt lat="44.570159" lon="3.286404"><ele>744.5</ele></trkpt>
<trkpt lat="44.570228" lon="3.286471"><ele>744.5</ele></trkpt>
<trkpt lat="44.570326" lon="3.286590"><ele>744.75</ele></trkpt>
<trkpt lat="44.570413" lon="3.286665"><ele>745.25</ele></trkpt>
<trkpt lat="44.570519" lon="3.286700"><ele>746.75</ele></trkpt>
<trkpt lat="44.570637" lon="3.286679"><ele>748.25</ele></trkpt>
<trkpt lat="44.570757" lon="3.286625"><ele>749.5</ele></trkpt>
<trkpt lat="44.570843" lon="3.286534"><ele>750.25</ele></trkpt>
<trkpt lat="44.571013" lon="3.285960"><ele>754.0</ele></trkpt>
<trkpt lat="44.571221" lon="3.285590"><ele>756.75</ele></trkpt>
<trkpt lat="44.571582" lon="3.284817"><ele>761.0</ele></trkpt>
<trkpt lat="44.572176" lon="3.284154"><ele>765.25</ele></trkpt>
<trkpt lat="44.572308" lon="3.283986"><ele>767.0</ele></trkpt>
<trkpt lat="44.572493" lon="3.283754"><ele>768.75</ele></trkpt>
<trkpt lat="44.572584" lon="3.283588"><ele>770.75</ele></trkpt>
<trkpt lat="44.572676" lon="3.283368"><ele>772.0</ele></trkpt>
<trkpt lat="44.572802" lon="3.282896"><ele>774.5</ele></trkpt>
<trkpt lat="44.572932" lon="3.281881"><ele>782.0</ele></trkpt>
<trkpt lat="44.573088" lon="3.281014"><ele>784.75</ele></trkpt>
<trkpt lat="44.573209" lon="3.280737"><ele>786.25</ele></trkpt>
<trkpt lat="44.573334" lon="3.280451"><ele>786.5</ele></trkpt>
<trkpt lat="44.573667" lon="3.279846"><ele>791.25</ele></trkpt>
<trkpt lat="44.573994" lon="3.279304"><ele>795.0</ele></trkpt>
<trkpt lat="44.574314" lon="3.278909"><ele>798.0</ele></trkpt>
<trkpt lat="44.574642" lon="3.278631"><ele>801.25</ele></trkpt>
<trkpt lat="44.575091" lon="3.278338"><ele>803.75</ele></trkpt>
<trkpt lat="44.575282" lon="3.278192"><ele>805.5</ele></trkpt>
<trkpt lat="44.575425" lon="3.278044"><ele>806.5</ele></trkpt>
<trkpt lat="44.575589" lon="3.277858"><ele>808.25</ele></trkpt>
<trkpt lat="44.575731" lon="3.277661"><ele>810.0</ele></trkpt>
<trkpt lat="44.575940" lon="3.277259"><ele>814.0</ele></trkpt>
<trkpt lat="44.575961" lon="3.277218"><ele>814.25</ele></trkpt>
<trkpt lat="44.576190" lon="3.276723"><ele>818.5</ele></trkpt>
<trkpt lat="44.576560" lon="3.276051"><ele>823.0</ele></trkpt>
<trkpt lat="44.577097" lon="3.275306"><ele>827.0</ele></trkpt>
<trkpt lat="44.577279" lon="3.275035"><ele>829.5</ele></trkpt>
<trkpt lat="44.577381" lon="3.274863"><ele>830.25</ele></trkpt>
<trkpt lat="44.577540" lon="3.274555"><ele>832.25</ele></trkpt>
<trkpt lat="44.577635" lon="3.274348"><ele>833.25</ele></trkpt>
<trkpt lat="44.577742" lon="3.274085"><ele>835.5</ele></trkpt>
<trkpt lat="44.577770" lon="3.274119"><ele>836.0</ele></trkpt>
<trkpt lat="44.577804" lon="3.274159"><ele>836.25</ele></trkpt>
<trkpt lat="44.577837" lon="3.274207"><ele>836.75</ele></trkpt>
<trkpt lat="44.577863" lon="3.274265"><ele>836.75</ele></trkpt>
<trkpt lat="44.577929" lon="3.274552"><ele>836.75</ele></trkpt>
<trkpt lat="44.577954" lon="3.274681"><ele>837.25</ele></trkpt>
<trkpt lat="44.577976" lon="3.274792"><ele>837.75</ele></trkpt>
<trkpt lat="44.578034" lon="3.275095"><ele>838.75</ele></trkpt>
<trkpt lat="44.578185" lon="3.275828"><ele>841.25</ele></trkpt>
<trkpt lat="44.578446" lon="3.277063"><ele>845.25</ele></trkpt>
<trkpt lat="44.578488" lon="3.277230"><ele>846.0</ele></trkpt>
<trkpt lat="44.578529" lon="3.277332"><ele>846.25</ele></trkpt>
<trkpt lat="44.578599" lon="3.277430"><ele>846.75</ele></trkpt>
<trkpt lat="44.578674" lon="3.277492"><ele>847.25</ele></trkpt>
<trkpt lat="44.578770" lon="3.277527"><ele>848.0</ele></trkpt>
<trkpt lat="44.578899" lon="3.277529"><ele>849.0</ele></trkpt>
<trkpt lat="44.578965" lon="3.277500"><ele>849.25</ele></trkpt>
<trkpt lat="44.579624" lon="3.276950"><ele>850.75</ele></trkpt>
<trkpt lat="44.579926" lon="3.276918"><ele>851.25</ele></trkpt>
<trkpt lat="44.580683" lon="3.277057"><ele>852.25</ele></trkpt>
<trkpt lat="44.580920" lon="3.277025"><ele>852.25</ele></trkpt>
<trkpt lat="44.581340" lon="3.276800"><ele>853.25</ele></trkpt>
<trkpt lat="44.581579" lon="3.276598"><ele>853.5</ele></trkpt>
<trkpt lat="44.581730" lon="3.276360"><ele>853.75</ele></trkpt>
<trkpt lat="44.581798" lon="3.276209"><ele>854.0</ele></trkpt>
<trkpt lat="44.581837" lon="3.275984"><ele>855.0</ele></trkpt>
<trkpt lat="44.581852" lon="3.275448"><ele>855.0</ele></trkpt>
<trkpt lat="44.581898" lon="3.274879"><ele>857.25</ele></trkpt>
<trkpt lat="44.582028" lon="3.274440"><ele>855.75</ele></trkpt>
<trkpt lat="44.582226" lon="3.274021"><ele>857.75</ele></trkpt>
<trkpt lat="44.582395" lon="3.273774"><ele>858.25</ele></trkpt>
<trkpt lat="44.582777" lon="3.273399"><ele>859.5</ele></trkpt>
<trkpt lat="44.583067" lon="3.273227"><ele>860.5</ele></trkpt>
<trkpt lat="44.583273" lon="3.273045"><ele>860.75</ele></trkpt>
<trkpt lat="44.583419" lon="3.272712"><ele>860.25</ele></trkpt>
<trkpt lat="44.583526" lon="3.272176"><ele>861.75</ele></trkpt>
<trkpt lat="44.583548" lon="3.271553"><ele>860.5</ele></trkpt>
<trkpt lat="44.583548" lon="3.270802"><ele>861.0</ele></trkpt>
<trkpt lat="44.583785" lon="3.270051"><ele>860.25</ele></trkpt>
<trkpt lat="44.584015" lon="3.269579"><ele>860.5</ele></trkpt>
<trkpt lat="44.584420" lon="3.268914"><ele>864.0</ele></trkpt>
<trkpt lat="44.584618" lon="3.268624"><ele>863.0</ele></trkpt>
<trkpt lat="44.584748" lon="3.268292"><ele>865.0</ele></trkpt>
<trkpt lat="44.584848" lon="3.268260"><ele>865.5</ele></trkpt>
<trkpt lat="44.584916" lon="3.268238"><ele>866.0</ele></trkpt>
<trkpt lat="44.585191" lon="3.268281"><ele>864.0</ele></trkpt>
<trkpt lat="44.585489" lon="3.268228"><ele>864.0</ele></trkpt>
<trkpt lat="44.585925" lon="3.267970"><ele>864.5</ele></trkpt>
<trkpt lat="44.586104" lon="3.267825"><ele>864.5</ele></trkpt>
<trkpt lat="44.586255" lon="3.267592"><ele>863.25</ele></trkpt>
<trkpt lat="44.586658" lon="3.266468"><ele>859.0</ele></trkpt>
<trkpt lat="44.586880" lon="3.266007"><ele>858.5</ele></trkpt>
<trkpt lat="44.587361" lon="3.265492"><ele>857.25</ele></trkpt>
<trkpt lat="44.587759" lon="3.265170"><ele>853.25</ele></trkpt>
<trkpt lat="44.588085" lon="3.264674"><ele>852.75</ele></trkpt>
<trkpt lat="44.588250" lon="3.264609"><ele>852.25</ele></trkpt>
<trkpt lat="44.588347" lon="3.264631"><ele>852.25</ele></trkpt>
<trkpt lat="44.588405" lon="3.264580"><ele>853.75</ele></trkpt>
<trkpt lat="44.588465" lon="3.264526"><ele>854.75</ele></trkpt>
<trkpt lat="44.588691" lon="3.263893"><ele>856.0</ele></trkpt>
<trkpt lat="44.588928" lon="3.263314"><ele>857.75</ele></trkpt>
<trkpt lat="44.589241" lon="3.262767"><ele>857.25</ele></trkpt>
<trkpt lat="44.589699" lon="3.262294"><ele>858.5</ele></trkpt>
<trkpt lat="44.590007" lon="3.261844"><ele>858.0</ele></trkpt>
<trkpt lat="44.590066" lon="3.261758"><ele>859.25</ele></trkpt>
<trkpt lat="44.590907" lon="3.259956"><ele>871.5</ele></trkpt>
<trkpt lat="44.591579" lon="3.258743"><ele>881.0</ele></trkpt>
<trkpt lat="44.591762" lon="3.258561"><ele>883.25</ele></trkpt>
<trkpt lat="44.592091" lon="3.258260"><ele>885.5</ele></trkpt>
<trkpt lat="44.592099" lon="3.258024"><ele>884.5</ele></trkpt>
<trkpt lat="44.592037" lon="3.257885"><ele>886.75</ele></trkpt>
<trkpt lat="44.591885" lon="3.257670"><ele>888.0</ele></trkpt>
<trkpt lat="44.591816" lon="3.257402"><ele>888.0</ele></trkpt>
<trkpt lat="44.591854" lon="3.257166"><ele>891.0</ele></trkpt>
<trkpt lat="44.591992" lon="3.256887"><ele>894.25</ele></trkpt>
<trkpt lat="44.592183" lon="3.256715"><ele>895.25</ele></trkpt>
<trkpt lat="44.592841" lon="3.256733"><ele>899.0</ele></trkpt>
<trkpt lat="44.592894" lon="3.256774"><ele>899.75</ele></trkpt>
<trkpt lat="44.592928" lon="3.256861"><ele>901.0</ele></trkpt>
<trkpt lat="44.593129" lon="3.256705"><ele>901.5</ele></trkpt>
<trkpt lat="44.593444" lon="3.256584"><ele>904.5</ele></trkpt>
<trkpt lat="44.593836" lon="3.256288"><ele>907.0</ele></trkpt>
<trkpt lat="44.594176" lon="3.255992"><ele>906.0</ele></trkpt>
<trkpt lat="44.594576" lon="3.255846"><ele>905.75</ele></trkpt>
<trkpt lat="44.594891" lon="3.255762"><ele>904.25</ele></trkpt>
<trkpt lat="44.595239" lon="3.255822"><ele>904.75</ele></trkpt>
<trkpt lat="44.595584" lon="3.255943"><ele>904.5</ele></trkpt>
<trkpt lat="44.596454" lon="3.255883"><ele>901.25</ele></trkpt>
<trkpt lat="44.596760" lon="3.255822"><ele>901.25</ele></trkpt>
<trkpt lat="44.597095" lon="3.255592"><ele>899.75</ele></trkpt>
<trkpt lat="44.597513" lon="3.255466"><ele>900.25</ele></trkpt>
<trkpt lat="44.597957" lon="3.255435"><ele>900.25</ele></trkpt>
<trkpt lat="44.598107" lon="3.255308"><ele>899.25</ele></trkpt>
<trkpt lat="44.598336" lon="3.255230"><ele>900.5</ele></trkpt>
<trkpt lat="44.598607" lon="3.255212"><ele>904.5</ele></trkpt>
<trkpt lat="44.598990" lon="3.255314"><ele>908.5</ele></trkpt>
<trkpt lat="44.599188" lon="3.255508"><ele>911.25</ele></trkpt>
<trkpt lat="44.599412" lon="3.255701"><ele>913.5</ele></trkpt>
<trkpt lat="44.600488" lon="3.256445"><ele>917.25</ele></trkpt>
<trkpt lat="44.600768" lon="3.256469"><ele>919.0</ele></trkpt>
<trkpt lat="44.601664" lon="3.256391"><ele>927.75</ele></trkpt>
<trkpt lat="44.602314" lon="3.256379"><ele>935.5</ele></trkpt>
<trkpt lat="44.602568" lon="3.256439"><ele>937.75</ele></trkpt>
<trkpt lat="44.602650" lon="3.256391"><ele>939.0</ele></trkpt>
<trkpt lat="44.602654" lon="3.256288"><ele>941.25</ele></trkpt>
<trkpt lat="44.602624" lon="3.256234"><ele>942.25</ele></trkpt>
<trkpt lat="44.602517" lon="3.256191"><ele>942.25</ele></trkpt>
<trkpt lat="44.602370" lon="3.256088"><ele>942.0</ele></trkpt>
<trkpt lat="44.602168" lon="3.255843"><ele>943.5</ele></trkpt>
<trkpt lat="44.602069" lon="3.255756"><ele>944.25</ele></trkpt>
<trkpt lat="44.601980" lon="3.255720"><ele>944.25</ele></trkpt>
<trkpt lat="44.601840" lon="3.255692"><ele>944.5</ele></trkpt>
<trkpt lat="44.601717" lon="3.255711"><ele>944.75</ele></trkpt>
<trkpt lat="44.601569" lon="3.255786"><ele>945.25</ele></trkpt>
<trkpt lat="44.601487" lon="3.255815"><ele>946.0</ele></trkpt>
<trkpt lat="44.601422" lon="3.255799"><ele>946.75</ele></trkpt>
<trkpt lat="44.601378" lon="3.255770"><ele>947.0</ele></trkpt>
<trkpt lat="44.601345" lon="3.255695"><ele>947.0</ele></trkpt>
<trkpt lat="44.601354" lon="3.255607"><ele>948.0</ele></trkpt>
<trkpt lat="44.601487" lon="3.254880"><ele>952.25</ele></trkpt>
<trkpt lat="44.601582" lon="3.254262"><ele>960.0</ele></trkpt>
<trkpt lat="44.601634" lon="3.253561"><ele>965.5</ele></trkpt>
<trkpt lat="44.601693" lon="3.253109"><ele>968.0</ele></trkpt>
<trkpt lat="44.601735" lon="3.253104"><ele>968.75</ele></trkpt>
<trkpt lat="44.601910" lon="3.252987"><ele>971.5</ele></trkpt>
<trkpt lat="44.602189" lon="3.252872"><ele>974.5</ele></trkpt>
<trkpt lat="44.603615" lon="3.252569"><ele>991.5</ele></trkpt>
<trkpt lat="44.604612" lon="3.252325"><ele>1002.5</ele></trkpt>
<trkpt lat="44.604653" lon="3.252146"><ele>1002.5</ele></trkpt>
<trkpt lat="44.604653" lon="3.251937"><ele>1003.25</ele></trkpt>
<trkpt lat="44.604577" lon="3.251739"><ele>1003.5</ele></trkpt>
<trkpt lat="44.604439" lon="3.251476"><ele>1004.75</ele></trkpt>
<trkpt lat="44.604439" lon="3.251315"><ele>1006.0</ele></trkpt>
<trkpt lat="44.604474" lon="3.251218"><ele>1006.75</ele></trkpt>
<trkpt lat="44.604710" lon="3.250660"><ele>1014.75</ele></trkpt>
<trkpt lat="44.604833" lon="3.250306"><ele>1019.75</ele></trkpt>
<trkpt lat="44.604742" lon="3.249866"><ele>1024.5</ele></trkpt>
<trkpt lat="44.604867" lon="3.249292"><ele>1030.5</ele></trkpt>
<trkpt lat="44.604875" lon="3.248745"><ele>1036.75</ele></trkpt>
<trkpt lat="44.604971" lon="3.248477"><ele>1040.5</ele></trkpt>
<trkpt lat="44.604994" lon="3.248203"><ele>1042.25</ele></trkpt>
<trkpt lat="44.605089" lon="3.248032"><ele>1043.5</ele></trkpt>
<trkpt lat="44.605498" lon="3.247581"><ele>1049.5</ele></trkpt>
<trkpt lat="44.605792" lon="3.247307"><ele>1055.25</ele></trkpt>
<trkpt lat="44.605972" lon="3.246991"><ele>1056.25</ele></trkpt>
<trkpt lat="44.606223" lon="3.246610"><ele>1059.5</ele></trkpt>
<trkpt lat="44.606318" lon="3.246369"><ele>1061.5</ele></trkpt>
<trkpt lat="44.606246" lon="3.245934"><ele>1064.5</ele></trkpt>
<trkpt lat="44.606269" lon="3.245269"><ele>1070.75</ele></trkpt>
<trkpt lat="44.606315" lon="3.244786"><ele>1073.5</ele></trkpt>
<trkpt lat="44.606388" lon="3.244738"><ele>1074.75</ele></trkpt>
<trkpt lat="44.606525" lon="3.245070"><ele>1076.25</ele></trkpt>
<trkpt lat="44.606701" lon="3.245253"><ele>1077.75</ele></trkpt>
<trkpt lat="44.606965" lon="3.245365"><ele>1081.0</ele></trkpt>
<trkpt lat="44.607182" lon="3.245516"><ele>1083.5</ele></trkpt>
<trkpt lat="44.607422" lon="3.245409"><ele>1087.75</ele></trkpt>
<trkpt lat="44.607663" lon="3.245055"><ele>1092.0</ele></trkpt>
<trkpt lat="44.607953" lon="3.244733"><ele>1095.75</ele></trkpt>
<trkpt lat="44.608129" lon="3.244352"><ele>1101.25</ele></trkpt>
<trkpt lat="44.608434" lon="3.243896"><ele>1107.75</ele></trkpt>
<trkpt lat="44.608732" lon="3.243247"><ele>1111.5</ele></trkpt>
<trkpt lat="44.609595" lon="3.241782"><ele>1122.25</ele></trkpt>
<trkpt lat="44.609817" lon="3.241595"><ele>1126.25</ele></trkpt>
<trkpt lat="44.609962" lon="3.241369"><ele>1129.25</ele></trkpt>
<trkpt lat="44.610237" lon="3.240870"><ele>1135.0</ele></trkpt>
<trkpt lat="44.610710" lon="3.240286"><ele>1143.75</ele></trkpt>
<trkpt lat="44.611035" lon="3.239851"><ele>1145.0</ele></trkpt>
<trkpt lat="44.611581" lon="3.239213"><ele>1147.0</ele></trkpt>
<trkpt lat="44.611810" lon="3.239004"><ele>1147.0</ele></trkpt>
<trkpt lat="44.612307" lon="3.238671"><ele>1147.25</ele></trkpt>
<trkpt lat="44.612650" lon="3.238387"><ele>1148.25</ele></trkpt>
<trkpt lat="44.613128" lon="3.238033"><ele>1152.75</ele></trkpt>
<trkpt lat="44.613914" lon="3.237378"><ele>1160.0</ele></trkpt>
<trkpt lat="44.614237" lon="3.236958"><ele>1162.0</ele></trkpt>
<trkpt lat="44.614285" lon="3.236852"><ele>1162.75</ele></trkpt>
<trkpt lat="44.614449" lon="3.236402"><ele>1166.75</ele></trkpt>
<trkpt lat="44.614598" lon="3.235898"><ele>1172.5</ele></trkpt>
<trkpt lat="44.614823" lon="3.234594"><ele>1175.0</ele></trkpt>
<trkpt lat="44.615061" lon="3.233773"><ele>1179.5</ele></trkpt>
<trkpt lat="44.615412" lon="3.232453"><ele>1198.5</ele></trkpt>
<trkpt lat="44.616091" lon="3.231654"><ele>1206.0</ele></trkpt>
<trkpt lat="44.616389" lon="3.230678"><ele>1210.5</ele></trkpt>
<trkpt lat="44.616511" lon="3.230249"><ele>1212.75</ele></trkpt>
<trkpt lat="44.616939" lon="3.229138"><ele>1221.0</ele></trkpt>
<trkpt lat="44.616996" lon="3.228902"><ele>1222.0</ele></trkpt>
<trkpt lat="44.617003" lon="3.228731"><ele>1223.0</ele></trkpt>
<trkpt lat="44.616972" lon="3.228659"><ele>1223.5</ele></trkpt>
<trkpt lat="44.616961" lon="3.228634"><ele>1223.75</ele></trkpt>
<trkpt lat="44.616446" lon="3.227862"><ele>1222.75</ele></trkpt>
<trkpt lat="44.616408" lon="3.227695"><ele>1223.25</ele></trkpt>
<trkpt lat="44.616515" lon="3.225946"><ele>1224.0</ele></trkpt>
<trkpt lat="44.616450" lon="3.224798"><ele>1225.5</ele></trkpt>
<trkpt lat="44.616338" lon="3.223619"><ele>1229.0</ele></trkpt>
<trkpt lat="44.616298" lon="3.223194"><ele>1230.0</ele></trkpt>
<trkpt lat="44.615992" lon="3.221955"><ele>1236.75</ele></trkpt>
<trkpt lat="44.615971" lon="3.220763"><ele>1240.5</ele></trkpt>
<trkpt lat="44.616192" lon="3.220688"><ele>1241.0</ele></trkpt>
<trkpt lat="44.616478" lon="3.220521"><ele>1240.5</ele></trkpt>
<trkpt lat="44.616708" lon="3.220221"><ele>1241.75</ele></trkpt>
<trkpt lat="44.616933" lon="3.220028"><ele>1240.75</ele></trkpt>
<trkpt lat="44.617162" lon="3.219577"><ele>1239.25</ele></trkpt>
<trkpt lat="44.617441" lon="3.218703"><ele>1235.5</ele></trkpt>
<trkpt lat="44.617551" lon="3.218311"><ele>1235.25</ele></trkpt>
<trkpt lat="44.617754" lon="3.218129"><ele>1233.0</ele></trkpt>
<trkpt lat="44.618075" lon="3.217979"><ele>1231.25</ele></trkpt>
<trkpt lat="44.618353" lon="3.217952"><ele>1230.5</ele></trkpt>
<trkpt lat="44.618609" lon="3.217737"><ele>1231.25</ele></trkpt>
<trkpt lat="44.618888" lon="3.217565"><ele>1231.25</ele></trkpt>
<trkpt lat="44.619060" lon="3.217517"><ele>1230.0</ele></trkpt>
<trkpt lat="44.619373" lon="3.217544"><ele>1226.5</ele></trkpt>
<trkpt lat="44.619671" lon="3.217496"><ele>1224.25</ele></trkpt>
<trkpt lat="44.619873" lon="3.217281"><ele>1224.5</ele></trkpt>
<trkpt lat="44.620274" lon="3.216321"><ele>1220.5</ele></trkpt>
<trkpt lat="44.620671" lon="3.215339"><ele>1216.75</ele></trkpt>
<trkpt lat="44.621049" lon="3.214808"><ele>1215.0</ele></trkpt>
<trkpt lat="44.621385" lon="3.214143"><ele>1213.75</ele></trkpt>
<trkpt lat="44.621523" lon="3.213515"><ele>1211.75</ele></trkpt>
<trkpt lat="44.621832" lon="3.213054"><ele>1210.75</ele></trkpt>
<trkpt lat="44.622046" lon="3.212534"><ele>1208.25</ele></trkpt>
<trkpt lat="44.622573" lon="3.212147"><ele>1204.75</ele></trkpt>
<trkpt lat="44.622901" lon="3.212051"><ele>1202.75</ele></trkpt>
<trkpt lat="44.623380" lon="3.212099"><ele>1200.0</ele></trkpt>
<trkpt lat="44.623479" lon="3.212232"><ele>1200.5</ele></trkpt>
<trkpt lat="44.623725" lon="3.212522"><ele>1201.5</ele></trkpt>
<trkpt lat="44.623821" lon="3.212471"><ele>1200.0</ele></trkpt>
<trkpt lat="44.623925" lon="3.212469"><ele>1199.25</ele></trkpt>
<trkpt lat="44.624051" lon="3.212408"><ele>1197.25</ele></trkpt>
<trkpt lat="44.624222" lon="3.212448"><ele>1196.0</ele></trkpt>
<trkpt lat="44.624348" lon="3.212453"><ele>1195.25</ele></trkpt>
<trkpt lat="44.624485" lon="3.212507"><ele>1194.25</ele></trkpt>
<trkpt lat="44.624705" lon="3.212513"><ele>1191.25</ele></trkpt>
<trkpt lat="44.624899" lon="3.212473"><ele>1187.0</ele></trkpt>
<trkpt lat="44.625040" lon="3.212423"><ele>1184.5</ele></trkpt>
<trkpt lat="44.625166" lon="3.212364"><ele>1182.5</ele></trkpt>
<trkpt lat="44.625292" lon="3.212231"><ele>1179.75</ele></trkpt>
<trkpt lat="44.625571" lon="3.211776"><ele>1172.5</ele></trkpt>
<trkpt lat="44.625727" lon="3.211685"><ele>1169.5</ele></trkpt>
<trkpt lat="44.625872" lon="3.211612"><ele>1167.0</ele></trkpt>
<trkpt lat="44.625940" lon="3.211559"><ele>1165.5</ele></trkpt>
<trkpt lat="44.626028" lon="3.211421"><ele>1163.25</ele></trkpt>
<trkpt lat="44.626081" lon="3.211363"><ele>1162.25</ele></trkpt>
<trkpt lat="44.626122" lon="3.211342"><ele>1161.5</ele></trkpt>
<trkpt lat="44.626277" lon="3.211515"><ele>1160.75</ele></trkpt>
<trkpt lat="44.626363" lon="3.211557"><ele>1159.75</ele></trkpt>
<trkpt lat="44.626581" lon="3.211596"><ele>1159.25</ele></trkpt>
<trkpt lat="44.626701" lon="3.211565"><ele>1159.0</ele></trkpt>
<trkpt lat="44.626823" lon="3.211493"><ele>1159.0</ele></trkpt>
<trkpt lat="44.626909" lon="3.211403"><ele>1158.75</ele></trkpt>
<trkpt lat="44.626953" lon="3.211340"><ele>1158.5</ele></trkpt>
<trkpt lat="44.627024" lon="3.211305"><ele>1158.25</ele></trkpt>
<trkpt lat="44.627154" lon="3.211278"><ele>1158.5</ele></trkpt>
<trkpt lat="44.627341" lon="3.211291"><ele>1158.5</ele></trkpt>
<trkpt lat="44.627501" lon="3.211337"><ele>1158.5</ele></trkpt>
<trkpt lat="44.627831" lon="3.211550"><ele>1157.75</ele></trkpt>
<trkpt lat="44.628002" lon="3.211611"><ele>1155.5</ele></trkpt>
<trkpt lat="44.628223" lon="3.211643"><ele>1153.0</ele></trkpt>
<trkpt lat="44.628414" lon="3.211611"><ele>1151.0</ele></trkpt>
<trkpt lat="44.628579" lon="3.211610"><ele>1149.5</ele></trkpt>
<trkpt lat="44.628714" lon="3.211556"><ele>1149.5</ele></trkpt>
<trkpt lat="44.628833" lon="3.211555"><ele>1149.0</ele></trkpt>
<trkpt lat="44.629056" lon="3.211599"><ele>1149.75</ele></trkpt>
<trkpt lat="44.629246" lon="3.211578"><ele>1151.0</ele></trkpt>
<trkpt lat="44.629344" lon="3.211504"><ele>1151.25</ele></trkpt>
<trkpt lat="44.629419" lon="3.211391"><ele>1150.75</ele></trkpt>
<trkpt lat="44.629514" lon="3.211142"><ele>1151.25</ele></trkpt>
<trkpt lat="44.629531" lon="3.210992"><ele>1151.75</ele></trkpt>
<trkpt lat="44.629508" lon="3.210730"><ele>1152.5</ele></trkpt>
<trkpt lat="44.629505" lon="3.210482"><ele>1153.25</ele></trkpt>
<trkpt lat="44.629536" lon="3.210329"><ele>1154.0</ele></trkpt>
<trkpt lat="44.629592" lon="3.210187"><ele>1154.5</ele></trkpt>
<trkpt lat="44.629687" lon="3.209998"><ele>1155.5</ele></trkpt>
<trkpt lat="44.629764" lon="3.209895"><ele>1155.75</ele></trkpt>
<trkpt lat="44.629949" lon="3.209732"><ele>1156.75</ele></trkpt>
<trkpt lat="44.629973" lon="3.209684"><ele>1157.0</ele></trkpt>
<trkpt lat="44.629995" lon="3.209624"><ele>1157.25</ele></trkpt>
<trkpt lat="44.630002" lon="3.209570"><ele>1157.5</ele></trkpt>
<trkpt lat="44.629997" lon="3.209468"><ele>1157.75</ele></trkpt>
<trkpt lat="44.629999" lon="3.209410"><ele>1158.0</ele></trkpt>
<trkpt lat="44.630008" lon="3.209355"><ele>1158.5</ele></trkpt>
<trkpt lat="44.630040" lon="3.209305"><ele>1159.25</ele></trkpt>
<trkpt lat="44.630089" lon="3.209256"><ele>1159.75</ele></trkpt>
<trkpt lat="44.630275" lon="3.209255"><ele>1161.25</ele></trkpt>
<trkpt lat="44.630374" lon="3.209232"><ele>1161.5</ele></trkpt>
<trkpt lat="44.630440" lon="3.209169"><ele>1161.75</ele></trkpt>
<trkpt lat="44.630495" lon="3.209235"><ele>1161.5</ele></trkpt>
<trkpt lat="44.630619" lon="3.209363"><ele>1161.0</ele></trkpt>
<trkpt lat="44.630737" lon="3.209430"><ele>1161.0</ele></trkpt>
<trkpt lat="44.630922" lon="3.209500"><ele>1161.25</ele></trkpt>
<trkpt lat="44.631006" lon="3.209564"><ele>1162.0</ele></trkpt>
<trkpt lat="44.631078" lon="3.209675"><ele>1163.25</ele></trkpt>
<trkpt lat="44.631187" lon="3.209960"><ele>1165.5</ele></trkpt>
<trkpt lat="44.631284" lon="3.210098"><ele>1167.0</ele></trkpt>
<trkpt lat="44.631418" lon="3.210216"><ele>1168.75</ele></trkpt>
<trkpt lat="44.631586" lon="3.210337"><ele>1170.25</ele></trkpt>
<trkpt lat="44.631651" lon="3.210418"><ele>1170.75</ele></trkpt>
<trkpt lat="44.631697" lon="3.210498"><ele>1170.75</ele></trkpt>
<trkpt lat="44.631793" lon="3.210702"><ele>1172.25</ele></trkpt>
<trkpt lat="44.631892" lon="3.210860"><ele>1173.75</ele></trkpt>
<trkpt lat="44.631964" lon="3.210913"><ele>1174.0</ele></trkpt>
<trkpt lat="44.632056" lon="3.210917"><ele>1174.5</ele></trkpt>
<trkpt lat="44.632121" lon="3.210863"><ele>1175.25</ele></trkpt>
<trkpt lat="44.632197" lon="3.210739"><ele>1176.5</ele></trkpt>
<trkpt lat="44.632243" lon="3.210713"><ele>1177.0</ele></trkpt>
<trkpt lat="44.632309" lon="3.210719"><ele>1177.5</ele></trkpt>
<trkpt lat="44.632361" lon="3.210777"><ele>1177.75</ele></trkpt>
<trkpt lat="44.632474" lon="3.211037"><ele>1176.5</ele></trkpt>
<trkpt lat="44.632560" lon="3.211187"><ele>1175.75</ele></trkpt>
<trkpt lat="44.632760" lon="3.211335"><ele>1175.5</ele></trkpt>
<trkpt lat="44.632963" lon="3.211544"><ele>1173.5</ele></trkpt>
<trkpt lat="44.633015" lon="3.211581"><ele>1173.25</ele></trkpt>
<trkpt lat="44.633290" lon="3.211680"><ele>1172.5</ele></trkpt>
<trkpt lat="44.633375" lon="3.211740"><ele>1172.25</ele></trkpt>
<trkpt lat="44.633560" lon="3.211909"><ele>1172.5</ele></trkpt>
<trkpt lat="44.633732" lon="3.212086"><ele>1173.0</ele></trkpt>
<trkpt lat="44.633930" lon="3.212174"><ele>1174.0</ele></trkpt>
<trkpt lat="44.634182" lon="3.212257"><ele>1176.0</ele></trkpt>
<trkpt lat="44.634530" lon="3.212436"><ele>1179.0</ele></trkpt>
<trkpt lat="44.634732" lon="3.212507"><ele>1179.75</ele></trkpt>
<trkpt lat="44.634948" lon="3.212548"><ele>1179.75</ele></trkpt>
<trkpt lat="44.635256" lon="3.212537"><ele>1179.25</ele></trkpt>
<trkpt lat="44.635628" lon="3.212506"><ele>1176.75</ele></trkpt>
<trkpt lat="44.635744" lon="3.212458"><ele>1176.25</ele></trkpt>
<trkpt lat="44.635997" lon="3.212265"><ele>1177.0</ele></trkpt>
<trkpt lat="44.636198" lon="3.211981"><ele>1178.75</ele></trkpt>
<trkpt lat="44.636660" lon="3.211402"><ele>1179.75</ele></trkpt>
<trkpt lat="44.636789" lon="3.211300"><ele>1180.5</ele></trkpt>
<trkpt lat="44.637358" lon="3.211166"><ele>1177.5</ele></trkpt>
<trkpt lat="44.637614" lon="3.211193"><ele>1174.5</ele></trkpt>
<trkpt lat="44.637804" lon="3.211195"><ele>1172.75</ele></trkpt>
<trkpt lat="44.638097" lon="3.211095"><ele>1172.0</ele></trkpt>
<trkpt lat="44.638403" lon="3.211021"><ele>1171.25</ele></trkpt>
<trkpt lat="44.638813" lon="3.210844"><ele>1169.25</ele></trkpt>
<trkpt lat="44.639206" lon="3.210737"><ele>1167.25</ele></trkpt>
<trkpt lat="44.639405" lon="3.210667"><ele>1166.25</ele></trkpt>
<trkpt lat="44.639598" lon="3.210664"><ele>1165.25</ele></trkpt>
<trkpt lat="44.640023" lon="3.210753"><ele>1161.25</ele></trkpt>
<trkpt lat="44.641278" lon="3.210956"><ele>1155.0</ele></trkpt>
<trkpt lat="44.641506" lon="3.211094"><ele>1153.5</ele></trkpt>
<trkpt lat="44.641786" lon="3.211337"><ele>1151.75</ele></trkpt>
<trkpt lat="44.642137" lon="3.211611"><ele>1150.75</ele></trkpt>
<trkpt lat="44.642373" lon="3.211897"><ele>1150.5</ele></trkpt>
<trkpt lat="44.643037" lon="3.210700"><ele>1148.0</ele></trkpt>
<trkpt lat="44.643212" lon="3.210606"><ele>1147.75</ele></trkpt>
<trkpt lat="44.643419" lon="3.210562"><ele>1147.5</ele></trkpt>
<trkpt lat="44.643808" lon="3.210526"><ele>1145.75</ele></trkpt>
<trkpt lat="44.643976" lon="3.210538"><ele>1144.75</ele></trkpt>
<trkpt lat="44.644150" lon="3.210510"><ele>1144.25</ele></trkpt>
<trkpt lat="44.644320" lon="3.210433"><ele>1143.25</ele></trkpt>
<trkpt lat="44.644464" lon="3.210324"><ele>1143.25</ele></trkpt>
<trkpt lat="44.644700" lon="3.210073"><ele>1142.5</ele></trkpt>
<trkpt lat="44.644782" lon="3.210016"><ele>1142.0</ele></trkpt>
<trkpt lat="44.644690" lon="3.210380"><ele>1140.5</ele></trkpt>
<trkpt lat="44.644650" lon="3.210491"><ele>1140.0</ele></trkpt>
<trkpt lat="44.644570" lon="3.210633"><ele>1139.0</ele></trkpt>
<trkpt lat="44.644489" lon="3.210682"><ele>1139.0</ele></trkpt>
<trkpt lat="44.644446" lon="3.210728"><ele>1139.0</ele></trkpt>
<trkpt lat="44.644404" lon="3.210827"><ele>1138.5</ele></trkpt>
<trkpt lat="44.644389" lon="3.210902"><ele>1138.5</ele></trkpt>
<trkpt lat="44.644382" lon="3.211053"><ele>1138.25</ele></trkpt>
<trkpt lat="44.644402" lon="3.211154"><ele>1138.25</ele></trkpt>
<trkpt lat="44.644706" lon="3.211687"><ele>1136.0</ele></trkpt>
<trkpt lat="44.644756" lon="3.211847"><ele>1136.0</ele></trkpt>
<trkpt lat="44.644773" lon="3.212032"><ele>1136.25</ele></trkpt>
<trkpt lat="44.644891" lon="3.212438"><ele>1135.5</ele></trkpt>
<trkpt lat="44.644919" lon="3.212649"><ele>1135.5</ele></trkpt>
<trkpt lat="44.644934" lon="3.212960"><ele>1135.25</ele></trkpt>
<trkpt lat="44.644926" lon="3.213276"><ele>1135.25</ele></trkpt>
<trkpt lat="44.644942" lon="3.213535"><ele>1134.0</ele></trkpt>
<trkpt lat="44.644981" lon="3.213740"><ele>1133.25</ele></trkpt>
<trkpt lat="44.645038" lon="3.213870"><ele>1132.5</ele></trkpt>
<trkpt lat="44.645149" lon="3.214002"><ele>1132.0</ele></trkpt>
<trkpt lat="44.645387" lon="3.214176"><ele>1131.25</ele></trkpt>
<trkpt lat="44.645699" lon="3.214312"><ele>1131.25</ele></trkpt>
<trkpt lat="44.646111" lon="3.214405"><ele>1130.25</ele></trkpt>
<trkpt lat="44.646542" lon="3.214410"><ele>1130.25</ele></trkpt>
<trkpt lat="44.646845" lon="3.214516"><ele>1129.5</ele></trkpt>
<trkpt lat="44.647115" lon="3.214655"><ele>1129.5</ele></trkpt>
<trkpt lat="44.647468" lon="3.214941"><ele>1130.25</ele></trkpt>
<trkpt lat="44.647800" lon="3.215281"><ele>1129.5</ele></trkpt>
<trkpt lat="44.647992" lon="3.215433"><ele>1128.0</ele></trkpt>
<trkpt lat="44.648068" lon="3.215535"><ele>1128.25</ele></trkpt>
<trkpt lat="44.648583" lon="3.216129"><ele>1126.5</ele></trkpt>
<trkpt lat="44.648672" lon="3.216172"><ele>1126.25</ele></trkpt>
<trkpt lat="44.648772" lon="3.216148"><ele>1125.75</ele></trkpt>
<trkpt lat="44.649186" lon="3.215947"><ele>1121.25</ele></trkpt>
<trkpt lat="44.649365" lon="3.216071"><ele>1121.25</ele></trkpt>
<trkpt lat="44.649622" lon="3.216343"><ele>1121.5</ele></trkpt>
<trkpt lat="44.649762" lon="3.216569"><ele>1121.5</ele></trkpt>
<trkpt lat="44.649792" lon="3.216759"><ele>1120.5</ele></trkpt>
<trkpt lat="44.649744" lon="3.216937"><ele>1120.25</ele></trkpt>
<trkpt lat="44.649598" lon="3.217208"><ele>1120.75</ele></trkpt>
<trkpt lat="44.649501" lon="3.217341"><ele>1121.5</ele></trkpt>
<trkpt lat="44.649383" lon="3.217459"><ele>1122.0</ele></trkpt>
<trkpt lat="44.649066" lon="3.217724"><ele>1122.25</ele></trkpt>
<trkpt lat="44.648964" lon="3.217845"><ele>1123.25</ele></trkpt>
<trkpt lat="44.648670" lon="3.218359"><ele>1124.0</ele></trkpt>
<trkpt lat="44.648572" lon="3.218456"><ele>1124.25</ele></trkpt>
<trkpt lat="44.648437" lon="3.218478"><ele>1125.0</ele></trkpt>
<trkpt lat="44.648360" lon="3.218529"><ele>1125.0</ele></trkpt>
<trkpt lat="44.648317" lon="3.218711"><ele>1122.25</ele></trkpt>
<trkpt lat="44.648194" lon="3.218911"><ele>1120.5</ele></trkpt>
<trkpt lat="44.648158" lon="3.218990"><ele>1119.75</ele></trkpt>
<trkpt lat="44.648278" lon="3.219023"><ele>1118.0</ele></trkpt>
<trkpt lat="44.648413" lon="3.219189"><ele>1115.5</ele></trkpt>
<trkpt lat="44.648685" lon="3.219232"><ele>1114.25</ele></trkpt>
<trkpt lat="44.649005" lon="3.219133"><ele>1113.5</ele></trkpt>
<trkpt lat="44.649194" lon="3.219140"><ele>1112.0</ele></trkpt>
<trkpt lat="44.649349" lon="3.219111"><ele>1111.25</ele></trkpt>
<trkpt lat="44.649452" lon="3.219058"><ele>1111.0</ele></trkpt>
<trkpt lat="44.649625" lon="3.218901"><ele>1110.25</ele></trkpt>
<trkpt lat="44.649728" lon="3.218740"><ele>1109.75</ele></trkpt>
<trkpt lat="44.649888" lon="3.218417"><ele>1108.0</ele></trkpt>
<trkpt lat="44.650012" lon="3.218235"><ele>1106.75</ele></trkpt>
<trkpt lat="44.650068" lon="3.218204"><ele>1105.75</ele></trkpt>
<trkpt lat="44.650138" lon="3.218202"><ele>1104.0</ele></trkpt>
<trkpt lat="44.650199" lon="3.218244"><ele>1102.5</ele></trkpt>
<trkpt lat="44.650269" lon="3.218345"><ele>1101.0</ele></trkpt>
<trkpt lat="44.650448" lon="3.218907"><ele>1095.75</ele></trkpt>
<trkpt lat="44.650482" lon="3.219126"><ele>1093.5</ele></trkpt>
<trkpt lat="44.650471" lon="3.219293"><ele>1092.5</ele></trkpt>
<trkpt lat="44.650464" lon="3.219553"><ele>1090.75</ele></trkpt>
<trkpt lat="44.650484" lon="3.219742"><ele>1089.5</ele></trkpt>
<trkpt lat="44.650547" lon="3.219980"><ele>1088.0</ele></trkpt>
<trkpt lat="44.650663" lon="3.220073"><ele>1087.25</ele></trkpt>
<trkpt lat="44.651073" lon="3.220280"><ele>1085.75</ele></trkpt>
<trkpt lat="44.651238" lon="3.220334"><ele>1085.25</ele></trkpt>
<trkpt lat="44.651363" lon="3.220436"><ele>1085.0</ele></trkpt>
<trkpt lat="44.651660" lon="3.220810"><ele>1084.0</ele></trkpt>
<trkpt lat="44.651809" lon="3.221012"><ele>1082.5</ele></trkpt>
<trkpt lat="44.651865" lon="3.221245"><ele>1081.75</ele></trkpt>
<trkpt lat="44.651889" lon="3.221441"><ele>1081.75</ele></trkpt>
<trkpt lat="44.651887" lon="3.221492"><ele>1081.75</ele></trkpt>
<trkpt lat="44.651885" lon="3.221811"><ele>1081.75</ele></trkpt>
<trkpt lat="44.651916" lon="3.221948"><ele>1081.75</ele></trkpt>
<trkpt lat="44.651909" lon="3.222008"><ele>1081.75</ele></trkpt>
<trkpt lat="44.651877" lon="3.222069"><ele>1081.75</ele></trkpt>
<trkpt lat="44.651749" lon="3.222191"><ele>1081.25</ele></trkpt>
<trkpt lat="44.651638" lon="3.222351"><ele>1081.0</ele></trkpt>
<trkpt lat="44.651579" lon="3.222595"><ele>1081.0</ele></trkpt>
<trkpt lat="44.651521" lon="3.222961"><ele>1081.5</ele></trkpt>
<trkpt lat="44.651526" lon="3.223115"><ele>1082.0</ele></trkpt>
<trkpt lat="44.651631" lon="3.223435"><ele>1084.25</ele></trkpt>
<trkpt lat="44.651875" lon="3.224478"><ele>1092.0</ele></trkpt>
<trkpt lat="44.651892" lon="3.224708"><ele>1093.5</ele></trkpt>
<trkpt lat="44.651902" lon="3.225076"><ele>1095.5</ele></trkpt>
<trkpt lat="44.651926" lon="3.225257"><ele>1096.5</ele></trkpt>
<trkpt lat="44.652012" lon="3.225548"><ele>1098.25</ele></trkpt>
<trkpt lat="44.652102" lon="3.225675"><ele>1099.75</ele></trkpt>
<trkpt lat="44.652434" lon="3.226033"><ele>1103.25</ele></trkpt>
<trkpt lat="44.652581" lon="3.226226"><ele>1104.5</ele></trkpt>
<trkpt lat="44.652674" lon="3.226428"><ele>1105.25</ele></trkpt>
<trkpt lat="44.652728" lon="3.226639"><ele>1106.25</ele></trkpt>
<trkpt lat="44.652754" lon="3.226935"><ele>1107.5</ele></trkpt>
<trkpt lat="44.652801" lon="3.227050"><ele>1108.5</ele></trkpt>
<trkpt lat="44.652897" lon="3.227125"><ele>1109.5</ele></trkpt>
<trkpt lat="44.653104" lon="3.227137"><ele>1111.0</ele></trkpt>
<trkpt lat="44.653187" lon="3.227151"><ele>1111.5</ele></trkpt>
<trkpt lat="44.653197" lon="3.227378"><ele>1112.75</ele></trkpt>
<trkpt lat="44.653224" lon="3.227647"><ele>1114.75</ele></trkpt>
<trkpt lat="44.653029" lon="3.228424"><ele>1117.5</ele></trkpt>
<trkpt lat="44.652978" lon="3.228757"><ele>1120.0</ele></trkpt>
<trkpt lat="44.652966" lon="3.229057"><ele>1121.0</ele></trkpt>
<trkpt lat="44.652979" lon="3.229362"><ele>1121.75</ele></trkpt>
<trkpt lat="44.653023" lon="3.229689"><ele>1121.75</ele></trkpt>
<trkpt lat="44.653132" lon="3.230016"><ele>1122.0</ele></trkpt>
<trkpt lat="44.653276" lon="3.230337"><ele>1123.0</ele></trkpt>
<trkpt lat="44.653393" lon="3.230455"><ele>1123.75</ele></trkpt>
<trkpt lat="44.653696" lon="3.230561"><ele>1126.0</ele></trkpt>
<trkpt lat="44.653976" lon="3.230744"><ele>1130.25</ele></trkpt>
<trkpt lat="44.654159" lon="3.230874"><ele>1132.75</ele></trkpt>
<trkpt lat="44.654451" lon="3.231008"><ele>1136.25</ele></trkpt>
<trkpt lat="44.654546" lon="3.231052"><ele>1136.75</ele></trkpt>
<trkpt lat="44.654871" lon="3.231160"><ele>1138.25</ele></trkpt>
<trkpt lat="44.655132" lon="3.231336"><ele>1139.0</ele></trkpt>
<trkpt lat="44.655457" lon="3.231637"><ele>1139.25</ele></trkpt>
<trkpt lat="44.655478" lon="3.231611"><ele>1139.0</ele></trkpt>
<trkpt lat="44.655611" lon="3.231496"><ele>1138.75</ele></trkpt>
<trkpt lat="44.655715" lon="3.231406"><ele>1138.25</ele></trkpt>
<trkpt lat="44.656601" lon="3.230243"><ele>1134.0</ele></trkpt>
<trkpt lat="44.656947" lon="3.230816"><ele>1131.0</ele></trkpt>
<trkpt lat="44.657074" lon="3.230927"><ele>1129.5</ele></trkpt>
<trkpt lat="44.657188" lon="3.230951"><ele>1128.25</ele></trkpt>
<trkpt lat="44.657384" lon="3.230898"><ele>1125.75</ele></trkpt>
<trkpt lat="44.657764" lon="3.230693"><ele>1122.0</ele></trkpt>
<trkpt lat="44.658158" lon="3.230417"><ele>1119.5</ele></trkpt>
<trkpt lat="44.658346" lon="3.230360"><ele>1117.75</ele></trkpt>
<trkpt lat="44.658438" lon="3.230370"><ele>1117.25</ele></trkpt>
<trkpt lat="44.658616" lon="3.230469"><ele>1115.75</ele></trkpt>
<trkpt lat="44.659057" lon="3.230999"><ele>1112.0</ele></trkpt>
<trkpt lat="44.659233" lon="3.231071"><ele>1112.0</ele></trkpt>
<trkpt lat="44.659552" lon="3.231144"><ele>1112.5</ele></trkpt>
<trkpt lat="44.659690" lon="3.231279"><ele>1111.0</ele></trkpt>
<trkpt lat="44.660161" lon="3.231825"><ele>1107.25</ele></trkpt>
<trkpt lat="44.660549" lon="3.232164"><ele>1108.0</ele></trkpt>
<trkpt lat="44.660715" lon="3.232220"><ele>1109.25</ele></trkpt>
<trkpt lat="44.661143" lon="3.232275"><ele>1111.25</ele></trkpt>
<trkpt lat="44.661313" lon="3.232357"><ele>1111.0</ele></trkpt>
<trkpt lat="44.661693" lon="3.232686"><ele>1109.5</ele></trkpt>
<trkpt lat="44.662082" lon="3.233123"><ele>1104.5</ele></trkpt>
<trkpt lat="44.663703" lon="3.235564"><ele>1086.75</ele></trkpt>
<trkpt lat="44.663764" lon="3.235585"><ele>1087.25</ele></trkpt>
<trkpt lat="44.663837" lon="3.235559"><ele>1087.5</ele></trkpt>
<trkpt lat="44.663882" lon="3.235496"><ele>1087.5</ele></trkpt>
<trkpt lat="44.664209" lon="3.234810"><ele>1088.0</ele></trkpt>
<trkpt lat="44.664409" lon="3.234460"><ele>1089.5</ele></trkpt>
<trkpt lat="44.664547" lon="3.234298"><ele>1091.0</ele></trkpt>
<trkpt lat="44.664640" lon="3.234229"><ele>1091.75</ele></trkpt>
<trkpt lat="44.664760" lon="3.234181"><ele>1092.25</ele></trkpt>
<trkpt lat="44.664907" lon="3.234183"><ele>1092.75</ele></trkpt>
<trkpt lat="44.665213" lon="3.234305"><ele>1094.75</ele></trkpt>
<trkpt lat="44.665628" lon="3.234458"><ele>1099.75</ele></trkpt>
<trkpt lat="44.665697" lon="3.234503"><ele>1100.75</ele></trkpt>
<trkpt lat="44.665654" lon="3.234564"><ele>1100.75</ele></trkpt>
<trkpt lat="44.665608" lon="3.234681"><ele>1101.25</ele></trkpt>
<trkpt lat="44.665528" lon="3.234917"><ele>1102.0</ele></trkpt>
<trkpt lat="44.665515" lon="3.235069"><ele>1103.0</ele></trkpt>
<trkpt lat="44.665520" lon="3.235153"><ele>1103.75</ele></trkpt>
<trkpt lat="44.665620" lon="3.235388"><ele>1105.0</ele></trkpt>
<trkpt lat="44.665641" lon="3.235487"><ele>1105.0</ele></trkpt>
<trkpt lat="44.665646" lon="3.235569"><ele>1105.0</ele></trkpt>
<trkpt lat="44.665595" lon="3.235700"><ele>1105.0</ele></trkpt>
<trkpt lat="44.665486" lon="3.235916"><ele>1105.0</ele></trkpt>
<trkpt lat="44.665408" lon="3.236124"><ele>1105.0</ele></trkpt>
<trkpt lat="44.665387" lon="3.236314"><ele>1105.0</ele></trkpt>
<trkpt lat="44.665391" lon="3.236415"><ele>1104.75</ele></trkpt>
<trkpt lat="44.665425" lon="3.236587"><ele>1104.5</ele></trkpt>
<trkpt lat="44.665513" lon="3.236943"><ele>1104.0</ele></trkpt>
<trkpt lat="44.665645" lon="3.237520"><ele>1101.75</ele></trkpt>
<trkpt lat="44.665677" lon="3.237850"><ele>1101.25</ele></trkpt>
<trkpt lat="44.665668" lon="3.238032"><ele>1100.5</ele></trkpt>
<trkpt lat="44.665578" lon="3.238751"><ele>1099.75</ele></trkpt>
<trkpt lat="44.665556" lon="3.238854"><ele>1099.75</ele></trkpt>
<trkpt lat="44.665475" lon="3.239237"><ele>1099.5</ele></trkpt>
<trkpt lat="44.665397" lon="3.239548"><ele>1099.25</ele></trkpt>
<trkpt lat="44.665223" lon="3.240135"><ele>1099.5</ele></trkpt>
<trkpt lat="44.665082" lon="3.240562"><ele>1098.75</ele></trkpt>
<trkpt lat="44.664674" lon="3.242072"><ele>1096.0</ele></trkpt>
<trkpt lat="44.664357" lon="3.243029"><ele>1094.5</ele></trkpt>
<trkpt lat="44.664216" lon="3.243413"><ele>1094.0</ele></trkpt>
<trkpt lat="44.663542" lon="3.245119"><ele>1086.5</ele></trkpt>
<trkpt lat="44.663485" lon="3.245339"><ele>1085.5</ele></trkpt>
<trkpt lat="44.663436" lon="3.245717"><ele>1083.25</ele></trkpt>
<trkpt lat="44.663426" lon="3.245886"><ele>1082.5</ele></trkpt>
<trkpt lat="44.663429" lon="3.246105"><ele>1082.25</ele></trkpt>
<trkpt lat="44.663445" lon="3.246244"><ele>1082.0</ele></trkpt>
<trkpt lat="44.663492" lon="3.246408"><ele>1081.25</ele></trkpt>
<trkpt lat="44.663705" lon="3.246811"><ele>1079.75</ele></trkpt>
<trkpt lat="44.664055" lon="3.247802"><ele>1075.0</ele></trkpt>
<trkpt lat="44.664175" lon="3.248170"><ele>1074.75</ele></trkpt>
<trkpt lat="44.664196" lon="3.248211"><ele>1074.75</ele></trkpt>
<trkpt lat="44.664240" lon="3.248411"><ele>1074.5</ele></trkpt>
<trkpt lat="44.664420" lon="3.248899"><ele>1073.0</ele></trkpt>
<trkpt lat="44.664727" lon="3.249680"><ele>1068.75</ele></trkpt>
<trkpt lat="44.664765" lon="3.249844"><ele>1067.5</ele></trkpt>
<trkpt lat="44.664809" lon="3.250112"><ele>1064.75</ele></trkpt>
<trkpt lat="44.664832" lon="3.250230"><ele>1063.25</ele></trkpt>
<trkpt lat="44.664868" lon="3.250278"><ele>1062.25</ele></trkpt>
<trkpt lat="44.664927" lon="3.250313"><ele>1061.0</ele></trkpt>
<trkpt lat="44.664990" lon="3.250316"><ele>1060.25</ele></trkpt>
<trkpt lat="44.665057" lon="3.250385"><ele>1057.75</ele></trkpt>
<trkpt lat="44.665112" lon="3.250487"><ele>1055.25</ele></trkpt>
<trkpt lat="44.665122" lon="3.250617"><ele>1053.25</ele></trkpt>
<trkpt lat="44.665088" lon="3.250920"><ele>1050.5</ele></trkpt>
<trkpt lat="44.665065" lon="3.251173"><ele>1049.5</ele></trkpt>
<trkpt lat="44.665008" lon="3.251561"><ele>1046.5</ele></trkpt>
<trkpt lat="44.664960" lon="3.251784"><ele>1045.0</ele></trkpt>
<trkpt lat="44.664876" lon="3.252042"><ele>1043.75</ele></trkpt>
<trkpt lat="44.664941" lon="3.252208"><ele>1043.75</ele></trkpt>
<trkpt lat="44.665030" lon="3.252475"><ele>1042.75</ele></trkpt>
<trkpt lat="44.665107" lon="3.252785"><ele>1043.25</ele></trkpt>
<trkpt lat="44.665117" lon="3.252998"><ele>1044.0</ele></trkpt>
<trkpt lat="44.665113" lon="3.253036"><ele>1044.25</ele></trkpt>
<trkpt lat="44.665096" lon="3.253026"><ele>1044.0</ele></trkpt>
<trkpt lat="44.665088" lon="3.253067"><ele>1044.25</ele></trkpt>
<trkpt lat="44.665061" lon="3.253208"><ele>1043.5</ele></trkpt>
<trkpt lat="44.665085" lon="3.253377"><ele>1043.25</ele></trkpt>
<trkpt lat="44.665161" lon="3.253524"><ele>1044.25</ele></trkpt>
<trkpt lat="44.665185" lon="3.253621"><ele>1045.0</ele></trkpt>
<trkpt lat="44.665195" lon="3.254258"><ele>1047.0</ele></trkpt>
<trkpt lat="44.665202" lon="3.255002"><ele>1049.75</ele></trkpt>
<trkpt lat="44.665160" lon="3.255855"><ele>1049.75</ele></trkpt>
<trkpt lat="44.665135" lon="3.256118"><ele>1049.75</ele></trkpt>
<trkpt lat="44.665047" lon="3.256572"><ele>1049.5</ele></trkpt>
<trkpt lat="44.664836" lon="3.257352"><ele>1047.75</ele></trkpt>
<trkpt lat="44.664608" lon="3.257919"><ele>1045.25</ele></trkpt>
<trkpt lat="44.664572" lon="3.258093"><ele>1044.75</ele></trkpt>
<trkpt lat="44.664520" lon="3.258596"><ele>1043.25</ele></trkpt>
<trkpt lat="44.664477" lon="3.258823"><ele>1043.0</ele></trkpt>
<trkpt lat="44.664328" lon="3.259193"><ele>1046.25</ele></trkpt>
<trkpt lat="44.664205" lon="3.259505"><ele>1045.0</ele></trkpt>
<trkpt lat="44.664146" lon="3.259694"><ele>1042.25</ele></trkpt>
<trkpt lat="44.663996" lon="3.260039"><ele>1042.75</ele></trkpt>
<trkpt lat="44.663816" lon="3.260363"><ele>1042.25</ele></trkpt>
<trkpt lat="44.663345" lon="3.261140"><ele>1041.0</ele></trkpt>
<trkpt lat="44.663206" lon="3.261517"><ele>1038.75</ele></trkpt>
<trkpt lat="44.663174" lon="3.261685"><ele>1037.0</ele></trkpt>
<trkpt lat="44.663163" lon="3.261885"><ele>1036.0</ele></trkpt>
<trkpt lat="44.663203" lon="3.262141"><ele>1035.25</ele></trkpt>
<trkpt lat="44.663261" lon="3.262374"><ele>1035.0</ele></trkpt>
<trkpt lat="44.663554" lon="3.263149"><ele>1033.25</ele></trkpt>
<trkpt lat="44.663626" lon="3.263621"><ele>1032.0</ele></trkpt>
<trkpt lat="44.663624" lon="3.263793"><ele>1031.25</ele></trkpt>
<trkpt lat="44.663588" lon="3.263933"><ele>1030.75</ele></trkpt>
<trkpt lat="44.663433" lon="3.264209"><ele>1030.0</ele></trkpt>
<trkpt lat="44.663251" lon="3.264430"><ele>1030.25</ele></trkpt>
<trkpt lat="44.663153" lon="3.264569"><ele>1030.75</ele></trkpt>
<trkpt lat="44.663104" lon="3.264795"><ele>1031.25</ele></trkpt>
<trkpt lat="44.663000" lon="3.265523"><ele>1035.5</ele></trkpt>
<trkpt lat="44.662944" lon="3.266155"><ele>1043.25</ele></trkpt>
<trkpt lat="44.662807" lon="3.266710"><ele>1051.75</ele></trkpt>
<trkpt lat="44.662376" lon="3.268039"><ele>1061.75</ele></trkpt>
<trkpt lat="44.662300" lon="3.268256"><ele>1062.5</ele></trkpt>
<trkpt lat="44.662095" lon="3.268685"><ele>1064.75</ele></trkpt>
<trkpt lat="44.661810" lon="3.269254"><ele>1069.25</ele></trkpt>
<trkpt lat="44.661573" lon="3.269664"><ele>1073.5</ele></trkpt>
<trkpt lat="44.661411" lon="3.269874"><ele>1076.25</ele></trkpt>
<trkpt lat="44.661224" lon="3.270083"><ele>1078.25</ele></trkpt>
<trkpt lat="44.660984" lon="3.270272"><ele>1080.25</ele></trkpt>
<trkpt lat="44.660801" lon="3.270464"><ele>1081.0</ele></trkpt>
<trkpt lat="44.660646" lon="3.270655"><ele>1081.25</ele></trkpt>
<trkpt lat="44.660534" lon="3.270840"><ele>1081.25</ele></trkpt>
<trkpt lat="44.660384" lon="3.271182"><ele>1084.5</ele></trkpt>
<trkpt lat="44.659843" lon="3.271869"><ele>1093.25</ele></trkpt>
<trkpt lat="44.659734" lon="3.272219"><ele>1094.75</ele></trkpt>
<trkpt lat="44.659542" lon="3.272982"><ele>1097.5</ele></trkpt>
<trkpt lat="44.659447" lon="3.273227"><ele>1098.75</ele></trkpt>
<trkpt lat="44.659206" lon="3.273625"><ele>1102.0</ele></trkpt>
<trkpt lat="44.658765" lon="3.274208"><ele>1107.0</ele></trkpt>
<trkpt lat="44.658663" lon="3.274467"><ele>1107.25</ele></trkpt>
<trkpt lat="44.658549" lon="3.274881"><ele>1108.75</ele></trkpt>
<trkpt lat="44.658404" lon="3.275459"><ele>1110.25</ele></trkpt>
<trkpt lat="44.658244" lon="3.276232"><ele>1111.0</ele></trkpt>
<trkpt lat="44.658141" lon="3.276856"><ele>1111.25</ele></trkpt>
<trkpt lat="44.658112" lon="3.277205"><ele>1111.0</ele></trkpt>
<trkpt lat="44.658117" lon="3.277440"><ele>1110.25</ele></trkpt>
<trkpt lat="44.658163" lon="3.277618"><ele>1110.0</ele></trkpt>
<trkpt lat="44.658205" lon="3.277637"><ele>1110.25</ele></trkpt>
<trkpt lat="44.658328" lon="3.277720"><ele>1110.0</ele></trkpt>
<trkpt lat="44.658634" lon="3.277858"><ele>1111.75</ele></trkpt>
<trkpt lat="44.659019" lon="3.277987"><ele>1112.25</ele></trkpt>
<trkpt lat="44.659475" lon="3.278190"><ele>1113.0</ele></trkpt>
<trkpt lat="44.660240" lon="3.278602"><ele>1113.75</ele></trkpt>
<trkpt lat="44.660306" lon="3.278661"><ele>1114.0</ele></trkpt>
<trkpt lat="44.660791" lon="3.279171"><ele>1114.5</ele></trkpt>
<trkpt lat="44.660993" lon="3.279356"><ele>1114.25</ele></trkpt>
<trkpt lat="44.661320" lon="3.279623"><ele>1113.75</ele></trkpt>
<trkpt lat="44.661482" lon="3.279790"><ele>1114.0</ele></trkpt>
<trkpt lat="44.661854" lon="3.280249"><ele>1113.5</ele></trkpt>
<trkpt lat="44.662025" lon="3.280402"><ele>1113.25</ele></trkpt>
<trkpt lat="44.662180" lon="3.280493"><ele>1113.25</ele></trkpt>
<trkpt lat="44.662281" lon="3.280532"><ele>1113.0</ele></trkpt>
<trkpt lat="44.662453" lon="3.280570"><ele>1112.75</ele></trkpt>
<trkpt lat="44.662533" lon="3.280596"><ele>1112.25</ele></trkpt>
<trkpt lat="44.663443" lon="3.281125"><ele>1107.75</ele></trkpt>
<trkpt lat="44.663868" lon="3.281370"><ele>1103.25</ele></trkpt>
<trkpt lat="44.663957" lon="3.281408"><ele>1102.75</ele></trkpt>
<trkpt lat="44.664138" lon="3.281551"><ele>1101.25</ele></trkpt>
<trkpt lat="44.664474" lon="3.281849"><ele>1098.25</ele></trkpt>
<trkpt lat="44.664635" lon="3.282032"><ele>1097.25</ele></trkpt>
<trkpt lat="44.664752" lon="3.282222"><ele>1095.75</ele></trkpt>
<trkpt lat="44.664868" lon="3.282491"><ele>1094.75</ele></trkpt>
<trkpt lat="44.664913" lon="3.282742"><ele>1094.25</ele></trkpt>
<trkpt lat="44.664930" lon="3.283011"><ele>1094.0</ele></trkpt>
<trkpt lat="44.664976" lon="3.283255"><ele>1093.25</ele></trkpt>
<trkpt lat="44.665100" lon="3.283713"><ele>1088.75</ele></trkpt>
<trkpt lat="44.665154" lon="3.284049"><ele>1086.25</ele></trkpt>
<trkpt lat="44.665255" lon="3.284310"><ele>1085.5</ele></trkpt>
<trkpt lat="44.665904" lon="3.285428"><ele>1079.0</ele></trkpt>
<trkpt lat="44.666150" lon="3.285741"><ele>1077.25</ele></trkpt>
<trkpt lat="44.666503" lon="3.286110"><ele>1075.5</ele></trkpt>
<trkpt lat="44.666899" lon="3.286476"><ele>1073.25</ele></trkpt>
<trkpt lat="44.667119" lon="3.286798"><ele>1071.5</ele></trkpt>
<trkpt lat="44.667345" lon="3.287186"><ele>1070.0</ele></trkpt>
<trkpt lat="44.668005" lon="3.288284"><ele>1067.75</ele></trkpt>
<trkpt lat="44.668049" lon="3.288425"><ele>1068.0</ele></trkpt>
<trkpt lat="44.669323" lon="3.289039"><ele>1068.5</ele></trkpt>
<trkpt lat="44.669570" lon="3.289093"><ele>1068.25</ele></trkpt>
<trkpt lat="44.669837" lon="3.289102"><ele>1067.25</ele></trkpt>
<trkpt lat="44.670236" lon="3.289229"><ele>1067.0</ele></trkpt>
<trkpt lat="44.670363" lon="3.289307"><ele>1066.75</ele></trkpt>
<trkpt lat="44.670821" lon="3.289895"><ele>1066.0</ele></trkpt>
<trkpt lat="44.671139" lon="3.290233"><ele>1066.0</ele></trkpt>
<trkpt lat="44.671453" lon="3.290494"><ele>1066.0</ele></trkpt>
<trkpt lat="44.671654" lon="3.290661"><ele>1065.75</ele></trkpt>
<trkpt lat="44.672379" lon="3.291212"><ele>1062.0</ele></trkpt>
<trkpt lat="44.672980" lon="3.291834"><ele>1055.5</ele></trkpt>
<trkpt lat="44.673293" lon="3.292057"><ele>1054.0</ele></trkpt>
<trkpt lat="44.673437" lon="3.292221"><ele>1054.0</ele></trkpt>
<trkpt lat="44.673706" lon="3.292698"><ele>1054.5</ele></trkpt>
<trkpt lat="44.673993" lon="3.293090"><ele>1055.5</ele></trkpt>
<trkpt lat="44.674258" lon="3.293366"><ele>1055.25</ele></trkpt>
<trkpt lat="44.674500" lon="3.293534"><ele>1055.25</ele></trkpt>
<trkpt lat="44.674877" lon="3.293741"><ele>1052.75</ele></trkpt>
<trkpt lat="44.675073" lon="3.293930"><ele>1052.5</ele></trkpt>
<trkpt lat="44.675241" lon="3.294197"><ele>1051.5</ele></trkpt>
<trkpt lat="44.675475" lon="3.294790"><ele>1049.5</ele></trkpt>
<trkpt lat="44.675662" lon="3.295159"><ele>1048.5</ele></trkpt>
<trkpt lat="44.675738" lon="3.295384"><ele>1047.75</ele></trkpt>
<trkpt lat="44.675781" lon="3.295646"><ele>1047.5</ele></trkpt>
<trkpt lat="44.675752" lon="3.296457"><ele>1047.5</ele></trkpt>
<trkpt lat="44.675654" lon="3.297145"><ele>1045.25</ele></trkpt>
<trkpt lat="44.675650" lon="3.297373"><ele>1043.75</ele></trkpt>
<trkpt lat="44.675691" lon="3.297601"><ele>1043.0</ele></trkpt>
<trkpt lat="44.675871" lon="3.298187"><ele>1041.5</ele></trkpt>
<trkpt lat="44.676148" lon="3.298695"><ele>1040.75</ele></trkpt>
<trkpt lat="44.676337" lon="3.298967"><ele>1040.75</ele></trkpt>
<trkpt lat="44.676435" lon="3.299308"><ele>1039.25</ele></trkpt>
<trkpt lat="44.676547" lon="3.299506"><ele>1037.75</ele></trkpt>
<trkpt lat="44.676696" lon="3.299613"><ele>1037.0</ele></trkpt>
<trkpt lat="44.676919" lon="3.299724"><ele>1035.75</ele></trkpt>
<trkpt lat="44.677121" lon="3.299793"><ele>1034.75</ele></trkpt>
<trkpt lat="44.677798" lon="3.299787"><ele>1032.75</ele></trkpt>
<trkpt lat="44.677965" lon="3.299820"><ele>1032.25</ele></trkpt>
<trkpt lat="44.678397" lon="3.299996"><ele>1031.75</ele></trkpt>
<trkpt lat="44.678438" lon="3.300013"><ele>1031.5</ele></trkpt>
<trkpt lat="44.678555" lon="3.300105"><ele>1031.5</ele></trkpt>
<trkpt lat="44.678522" lon="3.300146"><ele>1031.5</ele></trkpt>
<trkpt lat="44.678152" lon="3.300455"><ele>1032.0</ele></trkpt>
<trkpt lat="44.677832" lon="3.300923"><ele>1030.5</ele></trkpt>
<trkpt lat="44.677303" lon="3.302169"><ele>1021.75</ele></trkpt>
<trkpt lat="44.677084" lon="3.302523"><ele>1017.75</ele></trkpt>
<trkpt lat="44.676904" lon="3.302787"><ele>1013.75</ele></trkpt>
<trkpt lat="44.676840" lon="3.303067"><ele>1012.75</ele></trkpt>
<trkpt lat="44.676859" lon="3.303309"><ele>1011.75</ele></trkpt>
<trkpt lat="44.677012" lon="3.304174"><ele>1005.75</ele></trkpt>
<trkpt lat="44.677551" lon="3.306737"><ele>1008.25</ele></trkpt>
<trkpt lat="44.677554" lon="3.307491"><ele>1012.5</ele></trkpt>
<trkpt lat="44.677584" lon="3.307861"><ele>1016.25</ele></trkpt>
<trkpt lat="44.677642" lon="3.308174"><ele>1018.5</ele></trkpt>
<trkpt lat="44.677716" lon="3.308394"><ele>1020.5</ele></trkpt>
<trkpt lat="44.677839" lon="3.308678"><ele>1022.5</ele></trkpt>
<trkpt lat="44.677962" lon="3.308851"><ele>1024.0</ele></trkpt>
<trkpt lat="44.678168" lon="3.308996"><ele>1026.0</ele></trkpt>
<trkpt lat="44.678350" lon="3.309092"><ele>1027.75</ele></trkpt>
<trkpt lat="44.678840" lon="3.309277"><ele>1032.0</ele></trkpt>
<trkpt lat="44.679222" lon="3.309444"><ele>1033.5</ele></trkpt>
<trkpt lat="44.679728" lon="3.309703"><ele>1033.0</ele></trkpt>
<trkpt lat="44.679818" lon="3.309809"><ele>1031.75</ele></trkpt>
<trkpt lat="44.679826" lon="3.310173"><ele>1031.25</ele></trkpt>
<trkpt lat="44.679860" lon="3.310614"><ele>1033.25</ele></trkpt>
<trkpt lat="44.679883" lon="3.310694"><ele>1033.75</ele></trkpt>
<trkpt lat="44.679968" lon="3.310815"><ele>1034.75</ele></trkpt>
<trkpt lat="44.679994" lon="3.311072"><ele>1036.5</ele></trkpt>
<trkpt lat="44.680038" lon="3.311272"><ele>1038.5</ele></trkpt>
<trkpt lat="44.680154" lon="3.311272"><ele>1039.75</ele></trkpt>
<trkpt lat="44.680369" lon="3.311226"><ele>1040.5</ele></trkpt>
<trkpt lat="44.680571" lon="3.311311"><ele>1041.75</ele></trkpt>
<trkpt lat="44.680681" lon="3.311608"><ele>1044.5</ele></trkpt>
<trkpt lat="44.680851" lon="3.311896"><ele>1046.5</ele></trkpt>
<trkpt lat="44.680957" lon="3.312121"><ele>1048.75</ele></trkpt>
<trkpt lat="44.680967" lon="3.312216"><ele>1049.75</ele></trkpt>
<trkpt lat="44.680955" lon="3.312292"><ele>1050.75</ele></trkpt>
<trkpt lat="44.680927" lon="3.312340"><ele>1051.5</ele></trkpt>
<trkpt lat="44.680869" lon="3.312382"><ele>1052.25</ele></trkpt>
<trkpt lat="44.680694" lon="3.312426"><ele>1053.5</ele></trkpt>
<trkpt lat="44.680409" lon="3.312607"><ele>1055.0</ele></trkpt>
<trkpt lat="44.680348" lon="3.312681"><ele>1055.5</ele></trkpt>
<trkpt lat="44.680333" lon="3.312907"><ele>1056.5</ele></trkpt>
<trkpt lat="44.680448" lon="3.313424"><ele>1056.5</ele></trkpt>
<trkpt lat="44.680455" lon="3.313578"><ele>1056.5</ele></trkpt>
<trkpt lat="44.680441" lon="3.313702"><ele>1056.5</ele></trkpt>
<trkpt lat="44.680324" lon="3.314106"><ele>1056.0</ele></trkpt>
<trkpt lat="44.680338" lon="3.314347"><ele>1056.0</ele></trkpt>
<trkpt lat="44.680318" lon="3.315069"><ele>1056.0</ele></trkpt>
<trkpt lat="44.680268" lon="3.315478"><ele>1056.5</ele></trkpt>
<trkpt lat="44.680157" lon="3.315826"><ele>1056.0</ele></trkpt>
<trkpt lat="44.679997" lon="3.316398"><ele>1057.75</ele></trkpt>
<trkpt lat="44.679991" lon="3.317255"><ele>1059.0</ele></trkpt>
<trkpt lat="44.679858" lon="3.317349"><ele>1059.0</ele></trkpt>
<trkpt lat="44.678999" lon="3.317536"><ele>1061.0</ele></trkpt>
<trkpt lat="44.678673" lon="3.317653"><ele>1062.75</ele></trkpt>
<trkpt lat="44.678292" lon="3.317859"><ele>1065.5</ele></trkpt>
<trkpt lat="44.677785" lon="3.318001"><ele>1067.75</ele></trkpt>
<trkpt lat="44.677339" lon="3.318238"><ele>1069.0</ele></trkpt>
<trkpt lat="44.677310" lon="3.318788"><ele>1070.0</ele></trkpt>
<trkpt lat="44.677205" lon="3.319382"><ele>1070.75</ele></trkpt>
<trkpt lat="44.677223" lon="3.319868"><ele>1069.25</ele></trkpt>
<trkpt lat="44.676859" lon="3.320614"><ele>1065.5</ele></trkpt>
<trkpt lat="44.676346" lon="3.321621"><ele>1060.25</ele></trkpt>
<trkpt lat="44.675568" lon="3.323073"><ele>1050.75</ele></trkpt>
<trkpt lat="44.674673" lon="3.325091"><ele>1042.5</ele></trkpt>
<trkpt lat="44.674380" lon="3.325714"><ele>1040.25</ele></trkpt>
<trkpt lat="44.674333" lon="3.325741"><ele>1040.25</ele></trkpt>
<trkpt lat="44.674311" lon="3.325851"><ele>1039.75</ele></trkpt>
<trkpt lat="44.673863" lon="3.326871"><ele>1034.75</ele></trkpt>
<trkpt lat="44.673791" lon="3.327090"><ele>1034.0</ele></trkpt>
<trkpt lat="44.673724" lon="3.327618"><ele>1033.0</ele></trkpt>
<trkpt lat="44.673552" lon="3.328853"><ele>1036.5</ele></trkpt>
<trkpt lat="44.673491" lon="3.329395"><ele>1039.5</ele></trkpt>
<trkpt lat="44.673344" lon="3.329977"><ele>1041.75</ele></trkpt>
<trkpt lat="44.673285" lon="3.330126"><ele>1042.5</ele></trkpt>
<trkpt lat="44.673161" lon="3.330239"><ele>1043.25</ele></trkpt>
<trkpt lat="44.673007" lon="3.330345"><ele>1044.0</ele></trkpt>
<trkpt lat="44.672881" lon="3.330513"><ele>1044.75</ele></trkpt>
<trkpt lat="44.672616" lon="3.331055"><ele>1046.75</ele></trkpt>
<trkpt lat="44.671961" lon="3.332464"><ele>1048.75</ele></trkpt>
<trkpt lat="44.671731" lon="3.333050"><ele>1051.25</ele></trkpt>
<trkpt lat="44.671549" lon="3.333365"><ele>1052.75</ele></trkpt>
<trkpt lat="44.671450" lon="3.333551"><ele>1052.75</ele></trkpt>
<trkpt lat="44.671351" lon="3.333794"><ele>1052.75</ele></trkpt>
<trkpt lat="44.671324" lon="3.333959"><ele>1052.5</ele></trkpt>
<trkpt lat="44.671305" lon="3.334287"><ele>1051.25</ele></trkpt>
<trkpt lat="44.671195" lon="3.334962"><ele>1045.25</ele></trkpt>
<trkpt lat="44.671088" lon="3.335453"><ele>1040.5</ele></trkpt>
<trkpt lat="44.671000" lon="3.335725"><ele>1038.75</ele></trkpt>
<trkpt lat="44.670975" lon="3.335854"><ele>1037.75</ele></trkpt>
<trkpt lat="44.671072" lon="3.336502"><ele>1035.0</ele></trkpt>
<trkpt lat="44.671070" lon="3.336704"><ele>1034.0</ele></trkpt>
<trkpt lat="44.670864" lon="3.337440"><ele>1034.75</ele></trkpt>
<trkpt lat="44.670927" lon="3.337597"><ele>1033.75</ele></trkpt>
<trkpt lat="44.671057" lon="3.338074"><ele>1035.25</ele></trkpt>
<trkpt lat="44.671138" lon="3.338293"><ele>1036.75</ele></trkpt>
<trkpt lat="44.671241" lon="3.338429"><ele>1037.75</ele></trkpt>
<trkpt lat="44.671297" lon="3.338477"><ele>1038.5</ele></trkpt>
<trkpt lat="44.672157" lon="3.338081"><ele>1041.5</ele></trkpt>
<trkpt lat="44.672376" lon="3.338029"><ele>1043.75</ele></trkpt>
<trkpt lat="44.672610" lon="3.337906"><ele>1045.0</ele></trkpt>
<trkpt lat="44.672857" lon="3.337848"><ele>1046.5</ele></trkpt>
<trkpt lat="44.673046" lon="3.337869"><ele>1048.5</ele></trkpt>
<trkpt lat="44.673291" lon="3.338097"><ele>1048.25</ele></trkpt>
<trkpt lat="44.673540" lon="3.338463"><ele>1046.5</ele></trkpt>
<trkpt lat="44.674065" lon="3.338983"><ele>1045.25</ele></trkpt>
<trkpt lat="44.674559" lon="3.339229"><ele>1048.75</ele></trkpt>
<trkpt lat="44.674723" lon="3.339346"><ele>1050.5</ele></trkpt>
<trkpt lat="44.674747" lon="3.339499"><ele>1051.25</ele></trkpt>
<trkpt lat="44.674761" lon="3.339644"><ele>1051.75</ele></trkpt>
<trkpt lat="44.674771" lon="3.339884"><ele>1052.75</ele></trkpt>
<trkpt lat="44.674763" lon="3.340336"><ele>1056.25</ele></trkpt>
<trkpt lat="44.674800" lon="3.340487"><ele>1057.0</ele></trkpt>
<trkpt lat="44.674872" lon="3.340585"><ele>1058.0</ele></trkpt>
<trkpt lat="44.674977" lon="3.340564"><ele>1058.75</ele></trkpt>
<trkpt lat="44.675100" lon="3.340508"><ele>1059.25</ele></trkpt>
<trkpt lat="44.675721" lon="3.340293"><ele>1063.0</ele></trkpt>
<trkpt lat="44.676069" lon="3.340305"><ele>1065.25</ele></trkpt>
<trkpt lat="44.676303" lon="3.340373"><ele>1065.5</ele></trkpt>
<trkpt lat="44.676664" lon="3.340339"><ele>1065.5</ele></trkpt>
<trkpt lat="44.676985" lon="3.340348"><ele>1064.0</ele></trkpt>
<trkpt lat="44.677160" lon="3.340582"><ele>1063.0</ele></trkpt>
<trkpt lat="44.677388" lon="3.341047"><ele>1062.5</ele></trkpt>
<trkpt lat="44.677886" lon="3.341523"><ele>1060.25</ele></trkpt>
<trkpt lat="44.678249" lon="3.341773"><ele>1059.75</ele></trkpt>
<trkpt lat="44.678657" lon="3.342040"><ele>1058.75</ele></trkpt>
<trkpt lat="44.678988" lon="3.342392"><ele>1060.0</ele></trkpt>
<trkpt lat="44.679464" lon="3.342701"><ele>1057.25</ele></trkpt>
<trkpt lat="44.679734" lon="3.342988"><ele>1053.0</ele></trkpt>
<trkpt lat="44.679975" lon="3.343153"><ele>1049.5</ele></trkpt>
<trkpt lat="44.680160" lon="3.343197"><ele>1047.25</ele></trkpt>
<trkpt lat="44.680479" lon="3.343249"><ele>1044.5</ele></trkpt>
<trkpt lat="44.680776" lon="3.343458"><ele>1042.25</ele></trkpt>
<trkpt lat="44.681085" lon="3.343771"><ele>1038.75</ele></trkpt>
<trkpt lat="44.681358" lon="3.344380"><ele>1034.25</ele></trkpt>
<trkpt lat="44.681772" lon="3.345037"><ele>1030.75</ele></trkpt>
<trkpt lat="44.682384" lon="3.346225"><ele>1026.25</ele></trkpt>
<trkpt lat="44.682771" lon="3.346864"><ele>1025.25</ele></trkpt>
<trkpt lat="44.683191" lon="3.347404"><ele>1022.25</ele></trkpt>
<trkpt lat="44.683840" lon="3.348380"><ele>1017.0</ele></trkpt>
<trkpt lat="44.683912" lon="3.348466"><ele>1016.0</ele></trkpt>
<trkpt lat="44.683990" lon="3.348511"><ele>1015.25</ele></trkpt>
<trkpt lat="44.684096" lon="3.348517"><ele>1015.25</ele></trkpt>
<trkpt lat="44.684178" lon="3.348487"><ele>1015.5</ele></trkpt>
<trkpt lat="44.684252" lon="3.348434"><ele>1014.5</ele></trkpt>
<trkpt lat="44.684409" lon="3.348231"><ele>1013.25</ele></trkpt>
<trkpt lat="44.684460" lon="3.348213"><ele>1012.25</ele></trkpt>
<trkpt lat="44.684494" lon="3.348215"><ele>1011.75</ele></trkpt>
<trkpt lat="44.684528" lon="3.348224"><ele>1011.0</ele></trkpt>
<trkpt lat="44.684201" lon="3.348800"><ele>1011.25</ele></trkpt>
<trkpt lat="44.683787" lon="3.349615"><ele>1009.75</ele></trkpt>
<trkpt lat="44.683482" lon="3.350246"><ele>1011.75</ele></trkpt>
<trkpt lat="44.683489" lon="3.350300"><ele>1011.5</ele></trkpt>
<trkpt lat="44.683491" lon="3.350373"><ele>1011.0</ele></trkpt>
<trkpt lat="44.683470" lon="3.350453"><ele>1011.0</ele></trkpt>
<trkpt lat="44.683386" lon="3.350653"><ele>1011.0</ele></trkpt>
<trkpt lat="44.683357" lon="3.350789"><ele>1010.0</ele></trkpt>
<trkpt lat="44.683354" lon="3.350902"><ele>1009.5</ele></trkpt>
<trkpt lat="44.683373" lon="3.350992"><ele>1009.0</ele></trkpt>
<trkpt lat="44.683405" lon="3.351077"><ele>1008.75</ele></trkpt>
<trkpt lat="44.683507" lon="3.351253"><ele>1008.5</ele></trkpt>
<trkpt lat="44.683727" lon="3.351551"><ele>1009.0</ele></trkpt>
<trkpt lat="44.683775" lon="3.351665"><ele>1009.5</ele></trkpt>
<trkpt lat="44.683811" lon="3.351791"><ele>1010.25</ele></trkpt>
<trkpt lat="44.683820" lon="3.351913"><ele>1011.0</ele></trkpt>
<trkpt lat="44.683821" lon="3.352093"><ele>1011.75</ele></trkpt>
<trkpt lat="44.683830" lon="3.352174"><ele>1012.0</ele></trkpt>
<trkpt lat="44.683864" lon="3.352267"><ele>1013.0</ele></trkpt>
<trkpt lat="44.684240" lon="3.352968"><ele>1019.25</ele></trkpt>
<trkpt lat="44.684360" lon="3.353099"><ele>1021.0</ele></trkpt>
<trkpt lat="44.685168" lon="3.353217"><ele>1026.25</ele></trkpt>
<trkpt lat="44.685761" lon="3.353161"><ele>1031.5</ele></trkpt>
<trkpt lat="44.685880" lon="3.353156"><ele>1032.5</ele></trkpt>
<trkpt lat="44.686045" lon="3.353080"><ele>1034.25</ele></trkpt>
<trkpt lat="44.686300" lon="3.352912"><ele>1036.5</ele></trkpt>
<trkpt lat="44.686507" lon="3.352827"><ele>1037.5</ele></trkpt>
<trkpt lat="44.686795" lon="3.352802"><ele>1038.5</ele></trkpt>
<trkpt lat="44.687253" lon="3.352837"><ele>1040.5</ele></trkpt>
<trkpt lat="44.687537" lon="3.352871"><ele>1043.5</ele></trkpt>
<trkpt lat="44.687729" lon="3.352906"><ele>1045.0</ele></trkpt>
<trkpt lat="44.687656" lon="3.353248"><ele>1046.0</ele></trkpt>
<trkpt lat="44.687581" lon="3.353644"><ele>1047.0</ele></trkpt>
<trkpt lat="44.687467" lon="3.353901"><ele>1048.5</ele></trkpt>
<trkpt lat="44.687312" lon="3.354379"><ele>1050.0</ele></trkpt>
<trkpt lat="44.686950" lon="3.354993"><ele>1053.0</ele></trkpt>
<trkpt lat="44.686508" lon="3.355545"><ele>1058.5</ele></trkpt>
<trkpt lat="44.685902" lon="3.356659"><ele>1060.25</ele></trkpt>
<trkpt lat="44.685605" lon="3.357555"><ele>1058.0</ele></trkpt>
<trkpt lat="44.685478" lon="3.358181"><ele>1058.0</ele></trkpt>
<trkpt lat="44.685126" lon="3.359256"><ele>1058.5</ele></trkpt>
<trkpt lat="44.684875" lon="3.360117"><ele>1060.0</ele></trkpt>
<trkpt lat="44.684829" lon="3.360226"><ele>1060.25</ele></trkpt>
<trkpt lat="44.684287" lon="3.361248"><ele>1066.25</ele></trkpt>
<trkpt lat="44.683755" lon="3.362044"><ele>1069.75</ele></trkpt>
<trkpt lat="44.683452" lon="3.362810"><ele>1074.0</ele></trkpt>
<trkpt lat="44.683452" lon="3.363141"><ele>1075.75</ele></trkpt>
<trkpt lat="44.683459" lon="3.363306"><ele>1075.5</ele></trkpt>
<trkpt lat="44.683431" lon="3.363436"><ele>1074.75</ele></trkpt>
<trkpt lat="44.683348" lon="3.363558"><ele>1074.0</ele></trkpt>
<trkpt lat="44.683298" lon="3.363632"><ele>1073.5</ele></trkpt>
<trkpt lat="44.683245" lon="3.364019"><ele>1073.0</ele></trkpt>
<trkpt lat="44.683066" lon="3.364450"><ele>1074.0</ele></trkpt>
<trkpt lat="44.682927" lon="3.364637"><ele>1074.5</ele></trkpt>
<trkpt lat="44.681940" lon="3.365616"><ele>1076.0</ele></trkpt>
<trkpt lat="44.680650" lon="3.367095"><ele>1071.25</ele></trkpt>
<trkpt lat="44.680396" lon="3.367291"><ele>1070.0</ele></trkpt>
<trkpt lat="44.680044" lon="3.367325"><ele>1068.75</ele></trkpt>
<trkpt lat="44.679137" lon="3.367747"><ele>1067.0</ele></trkpt>
<trkpt lat="44.677543" lon="3.368627"><ele>1066.75</ele></trkpt>
<trkpt lat="44.677080" lon="3.369048"><ele>1067.75</ele></trkpt>
<trkpt lat="44.676521" lon="3.369653"><ele>1066.25</ele></trkpt>
<trkpt lat="44.676364" lon="3.369791"><ele>1066.25</ele></trkpt>
<trkpt lat="44.676268" lon="3.369863"><ele>1066.0</ele></trkpt>
<trkpt lat="44.676007" lon="3.370206"><ele>1066.0</ele></trkpt>
<trkpt lat="44.675624" lon="3.370635"><ele>1066.75</ele></trkpt>
<trkpt lat="44.675227" lon="3.371254"><ele>1068.25</ele></trkpt>
<trkpt lat="44.674965" lon="3.371741"><ele>1068.75</ele></trkpt>
<trkpt lat="44.674609" lon="3.372533"><ele>1067.25</ele></trkpt>
<trkpt lat="44.674361" lon="3.373084"><ele>1064.0</ele></trkpt>
<trkpt lat="44.674237" lon="3.373642"><ele>1064.0</ele></trkpt>
<trkpt lat="44.674298" lon="3.374321"><ele>1066.5</ele></trkpt>
<trkpt lat="44.674258" lon="3.375043"><ele>1072.0</ele></trkpt>
<trkpt lat="44.674167" lon="3.375652"><ele>1076.25</ele></trkpt>
<trkpt lat="44.674197" lon="3.376105"><ele>1081.25</ele></trkpt>
<trkpt lat="44.674170" lon="3.376878"><ele>1084.75</ele></trkpt>
<trkpt lat="44.674086" lon="3.377322"><ele>1086.0</ele></trkpt>
<trkpt lat="44.673774" lon="3.378186"><ele>1089.75</ele></trkpt>
<trkpt lat="44.673607" lon="3.378620"><ele>1091.0</ele></trkpt>
<trkpt lat="44.673427" lon="3.378932"><ele>1091.5</ele></trkpt>
<trkpt lat="44.673251" lon="3.379149"><ele>1092.5</ele></trkpt>
<trkpt lat="44.672667" lon="3.379672"><ele>1095.75</ele></trkpt>
<trkpt lat="44.672481" lon="3.379953"><ele>1098.25</ele></trkpt>
<trkpt lat="44.672287" lon="3.380295"><ele>1100.25</ele></trkpt>
<trkpt lat="44.672133" lon="3.380635"><ele>1100.5</ele></trkpt>
<trkpt lat="44.671864" lon="3.381494"><ele>1101.5</ele></trkpt>
<trkpt lat="44.671412" lon="3.382561"><ele>1102.5</ele></trkpt>
<trkpt lat="44.671221" lon="3.382884"><ele>1102.75</ele></trkpt>
<trkpt lat="44.671014" lon="3.383449"><ele>1101.75</ele></trkpt>
<trkpt lat="44.670879" lon="3.384042"><ele>1099.5</ele></trkpt>
<trkpt lat="44.670372" lon="3.385477"><ele>1095.25</ele></trkpt>
<trkpt lat="44.670205" lon="3.385750"><ele>1094.0</ele></trkpt>
<trkpt lat="44.669978" lon="3.386002"><ele>1093.25</ele></trkpt>
<trkpt lat="44.669526" lon="3.386397"><ele>1094.75</ele></trkpt>
<trkpt lat="44.669207" lon="3.386532"><ele>1096.25</ele></trkpt>
<trkpt lat="44.669047" lon="3.386588"><ele>1096.0</ele></trkpt>
<trkpt lat="44.668892" lon="3.386609"><ele>1095.75</ele></trkpt>
<trkpt lat="44.668602" lon="3.386679"><ele>1096.75</ele></trkpt>
<trkpt lat="44.668506" lon="3.386770"><ele>1097.25</ele></trkpt>
<trkpt lat="44.668479" lon="3.386916"><ele>1097.25</ele></trkpt>
<trkpt lat="44.668391" lon="3.387079"><ele>1097.75</ele></trkpt>
<trkpt lat="44.668249" lon="3.387226"><ele>1099.0</ele></trkpt>
<trkpt lat="44.667993" lon="3.387609"><ele>1100.25</ele></trkpt>
<trkpt lat="44.667704" lon="3.388152"><ele>1102.5</ele></trkpt>
<trkpt lat="44.667445" lon="3.388529"><ele>1103.25</ele></trkpt>
<trkpt lat="44.667266" lon="3.388648"><ele>1102.75</ele></trkpt>
<trkpt lat="44.666848" lon="3.388761"><ele>1101.5</ele></trkpt>
<trkpt lat="44.665993" lon="3.389303"><ele>1101.5</ele></trkpt>
<trkpt lat="44.665136" lon="3.389809"><ele>1101.5</ele></trkpt>
<trkpt lat="44.665035" lon="3.389886"><ele>1101.5</ele></trkpt>
<trkpt lat="44.664587" lon="3.390320"><ele>1101.5</ele></trkpt>
<trkpt lat="44.664203" lon="3.390588"><ele>1102.0</ele></trkpt>
<trkpt lat="44.664112" lon="3.390624"><ele>1102.0</ele></trkpt>
<trkpt lat="44.663898" lon="3.390672"><ele>1102.0</ele></trkpt>
<trkpt lat="44.662995" lon="3.390703"><ele>1100.75</ele></trkpt>
<trkpt lat="44.662407" lon="3.390734"><ele>1100.5</ele></trkpt>
<trkpt lat="44.662180" lon="3.390755"><ele>1101.25</ele></trkpt>
<trkpt lat="44.661936" lon="3.390840"><ele>1102.0</ele></trkpt>
<trkpt lat="44.661748" lon="3.390970"><ele>1103.75</ele></trkpt>
<trkpt lat="44.661426" lon="3.391360"><ele>1107.5</ele></trkpt>
<trkpt lat="44.660986" lon="3.391758"><ele>1107.25</ele></trkpt>
<trkpt lat="44.660690" lon="3.391871"><ele>1106.25</ele></trkpt>
<trkpt lat="44.660293" lon="3.392385"><ele>1105.25</ele></trkpt>
<trkpt lat="44.659683" lon="3.394437"><ele>1102.0</ele></trkpt>
<trkpt lat="44.659763" lon="3.395026"><ele>1100.5</ele></trkpt>
<trkpt lat="44.659823" lon="3.395649"><ele>1100.25</ele></trkpt>
<trkpt lat="44.659853" lon="3.396118"><ele>1099.5</ele></trkpt>
<trkpt lat="44.659940" lon="3.396674"><ele>1100.25</ele></trkpt>
<trkpt lat="44.660052" lon="3.397144"><ele>1103.0</ele></trkpt>
<trkpt lat="44.660182" lon="3.397410"><ele>1104.0</ele></trkpt>
<trkpt lat="44.660406" lon="3.397726"><ele>1103.5</ele></trkpt>
<trkpt lat="44.660599" lon="3.398031"><ele>1102.25</ele></trkpt>
<trkpt lat="44.660716" lon="3.398233"><ele>1101.75</ele></trkpt>
<trkpt lat="44.660787" lon="3.398410"><ele>1102.0</ele></trkpt>
<trkpt lat="44.661257" lon="3.399765"><ele>1101.5</ele></trkpt>
<trkpt lat="44.661416" lon="3.400364"><ele>1101.75</ele></trkpt>
<trkpt lat="44.661796" lon="3.401399"><ele>1097.0</ele></trkpt>
<trkpt lat="44.661904" lon="3.401783"><ele>1095.25</ele></trkpt>
<trkpt lat="44.661965" lon="3.402113"><ele>1094.5</ele></trkpt>
<trkpt lat="44.662032" lon="3.402568"><ele>1093.25</ele></trkpt>
<trkpt lat="44.662074" lon="3.402753"><ele>1093.0</ele></trkpt>
<trkpt lat="44.662156" lon="3.402931"><ele>1092.0</ele></trkpt>
<trkpt lat="44.662280" lon="3.403152"><ele>1091.75</ele></trkpt>
<trkpt lat="44.662385" lon="3.403310"><ele>1092.0</ele></trkpt>
<trkpt lat="44.662496" lon="3.403420"><ele>1092.5</ele></trkpt>
<trkpt lat="44.662606" lon="3.403486"><ele>1093.25</ele></trkpt>
<trkpt lat="44.662683" lon="3.403553"><ele>1093.5</ele></trkpt>
<trkpt lat="44.663043" lon="3.404012"><ele>1095.0</ele></trkpt>
<trkpt lat="44.663122" lon="3.404136"><ele>1095.0</ele></trkpt>
<trkpt lat="44.663165" lon="3.404250"><ele>1095.5</ele></trkpt>
<trkpt lat="44.663191" lon="3.404353"><ele>1095.75</ele></trkpt>
<trkpt lat="44.663201" lon="3.404525"><ele>1096.0</ele></trkpt>
<trkpt lat="44.663256" lon="3.404606"><ele>1097.0</ele></trkpt>
<trkpt lat="44.663290" lon="3.404697"><ele>1097.5</ele></trkpt>
<trkpt lat="44.663479" lon="3.405023"><ele>1098.25</ele></trkpt>
<trkpt lat="44.663682" lon="3.405299"><ele>1098.25</ele></trkpt>
<trkpt lat="44.663770" lon="3.405404"><ele>1098.0</ele></trkpt>
<trkpt lat="44.663846" lon="3.405690"><ele>1097.25</ele></trkpt>
<trkpt lat="44.663981" lon="3.406005"><ele>1095.5</ele></trkpt>
<trkpt lat="44.664111" lon="3.406233"><ele>1093.0</ele></trkpt>
<trkpt lat="44.664274" lon="3.406400"><ele>1091.25</ele></trkpt>
<trkpt lat="44.664502" lon="3.406531"><ele>1088.75</ele></trkpt>
<trkpt lat="44.664684" lon="3.406573"><ele>1088.25</ele></trkpt>
<trkpt lat="44.664838" lon="3.406648"><ele>1086.75</ele></trkpt>
<trkpt lat="44.665221" lon="3.406906"><ele>1083.5</ele></trkpt>
<trkpt lat="44.665396" lon="3.406964"><ele>1082.25</ele></trkpt>
<trkpt lat="44.666451" lon="3.407190"><ele>1078.0</ele></trkpt>
<trkpt lat="44.666799" lon="3.407235"><ele>1076.25</ele></trkpt>
<trkpt lat="44.667187" lon="3.407222"><ele>1073.25</ele></trkpt>
<trkpt lat="44.667427" lon="3.407189"><ele>1070.0</ele></trkpt>
<trkpt lat="44.667701" lon="3.407128"><ele>1066.5</ele></trkpt>
<trkpt lat="44.667909" lon="3.407104"><ele>1064.5</ele></trkpt>
<trkpt lat="44.668178" lon="3.407158"><ele>1061.25</ele></trkpt>
<trkpt lat="44.668359" lon="3.407209"><ele>1058.75</ele></trkpt>
<trkpt lat="44.668685" lon="3.407338"><ele>1055.25</ele></trkpt>
<trkpt lat="44.668963" lon="3.407474"><ele>1054.75</ele></trkpt>
<trkpt lat="44.669150" lon="3.407672"><ele>1055.5</ele></trkpt>
<trkpt lat="44.669245" lon="3.407724"><ele>1055.75</ele></trkpt>
<trkpt lat="44.669359" lon="3.407746"><ele>1056.25</ele></trkpt>
<trkpt lat="44.669467" lon="3.407741"><ele>1056.5</ele></trkpt>
<trkpt lat="44.669728" lon="3.407695"><ele>1057.5</ele></trkpt>
<trkpt lat="44.669897" lon="3.407704"><ele>1058.25</ele></trkpt>
<trkpt lat="44.670001" lon="3.407717"><ele>1059.0</ele></trkpt>
<trkpt lat="44.670153" lon="3.407769"><ele>1060.75</ele></trkpt>
<trkpt lat="44.670294" lon="3.407886"><ele>1063.25</ele></trkpt>
<trkpt lat="44.670687" lon="3.408169"><ele>1067.25</ele></trkpt>
<trkpt lat="44.670755" lon="3.408244"><ele>1067.75</ele></trkpt>
<trkpt lat="44.670860" lon="3.408407"><ele>1068.75</ele></trkpt>
<trkpt lat="44.670957" lon="3.408640"><ele>1069.25</ele></trkpt>
<trkpt lat="44.671134" lon="3.409117"><ele>1072.0</ele></trkpt>
<trkpt lat="44.671192" lon="3.409223"><ele>1073.0</ele></trkpt>
<trkpt lat="44.671181" lon="3.409314"><ele>1073.25</ele></trkpt>
<trkpt lat="44.671211" lon="3.409622"><ele>1074.0</ele></trkpt>
<trkpt lat="44.671183" lon="3.409762"><ele>1073.0</ele></trkpt>
<trkpt lat="44.671111" lon="3.409907"><ele>1071.5</ele></trkpt>
<trkpt lat="44.671027" lon="3.410013"><ele>1071.25</ele></trkpt>
<trkpt lat="44.670937" lon="3.410084"><ele>1071.5</ele></trkpt>
<trkpt lat="44.670846" lon="3.410112"><ele>1071.5</ele></trkpt>
<trkpt lat="44.670634" lon="3.410160"><ele>1073.25</ele></trkpt>
<trkpt lat="44.670559" lon="3.410197"><ele>1074.0</ele></trkpt>
<trkpt lat="44.670606" lon="3.410250"><ele>1074.5</ele></trkpt>
<trkpt lat="44.670871" lon="3.410403"><ele>1076.25</ele></trkpt>
<trkpt lat="44.671039" lon="3.410537"><ele>1076.0</ele></trkpt>
<trkpt lat="44.671252" lon="3.410876"><ele>1080.5</ele></trkpt>
<trkpt lat="44.671264" lon="3.411034"><ele>1082.75</ele></trkpt>
<trkpt lat="44.671198" lon="3.411278"><ele>1083.75</ele></trkpt>
<trkpt lat="44.671094" lon="3.411595"><ele>1079.75</ele></trkpt>
<trkpt lat="44.671055" lon="3.411874"><ele>1078.0</ele></trkpt>
<trkpt lat="44.671126" lon="3.412206"><ele>1075.75</ele></trkpt>
<trkpt lat="44.671144" lon="3.412428"><ele>1074.75</ele></trkpt>
<trkpt lat="44.671250" lon="3.412626"><ele>1073.25</ele></trkpt>
<trkpt lat="44.671364" lon="3.412744"><ele>1072.75</ele></trkpt>
<trkpt lat="44.671491" lon="3.412830"><ele>1073.0</ele></trkpt>
<trkpt lat="44.671767" lon="3.413103"><ele>1074.25</ele></trkpt>
<trkpt lat="44.671872" lon="3.413313"><ele>1075.5</ele></trkpt>
<trkpt lat="44.671985" lon="3.413702"><ele>1078.25</ele></trkpt>
<trkpt lat="44.672258" lon="3.414262"><ele>1084.0</ele></trkpt>
<trkpt lat="44.672317" lon="3.414477"><ele>1086.5</ele></trkpt>
<trkpt lat="44.672396" lon="3.414674"><ele>1088.0</ele></trkpt>
<trkpt lat="44.672636" lon="3.415215"><ele>1092.0</ele></trkpt>
<trkpt lat="44.672658" lon="3.415293"><ele>1092.25</ele></trkpt>
<trkpt lat="44.672616" lon="3.415473"><ele>1092.75</ele></trkpt>
<trkpt lat="44.672523" lon="3.415704"><ele>1093.25</ele></trkpt>
<trkpt lat="44.672393" lon="3.415915"><ele>1093.5</ele></trkpt>
<trkpt lat="44.672207" lon="3.416109"><ele>1094.0</ele></trkpt>
<trkpt lat="44.672037" lon="3.416207"><ele>1093.75</ele></trkpt>
<trkpt lat="44.671954" lon="3.416358"><ele>1093.0</ele></trkpt>
<trkpt lat="44.671845" lon="3.416737"><ele>1091.75</ele></trkpt>
<trkpt lat="44.671695" lon="3.417225"><ele>1091.75</ele></trkpt>
<trkpt lat="44.671584" lon="3.417560"><ele>1090.5</ele></trkpt>
<trkpt lat="44.671470" lon="3.417867"><ele>1088.0</ele></trkpt>
<trkpt lat="44.671293" lon="3.418244"><ele>1083.5</ele></trkpt>
<trkpt lat="44.671221" lon="3.418533"><ele>1080.25</ele></trkpt>
<trkpt lat="44.671196" lon="3.418862"><ele>1076.5</ele></trkpt>
<trkpt lat="44.671150" lon="3.419172"><ele>1071.25</ele></trkpt>
<trkpt lat="44.671100" lon="3.419493"><ele>1068.5</ele></trkpt>
<trkpt lat="44.671044" lon="3.419707"><ele>1066.5</ele></trkpt>
<trkpt lat="44.670982" lon="3.419848"><ele>1066.25</ele></trkpt>
<trkpt lat="44.670881" lon="3.419969"><ele>1066.0</ele></trkpt>
<trkpt lat="44.670797" lon="3.420094"><ele>1065.75</ele></trkpt>
<trkpt lat="44.670722" lon="3.420394"><ele>1066.5</ele></trkpt>
<trkpt lat="44.670685" lon="3.420517"><ele>1067.25</ele></trkpt>
<trkpt lat="44.670579" lon="3.420610"><ele>1068.25</ele></trkpt>
<trkpt lat="44.670214" lon="3.420763"><ele>1070.0</ele></trkpt>
<trkpt lat="44.670079" lon="3.420846"><ele>1070.5</ele></trkpt>
<trkpt lat="44.669973" lon="3.420999"><ele>1070.0</ele></trkpt>
<trkpt lat="44.669695" lon="3.421360"><ele>1070.25</ele></trkpt>
<trkpt lat="44.669634" lon="3.421578"><ele>1069.25</ele></trkpt>
<trkpt lat="44.669632" lon="3.421747"><ele>1068.75</ele></trkpt>
<trkpt lat="44.669687" lon="3.422111"><ele>1072.0</ele></trkpt>
<trkpt lat="44.669673" lon="3.422234"><ele>1073.75</ele></trkpt>
<trkpt lat="44.669615" lon="3.422368"><ele>1076.75</ele></trkpt>
<trkpt lat="44.669540" lon="3.422437"><ele>1077.25</ele></trkpt>
<trkpt lat="44.669481" lon="3.422542"><ele>1078.25</ele></trkpt>
<trkpt lat="44.669409" lon="3.422739"><ele>1079.5</ele></trkpt>
<trkpt lat="44.669369" lon="3.422931"><ele>1081.25</ele></trkpt>
<trkpt lat="44.669354" lon="3.423179"><ele>1083.75</ele></trkpt>
<trkpt lat="44.669354" lon="3.423435"><ele>1085.0</ele></trkpt>
<trkpt lat="44.669331" lon="3.423554"><ele>1084.75</ele></trkpt>
<trkpt lat="44.669243" lon="3.423790"><ele>1085.25</ele></trkpt>
<trkpt lat="44.669180" lon="3.423895"><ele>1086.0</ele></trkpt>
<trkpt lat="44.669142" lon="3.423974"><ele>1086.25</ele></trkpt>
<trkpt lat="44.669111" lon="3.424038"><ele>1086.5</ele></trkpt>
<trkpt lat="44.669133" lon="3.424178"><ele>1087.75</ele></trkpt>
<trkpt lat="44.669132" lon="3.424409"><ele>1089.5</ele></trkpt>
<trkpt lat="44.669081" lon="3.424472"><ele>1089.5</ele></trkpt>
<trkpt lat="44.669004" lon="3.424647"><ele>1090.5</ele></trkpt>
<trkpt lat="44.668983" lon="3.424763"><ele>1091.25</ele></trkpt>
<trkpt lat="44.668920" lon="3.425122"><ele>1092.5</ele></trkpt>
<trkpt lat="44.668863" lon="3.425292"><ele>1092.75</ele></trkpt>
<trkpt lat="44.668822" lon="3.425354"><ele>1092.75</ele></trkpt>
<trkpt lat="44.668713" lon="3.425418"><ele>1092.75</ele></trkpt>
<trkpt lat="44.668558" lon="3.425509"><ele>1093.25</ele></trkpt>
<trkpt lat="44.668447" lon="3.425541"><ele>1094.0</ele></trkpt>
<trkpt lat="44.668285" lon="3.425533"><ele>1095.25</ele></trkpt>
<trkpt lat="44.667957" lon="3.425592"><ele>1097.5</ele></trkpt>
<trkpt lat="44.667785" lon="3.425645"><ele>1098.75</ele></trkpt>
<trkpt lat="44.667146" lon="3.425895"><ele>1102.0</ele></trkpt>
<trkpt lat="44.666670" lon="3.425964"><ele>1104.5</ele></trkpt>
<trkpt lat="44.666220" lon="3.425912"><ele>1105.5</ele></trkpt>
<trkpt lat="44.666048" lon="3.425848"><ele>1106.0</ele></trkpt>
<trkpt lat="44.665951" lon="3.425811"><ele>1106.25</ele></trkpt>
<trkpt lat="44.665629" lon="3.425590"><ele>1107.25</ele></trkpt>
<trkpt lat="44.665382" lon="3.425437"><ele>1108.0</ele></trkpt>
<trkpt lat="44.665166" lon="3.425351"><ele>1108.75</ele></trkpt>
<trkpt lat="44.664784" lon="3.425399"><ele>1110.5</ele></trkpt>
<trkpt lat="44.664527" lon="3.425497"><ele>1111.25</ele></trkpt>
<trkpt lat="44.664362" lon="3.425521"><ele>1111.75</ele></trkpt>
<trkpt lat="44.663903" lon="3.425447"><ele>1112.25</ele></trkpt>
<trkpt lat="44.663196" lon="3.425253"><ele>1111.5</ele></trkpt>
<trkpt lat="44.663164" lon="3.425243"><ele>1111.25</ele></trkpt>
<trkpt lat="44.663092" lon="3.425486"><ele>1112.5</ele></trkpt>
<trkpt lat="44.663000" lon="3.425730"><ele>1113.0</ele></trkpt>
<trkpt lat="44.662966" lon="3.425805"><ele>1113.0</ele></trkpt>
<trkpt lat="44.662759" lon="3.425710"><ele>1111.0</ele></trkpt>
<trkpt lat="44.662530" lon="3.425650"><ele>1109.25</ele></trkpt>
<trkpt lat="44.662301" lon="3.425682"><ele>1107.5</ele></trkpt>
<trkpt lat="44.662071" lon="3.425766"><ele>1104.75</ele></trkpt>
<trkpt lat="44.661772" lon="3.425762"><ele>1101.25</ele></trkpt>
<trkpt lat="44.661410" lon="3.425696"><ele>1096.75</ele></trkpt>
<trkpt lat="44.661168" lon="3.425570"><ele>1092.75</ele></trkpt>
<trkpt lat="44.660982" lon="3.425365"><ele>1089.5</ele></trkpt>
<trkpt lat="44.660823" lon="3.425122"><ele>1086.75</ele></trkpt>
<trkpt lat="44.660653" lon="3.424977"><ele>1084.75</ele></trkpt>
<trkpt lat="44.660357" lon="3.424842"><ele>1082.25</ele></trkpt>
<trkpt lat="44.660135" lon="3.424846"><ele>1080.5</ele></trkpt>
<trkpt lat="44.659866" lon="3.424940"><ele>1080.0</ele></trkpt>
<trkpt lat="44.659590" lon="3.425141"><ele>1081.0</ele></trkpt>
<trkpt lat="44.659358" lon="3.425355"><ele>1083.5</ele></trkpt>
<trkpt lat="44.659109" lon="3.425491"><ele>1086.5</ele></trkpt>
<trkpt lat="44.659042" lon="3.425509"><ele>1087.5</ele></trkpt>
<trkpt lat="44.658876" lon="3.425491"><ele>1089.0</ele></trkpt>
<trkpt lat="44.658710" lon="3.425402"><ele>1091.0</ele></trkpt>
<trkpt lat="44.658447" lon="3.425024"><ele>1091.5</ele></trkpt>
<trkpt lat="44.658301" lon="3.424926"><ele>1093.0</ele></trkpt>
<trkpt lat="44.658082" lon="3.424898"><ele>1094.5</ele></trkpt>
<trkpt lat="44.657919" lon="3.424940"><ele>1095.5</ele></trkpt>
<trkpt lat="44.657737" lon="3.425127"><ele>1098.75</ele></trkpt>
<trkpt lat="44.657474" lon="3.425379"><ele>1102.0</ele></trkpt>
<trkpt lat="44.657295" lon="3.425566"><ele>1105.25</ele></trkpt>
<trkpt lat="44.657209" lon="3.425729"><ele>1106.5</ele></trkpt>
<trkpt lat="44.656996" lon="3.426197"><ele>1106.0</ele></trkpt>
<trkpt lat="44.656922" lon="3.426466"><ele>1107.0</ele></trkpt>
<trkpt lat="44.656870" lon="3.426770"><ele>1108.0</ele></trkpt>
<trkpt lat="44.656866" lon="3.426841"><ele>1108.0</ele></trkpt>
<trkpt lat="44.656876" lon="3.426945"><ele>1108.5</ele></trkpt>
<trkpt lat="44.656860" lon="3.427123"><ele>1109.5</ele></trkpt>
<trkpt lat="44.656787" lon="3.427330"><ele>1110.0</ele></trkpt>
<trkpt lat="44.656687" lon="3.427621"><ele>1111.75</ele></trkpt>
<trkpt lat="44.656485" lon="3.428202"><ele>1115.75</ele></trkpt>
<trkpt lat="44.656432" lon="3.428418"><ele>1117.75</ele></trkpt>
<trkpt lat="44.656414" lon="3.428808"><ele>1120.5</ele></trkpt>
<trkpt lat="44.656401" lon="3.429370"><ele>1122.75</ele></trkpt>
<trkpt lat="44.656396" lon="3.429706"><ele>1123.75</ele></trkpt>
<trkpt lat="44.656407" lon="3.429874"><ele>1124.0</ele></trkpt>
<trkpt lat="44.656432" lon="3.430184"><ele>1124.25</ele></trkpt>
<trkpt lat="44.656535" lon="3.430393"><ele>1125.0</ele></trkpt>
<trkpt lat="44.656950" lon="3.431119"><ele>1129.0</ele></trkpt>
<trkpt lat="44.657416" lon="3.431986"><ele>1132.75</ele></trkpt>
<trkpt lat="44.657653" lon="3.432513"><ele>1135.5</ele></trkpt>
<trkpt lat="44.658028" lon="3.433065"><ele>1135.75</ele></trkpt>
<trkpt lat="44.658536" lon="3.433687"><ele>1136.75</ele></trkpt>
<trkpt lat="44.658099" lon="3.434181"><ele>1135.75</ele></trkpt>
<trkpt lat="44.657273" lon="3.434857"><ele>1134.0</ele></trkpt>
<trkpt lat="44.656840" lon="3.435256"><ele>1133.75</ele></trkpt>
<trkpt lat="44.656533" lon="3.435165"><ele>1134.0</ele></trkpt>
<trkpt lat="44.655907" lon="3.434961"><ele>1132.25</ele></trkpt>
<trkpt lat="44.655401" lon="3.434889"><ele>1131.25</ele></trkpt>
<trkpt lat="44.654777" lon="3.434892"><ele>1131.0</ele></trkpt>
<trkpt lat="44.654344" lon="3.434771"><ele>1130.5</ele></trkpt>
<trkpt lat="44.653955" lon="3.434747"><ele>1128.25</ele></trkpt>
<trkpt lat="44.653526" lon="3.434567"><ele>1125.75</ele></trkpt>
<trkpt lat="44.652719" lon="3.434700"><ele>1124.5</ele></trkpt>
<trkpt lat="44.652467" lon="3.434727"><ele>1124.0</ele></trkpt>
<trkpt lat="44.652002" lon="3.435051"><ele>1123.0</ele></trkpt>
<trkpt lat="44.651658" lon="3.435374"><ele>1120.75</ele></trkpt>
<trkpt lat="44.650628" lon="3.436237"><ele>1112.75</ele></trkpt>
<trkpt lat="44.650334" lon="3.437180"><ele>1104.5</ele></trkpt>
<trkpt lat="44.649887" lon="3.437713"><ele>1101.25</ele></trkpt>
<trkpt lat="44.649201" lon="3.438061"><ele>1098.0</ele></trkpt>
<trkpt lat="44.648762" lon="3.438418"><ele>1094.75</ele></trkpt>
<trkpt lat="44.648464" lon="3.438502"><ele>1091.25</ele></trkpt>
<trkpt lat="44.648388" lon="3.438566"><ele>1090.0</ele></trkpt>
<trkpt lat="44.648662" lon="3.439256"><ele>1083.75</ele></trkpt>
<trkpt lat="44.648629" lon="3.439330"><ele>1082.25</ele></trkpt>
<trkpt lat="44.648331" lon="3.439130"><ele>1078.5</ele></trkpt>
<trkpt lat="44.648005" lon="3.438690"><ele>1075.5</ele></trkpt>
<trkpt lat="44.648161" lon="3.439070"><ele>1074.75</ele></trkpt>
<trkpt lat="44.648350" lon="3.439426"><ele>1073.75</ele></trkpt>
<trkpt lat="44.648525" lon="3.439635"><ele>1074.0</ele></trkpt>
<trkpt lat="44.648701" lon="3.439726"><ele>1073.75</ele></trkpt>
<trkpt lat="44.648913" lon="3.439858"><ele>1074.25</ele></trkpt>
<trkpt lat="44.649021" lon="3.439975"><ele>1073.75</ele></trkpt>
<trkpt lat="44.649356" lon="3.440771"><ele>1074.75</ele></trkpt>
<trkpt lat="44.649464" lon="3.441007"><ele>1075.5</ele></trkpt>
<trkpt lat="44.649551" lon="3.441112"><ele>1075.25</ele></trkpt>
<trkpt lat="44.649713" lon="3.441111"><ele>1075.75</ele></trkpt>
<trkpt lat="44.649867" lon="3.440975"><ele>1076.75</ele></trkpt>
<trkpt lat="44.650202" lon="3.440704"><ele>1077.75</ele></trkpt>
<trkpt lat="44.650550" lon="3.440301"><ele>1079.75</ele></trkpt>
<trkpt lat="44.651082" lon="3.439994"><ele>1080.75</ele></trkpt>
<trkpt lat="44.651512" lon="3.439793"><ele>1082.25</ele></trkpt>
<trkpt lat="44.651609" lon="3.439799"><ele>1082.5</ele></trkpt>
</trkseg></trk></gpx>
