<?xml version="1.0" encoding="UTF-8"?>
<gpx version="1.1" creator="BRouter paired review" xmlns="http://www.topografix.com/GPX/1/1">
<trk><name>Route B</name><trkseg>
<trkpt lat="52.519999" lon="13.399993"><ele>34.75</ele></trkpt>
<trkpt lat="52.520174" lon="13.399949"><ele>35.0</ele></trkpt>
<trkpt lat="52.520385" lon="13.399934"><ele>33.5</ele></trkpt>
<trkpt lat="52.520564" lon="13.400386"></trkpt>
<trkpt lat="52.520735" lon="13.400810"><ele>33.5</ele></trkpt>
<trkpt lat="52.520744" lon="13.400837"><ele>34.0</ele></trkpt>
<trkpt lat="52.520764" lon="13.400892"><ele>34.25</ele></trkpt>
<trkpt lat="52.520801" lon="13.400948"><ele>34.75</ele></trkpt>
<trkpt lat="52.520776" lon="13.401004"><ele>34.75</ele></trkpt>
<trkpt lat="52.520781" lon="13.401046"><ele>34.75</ele></trkpt>
<trkpt lat="52.520827" lon="13.401187"><ele>35.0</ele></trkpt>
<trkpt lat="52.520942" lon="13.401533"><ele>35.0</ele></trkpt>
<trkpt lat="52.521104" lon="13.402022"><ele>35.0</ele></trkpt>
<trkpt lat="52.521213" lon="13.402354"><ele>35.0</ele></trkpt>
<trkpt lat="52.521317" lon="13.402668"><ele>35.0</ele></trkpt>
<trkpt lat="52.521338" lon="13.402732"><ele>35.0</ele></trkpt>
<trkpt lat="52.521379" lon="13.402859"><ele>35.0</ele></trkpt>
<trkpt lat="52.521409" lon="13.402948"><ele>35.0</ele></trkpt>
<trkpt lat="52.521422" lon="13.402990"><ele>35.0</ele></trkpt>
<trkpt lat="52.521458" lon="13.403103"><ele>35.0</ele></trkpt>
<trkpt lat="52.521518" lon="13.403280"><ele>35.0</ele></trkpt>
<trkpt lat="52.521545" lon="13.403364"><ele>35.0</ele></trkpt>
<trkpt lat="52.521625" lon="13.403607"><ele>35.0</ele></trkpt>
<trkpt lat="52.521794" lon="13.404128"><ele>36.0</ele></trkpt>
<trkpt lat="52.521839" lon="13.404267"><ele>36.0</ele></trkpt>
<trkpt lat="52.521892" lon="13.404423"><ele>36.0</ele></trkpt>
<trkpt lat="52.521922" lon="13.404486"><ele>36.0</ele></trkpt>
<trkpt lat="52.521960" lon="13.404517"><ele>36.0</ele></trkpt>
<trkpt lat="52.522021" lon="13.404510"><ele>36.0</ele></trkpt>
<trkpt lat="52.522044" lon="13.404505"><ele>36.0</ele></trkpt>
<trkpt lat="52.522075" lon="13.404480"><ele>36.0</ele></trkpt>
<trkpt lat="52.522200" lon="13.404379"><ele>36.0</ele></trkpt>
<trkpt lat="52.522311" lon="13.404289"><ele>36.0</ele></trkpt>
<trkpt lat="52.522380" lon="13.404234"><ele>36.0</ele></trkpt>
<trkpt lat="52.522709" lon="13.403973"><ele>35.75</ele></trkpt>
<trkpt lat="52.522782" lon="13.403925"><ele>35.75</ele></trkpt>
<trkpt lat="52.522833" lon="13.403899"><ele>36.0</ele></trkpt>
<trkpt lat="52.522922" lon="13.403849"><ele>36.0</ele></trkpt>
<trkpt lat="52.523014" lon="13.403778"><ele>36.0</ele></trkpt>
<trkpt lat="52.523079" lon="13.403700"><ele>35.75</ele></trkpt>
<trkpt lat="52.523111" lon="13.403647"><ele>35.75</ele></trkpt>
<trkpt lat="52.523159" lon="13.403530"><ele>35.25</ele></trkpt>
<trkpt lat="52.523246" lon="13.403282"><ele>35.0</ele></trkpt>
<trkpt lat="52.523412" lon="13.402898"><ele>35.5</ele></trkpt>
<trkpt lat="52.523462" lon="13.402782"><ele>35.75</ele></trkpt>
<trkpt lat="52.523478" lon="13.402747"><ele>36.0</ele></trkpt>
<trkpt lat="52.523498" lon="13.402704"><ele>36.0</ele></trkpt>
<trkpt lat="52.523551" lon="13.402586"><ele>36.0</ele></trkpt>
<trkpt lat="52.523556" lon="13.402575"><ele>36.0</ele></trkpt>
<trkpt lat="52.523570" lon="13.402562"><ele>36.0</ele></trkpt>
<trkpt lat="52.523610" lon="13.402543"><ele>36.0</ele></trkpt>
<trkpt lat="52.523658" lon="13.402546"><ele>36.0</ele></trkpt>
<trkpt lat="52.523750" lon="13.402591"><ele>36.0</ele></trkpt>
<trkpt lat="52.523910" lon="13.402697"><ele>36.0</ele></trkpt>
<trkpt lat="52.524172" lon="13.402834"><ele>36.0</ele></trkpt>
<trkpt lat="52.524256" lon="13.402884"><ele>36.0</ele></trkpt>
<trkpt lat="52.524554" lon="13.403061"><ele>36.0</ele></trkpt>
<trkpt lat="52.524621" lon="13.403102"><ele>36.0</ele></trkpt>
<trkpt lat="52.524722" lon="13.403163"><ele>36.0</ele></trkpt>
<trkpt lat="52.524877" lon="13.403254"><ele>36.0</ele></trkpt>
<trkpt lat="52.525004" lon="13.403323"><ele>36.0</ele></trkpt>
<trkpt lat="52.525201" lon="13.403422"><ele>36.0</ele></trkpt>
<trkpt lat="52.525546" lon="13.403595"><ele>36.0</ele></trkpt>
<trkpt lat="52.525687" lon="13.403658"><ele>35.75</ele></trkpt>
<trkpt lat="52.525787" lon="13.403683"><ele>35.75</ele></trkpt>
<trkpt lat="52.525888" lon="13.403695"><ele>35.75</ele></trkpt>
<trkpt lat="52.525928" lon="13.403695"><ele>35.75</ele></trkpt>
<trkpt lat="52.525976" lon="13.403692"><ele>35.75</ele></trkpt>
<trkpt lat="52.526096" lon="13.403663"><ele>35.75</ele></trkpt>
<trkpt lat="52.526201" lon="13.403631"><ele>36.0</ele></trkpt>
<trkpt lat="52.526269" lon="13.403612"><ele>36.0</ele></trkpt>
<trkpt lat="52.526331" lon="13.403595"><ele>36.0</ele></trkpt>
<trkpt lat="52.526594" lon="13.403503"><ele>36.0</ele></trkpt>
<trkpt lat="52.526803" lon="13.403434"><ele>36.0</ele></trkpt>
<trkpt lat="52.527089" lon="13.403341"><ele>36.0</ele></trkpt>
<trkpt lat="52.527149" lon="13.403317"><ele>36.0</ele></trkpt>
<trkpt lat="52.527288" lon="13.403239"><ele>36.0</ele></trkpt>
<trkpt lat="52.527424" lon="13.403143"><ele>36.0</ele></trkpt>
<trkpt lat="52.527530" lon="13.403059"><ele>36.0</ele></trkpt>
<trkpt lat="52.527710" lon="13.402918"><ele>36.25</ele></trkpt>
<trkpt lat="52.527742" lon="13.402892"><ele>36.25</ele></trkpt>
<trkpt lat="52.528026" lon="13.402661"><ele>36.0</ele></trkpt>
<trkpt lat="52.528074" lon="13.402620"><ele>36.0</ele></trkpt>
<trkpt lat="52.528126" lon="13.402576"><ele>36.0</ele></trkpt>
<trkpt lat="52.528187" lon="13.402528"><ele>36.0</ele></trkpt>
<trkpt lat="52.528357" lon="13.402395"><ele>36.0</ele></trkpt>
<trkpt lat="52.528733" lon="13.402079"><ele>36.0</ele></trkpt>
<trkpt lat="52.528916" lon="13.401924"><ele>36.0</ele></trkpt>
<trkpt lat="52.528962" lon="13.401885"><ele>36.25</ele></trkpt>
<trkpt lat="52.528992" lon="13.401863"><ele>36.25</ele></trkpt>
<trkpt lat="52.529025" lon="13.401861"><ele>36.25</ele></trkpt>
<trkpt lat="52.529087" lon="13.401858"><ele>36.5</ele></trkpt>
<trkpt lat="52.529162" lon="13.401833"><ele>36.75</ele></trkpt>
<trkpt lat="52.529495" lon="13.401620"><ele>37.0</ele></trkpt>
<trkpt lat="52.529532" lon="13.401598"><ele>37.0</ele></trkpt>
<trkpt lat="52.529618" lon="13.401541"><ele>37.0</ele></trkpt>
<trkpt lat="52.529727" lon="13.401532"><ele>37.0</ele></trkpt>
<trkpt lat="52.529757" lon="13.401530"><ele>36.75</ele></trkpt>
<trkpt lat="52.529800" lon="13.401527"><ele>37.0</ele></trkpt>
<trkpt lat="52.529836" lon="13.401519"><ele>37.0</ele></trkpt>
<trkpt lat="52.529896" lon="13.401528"><ele>37.0</ele></trkpt>
<trkpt lat="52.529934" lon="13.401552"><ele>37.0</ele></trkpt>
<trkpt lat="52.529967" lon="13.401639"><ele>37.0</ele></trkpt>
<trkpt lat="52.530009" lon="13.401672"><ele>37.0</ele></trkpt>
<trkpt lat="52.530359" lon="13.401949"><ele>38.0</ele></trkpt>
<trkpt lat="52.530433" lon="13.401863"><ele>38.0</ele></trkpt>
<trkpt lat="52.530444" lon="13.401849"><ele>38.0</ele></trkpt>
<trkpt lat="52.530534" lon="13.401920"><ele>38.0</ele></trkpt>
<trkpt lat="52.530684" lon="13.402040"><ele>38.0</ele></trkpt>
<trkpt lat="52.530760" lon="13.402101"><ele>38.0</ele></trkpt>
<trkpt lat="52.530956" lon="13.402259"><ele>38.5</ele></trkpt>
<trkpt lat="52.531221" lon="13.402472"><ele>39.25</ele></trkpt>
<trkpt lat="52.531311" lon="13.402551"><ele>39.75</ele></trkpt>
<trkpt lat="52.531494" lon="13.402711"><ele>40.25</ele></trkpt>
<trkpt lat="52.531903" lon="13.403123"><ele>41.75</ele></trkpt>
<trkpt lat="52.531958" lon="13.403179"><ele>42.0</ele></trkpt>
<trkpt lat="52.532241" lon="13.403449"><ele>43.5</ele></trkpt>
<trkpt lat="52.533052" lon="13.404256"><ele>47.75</ele></trkpt>
<trkpt lat="52.533138" lon="13.404337"><ele>48.25</ele></trkpt>
<trkpt lat="52.533219" lon="13.404413"><ele>48.5</ele></trkpt>
<trkpt lat="52.533526" lon="13.404703"><ele>49.75</ele></trkpt>
<trkpt lat="52.533855" lon="13.405015"><ele>50.75</ele></trkpt>
<trkpt lat="52.533997" lon="13.405149"><ele>51.0</ele></trkpt>
<trkpt lat="52.534137" lon="13.405278"><ele>51.0</ele></trkpt>
<trkpt lat="52.534435" lon="13.405553"><ele>51.0</ele></trkpt>
<trkpt lat="52.534608" lon="13.405712"><ele>51.75</ele></trkpt>
<trkpt lat="52.534613" lon="13.405717"><ele>51.75</ele></trkpt>
<trkpt lat="52.534644" lon="13.405745"><ele>51.75</ele></trkpt>
<trkpt lat="52.534784" lon="13.405874"><ele>52.0</ele></trkpt>
<trkpt lat="52.534814" lon="13.405902"><ele>52.0</ele></trkpt>
<trkpt lat="52.534912" lon="13.405993"><ele>52.0</ele></trkpt>
<trkpt lat="52.534979" lon="13.406054"><ele>52.0</ele></trkpt>
<trkpt lat="52.535141" lon="13.406203"><ele>52.0</ele></trkpt>
<trkpt lat="52.535175" lon="13.406235"><ele>52.0</ele></trkpt>
<trkpt lat="52.535356" lon="13.406402"><ele>51.75</ele></trkpt>
<trkpt lat="52.535476" lon="13.406513"><ele>51.5</ele></trkpt>
<trkpt lat="52.535526" lon="13.406559"><ele>51.25</ele></trkpt>
<trkpt lat="52.535551" lon="13.406579"><ele>51.25</ele></trkpt>
<trkpt lat="52.535614" lon="13.406646"><ele>51.0</ele></trkpt>
<trkpt lat="52.535703" lon="13.406732"><ele>51.0</ele></trkpt>
<trkpt lat="52.535847" lon="13.406880"><ele>51.75</ele></trkpt>
<trkpt lat="52.535888" lon="13.406919"><ele>51.75</ele></trkpt>
<trkpt lat="52.535939" lon="13.406970"><ele>52.0</ele></trkpt>
<trkpt lat="52.536139" lon="13.407175"><ele>52.0</ele></trkpt>
<trkpt lat="52.536312" lon="13.407353"><ele>52.0</ele></trkpt>
<trkpt lat="52.536345" lon="13.407387"><ele>52.0</ele></trkpt>
<trkpt lat="52.536399" lon="13.407441"><ele>51.75</ele></trkpt>
<trkpt lat="52.536496" lon="13.407541"><ele>51.5</ele></trkpt>
<trkpt lat="52.536526" lon="13.407572"><ele>51.5</ele></trkpt>
<trkpt lat="52.536712" lon="13.407763"><ele>51.0</ele></trkpt>
<trkpt lat="52.536757" lon="13.407809"><ele>51.0</ele></trkpt>
<trkpt lat="52.536879" lon="13.407935"><ele>51.0</ele></trkpt>
<trkpt lat="52.536889" lon="13.407944"><ele>51.0</ele></trkpt>
<trkpt lat="52.536905" lon="13.407962"><ele>51.0</ele></trkpt>
<trkpt lat="52.536995" lon="13.408053"><ele>51.0</ele></trkpt>
<trkpt lat="52.537074" lon="13.408135"><ele>50.75</ele></trkpt>
<trkpt lat="52.537204" lon="13.408271"><ele>50.25</ele></trkpt>
<trkpt lat="52.537243" lon="13.408311"><ele>50.0</ele></trkpt>
<trkpt lat="52.537347" lon="13.408420"><ele>50.0</ele></trkpt>
<trkpt lat="52.537361" lon="13.408434"><ele>50.0</ele></trkpt>
<trkpt lat="52.537449" lon="13.408526"><ele>50.0</ele></trkpt>
<trkpt lat="52.537458" lon="13.408536"><ele>50.0</ele></trkpt>
<trkpt lat="52.537641" lon="13.408726"><ele>50.0</ele></trkpt>
<trkpt lat="52.537651" lon="13.408737"><ele>50.0</ele></trkpt>
<trkpt lat="52.537682" lon="13.408769"><ele>50.0</ele></trkpt>
<trkpt lat="52.537700" lon="13.408787"><ele>50.0</ele></trkpt>
<trkpt lat="52.537850" lon="13.408944"><ele>49.75</ele></trkpt>
<trkpt lat="52.537857" lon="13.408951"><ele>49.75</ele></trkpt>
<trkpt lat="52.537903" lon="13.409001"><ele>49.75</ele></trkpt>
<trkpt lat="52.537932" lon="13.409032"><ele>49.5</ele></trkpt>
<trkpt lat="52.538019" lon="13.409125"><ele>49.25</ele></trkpt>
<trkpt lat="52.538086" lon="13.409197"><ele>49.0</ele></trkpt>
<trkpt lat="52.538105" lon="13.409217"><ele>49.0</ele></trkpt>
<trkpt lat="52.538198" lon="13.409317"><ele>49.0</ele></trkpt>
<trkpt lat="52.538493" lon="13.409632"><ele>49.0</ele></trkpt>
<trkpt lat="52.538571" lon="13.409714"><ele>49.0</ele></trkpt>
<trkpt lat="52.538648" lon="13.409797"><ele>49.0</ele></trkpt>
<trkpt lat="52.538816" lon="13.409976"><ele>49.0</ele></trkpt>
<trkpt lat="52.539068" lon="13.410246"><ele>49.0</ele></trkpt>
<trkpt lat="52.539116" lon="13.410297"><ele>49.0</ele></trkpt>
<trkpt lat="52.539226" lon="13.410415"><ele>49.0</ele></trkpt>
<trkpt lat="52.539397" lon="13.410598"><ele>49.0</ele></trkpt>
<trkpt lat="52.539553" lon="13.410757"><ele>49.0</ele></trkpt>
<trkpt lat="52.539776" lon="13.410984"><ele>49.0</ele></trkpt>
<trkpt lat="52.539861" lon="13.411067"><ele>49.0</ele></trkpt>
<trkpt lat="52.539956" lon="13.411165"><ele>49.0</ele></trkpt>
<trkpt lat="52.540163" lon="13.411378"><ele>49.0</ele></trkpt>
<trkpt lat="52.540173" lon="13.411425"><ele>49.0</ele></trkpt>
<trkpt lat="52.540194" lon="13.411527"><ele>49.0</ele></trkpt>
<trkpt lat="52.540198" lon="13.411602"><ele>49.0</ele></trkpt>
<trkpt lat="52.540192" lon="13.411681"><ele>49.0</ele></trkpt>
<trkpt lat="52.540161" lon="13.411813"><ele>49.0</ele></trkpt>
<trkpt lat="52.540149" lon="13.411856"><ele>49.0</ele></trkpt>
<trkpt lat="52.540124" lon="13.411898"><ele>49.0</ele></trkpt>
<trkpt lat="52.540109" lon="13.411992"><ele>49.0</ele></trkpt>
<trkpt lat="52.540105" lon="13.412013"><ele>49.0</ele></trkpt>
<trkpt lat="52.540089" lon="13.412110"><ele>49.5</ele></trkpt>
<trkpt lat="52.540088" lon="13.412226"><ele>50.0</ele></trkpt>
<trkpt lat="52.540092" lon="13.412304"><ele>50.0</ele></trkpt>
<trkpt lat="52.540101" lon="13.412344"><ele>50.0</ele></trkpt>
<trkpt lat="52.540128" lon="13.412413"><ele>50.0</ele></trkpt>
<trkpt lat="52.540136" lon="13.412429"><ele>50.0</ele></trkpt>
<trkpt lat="52.540222" lon="13.412428"><ele>50.0</ele></trkpt>
<trkpt lat="52.540245" lon="13.412427"><ele>50.0</ele></trkpt>
<trkpt lat="52.540269" lon="13.412426"><ele>50.0</ele></trkpt>
<trkpt lat="52.540824" lon="13.412417"><ele>49.0</ele></trkpt>
<trkpt lat="52.540831" lon="13.412417"><ele>49.0</ele></trkpt>
<trkpt lat="52.540873" lon="13.412416"><ele>49.0</ele></trkpt>
<trkpt lat="52.540932" lon="13.412417"><ele>49.0</ele></trkpt>
<trkpt lat="52.540985" lon="13.412416"><ele>49.0</ele></trkpt>
<trkpt lat="52.541012" lon="13.412417"><ele>49.0</ele></trkpt>
<trkpt lat="52.541042" lon="13.412412"><ele>49.0</ele></trkpt>
<trkpt lat="52.541098" lon="13.412406"><ele>49.0</ele></trkpt>
<trkpt lat="52.541100" lon="13.412405"><ele>49.0</ele></trkpt>
<trkpt lat="52.541108" lon="13.412403"><ele>49.0</ele></trkpt>
<trkpt lat="52.541137" lon="13.412394"><ele>49.0</ele></trkpt>
<trkpt lat="52.541142" lon="13.412393"><ele>49.0</ele></trkpt>
<trkpt lat="52.541213" lon="13.412365"><ele>49.0</ele></trkpt>
<trkpt lat="52.541244" lon="13.412365"><ele>49.0</ele></trkpt>
<trkpt lat="52.541357" lon="13.412366"><ele>49.0</ele></trkpt>
<trkpt lat="52.541408" lon="13.412390"><ele>49.0</ele></trkpt>
<trkpt lat="52.541450" lon="13.412410"><ele>49.0</ele></trkpt>
<trkpt lat="52.541477" lon="13.412423"><ele>49.0</ele></trkpt>
<trkpt lat="52.541985" lon="13.412460"><ele>48.75</ele></trkpt>
<trkpt lat="52.542093" lon="13.412435"><ele>48.25</ele></trkpt>
<trkpt lat="52.542160" lon="13.412442"><ele>48.0</ele></trkpt>
<trkpt lat="52.542740" lon="13.412494"><ele>48.0</ele></trkpt>
<trkpt lat="52.542786" lon="13.412518"><ele>48.0</ele></trkpt>
<trkpt lat="52.542838" lon="13.412528"><ele>48.0</ele></trkpt>
<trkpt lat="52.542942" lon="13.412547"><ele>48.0</ele></trkpt>
<trkpt lat="52.543231" lon="13.412564"><ele>48.0</ele></trkpt>
<trkpt lat="52.543268" lon="13.412565"><ele>48.0</ele></trkpt>
<trkpt lat="52.543369" lon="13.412543"><ele>47.75</ele></trkpt>
<trkpt lat="52.543791" lon="13.412594"><ele>48.0</ele></trkpt>
<trkpt lat="52.544026" lon="13.412647"><ele>48.75</ele></trkpt>
<trkpt lat="52.544198" lon="13.412699"><ele>49.0</ele></trkpt>
<trkpt lat="52.544301" lon="13.412749"><ele>49.0</ele></trkpt>
<trkpt lat="52.544325" lon="13.412754"><ele>49.0</ele></trkpt>
<trkpt lat="52.544410" lon="13.412770"><ele>49.0</ele></trkpt>
<trkpt lat="52.544482" lon="13.412769"><ele>49.0</ele></trkpt>
<trkpt lat="52.545081" lon="13.412928"><ele>48.75</ele></trkpt>
<trkpt lat="52.545211" lon="13.412984"><ele>49.0</ele></trkpt>
<trkpt lat="52.545227" lon="13.412988"><ele>49.0</ele></trkpt>
<trkpt lat="52.545296" lon="13.413006"><ele>49.0</ele></trkpt>
<trkpt lat="52.545373" lon="13.413004"><ele>49.0</ele></trkpt>
<trkpt lat="52.545797" lon="13.413118"><ele>49.0</ele></trkpt>
<trkpt lat="52.546463" lon="13.413301"><ele>49.0</ele></trkpt>
<trkpt lat="52.546594" lon="13.413363"><ele>49.0</ele></trkpt>
<trkpt lat="52.546623" lon="13.413372"><ele>49.0</ele></trkpt>
<trkpt lat="52.546695" lon="13.413360"><ele>49.0</ele></trkpt>
<trkpt lat="52.547312" lon="13.413531"><ele>50.0</ele></trkpt>
<trkpt lat="52.547402" lon="13.413590"><ele>50.0</ele></trkpt>
<trkpt lat="52.547501" lon="13.413620"><ele>50.0</ele></trkpt>
<trkpt lat="52.547528" lon="13.413623"><ele>50.0</ele></trkpt>
<trkpt lat="52.547634" lon="13.413652"><ele>50.0</ele></trkpt>
<trkpt lat="52.547736" lon="13.413677"><ele>50.0</ele></trkpt>
<trkpt lat="52.547758" lon="13.413682"><ele>50.0</ele></trkpt>
<trkpt lat="52.547964" lon="13.413717"><ele>50.0</ele></trkpt>
<trkpt lat="52.548879" lon="13.413872"><ele>50.0</ele></trkpt>
<trkpt lat="52.549254" lon="13.413939"><ele>50.75</ele></trkpt>
<trkpt lat="52.549283" lon="13.413944"></trkpt>
<trkpt lat="52.549303" lon="13.413970"></trkpt>
<trkpt lat="52.549527" lon="13.414009"></trkpt>
<trkpt lat="52.549563" lon="13.413990"></trkpt>
<trkpt lat="52.549575" lon="13.413993"><ele>51.0</ele></trkpt>
<trkpt lat="52.549621" lon="13.414003"><ele>51.0</ele></trkpt>
<trkpt lat="52.549668" lon="13.414011"><ele>51.0</ele></trkpt>
<trkpt lat="52.549712" lon="13.414019"><ele>51.0</ele></trkpt>
<trkpt lat="52.550437" lon="13.414142"><ele>51.0</ele></trkpt>
<trkpt lat="52.550467" lon="13.414147"><ele>51.0</ele></trkpt>
<trkpt lat="52.550547" lon="13.414162"><ele>51.0</ele></trkpt>
<trkpt lat="52.550698" lon="13.414188"><ele>51.0</ele></trkpt>
<trkpt lat="52.550784" lon="13.414203"><ele>51.0</ele></trkpt>
<trkpt lat="52.550802" lon="13.414207"><ele>51.0</ele></trkpt>
<trkpt lat="52.551325" lon="13.414298"><ele>51.0</ele></trkpt>
<trkpt lat="52.551338" lon="13.414300"><ele>51.0</ele></trkpt>
<trkpt lat="52.551392" lon="13.414310"><ele>51.0</ele></trkpt>
<trkpt lat="52.551434" lon="13.414318"><ele>51.0</ele></trkpt>
<trkpt lat="52.552020" lon="13.414434"><ele>51.0</ele></trkpt>
<trkpt lat="52.552074" lon="13.414445"><ele>51.0</ele></trkpt>
<trkpt lat="52.552117" lon="13.414451"><ele>51.0</ele></trkpt>
<trkpt lat="52.552175" lon="13.414459"><ele>51.0</ele></trkpt>
<trkpt lat="52.552733" lon="13.414580"><ele>51.0</ele></trkpt>
<trkpt lat="52.552755" lon="13.414585"><ele>51.0</ele></trkpt>
<trkpt lat="52.552807" lon="13.414596"><ele>51.0</ele></trkpt>
<trkpt lat="52.552846" lon="13.414604"><ele>51.0</ele></trkpt>
<trkpt lat="52.553035" lon="13.414643"><ele>51.0</ele></trkpt>
<trkpt lat="52.553075" lon="13.414690"><ele>51.0</ele></trkpt>
<trkpt lat="52.553246" lon="13.414731"><ele>51.0</ele></trkpt>
<trkpt lat="52.553309" lon="13.414699"><ele>51.0</ele></trkpt>
<trkpt lat="52.553470" lon="13.414734"><ele>51.0</ele></trkpt>
<trkpt lat="52.553501" lon="13.414740"><ele>51.0</ele></trkpt>
<trkpt lat="52.553551" lon="13.414751"><ele>51.0</ele></trkpt>
<trkpt lat="52.553591" lon="13.414759"><ele>51.0</ele></trkpt>
<trkpt lat="52.553703" lon="13.414782"><ele>50.5</ele></trkpt>
<trkpt lat="52.553742" lon="13.414790"><ele>50.5</ele></trkpt>
<trkpt lat="52.553830" lon="13.414808"><ele>50.25</ele></trkpt>
<trkpt lat="52.553862" lon="13.414815"><ele>50.25</ele></trkpt>
<trkpt lat="52.553925" lon="13.414828"><ele>50.25</ele></trkpt>
<trkpt lat="52.553979" lon="13.414837"><ele>50.25</ele></trkpt>
<trkpt lat="52.554018" lon="13.414841"><ele>50.25</ele></trkpt>
<trkpt lat="52.554080" lon="13.414884"><ele>50.5</ele></trkpt>
<trkpt lat="52.554383" lon="13.414948"><ele>50.0</ele></trkpt>
<trkpt lat="52.554514" lon="13.414967"><ele>50.0</ele></trkpt>
<trkpt lat="52.554540" lon="13.414970"><ele>50.0</ele></trkpt>
<trkpt lat="52.554576" lon="13.414973"><ele>50.0</ele></trkpt>
<trkpt lat="52.554608" lon="13.414976"><ele>50.0</ele></trkpt>
<trkpt lat="52.555031" lon="13.414912"><ele>49.5</ele></trkpt>
<trkpt lat="52.555060" lon="13.414908"><ele>49.5</ele></trkpt>
<trkpt lat="52.555085" lon="13.414904"><ele>49.5</ele></trkpt>
<trkpt lat="52.556024" lon="13.414750"><ele>49.0</ele></trkpt>
<trkpt lat="52.556132" lon="13.414732"><ele>48.75</ele></trkpt>
<trkpt lat="52.556161" lon="13.414727"><ele>48.75</ele></trkpt>
<trkpt lat="52.556191" lon="13.414722"><ele>48.5</ele></trkpt>
<trkpt lat="52.556299" lon="13.414704"><ele>48.25</ele></trkpt>
<trkpt lat="52.556344" lon="13.414697"><ele>48.0</ele></trkpt>
<trkpt lat="52.557093" lon="13.414583"><ele>47.25</ele></trkpt>
<trkpt lat="52.557117" lon="13.414580"><ele>47.25</ele></trkpt>
<trkpt lat="52.557147" lon="13.414567"><ele>47.25</ele></trkpt>
<trkpt lat="52.557331" lon="13.414468"><ele>47.25</ele></trkpt>
<trkpt lat="52.557633" lon="13.414284"><ele>47.5</ele></trkpt>
<trkpt lat="52.557652" lon="13.414273"><ele>47.5</ele></trkpt>
<trkpt lat="52.557684" lon="13.414254"><ele>47.75</ele></trkpt>
<trkpt lat="52.557739" lon="13.414224"><ele>47.75</ele></trkpt>
<trkpt lat="52.557831" lon="13.414170"><ele>48.0</ele></trkpt>
<trkpt lat="52.557902" lon="13.414122"><ele>48.0</ele></trkpt>
<trkpt lat="52.558631" lon="13.413673"><ele>48.0</ele></trkpt>
<trkpt lat="52.558680" lon="13.413642"><ele>48.0</ele></trkpt>
<trkpt lat="52.558707" lon="13.413623"><ele>48.0</ele></trkpt>
<trkpt lat="52.558792" lon="13.413555"><ele>48.0</ele></trkpt>
<trkpt lat="52.558838" lon="13.413501"><ele>48.25</ele></trkpt>
<trkpt lat="52.558990" lon="13.413478"><ele>48.5</ele></trkpt>
<trkpt lat="52.559260" lon="13.413459"><ele>49.0</ele></trkpt>
<trkpt lat="52.559466" lon="13.413444"><ele>49.0</ele></trkpt>
<trkpt lat="52.559610" lon="13.413434"><ele>49.5</ele></trkpt>
<trkpt lat="52.559641" lon="13.413432"><ele>49.5</ele></trkpt>
<trkpt lat="52.559674" lon="13.413429"><ele>49.75</ele></trkpt>
<trkpt lat="52.559690" lon="13.413428"><ele>49.75</ele></trkpt>
<trkpt lat="52.559711" lon="13.413428"><ele>49.75</ele></trkpt>
<trkpt lat="52.559767" lon="13.413424"><ele>50.0</ele></trkpt>
<trkpt lat="52.559931" lon="13.413402"><ele>50.0</ele></trkpt>
<trkpt lat="52.559978" lon="13.413398"><ele>50.0</ele></trkpt>
<trkpt lat="52.560561" lon="13.413344"><ele>49.75</ele></trkpt>
<trkpt lat="52.560681" lon="13.413333"><ele>49.5</ele></trkpt>
<trkpt lat="52.560759" lon="13.413328"><ele>49.25</ele></trkpt>
<trkpt lat="52.560980" lon="13.413313"><ele>49.0</ele></trkpt>
<trkpt lat="52.561017" lon="13.413311"><ele>49.0</ele></trkpt>
<trkpt lat="52.561140" lon="13.413302"><ele>49.0</ele></trkpt>
<trkpt lat="52.561266" lon="13.413283"><ele>49.0</ele></trkpt>
<trkpt lat="52.561473" lon="13.413250"><ele>49.0</ele></trkpt>
<trkpt lat="52.561505" lon="13.413245"><ele>49.0</ele></trkpt>
<trkpt lat="52.562120" lon="13.413138"><ele>49.0</ele></trkpt>
<trkpt lat="52.562189" lon="13.413129"><ele>49.0</ele></trkpt>
<trkpt lat="52.562731" lon="13.413054"><ele>49.0</ele></trkpt>
<trkpt lat="52.562895" lon="13.413030"><ele>49.0</ele></trkpt>
<trkpt lat="52.562985" lon="13.413018"><ele>49.0</ele></trkpt>
<trkpt lat="52.563024" lon="13.413012"><ele>49.0</ele></trkpt>
<trkpt lat="52.563096" lon="13.413003"><ele>49.0</ele></trkpt>
<trkpt lat="52.563139" lon="13.412999"><ele>49.0</ele></trkpt>
<trkpt lat="52.563730" lon="13.412920"><ele>49.0</ele></trkpt>
<trkpt lat="52.563803" lon="13.412910"><ele>49.0</ele></trkpt>
<trkpt lat="52.564323" lon="13.412830"><ele>49.0</ele></trkpt>
<trkpt lat="52.564781" lon="13.412759"><ele>48.5</ele></trkpt>
<trkpt lat="52.564951" lon="13.412733"><ele>48.0</ele></trkpt>
<trkpt lat="52.564999" lon="13.412726"><ele>48.0</ele></trkpt>
<trkpt lat="52.565030" lon="13.412721"><ele>47.75</ele></trkpt>
<trkpt lat="52.565064" lon="13.412717"><ele>47.75</ele></trkpt>
<trkpt lat="52.565399" lon="13.412668"><ele>47.25</ele></trkpt>
<trkpt lat="52.565613" lon="13.412626"><ele>46.75</ele></trkpt>
<trkpt lat="52.565813" lon="13.412582"><ele>46.0</ele></trkpt>
<trkpt lat="52.566048" lon="13.412548"><ele>45.0</ele></trkpt>
<trkpt lat="52.566069" lon="13.412545"><ele>45.0</ele></trkpt>
<trkpt lat="52.566089" lon="13.412542"><ele>45.0</ele></trkpt>
<trkpt lat="52.566199" lon="13.412518"><ele>45.0</ele></trkpt>
<trkpt lat="52.566219" lon="13.412513"><ele>45.0</ele></trkpt>
<trkpt lat="52.566422" lon="13.412491"><ele>45.0</ele></trkpt>
<trkpt lat="52.566718" lon="13.412448"><ele>44.75</ele></trkpt>
<trkpt lat="52.566846" lon="13.412429"><ele>45.0</ele></trkpt>
<trkpt lat="52.567122" lon="13.412389"><ele>45.0</ele></trkpt>
<trkpt lat="52.567170" lon="13.412382"><ele>45.0</ele></trkpt>
<trkpt lat="52.567214" lon="13.412374"><ele>45.0</ele></trkpt>
<trkpt lat="52.567379" lon="13.412341"><ele>45.25</ele></trkpt>
<trkpt lat="52.567531" lon="13.412311"><ele>45.0</ele></trkpt>
<trkpt lat="52.567561" lon="13.412301"><ele>45.0</ele></trkpt>
<trkpt lat="52.567816" lon="13.412212"><ele>45.0</ele></trkpt>
<trkpt lat="52.567898" lon="13.412184"><ele>45.0</ele></trkpt>
<trkpt lat="52.568166" lon="13.412083"><ele>44.5</ele></trkpt>
<trkpt lat="52.568211" lon="13.412029"><ele>44.25</ele></trkpt>
<trkpt lat="52.568223" lon="13.412015"><ele>44.25</ele></trkpt>
<trkpt lat="52.568262" lon="13.411967"><ele>44.25</ele></trkpt>
<trkpt lat="52.568288" lon="13.411955"><ele>44.0</ele></trkpt>
<trkpt lat="52.568315" lon="13.411943"><ele>44.0</ele></trkpt>
<trkpt lat="52.568403" lon="13.411906"><ele>44.25</ele></trkpt>
<trkpt lat="52.568603" lon="13.411796"><ele>44.25</ele></trkpt>
<trkpt lat="52.568679" lon="13.411755"><ele>44.25</ele></trkpt>
<trkpt lat="52.568856" lon="13.411659"><ele>44.0</ele></trkpt>
<trkpt lat="52.568900" lon="13.411635"><ele>44.0</ele></trkpt>
<trkpt lat="52.568993" lon="13.411584"><ele>44.0</ele></trkpt>
<trkpt lat="52.569039" lon="13.411559"><ele>44.0</ele></trkpt>
<trkpt lat="52.569137" lon="13.411505"><ele>44.0</ele></trkpt>
<trkpt lat="52.569514" lon="13.411278"><ele>44.75</ele></trkpt>
<trkpt lat="52.569573" lon="13.411237"><ele>44.5</ele></trkpt>
<trkpt lat="52.569619" lon="13.411205"><ele>44.5</ele></trkpt>
<trkpt lat="52.569683" lon="13.411153"><ele>44.25</ele></trkpt>
<trkpt lat="52.569713" lon="13.411129"><ele>44.0</ele></trkpt>
<trkpt lat="52.569885" lon="13.410971"><ele>44.25</ele></trkpt>
<trkpt lat="52.570268" lon="13.410623"><ele>44.0</ele></trkpt>
<trkpt lat="52.570319" lon="13.410576"><ele>43.75</ele></trkpt>
<trkpt lat="52.570364" lon="13.410535"><ele>44.0</ele></trkpt>
<trkpt lat="52.570457" lon="13.410444"><ele>44.0</ele></trkpt>
<trkpt lat="52.570540" lon="13.410370"><ele>44.0</ele></trkpt>
<trkpt lat="52.570556" lon="13.410356"><ele>44.0</ele></trkpt>
<trkpt lat="52.570644" lon="13.410276"><ele>44.0</ele></trkpt>
<trkpt lat="52.570659" lon="13.410286"><ele>44.0</ele></trkpt>
<trkpt lat="52.570716" lon="13.410321"><ele>44.0</ele></trkpt>
<trkpt lat="52.570812" lon="13.410234"><ele>44.0</ele></trkpt>
<trkpt lat="52.570830" lon="13.410218"><ele>44.0</ele></trkpt>
<trkpt lat="52.570891" lon="13.410199"><ele>44.0</ele></trkpt>
<trkpt lat="52.570945" lon="13.410232"><ele>44.0</ele></trkpt>
<trkpt lat="52.570974" lon="13.410249"><ele>44.0</ele></trkpt>
<trkpt lat="52.571065" lon="13.410511"><ele>44.0</ele></trkpt>
<trkpt lat="52.571134" lon="13.410749"><ele>44.0</ele></trkpt>
<trkpt lat="52.571140" lon="13.410768"><ele>44.0</ele></trkpt>
<trkpt lat="52.571284" lon="13.411277"><ele>44.0</ele></trkpt>
<trkpt lat="52.571313" lon="13.411374"><ele>44.0</ele></trkpt>
<trkpt lat="52.571409" lon="13.411673"><ele>44.0</ele></trkpt>
<trkpt lat="52.571461" lon="13.411795"><ele>44.0</ele></trkpt>
<trkpt lat="52.571487" lon="13.411900"><ele>44.0</ele></trkpt>
<trkpt lat="52.571502" lon="13.411952"><ele>44.0</ele></trkpt>
<trkpt lat="52.571740" lon="13.412835"><ele>44.0</ele></trkpt>
<trkpt lat="52.571968" lon="13.413680"><ele>44.0</ele></trkpt>
<trkpt lat="52.572003" lon="13.413816"><ele>44.0</ele></trkpt>
<trkpt lat="52.572057" lon="13.414019"><ele>44.0</ele></trkpt>
<trkpt lat="52.572086" lon="13.414137"><ele>44.0</ele></trkpt>
<trkpt lat="52.572123" lon="13.414285"><ele>44.0</ele></trkpt>
<trkpt lat="52.572133" lon="13.414323"><ele>44.0</ele></trkpt>
<trkpt lat="52.572160" lon="13.414430"><ele>44.0</ele></trkpt>
<trkpt lat="52.572178" lon="13.414501"><ele>44.0</ele></trkpt>
<trkpt lat="52.572184" lon="13.414528"><ele>44.0</ele></trkpt>
<trkpt lat="52.572229" lon="13.414704"><ele>44.0</ele></trkpt>
<trkpt lat="52.572242" lon="13.414758"><ele>44.0</ele></trkpt>
<trkpt lat="52.572257" lon="13.414815"><ele>44.0</ele></trkpt>
<trkpt lat="52.572256" lon="13.414866"><ele>44.0</ele></trkpt>
<trkpt lat="52.572254" lon="13.415015"><ele>44.0</ele></trkpt>
<trkpt lat="52.572256" lon="13.415138"><ele>44.0</ele></trkpt>
<trkpt lat="52.572257" lon="13.415247"><ele>44.0</ele></trkpt>
<trkpt lat="52.572273" lon="13.415683"><ele>44.5</ele></trkpt>
<trkpt lat="52.572278" lon="13.415789"><ele>44.75</ele></trkpt>
<trkpt lat="52.572318" lon="13.416602"><ele>45.0</ele></trkpt>
<trkpt lat="52.572335" lon="13.416949"><ele>45.0</ele></trkpt>
<trkpt lat="52.572343" lon="13.417102"><ele>45.0</ele></trkpt>
<trkpt lat="52.572366" lon="13.417438"><ele>45.0</ele></trkpt>
<trkpt lat="52.572421" lon="13.417885"><ele>45.0</ele></trkpt>
<trkpt lat="52.572456" lon="13.418062"><ele>45.0</ele></trkpt>
<trkpt lat="52.572576" lon="13.418686"><ele>45.25</ele></trkpt>
<trkpt lat="52.572583" lon="13.418718"><ele>45.25</ele></trkpt>
<trkpt lat="52.572667" lon="13.419154"><ele>46.0</ele></trkpt>
<trkpt lat="52.572764" lon="13.419625"><ele>46.0</ele></trkpt>
<trkpt lat="52.572829" lon="13.419941"><ele>46.0</ele></trkpt>
<trkpt lat="52.573068" lon="13.421205"><ele>46.0</ele></trkpt>
<trkpt lat="52.573134" lon="13.421551"><ele>46.0</ele></trkpt>
<trkpt lat="52.573143" lon="13.421600"><ele>46.0</ele></trkpt>
<trkpt lat="52.573185" lon="13.421760"><ele>46.0</ele></trkpt>
<trkpt lat="52.573296" lon="13.421955"><ele>46.0</ele></trkpt>
<trkpt lat="52.573378" lon="13.422098"><ele>46.0</ele></trkpt>
<trkpt lat="52.573434" lon="13.422196"><ele>46.0</ele></trkpt>
<trkpt lat="52.573499" lon="13.422308"><ele>46.0</ele></trkpt>
<trkpt lat="52.573554" lon="13.422403"><ele>46.0</ele></trkpt>
<trkpt lat="52.573593" lon="13.422470"><ele>46.0</ele></trkpt>
<trkpt lat="52.573997" lon="13.423170"><ele>46.25</ele></trkpt>
<trkpt lat="52.574255" lon="13.423618"><ele>46.0</ele></trkpt>
<trkpt lat="52.575351" lon="13.425534"><ele>47.0</ele></trkpt>
<trkpt lat="52.575498" lon="13.425756"><ele>47.5</ele></trkpt>
<trkpt lat="52.575779" lon="13.426123"><ele>47.75</ele></trkpt>
<trkpt lat="52.576021" lon="13.426431"><ele>48.5</ele></trkpt>
<trkpt lat="52.576964" lon="13.427646"><ele>52.25</ele></trkpt>
<trkpt lat="52.577160" lon="13.427897"><ele>52.25</ele></trkpt>
<trkpt lat="52.577165" lon="13.427903"><ele>52.25</ele></trkpt>
<trkpt lat="52.577228" lon="13.427982"><ele>52.5</ele></trkpt>
<trkpt lat="52.577257" lon="13.428019"><ele>52.25</ele></trkpt>
<trkpt lat="52.577321" lon="13.428088"><ele>51.5</ele></trkpt>
<trkpt lat="52.577342" lon="13.428111"><ele>51.25</ele></trkpt>
<trkpt lat="52.577516" lon="13.428299"><ele>51.5</ele></trkpt>
<trkpt lat="52.577655" lon="13.428448"><ele>50.0</ele></trkpt>
<trkpt lat="52.577692" lon="13.428489"><ele>50.0</ele></trkpt>
<trkpt lat="52.577730" lon="13.428523"><ele>50.25</ele></trkpt>
<trkpt lat="52.577804" lon="13.428590"><ele>50.5</ele></trkpt>
<trkpt lat="52.577951" lon="13.428701"><ele>49.5</ele></trkpt>
<trkpt lat="52.578020" lon="13.428734"><ele>49.0</ele></trkpt>
<trkpt lat="52.578223" lon="13.428807"><ele>48.0</ele></trkpt>
<trkpt lat="52.578431" lon="13.428831"><ele>47.5</ele></trkpt>
<trkpt lat="52.578954" lon="13.428835"><ele>47.0</ele></trkpt>
<trkpt lat="52.579066" lon="13.428832"><ele>47.0</ele></trkpt>
<trkpt lat="52.579240" lon="13.428826"><ele>47.0</ele></trkpt>
<trkpt lat="52.579282" lon="13.428824"><ele>47.0</ele></trkpt>
<trkpt lat="52.579466" lon="13.428815"><ele>47.0</ele></trkpt>
<trkpt lat="52.579919" lon="13.428817"><ele>47.0</ele></trkpt>
<trkpt lat="52.581046" lon="13.428816"><ele>46.0</ele></trkpt>
<trkpt lat="52.581469" lon="13.428802"><ele>46.0</ele></trkpt>
<trkpt lat="52.581601" lon="13.428798"><ele>46.0</ele></trkpt>
<trkpt lat="52.581717" lon="13.428780"><ele>45.75</ele></trkpt>
<trkpt lat="52.581818" lon="13.428768"><ele>46.0</ele></trkpt>
<trkpt lat="52.581872" lon="13.428764"><ele>46.0</ele></trkpt>
<trkpt lat="52.582075" lon="13.428733"><ele>46.0</ele></trkpt>
<trkpt lat="52.582366" lon="13.428688"><ele>45.0</ele></trkpt>
<trkpt lat="52.582454" lon="13.428677"><ele>44.5</ele></trkpt>
<trkpt lat="52.582548" lon="13.428666"><ele>44.25</ele></trkpt>
<trkpt lat="52.582644" lon="13.428654"><ele>44.5</ele></trkpt>
<trkpt lat="52.582867" lon="13.428629"><ele>44.75</ele></trkpt>
<trkpt lat="52.582932" lon="13.428623"><ele>44.75</ele></trkpt>
<trkpt lat="52.583042" lon="13.428611"><ele>45.0</ele></trkpt>
<trkpt lat="52.583109" lon="13.428605"><ele>45.0</ele></trkpt>
<trkpt lat="52.583181" lon="13.428606"><ele>45.0</ele></trkpt>
<trkpt lat="52.583503" lon="13.428611"><ele>45.0</ele></trkpt>
<trkpt lat="52.583722" lon="13.428636"><ele>45.25</ele></trkpt>
<trkpt lat="52.584030" lon="13.428696"><ele>46.0</ele></trkpt>
<trkpt lat="52.584264" lon="13.428771"><ele>46.0</ele></trkpt>
<trkpt lat="52.584443" lon="13.428828"><ele>46.0</ele></trkpt>
<trkpt lat="52.584581" lon="13.428871"><ele>46.0</ele></trkpt>
<trkpt lat="52.584933" lon="13.428985"><ele>46.0</ele></trkpt>
<trkpt lat="52.585038" lon="13.429019"><ele>46.0</ele></trkpt>
<trkpt lat="52.585048" lon="13.429023"><ele>46.0</ele></trkpt>
<trkpt lat="52.585081" lon="13.429034"><ele>46.0</ele></trkpt>
<trkpt lat="52.585124" lon="13.429048"><ele>46.0</ele></trkpt>
<trkpt lat="52.585182" lon="13.429067"><ele>46.0</ele></trkpt>
<trkpt lat="52.585446" lon="13.429157"><ele>46.0</ele></trkpt>
<trkpt lat="52.585796" lon="13.429279"><ele>46.0</ele></trkpt>
<trkpt lat="52.585933" lon="13.429324"><ele>46.0</ele></trkpt>
<trkpt lat="52.586081" lon="13.429373"><ele>46.0</ele></trkpt>
<trkpt lat="52.586325" lon="13.429457"><ele>46.0</ele></trkpt>
<trkpt lat="52.586498" lon="13.429517"><ele>46.0</ele></trkpt>
<trkpt lat="52.586575" lon="13.429544"><ele>46.0</ele></trkpt>
<trkpt lat="52.587097" lon="13.429713"><ele>46.0</ele></trkpt>
<trkpt lat="52.587218" lon="13.429752"><ele>46.0</ele></trkpt>
<trkpt lat="52.587267" lon="13.429767"><ele>46.0</ele></trkpt>
<trkpt lat="52.587446" lon="13.429826"><ele>46.0</ele></trkpt>
<trkpt lat="52.587559" lon="13.429864"><ele>46.0</ele></trkpt>
<trkpt lat="52.588276" lon="13.430120"><ele>46.0</ele></trkpt>
<trkpt lat="52.588319" lon="13.430133"><ele>46.0</ele></trkpt>
<trkpt lat="52.588431" lon="13.430170"><ele>46.0</ele></trkpt>
<trkpt lat="52.588520" lon="13.430201"><ele>46.0</ele></trkpt>
<trkpt lat="52.588596" lon="13.430227"><ele>46.0</ele></trkpt>
<trkpt lat="52.588650" lon="13.430245"><ele>46.0</ele></trkpt>
<trkpt lat="52.588732" lon="13.430272"><ele>46.0</ele></trkpt>
<trkpt lat="52.589141" lon="13.430432"><ele>46.75</ele></trkpt>
<trkpt lat="52.589240" lon="13.430471"><ele>47.0</ele></trkpt>
<trkpt lat="52.589563" lon="13.430576"><ele>46.75</ele></trkpt>
<trkpt lat="52.589672" lon="13.430612"><ele>46.75</ele></trkpt>
<trkpt lat="52.589731" lon="13.430632"><ele>47.0</ele></trkpt>
<trkpt lat="52.589767" lon="13.430645"><ele>47.0</ele></trkpt>
<trkpt lat="52.589798" lon="13.430656"><ele>47.0</ele></trkpt>
<trkpt lat="52.589830" lon="13.430667"><ele>47.0</ele></trkpt>
<trkpt lat="52.589862" lon="13.430678"><ele>47.0</ele></trkpt>
<trkpt lat="52.590031" lon="13.430734"><ele>46.75</ele></trkpt>
<trkpt lat="52.590129" lon="13.430767"><ele>47.0</ele></trkpt>
<trkpt lat="52.590205" lon="13.430792"><ele>47.0</ele></trkpt>
<trkpt lat="52.590465" lon="13.430878"><ele>47.0</ele></trkpt>
<trkpt lat="52.590869" lon="13.431017"><ele>47.0</ele></trkpt>
<trkpt lat="52.591113" lon="13.431102"><ele>47.0</ele></trkpt>
<trkpt lat="52.591442" lon="13.431218"><ele>47.0</ele></trkpt>
<trkpt lat="52.591564" lon="13.431267"><ele>47.0</ele></trkpt>
<trkpt lat="52.591932" lon="13.431416"><ele>47.0</ele></trkpt>
<trkpt lat="52.591954" lon="13.431424"><ele>47.0</ele></trkpt>
<trkpt lat="52.592021" lon="13.431447"><ele>47.25</ele></trkpt>
<trkpt lat="52.592077" lon="13.431466"><ele>47.25</ele></trkpt>
<trkpt lat="52.592149" lon="13.431490"><ele>47.5</ele></trkpt>
<trkpt lat="52.592238" lon="13.431520"><ele>48.0</ele></trkpt>
<trkpt lat="52.592270" lon="13.431531"><ele>48.0</ele></trkpt>
<trkpt lat="52.592445" lon="13.431594"><ele>48.0</ele></trkpt>
<trkpt lat="52.592729" lon="13.431693"><ele>48.0</ele></trkpt>
<trkpt lat="52.592761" lon="13.431704"><ele>48.0</ele></trkpt>
<trkpt lat="52.592896" lon="13.431749"><ele>48.0</ele></trkpt>
<trkpt lat="52.593070" lon="13.431806"><ele>47.75</ele></trkpt>
<trkpt lat="52.593574" lon="13.431971"><ele>48.0</ele></trkpt>
<trkpt lat="52.593836" lon="13.432128"><ele>48.0</ele></trkpt>
<trkpt lat="52.594049" lon="13.432255"><ele>48.0</ele></trkpt>
<trkpt lat="52.594144" lon="13.432289"><ele>48.0</ele></trkpt>
<trkpt lat="52.594526" lon="13.432414"><ele>48.0</ele></trkpt>
<trkpt lat="52.594855" lon="13.432521"><ele>48.0</ele></trkpt>
<trkpt lat="52.594888" lon="13.432532"><ele>48.0</ele></trkpt>
<trkpt lat="52.595078" lon="13.432600"><ele>48.0</ele></trkpt>
<trkpt lat="52.595381" lon="13.432705"><ele>48.0</ele></trkpt>
<trkpt lat="52.595576" lon="13.432772"><ele>48.0</ele></trkpt>
<trkpt lat="52.595721" lon="13.432822"><ele>48.0</ele></trkpt>
<trkpt lat="52.595740" lon="13.432829"><ele>48.0</ele></trkpt>
<trkpt lat="52.595807" lon="13.432850"><ele>47.75</ele></trkpt>
<trkpt lat="52.595973" lon="13.432905"><ele>48.0</ele></trkpt>
<trkpt lat="52.596091" lon="13.432945"><ele>48.0</ele></trkpt>
<trkpt lat="52.596237" lon="13.433002"><ele>48.0</ele></trkpt>
<trkpt lat="52.596323" lon="13.433032"><ele>48.0</ele></trkpt>
<trkpt lat="52.596708" lon="13.433161"><ele>48.0</ele></trkpt>
<trkpt lat="52.597242" lon="13.433332"><ele>48.0</ele></trkpt>
<trkpt lat="52.597359" lon="13.433372"><ele>48.0</ele></trkpt>
<trkpt lat="52.598058" lon="13.433610"><ele>48.0</ele></trkpt>
<trkpt lat="52.598183" lon="13.433636"><ele>48.5</ele></trkpt>
<trkpt lat="52.598271" lon="13.433643"><ele>48.75</ele></trkpt>
<trkpt lat="52.598305" lon="13.433640"><ele>48.75</ele></trkpt>
<trkpt lat="52.598436" lon="13.433619"><ele>48.5</ele></trkpt>
<trkpt lat="52.598639" lon="13.433523"><ele>48.0</ele></trkpt>
<trkpt lat="52.598807" lon="13.433420"><ele>48.0</ele></trkpt>
<trkpt lat="52.599191" lon="13.433199"><ele>48.0</ele></trkpt>
<trkpt lat="52.599278" lon="13.433152"><ele>48.0</ele></trkpt>
<trkpt lat="52.599394" lon="13.433080"><ele>48.0</ele></trkpt>
<trkpt lat="52.599619" lon="13.432920"><ele>48.0</ele></trkpt>
<trkpt lat="52.600734" lon="13.432235"><ele>48.0</ele></trkpt>
<trkpt lat="52.600822" lon="13.432182"><ele>48.0</ele></trkpt>
<trkpt lat="52.601105" lon="13.432009"><ele>47.75</ele></trkpt>
<trkpt lat="52.601273" lon="13.431909"><ele>48.0</ele></trkpt>
<trkpt lat="52.601459" lon="13.431826"><ele>48.0</ele></trkpt>
<trkpt lat="52.601498" lon="13.431805"><ele>48.0</ele></trkpt>
<trkpt lat="52.601795" lon="13.431612"><ele>48.25</ele></trkpt>
<trkpt lat="52.601887" lon="13.431603"><ele>48.5</ele></trkpt>
<trkpt lat="52.601979" lon="13.431616"><ele>48.75</ele></trkpt>
<trkpt lat="52.602178" lon="13.431499"><ele>48.75</ele></trkpt>
<trkpt lat="52.602282" lon="13.431464"><ele>49.0</ele></trkpt>
<trkpt lat="52.602330" lon="13.431458"><ele>49.0</ele></trkpt>
<trkpt lat="52.602357" lon="13.431450"><ele>49.0</ele></trkpt>
<trkpt lat="52.602379" lon="13.431428"><ele>49.0</ele></trkpt>
<trkpt lat="52.602416" lon="13.431391"><ele>49.0</ele></trkpt>
<trkpt lat="52.602648" lon="13.431447"><ele>49.0</ele></trkpt>
<trkpt lat="52.602846" lon="13.431499"><ele>49.0</ele></trkpt>
<trkpt lat="52.603009" lon="13.431502"><ele>49.0</ele></trkpt>
<trkpt lat="52.603061" lon="13.431504"><ele>48.75</ele></trkpt>
<trkpt lat="52.603233" lon="13.431585"><ele>49.0</ele></trkpt>
<trkpt lat="52.603603" lon="13.431748"><ele>49.0</ele></trkpt>
<trkpt lat="52.603807" lon="13.431843"><ele>49.0</ele></trkpt>
<trkpt lat="52.603847" lon="13.431861"><ele>49.0</ele></trkpt>
<trkpt lat="52.604210" lon="13.432047"><ele>49.0</ele></trkpt>
<trkpt lat="52.604356" lon="13.432123"><ele>49.0</ele></trkpt>
<trkpt lat="52.604392" lon="13.432143"><ele>49.0</ele></trkpt>
<trkpt lat="52.604482" lon="13.432190"><ele>49.0</ele></trkpt>
<trkpt lat="52.604507" lon="13.432204"><ele>49.0</ele></trkpt>
<trkpt lat="52.604882" lon="13.432411"><ele>49.0</ele></trkpt>
<trkpt lat="52.604901" lon="13.432421"><ele>49.0</ele></trkpt>
<trkpt lat="52.604946" lon="13.432444"><ele>49.0</ele></trkpt>
<trkpt lat="52.604989" lon="13.432468"><ele>49.0</ele></trkpt>
<trkpt lat="52.605029" lon="13.432491"><ele>49.0</ele></trkpt>
<trkpt lat="52.605152" lon="13.432558"><ele>49.0</ele></trkpt>
<trkpt lat="52.605188" lon="13.432578"><ele>49.0</ele></trkpt>
<trkpt lat="52.605241" lon="13.432608"><ele>49.0</ele></trkpt>
<trkpt lat="52.605318" lon="13.432654"><ele>49.0</ele></trkpt>
<trkpt lat="52.605395" lon="13.432699"><ele>49.0</ele></trkpt>
<trkpt lat="52.605655" lon="13.432842"><ele>49.0</ele></trkpt>
<trkpt lat="52.605745" lon="13.432891"><ele>49.0</ele></trkpt>
<trkpt lat="52.605866" lon="13.432954"><ele>49.0</ele></trkpt>
<trkpt lat="52.605908" lon="13.432977"><ele>49.0</ele></trkpt>
<trkpt lat="52.605957" lon="13.433007"><ele>49.0</ele></trkpt>
<trkpt lat="52.605994" lon="13.433062"><ele>49.0</ele></trkpt>
<trkpt lat="52.606143" lon="13.433184"><ele>49.0</ele></trkpt>
<trkpt lat="52.606273" lon="13.433266"><ele>49.0</ele></trkpt>
<trkpt lat="52.606318" lon="13.433294"><ele>49.0</ele></trkpt>
<trkpt lat="52.606368" lon="13.433325"><ele>49.0</ele></trkpt>
<trkpt lat="52.606419" lon="13.433357"><ele>49.0</ele></trkpt>
<trkpt lat="52.606469" lon="13.433374"><ele>49.0</ele></trkpt>
<trkpt lat="52.606539" lon="13.433388"><ele>49.0</ele></trkpt>
<trkpt lat="52.606670" lon="13.433392"><ele>49.0</ele></trkpt>
<trkpt lat="52.606786" lon="13.433413"><ele>49.0</ele></trkpt>
<trkpt lat="52.606824" lon="13.433420"><ele>49.0</ele></trkpt>
<trkpt lat="52.607060" lon="13.433463"><ele>49.25</ele></trkpt>
<trkpt lat="52.607084" lon="13.433467"><ele>49.0</ele></trkpt>
<trkpt lat="52.607385" lon="13.433522"><ele>49.0</ele></trkpt>
<trkpt lat="52.607418" lon="13.433527"><ele>49.0</ele></trkpt>
<trkpt lat="52.607437" lon="13.433530"><ele>49.0</ele></trkpt>
<trkpt lat="52.607494" lon="13.433540"><ele>49.25</ele></trkpt>
<trkpt lat="52.607604" lon="13.433557"><ele>49.25</ele></trkpt>
<trkpt lat="52.607626" lon="13.433561"><ele>49.5</ele></trkpt>
<trkpt lat="52.607643" lon="13.433564"><ele>49.5</ele></trkpt>
<trkpt lat="52.607711" lon="13.433576"><ele>49.75</ele></trkpt>
<trkpt lat="52.607774" lon="13.433587"><ele>49.75</ele></trkpt>
<trkpt lat="52.607813" lon="13.433593"><ele>49.75</ele></trkpt>
<trkpt lat="52.607849" lon="13.433599"><ele>50.0</ele></trkpt>
<trkpt lat="52.607930" lon="13.433612"><ele>50.0</ele></trkpt>
<trkpt lat="52.608098" lon="13.433649"><ele>50.0</ele></trkpt>
<trkpt lat="52.608502" lon="13.433737"><ele>50.0</ele></trkpt>
<trkpt lat="52.608574" lon="13.433753"><ele>50.0</ele></trkpt>
<trkpt lat="52.608845" lon="13.433812"><ele>50.0</ele></trkpt>
<trkpt lat="52.609045" lon="13.433839"><ele>50.0</ele></trkpt>
<trkpt lat="52.609278" lon="13.433860"><ele>50.0</ele></trkpt>
<trkpt lat="52.609526" lon="13.433883"><ele>50.0</ele></trkpt>
<trkpt lat="52.609566" lon="13.433887"><ele>50.0</ele></trkpt>
<trkpt lat="52.609692" lon="13.433896"><ele>50.0</ele></trkpt>
<trkpt lat="52.609921" lon="13.433919"><ele>50.0</ele></trkpt>
<trkpt lat="52.609993" lon="13.433926"><ele>50.0</ele></trkpt>
<trkpt lat="52.610394" lon="13.433969"><ele>50.0</ele></trkpt>
<trkpt lat="52.610563" lon="13.433991"><ele>49.75</ele></trkpt>
<trkpt lat="52.610580" lon="13.433992"><ele>50.0</ele></trkpt>
<trkpt lat="52.610998" lon="13.434052"><ele>50.0</ele></trkpt>
<trkpt lat="52.611172" lon="13.434073"><ele>50.0</ele></trkpt>
<trkpt lat="52.611299" lon="13.434076"><ele>50.0</ele></trkpt>
<trkpt lat="52.611386" lon="13.434062"><ele>50.0</ele></trkpt>
<trkpt lat="52.611726" lon="13.433977"><ele>49.75</ele></trkpt>
<trkpt lat="52.611789" lon="13.433960"><ele>50.0</ele></trkpt>
<trkpt lat="52.612052" lon="13.433894"><ele>50.0</ele></trkpt>
<trkpt lat="52.612203" lon="13.433823"><ele>50.0</ele></trkpt>
<trkpt lat="52.612233" lon="13.433807"><ele>50.0</ele></trkpt>
<trkpt lat="52.612256" lon="13.433791"><ele>50.0</ele></trkpt>
<trkpt lat="52.612347" lon="13.433720"><ele>50.0</ele></trkpt>
<trkpt lat="52.612466" lon="13.433605"><ele>50.0</ele></trkpt>
<trkpt lat="52.612664" lon="13.433430"><ele>50.0</ele></trkpt>
<trkpt lat="52.612705" lon="13.433395"><ele>50.0</ele></trkpt>
<trkpt lat="52.612944" lon="13.433181"><ele>50.0</ele></trkpt>
<trkpt lat="52.613005" lon="13.433125"><ele>50.0</ele></trkpt>
<trkpt lat="52.613096" lon="13.433042"><ele>50.0</ele></trkpt>
<trkpt lat="52.613272" lon="13.432891"><ele>50.25</ele></trkpt>
<trkpt lat="52.613987" lon="13.432248"><ele>50.75</ele></trkpt>
<trkpt lat="52.614126" lon="13.432138"><ele>51.0</ele></trkpt>
<trkpt lat="52.614255" lon="13.432054"><ele>51.0</ele></trkpt>
<trkpt lat="52.614380" lon="13.431991"><ele>51.0</ele></trkpt>
<trkpt lat="52.614467" lon="13.431950"><ele>51.0</ele></trkpt>
<trkpt lat="52.614849" lon="13.431842"><ele>51.0</ele></trkpt>
<trkpt lat="52.615181" lon="13.431739"><ele>51.0</ele></trkpt>
<trkpt lat="52.615308" lon="13.431699"><ele>51.0</ele></trkpt>
<trkpt lat="52.615561" lon="13.431622"><ele>51.0</ele></trkpt>
<trkpt lat="52.615844" lon="13.431545"><ele>51.0</ele></trkpt>
<trkpt lat="52.616086" lon="13.431472"><ele>51.0</ele></trkpt>
<trkpt lat="52.616921" lon="13.431226"><ele>51.0</ele></trkpt>
<trkpt lat="52.617828" lon="13.430964"><ele>51.0</ele></trkpt>
<trkpt lat="52.619023" lon="13.430619"><ele>51.25</ele></trkpt>
<trkpt lat="52.619247" lon="13.430556"><ele>51.75</ele></trkpt>
<trkpt lat="52.620101" lon="13.430333"><ele>52.0</ele></trkpt>
<trkpt lat="52.620485" lon="13.430268"><ele>52.75</ele></trkpt>
<trkpt lat="52.620689" lon="13.430243"><ele>52.75</ele></trkpt>
<trkpt lat="52.620949" lon="13.430225"><ele>53.0</ele></trkpt>
<trkpt lat="52.621082" lon="13.430297"><ele>53.5</ele></trkpt>
<trkpt lat="52.621426" lon="13.430303"><ele>54.75</ele></trkpt>
<trkpt lat="52.621628" lon="13.430321"><ele>55.0</ele></trkpt>
<trkpt lat="52.622016" lon="13.430383"><ele>54.75</ele></trkpt>
<trkpt lat="52.622203" lon="13.430425"><ele>55.25</ele></trkpt>
<trkpt lat="52.622722" lon="13.430598"><ele>56.75</ele></trkpt>
<trkpt lat="52.623158" lon="13.430771"><ele>54.75</ele></trkpt>
<trkpt lat="52.623451" lon="13.430918"></trkpt>
<trkpt lat="52.623741" lon="13.431092"><ele>55.5</ele></trkpt>
<trkpt lat="52.624103" lon="13.431341"><ele>57.75</ele></trkpt>
<trkpt lat="52.624226" lon="13.431446"><ele>58.0</ele></trkpt>
<trkpt lat="52.624373" lon="13.431567"><ele>57.75</ele></trkpt>
<trkpt lat="52.624488" lon="13.431662"><ele>58.75</ele></trkpt>
<trkpt lat="52.624567" lon="13.431729"><ele>58.25</ele></trkpt>
<trkpt lat="52.624642" lon="13.431771"><ele>57.75</ele></trkpt>
<trkpt lat="52.625321" lon="13.432322"><ele>57.75</ele></trkpt>
<trkpt lat="52.625476" lon="13.432452"><ele>57.5</ele></trkpt>
<trkpt lat="52.625914" lon="13.432818"><ele>58.5</ele></trkpt>
<trkpt lat="52.626119" lon="13.432987"><ele>57.0</ele></trkpt>
<trkpt lat="52.626703" lon="13.433483"><ele>55.5</ele></trkpt>
<trkpt lat="52.627713" lon="13.434315"><ele>54.5</ele></trkpt>
<trkpt lat="52.628973" lon="13.435377"><ele>52.5</ele></trkpt>
<trkpt lat="52.630234" lon="13.436426"><ele>51.5</ele></trkpt>
<trkpt lat="52.631357" lon="13.437385"><ele>52.25</ele></trkpt>
<trkpt lat="52.632433" lon="13.438343"><ele>52.5</ele></trkpt>
<trkpt lat="52.632560" lon="13.438455"><ele>52.5</ele></trkpt>
<trkpt lat="52.633981" lon="13.439749"><ele>52.25</ele></trkpt>
<trkpt lat="52.634610" lon="13.440330"><ele>52.25</ele></trkpt>
<trkpt lat="52.635114" lon="13.440789"><ele>53.0</ele></trkpt>
<trkpt lat="52.635150" lon="13.440823"><ele>53.0</ele></trkpt>
<trkpt lat="52.635196" lon="13.440842"><ele>53.0</ele></trkpt>
<trkpt lat="52.635288" lon="13.440924"><ele>53.0</ele></trkpt>
<trkpt lat="52.635400" lon="13.441032"><ele>53.5</ele></trkpt>
<trkpt lat="52.635879" lon="13.441501"><ele>53.75</ele></trkpt>
<trkpt lat="52.636425" lon="13.442005"><ele>53.0</ele></trkpt>
<trkpt lat="52.638181" lon="13.443609"><ele>54.0</ele></trkpt>
<trkpt lat="52.638483" lon="13.443887"><ele>54.0</ele></trkpt>
<trkpt lat="52.640378" lon="13.445638"><ele>56.0</ele></trkpt>
<trkpt lat="52.640534" lon="13.445778"><ele>56.0</ele></trkpt>
<trkpt lat="52.641115" lon="13.446308"><ele>55.75</ele></trkpt>
<trkpt lat="52.644323" lon="13.449252"><ele>56.75</ele></trkpt>
<trkpt lat="52.644524" lon="13.449404"><ele>56.75</ele></trkpt>
<trkpt lat="52.644728" lon="13.449529"><ele>56.5</ele></trkpt>
<trkpt lat="52.645308" lon="13.449829"><ele>56.5</ele></trkpt>
<trkpt lat="52.645659" lon="13.449988"><ele>56.0</ele></trkpt>
<trkpt lat="52.646681" lon="13.450490"><ele>55.25</ele></trkpt>
<trkpt lat="52.646845" lon="13.450568"><ele>55.5</ele></trkpt>
<trkpt lat="52.649285" lon="13.451734"><ele>53.75</ele></trkpt>
<trkpt lat="52.649369" lon="13.451842"><ele>53.75</ele></trkpt>
<trkpt lat="52.650674" lon="13.452503"><ele>53.75</ele></trkpt>
<trkpt lat="52.650703" lon="13.452321"><ele>54.0</ele></trkpt>
<trkpt lat="52.650931" lon="13.452422"><ele>54.0</ele></trkpt>
<trkpt lat="52.651136" lon="13.452518"><ele>54.0</ele></trkpt>
<trkpt lat="52.651702" lon="13.452796"><ele>55.0</ele></trkpt>
<trkpt lat="52.651743" lon="13.452802"><ele>55.0</ele></trkpt>
<trkpt lat="52.651854" lon="13.452818"><ele>55.0</ele></trkpt>
<trkpt lat="52.652006" lon="13.452807"><ele>55.0</ele></trkpt>
<trkpt lat="52.652198" lon="13.452742"><ele>54.75</ele></trkpt>
<trkpt lat="52.652219" lon="13.452734"><ele>54.75</ele></trkpt>
<trkpt lat="52.652375" lon="13.452664"><ele>55.5</ele></trkpt>
<trkpt lat="52.652825" lon="13.452472"><ele>57.0</ele></trkpt>
<trkpt lat="52.652852" lon="13.452461"><ele>57.0</ele></trkpt>
<trkpt lat="52.653095" lon="13.452350"><ele>57.0</ele></trkpt>
<trkpt lat="52.653143" lon="13.452317"><ele>57.0</ele></trkpt>
<trkpt lat="52.653206" lon="13.452257"><ele>57.0</ele></trkpt>
<trkpt lat="52.653276" lon="13.452158"><ele>57.0</ele></trkpt>
<trkpt lat="52.653328" lon="13.452000"><ele>57.75</ele></trkpt>
<trkpt lat="52.653347" lon="13.451898"><ele>58.0</ele></trkpt>
<trkpt lat="52.653368" lon="13.451782"><ele>58.0</ele></trkpt>
<trkpt lat="52.653415" lon="13.451377"><ele>58.25</ele></trkpt>
<trkpt lat="52.653447" lon="13.451101"><ele>57.25</ele></trkpt>
<trkpt lat="52.653447" lon="13.451090"><ele>57.25</ele></trkpt>
<trkpt lat="52.653523" lon="13.450482"><ele>58.25</ele></trkpt>
<trkpt lat="52.653675" lon="13.449153"><ele>59.0</ele></trkpt>
<trkpt lat="52.653740" lon="13.448631"><ele>59.25</ele></trkpt>
<trkpt lat="52.653788" lon="13.448216"><ele>59.5</ele></trkpt>
<trkpt lat="52.653833" lon="13.447827"><ele>59.75</ele></trkpt>
<trkpt lat="52.653841" lon="13.447735"><ele>59.75</ele></trkpt>
<trkpt lat="52.653864" lon="13.447268"><ele>59.0</ele></trkpt>
<trkpt lat="52.653862" lon="13.447217"><ele>59.0</ele></trkpt>
<trkpt lat="52.653850" lon="13.446854"><ele>59.0</ele></trkpt>
<trkpt lat="52.653808" lon="13.446263"><ele>58.25</ele></trkpt>
<trkpt lat="52.653803" lon="13.446130"><ele>58.0</ele></trkpt>
<trkpt lat="52.653815" lon="13.445971"><ele>58.0</ele></trkpt>
<trkpt lat="52.653839" lon="13.445896"><ele>58.0</ele></trkpt>
<trkpt lat="52.653887" lon="13.445828"><ele>58.0</ele></trkpt>
<trkpt lat="52.653919" lon="13.445809"><ele>58.0</ele></trkpt>
<trkpt lat="52.653945" lon="13.445792"><ele>58.0</ele></trkpt>
<trkpt lat="52.654025" lon="13.445779"><ele>58.0</ele></trkpt>
<trkpt lat="52.654623" lon="13.445732"><ele>58.0</ele></trkpt>
<trkpt lat="52.654659" lon="13.445730"><ele>58.0</ele></trkpt>
<trkpt lat="52.654726" lon="13.445724"><ele>58.0</ele></trkpt>
<trkpt lat="52.655095" lon="13.445691"><ele>58.0</ele></trkpt>
<trkpt lat="52.655149" lon="13.445686"><ele>58.0</ele></trkpt>
<trkpt lat="52.655303" lon="13.445673"><ele>57.75</ele></trkpt>
<trkpt lat="52.655470" lon="13.445664"><ele>57.5</ele></trkpt>
<trkpt lat="52.655734" lon="13.445640"><ele>57.0</ele></trkpt>
<trkpt lat="52.655965" lon="13.445621"><ele>57.0</ele></trkpt>
<trkpt lat="52.655991" lon="13.445619"><ele>57.0</ele></trkpt>
<trkpt lat="52.656521" lon="13.445561"><ele>57.0</ele></trkpt>
<trkpt lat="52.656864" lon="13.445426"><ele>57.0</ele></trkpt>
<trkpt lat="52.656962" lon="13.445374"><ele>57.0</ele></trkpt>
<trkpt lat="52.657085" lon="13.445312"><ele>57.0</ele></trkpt>
<trkpt lat="52.657248" lon="13.445229"><ele>57.0</ele></trkpt>
<trkpt lat="52.657265" lon="13.445219"><ele>57.0</ele></trkpt>
<trkpt lat="52.657448" lon="13.445126"><ele>57.0</ele></trkpt>
<trkpt lat="52.657714" lon="13.444995"><ele>56.75</ele></trkpt>
<trkpt lat="52.658244" lon="13.444733"><ele>56.5</ele></trkpt>
<trkpt lat="52.659840" lon="13.443937"><ele>56.75</ele></trkpt>
<trkpt lat="52.660050" lon="13.443833"><ele>57.0</ele></trkpt>
<trkpt lat="52.663254" lon="13.442246"><ele>59.0</ele></trkpt>
<trkpt lat="52.663679" lon="13.442035"><ele>59.0</ele></trkpt>
<trkpt lat="52.664727" lon="13.441522"><ele>60.0</ele></trkpt>
<trkpt lat="52.665301" lon="13.441239"><ele>60.25</ele></trkpt>
<trkpt lat="52.665532" lon="13.441125"><ele>60.0</ele></trkpt>
<trkpt lat="52.665602" lon="13.441091"><ele>60.0</ele></trkpt>
<trkpt lat="52.665737" lon="13.441023"><ele>60.0</ele></trkpt>
<trkpt lat="52.667289" lon="13.440261"><ele>58.5</ele></trkpt>
<trkpt lat="52.668494" lon="13.439659"><ele>58.0</ele></trkpt>
<trkpt lat="52.668621" lon="13.439595"><ele>58.0</ele></trkpt>
<trkpt lat="52.668954" lon="13.439431"><ele>57.75</ele></trkpt>
<trkpt lat="52.668989" lon="13.439414"><ele>58.0</ele></trkpt>
<trkpt lat="52.669455" lon="13.439179"><ele>58.0</ele></trkpt>
<trkpt lat="52.669791" lon="13.439011"><ele>58.0</ele></trkpt>
<trkpt lat="52.669865" lon="13.438974"><ele>58.0</ele></trkpt>
<trkpt lat="52.670155" lon="13.438828"><ele>58.0</ele></trkpt>
<trkpt lat="52.670375" lon="13.438722"><ele>57.75</ele></trkpt>
<trkpt lat="52.670524" lon="13.438651"><ele>57.75</ele></trkpt>
<trkpt lat="52.670780" lon="13.438528"><ele>57.25</ele></trkpt>
<trkpt lat="52.671005" lon="13.438428"><ele>57.25</ele></trkpt>
<trkpt lat="52.671085" lon="13.438407"><ele>57.0</ele></trkpt>
<trkpt lat="52.671227" lon="13.438390"><ele>57.0</ele></trkpt>
<trkpt lat="52.671246" lon="13.438388"><ele>57.0</ele></trkpt>
<trkpt lat="52.671355" lon="13.438390"><ele>57.0</ele></trkpt>
<trkpt lat="52.671477" lon="13.438408"><ele>57.0</ele></trkpt>
<trkpt lat="52.671693" lon="13.438446"><ele>57.0</ele></trkpt>
<trkpt lat="52.671770" lon="13.438460"><ele>57.0</ele></trkpt>
<trkpt lat="52.671845" lon="13.438475"><ele>57.0</ele></trkpt>
<trkpt lat="52.672045" lon="13.438516"><ele>57.0</ele></trkpt>
<trkpt lat="52.672087" lon="13.438525"><ele>57.0</ele></trkpt>
<trkpt lat="52.672113" lon="13.438530"><ele>57.0</ele></trkpt>
<trkpt lat="52.672645" lon="13.438634"><ele>56.5</ele></trkpt>
<trkpt lat="52.672657" lon="13.438637"><ele>56.25</ele></trkpt>
<trkpt lat="52.672738" lon="13.438654"><ele>56.25</ele></trkpt>
<trkpt lat="52.672908" lon="13.438689"><ele>56.0</ele></trkpt>
<trkpt lat="52.673098" lon="13.438723"><ele>56.0</ele></trkpt>
<trkpt lat="52.673124" lon="13.438728"><ele>56.0</ele></trkpt>
<trkpt lat="52.673170" lon="13.438737"><ele>56.0</ele></trkpt>
<trkpt lat="52.673437" lon="13.438789"><ele>56.0</ele></trkpt>
<trkpt lat="52.673630" lon="13.438827"><ele>56.0</ele></trkpt>
<trkpt lat="52.673821" lon="13.438865"><ele>56.0</ele></trkpt>
<trkpt lat="52.673889" lon="13.438878"><ele>56.0</ele></trkpt>
<trkpt lat="52.673909" lon="13.438882"><ele>56.0</ele></trkpt>
<trkpt lat="52.674074" lon="13.438914"><ele>56.0</ele></trkpt>
<trkpt lat="52.674088" lon="13.438917"><ele>56.0</ele></trkpt>
<trkpt lat="52.674241" lon="13.438947"><ele>56.0</ele></trkpt>
<trkpt lat="52.674545" lon="13.439007"><ele>56.0</ele></trkpt>
<trkpt lat="52.674632" lon="13.439024"><ele>56.25</ele></trkpt>
<trkpt lat="52.675011" lon="13.439098"><ele>56.0</ele></trkpt>
<trkpt lat="52.675070" lon="13.439110"><ele>56.0</ele></trkpt>
<trkpt lat="52.675127" lon="13.439121"><ele>56.0</ele></trkpt>
<trkpt lat="52.675241" lon="13.439143"><ele>56.0</ele></trkpt>
<trkpt lat="52.675298" lon="13.439155"><ele>56.0</ele></trkpt>
<trkpt lat="52.675307" lon="13.439156"><ele>56.0</ele></trkpt>
<trkpt lat="52.675461" lon="13.439187"><ele>56.0</ele></trkpt>
<trkpt lat="52.675631" lon="13.439220"><ele>56.0</ele></trkpt>
<trkpt lat="52.675909" lon="13.439274"><ele>56.0</ele></trkpt>
<trkpt lat="52.675959" lon="13.439284"><ele>56.0</ele></trkpt>
<trkpt lat="52.675993" lon="13.439291"><ele>56.0</ele></trkpt>
<trkpt lat="52.676141" lon="13.439320"><ele>56.0</ele></trkpt>
<trkpt lat="52.676308" lon="13.439353"><ele>56.0</ele></trkpt>
<trkpt lat="52.676562" lon="13.439403"><ele>56.0</ele></trkpt>
<trkpt lat="52.676586" lon="13.439407"><ele>56.0</ele></trkpt>
<trkpt lat="52.676816" lon="13.439452"><ele>56.0</ele></trkpt>
<trkpt lat="52.677096" lon="13.439507"><ele>56.5</ele></trkpt>
<trkpt lat="52.677115" lon="13.439511"><ele>56.5</ele></trkpt>
<trkpt lat="52.677353" lon="13.439558"><ele>57.0</ele></trkpt>
<trkpt lat="52.677437" lon="13.439574"><ele>57.0</ele></trkpt>
<trkpt lat="52.677464" lon="13.439580"><ele>57.0</ele></trkpt>
<trkpt lat="52.677728" lon="13.439632"><ele>57.0</ele></trkpt>
<trkpt lat="52.677756" lon="13.439638"><ele>57.0</ele></trkpt>
<trkpt lat="52.677800" lon="13.439646"><ele>57.0</ele></trkpt>
<trkpt lat="52.678057" lon="13.439696"><ele>57.0</ele></trkpt>
<trkpt lat="52.678099" lon="13.439704"><ele>57.0</ele></trkpt>
<trkpt lat="52.678188" lon="13.439722"><ele>57.0</ele></trkpt>
<trkpt lat="52.678417" lon="13.439767"><ele>56.75</ele></trkpt>
<trkpt lat="52.678517" lon="13.439786"><ele>57.0</ele></trkpt>
<trkpt lat="52.678600" lon="13.439804"><ele>57.0</ele></trkpt>
<trkpt lat="52.678661" lon="13.439815"><ele>57.0</ele></trkpt>
<trkpt lat="52.678737" lon="13.439832"><ele>57.0</ele></trkpt>
<trkpt lat="52.678940" lon="13.439870"><ele>56.75</ele></trkpt>
<trkpt lat="52.679106" lon="13.439897"><ele>57.0</ele></trkpt>
<trkpt lat="52.679176" lon="13.439913"><ele>57.0</ele></trkpt>
<trkpt lat="52.679348" lon="13.439947"><ele>57.5</ele></trkpt>
<trkpt lat="52.679539" lon="13.439985"><ele>58.0</ele></trkpt>
<trkpt lat="52.679663" lon="13.440009"><ele>58.0</ele></trkpt>
<trkpt lat="52.680460" lon="13.440166"><ele>58.0</ele></trkpt>
<trkpt lat="52.680693" lon="13.440215"><ele>58.0</ele></trkpt>
<trkpt lat="52.682688" lon="13.440608"><ele>57.75</ele></trkpt>
<trkpt lat="52.682827" lon="13.440637"><ele>58.0</ele></trkpt>
<trkpt lat="52.682855" lon="13.440642"><ele>58.0</ele></trkpt>
<trkpt lat="52.683055" lon="13.440683"><ele>58.0</ele></trkpt>
<trkpt lat="52.683414" lon="13.440752"><ele>58.0</ele></trkpt>
<trkpt lat="52.683418" lon="13.440668"><ele>57.75</ele></trkpt>
<trkpt lat="52.683419" lon="13.440647"><ele>58.0</ele></trkpt>
<trkpt lat="52.683436" lon="13.439917"><ele>58.0</ele></trkpt>
<trkpt lat="52.683447" lon="13.439864"><ele>58.0</ele></trkpt>
<trkpt lat="52.683497" lon="13.439850"><ele>58.0</ele></trkpt>
<trkpt lat="52.683794" lon="13.439917"><ele>58.0</ele></trkpt>
<trkpt lat="52.684079" lon="13.439981"><ele>58.0</ele></trkpt>
<trkpt lat="52.684380" lon="13.440050"><ele>58.75</ele></trkpt>
<trkpt lat="52.684414" lon="13.439240"><ele>58.75</ele></trkpt>
<trkpt lat="52.684436" lon="13.438704"><ele>59.0</ele></trkpt>
<trkpt lat="52.684445" lon="13.438452"><ele>59.0</ele></trkpt>
<trkpt lat="52.684455" lon="13.438024"><ele>59.0</ele></trkpt>
<trkpt lat="52.684459" lon="13.437893"><ele>59.0</ele></trkpt>
<trkpt lat="52.684483" lon="13.437146"><ele>59.0</ele></trkpt>
<trkpt lat="52.684497" lon="13.436533"><ele>59.0</ele></trkpt>
<trkpt lat="52.684536" lon="13.434953"><ele>59.0</ele></trkpt>
<trkpt lat="52.683640" lon="13.434796"><ele>58.25</ele></trkpt>
<trkpt lat="52.683286" lon="13.434731"><ele>58.75</ele></trkpt>
<trkpt lat="52.682985" lon="13.434681"><ele>58.0</ele></trkpt>
<trkpt lat="52.682591" lon="13.434613"><ele>58.25</ele></trkpt>
<trkpt lat="52.682334" lon="13.434568"><ele>58.75</ele></trkpt>
<trkpt lat="52.682102" lon="13.434523"><ele>59.0</ele></trkpt>
<trkpt lat="52.681684" lon="13.434441"><ele>59.0</ele></trkpt>
<trkpt lat="52.681491" lon="13.434403"><ele>59.0</ele></trkpt>
<trkpt lat="52.681435" lon="13.434392"><ele>59.0</ele></trkpt>
<trkpt lat="52.681379" lon="13.434382"><ele>58.75</ele></trkpt>
<trkpt lat="52.681214" lon="13.434349"><ele>59.0</ele></trkpt>
<trkpt lat="52.681033" lon="13.434314"><ele>58.5</ele></trkpt>
<trkpt lat="52.680945" lon="13.434297"><ele>58.25</ele></trkpt>
<trkpt lat="52.680767" lon="13.434263"><ele>58.0</ele></trkpt>
<trkpt lat="52.680541" lon="13.434218"><ele>58.0</ele></trkpt>
<trkpt lat="52.680515" lon="13.434213"><ele>58.0</ele></trkpt>
<trkpt lat="52.679586" lon="13.434022"><ele>58.0</ele></trkpt>
<trkpt lat="52.679544" lon="13.434013"><ele>58.0</ele></trkpt>
<trkpt lat="52.679560" lon="13.433769"><ele>58.0</ele></trkpt>
<trkpt lat="52.679572" lon="13.433557"><ele>58.0</ele></trkpt>
<trkpt lat="52.679605" lon="13.433054"><ele>57.5</ele></trkpt>
<trkpt lat="52.679621" lon="13.432803"><ele>57.5</ele></trkpt>
<trkpt lat="52.679627" lon="13.432709"><ele>57.25</ele></trkpt>
<trkpt lat="52.679637" lon="13.432560"><ele>57.0</ele></trkpt>
<trkpt lat="52.679649" lon="13.432378"><ele>57.0</ele></trkpt>
<trkpt lat="52.679656" lon="13.432266"><ele>57.0</ele></trkpt>
<trkpt lat="52.679665" lon="13.432126"><ele>57.0</ele></trkpt>
<trkpt lat="52.679681" lon="13.431891"><ele>57.0</ele></trkpt>
<trkpt lat="52.679702" lon="13.431556"><ele>57.0</ele></trkpt>
<trkpt lat="52.679721" lon="13.431266"><ele>57.0</ele></trkpt>
<trkpt lat="52.679781" lon="13.430334"><ele>57.0</ele></trkpt>
<trkpt lat="52.679860" lon="13.429004"><ele>57.0</ele></trkpt>
<trkpt lat="52.679874" lon="13.428805"><ele>57.0</ele></trkpt>
<trkpt lat="52.679900" lon="13.428407"><ele>57.0</ele></trkpt>
<trkpt lat="52.679916" lon="13.428151"><ele>57.0</ele></trkpt>
<trkpt lat="52.679921" lon="13.427849"><ele>56.25</ele></trkpt>
<trkpt lat="52.679936" lon="13.427572"><ele>56.0</ele></trkpt>
<trkpt lat="52.679940" lon="13.427498"><ele>56.0</ele></trkpt>
<trkpt lat="52.679962" lon="13.427093"><ele>56.0</ele></trkpt>
<trkpt lat="52.680000" lon="13.426558"><ele>56.0</ele></trkpt>
<trkpt lat="52.680019" lon="13.426272"><ele>55.75</ele></trkpt>
<trkpt lat="52.680051" lon="13.425810"><ele>56.0</ele></trkpt>
<trkpt lat="52.680097" lon="13.425076"><ele>55.5</ele></trkpt>
<trkpt lat="52.680107" lon="13.424911"><ele>55.5</ele></trkpt>
<trkpt lat="52.680220" lon="13.423250"><ele>55.0</ele></trkpt>
<trkpt lat="52.680235" lon="13.423001"><ele>55.25</ele></trkpt>
<trkpt lat="52.680302" lon="13.421988"><ele>56.0</ele></trkpt>
<trkpt lat="52.680310" lon="13.421854"><ele>56.0</ele></trkpt>
<trkpt lat="52.680316" lon="13.421766"><ele>56.0</ele></trkpt>
<trkpt lat="52.680387" lon="13.420700"><ele>55.75</ele></trkpt>
<trkpt lat="52.680422" lon="13.420055"><ele>56.0</ele></trkpt>
<trkpt lat="52.680403" lon="13.419880"><ele>55.75</ele></trkpt>
<trkpt lat="52.680361" lon="13.419725"><ele>55.25</ele></trkpt>
<trkpt lat="52.680135" lon="13.419209"><ele>55.0</ele></trkpt>
<trkpt lat="52.679656" lon="13.418207"><ele>55.5</ele></trkpt>
<trkpt lat="52.679378" lon="13.417606"><ele>55.75</ele></trkpt>
<trkpt lat="52.678157" lon="13.414997"><ele>53.0</ele></trkpt>
<trkpt lat="52.677295" lon="13.413210"><ele>53.0</ele></trkpt>
<trkpt lat="52.677239" lon="13.413089"><ele>53.0</ele></trkpt>
<trkpt lat="52.675845" lon="13.410102"><ele>52.75</ele></trkpt>
<trkpt lat="52.675120" lon="13.408539"><ele>53.25</ele></trkpt>
<trkpt lat="52.673745" lon="13.405631"><ele>51.5</ele></trkpt>
<trkpt lat="52.673145" lon="13.404361"><ele>50.0</ele></trkpt>
<trkpt lat="52.672964" lon="13.403895"><ele>49.5</ele></trkpt>
<trkpt lat="52.672883" lon="13.403625"><ele>50.25</ele></trkpt>
<trkpt lat="52.672823" lon="13.403397"><ele>50.25</ele></trkpt>
<trkpt lat="52.672766" lon="13.403128"><ele>50.0</ele></trkpt>
<trkpt lat="52.672713" lon="13.402796"><ele>50.0</ele></trkpt>
<trkpt lat="52.672679" lon="13.402506"><ele>50.25</ele></trkpt>
<trkpt lat="52.672642" lon="13.401919"><ele>50.5</ele></trkpt>
<trkpt lat="52.672601" lon="13.401074"><ele>51.5</ele></trkpt>
<trkpt lat="52.672540" lon="13.399907"><ele>50.5</ele></trkpt>
<trkpt lat="52.672495" lon="13.399387"><ele>50.0</ele></trkpt>
<trkpt lat="52.672457" lon="13.399063"><ele>50.25</ele></trkpt>
<trkpt lat="52.672414" lon="13.398736"><ele>50.25</ele></trkpt>
<trkpt lat="52.672361" lon="13.398411"><ele>50.0</ele></trkpt>
<trkpt lat="52.672313" lon="13.398166"><ele>49.25</ele></trkpt>
<trkpt lat="52.672271" lon="13.398044"><ele>49.0</ele></trkpt>
<trkpt lat="52.672215" lon="13.397915"><ele>49.0</ele></trkpt>
<trkpt lat="52.672189" lon="13.397863"><ele>49.0</ele></trkpt>
<trkpt lat="52.672156" lon="13.397808"><ele>49.0</ele></trkpt>
<trkpt lat="52.672101" lon="13.397715"><ele>49.0</ele></trkpt>
<trkpt lat="52.671140" lon="13.396263"><ele>47.75</ele></trkpt>
<trkpt lat="52.671025" lon="13.396054"><ele>48.0</ele></trkpt>
<trkpt lat="52.670629" lon="13.395117"><ele>48.75</ele></trkpt>
<trkpt lat="52.670613" lon="13.395079"><ele>48.75</ele></trkpt>
<trkpt lat="52.670530" lon="13.394888"><ele>49.0</ele></trkpt>
<trkpt lat="52.670568" lon="13.394838"><ele>49.0</ele></trkpt>
<trkpt lat="52.670438" lon="13.394508"><ele>49.25</ele></trkpt>
<trkpt lat="52.669621" lon="13.392606"><ele>50.0</ele></trkpt>
<trkpt lat="52.669375" lon="13.392056"><ele>51.75</ele></trkpt>
<trkpt lat="52.669150" lon="13.391649"><ele>52.0</ele></trkpt>
<trkpt lat="52.668684" lon="13.390914"><ele>52.0</ele></trkpt>
<trkpt lat="52.668257" lon="13.390246"><ele>51.75</ele></trkpt>
<trkpt lat="52.668013" lon="13.389894"><ele>52.0</ele></trkpt>
<trkpt lat="52.667846" lon="13.389699"><ele>52.25</ele></trkpt>
<trkpt lat="52.667689" lon="13.389547"><ele>52.25</ele></trkpt>
<trkpt lat="52.667289" lon="13.389193"><ele>51.75</ele></trkpt>
<trkpt lat="52.667051" lon="13.388986"><ele>51.75</ele></trkpt>
<trkpt lat="52.666078" lon="13.388167"><ele>48.25</ele></trkpt>
<trkpt lat="52.665969" lon="13.388075"><ele>48.5</ele></trkpt>
<trkpt lat="52.665544" lon="13.387629"><ele>46.75</ele></trkpt>
<trkpt lat="52.665483" lon="13.387531"><ele>46.5</ele></trkpt>
<trkpt lat="52.665429" lon="13.387387"><ele>46.75</ele></trkpt>
<trkpt lat="52.665402" lon="13.387271"><ele>47.0</ele></trkpt>
<trkpt lat="52.665384" lon="13.387148"><ele>47.0</ele></trkpt>
<trkpt lat="52.665338" lon="13.386706"><ele>47.25</ele></trkpt>
<trkpt lat="52.665324" lon="13.386474"><ele>48.0</ele></trkpt>
<trkpt lat="52.665264" lon="13.386484"><ele>48.5</ele></trkpt>
<trkpt lat="52.665198" lon="13.385009"><ele>46.5</ele></trkpt>
<trkpt lat="52.665194" lon="13.384739"><ele>45.25</ele></trkpt>
<trkpt lat="52.665196" lon="13.384658"><ele>45.0</ele></trkpt>
<trkpt lat="52.665214" lon="13.384546"><ele>45.0</ele></trkpt>
<trkpt lat="52.665272" lon="13.384316"><ele>44.75</ele></trkpt>
<trkpt lat="52.665316" lon="13.384102"><ele>45.0</ele></trkpt>
<trkpt lat="52.665324" lon="13.384024"><ele>45.0</ele></trkpt>
<trkpt lat="52.665327" lon="13.383939"><ele>45.0</ele></trkpt>
<trkpt lat="52.665317" lon="13.383859"><ele>45.25</ele></trkpt>
<trkpt lat="52.665299" lon="13.383765"><ele>45.5</ele></trkpt>
<trkpt lat="52.665265" lon="13.383680"><ele>45.5</ele></trkpt>
<trkpt lat="52.664904" lon="13.382991"><ele>45.0</ele></trkpt>
<trkpt lat="52.664883" lon="13.382935"><ele>45.0</ele></trkpt>
<trkpt lat="52.664856" lon="13.382781"><ele>45.0</ele></trkpt>
<trkpt lat="52.664845" lon="13.382582"><ele>45.5</ele></trkpt>
<trkpt lat="52.664848" lon="13.382426"><ele>46.0</ele></trkpt>
<trkpt lat="52.664867" lon="13.382130"><ele>46.0</ele></trkpt>
<trkpt lat="52.664874" lon="13.382098"><ele>46.0</ele></trkpt>
<trkpt lat="52.664895" lon="13.381997"><ele>46.5</ele></trkpt>
<trkpt lat="52.664986" lon="13.381667"><ele>47.75</ele></trkpt>
<trkpt lat="52.665127" lon="13.381155"><ele>48.25</ele></trkpt>
<trkpt lat="52.665165" lon="13.380974"><ele>48.25</ele></trkpt>
<trkpt lat="52.665229" lon="13.380548"><ele>47.75</ele></trkpt>
<trkpt lat="52.665301" lon="13.379860"><ele>48.0</ele></trkpt>
<trkpt lat="52.665383" lon="13.378990"><ele>47.5</ele></trkpt>
<trkpt lat="52.665392" lon="13.378910"><ele>47.25</ele></trkpt>
<trkpt lat="52.665398" lon="13.378862"><ele>47.25</ele></trkpt>
<trkpt lat="52.664557" lon="13.378665"><ele>47.0</ele></trkpt>
<trkpt lat="52.664343" lon="13.378638"><ele>47.0</ele></trkpt>
<trkpt lat="52.664307" lon="13.378633"><ele>47.0</ele></trkpt>
<trkpt lat="52.663581" lon="13.378554"><ele>47.0</ele></trkpt>
<trkpt lat="52.663062" lon="13.378501"><ele>47.0</ele></trkpt>
<trkpt lat="52.662986" lon="13.378492"><ele>47.0</ele></trkpt>
<trkpt lat="52.662759" lon="13.378464"><ele>47.5</ele></trkpt>
<trkpt lat="52.662735" lon="13.378461"><ele>47.5</ele></trkpt>
<trkpt lat="52.662661" lon="13.378452"><ele>47.75</ele></trkpt>
<trkpt lat="52.662608" lon="13.378439"><ele>47.75</ele></trkpt>
<trkpt lat="52.662529" lon="13.378415"><ele>47.75</ele></trkpt>
<trkpt lat="52.662420" lon="13.378346"><ele>48.0</ele></trkpt>
<trkpt lat="52.662308" lon="13.378243"><ele>48.0</ele></trkpt>
<trkpt lat="52.662201" lon="13.378129"><ele>48.75</ele></trkpt>
<trkpt lat="52.662119" lon="13.378045"><ele>49.25</ele></trkpt>
<trkpt lat="52.662084" lon="13.378004"><ele>49.25</ele></trkpt>
<trkpt lat="52.662013" lon="13.377920"><ele>49.75</ele></trkpt>
<trkpt lat="52.662048" lon="13.377838"><ele>49.5</ele></trkpt>
<trkpt lat="52.662027" lon="13.377675"><ele>49.75</ele></trkpt>
<trkpt lat="52.662022" lon="13.377647"><ele>49.75</ele></trkpt>
<trkpt lat="52.661947" lon="13.377197"><ele>50.0</ele></trkpt>
<trkpt lat="52.661926" lon="13.377072"><ele>50.5</ele></trkpt>
<trkpt lat="52.661920" lon="13.377032"><ele>50.5</ele></trkpt>
<trkpt lat="52.661910" lon="13.376972"><ele>50.75</ele></trkpt>
<trkpt lat="52.661477" lon="13.374319"><ele>50.0</ele></trkpt>
<trkpt lat="52.661197" lon="13.372630"><ele>50.75</ele></trkpt>
<trkpt lat="52.660833" lon="13.370494"><ele>54.0</ele></trkpt>
<trkpt lat="52.660895" lon="13.370465"><ele>53.75</ele></trkpt>
<trkpt lat="52.660901" lon="13.370394"><ele>53.75</ele></trkpt>
<trkpt lat="52.660567" lon="13.368320"><ele>56.0</ele></trkpt>
<trkpt lat="52.660443" lon="13.367612"><ele>57.0</ele></trkpt>
<trkpt lat="52.660365" lon="13.367043"><ele>57.0</ele></trkpt>
<trkpt lat="52.660319" lon="13.366614"><ele>56.75</ele></trkpt>
<trkpt lat="52.660319" lon="13.366282"><ele>56.5</ele></trkpt>
<trkpt lat="52.660365" lon="13.365938"><ele>56.25</ele></trkpt>
<trkpt lat="52.660411" lon="13.365509"><ele>57.0</ele></trkpt>
<trkpt lat="52.660430" lon="13.365059"><ele>57.0</ele></trkpt>
<trkpt lat="52.660419" lon="13.364791"><ele>57.0</ele></trkpt>
<trkpt lat="52.660404" lon="13.364641"><ele>57.0</ele></trkpt>
<trkpt lat="52.660368" lon="13.364390"><ele>57.75</ele></trkpt>
<trkpt lat="52.660293" lon="13.364061"><ele>58.0</ele></trkpt>
<trkpt lat="52.660137" lon="13.363683"><ele>57.25</ele></trkpt>
<trkpt lat="52.660086" lon="13.363657"><ele>57.75</ele></trkpt>
<trkpt lat="52.659975" lon="13.363479"><ele>56.5</ele></trkpt>
<trkpt lat="52.659653" lon="13.362919"><ele>56.0</ele></trkpt>
<trkpt lat="52.659581" lon="13.362785"><ele>57.75</ele></trkpt>
<trkpt lat="52.659479" lon="13.362378"><ele>58.25</ele></trkpt>
<trkpt lat="52.659369" lon="13.361914"><ele>57.5</ele></trkpt>
<trkpt lat="52.658924" lon="13.359355"><ele>56.0</ele></trkpt>
<trkpt lat="52.658892" lon="13.359021"><ele>56.0</ele></trkpt>
<trkpt lat="52.658908" lon="13.358739"><ele>55.75</ele></trkpt>
<trkpt lat="52.658763" lon="13.357822"><ele>55.25</ele></trkpt>
<trkpt lat="52.657559" lon="13.350634"><ele>50.75</ele></trkpt>
<trkpt lat="52.656892" lon="13.346944"><ele>48.0</ele></trkpt>
<trkpt lat="52.656786" lon="13.346284"><ele>48.75</ele></trkpt>
<trkpt lat="52.656340" lon="13.343668"><ele>47.0</ele></trkpt>
<trkpt lat="52.656285" lon="13.343373"><ele>46.5</ele></trkpt>
<trkpt lat="52.656222" lon="13.343125"><ele>45.75</ele></trkpt>
<trkpt lat="52.656193" lon="13.342993"><ele>45.5</ele></trkpt>
<trkpt lat="52.656176" lon="13.342956"><ele>45.75</ele></trkpt>
<trkpt lat="52.656200" lon="13.342883"><ele>45.5</ele></trkpt>
<trkpt lat="52.656262" lon="13.342696"><ele>45.25</ele></trkpt>
<trkpt lat="52.656302" lon="13.342555"><ele>45.25</ele></trkpt>
<trkpt lat="52.656332" lon="13.342413"><ele>45.25</ele></trkpt>
<trkpt lat="52.656370" lon="13.342154"><ele>45.75</ele></trkpt>
<trkpt lat="52.656380" lon="13.342033"><ele>45.75</ele></trkpt>
<trkpt lat="52.656383" lon="13.341719"><ele>45.0</ele></trkpt>
<trkpt lat="52.656378" lon="13.341603"><ele>44.75</ele></trkpt>
<trkpt lat="52.656355" lon="13.341378"><ele>44.75</ele></trkpt>
<trkpt lat="52.656224" lon="13.340195"><ele>46.5</ele></trkpt>
<trkpt lat="52.656202" lon="13.339937"><ele>47.0</ele></trkpt>
<trkpt lat="52.656210" lon="13.339884"><ele>47.0</ele></trkpt>
<trkpt lat="52.656208" lon="13.339807"><ele>47.0</ele></trkpt>
<trkpt lat="52.656156" lon="13.339270"><ele>47.0</ele></trkpt>
<trkpt lat="52.656146" lon="13.339166"><ele>47.0</ele></trkpt>
<trkpt lat="52.656125" lon="13.338835"><ele>48.0</ele></trkpt>
<trkpt lat="52.656119" lon="13.338736"><ele>48.5</ele></trkpt>
<trkpt lat="52.656106" lon="13.338711"><ele>48.5</ele></trkpt>
<trkpt lat="52.656103" lon="13.338675"><ele>48.5</ele></trkpt>
<trkpt lat="52.655987" lon="13.337265"><ele>50.25</ele></trkpt>
<trkpt lat="52.655980" lon="13.336995"><ele>50.75</ele></trkpt>
<trkpt lat="52.655989" lon="13.336849"><ele>51.0</ele></trkpt>
<trkpt lat="52.656028" lon="13.336792"><ele>51.0</ele></trkpt>
<trkpt lat="52.656087" lon="13.336637"><ele>51.0</ele></trkpt>
<trkpt lat="52.656347" lon="13.335837"><ele>53.5</ele></trkpt>
<trkpt lat="52.656939" lon="13.334759"><ele>53.0</ele></trkpt>
<trkpt lat="52.657085" lon="13.334521"><ele>52.0</ele></trkpt>
<trkpt lat="52.657324" lon="13.334160"><ele>50.5</ele></trkpt>
<trkpt lat="52.657490" lon="13.333781"><ele>50.0</ele></trkpt>
<trkpt lat="52.657713" lon="13.333411"><ele>49.0</ele></trkpt>
<trkpt lat="52.659007" lon="13.331146"><ele>49.5</ele></trkpt>
<trkpt lat="52.659726" lon="13.329892"><ele>49.25</ele></trkpt>
<trkpt lat="52.659798" lon="13.329740"><ele>49.25</ele></trkpt>
<trkpt lat="52.659891" lon="13.329574"><ele>48.75</ele></trkpt>
<trkpt lat="52.660151" lon="13.329143"><ele>48.75</ele></trkpt>
<trkpt lat="52.660264" lon="13.328914"><ele>48.75</ele></trkpt>
<trkpt lat="52.660297" lon="13.328864"><ele>48.75</ele></trkpt>
<trkpt lat="52.660369" lon="13.328780"><ele>48.5</ele></trkpt>
<trkpt lat="52.660433" lon="13.328686"><ele>48.25</ele></trkpt>
<trkpt lat="52.661712" lon="13.326395"><ele>49.0</ele></trkpt>
<trkpt lat="52.661780" lon="13.326269"><ele>49.25</ele></trkpt>
<trkpt lat="52.661704" lon="13.326139"><ele>49.75</ele></trkpt>
<trkpt lat="52.661609" lon="13.325973"><ele>49.75</ele></trkpt>
<trkpt lat="52.661587" lon="13.325916"><ele>49.5</ele></trkpt>
<trkpt lat="52.661557" lon="13.325790"><ele>49.5</ele></trkpt>
<trkpt lat="52.661452" lon="13.324948"><ele>49.25</ele></trkpt>
<trkpt lat="52.661426" lon="13.324693"><ele>50.0</ele></trkpt>
<trkpt lat="52.661409" lon="13.324438"><ele>50.0</ele></trkpt>
<trkpt lat="52.661401" lon="13.324185"><ele>50.0</ele></trkpt>
<trkpt lat="52.661399" lon="13.323930"><ele>50.0</ele></trkpt>
<trkpt lat="52.661407" lon="13.323677"><ele>50.0</ele></trkpt>
<trkpt lat="52.661423" lon="13.323394"><ele>50.75</ele></trkpt>
<trkpt lat="52.661455" lon="13.323114"><ele>51.0</ele></trkpt>
<trkpt lat="52.661496" lon="13.322852"><ele>51.0</ele></trkpt>
<trkpt lat="52.661546" lon="13.322601"><ele>51.0</ele></trkpt>
<trkpt lat="52.661622" lon="13.322259"><ele>51.75</ele></trkpt>
<trkpt lat="52.662006" lon="13.320636"><ele>53.75</ele></trkpt>
<trkpt lat="52.662283" lon="13.319467"><ele>54.75</ele></trkpt>
<trkpt lat="52.662446" lon="13.318798"><ele>54.75</ele></trkpt>
<trkpt lat="52.662505" lon="13.318548"><ele>53.75</ele></trkpt>
<trkpt lat="52.662537" lon="13.318406"><ele>54.0</ele></trkpt>
<trkpt lat="52.662552" lon="13.318345"><ele>54.0</ele></trkpt>
<trkpt lat="52.662565" lon="13.318289"><ele>54.0</ele></trkpt>
<trkpt lat="52.662713" lon="13.317648"><ele>54.0</ele></trkpt>
<trkpt lat="52.662735" lon="13.317551"><ele>54.0</ele></trkpt>
<trkpt lat="52.662761" lon="13.317442"><ele>54.0</ele></trkpt>
<trkpt lat="52.663190" lon="13.315600"><ele>54.0</ele></trkpt>
<trkpt lat="52.663329" lon="13.315008"><ele>53.0</ele></trkpt>
<trkpt lat="52.663560" lon="13.314027"><ele>53.0</ele></trkpt>
<trkpt lat="52.663617" lon="13.313786"><ele>53.0</ele></trkpt>
<trkpt lat="52.663653" lon="13.313637"><ele>53.0</ele></trkpt>
<trkpt lat="52.663698" lon="13.313450"><ele>53.0</ele></trkpt>
<trkpt lat="52.663898" lon="13.312609"><ele>53.0</ele></trkpt>
<trkpt lat="52.664041" lon="13.312047"><ele>53.0</ele></trkpt>
<trkpt lat="52.664130" lon="13.311725"><ele>53.0</ele></trkpt>
<trkpt lat="52.664183" lon="13.311551"><ele>53.0</ele></trkpt>
<trkpt lat="52.664410" lon="13.310849"><ele>53.0</ele></trkpt>
<trkpt lat="52.664440" lon="13.310743"><ele>53.0</ele></trkpt>
<trkpt lat="52.664441" lon="13.310739"><ele>53.0</ele></trkpt>
<trkpt lat="52.664459" lon="13.310671"><ele>53.0</ele></trkpt>
<trkpt lat="52.664534" lon="13.310386"><ele>53.25</ele></trkpt>
<trkpt lat="52.664593" lon="13.310130"><ele>53.25</ele></trkpt>
<trkpt lat="52.664644" lon="13.309869"><ele>52.5</ele></trkpt>
<trkpt lat="52.664780" lon="13.309075"><ele>51.0</ele></trkpt>
<trkpt lat="52.664846" lon="13.308689"><ele>51.25</ele></trkpt>
<trkpt lat="52.664863" lon="13.308595"><ele>51.25</ele></trkpt>
<trkpt lat="52.664919" lon="13.308280"><ele>50.75</ele></trkpt>
<trkpt lat="52.664982" lon="13.307941"><ele>50.75</ele></trkpt>
<trkpt lat="52.665023" lon="13.307747"><ele>51.0</ele></trkpt>
<trkpt lat="52.665096" lon="13.307438"><ele>50.5</ele></trkpt>
<trkpt lat="52.665186" lon="13.307055"><ele>50.5</ele></trkpt>
<trkpt lat="52.665289" lon="13.306620"><ele>51.0</ele></trkpt>
<trkpt lat="52.665738" lon="13.304783"><ele>52.0</ele></trkpt>
<trkpt lat="52.665962" lon="13.303558"><ele>51.0</ele></trkpt>
<trkpt lat="52.666112" lon="13.302721"><ele>54.0</ele></trkpt>
<trkpt lat="52.666591" lon="13.300090"><ele>51.0</ele></trkpt>
<trkpt lat="52.666713" lon="13.299482"><ele>50.75</ele></trkpt>
<trkpt lat="52.666793" lon="13.299157"><ele>50.0</ele></trkpt>
<trkpt lat="52.666856" lon="13.298903"><ele>50.75</ele></trkpt>
<trkpt lat="52.666901" lon="13.298737"><ele>51.0</ele></trkpt>
<trkpt lat="52.666913" lon="13.298698"><ele>51.0</ele></trkpt>
<trkpt lat="52.666958" lon="13.298536"><ele>51.0</ele></trkpt>
<trkpt lat="52.667054" lon="13.298175"><ele>51.0</ele></trkpt>
<trkpt lat="52.667073" lon="13.298105"><ele>51.0</ele></trkpt>
<trkpt lat="52.667142" lon="13.297842"><ele>51.0</ele></trkpt>
<trkpt lat="52.667267" lon="13.297376"><ele>51.0</ele></trkpt>
<trkpt lat="52.667283" lon="13.297317"><ele>51.0</ele></trkpt>
<trkpt lat="52.667340" lon="13.297099"><ele>51.25</ele></trkpt>
<trkpt lat="52.667544" lon="13.296322"><ele>51.25</ele></trkpt>
<trkpt lat="52.667570" lon="13.296212"><ele>51.5</ele></trkpt>
<trkpt lat="52.667741" lon="13.295288"><ele>51.75</ele></trkpt>
<trkpt lat="52.667860" lon="13.294579"><ele>52.25</ele></trkpt>
<trkpt lat="52.667878" lon="13.294458"><ele>52.25</ele></trkpt>
<trkpt lat="52.667966" lon="13.293753"><ele>52.75</ele></trkpt>
<trkpt lat="52.668003" lon="13.293524"><ele>52.75</ele></trkpt>
<trkpt lat="52.668113" lon="13.292948"><ele>53.0</ele></trkpt>
<trkpt lat="52.668116" lon="13.292929"><ele>53.0</ele></trkpt>
<trkpt lat="52.668181" lon="13.292576"><ele>53.0</ele></trkpt>
<trkpt lat="52.668306" lon="13.291936"><ele>52.75</ele></trkpt>
<trkpt lat="52.668373" lon="13.291650"><ele>53.0</ele></trkpt>
<trkpt lat="52.668497" lon="13.291118"><ele>53.0</ele></trkpt>
<trkpt lat="52.668526" lon="13.291000"><ele>53.0</ele></trkpt>
<trkpt lat="52.668777" lon="13.289985"><ele>53.5</ele></trkpt>
<trkpt lat="52.668783" lon="13.289957"><ele>53.5</ele></trkpt>
<trkpt lat="52.668850" lon="13.289703"><ele>53.0</ele></trkpt>
<trkpt lat="52.668864" lon="13.289643"><ele>53.0</ele></trkpt>
<trkpt lat="52.669180" lon="13.288359"><ele>54.0</ele></trkpt>
<trkpt lat="52.669269" lon="13.288073"><ele>54.25</ele></trkpt>
<trkpt lat="52.669397" lon="13.287563"><ele>53.25</ele></trkpt>
<trkpt lat="52.669550" lon="13.286949"><ele>53.5</ele></trkpt>
<trkpt lat="52.669563" lon="13.286880"><ele>54.0</ele></trkpt>
<trkpt lat="52.669656" lon="13.286384"><ele>54.75</ele></trkpt>
<trkpt lat="52.669683" lon="13.286239"><ele>54.75</ele></trkpt>
<trkpt lat="52.669633" lon="13.286234"><ele>54.5</ele></trkpt>
<trkpt lat="52.669611" lon="13.286232"><ele>54.5</ele></trkpt>
<trkpt lat="52.668871" lon="13.286160"><ele>52.0</ele></trkpt>
<trkpt lat="52.667305" lon="13.285969"><ele>51.75</ele></trkpt>
<trkpt lat="52.667292" lon="13.285894"><ele>51.75</ele></trkpt>
<trkpt lat="52.667101" lon="13.284797"><ele>51.5</ele></trkpt>
<trkpt lat="52.666807" lon="13.282902"><ele>52.0</ele></trkpt>
<trkpt lat="52.666791" lon="13.282818"><ele>52.0</ele></trkpt>
<trkpt lat="52.666766" lon="13.282718"><ele>51.75</ele></trkpt>
<trkpt lat="52.666621" lon="13.282201"><ele>52.0</ele></trkpt>
<trkpt lat="52.666591" lon="13.282049"><ele>52.0</ele></trkpt>
<trkpt lat="52.666592" lon="13.281920"><ele>52.0</ele></trkpt>
<trkpt lat="52.666583" lon="13.281888"><ele>52.0</ele></trkpt>
<trkpt lat="52.666577" lon="13.281864"><ele>52.0</ele></trkpt>
<trkpt lat="52.666301" lon="13.280866"><ele>51.5</ele></trkpt>
<trkpt lat="52.666166" lon="13.280432"><ele>51.0</ele></trkpt>
<trkpt lat="52.666120" lon="13.280349"><ele>51.0</ele></trkpt>
<trkpt lat="52.665202" lon="13.278855"><ele>49.25</ele></trkpt>
<trkpt lat="52.665246" lon="13.278755"><ele>49.25</ele></trkpt>
<trkpt lat="52.665617" lon="13.277709"><ele>49.75</ele></trkpt>
<trkpt lat="52.666035" lon="13.276534"><ele>50.0</ele></trkpt>
<trkpt lat="52.666376" lon="13.275527"><ele>49.75</ele></trkpt>
<trkpt lat="52.666465" lon="13.275264"><ele>49.75</ele></trkpt>
<trkpt lat="52.666824" lon="13.274199"><ele>50.0</ele></trkpt>
<trkpt lat="52.667266" lon="13.272953"><ele>50.0</ele></trkpt>
<trkpt lat="52.667292" lon="13.272881"><ele>50.0</ele></trkpt>
<trkpt lat="52.667313" lon="13.272819"><ele>50.0</ele></trkpt>
<trkpt lat="52.667729" lon="13.271622"><ele>50.75</ele></trkpt>
<trkpt lat="52.667879" lon="13.271199"><ele>51.0</ele></trkpt>
<trkpt lat="52.668163" lon="13.270397"><ele>50.25</ele></trkpt>
<trkpt lat="52.668267" lon="13.270091"><ele>50.0</ele></trkpt>
<trkpt lat="52.668448" lon="13.269488"><ele>50.0</ele></trkpt>
<trkpt lat="52.668576" lon="13.268898"><ele>50.0</ele></trkpt>
<trkpt lat="52.668609" lon="13.268713"><ele>50.0</ele></trkpt>
<trkpt lat="52.668672" lon="13.268237"><ele>50.0</ele></trkpt>
<trkpt lat="52.668761" lon="13.267630"><ele>51.0</ele></trkpt>
<trkpt lat="52.668777" lon="13.267476"><ele>51.0</ele></trkpt>
<trkpt lat="52.668811" lon="13.266888"><ele>51.0</ele></trkpt>
<trkpt lat="52.668842" lon="13.266252"><ele>50.75</ele></trkpt>
<trkpt lat="52.668869" lon="13.265629"><ele>50.75</ele></trkpt>
<trkpt lat="52.668896" lon="13.264964"><ele>52.0</ele></trkpt>
<trkpt lat="52.668927" lon="13.264291"><ele>52.0</ele></trkpt>
<trkpt lat="52.668982" lon="13.263077"><ele>52.0</ele></trkpt>
<trkpt lat="52.668989" lon="13.262949"><ele>51.75</ele></trkpt>
<trkpt lat="52.669009" lon="13.262743"><ele>51.25</ele></trkpt>
<trkpt lat="52.669045" lon="13.262619"><ele>50.5</ele></trkpt>
<trkpt lat="52.669179" lon="13.262301"><ele>49.25</ele></trkpt>
<trkpt lat="52.669283" lon="13.262173"><ele>49.0</ele></trkpt>
<trkpt lat="52.669368" lon="13.262133"><ele>49.0</ele></trkpt>
<trkpt lat="52.669532" lon="13.262076"><ele>49.0</ele></trkpt>
<trkpt lat="52.670387" lon="13.261989"><ele>46.5</ele></trkpt>
<trkpt lat="52.670429" lon="13.261985"><ele>46.5</ele></trkpt>
<trkpt lat="52.670625" lon="13.261965"><ele>46.0</ele></trkpt>
<trkpt lat="52.670745" lon="13.261953"><ele>45.25</ele></trkpt>
<trkpt lat="52.671295" lon="13.261897"><ele>45.5</ele></trkpt>
<trkpt lat="52.671508" lon="13.261861"><ele>45.5</ele></trkpt>
<trkpt lat="52.672233" lon="13.261791"><ele>42.25</ele></trkpt>
<trkpt lat="52.672560" lon="13.261763"><ele>41.75</ele></trkpt>
<trkpt lat="52.673664" lon="13.261617"><ele>40.75</ele></trkpt>
<trkpt lat="52.674733" lon="13.261496"><ele>41.0</ele></trkpt>
<trkpt lat="52.675337" lon="13.261442"><ele>41.0</ele></trkpt>
<trkpt lat="52.676575" lon="13.261291"><ele>40.0</ele></trkpt>
<trkpt lat="52.676658" lon="13.259361"><ele>39.0</ele></trkpt>
<trkpt lat="52.676838" lon="13.258543"><ele>38.0</ele></trkpt>
<trkpt lat="52.677100" lon="13.257815"><ele>38.0</ele></trkpt>
<trkpt lat="52.677537" lon="13.256605"><ele>38.0</ele></trkpt>
<trkpt lat="52.677515" lon="13.256583"><ele>38.0</ele></trkpt>
<trkpt lat="52.677390" lon="13.256457"><ele>38.0</ele></trkpt>
<trkpt lat="52.677318" lon="13.256357"><ele>38.0</ele></trkpt>
<trkpt lat="52.677257" lon="13.256234"><ele>38.0</ele></trkpt>
<trkpt lat="52.677210" lon="13.256082"><ele>38.0</ele></trkpt>
<trkpt lat="52.677142" lon="13.255760"><ele>38.0</ele></trkpt>
<trkpt lat="52.677095" lon="13.255455"><ele>37.75</ele></trkpt>
<trkpt lat="52.677077" lon="13.255270"><ele>37.5</ele></trkpt>
<trkpt lat="52.677062" lon="13.254715"><ele>37.5</ele></trkpt>
<trkpt lat="52.677094" lon="13.254115"><ele>37.0</ele></trkpt>
<trkpt lat="52.677111" lon="13.253952"><ele>37.0</ele></trkpt>
<trkpt lat="52.677163" lon="13.253573"><ele>37.0</ele></trkpt>
<trkpt lat="52.677274" lon="13.252973"><ele>36.75</ele></trkpt>
<trkpt lat="52.677343" lon="13.252575"><ele>37.0</ele></trkpt>
<trkpt lat="52.676906" lon="13.252198"><ele>37.0</ele></trkpt>
<trkpt lat="52.676656" lon="13.251986"><ele>37.0</ele></trkpt>
<trkpt lat="52.676594" lon="13.251992"><ele>37.0</ele></trkpt>
<trkpt lat="52.676557" lon="13.251967"><ele>37.0</ele></trkpt>
<trkpt lat="52.676355" lon="13.251816"><ele>36.5</ele></trkpt>
<trkpt lat="52.676050" lon="13.251633"><ele>36.0</ele></trkpt>
<trkpt lat="52.675803" lon="13.251526"><ele>36.25</ele></trkpt>
<trkpt lat="52.675673" lon="13.251480"><ele>36.25</ele></trkpt>
<trkpt lat="52.675573" lon="13.251457"><ele>36.0</ele></trkpt>
<trkpt lat="52.675383" lon="13.251435"><ele>36.0</ele></trkpt>
<trkpt lat="52.675339" lon="13.251441"><ele>36.0</ele></trkpt>
<trkpt lat="52.675215" lon="13.251459"><ele>36.0</ele></trkpt>
<trkpt lat="52.674980" lon="13.251475"><ele>37.0</ele></trkpt>
<trkpt lat="52.674792" lon="13.251509"><ele>37.0</ele></trkpt>
<trkpt lat="52.674652" lon="13.251534"><ele>36.25</ele></trkpt>
<trkpt lat="52.674621" lon="13.251515"><ele>36.0</ele></trkpt>
<trkpt lat="52.674590" lon="13.251449"><ele>35.75</ele></trkpt>
<trkpt lat="52.674573" lon="13.251355"><ele>35.75</ele></trkpt>
<trkpt lat="52.674523" lon="13.250885"><ele>36.5</ele></trkpt>
<trkpt lat="52.674466" lon="13.250350"><ele>36.0</ele></trkpt>
<trkpt lat="52.674452" lon="13.250247"><ele>36.0</ele></trkpt>
<trkpt lat="52.674427" lon="13.250038"><ele>36.75</ele></trkpt>
<trkpt lat="52.674400" lon="13.249734"><ele>35.75</ele></trkpt>
<trkpt lat="52.674377" lon="13.249011"><ele>36.0</ele></trkpt>
<trkpt lat="52.674366" lon="13.248328"><ele>36.0</ele></trkpt>
<trkpt lat="52.674380" lon="13.247686"><ele>36.0</ele></trkpt>
<trkpt lat="52.674409" lon="13.247041"><ele>36.0</ele></trkpt>
<trkpt lat="52.674452" lon="13.246446"><ele>36.0</ele></trkpt>
<trkpt lat="52.674504" lon="13.245844"><ele>35.75</ele></trkpt>
<trkpt lat="52.674512" lon="13.245734"><ele>35.5</ele></trkpt>
<trkpt lat="52.674608" lon="13.244458"><ele>35.0</ele></trkpt>
<trkpt lat="52.674640" lon="13.244100"><ele>35.0</ele></trkpt>
<trkpt lat="52.674707" lon="13.243131"><ele>35.0</ele></trkpt>
<trkpt lat="52.674728" lon="13.242850"><ele>35.0</ele></trkpt>
<trkpt lat="52.674746" lon="13.242692"><ele>35.0</ele></trkpt>
<trkpt lat="52.674957" lon="13.241483"><ele>34.0</ele></trkpt>
<trkpt lat="52.674589" lon="13.241332"><ele>34.0</ele></trkpt>
<trkpt lat="52.674553" lon="13.241318"><ele>34.0</ele></trkpt>
<trkpt lat="52.674487" lon="13.241286"><ele>34.0</ele></trkpt>
<trkpt lat="52.674312" lon="13.241207"><ele>34.0</ele></trkpt>
<trkpt lat="52.674070" lon="13.241106"><ele>33.75</ele></trkpt>
<trkpt lat="52.673997" lon="13.241096"><ele>33.75</ele></trkpt>
<trkpt lat="52.673945" lon="13.241121"><ele>34.0</ele></trkpt>
<trkpt lat="52.673888" lon="13.241202"><ele>34.25</ele></trkpt>
<trkpt lat="52.673790" lon="13.241559"><ele>34.75</ele></trkpt>
<trkpt lat="52.673752" lon="13.241650"><ele>34.75</ele></trkpt>
<trkpt lat="52.673694" lon="13.241703"><ele>35.0</ele></trkpt>
<trkpt lat="52.673620" lon="13.241676"><ele>35.0</ele></trkpt>
<trkpt lat="52.673148" lon="13.241316"><ele>34.25</ele></trkpt>
<trkpt lat="52.672742" lon="13.241102"><ele>34.75</ele></trkpt>
<trkpt lat="52.672382" lon="13.240953"><ele>34.5</ele></trkpt>
<trkpt lat="52.672028" lon="13.240887"><ele>35.0</ele></trkpt>
<trkpt lat="52.671778" lon="13.240783"><ele>35.0</ele></trkpt>
<trkpt lat="52.671348" lon="13.240546"><ele>34.75</ele></trkpt>
<trkpt lat="52.670654" lon="13.240335"><ele>35.0</ele></trkpt>
<trkpt lat="52.670234" lon="13.240256"><ele>34.75</ele></trkpt>
<trkpt lat="52.670047" lon="13.240207"><ele>34.5</ele></trkpt>
<trkpt lat="52.669908" lon="13.240148"><ele>34.5</ele></trkpt>
<trkpt lat="52.669683" lon="13.240002"><ele>34.0</ele></trkpt>
<trkpt lat="52.669518" lon="13.239873"><ele>34.75</ele></trkpt>
<trkpt lat="52.669313" lon="13.239699"><ele>35.0</ele></trkpt>
<trkpt lat="52.668878" lon="13.239158"><ele>34.0</ele></trkpt>
<trkpt lat="52.668802" lon="13.239028"><ele>34.0</ele></trkpt>
<trkpt lat="52.668678" lon="13.238915"><ele>34.0</ele></trkpt>
<trkpt lat="52.668457" lon="13.238892"><ele>34.5</ele></trkpt>
<trkpt lat="52.668049" lon="13.239196"><ele>34.75</ele></trkpt>
<trkpt lat="52.667470" lon="13.239715"><ele>34.0</ele></trkpt>
<trkpt lat="52.667210" lon="13.239794"><ele>34.5</ele></trkpt>
<trkpt lat="52.666992" lon="13.239961"><ele>34.0</ele></trkpt>
<trkpt lat="52.666886" lon="13.240021"><ele>34.5</ele></trkpt>
<trkpt lat="52.666727" lon="13.240041"><ele>36.5</ele></trkpt>
<trkpt lat="52.666360" lon="13.240296"><ele>35.0</ele></trkpt>
<trkpt lat="52.666270" lon="13.240399"><ele>35.0</ele></trkpt>
<trkpt lat="52.666212" lon="13.240586"><ele>35.0</ele></trkpt>
<trkpt lat="52.667580" lon="13.247053"><ele>38.75</ele></trkpt>
<trkpt lat="52.668052" lon="13.249547"><ele>41.5</ele></trkpt>
<trkpt lat="52.667728" lon="13.249686"><ele>36.75</ele></trkpt>
<trkpt lat="52.667403" lon="13.247663"><ele>36.0</ele></trkpt>
<trkpt lat="52.667349" lon="13.247497"><ele>36.0</ele></trkpt>
<trkpt lat="52.666145" lon="13.241147"><ele>34.75</ele></trkpt>
<trkpt lat="52.666025" lon="13.240750"><ele>35.0</ele></trkpt>
<trkpt lat="52.665973" lon="13.240650"><ele>35.0</ele></trkpt>
<trkpt lat="52.665356" lon="13.241003"><ele>34.75</ele></trkpt>
<trkpt lat="52.663689" lon="13.241984"><ele>35.5</ele></trkpt>
<trkpt lat="52.662813" lon="13.242440"><ele>35.0</ele></trkpt>
<trkpt lat="52.661518" lon="13.242933"><ele>35.25</ele></trkpt>
<trkpt lat="52.661245" lon="13.243223"><ele>35.75</ele></trkpt>
<trkpt lat="52.661154" lon="13.243688"><ele>36.0</ele></trkpt>
<trkpt lat="52.661302" lon="13.243845"><ele>36.0</ele></trkpt>
<trkpt lat="52.661310" lon="13.243905"><ele>36.0</ele></trkpt>
<trkpt lat="52.661366" lon="13.244384"><ele>36.0</ele></trkpt>
<trkpt lat="52.661419" lon="13.244695"><ele>36.0</ele></trkpt>
<trkpt lat="52.661426" lon="13.244771"><ele>36.0</ele></trkpt>
<trkpt lat="52.661441" lon="13.244842"><ele>35.75</ele></trkpt>
<trkpt lat="52.661472" lon="13.244908"><ele>36.0</ele></trkpt>
<trkpt lat="52.661541" lon="13.245012"><ele>36.0</ele></trkpt>
<trkpt lat="52.661426" lon="13.246718"><ele>37.0</ele></trkpt>
<trkpt lat="52.661471" lon="13.247072"><ele>37.25</ele></trkpt>
<trkpt lat="52.661559" lon="13.247261"><ele>38.0</ele></trkpt>
<trkpt lat="52.661759" lon="13.248122"><ele>38.75</ele></trkpt>
<trkpt lat="52.661946" lon="13.248543"><ele>37.75</ele></trkpt>
<trkpt lat="52.662064" lon="13.249073"><ele>39.0</ele></trkpt>
<trkpt lat="52.661991" lon="13.250059"><ele>41.0</ele></trkpt>
<trkpt lat="52.661936" lon="13.250910"><ele>43.75</ele></trkpt>
<trkpt lat="52.661921" lon="13.251125"><ele>43.75</ele></trkpt>
<trkpt lat="52.661713" lon="13.252598"><ele>49.5</ele></trkpt>
<trkpt lat="52.661481" lon="13.254410"><ele>57.75</ele></trkpt>
<trkpt lat="52.661404" lon="13.254918"><ele>58.5</ele></trkpt>
<trkpt lat="52.661363" lon="13.255309"><ele>58.75</ele></trkpt>
<trkpt lat="52.661358" lon="13.255542"><ele>58.75</ele></trkpt>
<trkpt lat="52.661342" lon="13.255679"><ele>58.75</ele></trkpt>
<trkpt lat="52.661308" lon="13.255953"><ele>59.0</ele></trkpt>
<trkpt lat="52.661302" lon="13.256003"><ele>59.0</ele></trkpt>
<trkpt lat="52.661196" lon="13.256789"><ele>59.0</ele></trkpt>
<trkpt lat="52.661188" lon="13.256846"><ele>59.0</ele></trkpt>
<trkpt lat="52.661179" lon="13.256912"><ele>59.0</ele></trkpt>
<trkpt lat="52.661114" lon="13.257218"><ele>59.0</ele></trkpt>
<trkpt lat="52.661074" lon="13.257411"><ele>58.75</ele></trkpt>
<trkpt lat="52.660941" lon="13.258057"><ele>58.5</ele></trkpt>
<trkpt lat="52.660750" lon="13.258964"><ele>59.25</ele></trkpt>
<trkpt lat="52.660696" lon="13.259245"><ele>59.5</ele></trkpt>
<trkpt lat="52.660382" lon="13.259006"><ele>59.25</ele></trkpt>
<trkpt lat="52.660112" lon="13.258768"><ele>58.75</ele></trkpt>
<trkpt lat="52.659622" lon="13.258337"><ele>57.5</ele></trkpt>
<trkpt lat="52.659381" lon="13.258078"><ele>56.75</ele></trkpt>
<trkpt lat="52.658290" lon="13.256920"><ele>53.0</ele></trkpt>
<trkpt lat="52.657842" lon="13.256323"><ele>52.75</ele></trkpt>
<trkpt lat="52.657554" lon="13.255990"><ele>53.0</ele></trkpt>
<trkpt lat="52.657522" lon="13.255977"><ele>53.0</ele></trkpt>
<trkpt lat="52.657526" lon="13.256143"><ele>52.75</ele></trkpt>
<trkpt lat="52.657512" lon="13.256846"><ele>52.5</ele></trkpt>
<trkpt lat="52.657519" lon="13.257310"><ele>52.75</ele></trkpt>
<trkpt lat="52.657621" lon="13.258013"><ele>53.0</ele></trkpt>
<trkpt lat="52.657786" lon="13.258515"><ele>54.0</ele></trkpt>
<trkpt lat="52.658030" lon="13.259028"><ele>55.25</ele></trkpt>
<trkpt lat="52.658288" lon="13.259368"><ele>57.25</ele></trkpt>
<trkpt lat="52.659314" lon="13.260439"><ele>60.5</ele></trkpt>
<trkpt lat="52.659764" lon="13.260934"><ele>59.75</ele></trkpt>
<trkpt lat="52.660016" lon="13.261290"><ele>60.0</ele></trkpt>
<trkpt lat="52.660223" lon="13.261697"><ele>60.0</ele></trkpt>
<trkpt lat="52.660390" lon="13.262214"><ele>60.0</ele></trkpt>
<trkpt lat="52.660586" lon="13.263049"><ele>59.75</ele></trkpt>
<trkpt lat="52.660676" lon="13.263474"><ele>60.0</ele></trkpt>
<trkpt lat="52.660736" lon="13.263751"><ele>59.25</ele></trkpt>
<trkpt lat="52.661038" lon="13.265149"><ele>58.0</ele></trkpt>
<trkpt lat="52.662007" lon="13.269593"><ele>54.0</ele></trkpt>
<trkpt lat="52.662101" lon="13.269884"><ele>54.0</ele></trkpt>
<trkpt lat="52.662156" lon="13.269999"><ele>54.0</ele></trkpt>
<trkpt lat="52.662254" lon="13.270137"><ele>54.0</ele></trkpt>
<trkpt lat="52.662233" lon="13.270177"><ele>54.0</ele></trkpt>
<trkpt lat="52.662227" lon="13.270188"><ele>54.0</ele></trkpt>
<trkpt lat="52.662215" lon="13.270212"><ele>53.75</ele></trkpt>
<trkpt lat="52.662202" lon="13.270237"><ele>54.0</ele></trkpt>
<trkpt lat="52.662184" lon="13.270272"><ele>54.0</ele></trkpt>
<trkpt lat="52.662171" lon="13.270297"><ele>54.0</ele></trkpt>
<trkpt lat="52.662162" lon="13.270315"><ele>53.75</ele></trkpt>
<trkpt lat="52.662140" lon="13.270350"><ele>54.0</ele></trkpt>
<trkpt lat="52.662160" lon="13.270565"><ele>53.75</ele></trkpt>
<trkpt lat="52.662176" lon="13.270638"><ele>53.5</ele></trkpt>
<trkpt lat="52.662202" lon="13.270706"><ele>53.25</ele></trkpt>
<trkpt lat="52.662231" lon="13.270823"><ele>53.0</ele></trkpt>
<trkpt lat="52.662236" lon="13.271134"><ele>52.0</ele></trkpt>
<trkpt lat="52.662202" lon="13.271140"><ele>52.0</ele></trkpt>
<trkpt lat="52.662138" lon="13.271173"><ele>52.0</ele></trkpt>
<trkpt lat="52.662112" lon="13.271186"><ele>52.25</ele></trkpt>
<trkpt lat="52.661800" lon="13.271362"><ele>52.0</ele></trkpt>
<trkpt lat="52.661765" lon="13.271396"><ele>52.0</ele></trkpt>
<trkpt lat="52.661539" lon="13.271512"><ele>51.75</ele></trkpt>
<trkpt lat="52.661475" lon="13.271547"><ele>51.5</ele></trkpt>
<trkpt lat="52.661437" lon="13.271554"><ele>51.5</ele></trkpt>
<trkpt lat="52.661339" lon="13.271619"><ele>51.0</ele></trkpt>
<trkpt lat="52.661315" lon="13.271649"><ele>51.0</ele></trkpt>
<trkpt lat="52.660917" lon="13.271949"><ele>50.0</ele></trkpt>
<trkpt lat="52.660704" lon="13.272174"><ele>50.25</ele></trkpt>
<trkpt lat="52.660680" lon="13.272180"><ele>50.5</ele></trkpt>
<trkpt lat="52.660595" lon="13.272269"><ele>50.5</ele></trkpt>
<trkpt lat="52.660579" lon="13.272305"><ele>50.5</ele></trkpt>
<trkpt lat="52.660415" lon="13.272502"><ele>50.5</ele></trkpt>
<trkpt lat="52.660176" lon="13.272814"><ele>51.25</ele></trkpt>
<trkpt lat="52.659861" lon="13.273259"><ele>51.5</ele></trkpt>
<trkpt lat="52.659841" lon="13.273271"><ele>51.5</ele></trkpt>
<trkpt lat="52.659801" lon="13.273329"><ele>51.5</ele></trkpt>
<trkpt lat="52.659794" lon="13.273354"><ele>51.75</ele></trkpt>
<trkpt lat="52.659780" lon="13.273374"><ele>51.75</ele></trkpt>
<trkpt lat="52.659592" lon="13.273670"><ele>52.0</ele></trkpt>
<trkpt lat="52.659431" lon="13.273946"><ele>52.0</ele></trkpt>
<trkpt lat="52.659424" lon="13.273981"><ele>52.0</ele></trkpt>
<trkpt lat="52.659407" lon="13.274011"><ele>52.0</ele></trkpt>
<trkpt lat="52.659384" lon="13.274049"><ele>52.0</ele></trkpt>
<trkpt lat="52.659365" lon="13.274063"><ele>52.25</ele></trkpt>
<trkpt lat="52.659205" lon="13.274374"><ele>52.0</ele></trkpt>
<trkpt lat="52.659004" lon="13.274809"><ele>51.5</ele></trkpt>
<trkpt lat="52.658809" lon="13.275262"><ele>51.0</ele></trkpt>
<trkpt lat="52.658687" lon="13.275582"><ele>50.0</ele></trkpt>
<trkpt lat="52.658672" lon="13.275604"><ele>50.0</ele></trkpt>
<trkpt lat="52.658664" lon="13.275645"><ele>50.0</ele></trkpt>
<trkpt lat="52.658533" lon="13.276032"><ele>50.0</ele></trkpt>
<trkpt lat="52.658470" lon="13.276231"><ele>50.0</ele></trkpt>
<trkpt lat="52.658460" lon="13.276284"><ele>50.0</ele></trkpt>
<trkpt lat="52.658430" lon="13.276373"><ele>50.0</ele></trkpt>
<trkpt lat="52.658414" lon="13.276400"><ele>50.0</ele></trkpt>
<trkpt lat="52.658238" lon="13.276957"><ele>49.25</ele></trkpt>
<trkpt lat="52.658118" lon="13.277329"><ele>49.25</ele></trkpt>
<trkpt lat="52.658099" lon="13.277363"><ele>49.25</ele></trkpt>
<trkpt lat="52.658052" lon="13.277518"><ele>49.0</ele></trkpt>
<trkpt lat="52.658046" lon="13.277564"><ele>49.25</ele></trkpt>
<trkpt lat="52.657985" lon="13.277767"><ele>49.75</ele></trkpt>
<trkpt lat="52.657888" lon="13.278146"><ele>49.5</ele></trkpt>
<trkpt lat="52.657862" lon="13.278293"><ele>49.75</ele></trkpt>
<trkpt lat="52.657852" lon="13.278412"><ele>50.0</ele></trkpt>
<trkpt lat="52.657825" lon="13.278519"><ele>50.0</ele></trkpt>
<trkpt lat="52.657790" lon="13.278768"><ele>50.0</ele></trkpt>
<trkpt lat="52.657778" lon="13.278807"><ele>50.0</ele></trkpt>
<trkpt lat="52.657756" lon="13.278969"><ele>50.0</ele></trkpt>
<trkpt lat="52.657762" lon="13.279017"><ele>50.0</ele></trkpt>
<trkpt lat="52.657727" lon="13.279351"><ele>50.0</ele></trkpt>
<trkpt lat="52.657706" lon="13.279634"><ele>49.25</ele></trkpt>
<trkpt lat="52.657710" lon="13.279719"><ele>49.25</ele></trkpt>
<trkpt lat="52.657696" lon="13.279805"><ele>49.5</ele></trkpt>
<trkpt lat="52.657670" lon="13.280278"><ele>49.5</ele></trkpt>
<trkpt lat="52.657657" lon="13.280326"><ele>49.5</ele></trkpt>
<trkpt lat="52.657649" lon="13.280491"><ele>49.5</ele></trkpt>
<trkpt lat="52.657653" lon="13.280542"><ele>49.5</ele></trkpt>
<trkpt lat="52.657620" lon="13.281133"><ele>49.0</ele></trkpt>
<trkpt lat="52.657614" lon="13.281244"><ele>49.0</ele></trkpt>
<trkpt lat="52.657609" lon="13.281334"><ele>49.0</ele></trkpt>
<trkpt lat="52.657613" lon="13.281386"><ele>49.0</ele></trkpt>
<trkpt lat="52.657634" lon="13.281436"><ele>49.0</ele></trkpt>
<trkpt lat="52.657604" lon="13.281470"><ele>49.0</ele></trkpt>
<trkpt lat="52.657576" lon="13.281485"><ele>49.0</ele></trkpt>
<trkpt lat="52.657129" lon="13.281425"><ele>49.0</ele></trkpt>
<trkpt lat="52.656918" lon="13.281518"><ele>49.0</ele></trkpt>
<trkpt lat="52.656862" lon="13.281544"><ele>49.0</ele></trkpt>
<trkpt lat="52.656566" lon="13.281650"><ele>49.0</ele></trkpt>
<trkpt lat="52.655904" lon="13.281523"><ele>49.0</ele></trkpt>
<trkpt lat="52.655004" lon="13.281353"><ele>49.0</ele></trkpt>
<trkpt lat="52.654875" lon="13.281331"><ele>49.0</ele></trkpt>
<trkpt lat="52.654862" lon="13.281555"><ele>49.0</ele></trkpt>
<trkpt lat="52.654897" lon="13.282047"><ele>50.0</ele></trkpt>
<trkpt lat="52.654908" lon="13.282206"><ele>50.0</ele></trkpt>
<trkpt lat="52.654991" lon="13.282880"><ele>50.0</ele></trkpt>
<trkpt lat="52.655015" lon="13.283071"><ele>50.0</ele></trkpt>
<trkpt lat="52.655033" lon="13.283217"><ele>50.0</ele></trkpt>
<trkpt lat="52.655024" lon="13.283438"><ele>50.0</ele></trkpt>
<trkpt lat="52.654979" lon="13.283999"><ele>50.0</ele></trkpt>
<trkpt lat="52.654988" lon="13.284227"><ele>50.0</ele></trkpt>
<trkpt lat="52.655002" lon="13.284311"><ele>50.0</ele></trkpt>
<trkpt lat="52.655045" lon="13.284480"><ele>49.75</ele></trkpt>
<trkpt lat="52.655099" lon="13.284594"><ele>49.5</ele></trkpt>
<trkpt lat="52.655194" lon="13.284768"><ele>49.5</ele></trkpt>
<trkpt lat="52.655206" lon="13.284808"><ele>49.75</ele></trkpt>
<trkpt lat="52.655237" lon="13.285003"><ele>49.75</ele></trkpt>
<trkpt lat="52.655285" lon="13.285370"><ele>49.75</ele></trkpt>
<trkpt lat="52.655356" lon="13.286073"><ele>50.25</ele></trkpt>
<trkpt lat="52.652501" lon="13.285768"><ele>51.0</ele></trkpt>
<trkpt lat="52.650963" lon="13.285591"><ele>51.75</ele></trkpt>
<trkpt lat="52.650898" lon="13.285583"><ele>51.75</ele></trkpt>
<trkpt lat="52.650352" lon="13.285480"><ele>52.5</ele></trkpt>
<trkpt lat="52.648649" lon="13.285196"><ele>52.0</ele></trkpt>
<trkpt lat="52.648027" lon="13.285143"><ele>51.75</ele></trkpt>
<trkpt lat="52.647929" lon="13.285140"><ele>51.75</ele></trkpt>
<trkpt lat="52.647849" lon="13.285170"><ele>51.25</ele></trkpt>
<trkpt lat="52.647782" lon="13.285259"><ele>51.0</ele></trkpt>
<trkpt lat="52.647414" lon="13.285772"><ele>51.0</ele></trkpt>
<trkpt lat="52.647346" lon="13.285867"><ele>51.0</ele></trkpt>
<trkpt lat="52.647332" lon="13.285887"><ele>51.0</ele></trkpt>
<trkpt lat="52.647262" lon="13.285987"><ele>51.25</ele></trkpt>
<trkpt lat="52.647009" lon="13.286357"><ele>51.75</ele></trkpt>
<trkpt lat="52.646961" lon="13.286426"><ele>51.75</ele></trkpt>
<trkpt lat="52.646902" lon="13.286511"><ele>51.75</ele></trkpt>
<trkpt lat="52.646865" lon="13.286562"><ele>51.5</ele></trkpt>
<trkpt lat="52.646838" lon="13.286559"><ele>51.5</ele></trkpt>
<trkpt lat="52.646813" lon="13.286556"><ele>51.5</ele></trkpt>
<trkpt lat="52.646748" lon="13.286583"><ele>51.25</ele></trkpt>
<trkpt lat="52.646687" lon="13.286594"><ele>51.0</ele></trkpt>
<trkpt lat="52.646340" lon="13.286549"><ele>50.75</ele></trkpt>
<trkpt lat="52.646265" lon="13.286539"><ele>50.75</ele></trkpt>
<trkpt lat="52.645866" lon="13.286493"><ele>50.0</ele></trkpt>
<trkpt lat="52.645472" lon="13.286464"><ele>49.5</ele></trkpt>
<trkpt lat="52.645226" lon="13.286471"><ele>49.0</ele></trkpt>
<trkpt lat="52.645157" lon="13.286491"><ele>49.0</ele></trkpt>
<trkpt lat="52.645122" lon="13.286527"><ele>49.0</ele></trkpt>
<trkpt lat="52.645004" lon="13.286530"><ele>49.0</ele></trkpt>
<trkpt lat="52.644918" lon="13.286532"><ele>49.0</ele></trkpt>
<trkpt lat="52.644500" lon="13.286537"><ele>48.5</ele></trkpt>
<trkpt lat="52.643650" lon="13.286515"><ele>48.0</ele></trkpt>
<trkpt lat="52.643376" lon="13.286521"><ele>48.0</ele></trkpt>
<trkpt lat="52.643304" lon="13.286522"><ele>48.0</ele></trkpt>
<trkpt lat="52.643255" lon="13.286523"><ele>48.0</ele></trkpt>
<trkpt lat="52.643221" lon="13.286523"><ele>48.0</ele></trkpt>
<trkpt lat="52.642628" lon="13.286520"><ele>48.25</ele></trkpt>
<trkpt lat="52.641647" lon="13.286515"><ele>47.5</ele></trkpt>
<trkpt lat="52.641461" lon="13.286521"><ele>47.5</ele></trkpt>
<trkpt lat="52.641404" lon="13.286522"><ele>47.5</ele></trkpt>
<trkpt lat="52.641343" lon="13.286522"><ele>47.5</ele></trkpt>
<trkpt lat="52.640834" lon="13.286554"><ele>48.75</ele></trkpt>
<trkpt lat="52.640254" lon="13.286637"><ele>49.75</ele></trkpt>
<trkpt lat="52.639930" lon="13.286687"><ele>49.0</ele></trkpt>
<trkpt lat="52.639603" lon="13.286748"><ele>49.25</ele></trkpt>
<trkpt lat="52.639265" lon="13.286827"><ele>49.0</ele></trkpt>
<trkpt lat="52.639235" lon="13.286839"><ele>49.0</ele></trkpt>
<trkpt lat="52.638892" lon="13.286966"><ele>49.0</ele></trkpt>
<trkpt lat="52.638829" lon="13.286989"><ele>49.0</ele></trkpt>
<trkpt lat="52.638354" lon="13.287233"><ele>49.75</ele></trkpt>
<trkpt lat="52.638005" lon="13.287441"><ele>50.0</ele></trkpt>
<trkpt lat="52.637750" lon="13.287619"><ele>50.0</ele></trkpt>
<trkpt lat="52.637694" lon="13.287655"><ele>50.0</ele></trkpt>
<trkpt lat="52.637651" lon="13.287687"><ele>50.0</ele></trkpt>
<trkpt lat="52.637529" lon="13.287786"><ele>50.0</ele></trkpt>
<trkpt lat="52.637405" lon="13.287887"><ele>50.0</ele></trkpt>
<trkpt lat="52.637296" lon="13.287978"><ele>50.0</ele></trkpt>
<trkpt lat="52.637237" lon="13.288028"><ele>50.0</ele></trkpt>
<trkpt lat="52.637220" lon="13.288043"><ele>50.0</ele></trkpt>
<trkpt lat="52.637012" lon="13.288231"><ele>50.75</ele></trkpt>
<trkpt lat="52.636989" lon="13.288254"><ele>50.75</ele></trkpt>
<trkpt lat="52.636904" lon="13.288338"><ele>51.0</ele></trkpt>
<trkpt lat="52.636866" lon="13.288376"><ele>51.0</ele></trkpt>
<trkpt lat="52.636840" lon="13.288403"><ele>51.0</ele></trkpt>
<trkpt lat="52.636692" lon="13.288558"><ele>51.0</ele></trkpt>
<trkpt lat="52.636516" lon="13.288761"><ele>51.0</ele></trkpt>
<trkpt lat="52.636507" lon="13.288773"><ele>51.0</ele></trkpt>
<trkpt lat="52.636445" lon="13.288845"><ele>51.0</ele></trkpt>
<trkpt lat="52.636384" lon="13.288916"><ele>51.0</ele></trkpt>
<trkpt lat="52.636361" lon="13.288943"><ele>51.0</ele></trkpt>
<trkpt lat="52.636345" lon="13.288960"><ele>51.0</ele></trkpt>
<trkpt lat="52.636308" lon="13.289013"><ele>51.0</ele></trkpt>
<trkpt lat="52.636305" lon="13.289021"><ele>51.0</ele></trkpt>
<trkpt lat="52.636297" lon="13.289078"><ele>51.0</ele></trkpt>
<trkpt lat="52.636297" lon="13.289129"><ele>51.0</ele></trkpt>
<trkpt lat="52.636297" lon="13.289449"><ele>50.25</ele></trkpt>
<trkpt lat="52.636297" lon="13.289532"><ele>50.5</ele></trkpt>
<trkpt lat="52.636296" lon="13.289703"><ele>50.75</ele></trkpt>
<trkpt lat="52.636294" lon="13.290013"><ele>50.0</ele></trkpt>
<trkpt lat="52.636293" lon="13.290093"><ele>50.0</ele></trkpt>
<trkpt lat="52.636249" lon="13.290090"><ele>50.0</ele></trkpt>
<trkpt lat="52.636189" lon="13.290087"><ele>50.0</ele></trkpt>
<trkpt lat="52.635859" lon="13.290070"><ele>50.75</ele></trkpt>
<trkpt lat="52.635777" lon="13.290066"><ele>51.0</ele></trkpt>
<trkpt lat="52.635467" lon="13.290065"><ele>51.0</ele></trkpt>
<trkpt lat="52.635134" lon="13.290066"><ele>51.75</ele></trkpt>
<trkpt lat="52.635091" lon="13.290067"><ele>51.75</ele></trkpt>
<trkpt lat="52.634741" lon="13.290112"><ele>52.5</ele></trkpt>
<trkpt lat="52.634408" lon="13.290194"><ele>53.0</ele></trkpt>
<trkpt lat="52.634336" lon="13.290217"><ele>53.25</ele></trkpt>
<trkpt lat="52.634264" lon="13.290238"><ele>53.5</ele></trkpt>
<trkpt lat="52.634190" lon="13.289939"><ele>53.75</ele></trkpt>
<trkpt lat="52.634163" lon="13.289885"><ele>54.0</ele></trkpt>
<trkpt lat="52.634132" lon="13.289848"><ele>54.0</ele></trkpt>
<trkpt lat="52.634088" lon="13.289824"><ele>54.0</ele></trkpt>
<trkpt lat="52.634063" lon="13.289821"><ele>54.0</ele></trkpt>
<trkpt lat="52.633990" lon="13.289855"><ele>54.25</ele></trkpt>
<trkpt lat="52.633950" lon="13.289898"><ele>54.25</ele></trkpt>
<trkpt lat="52.633916" lon="13.289937"><ele>54.5</ele></trkpt>
<trkpt lat="52.633814" lon="13.290064"><ele>55.0</ele></trkpt>
<trkpt lat="52.633615" lon="13.290292"><ele>55.75</ele></trkpt>
<trkpt lat="52.633612" lon="13.290297"><ele>55.75</ele></trkpt>
<trkpt lat="52.633565" lon="13.290354"><ele>55.75</ele></trkpt>
<trkpt lat="52.633502" lon="13.290431"><ele>55.75</ele></trkpt>
<trkpt lat="52.633419" lon="13.290528"><ele>55.25</ele></trkpt>
<trkpt lat="52.633319" lon="13.290645"><ele>54.75</ele></trkpt>
<trkpt lat="52.633120" lon="13.290875"><ele>54.75</ele></trkpt>
<trkpt lat="52.633025" lon="13.290987"><ele>54.25</ele></trkpt>
<trkpt lat="52.632964" lon="13.291059"><ele>54.0</ele></trkpt>
<trkpt lat="52.632906" lon="13.291127"><ele>54.0</ele></trkpt>
<trkpt lat="52.632837" lon="13.291011"><ele>54.0</ele></trkpt>
<trkpt lat="52.632763" lon="13.290926"><ele>54.0</ele></trkpt>
<trkpt lat="52.632707" lon="13.290888"><ele>54.0</ele></trkpt>
<trkpt lat="52.632648" lon="13.290885"><ele>54.0</ele></trkpt>
<trkpt lat="52.632595" lon="13.290903"><ele>54.0</ele></trkpt>
<trkpt lat="52.632551" lon="13.290935"><ele>54.0</ele></trkpt>
<trkpt lat="52.632228" lon="13.291313"><ele>53.5</ele></trkpt>
<trkpt lat="52.632025" lon="13.291550"><ele>54.0</ele></trkpt>
<trkpt lat="52.631882" lon="13.291719"><ele>53.5</ele></trkpt>
<trkpt lat="52.631326" lon="13.292377"><ele>54.25</ele></trkpt>
<trkpt lat="52.631281" lon="13.292428"><ele>54.5</ele></trkpt>
<trkpt lat="52.631270" lon="13.292440"><ele>54.5</ele></trkpt>
<trkpt lat="52.630667" lon="13.293145"><ele>56.75</ele></trkpt>
<trkpt lat="52.629857" lon="13.294092"><ele>55.75</ele></trkpt>
<trkpt lat="52.629675" lon="13.294304"><ele>56.0</ele></trkpt>
<trkpt lat="52.629520" lon="13.294484"><ele>56.0</ele></trkpt>
<trkpt lat="52.629427" lon="13.294596"><ele>55.75</ele></trkpt>
<trkpt lat="52.629189" lon="13.294875"><ele>56.0</ele></trkpt>
<trkpt lat="52.629159" lon="13.294909"><ele>55.75</ele></trkpt>
<trkpt lat="52.628374" lon="13.295825"><ele>54.75</ele></trkpt>
<trkpt lat="52.628076" lon="13.296169"><ele>54.75</ele></trkpt>
<trkpt lat="52.628061" lon="13.296187"><ele>54.75</ele></trkpt>
<trkpt lat="52.627956" lon="13.296307"><ele>54.5</ele></trkpt>
<trkpt lat="52.627920" lon="13.296349"><ele>54.5</ele></trkpt>
<trkpt lat="52.627751" lon="13.296545"><ele>54.75</ele></trkpt>
<trkpt lat="52.627640" lon="13.296673"><ele>55.0</ele></trkpt>
<trkpt lat="52.627457" lon="13.296883"><ele>54.5</ele></trkpt>
<trkpt lat="52.627398" lon="13.296946"><ele>54.5</ele></trkpt>
<trkpt lat="52.627098" lon="13.297286"><ele>54.25</ele></trkpt>
<trkpt lat="52.626860" lon="13.297555"><ele>53.75</ele></trkpt>
<trkpt lat="52.626600" lon="13.297854"><ele>53.0</ele></trkpt>
<trkpt lat="52.626490" lon="13.297980"><ele>52.5</ele></trkpt>
<trkpt lat="52.626406" lon="13.298087"><ele>53.0</ele></trkpt>
<trkpt lat="52.626346" lon="13.298170"><ele>52.25</ele></trkpt>
<trkpt lat="52.626283" lon="13.298257"><ele>52.0</ele></trkpt>
<trkpt lat="52.626249" lon="13.298321"><ele>52.25</ele></trkpt>
<trkpt lat="52.626209" lon="13.298469"><ele>52.25</ele></trkpt>
<trkpt lat="52.626193" lon="13.298606"><ele>52.25</ele></trkpt>
<trkpt lat="52.626194" lon="13.298735"><ele>51.75</ele></trkpt>
<trkpt lat="52.626200" lon="13.298794"><ele>51.5</ele></trkpt>
<trkpt lat="52.626224" lon="13.299046"><ele>51.0</ele></trkpt>
<trkpt lat="52.626253" lon="13.299339"><ele>50.5</ele></trkpt>
<trkpt lat="52.626255" lon="13.299371"><ele>50.5</ele></trkpt>
<trkpt lat="52.626220" lon="13.299408"><ele>50.25</ele></trkpt>
<trkpt lat="52.626156" lon="13.299475"><ele>50.0</ele></trkpt>
<trkpt lat="52.626038" lon="13.299610"><ele>49.75</ele></trkpt>
<trkpt lat="52.625817" lon="13.299862"><ele>49.0</ele></trkpt>
<trkpt lat="52.625761" lon="13.299926"><ele>49.0</ele></trkpt>
<trkpt lat="52.625713" lon="13.299981"><ele>49.0</ele></trkpt>
<trkpt lat="52.625663" lon="13.300037"><ele>49.0</ele></trkpt>
<trkpt lat="52.625598" lon="13.300112"><ele>48.75</ele></trkpt>
<trkpt lat="52.625588" lon="13.300124"><ele>49.0</ele></trkpt>
<trkpt lat="52.625562" lon="13.300153"><ele>49.0</ele></trkpt>
<trkpt lat="52.625529" lon="13.300190"><ele>49.0</ele></trkpt>
<trkpt lat="52.625462" lon="13.300267"><ele>49.25</ele></trkpt>
<trkpt lat="52.625425" lon="13.300309"><ele>49.25</ele></trkpt>
<trkpt lat="52.625412" lon="13.300324"><ele>49.25</ele></trkpt>
<trkpt lat="52.625345" lon="13.300401"><ele>49.25</ele></trkpt>
<trkpt lat="52.625278" lon="13.300477"><ele>49.25</ele></trkpt>
<trkpt lat="52.625229" lon="13.300533"><ele>49.0</ele></trkpt>
<trkpt lat="52.625126" lon="13.300650"><ele>48.75</ele></trkpt>
<trkpt lat="52.625049" lon="13.300738"><ele>48.25</ele></trkpt>
<trkpt lat="52.625005" lon="13.300789"><ele>48.0</ele></trkpt>
<trkpt lat="52.624987" lon="13.300809"><ele>48.0</ele></trkpt>
<trkpt lat="52.624972" lon="13.300826"><ele>48.0</ele></trkpt>
<trkpt lat="52.624938" lon="13.300865"><ele>48.0</ele></trkpt>
<trkpt lat="52.624917" lon="13.300889"><ele>48.0</ele></trkpt>
<trkpt lat="52.624876" lon="13.300938"><ele>48.25</ele></trkpt>
<trkpt lat="52.624844" lon="13.300975"><ele>48.25</ele></trkpt>
<trkpt lat="52.624479" lon="13.301400"><ele>47.0</ele></trkpt>
<trkpt lat="52.624400" lon="13.301492"><ele>46.5</ele></trkpt>
<trkpt lat="52.623906" lon="13.302067"><ele>45.0</ele></trkpt>
<trkpt lat="52.623895" lon="13.302080"><ele>45.0</ele></trkpt>
<trkpt lat="52.623861" lon="13.302120"><ele>45.0</ele></trkpt>
<trkpt lat="52.623827" lon="13.302158"><ele>45.0</ele></trkpt>
<trkpt lat="52.623768" lon="13.302226"><ele>44.75</ele></trkpt>
<trkpt lat="52.623309" lon="13.302750"><ele>43.0</ele></trkpt>
<trkpt lat="52.623114" lon="13.302972"><ele>43.0</ele></trkpt>
<trkpt lat="52.623066" lon="13.303027"><ele>43.0</ele></trkpt>
<trkpt lat="52.622992" lon="13.303112"><ele>42.75</ele></trkpt>
<trkpt lat="52.622892" lon="13.303226"><ele>42.25</ele></trkpt>
<trkpt lat="52.622873" lon="13.303249"><ele>42.25</ele></trkpt>
<trkpt lat="52.622785" lon="13.303354"><ele>42.0</ele></trkpt>
<trkpt lat="52.622720" lon="13.303431"><ele>42.0</ele></trkpt>
<trkpt lat="52.622643" lon="13.303517"><ele>42.0</ele></trkpt>
<trkpt lat="52.622551" lon="13.303620"><ele>41.75</ele></trkpt>
<trkpt lat="52.622526" lon="13.303648"><ele>41.75</ele></trkpt>
<trkpt lat="52.622455" lon="13.303730"><ele>41.5</ele></trkpt>
<trkpt lat="52.622148" lon="13.304094"><ele>41.0</ele></trkpt>
<trkpt lat="52.622002" lon="13.304264"><ele>40.75</ele></trkpt>
<trkpt lat="52.621858" lon="13.304429"><ele>41.0</ele></trkpt>
<trkpt lat="52.621767" lon="13.304533"><ele>40.5</ele></trkpt>
<trkpt lat="52.621470" lon="13.304878"><ele>41.0</ele></trkpt>
<trkpt lat="52.621340" lon="13.305029"><ele>41.0</ele></trkpt>
<trkpt lat="52.621023" lon="13.305393"><ele>41.0</ele></trkpt>
<trkpt lat="52.620944" lon="13.305483"><ele>41.0</ele></trkpt>
<trkpt lat="52.620840" lon="13.305605"><ele>40.75</ele></trkpt>
<trkpt lat="52.620694" lon="13.305777"><ele>40.5</ele></trkpt>
<trkpt lat="52.620606" lon="13.305871"><ele>40.25</ele></trkpt>
<trkpt lat="52.620578" lon="13.305900"><ele>40.25</ele></trkpt>
<trkpt lat="52.620538" lon="13.305940"><ele>40.25</ele></trkpt>
<trkpt lat="52.620499" lon="13.305849"><ele>40.0</ele></trkpt>
<trkpt lat="52.620465" lon="13.305767"><ele>40.25</ele></trkpt>
<trkpt lat="52.620400" lon="13.305847"><ele>40.5</ele></trkpt>
<trkpt lat="52.620025" lon="13.306286"><ele>41.0</ele></trkpt>
<trkpt lat="52.619922" lon="13.306379"><ele>41.0</ele></trkpt>
<trkpt lat="52.619677" lon="13.306541"><ele>41.0</ele></trkpt>
<trkpt lat="52.619541" lon="13.306620"><ele>41.5</ele></trkpt>
<trkpt lat="52.619491" lon="13.306650"><ele>41.75</ele></trkpt>
<trkpt lat="52.619355" lon="13.306752"><ele>42.0</ele></trkpt>
<trkpt lat="52.619244" lon="13.306863"><ele>42.0</ele></trkpt>
<trkpt lat="52.619226" lon="13.306886"><ele>42.0</ele></trkpt>
<trkpt lat="52.619125" lon="13.307023"><ele>42.0</ele></trkpt>
<trkpt lat="52.619015" lon="13.307216"><ele>42.25</ele></trkpt>
<trkpt lat="52.618938" lon="13.307393"><ele>42.25</ele></trkpt>
<trkpt lat="52.618883" lon="13.307504"><ele>42.0</ele></trkpt>
<trkpt lat="52.618838" lon="13.307581"><ele>42.0</ele></trkpt>
<trkpt lat="52.618661" lon="13.307792"><ele>42.0</ele></trkpt>
<trkpt lat="52.618510" lon="13.307963"><ele>42.0</ele></trkpt>
<trkpt lat="52.618447" lon="13.308029"><ele>42.0</ele></trkpt>
<trkpt lat="52.618284" lon="13.308199"><ele>42.0</ele></trkpt>
<trkpt lat="52.618161" lon="13.308342"><ele>42.0</ele></trkpt>
<trkpt lat="52.617892" lon="13.308653"><ele>42.25</ele></trkpt>
<trkpt lat="52.617672" lon="13.308909"><ele>41.75</ele></trkpt>
<trkpt lat="52.617538" lon="13.309064"><ele>41.5</ele></trkpt>
<trkpt lat="52.617003" lon="13.309683"><ele>40.5</ele></trkpt>
<trkpt lat="52.616982" lon="13.309710"><ele>40.0</ele></trkpt>
<trkpt lat="52.616947" lon="13.309755"><ele>40.0</ele></trkpt>
<trkpt lat="52.616846" lon="13.309885"><ele>40.5</ele></trkpt>
<trkpt lat="52.616790" lon="13.309954"><ele>40.25</ele></trkpt>
<trkpt lat="52.616561" lon="13.310233"><ele>40.0</ele></trkpt>
<trkpt lat="52.616517" lon="13.310287"><ele>40.0</ele></trkpt>
<trkpt lat="52.616372" lon="13.310463"><ele>40.25</ele></trkpt>
<trkpt lat="52.616339" lon="13.310502"><ele>40.5</ele></trkpt>
<trkpt lat="52.616263" lon="13.310591"><ele>40.5</ele></trkpt>
<trkpt lat="52.616237" lon="13.310622"><ele>40.5</ele></trkpt>
<trkpt lat="52.615692" lon="13.311267"><ele>39.75</ele></trkpt>
<trkpt lat="52.615616" lon="13.311358"><ele>39.25</ele></trkpt>
<trkpt lat="52.615555" lon="13.311427"><ele>38.75</ele></trkpt>
<trkpt lat="52.615454" lon="13.311546"><ele>39.25</ele></trkpt>
<trkpt lat="52.615259" lon="13.311777"><ele>38.25</ele></trkpt>
<trkpt lat="52.615032" lon="13.312046"><ele>38.75</ele></trkpt>
<trkpt lat="52.615007" lon="13.312076"><ele>38.75</ele></trkpt>
<trkpt lat="52.614956" lon="13.312136"><ele>39.0</ele></trkpt>
<trkpt lat="52.614751" lon="13.312379"><ele>39.0</ele></trkpt>
<trkpt lat="52.614684" lon="13.312458"><ele>38.75</ele></trkpt>
<trkpt lat="52.614297" lon="13.312915"><ele>38.75</ele></trkpt>
<trkpt lat="52.613962" lon="13.313309"><ele>38.0</ele></trkpt>
<trkpt lat="52.613926" lon="13.313352"><ele>38.0</ele></trkpt>
<trkpt lat="52.613819" lon="13.313125"><ele>38.0</ele></trkpt>
<trkpt lat="52.613761" lon="13.313000"><ele>39.0</ele></trkpt>
<trkpt lat="52.613714" lon="13.313061"><ele>38.0</ele></trkpt>
<trkpt lat="52.613560" lon="13.313260"><ele>38.25</ele></trkpt>
<trkpt lat="52.613479" lon="13.313679"><ele>38.25</ele></trkpt>
<trkpt lat="52.613468" lon="13.313735"><ele>38.25</ele></trkpt>
<trkpt lat="52.613368" lon="13.314240"><ele>37.75</ele></trkpt>
<trkpt lat="52.613362" lon="13.314268"><ele>37.5</ele></trkpt>
<trkpt lat="52.613301" lon="13.314579"><ele>37.0</ele></trkpt>
<trkpt lat="52.613246" lon="13.314859"><ele>37.0</ele></trkpt>
<trkpt lat="52.613169" lon="13.315245"><ele>36.25</ele></trkpt>
<trkpt lat="52.613139" lon="13.315388"><ele>36.0</ele></trkpt>
<trkpt lat="52.613070" lon="13.315299"><ele>36.0</ele></trkpt>
<trkpt lat="52.612965" lon="13.315266"><ele>36.0</ele></trkpt>
<trkpt lat="52.612910" lon="13.315261"><ele>36.0</ele></trkpt>
<trkpt lat="52.612887" lon="13.315262"><ele>36.0</ele></trkpt>
<trkpt lat="52.612796" lon="13.315300"><ele>36.0</ele></trkpt>
<trkpt lat="52.612681" lon="13.315384"><ele>36.0</ele></trkpt>
<trkpt lat="52.612654" lon="13.315404"><ele>36.0</ele></trkpt>
<trkpt lat="52.612561" lon="13.315509"><ele>36.0</ele></trkpt>
<trkpt lat="52.612492" lon="13.315634"><ele>35.75</ele></trkpt>
<trkpt lat="52.612456" lon="13.315770"><ele>35.75</ele></trkpt>
<trkpt lat="52.612295" lon="13.316149"><ele>34.75</ele></trkpt>
<trkpt lat="52.612271" lon="13.316210"><ele>35.0</ele></trkpt>
<trkpt lat="52.612232" lon="13.316309"><ele>35.5</ele></trkpt>
<trkpt lat="52.612188" lon="13.316424"><ele>36.0</ele></trkpt>
<trkpt lat="52.612153" lon="13.316509"><ele>36.0</ele></trkpt>
<trkpt lat="52.612128" lon="13.316567"><ele>36.0</ele></trkpt>
<trkpt lat="52.612078" lon="13.316681"><ele>36.0</ele></trkpt>
<trkpt lat="52.611898" lon="13.317037"><ele>36.0</ele></trkpt>
<trkpt lat="52.611814" lon="13.317187"><ele>36.25</ele></trkpt>
<trkpt lat="52.611751" lon="13.317298"><ele>36.5</ele></trkpt>
<trkpt lat="52.611671" lon="13.317443"><ele>36.75</ele></trkpt>
<trkpt lat="52.611517" lon="13.317706"><ele>37.0</ele></trkpt>
<trkpt lat="52.611489" lon="13.317750"><ele>37.0</ele></trkpt>
<trkpt lat="52.611324" lon="13.318021"><ele>37.0</ele></trkpt>
<trkpt lat="52.611265" lon="13.318122"><ele>37.0</ele></trkpt>
<trkpt lat="52.611174" lon="13.318276"><ele>37.0</ele></trkpt>
<trkpt lat="52.611152" lon="13.318312"><ele>37.0</ele></trkpt>
<trkpt lat="52.611012" lon="13.318539"><ele>37.0</ele></trkpt>
<trkpt lat="52.610990" lon="13.318576"><ele>37.0</ele></trkpt>
<trkpt lat="52.610876" lon="13.318767"><ele>37.0</ele></trkpt>
<trkpt lat="52.610795" lon="13.318898"><ele>37.0</ele></trkpt>
<trkpt lat="52.610370" lon="13.319606"><ele>38.0</ele></trkpt>
<trkpt lat="52.609991" lon="13.320240"><ele>39.0</ele></trkpt>
<trkpt lat="52.609704" lon="13.320723"><ele>39.5</ele></trkpt>
<trkpt lat="52.609652" lon="13.320809"><ele>39.75</ele></trkpt>
<trkpt lat="52.609589" lon="13.320918"><ele>40.0</ele></trkpt>
<trkpt lat="52.609563" lon="13.320958"><ele>40.0</ele></trkpt>
<trkpt lat="52.609246" lon="13.321486"><ele>40.25</ele></trkpt>
<trkpt lat="52.608876" lon="13.322105"><ele>41.0</ele></trkpt>
<trkpt lat="52.608804" lon="13.322224"><ele>41.25</ele></trkpt>
<trkpt lat="52.608739" lon="13.322334"><ele>41.5</ele></trkpt>
<trkpt lat="52.608466" lon="13.322792"><ele>43.0</ele></trkpt>
<trkpt lat="52.608208" lon="13.323225"><ele>43.75</ele></trkpt>
<trkpt lat="52.608181" lon="13.323268"><ele>43.75</ele></trkpt>
<trkpt lat="52.608157" lon="13.323306"><ele>43.75</ele></trkpt>
<trkpt lat="52.608054" lon="13.323473"><ele>44.0</ele></trkpt>
<trkpt lat="52.608009" lon="13.323546"><ele>44.0</ele></trkpt>
<trkpt lat="52.607999" lon="13.323561"><ele>44.0</ele></trkpt>
<trkpt lat="52.607968" lon="13.323611"><ele>44.25</ele></trkpt>
<trkpt lat="52.607845" lon="13.323810"><ele>44.75</ele></trkpt>
<trkpt lat="52.607744" lon="13.323954"><ele>45.0</ele></trkpt>
<trkpt lat="52.607696" lon="13.324023"><ele>45.25</ele></trkpt>
<trkpt lat="52.607523" lon="13.324242"><ele>45.75</ele></trkpt>
<trkpt lat="52.607458" lon="13.324308"><ele>46.0</ele></trkpt>
<trkpt lat="52.607400" lon="13.324366"><ele>46.25</ele></trkpt>
<trkpt lat="52.607359" lon="13.324402"><ele>46.25</ele></trkpt>
<trkpt lat="52.607189" lon="13.324550"><ele>47.0</ele></trkpt>
<trkpt lat="52.607119" lon="13.324609"><ele>47.0</ele></trkpt>
<trkpt lat="52.607070" lon="13.324648"><ele>47.0</ele></trkpt>
<trkpt lat="52.607021" lon="13.324687"><ele>47.0</ele></trkpt>
<trkpt lat="52.606897" lon="13.324783"><ele>46.75</ele></trkpt>
<trkpt lat="52.606733" lon="13.324876"><ele>46.75</ele></trkpt>
<trkpt lat="52.606689" lon="13.324912"><ele>46.75</ele></trkpt>
<trkpt lat="52.606606" lon="13.324979"><ele>47.0</ele></trkpt>
<trkpt lat="52.606416" lon="13.325131"><ele>46.75</ele></trkpt>
<trkpt lat="52.606262" lon="13.325260"><ele>47.0</ele></trkpt>
<trkpt lat="52.606076" lon="13.325407"><ele>46.25</ele></trkpt>
<trkpt lat="52.605839" lon="13.325594"><ele>45.75</ele></trkpt>
<trkpt lat="52.605790" lon="13.325633"><ele>45.75</ele></trkpt>
<trkpt lat="52.605737" lon="13.325675"><ele>45.5</ele></trkpt>
<trkpt lat="52.605043" lon="13.326235"><ele>45.25</ele></trkpt>
<trkpt lat="52.604775" lon="13.326446"><ele>45.5</ele></trkpt>
<trkpt lat="52.604723" lon="13.326494"><ele>45.5</ele></trkpt>
<trkpt lat="52.604619" lon="13.326588"><ele>45.5</ele></trkpt>
<trkpt lat="52.604532" lon="13.326667"><ele>45.5</ele></trkpt>
<trkpt lat="52.604461" lon="13.326731"><ele>46.0</ele></trkpt>
<trkpt lat="52.604428" lon="13.326761"><ele>46.25</ele></trkpt>
<trkpt lat="52.603931" lon="13.327349"><ele>48.5</ele></trkpt>
<trkpt lat="52.603511" lon="13.327855"><ele>50.0</ele></trkpt>
<trkpt lat="52.602910" lon="13.328571"><ele>51.75</ele></trkpt>
<trkpt lat="52.602840" lon="13.328654"><ele>51.75</ele></trkpt>
<trkpt lat="52.602791" lon="13.328712"><ele>52.0</ele></trkpt>
<trkpt lat="52.602425" lon="13.329155"><ele>51.0</ele></trkpt>
<trkpt lat="52.602365" lon="13.329228"><ele>50.75</ele></trkpt>
<trkpt lat="52.602330" lon="13.329271"><ele>50.75</ele></trkpt>
<trkpt lat="52.602320" lon="13.329284"><ele>50.5</ele></trkpt>
<trkpt lat="52.602310" lon="13.329297"><ele>50.5</ele></trkpt>
<trkpt lat="52.602211" lon="13.329418"><ele>50.0</ele></trkpt>
<trkpt lat="52.602193" lon="13.329440"><ele>50.0</ele></trkpt>
<trkpt lat="52.602175" lon="13.329462"><ele>49.75</ele></trkpt>
<trkpt lat="52.602143" lon="13.329501"><ele>49.75</ele></trkpt>
<trkpt lat="52.602053" lon="13.329613"><ele>49.5</ele></trkpt>
<trkpt lat="52.602010" lon="13.329664"><ele>49.25</ele></trkpt>
<trkpt lat="52.601883" lon="13.329681"><ele>49.0</ele></trkpt>
<trkpt lat="52.601851" lon="13.329718"><ele>49.0</ele></trkpt>
<trkpt lat="52.601785" lon="13.329764"><ele>49.0</ele></trkpt>
<trkpt lat="52.601422" lon="13.330190"><ele>48.0</ele></trkpt>
<trkpt lat="52.601223" lon="13.330424"><ele>47.25</ele></trkpt>
<trkpt lat="52.601198" lon="13.330454"><ele>47.25</ele></trkpt>
<trkpt lat="52.601187" lon="13.330512"><ele>47.25</ele></trkpt>
<trkpt lat="52.601158" lon="13.330545"><ele>47.0</ele></trkpt>
<trkpt lat="52.601115" lon="13.330594"><ele>47.0</ele></trkpt>
<trkpt lat="52.601081" lon="13.330634"><ele>46.75</ele></trkpt>
<trkpt lat="52.601031" lon="13.330653"><ele>46.5</ele></trkpt>
<trkpt lat="52.600716" lon="13.331030"><ele>46.0</ele></trkpt>
<trkpt lat="52.600537" lon="13.331239"><ele>46.0</ele></trkpt>
<trkpt lat="52.600180" lon="13.331661"><ele>46.75</ele></trkpt>
<trkpt lat="52.600119" lon="13.331731"><ele>46.75</ele></trkpt>
<trkpt lat="52.599991" lon="13.331833"><ele>46.25</ele></trkpt>
<trkpt lat="52.599923" lon="13.331880"><ele>46.0</ele></trkpt>
<trkpt lat="52.599824" lon="13.331921"><ele>46.0</ele></trkpt>
<trkpt lat="52.599722" lon="13.331980"><ele>46.0</ele></trkpt>
<trkpt lat="52.599675" lon="13.332093"><ele>46.0</ele></trkpt>
<trkpt lat="52.599401" lon="13.332139"><ele>46.0</ele></trkpt>
<trkpt lat="52.599050" lon="13.332208"><ele>46.0</ele></trkpt>
<trkpt lat="52.598850" lon="13.332245"><ele>46.0</ele></trkpt>
<trkpt lat="52.598660" lon="13.332277"><ele>46.0</ele></trkpt>
<trkpt lat="52.598623" lon="13.332258"><ele>46.0</ele></trkpt>
<trkpt lat="52.598573" lon="13.332268"><ele>46.0</ele></trkpt>
<trkpt lat="52.598524" lon="13.332280"><ele>46.25</ele></trkpt>
<trkpt lat="52.598500" lon="13.332347"><ele>46.25</ele></trkpt>
<trkpt lat="52.598471" lon="13.332354"><ele>46.5</ele></trkpt>
<trkpt lat="52.598207" lon="13.332410"><ele>46.5</ele></trkpt>
<trkpt lat="52.597963" lon="13.332463"><ele>46.5</ele></trkpt>
<trkpt lat="52.597797" lon="13.332481"><ele>46.0</ele></trkpt>
<trkpt lat="52.597756" lon="13.332485"><ele>45.75</ele></trkpt>
<trkpt lat="52.597740" lon="13.332486"><ele>46.0</ele></trkpt>
<trkpt lat="52.597652" lon="13.332441"><ele>46.0</ele></trkpt>
<trkpt lat="52.597423" lon="13.332490"><ele>46.0</ele></trkpt>
<trkpt lat="52.597328" lon="13.332513"><ele>46.0</ele></trkpt>
<trkpt lat="52.597191" lon="13.332543"><ele>46.0</ele></trkpt>
<trkpt lat="52.597158" lon="13.332550"><ele>46.0</ele></trkpt>
<trkpt lat="52.596238" lon="13.332751"><ele>46.0</ele></trkpt>
<trkpt lat="52.596174" lon="13.332764"><ele>46.0</ele></trkpt>
<trkpt lat="52.595981" lon="13.332802"><ele>46.0</ele></trkpt>
<trkpt lat="52.595853" lon="13.332824"><ele>46.0</ele></trkpt>
<trkpt lat="52.595734" lon="13.332840"><ele>46.0</ele></trkpt>
<trkpt lat="52.595632" lon="13.332859"><ele>46.0</ele></trkpt>
<trkpt lat="52.595598" lon="13.332866"><ele>45.75</ele></trkpt>
<trkpt lat="52.595548" lon="13.332882"><ele>46.0</ele></trkpt>
<trkpt lat="52.595512" lon="13.332893"><ele>46.0</ele></trkpt>
<trkpt lat="52.595410" lon="13.332927"><ele>46.0</ele></trkpt>
<trkpt lat="52.595353" lon="13.332944"><ele>46.0</ele></trkpt>
<trkpt lat="52.595297" lon="13.332959"><ele>46.0</ele></trkpt>
<trkpt lat="52.595272" lon="13.332964"><ele>46.0</ele></trkpt>
<trkpt lat="52.595062" lon="13.333012"><ele>46.0</ele></trkpt>
<trkpt lat="52.594845" lon="13.333058"><ele>46.0</ele></trkpt>
<trkpt lat="52.594799" lon="13.333067"><ele>46.0</ele></trkpt>
<trkpt lat="52.594731" lon="13.333082"><ele>46.0</ele></trkpt>
<trkpt lat="52.594468" lon="13.333128"><ele>46.0</ele></trkpt>
<trkpt lat="52.594387" lon="13.333142"><ele>46.0</ele></trkpt>
<trkpt lat="52.594357" lon="13.333148"><ele>46.0</ele></trkpt>
<trkpt lat="52.594253" lon="13.333169"><ele>46.0</ele></trkpt>
<trkpt lat="52.593883" lon="13.333244"><ele>45.75</ele></trkpt>
<trkpt lat="52.593855" lon="13.333297"><ele>45.75</ele></trkpt>
<trkpt lat="52.593836" lon="13.333350"><ele>46.0</ele></trkpt>
<trkpt lat="52.593815" lon="13.333417"><ele>46.0</ele></trkpt>
<trkpt lat="52.593797" lon="13.333485"><ele>46.0</ele></trkpt>
<trkpt lat="52.593771" lon="13.333578"><ele>46.0</ele></trkpt>
<trkpt lat="52.593730" lon="13.333725"><ele>46.0</ele></trkpt>
<trkpt lat="52.593703" lon="13.333810"><ele>46.0</ele></trkpt>
<trkpt lat="52.593653" lon="13.333950"><ele>46.0</ele></trkpt>
<trkpt lat="52.593472" lon="13.334163"><ele>46.0</ele></trkpt>
<trkpt lat="52.593249" lon="13.334428"><ele>46.0</ele></trkpt>
<trkpt lat="52.593216" lon="13.334467"><ele>45.75</ele></trkpt>
<trkpt lat="52.593123" lon="13.334578"><ele>45.5</ele></trkpt>
<trkpt lat="52.592911" lon="13.334830"><ele>45.5</ele></trkpt>
<trkpt lat="52.592288" lon="13.335571"><ele>45.0</ele></trkpt>
<trkpt lat="52.592195" lon="13.335683"><ele>45.0</ele></trkpt>
<trkpt lat="52.591584" lon="13.336405"><ele>45.5</ele></trkpt>
<trkpt lat="52.591267" lon="13.336787"><ele>45.0</ele></trkpt>
<trkpt lat="52.590146" lon="13.338124"><ele>44.75</ele></trkpt>
<trkpt lat="52.589898" lon="13.338420"><ele>44.0</ele></trkpt>
<trkpt lat="52.589765" lon="13.338562"><ele>44.0</ele></trkpt>
<trkpt lat="52.589711" lon="13.338621"><ele>44.0</ele></trkpt>
<trkpt lat="52.589580" lon="13.338750"><ele>44.75</ele></trkpt>
<trkpt lat="52.589544" lon="13.338779"><ele>44.75</ele></trkpt>
<trkpt lat="52.589495" lon="13.338820"><ele>44.75</ele></trkpt>
<trkpt lat="52.589471" lon="13.338841"><ele>44.75</ele></trkpt>
<trkpt lat="52.589420" lon="13.338884"><ele>45.0</ele></trkpt>
<trkpt lat="52.589296" lon="13.338979"><ele>45.0</ele></trkpt>
<trkpt lat="52.589168" lon="13.339078"><ele>45.0</ele></trkpt>
<trkpt lat="52.589106" lon="13.339126"><ele>45.0</ele></trkpt>
<trkpt lat="52.588999" lon="13.339208"><ele>45.0</ele></trkpt>
<trkpt lat="52.588994" lon="13.339212"><ele>45.0</ele></trkpt>
<trkpt lat="52.588878" lon="13.339301"><ele>45.0</ele></trkpt>
<trkpt lat="52.588788" lon="13.339370"><ele>45.0</ele></trkpt>
<trkpt lat="52.588597" lon="13.339517"><ele>44.75</ele></trkpt>
<trkpt lat="52.588546" lon="13.339556"><ele>44.75</ele></trkpt>
<trkpt lat="52.588461" lon="13.339556"><ele>44.5</ele></trkpt>
<trkpt lat="52.588301" lon="13.339635"><ele>44.5</ele></trkpt>
<trkpt lat="52.588240" lon="13.339674"><ele>44.75</ele></trkpt>
<trkpt lat="52.588209" lon="13.339697"><ele>44.75</ele></trkpt>
<trkpt lat="52.588171" lon="13.339725"><ele>44.75</ele></trkpt>
<trkpt lat="52.588155" lon="13.339659"><ele>44.75</ele></trkpt>
<trkpt lat="52.588140" lon="13.339600"><ele>44.75</ele></trkpt>
<trkpt lat="52.588133" lon="13.339571"><ele>44.75</ele></trkpt>
<trkpt lat="52.588076" lon="13.339334"><ele>44.5</ele></trkpt>
<trkpt lat="52.587878" lon="13.338478"><ele>43.0</ele></trkpt>
<trkpt lat="52.587834" lon="13.338232"><ele>44.0</ele></trkpt>
<trkpt lat="52.587793" lon="13.337959"><ele>44.75</ele></trkpt>
<trkpt lat="52.587769" lon="13.337756"><ele>44.75</ele></trkpt>
<trkpt lat="52.587750" lon="13.337574"><ele>44.25</ele></trkpt>
<trkpt lat="52.587586" lon="13.335173"><ele>42.5</ele></trkpt>
<trkpt lat="52.587582" lon="13.335118"><ele>42.25</ele></trkpt>
<trkpt lat="52.587573" lon="13.334970"><ele>42.25</ele></trkpt>
<trkpt lat="52.587570" lon="13.334940"><ele>42.25</ele></trkpt>
<trkpt lat="52.587551" lon="13.334733"><ele>42.75</ele></trkpt>
<trkpt lat="52.587540" lon="13.334575"><ele>43.0</ele></trkpt>
<trkpt lat="52.587489" lon="13.334585"><ele>43.0</ele></trkpt>
<trkpt lat="52.587355" lon="13.334613"><ele>43.0</ele></trkpt>
<trkpt lat="52.587310" lon="13.334621"><ele>42.75</ele></trkpt>
<trkpt lat="52.587257" lon="13.334630"><ele>43.0</ele></trkpt>
<trkpt lat="52.587232" lon="13.334635"><ele>43.0</ele></trkpt>
<trkpt lat="52.587185" lon="13.334645"><ele>43.0</ele></trkpt>
<trkpt lat="52.586963" lon="13.334691"><ele>43.0</ele></trkpt>
<trkpt lat="52.586861" lon="13.334713"><ele>43.0</ele></trkpt>
<trkpt lat="52.586632" lon="13.334768"><ele>43.0</ele></trkpt>
<trkpt lat="52.585756" lon="13.334960"><ele>43.0</ele></trkpt>
<trkpt lat="52.585614" lon="13.334977"><ele>43.0</ele></trkpt>
<trkpt lat="52.585525" lon="13.334982"><ele>43.0</ele></trkpt>
<trkpt lat="52.585427" lon="13.334972"><ele>43.0</ele></trkpt>
<trkpt lat="52.585328" lon="13.334955"><ele>43.0</ele></trkpt>
<trkpt lat="52.585123" lon="13.334898"><ele>43.0</ele></trkpt>
<trkpt lat="52.584798" lon="13.334796"><ele>42.75</ele></trkpt>
<trkpt lat="52.584771" lon="13.334788"><ele>43.0</ele></trkpt>
<trkpt lat="52.584683" lon="13.334762"><ele>43.0</ele></trkpt>
<trkpt lat="52.584568" lon="13.334728"><ele>43.0</ele></trkpt>
<trkpt lat="52.584548" lon="13.334722"><ele>43.0</ele></trkpt>
<trkpt lat="52.584344" lon="13.334664"><ele>43.0</ele></trkpt>
<trkpt lat="52.584141" lon="13.334607"><ele>43.0</ele></trkpt>
<trkpt lat="52.582578" lon="13.334143"><ele>42.0</ele></trkpt>
<trkpt lat="52.582470" lon="13.334112"><ele>42.0</ele></trkpt>
<trkpt lat="52.582418" lon="13.334097"><ele>42.0</ele></trkpt>
<trkpt lat="52.582061" lon="13.333992"><ele>42.0</ele></trkpt>
<trkpt lat="52.581712" lon="13.333872"><ele>42.0</ele></trkpt>
<trkpt lat="52.581645" lon="13.333852"><ele>42.0</ele></trkpt>
<trkpt lat="52.581596" lon="13.333836"><ele>42.0</ele></trkpt>
<trkpt lat="52.581482" lon="13.333801"><ele>42.0</ele></trkpt>
<trkpt lat="52.581370" lon="13.333767"><ele>42.0</ele></trkpt>
<trkpt lat="52.581339" lon="13.333756"><ele>42.0</ele></trkpt>
<trkpt lat="52.581078" lon="13.333681"><ele>42.0</ele></trkpt>
<trkpt lat="52.581005" lon="13.333660"><ele>42.0</ele></trkpt>
<trkpt lat="52.580606" lon="13.333540"><ele>41.5</ele></trkpt>
<trkpt lat="52.579827" lon="13.333308"><ele>40.75</ele></trkpt>
<trkpt lat="52.579385" lon="13.333177"><ele>41.0</ele></trkpt>
<trkpt lat="52.579129" lon="13.333102"><ele>41.0</ele></trkpt>
<trkpt lat="52.578930" lon="13.333041"><ele>41.0</ele></trkpt>
<trkpt lat="52.578750" lon="13.332989"><ele>41.0</ele></trkpt>
<trkpt lat="52.578479" lon="13.332959"><ele>41.0</ele></trkpt>
<trkpt lat="52.578347" lon="13.332997"><ele>41.0</ele></trkpt>
<trkpt lat="52.578227" lon="13.332958"><ele>41.0</ele></trkpt>
<trkpt lat="52.578096" lon="13.332919"><ele>41.25</ele></trkpt>
<trkpt lat="52.577883" lon="13.332855"><ele>41.25</ele></trkpt>
<trkpt lat="52.577769" lon="13.332769"><ele>41.0</ele></trkpt>
<trkpt lat="52.577679" lon="13.332722"><ele>41.0</ele></trkpt>
<trkpt lat="52.577334" lon="13.332613"><ele>40.25</ele></trkpt>
<trkpt lat="52.577148" lon="13.332554"><ele>40.0</ele></trkpt>
<trkpt lat="52.576821" lon="13.332452"><ele>40.0</ele></trkpt>
<trkpt lat="52.576739" lon="13.332427"><ele>40.0</ele></trkpt>
<trkpt lat="52.576711" lon="13.332418"><ele>40.0</ele></trkpt>
<trkpt lat="52.576692" lon="13.332412"><ele>40.0</ele></trkpt>
<trkpt lat="52.576597" lon="13.332384"><ele>39.75</ele></trkpt>
<trkpt lat="52.576523" lon="13.332359"><ele>39.5</ele></trkpt>
<trkpt lat="52.576126" lon="13.332225"><ele>39.0</ele></trkpt>
<trkpt lat="52.575675" lon="13.332073"><ele>39.0</ele></trkpt>
<trkpt lat="52.575635" lon="13.332062"><ele>39.0</ele></trkpt>
<trkpt lat="52.575541" lon="13.332034"><ele>39.0</ele></trkpt>
<trkpt lat="52.575412" lon="13.331997"><ele>39.0</ele></trkpt>
<trkpt lat="52.575328" lon="13.331970"><ele>39.0</ele></trkpt>
<trkpt lat="52.575302" lon="13.331962"><ele>39.0</ele></trkpt>
<trkpt lat="52.575044" lon="13.331875"><ele>38.75</ele></trkpt>
<trkpt lat="52.574895" lon="13.331823"><ele>38.75</ele></trkpt>
<trkpt lat="52.574517" lon="13.331690"><ele>38.75</ele></trkpt>
<trkpt lat="52.574456" lon="13.331667"><ele>38.75</ele></trkpt>
<trkpt lat="52.573641" lon="13.331381"><ele>38.0</ele></trkpt>
<trkpt lat="52.573604" lon="13.331368"><ele>38.0</ele></trkpt>
<trkpt lat="52.573519" lon="13.331337"><ele>38.0</ele></trkpt>
<trkpt lat="52.573400" lon="13.331296"><ele>38.0</ele></trkpt>
<trkpt lat="52.573224" lon="13.331229"><ele>38.0</ele></trkpt>
<trkpt lat="52.572890" lon="13.331112"><ele>38.0</ele></trkpt>
<trkpt lat="52.572647" lon="13.331026"><ele>38.0</ele></trkpt>
<trkpt lat="52.572501" lon="13.330974"><ele>38.0</ele></trkpt>
<trkpt lat="52.572485" lon="13.330968"><ele>38.0</ele></trkpt>
<trkpt lat="52.572429" lon="13.330949"><ele>38.0</ele></trkpt>
<trkpt lat="52.572251" lon="13.330885"><ele>38.0</ele></trkpt>
<trkpt lat="52.572189" lon="13.330866"><ele>38.0</ele></trkpt>
<trkpt lat="52.571750" lon="13.330714"><ele>38.0</ele></trkpt>
<trkpt lat="52.571223" lon="13.330525"><ele>38.0</ele></trkpt>
<trkpt lat="52.571161" lon="13.330503"><ele>38.0</ele></trkpt>
<trkpt lat="52.570978" lon="13.330439"><ele>38.0</ele></trkpt>
<trkpt lat="52.570586" lon="13.330300"><ele>38.0</ele></trkpt>
<trkpt lat="52.570271" lon="13.330187"><ele>38.0</ele></trkpt>
<trkpt lat="52.569980" lon="13.330081"><ele>38.0</ele></trkpt>
<trkpt lat="52.569679" lon="13.329976"><ele>38.0</ele></trkpt>
<trkpt lat="52.569635" lon="13.329961"><ele>38.0</ele></trkpt>
<trkpt lat="52.569483" lon="13.329908"><ele>38.0</ele></trkpt>
<trkpt lat="52.569444" lon="13.329893"><ele>38.0</ele></trkpt>
<trkpt lat="52.569314" lon="13.329846"><ele>38.0</ele></trkpt>
<trkpt lat="52.569223" lon="13.329813"><ele>38.0</ele></trkpt>
<trkpt lat="52.569144" lon="13.329787"><ele>38.0</ele></trkpt>
<trkpt lat="52.569090" lon="13.329770"><ele>38.0</ele></trkpt>
<trkpt lat="52.569035" lon="13.329753"><ele>38.0</ele></trkpt>
<trkpt lat="52.568762" lon="13.329653"><ele>38.0</ele></trkpt>
<trkpt lat="52.568688" lon="13.329623"><ele>38.0</ele></trkpt>
<trkpt lat="52.568361" lon="13.329507"><ele>38.0</ele></trkpt>
<trkpt lat="52.568110" lon="13.329418"><ele>38.0</ele></trkpt>
<trkpt lat="52.567975" lon="13.329371"><ele>38.0</ele></trkpt>
<trkpt lat="52.567854" lon="13.329330"><ele>38.0</ele></trkpt>
<trkpt lat="52.567221" lon="13.329103"><ele>38.0</ele></trkpt>
<trkpt lat="52.567006" lon="13.329025"><ele>38.0</ele></trkpt>
<trkpt lat="52.566762" lon="13.328937"><ele>38.0</ele></trkpt>
<trkpt lat="52.566673" lon="13.328907"><ele>38.0</ele></trkpt>
<trkpt lat="52.566611" lon="13.328886"><ele>38.0</ele></trkpt>
<trkpt lat="52.566553" lon="13.328865"><ele>38.0</ele></trkpt>
<trkpt lat="52.566042" lon="13.328682"><ele>37.0</ele></trkpt>
<trkpt lat="52.565478" lon="13.328480"><ele>37.0</ele></trkpt>
<trkpt lat="52.565424" lon="13.328459"><ele>37.0</ele></trkpt>
<trkpt lat="52.565370" lon="13.328441"><ele>37.0</ele></trkpt>
<trkpt lat="52.565315" lon="13.328422"><ele>37.0</ele></trkpt>
<trkpt lat="52.565211" lon="13.328387"><ele>37.0</ele></trkpt>
<trkpt lat="52.565061" lon="13.328333"><ele>37.0</ele></trkpt>
<trkpt lat="52.564663" lon="13.328193"><ele>37.0</ele></trkpt>
<trkpt lat="52.564535" lon="13.328138"><ele>37.0</ele></trkpt>
<trkpt lat="52.564417" lon="13.328068"><ele>37.0</ele></trkpt>
<trkpt lat="52.564337" lon="13.328009"><ele>37.0</ele></trkpt>
<trkpt lat="52.564259" lon="13.327952"><ele>37.0</ele></trkpt>
<trkpt lat="52.564234" lon="13.327929"><ele>37.0</ele></trkpt>
<trkpt lat="52.564202" lon="13.327896"><ele>37.0</ele></trkpt>
<trkpt lat="52.564146" lon="13.327840"><ele>37.0</ele></trkpt>
<trkpt lat="52.564046" lon="13.327708"><ele>37.0</ele></trkpt>
<trkpt lat="52.563991" lon="13.327640"><ele>37.0</ele></trkpt>
<trkpt lat="52.563959" lon="13.327600"><ele>37.0</ele></trkpt>
<trkpt lat="52.563930" lon="13.327568"><ele>37.0</ele></trkpt>
<trkpt lat="52.563780" lon="13.327404"><ele>37.0</ele></trkpt>
<trkpt lat="52.563346" lon="13.326982"><ele>37.75</ele></trkpt>
<trkpt lat="52.563205" lon="13.326880"><ele>38.0</ele></trkpt>
<trkpt lat="52.563205" lon="13.326747"><ele>38.0</ele></trkpt>
<trkpt lat="52.563137" lon="13.326700"><ele>38.0</ele></trkpt>
<trkpt lat="52.562730" lon="13.326438"><ele>38.0</ele></trkpt>
<trkpt lat="52.562704" lon="13.326450"><ele>38.0</ele></trkpt>
<trkpt lat="52.562681" lon="13.326440"><ele>38.0</ele></trkpt>
<trkpt lat="52.562659" lon="13.326431"><ele>38.0</ele></trkpt>
<trkpt lat="52.562625" lon="13.326416"><ele>38.0</ele></trkpt>
<trkpt lat="52.562604" lon="13.326407"><ele>38.0</ele></trkpt>
<trkpt lat="52.562455" lon="13.326343"><ele>38.0</ele></trkpt>
<trkpt lat="52.562425" lon="13.326330"><ele>38.0</ele></trkpt>
<trkpt lat="52.562390" lon="13.326315"><ele>38.0</ele></trkpt>
<trkpt lat="52.562369" lon="13.326306"><ele>38.0</ele></trkpt>
<trkpt lat="52.562031" lon="13.326125"><ele>37.25</ele></trkpt>
<trkpt lat="52.561904" lon="13.326024"><ele>37.0</ele></trkpt>
<trkpt lat="52.561891" lon="13.326014"><ele>37.0</ele></trkpt>
<trkpt lat="52.561807" lon="13.325945"><ele>37.0</ele></trkpt>
<trkpt lat="52.561720" lon="13.325856"><ele>37.0</ele></trkpt>
<trkpt lat="52.561677" lon="13.325811"><ele>36.75</ele></trkpt>
<trkpt lat="52.561641" lon="13.325766"><ele>37.0</ele></trkpt>
<trkpt lat="52.561538" lon="13.325639"><ele>37.0</ele></trkpt>
<trkpt lat="52.561444" lon="13.325502"><ele>37.0</ele></trkpt>
<trkpt lat="52.561329" lon="13.325303"><ele>37.0</ele></trkpt>
<trkpt lat="52.561261" lon="13.325166"><ele>37.0</ele></trkpt>
<trkpt lat="52.561197" lon="13.325025"><ele>37.0</ele></trkpt>
<trkpt lat="52.561121" lon="13.324834"><ele>36.75</ele></trkpt>
<trkpt lat="52.561093" lon="13.324731"><ele>37.0</ele></trkpt>
<trkpt lat="52.561076" lon="13.324626"><ele>37.0</ele></trkpt>
<trkpt lat="52.561028" lon="13.324425"><ele>37.0</ele></trkpt>
<trkpt lat="52.560954" lon="13.324086"><ele>37.0</ele></trkpt>
<trkpt lat="52.560908" lon="13.323740"><ele>37.0</ele></trkpt>
<trkpt lat="52.560877" lon="13.323517"><ele>37.0</ele></trkpt>
<trkpt lat="52.560840" lon="13.323374"><ele>37.0</ele></trkpt>
<trkpt lat="52.560823" lon="13.323260"><ele>37.0</ele></trkpt>
<trkpt lat="52.560809" lon="13.323020"><ele>37.0</ele></trkpt>
<trkpt lat="52.560714" lon="13.322284"><ele>36.0</ele></trkpt>
<trkpt lat="52.560674" lon="13.322065"><ele>36.0</ele></trkpt>
<trkpt lat="52.560644" lon="13.321858"><ele>36.0</ele></trkpt>
<trkpt lat="52.560622" lon="13.321684"><ele>36.0</ele></trkpt>
<trkpt lat="52.560599" lon="13.321511"><ele>36.5</ele></trkpt>
<trkpt lat="52.560564" lon="13.321245"><ele>36.75</ele></trkpt>
<trkpt lat="52.560532" lon="13.321010"><ele>37.0</ele></trkpt>
<trkpt lat="52.560355" lon="13.319623"><ele>37.0</ele></trkpt>
<trkpt lat="52.560262" lon="13.318941"><ele>36.75</ele></trkpt>
<trkpt lat="52.560169" lon="13.318290"><ele>36.5</ele></trkpt>
<trkpt lat="52.560011" lon="13.317330"><ele>37.0</ele></trkpt>
<trkpt lat="52.559908" lon="13.316746"><ele>36.5</ele></trkpt>
<trkpt lat="52.559775" lon="13.316064"><ele>36.25</ele></trkpt>
<trkpt lat="52.559642" lon="13.315423"><ele>36.5</ele></trkpt>
<trkpt lat="52.558885" lon="13.311908"><ele>36.0</ele></trkpt>
<trkpt lat="52.558666" lon="13.310886"><ele>36.0</ele></trkpt>
<trkpt lat="52.558581" lon="13.310520"><ele>36.0</ele></trkpt>
<trkpt lat="52.558501" lon="13.310470"><ele>36.0</ele></trkpt>
<trkpt lat="52.558430" lon="13.310220"><ele>36.0</ele></trkpt>
<trkpt lat="52.558354" lon="13.309999"><ele>36.0</ele></trkpt>
<trkpt lat="52.558310" lon="13.309891"><ele>36.25</ele></trkpt>
<trkpt lat="52.558192" lon="13.309641"><ele>36.25</ele></trkpt>
<trkpt lat="52.558068" lon="13.309424"><ele>36.0</ele></trkpt>
<trkpt lat="52.557993" lon="13.309312"><ele>35.0</ele></trkpt>
<trkpt lat="52.557873" lon="13.309159"><ele>35.25</ele></trkpt>
<trkpt lat="52.557723" lon="13.309000"><ele>34.5</ele></trkpt>
<trkpt lat="52.556552" lon="13.307882"><ele>33.25</ele></trkpt>
<trkpt lat="52.556462" lon="13.307795"><ele>33.25</ele></trkpt>
<trkpt lat="52.556401" lon="13.307737"><ele>33.25</ele></trkpt>
<trkpt lat="52.555293" lon="13.306681"><ele>32.75</ele></trkpt>
<trkpt lat="52.555274" lon="13.306663"><ele>32.75</ele></trkpt>
<trkpt lat="52.555220" lon="13.306612"><ele>32.5</ele></trkpt>
<trkpt lat="52.555239" lon="13.306527"><ele>33.5</ele></trkpt>
<trkpt lat="52.555206" lon="13.306493"><ele>33.5</ele></trkpt>
<trkpt lat="52.554691" lon="13.305999"><ele>34.0</ele></trkpt>
<trkpt lat="52.554635" lon="13.305945"><ele>34.0</ele></trkpt>
<trkpt lat="52.554262" lon="13.305590"><ele>34.0</ele></trkpt>
<trkpt lat="52.553981" lon="13.305322"><ele>34.75</ele></trkpt>
<trkpt lat="52.553714" lon="13.305051"><ele>34.5</ele></trkpt>
<trkpt lat="52.553544" lon="13.304892"><ele>34.25</ele></trkpt>
<trkpt lat="52.552092" lon="13.303520"><ele>34.25</ele></trkpt>
<trkpt lat="52.551959" lon="13.303445"><ele>34.25</ele></trkpt>
<trkpt lat="52.551791" lon="13.303269"><ele>34.25</ele></trkpt>
<trkpt lat="52.551507" lon="13.302948"><ele>34.5</ele></trkpt>
<trkpt lat="52.551165" lon="13.302658"><ele>34.25</ele></trkpt>
<trkpt lat="52.550977" lon="13.302524"><ele>34.5</ele></trkpt>
<trkpt lat="52.550773" lon="13.302316"><ele>34.25</ele></trkpt>
<trkpt lat="52.550106" lon="13.301720"><ele>34.25</ele></trkpt>
<trkpt lat="52.550004" lon="13.301668"><ele>34.0</ele></trkpt>
<trkpt lat="52.549612" lon="13.301362"><ele>35.0</ele></trkpt>
<trkpt lat="52.548932" lon="13.301002"><ele>39.0</ele></trkpt>
<trkpt lat="52.548762" lon="13.300894"><ele>35.25</ele></trkpt>
<trkpt lat="52.547826" lon="13.300131"><ele>35.25</ele></trkpt>
<trkpt lat="52.547692" lon="13.300018"><ele>36.75</ele></trkpt>
<trkpt lat="52.547625" lon="13.299894"><ele>37.25</ele></trkpt>
<trkpt lat="52.547216" lon="13.299074"><ele>34.5</ele></trkpt>
<trkpt lat="52.547200" lon="13.299007"><ele>34.5</ele></trkpt>
<trkpt lat="52.547205" lon="13.298916"><ele>34.0</ele></trkpt>
<trkpt lat="52.547247" lon="13.298721"><ele>34.0</ele></trkpt>
<trkpt lat="52.546981" lon="13.298609"><ele>34.0</ele></trkpt>
<trkpt lat="52.546932" lon="13.298601"><ele>33.75</ele></trkpt>
<trkpt lat="52.546778" lon="13.298606"><ele>33.25</ele></trkpt>
<trkpt lat="52.546733" lon="13.298610"><ele>33.0</ele></trkpt>
<trkpt lat="52.546487" lon="13.298420"><ele>33.5</ele></trkpt>
<trkpt lat="52.546355" lon="13.298380"><ele>34.0</ele></trkpt>
<trkpt lat="52.546329" lon="13.298294"><ele>34.75</ele></trkpt>
<trkpt lat="52.546225" lon="13.297898"><ele>35.75</ele></trkpt>
<trkpt lat="52.546190" lon="13.297776"><ele>34.5</ele></trkpt>
<trkpt lat="52.545965" lon="13.297900"><ele>34.5</ele></trkpt>
<trkpt lat="52.545862" lon="13.297912"><ele>34.0</ele></trkpt>
<trkpt lat="52.545561" lon="13.297903"><ele>33.25</ele></trkpt>
<trkpt lat="52.545418" lon="13.297878"><ele>33.0</ele></trkpt>
<trkpt lat="52.544959" lon="13.297677"><ele>33.0</ele></trkpt>
<trkpt lat="52.542791" lon="13.296505"><ele>33.0</ele></trkpt>
<trkpt lat="52.539744" lon="13.294828"><ele>32.25</ele></trkpt>
<trkpt lat="52.539729" lon="13.294822"><ele>32.25</ele></trkpt>
<trkpt lat="52.539706" lon="13.294810"><ele>32.25</ele></trkpt>
<trkpt lat="52.539641" lon="13.294774"><ele>32.25</ele></trkpt>
<trkpt lat="52.539563" lon="13.294730"><ele>32.75</ele></trkpt>
<trkpt lat="52.539527" lon="13.294710"><ele>33.0</ele></trkpt>
<trkpt lat="52.539186" lon="13.294534"><ele>32.0</ele></trkpt>
<trkpt lat="52.539051" lon="13.294447"><ele>32.5</ele></trkpt>
<trkpt lat="52.538975" lon="13.294398"><ele>32.25</ele></trkpt>
<trkpt lat="52.538836" lon="13.294162"><ele>33.0</ele></trkpt>
<trkpt lat="52.538305" lon="13.293948"><ele>32.5</ele></trkpt>
<trkpt lat="52.537847" lon="13.293743"><ele>32.75</ele></trkpt>
<trkpt lat="52.537128" lon="13.293314"><ele>33.0</ele></trkpt>
<trkpt lat="52.536908" lon="13.293117"><ele>32.75</ele></trkpt>
<trkpt lat="52.536891" lon="13.293110"><ele>32.75</ele></trkpt>
<trkpt lat="52.536677" lon="13.293012"><ele>32.0</ele></trkpt>
<trkpt lat="52.536327" lon="13.292873"><ele>33.25</ele></trkpt>
<trkpt lat="52.536248" lon="13.292867"><ele>33.0</ele></trkpt>
<trkpt lat="52.535915" lon="13.292989"><ele>33.0</ele></trkpt>
<trkpt lat="52.535362" lon="13.293324"><ele>34.75</ele></trkpt>
<trkpt lat="52.535184" lon="13.293383"><ele>35.25</ele></trkpt>
<trkpt lat="52.535038" lon="13.293403"><ele>35.75</ele></trkpt>
<trkpt lat="52.534857" lon="13.293359"><ele>36.0</ele></trkpt>
<trkpt lat="52.534816" lon="13.293326"><ele>36.0</ele></trkpt>
<trkpt lat="52.534531" lon="13.292934"><ele>36.5</ele></trkpt>
<trkpt lat="52.534497" lon="13.292928"><ele>36.25</ele></trkpt>
<trkpt lat="52.534441" lon="13.292917"><ele>36.0</ele></trkpt>
<trkpt lat="52.534380" lon="13.292906"><ele>36.0</ele></trkpt>
<trkpt lat="52.534337" lon="13.292913"><ele>36.0</ele></trkpt>
<trkpt lat="52.534274" lon="13.292939"><ele>36.0</ele></trkpt>
<trkpt lat="52.534196" lon="13.292965"><ele>36.0</ele></trkpt>
<trkpt lat="52.534174" lon="13.292973"><ele>36.0</ele></trkpt>
<trkpt lat="52.533910" lon="13.293566"><ele>36.0</ele></trkpt>
<trkpt lat="52.533867" lon="13.293624"><ele>36.0</ele></trkpt>
<trkpt lat="52.533424" lon="13.293821"><ele>36.0</ele></trkpt>
<trkpt lat="52.533377" lon="13.293884"><ele>36.0</ele></trkpt>
<trkpt lat="52.533340" lon="13.293936"><ele>36.0</ele></trkpt>
<trkpt lat="52.533239" lon="13.294007"><ele>35.0</ele></trkpt>
<trkpt lat="52.533121" lon="13.294084"><ele>33.25</ele></trkpt>
<trkpt lat="52.533001" lon="13.294163"></trkpt>
<trkpt lat="52.532835" lon="13.294245"></trkpt>
<trkpt lat="52.532262" lon="13.294622"></trkpt>
<trkpt lat="52.532215" lon="13.294658"><ele>36.0</ele></trkpt>
<trkpt lat="52.532106" lon="13.294741"><ele>36.5</ele></trkpt>
<trkpt lat="52.531674" lon="13.295020"><ele>36.0</ele></trkpt>
<trkpt lat="52.531455" lon="13.295141"><ele>34.75</ele></trkpt>
<trkpt lat="52.531235" lon="13.295246"><ele>34.75</ele></trkpt>
<trkpt lat="52.531008" lon="13.295344"><ele>34.0</ele></trkpt>
<trkpt lat="52.530441" lon="13.295543"><ele>32.5</ele></trkpt>
<trkpt lat="52.530424" lon="13.295549"><ele>32.25</ele></trkpt>
<trkpt lat="52.530309" lon="13.295587"><ele>32.0</ele></trkpt>
<trkpt lat="52.530242" lon="13.295610"><ele>31.75</ele></trkpt>
<trkpt lat="52.530220" lon="13.295617"><ele>31.75</ele></trkpt>
<trkpt lat="52.529488" lon="13.295889"><ele>31.25</ele></trkpt>
<trkpt lat="52.529392" lon="13.295952"><ele>31.5</ele></trkpt>
<trkpt lat="52.529365" lon="13.295970"><ele>31.5</ele></trkpt>
<trkpt lat="52.529324" lon="13.295993"><ele>31.75</ele></trkpt>
<trkpt lat="52.529315" lon="13.295998"><ele>31.75</ele></trkpt>
<trkpt lat="52.529237" lon="13.296046"><ele>32.25</ele></trkpt>
<trkpt lat="52.529229" lon="13.296051"><ele>32.25</ele></trkpt>
<trkpt lat="52.529189" lon="13.296084"><ele>32.5</ele></trkpt>
<trkpt lat="52.529153" lon="13.296114"><ele>32.75</ele></trkpt>
<trkpt lat="52.529023" lon="13.296227"><ele>32.5</ele></trkpt>
<trkpt lat="52.528896" lon="13.296334"><ele>32.75</ele></trkpt>
<trkpt lat="52.528784" lon="13.296398"><ele>32.75</ele></trkpt>
<trkpt lat="52.528532" lon="13.296478"><ele>33.0</ele></trkpt>
<trkpt lat="52.528353" lon="13.296531"><ele>33.0</ele></trkpt>
<trkpt lat="52.528117" lon="13.296603"><ele>32.5</ele></trkpt>
<trkpt lat="52.526604" lon="13.297077"><ele>32.75</ele></trkpt>
<trkpt lat="52.526581" lon="13.297084"><ele>32.5</ele></trkpt>
<trkpt lat="52.526556" lon="13.297091"><ele>32.5</ele></trkpt>
<trkpt lat="52.526532" lon="13.297098"><ele>32.5</ele></trkpt>
<trkpt lat="52.526402" lon="13.297138"><ele>32.25</ele></trkpt>
<trkpt lat="52.526383" lon="13.297144"><ele>32.25</ele></trkpt>
<trkpt lat="52.526360" lon="13.297151"><ele>32.25</ele></trkpt>
<trkpt lat="52.526340" lon="13.297157"><ele>32.5</ele></trkpt>
<trkpt lat="52.526189" lon="13.297202"><ele>32.75</ele></trkpt>
<trkpt lat="52.525505" lon="13.297402"><ele>32.75</ele></trkpt>
<trkpt lat="52.525331" lon="13.297456"><ele>32.75</ele></trkpt>
<trkpt lat="52.525017" lon="13.297553"><ele>33.0</ele></trkpt>
<trkpt lat="52.524807" lon="13.297659"><ele>33.0</ele></trkpt>
<trkpt lat="52.524635" lon="13.297763"><ele>33.0</ele></trkpt>
<trkpt lat="52.524434" lon="13.297916"><ele>33.0</ele></trkpt>
<trkpt lat="52.524261" lon="13.298110"><ele>33.0</ele></trkpt>
<trkpt lat="52.524230" lon="13.298143"><ele>33.0</ele></trkpt>
<trkpt lat="52.524185" lon="13.298173"><ele>33.0</ele></trkpt>
<trkpt lat="52.522530" lon="13.300200"><ele>35.75</ele></trkpt>
<trkpt lat="52.522492" lon="13.300240"><ele>36.0</ele></trkpt>
<trkpt lat="52.522464" lon="13.300270"><ele>36.0</ele></trkpt>
<trkpt lat="52.522420" lon="13.300254"><ele>36.0</ele></trkpt>
<trkpt lat="52.522263" lon="13.300199"><ele>36.0</ele></trkpt>
<trkpt lat="52.522222" lon="13.300178"><ele>35.75</ele></trkpt>
<trkpt lat="52.522173" lon="13.300150"><ele>35.0</ele></trkpt>
<trkpt lat="52.522116" lon="13.300115"><ele>34.0</ele></trkpt>
<trkpt lat="52.521606" lon="13.299794"><ele>32.5</ele></trkpt>
<trkpt lat="52.521396" lon="13.299673"><ele>35.5</ele></trkpt>
<trkpt lat="52.521354" lon="13.299649"><ele>35.25</ele></trkpt>
<trkpt lat="52.521323" lon="13.299631"><ele>35.25</ele></trkpt>
<trkpt lat="52.520867" lon="13.299356"><ele>34.5</ele></trkpt>
<trkpt lat="52.520764" lon="13.299310"><ele>34.25</ele></trkpt>
<trkpt lat="52.520562" lon="13.299265"><ele>34.0</ele></trkpt>
<trkpt lat="52.520250" lon="13.299251"><ele>34.0</ele></trkpt>
<trkpt lat="52.519825" lon="13.299331"><ele>34.0</ele></trkpt>
<trkpt lat="52.519797" lon="13.299337"><ele>34.0</ele></trkpt>
<trkpt lat="52.519758" lon="13.299342"><ele>34.0</ele></trkpt>
<trkpt lat="52.519692" lon="13.299263"><ele>34.0</ele></trkpt>
<trkpt lat="52.519689" lon="13.299212"><ele>34.0</ele></trkpt>
<trkpt lat="52.519674" lon="13.298928"><ele>34.0</ele></trkpt>
<trkpt lat="52.519669" lon="13.298846"><ele>34.0</ele></trkpt>
<trkpt lat="52.519659" lon="13.298668"><ele>34.0</ele></trkpt>
<trkpt lat="52.519646" lon="13.298450"><ele>34.0</ele></trkpt>
<trkpt lat="52.519556" lon="13.296904"><ele>34.0</ele></trkpt>
<trkpt lat="52.519528" lon="13.296479"><ele>34.0</ele></trkpt>
<trkpt lat="52.519523" lon="13.296391"><ele>34.0</ele></trkpt>
<trkpt lat="52.519518" lon="13.296318"><ele>34.0</ele></trkpt>
<trkpt lat="52.519512" lon="13.296222"><ele>34.0</ele></trkpt>
<trkpt lat="52.519509" lon="13.296168"><ele>34.0</ele></trkpt>
<trkpt lat="52.519481" lon="13.295715"><ele>34.0</ele></trkpt>
<trkpt lat="52.519339" lon="13.295743"><ele>34.0</ele></trkpt>
<trkpt lat="52.519283" lon="13.295753"><ele>34.0</ele></trkpt>
<trkpt lat="52.519243" lon="13.295761"><ele>34.0</ele></trkpt>
<trkpt lat="52.519223" lon="13.295764"><ele>34.0</ele></trkpt>
<trkpt lat="52.519037" lon="13.295797"><ele>34.0</ele></trkpt>
<trkpt lat="52.518981" lon="13.295807"><ele>34.0</ele></trkpt>
<trkpt lat="52.518589" lon="13.295870"><ele>34.0</ele></trkpt>
<trkpt lat="52.518418" lon="13.295897"><ele>33.75</ele></trkpt>
<trkpt lat="52.518227" lon="13.295932"><ele>34.0</ele></trkpt>
<trkpt lat="52.518134" lon="13.295949"><ele>34.0</ele></trkpt>
<trkpt lat="52.518020" lon="13.295969"><ele>34.0</ele></trkpt>
<trkpt lat="52.517961" lon="13.295980"><ele>34.0</ele></trkpt>
<trkpt lat="52.517746" lon="13.296019"><ele>34.0</ele></trkpt>
<trkpt lat="52.517674" lon="13.296032"><ele>34.0</ele></trkpt>
<trkpt lat="52.517624" lon="13.296039"><ele>34.0</ele></trkpt>
<trkpt lat="52.517440" lon="13.296065"><ele>34.0</ele></trkpt>
<trkpt lat="52.517267" lon="13.296089"><ele>34.0</ele></trkpt>
<trkpt lat="52.517195" lon="13.296099"><ele>34.0</ele></trkpt>
<trkpt lat="52.516918" lon="13.296138"><ele>34.0</ele></trkpt>
<trkpt lat="52.516866" lon="13.296145"><ele>34.0</ele></trkpt>
<trkpt lat="52.516787" lon="13.296157"><ele>34.0</ele></trkpt>
<trkpt lat="52.516309" lon="13.296227"><ele>34.0</ele></trkpt>
<trkpt lat="52.516267" lon="13.296233"><ele>34.0</ele></trkpt>
<trkpt lat="52.515956" lon="13.296279"><ele>34.75</ele></trkpt>
<trkpt lat="52.515887" lon="13.296289"><ele>34.75</ele></trkpt>
<trkpt lat="52.515733" lon="13.296311"><ele>35.0</ele></trkpt>
<trkpt lat="52.515726" lon="13.296312"><ele>35.0</ele></trkpt>
<trkpt lat="52.515650" lon="13.296324"><ele>35.0</ele></trkpt>
<trkpt lat="52.515135" lon="13.296409"><ele>34.0</ele></trkpt>
<trkpt lat="52.514640" lon="13.296491"><ele>34.0</ele></trkpt>
<trkpt lat="52.514604" lon="13.296497"><ele>34.0</ele></trkpt>
<trkpt lat="52.514469" lon="13.296520"><ele>34.0</ele></trkpt>
<trkpt lat="52.514302" lon="13.296547"><ele>34.0</ele></trkpt>
<trkpt lat="52.514247" lon="13.296556"><ele>34.0</ele></trkpt>
<trkpt lat="52.514118" lon="13.296578"><ele>33.75</ele></trkpt>
<trkpt lat="52.513891" lon="13.296615"><ele>33.0</ele></trkpt>
<trkpt lat="52.513730" lon="13.296642"><ele>33.0</ele></trkpt>
<trkpt lat="52.513707" lon="13.296646"><ele>33.0</ele></trkpt>
<trkpt lat="52.513580" lon="13.296668"><ele>33.0</ele></trkpt>
<trkpt lat="52.513441" lon="13.296712"><ele>33.0</ele></trkpt>
<trkpt lat="52.513367" lon="13.296833"><ele>33.0</ele></trkpt>
<trkpt lat="52.513316" lon="13.296884"><ele>33.0</ele></trkpt>
<trkpt lat="52.513274" lon="13.296897"><ele>33.0</ele></trkpt>
<trkpt lat="52.512963" lon="13.296998"><ele>33.0</ele></trkpt>
<trkpt lat="52.512931" lon="13.297003"><ele>33.0</ele></trkpt>
<trkpt lat="52.512882" lon="13.297011"><ele>33.0</ele></trkpt>
<trkpt lat="52.512850" lon="13.297017"><ele>32.75</ele></trkpt>
<trkpt lat="52.512748" lon="13.297035"><ele>33.0</ele></trkpt>
<trkpt lat="52.512638" lon="13.297055"><ele>33.5</ele></trkpt>
<trkpt lat="52.512545" lon="13.297072"><ele>33.75</ele></trkpt>
<trkpt lat="52.512290" lon="13.297118"><ele>34.0</ele></trkpt>
<trkpt lat="52.512130" lon="13.297147"><ele>34.0</ele></trkpt>
<trkpt lat="52.511882" lon="13.297191"><ele>34.0</ele></trkpt>
<trkpt lat="52.511814" lon="13.297204"><ele>34.0</ele></trkpt>
<trkpt lat="52.511547" lon="13.297253"><ele>34.0</ele></trkpt>
<trkpt lat="52.511288" lon="13.297296"><ele>34.0</ele></trkpt>
<trkpt lat="52.511212" lon="13.297307"><ele>34.0</ele></trkpt>
<trkpt lat="52.511166" lon="13.297315"><ele>34.0</ele></trkpt>
<trkpt lat="52.511134" lon="13.297322"><ele>34.0</ele></trkpt>
<trkpt lat="52.511062" lon="13.297332"><ele>34.0</ele></trkpt>
<trkpt lat="52.510887" lon="13.297357"><ele>34.0</ele></trkpt>
<trkpt lat="52.510813" lon="13.297368"><ele>34.0</ele></trkpt>
<trkpt lat="52.510782" lon="13.297345"><ele>34.0</ele></trkpt>
<trkpt lat="52.510739" lon="13.297318"><ele>34.0</ele></trkpt>
<trkpt lat="52.510620" lon="13.297244"><ele>34.0</ele></trkpt>
<trkpt lat="52.510467" lon="13.297158"><ele>34.0</ele></trkpt>
<trkpt lat="52.510447" lon="13.297147"><ele>34.0</ele></trkpt>
<trkpt lat="52.510401" lon="13.297121"><ele>34.0</ele></trkpt>
<trkpt lat="52.510175" lon="13.296995"><ele>34.0</ele></trkpt>
<trkpt lat="52.509280" lon="13.296496"><ele>34.0</ele></trkpt>
<trkpt lat="52.509195" lon="13.296448"><ele>34.0</ele></trkpt>
<trkpt lat="52.508965" lon="13.296319"><ele>34.0</ele></trkpt>
<trkpt lat="52.508929" lon="13.296299"><ele>34.0</ele></trkpt>
<trkpt lat="52.508668" lon="13.296154"><ele>34.0</ele></trkpt>
<trkpt lat="52.508337" lon="13.295969"><ele>34.0</ele></trkpt>
<trkpt lat="52.508287" lon="13.295941"><ele>34.0</ele></trkpt>
<trkpt lat="52.508203" lon="13.295894"><ele>34.0</ele></trkpt>
<trkpt lat="52.508185" lon="13.295883"><ele>34.0</ele></trkpt>
<trkpt lat="52.508180" lon="13.295879"><ele>34.0</ele></trkpt>
<trkpt lat="52.508089" lon="13.295830"><ele>34.0</ele></trkpt>
<trkpt lat="52.507998" lon="13.295777"><ele>34.0</ele></trkpt>
<trkpt lat="52.507979" lon="13.295765"><ele>34.0</ele></trkpt>
<trkpt lat="52.507961" lon="13.295754"><ele>34.0</ele></trkpt>
<trkpt lat="52.507280" lon="13.295347"><ele>34.0</ele></trkpt>
<trkpt lat="52.507188" lon="13.295292"><ele>34.0</ele></trkpt>
<trkpt lat="52.507113" lon="13.295247"><ele>34.0</ele></trkpt>
<trkpt lat="52.507017" lon="13.295189"><ele>34.25</ele></trkpt>
<trkpt lat="52.506981" lon="13.295169"><ele>34.25</ele></trkpt>
<trkpt lat="52.506873" lon="13.295103"><ele>34.5</ele></trkpt>
<trkpt lat="52.506770" lon="13.295039"><ele>34.75</ele></trkpt>
<trkpt lat="52.506684" lon="13.294969"><ele>34.75</ele></trkpt>
<trkpt lat="52.506640" lon="13.294929"><ele>34.5</ele></trkpt>
<trkpt lat="52.506409" lon="13.294722"><ele>34.0</ele></trkpt>
<trkpt lat="52.506337" lon="13.294658"><ele>34.25</ele></trkpt>
<trkpt lat="52.506296" lon="13.294622"><ele>34.25</ele></trkpt>
<trkpt lat="52.506222" lon="13.294556"><ele>34.25</ele></trkpt>
<trkpt lat="52.505564" lon="13.293973"><ele>34.25</ele></trkpt>
<trkpt lat="52.505439" lon="13.293868"><ele>34.0</ele></trkpt>
<trkpt lat="52.505414" lon="13.293848"><ele>34.0</ele></trkpt>
<trkpt lat="52.505352" lon="13.293795"><ele>34.0</ele></trkpt>
<trkpt lat="52.505279" lon="13.293902"><ele>34.0</ele></trkpt>
<trkpt lat="52.505271" lon="13.293927"><ele>34.0</ele></trkpt>
<trkpt lat="52.505068" lon="13.294558"><ele>34.0</ele></trkpt>
<trkpt lat="52.504962" lon="13.294579"><ele>34.0</ele></trkpt>
<trkpt lat="52.504868" lon="13.294633"><ele>34.0</ele></trkpt>
<trkpt lat="52.504246" lon="13.295013"><ele>34.0</ele></trkpt>
<trkpt lat="52.504168" lon="13.295061"><ele>34.0</ele></trkpt>
<trkpt lat="52.504107" lon="13.295096"><ele>34.0</ele></trkpt>
<trkpt lat="52.503595" lon="13.295402"><ele>34.25</ele></trkpt>
<trkpt lat="52.503566" lon="13.295419"><ele>34.5</ele></trkpt>
<trkpt lat="52.503536" lon="13.295437"><ele>34.5</ele></trkpt>
<trkpt lat="52.503451" lon="13.295488"><ele>34.25</ele></trkpt>
<trkpt lat="52.503359" lon="13.295545"><ele>34.0</ele></trkpt>
<trkpt lat="52.503298" lon="13.295578"><ele>34.5</ele></trkpt>
<trkpt lat="52.503029" lon="13.295737"><ele>36.0</ele></trkpt>
<trkpt lat="52.502761" lon="13.295895"><ele>35.75</ele></trkpt>
<trkpt lat="52.502524" lon="13.296036"><ele>35.25</ele></trkpt>
<trkpt lat="52.502419" lon="13.296096"><ele>34.25</ele></trkpt>
<trkpt lat="52.502374" lon="13.296125"><ele>34.25</ele></trkpt>
<trkpt lat="52.502320" lon="13.296157"><ele>34.5</ele></trkpt>
<trkpt lat="52.502292" lon="13.296173"><ele>34.75</ele></trkpt>
<trkpt lat="52.502209" lon="13.296223"><ele>35.0</ele></trkpt>
<trkpt lat="52.502173" lon="13.296097"><ele>35.0</ele></trkpt>
<trkpt lat="52.502155" lon="13.296034"><ele>35.0</ele></trkpt>
<trkpt lat="52.502066" lon="13.295720"><ele>35.25</ele></trkpt>
<trkpt lat="52.501917" lon="13.295200"><ele>36.0</ele></trkpt>
<trkpt lat="52.501880" lon="13.295065"><ele>36.0</ele></trkpt>
<trkpt lat="52.501841" lon="13.294929"><ele>36.0</ele></trkpt>
<trkpt lat="52.501752" lon="13.294618"><ele>36.25</ele></trkpt>
<trkpt lat="52.501658" lon="13.294289"><ele>36.5</ele></trkpt>
<trkpt lat="52.501599" lon="13.294153"><ele>37.0</ele></trkpt>
<trkpt lat="52.501409" lon="13.293719"><ele>37.5</ele></trkpt>
<trkpt lat="52.501223" lon="13.293297"><ele>38.0</ele></trkpt>
<trkpt lat="52.501078" lon="13.292965"><ele>38.0</ele></trkpt>
<trkpt lat="52.501057" lon="13.292916"><ele>38.0</ele></trkpt>
<trkpt lat="52.500990" lon="13.292739"><ele>38.5</ele></trkpt>
<trkpt lat="52.500943" lon="13.292612"><ele>38.75</ele></trkpt>
<trkpt lat="52.500760" lon="13.292112"><ele>39.25</ele></trkpt>
<trkpt lat="52.500374" lon="13.291039"><ele>41.0</ele></trkpt>
<trkpt lat="52.500289" lon="13.290802"><ele>41.0</ele></trkpt>
<trkpt lat="52.500275" lon="13.290764"><ele>41.0</ele></trkpt>
<trkpt lat="52.500221" lon="13.290676"><ele>41.5</ele></trkpt>
<trkpt lat="52.500154" lon="13.290613"><ele>41.75</ele></trkpt>
<trkpt lat="52.500068" lon="13.290602"><ele>41.75</ele></trkpt>
<trkpt lat="52.499932" lon="13.290584"><ele>41.75</ele></trkpt>
<trkpt lat="52.499885" lon="13.290577"><ele>41.75</ele></trkpt>
<trkpt lat="52.499620" lon="13.290541"><ele>42.0</ele></trkpt>
<trkpt lat="52.499277" lon="13.290497"><ele>42.0</ele></trkpt>
<trkpt lat="52.499253" lon="13.290493"><ele>42.0</ele></trkpt>
<trkpt lat="52.499192" lon="13.290486"><ele>42.0</ele></trkpt>
<trkpt lat="52.499149" lon="13.290497"><ele>42.0</ele></trkpt>
<trkpt lat="52.499132" lon="13.290495"><ele>42.0</ele></trkpt>
<trkpt lat="52.499051" lon="13.290488"><ele>42.0</ele></trkpt>
<trkpt lat="52.498694" lon="13.290441"><ele>42.5</ele></trkpt>
<trkpt lat="52.498561" lon="13.290424"><ele>43.0</ele></trkpt>
<trkpt lat="52.498537" lon="13.290421"><ele>43.0</ele></trkpt>
<trkpt lat="52.498375" lon="13.290399"><ele>43.0</ele></trkpt>
<trkpt lat="52.498316" lon="13.290390"><ele>43.0</ele></trkpt>
<trkpt lat="52.498285" lon="13.290386"><ele>43.0</ele></trkpt>
<trkpt lat="52.498187" lon="13.290360"><ele>43.0</ele></trkpt>
<trkpt lat="52.498163" lon="13.290347"><ele>43.0</ele></trkpt>
<trkpt lat="52.498138" lon="13.290336"><ele>43.0</ele></trkpt>
<trkpt lat="52.498014" lon="13.290315"><ele>43.0</ele></trkpt>
<trkpt lat="52.497935" lon="13.290307"><ele>43.25</ele></trkpt>
<trkpt lat="52.497718" lon="13.290276"><ele>44.0</ele></trkpt>
<trkpt lat="52.497658" lon="13.290266"><ele>44.25</ele></trkpt>
<trkpt lat="52.497614" lon="13.290232"><ele>44.5</ele></trkpt>
<trkpt lat="52.497576" lon="13.290194"><ele>44.5</ele></trkpt>
<trkpt lat="52.497531" lon="13.290121"><ele>44.75</ele></trkpt>
<trkpt lat="52.497512" lon="13.290047"><ele>44.75</ele></trkpt>
<trkpt lat="52.497463" lon="13.290065"><ele>45.0</ele></trkpt>
<trkpt lat="52.497175" lon="13.290243"><ele>45.25</ele></trkpt>
<trkpt lat="52.497158" lon="13.290254"><ele>45.25</ele></trkpt>
<trkpt lat="52.497141" lon="13.290177"><ele>45.5</ele></trkpt>
<trkpt lat="52.497111" lon="13.290052"><ele>45.75</ele></trkpt>
<trkpt lat="52.496986" lon="13.289551"><ele>43.25</ele></trkpt>
<trkpt lat="52.496877" lon="13.289187"></trkpt>
<trkpt lat="52.496664" lon="13.288548"><ele>44.5</ele></trkpt>
<trkpt lat="52.496614" lon="13.288423"><ele>46.0</ele></trkpt>
<trkpt lat="52.496553" lon="13.288269"><ele>46.75</ele></trkpt>
<trkpt lat="52.496407" lon="13.287897"><ele>46.0</ele></trkpt>
<trkpt lat="52.496321" lon="13.287700"><ele>46.0</ele></trkpt>
<trkpt lat="52.496289" lon="13.287631"><ele>46.0</ele></trkpt>
<trkpt lat="52.496210" lon="13.287458"><ele>46.0</ele></trkpt>
<trkpt lat="52.495920" lon="13.286855"><ele>46.0</ele></trkpt>
<trkpt lat="52.495846" lon="13.286715"><ele>46.0</ele></trkpt>
<trkpt lat="52.495776" lon="13.286575"><ele>46.0</ele></trkpt>
<trkpt lat="52.495763" lon="13.286547"><ele>46.0</ele></trkpt>
<trkpt lat="52.495718" lon="13.286457"><ele>46.0</ele></trkpt>
<trkpt lat="52.495689" lon="13.286398"><ele>46.0</ele></trkpt>
<trkpt lat="52.495558" lon="13.286148"><ele>46.0</ele></trkpt>
<trkpt lat="52.495401" lon="13.285908"><ele>46.25</ele></trkpt>
<trkpt lat="52.495289" lon="13.285767"><ele>46.75</ele></trkpt>
<trkpt lat="52.495217" lon="13.285663"><ele>47.0</ele></trkpt>
<trkpt lat="52.495170" lon="13.285556"><ele>47.0</ele></trkpt>
<trkpt lat="52.495151" lon="13.285497"><ele>46.75</ele></trkpt>
<trkpt lat="52.495139" lon="13.285439"><ele>46.5</ele></trkpt>
<trkpt lat="52.495111" lon="13.285423"><ele>46.5</ele></trkpt>
<trkpt lat="52.495108" lon="13.285423"><ele>46.5</ele></trkpt>
<trkpt lat="52.495033" lon="13.285391"><ele>46.25</ele></trkpt>
<trkpt lat="52.494966" lon="13.285363"><ele>46.25</ele></trkpt>
<trkpt lat="52.494871" lon="13.285262"><ele>46.25</ele></trkpt>
<trkpt lat="52.494867" lon="13.285258"><ele>46.25</ele></trkpt>
<trkpt lat="52.494836" lon="13.285180"><ele>46.5</ele></trkpt>
<trkpt lat="52.494798" lon="13.285086"><ele>46.5</ele></trkpt>
<trkpt lat="52.494789" lon="13.285058"><ele>46.75</ele></trkpt>
<trkpt lat="52.494740" lon="13.285077"><ele>46.75</ele></trkpt>
<trkpt lat="52.494663" lon="13.285082"><ele>47.0</ele></trkpt>
<trkpt lat="52.494608" lon="13.285077"><ele>47.0</ele></trkpt>
<trkpt lat="52.494322" lon="13.285047"><ele>47.0</ele></trkpt>
<trkpt lat="52.494091" lon="13.285020"><ele>46.5</ele></trkpt>
<trkpt lat="52.493963" lon="13.285007"><ele>46.25</ele></trkpt>
<trkpt lat="52.493964" lon="13.284961"><ele>46.25</ele></trkpt>
<trkpt lat="52.493965" lon="13.284902"><ele>46.25</ele></trkpt>
<trkpt lat="52.493976" lon="13.284609"><ele>46.0</ele></trkpt>
<trkpt lat="52.494001" lon="13.283999"><ele>45.75</ele></trkpt>
<trkpt lat="52.494000" lon="13.283888"><ele>45.5</ele></trkpt>
<trkpt lat="52.493982" lon="13.283673"><ele>45.0</ele></trkpt>
<trkpt lat="52.493957" lon="13.283522"><ele>45.0</ele></trkpt>
<trkpt lat="52.493905" lon="13.283347"><ele>45.0</ele></trkpt>
<trkpt lat="52.493824" lon="13.283151"><ele>45.0</ele></trkpt>
<trkpt lat="52.493564" lon="13.282627"><ele>45.0</ele></trkpt>
<trkpt lat="52.493471" lon="13.282432"><ele>45.0</ele></trkpt>
<trkpt lat="52.493067" lon="13.281635"><ele>44.75</ele></trkpt>
<trkpt lat="52.493004" lon="13.281522"><ele>45.0</ele></trkpt>
<trkpt lat="52.492880" lon="13.281360"><ele>44.75</ele></trkpt>
<trkpt lat="52.492594" lon="13.281041"><ele>44.0</ele></trkpt>
<trkpt lat="52.492464" lon="13.280896"><ele>44.0</ele></trkpt>
<trkpt lat="52.492293" lon="13.280709"><ele>43.75</ele></trkpt>
<trkpt lat="52.492226" lon="13.280634"><ele>43.75</ele></trkpt>
<trkpt lat="52.492038" lon="13.280423"><ele>43.75</ele></trkpt>
<trkpt lat="52.491958" lon="13.280332"><ele>43.75</ele></trkpt>
<trkpt lat="52.491836" lon="13.280191"><ele>43.5</ele></trkpt>
<trkpt lat="52.491645" lon="13.279977"><ele>43.0</ele></trkpt>
<trkpt lat="52.491474" lon="13.279785"><ele>43.0</ele></trkpt>
<trkpt lat="52.491382" lon="13.279682"><ele>43.0</ele></trkpt>
<trkpt lat="52.491046" lon="13.279307"><ele>42.5</ele></trkpt>
<trkpt lat="52.491019" lon="13.279276"><ele>42.5</ele></trkpt>
<trkpt lat="52.490939" lon="13.279186"><ele>42.0</ele></trkpt>
<trkpt lat="52.490672" lon="13.278887"><ele>41.75</ele></trkpt>
<trkpt lat="52.490560" lon="13.278728"><ele>41.75</ele></trkpt>
<trkpt lat="52.490477" lon="13.278493"><ele>41.5</ele></trkpt>
<trkpt lat="52.490459" lon="13.278396"><ele>41.25</ele></trkpt>
<trkpt lat="52.490439" lon="13.278204"><ele>41.25</ele></trkpt>
<trkpt lat="52.490447" lon="13.278027"><ele>41.25</ele></trkpt>
<trkpt lat="52.490582" lon="13.276985"><ele>39.75</ele></trkpt>
<trkpt lat="52.490595" lon="13.276756"><ele>39.25</ele></trkpt>
<trkpt lat="52.490587" lon="13.276654"><ele>39.0</ele></trkpt>
<trkpt lat="52.490575" lon="13.276555"><ele>38.75</ele></trkpt>
<trkpt lat="52.490555" lon="13.276453"><ele>39.0</ele></trkpt>
<trkpt lat="52.490529" lon="13.276360"><ele>39.0</ele></trkpt>
<trkpt lat="52.490484" lon="13.276236"><ele>39.0</ele></trkpt>
<trkpt lat="52.490408" lon="13.276099"><ele>38.75</ele></trkpt>
<trkpt lat="52.490354" lon="13.276030"><ele>38.75</ele></trkpt>
<trkpt lat="52.490244" lon="13.275928"><ele>38.25</ele></trkpt>
<trkpt lat="52.489827" lon="13.275606"><ele>37.25</ele></trkpt>
<trkpt lat="52.489733" lon="13.275533"><ele>37.0</ele></trkpt>
<trkpt lat="52.489723" lon="13.275528"><ele>37.0</ele></trkpt>
<trkpt lat="52.488511" lon="13.274597"><ele>36.0</ele></trkpt>
<trkpt lat="52.488343" lon="13.274466"><ele>36.5</ele></trkpt>
<trkpt lat="52.487873" lon="13.274105"><ele>38.5</ele></trkpt>
<trkpt lat="52.487649" lon="13.273927"><ele>39.25</ele></trkpt>
<trkpt lat="52.487589" lon="13.273868"><ele>39.5</ele></trkpt>
<trkpt lat="52.487552" lon="13.273825"><ele>39.5</ele></trkpt>
<trkpt lat="52.487498" lon="13.273761"><ele>40.0</ele></trkpt>
<trkpt lat="52.487367" lon="13.273552"><ele>41.0</ele></trkpt>
<trkpt lat="52.487245" lon="13.273331"><ele>40.75</ele></trkpt>
<trkpt lat="52.487179" lon="13.273193"><ele>41.75</ele></trkpt>
<trkpt lat="52.487032" lon="13.272810"><ele>42.5</ele></trkpt>
<trkpt lat="52.486977" lon="13.272640"><ele>42.75</ele></trkpt>
<trkpt lat="52.486917" lon="13.272402"><ele>43.0</ele></trkpt>
<trkpt lat="52.486808" lon="13.271972"><ele>43.5</ele></trkpt>
<trkpt lat="52.486792" lon="13.271909"><ele>43.25</ele></trkpt>
<trkpt lat="52.486776" lon="13.271851"><ele>43.25</ele></trkpt>
<trkpt lat="52.486719" lon="13.271671"><ele>43.0</ele></trkpt>
<trkpt lat="52.486651" lon="13.271493"><ele>43.0</ele></trkpt>
<trkpt lat="52.486534" lon="13.271238"><ele>43.25</ele></trkpt>
<trkpt lat="52.486435" lon="13.271053"><ele>42.75</ele></trkpt>
<trkpt lat="52.486346" lon="13.270904"><ele>43.0</ele></trkpt>
<trkpt lat="52.486232" lon="13.270709"><ele>42.75</ele></trkpt>
<trkpt lat="52.485768" lon="13.269921"><ele>42.0</ele></trkpt>
<trkpt lat="52.485621" lon="13.269673"><ele>42.75</ele></trkpt>
<trkpt lat="52.485590" lon="13.269618"><ele>42.75</ele></trkpt>
<trkpt lat="52.485519" lon="13.269500"><ele>43.0</ele></trkpt>
<trkpt lat="52.485320" lon="13.269168"><ele>43.0</ele></trkpt>
<trkpt lat="52.485214" lon="13.268993"><ele>43.0</ele></trkpt>
<trkpt lat="52.485136" lon="13.268861"><ele>43.25</ele></trkpt>
<trkpt lat="52.484697" lon="13.268113"><ele>43.0</ele></trkpt>
<trkpt lat="52.484597" lon="13.267935"><ele>42.75</ele></trkpt>
<trkpt lat="52.484513" lon="13.267793"><ele>42.75</ele></trkpt>
<trkpt lat="52.484440" lon="13.267669"><ele>43.0</ele></trkpt>
<trkpt lat="52.484321" lon="13.267474"><ele>42.75</ele></trkpt>
<trkpt lat="52.484217" lon="13.267298"><ele>42.75</ele></trkpt>
<trkpt lat="52.484116" lon="13.267128"><ele>43.0</ele></trkpt>
<trkpt lat="52.483635" lon="13.266307"><ele>43.75</ele></trkpt>
<trkpt lat="52.483603" lon="13.266254"><ele>44.0</ele></trkpt>
<trkpt lat="52.483487" lon="13.266030"><ele>44.25</ele></trkpt>
<trkpt lat="52.483462" lon="13.265974"><ele>44.5</ele></trkpt>
<trkpt lat="52.483389" lon="13.265793"><ele>44.75</ele></trkpt>
<trkpt lat="52.483271" lon="13.265831"><ele>44.75</ele></trkpt>
<trkpt lat="52.483237" lon="13.265854"><ele>45.0</ele></trkpt>
<trkpt lat="52.482997" lon="13.266015"><ele>45.0</ele></trkpt>
<trkpt lat="52.482944" lon="13.266048"><ele>45.0</ele></trkpt>
<trkpt lat="52.482886" lon="13.266084"><ele>45.0</ele></trkpt>
<trkpt lat="52.482838" lon="13.266116"><ele>45.0</ele></trkpt>
<trkpt lat="52.482725" lon="13.266191"><ele>45.25</ele></trkpt>
<trkpt lat="52.482608" lon="13.266266"><ele>45.75</ele></trkpt>
<trkpt lat="52.482449" lon="13.266376"><ele>46.0</ele></trkpt>
<trkpt lat="52.482370" lon="13.266463"><ele>46.25</ele></trkpt>
<trkpt lat="52.482320" lon="13.266541"><ele>46.25</ele></trkpt>
<trkpt lat="52.482246" lon="13.266699"><ele>46.0</ele></trkpt>
<trkpt lat="52.482152" lon="13.266896"><ele>46.75</ele></trkpt>
<trkpt lat="52.482089" lon="13.267028"><ele>47.0</ele></trkpt>
<trkpt lat="52.481944" lon="13.267334"><ele>47.0</ele></trkpt>
<trkpt lat="52.481858" lon="13.267511"><ele>47.25</ele></trkpt>
<trkpt lat="52.481663" lon="13.267937"><ele>48.0</ele></trkpt>
<trkpt lat="52.481553" lon="13.268168"><ele>48.0</ele></trkpt>
<trkpt lat="52.481184" lon="13.268944"><ele>49.0</ele></trkpt>
<trkpt lat="52.481156" lon="13.269003"><ele>49.0</ele></trkpt>
<trkpt lat="52.481128" lon="13.269061"><ele>49.0</ele></trkpt>
<trkpt lat="52.480906" lon="13.269528"><ele>48.75</ele></trkpt>
<trkpt lat="52.480569" lon="13.270241"><ele>48.75</ele></trkpt>
<trkpt lat="52.480553" lon="13.270276"><ele>49.0</ele></trkpt>
<trkpt lat="52.480530" lon="13.270324"><ele>49.0</ele></trkpt>
<trkpt lat="52.480235" lon="13.270947"><ele>48.75</ele></trkpt>
<trkpt lat="52.480196" lon="13.271029"><ele>48.75</ele></trkpt>
<trkpt lat="52.480076" lon="13.271285"><ele>48.75</ele></trkpt>
<trkpt lat="52.479947" lon="13.271558"><ele>48.75</ele></trkpt>
<trkpt lat="52.479996" lon="13.271629"><ele>48.75</ele></trkpt>
<trkpt lat="52.480621" lon="13.272550"><ele>48.0</ele></trkpt>
<trkpt lat="52.480648" lon="13.272590"><ele>48.0</ele></trkpt>
<trkpt lat="52.480680" lon="13.272635"><ele>48.0</ele></trkpt>
<trkpt lat="52.481318" lon="13.273541"><ele>47.25</ele></trkpt>
<trkpt lat="52.481342" lon="13.273576"><ele>47.25</ele></trkpt>
<trkpt lat="52.481383" lon="13.273635"><ele>47.0</ele></trkpt>
<trkpt lat="52.481454" lon="13.273738"><ele>47.25</ele></trkpt>
<trkpt lat="52.481523" lon="13.273835"><ele>47.25</ele></trkpt>
<trkpt lat="52.481997" lon="13.274551"><ele>46.0</ele></trkpt>
<trkpt lat="52.482027" lon="13.274597"><ele>46.0</ele></trkpt>
<trkpt lat="52.482057" lon="13.274640"><ele>46.0</ele></trkpt>
<trkpt lat="52.482343" lon="13.275053"><ele>45.25</ele></trkpt>
<trkpt lat="52.482685" lon="13.275547"><ele>45.0</ele></trkpt>
<trkpt lat="52.482711" lon="13.275584"><ele>45.0</ele></trkpt>
<trkpt lat="52.482749" lon="13.275640"><ele>45.0</ele></trkpt>
<trkpt lat="52.482822" lon="13.275746"><ele>45.0</ele></trkpt>
<trkpt lat="52.482864" lon="13.275807"><ele>45.0</ele></trkpt>
<trkpt lat="52.483373" lon="13.276550"><ele>46.0</ele></trkpt>
<trkpt lat="52.483399" lon="13.276587"><ele>46.0</ele></trkpt>
<trkpt lat="52.483433" lon="13.276637"><ele>46.25</ele></trkpt>
<trkpt lat="52.483891" lon="13.277314"><ele>45.0</ele></trkpt>
<trkpt lat="52.483983" lon="13.277451"><ele>45.0</ele></trkpt>
<trkpt lat="52.484109" lon="13.277638"><ele>44.5</ele></trkpt>
<trkpt lat="52.484141" lon="13.277685"><ele>44.25</ele></trkpt>
<trkpt lat="52.484175" lon="13.277727"><ele>44.0</ele></trkpt>
<trkpt lat="52.485198" lon="13.279034"><ele>42.0</ele></trkpt>
<trkpt lat="52.485287" lon="13.279148"><ele>42.0</ele></trkpt>
<trkpt lat="52.485317" lon="13.279187"><ele>42.0</ele></trkpt>
<trkpt lat="52.485291" lon="13.279241"><ele>42.0</ele></trkpt>
<trkpt lat="52.484870" lon="13.280125"><ele>42.0</ele></trkpt>
<trkpt lat="52.484807" lon="13.280256"><ele>42.0</ele></trkpt>
<trkpt lat="52.484783" lon="13.280307"><ele>42.0</ele></trkpt>
<trkpt lat="52.484387" lon="13.281103"><ele>42.0</ele></trkpt>
<trkpt lat="52.484299" lon="13.281309"><ele>42.0</ele></trkpt>
<trkpt lat="52.484282" lon="13.281349"><ele>42.0</ele></trkpt>
<trkpt lat="52.484003" lon="13.281932"><ele>42.0</ele></trkpt>
<trkpt lat="52.483901" lon="13.282144"><ele>41.75</ele></trkpt>
<trkpt lat="52.483865" lon="13.282220"><ele>42.0</ele></trkpt>
<trkpt lat="52.483816" lon="13.282322"><ele>42.0</ele></trkpt>
<trkpt lat="52.483884" lon="13.282407"><ele>42.0</ele></trkpt>
<trkpt lat="52.483917" lon="13.282448"><ele>42.0</ele></trkpt>
<trkpt lat="52.483969" lon="13.282509"><ele>41.75</ele></trkpt>
<trkpt lat="52.484009" lon="13.282556"><ele>41.75</ele></trkpt>
<trkpt lat="52.484155" lon="13.282729"><ele>41.0</ele></trkpt>
<trkpt lat="52.484301" lon="13.282903"><ele>40.75</ele></trkpt>
<trkpt lat="52.484984" lon="13.283716"><ele>39.0</ele></trkpt>
<trkpt lat="52.485236" lon="13.284072"><ele>38.5</ele></trkpt>
<trkpt lat="52.485289" lon="13.284128"><ele>38.75</ele></trkpt>
<trkpt lat="52.485475" lon="13.284254"><ele>39.0</ele></trkpt>
<trkpt lat="52.485555" lon="13.284279"><ele>39.25</ele></trkpt>
<trkpt lat="52.485838" lon="13.284318"><ele>39.5</ele></trkpt>
<trkpt lat="52.486250" lon="13.284359"><ele>40.5</ele></trkpt>
<trkpt lat="52.486611" lon="13.284391"><ele>41.0</ele></trkpt>
<trkpt lat="52.486659" lon="13.284397"><ele>41.0</ele></trkpt>
<trkpt lat="52.486717" lon="13.284447"><ele>41.0</ele></trkpt>
<trkpt lat="52.486711" lon="13.284542"><ele>41.5</ele></trkpt>
<trkpt lat="52.486708" lon="13.284577"><ele>41.5</ele></trkpt>
<trkpt lat="52.486684" lon="13.284909"><ele>42.0</ele></trkpt>
<trkpt lat="52.486657" lon="13.285245"><ele>41.75</ele></trkpt>
<trkpt lat="52.486659" lon="13.285380"><ele>42.25</ele></trkpt>
<trkpt lat="52.486669" lon="13.285431"><ele>42.5</ele></trkpt>
<trkpt lat="52.486688" lon="13.285476"><ele>42.75</ele></trkpt>
<trkpt lat="52.486731" lon="13.285558"><ele>43.0</ele></trkpt>
<trkpt lat="52.487183" lon="13.286389"><ele>45.0</ele></trkpt>
<trkpt lat="52.488030" lon="13.287945"><ele>46.0</ele></trkpt>
<trkpt lat="52.488041" lon="13.287965"><ele>46.0</ele></trkpt>
<trkpt lat="52.488064" lon="13.288020"><ele>46.0</ele></trkpt>
<trkpt lat="52.488086" lon="13.288072"><ele>46.0</ele></trkpt>
<trkpt lat="52.488100" lon="13.288098"><ele>46.0</ele></trkpt>
<trkpt lat="52.488592" lon="13.288999"><ele>45.75</ele></trkpt>
<trkpt lat="52.488836" lon="13.289453"><ele>46.0</ele></trkpt>
<trkpt lat="52.488913" lon="13.289598"><ele>46.0</ele></trkpt>
<trkpt lat="52.489003" lon="13.289771"><ele>46.0</ele></trkpt>
<trkpt lat="52.489064" lon="13.289888"><ele>46.0</ele></trkpt>
<trkpt lat="52.489125" lon="13.290016"><ele>46.0</ele></trkpt>
<trkpt lat="52.489143" lon="13.290054"><ele>46.0</ele></trkpt>
<trkpt lat="52.489187" lon="13.290135"><ele>46.0</ele></trkpt>
<trkpt lat="52.489366" lon="13.290463"><ele>46.0</ele></trkpt>
<trkpt lat="52.490091" lon="13.291790"><ele>47.0</ele></trkpt>
<trkpt lat="52.490128" lon="13.291863"><ele>47.0</ele></trkpt>
<trkpt lat="52.490172" lon="13.291946"><ele>47.0</ele></trkpt>
<trkpt lat="52.490515" lon="13.292590"><ele>47.0</ele></trkpt>
<trkpt lat="52.491161" lon="13.293792"><ele>46.0</ele></trkpt>
<trkpt lat="52.491175" lon="13.293818"><ele>46.0</ele></trkpt>
<trkpt lat="52.491202" lon="13.293868"><ele>46.0</ele></trkpt>
<trkpt lat="52.491228" lon="13.293918"><ele>46.0</ele></trkpt>
<trkpt lat="52.491297" lon="13.294044"><ele>46.0</ele></trkpt>
<trkpt lat="52.491435" lon="13.294299"><ele>45.5</ele></trkpt>
<trkpt lat="52.491488" lon="13.294349"><ele>44.75</ele></trkpt>
<trkpt lat="52.491515" lon="13.294406"><ele>44.0</ele></trkpt>
<trkpt lat="52.491553" lon="13.294481"><ele>42.75</ele></trkpt>
<trkpt lat="52.491575" lon="13.294524"><ele>42.25</ele></trkpt>
<trkpt lat="52.491649" lon="13.294666"></trkpt>
<trkpt lat="52.491682" lon="13.294781"></trkpt>
<trkpt lat="52.492169" lon="13.295746"><ele>45.0</ele></trkpt>
<trkpt lat="52.492274" lon="13.295968"><ele>46.25</ele></trkpt>
<trkpt lat="52.492432" lon="13.296278"><ele>46.0</ele></trkpt>
<trkpt lat="52.492490" lon="13.296373"><ele>46.0</ele></trkpt>
<trkpt lat="52.492508" lon="13.296402"><ele>45.75</ele></trkpt>
<trkpt lat="52.492532" lon="13.296441"><ele>45.5</ele></trkpt>
<trkpt lat="52.492573" lon="13.296511"><ele>45.25</ele></trkpt>
<trkpt lat="52.492621" lon="13.296590"><ele>45.0</ele></trkpt>
<trkpt lat="52.492647" lon="13.296633"><ele>45.0</ele></trkpt>
<trkpt lat="52.492661" lon="13.296657"><ele>45.0</ele></trkpt>
<trkpt lat="52.492692" lon="13.296733"><ele>45.0</ele></trkpt>
<trkpt lat="52.492707" lon="13.296844"><ele>45.0</ele></trkpt>
<trkpt lat="52.492735" lon="13.296941"><ele>45.0</ele></trkpt>
<trkpt lat="52.492826" lon="13.297118"><ele>44.25</ele></trkpt>
<trkpt lat="52.493005" lon="13.297472"><ele>43.25</ele></trkpt>
<trkpt lat="52.493259" lon="13.297987"><ele>42.25</ele></trkpt>
<trkpt lat="52.493319" lon="13.298110"><ele>42.0</ele></trkpt>
<trkpt lat="52.493871" lon="13.299225"><ele>39.75</ele></trkpt>
<trkpt lat="52.493904" lon="13.299274"><ele>39.5</ele></trkpt>
<trkpt lat="52.493977" lon="13.299363"><ele>39.0</ele></trkpt>
<trkpt lat="52.494008" lon="13.299424"><ele>39.0</ele></trkpt>
<trkpt lat="52.494084" lon="13.299585"><ele>39.0</ele></trkpt>
<trkpt lat="52.494114" lon="13.299647"><ele>39.0</ele></trkpt>
<trkpt lat="52.494159" lon="13.299733"><ele>39.0</ele></trkpt>
<trkpt lat="52.494162" lon="13.299755"><ele>39.0</ele></trkpt>
<trkpt lat="52.494173" lon="13.299872"><ele>38.75</ele></trkpt>
<trkpt lat="52.494551" lon="13.300619"><ele>38.0</ele></trkpt>
<trkpt lat="52.494654" lon="13.300721"><ele>38.0</ele></trkpt>
<trkpt lat="52.494675" lon="13.300763"><ele>38.0</ele></trkpt>
<trkpt lat="52.494698" lon="13.300807"><ele>38.0</ele></trkpt>
<trkpt lat="52.494723" lon="13.300854"><ele>37.75</ele></trkpt>
<trkpt lat="52.494763" lon="13.300931"><ele>37.5</ele></trkpt>
<trkpt lat="52.494812" lon="13.301023"><ele>37.25</ele></trkpt>
<trkpt lat="52.494866" lon="13.301076"><ele>37.0</ele></trkpt>
<trkpt lat="52.495082" lon="13.301520"><ele>37.0</ele></trkpt>
<trkpt lat="52.495171" lon="13.301711"><ele>37.0</ele></trkpt>
<trkpt lat="52.495189" lon="13.301750"><ele>37.0</ele></trkpt>
<trkpt lat="52.495255" lon="13.301894"><ele>37.0</ele></trkpt>
<trkpt lat="52.495350" lon="13.302088"><ele>37.0</ele></trkpt>
<trkpt lat="52.495832" lon="13.303068"><ele>36.75</ele></trkpt>
<trkpt lat="52.495862" lon="13.303131"><ele>36.75</ele></trkpt>
<trkpt lat="52.495918" lon="13.303244"><ele>37.0</ele></trkpt>
<trkpt lat="52.495984" lon="13.303361"><ele>37.0</ele></trkpt>
<trkpt lat="52.496066" lon="13.303507"><ele>37.0</ele></trkpt>
<trkpt lat="52.496173" lon="13.303657"><ele>36.5</ele></trkpt>
<trkpt lat="52.496273" lon="13.303796"><ele>36.0</ele></trkpt>
<trkpt lat="52.496372" lon="13.303930"><ele>36.0</ele></trkpt>
<trkpt lat="52.496659" lon="13.304318"><ele>36.0</ele></trkpt>
<trkpt lat="52.496712" lon="13.304388"><ele>36.0</ele></trkpt>
<trkpt lat="52.496720" lon="13.304399"><ele>36.0</ele></trkpt>
<trkpt lat="52.497058" lon="13.304849"><ele>36.0</ele></trkpt>
<trkpt lat="52.497185" lon="13.305018"><ele>36.0</ele></trkpt>
<trkpt lat="52.497270" lon="13.305135"><ele>36.0</ele></trkpt>
<trkpt lat="52.497438" lon="13.305366"><ele>36.0</ele></trkpt>
<trkpt lat="52.497694" lon="13.305718"><ele>35.25</ele></trkpt>
<trkpt lat="52.497749" lon="13.305793"><ele>35.0</ele></trkpt>
<trkpt lat="52.498377" lon="13.306647"><ele>35.0</ele></trkpt>
<trkpt lat="52.498417" lon="13.306702"><ele>35.0</ele></trkpt>
<trkpt lat="52.498677" lon="13.307043"><ele>34.5</ele></trkpt>
<trkpt lat="52.498714" lon="13.307096"><ele>34.5</ele></trkpt>
<trkpt lat="52.498772" lon="13.307187"><ele>34.5</ele></trkpt>
<trkpt lat="52.498958" lon="13.307421"><ele>35.0</ele></trkpt>
<trkpt lat="52.499048" lon="13.307386"><ele>35.0</ele></trkpt>
<trkpt lat="52.499393" lon="13.307304"><ele>35.0</ele></trkpt>
<trkpt lat="52.499792" lon="13.307219"><ele>35.0</ele></trkpt>
<trkpt lat="52.499839" lon="13.307215"><ele>35.0</ele></trkpt>
<trkpt lat="52.499934" lon="13.307202"><ele>35.0</ele></trkpt>
<trkpt lat="52.499950" lon="13.307362"><ele>35.0</ele></trkpt>
<trkpt lat="52.500038" lon="13.308198"><ele>35.0</ele></trkpt>
<trkpt lat="52.500063" lon="13.308442"><ele>35.0</ele></trkpt>
<trkpt lat="52.500171" lon="13.309467"><ele>35.0</ele></trkpt>
<trkpt lat="52.500293" lon="13.310637"><ele>35.0</ele></trkpt>
<trkpt lat="52.500322" lon="13.310912"><ele>35.0</ele></trkpt>
<trkpt lat="52.500425" lon="13.311894"><ele>35.0</ele></trkpt>
<trkpt lat="52.500444" lon="13.312095"><ele>35.0</ele></trkpt>
<trkpt lat="52.500486" lon="13.312610"><ele>35.0</ele></trkpt>
<trkpt lat="52.500494" lon="13.312679"><ele>35.0</ele></trkpt>
<trkpt lat="52.500498" lon="13.312727"><ele>35.0</ele></trkpt>
<trkpt lat="52.500506" lon="13.312797"><ele>35.0</ele></trkpt>
<trkpt lat="52.500512" lon="13.312853"><ele>35.0</ele></trkpt>
<trkpt lat="52.500523" lon="13.312949"><ele>35.0</ele></trkpt>
<trkpt lat="52.500547" lon="13.313162"><ele>35.0</ele></trkpt>
<trkpt lat="52.500564" lon="13.313281"><ele>35.0</ele></trkpt>
<trkpt lat="52.500573" lon="13.313341"><ele>35.0</ele></trkpt>
<trkpt lat="52.500579" lon="13.313384"><ele>35.0</ele></trkpt>
<trkpt lat="52.500630" lon="13.313707"><ele>35.0</ele></trkpt>
<trkpt lat="52.500742" lon="13.314407"><ele>35.0</ele></trkpt>
<trkpt lat="52.500818" lon="13.314888"><ele>35.0</ele></trkpt>
<trkpt lat="52.500839" lon="13.315024"><ele>35.0</ele></trkpt>
<trkpt lat="52.500860" lon="13.315152"><ele>35.0</ele></trkpt>
<trkpt lat="52.500870" lon="13.315216"><ele>35.0</ele></trkpt>
<trkpt lat="52.501011" lon="13.316119"><ele>35.0</ele></trkpt>
<trkpt lat="52.501077" lon="13.316545"><ele>35.0</ele></trkpt>
<trkpt lat="52.501088" lon="13.316618"><ele>35.0</ele></trkpt>
<trkpt lat="52.501113" lon="13.316772"><ele>35.0</ele></trkpt>
<trkpt lat="52.501139" lon="13.316941"><ele>35.0</ele></trkpt>
<trkpt lat="52.501146" lon="13.316985"><ele>35.0</ele></trkpt>
<trkpt lat="52.501410" lon="13.318694"><ele>35.0</ele></trkpt>
<trkpt lat="52.501434" lon="13.318847"><ele>35.0</ele></trkpt>
<trkpt lat="52.501496" lon="13.319233"><ele>35.0</ele></trkpt>
<trkpt lat="52.501502" lon="13.319281"><ele>35.0</ele></trkpt>
<trkpt lat="52.501523" lon="13.319424"><ele>35.0</ele></trkpt>
<trkpt lat="52.501549" lon="13.319600"><ele>35.0</ele></trkpt>
<trkpt lat="52.501560" lon="13.319681"><ele>35.0</ele></trkpt>
<trkpt lat="52.501620" lon="13.320066"><ele>35.0</ele></trkpt>
<trkpt lat="52.501646" lon="13.320245"><ele>35.0</ele></trkpt>
<trkpt lat="52.501754" lon="13.320956"><ele>35.0</ele></trkpt>
<trkpt lat="52.501775" lon="13.321091"><ele>35.0</ele></trkpt>
<trkpt lat="52.501849" lon="13.321579"><ele>35.0</ele></trkpt>
<trkpt lat="52.501861" lon="13.321654"><ele>35.0</ele></trkpt>
<trkpt lat="52.501886" lon="13.321825"><ele>35.0</ele></trkpt>
<trkpt lat="52.501912" lon="13.321988"><ele>35.0</ele></trkpt>
<trkpt lat="52.501920" lon="13.322031"><ele>35.0</ele></trkpt>
<trkpt lat="52.502069" lon="13.322970"><ele>34.0</ele></trkpt>
<trkpt lat="52.502202" lon="13.323804"><ele>34.0</ele></trkpt>
<trkpt lat="52.502383" lon="13.324936"><ele>34.0</ele></trkpt>
<trkpt lat="52.502393" lon="13.325004"><ele>34.0</ele></trkpt>
<trkpt lat="52.502432" lon="13.325245"><ele>34.0</ele></trkpt>
<trkpt lat="52.502522" lon="13.325683"><ele>34.0</ele></trkpt>
<trkpt lat="52.502596" lon="13.326040"><ele>34.0</ele></trkpt>
<trkpt lat="52.502663" lon="13.326363"><ele>34.0</ele></trkpt>
<trkpt lat="52.502787" lon="13.326966"><ele>33.75</ele></trkpt>
<trkpt lat="52.502833" lon="13.327191"><ele>34.0</ele></trkpt>
<trkpt lat="52.502847" lon="13.327260"><ele>34.0</ele></trkpt>
<trkpt lat="52.502883" lon="13.327431"><ele>34.0</ele></trkpt>
<trkpt lat="52.502941" lon="13.327686"><ele>34.0</ele></trkpt>
<trkpt lat="52.502955" lon="13.327752"><ele>34.0</ele></trkpt>
<trkpt lat="52.503017" lon="13.328047"><ele>34.0</ele></trkpt>
<trkpt lat="52.503078" lon="13.328328"><ele>34.0</ele></trkpt>
<trkpt lat="52.503179" lon="13.328792"><ele>34.0</ele></trkpt>
<trkpt lat="52.503266" lon="13.329197"><ele>34.5</ele></trkpt>
<trkpt lat="52.503402" lon="13.329804"><ele>34.0</ele></trkpt>
<trkpt lat="52.503482" lon="13.330157"><ele>34.5</ele></trkpt>
<trkpt lat="52.503647" lon="13.330918"><ele>34.75</ele></trkpt>
<trkpt lat="52.503665" lon="13.331002"><ele>34.75</ele></trkpt>
<trkpt lat="52.503710" lon="13.331210"><ele>35.0</ele></trkpt>
<trkpt lat="52.503753" lon="13.331418"><ele>35.0</ele></trkpt>
<trkpt lat="52.503805" lon="13.331662"><ele>35.0</ele></trkpt>
<trkpt lat="52.503818" lon="13.331724"><ele>35.0</ele></trkpt>
<trkpt lat="52.503960" lon="13.332406"><ele>34.5</ele></trkpt>
<trkpt lat="52.504007" lon="13.332618"><ele>35.0</ele></trkpt>
<trkpt lat="52.504071" lon="13.332904"><ele>35.0</ele></trkpt>
<trkpt lat="52.504166" lon="13.333330"><ele>35.0</ele></trkpt>
<trkpt lat="52.504223" lon="13.333585"><ele>34.0</ele></trkpt>
<trkpt lat="52.504307" lon="13.333998"><ele>34.0</ele></trkpt>
<trkpt lat="52.504328" lon="13.334095"><ele>34.25</ele></trkpt>
<trkpt lat="52.504409" lon="13.334508"><ele>35.0</ele></trkpt>
<trkpt lat="52.504423" lon="13.334659"><ele>35.0</ele></trkpt>
<trkpt lat="52.504428" lon="13.334935"><ele>35.0</ele></trkpt>
<trkpt lat="52.504392" lon="13.335325"><ele>35.0</ele></trkpt>
<trkpt lat="52.504384" lon="13.335413"><ele>35.0</ele></trkpt>
<trkpt lat="52.504352" lon="13.335670"><ele>35.0</ele></trkpt>
<trkpt lat="52.504323" lon="13.335845"><ele>35.0</ele></trkpt>
<trkpt lat="52.504312" lon="13.335903"><ele>35.0</ele></trkpt>
<trkpt lat="52.504285" lon="13.336040"><ele>35.0</ele></trkpt>
<trkpt lat="52.504250" lon="13.336184"><ele>35.0</ele></trkpt>
<trkpt lat="52.504196" lon="13.336343"><ele>35.0</ele></trkpt>
<trkpt lat="52.504171" lon="13.336410"><ele>35.0</ele></trkpt>
<trkpt lat="52.504105" lon="13.336581"><ele>35.0</ele></trkpt>
<trkpt lat="52.504006" lon="13.336835"><ele>35.0</ele></trkpt>
<trkpt lat="52.503990" lon="13.336876"><ele>35.0</ele></trkpt>
<trkpt lat="52.503871" lon="13.337182"><ele>35.0</ele></trkpt>
<trkpt lat="52.503835" lon="13.337265"><ele>35.0</ele></trkpt>
<trkpt lat="52.503792" lon="13.337376"><ele>35.0</ele></trkpt>
<trkpt lat="52.503753" lon="13.337476"><ele>35.0</ele></trkpt>
<trkpt lat="52.503728" lon="13.337545"><ele>35.0</ele></trkpt>
<trkpt lat="52.503674" lon="13.337676"><ele>35.0</ele></trkpt>
<trkpt lat="52.503556" lon="13.337964"><ele>35.0</ele></trkpt>
<trkpt lat="52.503510" lon="13.338075"><ele>35.0</ele></trkpt>
<trkpt lat="52.503500" lon="13.338099"><ele>35.0</ele></trkpt>
<trkpt lat="52.503452" lon="13.338214"><ele>35.0</ele></trkpt>
<trkpt lat="52.503390" lon="13.338372"><ele>35.0</ele></trkpt>
<trkpt lat="52.503291" lon="13.338619"><ele>35.0</ele></trkpt>
<trkpt lat="52.503167" lon="13.338930"><ele>35.0</ele></trkpt>
<trkpt lat="52.503138" lon="13.339005"><ele>35.0</ele></trkpt>
<trkpt lat="52.503041" lon="13.339253"><ele>35.0</ele></trkpt>
<trkpt lat="52.503196" lon="13.339411"><ele>35.0</ele></trkpt>
<trkpt lat="52.503280" lon="13.339502"><ele>35.0</ele></trkpt>
<trkpt lat="52.503314" lon="13.339538"><ele>35.0</ele></trkpt>
<trkpt lat="52.503344" lon="13.339569"><ele>35.0</ele></trkpt>
<trkpt lat="52.503426" lon="13.339653"><ele>35.0</ele></trkpt>
<trkpt lat="52.503667" lon="13.339903"><ele>34.25</ele></trkpt>
<trkpt lat="52.503892" lon="13.340135"><ele>33.75</ele></trkpt>
<trkpt lat="52.503948" lon="13.340193"><ele>34.0</ele></trkpt>
<trkpt lat="52.504550" lon="13.340830"><ele>34.0</ele></trkpt>
<trkpt lat="52.504578" lon="13.340859"><ele>34.0</ele></trkpt>
<trkpt lat="52.504632" lon="13.340957"><ele>34.0</ele></trkpt>
<trkpt lat="52.504679" lon="13.341042"><ele>34.0</ele></trkpt>
<trkpt lat="52.504808" lon="13.341166"><ele>34.0</ele></trkpt>
<trkpt lat="52.504865" lon="13.341204"><ele>34.0</ele></trkpt>
<trkpt lat="52.504897" lon="13.341226"><ele>34.0</ele></trkpt>
<trkpt lat="52.504958" lon="13.341251"><ele>34.0</ele></trkpt>
<trkpt lat="52.505020" lon="13.341276"><ele>34.0</ele></trkpt>
<trkpt lat="52.505138" lon="13.341299"><ele>34.0</ele></trkpt>
<trkpt lat="52.505203" lon="13.341312"><ele>34.0</ele></trkpt>
<trkpt lat="52.505242" lon="13.341319"><ele>34.0</ele></trkpt>
<trkpt lat="52.505290" lon="13.341329"><ele>33.75</ele></trkpt>
<trkpt lat="52.505516" lon="13.341370"><ele>34.0</ele></trkpt>
<trkpt lat="52.505613" lon="13.341439"><ele>34.0</ele></trkpt>
<trkpt lat="52.505654" lon="13.341485"><ele>34.0</ele></trkpt>
<trkpt lat="52.505692" lon="13.341546"><ele>34.0</ele></trkpt>
<trkpt lat="52.505729" lon="13.341612"><ele>34.0</ele></trkpt>
<trkpt lat="52.505764" lon="13.341702"><ele>34.0</ele></trkpt>
<trkpt lat="52.505873" lon="13.342193"><ele>34.0</ele></trkpt>
<trkpt lat="52.505942" lon="13.342538"><ele>34.5</ele></trkpt>
<trkpt lat="52.506058" lon="13.343112"><ele>35.0</ele></trkpt>
<trkpt lat="52.506091" lon="13.343275"><ele>35.0</ele></trkpt>
<trkpt lat="52.506164" lon="13.343636"><ele>35.0</ele></trkpt>
<trkpt lat="52.506275" lon="13.344183"><ele>35.0</ele></trkpt>
<trkpt lat="52.506363" lon="13.344616"><ele>35.0</ele></trkpt>
<trkpt lat="52.506442" lon="13.345010"><ele>35.0</ele></trkpt>
<trkpt lat="52.506562" lon="13.345626"><ele>35.0</ele></trkpt>
<trkpt lat="52.506573" lon="13.345680"><ele>35.0</ele></trkpt>
<trkpt lat="52.506581" lon="13.345726"><ele>35.0</ele></trkpt>
<trkpt lat="52.506642" lon="13.346033"><ele>35.0</ele></trkpt>
<trkpt lat="52.506644" lon="13.346043"><ele>35.0</ele></trkpt>
<trkpt lat="52.506654" lon="13.346093"><ele>35.0</ele></trkpt>
<trkpt lat="52.506822" lon="13.346950"><ele>35.0</ele></trkpt>
<trkpt lat="52.506902" lon="13.347277"><ele>35.75</ele></trkpt>
<trkpt lat="52.507028" lon="13.347698"><ele>35.75</ele></trkpt>
<trkpt lat="52.507095" lon="13.347858"><ele>34.75</ele></trkpt>
<trkpt lat="52.507194" lon="13.348053"><ele>32.25</ele></trkpt>
<trkpt lat="52.507329" lon="13.348314"><ele>33.5</ele></trkpt>
<trkpt lat="52.507355" lon="13.348352"><ele>33.75</ele></trkpt>
<trkpt lat="52.507432" lon="13.348474"><ele>35.25</ele></trkpt>
<trkpt lat="52.507481" lon="13.348555"><ele>35.75</ele></trkpt>
<trkpt lat="52.507538" lon="13.348635"><ele>35.75</ele></trkpt>
<trkpt lat="52.507646" lon="13.348771"><ele>35.25</ele></trkpt>
<trkpt lat="52.507794" lon="13.348918"><ele>35.0</ele></trkpt>
<trkpt lat="52.508021" lon="13.349141"><ele>35.0</ele></trkpt>
<trkpt lat="52.508390" lon="13.349448"><ele>34.0</ele></trkpt>
<trkpt lat="52.508480" lon="13.349494"><ele>34.0</ele></trkpt>
<trkpt lat="52.508559" lon="13.349527"><ele>34.0</ele></trkpt>
<trkpt lat="52.508632" lon="13.349549"><ele>33.75</ele></trkpt>
<trkpt lat="52.508888" lon="13.349615"><ele>33.25</ele></trkpt>
<trkpt lat="52.508981" lon="13.349663"><ele>33.0</ele></trkpt>
<trkpt lat="52.509058" lon="13.349722"><ele>33.0</ele></trkpt>
<trkpt lat="52.509142" lon="13.349813"><ele>33.0</ele></trkpt>
<trkpt lat="52.509167" lon="13.349850"><ele>33.0</ele></trkpt>
<trkpt lat="52.509264" lon="13.350040"><ele>33.25</ele></trkpt>
<trkpt lat="52.509337" lon="13.350220"><ele>33.25</ele></trkpt>
<trkpt lat="52.509418" lon="13.350510"><ele>33.0</ele></trkpt>
<trkpt lat="52.509451" lon="13.350684"><ele>33.0</ele></trkpt>
<trkpt lat="52.509491" lon="13.350973"><ele>33.0</ele></trkpt>
<trkpt lat="52.509497" lon="13.351013"><ele>33.0</ele></trkpt>
<trkpt lat="52.509500" lon="13.351040"><ele>33.0</ele></trkpt>
<trkpt lat="52.509510" lon="13.351150"><ele>32.75</ele></trkpt>
<trkpt lat="52.509523" lon="13.351288"><ele>33.0</ele></trkpt>
<trkpt lat="52.509541" lon="13.351496"><ele>33.0</ele></trkpt>
<trkpt lat="52.509551" lon="13.351624"><ele>33.0</ele></trkpt>
<trkpt lat="52.509557" lon="13.351709"><ele>33.0</ele></trkpt>
<trkpt lat="52.509561" lon="13.351782"><ele>33.0</ele></trkpt>
<trkpt lat="52.509579" lon="13.352113"><ele>33.0</ele></trkpt>
<trkpt lat="52.509590" lon="13.352348"><ele>33.0</ele></trkpt>
<trkpt lat="52.509602" lon="13.352611"><ele>33.25</ele></trkpt>
<trkpt lat="52.509614" lon="13.352908"><ele>33.0</ele></trkpt>
<trkpt lat="52.509602" lon="13.353092"><ele>33.0</ele></trkpt>
<trkpt lat="52.509594" lon="13.353221"><ele>33.0</ele></trkpt>
<trkpt lat="52.509594" lon="13.353532"><ele>33.25</ele></trkpt>
<trkpt lat="52.509615" lon="13.353916"><ele>34.0</ele></trkpt>
<trkpt lat="52.509659" lon="13.354414"><ele>34.0</ele></trkpt>
<trkpt lat="52.509703" lon="13.354922"><ele>34.0</ele></trkpt>
<trkpt lat="52.509721" lon="13.355133"><ele>34.0</ele></trkpt>
<trkpt lat="52.509734" lon="13.355280"><ele>33.75</ele></trkpt>
<trkpt lat="52.509766" lon="13.355650"><ele>33.75</ele></trkpt>
<trkpt lat="52.509835" lon="13.356434"><ele>34.0</ele></trkpt>
<trkpt lat="52.509895" lon="13.357283"><ele>34.0</ele></trkpt>
<trkpt lat="52.509905" lon="13.357623"><ele>34.0</ele></trkpt>
<trkpt lat="52.509911" lon="13.358007"><ele>34.0</ele></trkpt>
<trkpt lat="52.509903" lon="13.358570"><ele>34.0</ele></trkpt>
<trkpt lat="52.509888" lon="13.358900"><ele>34.0</ele></trkpt>
<trkpt lat="52.509881" lon="13.359048"><ele>34.0</ele></trkpt>
<trkpt lat="52.509878" lon="13.359089"><ele>34.0</ele></trkpt>
<trkpt lat="52.509877" lon="13.359123"><ele>34.0</ele></trkpt>
<trkpt lat="52.509874" lon="13.359232"><ele>34.0</ele></trkpt>
<trkpt lat="52.509849" lon="13.360106"><ele>34.0</ele></trkpt>
<trkpt lat="52.509844" lon="13.360275"><ele>34.0</ele></trkpt>
<trkpt lat="52.509839" lon="13.360468"><ele>34.0</ele></trkpt>
<trkpt lat="52.509829" lon="13.360832"><ele>34.0</ele></trkpt>
<trkpt lat="52.509821" lon="13.361133"><ele>34.0</ele></trkpt>
<trkpt lat="52.509818" lon="13.361342"><ele>34.0</ele></trkpt>
<trkpt lat="52.509817" lon="13.361468"><ele>34.0</ele></trkpt>
<trkpt lat="52.509813" lon="13.361613"><ele>34.0</ele></trkpt>
<trkpt lat="52.509808" lon="13.361814"><ele>34.0</ele></trkpt>
<trkpt lat="52.509794" lon="13.362426"><ele>34.0</ele></trkpt>
<trkpt lat="52.509791" lon="13.362480"><ele>34.0</ele></trkpt>
<trkpt lat="52.509782" lon="13.362652"><ele>34.0</ele></trkpt>
<trkpt lat="52.509776" lon="13.362881"><ele>34.0</ele></trkpt>
<trkpt lat="52.509783" lon="13.363059"><ele>34.0</ele></trkpt>
<trkpt lat="52.509795" lon="13.363151"><ele>34.0</ele></trkpt>
<trkpt lat="52.509806" lon="13.363240"><ele>34.0</ele></trkpt>
<trkpt lat="52.509842" lon="13.363463"><ele>34.0</ele></trkpt>
<trkpt lat="52.509951" lon="13.364138"><ele>33.25</ele></trkpt>
<trkpt lat="52.509961" lon="13.364200"><ele>33.0</ele></trkpt>
<trkpt lat="52.509989" lon="13.364365"><ele>33.0</ele></trkpt>
<trkpt lat="52.510014" lon="13.364519"><ele>33.0</ele></trkpt>
<trkpt lat="52.510023" lon="13.364577"><ele>33.0</ele></trkpt>
<trkpt lat="52.510152" lon="13.365344"><ele>33.25</ele></trkpt>
<trkpt lat="52.510258" lon="13.365978"><ele>33.0</ele></trkpt>
<trkpt lat="52.510348" lon="13.366505"><ele>33.0</ele></trkpt>
<trkpt lat="52.510412" lon="13.366885"><ele>33.75</ele></trkpt>
<trkpt lat="52.510681" lon="13.368454"><ele>34.0</ele></trkpt>
<trkpt lat="52.510748" lon="13.368805"><ele>33.75</ele></trkpt>
<trkpt lat="52.510852" lon="13.369439"><ele>33.75</ele></trkpt>
<trkpt lat="52.510932" lon="13.369942"><ele>34.0</ele></trkpt>
<trkpt lat="52.511010" lon="13.370455"><ele>34.0</ele></trkpt>
<trkpt lat="52.511083" lon="13.370877"><ele>34.0</ele></trkpt>
<trkpt lat="52.511087" lon="13.370902"><ele>34.0</ele></trkpt>
<trkpt lat="52.511093" lon="13.370940"><ele>34.0</ele></trkpt>
<trkpt lat="52.511103" lon="13.371006"><ele>34.0</ele></trkpt>
<trkpt lat="52.511115" lon="13.371087"><ele>33.75</ele></trkpt>
<trkpt lat="52.511140" lon="13.371248"><ele>33.75</ele></trkpt>
<trkpt lat="52.511157" lon="13.371364"><ele>33.75</ele></trkpt>
<trkpt lat="52.511166" lon="13.371425"><ele>34.0</ele></trkpt>
<trkpt lat="52.511188" lon="13.371574"><ele>34.0</ele></trkpt>
<trkpt lat="52.511223" lon="13.371833"><ele>34.0</ele></trkpt>
<trkpt lat="52.511248" lon="13.372019"><ele>34.0</ele></trkpt>
<trkpt lat="52.511295" lon="13.372370"><ele>34.0</ele></trkpt>
<trkpt lat="52.511452" lon="13.373527"><ele>34.0</ele></trkpt>
<trkpt lat="52.511518" lon="13.373984"><ele>34.0</ele></trkpt>
<trkpt lat="52.511529" lon="13.374043"><ele>34.0</ele></trkpt>
<trkpt lat="52.511554" lon="13.374150"><ele>34.0</ele></trkpt>
<trkpt lat="52.511645" lon="13.374531"><ele>34.0</ele></trkpt>
<trkpt lat="52.511738" lon="13.374923"><ele>34.0</ele></trkpt>
<trkpt lat="52.511749" lon="13.374969"><ele>34.0</ele></trkpt>
<trkpt lat="52.511849" lon="13.375394"><ele>34.0</ele></trkpt>
<trkpt lat="52.511953" lon="13.375819"><ele>34.0</ele></trkpt>
<trkpt lat="52.511971" lon="13.375863"><ele>34.0</ele></trkpt>
<trkpt lat="52.512197" lon="13.376253"><ele>34.0</ele></trkpt>
<trkpt lat="52.512329" lon="13.376487"><ele>34.0</ele></trkpt>
<trkpt lat="52.512342" lon="13.376515"><ele>34.0</ele></trkpt>
<trkpt lat="52.512358" lon="13.376601"><ele>34.0</ele></trkpt>
<trkpt lat="52.512362" lon="13.376818"><ele>34.0</ele></trkpt>
<trkpt lat="52.512362" lon="13.376883"><ele>34.0</ele></trkpt>
<trkpt lat="52.512360" lon="13.376960"><ele>34.0</ele></trkpt>
<trkpt lat="52.512360" lon="13.377031"><ele>34.0</ele></trkpt>
<trkpt lat="52.512358" lon="13.377183"><ele>34.0</ele></trkpt>
<trkpt lat="52.512395" lon="13.377264"><ele>34.0</ele></trkpt>
<trkpt lat="52.512541" lon="13.377286"><ele>34.0</ele></trkpt>
<trkpt lat="52.512554" lon="13.377287"><ele>34.0</ele></trkpt>
<trkpt lat="52.512588" lon="13.377290"><ele>34.0</ele></trkpt>
<trkpt lat="52.512612" lon="13.377292"><ele>34.0</ele></trkpt>
<trkpt lat="52.512834" lon="13.377296"><ele>34.0</ele></trkpt>
<trkpt lat="52.512861" lon="13.377298"><ele>34.0</ele></trkpt>
<trkpt lat="52.512972" lon="13.377299"><ele>34.0</ele></trkpt>
<trkpt lat="52.513008" lon="13.377364"><ele>34.0</ele></trkpt>
<trkpt lat="52.513039" lon="13.377420"><ele>34.0</ele></trkpt>
<trkpt lat="52.513153" lon="13.378029"><ele>34.0</ele></trkpt>
<trkpt lat="52.513473" lon="13.379667"><ele>34.25</ele></trkpt>
<trkpt lat="52.513539" lon="13.380002"><ele>34.25</ele></trkpt>
<trkpt lat="52.513586" lon="13.380186"><ele>34.0</ele></trkpt>
<trkpt lat="52.513630" lon="13.380346"><ele>34.25</ele></trkpt>
<trkpt lat="52.513694" lon="13.380674"><ele>35.0</ele></trkpt>
<trkpt lat="52.513728" lon="13.380847"><ele>35.0</ele></trkpt>
<trkpt lat="52.513768" lon="13.381051"><ele>35.0</ele></trkpt>
<trkpt lat="52.513833" lon="13.381389"><ele>34.75</ele></trkpt>
<trkpt lat="52.513915" lon="13.381821"><ele>34.0</ele></trkpt>
<trkpt lat="52.513917" lon="13.381831"><ele>34.0</ele></trkpt>
<trkpt lat="52.513928" lon="13.381893"><ele>34.0</ele></trkpt>
<trkpt lat="52.513965" lon="13.382106"><ele>34.0</ele></trkpt>
<trkpt lat="52.513996" lon="13.382291"><ele>34.0</ele></trkpt>
<trkpt lat="52.514007" lon="13.382351"><ele>34.0</ele></trkpt>
<trkpt lat="52.514132" lon="13.382912"><ele>34.0</ele></trkpt>
<trkpt lat="52.514147" lon="13.382978"><ele>34.0</ele></trkpt>
<trkpt lat="52.514167" lon="13.383066"><ele>34.0</ele></trkpt>
<trkpt lat="52.514292" lon="13.383630"><ele>34.0</ele></trkpt>
<trkpt lat="52.514338" lon="13.383911"><ele>34.0</ele></trkpt>
<trkpt lat="52.514374" lon="13.384200"><ele>34.0</ele></trkpt>
<trkpt lat="52.514423" lon="13.384600"><ele>34.0</ele></trkpt>
<trkpt lat="52.514428" lon="13.384636"><ele>34.0</ele></trkpt>
<trkpt lat="52.514459" lon="13.384780"><ele>33.75</ele></trkpt>
<trkpt lat="52.514480" lon="13.384869"><ele>34.0</ele></trkpt>
<trkpt lat="52.514486" lon="13.384911"><ele>34.0</ele></trkpt>
<trkpt lat="52.514497" lon="13.385071"><ele>34.0</ele></trkpt>
<trkpt lat="52.514500" lon="13.385125"><ele>34.0</ele></trkpt>
<trkpt lat="52.514506" lon="13.385212"><ele>34.0</ele></trkpt>
<trkpt lat="52.514540" lon="13.385734"><ele>34.0</ele></trkpt>
<trkpt lat="52.514561" lon="13.386051"><ele>34.0</ele></trkpt>
<trkpt lat="52.514563" lon="13.386092"><ele>34.0</ele></trkpt>
<trkpt lat="52.514572" lon="13.386218"><ele>34.0</ele></trkpt>
<trkpt lat="52.514581" lon="13.386367"><ele>34.0</ele></trkpt>
<trkpt lat="52.514585" lon="13.386429"><ele>34.0</ele></trkpt>
<trkpt lat="52.514655" lon="13.387526"><ele>34.0</ele></trkpt>
<trkpt lat="52.514665" lon="13.387696"><ele>34.0</ele></trkpt>
<trkpt lat="52.514709" lon="13.388381"><ele>34.0</ele></trkpt>
<trkpt lat="52.514721" lon="13.388580"><ele>34.0</ele></trkpt>
<trkpt lat="52.514729" lon="13.388704"><ele>34.0</ele></trkpt>
<trkpt lat="52.514746" lon="13.388972"><ele>34.0</ele></trkpt>
<trkpt lat="52.514749" lon="13.389027"><ele>34.0</ele></trkpt>
<trkpt lat="52.514759" lon="13.389179"><ele>34.0</ele></trkpt>
<trkpt lat="52.514769" lon="13.389344"><ele>34.0</ele></trkpt>
<trkpt lat="52.514773" lon="13.389403"><ele>34.0</ele></trkpt>
<trkpt lat="52.514791" lon="13.389687"><ele>34.0</ele></trkpt>
<trkpt lat="52.514803" lon="13.389876"><ele>34.0</ele></trkpt>
<trkpt lat="52.514806" lon="13.389913"><ele>34.0</ele></trkpt>
<trkpt lat="52.514825" lon="13.390215"><ele>34.0</ele></trkpt>
<trkpt lat="52.514831" lon="13.390312"><ele>33.75</ele></trkpt>
<trkpt lat="52.514850" lon="13.390607"><ele>34.0</ele></trkpt>
<trkpt lat="52.514868" lon="13.390891"><ele>34.0</ele></trkpt>
<trkpt lat="52.514872" lon="13.390954"><ele>34.0</ele></trkpt>
<trkpt lat="52.514880" lon="13.391080"><ele>34.0</ele></trkpt>
<trkpt lat="52.514891" lon="13.391259"><ele>34.0</ele></trkpt>
<trkpt lat="52.514894" lon="13.391325"><ele>34.0</ele></trkpt>
<trkpt lat="52.514899" lon="13.391404"><ele>34.0</ele></trkpt>
<trkpt lat="52.514955" lon="13.392321"><ele>34.0</ele></trkpt>
<trkpt lat="52.514983" lon="13.392769"><ele>34.0</ele></trkpt>
<trkpt lat="52.514990" lon="13.392887"><ele>34.0</ele></trkpt>
<trkpt lat="52.514991" lon="13.392900"><ele>34.0</ele></trkpt>
<trkpt lat="52.514999" lon="13.393028"><ele>34.0</ele></trkpt>
<trkpt lat="52.515007" lon="13.393149"><ele>33.75</ele></trkpt>
<trkpt lat="52.515009" lon="13.393184"><ele>33.75</ele></trkpt>
<trkpt lat="52.515021" lon="13.393412"><ele>33.75</ele></trkpt>
<trkpt lat="52.515100" lon="13.394627"><ele>34.0</ele></trkpt>
<trkpt lat="52.515105" lon="13.394711"><ele>34.0</ele></trkpt>
<trkpt lat="52.515132" lon="13.395113"><ele>34.0</ele></trkpt>
<trkpt lat="52.515157" lon="13.395520"><ele>34.0</ele></trkpt>
<trkpt lat="52.515170" lon="13.395714"><ele>34.0</ele></trkpt>
<trkpt lat="52.515231" lon="13.396676"><ele>34.0</ele></trkpt>
<trkpt lat="52.515236" lon="13.396757"><ele>34.0</ele></trkpt>
<trkpt lat="52.515316" lon="13.396740"><ele>34.0</ele></trkpt>
<trkpt lat="52.515356" lon="13.396730"><ele>34.0</ele></trkpt>
<trkpt lat="52.515389" lon="13.396723"><ele>34.0</ele></trkpt>
<trkpt lat="52.515475" lon="13.396703"><ele>34.0</ele></trkpt>
<trkpt lat="52.515593" lon="13.396676"><ele>34.0</ele></trkpt>
<trkpt lat="52.515685" lon="13.396655"><ele>34.0</ele></trkpt>
<trkpt lat="52.516063" lon="13.396570"><ele>34.0</ele></trkpt>
<trkpt lat="52.516243" lon="13.396532"><ele>34.0</ele></trkpt>
<trkpt lat="52.516315" lon="13.396517"><ele>34.25</ele></trkpt>
<trkpt lat="52.516393" lon="13.396502"><ele>34.25</ele></trkpt>
<trkpt lat="52.516563" lon="13.396468"><ele>34.25</ele></trkpt>
<trkpt lat="52.517017" lon="13.396379"><ele>34.0</ele></trkpt>
<trkpt lat="52.517091" lon="13.396363"><ele>34.0</ele></trkpt>
<trkpt lat="52.517341" lon="13.396313"><ele>34.0</ele></trkpt>
<trkpt lat="52.517353" lon="13.396310"><ele>34.0</ele></trkpt>
<trkpt lat="52.517378" lon="13.396305"><ele>34.0</ele></trkpt>
<trkpt lat="52.517422" lon="13.396297"><ele>34.0</ele></trkpt>
<trkpt lat="52.517532" lon="13.396274"><ele>34.0</ele></trkpt>
<trkpt lat="52.517597" lon="13.396260"><ele>34.0</ele></trkpt>
<trkpt lat="52.517624" lon="13.396254"><ele>34.0</ele></trkpt>
<trkpt lat="52.517693" lon="13.396240"><ele>34.0</ele></trkpt>
<trkpt lat="52.517878" lon="13.396203"><ele>34.0</ele></trkpt>
<trkpt lat="52.518328" lon="13.396114"><ele>34.0</ele></trkpt>
<trkpt lat="52.518358" lon="13.396108"><ele>34.0</ele></trkpt>
<trkpt lat="52.518446" lon="13.396090"><ele>34.0</ele></trkpt>
<trkpt lat="52.518508" lon="13.396078"><ele>34.0</ele></trkpt>
<trkpt lat="52.518549" lon="13.396069"><ele>34.0</ele></trkpt>
<trkpt lat="52.518709" lon="13.396037"><ele>34.0</ele></trkpt>
<trkpt lat="52.518744" lon="13.396030"><ele>34.0</ele></trkpt>
<trkpt lat="52.518815" lon="13.396033"><ele>34.0</ele></trkpt>
<trkpt lat="52.518836" lon="13.396049"><ele>34.0</ele></trkpt>
<trkpt lat="52.518857" lon="13.396077"><ele>34.0</ele></trkpt>
<trkpt lat="52.518894" lon="13.396167"><ele>34.0</ele></trkpt>
<trkpt lat="52.519094" lon="13.396683"><ele>34.75</ele></trkpt>
<trkpt lat="52.519118" lon="13.396745"><ele>34.75</ele></trkpt>
<trkpt lat="52.519165" lon="13.396885"><ele>34.75</ele></trkpt>
<trkpt lat="52.519237" lon="13.397109"><ele>34.5</ele></trkpt>
<trkpt lat="52.519272" lon="13.397210"><ele>33.75</ele></trkpt>
<trkpt lat="52.519296" lon="13.397282"><ele>33.25</ele></trkpt>
<trkpt lat="52.519301" lon="13.397295"><ele>33.0</ele></trkpt>
<trkpt lat="52.519403" lon="13.397578"><ele>32.5</ele></trkpt>
<trkpt lat="52.519436" lon="13.397665"><ele>33.5</ele></trkpt>
<trkpt lat="52.519469" lon="13.397751"><ele>34.5</ele></trkpt>
<trkpt lat="52.519514" lon="13.397871"><ele>34.25</ele></trkpt>
<trkpt lat="52.519594" lon="13.398079"><ele>34.0</ele></trkpt>
<trkpt lat="52.519853" lon="13.398729"><ele>34.25</ele></trkpt>
<trkpt lat="52.520032" lon="13.399192"><ele>34.0</ele></trkpt>
<trkpt lat="52.520212" lon="13.399573"><ele>34.75</ele></trkpt>
<trkpt lat="52.520332" lon="13.399821"><ele>34.25</ele></trkpt>
<trkpt lat="52.520385" lon="13.399934"><ele>33.5</ele></trkpt>
<trkpt lat="52.520174" lon="13.399949"><ele>35.0</ele></trkpt>
<trkpt lat="52.519999" lon="13.399993"><ele>34.75</ele></trkpt>
</trkseg></trk></gpx>
