<?xml version="1.0" encoding="UTF-8"?>
<!-- track-length = 45666 filtered ascend = 37 plain-ascend = 0 cost=70114 energy=.0kwh time=2m 56s AUTO selected ISO_GREEDY (score 0.899) after 1 candidate(s) in 7599ms. short shared stem near start/end: 44m -->
<gpx
 xmlns="http://www.topografix.com/GPX/1/1"
 xmlns:xsi="http://www.w3.org/2001/XMLSchema-instance"
 xsi:schemaLocation="http://www.topografix.com/GPX/1/1 http://www.topografix.com/GPX/1/1/gpx.xsd"
 creator="BRouter-null" version="1.1">
 <trk>
  <name>unset</name>
  <trkseg>
   <trkpt lon="13.399993" lat="52.519999"><ele>34.75</ele></trkpt>
   <trkpt lon="13.399949" lat="52.520174"><ele>35.0</ele></trkpt>
   <trkpt lon="13.399934" lat="52.520385"><ele>33.5</ele></trkpt>
   <trkpt lon="13.400386" lat="52.520564"></trkpt>
   <trkpt lon="13.400810" lat="52.520735"><ele>33.5</ele></trkpt>
   <trkpt lon="13.400837" lat="52.520744"><ele>34.0</ele></trkpt>
   <trkpt lon="13.400892" lat="52.520764"><ele>34.25</ele></trkpt>
   <trkpt lon="13.400948" lat="52.520801"><ele>34.75</ele></trkpt>
   <trkpt lon="13.401004" lat="52.520776"><ele>34.75</ele></trkpt>
   <trkpt lon="13.401046" lat="52.520781"><ele>34.75</ele></trkpt>
   <trkpt lon="13.401187" lat="52.520827"><ele>35.0</ele></trkpt>
   <trkpt lon="13.401533" lat="52.520942"><ele>35.0</ele></trkpt>
   <trkpt lon="13.402022" lat="52.521104"><ele>35.0</ele></trkpt>
   <trkpt lon="13.402354" lat="52.521213"><ele>35.0</ele></trkpt>
   <trkpt lon="13.402668" lat="52.521317"><ele>35.0</ele></trkpt>
   <trkpt lon="13.402732" lat="52.521338"><ele>35.0</ele></trkpt>
   <trkpt lon="13.402859" lat="52.521379"><ele>35.0</ele></trkpt>
   <trkpt lon="13.402948" lat="52.521409"><ele>35.0</ele></trkpt>
   <trkpt lon="13.402990" lat="52.521422"><ele>35.0</ele></trkpt>
   <trkpt lon="13.403103" lat="52.521458"><ele>35.0</ele></trkpt>
   <trkpt lon="13.403280" lat="52.521518"><ele>35.0</ele></trkpt>
   <trkpt lon="13.403364" lat="52.521545"><ele>35.0</ele></trkpt>
   <trkpt lon="13.403607" lat="52.521625"><ele>35.0</ele></trkpt>
   <trkpt lon="13.404128" lat="52.521794"><ele>36.0</ele></trkpt>
   <trkpt lon="13.404267" lat="52.521839"><ele>36.0</ele></trkpt>
   <trkpt lon="13.404423" lat="52.521892"><ele>36.0</ele></trkpt>
   <trkpt lon="13.404486" lat="52.521922"><ele>36.0</ele></trkpt>
   <trkpt lon="13.404517" lat="52.521960"><ele>36.0</ele></trkpt>
   <trkpt lon="13.404712" lat="52.521988"><ele>36.0</ele></trkpt>
   <trkpt lon="13.404738" lat="52.521992"><ele>36.0</ele></trkpt>
   <trkpt lon="13.404838" lat="52.522022"><ele>36.0</ele></trkpt>
   <trkpt lon="13.404955" lat="52.522059"><ele>36.0</ele></trkpt>
   <trkpt lon="13.405045" lat="52.522088"><ele>36.0</ele></trkpt>
   <trkpt lon="13.405300" lat="52.522183"><ele>36.0</ele></trkpt>
   <trkpt lon="13.405431" lat="52.522237"><ele>36.0</ele></trkpt>
   <trkpt lon="13.405473" lat="52.522254"><ele>36.0</ele></trkpt>
   <trkpt lon="13.405720" lat="52.522356"><ele>36.0</ele></trkpt>
   <trkpt lon="13.406322" lat="52.522655"><ele>36.25</ele></trkpt>
   <trkpt lon="13.406408" lat="52.522699"><ele>36.25</ele></trkpt>
   <trkpt lon="13.406473" lat="52.522731"><ele>36.25</ele></trkpt>
   <trkpt lon="13.406513" lat="52.522752"><ele>36.25</ele></trkpt>
   <trkpt lon="13.406807" lat="52.522896"><ele>37.0</ele></trkpt>
   <trkpt lon="13.406877" lat="52.522947"><ele>37.0</ele></trkpt>
   <trkpt lon="13.406937" lat="52.523002"><ele>37.0</ele></trkpt>
   <trkpt lon="13.406969" lat="52.523047"><ele>36.75</ele></trkpt>
   <trkpt lon="13.406986" lat="52.523075"><ele>37.0</ele></trkpt>
   <trkpt lon="13.407062" lat="52.523192"><ele>37.0</ele></trkpt>
   <trkpt lon="13.407161" lat="52.523366"><ele>37.0</ele></trkpt>
   <trkpt lon="13.407197" lat="52.523422"><ele>37.0</ele></trkpt>
   <trkpt lon="13.407234" lat="52.523490"><ele>37.0</ele></trkpt>
   <trkpt lon="13.407383" lat="52.523773"><ele>36.75</ele></trkpt>
   <trkpt lon="13.407891" lat="52.524456"><ele>36.0</ele></trkpt>
   <trkpt lon="13.407914" lat="52.524522"><ele>36.0</ele></trkpt>
   <trkpt lon="13.408007" lat="52.524486"><ele>36.0</ele></trkpt>
   <trkpt lon="13.408052" lat="52.524472"><ele>36.0</ele></trkpt>
   <trkpt lon="13.408736" lat="52.524245"><ele>36.0</ele></trkpt>
   <trkpt lon="13.408849" lat="52.524208"><ele>36.0</ele></trkpt>
   <trkpt lon="13.408916" lat="52.524185"><ele>36.0</ele></trkpt>
   <trkpt lon="13.409008" lat="52.524155"><ele>36.0</ele></trkpt>
   <trkpt lon="13.409037" lat="52.524145"><ele>36.0</ele></trkpt>
   <trkpt lon="13.409142" lat="52.524110"><ele>36.0</ele></trkpt>
   <trkpt lon="13.409385" lat="52.524019"><ele>36.0</ele></trkpt>
   <trkpt lon="13.409436" lat="52.524012"><ele>36.0</ele></trkpt>
   <trkpt lon="13.409623" lat="52.523986"><ele>36.0</ele></trkpt>
   <trkpt lon="13.409807" lat="52.523966"><ele>36.0</ele></trkpt>
   <trkpt lon="13.409996" lat="52.523957"><ele>36.0</ele></trkpt>
   <trkpt lon="13.410723" lat="52.523919"><ele>36.5</ele></trkpt>
   <trkpt lon="13.410996" lat="52.523911"><ele>37.0</ele></trkpt>
   <trkpt lon="13.411347" lat="52.523903"><ele>37.0</ele></trkpt>
   <trkpt lon="13.411439" lat="52.523901"><ele>37.0</ele></trkpt>
   <trkpt lon="13.411736" lat="52.523895"><ele>37.0</ele></trkpt>
   <trkpt lon="13.411904" lat="52.523894"><ele>37.0</ele></trkpt>
   <trkpt lon="13.411962" lat="52.523894"><ele>37.0</ele></trkpt>
   <trkpt lon="13.412065" lat="52.523893"><ele>37.0</ele></trkpt>
   <trkpt lon="13.412151" lat="52.523893"><ele>37.0</ele></trkpt>
   <trkpt lon="13.412333" lat="52.523864"><ele>37.0</ele></trkpt>
   <trkpt lon="13.412378" lat="52.523843"><ele>37.0</ele></trkpt>
   <trkpt lon="13.412682" lat="52.523700"><ele>37.0</ele></trkpt>
   <trkpt lon="13.412760" lat="52.523665"><ele>37.0</ele></trkpt>
   <trkpt lon="13.413107" lat="52.523506"><ele>37.0</ele></trkpt>
   <trkpt lon="13.413528" lat="52.523310"><ele>37.0</ele></trkpt>
   <trkpt lon="13.413624" lat="52.523265"><ele>37.0</ele></trkpt>
   <trkpt lon="13.413678" lat="52.523240"><ele>37.0</ele></trkpt>
   <trkpt lon="13.413830" lat="52.523169"><ele>37.0</ele></trkpt>
   <trkpt lon="13.413966" lat="52.523106"><ele>37.0</ele></trkpt>
   <trkpt lon="13.414481" lat="52.522865"><ele>37.0</ele></trkpt>
   <trkpt lon="13.414797" lat="52.522721"><ele>37.0</ele></trkpt>
   <trkpt lon="13.415045" lat="52.522604"><ele>37.0</ele></trkpt>
   <trkpt lon="13.415088" lat="52.522584"><ele>37.0</ele></trkpt>
   <trkpt lon="13.415147" lat="52.522555"><ele>37.0</ele></trkpt>
   <trkpt lon="13.415193" lat="52.522532"><ele>37.0</ele></trkpt>
   <trkpt lon="13.415226" lat="52.522516"><ele>37.0</ele></trkpt>
   <trkpt lon="13.415259" lat="52.522500"><ele>37.0</ele></trkpt>
   <trkpt lon="13.415271" lat="52.522494"><ele>37.0</ele></trkpt>
   <trkpt lon="13.415398" lat="52.522436"><ele>37.0</ele></trkpt>
   <trkpt lon="13.415814" lat="52.522245"><ele>37.0</ele></trkpt>
   <trkpt lon="13.416073" lat="52.522125"><ele>37.0</ele></trkpt>
   <trkpt lon="13.416124" lat="52.522101"><ele>37.0</ele></trkpt>
   <trkpt lon="13.416265" lat="52.522034"><ele>37.0</ele></trkpt>
   <trkpt lon="13.416535" lat="52.521894"><ele>37.0</ele></trkpt>
   <trkpt lon="13.416613" lat="52.521870"><ele>37.0</ele></trkpt>
   <trkpt lon="13.416728" lat="52.521835"><ele>37.0</ele></trkpt>
   <trkpt lon="13.416806" lat="52.521811"><ele>37.0</ele></trkpt>
   <trkpt lon="13.417199" lat="52.521693"><ele>36.75</ele></trkpt>
   <trkpt lon="13.417891" lat="52.521483"><ele>36.25</ele></trkpt>
   <trkpt lon="13.418580" lat="52.521275"><ele>36.0</ele></trkpt>
   <trkpt lon="13.419129" lat="52.521108"><ele>36.0</ele></trkpt>
   <trkpt lon="13.419411" lat="52.521023"><ele>36.0</ele></trkpt>
   <trkpt lon="13.419651" lat="52.520950"><ele>36.0</ele></trkpt>
   <trkpt lon="13.421879" lat="52.520276"><ele>36.0</ele></trkpt>
   <trkpt lon="13.422138" lat="52.520198"><ele>36.0</ele></trkpt>
   <trkpt lon="13.422198" lat="52.520180"><ele>36.0</ele></trkpt>
   <trkpt lon="13.422345" lat="52.520135"><ele>36.0</ele></trkpt>
   <trkpt lon="13.422389" lat="52.520122"><ele>36.0</ele></trkpt>
   <trkpt lon="13.422438" lat="52.520107"><ele>36.0</ele></trkpt>
   <trkpt lon="13.422581" lat="52.520064"><ele>36.0</ele></trkpt>
   <trkpt lon="13.423146" lat="52.519893"><ele>36.0</ele></trkpt>
   <trkpt lon="13.423174" lat="52.519884"><ele>36.0</ele></trkpt>
   <trkpt lon="13.423290" lat="52.519849"><ele>36.0</ele></trkpt>
   <trkpt lon="13.425008" lat="52.519326"><ele>36.0</ele></trkpt>
   <trkpt lon="13.425243" lat="52.519255"><ele>36.0</ele></trkpt>
   <trkpt lon="13.425471" lat="52.519186"><ele>36.0</ele></trkpt>
   <trkpt lon="13.426029" lat="52.519018"><ele>36.0</ele></trkpt>
   <trkpt lon="13.426269" lat="52.518955"><ele>36.0</ele></trkpt>
   <trkpt lon="13.426617" lat="52.518870"><ele>36.0</ele></trkpt>
   <trkpt lon="13.426822" lat="52.518809"><ele>36.0</ele></trkpt>
   <trkpt lon="13.426834" lat="52.518717"><ele>36.0</ele></trkpt>
   <trkpt lon="13.426971" lat="52.518655"><ele>36.0</ele></trkpt>
   <trkpt lon="13.427095" lat="52.518580"><ele>36.0</ele></trkpt>
   <trkpt lon="13.427181" lat="52.518538"><ele>36.0</ele></trkpt>
   <trkpt lon="13.427254" lat="52.518503"><ele>36.0</ele></trkpt>
   <trkpt lon="13.427432" lat="52.518388"><ele>36.0</ele></trkpt>
   <trkpt lon="13.427547" lat="52.518301"><ele>36.0</ele></trkpt>
   <trkpt lon="13.427622" lat="52.518226"><ele>36.0</ele></trkpt>
   <trkpt lon="13.427665" lat="52.518167"><ele>36.0</ele></trkpt>
   <trkpt lon="13.427816" lat="52.518135"><ele>36.0</ele></trkpt>
   <trkpt lon="13.427940" lat="52.518107"><ele>36.0</ele></trkpt>
   <trkpt lon="13.428108" lat="52.518072"><ele>36.0</ele></trkpt>
   <trkpt lon="13.428281" lat="52.518036"><ele>36.0</ele></trkpt>
   <trkpt lon="13.428463" lat="52.517996"><ele>36.0</ele></trkpt>
   <trkpt lon="13.428634" lat="52.518045"><ele>36.0</ele></trkpt>
   <trkpt lon="13.428773" lat="52.518075"><ele>36.0</ele></trkpt>
   <trkpt lon="13.429089" lat="52.518118"><ele>36.0</ele></trkpt>
   <trkpt lon="13.429197" lat="52.518125"><ele>36.0</ele></trkpt>
   <trkpt lon="13.429477" lat="52.518143"><ele>36.0</ele></trkpt>
   <trkpt lon="13.430421" lat="52.518057"><ele>35.75</ele></trkpt>
   <trkpt lon="13.430658" lat="52.518032"><ele>36.0</ele></trkpt>
   <trkpt lon="13.431179" lat="52.517978"><ele>36.0</ele></trkpt>
   <trkpt lon="13.432577" lat="52.517833"><ele>36.0</ele></trkpt>
   <trkpt lon="13.432663" lat="52.517836"><ele>36.0</ele></trkpt>
   <trkpt lon="13.432703" lat="52.517832"><ele>36.0</ele></trkpt>
   <trkpt lon="13.432911" lat="52.517817"><ele>35.75</ele></trkpt>
   <trkpt lon="13.433125" lat="52.517802"><ele>36.0</ele></trkpt>
   <trkpt lon="13.433161" lat="52.517798"><ele>36.0</ele></trkpt>
   <trkpt lon="13.433256" lat="52.517757"><ele>36.0</ele></trkpt>
   <trkpt lon="13.433512" lat="52.517728"><ele>36.0</ele></trkpt>
   <trkpt lon="13.433632" lat="52.517708"><ele>36.0</ele></trkpt>
   <trkpt lon="13.436285" lat="52.517436"><ele>35.0</ele></trkpt>
   <trkpt lon="13.436358" lat="52.517430"><ele>35.0</ele></trkpt>
   <trkpt lon="13.436399" lat="52.517424"><ele>35.0</ele></trkpt>
   <trkpt lon="13.436512" lat="52.517406"><ele>35.0</ele></trkpt>
   <trkpt lon="13.436581" lat="52.517400"><ele>35.0</ele></trkpt>
   <trkpt lon="13.438442" lat="52.517214"><ele>35.5</ele></trkpt>
   <trkpt lon="13.439601" lat="52.517097"><ele>35.25</ele></trkpt>
   <trkpt lon="13.439713" lat="52.517135"><ele>35.25</ele></trkpt>
   <trkpt lon="13.440386" lat="52.517066"><ele>35.5</ele></trkpt>
   <trkpt lon="13.440540" lat="52.517050"><ele>35.75</ele></trkpt>
   <trkpt lon="13.440725" lat="52.517033"><ele>35.75</ele></trkpt>
   <trkpt lon="13.440868" lat="52.517020"><ele>35.75</ele></trkpt>
   <trkpt lon="13.441309" lat="52.516977"><ele>36.0</ele></trkpt>
   <trkpt lon="13.441438" lat="52.516914"><ele>36.0</ele></trkpt>
   <trkpt lon="13.441715" lat="52.516883"><ele>36.0</ele></trkpt>
   <trkpt lon="13.442638" lat="52.516795"><ele>36.0</ele></trkpt>
   <trkpt lon="13.443077" lat="52.516750"><ele>36.0</ele></trkpt>
   <trkpt lon="13.444893" lat="52.516568"><ele>36.0</ele></trkpt>
   <trkpt lon="13.445903" lat="52.516463"><ele>36.5</ele></trkpt>
   <trkpt lon="13.446053" lat="52.516477"><ele>36.0</ele></trkpt>
   <trkpt lon="13.446268" lat="52.516457"><ele>36.0</ele></trkpt>
   <trkpt lon="13.446346" lat="52.516419"><ele>36.0</ele></trkpt>
   <trkpt lon="13.446382" lat="52.516416"><ele>36.0</ele></trkpt>
   <trkpt lon="13.449017" lat="52.516151"><ele>37.0</ele></trkpt>
   <trkpt lon="13.450394" lat="52.516010"><ele>37.0</ele></trkpt>
   <trkpt lon="13.452359" lat="52.515813"><ele>37.0</ele></trkpt>
   <trkpt lon="13.452487" lat="52.515820"><ele>37.0</ele></trkpt>
   <trkpt lon="13.452688" lat="52.515800"><ele>37.0</ele></trkpt>
   <trkpt lon="13.452789" lat="52.515813"><ele>37.0</ele></trkpt>
   <trkpt lon="13.453509" lat="52.515745"><ele>37.0</ele></trkpt>
   <trkpt lon="13.453565" lat="52.515739"><ele>37.0</ele></trkpt>
   <trkpt lon="13.453689" lat="52.515726"><ele>37.0</ele></trkpt>
   <trkpt lon="13.453807" lat="52.515713"><ele>37.0</ele></trkpt>
   <trkpt lon="13.453866" lat="52.515707"><ele>37.0</ele></trkpt>
   <trkpt lon="13.454121" lat="52.515680"><ele>37.0</ele></trkpt>
   <trkpt lon="13.454191" lat="52.515673"><ele>37.0</ele></trkpt>
   <trkpt lon="13.454302" lat="52.515661"><ele>37.0</ele></trkpt>
   <trkpt lon="13.454423" lat="52.515648"><ele>37.0</ele></trkpt>
   <trkpt lon="13.454469" lat="52.515643"><ele>36.75</ele></trkpt>
   <trkpt lon="13.454697" lat="52.515608"><ele>36.75</ele></trkpt>
   <trkpt lon="13.454881" lat="52.515563"><ele>36.75</ele></trkpt>
   <trkpt lon="13.456853" lat="52.515371"><ele>37.0</ele></trkpt>
   <trkpt lon="13.457116" lat="52.515345"><ele>37.0</ele></trkpt>
   <trkpt lon="13.457207" lat="52.515356"><ele>37.0</ele></trkpt>
   <trkpt lon="13.457374" lat="52.515339"><ele>37.0</ele></trkpt>
   <trkpt lon="13.457496" lat="52.515324"><ele>37.0</ele></trkpt>
   <trkpt lon="13.457565" lat="52.515287"><ele>37.0</ele></trkpt>
   <trkpt lon="13.457731" lat="52.515271"><ele>37.0</ele></trkpt>
   <trkpt lon="13.459780" lat="52.515073"><ele>37.0</ele></trkpt>
   <trkpt lon="13.459882" lat="52.515086"><ele>37.0</ele></trkpt>
   <trkpt lon="13.459908" lat="52.515084"><ele>37.0</ele></trkpt>
   <trkpt lon="13.459920" lat="52.515082"><ele>37.0</ele></trkpt>
   <trkpt lon="13.460098" lat="52.515063"><ele>37.0</ele></trkpt>
   <trkpt lon="13.460279" lat="52.515044"><ele>37.0</ele></trkpt>
   <trkpt lon="13.460311" lat="52.515041"><ele>37.0</ele></trkpt>
   <trkpt lon="13.460359" lat="52.515056"><ele>37.0</ele></trkpt>
   <trkpt lon="13.462376" lat="52.514863"><ele>37.0</ele></trkpt>
   <trkpt lon="13.462518" lat="52.514849"><ele>37.0</ele></trkpt>
   <trkpt lon="13.463310" lat="52.514765"><ele>37.0</ele></trkpt>
   <trkpt lon="13.464074" lat="52.514689"><ele>37.0</ele></trkpt>
   <trkpt lon="13.464193" lat="52.514659"><ele>37.0</ele></trkpt>
   <trkpt lon="13.464333" lat="52.514643"><ele>37.0</ele></trkpt>
   <trkpt lon="13.464487" lat="52.514626"><ele>37.0</ele></trkpt>
   <trkpt lon="13.464633" lat="52.514606"><ele>37.0</ele></trkpt>
   <trkpt lon="13.464722" lat="52.514608"><ele>37.0</ele></trkpt>
   <trkpt lon="13.464851" lat="52.514608"><ele>37.0</ele></trkpt>
   <trkpt lon="13.465996" lat="52.514490"><ele>36.75</ele></trkpt>
   <trkpt lon="13.466013" lat="52.514488"><ele>36.75</ele></trkpt>
   <trkpt lon="13.466126" lat="52.514478"><ele>37.0</ele></trkpt>
   <trkpt lon="13.466296" lat="52.514462"><ele>37.0</ele></trkpt>
   <trkpt lon="13.467069" lat="52.514386"><ele>37.0</ele></trkpt>
   <trkpt lon="13.467114" lat="52.514382"><ele>37.0</ele></trkpt>
   <trkpt lon="13.467217" lat="52.514358"><ele>37.0</ele></trkpt>
   <trkpt lon="13.467288" lat="52.514349"><ele>37.0</ele></trkpt>
   <trkpt lon="13.467319" lat="52.514346"><ele>37.0</ele></trkpt>
   <trkpt lon="13.467454" lat="52.514329"><ele>37.0</ele></trkpt>
   <trkpt lon="13.467587" lat="52.514315"><ele>37.0</ele></trkpt>
   <trkpt lon="13.467622" lat="52.514312"><ele>37.0</ele></trkpt>
   <trkpt lon="13.467646" lat="52.514309"><ele>37.0</ele></trkpt>
   <trkpt lon="13.467763" lat="52.514319"><ele>37.0</ele></trkpt>
   <trkpt lon="13.468374" lat="52.514251"><ele>37.0</ele></trkpt>
   <trkpt lon="13.468761" lat="52.514212"><ele>36.5</ele></trkpt>
   <trkpt lon="13.469039" lat="52.514182"><ele>36.0</ele></trkpt>
   <trkpt lon="13.469258" lat="52.514160"><ele>36.25</ele></trkpt>
   <trkpt lon="13.469540" lat="52.514132"><ele>37.0</ele></trkpt>
   <trkpt lon="13.469617" lat="52.514125"><ele>37.0</ele></trkpt>
   <trkpt lon="13.470621" lat="52.514025"><ele>37.0</ele></trkpt>
   <trkpt lon="13.470724" lat="52.514014"><ele>37.0</ele></trkpt>
   <trkpt lon="13.471524" lat="52.513934"><ele>37.0</ele></trkpt>
   <trkpt lon="13.471665" lat="52.513899"><ele>37.0</ele></trkpt>
   <trkpt lon="13.471782" lat="52.513862"><ele>36.5</ele></trkpt>
   <trkpt lon="13.471831" lat="52.513854"><ele>36.25</ele></trkpt>
   <trkpt lon="13.472980" lat="52.513732"><ele>37.0</ele></trkpt>
   <trkpt lon="13.473096" lat="52.513737"><ele>37.0</ele></trkpt>
   <trkpt lon="13.473145" lat="52.513733"><ele>37.0</ele></trkpt>
   <trkpt lon="13.473355" lat="52.513718"><ele>37.0</ele></trkpt>
   <trkpt lon="13.473547" lat="52.513705"><ele>37.0</ele></trkpt>
   <trkpt lon="13.473582" lat="52.513701"><ele>37.0</ele></trkpt>
   <trkpt lon="13.473633" lat="52.513697"><ele>37.0</ele></trkpt>
   <trkpt lon="13.473720" lat="52.513663"><ele>37.0</ele></trkpt>
   <trkpt lon="13.474499" lat="52.513575"><ele>36.75</ele></trkpt>
   <trkpt lon="13.474608" lat="52.513553"><ele>36.5</ele></trkpt>
   <trkpt lon="13.474825" lat="52.513530"><ele>36.5</ele></trkpt>
   <trkpt lon="13.474891" lat="52.513534"><ele>36.5</ele></trkpt>
   <trkpt lon="13.475132" lat="52.513510"><ele>37.5</ele></trkpt>
   <trkpt lon="13.475424" lat="52.513482"><ele>37.75</ele></trkpt>
   <trkpt lon="13.475605" lat="52.513484"><ele>37.25</ele></trkpt>
   <trkpt lon="13.476247" lat="52.513417"><ele>37.25</ele></trkpt>
   <trkpt lon="13.476411" lat="52.513369"><ele>37.0</ele></trkpt>
   <trkpt lon="13.476585" lat="52.513352"><ele>37.0</ele></trkpt>
   <trkpt lon="13.476651" lat="52.513344"><ele>37.0</ele></trkpt>
   <trkpt lon="13.476674" lat="52.513343"><ele>37.0</ele></trkpt>
   <trkpt lon="13.476749" lat="52.513339"><ele>37.0</ele></trkpt>
   <trkpt lon="13.476786" lat="52.513337"><ele>36.75</ele></trkpt>
   <trkpt lon="13.476842" lat="52.513334"><ele>37.0</ele></trkpt>
   <trkpt lon="13.476934" lat="52.513329"><ele>37.0</ele></trkpt>
   <trkpt lon="13.477003" lat="52.513323"><ele>37.0</ele></trkpt>
   <trkpt lon="13.477262" lat="52.513300"><ele>37.0</ele></trkpt>
   <trkpt lon="13.478249" lat="52.513204"><ele>38.0</ele></trkpt>
   <trkpt lon="13.481700" lat="52.512857"><ele>38.0</ele></trkpt>
   <trkpt lon="13.481768" lat="52.512849"><ele>38.0</ele></trkpt>
   <trkpt lon="13.482277" lat="52.512793"><ele>38.0</ele></trkpt>
   <trkpt lon="13.482788" lat="52.512735"><ele>37.75</ele></trkpt>
   <trkpt lon="13.482988" lat="52.512711"><ele>37.75</ele></trkpt>
   <trkpt lon="13.484021" lat="52.512610"><ele>38.0</ele></trkpt>
   <trkpt lon="13.484128" lat="52.512599"><ele>38.0</ele></trkpt>
   <trkpt lon="13.484169" lat="52.512595"><ele>38.0</ele></trkpt>
   <trkpt lon="13.484214" lat="52.512599"><ele>38.0</ele></trkpt>
   <trkpt lon="13.484302" lat="52.512590"><ele>38.0</ele></trkpt>
   <trkpt lon="13.484394" lat="52.512581"><ele>38.0</ele></trkpt>
   <trkpt lon="13.484476" lat="52.512564"><ele>38.0</ele></trkpt>
   <trkpt lon="13.484707" lat="52.512542"><ele>38.0</ele></trkpt>
   <trkpt lon="13.485100" lat="52.512503"><ele>38.0</ele></trkpt>
   <trkpt lon="13.485477" lat="52.512465"><ele>38.0</ele></trkpt>
   <trkpt lon="13.487435" lat="52.512264"><ele>38.0</ele></trkpt>
   <trkpt lon="13.488760" lat="52.512126"><ele>38.0</ele></trkpt>
   <trkpt lon="13.489270" lat="52.512045"><ele>38.0</ele></trkpt>
   <trkpt lon="13.489391" lat="52.512025"><ele>38.0</ele></trkpt>
   <trkpt lon="13.489489" lat="52.512009"><ele>38.0</ele></trkpt>
   <trkpt lon="13.489564" lat="52.511988"><ele>38.0</ele></trkpt>
   <trkpt lon="13.489809" lat="52.512063"><ele>38.0</ele></trkpt>
   <trkpt lon="13.489889" lat="52.512054"><ele>38.0</ele></trkpt>
   <trkpt lon="13.490328" lat="52.512011"><ele>38.0</ele></trkpt>
   <trkpt lon="13.490669" lat="52.511978"><ele>38.0</ele></trkpt>
   <trkpt lon="13.490850" lat="52.511959"><ele>38.0</ele></trkpt>
   <trkpt lon="13.490906" lat="52.511953"><ele>38.0</ele></trkpt>
   <trkpt lon="13.491255" lat="52.511917"><ele>38.0</ele></trkpt>
   <trkpt lon="13.491485" lat="52.511894"><ele>38.25</ele></trkpt>
   <trkpt lon="13.491553" lat="52.511887"><ele>38.5</ele></trkpt>
   <trkpt lon="13.491648" lat="52.511877"><ele>38.5</ele></trkpt>
   <trkpt lon="13.491808" lat="52.511862"><ele>38.75</ele></trkpt>
   <trkpt lon="13.492707" lat="52.511772"><ele>39.0</ele></trkpt>
   <trkpt lon="13.492751" lat="52.511769"><ele>39.0</ele></trkpt>
   <trkpt lon="13.492814" lat="52.511762"><ele>39.0</ele></trkpt>
   <trkpt lon="13.493107" lat="52.511738"><ele>39.0</ele></trkpt>
   <trkpt lon="13.493425" lat="52.511711"><ele>39.25</ele></trkpt>
   <trkpt lon="13.493914" lat="52.511671"><ele>40.0</ele></trkpt>
   <trkpt lon="13.494096" lat="52.511657"><ele>40.75</ele></trkpt>
   <trkpt lon="13.496749" lat="52.511447"><ele>45.0</ele></trkpt>
   <trkpt lon="13.497754" lat="52.511359"><ele>40.75</ele></trkpt>
   <trkpt lon="13.499804" lat="52.511169"><ele>39.0</ele></trkpt>
   <trkpt lon="13.500434" lat="52.511098"><ele>38.75</ele></trkpt>
   <trkpt lon="13.500726" lat="52.511063"><ele>38.75</ele></trkpt>
   <trkpt lon="13.501225" lat="52.511002"><ele>39.25</ele></trkpt>
   <trkpt lon="13.501507" lat="52.510965"><ele>41.25</ele></trkpt>
   <trkpt lon="13.502163" lat="52.510878"><ele>43.0</ele></trkpt>
   <trkpt lon="13.502825" lat="52.510803"><ele>42.5</ele></trkpt>
   <trkpt lon="13.503830" lat="52.510709"><ele>41.0</ele></trkpt>
   <trkpt lon="13.504333" lat="52.510669"><ele>41.0</ele></trkpt>
   <trkpt lon="13.504635" lat="52.510642"><ele>40.25</ele></trkpt>
   <trkpt lon="13.505038" lat="52.510609"><ele>40.0</ele></trkpt>
   <trkpt lon="13.505396" lat="52.510587"><ele>40.0</ele></trkpt>
   <trkpt lon="13.505567" lat="52.510576"><ele>40.0</ele></trkpt>
   <trkpt lon="13.505641" lat="52.510571"><ele>40.0</ele></trkpt>
   <trkpt lon="13.508028" lat="52.510427"><ele>40.0</ele></trkpt>
   <trkpt lon="13.508370" lat="52.510406"><ele>40.0</ele></trkpt>
   <trkpt lon="13.508633" lat="52.510390"><ele>40.0</ele></trkpt>
   <trkpt lon="13.511271" lat="52.510233"><ele>40.0</ele></trkpt>
   <trkpt lon="13.512021" lat="52.510188"><ele>40.0</ele></trkpt>
   <trkpt lon="13.512007" lat="52.510099"><ele>40.0</ele></trkpt>
   <trkpt lon="13.512161" lat="52.510077"><ele>40.0</ele></trkpt>
   <trkpt lon="13.512392" lat="52.510056"><ele>40.0</ele></trkpt>
   <trkpt lon="13.512477" lat="52.510049"><ele>40.0</ele></trkpt>
   <trkpt lon="13.512559" lat="52.510028"><ele>40.0</ele></trkpt>
   <trkpt lon="13.512651" lat="52.510013"><ele>40.0</ele></trkpt>
   <trkpt lon="13.512724" lat="52.510013"><ele>40.0</ele></trkpt>
   <trkpt lon="13.512803" lat="52.510011"><ele>40.0</ele></trkpt>
   <trkpt lon="13.513284" lat="52.509958"><ele>39.75</ele></trkpt>
   <trkpt lon="13.513591" lat="52.509924"><ele>39.5</ele></trkpt>
   <trkpt lon="13.514353" lat="52.509827"><ele>40.0</ele></trkpt>
   <trkpt lon="13.514798" lat="52.509775"><ele>40.0</ele></trkpt>
   <trkpt lon="13.516708" lat="52.509598"><ele>39.25</ele></trkpt>
   <trkpt lon="13.517267" lat="52.509546"><ele>38.5</ele></trkpt>
   <trkpt lon="13.517628" lat="52.509485"><ele>39.25</ele></trkpt>
   <trkpt lon="13.517841" lat="52.509431"><ele>39.75</ele></trkpt>
   <trkpt lon="13.518049" lat="52.509366"><ele>39.5</ele></trkpt>
   <trkpt lon="13.518351" lat="52.509255"><ele>40.0</ele></trkpt>
   <trkpt lon="13.518427" lat="52.509294"><ele>40.0</ele></trkpt>
   <trkpt lon="13.518531" lat="52.509378"><ele>40.5</ele></trkpt>
   <trkpt lon="13.518694" lat="52.509350"><ele>40.25</ele></trkpt>
   <trkpt lon="13.518791" lat="52.509352"><ele>40.0</ele></trkpt>
   <trkpt lon="13.518929" lat="52.509353"><ele>40.0</ele></trkpt>
   <trkpt lon="13.518979" lat="52.509354"><ele>40.0</ele></trkpt>
   <trkpt lon="13.519183" lat="52.509353"><ele>40.0</ele></trkpt>
   <trkpt lon="13.519299" lat="52.509358"><ele>40.0</ele></trkpt>
   <trkpt lon="13.519395" lat="52.509376"><ele>40.0</ele></trkpt>
   <trkpt lon="13.519619" lat="52.509264"><ele>40.0</ele></trkpt>
   <trkpt lon="13.519661" lat="52.509236"><ele>40.0</ele></trkpt>
   <trkpt lon="13.519774" lat="52.509299"><ele>40.25</ele></trkpt>
   <trkpt lon="13.519928" lat="52.509356"><ele>40.0</ele></trkpt>
   <trkpt lon="13.520099" lat="52.509401"><ele>40.0</ele></trkpt>
   <trkpt lon="13.520273" lat="52.509436"><ele>40.0</ele></trkpt>
   <trkpt lon="13.520474" lat="52.509467"><ele>39.75</ele></trkpt>
   <trkpt lon="13.520615" lat="52.509467"><ele>39.75</ele></trkpt>
   <trkpt lon="13.520998" lat="52.509476"><ele>39.75</ele></trkpt>
   <trkpt lon="13.521933" lat="52.509513"><ele>40.0</ele></trkpt>
   <trkpt lon="13.522109" lat="52.509520"><ele>40.0</ele></trkpt>
   <trkpt lon="13.522484" lat="52.509540"><ele>40.5</ele></trkpt>
   <trkpt lon="13.523214" lat="52.509612"><ele>40.0</ele></trkpt>
   <trkpt lon="13.523358" lat="52.509629"><ele>40.0</ele></trkpt>
   <trkpt lon="13.523574" lat="52.509658"><ele>40.0</ele></trkpt>
   <trkpt lon="13.524269" lat="52.509749"><ele>40.0</ele></trkpt>
   <trkpt lon="13.524904" lat="52.509832"><ele>41.0</ele></trkpt>
   <trkpt lon="13.524962" lat="52.509839"><ele>41.0</ele></trkpt>
   <trkpt lon="13.525381" lat="52.509898"><ele>41.0</ele></trkpt>
   <trkpt lon="13.526036" lat="52.509987"><ele>41.0</ele></trkpt>
   <trkpt lon="13.526333" lat="52.509997"><ele>41.0</ele></trkpt>
   <trkpt lon="13.527402" lat="52.510102"><ele>41.0</ele></trkpt>
   <trkpt lon="13.528557" lat="52.510166"><ele>41.5</ele></trkpt>
   <trkpt lon="13.529361" lat="52.510188"><ele>41.75</ele></trkpt>
   <trkpt lon="13.530129" lat="52.510198"><ele>42.0</ele></trkpt>
   <trkpt lon="13.530249" lat="52.510200"><ele>42.0</ele></trkpt>
   <trkpt lon="13.530303" lat="52.510200"><ele>42.0</ele></trkpt>
   <trkpt lon="13.530690" lat="52.510198"><ele>41.75</ele></trkpt>
   <trkpt lon="13.530789" lat="52.510197"><ele>41.75</ele></trkpt>
   <trkpt lon="13.530888" lat="52.510198"><ele>41.75</ele></trkpt>
   <trkpt lon="13.531821" lat="52.510173"><ele>42.0</ele></trkpt>
   <trkpt lon="13.531917" lat="52.510166"><ele>42.0</ele></trkpt>
   <trkpt lon="13.531968" lat="52.510157"><ele>42.0</ele></trkpt>
   <trkpt lon="13.532167" lat="52.510149"><ele>42.0</ele></trkpt>
   <trkpt lon="13.532305" lat="52.510144"><ele>42.0</ele></trkpt>
   <trkpt lon="13.532736" lat="52.510156"><ele>42.0</ele></trkpt>
   <trkpt lon="13.534055" lat="52.510102"><ele>42.0</ele></trkpt>
   <trkpt lon="13.536250" lat="52.510014"><ele>41.0</ele></trkpt>
   <trkpt lon="13.537412" lat="52.509968"><ele>41.5</ele></trkpt>
   <trkpt lon="13.538673" lat="52.509908"><ele>41.25</ele></trkpt>
   <trkpt lon="13.540037" lat="52.509845"><ele>42.0</ele></trkpt>
   <trkpt lon="13.540330" lat="52.509822"><ele>41.75</ele></trkpt>
   <trkpt lon="13.540586" lat="52.509810"><ele>41.25</ele></trkpt>
   <trkpt lon="13.540895" lat="52.509808"><ele>41.25</ele></trkpt>
   <trkpt lon="13.541269" lat="52.509795"><ele>42.0</ele></trkpt>
   <trkpt lon="13.542149" lat="52.509759"><ele>42.0</ele></trkpt>
   <trkpt lon="13.542854" lat="52.509729"><ele>42.0</ele></trkpt>
   <trkpt lon="13.544134" lat="52.509672"><ele>42.75</ele></trkpt>
   <trkpt lon="13.544425" lat="52.509651"><ele>42.5</ele></trkpt>
   <trkpt lon="13.544608" lat="52.509627"><ele>42.25</ele></trkpt>
   <trkpt lon="13.544858" lat="52.509556"><ele>41.5</ele></trkpt>
   <trkpt lon="13.544867" lat="52.509567"><ele>41.5</ele></trkpt>
   <trkpt lon="13.544897" lat="52.509599"><ele>41.75</ele></trkpt>
   <trkpt lon="13.544924" lat="52.509628"><ele>41.75</ele></trkpt>
   <trkpt lon="13.544949" lat="52.509653"><ele>41.75</ele></trkpt>
   <trkpt lon="13.546297" lat="52.509581"><ele>41.5</ele></trkpt>
   <trkpt lon="13.546309" lat="52.509538"><ele>41.75</ele></trkpt>
   <trkpt lon="13.546328" lat="52.509511"><ele>41.75</ele></trkpt>
   <trkpt lon="13.546348" lat="52.509483"><ele>41.75</ele></trkpt>
   <trkpt lon="13.546357" lat="52.509469"><ele>41.75</ele></trkpt>
   <trkpt lon="13.546557" lat="52.509507"><ele>41.25</ele></trkpt>
   <trkpt lon="13.546775" lat="52.509521"><ele>41.0</ele></trkpt>
   <trkpt lon="13.547194" lat="52.509501"><ele>41.0</ele></trkpt>
   <trkpt lon="13.547502" lat="52.509474"><ele>40.0</ele></trkpt>
   <trkpt lon="13.548115" lat="52.509417"><ele>40.0</ele></trkpt>
   <trkpt lon="13.548769" lat="52.509351"><ele>40.25</ele></trkpt>
   <trkpt lon="13.549351" lat="52.509312"><ele>40.5</ele></trkpt>
   <trkpt lon="13.549900" lat="52.509275"><ele>40.25</ele></trkpt>
   <trkpt lon="13.550385" lat="52.509243"><ele>41.0</ele></trkpt>
   <trkpt lon="13.550489" lat="52.509236"><ele>40.75</ele></trkpt>
   <trkpt lon="13.550990" lat="52.509197"><ele>41.5</ele></trkpt>
   <trkpt lon="13.551458" lat="52.509150"><ele>42.0</ele></trkpt>
   <trkpt lon="13.552119" lat="52.509073"><ele>41.25</ele></trkpt>
   <trkpt lon="13.552199" lat="52.509080"><ele>41.25</ele></trkpt>
   <trkpt lon="13.552928" lat="52.509000"><ele>41.0</ele></trkpt>
   <trkpt lon="13.553019" lat="52.508992"><ele>41.25</ele></trkpt>
   <trkpt lon="13.553134" lat="52.508980"><ele>41.25</ele></trkpt>
   <trkpt lon="13.553174" lat="52.509031"><ele>41.5</ele></trkpt>
   <trkpt lon="13.553285" lat="52.509145"><ele>41.75</ele></trkpt>
   <trkpt lon="13.553519" lat="52.509324"><ele>42.5</ele></trkpt>
   <trkpt lon="13.553563" lat="52.509380"><ele>42.75</ele></trkpt>
   <trkpt lon="13.553584" lat="52.509426"><ele>42.75</ele></trkpt>
   <trkpt lon="13.553595" lat="52.509447"><ele>43.0</ele></trkpt>
   <trkpt lon="13.553606" lat="52.509467"><ele>43.0</ele></trkpt>
   <trkpt lon="13.553617" lat="52.509523"><ele>43.25</ele></trkpt>
   <trkpt lon="13.553627" lat="52.509571"><ele>43.5</ele></trkpt>
   <trkpt lon="13.553648" lat="52.509672"><ele>43.75</ele></trkpt>
   <trkpt lon="13.553683" lat="52.509836"><ele>44.75</ele></trkpt>
   <trkpt lon="13.553752" lat="52.510155"><ele>46.75</ele></trkpt>
   <trkpt lon="13.553792" lat="52.510331"><ele>47.25</ele></trkpt>
   <trkpt lon="13.553813" lat="52.510429"><ele>47.5</ele></trkpt>
   <trkpt lon="13.553814" lat="52.510485"><ele>47.75</ele></trkpt>
   <trkpt lon="13.553815" lat="52.510538"><ele>47.75</ele></trkpt>
   <trkpt lon="13.554016" lat="52.511491"><ele>49.0</ele></trkpt>
   <trkpt lon="13.554128" lat="52.511959"><ele>49.0</ele></trkpt>
   <trkpt lon="13.554149" lat="52.512052"><ele>49.0</ele></trkpt>
   <trkpt lon="13.554235" lat="52.512470"><ele>49.0</ele></trkpt>
   <trkpt lon="13.554241" lat="52.512499"><ele>49.0</ele></trkpt>
   <trkpt lon="13.554331" lat="52.512492"><ele>49.0</ele></trkpt>
   <trkpt lon="13.554337" lat="52.512522"><ele>49.0</ele></trkpt>
   <trkpt lon="13.554359" lat="52.512623"><ele>49.25</ele></trkpt>
   <trkpt lon="13.554420" lat="52.512910"><ele>50.0</ele></trkpt>
   <trkpt lon="13.554452" lat="52.512939"><ele>50.0</ele></trkpt>
   <trkpt lon="13.554458" lat="52.512978"><ele>50.0</ele></trkpt>
   <trkpt lon="13.554479" lat="52.512996"><ele>50.0</ele></trkpt>
   <trkpt lon="13.554488" lat="52.513037"><ele>50.0</ele></trkpt>
   <trkpt lon="13.554508" lat="52.513115"><ele>50.0</ele></trkpt>
   <trkpt lon="13.554517" lat="52.513153"><ele>50.0</ele></trkpt>
   <trkpt lon="13.554532" lat="52.513217"><ele>50.0</ele></trkpt>
   <trkpt lon="13.554580" lat="52.513413"><ele>49.5</ele></trkpt>
   <trkpt lon="13.554595" lat="52.513477"><ele>49.25</ele></trkpt>
   <trkpt lon="13.554603" lat="52.513508"><ele>49.25</ele></trkpt>
   <trkpt lon="13.554587" lat="52.513605"><ele>49.0</ele></trkpt>
   <trkpt lon="13.554649" lat="52.513726"><ele>48.5</ele></trkpt>
   <trkpt lon="13.554663" lat="52.513781"><ele>48.25</ele></trkpt>
   <trkpt lon="13.554686" lat="52.513884"><ele>48.0</ele></trkpt>
   <trkpt lon="13.554726" lat="52.514064"><ele>48.0</ele></trkpt>
   <trkpt lon="13.554764" lat="52.514234"><ele>48.0</ele></trkpt>
   <trkpt lon="13.554804" lat="52.514418"><ele>48.0</ele></trkpt>
   <trkpt lon="13.554837" lat="52.514586"><ele>48.0</ele></trkpt>
   <trkpt lon="13.554854" lat="52.514656"><ele>48.25</ele></trkpt>
   <trkpt lon="13.554910" lat="52.514890"><ele>48.75</ele></trkpt>
   <trkpt lon="13.554961" lat="52.515129"><ele>49.0</ele></trkpt>
   <trkpt lon="13.555001" lat="52.515310"><ele>49.0</ele></trkpt>
   <trkpt lon="13.555011" lat="52.515351"><ele>49.0</ele></trkpt>
   <trkpt lon="13.555048" lat="52.515524"><ele>49.0</ele></trkpt>
   <trkpt lon="13.555063" lat="52.515596"><ele>49.0</ele></trkpt>
   <trkpt lon="13.555088" lat="52.515704"><ele>49.25</ele></trkpt>
   <trkpt lon="13.555122" lat="52.515702"><ele>49.25</ele></trkpt>
   <trkpt lon="13.555156" lat="52.515698"><ele>49.5</ele></trkpt>
   <trkpt lon="13.555383" lat="52.515680"><ele>49.5</ele></trkpt>
   <trkpt lon="13.555787" lat="52.515647"><ele>49.0</ele></trkpt>
   <trkpt lon="13.555884" lat="52.515638"><ele>49.0</ele></trkpt>
   <trkpt lon="13.556025" lat="52.515628"><ele>49.0</ele></trkpt>
   <trkpt lon="13.556279" lat="52.515607"><ele>49.0</ele></trkpt>
   <trkpt lon="13.556344" lat="52.515602"><ele>48.75</ele></trkpt>
   <trkpt lon="13.556767" lat="52.515569"><ele>49.0</ele></trkpt>
   <trkpt lon="13.556986" lat="52.515554"><ele>49.0</ele></trkpt>
   <trkpt lon="13.557044" lat="52.515548"><ele>49.0</ele></trkpt>
   <trkpt lon="13.557111" lat="52.515543"><ele>49.0</ele></trkpt>
   <trkpt lon="13.557271" lat="52.515528"><ele>49.0</ele></trkpt>
   <trkpt lon="13.557471" lat="52.515513"><ele>49.75</ele></trkpt>
   <trkpt lon="13.557603" lat="52.515502"><ele>49.75</ele></trkpt>
   <trkpt lon="13.557799" lat="52.515487"><ele>49.75</ele></trkpt>
   <trkpt lon="13.557966" lat="52.515474"><ele>50.0</ele></trkpt>
   <trkpt lon="13.558191" lat="52.515455"><ele>50.25</ele></trkpt>
   <trkpt lon="13.558261" lat="52.515449"><ele>50.25</ele></trkpt>
   <trkpt lon="13.558457" lat="52.515433"><ele>50.75</ele></trkpt>
   <trkpt lon="13.558466" lat="52.515432"><ele>50.75</ele></trkpt>
   <trkpt lon="13.558585" lat="52.515422"><ele>50.75</ele></trkpt>
   <trkpt lon="13.558688" lat="52.515414"><ele>51.0</ele></trkpt>
   <trkpt lon="13.558837" lat="52.515401"><ele>51.0</ele></trkpt>
   <trkpt lon="13.559014" lat="52.515387"><ele>51.0</ele></trkpt>
   <trkpt lon="13.559079" lat="52.515382"><ele>51.0</ele></trkpt>
   <trkpt lon="13.559271" lat="52.515366"><ele>51.0</ele></trkpt>
   <trkpt lon="13.559301" lat="52.515481"><ele>51.0</ele></trkpt>
   <trkpt lon="13.559324" lat="52.515557"><ele>51.0</ele></trkpt>
   <trkpt lon="13.559350" lat="52.515617"><ele>51.0</ele></trkpt>
   <trkpt lon="13.559357" lat="52.515628"><ele>51.0</ele></trkpt>
   <trkpt lon="13.559378" lat="52.515661"><ele>51.0</ele></trkpt>
   <trkpt lon="13.559395" lat="52.515688"><ele>51.0</ele></trkpt>
   <trkpt lon="13.559503" lat="52.515812"><ele>51.0</ele></trkpt>
   <trkpt lon="13.559528" lat="52.515837"><ele>51.0</ele></trkpt>
   <trkpt lon="13.559567" lat="52.515875"><ele>51.0</ele></trkpt>
   <trkpt lon="13.559625" lat="52.515932"><ele>51.0</ele></trkpt>
   <trkpt lon="13.559743" lat="52.516047"><ele>51.0</ele></trkpt>
   <trkpt lon="13.559769" lat="52.516072"><ele>51.0</ele></trkpt>
   <trkpt lon="13.559814" lat="52.516116"><ele>51.0</ele></trkpt>
   <trkpt lon="13.559904" lat="52.516204"><ele>51.0</ele></trkpt>
   <trkpt lon="13.559952" lat="52.516252"><ele>51.0</ele></trkpt>
   <trkpt lon="13.560005" lat="52.516303"><ele>51.0</ele></trkpt>
   <trkpt lon="13.560029" lat="52.516327"><ele>51.0</ele></trkpt>
   <trkpt lon="13.560056" lat="52.516354"><ele>51.0</ele></trkpt>
   <trkpt lon="13.560137" lat="52.516433"><ele>51.0</ele></trkpt>
   <trkpt lon="13.560145" lat="52.516440"><ele>51.0</ele></trkpt>
   <trkpt lon="13.560183" lat="52.516478"><ele>51.0</ele></trkpt>
   <trkpt lon="13.560231" lat="52.516525"><ele>51.0</ele></trkpt>
   <trkpt lon="13.560336" lat="52.516628"><ele>51.0</ele></trkpt>
   <trkpt lon="13.560342" lat="52.516634"><ele>51.0</ele></trkpt>
   <trkpt lon="13.560398" lat="52.516689"><ele>50.75</ele></trkpt>
   <trkpt lon="13.560456" lat="52.516745"><ele>51.0</ele></trkpt>
   <trkpt lon="13.560495" lat="52.516784"><ele>51.0</ele></trkpt>
   <trkpt lon="13.560551" lat="52.516842"><ele>51.0</ele></trkpt>
   <trkpt lon="13.560626" lat="52.516919"><ele>51.0</ele></trkpt>
   <trkpt lon="13.560644" lat="52.516937"><ele>51.0</ele></trkpt>
   <trkpt lon="13.560726" lat="52.517020"><ele>51.0</ele></trkpt>
   <trkpt lon="13.560744" lat="52.517039"><ele>51.0</ele></trkpt>
   <trkpt lon="13.560824" lat="52.517120"><ele>51.0</ele></trkpt>
   <trkpt lon="13.560915" lat="52.517202"><ele>50.75</ele></trkpt>
   <trkpt lon="13.561147" lat="52.517429"><ele>51.0</ele></trkpt>
   <trkpt lon="13.561179" lat="52.517461"><ele>51.0</ele></trkpt>
   <trkpt lon="13.561207" lat="52.517487"><ele>51.0</ele></trkpt>
   <trkpt lon="13.561237" lat="52.517517"><ele>51.0</ele></trkpt>
   <trkpt lon="13.561300" lat="52.517579"><ele>51.0</ele></trkpt>
   <trkpt lon="13.561324" lat="52.517602"><ele>51.0</ele></trkpt>
   <trkpt lon="13.561345" lat="52.517622"><ele>51.0</ele></trkpt>
   <trkpt lon="13.561380" lat="52.517657"><ele>51.0</ele></trkpt>
   <trkpt lon="13.561443" lat="52.517718"><ele>51.0</ele></trkpt>
   <trkpt lon="13.561465" lat="52.517739"><ele>51.0</ele></trkpt>
   <trkpt lon="13.561491" lat="52.517765"><ele>51.25</ele></trkpt>
   <trkpt lon="13.561589" lat="52.517870"><ele>51.25</ele></trkpt>
   <trkpt lon="13.561654" lat="52.517934"><ele>51.25</ele></trkpt>
   <trkpt lon="13.561735" lat="52.518011"><ele>51.25</ele></trkpt>
   <trkpt lon="13.561766" lat="52.518040"><ele>51.25</ele></trkpt>
   <trkpt lon="13.561813" lat="52.518085"><ele>51.5</ele></trkpt>
   <trkpt lon="13.561868" lat="52.518140"><ele>51.5</ele></trkpt>
   <trkpt lon="13.561944" lat="52.518214"><ele>51.75</ele></trkpt>
   <trkpt lon="13.562005" lat="52.518279"><ele>52.0</ele></trkpt>
   <trkpt lon="13.562021" lat="52.518294"><ele>52.0</ele></trkpt>
   <trkpt lon="13.562081" lat="52.518354"><ele>51.75</ele></trkpt>
   <trkpt lon="13.562122" lat="52.518395"><ele>51.75</ele></trkpt>
   <trkpt lon="13.562155" lat="52.518429"><ele>51.75</ele></trkpt>
   <trkpt lon="13.562230" lat="52.518504"><ele>52.0</ele></trkpt>
   <trkpt lon="13.562259" lat="52.518533"><ele>52.0</ele></trkpt>
   <trkpt lon="13.562297" lat="52.518571"><ele>52.0</ele></trkpt>
   <trkpt lon="13.562327" lat="52.518600"><ele>52.0</ele></trkpt>
   <trkpt lon="13.562452" lat="52.518724"><ele>52.0</ele></trkpt>
   <trkpt lon="13.562524" lat="52.518809"><ele>52.0</ele></trkpt>
   <trkpt lon="13.562574" lat="52.518872"><ele>52.0</ele></trkpt>
   <trkpt lon="13.562653" lat="52.518971"><ele>52.0</ele></trkpt>
   <trkpt lon="13.562697" lat="52.519047"><ele>52.0</ele></trkpt>
   <trkpt lon="13.563398" lat="52.518918"><ele>52.0</ele></trkpt>
   <trkpt lon="13.563643" lat="52.518879"><ele>52.0</ele></trkpt>
   <trkpt lon="13.563659" lat="52.518877"><ele>52.0</ele></trkpt>
   <trkpt lon="13.563679" lat="52.518874"><ele>52.0</ele></trkpt>
   <trkpt lon="13.563736" lat="52.518869"><ele>52.0</ele></trkpt>
   <trkpt lon="13.563838" lat="52.518862"><ele>52.0</ele></trkpt>
   <trkpt lon="13.564015" lat="52.518852"><ele>52.0</ele></trkpt>
   <trkpt lon="13.564094" lat="52.518850"><ele>52.0</ele></trkpt>
   <trkpt lon="13.564124" lat="52.518975"><ele>52.0</ele></trkpt>
   <trkpt lon="13.564202" lat="52.519173"><ele>52.0</ele></trkpt>
   <trkpt lon="13.564238" lat="52.519349"><ele>52.25</ele></trkpt>
   <trkpt lon="13.564233" lat="52.519441"><ele>52.0</ele></trkpt>
   <trkpt lon="13.564327" lat="52.519818"><ele>53.0</ele></trkpt>
   <trkpt lon="13.564468" lat="52.520487"><ele>52.75</ele></trkpt>
   <trkpt lon="13.564613" lat="52.521123"><ele>53.0</ele></trkpt>
   <trkpt lon="13.564707" lat="52.521533"><ele>53.5</ele></trkpt>
   <trkpt lon="13.564827" lat="52.522128"><ele>53.75</ele></trkpt>
   <trkpt lon="13.564834" lat="52.522162"><ele>53.75</ele></trkpt>
   <trkpt lon="13.564845" lat="52.522216"><ele>53.75</ele></trkpt>
   <trkpt lon="13.564859" lat="52.522280"><ele>54.0</ele></trkpt>
   <trkpt lon="13.564874" lat="52.522347"><ele>54.0</ele></trkpt>
   <trkpt lon="13.564886" lat="52.522403"><ele>54.0</ele></trkpt>
   <trkpt lon="13.565053" lat="52.523133"><ele>53.75</ele></trkpt>
   <trkpt lon="13.565166" lat="52.523638"><ele>54.0</ele></trkpt>
   <trkpt lon="13.565372" lat="52.524566"><ele>54.5</ele></trkpt>
   <trkpt lon="13.565444" lat="52.524697"><ele>54.75</ele></trkpt>
   <trkpt lon="13.565496" lat="52.524976"><ele>55.0</ele></trkpt>
   <trkpt lon="13.565496" lat="52.525005"><ele>55.0</ele></trkpt>
   <trkpt lon="13.565501" lat="52.525049"><ele>55.0</ele></trkpt>
   <trkpt lon="13.565505" lat="52.525081"><ele>54.75</ele></trkpt>
   <trkpt lon="13.565510" lat="52.525151"><ele>55.0</ele></trkpt>
   <trkpt lon="13.565510" lat="52.525180"><ele>55.0</ele></trkpt>
   <trkpt lon="13.565510" lat="52.525221"><ele>55.0</ele></trkpt>
   <trkpt lon="13.565514" lat="52.525242"><ele>55.0</ele></trkpt>
   <trkpt lon="13.565527" lat="52.525303"><ele>55.0</ele></trkpt>
   <trkpt lon="13.565593" lat="52.525418"><ele>55.0</ele></trkpt>
   <trkpt lon="13.565633" lat="52.525624"><ele>55.0</ele></trkpt>
   <trkpt lon="13.565627" lat="52.525695"><ele>55.5</ele></trkpt>
   <trkpt lon="13.565899" lat="52.526933"><ele>56.5</ele></trkpt>
   <trkpt lon="13.565907" lat="52.526970"><ele>56.5</ele></trkpt>
   <trkpt lon="13.565916" lat="52.527012"><ele>56.5</ele></trkpt>
   <trkpt lon="13.565985" lat="52.527371"><ele>56.5</ele></trkpt>
   <trkpt lon="13.566027" lat="52.527735"><ele>56.0</ele></trkpt>
   <trkpt lon="13.566030" lat="52.527840"><ele>56.0</ele></trkpt>
   <trkpt lon="13.566042" lat="52.528065"><ele>56.0</ele></trkpt>
   <trkpt lon="13.566023" lat="52.528316"><ele>56.0</ele></trkpt>
   <trkpt lon="13.566052" lat="52.528438"><ele>56.0</ele></trkpt>
   <trkpt lon="13.565970" lat="52.528921"><ele>56.0</ele></trkpt>
   <trkpt lon="13.565963" lat="52.528942"><ele>56.0</ele></trkpt>
   <trkpt lon="13.565946" lat="52.528995"><ele>56.0</ele></trkpt>
   <trkpt lon="13.565927" lat="52.529047"><ele>56.25</ele></trkpt>
   <trkpt lon="13.565898" lat="52.529131"><ele>56.5</ele></trkpt>
   <trkpt lon="13.565879" lat="52.529168"><ele>56.75</ele></trkpt>
   <trkpt lon="13.565866" lat="52.529207"><ele>56.75</ele></trkpt>
   <trkpt lon="13.565861" lat="52.529233"><ele>56.75</ele></trkpt>
   <trkpt lon="13.565843" lat="52.529322"><ele>56.75</ele></trkpt>
   <trkpt lon="13.565857" lat="52.529424"><ele>56.75</ele></trkpt>
   <trkpt lon="13.565823" lat="52.529599"><ele>57.5</ele></trkpt>
   <trkpt lon="13.565793" lat="52.529669"><ele>57.75</ele></trkpt>
   <trkpt lon="13.565775" lat="52.529702"><ele>57.75</ele></trkpt>
   <trkpt lon="13.565731" lat="52.529915"><ele>58.25</ele></trkpt>
   <trkpt lon="13.565693" lat="52.530113"><ele>58.25</ele></trkpt>
   <trkpt lon="13.565670" lat="52.530293"><ele>58.25</ele></trkpt>
   <trkpt lon="13.565655" lat="52.530666"><ele>58.0</ele></trkpt>
   <trkpt lon="13.565663" lat="52.530802"><ele>58.0</ele></trkpt>
   <trkpt lon="13.565674" lat="52.530967"><ele>58.0</ele></trkpt>
   <trkpt lon="13.565718" lat="52.531221"><ele>58.0</ele></trkpt>
   <trkpt lon="13.565808" lat="52.531642"><ele>57.0</ele></trkpt>
   <trkpt lon="13.565977" lat="52.532409"><ele>55.0</ele></trkpt>
   <trkpt lon="13.566139" lat="52.533146"><ele>53.75</ele></trkpt>
   <trkpt lon="13.566245" lat="52.533584"><ele>53.0</ele></trkpt>
   <trkpt lon="13.566351" lat="52.533918"><ele>53.0</ele></trkpt>
   <trkpt lon="13.566442" lat="52.534189"><ele>52.75</ele></trkpt>
   <trkpt lon="13.566453" lat="52.534216"><ele>52.75</ele></trkpt>
   <trkpt lon="13.566508" lat="52.534340"><ele>52.5</ele></trkpt>
   <trkpt lon="13.566551" lat="52.534449"><ele>52.5</ele></trkpt>
   <trkpt lon="13.566562" lat="52.534475"><ele>52.5</ele></trkpt>
   <trkpt lon="13.566604" lat="52.534559"><ele>52.25</ele></trkpt>
   <trkpt lon="13.566696" lat="52.534669"><ele>52.0</ele></trkpt>
   <trkpt lon="13.566752" lat="52.534763"><ele>52.0</ele></trkpt>
   <trkpt lon="13.566817" lat="52.534877"><ele>52.0</ele></trkpt>
   <trkpt lon="13.566820" lat="52.534944"><ele>52.0</ele></trkpt>
   <trkpt lon="13.566949" lat="52.535148"><ele>52.0</ele></trkpt>
   <trkpt lon="13.567359" lat="52.535769"><ele>52.0</ele></trkpt>
   <trkpt lon="13.568381" lat="52.537304"><ele>52.5</ele></trkpt>
   <trkpt lon="13.568715" lat="52.537816"><ele>53.5</ele></trkpt>
   <trkpt lon="13.568766" lat="52.537911"><ele>53.75</ele></trkpt>
   <trkpt lon="13.568780" lat="52.537935"><ele>53.75</ele></trkpt>
   <trkpt lon="13.568855" lat="52.538066"><ele>53.75</ele></trkpt>
   <trkpt lon="13.568934" lat="52.538203"><ele>54.0</ele></trkpt>
   <trkpt lon="13.568946" lat="52.538224"><ele>54.0</ele></trkpt>
   <trkpt lon="13.569069" lat="52.538442"><ele>54.0</ele></trkpt>
   <trkpt lon="13.569088" lat="52.538462"><ele>54.0</ele></trkpt>
   <trkpt lon="13.569179" lat="52.538639"><ele>54.0</ele></trkpt>
   <trkpt lon="13.569207" lat="52.538694"><ele>54.25</ele></trkpt>
   <trkpt lon="13.569234" lat="52.538746"><ele>54.25</ele></trkpt>
   <trkpt lon="13.569395" lat="52.538860"><ele>54.75</ele></trkpt>
   <trkpt lon="13.569412" lat="52.538906"><ele>55.0</ele></trkpt>
   <trkpt lon="13.569444" lat="52.538993"><ele>55.0</ele></trkpt>
   <trkpt lon="13.569474" lat="52.539071"><ele>54.75</ele></trkpt>
   <trkpt lon="13.569495" lat="52.539129"><ele>54.75</ele></trkpt>
   <trkpt lon="13.569521" lat="52.539199"><ele>54.75</ele></trkpt>
   <trkpt lon="13.569548" lat="52.539270"><ele>54.75</ele></trkpt>
   <trkpt lon="13.569575" lat="52.539343"><ele>54.75</ele></trkpt>
   <trkpt lon="13.569621" lat="52.539465"><ele>55.0</ele></trkpt>
   <trkpt lon="13.569672" lat="52.539624"><ele>55.0</ele></trkpt>
   <trkpt lon="13.569694" lat="52.539695"><ele>55.0</ele></trkpt>
   <trkpt lon="13.569718" lat="52.539768"><ele>55.0</ele></trkpt>
   <trkpt lon="13.569741" lat="52.539841"><ele>55.0</ele></trkpt>
   <trkpt lon="13.569763" lat="52.539913"><ele>55.0</ele></trkpt>
   <trkpt lon="13.569783" lat="52.539974"><ele>55.0</ele></trkpt>
   <trkpt lon="13.569848" lat="52.540179"><ele>55.0</ele></trkpt>
   <trkpt lon="13.569818" lat="52.540261"><ele>55.0</ele></trkpt>
   <trkpt lon="13.569918" lat="52.540589"><ele>56.0</ele></trkpt>
   <trkpt lon="13.569922" lat="52.540619"><ele>56.0</ele></trkpt>
   <trkpt lon="13.569937" lat="52.540701"><ele>56.0</ele></trkpt>
   <trkpt lon="13.569949" lat="52.540762"><ele>56.0</ele></trkpt>
   <trkpt lon="13.569957" lat="52.540820"><ele>56.0</ele></trkpt>
   <trkpt lon="13.569963" lat="52.540853"><ele>56.0</ele></trkpt>
   <trkpt lon="13.570035" lat="52.541061"><ele>55.75</ele></trkpt>
   <trkpt lon="13.570075" lat="52.541099"><ele>55.75</ele></trkpt>
   <trkpt lon="13.570122" lat="52.541231"><ele>56.25</ele></trkpt>
   <trkpt lon="13.570160" lat="52.541345"><ele>56.75</ele></trkpt>
   <trkpt lon="13.570152" lat="52.541421"><ele>57.0</ele></trkpt>
   <trkpt lon="13.570363" lat="52.542045"><ele>58.0</ele></trkpt>
   <trkpt lon="13.570525" lat="52.542562"><ele>59.0</ele></trkpt>
   <trkpt lon="13.570636" lat="52.542754"><ele>59.0</ele></trkpt>
   <trkpt lon="13.570751" lat="52.543092"><ele>60.0</ele></trkpt>
   <trkpt lon="13.570766" lat="52.543163"><ele>60.0</ele></trkpt>
   <trkpt lon="13.570771" lat="52.543186"><ele>60.0</ele></trkpt>
   <trkpt lon="13.570779" lat="52.543287"><ele>60.0</ele></trkpt>
   <trkpt lon="13.570784" lat="52.543369"><ele>60.0</ele></trkpt>
   <trkpt lon="13.570792" lat="52.543391"><ele>60.0</ele></trkpt>
   <trkpt lon="13.570823" lat="52.543459"><ele>60.25</ele></trkpt>
   <trkpt lon="13.570878" lat="52.543536"><ele>60.5</ele></trkpt>
   <trkpt lon="13.570947" lat="52.543762"><ele>60.75</ele></trkpt>
   <trkpt lon="13.570961" lat="52.543860"><ele>60.75</ele></trkpt>
   <trkpt lon="13.571135" lat="52.544219"><ele>61.0</ele></trkpt>
   <trkpt lon="13.571242" lat="52.544475"><ele>61.0</ele></trkpt>
   <trkpt lon="13.571258" lat="52.544511"><ele>61.0</ele></trkpt>
   <trkpt lon="13.571280" lat="52.544567"><ele>61.0</ele></trkpt>
   <trkpt lon="13.571394" lat="52.544896"><ele>60.75</ele></trkpt>
   <trkpt lon="13.571712" lat="52.545881"><ele>59.75</ele></trkpt>
   <trkpt lon="13.571726" lat="52.545929"><ele>60.0</ele></trkpt>
   <trkpt lon="13.571742" lat="52.545994"><ele>60.0</ele></trkpt>
   <trkpt lon="13.571754" lat="52.546043"><ele>60.0</ele></trkpt>
   <trkpt lon="13.571779" lat="52.546140"><ele>60.0</ele></trkpt>
   <trkpt lon="13.571789" lat="52.546177"><ele>60.0</ele></trkpt>
   <trkpt lon="13.571817" lat="52.546285"><ele>60.0</ele></trkpt>
   <trkpt lon="13.571835" lat="52.546356"><ele>60.0</ele></trkpt>
   <trkpt lon="13.571852" lat="52.546421"><ele>59.75</ele></trkpt>
   <trkpt lon="13.571865" lat="52.546469"><ele>59.75</ele></trkpt>
   <trkpt lon="13.571964" lat="52.546791"><ele>58.75</ele></trkpt>
   <trkpt lon="13.572011" lat="52.546861"><ele>58.75</ele></trkpt>
   <trkpt lon="13.572062" lat="52.547041"><ele>58.25</ele></trkpt>
   <trkpt lon="13.572070" lat="52.547068"><ele>58.25</ele></trkpt>
   <trkpt lon="13.572062" lat="52.547168"><ele>58.0</ele></trkpt>
   <trkpt lon="13.572095" lat="52.547266"><ele>57.75</ele></trkpt>
   <trkpt lon="13.572076" lat="52.547338"><ele>57.75</ele></trkpt>
   <trkpt lon="13.572145" lat="52.547588"><ele>57.0</ele></trkpt>
   <trkpt lon="13.572108" lat="52.547851"><ele>56.5</ele></trkpt>
   <trkpt lon="13.572650" lat="52.549493"><ele>53.25</ele></trkpt>
   <trkpt lon="13.572690" lat="52.549650"><ele>53.0</ele></trkpt>
   <trkpt lon="13.572754" lat="52.549846"><ele>53.0</ele></trkpt>
   <trkpt lon="13.572750" lat="52.550039"><ele>53.0</ele></trkpt>
   <trkpt lon="13.572750" lat="52.550112"><ele>53.0</ele></trkpt>
   <trkpt lon="13.572810" lat="52.550262"><ele>53.0</ele></trkpt>
   <trkpt lon="13.572890" lat="52.550497"><ele>53.0</ele></trkpt>
   <trkpt lon="13.572977" lat="52.550747"><ele>52.5</ele></trkpt>
   <trkpt lon="13.573118" lat="52.551157"><ele>52.75</ele></trkpt>
   <trkpt lon="13.573434" lat="52.552073"><ele>54.25</ele></trkpt>
   <trkpt lon="13.573498" lat="52.552259"><ele>55.0</ele></trkpt>
   <trkpt lon="13.573538" lat="52.552373"><ele>55.0</ele></trkpt>
   <trkpt lon="13.573594" lat="52.552527"><ele>55.0</ele></trkpt>
   <trkpt lon="13.573978" lat="52.553585"><ele>57.75</ele></trkpt>
   <trkpt lon="13.574241" lat="52.554307"><ele>59.5</ele></trkpt>
   <trkpt lon="13.574287" lat="52.554435"><ele>59.75</ele></trkpt>
   <trkpt lon="13.574381" lat="52.554706"><ele>60.0</ele></trkpt>
   <trkpt lon="13.574462" lat="52.554929"><ele>60.5</ele></trkpt>
   <trkpt lon="13.574470" lat="52.554954"><ele>60.75</ele></trkpt>
   <trkpt lon="13.574481" lat="52.554985"><ele>60.75</ele></trkpt>
   <trkpt lon="13.574529" lat="52.555118"><ele>61.0</ele></trkpt>
   <trkpt lon="13.574563" lat="52.555210"><ele>61.0</ele></trkpt>
   <trkpt lon="13.574602" lat="52.555316"><ele>61.0</ele></trkpt>
   <trkpt lon="13.574616" lat="52.555357"><ele>61.0</ele></trkpt>
   <trkpt lon="13.574679" lat="52.555527"><ele>61.0</ele></trkpt>
   <trkpt lon="13.574730" lat="52.555663"><ele>60.5</ele></trkpt>
   <trkpt lon="13.574753" lat="52.555725"><ele>60.25</ele></trkpt>
   <trkpt lon="13.575064" lat="52.556559"><ele>59.25</ele></trkpt>
   <trkpt lon="13.575611" lat="52.558065"><ele>57.0</ele></trkpt>
   <trkpt lon="13.575633" lat="52.558127"><ele>57.0</ele></trkpt>
   <trkpt lon="13.575645" lat="52.558159"><ele>57.0</ele></trkpt>
   <trkpt lon="13.575677" lat="52.558247"><ele>57.0</ele></trkpt>
   <trkpt lon="13.575716" lat="52.558369"><ele>57.0</ele></trkpt>
   <trkpt lon="13.575776" lat="52.558553"><ele>57.25</ele></trkpt>
   <trkpt lon="13.575818" lat="52.558718"><ele>56.5</ele></trkpt>
   <trkpt lon="13.575833" lat="52.558882"><ele>56.0</ele></trkpt>
   <trkpt lon="13.575819" lat="52.559123"><ele>56.0</ele></trkpt>
   <trkpt lon="13.575740" lat="52.559361"><ele>56.0</ele></trkpt>
   <trkpt lon="13.575564" lat="52.559638"><ele>56.0</ele></trkpt>
   <trkpt lon="13.575438" lat="52.559785"><ele>55.75</ele></trkpt>
   <trkpt lon="13.575329" lat="52.559897"><ele>55.25</ele></trkpt>
   <trkpt lon="13.575097" lat="52.560096"><ele>55.0</ele></trkpt>
   <trkpt lon="13.574994" lat="52.560162"><ele>54.75</ele></trkpt>
   <trkpt lon="13.574835" lat="52.560248"><ele>54.75</ele></trkpt>
   <trkpt lon="13.574655" lat="52.560325"><ele>54.75</ele></trkpt>
   <trkpt lon="13.574494" lat="52.560385"><ele>55.0</ele></trkpt>
   <trkpt lon="13.574227" lat="52.560464"><ele>55.0</ele></trkpt>
   <trkpt lon="13.574171" lat="52.560475"><ele>55.0</ele></trkpt>
   <trkpt lon="13.573923" lat="52.560521"><ele>54.75</ele></trkpt>
   <trkpt lon="13.573665" lat="52.560554"><ele>54.0</ele></trkpt>
   <trkpt lon="13.572610" lat="52.560640"><ele>54.0</ele></trkpt>
   <trkpt lon="13.572143" lat="52.560675"><ele>53.0</ele></trkpt>
   <trkpt lon="13.571895" lat="52.560690"><ele>53.5</ele></trkpt>
   <trkpt lon="13.570897" lat="52.560753"><ele>53.25</ele></trkpt>
   <trkpt lon="13.570244" lat="52.560783"><ele>53.0</ele></trkpt>
   <trkpt lon="13.569638" lat="52.560807"><ele>53.0</ele></trkpt>
   <trkpt lon="13.569592" lat="52.560809"><ele>53.0</ele></trkpt>
   <trkpt lon="13.569570" lat="52.560810"><ele>53.0</ele></trkpt>
   <trkpt lon="13.569492" lat="52.560813"><ele>53.0</ele></trkpt>
   <trkpt lon="13.569410" lat="52.560816"><ele>53.0</ele></trkpt>
   <trkpt lon="13.569382" lat="52.560818"><ele>53.0</ele></trkpt>
   <trkpt lon="13.569322" lat="52.560820"><ele>53.0</ele></trkpt>
   <trkpt lon="13.569265" lat="52.560823"><ele>53.0</ele></trkpt>
   <trkpt lon="13.569228" lat="52.560824"><ele>53.0</ele></trkpt>
   <trkpt lon="13.566766" lat="52.560918"><ele>52.75</ele></trkpt>
   <trkpt lon="13.566208" lat="52.560955"><ele>53.0</ele></trkpt>
   <trkpt lon="13.565261" lat="52.561048"><ele>54.0</ele></trkpt>
   <trkpt lon="13.564821" lat="52.561096"><ele>54.0</ele></trkpt>
   <trkpt lon="13.564481" lat="52.561141"><ele>53.75</ele></trkpt>
   <trkpt lon="13.564390" lat="52.561153"><ele>53.75</ele></trkpt>
   <trkpt lon="13.564100" lat="52.561196"><ele>54.0</ele></trkpt>
   <trkpt lon="13.563721" lat="52.561252"><ele>54.0</ele></trkpt>
   <trkpt lon="13.563468" lat="52.561298"><ele>54.0</ele></trkpt>
   <trkpt lon="13.563155" lat="52.561358"><ele>54.0</ele></trkpt>
   <trkpt lon="13.563113" lat="52.561366"><ele>54.0</ele></trkpt>
   <trkpt lon="13.562868" lat="52.561410"><ele>54.0</ele></trkpt>
   <trkpt lon="13.562545" lat="52.561522"><ele>54.0</ele></trkpt>
   <trkpt lon="13.562228" lat="52.561631"><ele>54.75</ele></trkpt>
   <trkpt lon="13.561776" lat="52.561821"><ele>54.75</ele></trkpt>
   <trkpt lon="13.561481" lat="52.561925"><ele>55.0</ele></trkpt>
   <trkpt lon="13.560511" lat="52.562188"><ele>55.0</ele></trkpt>
   <trkpt lon="13.560359" lat="52.562234"><ele>55.0</ele></trkpt>
   <trkpt lon="13.560040" lat="52.562323"><ele>55.0</ele></trkpt>
   <trkpt lon="13.559010" lat="52.562651"><ele>54.25</ele></trkpt>
   <trkpt lon="13.558757" lat="52.562731"><ele>54.25</ele></trkpt>
   <trkpt lon="13.558443" lat="52.562834"><ele>53.5</ele></trkpt>
   <trkpt lon="13.558283" lat="52.562885"><ele>53.75</ele></trkpt>
   <trkpt lon="13.557851" lat="52.563029"><ele>53.5</ele></trkpt>
   <trkpt lon="13.556075" lat="52.563599"><ele>54.0</ele></trkpt>
   <trkpt lon="13.555683" lat="52.563746"><ele>54.0</ele></trkpt>
   <trkpt lon="13.555522" lat="52.563797"><ele>54.0</ele></trkpt>
   <trkpt lon="13.555125" lat="52.563923"><ele>53.75</ele></trkpt>
   <trkpt lon="13.554964" lat="52.563973"><ele>54.0</ele></trkpt>
   <trkpt lon="13.554642" lat="52.564074"><ele>54.0</ele></trkpt>
   <trkpt lon="13.554255" lat="52.564195"><ele>54.5</ele></trkpt>
   <trkpt lon="13.554086" lat="52.563996"><ele>54.25</ele></trkpt>
   <trkpt lon="13.554026" lat="52.563926"><ele>54.0</ele></trkpt>
   <trkpt lon="13.553976" lat="52.563868"><ele>54.0</ele></trkpt>
   <trkpt lon="13.553696" lat="52.563540"><ele>54.0</ele></trkpt>
   <trkpt lon="13.553528" lat="52.563344"><ele>54.0</ele></trkpt>
   <trkpt lon="13.553476" lat="52.563284"><ele>54.0</ele></trkpt>
   <trkpt lon="13.553419" lat="52.563218"><ele>54.0</ele></trkpt>
   <trkpt lon="13.553322" lat="52.563259"><ele>54.0</ele></trkpt>
   <trkpt lon="13.553253" lat="52.563287"><ele>54.0</ele></trkpt>
   <trkpt lon="13.551935" lat="52.563832"><ele>54.0</ele></trkpt>
   <trkpt lon="13.551880" lat="52.563855"><ele>54.0</ele></trkpt>
   <trkpt lon="13.551492" lat="52.564018"><ele>54.0</ele></trkpt>
   <trkpt lon="13.551260" lat="52.564115"><ele>54.0</ele></trkpt>
   <trkpt lon="13.550513" lat="52.564414"><ele>54.0</ele></trkpt>
   <trkpt lon="13.549446" lat="52.564864"><ele>54.75</ele></trkpt>
   <trkpt lon="13.549373" lat="52.564890"><ele>55.0</ele></trkpt>
   <trkpt lon="13.549322" lat="52.564909"><ele>55.0</ele></trkpt>
   <trkpt lon="13.549238" lat="52.564944"><ele>55.0</ele></trkpt>
   <trkpt lon="13.548137" lat="52.565393"><ele>52.75</ele></trkpt>
   <trkpt lon="13.547890" lat="52.565491"><ele>52.5</ele></trkpt>
   <trkpt lon="13.547793" lat="52.565531"><ele>53.5</ele></trkpt>
   <trkpt lon="13.547612" lat="52.565611"><ele>54.5</ele></trkpt>
   <trkpt lon="13.547417" lat="52.565697"><ele>55.0</ele></trkpt>
   <trkpt lon="13.544961" lat="52.566704"><ele>55.0</ele></trkpt>
   <trkpt lon="13.544568" lat="52.566867"><ele>55.0</ele></trkpt>
   <trkpt lon="13.544451" lat="52.566912"><ele>55.0</ele></trkpt>
   <trkpt lon="13.544357" lat="52.566948"><ele>55.0</ele></trkpt>
   <trkpt lon="13.544331" lat="52.566958"><ele>55.0</ele></trkpt>
   <trkpt lon="13.543150" lat="52.567826"><ele>55.0</ele></trkpt>
   <trkpt lon="13.542905" lat="52.568022"><ele>55.75</ele></trkpt>
   <trkpt lon="13.542649" lat="52.568234"><ele>56.0</ele></trkpt>
   <trkpt lon="13.542529" lat="52.568333"><ele>56.0</ele></trkpt>
   <trkpt lon="13.542480" lat="52.568414"><ele>56.25</ele></trkpt>
   <trkpt lon="13.542491" lat="52.568442"><ele>56.25</ele></trkpt>
   <trkpt lon="13.542521" lat="52.568479"><ele>56.5</ele></trkpt>
   <trkpt lon="13.542430" lat="52.568505"><ele>56.5</ele></trkpt>
   <trkpt lon="13.542274" lat="52.568551"><ele>56.75</ele></trkpt>
   <trkpt lon="13.542119" lat="52.568597"><ele>56.5</ele></trkpt>
   <trkpt lon="13.542091" lat="52.568605"><ele>56.5</ele></trkpt>
   <trkpt lon="13.541588" lat="52.568750"><ele>57.0</ele></trkpt>
   <trkpt lon="13.541529" lat="52.568769"><ele>57.0</ele></trkpt>
   <trkpt lon="13.541471" lat="52.568788"><ele>57.0</ele></trkpt>
   <trkpt lon="13.541327" lat="52.568832"><ele>56.75</ele></trkpt>
   <trkpt lon="13.541251" lat="52.568856"><ele>56.5</ele></trkpt>
   <trkpt lon="13.540808" lat="52.568983"><ele>56.5</ele></trkpt>
   <trkpt lon="13.539856" lat="52.569256"><ele>56.25</ele></trkpt>
   <trkpt lon="13.539662" lat="52.569314"><ele>56.25</ele></trkpt>
   <trkpt lon="13.539635" lat="52.569322"><ele>56.25</ele></trkpt>
   <trkpt lon="13.539498" lat="52.569362"><ele>56.0</ele></trkpt>
   <trkpt lon="13.539307" lat="52.569418"><ele>55.75</ele></trkpt>
   <trkpt lon="13.538993" lat="52.569514"><ele>56.25</ele></trkpt>
   <trkpt lon="13.538791" lat="52.569570"><ele>56.25</ele></trkpt>
   <trkpt lon="13.538668" lat="52.569606"><ele>56.0</ele></trkpt>
   <trkpt lon="13.538554" lat="52.569645"><ele>55.75</ele></trkpt>
   <trkpt lon="13.538394" lat="52.569715"><ele>55.75</ele></trkpt>
   <trkpt lon="13.538453" lat="52.569767"><ele>56.0</ele></trkpt>
   <trkpt lon="13.538484" lat="52.569812"><ele>56.25</ele></trkpt>
   <trkpt lon="13.538527" lat="52.569880"><ele>56.5</ele></trkpt>
   <trkpt lon="13.538935" lat="52.570535"><ele>56.5</ele></trkpt>
   <trkpt lon="13.539083" lat="52.570798"><ele>55.0</ele></trkpt>
   <trkpt lon="13.539270" lat="52.571156"><ele>55.0</ele></trkpt>
   <trkpt lon="13.539288" lat="52.571224"><ele>55.0</ele></trkpt>
   <trkpt lon="13.539384" lat="52.571394"><ele>55.0</ele></trkpt>
   <trkpt lon="13.539408" lat="52.571440"><ele>55.0</ele></trkpt>
   <trkpt lon="13.540371" lat="52.573289"><ele>56.25</ele></trkpt>
   <trkpt lon="13.540388" lat="52.573342"><ele>56.25</ele></trkpt>
   <trkpt lon="13.541061" lat="52.574552"><ele>60.25</ele></trkpt>
   <trkpt lon="13.539230" lat="52.574994"><ele>61.0</ele></trkpt>
   <trkpt lon="13.538433" lat="52.575194"><ele>61.5</ele></trkpt>
   <trkpt lon="13.538334" lat="52.575232"><ele>61.75</ele></trkpt>
   <trkpt lon="13.538224" lat="52.575286"><ele>62.0</ele></trkpt>
   <trkpt lon="13.537351" lat="52.575574"><ele>61.75</ele></trkpt>
   <trkpt lon="13.537109" lat="52.575644"><ele>61.25</ele></trkpt>
   <trkpt lon="13.536823" lat="52.575714"><ele>60.5</ele></trkpt>
   <trkpt lon="13.536551" lat="52.575804"><ele>59.75</ele></trkpt>
   <trkpt lon="13.536294" lat="52.575927"><ele>60.0</ele></trkpt>
   <trkpt lon="13.535549" lat="52.576176"><ele>60.0</ele></trkpt>
   <trkpt lon="13.535206" lat="52.576274"><ele>59.5</ele></trkpt>
   <trkpt lon="13.535033" lat="52.576304"><ele>59.0</ele></trkpt>
   <trkpt lon="13.534530" lat="52.576388"><ele>58.25</ele></trkpt>
   <trkpt lon="13.535573" lat="52.578258"><ele>60.0</ele></trkpt>
   <trkpt lon="13.536489" lat="52.579906"><ele>62.25</ele></trkpt>
   <trkpt lon="13.535583" lat="52.580070"><ele>62.0</ele></trkpt>
   <trkpt lon="13.535245" lat="52.580135"><ele>62.0</ele></trkpt>
   <trkpt lon="13.534684" lat="52.580241"><ele>61.75</ele></trkpt>
   <trkpt lon="13.533925" lat="52.580384"><ele>61.0</ele></trkpt>
   <trkpt lon="13.533843" lat="52.580400"><ele>61.0</ele></trkpt>
   <trkpt lon="13.533506" lat="52.580454"><ele>61.0</ele></trkpt>
   <trkpt lon="13.533231" lat="52.580501"><ele>61.0</ele></trkpt>
   <trkpt lon="13.532375" lat="52.580661"><ele>61.0</ele></trkpt>
   <trkpt lon="13.531965" lat="52.580739"><ele>60.5</ele></trkpt>
   <trkpt lon="13.531440" lat="52.580837"><ele>61.0</ele></trkpt>
   <trkpt lon="13.530868" lat="52.580944"><ele>61.0</ele></trkpt>
   <trkpt lon="13.530734" lat="52.580969"><ele>60.75</ele></trkpt>
   <trkpt lon="13.530140" lat="52.581077"><ele>60.75</ele></trkpt>
   <trkpt lon="13.530560" lat="52.581792"><ele>60.5</ele></trkpt>
   <trkpt lon="13.530579" lat="52.581823"><ele>60.25</ele></trkpt>
   <trkpt lon="13.531279" lat="52.582964"><ele>60.0</ele></trkpt>
   <trkpt lon="13.531962" lat="52.584077"><ele>62.0</ele></trkpt>
   <trkpt lon="13.532181" lat="52.584433"><ele>62.75</ele></trkpt>
   <trkpt lon="13.532335" lat="52.584685"><ele>63.0</ele></trkpt>
   <trkpt lon="13.531012" lat="52.584043"><ele>61.5</ele></trkpt>
   <trkpt lon="13.530824" lat="52.583955"><ele>61.0</ele></trkpt>
   <trkpt lon="13.530369" lat="52.583738"><ele>61.0</ele></trkpt>
   <trkpt lon="13.529488" lat="52.583314"><ele>60.75</ele></trkpt>
   <trkpt lon="13.528677" lat="52.582919"><ele>60.5</ele></trkpt>
   <trkpt lon="13.528415" lat="52.582796"><ele>60.0</ele></trkpt>
   <trkpt lon="13.528119" lat="52.582648"><ele>60.25</ele></trkpt>
   <trkpt lon="13.526366" lat="52.581807"><ele>59.0</ele></trkpt>
   <trkpt lon="13.526008" lat="52.581635"><ele>59.5</ele></trkpt>
   <trkpt lon="13.520021" lat="52.578756"><ele>55.5</ele></trkpt>
   <trkpt lon="13.519867" lat="52.578805"><ele>55.25</ele></trkpt>
   <trkpt lon="13.519783" lat="52.578831"><ele>55.0</ele></trkpt>
   <trkpt lon="13.519690" lat="52.578636"><ele>55.0</ele></trkpt>
   <trkpt lon="13.519673" lat="52.578602"><ele>55.0</ele></trkpt>
   <trkpt lon="13.519613" lat="52.578478"><ele>55.0</ele></trkpt>
   <trkpt lon="13.519580" lat="52.578414"><ele>55.0</ele></trkpt>
   <trkpt lon="13.519537" lat="52.578336"><ele>55.0</ele></trkpt>
   <trkpt lon="13.519485" lat="52.578239"><ele>55.0</ele></trkpt>
   <trkpt lon="13.519399" lat="52.578072"><ele>54.75</ele></trkpt>
   <trkpt lon="13.519096" lat="52.577486"><ele>54.0</ele></trkpt>
   <trkpt lon="13.519013" lat="52.577327"><ele>54.5</ele></trkpt>
   <trkpt lon="13.518980" lat="52.577155"><ele>55.0</ele></trkpt>
   <trkpt lon="13.518910" lat="52.576794"><ele>54.75</ele></trkpt>
   <trkpt lon="13.518887" lat="52.576676"><ele>55.0</ele></trkpt>
   <trkpt lon="13.518813" lat="52.576349"><ele>55.0</ele></trkpt>
   <trkpt lon="13.518809" lat="52.576335"><ele>55.0</ele></trkpt>
   <trkpt lon="13.518801" lat="52.576317"><ele>55.25</ele></trkpt>
   <trkpt lon="13.518735" lat="52.576181"><ele>55.5</ele></trkpt>
   <trkpt lon="13.518643" lat="52.576013"><ele>56.0</ele></trkpt>
   <trkpt lon="13.518556" lat="52.575855"><ele>56.25</ele></trkpt>
   <trkpt lon="13.518540" lat="52.575826"><ele>56.5</ele></trkpt>
   <trkpt lon="13.518469" lat="52.575702"><ele>57.0</ele></trkpt>
   <trkpt lon="13.518384" lat="52.575550"><ele>57.0</ele></trkpt>
   <trkpt lon="13.518367" lat="52.575520"><ele>57.0</ele></trkpt>
   <trkpt lon="13.518324" lat="52.575441"><ele>57.25</ele></trkpt>
   <trkpt lon="13.518172" lat="52.575169"><ele>58.25</ele></trkpt>
   <trkpt lon="13.518155" lat="52.575138"><ele>58.25</ele></trkpt>
   <trkpt lon="13.518133" lat="52.575098"><ele>58.25</ele></trkpt>
   <trkpt lon="13.518061" lat="52.574968"><ele>58.0</ele></trkpt>
   <trkpt lon="13.518056" lat="52.574958"><ele>58.0</ele></trkpt>
   <trkpt lon="13.518019" lat="52.574831"><ele>58.5</ele></trkpt>
   <trkpt lon="13.517772" lat="52.574869"><ele>59.0</ele></trkpt>
   <trkpt lon="13.517605" lat="52.574904"><ele>59.0</ele></trkpt>
   <trkpt lon="13.517160" lat="52.575009"><ele>59.0</ele></trkpt>
   <trkpt lon="13.516524" lat="52.575159"><ele>59.0</ele></trkpt>
   <trkpt lon="13.516337" lat="52.575203"><ele>59.0</ele></trkpt>
   <trkpt lon="13.516087" lat="52.575253"><ele>59.0</ele></trkpt>
   <trkpt lon="13.515586" lat="52.575351"><ele>60.0</ele></trkpt>
   <trkpt lon="13.515116" lat="52.575418"><ele>59.5</ele></trkpt>
   <trkpt lon="13.514970" lat="52.575423"><ele>59.25</ele></trkpt>
   <trkpt lon="13.514865" lat="52.575417"><ele>59.0</ele></trkpt>
   <trkpt lon="13.514750" lat="52.575400"><ele>58.5</ele></trkpt>
   <trkpt lon="13.514311" lat="52.575331"><ele>59.25</ele></trkpt>
   <trkpt lon="13.514131" lat="52.575302"><ele>59.75</ele></trkpt>
   <trkpt lon="13.513909" lat="52.575297"><ele>59.75</ele></trkpt>
   <trkpt lon="13.513793" lat="52.575308"><ele>60.0</ele></trkpt>
   <trkpt lon="13.513489" lat="52.575333"><ele>60.0</ele></trkpt>
   <trkpt lon="13.513385" lat="52.575335"><ele>60.0</ele></trkpt>
   <trkpt lon="13.513322" lat="52.575337"><ele>60.0</ele></trkpt>
   <trkpt lon="13.512976" lat="52.575345"><ele>60.0</ele></trkpt>
   <trkpt lon="13.512947" lat="52.575345"><ele>60.0</ele></trkpt>
   <trkpt lon="13.512608" lat="52.575353"><ele>59.5</ele></trkpt>
   <trkpt lon="13.512278" lat="52.575361"><ele>59.25</ele></trkpt>
   <trkpt lon="13.512038" lat="52.575366"><ele>59.25</ele></trkpt>
   <trkpt lon="13.511777" lat="52.575374"><ele>59.25</ele></trkpt>
   <trkpt lon="13.511071" lat="52.575397"><ele>58.75</ele></trkpt>
   <trkpt lon="13.510572" lat="52.575416"><ele>59.25</ele></trkpt>
   <trkpt lon="13.510349" lat="52.575424"><ele>59.5</ele></trkpt>
   <trkpt lon="13.510070" lat="52.575432"><ele>59.0</ele></trkpt>
   <trkpt lon="13.509704" lat="52.575442"><ele>58.5</ele></trkpt>
   <trkpt lon="13.509493" lat="52.575446"><ele>58.75</ele></trkpt>
   <trkpt lon="13.509346" lat="52.575449"><ele>59.0</ele></trkpt>
   <trkpt lon="13.508500" lat="52.575474"><ele>58.25</ele></trkpt>
   <trkpt lon="13.508365" lat="52.575476"><ele>58.25</ele></trkpt>
   <trkpt lon="13.508184" lat="52.575483"><ele>58.25</ele></trkpt>
   <trkpt lon="13.507161" lat="52.575514"><ele>58.0</ele></trkpt>
   <trkpt lon="13.507002" lat="52.575521"><ele>58.0</ele></trkpt>
   <trkpt lon="13.506840" lat="52.575526"><ele>58.0</ele></trkpt>
   <trkpt lon="13.506114" lat="52.575550"><ele>57.0</ele></trkpt>
   <trkpt lon="13.505956" lat="52.575557"><ele>57.0</ele></trkpt>
   <trkpt lon="13.505788" lat="52.575564"><ele>57.0</ele></trkpt>
   <trkpt lon="13.505429" lat="52.575579"><ele>57.0</ele></trkpt>
   <trkpt lon="13.505053" lat="52.575595"><ele>57.0</ele></trkpt>
   <trkpt lon="13.504420" lat="52.575622"><ele>57.0</ele></trkpt>
   <trkpt lon="13.504292" lat="52.575627"><ele>57.0</ele></trkpt>
   <trkpt lon="13.504157" lat="52.575643"><ele>57.0</ele></trkpt>
   <trkpt lon="13.503999" lat="52.575662"><ele>57.0</ele></trkpt>
   <trkpt lon="13.503753" lat="52.575708"><ele>57.0</ele></trkpt>
   <trkpt lon="13.503550" lat="52.575770"><ele>56.75</ele></trkpt>
   <trkpt lon="13.503439" lat="52.575804"><ele>56.75</ele></trkpt>
   <trkpt lon="13.503287" lat="52.575850"><ele>57.0</ele></trkpt>
   <trkpt lon="13.503137" lat="52.575903"><ele>57.0</ele></trkpt>
   <trkpt lon="13.503081" lat="52.575920"><ele>57.0</ele></trkpt>
   <trkpt lon="13.502811" lat="52.576009"><ele>57.0</ele></trkpt>
   <trkpt lon="13.501417" lat="52.576568"><ele>56.0</ele></trkpt>
   <trkpt lon="13.501351" lat="52.576594"><ele>55.75</ele></trkpt>
   <trkpt lon="13.500620" lat="52.576876"><ele>54.0</ele></trkpt>
   <trkpt lon="13.500063" lat="52.577086"><ele>53.0</ele></trkpt>
   <trkpt lon="13.499424" lat="52.577327"><ele>53.0</ele></trkpt>
   <trkpt lon="13.499242" lat="52.577377"><ele>53.5</ele></trkpt>
   <trkpt lon="13.498754" lat="52.577485"><ele>52.5</ele></trkpt>
   <trkpt lon="13.498278" lat="52.577555"><ele>52.75</ele></trkpt>
   <trkpt lon="13.497974" lat="52.577587"><ele>53.5</ele></trkpt>
   <trkpt lon="13.497505" lat="52.577593"><ele>54.0</ele></trkpt>
   <trkpt lon="13.495754" lat="52.577494"><ele>51.0</ele></trkpt>
   <trkpt lon="13.495067" lat="52.577455"><ele>52.0</ele></trkpt>
   <trkpt lon="13.492917" lat="52.577330"><ele>52.5</ele></trkpt>
   <trkpt lon="13.491799" lat="52.577271"><ele>50.5</ele></trkpt>
   <trkpt lon="13.490048" lat="52.577184"><ele>50.0</ele></trkpt>
   <trkpt lon="13.489727" lat="52.577168"><ele>49.75</ele></trkpt>
   <trkpt lon="13.489633" lat="52.577163"><ele>49.75</ele></trkpt>
   <trkpt lon="13.488790" lat="52.577125"><ele>49.0</ele></trkpt>
   <trkpt lon="13.488460" lat="52.577136"><ele>49.5</ele></trkpt>
   <trkpt lon="13.486918" lat="52.577229"><ele>50.0</ele></trkpt>
   <trkpt lon="13.486853" lat="52.577233"><ele>50.25</ele></trkpt>
   <trkpt lon="13.486484" lat="52.577254"><ele>50.75</ele></trkpt>
   <trkpt lon="13.485679" lat="52.577303"><ele>51.75</ele></trkpt>
   <trkpt lon="13.484110" lat="52.577392"><ele>53.5</ele></trkpt>
   <trkpt lon="13.483866" lat="52.577386"><ele>54.0</ele></trkpt>
   <trkpt lon="13.483561" lat="52.577353"><ele>53.75</ele></trkpt>
   <trkpt lon="13.483540" lat="52.577351"><ele>53.5</ele></trkpt>
   <trkpt lon="13.483500" lat="52.577348"><ele>53.5</ele></trkpt>
   <trkpt lon="13.483456" lat="52.577343"><ele>53.25</ele></trkpt>
   <trkpt lon="13.483368" lat="52.577335"><ele>53.0</ele></trkpt>
   <trkpt lon="13.483336" lat="52.577479"><ele>53.0</ele></trkpt>
   <trkpt lon="13.483325" lat="52.577518"><ele>53.0</ele></trkpt>
   <trkpt lon="13.483295" lat="52.577617"><ele>53.5</ele></trkpt>
   <trkpt lon="13.483284" lat="52.577653"><ele>53.5</ele></trkpt>
   <trkpt lon="13.483274" lat="52.577687"><ele>53.5</ele></trkpt>
   <trkpt lon="13.483249" lat="52.577769"><ele>53.75</ele></trkpt>
   <trkpt lon="13.483227" lat="52.577837"><ele>54.0</ele></trkpt>
   <trkpt lon="13.483107" lat="52.578236"><ele>53.75</ele></trkpt>
   <trkpt lon="13.483068" lat="52.578355"><ele>53.75</ele></trkpt>
   <trkpt lon="13.483035" lat="52.578454"><ele>54.0</ele></trkpt>
   <trkpt lon="13.482979" lat="52.578633"><ele>54.0</ele></trkpt>
   <trkpt lon="13.482956" lat="52.578706"><ele>54.0</ele></trkpt>
   <trkpt lon="13.482923" lat="52.578810"><ele>54.0</ele></trkpt>
   <trkpt lon="13.482864" lat="52.578999"><ele>54.0</ele></trkpt>
   <trkpt lon="13.482844" lat="52.579062"><ele>54.0</ele></trkpt>
   <trkpt lon="13.482784" lat="52.579254"><ele>54.0</ele></trkpt>
   <trkpt lon="13.482774" lat="52.579290"><ele>54.0</ele></trkpt>
   <trkpt lon="13.482722" lat="52.579544"><ele>54.0</ele></trkpt>
   <trkpt lon="13.482726" lat="52.579670"><ele>54.0</ele></trkpt>
   <trkpt lon="13.482735" lat="52.579743"><ele>54.0</ele></trkpt>
   <trkpt lon="13.482748" lat="52.579849"><ele>54.0</ele></trkpt>
   <trkpt lon="13.482751" lat="52.579869"><ele>54.0</ele></trkpt>
   <trkpt lon="13.482781" lat="52.580117"><ele>54.0</ele></trkpt>
   <trkpt lon="13.482798" lat="52.580246"><ele>54.0</ele></trkpt>
   <trkpt lon="13.482828" lat="52.580486"><ele>54.5</ele></trkpt>
   <trkpt lon="13.482839" lat="52.580562"><ele>55.0</ele></trkpt>
   <trkpt lon="13.482854" lat="52.580671"><ele>55.0</ele></trkpt>
   <trkpt lon="13.482868" lat="52.580784"><ele>55.0</ele></trkpt>
   <trkpt lon="13.482874" lat="52.580827"><ele>55.0</ele></trkpt>
   <trkpt lon="13.482903" lat="52.581054"><ele>55.0</ele></trkpt>
   <trkpt lon="13.482910" lat="52.581106"><ele>55.0</ele></trkpt>
   <trkpt lon="13.482939" lat="52.581317"><ele>55.0</ele></trkpt>
   <trkpt lon="13.482943" lat="52.581348"><ele>55.0</ele></trkpt>
   <trkpt lon="13.482971" lat="52.581558"><ele>55.0</ele></trkpt>
   <trkpt lon="13.482991" lat="52.581707"><ele>55.0</ele></trkpt>
   <trkpt lon="13.482996" lat="52.581737"><ele>55.0</ele></trkpt>
   <trkpt lon="13.483020" lat="52.581899"><ele>55.0</ele></trkpt>
   <trkpt lon="13.483033" lat="52.581983"><ele>55.0</ele></trkpt>
   <trkpt lon="13.483047" lat="52.582075"><ele>55.0</ele></trkpt>
   <trkpt lon="13.483068" lat="52.582212"><ele>55.0</ele></trkpt>
   <trkpt lon="13.483085" lat="52.582297"><ele>55.0</ele></trkpt>
   <trkpt lon="13.483127" lat="52.582444"><ele>55.25</ele></trkpt>
   <trkpt lon="13.483175" lat="52.582611"><ele>55.5</ele></trkpt>
   <trkpt lon="13.483201" lat="52.582719"><ele>55.75</ele></trkpt>
   <trkpt lon="13.483207" lat="52.582746"><ele>55.75</ele></trkpt>
   <trkpt lon="13.483233" lat="52.582853"><ele>55.75</ele></trkpt>
   <trkpt lon="13.483247" lat="52.582895"><ele>55.5</ele></trkpt>
   <trkpt lon="13.483256" lat="52.582921"><ele>55.5</ele></trkpt>
   <trkpt lon="13.483273" lat="52.582968"><ele>55.25</ele></trkpt>
   <trkpt lon="13.483090" lat="52.583002"><ele>55.75</ele></trkpt>
   <trkpt lon="13.483039" lat="52.583012"><ele>56.0</ele></trkpt>
   <trkpt lon="13.482992" lat="52.583021"><ele>56.0</ele></trkpt>
   <trkpt lon="13.482190" lat="52.583175"><ele>55.5</ele></trkpt>
   <trkpt lon="13.481810" lat="52.583248"><ele>55.0</ele></trkpt>
   <trkpt lon="13.481257" lat="52.583354"><ele>54.25</ele></trkpt>
   <trkpt lon="13.480608" lat="52.583478"><ele>53.5</ele></trkpt>
   <trkpt lon="13.480342" lat="52.583530"><ele>53.0</ele></trkpt>
   <trkpt lon="13.479254" lat="52.583743"><ele>51.5</ele></trkpt>
   <trkpt lon="13.478528" lat="52.583881"><ele>50.75</ele></trkpt>
   <trkpt lon="13.477963" lat="52.583970"><ele>51.25</ele></trkpt>
   <trkpt lon="13.477376" lat="52.584040"><ele>51.5</ele></trkpt>
   <trkpt lon="13.475423" lat="52.584227"><ele>51.0</ele></trkpt>
   <trkpt lon="13.475138" lat="52.584241"><ele>50.75</ele></trkpt>
   <trkpt lon="13.474944" lat="52.584240"><ele>50.5</ele></trkpt>
   <trkpt lon="13.474750" lat="52.584228"><ele>50.0</ele></trkpt>
   <trkpt lon="13.474486" lat="52.584198"><ele>50.0</ele></trkpt>
   <trkpt lon="13.474222" lat="52.584158"><ele>49.75</ele></trkpt>
   <trkpt lon="13.471496" lat="52.583747"><ele>50.0</ele></trkpt>
   <trkpt lon="13.470853" lat="52.583639"><ele>49.75</ele></trkpt>
   <trkpt lon="13.470521" lat="52.583574"><ele>49.75</ele></trkpt>
   <trkpt lon="13.470196" lat="52.583502"><ele>49.25</ele></trkpt>
   <trkpt lon="13.470181" lat="52.583499"><ele>49.25</ele></trkpt>
   <trkpt lon="13.469973" lat="52.583455"><ele>49.5</ele></trkpt>
   <trkpt lon="13.469735" lat="52.583414"><ele>49.0</ele></trkpt>
   <trkpt lon="13.469386" lat="52.583369"><ele>50.0</ele></trkpt>
   <trkpt lon="13.468354" lat="52.583267"><ele>49.0</ele></trkpt>
   <trkpt lon="13.467899" lat="52.583245"><ele>49.0</ele></trkpt>
   <trkpt lon="13.467719" lat="52.583246"><ele>49.0</ele></trkpt>
   <trkpt lon="13.467547" lat="52.583258"><ele>49.0</ele></trkpt>
   <trkpt lon="13.467251" lat="52.583297"><ele>49.0</ele></trkpt>
   <trkpt lon="13.464570" lat="52.583710"><ele>49.5</ele></trkpt>
   <trkpt lon="13.464518" lat="52.583718"><ele>49.5</ele></trkpt>
   <trkpt lon="13.463932" lat="52.583822"><ele>49.25</ele></trkpt>
   <trkpt lon="13.463347" lat="52.583954"><ele>49.5</ele></trkpt>
   <trkpt lon="13.462836" lat="52.584094"><ele>49.25</ele></trkpt>
   <trkpt lon="13.462195" lat="52.584302"><ele>49.5</ele></trkpt>
   <trkpt lon="13.461781" lat="52.584457"><ele>50.5</ele></trkpt>
   <trkpt lon="13.461186" lat="52.584705"><ele>51.0</ele></trkpt>
   <trkpt lon="13.461119" lat="52.584734"><ele>51.0</ele></trkpt>
   <trkpt lon="13.460872" lat="52.584834"><ele>51.5</ele></trkpt>
   <trkpt lon="13.460600" lat="52.584949"><ele>51.75</ele></trkpt>
   <trkpt lon="13.460219" lat="52.585111"><ele>51.5</ele></trkpt>
   <trkpt lon="13.459710" lat="52.585370"><ele>52.0</ele></trkpt>
   <trkpt lon="13.459337" lat="52.585604"><ele>52.0</ele></trkpt>
   <trkpt lon="13.458721" lat="52.586050"><ele>52.0</ele></trkpt>
   <trkpt lon="13.458670" lat="52.586086"><ele>52.0</ele></trkpt>
   <trkpt lon="13.457753" lat="52.586752"><ele>51.5</ele></trkpt>
   <trkpt lon="13.456911" lat="52.587368"><ele>50.25</ele></trkpt>
   <trkpt lon="13.456644" lat="52.587557"><ele>50.0</ele></trkpt>
   <trkpt lon="13.456385" lat="52.587742"><ele>50.0</ele></trkpt>
   <trkpt lon="13.456051" lat="52.587984"><ele>50.0</ele></trkpt>
   <trkpt lon="13.455973" lat="52.588041"><ele>50.0</ele></trkpt>
   <trkpt lon="13.455649" lat="52.588276"><ele>49.25</ele></trkpt>
   <trkpt lon="13.455413" lat="52.588450"><ele>49.25</ele></trkpt>
   <trkpt lon="13.455302" lat="52.588532"><ele>49.25</ele></trkpt>
   <trkpt lon="13.455207" lat="52.588602"><ele>49.0</ele></trkpt>
   <trkpt lon="13.454985" lat="52.588767"><ele>49.0</ele></trkpt>
   <trkpt lon="13.454433" lat="52.589162"><ele>49.0</ele></trkpt>
   <trkpt lon="13.454109" lat="52.589387"><ele>48.0</ele></trkpt>
   <trkpt lon="13.453426" lat="52.589861"><ele>47.75</ele></trkpt>
   <trkpt lon="13.453373" lat="52.589875"><ele>48.0</ele></trkpt>
   <trkpt lon="13.453344" lat="52.589879"><ele>48.0</ele></trkpt>
   <trkpt lon="13.453311" lat="52.589886"><ele>48.0</ele></trkpt>
   <trkpt lon="13.453259" lat="52.589893"><ele>48.0</ele></trkpt>
   <trkpt lon="13.453147" lat="52.589909"><ele>48.0</ele></trkpt>
   <trkpt lon="13.453163" lat="52.589998"><ele>48.0</ele></trkpt>
   <trkpt lon="13.453169" lat="52.590029"><ele>47.75</ele></trkpt>
   <trkpt lon="13.453181" lat="52.590100"><ele>48.0</ele></trkpt>
   <trkpt lon="13.453185" lat="52.590123"><ele>48.0</ele></trkpt>
   <trkpt lon="13.453259" lat="52.590406"><ele>48.0</ele></trkpt>
   <trkpt lon="13.453306" lat="52.590587"><ele>47.75</ele></trkpt>
   <trkpt lon="13.453379" lat="52.590845"><ele>47.75</ele></trkpt>
   <trkpt lon="13.453491" lat="52.591204"><ele>48.0</ele></trkpt>
   <trkpt lon="13.453509" lat="52.591275"><ele>48.0</ele></trkpt>
   <trkpt lon="13.453539" lat="52.591387"><ele>48.0</ele></trkpt>
   <trkpt lon="13.453418" lat="52.591380"><ele>48.0</ele></trkpt>
   <trkpt lon="13.453339" lat="52.591375"><ele>48.0</ele></trkpt>
   <trkpt lon="13.453286" lat="52.591374"><ele>47.75</ele></trkpt>
   <trkpt lon="13.453233" lat="52.591372"><ele>47.75</ele></trkpt>
   <trkpt lon="13.452618" lat="52.591347"><ele>47.75</ele></trkpt>
   <trkpt lon="13.452483" lat="52.591342"><ele>47.75</ele></trkpt>
   <trkpt lon="13.452345" lat="52.591335"><ele>47.75</ele></trkpt>
   <trkpt lon="13.452002" lat="52.591320"><ele>47.75</ele></trkpt>
   <trkpt lon="13.451427" lat="52.591294"><ele>48.0</ele></trkpt>
   <trkpt lon="13.450821" lat="52.591263"><ele>48.0</ele></trkpt>
   <trkpt lon="13.450399" lat="52.591235"><ele>48.0</ele></trkpt>
   <trkpt lon="13.449702" lat="52.591158"><ele>47.75</ele></trkpt>
   <trkpt lon="13.448875" lat="52.591060"><ele>47.0</ele></trkpt>
   <trkpt lon="13.448292" lat="52.590989"><ele>47.0</ele></trkpt>
   <trkpt lon="13.447757" lat="52.590926"><ele>47.0</ele></trkpt>
   <trkpt lon="13.447195" lat="52.590859"><ele>47.0</ele></trkpt>
   <trkpt lon="13.446877" lat="52.590822"><ele>47.0</ele></trkpt>
   <trkpt lon="13.446739" lat="52.590806"><ele>47.0</ele></trkpt>
   <trkpt lon="13.446360" lat="52.590760"><ele>47.0</ele></trkpt>
   <trkpt lon="13.446220" lat="52.590743"><ele>47.0</ele></trkpt>
   <trkpt lon="13.445985" lat="52.590715"><ele>47.0</ele></trkpt>
   <trkpt lon="13.445219" lat="52.590623"><ele>46.75</ele></trkpt>
   <trkpt lon="13.444009" lat="52.590483"><ele>46.0</ele></trkpt>
   <trkpt lon="13.443842" lat="52.590472"><ele>46.0</ele></trkpt>
   <trkpt lon="13.443706" lat="52.590473"><ele>46.0</ele></trkpt>
   <trkpt lon="13.443571" lat="52.590485"><ele>46.0</ele></trkpt>
   <trkpt lon="13.443399" lat="52.590504"><ele>46.0</ele></trkpt>
   <trkpt lon="13.443243" lat="52.590547"><ele>46.0</ele></trkpt>
   <trkpt lon="13.443090" lat="52.590601"><ele>46.5</ele></trkpt>
   <trkpt lon="13.442510" lat="52.590833"><ele>45.0</ele></trkpt>
   <trkpt lon="13.442463" lat="52.590851"><ele>45.0</ele></trkpt>
   <trkpt lon="13.442359" lat="52.590892"><ele>45.5</ele></trkpt>
   <trkpt lon="13.442338" lat="52.590900"><ele>45.5</ele></trkpt>
   <trkpt lon="13.442288" lat="52.590919"><ele>45.75</ele></trkpt>
   <trkpt lon="13.442227" lat="52.590943"><ele>45.75</ele></trkpt>
   <trkpt lon="13.442177" lat="52.590962"><ele>46.0</ele></trkpt>
   <trkpt lon="13.441860" lat="52.591073"><ele>46.0</ele></trkpt>
   <trkpt lon="13.441361" lat="52.591255"><ele>46.0</ele></trkpt>
   <trkpt lon="13.440864" lat="52.591422"><ele>47.25</ele></trkpt>
   <trkpt lon="13.440107" lat="52.591637"><ele>46.75</ele></trkpt>
   <trkpt lon="13.440050" lat="52.591652"><ele>46.25</ele></trkpt>
   <trkpt lon="13.439594" lat="52.591762"><ele>46.25</ele></trkpt>
   <trkpt lon="13.439158" lat="52.591856"><ele>46.25</ele></trkpt>
   <trkpt lon="13.439073" lat="52.591874"><ele>46.25</ele></trkpt>
   <trkpt lon="13.438799" lat="52.591934"><ele>45.5</ele></trkpt>
   <trkpt lon="13.438764" lat="52.591941"><ele>45.5</ele></trkpt>
   <trkpt lon="13.438674" lat="52.591959"><ele>45.0</ele></trkpt>
   <trkpt lon="13.438642" lat="52.591966"><ele>45.0</ele></trkpt>
   <trkpt lon="13.438355" lat="52.592029"><ele>43.5</ele></trkpt>
   <trkpt lon="13.438319" lat="52.592037"><ele>43.75</ele></trkpt>
   <trkpt lon="13.438122" lat="52.592080"><ele>45.0</ele></trkpt>
   <trkpt lon="13.437305" lat="52.592258"><ele>45.75</ele></trkpt>
   <trkpt lon="13.437281" lat="52.592263"><ele>45.75</ele></trkpt>
   <trkpt lon="13.437118" lat="52.592307"><ele>45.75</ele></trkpt>
   <trkpt lon="13.436991" lat="52.592349"><ele>45.75</ele></trkpt>
   <trkpt lon="13.436943" lat="52.592369"><ele>45.75</ele></trkpt>
   <trkpt lon="13.436815" lat="52.592424"><ele>45.75</ele></trkpt>
   <trkpt lon="13.436757" lat="52.592459"><ele>45.75</ele></trkpt>
   <trkpt lon="13.436669" lat="52.592536"><ele>46.0</ele></trkpt>
   <trkpt lon="13.436500" lat="52.592513"><ele>46.5</ele></trkpt>
   <trkpt lon="13.436463" lat="52.592496"><ele>46.5</ele></trkpt>
   <trkpt lon="13.436401" lat="52.592470"><ele>46.5</ele></trkpt>
   <trkpt lon="13.436314" lat="52.592453"><ele>46.75</ele></trkpt>
   <trkpt lon="13.436033" lat="52.592317"><ele>47.0</ele></trkpt>
   <trkpt lon="13.435735" lat="52.592184"><ele>46.75</ele></trkpt>
   <trkpt lon="13.435618" lat="52.592132"><ele>46.75</ele></trkpt>
   <trkpt lon="13.435398" lat="52.592032"><ele>47.5</ele></trkpt>
   <trkpt lon="13.434990" lat="52.591844"><ele>48.0</ele></trkpt>
   <trkpt lon="13.434466" lat="52.591602"><ele>46.75</ele></trkpt>
   <trkpt lon="13.434213" lat="52.591486"><ele>47.75</ele></trkpt>
   <trkpt lon="13.433420" lat="52.591125"><ele>47.25</ele></trkpt>
   <trkpt lon="13.431877" lat="52.590417"><ele>47.0</ele></trkpt>
   <trkpt lon="13.431681" lat="52.590327"><ele>47.75</ele></trkpt>
   <trkpt lon="13.431297" lat="52.590151"><ele>47.0</ele></trkpt>
   <trkpt lon="13.431260" lat="52.590141"><ele>47.0</ele></trkpt>
   <trkpt lon="13.431169" lat="52.590132"><ele>47.0</ele></trkpt>
   <trkpt lon="13.431045" lat="52.590132"><ele>47.0</ele></trkpt>
   <trkpt lon="13.430982" lat="52.590142"><ele>47.0</ele></trkpt>
   <trkpt lon="13.430940" lat="52.590146"><ele>47.0</ele></trkpt>
   <trkpt lon="13.430767" lat="52.590129"><ele>47.0</ele></trkpt>
   <trkpt lon="13.430734" lat="52.590031"><ele>46.75</ele></trkpt>
   <trkpt lon="13.430678" lat="52.589862"><ele>47.0</ele></trkpt>
   <trkpt lon="13.430667" lat="52.589830"><ele>47.0</ele></trkpt>
   <trkpt lon="13.430656" lat="52.589798"><ele>47.0</ele></trkpt>
   <trkpt lon="13.430645" lat="52.589767"><ele>47.0</ele></trkpt>
   <trkpt lon="13.430632" lat="52.589731"><ele>47.0</ele></trkpt>
   <trkpt lon="13.430612" lat="52.589672"><ele>46.75</ele></trkpt>
   <trkpt lon="13.430576" lat="52.589563"><ele>46.75</ele></trkpt>
   <trkpt lon="13.430471" lat="52.589240"><ele>47.0</ele></trkpt>
   <trkpt lon="13.430432" lat="52.589141"><ele>46.75</ele></trkpt>
   <trkpt lon="13.430272" lat="52.588732"><ele>46.0</ele></trkpt>
   <trkpt lon="13.430245" lat="52.588650"><ele>46.0</ele></trkpt>
   <trkpt lon="13.430227" lat="52.588596"><ele>46.0</ele></trkpt>
   <trkpt lon="13.430137" lat="52.588607"><ele>46.0</ele></trkpt>
   <trkpt lon="13.430092" lat="52.588613"><ele>46.0</ele></trkpt>
   <trkpt lon="13.430056" lat="52.588618"><ele>46.0</ele></trkpt>
   <trkpt lon="13.429990" lat="52.588626"><ele>46.0</ele></trkpt>
   <trkpt lon="13.429738" lat="52.588659"><ele>46.0</ele></trkpt>
   <trkpt lon="13.429610" lat="52.588641"><ele>46.0</ele></trkpt>
   <trkpt lon="13.429508" lat="52.588598"><ele>46.0</ele></trkpt>
   <trkpt lon="13.429445" lat="52.588582"><ele>46.0</ele></trkpt>
   <trkpt lon="13.429356" lat="52.588552"><ele>46.0</ele></trkpt>
   <trkpt lon="13.429254" lat="52.588505"><ele>46.0</ele></trkpt>
   <trkpt lon="13.429075" lat="52.588411"><ele>46.0</ele></trkpt>
   <trkpt lon="13.428861" lat="52.588300"><ele>46.0</ele></trkpt>
   <trkpt lon="13.428696" lat="52.588213"><ele>46.0</ele></trkpt>
   <trkpt lon="13.428508" lat="52.588115"><ele>46.0</ele></trkpt>
   <trkpt lon="13.428300" lat="52.588006"><ele>46.0</ele></trkpt>
   <trkpt lon="13.428285" lat="52.587999"><ele>46.0</ele></trkpt>
   <trkpt lon="13.427826" lat="52.587760"><ele>46.0</ele></trkpt>
   <trkpt lon="13.427566" lat="52.587621"><ele>46.0</ele></trkpt>
   <trkpt lon="13.427445" lat="52.587556"><ele>46.0</ele></trkpt>
   <trkpt lon="13.427253" lat="52.587455"><ele>46.0</ele></trkpt>
   <trkpt lon="13.427153" lat="52.587405"><ele>46.0</ele></trkpt>
   <trkpt lon="13.427124" lat="52.587390"><ele>46.0</ele></trkpt>
   <trkpt lon="13.426974" lat="52.587312"><ele>46.0</ele></trkpt>
   <trkpt lon="13.426364" lat="52.586991"><ele>45.75</ele></trkpt>
   <trkpt lon="13.426074" lat="52.586840"><ele>46.0</ele></trkpt>
   <trkpt lon="13.425758" lat="52.586674"><ele>46.0</ele></trkpt>
   <trkpt lon="13.425443" lat="52.586511"><ele>46.0</ele></trkpt>
   <trkpt lon="13.425241" lat="52.586417"><ele>46.0</ele></trkpt>
   <trkpt lon="13.425093" lat="52.586357"><ele>46.0</ele></trkpt>
   <trkpt lon="13.424665" lat="52.586223"><ele>46.0</ele></trkpt>
   <trkpt lon="13.423683" lat="52.585923"><ele>45.75</ele></trkpt>
   <trkpt lon="13.423525" lat="52.585875"><ele>46.0</ele></trkpt>
   <trkpt lon="13.423377" lat="52.585829"><ele>46.0</ele></trkpt>
   <trkpt lon="13.422643" lat="52.585605"><ele>46.0</ele></trkpt>
   <trkpt lon="13.422386" lat="52.585526"><ele>46.0</ele></trkpt>
   <trkpt lon="13.422327" lat="52.585508"><ele>46.0</ele></trkpt>
   <trkpt lon="13.422091" lat="52.585437"><ele>46.0</ele></trkpt>
   <trkpt lon="13.422063" lat="52.585428"><ele>46.0</ele></trkpt>
   <trkpt lon="13.421608" lat="52.585292"><ele>46.0</ele></trkpt>
   <trkpt lon="13.421539" lat="52.585271"><ele>46.0</ele></trkpt>
   <trkpt lon="13.420972" lat="52.585100"><ele>46.0</ele></trkpt>
   <trkpt lon="13.420022" lat="52.584811"><ele>45.25</ele></trkpt>
   <trkpt lon="13.419891" lat="52.584771"><ele>45.0</ele></trkpt>
   <trkpt lon="13.419187" lat="52.584557"><ele>45.25</ele></trkpt>
   <trkpt lon="13.418452" lat="52.584333"><ele>45.0</ele></trkpt>
   <trkpt lon="13.418299" lat="52.584286"><ele>45.0</ele></trkpt>
   <trkpt lon="13.418214" lat="52.584260"><ele>45.0</ele></trkpt>
   <trkpt lon="13.417913" lat="52.584168"><ele>45.5</ele></trkpt>
   <trkpt lon="13.417646" lat="52.584087"><ele>45.5</ele></trkpt>
   <trkpt lon="13.417466" lat="52.584031"><ele>45.5</ele></trkpt>
   <trkpt lon="13.417090" lat="52.583916"><ele>45.0</ele></trkpt>
   <trkpt lon="13.416935" lat="52.583869"><ele>45.0</ele></trkpt>
   <trkpt lon="13.416848" lat="52.583843"><ele>45.0</ele></trkpt>
   <trkpt lon="13.416113" lat="52.583618"><ele>45.0</ele></trkpt>
   <trkpt lon="13.416024" lat="52.583591"><ele>45.0</ele></trkpt>
   <trkpt lon="13.415452" lat="52.583421"><ele>45.0</ele></trkpt>
   <trkpt lon="13.414684" lat="52.583195"><ele>44.0</ele></trkpt>
   <trkpt lon="13.414501" lat="52.583141"><ele>44.0</ele></trkpt>
   <trkpt lon="13.414548" lat="52.583076"><ele>44.0</ele></trkpt>
   <trkpt lon="13.414669" lat="52.582908"><ele>44.0</ele></trkpt>
   <trkpt lon="13.414774" lat="52.582769"><ele>44.0</ele></trkpt>
   <trkpt lon="13.414920" lat="52.582571"><ele>44.0</ele></trkpt>
   <trkpt lon="13.415160" lat="52.582261"><ele>43.75</ele></trkpt>
   <trkpt lon="13.415463" lat="52.581870"><ele>44.0</ele></trkpt>
   <trkpt lon="13.415359" lat="52.581849"><ele>44.0</ele></trkpt>
   <trkpt lon="13.414616" lat="52.581630"><ele>43.25</ele></trkpt>
   <trkpt lon="13.414358" lat="52.581554"><ele>44.0</ele></trkpt>
   <trkpt lon="13.414253" lat="52.581523"><ele>44.0</ele></trkpt>
   <trkpt lon="13.414171" lat="52.581631"><ele>44.0</ele></trkpt>
   <trkpt lon="13.414142" lat="52.581669"><ele>44.0</ele></trkpt>
   <trkpt lon="13.413559" lat="52.582435"><ele>44.0</ele></trkpt>
   <trkpt lon="13.413351" lat="52.582707"><ele>44.0</ele></trkpt>
   <trkpt lon="13.413340" lat="52.582721"><ele>44.0</ele></trkpt>
   <trkpt lon="13.413284" lat="52.582790"><ele>44.0</ele></trkpt>
   <trkpt lon="13.412861" lat="52.582664"><ele>44.0</ele></trkpt>
   <trkpt lon="13.412742" lat="52.582628"><ele>44.0</ele></trkpt>
   <trkpt lon="13.412472" lat="52.582538"><ele>44.0</ele></trkpt>
   <trkpt lon="13.412211" lat="52.582459"><ele>44.0</ele></trkpt>
   <trkpt lon="13.412142" lat="52.582439"><ele>44.0</ele></trkpt>
   <trkpt lon="13.411918" lat="52.582373"><ele>44.5</ele></trkpt>
   <trkpt lon="13.411633" lat="52.582287"><ele>45.0</ele></trkpt>
   <trkpt lon="13.411429" lat="52.582234"><ele>45.0</ele></trkpt>
   <trkpt lon="13.411254" lat="52.582208"><ele>45.0</ele></trkpt>
   <trkpt lon="13.409964" lat="52.582070"><ele>45.0</ele></trkpt>
   <trkpt lon="13.409548" lat="52.582027"><ele>45.0</ele></trkpt>
   <trkpt lon="13.408641" lat="52.581932"><ele>44.75</ele></trkpt>
   <trkpt lon="13.408550" lat="52.581923"><ele>44.75</ele></trkpt>
   <trkpt lon="13.407883" lat="52.581854"><ele>44.5</ele></trkpt>
   <trkpt lon="13.407588" lat="52.581824"><ele>44.5</ele></trkpt>
   <trkpt lon="13.407242" lat="52.581789"><ele>44.25</ele></trkpt>
   <trkpt lon="13.406960" lat="52.581760"><ele>44.25</ele></trkpt>
   <trkpt lon="13.406151" lat="52.581676"><ele>44.0</ele></trkpt>
   <trkpt lon="13.405629" lat="52.581624"><ele>44.0</ele></trkpt>
   <trkpt lon="13.405380" lat="52.581599"><ele>44.0</ele></trkpt>
   <trkpt lon="13.404545" lat="52.581515"><ele>44.0</ele></trkpt>
   <trkpt lon="13.404463" lat="52.581507"><ele>44.0</ele></trkpt>
   <trkpt lon="13.404244" lat="52.581485"><ele>44.0</ele></trkpt>
   <trkpt lon="13.404219" lat="52.581483"><ele>44.0</ele></trkpt>
   <trkpt lon="13.404212" lat="52.581366"><ele>44.0</ele></trkpt>
   <trkpt lon="13.404209" lat="52.581326"><ele>44.0</ele></trkpt>
   <trkpt lon="13.404190" lat="52.581167"><ele>44.0</ele></trkpt>
   <trkpt lon="13.404140" lat="52.581081"><ele>44.0</ele></trkpt>
   <trkpt lon="13.404037" lat="52.581000"><ele>44.0</ele></trkpt>
   <trkpt lon="13.403971" lat="52.580974"><ele>44.0</ele></trkpt>
   <trkpt lon="13.403823" lat="52.580936"><ele>44.0</ele></trkpt>
   <trkpt lon="13.403753" lat="52.580922"><ele>44.0</ele></trkpt>
   <trkpt lon="13.403705" lat="52.580914"><ele>44.0</ele></trkpt>
   <trkpt lon="13.403615" lat="52.580898"><ele>44.0</ele></trkpt>
   <trkpt lon="13.402828" lat="52.580758"><ele>44.0</ele></trkpt>
   <trkpt lon="13.402541" lat="52.580708"><ele>44.0</ele></trkpt>
   <trkpt lon="13.402445" lat="52.580691"><ele>44.0</ele></trkpt>
   <trkpt lon="13.402226" lat="52.580652"><ele>44.0</ele></trkpt>
   <trkpt lon="13.402160" lat="52.580640"><ele>44.0</ele></trkpt>
   <trkpt lon="13.401675" lat="52.580555"><ele>43.75</ele></trkpt>
   <trkpt lon="13.401325" lat="52.580494"><ele>43.75</ele></trkpt>
   <trkpt lon="13.401228" lat="52.580481"><ele>43.5</ele></trkpt>
   <trkpt lon="13.401021" lat="52.580459"><ele>43.75</ele></trkpt>
   <trkpt lon="13.400956" lat="52.580452"><ele>43.75</ele></trkpt>
   <trkpt lon="13.400886" lat="52.580445"><ele>43.75</ele></trkpt>
   <trkpt lon="13.400672" lat="52.580423"><ele>44.0</ele></trkpt>
   <trkpt lon="13.400527" lat="52.580409"><ele>44.0</ele></trkpt>
   <trkpt lon="13.400237" lat="52.580378"><ele>44.0</ele></trkpt>
   <trkpt lon="13.399950" lat="52.580352"><ele>44.0</ele></trkpt>
   <trkpt lon="13.399871" lat="52.580345"><ele>44.0</ele></trkpt>
   <trkpt lon="13.399670" lat="52.580324"><ele>44.0</ele></trkpt>
   <trkpt lon="13.399521" lat="52.580299"><ele>44.0</ele></trkpt>
   <trkpt lon="13.399368" lat="52.580254"><ele>44.25</ele></trkpt>
   <trkpt lon="13.399106" lat="52.580155"><ele>44.5</ele></trkpt>
   <trkpt lon="13.398692" lat="52.579996"><ele>44.0</ele></trkpt>
   <trkpt lon="13.398506" lat="52.579912"><ele>44.0</ele></trkpt>
   <trkpt lon="13.398423" lat="52.579874"><ele>44.0</ele></trkpt>
   <trkpt lon="13.398348" lat="52.579844"><ele>44.0</ele></trkpt>
   <trkpt lon="13.398310" lat="52.579818"><ele>44.0</ele></trkpt>
   <trkpt lon="13.398282" lat="52.579785"><ele>44.0</ele></trkpt>
   <trkpt lon="13.398235" lat="52.579668"><ele>44.0</ele></trkpt>
   <trkpt lon="13.398222" lat="52.579554"><ele>44.0</ele></trkpt>
   <trkpt lon="13.398227" lat="52.579400"><ele>44.0</ele></trkpt>
   <trkpt lon="13.398227" lat="52.579333"><ele>44.0</ele></trkpt>
   <trkpt lon="13.398228" lat="52.579286"><ele>44.0</ele></trkpt>
   <trkpt lon="13.398229" lat="52.579169"><ele>43.75</ele></trkpt>
   <trkpt lon="13.398235" lat="52.578637"><ele>44.0</ele></trkpt>
   <trkpt lon="13.398237" lat="52.578537"><ele>44.0</ele></trkpt>
   <trkpt lon="13.398248" lat="52.578114"><ele>44.0</ele></trkpt>
   <trkpt lon="13.398253" lat="52.577929"><ele>44.0</ele></trkpt>
   <trkpt lon="13.398260" lat="52.577568"><ele>43.25</ele></trkpt>
   <trkpt lon="13.398265" lat="52.577425"><ele>43.0</ele></trkpt>
   <trkpt lon="13.398281" lat="52.576980"><ele>43.0</ele></trkpt>
   <trkpt lon="13.398283" lat="52.576935"><ele>43.0</ele></trkpt>
   <trkpt lon="13.398287" lat="52.576830"><ele>43.0</ele></trkpt>
   <trkpt lon="13.398298" lat="52.576734"><ele>43.0</ele></trkpt>
   <trkpt lon="13.398341" lat="52.576594"><ele>43.0</ele></trkpt>
   <trkpt lon="13.398469" lat="52.576255"><ele>43.0</ele></trkpt>
   <trkpt lon="13.398521" lat="52.576126"><ele>43.0</ele></trkpt>
   <trkpt lon="13.398539" lat="52.576082"><ele>43.0</ele></trkpt>
   <trkpt lon="13.398636" lat="52.575850"><ele>43.0</ele></trkpt>
   <trkpt lon="13.399170" lat="52.574466"><ele>42.0</ele></trkpt>
   <trkpt lon="13.399214" lat="52.574314"><ele>42.0</ele></trkpt>
   <trkpt lon="13.399221" lat="52.574224"><ele>42.0</ele></trkpt>
   <trkpt lon="13.399213" lat="52.574152"><ele>42.0</ele></trkpt>
   <trkpt lon="13.399153" lat="52.573944"><ele>42.0</ele></trkpt>
   <trkpt lon="13.399126" lat="52.573849"><ele>42.0</ele></trkpt>
   <trkpt lon="13.399110" lat="52.573796"><ele>42.0</ele></trkpt>
   <trkpt lon="13.399015" lat="52.573493"><ele>42.0</ele></trkpt>
   <trkpt lon="13.398982" lat="52.573384"><ele>42.0</ele></trkpt>
   <trkpt lon="13.398895" lat="52.573113"><ele>42.0</ele></trkpt>
   <trkpt lon="13.398558" lat="52.572155"><ele>41.0</ele></trkpt>
   <trkpt lon="13.398446" lat="52.571814"><ele>41.25</ele></trkpt>
   <trkpt lon="13.398382" lat="52.571716"><ele>41.0</ele></trkpt>
   <trkpt lon="13.398366" lat="52.571691"><ele>41.0</ele></trkpt>
   <trkpt lon="13.398269" lat="52.571470"><ele>41.0</ele></trkpt>
   <trkpt lon="13.398192" lat="52.571267"><ele>41.0</ele></trkpt>
   <trkpt lon="13.398179" lat="52.571233"><ele>41.0</ele></trkpt>
   <trkpt lon="13.398160" lat="52.571160"><ele>41.0</ele></trkpt>
   <trkpt lon="13.398223" lat="52.571075"><ele>40.5</ele></trkpt>
   <trkpt lon="13.398250" lat="52.571045"><ele>40.5</ele></trkpt>
   <trkpt lon="13.398262" lat="52.571009"><ele>40.25</ele></trkpt>
   <trkpt lon="13.398285" lat="52.570969"></trkpt>
   <trkpt lon="13.398358" lat="52.570900"><ele>40.25</ele></trkpt>
   <trkpt lon="13.398452" lat="52.570833"><ele>40.25</ele></trkpt>
   <trkpt lon="13.398674" lat="52.570695"><ele>41.0</ele></trkpt>
   <trkpt lon="13.398829" lat="52.570602"><ele>41.0</ele></trkpt>
   <trkpt lon="13.398812" lat="52.570593"><ele>41.0</ele></trkpt>
   <trkpt lon="13.398689" lat="52.570529"><ele>41.0</ele></trkpt>
   <trkpt lon="13.398647" lat="52.570504"><ele>41.0</ele></trkpt>
   <trkpt lon="13.398608" lat="52.570467"><ele>41.0</ele></trkpt>
   <trkpt lon="13.398583" lat="52.570430"><ele>41.0</ele></trkpt>
   <trkpt lon="13.398562" lat="52.570327"><ele>41.0</ele></trkpt>
   <trkpt lon="13.398498" lat="52.569358"><ele>41.25</ele></trkpt>
   <trkpt lon="13.398495" lat="52.569283"><ele>41.5</ele></trkpt>
   <trkpt lon="13.398489" lat="52.569217"><ele>41.75</ele></trkpt>
   <trkpt lon="13.398474" lat="52.569174"><ele>41.75</ele></trkpt>
   <trkpt lon="13.398308" lat="52.568847"><ele>42.0</ele></trkpt>
   <trkpt lon="13.398224" lat="52.568690"><ele>42.0</ele></trkpt>
   <trkpt lon="13.397454" lat="52.567502"><ele>42.0</ele></trkpt>
   <trkpt lon="13.397341" lat="52.567322"><ele>42.0</ele></trkpt>
   <trkpt lon="13.397293" lat="52.567241"><ele>41.75</ele></trkpt>
   <trkpt lon="13.397266" lat="52.567176"><ele>42.0</ele></trkpt>
   <trkpt lon="13.397272" lat="52.567140"><ele>42.25</ele></trkpt>
   <trkpt lon="13.397295" lat="52.567105"><ele>42.25</ele></trkpt>
   <trkpt lon="13.397308" lat="52.567096"><ele>42.25</ele></trkpt>
   <trkpt lon="13.397384" lat="52.567043"><ele>42.5</ele></trkpt>
   <trkpt lon="13.397136" lat="52.566858"><ele>43.0</ele></trkpt>
   <trkpt lon="13.397043" lat="52.566793"><ele>43.0</ele></trkpt>
   <trkpt lon="13.396846" lat="52.566655"><ele>43.0</ele></trkpt>
   <trkpt lon="13.396770" lat="52.566602"><ele>43.0</ele></trkpt>
   <trkpt lon="13.396728" lat="52.566573"><ele>43.0</ele></trkpt>
   <trkpt lon="13.396618" lat="52.566496"><ele>43.0</ele></trkpt>
   <trkpt lon="13.396452" lat="52.566378"><ele>43.0</ele></trkpt>
   <trkpt lon="13.396137" lat="52.566161"><ele>42.25</ele></trkpt>
   <trkpt lon="13.396098" lat="52.566134"><ele>42.0</ele></trkpt>
   <trkpt lon="13.395979" lat="52.566051"><ele>42.25</ele></trkpt>
   <trkpt lon="13.395885" lat="52.565989"><ele>42.25</ele></trkpt>
   <trkpt lon="13.395788" lat="52.565924"><ele>42.25</ele></trkpt>
   <trkpt lon="13.395744" lat="52.565894"><ele>42.0</ele></trkpt>
   <trkpt lon="13.395531" lat="52.565751"><ele>42.0</ele></trkpt>
   <trkpt lon="13.395241" lat="52.565557"><ele>42.0</ele></trkpt>
   <trkpt lon="13.395161" lat="52.565501"><ele>42.0</ele></trkpt>
   <trkpt lon="13.394920" lat="52.565343"><ele>42.0</ele></trkpt>
   <trkpt lon="13.394627" lat="52.565192"><ele>42.0</ele></trkpt>
   <trkpt lon="13.394608" lat="52.565182"><ele>42.0</ele></trkpt>
   <trkpt lon="13.394275" lat="52.565009"><ele>42.0</ele></trkpt>
   <trkpt lon="13.394118" lat="52.564926"><ele>42.0</ele></trkpt>
   <trkpt lon="13.393867" lat="52.564795"><ele>42.0</ele></trkpt>
   <trkpt lon="13.393796" lat="52.564758"><ele>42.0</ele></trkpt>
   <trkpt lon="13.393625" lat="52.564665"><ele>42.75</ele></trkpt>
   <trkpt lon="13.393341" lat="52.564510"><ele>43.75</ele></trkpt>
   <trkpt lon="13.393282" lat="52.564478"><ele>43.0</ele></trkpt>
   <trkpt lon="13.393212" lat="52.564440"><ele>42.5</ele></trkpt>
   <trkpt lon="13.393094" lat="52.564380"><ele>42.0</ele></trkpt>
   <trkpt lon="13.393057" lat="52.564361"><ele>42.0</ele></trkpt>
   <trkpt lon="13.393026" lat="52.564344"><ele>42.0</ele></trkpt>
   <trkpt lon="13.392845" lat="52.564249"><ele>42.0</ele></trkpt>
   <trkpt lon="13.392736" lat="52.564192"><ele>42.0</ele></trkpt>
   <trkpt lon="13.392680" lat="52.564163"><ele>42.0</ele></trkpt>
   <trkpt lon="13.392576" lat="52.564108"><ele>42.0</ele></trkpt>
   <trkpt lon="13.392101" lat="52.563857"><ele>41.0</ele></trkpt>
   <trkpt lon="13.391993" lat="52.563800"><ele>41.25</ele></trkpt>
   <trkpt lon="13.391949" lat="52.563777"><ele>41.25</ele></trkpt>
   <trkpt lon="13.391895" lat="52.563749"><ele>41.5</ele></trkpt>
   <trkpt lon="13.391532" lat="52.563559"><ele>41.0</ele></trkpt>
   <trkpt lon="13.391478" lat="52.563530"><ele>41.0</ele></trkpt>
   <trkpt lon="13.391327" lat="52.563449"><ele>41.0</ele></trkpt>
   <trkpt lon="13.391154" lat="52.563354"><ele>41.0</ele></trkpt>
   <trkpt lon="13.391129" lat="52.563341"><ele>41.0</ele></trkpt>
   <trkpt lon="13.391022" lat="52.563282"><ele>41.0</ele></trkpt>
   <trkpt lon="13.390830" lat="52.563181"><ele>41.0</ele></trkpt>
   <trkpt lon="13.390601" lat="52.563060"><ele>41.0</ele></trkpt>
   <trkpt lon="13.390465" lat="52.562970"><ele>41.0</ele></trkpt>
   <trkpt lon="13.389941" lat="52.562595"><ele>41.0</ele></trkpt>
   <trkpt lon="13.389540" lat="52.562279"><ele>41.0</ele></trkpt>
   <trkpt lon="13.389275" lat="52.562027"><ele>41.0</ele></trkpt>
   <trkpt lon="13.389187" lat="52.561942"><ele>41.0</ele></trkpt>
   <trkpt lon="13.389013" lat="52.561778"><ele>41.0</ele></trkpt>
   <trkpt lon="13.388828" lat="52.561603"><ele>41.0</ele></trkpt>
   <trkpt lon="13.388290" lat="52.561071"><ele>41.0</ele></trkpt>
   <trkpt lon="13.388255" lat="52.561037"><ele>41.0</ele></trkpt>
   <trkpt lon="13.387919" lat="52.560687"><ele>41.0</ele></trkpt>
   <trkpt lon="13.387879" lat="52.560645"><ele>41.0</ele></trkpt>
   <trkpt lon="13.387862" lat="52.560627"><ele>41.0</ele></trkpt>
   <trkpt lon="13.387786" lat="52.560549"><ele>41.0</ele></trkpt>
   <trkpt lon="13.387570" lat="52.560315"><ele>41.0</ele></trkpt>
   <trkpt lon="13.387546" lat="52.560288"><ele>41.0</ele></trkpt>
   <trkpt lon="13.387516" lat="52.560252"><ele>41.0</ele></trkpt>
   <trkpt lon="13.387454" lat="52.560175"><ele>41.0</ele></trkpt>
   <trkpt lon="13.387306" lat="52.559993"><ele>41.0</ele></trkpt>
   <trkpt lon="13.387213" lat="52.559880"><ele>41.0</ele></trkpt>
   <trkpt lon="13.387134" lat="52.559784"><ele>41.0</ele></trkpt>
   <trkpt lon="13.387040" lat="52.559671"><ele>41.0</ele></trkpt>
   <trkpt lon="13.386833" lat="52.559425"><ele>41.0</ele></trkpt>
   <trkpt lon="13.386712" lat="52.559282"><ele>41.0</ele></trkpt>
   <trkpt lon="13.386639" lat="52.559196"><ele>41.0</ele></trkpt>
   <trkpt lon="13.386536" lat="52.559075"><ele>41.0</ele></trkpt>
   <trkpt lon="13.386285" lat="52.558826"><ele>41.0</ele></trkpt>
   <trkpt lon="13.386255" lat="52.558788"><ele>41.0</ele></trkpt>
   <trkpt lon="13.386196" lat="52.558707"><ele>41.0</ele></trkpt>
   <trkpt lon="13.386130" lat="52.558615"><ele>41.0</ele></trkpt>
   <trkpt lon="13.386051" lat="52.558506"><ele>41.0</ele></trkpt>
   <trkpt lon="13.385909" lat="52.558308"><ele>41.0</ele></trkpt>
   <trkpt lon="13.385854" lat="52.558232"><ele>41.0</ele></trkpt>
   <trkpt lon="13.385598" lat="52.557880"><ele>41.0</ele></trkpt>
   <trkpt lon="13.385445" lat="52.557670"><ele>40.5</ele></trkpt>
   <trkpt lon="13.385418" lat="52.557632"><ele>40.25</ele></trkpt>
   <trkpt lon="13.385105" lat="52.557190"><ele>40.5</ele></trkpt>
   <trkpt lon="13.385014" lat="52.557061"><ele>40.25</ele></trkpt>
   <trkpt lon="13.384925" lat="52.556938"><ele>40.0</ele></trkpt>
   <trkpt lon="13.384892" lat="52.556893"><ele>40.0</ele></trkpt>
   <trkpt lon="13.384633" lat="52.556544"><ele>40.0</ele></trkpt>
   <trkpt lon="13.384447" lat="52.556293"><ele>40.0</ele></trkpt>
   <trkpt lon="13.384357" lat="52.556173"><ele>40.0</ele></trkpt>
   <trkpt lon="13.384328" lat="52.556137"><ele>40.0</ele></trkpt>
   <trkpt lon="13.384244" lat="52.556030"><ele>40.0</ele></trkpt>
   <trkpt lon="13.384154" lat="52.555904"><ele>40.0</ele></trkpt>
   <trkpt lon="13.384134" lat="52.555875"><ele>40.0</ele></trkpt>
   <trkpt lon="13.384054" lat="52.555762"><ele>40.0</ele></trkpt>
   <trkpt lon="13.384009" lat="52.555693"><ele>40.0</ele></trkpt>
   <trkpt lon="13.383973" lat="52.555642"><ele>40.0</ele></trkpt>
   <trkpt lon="13.383745" lat="52.555305"><ele>39.75</ele></trkpt>
   <trkpt lon="13.383636" lat="52.555147"><ele>40.0</ele></trkpt>
   <trkpt lon="13.383613" lat="52.555115"><ele>40.0</ele></trkpt>
   <trkpt lon="13.383572" lat="52.555058"><ele>40.0</ele></trkpt>
   <trkpt lon="13.383504" lat="52.554964"><ele>40.0</ele></trkpt>
   <trkpt lon="13.383441" lat="52.554879"><ele>40.0</ele></trkpt>
   <trkpt lon="13.383297" lat="52.554687"><ele>40.0</ele></trkpt>
   <trkpt lon="13.383081" lat="52.554394"><ele>40.0</ele></trkpt>
   <trkpt lon="13.383070" lat="52.554377"><ele>40.0</ele></trkpt>
   <trkpt lon="13.382677" lat="52.553819"><ele>40.0</ele></trkpt>
   <trkpt lon="13.382256" lat="52.553220"><ele>40.0</ele></trkpt>
   <trkpt lon="13.382092" lat="52.552987"><ele>40.0</ele></trkpt>
   <trkpt lon="13.382024" lat="52.552895"><ele>40.0</ele></trkpt>
   <trkpt lon="13.381952" lat="52.552799"><ele>40.0</ele></trkpt>
   <trkpt lon="13.381801" lat="52.552654"><ele>40.0</ele></trkpt>
   <trkpt lon="13.381700" lat="52.552558"><ele>40.0</ele></trkpt>
   <trkpt lon="13.381585" lat="52.552479"><ele>40.0</ele></trkpt>
   <trkpt lon="13.381538" lat="52.552447"><ele>40.0</ele></trkpt>
   <trkpt lon="13.381405" lat="52.552366"><ele>40.0</ele></trkpt>
   <trkpt lon="13.381248" lat="52.552270"><ele>40.0</ele></trkpt>
   <trkpt lon="13.381139" lat="52.552200"><ele>40.0</ele></trkpt>
   <trkpt lon="13.380616" lat="52.551873"><ele>40.0</ele></trkpt>
   <trkpt lon="13.380066" lat="52.551527"><ele>40.0</ele></trkpt>
   <trkpt lon="13.379804" lat="52.551363"><ele>40.0</ele></trkpt>
   <trkpt lon="13.379176" lat="52.550969"><ele>40.0</ele></trkpt>
   <trkpt lon="13.378794" lat="52.550729"><ele>40.0</ele></trkpt>
   <trkpt lon="13.378627" lat="52.550625"><ele>40.0</ele></trkpt>
   <trkpt lon="13.378515" lat="52.550556"><ele>40.0</ele></trkpt>
   <trkpt lon="13.378503" lat="52.550548"><ele>40.0</ele></trkpt>
   <trkpt lon="13.378404" lat="52.550486"><ele>40.0</ele></trkpt>
   <trkpt lon="13.378237" lat="52.550383"><ele>40.0</ele></trkpt>
   <trkpt lon="13.378105" lat="52.550301"><ele>40.0</ele></trkpt>
   <trkpt lon="13.377868" lat="52.550154"><ele>39.5</ele></trkpt>
   <trkpt lon="13.377640" lat="52.550015"><ele>39.0</ele></trkpt>
   <trkpt lon="13.376543" lat="52.549333"><ele>39.0</ele></trkpt>
   <trkpt lon="13.376398" lat="52.549238"><ele>39.0</ele></trkpt>
   <trkpt lon="13.376351" lat="52.549207"><ele>38.75</ele></trkpt>
   <trkpt lon="13.376261" lat="52.549150"><ele>38.5</ele></trkpt>
   <trkpt lon="13.376172" lat="52.549093"><ele>38.0</ele></trkpt>
   <trkpt lon="13.375978" lat="52.548970"><ele>38.0</ele></trkpt>
   <trkpt lon="13.375679" lat="52.548780"><ele>38.0</ele></trkpt>
   <trkpt lon="13.375028" lat="52.548380"><ele>38.0</ele></trkpt>
   <trkpt lon="13.374966" lat="52.548341"><ele>38.0</ele></trkpt>
   <trkpt lon="13.374264" lat="52.547920"><ele>38.0</ele></trkpt>
   <trkpt lon="13.374146" lat="52.547850"><ele>38.0</ele></trkpt>
   <trkpt lon="13.374054" lat="52.547793"><ele>38.0</ele></trkpt>
   <trkpt lon="13.373960" lat="52.547736"><ele>38.0</ele></trkpt>
   <trkpt lon="13.373930" lat="52.547717"><ele>38.0</ele></trkpt>
   <trkpt lon="13.373820" lat="52.547645"><ele>37.75</ele></trkpt>
   <trkpt lon="13.373712" lat="52.547573"><ele>37.25</ele></trkpt>
   <trkpt lon="13.373678" lat="52.547552"><ele>37.0</ele></trkpt>
   <trkpt lon="13.373591" lat="52.547499"><ele>37.0</ele></trkpt>
   <trkpt lon="13.373244" lat="52.547282"><ele>37.0</ele></trkpt>
   <trkpt lon="13.373200" lat="52.547255"><ele>37.0</ele></trkpt>
   <trkpt lon="13.372814" lat="52.547014"><ele>37.0</ele></trkpt>
   <trkpt lon="13.372352" lat="52.546727"><ele>35.75</ele></trkpt>
   <trkpt lon="13.372186" lat="52.546623"><ele>35.5</ele></trkpt>
   <trkpt lon="13.372152" lat="52.546603"><ele>35.75</ele></trkpt>
   <trkpt lon="13.371602" lat="52.546264"><ele>37.0</ele></trkpt>
   <trkpt lon="13.371461" lat="52.546177"><ele>37.0</ele></trkpt>
   <trkpt lon="13.371432" lat="52.546158"><ele>37.0</ele></trkpt>
   <trkpt lon="13.371335" lat="52.546101"><ele>37.0</ele></trkpt>
   <trkpt lon="13.371251" lat="52.546049"><ele>37.0</ele></trkpt>
   <trkpt lon="13.370741" lat="52.545738"><ele>37.0</ele></trkpt>
   <trkpt lon="13.370678" lat="52.545688"><ele>37.0</ele></trkpt>
   <trkpt lon="13.370611" lat="52.545610"><ele>37.0</ele></trkpt>
   <trkpt lon="13.370583" lat="52.545561"><ele>37.0</ele></trkpt>
   <trkpt lon="13.370500" lat="52.545536"><ele>37.0</ele></trkpt>
   <trkpt lon="13.370455" lat="52.545488"><ele>37.0</ele></trkpt>
   <trkpt lon="13.370442" lat="52.545456"><ele>37.0</ele></trkpt>
   <trkpt lon="13.370429" lat="52.545431"><ele>37.0</ele></trkpt>
   <trkpt lon="13.370404" lat="52.545403"><ele>37.0</ele></trkpt>
   <trkpt lon="13.370365" lat="52.545386"><ele>37.0</ele></trkpt>
   <trkpt lon="13.370332" lat="52.545323"><ele>37.0</ele></trkpt>
   <trkpt lon="13.370312" lat="52.545285"><ele>37.0</ele></trkpt>
   <trkpt lon="13.370298" lat="52.545259"><ele>37.0</ele></trkpt>
   <trkpt lon="13.370278" lat="52.545219"><ele>37.0</ele></trkpt>
   <trkpt lon="13.370247" lat="52.545156"><ele>37.25</ele></trkpt>
   <trkpt lon="13.370260" lat="52.545125"><ele>37.5</ele></trkpt>
   <trkpt lon="13.370105" lat="52.544877"><ele>37.5</ele></trkpt>
   <trkpt lon="13.370078" lat="52.544841"><ele>37.5</ele></trkpt>
   <trkpt lon="13.370044" lat="52.544794"><ele>37.25</ele></trkpt>
   <trkpt lon="13.370038" lat="52.544786"><ele>37.25</ele></trkpt>
   <trkpt lon="13.369977" lat="52.544703"><ele>37.0</ele></trkpt>
   <trkpt lon="13.369910" lat="52.544660"><ele>37.0</ele></trkpt>
   <trkpt lon="13.369900" lat="52.544645"><ele>37.0</ele></trkpt>
   <trkpt lon="13.369868" lat="52.544592"><ele>37.0</ele></trkpt>
   <trkpt lon="13.369862" lat="52.544583"><ele>37.25</ele></trkpt>
   <trkpt lon="13.369847" lat="52.544561"><ele>37.25</ele></trkpt>
   <trkpt lon="13.369827" lat="52.544513"><ele>37.25</ele></trkpt>
   <trkpt lon="13.369741" lat="52.544400"><ele>37.0</ele></trkpt>
   <trkpt lon="13.369661" lat="52.544298"><ele>37.0</ele></trkpt>
   <trkpt lon="13.369543" lat="52.544111"><ele>37.0</ele></trkpt>
   <trkpt lon="13.369522" lat="52.543980"><ele>37.0</ele></trkpt>
   <trkpt lon="13.369556" lat="52.543527"><ele>37.25</ele></trkpt>
   <trkpt lon="13.369556" lat="52.543508"><ele>37.25</ele></trkpt>
   <trkpt lon="13.369558" lat="52.543291"><ele>37.0</ele></trkpt>
   <trkpt lon="13.369570" lat="52.543034"><ele>37.0</ele></trkpt>
   <trkpt lon="13.369596" lat="52.542868"><ele>37.0</ele></trkpt>
   <trkpt lon="13.369611" lat="52.542771"><ele>37.0</ele></trkpt>
   <trkpt lon="13.369664" lat="52.542384"><ele>37.0</ele></trkpt>
   <trkpt lon="13.369687" lat="52.542085"><ele>37.0</ele></trkpt>
   <trkpt lon="13.369691" lat="52.542041"><ele>37.0</ele></trkpt>
   <trkpt lon="13.369692" lat="52.542028"><ele>37.0</ele></trkpt>
   <trkpt lon="13.369669" lat="52.541946"><ele>37.0</ele></trkpt>
   <trkpt lon="13.369608" lat="52.541845"><ele>36.75</ele></trkpt>
   <trkpt lon="13.369556" lat="52.541792"><ele>36.5</ele></trkpt>
   <trkpt lon="13.369530" lat="52.541773"><ele>36.5</ele></trkpt>
   <trkpt lon="13.369473" lat="52.541731"><ele>36.25</ele></trkpt>
   <trkpt lon="13.369400" lat="52.541696"><ele>36.0</ele></trkpt>
   <trkpt lon="13.369228" lat="52.541615"><ele>36.5</ele></trkpt>
   <trkpt lon="13.369063" lat="52.541539"><ele>36.25</ele></trkpt>
   <trkpt lon="13.368988" lat="52.541513"><ele>36.0</ele></trkpt>
   <trkpt lon="13.368661" lat="52.541367"><ele>36.0</ele></trkpt>
   <trkpt lon="13.368577" lat="52.541313"><ele>36.0</ele></trkpt>
   <trkpt lon="13.368534" lat="52.541293"><ele>36.0</ele></trkpt>
   <trkpt lon="13.368466" lat="52.541261"><ele>36.0</ele></trkpt>
   <trkpt lon="13.368410" lat="52.541233"><ele>36.0</ele></trkpt>
   <trkpt lon="13.368251" lat="52.541159"><ele>36.0</ele></trkpt>
   <trkpt lon="13.368181" lat="52.541127"><ele>35.75</ele></trkpt>
   <trkpt lon="13.368096" lat="52.541093"><ele>35.75</ele></trkpt>
   <trkpt lon="13.368061" lat="52.541077"><ele>35.75</ele></trkpt>
   <trkpt lon="13.367806" lat="52.540950"><ele>35.0</ele></trkpt>
   <trkpt lon="13.367768" lat="52.540942"><ele>35.0</ele></trkpt>
   <trkpt lon="13.367701" lat="52.540911"><ele>35.0</ele></trkpt>
   <trkpt lon="13.367661" lat="52.540891"><ele>35.0</ele></trkpt>
   <trkpt lon="13.367648" lat="52.540877"><ele>35.0</ele></trkpt>
   <trkpt lon="13.367490" lat="52.540805"><ele>34.75</ele></trkpt>
   <trkpt lon="13.367249" lat="52.540690"><ele>34.5</ele></trkpt>
   <trkpt lon="13.366256" lat="52.540220"><ele>34.0</ele></trkpt>
   <trkpt lon="13.364379" lat="52.539332"><ele>34.0</ele></trkpt>
   <trkpt lon="13.364323" lat="52.539305"><ele>34.0</ele></trkpt>
   <trkpt lon="13.362734" lat="52.538554"><ele>34.0</ele></trkpt>
   <trkpt lon="13.362705" lat="52.538540"><ele>34.0</ele></trkpt>
   <trkpt lon="13.362671" lat="52.538524"><ele>34.0</ele></trkpt>
   <trkpt lon="13.361850" lat="52.538136"><ele>35.0</ele></trkpt>
   <trkpt lon="13.361777" lat="52.538101"><ele>35.5</ele></trkpt>
   <trkpt lon="13.361527" lat="52.537987"><ele>36.0</ele></trkpt>
   <trkpt lon="13.361360" lat="52.537911"><ele>36.25</ele></trkpt>
   <trkpt lon="13.361348" lat="52.537906"><ele>36.25</ele></trkpt>
   <trkpt lon="13.361208" lat="52.537840"><ele>36.25</ele></trkpt>
   <trkpt lon="13.361013" lat="52.537748"></trkpt>
   <trkpt lon="13.360453" lat="52.537484"><ele>36.25</ele></trkpt>
   <trkpt lon="13.360328" lat="52.537425"><ele>36.0</ele></trkpt>
   <trkpt lon="13.360201" lat="52.537356"><ele>36.25</ele></trkpt>
   <trkpt lon="13.360026" lat="52.537257"><ele>37.25</ele></trkpt>
   <trkpt lon="13.359982" lat="52.537236"><ele>37.5</ele></trkpt>
   <trkpt lon="13.359111" lat="52.536829"><ele>35.5</ele></trkpt>
   <trkpt lon="13.357862" lat="52.536251"><ele>35.0</ele></trkpt>
   <trkpt lon="13.357497" lat="52.536074"><ele>38.75</ele></trkpt>
   <trkpt lon="13.357486" lat="52.536053"><ele>38.75</ele></trkpt>
   <trkpt lon="13.357442" lat="52.535964"><ele>38.25</ele></trkpt>
   <trkpt lon="13.357554" lat="52.535877"><ele>38.0</ele></trkpt>
   <trkpt lon="13.357574" lat="52.535855"><ele>38.0</ele></trkpt>
   <trkpt lon="13.357587" lat="52.535839"><ele>38.0</ele></trkpt>
   <trkpt lon="13.357645" lat="52.535770"><ele>38.0</ele></trkpt>
   <trkpt lon="13.357895" lat="52.535473"><ele>37.75</ele></trkpt>
   <trkpt lon="13.358028" lat="52.535314"><ele>37.0</ele></trkpt>
   <trkpt lon="13.358440" lat="52.534824"><ele>37.0</ele></trkpt>
   <trkpt lon="13.358458" lat="52.534802"><ele>37.0</ele></trkpt>
   <trkpt lon="13.358510" lat="52.534742"><ele>37.0</ele></trkpt>
   <trkpt lon="13.358537" lat="52.534711"><ele>37.0</ele></trkpt>
   <trkpt lon="13.358570" lat="52.534674"><ele>37.0</ele></trkpt>
   <trkpt lon="13.358579" lat="52.534664"><ele>37.0</ele></trkpt>
   <trkpt lon="13.358608" lat="52.534629"><ele>37.0</ele></trkpt>
   <trkpt lon="13.358620" lat="52.534615"><ele>37.0</ele></trkpt>
   <trkpt lon="13.358642" lat="52.534589"><ele>37.0</ele></trkpt>
   <trkpt lon="13.358737" lat="52.534478"><ele>37.0</ele></trkpt>
   <trkpt lon="13.358816" lat="52.534385"><ele>36.75</ele></trkpt>
   <trkpt lon="13.358842" lat="52.534354"><ele>36.5</ele></trkpt>
   <trkpt lon="13.358982" lat="52.534189"><ele>36.25</ele></trkpt>
   <trkpt lon="13.359109" lat="52.534040"><ele>36.25</ele></trkpt>
   <trkpt lon="13.359215" lat="52.533915"><ele>36.0</ele></trkpt>
   <trkpt lon="13.359261" lat="52.533862"><ele>35.75</ele></trkpt>
   <trkpt lon="13.359301" lat="52.533813"><ele>35.75</ele></trkpt>
   <trkpt lon="13.359337" lat="52.533770"><ele>35.75</ele></trkpt>
   <trkpt lon="13.359374" lat="52.533723"><ele>35.75</ele></trkpt>
   <trkpt lon="13.359424" lat="52.533663"><ele>35.75</ele></trkpt>
   <trkpt lon="13.359543" lat="52.533515"><ele>36.0</ele></trkpt>
   <trkpt lon="13.359558" lat="52.533496"><ele>36.0</ele></trkpt>
   <trkpt lon="13.359646" lat="52.533387"><ele>36.0</ele></trkpt>
   <trkpt lon="13.359711" lat="52.533313"><ele>36.0</ele></trkpt>
   <trkpt lon="13.359811" lat="52.533199"><ele>36.0</ele></trkpt>
   <trkpt lon="13.359851" lat="52.533154"><ele>36.0</ele></trkpt>
   <trkpt lon="13.359942" lat="52.533044"><ele>36.0</ele></trkpt>
   <trkpt lon="13.360069" lat="52.532892"><ele>35.75</ele></trkpt>
   <trkpt lon="13.360147" lat="52.532799"><ele>35.25</ele></trkpt>
   <trkpt lon="13.360221" lat="52.532706"><ele>35.0</ele></trkpt>
   <trkpt lon="13.360278" lat="52.532635"><ele>35.0</ele></trkpt>
   <trkpt lon="13.360286" lat="52.532625"><ele>35.0</ele></trkpt>
   <trkpt lon="13.360448" lat="52.532423"><ele>35.0</ele></trkpt>
   <trkpt lon="13.360467" lat="52.532400"><ele>35.0</ele></trkpt>
   <trkpt lon="13.360518" lat="52.532336"><ele>35.0</ele></trkpt>
   <trkpt lon="13.360538" lat="52.532312"><ele>35.0</ele></trkpt>
   <trkpt lon="13.360577" lat="52.532264"><ele>35.0</ele></trkpt>
   <trkpt lon="13.360847" lat="52.531954"><ele>34.75</ele></trkpt>
   <trkpt lon="13.361185" lat="52.531559"><ele>35.0</ele></trkpt>
   <trkpt lon="13.361262" lat="52.531469"><ele>35.0</ele></trkpt>
   <trkpt lon="13.361339" lat="52.531378"><ele>35.0</ele></trkpt>
   <trkpt lon="13.361379" lat="52.531331"><ele>35.0</ele></trkpt>
   <trkpt lon="13.361530" lat="52.531150"><ele>34.75</ele></trkpt>
   <trkpt lon="13.361581" lat="52.531089"><ele>35.0</ele></trkpt>
   <trkpt lon="13.361702" lat="52.530945"><ele>34.75</ele></trkpt>
   <trkpt lon="13.361801" lat="52.530828"><ele>35.0</ele></trkpt>
   <trkpt lon="13.361869" lat="52.530747"><ele>35.0</ele></trkpt>
   <trkpt lon="13.361998" lat="52.530593"><ele>35.0</ele></trkpt>
   <trkpt lon="13.362157" lat="52.530403"><ele>35.0</ele></trkpt>
   <trkpt lon="13.362163" lat="52.530395"><ele>35.0</ele></trkpt>
   <trkpt lon="13.362233" lat="52.530312"><ele>34.75</ele></trkpt>
   <trkpt lon="13.362264" lat="52.530275"><ele>34.75</ele></trkpt>
   <trkpt lon="13.362293" lat="52.530240"><ele>34.75</ele></trkpt>
   <trkpt lon="13.362344" lat="52.530180"><ele>34.5</ele></trkpt>
   <trkpt lon="13.362369" lat="52.530149"><ele>34.5</ele></trkpt>
   <trkpt lon="13.362460" lat="52.530042"><ele>34.75</ele></trkpt>
   <trkpt lon="13.362469" lat="52.530032"><ele>34.75</ele></trkpt>
   <trkpt lon="13.362550" lat="52.529936"><ele>34.75</ele></trkpt>
   <trkpt lon="13.362612" lat="52.529864"><ele>34.75</ele></trkpt>
   <trkpt lon="13.362641" lat="52.529829"><ele>34.75</ele></trkpt>
   <trkpt lon="13.362751" lat="52.529696"><ele>35.0</ele></trkpt>
   <trkpt lon="13.363059" lat="52.529326"><ele>35.0</ele></trkpt>
   <trkpt lon="13.363471" lat="52.528833"><ele>35.0</ele></trkpt>
   <trkpt lon="13.363738" lat="52.528517"><ele>35.0</ele></trkpt>
   <trkpt lon="13.363832" lat="52.528406"><ele>35.0</ele></trkpt>
   <trkpt lon="13.363851" lat="52.528384"><ele>35.0</ele></trkpt>
   <trkpt lon="13.363886" lat="52.528343"><ele>35.0</ele></trkpt>
   <trkpt lon="13.363901" lat="52.528325"><ele>35.0</ele></trkpt>
   <trkpt lon="13.363927" lat="52.528293"><ele>35.0</ele></trkpt>
   <trkpt lon="13.363944" lat="52.528274"><ele>35.0</ele></trkpt>
   <trkpt lon="13.364053" lat="52.528144"><ele>35.0</ele></trkpt>
   <trkpt lon="13.364077" lat="52.528115"><ele>35.0</ele></trkpt>
   <trkpt lon="13.364189" lat="52.527982"><ele>35.0</ele></trkpt>
   <trkpt lon="13.364259" lat="52.527835"><ele>35.0</ele></trkpt>
   <trkpt lon="13.364265" lat="52.527707"><ele>35.0</ele></trkpt>
   <trkpt lon="13.364255" lat="52.527653"><ele>35.0</ele></trkpt>
   <trkpt lon="13.364235" lat="52.527605"><ele>35.0</ele></trkpt>
   <trkpt lon="13.364137" lat="52.527465"><ele>35.0</ele></trkpt>
   <trkpt lon="13.364039" lat="52.527347"><ele>35.5</ele></trkpt>
   <trkpt lon="13.364020" lat="52.527263"><ele>35.75</ele></trkpt>
   <trkpt lon="13.364040" lat="52.527190"><ele>36.0</ele></trkpt>
   <trkpt lon="13.364131" lat="52.527079"><ele>36.0</ele></trkpt>
   <trkpt lon="13.364152" lat="52.527055"><ele>36.0</ele></trkpt>
   <trkpt lon="13.364278" lat="52.526906"><ele>36.0</ele></trkpt>
   <trkpt lon="13.364315" lat="52.526862"><ele>36.0</ele></trkpt>
   <trkpt lon="13.364411" lat="52.526745"><ele>36.0</ele></trkpt>
   <trkpt lon="13.364465" lat="52.526675"><ele>36.0</ele></trkpt>
   <trkpt lon="13.364530" lat="52.526597"><ele>36.0</ele></trkpt>
   <trkpt lon="13.364712" lat="52.526377"><ele>36.0</ele></trkpt>
   <trkpt lon="13.364719" lat="52.526368"><ele>36.0</ele></trkpt>
   <trkpt lon="13.364782" lat="52.526293"><ele>36.0</ele></trkpt>
   <trkpt lon="13.364836" lat="52.526227"><ele>36.0</ele></trkpt>
   <trkpt lon="13.364850" lat="52.526210"><ele>36.0</ele></trkpt>
   <trkpt lon="13.364991" lat="52.526039"><ele>36.0</ele></trkpt>
   <trkpt lon="13.365083" lat="52.525927"><ele>36.0</ele></trkpt>
   <trkpt lon="13.365138" lat="52.525861"><ele>36.0</ele></trkpt>
   <trkpt lon="13.365148" lat="52.525849"><ele>36.0</ele></trkpt>
   <trkpt lon="13.365234" lat="52.525745"><ele>36.0</ele></trkpt>
   <trkpt lon="13.365324" lat="52.525639"><ele>36.0</ele></trkpt>
   <trkpt lon="13.365472" lat="52.525462"><ele>35.75</ele></trkpt>
   <trkpt lon="13.365497" lat="52.525434"><ele>35.75</ele></trkpt>
   <trkpt lon="13.365607" lat="52.525375"><ele>36.0</ele></trkpt>
   <trkpt lon="13.365679" lat="52.525337"><ele>36.0</ele></trkpt>
   <trkpt lon="13.365723" lat="52.525313"><ele>36.0</ele></trkpt>
   <trkpt lon="13.365814" lat="52.525265"><ele>35.75</ele></trkpt>
   <trkpt lon="13.365955" lat="52.525190"><ele>35.25</ele></trkpt>
   <trkpt lon="13.365984" lat="52.525152"><ele>35.25</ele></trkpt>
   <trkpt lon="13.366058" lat="52.525041"><ele>35.0</ele></trkpt>
   <trkpt lon="13.366099" lat="52.524951"><ele>35.0</ele></trkpt>
   <trkpt lon="13.366120" lat="52.524694"><ele>34.75</ele></trkpt>
   <trkpt lon="13.366125" lat="52.524633"><ele>34.5</ele></trkpt>
   <trkpt lon="13.366127" lat="52.524600"><ele>34.5</ele></trkpt>
   <trkpt lon="13.366130" lat="52.524561"><ele>34.25</ele></trkpt>
   <trkpt lon="13.366132" lat="52.524539"><ele>34.25</ele></trkpt>
   <trkpt lon="13.366157" lat="52.524203"><ele>34.0</ele></trkpt>
   <trkpt lon="13.366169" lat="52.524046"><ele>34.0</ele></trkpt>
   <trkpt lon="13.366178" lat="52.523929"><ele>34.0</ele></trkpt>
   <trkpt lon="13.366181" lat="52.523824"><ele>34.0</ele></trkpt>
   <trkpt lon="13.366182" lat="52.523751"><ele>34.0</ele></trkpt>
   <trkpt lon="13.366191" lat="52.523386"><ele>34.0</ele></trkpt>
   <trkpt lon="13.366194" lat="52.523268"><ele>34.0</ele></trkpt>
   <trkpt lon="13.366219" lat="52.523268"><ele>34.0</ele></trkpt>
   <trkpt lon="13.366306" lat="52.523269"><ele>34.0</ele></trkpt>
   <trkpt lon="13.366352" lat="52.523269"><ele>34.0</ele></trkpt>
   <trkpt lon="13.366390" lat="52.523269"><ele>34.0</ele></trkpt>
   <trkpt lon="13.367021" lat="52.523270"><ele>34.75</ele></trkpt>
   <trkpt lon="13.367101" lat="52.523270"><ele>35.0</ele></trkpt>
   <trkpt lon="13.367228" lat="52.523271"><ele>35.0</ele></trkpt>
   <trkpt lon="13.367343" lat="52.523270"><ele>35.0</ele></trkpt>
   <trkpt lon="13.368134" lat="52.523266"><ele>35.0</ele></trkpt>
   <trkpt lon="13.368245" lat="52.523266"><ele>35.0</ele></trkpt>
   <trkpt lon="13.368245" lat="52.523250"><ele>35.0</ele></trkpt>
   <trkpt lon="13.368245" lat="52.523194"><ele>35.25</ele></trkpt>
   <trkpt lon="13.368245" lat="52.523145"><ele>35.25</ele></trkpt>
   <trkpt lon="13.368245" lat="52.522965"><ele>35.75</ele></trkpt>
   <trkpt lon="13.368246" lat="52.522637"><ele>36.5</ele></trkpt>
   <trkpt lon="13.368259" lat="52.522604"><ele>36.5</ele></trkpt>
   <trkpt lon="13.368295" lat="52.522518"><ele>36.75</ele></trkpt>
   <trkpt lon="13.368196" lat="52.522459"><ele>36.75</ele></trkpt>
   <trkpt lon="13.368158" lat="52.522428"><ele>36.75</ele></trkpt>
   <trkpt lon="13.368117" lat="52.522382"><ele>36.75</ele></trkpt>
   <trkpt lon="13.368040" lat="52.522318"><ele>37.0</ele></trkpt>
   <trkpt lon="13.368200" lat="52.522194"><ele>35.5</ele></trkpt>
   <trkpt lon="13.368226" lat="52.522180"><ele>35.25</ele></trkpt>
   <trkpt lon="13.368270" lat="52.522157"><ele>34.75</ele></trkpt>
   <trkpt lon="13.369266" lat="52.521592"><ele>34.75</ele></trkpt>
   <trkpt lon="13.369284" lat="52.521583"><ele>35.0</ele></trkpt>
   <trkpt lon="13.369427" lat="52.521505"><ele>36.75</ele></trkpt>
   <trkpt lon="13.369457" lat="52.521489"><ele>36.75</ele></trkpt>
   <trkpt lon="13.369864" lat="52.521267"><ele>36.0</ele></trkpt>
   <trkpt lon="13.370060" lat="52.521160"><ele>35.75</ele></trkpt>
   <trkpt lon="13.370379" lat="52.520986"><ele>35.0</ele></trkpt>
   <trkpt lon="13.370499" lat="52.520921"><ele>35.0</ele></trkpt>
   <trkpt lon="13.370816" lat="52.520746"><ele>35.0</ele></trkpt>
   <trkpt lon="13.370865" lat="52.520717"><ele>35.0</ele></trkpt>
   <trkpt lon="13.370865" lat="52.520676"><ele>35.0</ele></trkpt>
   <trkpt lon="13.370864" lat="52.519646"><ele>35.0</ele></trkpt>
   <trkpt lon="13.370864" lat="52.519570"><ele>35.0</ele></trkpt>
   <trkpt lon="13.370864" lat="52.519509"><ele>35.0</ele></trkpt>
   <trkpt lon="13.370864" lat="52.519401"><ele>34.75</ele></trkpt>
   <trkpt lon="13.370863" lat="52.519331"><ele>34.5</ele></trkpt>
   <trkpt lon="13.370847" lat="52.517908"><ele>34.0</ele></trkpt>
   <trkpt lon="13.370847" lat="52.517875"><ele>34.0</ele></trkpt>
   <trkpt lon="13.370813" lat="52.517779"><ele>34.0</ele></trkpt>
   <trkpt lon="13.370982" lat="52.517779"><ele>34.0</ele></trkpt>
   <trkpt lon="13.371258" lat="52.517778"><ele>34.0</ele></trkpt>
   <trkpt lon="13.371671" lat="52.517777"><ele>34.0</ele></trkpt>
   <trkpt lon="13.372955" lat="52.517771"><ele>34.0</ele></trkpt>
   <trkpt lon="13.373334" lat="52.517770"><ele>34.0</ele></trkpt>
   <trkpt lon="13.373645" lat="52.517769"><ele>34.0</ele></trkpt>
   <trkpt lon="13.374418" lat="52.517765"><ele>34.0</ele></trkpt>
   <trkpt lon="13.374567" lat="52.517764"><ele>34.0</ele></trkpt>
   <trkpt lon="13.374759" lat="52.517764"><ele>34.0</ele></trkpt>
   <trkpt lon="13.374891" lat="52.517764"><ele>34.0</ele></trkpt>
   <trkpt lon="13.375399" lat="52.517763"><ele>34.0</ele></trkpt>
   <trkpt lon="13.376500" lat="52.517759"><ele>35.0</ele></trkpt>
   <trkpt lon="13.376686" lat="52.517759"><ele>35.0</ele></trkpt>
   <trkpt lon="13.376766" lat="52.517759"><ele>35.0</ele></trkpt>
   <trkpt lon="13.376834" lat="52.517758"><ele>35.0</ele></trkpt>
   <trkpt lon="13.376970" lat="52.517782"><ele>35.0</ele></trkpt>
   <trkpt lon="13.377109" lat="52.517809"><ele>35.0</ele></trkpt>
   <trkpt lon="13.377203" lat="52.517834"><ele>35.0</ele></trkpt>
   <trkpt lon="13.377403" lat="52.517869"><ele>35.0</ele></trkpt>
   <trkpt lon="13.378316" lat="52.517932"><ele>34.0</ele></trkpt>
   <trkpt lon="13.380179" lat="52.518059"><ele>34.0</ele></trkpt>
   <trkpt lon="13.380269" lat="52.518060"><ele>34.0</ele></trkpt>
   <trkpt lon="13.380310" lat="52.518063"><ele>34.0</ele></trkpt>
   <trkpt lon="13.380449" lat="52.518071"><ele>34.0</ele></trkpt>
   <trkpt lon="13.380460" lat="52.518008"><ele>34.0</ele></trkpt>
   <trkpt lon="13.380464" lat="52.517987"><ele>34.0</ele></trkpt>
   <trkpt lon="13.380534" lat="52.517625"><ele>34.0</ele></trkpt>
   <trkpt lon="13.380580" lat="52.517386"><ele>34.0</ele></trkpt>
   <trkpt lon="13.380625" lat="52.517150"><ele>34.0</ele></trkpt>
   <trkpt lon="13.380630" lat="52.517126"><ele>34.0</ele></trkpt>
   <trkpt lon="13.380637" lat="52.517085"><ele>34.0</ele></trkpt>
   <trkpt lon="13.380696" lat="52.516772"><ele>34.0</ele></trkpt>
   <trkpt lon="13.380710" lat="52.516706"><ele>34.0</ele></trkpt>
   <trkpt lon="13.380735" lat="52.516619"><ele>34.0</ele></trkpt>
   <trkpt lon="13.380795" lat="52.516488"><ele>34.0</ele></trkpt>
   <trkpt lon="13.380859" lat="52.516346"><ele>34.0</ele></trkpt>
   <trkpt lon="13.380892" lat="52.516271"><ele>34.0</ele></trkpt>
   <trkpt lon="13.380911" lat="52.516231"><ele>34.0</ele></trkpt>
   <trkpt lon="13.380920" lat="52.516210"><ele>34.0</ele></trkpt>
   <trkpt lon="13.380982" lat="52.516094"><ele>34.0</ele></trkpt>
   <trkpt lon="13.381185" lat="52.515710"><ele>34.0</ele></trkpt>
   <trkpt lon="13.381406" lat="52.515293"><ele>34.0</ele></trkpt>
   <trkpt lon="13.381428" lat="52.515250"><ele>34.0</ele></trkpt>
   <trkpt lon="13.381437" lat="52.515232"><ele>34.0</ele></trkpt>
   <trkpt lon="13.381489" lat="52.515133"><ele>34.0</ele></trkpt>
   <trkpt lon="13.381671" lat="52.515157"><ele>34.0</ele></trkpt>
   <trkpt lon="13.381815" lat="52.515170"><ele>34.0</ele></trkpt>
   <trkpt lon="13.382141" lat="52.515192"><ele>34.0</ele></trkpt>
   <trkpt lon="13.382302" lat="52.515203"><ele>33.75</ele></trkpt>
   <trkpt lon="13.383132" lat="52.515258"><ele>33.0</ele></trkpt>
   <trkpt lon="13.383239" lat="52.515266"><ele>33.0</ele></trkpt>
   <trkpt lon="13.383309" lat="52.515270"><ele>33.0</ele></trkpt>
   <trkpt lon="13.384259" lat="52.515334"><ele>33.25</ele></trkpt>
   <trkpt lon="13.384265" lat="52.515334"><ele>33.25</ele></trkpt>
   <trkpt lon="13.384327" lat="52.515338"><ele>33.5</ele></trkpt>
   <trkpt lon="13.384388" lat="52.515342"><ele>33.75</ele></trkpt>
   <trkpt lon="13.384499" lat="52.515349"><ele>34.0</ele></trkpt>
   <trkpt lon="13.384647" lat="52.515359"><ele>34.0</ele></trkpt>
   <trkpt lon="13.385594" lat="52.515421"><ele>34.0</ele></trkpt>
   <trkpt lon="13.385774" lat="52.515433"><ele>34.0</ele></trkpt>
   <trkpt lon="13.385837" lat="52.515437"><ele>34.0</ele></trkpt>
   <trkpt lon="13.386058" lat="52.515451"><ele>34.0</ele></trkpt>
   <trkpt lon="13.386229" lat="52.515463"><ele>34.0</ele></trkpt>
   <trkpt lon="13.386289" lat="52.515466"><ele>34.0</ele></trkpt>
   <trkpt lon="13.386561" lat="52.515484"><ele>34.0</ele></trkpt>
   <trkpt lon="13.386728" lat="52.515495"><ele>34.0</ele></trkpt>
   <trkpt lon="13.387020" lat="52.515514"><ele>34.0</ele></trkpt>
   <trkpt lon="13.387104" lat="52.515519"><ele>34.0</ele></trkpt>
   <trkpt lon="13.387393" lat="52.515538"><ele>34.0</ele></trkpt>
   <trkpt lon="13.387620" lat="52.515553"><ele>34.0</ele></trkpt>
   <trkpt lon="13.387819" lat="52.515565"><ele>33.75</ele></trkpt>
   <trkpt lon="13.388136" lat="52.515586"><ele>34.0</ele></trkpt>
   <trkpt lon="13.388339" lat="52.515599"><ele>34.0</ele></trkpt>
   <trkpt lon="13.388776" lat="52.515627"><ele>34.0</ele></trkpt>
   <trkpt lon="13.388831" lat="52.515631"><ele>34.0</ele></trkpt>
   <trkpt lon="13.388906" lat="52.515636"><ele>34.0</ele></trkpt>
   <trkpt lon="13.389037" lat="52.515644"><ele>34.0</ele></trkpt>
   <trkpt lon="13.389179" lat="52.515653"><ele>34.0</ele></trkpt>
   <trkpt lon="13.389264" lat="52.515659"><ele>34.0</ele></trkpt>
   <trkpt lon="13.389849" lat="52.515694"><ele>34.0</ele></trkpt>
   <trkpt lon="13.390782" lat="52.515750"><ele>34.0</ele></trkpt>
   <trkpt lon="13.390806" lat="52.515751"><ele>34.0</ele></trkpt>
   <trkpt lon="13.390915" lat="52.515756"><ele>34.0</ele></trkpt>
   <trkpt lon="13.391107" lat="52.515764"><ele>34.0</ele></trkpt>
   <trkpt lon="13.391132" lat="52.515766"><ele>34.0</ele></trkpt>
   <trkpt lon="13.391426" lat="52.515785"><ele>34.0</ele></trkpt>
   <trkpt lon="13.392473" lat="52.515850"><ele>34.0</ele></trkpt>
   <trkpt lon="13.392698" lat="52.515864"><ele>34.0</ele></trkpt>
   <trkpt lon="13.392745" lat="52.515867"><ele>34.0</ele></trkpt>
   <trkpt lon="13.392869" lat="52.515875"><ele>34.0</ele></trkpt>
   <trkpt lon="13.392883" lat="52.515803"><ele>34.0</ele></trkpt>
   <trkpt lon="13.393010" lat="52.515090"><ele>34.0</ele></trkpt>
   <trkpt lon="13.393012" lat="52.515080"><ele>34.0</ele></trkpt>
   <trkpt lon="13.393015" lat="52.515062"><ele>34.0</ele></trkpt>
   <trkpt lon="13.393028" lat="52.514999"><ele>34.0</ele></trkpt>
   <trkpt lon="13.393149" lat="52.515007"><ele>33.75</ele></trkpt>
   <trkpt lon="13.393184" lat="52.515009"><ele>33.75</ele></trkpt>
   <trkpt lon="13.393412" lat="52.515021"><ele>33.75</ele></trkpt>
   <trkpt lon="13.394627" lat="52.515100"><ele>34.0</ele></trkpt>
   <trkpt lon="13.394711" lat="52.515105"><ele>34.0</ele></trkpt>
   <trkpt lon="13.395113" lat="52.515132"><ele>34.0</ele></trkpt>
   <trkpt lon="13.395520" lat="52.515157"><ele>34.0</ele></trkpt>
   <trkpt lon="13.395714" lat="52.515170"><ele>34.0</ele></trkpt>
   <trkpt lon="13.396676" lat="52.515231"><ele>34.0</ele></trkpt>
   <trkpt lon="13.396757" lat="52.515236"><ele>34.0</ele></trkpt>
   <trkpt lon="13.396740" lat="52.515316"><ele>34.0</ele></trkpt>
   <trkpt lon="13.396730" lat="52.515356"><ele>34.0</ele></trkpt>
   <trkpt lon="13.396723" lat="52.515389"><ele>34.0</ele></trkpt>
   <trkpt lon="13.396703" lat="52.515475"><ele>34.0</ele></trkpt>
   <trkpt lon="13.396676" lat="52.515593"><ele>34.0</ele></trkpt>
   <trkpt lon="13.396655" lat="52.515685"><ele>34.0</ele></trkpt>
   <trkpt lon="13.396570" lat="52.516063"><ele>34.0</ele></trkpt>
   <trkpt lon="13.396532" lat="52.516243"><ele>34.0</ele></trkpt>
   <trkpt lon="13.396517" lat="52.516315"><ele>34.25</ele></trkpt>
   <trkpt lon="13.396502" lat="52.516393"><ele>34.25</ele></trkpt>
   <trkpt lon="13.396468" lat="52.516563"><ele>34.25</ele></trkpt>
   <trkpt lon="13.396379" lat="52.517017"><ele>34.0</ele></trkpt>
   <trkpt lon="13.396363" lat="52.517091"><ele>34.0</ele></trkpt>
   <trkpt lon="13.396313" lat="52.517341"><ele>34.0</ele></trkpt>
   <trkpt lon="13.396310" lat="52.517353"><ele>34.0</ele></trkpt>
   <trkpt lon="13.396305" lat="52.517378"><ele>34.0</ele></trkpt>
   <trkpt lon="13.396297" lat="52.517422"><ele>34.0</ele></trkpt>
   <trkpt lon="13.396274" lat="52.517532"><ele>34.0</ele></trkpt>
   <trkpt lon="13.396260" lat="52.517597"><ele>34.0</ele></trkpt>
   <trkpt lon="13.396254" lat="52.517624"><ele>34.0</ele></trkpt>
   <trkpt lon="13.396240" lat="52.517693"><ele>34.0</ele></trkpt>
   <trkpt lon="13.396203" lat="52.517878"><ele>34.0</ele></trkpt>
   <trkpt lon="13.396114" lat="52.518328"><ele>34.0</ele></trkpt>
   <trkpt lon="13.396108" lat="52.518358"><ele>34.0</ele></trkpt>
   <trkpt lon="13.396090" lat="52.518446"><ele>34.0</ele></trkpt>
   <trkpt lon="13.396078" lat="52.518508"><ele>34.0</ele></trkpt>
   <trkpt lon="13.396069" lat="52.518549"><ele>34.0</ele></trkpt>
   <trkpt lon="13.396037" lat="52.518709"><ele>34.0</ele></trkpt>
   <trkpt lon="13.396030" lat="52.518744"><ele>34.0</ele></trkpt>
   <trkpt lon="13.396033" lat="52.518815"><ele>34.0</ele></trkpt>
   <trkpt lon="13.396049" lat="52.518836"><ele>34.0</ele></trkpt>
   <trkpt lon="13.396077" lat="52.518857"><ele>34.0</ele></trkpt>
   <trkpt lon="13.396167" lat="52.518894"><ele>34.0</ele></trkpt>
   <trkpt lon="13.396683" lat="52.519094"><ele>34.75</ele></trkpt>
   <trkpt lon="13.396745" lat="52.519118"><ele>34.75</ele></trkpt>
   <trkpt lon="13.396885" lat="52.519165"><ele>34.75</ele></trkpt>
   <trkpt lon="13.397109" lat="52.519237"><ele>34.5</ele></trkpt>
   <trkpt lon="13.397210" lat="52.519272"><ele>33.75</ele></trkpt>
   <trkpt lon="13.397282" lat="52.519296"><ele>33.25</ele></trkpt>
   <trkpt lon="13.397295" lat="52.519301"><ele>33.0</ele></trkpt>
   <trkpt lon="13.397578" lat="52.519403"><ele>32.5</ele></trkpt>
   <trkpt lon="13.397665" lat="52.519436"><ele>33.5</ele></trkpt>
   <trkpt lon="13.397751" lat="52.519469"><ele>34.5</ele></trkpt>
   <trkpt lon="13.397871" lat="52.519514"><ele>34.25</ele></trkpt>
   <trkpt lon="13.398079" lat="52.519594"><ele>34.0</ele></trkpt>
   <trkpt lon="13.398729" lat="52.519853"><ele>34.25</ele></trkpt>
   <trkpt lon="13.399192" lat="52.520032"><ele>34.0</ele></trkpt>
   <trkpt lon="13.399573" lat="52.520212"><ele>34.75</ele></trkpt>
   <trkpt lon="13.399821" lat="52.520332"><ele>34.25</ele></trkpt>
   <trkpt lon="13.399934" lat="52.520385"><ele>33.5</ele></trkpt>
   <trkpt lon="13.399949" lat="52.520174"><ele>35.0</ele></trkpt>
   <trkpt lon="13.399993" lat="52.519999"><ele>34.75</ele></trkpt>
  </trkseg>
 </trk>
</gpx>
