<?xml version="1.0" encoding="UTF-8"?>
<!-- track-length = 76121 filtered ascend = 89 plain-ascend = 0 cost=107905 energy=.0kwh time=28m 57s AUTO selected ISO_GREEDY (score 0.871) after 1 candidate(s) in 21206ms. short shared stem near start/end: 350m -->
<gpx
 xmlns="http://www.topografix.com/GPX/1/1"
 xmlns:xsi="http://www.w3.org/2001/XMLSchema-instance"
 xsi:schemaLocation="http://www.topografix.com/GPX/1/1 http://www.topografix.com/GPX/1/1/gpx.xsd"
 creator="BRouter-null" version="1.1">
 <trk>
  <name>unset</name>
  <trkseg>
   <trkpt lon="13.399993" lat="52.519999"><ele>34.75</ele></trkpt>
   <trkpt lon="13.399949" lat="52.520174"><ele>35.0</ele></trkpt>
   <trkpt lon="13.399934" lat="52.520385"><ele>33.5</ele></trkpt>
   <trkpt lon="13.400386" lat="52.520564"></trkpt>
   <trkpt lon="13.400810" lat="52.520735"><ele>33.5</ele></trkpt>
   <trkpt lon="13.400837" lat="52.520744"><ele>34.0</ele></trkpt>
   <trkpt lon="13.400892" lat="52.520764"><ele>34.25</ele></trkpt>
   <trkpt lon="13.400948" lat="52.520801"><ele>34.75</ele></trkpt>
   <trkpt lon="13.401004" lat="52.520776"><ele>34.75</ele></trkpt>
   <trkpt lon="13.401046" lat="52.520781"><ele>34.75</ele></trkpt>
   <trkpt lon="13.401187" lat="52.520827"><ele>35.0</ele></trkpt>
   <trkpt lon="13.401533" lat="52.520942"><ele>35.0</ele></trkpt>
   <trkpt lon="13.402022" lat="52.521104"><ele>35.0</ele></trkpt>
   <trkpt lon="13.402354" lat="52.521213"><ele>35.0</ele></trkpt>
   <trkpt lon="13.402668" lat="52.521317"><ele>35.0</ele></trkpt>
   <trkpt lon="13.402732" lat="52.521338"><ele>35.0</ele></trkpt>
   <trkpt lon="13.402859" lat="52.521379"><ele>35.0</ele></trkpt>
   <trkpt lon="13.402948" lat="52.521409"><ele>35.0</ele></trkpt>
   <trkpt lon="13.402990" lat="52.521422"><ele>35.0</ele></trkpt>
   <trkpt lon="13.403103" lat="52.521458"><ele>35.0</ele></trkpt>
   <trkpt lon="13.403280" lat="52.521518"><ele>35.0</ele></trkpt>
   <trkpt lon="13.403364" lat="52.521545"><ele>35.0</ele></trkpt>
   <trkpt lon="13.403607" lat="52.521625"><ele>35.0</ele></trkpt>
   <trkpt lon="13.404128" lat="52.521794"><ele>36.0</ele></trkpt>
   <trkpt lon="13.404267" lat="52.521839"><ele>36.0</ele></trkpt>
   <trkpt lon="13.404423" lat="52.521892"><ele>36.0</ele></trkpt>
   <trkpt lon="13.404486" lat="52.521922"><ele>36.0</ele></trkpt>
   <trkpt lon="13.404517" lat="52.521960"><ele>36.0</ele></trkpt>
   <trkpt lon="13.404510" lat="52.522021"><ele>36.0</ele></trkpt>
   <trkpt lon="13.404505" lat="52.522044"><ele>36.0</ele></trkpt>
   <trkpt lon="13.404480" lat="52.522075"><ele>36.0</ele></trkpt>
   <trkpt lon="13.404379" lat="52.522200"><ele>36.0</ele></trkpt>
   <trkpt lon="13.404289" lat="52.522311"><ele>36.0</ele></trkpt>
   <trkpt lon="13.404234" lat="52.522380"><ele>36.0</ele></trkpt>
   <trkpt lon="13.403973" lat="52.522709"><ele>35.75</ele></trkpt>
   <trkpt lon="13.403925" lat="52.522782"><ele>35.75</ele></trkpt>
   <trkpt lon="13.403899" lat="52.522833"><ele>36.0</ele></trkpt>
   <trkpt lon="13.403849" lat="52.522922"><ele>36.0</ele></trkpt>
   <trkpt lon="13.403778" lat="52.523014"><ele>36.0</ele></trkpt>
   <trkpt lon="13.403700" lat="52.523079"><ele>35.75</ele></trkpt>
   <trkpt lon="13.403647" lat="52.523111"><ele>35.75</ele></trkpt>
   <trkpt lon="13.403530" lat="52.523159"><ele>35.25</ele></trkpt>
   <trkpt lon="13.403282" lat="52.523246"><ele>35.0</ele></trkpt>
   <trkpt lon="13.402898" lat="52.523412"><ele>35.5</ele></trkpt>
   <trkpt lon="13.402782" lat="52.523462"><ele>35.75</ele></trkpt>
   <trkpt lon="13.402747" lat="52.523478"><ele>36.0</ele></trkpt>
   <trkpt lon="13.402704" lat="52.523498"><ele>36.0</ele></trkpt>
   <trkpt lon="13.402586" lat="52.523551"><ele>36.0</ele></trkpt>
   <trkpt lon="13.402575" lat="52.523556"><ele>36.0</ele></trkpt>
   <trkpt lon="13.402562" lat="52.523570"><ele>36.0</ele></trkpt>
   <trkpt lon="13.402543" lat="52.523610"><ele>36.0</ele></trkpt>
   <trkpt lon="13.402546" lat="52.523658"><ele>36.0</ele></trkpt>
   <trkpt lon="13.402591" lat="52.523750"><ele>36.0</ele></trkpt>
   <trkpt lon="13.402697" lat="52.523910"><ele>36.0</ele></trkpt>
   <trkpt lon="13.402834" lat="52.524172"><ele>36.0</ele></trkpt>
   <trkpt lon="13.402884" lat="52.524256"><ele>36.0</ele></trkpt>
   <trkpt lon="13.403061" lat="52.524554"><ele>36.0</ele></trkpt>
   <trkpt lon="13.403102" lat="52.524621"><ele>36.0</ele></trkpt>
   <trkpt lon="13.403163" lat="52.524722"><ele>36.0</ele></trkpt>
   <trkpt lon="13.403254" lat="52.524877"><ele>36.0</ele></trkpt>
   <trkpt lon="13.403323" lat="52.525004"><ele>36.0</ele></trkpt>
   <trkpt lon="13.403422" lat="52.525201"><ele>36.0</ele></trkpt>
   <trkpt lon="13.403595" lat="52.525546"><ele>36.0</ele></trkpt>
   <trkpt lon="13.403658" lat="52.525687"><ele>35.75</ele></trkpt>
   <trkpt lon="13.403683" lat="52.525787"><ele>35.75</ele></trkpt>
   <trkpt lon="13.403695" lat="52.525888"><ele>35.75</ele></trkpt>
   <trkpt lon="13.403695" lat="52.525928"><ele>35.75</ele></trkpt>
   <trkpt lon="13.403692" lat="52.525976"><ele>35.75</ele></trkpt>
   <trkpt lon="13.403663" lat="52.526096"><ele>35.75</ele></trkpt>
   <trkpt lon="13.403631" lat="52.526201"><ele>36.0</ele></trkpt>
   <trkpt lon="13.403612" lat="52.526269"><ele>36.0</ele></trkpt>
   <trkpt lon="13.403595" lat="52.526331"><ele>36.0</ele></trkpt>
   <trkpt lon="13.403503" lat="52.526594"><ele>36.0</ele></trkpt>
   <trkpt lon="13.403434" lat="52.526803"><ele>36.0</ele></trkpt>
   <trkpt lon="13.403341" lat="52.527089"><ele>36.0</ele></trkpt>
   <trkpt lon="13.403317" lat="52.527149"><ele>36.0</ele></trkpt>
   <trkpt lon="13.403239" lat="52.527288"><ele>36.0</ele></trkpt>
   <trkpt lon="13.403143" lat="52.527424"><ele>36.0</ele></trkpt>
   <trkpt lon="13.403059" lat="52.527530"><ele>36.0</ele></trkpt>
   <trkpt lon="13.402918" lat="52.527710"><ele>36.25</ele></trkpt>
   <trkpt lon="13.402892" lat="52.527742"><ele>36.25</ele></trkpt>
   <trkpt lon="13.402661" lat="52.528026"><ele>36.0</ele></trkpt>
   <trkpt lon="13.402620" lat="52.528074"><ele>36.0</ele></trkpt>
   <trkpt lon="13.402576" lat="52.528126"><ele>36.0</ele></trkpt>
   <trkpt lon="13.402528" lat="52.528187"><ele>36.0</ele></trkpt>
   <trkpt lon="13.402395" lat="52.528357"><ele>36.0</ele></trkpt>
   <trkpt lon="13.402079" lat="52.528733"><ele>36.0</ele></trkpt>
   <trkpt lon="13.401924" lat="52.528916"><ele>36.0</ele></trkpt>
   <trkpt lon="13.401885" lat="52.528962"><ele>36.25</ele></trkpt>
   <trkpt lon="13.401863" lat="52.528992"><ele>36.25</ele></trkpt>
   <trkpt lon="13.401861" lat="52.529025"><ele>36.25</ele></trkpt>
   <trkpt lon="13.401858" lat="52.529087"><ele>36.5</ele></trkpt>
   <trkpt lon="13.401833" lat="52.529162"><ele>36.75</ele></trkpt>
   <trkpt lon="13.401620" lat="52.529495"><ele>37.0</ele></trkpt>
   <trkpt lon="13.401598" lat="52.529532"><ele>37.0</ele></trkpt>
   <trkpt lon="13.401541" lat="52.529618"><ele>37.0</ele></trkpt>
   <trkpt lon="13.401416" lat="52.529697"><ele>37.0</ele></trkpt>
   <trkpt lon="13.401364" lat="52.529726"><ele>37.0</ele></trkpt>
   <trkpt lon="13.401301" lat="52.529759"><ele>37.0</ele></trkpt>
   <trkpt lon="13.401225" lat="52.529839"><ele>37.0</ele></trkpt>
   <trkpt lon="13.401183" lat="52.529885"><ele>37.0</ele></trkpt>
   <trkpt lon="13.401167" lat="52.529903"><ele>37.0</ele></trkpt>
   <trkpt lon="13.401146" lat="52.529927"><ele>37.0</ele></trkpt>
   <trkpt lon="13.401034" lat="52.530052"><ele>37.0</ele></trkpt>
   <trkpt lon="13.400715" lat="52.530426"><ele>36.25</ele></trkpt>
   <trkpt lon="13.400655" lat="52.530493"><ele>36.0</ele></trkpt>
   <trkpt lon="13.400618" lat="52.530536"><ele>36.0</ele></trkpt>
   <trkpt lon="13.400415" lat="52.530774"><ele>36.0</ele></trkpt>
   <trkpt lon="13.400222" lat="52.530990"><ele>36.0</ele></trkpt>
   <trkpt lon="13.399976" lat="52.531253"><ele>36.0</ele></trkpt>
   <trkpt lon="13.399858" lat="52.531384"><ele>36.0</ele></trkpt>
   <trkpt lon="13.399805" lat="52.531444"><ele>36.0</ele></trkpt>
   <trkpt lon="13.399647" lat="52.531625"><ele>36.0</ele></trkpt>
   <trkpt lon="13.399448" lat="52.531850"><ele>36.0</ele></trkpt>
   <trkpt lon="13.399422" lat="52.531879"><ele>36.0</ele></trkpt>
   <trkpt lon="13.399367" lat="52.531941"><ele>36.0</ele></trkpt>
   <trkpt lon="13.399267" lat="52.532072"><ele>36.0</ele></trkpt>
   <trkpt lon="13.399150" lat="52.532215"><ele>36.0</ele></trkpt>
   <trkpt lon="13.399112" lat="52.532261"><ele>36.0</ele></trkpt>
   <trkpt lon="13.398978" lat="52.532449"><ele>36.25</ele></trkpt>
   <trkpt lon="13.398967" lat="52.532468"><ele>36.0</ele></trkpt>
   <trkpt lon="13.398948" lat="52.532500"><ele>36.0</ele></trkpt>
   <trkpt lon="13.398893" lat="52.532594"><ele>36.25</ele></trkpt>
   <trkpt lon="13.398889" lat="52.532600"><ele>36.25</ele></trkpt>
   <trkpt lon="13.398880" lat="52.532620"><ele>36.25</ele></trkpt>
   <trkpt lon="13.398841" lat="52.532739"><ele>36.75</ele></trkpt>
   <trkpt lon="13.398828" lat="52.532771"><ele>36.75</ele></trkpt>
   <trkpt lon="13.398740" lat="52.533006"><ele>37.75</ele></trkpt>
   <trkpt lon="13.398719" lat="52.533063"><ele>38.0</ele></trkpt>
   <trkpt lon="13.398693" lat="52.533134"><ele>38.25</ele></trkpt>
   <trkpt lon="13.398648" lat="52.533256"><ele>38.5</ele></trkpt>
   <trkpt lon="13.398609" lat="52.533362"><ele>39.0</ele></trkpt>
   <trkpt lon="13.398586" lat="52.533426"><ele>39.25</ele></trkpt>
   <trkpt lon="13.398389" lat="52.533961"><ele>41.25</ele></trkpt>
   <trkpt lon="13.398343" lat="52.534089"><ele>41.5</ele></trkpt>
   <trkpt lon="13.398272" lat="52.534280"><ele>42.25</ele></trkpt>
   <trkpt lon="13.398253" lat="52.534333"><ele>42.5</ele></trkpt>
   <trkpt lon="13.398234" lat="52.534384"><ele>42.75</ele></trkpt>
   <trkpt lon="13.398133" lat="52.534660"><ele>43.0</ele></trkpt>
   <trkpt lon="13.398074" lat="52.534820"><ele>43.25</ele></trkpt>
   <trkpt lon="13.398059" lat="52.534861"><ele>43.5</ele></trkpt>
   <trkpt lon="13.398028" lat="52.534946"><ele>43.75</ele></trkpt>
   <trkpt lon="13.397997" lat="52.535031"><ele>44.0</ele></trkpt>
   <trkpt lon="13.397983" lat="52.535069"><ele>44.0</ele></trkpt>
   <trkpt lon="13.397878" lat="52.535359"><ele>44.0</ele></trkpt>
   <trkpt lon="13.397817" lat="52.535526"><ele>44.0</ele></trkpt>
   <trkpt lon="13.397655" lat="52.535970"><ele>45.0</ele></trkpt>
   <trkpt lon="13.397663" lat="52.536069"><ele>45.0</ele></trkpt>
   <trkpt lon="13.397615" lat="52.536192"><ele>45.0</ele></trkpt>
   <trkpt lon="13.397526" lat="52.536418"><ele>45.0</ele></trkpt>
   <trkpt lon="13.397453" lat="52.536542"><ele>45.5</ele></trkpt>
   <trkpt lon="13.397207" lat="52.536859"><ele>46.0</ele></trkpt>
   <trkpt lon="13.397180" lat="52.536892"><ele>46.0</ele></trkpt>
   <trkpt lon="13.397110" lat="52.536991"><ele>46.0</ele></trkpt>
   <trkpt lon="13.397023" lat="52.537048"><ele>46.0</ele></trkpt>
   <trkpt lon="13.396877" lat="52.537153"><ele>46.0</ele></trkpt>
   <trkpt lon="13.396538" lat="52.537596"><ele>46.5</ele></trkpt>
   <trkpt lon="13.396509" lat="52.537735"><ele>46.75</ele></trkpt>
   <trkpt lon="13.396391" lat="52.537904"><ele>47.0</ele></trkpt>
   <trkpt lon="13.396210" lat="52.538131"><ele>47.0</ele></trkpt>
   <trkpt lon="13.396177" lat="52.538172"><ele>47.0</ele></trkpt>
   <trkpt lon="13.396143" lat="52.538213"><ele>47.0</ele></trkpt>
   <trkpt lon="13.396105" lat="52.538258"><ele>47.0</ele></trkpt>
   <trkpt lon="13.396086" lat="52.538281"><ele>47.0</ele></trkpt>
   <trkpt lon="13.396064" lat="52.538309"><ele>47.0</ele></trkpt>
   <trkpt lon="13.396026" lat="52.538358"><ele>47.25</ele></trkpt>
   <trkpt lon="13.395996" lat="52.538397"><ele>47.5</ele></trkpt>
   <trkpt lon="13.395978" lat="52.538420"><ele>47.5</ele></trkpt>
   <trkpt lon="13.395876" lat="52.538552"><ele>47.75</ele></trkpt>
   <trkpt lon="13.395831" lat="52.538610"><ele>48.0</ele></trkpt>
   <trkpt lon="13.395676" lat="52.538812"><ele>48.0</ele></trkpt>
   <trkpt lon="13.395634" lat="52.538867"><ele>48.0</ele></trkpt>
   <trkpt lon="13.395545" lat="52.538983"><ele>48.0</ele></trkpt>
   <trkpt lon="13.395437" lat="52.539124"><ele>48.0</ele></trkpt>
   <trkpt lon="13.395284" lat="52.539316"><ele>48.0</ele></trkpt>
   <trkpt lon="13.395268" lat="52.539337"><ele>48.0</ele></trkpt>
   <trkpt lon="13.394953" lat="52.539733"><ele>48.0</ele></trkpt>
   <trkpt lon="13.394917" lat="52.539777"><ele>48.0</ele></trkpt>
   <trkpt lon="13.394809" lat="52.539913"><ele>48.0</ele></trkpt>
   <trkpt lon="13.394790" lat="52.539937"><ele>48.0</ele></trkpt>
   <trkpt lon="13.394771" lat="52.539962"><ele>48.0</ele></trkpt>
   <trkpt lon="13.394501" lat="52.540320"><ele>47.0</ele></trkpt>
   <trkpt lon="13.394414" lat="52.540436"><ele>47.0</ele></trkpt>
   <trkpt lon="13.394154" lat="52.540785"><ele>46.0</ele></trkpt>
   <trkpt lon="13.394065" lat="52.540901"><ele>46.0</ele></trkpt>
   <trkpt lon="13.393998" lat="52.540990"><ele>46.0</ele></trkpt>
   <trkpt lon="13.393969" lat="52.541030"><ele>46.0</ele></trkpt>
   <trkpt lon="13.393877" lat="52.541136"><ele>46.0</ele></trkpt>
   <trkpt lon="13.393741" lat="52.541294"><ele>46.0</ele></trkpt>
   <trkpt lon="13.393699" lat="52.541349"><ele>46.0</ele></trkpt>
   <trkpt lon="13.393462" lat="52.541656"><ele>46.0</ele></trkpt>
   <trkpt lon="13.393389" lat="52.541751"><ele>45.75</ele></trkpt>
   <trkpt lon="13.393280" lat="52.541892"><ele>46.0</ele></trkpt>
   <trkpt lon="13.393218" lat="52.541995"><ele>46.0</ele></trkpt>
   <trkpt lon="13.392973" lat="52.542329"><ele>46.0</ele></trkpt>
   <trkpt lon="13.392941" lat="52.542369"><ele>46.0</ele></trkpt>
   <trkpt lon="13.392859" lat="52.542474"><ele>46.0</ele></trkpt>
   <trkpt lon="13.392785" lat="52.542567"><ele>46.0</ele></trkpt>
   <trkpt lon="13.392679" lat="52.542694"><ele>46.0</ele></trkpt>
   <trkpt lon="13.392498" lat="52.542910"><ele>46.0</ele></trkpt>
   <trkpt lon="13.392472" lat="52.542941"><ele>46.0</ele></trkpt>
   <trkpt lon="13.392172" lat="52.543328"><ele>46.0</ele></trkpt>
   <trkpt lon="13.392119" lat="52.543394"><ele>45.75</ele></trkpt>
   <trkpt lon="13.392060" lat="52.543476"><ele>46.0</ele></trkpt>
   <trkpt lon="13.391989" lat="52.543564"><ele>46.0</ele></trkpt>
   <trkpt lon="13.391849" lat="52.543744"><ele>46.0</ele></trkpt>
   <trkpt lon="13.391515" lat="52.544183"><ele>46.25</ele></trkpt>
   <trkpt lon="13.391472" lat="52.544234"><ele>46.25</ele></trkpt>
   <trkpt lon="13.391223" lat="52.544548"><ele>47.0</ele></trkpt>
   <trkpt lon="13.391196" lat="52.544582"><ele>47.0</ele></trkpt>
   <trkpt lon="13.391091" lat="52.544719"><ele>47.0</ele></trkpt>
   <trkpt lon="13.390970" lat="52.544880"><ele>47.0</ele></trkpt>
   <trkpt lon="13.390949" lat="52.544906"><ele>47.0</ele></trkpt>
   <trkpt lon="13.390796" lat="52.545102"><ele>47.25</ele></trkpt>
   <trkpt lon="13.390317" lat="52.545727"><ele>48.0</ele></trkpt>
   <trkpt lon="13.390304" lat="52.545744"><ele>48.0</ele></trkpt>
   <trkpt lon="13.389894" lat="52.546276"><ele>48.25</ele></trkpt>
   <trkpt lon="13.389654" lat="52.546587"><ele>48.75</ele></trkpt>
   <trkpt lon="13.389413" lat="52.546899"><ele>49.0</ele></trkpt>
   <trkpt lon="13.389342" lat="52.546991"><ele>48.75</ele></trkpt>
   <trkpt lon="13.389252" lat="52.547103"><ele>49.0</ele></trkpt>
   <trkpt lon="13.389153" lat="52.547235"><ele>49.0</ele></trkpt>
   <trkpt lon="13.388917" lat="52.547539"><ele>49.0</ele></trkpt>
   <trkpt lon="13.388719" lat="52.547802"><ele>49.5</ele></trkpt>
   <trkpt lon="13.388667" lat="52.547897"><ele>49.75</ele></trkpt>
   <trkpt lon="13.388454" lat="52.548150"><ele>47.25</ele></trkpt>
   <trkpt lon="13.388402" lat="52.548217"><ele>45.25</ele></trkpt>
   <trkpt lon="13.388299" lat="52.548348"></trkpt>
   <trkpt lon="13.388244" lat="52.548418"></trkpt>
   <trkpt lon="13.388217" lat="52.548450"></trkpt>
   <trkpt lon="13.388136" lat="52.548551"></trkpt>
   <trkpt lon="13.387999" lat="52.548682"></trkpt>
   <trkpt lon="13.387808" lat="52.548806"></trkpt>
   <trkpt lon="13.387505" lat="52.548982"></trkpt>
   <trkpt lon="13.387403" lat="52.549039"></trkpt>
   <trkpt lon="13.387289" lat="52.549110"><ele>44.25</ele></trkpt>
   <trkpt lon="13.386885" lat="52.549370"><ele>47.75</ele></trkpt>
   <trkpt lon="13.386836" lat="52.549399"><ele>47.75</ele></trkpt>
   <trkpt lon="13.386737" lat="52.549457"><ele>47.75</ele></trkpt>
   <trkpt lon="13.386538" lat="52.549572"><ele>47.25</ele></trkpt>
   <trkpt lon="13.386429" lat="52.549635"><ele>47.0</ele></trkpt>
   <trkpt lon="13.386390" lat="52.549658"><ele>47.0</ele></trkpt>
   <trkpt lon="13.385920" lat="52.549939"><ele>45.5</ele></trkpt>
   <trkpt lon="13.385529" lat="52.550173"><ele>44.25</ele></trkpt>
   <trkpt lon="13.385400" lat="52.550252"><ele>44.0</ele></trkpt>
   <trkpt lon="13.384852" lat="52.550590"><ele>42.0</ele></trkpt>
   <trkpt lon="13.384708" lat="52.550688"><ele>42.0</ele></trkpt>
   <trkpt lon="13.383742" lat="52.551266"><ele>41.0</ele></trkpt>
   <trkpt lon="13.383697" lat="52.551293"><ele>41.0</ele></trkpt>
   <trkpt lon="13.383572" lat="52.551366"><ele>41.0</ele></trkpt>
   <trkpt lon="13.383452" lat="52.551437"><ele>41.0</ele></trkpt>
   <trkpt lon="13.383181" lat="52.551595"><ele>41.0</ele></trkpt>
   <trkpt lon="13.383002" lat="52.551690"><ele>41.0</ele></trkpt>
   <trkpt lon="13.382696" lat="52.551837"><ele>40.75</ele></trkpt>
   <trkpt lon="13.382550" lat="52.551905"><ele>40.25</ele></trkpt>
   <trkpt lon="13.382247" lat="52.552031"><ele>40.0</ele></trkpt>
   <trkpt lon="13.381802" lat="52.552208"><ele>40.0</ele></trkpt>
   <trkpt lon="13.381748" lat="52.552228"><ele>40.0</ele></trkpt>
   <trkpt lon="13.381573" lat="52.552298"><ele>40.0</ele></trkpt>
   <trkpt lon="13.381405" lat="52.552366"><ele>40.0</ele></trkpt>
   <trkpt lon="13.381180" lat="52.552443"><ele>40.0</ele></trkpt>
   <trkpt lon="13.381145" lat="52.552455"><ele>40.0</ele></trkpt>
   <trkpt lon="13.380560" lat="52.552698"><ele>39.25</ele></trkpt>
   <trkpt lon="13.380300" lat="52.552790"><ele>39.0</ele></trkpt>
   <trkpt lon="13.380047" lat="52.552855"><ele>39.0</ele></trkpt>
   <trkpt lon="13.379746" lat="52.552909"><ele>39.0</ele></trkpt>
   <trkpt lon="13.379568" lat="52.552935"><ele>39.0</ele></trkpt>
   <trkpt lon="13.379206" lat="52.552989"><ele>38.25</ele></trkpt>
   <trkpt lon="13.378782" lat="52.553055"><ele>38.0</ele></trkpt>
   <trkpt lon="13.378566" lat="52.553095"><ele>38.0</ele></trkpt>
   <trkpt lon="13.378381" lat="52.553148"><ele>38.0</ele></trkpt>
   <trkpt lon="13.378266" lat="52.553193"><ele>37.75</ele></trkpt>
   <trkpt lon="13.378154" lat="52.553250"><ele>37.5</ele></trkpt>
   <trkpt lon="13.378038" lat="52.553313"><ele>37.0</ele></trkpt>
   <trkpt lon="13.377897" lat="52.553400"><ele>37.25</ele></trkpt>
   <trkpt lon="13.377479" lat="52.553661"><ele>39.0</ele></trkpt>
   <trkpt lon="13.377454" lat="52.553677"><ele>39.0</ele></trkpt>
   <trkpt lon="13.377411" lat="52.553706"><ele>39.0</ele></trkpt>
   <trkpt lon="13.377377" lat="52.553730"><ele>39.0</ele></trkpt>
   <trkpt lon="13.377295" lat="52.553799"><ele>39.0</ele></trkpt>
   <trkpt lon="13.377213" lat="52.553868"><ele>39.0</ele></trkpt>
   <trkpt lon="13.377236" lat="52.554016"><ele>39.0</ele></trkpt>
   <trkpt lon="13.377217" lat="52.554198"><ele>39.0</ele></trkpt>
   <trkpt lon="13.377164" lat="52.554337"><ele>39.0</ele></trkpt>
   <trkpt lon="13.377156" lat="52.554691"><ele>39.0</ele></trkpt>
   <trkpt lon="13.377154" lat="52.554779"><ele>39.0</ele></trkpt>
   <trkpt lon="13.377152" lat="52.554851"><ele>39.0</ele></trkpt>
   <trkpt lon="13.377135" lat="52.555642"><ele>39.5</ele></trkpt>
   <trkpt lon="13.377119" lat="52.555890"><ele>40.0</ele></trkpt>
   <trkpt lon="13.377101" lat="52.556165"><ele>40.0</ele></trkpt>
   <trkpt lon="13.377100" lat="52.556205"><ele>40.0</ele></trkpt>
   <trkpt lon="13.377098" lat="52.556239"><ele>40.0</ele></trkpt>
   <trkpt lon="13.377096" lat="52.556299"><ele>40.0</ele></trkpt>
   <trkpt lon="13.377060" lat="52.556434"><ele>40.0</ele></trkpt>
   <trkpt lon="13.377052" lat="52.556466"><ele>40.0</ele></trkpt>
   <trkpt lon="13.377015" lat="52.556601"><ele>40.0</ele></trkpt>
   <trkpt lon="13.377005" lat="52.556658"><ele>40.0</ele></trkpt>
   <trkpt lon="13.376997" lat="52.556699"><ele>39.75</ele></trkpt>
   <trkpt lon="13.376990" lat="52.556741"><ele>40.0</ele></trkpt>
   <trkpt lon="13.376994" lat="52.556909"><ele>40.0</ele></trkpt>
   <trkpt lon="13.376992" lat="52.557114"><ele>40.0</ele></trkpt>
   <trkpt lon="13.376992" lat="52.557175"><ele>40.0</ele></trkpt>
   <trkpt lon="13.376980" lat="52.557366"><ele>40.0</ele></trkpt>
   <trkpt lon="13.376973" lat="52.557663"><ele>40.0</ele></trkpt>
   <trkpt lon="13.376963" lat="52.558131"><ele>40.25</ele></trkpt>
   <trkpt lon="13.376959" lat="52.558327"><ele>40.75</ele></trkpt>
   <trkpt lon="13.376956" lat="52.558487"><ele>41.0</ele></trkpt>
   <trkpt lon="13.376955" lat="52.558553"><ele>41.0</ele></trkpt>
   <trkpt lon="13.376951" lat="52.558775"><ele>41.0</ele></trkpt>
   <trkpt lon="13.376948" lat="52.558916"><ele>41.0</ele></trkpt>
   <trkpt lon="13.376946" lat="52.559011"><ele>41.0</ele></trkpt>
   <trkpt lon="13.376944" lat="52.559161"><ele>41.0</ele></trkpt>
   <trkpt lon="13.376933" lat="52.559728"><ele>41.0</ele></trkpt>
   <trkpt lon="13.376930" lat="52.559899"><ele>41.0</ele></trkpt>
   <trkpt lon="13.376929" lat="52.559977"><ele>40.75</ele></trkpt>
   <trkpt lon="13.376928" lat="52.560027"><ele>41.0</ele></trkpt>
   <trkpt lon="13.376924" lat="52.560167"><ele>41.0</ele></trkpt>
   <trkpt lon="13.376929" lat="52.560347"><ele>41.0</ele></trkpt>
   <trkpt lon="13.376949" lat="52.560443"><ele>41.0</ele></trkpt>
   <trkpt lon="13.376993" lat="52.560615"><ele>41.0</ele></trkpt>
   <trkpt lon="13.377003" lat="52.560653"><ele>41.0</ele></trkpt>
   <trkpt lon="13.377032" lat="52.560760"><ele>41.0</ele></trkpt>
   <trkpt lon="13.377059" lat="52.560868"><ele>41.0</ele></trkpt>
   <trkpt lon="13.377069" lat="52.560905"><ele>41.0</ele></trkpt>
   <trkpt lon="13.377128" lat="52.561139"><ele>41.25</ele></trkpt>
   <trkpt lon="13.377179" lat="52.561339"><ele>41.0</ele></trkpt>
   <trkpt lon="13.377201" lat="52.561420"><ele>41.0</ele></trkpt>
   <trkpt lon="13.377222" lat="52.561505"><ele>41.0</ele></trkpt>
   <trkpt lon="13.377274" lat="52.561702"><ele>41.0</ele></trkpt>
   <trkpt lon="13.377355" lat="52.562011"><ele>41.0</ele></trkpt>
   <trkpt lon="13.377400" lat="52.562185"><ele>41.0</ele></trkpt>
   <trkpt lon="13.377421" lat="52.562263"><ele>40.75</ele></trkpt>
   <trkpt lon="13.377449" lat="52.562372"><ele>41.0</ele></trkpt>
   <trkpt lon="13.377464" lat="52.562428"><ele>41.0</ele></trkpt>
   <trkpt lon="13.377523" lat="52.562657"><ele>41.0</ele></trkpt>
   <trkpt lon="13.377543" lat="52.562730"><ele>41.0</ele></trkpt>
   <trkpt lon="13.377746" lat="52.563506"><ele>41.0</ele></trkpt>
   <trkpt lon="13.377769" lat="52.563599"><ele>41.0</ele></trkpt>
   <trkpt lon="13.377789" lat="52.563676"><ele>41.0</ele></trkpt>
   <trkpt lon="13.377796" lat="52.563705"><ele>41.0</ele></trkpt>
   <trkpt lon="13.377981" lat="52.564414"><ele>41.0</ele></trkpt>
   <trkpt lon="13.378012" lat="52.564531"><ele>41.0</ele></trkpt>
   <trkpt lon="13.378021" lat="52.564567"><ele>41.0</ele></trkpt>
   <trkpt lon="13.378048" lat="52.564667"><ele>41.0</ele></trkpt>
   <trkpt lon="13.378078" lat="52.564780"><ele>41.0</ele></trkpt>
   <trkpt lon="13.378088" lat="52.564818"><ele>41.0</ele></trkpt>
   <trkpt lon="13.378123" lat="52.564951"><ele>41.0</ele></trkpt>
   <trkpt lon="13.378143" lat="52.565018"><ele>41.0</ele></trkpt>
   <trkpt lon="13.378187" lat="52.565185"><ele>41.0</ele></trkpt>
   <trkpt lon="13.378225" lat="52.565332"><ele>41.0</ele></trkpt>
   <trkpt lon="13.378252" lat="52.565439"><ele>41.0</ele></trkpt>
   <trkpt lon="13.378281" lat="52.565543"><ele>41.0</ele></trkpt>
   <trkpt lon="13.378306" lat="52.565645"><ele>41.0</ele></trkpt>
   <trkpt lon="13.378366" lat="52.565882"><ele>41.0</ele></trkpt>
   <trkpt lon="13.378397" lat="52.566010"><ele>41.0</ele></trkpt>
   <trkpt lon="13.378420" lat="52.566099"><ele>41.0</ele></trkpt>
   <trkpt lon="13.378448" lat="52.566210"><ele>41.0</ele></trkpt>
   <trkpt lon="13.378455" lat="52.566236"><ele>41.0</ele></trkpt>
   <trkpt lon="13.378567" lat="52.566653"><ele>41.0</ele></trkpt>
   <trkpt lon="13.378629" lat="52.566884"><ele>41.0</ele></trkpt>
   <trkpt lon="13.378734" lat="52.567284"><ele>41.5</ele></trkpt>
   <trkpt lon="13.378753" lat="52.567347"><ele>41.5</ele></trkpt>
   <trkpt lon="13.378888" lat="52.567869"><ele>42.0</ele></trkpt>
   <trkpt lon="13.378976" lat="52.568200"><ele>42.0</ele></trkpt>
   <trkpt lon="13.379021" lat="52.568368"><ele>42.0</ele></trkpt>
   <trkpt lon="13.379051" lat="52.568479"><ele>42.0</ele></trkpt>
   <trkpt lon="13.379067" lat="52.568537"><ele>42.0</ele></trkpt>
   <trkpt lon="13.379095" lat="52.568645"><ele>42.0</ele></trkpt>
   <trkpt lon="13.379110" lat="52.568698"><ele>42.0</ele></trkpt>
   <trkpt lon="13.379168" lat="52.568901"><ele>42.0</ele></trkpt>
   <trkpt lon="13.379181" lat="52.568951"><ele>42.0</ele></trkpt>
   <trkpt lon="13.379184" lat="52.568964"><ele>42.0</ele></trkpt>
   <trkpt lon="13.379202" lat="52.569032"><ele>42.0</ele></trkpt>
   <trkpt lon="13.379222" lat="52.569111"><ele>42.0</ele></trkpt>
   <trkpt lon="13.379232" lat="52.569153"><ele>42.0</ele></trkpt>
   <trkpt lon="13.379252" lat="52.569229"><ele>42.0</ele></trkpt>
   <trkpt lon="13.379262" lat="52.569267"><ele>42.0</ele></trkpt>
   <trkpt lon="13.379318" lat="52.569469"><ele>42.0</ele></trkpt>
   <trkpt lon="13.379354" lat="52.569601"><ele>42.0</ele></trkpt>
   <trkpt lon="13.379419" lat="52.569838"><ele>42.25</ele></trkpt>
   <trkpt lon="13.379433" lat="52.569892"><ele>42.5</ele></trkpt>
   <trkpt lon="13.379452" lat="52.569961"><ele>42.75</ele></trkpt>
   <trkpt lon="13.379589" lat="52.570479"><ele>43.0</ele></trkpt>
   <trkpt lon="13.379597" lat="52.570508"><ele>43.0</ele></trkpt>
   <trkpt lon="13.379644" lat="52.570688"><ele>43.0</ele></trkpt>
   <trkpt lon="13.379669" lat="52.570773"><ele>43.0</ele></trkpt>
   <trkpt lon="13.379688" lat="52.570843"><ele>43.0</ele></trkpt>
   <trkpt lon="13.379880" lat="52.571528"><ele>42.5</ele></trkpt>
   <trkpt lon="13.379898" lat="52.571598"><ele>42.5</ele></trkpt>
   <trkpt lon="13.379931" lat="52.571733"><ele>42.0</ele></trkpt>
   <trkpt lon="13.379936" lat="52.571752"><ele>42.0</ele></trkpt>
   <trkpt lon="13.379969" lat="52.571870"><ele>42.0</ele></trkpt>
   <trkpt lon="13.379978" lat="52.571907"><ele>42.0</ele></trkpt>
   <trkpt lon="13.379987" lat="52.571936"><ele>42.0</ele></trkpt>
   <trkpt lon="13.379989" lat="52.571945"><ele>42.0</ele></trkpt>
   <trkpt lon="13.380019" lat="52.572053"><ele>42.25</ele></trkpt>
   <trkpt lon="13.380100" lat="52.572349"><ele>42.25</ele></trkpt>
   <trkpt lon="13.380269" lat="52.572949"><ele>42.5</ele></trkpt>
   <trkpt lon="13.380319" lat="52.573138"><ele>43.0</ele></trkpt>
   <trkpt lon="13.380352" lat="52.573254"><ele>43.0</ele></trkpt>
   <trkpt lon="13.380383" lat="52.573367"><ele>43.0</ele></trkpt>
   <trkpt lon="13.380421" lat="52.573502"><ele>43.0</ele></trkpt>
   <trkpt lon="13.380444" lat="52.573587"><ele>43.0</ele></trkpt>
   <trkpt lon="13.380455" lat="52.573634"><ele>43.0</ele></trkpt>
   <trkpt lon="13.380557" lat="52.574015"><ele>43.0</ele></trkpt>
   <trkpt lon="13.380565" lat="52.574043"><ele>43.0</ele></trkpt>
   <trkpt lon="13.380617" lat="52.574247"><ele>43.0</ele></trkpt>
   <trkpt lon="13.380632" lat="52.574299"><ele>43.0</ele></trkpt>
   <trkpt lon="13.380721" lat="52.574359"><ele>43.0</ele></trkpt>
   <trkpt lon="13.380774" lat="52.574395"><ele>43.0</ele></trkpt>
   <trkpt lon="13.380847" lat="52.574436"><ele>43.0</ele></trkpt>
   <trkpt lon="13.380772" lat="52.574494"><ele>43.0</ele></trkpt>
   <trkpt lon="13.380659" lat="52.574590"><ele>43.0</ele></trkpt>
   <trkpt lon="13.380646" lat="52.574601"><ele>43.0</ele></trkpt>
   <trkpt lon="13.380569" lat="52.574669"><ele>43.0</ele></trkpt>
   <trkpt lon="13.380360" lat="52.574856"><ele>43.0</ele></trkpt>
   <trkpt lon="13.380199" lat="52.574990"><ele>43.0</ele></trkpt>
   <trkpt lon="13.380069" lat="52.575099"><ele>43.25</ele></trkpt>
   <trkpt lon="13.380037" lat="52.575126"><ele>43.25</ele></trkpt>
   <trkpt lon="13.379803" lat="52.575322"><ele>44.0</ele></trkpt>
   <trkpt lon="13.379640" lat="52.575454"><ele>44.0</ele></trkpt>
   <trkpt lon="13.379589" lat="52.575494"><ele>44.0</ele></trkpt>
   <trkpt lon="13.379329" lat="52.575700"><ele>43.75</ele></trkpt>
   <trkpt lon="13.379075" lat="52.575911"><ele>43.5</ele></trkpt>
   <trkpt lon="13.378916" lat="52.576043"><ele>43.5</ele></trkpt>
   <trkpt lon="13.378884" lat="52.576070"><ele>43.75</ele></trkpt>
   <trkpt lon="13.378651" lat="52.576260"><ele>44.0</ele></trkpt>
   <trkpt lon="13.378346" lat="52.576509"><ele>44.0</ele></trkpt>
   <trkpt lon="13.378249" lat="52.576588"><ele>44.0</ele></trkpt>
   <trkpt lon="13.378157" lat="52.576663"><ele>44.0</ele></trkpt>
   <trkpt lon="13.377986" lat="52.576803"><ele>44.0</ele></trkpt>
   <trkpt lon="13.377922" lat="52.576854"><ele>44.0</ele></trkpt>
   <trkpt lon="13.377649" lat="52.577073"><ele>44.0</ele></trkpt>
   <trkpt lon="13.377128" lat="52.577523"><ele>44.25</ele></trkpt>
   <trkpt lon="13.377002" lat="52.577633"><ele>44.75</ele></trkpt>
   <trkpt lon="13.376893" lat="52.577726"><ele>44.75</ele></trkpt>
   <trkpt lon="13.376485" lat="52.578104"><ele>45.0</ele></trkpt>
   <trkpt lon="13.376408" lat="52.578210"><ele>45.0</ele></trkpt>
   <trkpt lon="13.376368" lat="52.578266"><ele>44.75</ele></trkpt>
   <trkpt lon="13.376340" lat="52.578326"><ele>44.75</ele></trkpt>
   <trkpt lon="13.376230" lat="52.578643"><ele>44.75</ele></trkpt>
   <trkpt lon="13.376052" lat="52.579131"><ele>44.75</ele></trkpt>
   <trkpt lon="13.375999" lat="52.579279"><ele>45.0</ele></trkpt>
   <trkpt lon="13.375975" lat="52.579348"><ele>45.0</ele></trkpt>
   <trkpt lon="13.375885" lat="52.579722"><ele>45.0</ele></trkpt>
   <trkpt lon="13.375857" lat="52.579863"><ele>44.75</ele></trkpt>
   <trkpt lon="13.375802" lat="52.580152"><ele>44.5</ele></trkpt>
   <trkpt lon="13.375799" lat="52.580172"><ele>44.5</ele></trkpt>
   <trkpt lon="13.375738" lat="52.580719"><ele>44.5</ele></trkpt>
   <trkpt lon="13.375710" lat="52.580862"><ele>44.25</ele></trkpt>
   <trkpt lon="13.375686" lat="52.580912"><ele>44.25</ele></trkpt>
   <trkpt lon="13.375628" lat="52.581049"><ele>44.0</ele></trkpt>
   <trkpt lon="13.375549" lat="52.581217"><ele>44.0</ele></trkpt>
   <trkpt lon="13.375501" lat="52.581312"><ele>44.0</ele></trkpt>
   <trkpt lon="13.375433" lat="52.581448"><ele>44.25</ele></trkpt>
   <trkpt lon="13.375305" lat="52.581645"><ele>44.0</ele></trkpt>
   <trkpt lon="13.375107" lat="52.581914"><ele>44.0</ele></trkpt>
   <trkpt lon="13.375070" lat="52.581964"><ele>44.0</ele></trkpt>
   <trkpt lon="13.375033" lat="52.582018"><ele>44.0</ele></trkpt>
   <trkpt lon="13.375012" lat="52.582048"><ele>44.0</ele></trkpt>
   <trkpt lon="13.374772" lat="52.582395"><ele>44.0</ele></trkpt>
   <trkpt lon="13.374733" lat="52.582465"><ele>44.0</ele></trkpt>
   <trkpt lon="13.374703" lat="52.582555"><ele>44.0</ele></trkpt>
   <trkpt lon="13.374692" lat="52.582597"><ele>44.0</ele></trkpt>
   <trkpt lon="13.374630" lat="52.582808"><ele>44.0</ele></trkpt>
   <trkpt lon="13.374612" lat="52.582871"><ele>44.0</ele></trkpt>
   <trkpt lon="13.374591" lat="52.582944"><ele>44.0</ele></trkpt>
   <trkpt lon="13.374562" lat="52.583043"><ele>44.0</ele></trkpt>
   <trkpt lon="13.374543" lat="52.583106"><ele>44.0</ele></trkpt>
   <trkpt lon="13.374520" lat="52.583183"><ele>44.0</ele></trkpt>
   <trkpt lon="13.374451" lat="52.583441"><ele>44.0</ele></trkpt>
   <trkpt lon="13.374474" lat="52.583581"><ele>44.0</ele></trkpt>
   <trkpt lon="13.374574" lat="52.584187"><ele>44.0</ele></trkpt>
   <trkpt lon="13.374586" lat="52.584255"><ele>44.0</ele></trkpt>
   <trkpt lon="13.374596" lat="52.584318"><ele>44.0</ele></trkpt>
   <trkpt lon="13.374695" lat="52.584889"><ele>44.0</ele></trkpt>
   <trkpt lon="13.374683" lat="52.584935"><ele>44.0</ele></trkpt>
   <trkpt lon="13.374587" lat="52.585335"><ele>44.0</ele></trkpt>
   <trkpt lon="13.374533" lat="52.585539"><ele>44.0</ele></trkpt>
   <trkpt lon="13.374493" lat="52.585692"><ele>44.0</ele></trkpt>
   <trkpt lon="13.374456" lat="52.585833"><ele>44.0</ele></trkpt>
   <trkpt lon="13.374277" lat="52.586520"><ele>44.0</ele></trkpt>
   <trkpt lon="13.374214" lat="52.586710"><ele>44.0</ele></trkpt>
   <trkpt lon="13.374211" lat="52.586721"><ele>44.0</ele></trkpt>
   <trkpt lon="13.374185" lat="52.586778"><ele>44.0</ele></trkpt>
   <trkpt lon="13.374150" lat="52.586890"><ele>44.0</ele></trkpt>
   <trkpt lon="13.373785" lat="52.587502"><ele>44.0</ele></trkpt>
   <trkpt lon="13.373613" lat="52.587813"><ele>44.0</ele></trkpt>
   <trkpt lon="13.373249" lat="52.588422"><ele>45.0</ele></trkpt>
   <trkpt lon="13.373173" lat="52.588400"><ele>45.0</ele></trkpt>
   <trkpt lon="13.372996" lat="52.588451"><ele>45.0</ele></trkpt>
   <trkpt lon="13.372926" lat="52.588472"><ele>45.0</ele></trkpt>
   <trkpt lon="13.371472" lat="52.588895"><ele>45.0</ele></trkpt>
   <trkpt lon="13.371401" lat="52.588916"><ele>45.0</ele></trkpt>
   <trkpt lon="13.371319" lat="52.588940"><ele>45.0</ele></trkpt>
   <trkpt lon="13.370603" lat="52.589154"><ele>45.0</ele></trkpt>
   <trkpt lon="13.370265" lat="52.589249"><ele>45.0</ele></trkpt>
   <trkpt lon="13.370192" lat="52.589270"><ele>45.0</ele></trkpt>
   <trkpt lon="13.370049" lat="52.589310"><ele>45.0</ele></trkpt>
   <trkpt lon="13.370006" lat="52.589322"><ele>45.0</ele></trkpt>
   <trkpt lon="13.369876" lat="52.589359"><ele>45.0</ele></trkpt>
   <trkpt lon="13.369921" lat="52.589411"><ele>45.0</ele></trkpt>
   <trkpt lon="13.369935" lat="52.589429"><ele>45.0</ele></trkpt>
   <trkpt lon="13.369993" lat="52.589501"><ele>45.0</ele></trkpt>
   <trkpt lon="13.370196" lat="52.589753"><ele>45.0</ele></trkpt>
   <trkpt lon="13.370356" lat="52.589952"><ele>45.0</ele></trkpt>
   <trkpt lon="13.370537" lat="52.590177"><ele>45.0</ele></trkpt>
   <trkpt lon="13.370565" lat="52.590211"><ele>45.0</ele></trkpt>
   <trkpt lon="13.370719" lat="52.590403"><ele>45.0</ele></trkpt>
   <trkpt lon="13.370815" lat="52.590522"><ele>45.0</ele></trkpt>
   <trkpt lon="13.370909" lat="52.590640"><ele>45.0</ele></trkpt>
   <trkpt lon="13.370942" lat="52.590681"><ele>45.0</ele></trkpt>
   <trkpt lon="13.371009" lat="52.590761"><ele>45.0</ele></trkpt>
   <trkpt lon="13.371120" lat="52.590897"><ele>45.0</ele></trkpt>
   <trkpt lon="13.371178" lat="52.590968"><ele>45.25</ele></trkpt>
   <trkpt lon="13.371272" lat="52.591083"><ele>45.25</ele></trkpt>
   <trkpt lon="13.371346" lat="52.591175"><ele>45.0</ele></trkpt>
   <trkpt lon="13.371421" lat="52.591269"><ele>45.0</ele></trkpt>
   <trkpt lon="13.371931" lat="52.591907"><ele>45.0</ele></trkpt>
   <trkpt lon="13.372244" lat="52.592326"><ele>45.25</ele></trkpt>
   <trkpt lon="13.372521" lat="52.592810"><ele>46.0</ele></trkpt>
   <trkpt lon="13.372575" lat="52.592902"><ele>46.0</ele></trkpt>
   <trkpt lon="13.372595" lat="52.592939"><ele>46.0</ele></trkpt>
   <trkpt lon="13.372697" lat="52.593125"><ele>46.0</ele></trkpt>
   <trkpt lon="13.372735" lat="52.593189"><ele>46.25</ele></trkpt>
   <trkpt lon="13.372752" lat="52.593218"><ele>46.25</ele></trkpt>
   <trkpt lon="13.372775" lat="52.593258"><ele>46.5</ele></trkpt>
   <trkpt lon="13.372805" lat="52.593310"><ele>46.75</ele></trkpt>
   <trkpt lon="13.372809" lat="52.593316"><ele>46.75</ele></trkpt>
   <trkpt lon="13.372822" lat="52.593340"><ele>47.0</ele></trkpt>
   <trkpt lon="13.372864" lat="52.593411"><ele>47.0</ele></trkpt>
   <trkpt lon="13.372916" lat="52.593504"><ele>47.25</ele></trkpt>
   <trkpt lon="13.372931" lat="52.593533"><ele>47.25</ele></trkpt>
   <trkpt lon="13.372960" lat="52.593584"><ele>47.25</ele></trkpt>
   <trkpt lon="13.372982" lat="52.593626"><ele>47.25</ele></trkpt>
   <trkpt lon="13.373022" lat="52.593697"><ele>47.25</ele></trkpt>
   <trkpt lon="13.373234" lat="52.594079"><ele>48.0</ele></trkpt>
   <trkpt lon="13.373413" lat="52.594397"><ele>48.75</ele></trkpt>
   <trkpt lon="13.373508" lat="52.594565"><ele>49.0</ele></trkpt>
   <trkpt lon="13.373725" lat="52.594920"><ele>49.0</ele></trkpt>
   <trkpt lon="13.374079" lat="52.595520"><ele>48.0</ele></trkpt>
   <trkpt lon="13.374168" lat="52.595669"><ele>48.0</ele></trkpt>
   <trkpt lon="13.374230" lat="52.595773"><ele>48.0</ele></trkpt>
   <trkpt lon="13.374451" lat="52.596101"><ele>48.0</ele></trkpt>
   <trkpt lon="13.374639" lat="52.596309"><ele>48.0</ele></trkpt>
   <trkpt lon="13.374710" lat="52.596389"><ele>48.0</ele></trkpt>
   <trkpt lon="13.374727" lat="52.596410"><ele>48.0</ele></trkpt>
   <trkpt lon="13.374803" lat="52.596483"><ele>47.75</ele></trkpt>
   <trkpt lon="13.374831" lat="52.596511"><ele>48.0</ele></trkpt>
   <trkpt lon="13.374869" lat="52.596547"><ele>48.0</ele></trkpt>
   <trkpt lon="13.374920" lat="52.596600"><ele>48.0</ele></trkpt>
   <trkpt lon="13.375024" lat="52.596705"><ele>47.75</ele></trkpt>
   <trkpt lon="13.375029" lat="52.596710"><ele>47.75</ele></trkpt>
   <trkpt lon="13.375136" lat="52.596822"><ele>47.5</ele></trkpt>
   <trkpt lon="13.375179" lat="52.596868"><ele>47.5</ele></trkpt>
   <trkpt lon="13.375210" lat="52.596899"><ele>47.25</ele></trkpt>
   <trkpt lon="13.375287" lat="52.596979"><ele>47.0</ele></trkpt>
   <trkpt lon="13.375302" lat="52.596994"><ele>47.0</ele></trkpt>
   <trkpt lon="13.375375" lat="52.597067"><ele>47.0</ele></trkpt>
   <trkpt lon="13.375433" lat="52.597130"><ele>47.0</ele></trkpt>
   <trkpt lon="13.375469" lat="52.597167"><ele>47.0</ele></trkpt>
   <trkpt lon="13.375479" lat="52.597178"><ele>47.0</ele></trkpt>
   <trkpt lon="13.375484" lat="52.597183"><ele>47.0</ele></trkpt>
   <trkpt lon="13.375640" lat="52.597361"><ele>47.25</ele></trkpt>
   <trkpt lon="13.375660" lat="52.597384"><ele>47.5</ele></trkpt>
   <trkpt lon="13.375695" lat="52.597421"><ele>47.5</ele></trkpt>
   <trkpt lon="13.375799" lat="52.597534"><ele>48.0</ele></trkpt>
   <trkpt lon="13.375891" lat="52.597626"><ele>48.0</ele></trkpt>
   <trkpt lon="13.376051" lat="52.597785"><ele>48.0</ele></trkpt>
   <trkpt lon="13.376089" lat="52.597826"><ele>48.0</ele></trkpt>
   <trkpt lon="13.376202" lat="52.597947"><ele>48.0</ele></trkpt>
   <trkpt lon="13.376211" lat="52.597957"><ele>48.0</ele></trkpt>
   <trkpt lon="13.376387" lat="52.598149"><ele>48.0</ele></trkpt>
   <trkpt lon="13.376454" lat="52.598223"><ele>48.0</ele></trkpt>
   <trkpt lon="13.376679" lat="52.598465"><ele>48.0</ele></trkpt>
   <trkpt lon="13.376952" lat="52.598780"><ele>48.0</ele></trkpt>
   <trkpt lon="13.377197" lat="52.599079"><ele>48.75</ele></trkpt>
   <trkpt lon="13.377229" lat="52.599119"><ele>49.0</ele></trkpt>
   <trkpt lon="13.377405" lat="52.599332"><ele>49.0</ele></trkpt>
   <trkpt lon="13.377765" lat="52.599766"><ele>49.0</ele></trkpt>
   <trkpt lon="13.377782" lat="52.599784"><ele>49.0</ele></trkpt>
   <trkpt lon="13.377878" lat="52.599891"><ele>49.0</ele></trkpt>
   <trkpt lon="13.377930" lat="52.599949"><ele>49.0</ele></trkpt>
   <trkpt lon="13.378102" lat="52.600122"><ele>49.0</ele></trkpt>
   <trkpt lon="13.378115" lat="52.600135"><ele>49.0</ele></trkpt>
   <trkpt lon="13.378399" lat="52.600398"><ele>49.0</ele></trkpt>
   <trkpt lon="13.378526" lat="52.600526"><ele>49.0</ele></trkpt>
   <trkpt lon="13.378636" lat="52.600636"><ele>48.75</ele></trkpt>
   <trkpt lon="13.378666" lat="52.600665"><ele>48.75</ele></trkpt>
   <trkpt lon="13.378730" lat="52.600731"><ele>48.5</ele></trkpt>
   <trkpt lon="13.378757" lat="52.600759"><ele>48.5</ele></trkpt>
   <trkpt lon="13.378819" lat="52.600823"><ele>48.25</ele></trkpt>
   <trkpt lon="13.378925" lat="52.600934"><ele>48.0</ele></trkpt>
   <trkpt lon="13.378952" lat="52.600961"><ele>48.0</ele></trkpt>
   <trkpt lon="13.379034" lat="52.601049"><ele>48.0</ele></trkpt>
   <trkpt lon="13.379061" lat="52.601077"><ele>48.0</ele></trkpt>
   <trkpt lon="13.379069" lat="52.601086"><ele>48.0</ele></trkpt>
   <trkpt lon="13.379162" lat="52.601198"><ele>48.0</ele></trkpt>
   <trkpt lon="13.379344" lat="52.601447"><ele>48.0</ele></trkpt>
   <trkpt lon="13.379391" lat="52.601512"><ele>48.0</ele></trkpt>
   <trkpt lon="13.379409" lat="52.601535"><ele>48.0</ele></trkpt>
   <trkpt lon="13.379454" lat="52.601594"><ele>48.0</ele></trkpt>
   <trkpt lon="13.379490" lat="52.601646"><ele>48.0</ele></trkpt>
   <trkpt lon="13.379592" lat="52.601792"><ele>47.75</ele></trkpt>
   <trkpt lon="13.379760" lat="52.602024"><ele>47.0</ele></trkpt>
   <trkpt lon="13.379892" lat="52.602201"><ele>47.0</ele></trkpt>
   <trkpt lon="13.379944" lat="52.602276"><ele>47.0</ele></trkpt>
   <trkpt lon="13.380028" lat="52.602434"><ele>47.0</ele></trkpt>
   <trkpt lon="13.380050" lat="52.602499"><ele>47.0</ele></trkpt>
   <trkpt lon="13.380100" lat="52.602653"><ele>47.0</ele></trkpt>
   <trkpt lon="13.380102" lat="52.602676"><ele>47.0</ele></trkpt>
   <trkpt lon="13.380118" lat="52.602815"><ele>47.5</ele></trkpt>
   <trkpt lon="13.380079" lat="52.602929"><ele>47.5</ele></trkpt>
   <trkpt lon="13.380005" lat="52.603027"><ele>47.75</ele></trkpt>
   <trkpt lon="13.379905" lat="52.603111"><ele>48.0</ele></trkpt>
   <trkpt lon="13.379770" lat="52.603178"><ele>48.0</ele></trkpt>
   <trkpt lon="13.379749" lat="52.603187"><ele>48.0</ele></trkpt>
   <trkpt lon="13.379436" lat="52.603299"><ele>48.0</ele></trkpt>
   <trkpt lon="13.378951" lat="52.603476"><ele>48.0</ele></trkpt>
   <trkpt lon="13.378109" lat="52.603792"><ele>49.0</ele></trkpt>
   <trkpt lon="13.377847" lat="52.603890"><ele>49.0</ele></trkpt>
   <trkpt lon="13.377780" lat="52.603934"><ele>49.0</ele></trkpt>
   <trkpt lon="13.377752" lat="52.603979"><ele>49.25</ele></trkpt>
   <trkpt lon="13.377743" lat="52.604009"><ele>49.5</ele></trkpt>
   <trkpt lon="13.377766" lat="52.604061"><ele>49.5</ele></trkpt>
   <trkpt lon="13.377890" lat="52.604306"><ele>49.75</ele></trkpt>
   <trkpt lon="13.377989" lat="52.604489"><ele>50.0</ele></trkpt>
   <trkpt lon="13.378182" lat="52.604841"><ele>50.75</ele></trkpt>
   <trkpt lon="13.378352" lat="52.605158"><ele>51.5</ele></trkpt>
   <trkpt lon="13.378482" lat="52.605392"><ele>51.5</ele></trkpt>
   <trkpt lon="13.378686" lat="52.605742"><ele>52.0</ele></trkpt>
   <trkpt lon="13.378718" lat="52.605817"><ele>52.25</ele></trkpt>
   <trkpt lon="13.378879" lat="52.606062"><ele>52.0</ele></trkpt>
   <trkpt lon="13.378973" lat="52.606218"><ele>51.75</ele></trkpt>
   <trkpt lon="13.379049" lat="52.606340"><ele>51.75</ele></trkpt>
   <trkpt lon="13.379942" lat="52.607584"><ele>51.0</ele></trkpt>
   <trkpt lon="13.380111" lat="52.607827"><ele>50.75</ele></trkpt>
   <trkpt lon="13.381501" lat="52.609732"><ele>47.5</ele></trkpt>
   <trkpt lon="13.383549" lat="52.612597"><ele>51.0</ele></trkpt>
   <trkpt lon="13.385091" lat="52.614724"><ele>50.0</ele></trkpt>
   <trkpt lon="13.385172" lat="52.614850"><ele>50.25</ele></trkpt>
   <trkpt lon="13.385228" lat="52.614969"><ele>50.5</ele></trkpt>
   <trkpt lon="13.385258" lat="52.615049"><ele>50.75</ele></trkpt>
   <trkpt lon="13.385292" lat="52.615256"><ele>50.75</ele></trkpt>
   <trkpt lon="13.385344" lat="52.615919"><ele>50.75</ele></trkpt>
   <trkpt lon="13.385353" lat="52.616026"><ele>50.5</ele></trkpt>
   <trkpt lon="13.385361" lat="52.616134"><ele>50.5</ele></trkpt>
   <trkpt lon="13.385363" lat="52.616164"><ele>50.75</ele></trkpt>
   <trkpt lon="13.385366" lat="52.616201"><ele>50.75</ele></trkpt>
   <trkpt lon="13.385371" lat="52.616263"><ele>50.75</ele></trkpt>
   <trkpt lon="13.385385" lat="52.616446"><ele>51.0</ele></trkpt>
   <trkpt lon="13.385450" lat="52.617214"><ele>52.5</ele></trkpt>
   <trkpt lon="13.385395" lat="52.617386"><ele>52.75</ele></trkpt>
   <trkpt lon="13.386386" lat="52.617600"><ele>52.25</ele></trkpt>
   <trkpt lon="13.386723" lat="52.617682"><ele>52.0</ele></trkpt>
   <trkpt lon="13.387288" lat="52.617824"><ele>52.0</ele></trkpt>
   <trkpt lon="13.387545" lat="52.617889"><ele>52.0</ele></trkpt>
   <trkpt lon="13.387677" lat="52.617923"><ele>52.0</ele></trkpt>
   <trkpt lon="13.387893" lat="52.617978"><ele>52.0</ele></trkpt>
   <trkpt lon="13.388338" lat="52.618092"><ele>52.0</ele></trkpt>
   <trkpt lon="13.388626" lat="52.618166"><ele>52.25</ele></trkpt>
   <trkpt lon="13.389443" lat="52.618390"><ele>52.0</ele></trkpt>
   <trkpt lon="13.389573" lat="52.618443"><ele>52.25</ele></trkpt>
   <trkpt lon="13.389592" lat="52.618450"><ele>52.25</ele></trkpt>
   <trkpt lon="13.389755" lat="52.618488"><ele>52.5</ele></trkpt>
   <trkpt lon="13.389915" lat="52.618514"><ele>52.75</ele></trkpt>
   <trkpt lon="13.390137" lat="52.618553"><ele>52.75</ele></trkpt>
   <trkpt lon="13.390173" lat="52.618560"><ele>52.75</ele></trkpt>
   <trkpt lon="13.390220" lat="52.618564"><ele>52.75</ele></trkpt>
   <trkpt lon="13.390317" lat="52.618582"><ele>52.75</ele></trkpt>
   <trkpt lon="13.390512" lat="52.618615"><ele>53.0</ele></trkpt>
   <trkpt lon="13.390620" lat="52.618629"><ele>53.0</ele></trkpt>
   <trkpt lon="13.390719" lat="52.618644"><ele>53.0</ele></trkpt>
   <trkpt lon="13.391071" lat="52.618700"><ele>53.0</ele></trkpt>
   <trkpt lon="13.391216" lat="52.618723"><ele>53.0</ele></trkpt>
   <trkpt lon="13.392213" lat="52.618895"><ele>53.0</ele></trkpt>
   <trkpt lon="13.392269" lat="52.618904"><ele>53.0</ele></trkpt>
   <trkpt lon="13.392655" lat="52.618965"><ele>53.0</ele></trkpt>
   <trkpt lon="13.393059" lat="52.619027"><ele>52.75</ele></trkpt>
   <trkpt lon="13.393465" lat="52.619074"><ele>52.0</ele></trkpt>
   <trkpt lon="13.393534" lat="52.619088"><ele>52.0</ele></trkpt>
   <trkpt lon="13.393848" lat="52.619151"><ele>52.0</ele></trkpt>
   <trkpt lon="13.393897" lat="52.619161"><ele>52.0</ele></trkpt>
   <trkpt lon="13.393911" lat="52.619164"><ele>52.0</ele></trkpt>
   <trkpt lon="13.394202" lat="52.619231"><ele>52.0</ele></trkpt>
   <trkpt lon="13.394388" lat="52.619273"><ele>51.75</ele></trkpt>
   <trkpt lon="13.394694" lat="52.619343"><ele>52.0</ele></trkpt>
   <trkpt lon="13.394798" lat="52.619366"><ele>52.0</ele></trkpt>
   <trkpt lon="13.394806" lat="52.619368"><ele>52.0</ele></trkpt>
   <trkpt lon="13.394920" lat="52.619394"><ele>52.0</ele></trkpt>
   <trkpt lon="13.395004" lat="52.619413"><ele>52.0</ele></trkpt>
   <trkpt lon="13.395221" lat="52.619468"><ele>52.0</ele></trkpt>
   <trkpt lon="13.395339" lat="52.619498"><ele>52.0</ele></trkpt>
   <trkpt lon="13.395435" lat="52.619523"><ele>52.0</ele></trkpt>
   <trkpt lon="13.395677" lat="52.619586"><ele>52.0</ele></trkpt>
   <trkpt lon="13.396077" lat="52.619708"><ele>52.0</ele></trkpt>
   <trkpt lon="13.396108" lat="52.619718"><ele>52.0</ele></trkpt>
   <trkpt lon="13.396607" lat="52.619904"><ele>52.5</ele></trkpt>
   <trkpt lon="13.396862" lat="52.620030"><ele>53.0</ele></trkpt>
   <trkpt lon="13.397125" lat="52.620182"><ele>52.75</ele></trkpt>
   <trkpt lon="13.397660" lat="52.620527"><ele>53.0</ele></trkpt>
   <trkpt lon="13.397777" lat="52.620602"><ele>53.0</ele></trkpt>
   <trkpt lon="13.397830" lat="52.620641"><ele>53.0</ele></trkpt>
   <trkpt lon="13.398539" lat="52.621176"><ele>53.0</ele></trkpt>
   <trkpt lon="13.398748" lat="52.621339"><ele>53.0</ele></trkpt>
   <trkpt lon="13.398788" lat="52.621383"><ele>53.0</ele></trkpt>
   <trkpt lon="13.398826" lat="52.621455"><ele>52.75</ele></trkpt>
   <trkpt lon="13.398818" lat="52.621880"><ele>53.0</ele></trkpt>
   <trkpt lon="13.398814" lat="52.622086"><ele>52.5</ele></trkpt>
   <trkpt lon="13.398801" lat="52.622543"><ele>52.25</ele></trkpt>
   <trkpt lon="13.398808" lat="52.622659"><ele>52.5</ele></trkpt>
   <trkpt lon="13.398907" lat="52.623003"><ele>52.0</ele></trkpt>
   <trkpt lon="13.399012" lat="52.623382"><ele>52.25</ele></trkpt>
   <trkpt lon="13.399036" lat="52.623470"><ele>52.0</ele></trkpt>
   <trkpt lon="13.399053" lat="52.623533"><ele>52.0</ele></trkpt>
   <trkpt lon="13.399520" lat="52.625222"><ele>53.5</ele></trkpt>
   <trkpt lon="13.399540" lat="52.625293"><ele>53.5</ele></trkpt>
   <trkpt lon="13.400182" lat="52.627560"><ele>53.5</ele></trkpt>
   <trkpt lon="13.400206" lat="52.627645"><ele>53.75</ele></trkpt>
   <trkpt lon="13.400246" lat="52.627788"><ele>54.0</ele></trkpt>
   <trkpt lon="13.400661" lat="52.630157"><ele>56.0</ele></trkpt>
   <trkpt lon="13.400747" lat="52.630764"><ele>57.0</ele></trkpt>
   <trkpt lon="13.400923" lat="52.631914"><ele>57.0</ele></trkpt>
   <trkpt lon="13.400963" lat="52.632561"><ele>56.75</ele></trkpt>
   <trkpt lon="13.400976" lat="52.633207"><ele>56.75</ele></trkpt>
   <trkpt lon="13.400944" lat="52.636250"><ele>58.0</ele></trkpt>
   <trkpt lon="13.400948" lat="52.637621"><ele>56.0</ele></trkpt>
   <trkpt lon="13.400919" lat="52.638062"><ele>56.25</ele></trkpt>
   <trkpt lon="13.400819" lat="52.638475"><ele>56.0</ele></trkpt>
   <trkpt lon="13.400688" lat="52.638886"><ele>56.0</ele></trkpt>
   <trkpt lon="13.400645" lat="52.639013"><ele>56.25</ele></trkpt>
   <trkpt lon="13.400418" lat="52.639612"><ele>57.0</ele></trkpt>
   <trkpt lon="13.400314" lat="52.639894"><ele>57.0</ele></trkpt>
   <trkpt lon="13.403843" lat="52.641246"><ele>56.25</ele></trkpt>
   <trkpt lon="13.403674" lat="52.641664"><ele>57.0</ele></trkpt>
   <trkpt lon="13.403529" lat="52.642048"><ele>57.5</ele></trkpt>
   <trkpt lon="13.403390" lat="52.642430"><ele>58.5</ele></trkpt>
   <trkpt lon="13.403518" lat="52.642477"><ele>58.75</ele></trkpt>
   <trkpt lon="13.403711" lat="52.642583"><ele>59.25</ele></trkpt>
   <trkpt lon="13.403999" lat="52.642668"><ele>59.25</ele></trkpt>
   <trkpt lon="13.404387" lat="52.642728"><ele>59.75</ele></trkpt>
   <trkpt lon="13.405201" lat="52.642815"><ele>60.25</ele></trkpt>
   <trkpt lon="13.405648" lat="52.642870"><ele>61.25</ele></trkpt>
   <trkpt lon="13.406392" lat="52.642921"><ele>62.0</ele></trkpt>
   <trkpt lon="13.406824" lat="52.642935"><ele>62.5</ele></trkpt>
   <trkpt lon="13.407011" lat="52.642926"><ele>62.25</ele></trkpt>
   <trkpt lon="13.407196" lat="52.642903"><ele>61.5</ele></trkpt>
   <trkpt lon="13.407528" lat="52.642832"><ele>59.25</ele></trkpt>
   <trkpt lon="13.408528" lat="52.642561"><ele>56.0</ele></trkpt>
   <trkpt lon="13.408816" lat="52.642402"><ele>55.5</ele></trkpt>
   <trkpt lon="13.409225" lat="52.642227"><ele>54.75</ele></trkpt>
   <trkpt lon="13.409658" lat="52.642019"><ele>53.0</ele></trkpt>
   <trkpt lon="13.410302" lat="52.641673"><ele>53.75</ele></trkpt>
   <trkpt lon="13.410880" lat="52.641290"><ele>53.25</ele></trkpt>
   <trkpt lon="13.411649" lat="52.640694"><ele>53.25</ele></trkpt>
   <trkpt lon="13.412073" lat="52.640368"><ele>53.5</ele></trkpt>
   <trkpt lon="13.412475" lat="52.640086"><ele>54.0</ele></trkpt>
   <trkpt lon="13.412786" lat="52.639833"><ele>53.75</ele></trkpt>
   <trkpt lon="13.413263" lat="52.639487"><ele>53.75</ele></trkpt>
   <trkpt lon="13.413788" lat="52.639094"><ele>54.0</ele></trkpt>
   <trkpt lon="13.417637" lat="52.636219"><ele>54.75</ele></trkpt>
   <trkpt lon="13.417707" lat="52.636170"><ele>54.75</ele></trkpt>
   <trkpt lon="13.418096" lat="52.635884"><ele>55.25</ele></trkpt>
   <trkpt lon="13.418222" lat="52.635789"><ele>55.0</ele></trkpt>
   <trkpt lon="13.418285" lat="52.635741"><ele>54.75</ele></trkpt>
   <trkpt lon="13.418389" lat="52.635664"><ele>54.25</ele></trkpt>
   <trkpt lon="13.418763" lat="52.635380"><ele>54.0</ele></trkpt>
   <trkpt lon="13.420617" lat="52.633988"><ele>52.25</ele></trkpt>
   <trkpt lon="13.420668" lat="52.633952"><ele>51.5</ele></trkpt>
   <trkpt lon="13.420881" lat="52.633798"><ele>51.0</ele></trkpt>
   <trkpt lon="13.420954" lat="52.633742"><ele>52.25</ele></trkpt>
   <trkpt lon="13.421459" lat="52.633352"><ele>53.75</ele></trkpt>
   <trkpt lon="13.421666" lat="52.633192"><ele>53.25</ele></trkpt>
   <trkpt lon="13.422709" lat="52.632407"><ele>53.75</ele></trkpt>
   <trkpt lon="13.422906" lat="52.632254"><ele>53.75</ele></trkpt>
   <trkpt lon="13.423219" lat="52.631992"><ele>53.25</ele></trkpt>
   <trkpt lon="13.424766" lat="52.630608"><ele>53.5</ele></trkpt>
   <trkpt lon="13.425674" lat="52.629786"><ele>52.75</ele></trkpt>
   <trkpt lon="13.425762" lat="52.629706"><ele>53.0</ele></trkpt>
   <trkpt lon="13.427040" lat="52.628543"><ele>54.0</ele></trkpt>
   <trkpt lon="13.427138" lat="52.628444"><ele>54.25</ele></trkpt>
   <trkpt lon="13.427197" lat="52.628361"><ele>54.75</ele></trkpt>
   <trkpt lon="13.427268" lat="52.628205"><ele>54.75</ele></trkpt>
   <trkpt lon="13.427510" lat="52.627453"><ele>55.0</ele></trkpt>
   <trkpt lon="13.427966" lat="52.626112"><ele>55.5</ele></trkpt>
   <trkpt lon="13.427978" lat="52.625951"><ele>55.75</ele></trkpt>
   <trkpt lon="13.427973" lat="52.625883"><ele>55.75</ele></trkpt>
   <trkpt lon="13.427954" lat="52.625792"><ele>56.0</ele></trkpt>
   <trkpt lon="13.427888" lat="52.625627"><ele>56.0</ele></trkpt>
   <trkpt lon="13.427841" lat="52.625556"><ele>55.75</ele></trkpt>
   <trkpt lon="13.427704" lat="52.625442"><ele>56.0</ele></trkpt>
   <trkpt lon="13.427516" lat="52.625356"><ele>56.0</ele></trkpt>
   <trkpt lon="13.424458" lat="52.624100"><ele>56.75</ele></trkpt>
   <trkpt lon="13.424294" lat="52.623987"><ele>56.0</ele></trkpt>
   <trkpt lon="13.424237" lat="52.623908"><ele>56.0</ele></trkpt>
   <trkpt lon="13.424220" lat="52.623816"><ele>55.75</ele></trkpt>
   <trkpt lon="13.424279" lat="52.623727"><ele>55.5</ele></trkpt>
   <trkpt lon="13.424391" lat="52.623638"><ele>55.75</ele></trkpt>
   <trkpt lon="13.425576" lat="52.623050"><ele>54.75</ele></trkpt>
   <trkpt lon="13.425770" lat="52.622954"><ele>54.0</ele></trkpt>
   <trkpt lon="13.427751" lat="52.621972"><ele>54.0</ele></trkpt>
   <trkpt lon="13.429352" lat="52.621189"><ele>51.75</ele></trkpt>
   <trkpt lon="13.429733" lat="52.621028"><ele>51.5</ele></trkpt>
   <trkpt lon="13.429879" lat="52.620982"><ele>52.0</ele></trkpt>
   <trkpt lon="13.429977" lat="52.620967"><ele>52.25</ele></trkpt>
   <trkpt lon="13.430106" lat="52.620950"><ele>52.75</ele></trkpt>
   <trkpt lon="13.430139" lat="52.620949"><ele>52.75</ele></trkpt>
   <trkpt lon="13.430225" lat="52.620949"><ele>53.0</ele></trkpt>
   <trkpt lon="13.430297" lat="52.621082"><ele>53.5</ele></trkpt>
   <trkpt lon="13.430303" lat="52.621426"><ele>54.75</ele></trkpt>
   <trkpt lon="13.430321" lat="52.621628"><ele>55.0</ele></trkpt>
   <trkpt lon="13.430383" lat="52.622016"><ele>54.75</ele></trkpt>
   <trkpt lon="13.430425" lat="52.622203"><ele>55.25</ele></trkpt>
   <trkpt lon="13.430598" lat="52.622722"><ele>56.75</ele></trkpt>
   <trkpt lon="13.430771" lat="52.623158"><ele>54.75</ele></trkpt>
   <trkpt lon="13.430918" lat="52.623451"></trkpt>
   <trkpt lon="13.431092" lat="52.623741"><ele>55.5</ele></trkpt>
   <trkpt lon="13.431341" lat="52.624103"><ele>57.75</ele></trkpt>
   <trkpt lon="13.431446" lat="52.624226"><ele>58.0</ele></trkpt>
   <trkpt lon="13.431567" lat="52.624373"><ele>57.75</ele></trkpt>
   <trkpt lon="13.431662" lat="52.624488"><ele>58.75</ele></trkpt>
   <trkpt lon="13.431729" lat="52.624567"><ele>58.25</ele></trkpt>
   <trkpt lon="13.431771" lat="52.624642"><ele>57.75</ele></trkpt>
   <trkpt lon="13.432322" lat="52.625321"><ele>57.75</ele></trkpt>
   <trkpt lon="13.432452" lat="52.625476"><ele>57.5</ele></trkpt>
   <trkpt lon="13.432818" lat="52.625914"><ele>58.5</ele></trkpt>
   <trkpt lon="13.432987" lat="52.626119"><ele>57.0</ele></trkpt>
   <trkpt lon="13.433483" lat="52.626703"><ele>55.5</ele></trkpt>
   <trkpt lon="13.434315" lat="52.627713"><ele>54.5</ele></trkpt>
   <trkpt lon="13.435377" lat="52.628973"><ele>52.5</ele></trkpt>
   <trkpt lon="13.436426" lat="52.630234"><ele>51.5</ele></trkpt>
   <trkpt lon="13.437385" lat="52.631357"><ele>52.25</ele></trkpt>
   <trkpt lon="13.438343" lat="52.632433"><ele>52.5</ele></trkpt>
   <trkpt lon="13.438455" lat="52.632560"><ele>52.5</ele></trkpt>
   <trkpt lon="13.439749" lat="52.633981"><ele>52.25</ele></trkpt>
   <trkpt lon="13.440330" lat="52.634610"><ele>52.25</ele></trkpt>
   <trkpt lon="13.440789" lat="52.635114"><ele>53.0</ele></trkpt>
   <trkpt lon="13.440823" lat="52.635150"><ele>53.0</ele></trkpt>
   <trkpt lon="13.440842" lat="52.635196"><ele>53.0</ele></trkpt>
   <trkpt lon="13.440924" lat="52.635288"><ele>53.0</ele></trkpt>
   <trkpt lon="13.441032" lat="52.635400"><ele>53.5</ele></trkpt>
   <trkpt lon="13.441501" lat="52.635879"><ele>53.75</ele></trkpt>
   <trkpt lon="13.442005" lat="52.636425"><ele>53.0</ele></trkpt>
   <trkpt lon="13.443609" lat="52.638181"><ele>54.0</ele></trkpt>
   <trkpt lon="13.443887" lat="52.638483"><ele>54.0</ele></trkpt>
   <trkpt lon="13.445638" lat="52.640378"><ele>56.0</ele></trkpt>
   <trkpt lon="13.445778" lat="52.640534"><ele>56.0</ele></trkpt>
   <trkpt lon="13.446308" lat="52.641115"><ele>55.75</ele></trkpt>
   <trkpt lon="13.449252" lat="52.644323"><ele>56.75</ele></trkpt>
   <trkpt lon="13.449404" lat="52.644524"><ele>56.75</ele></trkpt>
   <trkpt lon="13.449529" lat="52.644728"><ele>56.5</ele></trkpt>
   <trkpt lon="13.449829" lat="52.645308"><ele>56.5</ele></trkpt>
   <trkpt lon="13.449988" lat="52.645659"><ele>56.0</ele></trkpt>
   <trkpt lon="13.450490" lat="52.646681"><ele>55.25</ele></trkpt>
   <trkpt lon="13.450568" lat="52.646845"><ele>55.5</ele></trkpt>
   <trkpt lon="13.450610" lat="52.646839"><ele>55.25</ele></trkpt>
   <trkpt lon="13.450652" lat="52.646834"><ele>55.25</ele></trkpt>
   <trkpt lon="13.450705" lat="52.646828"><ele>55.25</ele></trkpt>
   <trkpt lon="13.452116" lat="52.646674"><ele>55.0</ele></trkpt>
   <trkpt lon="13.452365" lat="52.646647"><ele>55.0</ele></trkpt>
   <trkpt lon="13.452977" lat="52.646578"><ele>54.0</ele></trkpt>
   <trkpt lon="13.454231" lat="52.646439"><ele>53.0</ele></trkpt>
   <trkpt lon="13.455124" lat="52.646345"><ele>52.0</ele></trkpt>
   <trkpt lon="13.457561" lat="52.646177"><ele>52.5</ele></trkpt>
   <trkpt lon="13.460080" lat="52.646001"><ele>52.0</ele></trkpt>
   <trkpt lon="13.462345" lat="52.645841"><ele>52.0</ele></trkpt>
   <trkpt lon="13.465586" lat="52.645619"><ele>53.75</ele></trkpt>
   <trkpt lon="13.468571" lat="52.645405"><ele>52.5</ele></trkpt>
   <trkpt lon="13.468764" lat="52.645391"><ele>52.0</ele></trkpt>
   <trkpt lon="13.469042" lat="52.645373"><ele>52.5</ele></trkpt>
   <trkpt lon="13.471294" lat="52.645214"><ele>52.75</ele></trkpt>
   <trkpt lon="13.472156" lat="52.645160"><ele>52.75</ele></trkpt>
   <trkpt lon="13.473637" lat="52.645055"><ele>53.0</ele></trkpt>
   <trkpt lon="13.474073" lat="52.645026"><ele>53.5</ele></trkpt>
   <trkpt lon="13.474498" lat="52.644998"><ele>53.75</ele></trkpt>
   <trkpt lon="13.474643" lat="52.644974"><ele>53.0</ele></trkpt>
   <trkpt lon="13.474781" lat="52.644936"><ele>52.75</ele></trkpt>
   <trkpt lon="13.476348" lat="52.644403"><ele>54.5</ele></trkpt>
   <trkpt lon="13.476606" lat="52.644340"><ele>54.75</ele></trkpt>
   <trkpt lon="13.476834" lat="52.644290"><ele>55.25</ele></trkpt>
   <trkpt lon="13.479259" lat="52.643754"><ele>56.25</ele></trkpt>
   <trkpt lon="13.479519" lat="52.643698"><ele>56.75</ele></trkpt>
   <trkpt lon="13.479745" lat="52.643649"><ele>57.0</ele></trkpt>
   <trkpt lon="13.479805" lat="52.643636"><ele>57.0</ele></trkpt>
   <trkpt lon="13.480063" lat="52.643579"><ele>57.0</ele></trkpt>
   <trkpt lon="13.480454" lat="52.643500"><ele>57.75</ele></trkpt>
   <trkpt lon="13.482550" lat="52.643036"><ele>57.75</ele></trkpt>
   <trkpt lon="13.483459" lat="52.642837"><ele>58.0</ele></trkpt>
   <trkpt lon="13.483667" lat="52.642792"><ele>58.0</ele></trkpt>
   <trkpt lon="13.483870" lat="52.642736"><ele>58.0</ele></trkpt>
   <trkpt lon="13.484002" lat="52.642692"><ele>57.5</ele></trkpt>
   <trkpt lon="13.484252" lat="52.642587"><ele>57.5</ele></trkpt>
   <trkpt lon="13.484414" lat="52.642488"><ele>57.75</ele></trkpt>
   <trkpt lon="13.485135" lat="52.641986"><ele>56.75</ele></trkpt>
   <trkpt lon="13.486268" lat="52.641190"><ele>57.75</ele></trkpt>
   <trkpt lon="13.486318" lat="52.641155"><ele>58.0</ele></trkpt>
   <trkpt lon="13.486354" lat="52.641130"><ele>58.0</ele></trkpt>
   <trkpt lon="13.486587" lat="52.640961"><ele>57.75</ele></trkpt>
   <trkpt lon="13.486710" lat="52.640875"><ele>58.0</ele></trkpt>
   <trkpt lon="13.486817" lat="52.640801"><ele>57.75</ele></trkpt>
   <trkpt lon="13.487274" lat="52.640482"><ele>58.0</ele></trkpt>
   <trkpt lon="13.487570" lat="52.640270"><ele>58.0</ele></trkpt>
   <trkpt lon="13.488502" lat="52.639620"><ele>57.5</ele></trkpt>
   <trkpt lon="13.489450" lat="52.638956"><ele>57.75</ele></trkpt>
   <trkpt lon="13.489722" lat="52.638763"><ele>57.5</ele></trkpt>
   <trkpt lon="13.489825" lat="52.638689"><ele>57.5</ele></trkpt>
   <trkpt lon="13.490103" lat="52.638497"><ele>57.5</ele></trkpt>
   <trkpt lon="13.490213" lat="52.638424"><ele>57.25</ele></trkpt>
   <trkpt lon="13.490371" lat="52.638317"><ele>57.0</ele></trkpt>
   <trkpt lon="13.490459" lat="52.638254"><ele>57.0</ele></trkpt>
   <trkpt lon="13.490712" lat="52.638072"><ele>57.0</ele></trkpt>
   <trkpt lon="13.490810" lat="52.638009"><ele>57.0</ele></trkpt>
   <trkpt lon="13.491027" lat="52.637858"><ele>57.0</ele></trkpt>
   <trkpt lon="13.491172" lat="52.637758"><ele>56.5</ele></trkpt>
   <trkpt lon="13.491213" lat="52.637730"><ele>56.5</ele></trkpt>
   <trkpt lon="13.491280" lat="52.637683"><ele>56.25</ele></trkpt>
   <trkpt lon="13.491644" lat="52.637439"><ele>56.0</ele></trkpt>
   <trkpt lon="13.491759" lat="52.637354"><ele>56.0</ele></trkpt>
   <trkpt lon="13.491805" lat="52.637320"><ele>56.0</ele></trkpt>
   <trkpt lon="13.491853" lat="52.637288"><ele>56.0</ele></trkpt>
   <trkpt lon="13.492081" lat="52.637128"><ele>55.5</ele></trkpt>
   <trkpt lon="13.492099" lat="52.637116"><ele>55.5</ele></trkpt>
   <trkpt lon="13.492146" lat="52.637081"><ele>55.25</ele></trkpt>
   <trkpt lon="13.492246" lat="52.637010"><ele>55.0</ele></trkpt>
   <trkpt lon="13.492297" lat="52.636976"><ele>55.0</ele></trkpt>
   <trkpt lon="13.492410" lat="52.636885"><ele>55.0</ele></trkpt>
   <trkpt lon="13.492613" lat="52.636730"><ele>54.75</ele></trkpt>
   <trkpt lon="13.492904" lat="52.636539"><ele>55.0</ele></trkpt>
   <trkpt lon="13.492985" lat="52.636485"><ele>55.0</ele></trkpt>
   <trkpt lon="13.492999" lat="52.636476"><ele>55.0</ele></trkpt>
   <trkpt lon="13.493055" lat="52.636437"><ele>54.5</ele></trkpt>
   <trkpt lon="13.493109" lat="52.636402"><ele>54.25</ele></trkpt>
   <trkpt lon="13.493198" lat="52.636340"><ele>54.5</ele></trkpt>
   <trkpt lon="13.493377" lat="52.636216"><ele>55.0</ele></trkpt>
   <trkpt lon="13.493440" lat="52.636173"><ele>55.0</ele></trkpt>
   <trkpt lon="13.493565" lat="52.636092"><ele>55.0</ele></trkpt>
   <trkpt lon="13.493704" lat="52.636018"><ele>55.0</ele></trkpt>
   <trkpt lon="13.493804" lat="52.635978"><ele>55.0</ele></trkpt>
   <trkpt lon="13.493873" lat="52.635952"><ele>55.0</ele></trkpt>
   <trkpt lon="13.494296" lat="52.635832"><ele>55.0</ele></trkpt>
   <trkpt lon="13.494631" lat="52.635738"><ele>54.25</ele></trkpt>
   <trkpt lon="13.494808" lat="52.635683"><ele>54.0</ele></trkpt>
   <trkpt lon="13.495005" lat="52.635615"><ele>54.75</ele></trkpt>
   <trkpt lon="13.495073" lat="52.635585"><ele>54.75</ele></trkpt>
   <trkpt lon="13.495193" lat="52.635530"><ele>55.0</ele></trkpt>
   <trkpt lon="13.495334" lat="52.635446"><ele>55.25</ele></trkpt>
   <trkpt lon="13.495679" lat="52.635242"><ele>55.5</ele></trkpt>
   <trkpt lon="13.495725" lat="52.635214"><ele>55.5</ele></trkpt>
   <trkpt lon="13.496029" lat="52.635031"><ele>56.0</ele></trkpt>
   <trkpt lon="13.496141" lat="52.634964"><ele>56.0</ele></trkpt>
   <trkpt lon="13.496475" lat="52.634777"><ele>56.75</ele></trkpt>
   <trkpt lon="13.496537" lat="52.634743"><ele>57.0</ele></trkpt>
   <trkpt lon="13.496720" lat="52.634660"><ele>57.0</ele></trkpt>
   <trkpt lon="13.497007" lat="52.634691"><ele>57.25</ele></trkpt>
   <trkpt lon="13.497416" lat="52.634834"><ele>58.0</ele></trkpt>
   <trkpt lon="13.497488" lat="52.634864"><ele>58.0</ele></trkpt>
   <trkpt lon="13.497589" lat="52.634905"><ele>58.25</ele></trkpt>
   <trkpt lon="13.497677" lat="52.634956"><ele>58.5</ele></trkpt>
   <trkpt lon="13.497890" lat="52.635005"><ele>59.0</ele></trkpt>
   <trkpt lon="13.498266" lat="52.635089"><ele>59.25</ele></trkpt>
   <trkpt lon="13.498633" lat="52.635170"><ele>60.0</ele></trkpt>
   <trkpt lon="13.498798" lat="52.635207"><ele>60.0</ele></trkpt>
   <trkpt lon="13.499209" lat="52.635299"><ele>60.0</ele></trkpt>
   <trkpt lon="13.499325" lat="52.635330"><ele>60.5</ele></trkpt>
   <trkpt lon="13.499393" lat="52.635351"><ele>60.75</ele></trkpt>
   <trkpt lon="13.499449" lat="52.635368"><ele>61.0</ele></trkpt>
   <trkpt lon="13.499634" lat="52.635424"><ele>61.0</ele></trkpt>
   <trkpt lon="13.499950" lat="52.635526"><ele>61.0</ele></trkpt>
   <trkpt lon="13.500158" lat="52.635592"><ele>61.0</ele></trkpt>
   <trkpt lon="13.500987" lat="52.635854"><ele>62.0</ele></trkpt>
   <trkpt lon="13.501586" lat="52.636045"><ele>62.0</ele></trkpt>
   <trkpt lon="13.501936" lat="52.636158"><ele>62.5</ele></trkpt>
   <trkpt lon="13.502512" lat="52.636339"><ele>62.0</ele></trkpt>
   <trkpt lon="13.502672" lat="52.636388"><ele>62.5</ele></trkpt>
   <trkpt lon="13.503115" lat="52.636529"><ele>62.25</ele></trkpt>
   <trkpt lon="13.503388" lat="52.636611"><ele>62.25</ele></trkpt>
   <trkpt lon="13.503777" lat="52.636709"><ele>62.75</ele></trkpt>
   <trkpt lon="13.503991" lat="52.636746"><ele>62.5</ele></trkpt>
   <trkpt lon="13.504539" lat="52.636815"><ele>62.5</ele></trkpt>
   <trkpt lon="13.504626" lat="52.636828"><ele>62.75</ele></trkpt>
   <trkpt lon="13.505228" lat="52.636914"><ele>62.25</ele></trkpt>
   <trkpt lon="13.505371" lat="52.636941"><ele>62.25</ele></trkpt>
   <trkpt lon="13.505469" lat="52.636967"><ele>62.5</ele></trkpt>
   <trkpt lon="13.505601" lat="52.637037"><ele>63.0</ele></trkpt>
   <trkpt lon="13.505672" lat="52.637087"><ele>63.0</ele></trkpt>
   <trkpt lon="13.506077" lat="52.637413"><ele>63.75</ele></trkpt>
   <trkpt lon="13.506191" lat="52.637503"><ele>64.0</ele></trkpt>
   <trkpt lon="13.506296" lat="52.637593"><ele>64.25</ele></trkpt>
   <trkpt lon="13.506512" lat="52.637781"><ele>65.0</ele></trkpt>
   <trkpt lon="13.507621" lat="52.638680"><ele>67.5</ele></trkpt>
   <trkpt lon="13.508491" lat="52.639372"><ele>69.0</ele></trkpt>
   <trkpt lon="13.508671" lat="52.639482"><ele>69.0</ele></trkpt>
   <trkpt lon="13.509212" lat="52.639703"><ele>69.25</ele></trkpt>
   <trkpt lon="13.509263" lat="52.639724"><ele>69.25</ele></trkpt>
   <trkpt lon="13.509524" lat="52.639826"><ele>69.5</ele></trkpt>
   <trkpt lon="13.509657" lat="52.639878"><ele>69.75</ele></trkpt>
   <trkpt lon="13.509742" lat="52.639912"><ele>70.0</ele></trkpt>
   <trkpt lon="13.510019" lat="52.640021"><ele>69.75</ele></trkpt>
   <trkpt lon="13.510384" lat="52.640156"><ele>70.25</ele></trkpt>
   <trkpt lon="13.510630" lat="52.640247"><ele>70.0</ele></trkpt>
   <trkpt lon="13.511004" lat="52.640387"><ele>69.75</ele></trkpt>
   <trkpt lon="13.511362" lat="52.640520"><ele>70.0</ele></trkpt>
   <trkpt lon="13.511662" lat="52.640631"><ele>69.25</ele></trkpt>
   <trkpt lon="13.512734" lat="52.640891"><ele>68.75</ele></trkpt>
   <trkpt lon="13.512963" lat="52.640946"><ele>68.75</ele></trkpt>
   <trkpt lon="13.513454" lat="52.641065"><ele>69.0</ele></trkpt>
   <trkpt lon="13.513517" lat="52.641080"><ele>69.0</ele></trkpt>
   <trkpt lon="13.514269" lat="52.641259"><ele>69.0</ele></trkpt>
   <trkpt lon="13.514612" lat="52.641342"><ele>69.25</ele></trkpt>
   <trkpt lon="13.515516" lat="52.641586"><ele>69.0</ele></trkpt>
   <trkpt lon="13.515628" lat="52.641622"><ele>68.75</ele></trkpt>
   <trkpt lon="13.516206" lat="52.641821"><ele>68.25</ele></trkpt>
   <trkpt lon="13.516226" lat="52.641827"><ele>68.25</ele></trkpt>
   <trkpt lon="13.516757" lat="52.642018"><ele>66.75</ele></trkpt>
   <trkpt lon="13.522715" lat="52.644103"><ele>63.0</ele></trkpt>
   <trkpt lon="13.523357" lat="52.644339"><ele>63.25</ele></trkpt>
   <trkpt lon="13.523962" lat="52.644565"><ele>63.5</ele></trkpt>
   <trkpt lon="13.524559" lat="52.644771"><ele>64.0</ele></trkpt>
   <trkpt lon="13.524661" lat="52.644809"><ele>64.0</ele></trkpt>
   <trkpt lon="13.524982" lat="52.644927"><ele>64.25</ele></trkpt>
   <trkpt lon="13.525498" lat="52.645122"><ele>64.75</ele></trkpt>
   <trkpt lon="13.525586" lat="52.645154"><ele>65.0</ele></trkpt>
   <trkpt lon="13.526075" lat="52.645330"><ele>64.75</ele></trkpt>
   <trkpt lon="13.526502" lat="52.645487"><ele>65.0</ele></trkpt>
   <trkpt lon="13.526801" lat="52.645598"><ele>64.75</ele></trkpt>
   <trkpt lon="13.526864" lat="52.645622"><ele>64.5</ele></trkpt>
   <trkpt lon="13.527038" lat="52.645686"><ele>64.5</ele></trkpt>
   <trkpt lon="13.527167" lat="52.645734"><ele>64.25</ele></trkpt>
   <trkpt lon="13.527832" lat="52.645981"><ele>63.5</ele></trkpt>
   <trkpt lon="13.528525" lat="52.646231"><ele>63.0</ele></trkpt>
   <trkpt lon="13.528765" lat="52.646318"><ele>62.75</ele></trkpt>
   <trkpt lon="13.529320" lat="52.646525"><ele>62.5</ele></trkpt>
   <trkpt lon="13.529977" lat="52.646767"><ele>61.5</ele></trkpt>
   <trkpt lon="13.530302" lat="52.646885"><ele>62.0</ele></trkpt>
   <trkpt lon="13.530937" lat="52.647114"><ele>62.0</ele></trkpt>
   <trkpt lon="13.532052" lat="52.647534"><ele>61.75</ele></trkpt>
   <trkpt lon="13.532582" lat="52.647732"><ele>62.0</ele></trkpt>
   <trkpt lon="13.532802" lat="52.647816"><ele>61.75</ele></trkpt>
   <trkpt lon="13.532979" lat="52.647883"><ele>61.75</ele></trkpt>
   <trkpt lon="13.533181" lat="52.647959"><ele>62.0</ele></trkpt>
   <trkpt lon="13.533502" lat="52.648084"><ele>61.75</ele></trkpt>
   <trkpt lon="13.533624" lat="52.648132"><ele>62.0</ele></trkpt>
   <trkpt lon="13.533783" lat="52.648196"><ele>62.0</ele></trkpt>
   <trkpt lon="13.534005" lat="52.648283"><ele>62.0</ele></trkpt>
   <trkpt lon="13.534492" lat="52.648472"><ele>62.5</ele></trkpt>
   <trkpt lon="13.534729" lat="52.648565"><ele>62.75</ele></trkpt>
   <trkpt lon="13.534896" lat="52.648630"><ele>62.75</ele></trkpt>
   <trkpt lon="13.535287" lat="52.648785"><ele>64.0</ele></trkpt>
   <trkpt lon="13.535780" lat="52.648978"><ele>64.5</ele></trkpt>
   <trkpt lon="13.536948" lat="52.649436"><ele>66.0</ele></trkpt>
   <trkpt lon="13.537338" lat="52.649590"><ele>66.5</ele></trkpt>
   <trkpt lon="13.538466" lat="52.650032"><ele>67.25</ele></trkpt>
   <trkpt lon="13.540336" lat="52.650751"><ele>66.0</ele></trkpt>
   <trkpt lon="13.540596" lat="52.650886"><ele>64.75</ele></trkpt>
   <trkpt lon="13.540702" lat="52.650955"><ele>64.75</ele></trkpt>
   <trkpt lon="13.540836" lat="52.651090"><ele>64.0</ele></trkpt>
   <trkpt lon="13.540929" lat="52.651073"><ele>64.5</ele></trkpt>
   <trkpt lon="13.541077" lat="52.651350"><ele>64.0</ele></trkpt>
   <trkpt lon="13.541191" lat="52.651519"><ele>63.5</ele></trkpt>
   <trkpt lon="13.541408" lat="52.651808"><ele>63.0</ele></trkpt>
   <trkpt lon="13.541479" lat="52.651901"><ele>63.0</ele></trkpt>
   <trkpt lon="13.541581" lat="52.652039"><ele>63.0</ele></trkpt>
   <trkpt lon="13.541775" lat="52.652302"><ele>62.75</ele></trkpt>
   <trkpt lon="13.541860" lat="52.652418"><ele>62.75</ele></trkpt>
   <trkpt lon="13.542003" lat="52.652616"><ele>62.25</ele></trkpt>
   <trkpt lon="13.542148" lat="52.652814"><ele>62.0</ele></trkpt>
   <trkpt lon="13.542305" lat="52.653029"><ele>62.0</ele></trkpt>
   <trkpt lon="13.542476" lat="52.653261"><ele>62.0</ele></trkpt>
   <trkpt lon="13.542531" lat="52.653338"><ele>62.0</ele></trkpt>
   <trkpt lon="13.542652" lat="52.653502"><ele>62.0</ele></trkpt>
   <trkpt lon="13.542744" lat="52.653628"><ele>62.0</ele></trkpt>
   <trkpt lon="13.542768" lat="52.653661"><ele>62.0</ele></trkpt>
   <trkpt lon="13.542854" lat="52.653778"><ele>62.0</ele></trkpt>
   <trkpt lon="13.543081" lat="52.654093"><ele>62.0</ele></trkpt>
   <trkpt lon="13.543207" lat="52.654268"><ele>62.25</ele></trkpt>
   <trkpt lon="13.543460" lat="52.654615"><ele>63.0</ele></trkpt>
   <trkpt lon="13.543495" lat="52.654665"><ele>63.0</ele></trkpt>
   <trkpt lon="13.543358" lat="52.654708"><ele>63.0</ele></trkpt>
   <trkpt lon="13.543555" lat="52.654937"><ele>63.0</ele></trkpt>
   <trkpt lon="13.543834" lat="52.655285"><ele>64.0</ele></trkpt>
   <trkpt lon="13.543876" lat="52.655337"><ele>64.0</ele></trkpt>
   <trkpt lon="13.544021" lat="52.655513"><ele>64.75</ele></trkpt>
   <trkpt lon="13.544144" lat="52.655608"><ele>65.0</ele></trkpt>
   <trkpt lon="13.544196" lat="52.655643"><ele>65.25</ele></trkpt>
   <trkpt lon="13.544222" lat="52.655656"><ele>65.25</ele></trkpt>
   <trkpt lon="13.544284" lat="52.655622"><ele>65.0</ele></trkpt>
   <trkpt lon="13.544321" lat="52.655602"><ele>65.0</ele></trkpt>
   <trkpt lon="13.544442" lat="52.655555"><ele>64.75</ele></trkpt>
   <trkpt lon="13.545866" lat="52.655136"><ele>65.25</ele></trkpt>
   <trkpt lon="13.545816" lat="52.655087"><ele>65.25</ele></trkpt>
   <trkpt lon="13.545579" lat="52.654691"><ele>63.75</ele></trkpt>
   <trkpt lon="13.545533" lat="52.654615"><ele>63.5</ele></trkpt>
   <trkpt lon="13.545456" lat="52.654487"><ele>63.0</ele></trkpt>
   <trkpt lon="13.545433" lat="52.654448"><ele>63.0</ele></trkpt>
   <trkpt lon="13.545240" lat="52.654127"><ele>62.5</ele></trkpt>
   <trkpt lon="13.544798" lat="52.653363"><ele>62.0</ele></trkpt>
   <trkpt lon="13.544711" lat="52.653231"><ele>62.0</ele></trkpt>
   <trkpt lon="13.544529" lat="52.652956"><ele>61.75</ele></trkpt>
   <trkpt lon="13.544508" lat="52.652921"><ele>61.75</ele></trkpt>
   <trkpt lon="13.544464" lat="52.652866"><ele>61.75</ele></trkpt>
   <trkpt lon="13.544426" lat="52.652821"><ele>62.0</ele></trkpt>
   <trkpt lon="13.544375" lat="52.652760"><ele>62.0</ele></trkpt>
   <trkpt lon="13.544350" lat="52.652737"><ele>62.0</ele></trkpt>
   <trkpt lon="13.544336" lat="52.652723"><ele>62.0</ele></trkpt>
   <trkpt lon="13.544309" lat="52.652703"><ele>62.0</ele></trkpt>
   <trkpt lon="13.544279" lat="52.652665"><ele>62.0</ele></trkpt>
   <trkpt lon="13.544249" lat="52.652622"><ele>62.0</ele></trkpt>
   <trkpt lon="13.544215" lat="52.652577"><ele>62.0</ele></trkpt>
   <trkpt lon="13.544025" lat="52.652314"><ele>62.25</ele></trkpt>
   <trkpt lon="13.543850" lat="52.652086"><ele>62.25</ele></trkpt>
   <trkpt lon="13.543766" lat="52.651972"><ele>62.75</ele></trkpt>
   <trkpt lon="13.543639" lat="52.651801"><ele>63.5</ele></trkpt>
   <trkpt lon="13.543612" lat="52.651762"><ele>63.5</ele></trkpt>
   <trkpt lon="13.543498" lat="52.651604"><ele>64.0</ele></trkpt>
   <trkpt lon="13.543404" lat="52.651474"><ele>64.5</ele></trkpt>
   <trkpt lon="13.543348" lat="52.651396"><ele>64.75</ele></trkpt>
   <trkpt lon="13.543245" lat="52.651252"><ele>65.75</ele></trkpt>
   <trkpt lon="13.543126" lat="52.651087"><ele>67.0</ele></trkpt>
   <trkpt lon="13.542929" lat="52.650824"><ele>68.5</ele></trkpt>
   <trkpt lon="13.542811" lat="52.650668"><ele>68.5</ele></trkpt>
   <trkpt lon="13.542796" lat="52.650649"><ele>68.5</ele></trkpt>
   <trkpt lon="13.542770" lat="52.650590"><ele>68.75</ele></trkpt>
   <trkpt lon="13.542758" lat="52.650527"><ele>69.0</ele></trkpt>
   <trkpt lon="13.542679" lat="52.650540"><ele>68.75</ele></trkpt>
   <trkpt lon="13.542650" lat="52.650402"><ele>69.5</ele></trkpt>
   <trkpt lon="13.542600" lat="52.650307"><ele>70.0</ele></trkpt>
   <trkpt lon="13.542535" lat="52.650211"><ele>70.25</ele></trkpt>
   <trkpt lon="13.542447" lat="52.650100"><ele>70.5</ele></trkpt>
   <trkpt lon="13.541926" lat="52.649570"><ele>71.75</ele></trkpt>
   <trkpt lon="13.541930" lat="52.649471"><ele>71.75</ele></trkpt>
   <trkpt lon="13.541924" lat="52.649428"><ele>72.0</ele></trkpt>
   <trkpt lon="13.541933" lat="52.649389"><ele>72.0</ele></trkpt>
   <trkpt lon="13.542109" lat="52.649113"><ele>73.0</ele></trkpt>
   <trkpt lon="13.542194" lat="52.648982"><ele>73.5</ele></trkpt>
   <trkpt lon="13.542214" lat="52.648951"><ele>73.75</ele></trkpt>
   <trkpt lon="13.542313" lat="52.648796"><ele>74.0</ele></trkpt>
   <trkpt lon="13.542367" lat="52.648710"><ele>74.0</ele></trkpt>
   <trkpt lon="13.542494" lat="52.648506"><ele>74.25</ele></trkpt>
   <trkpt lon="13.542508" lat="52.648484"><ele>74.25</ele></trkpt>
   <trkpt lon="13.542684" lat="52.648203"><ele>75.25</ele></trkpt>
   <trkpt lon="13.542697" lat="52.648182"><ele>75.5</ele></trkpt>
   <trkpt lon="13.542846" lat="52.647943"><ele>76.25</ele></trkpt>
   <trkpt lon="13.542979" lat="52.647731"><ele>76.25</ele></trkpt>
   <trkpt lon="13.543080" lat="52.647571"><ele>76.75</ele></trkpt>
   <trkpt lon="13.543159" lat="52.647446"><ele>77.0</ele></trkpt>
   <trkpt lon="13.543245" lat="52.647309"><ele>77.0</ele></trkpt>
   <trkpt lon="13.543268" lat="52.647273"><ele>77.0</ele></trkpt>
   <trkpt lon="13.543293" lat="52.647232"><ele>77.0</ele></trkpt>
   <trkpt lon="13.543377" lat="52.647099"><ele>77.5</ele></trkpt>
   <trkpt lon="13.543585" lat="52.646769"><ele>78.0</ele></trkpt>
   <trkpt lon="13.543828" lat="52.646376"><ele>79.0</ele></trkpt>
   <trkpt lon="13.543909" lat="52.646251"><ele>79.0</ele></trkpt>
   <trkpt lon="13.543996" lat="52.646114"><ele>79.25</ele></trkpt>
   <trkpt lon="13.544139" lat="52.645889"><ele>79.75</ele></trkpt>
   <trkpt lon="13.544251" lat="52.645718"><ele>80.25</ele></trkpt>
   <trkpt lon="13.544263" lat="52.645700"><ele>80.25</ele></trkpt>
   <trkpt lon="13.544352" lat="52.645560"><ele>80.75</ele></trkpt>
   <trkpt lon="13.544573" lat="52.645205"><ele>81.75</ele></trkpt>
   <trkpt lon="13.544580" lat="52.645194"><ele>81.75</ele></trkpt>
   <trkpt lon="13.544746" lat="52.644924"><ele>83.25</ele></trkpt>
   <trkpt lon="13.544807" lat="52.644823"><ele>83.5</ele></trkpt>
   <trkpt lon="13.545505" lat="52.643744"><ele>88.25</ele></trkpt>
   <trkpt lon="13.545547" lat="52.643572"><ele>89.0</ele></trkpt>
   <trkpt lon="13.545562" lat="52.643349"><ele>89.75</ele></trkpt>
   <trkpt lon="13.545572" lat="52.643195"><ele>90.0</ele></trkpt>
   <trkpt lon="13.545714" lat="52.641081"><ele>89.0</ele></trkpt>
   <trkpt lon="13.545726" lat="52.640872"><ele>89.0</ele></trkpt>
   <trkpt lon="13.545742" lat="52.640676"><ele>88.25</ele></trkpt>
   <trkpt lon="13.545764" lat="52.640416"><ele>87.25</ele></trkpt>
   <trkpt lon="13.545832" lat="52.639686"><ele>84.75</ele></trkpt>
   <trkpt lon="13.545858" lat="52.639326"><ele>84.0</ele></trkpt>
   <trkpt lon="13.545888" lat="52.638997"><ele>83.5</ele></trkpt>
   <trkpt lon="13.546077" lat="52.636769"><ele>81.0</ele></trkpt>
   <trkpt lon="13.546161" lat="52.635504"><ele>81.75</ele></trkpt>
   <trkpt lon="13.546301" lat="52.633283"><ele>74.0</ele></trkpt>
   <trkpt lon="13.546374" lat="52.632273"><ele>72.75</ele></trkpt>
   <trkpt lon="13.546412" lat="52.631552"><ele>70.75</ele></trkpt>
   <trkpt lon="13.546427" lat="52.631250"><ele>70.25</ele></trkpt>
   <trkpt lon="13.546411" lat="52.631047"><ele>70.0</ele></trkpt>
   <trkpt lon="13.546375" lat="52.630866"><ele>69.75</ele></trkpt>
   <trkpt lon="13.546201" lat="52.630446"><ele>69.5</ele></trkpt>
   <trkpt lon="13.546218" lat="52.630386"><ele>69.25</ele></trkpt>
   <trkpt lon="13.546286" lat="52.630332"><ele>69.0</ele></trkpt>
   <trkpt lon="13.546303" lat="52.630323"><ele>69.0</ele></trkpt>
   <trkpt lon="13.546322" lat="52.630312"><ele>69.0</ele></trkpt>
   <trkpt lon="13.546108" lat="52.630135"><ele>69.0</ele></trkpt>
   <trkpt lon="13.545956" lat="52.629989"><ele>68.75</ele></trkpt>
   <trkpt lon="13.545855" lat="52.629869"><ele>68.5</ele></trkpt>
   <trkpt lon="13.545822" lat="52.629822"><ele>68.25</ele></trkpt>
   <trkpt lon="13.545727" lat="52.629681"><ele>67.75</ele></trkpt>
   <trkpt lon="13.545503" lat="52.629290"><ele>67.0</ele></trkpt>
   <trkpt lon="13.545438" lat="52.629172"><ele>67.0</ele></trkpt>
   <trkpt lon="13.545394" lat="52.629092"><ele>66.5</ele></trkpt>
   <trkpt lon="13.545318" lat="52.628954"><ele>66.0</ele></trkpt>
   <trkpt lon="13.545182" lat="52.628706"><ele>66.0</ele></trkpt>
   <trkpt lon="13.545144" lat="52.628638"><ele>66.0</ele></trkpt>
   <trkpt lon="13.545035" lat="52.628436"><ele>65.25</ele></trkpt>
   <trkpt lon="13.545013" lat="52.628397"><ele>65.0</ele></trkpt>
   <trkpt lon="13.544903" lat="52.628197"><ele>65.0</ele></trkpt>
   <trkpt lon="13.544813" lat="52.628033"><ele>64.75</ele></trkpt>
   <trkpt lon="13.544775" lat="52.627962"><ele>64.75</ele></trkpt>
   <trkpt lon="13.544696" lat="52.627813"><ele>65.0</ele></trkpt>
   <trkpt lon="13.544658" lat="52.627741"><ele>65.0</ele></trkpt>
   <trkpt lon="13.544522" lat="52.627491"><ele>65.0</ele></trkpt>
   <trkpt lon="13.544485" lat="52.627424"><ele>65.0</ele></trkpt>
   <trkpt lon="13.544377" lat="52.627228"><ele>65.0</ele></trkpt>
   <trkpt lon="13.544269" lat="52.627015"><ele>65.0</ele></trkpt>
   <trkpt lon="13.544114" lat="52.626643"><ele>64.0</ele></trkpt>
   <trkpt lon="13.544158" lat="52.626552"><ele>64.0</ele></trkpt>
   <trkpt lon="13.544134" lat="52.626472"><ele>64.0</ele></trkpt>
   <trkpt lon="13.544102" lat="52.626361"><ele>64.0</ele></trkpt>
   <trkpt lon="13.544068" lat="52.626154"><ele>64.0</ele></trkpt>
   <trkpt lon="13.544049" lat="52.626027"><ele>64.0</ele></trkpt>
   <trkpt lon="13.544001" lat="52.625670"><ele>64.0</ele></trkpt>
   <trkpt lon="13.543995" lat="52.625626"><ele>64.0</ele></trkpt>
   <trkpt lon="13.543988" lat="52.625589"><ele>64.0</ele></trkpt>
   <trkpt lon="13.543972" lat="52.625490"><ele>64.0</ele></trkpt>
   <trkpt lon="13.543952" lat="52.625370"><ele>64.0</ele></trkpt>
   <trkpt lon="13.543933" lat="52.625294"><ele>64.0</ele></trkpt>
   <trkpt lon="13.543923" lat="52.625249"><ele>64.0</ele></trkpt>
   <trkpt lon="13.543875" lat="52.625111"><ele>64.0</ele></trkpt>
   <trkpt lon="13.543792" lat="52.624865"><ele>64.0</ele></trkpt>
   <trkpt lon="13.543714" lat="52.624680"><ele>63.75</ele></trkpt>
   <trkpt lon="13.543638" lat="52.624514"><ele>63.75</ele></trkpt>
   <trkpt lon="13.543458" lat="52.624159"><ele>63.75</ele></trkpt>
   <trkpt lon="13.543427" lat="52.624092"><ele>63.75</ele></trkpt>
   <trkpt lon="13.543412" lat="52.624039"><ele>63.75</ele></trkpt>
   <trkpt lon="13.543368" lat="52.623895"><ele>63.75</ele></trkpt>
   <trkpt lon="13.543358" lat="52.623864"><ele>63.75</ele></trkpt>
   <trkpt lon="13.543306" lat="52.623671"><ele>64.0</ele></trkpt>
   <trkpt lon="13.543292" lat="52.623620"><ele>64.0</ele></trkpt>
   <trkpt lon="13.543280" lat="52.623578"><ele>63.75</ele></trkpt>
   <trkpt lon="13.543257" lat="52.623350"><ele>63.0</ele></trkpt>
   <trkpt lon="13.543254" lat="52.623322"><ele>63.0</ele></trkpt>
   <trkpt lon="13.543252" lat="52.623305"><ele>63.0</ele></trkpt>
   <trkpt lon="13.543220" lat="52.622987"><ele>63.0</ele></trkpt>
   <trkpt lon="13.543212" lat="52.622914"><ele>63.25</ele></trkpt>
   <trkpt lon="13.543197" lat="52.622763"><ele>63.25</ele></trkpt>
   <trkpt lon="13.543180" lat="52.622617"><ele>63.0</ele></trkpt>
   <trkpt lon="13.543166" lat="52.622461"><ele>63.0</ele></trkpt>
   <trkpt lon="13.543163" lat="52.622431"><ele>63.0</ele></trkpt>
   <trkpt lon="13.543129" lat="52.622141"><ele>63.0</ele></trkpt>
   <trkpt lon="13.543099" lat="52.621951"><ele>63.0</ele></trkpt>
   <trkpt lon="13.543060" lat="52.621786"><ele>63.0</ele></trkpt>
   <trkpt lon="13.542893" lat="52.621325"><ele>63.0</ele></trkpt>
   <trkpt lon="13.542885" lat="52.621301"><ele>63.0</ele></trkpt>
   <trkpt lon="13.542781" lat="52.621051"><ele>63.0</ele></trkpt>
   <trkpt lon="13.542696" lat="52.620860"><ele>63.5</ele></trkpt>
   <trkpt lon="13.542520" lat="52.620503"><ele>63.0</ele></trkpt>
   <trkpt lon="13.542436" lat="52.620521"><ele>63.0</ele></trkpt>
   <trkpt lon="13.542334" lat="52.620381"><ele>63.25</ele></trkpt>
   <trkpt lon="13.542262" lat="52.620321"><ele>63.0</ele></trkpt>
   <trkpt lon="13.542216" lat="52.620258"><ele>63.0</ele></trkpt>
   <trkpt lon="13.542133" lat="52.620120"><ele>63.25</ele></trkpt>
   <trkpt lon="13.542091" lat="52.620029"><ele>63.25</ele></trkpt>
   <trkpt lon="13.541631" lat="52.619396"><ele>63.75</ele></trkpt>
   <trkpt lon="13.541027" lat="52.618671"><ele>64.25</ele></trkpt>
   <trkpt lon="13.540694" lat="52.618315"><ele>65.5</ele></trkpt>
   <trkpt lon="13.539491" lat="52.617205"><ele>69.0</ele></trkpt>
   <trkpt lon="13.538939" lat="52.616678"><ele>69.75</ele></trkpt>
   <trkpt lon="13.538375" lat="52.616121"><ele>70.75</ele></trkpt>
   <trkpt lon="13.538172" lat="52.615864"><ele>69.25</ele></trkpt>
   <trkpt lon="13.537468" lat="52.615151"><ele>68.0</ele></trkpt>
   <trkpt lon="13.536947" lat="52.614632"><ele>69.25</ele></trkpt>
   <trkpt lon="13.536198" lat="52.613825"><ele>67.75</ele></trkpt>
   <trkpt lon="13.535935" lat="52.613602"><ele>67.0</ele></trkpt>
   <trkpt lon="13.535843" lat="52.613481"><ele>66.75</ele></trkpt>
   <trkpt lon="13.535786" lat="52.613362"><ele>67.25</ele></trkpt>
   <trkpt lon="13.535757" lat="52.613251"><ele>67.0</ele></trkpt>
   <trkpt lon="13.535743" lat="52.612988"><ele>66.5</ele></trkpt>
   <trkpt lon="13.535706" lat="52.612917"><ele>66.5</ele></trkpt>
   <trkpt lon="13.535640" lat="52.612834"><ele>66.25</ele></trkpt>
   <trkpt lon="13.535551" lat="52.612771"><ele>65.75</ele></trkpt>
   <trkpt lon="13.535416" lat="52.612701"><ele>65.75</ele></trkpt>
   <trkpt lon="13.534944" lat="52.612489"><ele>65.0</ele></trkpt>
   <trkpt lon="13.534645" lat="52.612337"><ele>65.25</ele></trkpt>
   <trkpt lon="13.534261" lat="52.612122"><ele>64.5</ele></trkpt>
   <trkpt lon="13.534115" lat="52.612026"><ele>64.5</ele></trkpt>
   <trkpt lon="13.533220" lat="52.611331"><ele>63.25</ele></trkpt>
   <trkpt lon="13.532316" lat="52.610645"><ele>62.75</ele></trkpt>
   <trkpt lon="13.531099" lat="52.609694"><ele>62.0</ele></trkpt>
   <trkpt lon="13.529503" lat="52.608438"><ele>61.0</ele></trkpt>
   <trkpt lon="13.529390" lat="52.608318"><ele>61.0</ele></trkpt>
   <trkpt lon="13.529367" lat="52.608256"><ele>61.0</ele></trkpt>
   <trkpt lon="13.529275" lat="52.608178"><ele>61.0</ele></trkpt>
   <trkpt lon="13.529171" lat="52.608075"><ele>61.0</ele></trkpt>
   <trkpt lon="13.529027" lat="52.607961"><ele>61.25</ele></trkpt>
   <trkpt lon="13.528769" lat="52.607756"><ele>61.0</ele></trkpt>
   <trkpt lon="13.528697" lat="52.607692"><ele>61.0</ele></trkpt>
   <trkpt lon="13.528613" lat="52.607626"><ele>61.0</ele></trkpt>
   <trkpt lon="13.528470" lat="52.607460"><ele>61.25</ele></trkpt>
   <trkpt lon="13.527126" lat="52.606281"><ele>61.5</ele></trkpt>
   <trkpt lon="13.526652" lat="52.605831"><ele>62.0</ele></trkpt>
   <trkpt lon="13.526448" lat="52.605659"><ele>61.5</ele></trkpt>
   <trkpt lon="13.526223" lat="52.605494"><ele>61.0</ele></trkpt>
   <trkpt lon="13.525899" lat="52.605276"><ele>59.75</ele></trkpt>
   <trkpt lon="13.525623" lat="52.605112"><ele>60.25</ele></trkpt>
   <trkpt lon="13.525483" lat="52.605036"><ele>59.75</ele></trkpt>
   <trkpt lon="13.525321" lat="52.604961"><ele>59.0</ele></trkpt>
   <trkpt lon="13.524973" lat="52.604814"><ele>58.75</ele></trkpt>
   <trkpt lon="13.524756" lat="52.604711"><ele>58.0</ele></trkpt>
   <trkpt lon="13.524581" lat="52.604641"><ele>58.5</ele></trkpt>
   <trkpt lon="13.524486" lat="52.604584"><ele>58.75</ele></trkpt>
   <trkpt lon="13.524177" lat="52.604487"><ele>58.0</ele></trkpt>
   <trkpt lon="13.524002" lat="52.604429"><ele>58.0</ele></trkpt>
   <trkpt lon="13.524018" lat="52.604362"><ele>58.0</ele></trkpt>
   <trkpt lon="13.523979" lat="52.604278"><ele>58.0</ele></trkpt>
   <trkpt lon="13.523969" lat="52.604229"><ele>57.75</ele></trkpt>
   <trkpt lon="13.523969" lat="52.604217"><ele>58.0</ele></trkpt>
   <trkpt lon="13.523966" lat="52.604177"><ele>58.0</ele></trkpt>
   <trkpt lon="13.523952" lat="52.603982"><ele>57.25</ele></trkpt>
   <trkpt lon="13.523937" lat="52.603692"><ele>57.0</ele></trkpt>
   <trkpt lon="13.523944" lat="52.603529"><ele>57.0</ele></trkpt>
   <trkpt lon="13.523947" lat="52.603486"><ele>57.0</ele></trkpt>
   <trkpt lon="13.523951" lat="52.603456"><ele>57.0</ele></trkpt>
   <trkpt lon="13.524053" lat="52.603185"><ele>57.0</ele></trkpt>
   <trkpt lon="13.524060" lat="52.603165"><ele>57.0</ele></trkpt>
   <trkpt lon="13.524160" lat="52.602883"><ele>57.0</ele></trkpt>
   <trkpt lon="13.524250" lat="52.602592"><ele>57.0</ele></trkpt>
   <trkpt lon="13.524286" lat="52.602468"><ele>57.0</ele></trkpt>
   <trkpt lon="13.524337" lat="52.602477"><ele>57.0</ele></trkpt>
   <trkpt lon="13.524575" lat="52.602513"><ele>57.0</ele></trkpt>
   <trkpt lon="13.525002" lat="52.602577"><ele>57.0</ele></trkpt>
   <trkpt lon="13.525060" lat="52.602585"><ele>57.0</ele></trkpt>
   <trkpt lon="13.525073" lat="52.602587"><ele>57.0</ele></trkpt>
   <trkpt lon="13.525353" lat="52.602629"><ele>57.0</ele></trkpt>
   <trkpt lon="13.525693" lat="52.602677"><ele>57.25</ele></trkpt>
   <trkpt lon="13.525737" lat="52.602683"><ele>57.25</ele></trkpt>
   <trkpt lon="13.526351" lat="52.602776"><ele>58.0</ele></trkpt>
   <trkpt lon="13.526486" lat="52.602798"><ele>57.75</ele></trkpt>
   <trkpt lon="13.526699" lat="52.602830"><ele>58.0</ele></trkpt>
   <trkpt lon="13.526906" lat="52.602862"><ele>58.0</ele></trkpt>
   <trkpt lon="13.527012" lat="52.602881"><ele>58.0</ele></trkpt>
   <trkpt lon="13.527100" lat="52.602897"><ele>58.0</ele></trkpt>
   <trkpt lon="13.527262" lat="52.602926"><ele>58.0</ele></trkpt>
   <trkpt lon="13.527543" lat="52.602978"><ele>58.25</ele></trkpt>
   <trkpt lon="13.527566" lat="52.602982"><ele>58.5</ele></trkpt>
   <trkpt lon="13.528017" lat="52.603072"><ele>59.0</ele></trkpt>
   <trkpt lon="13.528223" lat="52.603111"><ele>59.0</ele></trkpt>
   <trkpt lon="13.528319" lat="52.603130"><ele>59.25</ele></trkpt>
   <trkpt lon="13.528488" lat="52.603163"><ele>60.0</ele></trkpt>
   <trkpt lon="13.528533" lat="52.603171"><ele>60.25</ele></trkpt>
   <trkpt lon="13.528673" lat="52.603198"><ele>60.25</ele></trkpt>
   <trkpt lon="13.528760" lat="52.603202"><ele>60.25</ele></trkpt>
   <trkpt lon="13.528894" lat="52.603191"><ele>60.5</ele></trkpt>
   <trkpt lon="13.528980" lat="52.603174"><ele>60.5</ele></trkpt>
   <trkpt lon="13.529321" lat="52.603091"><ele>61.5</ele></trkpt>
   <trkpt lon="13.529417" lat="52.603069"><ele>61.75</ele></trkpt>
   <trkpt lon="13.529728" lat="52.602996"><ele>62.0</ele></trkpt>
   <trkpt lon="13.529787" lat="52.602983"><ele>62.0</ele></trkpt>
   <trkpt lon="13.529874" lat="52.602952"><ele>62.0</ele></trkpt>
   <trkpt lon="13.529996" lat="52.602900"><ele>62.0</ele></trkpt>
   <trkpt lon="13.530061" lat="52.602844"><ele>62.0</ele></trkpt>
   <trkpt lon="13.530190" lat="52.602717"><ele>62.0</ele></trkpt>
   <trkpt lon="13.530625" lat="52.602462"><ele>62.0</ele></trkpt>
   <trkpt lon="13.530739" lat="52.602394"><ele>62.0</ele></trkpt>
   <trkpt lon="13.530812" lat="52.602351"><ele>62.0</ele></trkpt>
   <trkpt lon="13.531069" lat="52.602202"><ele>62.75</ele></trkpt>
   <trkpt lon="13.531175" lat="52.602141"><ele>62.75</ele></trkpt>
   <trkpt lon="13.531252" lat="52.602099"><ele>62.75</ele></trkpt>
   <trkpt lon="13.531509" lat="52.601948"><ele>62.25</ele></trkpt>
   <trkpt lon="13.531964" lat="52.601686"><ele>62.0</ele></trkpt>
   <trkpt lon="13.532254" lat="52.601519"><ele>62.0</ele></trkpt>
   <trkpt lon="13.532369" lat="52.601454"><ele>62.0</ele></trkpt>
   <trkpt lon="13.532494" lat="52.601382"><ele>62.0</ele></trkpt>
   <trkpt lon="13.532584" lat="52.601331"><ele>62.0</ele></trkpt>
   <trkpt lon="13.532473" lat="52.601264"><ele>62.0</ele></trkpt>
   <trkpt lon="13.532646" lat="52.601167"><ele>62.0</ele></trkpt>
   <trkpt lon="13.532749" lat="52.601166"><ele>61.75</ele></trkpt>
   <trkpt lon="13.532791" lat="52.601141"><ele>62.0</ele></trkpt>
   <trkpt lon="13.539838" lat="52.597053"><ele>61.75</ele></trkpt>
   <trkpt lon="13.546871" lat="52.592971"><ele>62.0</ele></trkpt>
   <trkpt lon="13.547024" lat="52.592878"><ele>62.0</ele></trkpt>
   <trkpt lon="13.547200" lat="52.592775"><ele>62.0</ele></trkpt>
   <trkpt lon="13.547704" lat="52.592492"><ele>62.0</ele></trkpt>
   <trkpt lon="13.550585" lat="52.590813"><ele>60.0</ele></trkpt>
   <trkpt lon="13.551433" lat="52.590372"><ele>59.25</ele></trkpt>
   <trkpt lon="13.551659" lat="52.590269"><ele>59.75</ele></trkpt>
   <trkpt lon="13.551912" lat="52.590173"><ele>59.5</ele></trkpt>
   <trkpt lon="13.552578" lat="52.589969"><ele>59.75</ele></trkpt>
   <trkpt lon="13.555507" lat="52.589066"><ele>59.0</ele></trkpt>
   <trkpt lon="13.557111" lat="52.588565"><ele>59.75</ele></trkpt>
   <trkpt lon="13.558476" lat="52.588152"><ele>60.25</ele></trkpt>
   <trkpt lon="13.560462" lat="52.587552"><ele>60.5</ele></trkpt>
   <trkpt lon="13.560737" lat="52.587391"><ele>60.5</ele></trkpt>
   <trkpt lon="13.561545" lat="52.586825"><ele>60.75</ele></trkpt>
   <trkpt lon="13.562402" lat="52.586223"><ele>61.0</ele></trkpt>
   <trkpt lon="13.562717" lat="52.586004"><ele>61.0</ele></trkpt>
   <trkpt lon="13.564653" lat="52.584574"><ele>60.0</ele></trkpt>
   <trkpt lon="13.564771" lat="52.584482"><ele>60.0</ele></trkpt>
   <trkpt lon="13.564821" lat="52.584444"><ele>59.75</ele></trkpt>
   <trkpt lon="13.564991" lat="52.584309"><ele>59.75</ele></trkpt>
   <trkpt lon="13.565155" lat="52.584170"><ele>60.0</ele></trkpt>
   <trkpt lon="13.565288" lat="52.584089"><ele>59.5</ele></trkpt>
   <trkpt lon="13.565453" lat="52.583965"><ele>59.0</ele></trkpt>
   <trkpt lon="13.565697" lat="52.583780"><ele>59.0</ele></trkpt>
   <trkpt lon="13.565699" lat="52.583747"><ele>59.0</ele></trkpt>
   <trkpt lon="13.565758" lat="52.583716"><ele>59.0</ele></trkpt>
   <trkpt lon="13.566262" lat="52.583357"><ele>59.0</ele></trkpt>
   <trkpt lon="13.566397" lat="52.583267"><ele>59.0</ele></trkpt>
   <trkpt lon="13.566418" lat="52.583253"><ele>59.0</ele></trkpt>
   <trkpt lon="13.566697" lat="52.583031"><ele>59.0</ele></trkpt>
   <trkpt lon="13.566864" lat="52.582908"><ele>59.0</ele></trkpt>
   <trkpt lon="13.567157" lat="52.582674"><ele>59.0</ele></trkpt>
   <trkpt lon="13.567205" lat="52.582638"><ele>59.0</ele></trkpt>
   <trkpt lon="13.567248" lat="52.582599"><ele>59.0</ele></trkpt>
   <trkpt lon="13.567294" lat="52.582536"><ele>59.0</ele></trkpt>
   <trkpt lon="13.567520" lat="52.582363"><ele>59.0</ele></trkpt>
   <trkpt lon="13.567670" lat="52.582251"><ele>59.0</ele></trkpt>
   <trkpt lon="13.567725" lat="52.582210"><ele>59.0</ele></trkpt>
   <trkpt lon="13.567901" lat="52.582079"><ele>59.0</ele></trkpt>
   <trkpt lon="13.568793" lat="52.581414"><ele>58.25</ele></trkpt>
   <trkpt lon="13.569762" lat="52.580704"><ele>57.5</ele></trkpt>
   <trkpt lon="13.569968" lat="52.580552"><ele>57.0</ele></trkpt>
   <trkpt lon="13.570401" lat="52.580233"><ele>57.0</ele></trkpt>
   <trkpt lon="13.570611" lat="52.580078"><ele>56.75</ele></trkpt>
   <trkpt lon="13.571092" lat="52.579737"><ele>57.0</ele></trkpt>
   <trkpt lon="13.571253" lat="52.579612"><ele>57.0</ele></trkpt>
   <trkpt lon="13.571327" lat="52.579559"><ele>57.0</ele></trkpt>
   <trkpt lon="13.571518" lat="52.579420"><ele>57.0</ele></trkpt>
   <trkpt lon="13.571604" lat="52.579357"><ele>57.0</ele></trkpt>
   <trkpt lon="13.571854" lat="52.579175"><ele>57.0</ele></trkpt>
   <trkpt lon="13.571911" lat="52.579133"><ele>57.0</ele></trkpt>
   <trkpt lon="13.571979" lat="52.579081"><ele>57.0</ele></trkpt>
   <trkpt lon="13.572075" lat="52.579008"><ele>57.0</ele></trkpt>
   <trkpt lon="13.572285" lat="52.578849"><ele>57.0</ele></trkpt>
   <trkpt lon="13.572451" lat="52.578727"><ele>57.0</ele></trkpt>
   <trkpt lon="13.572480" lat="52.578706"><ele>57.0</ele></trkpt>
   <trkpt lon="13.572749" lat="52.578507"><ele>57.0</ele></trkpt>
   <trkpt lon="13.572781" lat="52.578483"><ele>57.0</ele></trkpt>
   <trkpt lon="13.573051" lat="52.578284"><ele>57.75</ele></trkpt>
   <trkpt lon="13.573440" lat="52.577997"><ele>58.0</ele></trkpt>
   <trkpt lon="13.573859" lat="52.577687"><ele>58.0</ele></trkpt>
   <trkpt lon="13.574984" lat="52.576846"><ele>58.0</ele></trkpt>
   <trkpt lon="13.575065" lat="52.576785"><ele>57.75</ele></trkpt>
   <trkpt lon="13.575148" lat="52.576703"><ele>57.75</ele></trkpt>
   <trkpt lon="13.575281" lat="52.576559"><ele>57.75</ele></trkpt>
   <trkpt lon="13.575310" lat="52.576527"><ele>57.75</ele></trkpt>
   <trkpt lon="13.575627" lat="52.576156"><ele>57.5</ele></trkpt>
   <trkpt lon="13.575858" lat="52.575910"><ele>57.0</ele></trkpt>
   <trkpt lon="13.575980" lat="52.575805"><ele>57.0</ele></trkpt>
   <trkpt lon="13.576077" lat="52.575696"><ele>57.0</ele></trkpt>
   <trkpt lon="13.576132" lat="52.575612"><ele>57.0</ele></trkpt>
   <trkpt lon="13.576241" lat="52.575362"><ele>57.0</ele></trkpt>
   <trkpt lon="13.576167" lat="52.575327"><ele>57.0</ele></trkpt>
   <trkpt lon="13.575960" lat="52.575285"><ele>57.0</ele></trkpt>
   <trkpt lon="13.575989" lat="52.575225"><ele>56.75</ele></trkpt>
   <trkpt lon="13.575634" lat="52.575168"><ele>56.75</ele></trkpt>
   <trkpt lon="13.575469" lat="52.575143"><ele>57.0</ele></trkpt>
   <trkpt lon="13.575418" lat="52.575135"><ele>57.0</ele></trkpt>
   <trkpt lon="13.575255" lat="52.575112"><ele>57.0</ele></trkpt>
   <trkpt lon="13.575154" lat="52.575097"><ele>57.0</ele></trkpt>
   <trkpt lon="13.574385" lat="52.574989"><ele>56.75</ele></trkpt>
   <trkpt lon="13.574179" lat="52.574958"><ele>56.75</ele></trkpt>
   <trkpt lon="13.574219" lat="52.574843"><ele>56.25</ele></trkpt>
   <trkpt lon="13.574287" lat="52.574627"><ele>56.0</ele></trkpt>
   <trkpt lon="13.574358" lat="52.574525"><ele>56.0</ele></trkpt>
   <trkpt lon="13.574410" lat="52.574450"><ele>55.75</ele></trkpt>
   <trkpt lon="13.574432" lat="52.574420"><ele>56.0</ele></trkpt>
   <trkpt lon="13.574580" lat="52.574206"><ele>56.0</ele></trkpt>
   <trkpt lon="13.574815" lat="52.573833"><ele>56.75</ele></trkpt>
   <trkpt lon="13.574834" lat="52.573803"><ele>56.75</ele></trkpt>
   <trkpt lon="13.574850" lat="52.573775"><ele>56.75</ele></trkpt>
   <trkpt lon="13.574922" lat="52.573675"><ele>57.0</ele></trkpt>
   <trkpt lon="13.574989" lat="52.573585"><ele>57.0</ele></trkpt>
   <trkpt lon="13.575012" lat="52.573532"><ele>57.25</ele></trkpt>
   <trkpt lon="13.575027" lat="52.573493"><ele>57.25</ele></trkpt>
   <trkpt lon="13.575051" lat="52.573445"><ele>57.5</ele></trkpt>
   <trkpt lon="13.575081" lat="52.573321"><ele>58.0</ele></trkpt>
   <trkpt lon="13.575094" lat="52.573129"><ele>58.5</ele></trkpt>
   <trkpt lon="13.575079" lat="52.572958"><ele>59.25</ele></trkpt>
   <trkpt lon="13.575014" lat="52.572720"><ele>60.0</ele></trkpt>
   <trkpt lon="13.574955" lat="52.572516"><ele>60.75</ele></trkpt>
   <trkpt lon="13.574943" lat="52.572479"><ele>61.0</ele></trkpt>
   <trkpt lon="13.574912" lat="52.572358"><ele>61.0</ele></trkpt>
   <trkpt lon="13.574886" lat="52.572229"><ele>61.0</ele></trkpt>
   <trkpt lon="13.574882" lat="52.572102"><ele>61.25</ele></trkpt>
   <trkpt lon="13.574881" lat="52.572064"><ele>61.5</ele></trkpt>
   <trkpt lon="13.574911" lat="52.571945"><ele>61.75</ele></trkpt>
   <trkpt lon="13.575135" lat="52.571524"><ele>62.25</ele></trkpt>
   <trkpt lon="13.575277" lat="52.571205"><ele>62.0</ele></trkpt>
   <trkpt lon="13.575357" lat="52.571032"><ele>62.0</ele></trkpt>
   <trkpt lon="13.575429" lat="52.570890"><ele>62.0</ele></trkpt>
   <trkpt lon="13.575611" lat="52.570529"><ele>62.0</ele></trkpt>
   <trkpt lon="13.575648" lat="52.570450"><ele>62.0</ele></trkpt>
   <trkpt lon="13.575690" lat="52.570368"><ele>62.0</ele></trkpt>
   <trkpt lon="13.575759" lat="52.570186"><ele>62.0</ele></trkpt>
   <trkpt lon="13.575811" lat="52.569945"><ele>61.75</ele></trkpt>
   <trkpt lon="13.575835" lat="52.569657"><ele>61.0</ele></trkpt>
   <trkpt lon="13.575828" lat="52.569505"><ele>61.0</ele></trkpt>
   <trkpt lon="13.576000" lat="52.569484"><ele>61.0</ele></trkpt>
   <trkpt lon="13.576080" lat="52.569462"><ele>61.0</ele></trkpt>
   <trkpt lon="13.576124" lat="52.569429"><ele>61.0</ele></trkpt>
   <trkpt lon="13.576223" lat="52.569200"><ele>61.0</ele></trkpt>
   <trkpt lon="13.576259" lat="52.569149"><ele>61.0</ele></trkpt>
   <trkpt lon="13.576291" lat="52.569120"><ele>61.0</ele></trkpt>
   <trkpt lon="13.576355" lat="52.569119"><ele>60.75</ele></trkpt>
   <trkpt lon="13.576409" lat="52.569129"><ele>61.0</ele></trkpt>
   <trkpt lon="13.576490" lat="52.569142"><ele>61.0</ele></trkpt>
   <trkpt lon="13.576696" lat="52.569179"><ele>61.0</ele></trkpt>
   <trkpt lon="13.577110" lat="52.569255"><ele>61.0</ele></trkpt>
   <trkpt lon="13.577378" lat="52.569304"><ele>61.0</ele></trkpt>
   <trkpt lon="13.577420" lat="52.569312"><ele>61.0</ele></trkpt>
   <trkpt lon="13.577590" lat="52.569341"><ele>60.75</ele></trkpt>
   <trkpt lon="13.577628" lat="52.569257"><ele>60.75</ele></trkpt>
   <trkpt lon="13.577719" lat="52.569078"><ele>60.5</ele></trkpt>
   <trkpt lon="13.577722" lat="52.569071"><ele>60.5</ele></trkpt>
   <trkpt lon="13.577788" lat="52.568930"><ele>60.0</ele></trkpt>
   <trkpt lon="13.577840" lat="52.568818"><ele>60.0</ele></trkpt>
   <trkpt lon="13.577899" lat="52.568685"><ele>60.0</ele></trkpt>
   <trkpt lon="13.577962" lat="52.568559"><ele>60.0</ele></trkpt>
   <trkpt lon="13.578028" lat="52.568429"><ele>60.0</ele></trkpt>
   <trkpt lon="13.578046" lat="52.568392"><ele>60.0</ele></trkpt>
   <trkpt lon="13.578089" lat="52.568310"><ele>60.0</ele></trkpt>
   <trkpt lon="13.578103" lat="52.568280"><ele>60.0</ele></trkpt>
   <trkpt lon="13.578124" lat="52.568238"><ele>60.0</ele></trkpt>
   <trkpt lon="13.578214" lat="52.568057"><ele>60.0</ele></trkpt>
   <trkpt lon="13.578276" lat="52.567934"><ele>60.0</ele></trkpt>
   <trkpt lon="13.578446" lat="52.567881"><ele>60.0</ele></trkpt>
   <trkpt lon="13.579213" lat="52.567625"><ele>58.25</ele></trkpt>
   <trkpt lon="13.579500" lat="52.567529"><ele>57.75</ele></trkpt>
   <trkpt lon="13.579533" lat="52.567518"><ele>57.5</ele></trkpt>
   <trkpt lon="13.579713" lat="52.567457"><ele>56.75</ele></trkpt>
   <trkpt lon="13.579671" lat="52.567377"><ele>56.5</ele></trkpt>
   <trkpt lon="13.579469" lat="52.567148"><ele>56.0</ele></trkpt>
   <trkpt lon="13.579444" lat="52.567120"><ele>56.0</ele></trkpt>
   <trkpt lon="13.579391" lat="52.567061"><ele>56.0</ele></trkpt>
   <trkpt lon="13.579319" lat="52.566980"><ele>56.0</ele></trkpt>
   <trkpt lon="13.579277" lat="52.566933"><ele>55.75</ele></trkpt>
   <trkpt lon="13.579195" lat="52.566840"><ele>55.5</ele></trkpt>
   <trkpt lon="13.579152" lat="52.566792"><ele>55.25</ele></trkpt>
   <trkpt lon="13.578901" lat="52.566509"><ele>55.0</ele></trkpt>
   <trkpt lon="13.578861" lat="52.566464"><ele>55.0</ele></trkpt>
   <trkpt lon="13.578792" lat="52.566383"><ele>54.75</ele></trkpt>
   <trkpt lon="13.578726" lat="52.566306"><ele>54.5</ele></trkpt>
   <trkpt lon="13.578654" lat="52.566223"><ele>54.25</ele></trkpt>
   <trkpt lon="13.578644" lat="52.566211"><ele>54.25</ele></trkpt>
   <trkpt lon="13.578597" lat="52.566157"><ele>54.0</ele></trkpt>
   <trkpt lon="13.578703" lat="52.566114"><ele>54.0</ele></trkpt>
   <trkpt lon="13.579104" lat="52.565950"><ele>54.25</ele></trkpt>
   <trkpt lon="13.580305" lat="52.565351"><ele>54.0</ele></trkpt>
   <trkpt lon="13.580830" lat="52.565093"><ele>54.0</ele></trkpt>
   <trkpt lon="13.580921" lat="52.565029"><ele>54.0</ele></trkpt>
   <trkpt lon="13.580939" lat="52.565007"><ele>54.0</ele></trkpt>
   <trkpt lon="13.580960" lat="52.564982"><ele>54.0</ele></trkpt>
   <trkpt lon="13.580962" lat="52.564946"><ele>54.0</ele></trkpt>
   <trkpt lon="13.580935" lat="52.564893"><ele>54.25</ele></trkpt>
   <trkpt lon="13.580810" lat="52.564780"><ele>54.75</ele></trkpt>
   <trkpt lon="13.579623" lat="52.563852"><ele>55.75</ele></trkpt>
   <trkpt lon="13.579426" lat="52.563698"><ele>55.25</ele></trkpt>
   <trkpt lon="13.579213" lat="52.563516"><ele>54.5</ele></trkpt>
   <trkpt lon="13.579117" lat="52.563438"><ele>54.5</ele></trkpt>
   <trkpt lon="13.576604" lat="52.561466"><ele>53.25</ele></trkpt>
   <trkpt lon="13.576559" lat="52.561429"><ele>53.0</ele></trkpt>
   <trkpt lon="13.576204" lat="52.561140"><ele>53.75</ele></trkpt>
   <trkpt lon="13.576169" lat="52.561110"><ele>53.75</ele></trkpt>
   <trkpt lon="13.575089" lat="52.560230"><ele>55.0</ele></trkpt>
   <trkpt lon="13.574994" lat="52.560162"><ele>54.75</ele></trkpt>
   <trkpt lon="13.575097" lat="52.560096"><ele>55.0</ele></trkpt>
   <trkpt lon="13.575329" lat="52.559897"><ele>55.25</ele></trkpt>
   <trkpt lon="13.575438" lat="52.559785"><ele>55.75</ele></trkpt>
   <trkpt lon="13.575564" lat="52.559638"><ele>56.0</ele></trkpt>
   <trkpt lon="13.575740" lat="52.559361"><ele>56.0</ele></trkpt>
   <trkpt lon="13.575819" lat="52.559123"><ele>56.0</ele></trkpt>
   <trkpt lon="13.575833" lat="52.558882"><ele>56.0</ele></trkpt>
   <trkpt lon="13.575818" lat="52.558718"><ele>56.5</ele></trkpt>
   <trkpt lon="13.575776" lat="52.558553"><ele>57.25</ele></trkpt>
   <trkpt lon="13.575716" lat="52.558369"><ele>57.0</ele></trkpt>
   <trkpt lon="13.575677" lat="52.558247"><ele>57.0</ele></trkpt>
   <trkpt lon="13.575645" lat="52.558159"><ele>57.0</ele></trkpt>
   <trkpt lon="13.575633" lat="52.558127"><ele>57.0</ele></trkpt>
   <trkpt lon="13.575611" lat="52.558065"><ele>57.0</ele></trkpt>
   <trkpt lon="13.575064" lat="52.556559"><ele>59.25</ele></trkpt>
   <trkpt lon="13.574753" lat="52.555725"><ele>60.25</ele></trkpt>
   <trkpt lon="13.574730" lat="52.555663"><ele>60.5</ele></trkpt>
   <trkpt lon="13.574679" lat="52.555527"><ele>61.0</ele></trkpt>
   <trkpt lon="13.574616" lat="52.555357"><ele>61.0</ele></trkpt>
   <trkpt lon="13.574602" lat="52.555316"><ele>61.0</ele></trkpt>
   <trkpt lon="13.574563" lat="52.555210"><ele>61.0</ele></trkpt>
   <trkpt lon="13.574529" lat="52.555118"><ele>61.0</ele></trkpt>
   <trkpt lon="13.574481" lat="52.554985"><ele>60.75</ele></trkpt>
   <trkpt lon="13.574470" lat="52.554954"><ele>60.75</ele></trkpt>
   <trkpt lon="13.574462" lat="52.554929"><ele>60.5</ele></trkpt>
   <trkpt lon="13.574381" lat="52.554706"><ele>60.0</ele></trkpt>
   <trkpt lon="13.574287" lat="52.554435"><ele>59.75</ele></trkpt>
   <trkpt lon="13.574241" lat="52.554307"><ele>59.5</ele></trkpt>
   <trkpt lon="13.573978" lat="52.553585"><ele>57.75</ele></trkpt>
   <trkpt lon="13.573594" lat="52.552527"><ele>55.0</ele></trkpt>
   <trkpt lon="13.573538" lat="52.552373"><ele>55.0</ele></trkpt>
   <trkpt lon="13.573673" lat="52.552355"><ele>55.0</ele></trkpt>
   <trkpt lon="13.573865" lat="52.552330"><ele>55.0</ele></trkpt>
   <trkpt lon="13.574308" lat="52.552273"><ele>54.0</ele></trkpt>
   <trkpt lon="13.574471" lat="52.552252"><ele>54.0</ele></trkpt>
   <trkpt lon="13.574666" lat="52.552226"><ele>54.0</ele></trkpt>
   <trkpt lon="13.576262" lat="52.552017"><ele>53.25</ele></trkpt>
   <trkpt lon="13.576464" lat="52.551990"><ele>53.0</ele></trkpt>
   <trkpt lon="13.576813" lat="52.551945"><ele>53.0</ele></trkpt>
   <trkpt lon="13.576974" lat="52.551924"><ele>53.0</ele></trkpt>
   <trkpt lon="13.577326" lat="52.551877"><ele>53.75</ele></trkpt>
   <trkpt lon="13.577526" lat="52.551852"><ele>53.5</ele></trkpt>
   <trkpt lon="13.577654" lat="52.551834"><ele>53.5</ele></trkpt>
   <trkpt lon="13.577636" lat="52.551783"><ele>53.25</ele></trkpt>
   <trkpt lon="13.577582" lat="52.551622"><ele>53.0</ele></trkpt>
   <trkpt lon="13.577419" lat="52.551165"><ele>52.25</ele></trkpt>
   <trkpt lon="13.577410" lat="52.551141"><ele>52.25</ele></trkpt>
   <trkpt lon="13.577534" lat="52.551124"><ele>52.0</ele></trkpt>
   <trkpt lon="13.577595" lat="52.551116"><ele>52.0</ele></trkpt>
   <trkpt lon="13.578018" lat="52.551058"><ele>52.0</ele></trkpt>
   <trkpt lon="13.578153" lat="52.551040"><ele>52.25</ele></trkpt>
   <trkpt lon="13.578571" lat="52.550987"><ele>53.0</ele></trkpt>
   <trkpt lon="13.579074" lat="52.550922"><ele>53.0</ele></trkpt>
   <trkpt lon="13.579101" lat="52.550919"><ele>53.0</ele></trkpt>
   <trkpt lon="13.579245" lat="52.550900"><ele>53.0</ele></trkpt>
   <trkpt lon="13.579419" lat="52.550876"><ele>53.0</ele></trkpt>
   <trkpt lon="13.579441" lat="52.550873"><ele>53.0</ele></trkpt>
   <trkpt lon="13.579708" lat="52.550838"><ele>53.0</ele></trkpt>
   <trkpt lon="13.580341" lat="52.550752"><ele>53.0</ele></trkpt>
   <trkpt lon="13.580602" lat="52.550719"><ele>53.0</ele></trkpt>
   <trkpt lon="13.580657" lat="52.550712"><ele>53.0</ele></trkpt>
   <trkpt lon="13.580748" lat="52.550701"><ele>53.0</ele></trkpt>
   <trkpt lon="13.580873" lat="52.550684"><ele>53.0</ele></trkpt>
   <trkpt lon="13.580912" lat="52.550679"><ele>53.0</ele></trkpt>
   <trkpt lon="13.581774" lat="52.550564"><ele>53.0</ele></trkpt>
   <trkpt lon="13.581841" lat="52.550555"><ele>53.0</ele></trkpt>
   <trkpt lon="13.581997" lat="52.550537"><ele>53.0</ele></trkpt>
   <trkpt lon="13.582114" lat="52.550523"><ele>53.0</ele></trkpt>
   <trkpt lon="13.582239" lat="52.550505"><ele>52.75</ele></trkpt>
   <trkpt lon="13.582340" lat="52.550475"><ele>53.0</ele></trkpt>
   <trkpt lon="13.582410" lat="52.550424"><ele>53.0</ele></trkpt>
   <trkpt lon="13.582457" lat="52.550365"><ele>53.0</ele></trkpt>
   <trkpt lon="13.582468" lat="52.550347"><ele>53.0</ele></trkpt>
   <trkpt lon="13.582487" lat="52.550318"><ele>53.0</ele></trkpt>
   <trkpt lon="13.582719" lat="52.549964"><ele>52.0</ele></trkpt>
   <trkpt lon="13.582766" lat="52.549891"><ele>52.0</ele></trkpt>
   <trkpt lon="13.582804" lat="52.549835"><ele>52.0</ele></trkpt>
   <trkpt lon="13.583079" lat="52.549418"><ele>51.0</ele></trkpt>
   <trkpt lon="13.583089" lat="52.549398"><ele>51.0</ele></trkpt>
   <trkpt lon="13.583099" lat="52.549379"><ele>51.0</ele></trkpt>
   <trkpt lon="13.583121" lat="52.549337"><ele>51.0</ele></trkpt>
   <trkpt lon="13.583162" lat="52.549267"><ele>51.0</ele></trkpt>
   <trkpt lon="13.583210" lat="52.549196"><ele>51.0</ele></trkpt>
   <trkpt lon="13.583230" lat="52.549166"><ele>51.0</ele></trkpt>
   <trkpt lon="13.583265" lat="52.549113"><ele>51.0</ele></trkpt>
   <trkpt lon="13.583291" lat="52.549073"><ele>51.0</ele></trkpt>
   <trkpt lon="13.583317" lat="52.549026"><ele>51.0</ele></trkpt>
   <trkpt lon="13.583366" lat="52.549039"><ele>51.0</ele></trkpt>
   <trkpt lon="13.583382" lat="52.549044"><ele>51.0</ele></trkpt>
   <trkpt lon="13.583419" lat="52.549053"><ele>51.0</ele></trkpt>
   <trkpt lon="13.583482" lat="52.549070"><ele>51.0</ele></trkpt>
   <trkpt lon="13.583507" lat="52.549077"><ele>51.0</ele></trkpt>
   <trkpt lon="13.583534" lat="52.549084"><ele>51.0</ele></trkpt>
   <trkpt lon="13.583561" lat="52.549092"><ele>51.0</ele></trkpt>
   <trkpt lon="13.583770" lat="52.549148"><ele>50.75</ele></trkpt>
   <trkpt lon="13.583850" lat="52.549163"><ele>50.75</ele></trkpt>
   <trkpt lon="13.584141" lat="52.549217"><ele>50.0</ele></trkpt>
   <trkpt lon="13.584285" lat="52.549227"><ele>50.0</ele></trkpt>
   <trkpt lon="13.584559" lat="52.549289"><ele>49.75</ele></trkpt>
   <trkpt lon="13.584731" lat="52.549358"><ele>49.5</ele></trkpt>
   <trkpt lon="13.585213" lat="52.549420"><ele>49.75</ele></trkpt>
   <trkpt lon="13.585545" lat="52.549417"><ele>49.75</ele></trkpt>
   <trkpt lon="13.585897" lat="52.549413"><ele>49.75</ele></trkpt>
   <trkpt lon="13.586307" lat="52.549389"><ele>49.0</ele></trkpt>
   <trkpt lon="13.586418" lat="52.549377"><ele>48.75</ele></trkpt>
   <trkpt lon="13.586619" lat="52.549357"><ele>49.75</ele></trkpt>
   <trkpt lon="13.586784" lat="52.549335"><ele>50.0</ele></trkpt>
   <trkpt lon="13.586838" lat="52.549326"><ele>50.0</ele></trkpt>
   <trkpt lon="13.586974" lat="52.549305"><ele>50.0</ele></trkpt>
   <trkpt lon="13.587050" lat="52.549293"><ele>50.0</ele></trkpt>
   <trkpt lon="13.587121" lat="52.549282"><ele>50.0</ele></trkpt>
   <trkpt lon="13.587173" lat="52.549274"><ele>50.0</ele></trkpt>
   <trkpt lon="13.587319" lat="52.549250"><ele>50.0</ele></trkpt>
   <trkpt lon="13.587391" lat="52.549238"><ele>50.0</ele></trkpt>
   <trkpt lon="13.587440" lat="52.549227"><ele>50.0</ele></trkpt>
   <trkpt lon="13.587625" lat="52.549198"><ele>50.5</ele></trkpt>
   <trkpt lon="13.587741" lat="52.549165"><ele>50.75</ele></trkpt>
   <trkpt lon="13.588024" lat="52.549125"><ele>51.0</ele></trkpt>
   <trkpt lon="13.588310" lat="52.549131"><ele>51.0</ele></trkpt>
   <trkpt lon="13.589084" lat="52.549011"><ele>52.0</ele></trkpt>
   <trkpt lon="13.589330" lat="52.548947"><ele>52.0</ele></trkpt>
   <trkpt lon="13.590042" lat="52.548822"><ele>52.0</ele></trkpt>
   <trkpt lon="13.590202" lat="52.548801"><ele>52.5</ele></trkpt>
   <trkpt lon="13.590379" lat="52.548778"><ele>53.0</ele></trkpt>
   <trkpt lon="13.591132" lat="52.548653"><ele>53.0</ele></trkpt>
   <trkpt lon="13.591371" lat="52.548595"><ele>53.0</ele></trkpt>
   <trkpt lon="13.592727" lat="52.548376"><ele>54.0</ele></trkpt>
   <trkpt lon="13.592836" lat="52.548357"><ele>54.0</ele></trkpt>
   <trkpt lon="13.592896" lat="52.548346"><ele>54.0</ele></trkpt>
   <trkpt lon="13.593028" lat="52.548323"><ele>54.0</ele></trkpt>
   <trkpt lon="13.593078" lat="52.548315"><ele>54.0</ele></trkpt>
   <trkpt lon="13.593208" lat="52.548292"><ele>54.0</ele></trkpt>
   <trkpt lon="13.593249" lat="52.548285"><ele>54.0</ele></trkpt>
   <trkpt lon="13.593337" lat="52.548245"><ele>54.0</ele></trkpt>
   <trkpt lon="13.593567" lat="52.548211"><ele>54.75</ele></trkpt>
   <trkpt lon="13.593620" lat="52.548208"><ele>54.75</ele></trkpt>
   <trkpt lon="13.593918" lat="52.548195"><ele>54.5</ele></trkpt>
   <trkpt lon="13.594891" lat="52.548031"><ele>55.0</ele></trkpt>
   <trkpt lon="13.595775" lat="52.547883"><ele>55.75</ele></trkpt>
   <trkpt lon="13.596720" lat="52.547724"><ele>55.75</ele></trkpt>
   <trkpt lon="13.597051" lat="52.547635"><ele>56.0</ele></trkpt>
   <trkpt lon="13.597540" lat="52.547552"><ele>56.0</ele></trkpt>
   <trkpt lon="13.598014" lat="52.547472"><ele>56.0</ele></trkpt>
   <trkpt lon="13.598617" lat="52.547370"><ele>57.0</ele></trkpt>
   <trkpt lon="13.598739" lat="52.547349"><ele>57.0</ele></trkpt>
   <trkpt lon="13.598806" lat="52.547337"><ele>57.0</ele></trkpt>
   <trkpt lon="13.598888" lat="52.547321"><ele>57.0</ele></trkpt>
   <trkpt lon="13.598991" lat="52.547300"><ele>57.0</ele></trkpt>
   <trkpt lon="13.599551" lat="52.547204"><ele>57.75</ele></trkpt>
   <trkpt lon="13.599663" lat="52.547204"><ele>57.75</ele></trkpt>
   <trkpt lon="13.599773" lat="52.547204"><ele>57.75</ele></trkpt>
   <trkpt lon="13.601591" lat="52.546903"><ele>59.75</ele></trkpt>
   <trkpt lon="13.601742" lat="52.546878"><ele>59.75</ele></trkpt>
   <trkpt lon="13.601954" lat="52.546826"><ele>60.0</ele></trkpt>
   <trkpt lon="13.602209" lat="52.546776"><ele>60.25</ele></trkpt>
   <trkpt lon="13.602955" lat="52.546649"><ele>60.75</ele></trkpt>
   <trkpt lon="13.603102" lat="52.546635"><ele>60.75</ele></trkpt>
   <trkpt lon="13.603271" lat="52.546607"><ele>60.0</ele></trkpt>
   <trkpt lon="13.603304" lat="52.546602"><ele>60.0</ele></trkpt>
   <trkpt lon="13.603397" lat="52.546587"><ele>60.0</ele></trkpt>
   <trkpt lon="13.603468" lat="52.546582"><ele>60.0</ele></trkpt>
   <trkpt lon="13.603651" lat="52.546573"><ele>60.0</ele></trkpt>
   <trkpt lon="13.603726" lat="52.546569"><ele>60.0</ele></trkpt>
   <trkpt lon="13.603809" lat="52.546564"><ele>60.0</ele></trkpt>
   <trkpt lon="13.603842" lat="52.546562"><ele>60.0</ele></trkpt>
   <trkpt lon="13.603853" lat="52.546562"><ele>60.0</ele></trkpt>
   <trkpt lon="13.603913" lat="52.546552"><ele>60.0</ele></trkpt>
   <trkpt lon="13.604094" lat="52.546500"><ele>60.0</ele></trkpt>
   <trkpt lon="13.604198" lat="52.546485"><ele>60.0</ele></trkpt>
   <trkpt lon="13.604913" lat="52.546407"><ele>59.0</ele></trkpt>
   <trkpt lon="13.604958" lat="52.546411"><ele>59.0</ele></trkpt>
   <trkpt lon="13.605039" lat="52.546458"><ele>58.75</ele></trkpt>
   <trkpt lon="13.605123" lat="52.546488"><ele>58.5</ele></trkpt>
   <trkpt lon="13.605408" lat="52.546507"><ele>58.0</ele></trkpt>
   <trkpt lon="13.605624" lat="52.546476"><ele>57.75</ele></trkpt>
   <trkpt lon="13.606192" lat="52.546378"><ele>56.75</ele></trkpt>
   <trkpt lon="13.606514" lat="52.546323"><ele>56.75</ele></trkpt>
   <trkpt lon="13.607291" lat="52.546200"><ele>56.25</ele></trkpt>
   <trkpt lon="13.608035" lat="52.546070"><ele>56.5</ele></trkpt>
   <trkpt lon="13.609345" lat="52.545852"><ele>57.0</ele></trkpt>
   <trkpt lon="13.610600" lat="52.545642"><ele>56.75</ele></trkpt>
   <trkpt lon="13.617347" lat="52.544513"><ele>57.0</ele></trkpt>
   <trkpt lon="13.618689" lat="52.544293"><ele>58.0</ele></trkpt>
   <trkpt lon="13.619355" lat="52.544225"><ele>58.75</ele></trkpt>
   <trkpt lon="13.619986" lat="52.544182"><ele>59.75</ele></trkpt>
   <trkpt lon="13.619974" lat="52.544121"><ele>60.0</ele></trkpt>
   <trkpt lon="13.619958" lat="52.544043"><ele>60.25</ele></trkpt>
   <trkpt lon="13.619935" lat="52.543932"><ele>60.75</ele></trkpt>
   <trkpt lon="13.619931" lat="52.543913"><ele>60.75</ele></trkpt>
   <trkpt lon="13.619921" lat="52.543863"><ele>61.0</ele></trkpt>
   <trkpt lon="13.619913" lat="52.543820"><ele>61.0</ele></trkpt>
   <trkpt lon="13.619892" lat="52.543715"><ele>61.25</ele></trkpt>
   <trkpt lon="13.619877" lat="52.543662"><ele>61.25</ele></trkpt>
   <trkpt lon="13.619541" lat="52.542192"><ele>62.0</ele></trkpt>
   <trkpt lon="13.619491" lat="52.541960"><ele>62.75</ele></trkpt>
   <trkpt lon="13.619412" lat="52.541605"><ele>63.0</ele></trkpt>
   <trkpt lon="13.619359" lat="52.541240"><ele>63.0</ele></trkpt>
   <trkpt lon="13.619336" lat="52.541075"><ele>63.0</ele></trkpt>
   <trkpt lon="13.619357" lat="52.540893"><ele>63.0</ele></trkpt>
   <trkpt lon="13.619365" lat="52.540821"><ele>62.75</ele></trkpt>
   <trkpt lon="13.619427" lat="52.540561"><ele>62.0</ele></trkpt>
   <trkpt lon="13.619469" lat="52.540423"><ele>62.0</ele></trkpt>
   <trkpt lon="13.619618" lat="52.539970"><ele>61.75</ele></trkpt>
   <trkpt lon="13.619666" lat="52.539831"><ele>61.75</ele></trkpt>
   <trkpt lon="13.619699" lat="52.539734"><ele>61.75</ele></trkpt>
   <trkpt lon="13.619776" lat="52.539510"><ele>61.0</ele></trkpt>
   <trkpt lon="13.619822" lat="52.539372"><ele>59.5</ele></trkpt>
   <trkpt lon="13.619831" lat="52.539346"><ele>59.0</ele></trkpt>
   <trkpt lon="13.619902" lat="52.539144"></trkpt>
   <trkpt lon="13.619947" lat="52.539015"></trkpt>
   <trkpt lon="13.619997" lat="52.538876"><ele>60.0</ele></trkpt>
   <trkpt lon="13.620056" lat="52.538684"><ele>60.5</ele></trkpt>
   <trkpt lon="13.620098" lat="52.538553"><ele>61.0</ele></trkpt>
   <trkpt lon="13.620146" lat="52.538409"><ele>61.0</ele></trkpt>
   <trkpt lon="13.620222" lat="52.538184"><ele>60.5</ele></trkpt>
   <trkpt lon="13.620316" lat="52.537905"><ele>60.0</ele></trkpt>
   <trkpt lon="13.620344" lat="52.537824"><ele>60.0</ele></trkpt>
   <trkpt lon="13.620372" lat="52.537742"><ele>60.0</ele></trkpt>
   <trkpt lon="13.620456" lat="52.537498"><ele>60.25</ele></trkpt>
   <trkpt lon="13.620513" lat="52.537368"><ele>60.0</ele></trkpt>
   <trkpt lon="13.620574" lat="52.537265"><ele>59.75</ele></trkpt>
   <trkpt lon="13.620636" lat="52.537181"><ele>60.0</ele></trkpt>
   <trkpt lon="13.620732" lat="52.537086"><ele>60.0</ele></trkpt>
   <trkpt lon="13.620864" lat="52.536991"><ele>60.0</ele></trkpt>
   <trkpt lon="13.620984" lat="52.536921"><ele>60.0</ele></trkpt>
   <trkpt lon="13.621030" lat="52.536894"><ele>60.0</ele></trkpt>
   <trkpt lon="13.621140" lat="52.536838"><ele>60.0</ele></trkpt>
   <trkpt lon="13.621240" lat="52.536804"><ele>60.0</ele></trkpt>
   <trkpt lon="13.621754" lat="52.536631"><ele>60.0</ele></trkpt>
   <trkpt lon="13.621994" lat="52.536532"><ele>59.75</ele></trkpt>
   <trkpt lon="13.622204" lat="52.536413"><ele>59.0</ele></trkpt>
   <trkpt lon="13.622332" lat="52.536295"><ele>59.0</ele></trkpt>
   <trkpt lon="13.622410" lat="52.536205"><ele>59.0</ele></trkpt>
   <trkpt lon="13.622477" lat="52.536087"><ele>59.0</ele></trkpt>
   <trkpt lon="13.622565" lat="52.535931"><ele>59.0</ele></trkpt>
   <trkpt lon="13.622608" lat="52.535854"><ele>58.75</ele></trkpt>
   <trkpt lon="13.622640" lat="52.535789"><ele>59.0</ele></trkpt>
   <trkpt lon="13.622665" lat="52.535737"><ele>59.0</ele></trkpt>
   <trkpt lon="13.622737" lat="52.535586"><ele>59.0</ele></trkpt>
   <trkpt lon="13.622798" lat="52.535454"><ele>59.0</ele></trkpt>
   <trkpt lon="13.622855" lat="52.535329"><ele>59.0</ele></trkpt>
   <trkpt lon="13.622983" lat="52.535046"><ele>59.0</ele></trkpt>
   <trkpt lon="13.622994" lat="52.535024"><ele>59.0</ele></trkpt>
   <trkpt lon="13.623034" lat="52.534936"><ele>58.75</ele></trkpt>
   <trkpt lon="13.623145" lat="52.534952"><ele>58.5</ele></trkpt>
   <trkpt lon="13.623225" lat="52.534963"><ele>58.25</ele></trkpt>
   <trkpt lon="13.623248" lat="52.534967"><ele>58.25</ele></trkpt>
   <trkpt lon="13.623307" lat="52.534978"><ele>58.0</ele></trkpt>
   <trkpt lon="13.623369" lat="52.534988"><ele>58.0</ele></trkpt>
   <trkpt lon="13.623853" lat="52.535076"><ele>58.0</ele></trkpt>
   <trkpt lon="13.624124" lat="52.535126"><ele>58.0</ele></trkpt>
   <trkpt lon="13.624199" lat="52.535139"><ele>58.0</ele></trkpt>
   <trkpt lon="13.624366" lat="52.535168"><ele>58.0</ele></trkpt>
   <trkpt lon="13.624538" lat="52.535198"><ele>58.0</ele></trkpt>
   <trkpt lon="13.624708" lat="52.535227"><ele>58.0</ele></trkpt>
   <trkpt lon="13.624953" lat="52.535270"><ele>58.0</ele></trkpt>
   <trkpt lon="13.625006" lat="52.535160"><ele>57.75</ele></trkpt>
   <trkpt lon="13.625191" lat="52.534763"><ele>57.25</ele></trkpt>
   <trkpt lon="13.625221" lat="52.534703"><ele>57.25</ele></trkpt>
   <trkpt lon="13.625390" lat="52.534366"><ele>57.5</ele></trkpt>
   <trkpt lon="13.625408" lat="52.534329"><ele>57.5</ele></trkpt>
   <trkpt lon="13.625431" lat="52.534277"><ele>57.25</ele></trkpt>
   <trkpt lon="13.625623" lat="52.534156"><ele>57.0</ele></trkpt>
   <trkpt lon="13.625675" lat="52.534123"><ele>57.0</ele></trkpt>
   <trkpt lon="13.625751" lat="52.534071"><ele>57.0</ele></trkpt>
   <trkpt lon="13.625773" lat="52.534057"><ele>57.0</ele></trkpt>
   <trkpt lon="13.625921" lat="52.533955"><ele>57.0</ele></trkpt>
   <trkpt lon="13.626346" lat="52.533664"><ele>57.0</ele></trkpt>
   <trkpt lon="13.626616" lat="52.533486"><ele>57.0</ele></trkpt>
   <trkpt lon="13.626896" lat="52.533300"><ele>57.0</ele></trkpt>
   <trkpt lon="13.627245" lat="52.533106"><ele>58.0</ele></trkpt>
   <trkpt lon="13.627811" lat="52.532789"><ele>58.75</ele></trkpt>
   <trkpt lon="13.628011" lat="52.532686"><ele>59.25</ele></trkpt>
   <trkpt lon="13.628491" lat="52.532471"><ele>59.25</ele></trkpt>
   <trkpt lon="13.628883" lat="52.532311"><ele>59.5</ele></trkpt>
   <trkpt lon="13.628942" lat="52.532291"><ele>59.75</ele></trkpt>
   <trkpt lon="13.629056" lat="52.532257"><ele>59.75</ele></trkpt>
   <trkpt lon="13.629778" lat="52.532047"><ele>60.5</ele></trkpt>
   <trkpt lon="13.629858" lat="52.532023"><ele>60.75</ele></trkpt>
   <trkpt lon="13.630433" lat="52.531866"><ele>61.0</ele></trkpt>
   <trkpt lon="13.631102" lat="52.531693"><ele>61.75</ele></trkpt>
   <trkpt lon="13.631298" lat="52.531652"><ele>62.0</ele></trkpt>
   <trkpt lon="13.631397" lat="52.531632"><ele>62.0</ele></trkpt>
   <trkpt lon="13.631556" lat="52.531598"><ele>62.0</ele></trkpt>
   <trkpt lon="13.631672" lat="52.531574"><ele>62.0</ele></trkpt>
   <trkpt lon="13.631736" lat="52.531561"><ele>62.0</ele></trkpt>
   <trkpt lon="13.631942" lat="52.531521"><ele>62.0</ele></trkpt>
   <trkpt lon="13.632060" lat="52.531499"><ele>62.0</ele></trkpt>
   <trkpt lon="13.632423" lat="52.531433"><ele>61.25</ele></trkpt>
   <trkpt lon="13.632936" lat="52.531351"><ele>61.0</ele></trkpt>
   <trkpt lon="13.633183" lat="52.531316"><ele>60.5</ele></trkpt>
   <trkpt lon="13.633531" lat="52.531280"><ele>60.0</ele></trkpt>
   <trkpt lon="13.633654" lat="52.531267"><ele>60.0</ele></trkpt>
   <trkpt lon="13.633831" lat="52.531249"><ele>60.0</ele></trkpt>
   <trkpt lon="13.634259" lat="52.531207"><ele>60.0</ele></trkpt>
   <trkpt lon="13.634414" lat="52.531194"><ele>60.0</ele></trkpt>
   <trkpt lon="13.634570" lat="52.531185"><ele>59.75</ele></trkpt>
   <trkpt lon="13.634881" lat="52.531172"><ele>59.75</ele></trkpt>
   <trkpt lon="13.634931" lat="52.531170"><ele>59.75</ele></trkpt>
   <trkpt lon="13.635209" lat="52.531159"><ele>59.75</ele></trkpt>
   <trkpt lon="13.635278" lat="52.531157"><ele>59.75</ele></trkpt>
   <trkpt lon="13.635464" lat="52.531152"><ele>59.25</ele></trkpt>
   <trkpt lon="13.635579" lat="52.531149"><ele>59.0</ele></trkpt>
   <trkpt lon="13.636101" lat="52.531134"><ele>59.0</ele></trkpt>
   <trkpt lon="13.636609" lat="52.531131"><ele>59.0</ele></trkpt>
   <trkpt lon="13.636639" lat="52.530756"><ele>60.0</ele></trkpt>
   <trkpt lon="13.636645" lat="52.530682"><ele>60.0</ele></trkpt>
   <trkpt lon="13.636656" lat="52.530509"><ele>60.0</ele></trkpt>
   <trkpt lon="13.636672" lat="52.530247"><ele>60.0</ele></trkpt>
   <trkpt lon="13.636656" lat="52.529985"><ele>59.75</ele></trkpt>
   <trkpt lon="13.636656" lat="52.529937"><ele>59.75</ele></trkpt>
   <trkpt lon="13.636929" lat="52.529921"><ele>59.5</ele></trkpt>
   <trkpt lon="13.637203" lat="52.529882"><ele>59.0</ele></trkpt>
   <trkpt lon="13.637425" lat="52.529827"><ele>59.0</ele></trkpt>
   <trkpt lon="13.637731" lat="52.529730"><ele>59.0</ele></trkpt>
   <trkpt lon="13.637858" lat="52.529675"><ele>59.0</ele></trkpt>
   <trkpt lon="13.638068" lat="52.529566"><ele>59.0</ele></trkpt>
   <trkpt lon="13.638856" lat="52.529131"><ele>59.0</ele></trkpt>
   <trkpt lon="13.638928" lat="52.529092"><ele>59.0</ele></trkpt>
   <trkpt lon="13.639188" lat="52.528953"><ele>59.0</ele></trkpt>
   <trkpt lon="13.639974" lat="52.528525"><ele>58.0</ele></trkpt>
   <trkpt lon="13.640014" lat="52.528505"><ele>58.0</ele></trkpt>
   <trkpt lon="13.640120" lat="52.528450"><ele>58.25</ele></trkpt>
   <trkpt lon="13.640788" lat="52.528103"><ele>58.75</ele></trkpt>
   <trkpt lon="13.640896" lat="52.528047"><ele>58.75</ele></trkpt>
   <trkpt lon="13.640993" lat="52.527994"><ele>59.0</ele></trkpt>
   <trkpt lon="13.641939" lat="52.527470"><ele>58.0</ele></trkpt>
   <trkpt lon="13.642221" lat="52.527312"><ele>58.0</ele></trkpt>
   <trkpt lon="13.642465" lat="52.527196"><ele>58.0</ele></trkpt>
   <trkpt lon="13.642605" lat="52.527150"><ele>58.0</ele></trkpt>
   <trkpt lon="13.642756" lat="52.527112"><ele>58.0</ele></trkpt>
   <trkpt lon="13.642997" lat="52.527083"><ele>57.5</ele></trkpt>
   <trkpt lon="13.643198" lat="52.527038"><ele>57.75</ele></trkpt>
   <trkpt lon="13.643369" lat="52.527094"><ele>58.0</ele></trkpt>
   <trkpt lon="13.643979" lat="52.527203"><ele>58.0</ele></trkpt>
   <trkpt lon="13.643999" lat="52.527206"><ele>58.0</ele></trkpt>
   <trkpt lon="13.644115" lat="52.527225"><ele>58.0</ele></trkpt>
   <trkpt lon="13.644358" lat="52.526684"><ele>57.5</ele></trkpt>
   <trkpt lon="13.644406" lat="52.526574"><ele>57.5</ele></trkpt>
   <trkpt lon="13.644450" lat="52.526474"><ele>57.25</ele></trkpt>
   <trkpt lon="13.644542" lat="52.526272"><ele>57.0</ele></trkpt>
   <trkpt lon="13.644582" lat="52.526184"><ele>57.0</ele></trkpt>
   <trkpt lon="13.644747" lat="52.525822"><ele>57.0</ele></trkpt>
   <trkpt lon="13.645144" lat="52.524933"><ele>58.5</ele></trkpt>
   <trkpt lon="13.645539" lat="52.524047"><ele>60.0</ele></trkpt>
   <trkpt lon="13.645596" lat="52.523919"><ele>60.0</ele></trkpt>
   <trkpt lon="13.645634" lat="52.523835"><ele>60.0</ele></trkpt>
   <trkpt lon="13.645894" lat="52.523250"><ele>61.0</ele></trkpt>
   <trkpt lon="13.645990" lat="52.523035"><ele>60.75</ele></trkpt>
   <trkpt lon="13.646028" lat="52.522950"><ele>60.75</ele></trkpt>
   <trkpt lon="13.646073" lat="52.522850"><ele>60.75</ele></trkpt>
   <trkpt lon="13.646297" lat="52.522349"><ele>60.25</ele></trkpt>
   <trkpt lon="13.646335" lat="52.522264"><ele>60.0</ele></trkpt>
   <trkpt lon="13.646445" lat="52.522031"><ele>60.0</ele></trkpt>
   <trkpt lon="13.646554" lat="52.521786"><ele>60.0</ele></trkpt>
   <trkpt lon="13.646604" lat="52.521674"><ele>60.0</ele></trkpt>
   <trkpt lon="13.646721" lat="52.521413"><ele>60.0</ele></trkpt>
   <trkpt lon="13.646611" lat="52.521376"><ele>60.0</ele></trkpt>
   <trkpt lon="13.646583" lat="52.521367"><ele>60.0</ele></trkpt>
   <trkpt lon="13.646318" lat="52.521276"><ele>60.0</ele></trkpt>
   <trkpt lon="13.646187" lat="52.521222"><ele>60.0</ele></trkpt>
   <trkpt lon="13.646001" lat="52.521123"><ele>59.75</ele></trkpt>
   <trkpt lon="13.645846" lat="52.521038"><ele>60.0</ele></trkpt>
   <trkpt lon="13.645681" lat="52.520941"><ele>60.0</ele></trkpt>
   <trkpt lon="13.645213" lat="52.520682"><ele>60.0</ele></trkpt>
   <trkpt lon="13.644652" lat="52.520366"><ele>60.0</ele></trkpt>
   <trkpt lon="13.644577" lat="52.520323"><ele>60.0</ele></trkpt>
   <trkpt lon="13.644453" lat="52.520252"><ele>60.0</ele></trkpt>
   <trkpt lon="13.644243" lat="52.520132"><ele>60.0</ele></trkpt>
   <trkpt lon="13.644185" lat="52.520098"><ele>60.0</ele></trkpt>
   <trkpt lon="13.644101" lat="52.520050"><ele>60.0</ele></trkpt>
   <trkpt lon="13.644000" lat="52.519992"><ele>60.0</ele></trkpt>
   <trkpt lon="13.643891" lat="52.519930"><ele>60.0</ele></trkpt>
   <trkpt lon="13.643805" lat="52.519880"><ele>60.0</ele></trkpt>
   <trkpt lon="13.643724" lat="52.519834"><ele>60.0</ele></trkpt>
   <trkpt lon="13.643480" lat="52.519694"><ele>60.0</ele></trkpt>
   <trkpt lon="13.643425" lat="52.519662"><ele>60.0</ele></trkpt>
   <trkpt lon="13.643369" lat="52.519630"><ele>60.0</ele></trkpt>
   <trkpt lon="13.643283" lat="52.519576"><ele>60.0</ele></trkpt>
   <trkpt lon="13.642972" lat="52.519622"><ele>60.0</ele></trkpt>
   <trkpt lon="13.642899" lat="52.519641"><ele>60.0</ele></trkpt>
   <trkpt lon="13.642004" lat="52.519865"><ele>59.0</ele></trkpt>
   <trkpt lon="13.641835" lat="52.519937"><ele>59.0</ele></trkpt>
   <trkpt lon="13.641694" lat="52.519997"><ele>58.75</ele></trkpt>
   <trkpt lon="13.641252" lat="52.520108"><ele>58.5</ele></trkpt>
   <trkpt lon="13.640946" lat="52.520184"><ele>58.0</ele></trkpt>
   <trkpt lon="13.640672" lat="52.520253"><ele>58.0</ele></trkpt>
   <trkpt lon="13.640576" lat="52.520282"><ele>57.75</ele></trkpt>
   <trkpt lon="13.640354" lat="52.520349"><ele>57.75</ele></trkpt>
   <trkpt lon="13.640239" lat="52.520378"><ele>57.75</ele></trkpt>
   <trkpt lon="13.639970" lat="52.520446"><ele>57.0</ele></trkpt>
   <trkpt lon="13.639896" lat="52.520462"><ele>57.0</ele></trkpt>
   <trkpt lon="13.639795" lat="52.520489"><ele>57.0</ele></trkpt>
   <trkpt lon="13.639743" lat="52.520503"><ele>57.0</ele></trkpt>
   <trkpt lon="13.639725" lat="52.520507"><ele>57.0</ele></trkpt>
   <trkpt lon="13.639538" lat="52.520556"><ele>56.25</ele></trkpt>
   <trkpt lon="13.639501" lat="52.520566"><ele>56.0</ele></trkpt>
   <trkpt lon="13.639482" lat="52.520570"><ele>56.0</ele></trkpt>
   <trkpt lon="13.639263" lat="52.520632"><ele>56.0</ele></trkpt>
   <trkpt lon="13.639248" lat="52.520637"><ele>56.0</ele></trkpt>
   <trkpt lon="13.639117" lat="52.520671"><ele>56.0</ele></trkpt>
   <trkpt lon="13.638983" lat="52.520713"><ele>56.0</ele></trkpt>
   <trkpt lon="13.637278" lat="52.521149"><ele>56.0</ele></trkpt>
   <trkpt lon="13.637155" lat="52.521199"><ele>56.25</ele></trkpt>
   <trkpt lon="13.636844" lat="52.520981"><ele>56.5</ele></trkpt>
   <trkpt lon="13.636783" lat="52.520938"><ele>56.25</ele></trkpt>
   <trkpt lon="13.636676" lat="52.520865"><ele>56.0</ele></trkpt>
   <trkpt lon="13.636664" lat="52.520857"><ele>56.0</ele></trkpt>
   <trkpt lon="13.636195" lat="52.520525"><ele>56.0</ele></trkpt>
   <trkpt lon="13.636156" lat="52.520497"><ele>56.0</ele></trkpt>
   <trkpt lon="13.635992" lat="52.520381"><ele>55.75</ele></trkpt>
   <trkpt lon="13.635959" lat="52.520358"><ele>56.0</ele></trkpt>
   <trkpt lon="13.635447" lat="52.519998"><ele>56.0</ele></trkpt>
   <trkpt lon="13.635411" lat="52.519972"><ele>56.0</ele></trkpt>
   <trkpt lon="13.635245" lat="52.519855"><ele>56.0</ele></trkpt>
   <trkpt lon="13.634531" lat="52.519357"><ele>56.0</ele></trkpt>
   <trkpt lon="13.634256" lat="52.519168"><ele>56.0</ele></trkpt>
   <trkpt lon="13.633953" lat="52.518960"><ele>56.0</ele></trkpt>
   <trkpt lon="13.633734" lat="52.518809"><ele>56.0</ele></trkpt>
   <trkpt lon="13.633660" lat="52.518756"><ele>56.0</ele></trkpt>
   <trkpt lon="13.632977" lat="52.518276"><ele>56.0</ele></trkpt>
   <trkpt lon="13.632931" lat="52.518242"><ele>56.25</ele></trkpt>
   <trkpt lon="13.632850" lat="52.518186"><ele>56.25</ele></trkpt>
   <trkpt lon="13.632122" lat="52.517672"><ele>56.25</ele></trkpt>
   <trkpt lon="13.632113" lat="52.517666"><ele>56.25</ele></trkpt>
   <trkpt lon="13.631299" lat="52.517092"><ele>57.0</ele></trkpt>
   <trkpt lon="13.631241" lat="52.517049"><ele>57.0</ele></trkpt>
   <trkpt lon="13.631070" lat="52.516930"><ele>56.75</ele></trkpt>
   <trkpt lon="13.630904" lat="52.516813"><ele>56.0</ele></trkpt>
   <trkpt lon="13.630885" lat="52.516799"><ele>56.0</ele></trkpt>
   <trkpt lon="13.630816" lat="52.516750"><ele>56.0</ele></trkpt>
   <trkpt lon="13.630791" lat="52.516733"><ele>56.0</ele></trkpt>
   <trkpt lon="13.630708" lat="52.516673"><ele>56.0</ele></trkpt>
   <trkpt lon="13.630673" lat="52.516650"><ele>55.75</ele></trkpt>
   <trkpt lon="13.630321" lat="52.516413"><ele>55.0</ele></trkpt>
   <trkpt lon="13.630192" lat="52.516321"><ele>55.25</ele></trkpt>
   <trkpt lon="13.630068" lat="52.516231"><ele>55.75</ele></trkpt>
   <trkpt lon="13.629983" lat="52.516166"><ele>56.0</ele></trkpt>
   <trkpt lon="13.629838" lat="52.516068"><ele>56.0</ele></trkpt>
   <trkpt lon="13.629682" lat="52.515959"><ele>56.0</ele></trkpt>
   <trkpt lon="13.629671" lat="52.515950"><ele>56.0</ele></trkpt>
   <trkpt lon="13.629574" lat="52.515878"><ele>56.0</ele></trkpt>
   <trkpt lon="13.629483" lat="52.515811"><ele>56.0</ele></trkpt>
   <trkpt lon="13.629046" lat="52.515505"><ele>56.25</ele></trkpt>
   <trkpt lon="13.629007" lat="52.515478"><ele>56.5</ele></trkpt>
   <trkpt lon="13.628967" lat="52.515451"><ele>56.5</ele></trkpt>
   <trkpt lon="13.628805" lat="52.515337"><ele>57.0</ele></trkpt>
   <trkpt lon="13.628690" lat="52.515257"><ele>56.75</ele></trkpt>
   <trkpt lon="13.628518" lat="52.515138"><ele>57.0</ele></trkpt>
   <trkpt lon="13.627791" lat="52.514631"><ele>56.0</ele></trkpt>
   <trkpt lon="13.627695" lat="52.514564"><ele>56.0</ele></trkpt>
   <trkpt lon="13.627600" lat="52.514500"><ele>56.0</ele></trkpt>
   <trkpt lon="13.627531" lat="52.514454"><ele>56.0</ele></trkpt>
   <trkpt lon="13.627354" lat="52.514335"><ele>55.5</ele></trkpt>
   <trkpt lon="13.627267" lat="52.514299"><ele>55.25</ele></trkpt>
   <trkpt lon="13.627118" lat="52.514274"><ele>55.25</ele></trkpt>
   <trkpt lon="13.626881" lat="52.514253"><ele>55.25</ele></trkpt>
   <trkpt lon="13.626779" lat="52.514243"><ele>55.25</ele></trkpt>
   <trkpt lon="13.626373" lat="52.514207"><ele>55.0</ele></trkpt>
   <trkpt lon="13.625615" lat="52.514138"><ele>54.75</ele></trkpt>
   <trkpt lon="13.623911" lat="52.513984"><ele>54.75</ele></trkpt>
   <trkpt lon="13.623839" lat="52.513978"><ele>55.0</ele></trkpt>
   <trkpt lon="13.623671" lat="52.513963"><ele>55.0</ele></trkpt>
   <trkpt lon="13.623444" lat="52.513942"><ele>54.5</ele></trkpt>
   <trkpt lon="13.622719" lat="52.513874"><ele>54.0</ele></trkpt>
   <trkpt lon="13.622366" lat="52.513840"><ele>54.0</ele></trkpt>
   <trkpt lon="13.622177" lat="52.513822"><ele>53.75</ele></trkpt>
   <trkpt lon="13.621972" lat="52.513803"><ele>53.5</ele></trkpt>
   <trkpt lon="13.621756" lat="52.513783"><ele>53.25</ele></trkpt>
   <trkpt lon="13.621230" lat="52.513733"><ele>54.0</ele></trkpt>
   <trkpt lon="13.621145" lat="52.513725"><ele>54.0</ele></trkpt>
   <trkpt lon="13.621045" lat="52.513716"><ele>54.0</ele></trkpt>
   <trkpt lon="13.620584" lat="52.513224"><ele>55.75</ele></trkpt>
   <trkpt lon="13.620545" lat="52.513173"><ele>55.75</ele></trkpt>
   <trkpt lon="13.620454" lat="52.513054"><ele>55.75</ele></trkpt>
   <trkpt lon="13.620405" lat="52.512992"><ele>55.75</ele></trkpt>
   <trkpt lon="13.619896" lat="52.512313"><ele>55.25</ele></trkpt>
   <trkpt lon="13.619845" lat="52.512247"><ele>55.5</ele></trkpt>
   <trkpt lon="13.619221" lat="52.512174"><ele>56.75</ele></trkpt>
   <trkpt lon="13.619018" lat="52.512151"><ele>57.0</ele></trkpt>
   <trkpt lon="13.618944" lat="52.512143"><ele>57.0</ele></trkpt>
   <trkpt lon="13.618683" lat="52.512113"><ele>57.5</ele></trkpt>
   <trkpt lon="13.617869" lat="52.512019"><ele>58.75</ele></trkpt>
   <trkpt lon="13.617775" lat="52.512008"><ele>59.0</ele></trkpt>
   <trkpt lon="13.616231" lat="52.511827"><ele>58.0</ele></trkpt>
   <trkpt lon="13.615787" lat="52.511775"><ele>57.25</ele></trkpt>
   <trkpt lon="13.615268" lat="52.511714"><ele>56.0</ele></trkpt>
   <trkpt lon="13.615198" lat="52.511706"><ele>56.0</ele></trkpt>
   <trkpt lon="13.614890" lat="52.511672"><ele>55.5</ele></trkpt>
   <trkpt lon="13.614831" lat="52.511659"><ele>55.25</ele></trkpt>
   <trkpt lon="13.614792" lat="52.511638"><ele>55.0</ele></trkpt>
   <trkpt lon="13.614780" lat="52.511605"><ele>55.0</ele></trkpt>
   <trkpt lon="13.614853" lat="52.511391"><ele>55.0</ele></trkpt>
   <trkpt lon="13.614948" lat="52.511109"><ele>54.75</ele></trkpt>
   <trkpt lon="13.614765" lat="52.511090"><ele>54.0</ele></trkpt>
   <trkpt lon="13.614718" lat="52.511085"><ele>54.0</ele></trkpt>
   <trkpt lon="13.614618" lat="52.511075"><ele>54.0</ele></trkpt>
   <trkpt lon="13.614109" lat="52.511019"><ele>54.0</ele></trkpt>
   <trkpt lon="13.613519" lat="52.510955"><ele>53.0</ele></trkpt>
   <trkpt lon="13.613290" lat="52.510930"><ele>53.0</ele></trkpt>
   <trkpt lon="13.612982" lat="52.510898"><ele>53.0</ele></trkpt>
   <trkpt lon="13.612939" lat="52.510894"><ele>53.0</ele></trkpt>
   <trkpt lon="13.612670" lat="52.510868"><ele>53.0</ele></trkpt>
   <trkpt lon="13.612642" lat="52.510866"><ele>53.0</ele></trkpt>
   <trkpt lon="13.612553" lat="52.510860"><ele>53.0</ele></trkpt>
   <trkpt lon="13.612531" lat="52.510858"><ele>53.0</ele></trkpt>
   <trkpt lon="13.612565" lat="52.510769"><ele>53.0</ele></trkpt>
   <trkpt lon="13.612691" lat="52.510550"><ele>53.0</ele></trkpt>
   <trkpt lon="13.612729" lat="52.510493"><ele>53.0</ele></trkpt>
   <trkpt lon="13.612833" lat="52.510342"><ele>52.75</ele></trkpt>
   <trkpt lon="13.612898" lat="52.510265"><ele>52.5</ele></trkpt>
   <trkpt lon="13.613250" lat="52.509896"><ele>52.0</ele></trkpt>
   <trkpt lon="13.613364" lat="52.509805"><ele>52.0</ele></trkpt>
   <trkpt lon="13.613476" lat="52.509715"><ele>52.0</ele></trkpt>
   <trkpt lon="13.613575" lat="52.509608"><ele>52.0</ele></trkpt>
   <trkpt lon="13.613621" lat="52.509527"><ele>52.0</ele></trkpt>
   <trkpt lon="13.613638" lat="52.509451"><ele>52.0</ele></trkpt>
   <trkpt lon="13.613639" lat="52.509372"><ele>51.75</ele></trkpt>
   <trkpt lon="13.613617" lat="52.509258"><ele>52.0</ele></trkpt>
   <trkpt lon="13.613604" lat="52.509210"><ele>52.0</ele></trkpt>
   <trkpt lon="13.613565" lat="52.509133"><ele>52.0</ele></trkpt>
   <trkpt lon="13.613509" lat="52.509049"><ele>52.0</ele></trkpt>
   <trkpt lon="13.613489" lat="52.509020"><ele>52.0</ele></trkpt>
   <trkpt lon="13.613368" lat="52.508864"><ele>52.0</ele></trkpt>
   <trkpt lon="13.613198" lat="52.508633"><ele>52.0</ele></trkpt>
   <trkpt lon="13.613103" lat="52.508646"><ele>52.0</ele></trkpt>
   <trkpt lon="13.613078" lat="52.508650"><ele>52.0</ele></trkpt>
   <trkpt lon="13.612774" lat="52.508693"><ele>53.0</ele></trkpt>
   <trkpt lon="13.612510" lat="52.508731"><ele>53.0</ele></trkpt>
   <trkpt lon="13.612487" lat="52.508734"><ele>53.0</ele></trkpt>
   <trkpt lon="13.610630" lat="52.509000"><ele>55.25</ele></trkpt>
   <trkpt lon="13.610545" lat="52.509012"><ele>55.25</ele></trkpt>
   <trkpt lon="13.610455" lat="52.509024"><ele>55.25</ele></trkpt>
   <trkpt lon="13.608922" lat="52.509240"><ele>56.0</ele></trkpt>
   <trkpt lon="13.608670" lat="52.509275"><ele>56.0</ele></trkpt>
   <trkpt lon="13.607772" lat="52.509400"><ele>57.0</ele></trkpt>
   <trkpt lon="13.607241" lat="52.509474"><ele>57.0</ele></trkpt>
   <trkpt lon="13.606214" lat="52.509616"><ele>56.25</ele></trkpt>
   <trkpt lon="13.606177" lat="52.509620"><ele>56.25</ele></trkpt>
   <trkpt lon="13.605925" lat="52.509644"><ele>56.0</ele></trkpt>
   <trkpt lon="13.605814" lat="52.509654"><ele>55.75</ele></trkpt>
   <trkpt lon="13.605813" lat="52.509655"><ele>55.75</ele></trkpt>
   <trkpt lon="13.605740" lat="52.509662"><ele>55.5</ele></trkpt>
   <trkpt lon="13.605643" lat="52.509671"><ele>55.25</ele></trkpt>
   <trkpt lon="13.605377" lat="52.509701"><ele>55.0</ele></trkpt>
   <trkpt lon="13.604927" lat="52.509766"><ele>55.0</ele></trkpt>
   <trkpt lon="13.604499" lat="52.509835"><ele>55.25</ele></trkpt>
   <trkpt lon="13.604133" lat="52.509905"><ele>55.0</ele></trkpt>
   <trkpt lon="13.604054" lat="52.509922"><ele>55.0</ele></trkpt>
   <trkpt lon="13.603572" lat="52.510028"><ele>55.0</ele></trkpt>
   <trkpt lon="13.602662" lat="52.510266"><ele>55.0</ele></trkpt>
   <trkpt lon="13.602641" lat="52.510272"><ele>55.0</ele></trkpt>
   <trkpt lon="13.602535" lat="52.510300"><ele>55.0</ele></trkpt>
   <trkpt lon="13.602435" lat="52.510328"><ele>55.0</ele></trkpt>
   <trkpt lon="13.602407" lat="52.510335"><ele>54.75</ele></trkpt>
   <trkpt lon="13.602105" lat="52.510416"><ele>55.0</ele></trkpt>
   <trkpt lon="13.601822" lat="52.510492"><ele>55.0</ele></trkpt>
   <trkpt lon="13.601619" lat="52.510545"><ele>55.0</ele></trkpt>
   <trkpt lon="13.601348" lat="52.510615"><ele>55.0</ele></trkpt>
   <trkpt lon="13.600948" lat="52.510719"><ele>55.0</ele></trkpt>
   <trkpt lon="13.600621" lat="52.510793"><ele>55.0</ele></trkpt>
   <trkpt lon="13.599931" lat="52.510916"><ele>54.0</ele></trkpt>
   <trkpt lon="13.599631" lat="52.510960"><ele>54.0</ele></trkpt>
   <trkpt lon="13.599304" lat="52.510997"><ele>54.0</ele></trkpt>
   <trkpt lon="13.598847" lat="52.511034"><ele>54.0</ele></trkpt>
   <trkpt lon="13.598346" lat="52.511059"><ele>54.0</ele></trkpt>
   <trkpt lon="13.597348" lat="52.511090"><ele>54.0</ele></trkpt>
   <trkpt lon="13.597282" lat="52.511092"><ele>54.0</ele></trkpt>
   <trkpt lon="13.597213" lat="52.511094"><ele>54.0</ele></trkpt>
   <trkpt lon="13.596975" lat="52.511102"><ele>54.0</ele></trkpt>
   <trkpt lon="13.596525" lat="52.511117"><ele>54.75</ele></trkpt>
   <trkpt lon="13.596357" lat="52.511122"><ele>54.75</ele></trkpt>
   <trkpt lon="13.596173" lat="52.511128"><ele>54.75</ele></trkpt>
   <trkpt lon="13.595683" lat="52.511144"><ele>54.75</ele></trkpt>
   <trkpt lon="13.593929" lat="52.511199"><ele>55.0</ele></trkpt>
   <trkpt lon="13.593740" lat="52.511205"><ele>55.25</ele></trkpt>
   <trkpt lon="13.592892" lat="52.511228"><ele>55.5</ele></trkpt>
   <trkpt lon="13.592605" lat="52.511236"><ele>55.5</ele></trkpt>
   <trkpt lon="13.592424" lat="52.511235"><ele>55.5</ele></trkpt>
   <trkpt lon="13.591904" lat="52.511214"><ele>55.5</ele></trkpt>
   <trkpt lon="13.591780" lat="52.511201"><ele>55.5</ele></trkpt>
   <trkpt lon="13.591662" lat="52.511186"><ele>55.5</ele></trkpt>
   <trkpt lon="13.591543" lat="52.511170"><ele>56.0</ele></trkpt>
   <trkpt lon="13.589257" lat="52.511242"><ele>56.0</ele></trkpt>
   <trkpt lon="13.588617" lat="52.511262"><ele>56.0</ele></trkpt>
   <trkpt lon="13.588181" lat="52.511276"><ele>56.0</ele></trkpt>
   <trkpt lon="13.587777" lat="52.511288"><ele>56.0</ele></trkpt>
   <trkpt lon="13.587737" lat="52.511289"><ele>56.0</ele></trkpt>
   <trkpt lon="13.587565" lat="52.511295"><ele>56.0</ele></trkpt>
   <trkpt lon="13.587525" lat="52.511494"><ele>56.25</ele></trkpt>
   <trkpt lon="13.587494" lat="52.511639"><ele>56.75</ele></trkpt>
   <trkpt lon="13.587472" lat="52.511676"><ele>56.75</ele></trkpt>
   <trkpt lon="13.587420" lat="52.511716"><ele>56.75</ele></trkpt>
   <trkpt lon="13.587375" lat="52.511729"><ele>56.75</ele></trkpt>
   <trkpt lon="13.587318" lat="52.511737"><ele>56.5</ele></trkpt>
   <trkpt lon="13.587266" lat="52.511736"><ele>56.75</ele></trkpt>
   <trkpt lon="13.587191" lat="52.511718"><ele>56.75</ele></trkpt>
   <trkpt lon="13.587162" lat="52.511696"><ele>56.75</ele></trkpt>
   <trkpt lon="13.587135" lat="52.511660"><ele>56.75</ele></trkpt>
   <trkpt lon="13.587132" lat="52.511623"><ele>56.75</ele></trkpt>
   <trkpt lon="13.587143" lat="52.511577"><ele>56.5</ele></trkpt>
   <trkpt lon="13.587045" lat="52.511568"><ele>56.5</ele></trkpt>
   <trkpt lon="13.586993" lat="52.511552"><ele>56.5</ele></trkpt>
   <trkpt lon="13.586973" lat="52.511545"><ele>56.5</ele></trkpt>
   <trkpt lon="13.586875" lat="52.511505"><ele>56.25</ele></trkpt>
   <trkpt lon="13.586687" lat="52.511397"><ele>56.0</ele></trkpt>
   <trkpt lon="13.586661" lat="52.511381"><ele>56.0</ele></trkpt>
   <trkpt lon="13.586407" lat="52.511217"><ele>56.0</ele></trkpt>
   <trkpt lon="13.586124" lat="52.511035"><ele>56.0</ele></trkpt>
   <trkpt lon="13.586091" lat="52.511014"><ele>55.75</ele></trkpt>
   <trkpt lon="13.585698" lat="52.510761"><ele>55.25</ele></trkpt>
   <trkpt lon="13.585684" lat="52.510752"><ele>55.5</ele></trkpt>
   <trkpt lon="13.585508" lat="52.510634"><ele>55.25</ele></trkpt>
   <trkpt lon="13.585347" lat="52.510531"><ele>55.0</ele></trkpt>
   <trkpt lon="13.585297" lat="52.510499"><ele>55.0</ele></trkpt>
   <trkpt lon="13.584981" lat="52.510302"><ele>55.0</ele></trkpt>
   <trkpt lon="13.584777" lat="52.510169"><ele>55.0</ele></trkpt>
   <trkpt lon="13.584636" lat="52.510081"><ele>54.75</ele></trkpt>
   <trkpt lon="13.584511" lat="52.510004"><ele>54.25</ele></trkpt>
   <trkpt lon="13.584271" lat="52.509858"><ele>54.25</ele></trkpt>
   <trkpt lon="13.584053" lat="52.509724"><ele>54.0</ele></trkpt>
   <trkpt lon="13.584013" lat="52.509698"><ele>53.75</ele></trkpt>
   <trkpt lon="13.583910" lat="52.509630"><ele>53.5</ele></trkpt>
   <trkpt lon="13.583831" lat="52.509580"><ele>53.25</ele></trkpt>
   <trkpt lon="13.583606" lat="52.509438"><ele>52.75</ele></trkpt>
   <trkpt lon="13.583354" lat="52.509278"><ele>52.25</ele></trkpt>
   <trkpt lon="13.583246" lat="52.509210"><ele>52.0</ele></trkpt>
   <trkpt lon="13.583025" lat="52.509071"><ele>52.25</ele></trkpt>
   <trkpt lon="13.582750" lat="52.508898"><ele>52.0</ele></trkpt>
   <trkpt lon="13.582729" lat="52.508886"><ele>52.0</ele></trkpt>
   <trkpt lon="13.582687" lat="52.508862"><ele>52.0</ele></trkpt>
   <trkpt lon="13.582213" lat="52.508685"><ele>50.5</ele></trkpt>
   <trkpt lon="13.582013" lat="52.508610"><ele>50.0</ele></trkpt>
   <trkpt lon="13.581791" lat="52.508526"><ele>50.0</ele></trkpt>
   <trkpt lon="13.581549" lat="52.508434"><ele>49.25</ele></trkpt>
   <trkpt lon="13.581491" lat="52.508406"><ele>48.75</ele></trkpt>
   <trkpt lon="13.581420" lat="52.508371"><ele>48.25</ele></trkpt>
   <trkpt lon="13.581386" lat="52.508336"><ele>48.0</ele></trkpt>
   <trkpt lon="13.581365" lat="52.508298"><ele>47.75</ele></trkpt>
   <trkpt lon="13.581363" lat="52.508256"><ele>47.75</ele></trkpt>
   <trkpt lon="13.581370" lat="52.508234"><ele>47.75</ele></trkpt>
   <trkpt lon="13.581645" lat="52.507457"><ele>46.75</ele></trkpt>
   <trkpt lon="13.581691" lat="52.507319"><ele>46.25</ele></trkpt>
   <trkpt lon="13.581707" lat="52.507184"><ele>46.0</ele></trkpt>
   <trkpt lon="13.581710" lat="52.507180"><ele>46.0</ele></trkpt>
   <trkpt lon="13.581717" lat="52.507170"><ele>46.0</ele></trkpt>
   <trkpt lon="13.581736" lat="52.507139"><ele>46.0</ele></trkpt>
   <trkpt lon="13.581997" lat="52.506701"><ele>45.25</ele></trkpt>
   <trkpt lon="13.582053" lat="52.506601"><ele>45.0</ele></trkpt>
   <trkpt lon="13.582081" lat="52.506517"><ele>44.75</ele></trkpt>
   <trkpt lon="13.582058" lat="52.506444"><ele>44.5</ele></trkpt>
   <trkpt lon="13.582038" lat="52.506382"><ele>44.25</ele></trkpt>
   <trkpt lon="13.581821" lat="52.505886"><ele>43.0</ele></trkpt>
   <trkpt lon="13.581657" lat="52.505426"><ele>42.0</ele></trkpt>
   <trkpt lon="13.581616" lat="52.505312"><ele>42.0</ele></trkpt>
   <trkpt lon="13.581611" lat="52.505296"><ele>42.0</ele></trkpt>
   <trkpt lon="13.581606" lat="52.505280"><ele>42.0</ele></trkpt>
   <trkpt lon="13.581597" lat="52.505252"><ele>41.75</ele></trkpt>
   <trkpt lon="13.581410" lat="52.505230"><ele>41.75</ele></trkpt>
   <trkpt lon="13.581330" lat="52.505226"><ele>41.5</ele></trkpt>
   <trkpt lon="13.579801" lat="52.505223"><ele>40.0</ele></trkpt>
   <trkpt lon="13.578960" lat="52.505242"><ele>39.75</ele></trkpt>
   <trkpt lon="13.578803" lat="52.505254"><ele>38.75</ele></trkpt>
   <trkpt lon="13.578712" lat="52.505258"><ele>38.0</ele></trkpt>
   <trkpt lon="13.578571" lat="52.505264"><ele>37.5</ele></trkpt>
   <trkpt lon="13.578387" lat="52.505271"><ele>40.0</ele></trkpt>
   <trkpt lon="13.578136" lat="52.505282"><ele>40.75</ele></trkpt>
   <trkpt lon="13.577043" lat="52.505324"><ele>41.0</ele></trkpt>
   <trkpt lon="13.575904" lat="52.505348"><ele>41.5</ele></trkpt>
   <trkpt lon="13.574145" lat="52.505358"><ele>42.0</ele></trkpt>
   <trkpt lon="13.573572" lat="52.505377"><ele>42.0</ele></trkpt>
   <trkpt lon="13.573351" lat="52.505399"><ele>41.75</ele></trkpt>
   <trkpt lon="13.573215" lat="52.505420"><ele>41.75</ele></trkpt>
   <trkpt lon="13.573154" lat="52.505485"><ele>42.0</ele></trkpt>
   <trkpt lon="13.572959" lat="52.505514"><ele>41.75</ele></trkpt>
   <trkpt lon="13.572836" lat="52.505478"><ele>41.5</ele></trkpt>
   <trkpt lon="13.572726" lat="52.505498"><ele>41.5</ele></trkpt>
   <trkpt lon="13.572684" lat="52.505506"><ele>41.5</ele></trkpt>
   <trkpt lon="13.572481" lat="52.505551"><ele>41.0</ele></trkpt>
   <trkpt lon="13.572317" lat="52.505590"><ele>41.25</ele></trkpt>
   <trkpt lon="13.572281" lat="52.505598"><ele>41.25</ele></trkpt>
   <trkpt lon="13.570231" lat="52.506106"><ele>41.75</ele></trkpt>
   <trkpt lon="13.569218" lat="52.506389"><ele>41.0</ele></trkpt>
   <trkpt lon="13.569180" lat="52.506399"><ele>41.0</ele></trkpt>
   <trkpt lon="13.569102" lat="52.506421"><ele>41.25</ele></trkpt>
   <trkpt lon="13.568880" lat="52.506482"><ele>41.75</ele></trkpt>
   <trkpt lon="13.568875" lat="52.506476"><ele>41.75</ele></trkpt>
   <trkpt lon="13.568848" lat="52.506441"><ele>41.5</ele></trkpt>
   <trkpt lon="13.568775" lat="52.506345"><ele>41.0</ele></trkpt>
   <trkpt lon="13.568742" lat="52.506295"><ele>41.0</ele></trkpt>
   <trkpt lon="13.568858" lat="52.506268"><ele>41.0</ele></trkpt>
   <trkpt lon="13.568827" lat="52.506233"><ele>41.0</ele></trkpt>
   <trkpt lon="13.568817" lat="52.506222"><ele>41.0</ele></trkpt>
   <trkpt lon="13.568794" lat="52.506195"><ele>41.0</ele></trkpt>
   <trkpt lon="13.568769" lat="52.506167"><ele>41.0</ele></trkpt>
   <trkpt lon="13.568494" lat="52.505952"><ele>40.25</ele></trkpt>
   <trkpt lon="13.568427" lat="52.505904"><ele>40.25</ele></trkpt>
   <trkpt lon="13.568310" lat="52.505816"><ele>39.75</ele></trkpt>
   <trkpt lon="13.568166" lat="52.505706"><ele>39.5</ele></trkpt>
   <trkpt lon="13.567956" lat="52.505528"><ele>39.25</ele></trkpt>
   <trkpt lon="13.567672" lat="52.505338"><ele>39.25</ele></trkpt>
   <trkpt lon="13.567600" lat="52.505292"><ele>39.0</ele></trkpt>
   <trkpt lon="13.567478" lat="52.505223"><ele>39.0</ele></trkpt>
   <trkpt lon="13.566138" lat="52.504500"><ele>39.75</ele></trkpt>
   <trkpt lon="13.565886" lat="52.504364"><ele>40.0</ele></trkpt>
   <trkpt lon="13.565807" lat="52.504321"><ele>40.0</ele></trkpt>
   <trkpt lon="13.565711" lat="52.504268"><ele>40.0</ele></trkpt>
   <trkpt lon="13.565229" lat="52.504015"><ele>39.75</ele></trkpt>
   <trkpt lon="13.565126" lat="52.503972"><ele>39.75</ele></trkpt>
   <trkpt lon="13.564790" lat="52.503863"><ele>40.0</ele></trkpt>
   <trkpt lon="13.564135" lat="52.503651"><ele>39.75</ele></trkpt>
   <trkpt lon="13.563426" lat="52.503425"><ele>39.0</ele></trkpt>
   <trkpt lon="13.563333" lat="52.503399"><ele>39.0</ele></trkpt>
   <trkpt lon="13.563243" lat="52.503373"><ele>39.0</ele></trkpt>
   <trkpt lon="13.563146" lat="52.503347"><ele>39.0</ele></trkpt>
   <trkpt lon="13.562827" lat="52.503269"><ele>39.0</ele></trkpt>
   <trkpt lon="13.562565" lat="52.503192"><ele>39.0</ele></trkpt>
   <trkpt lon="13.562116" lat="52.503088"><ele>39.0</ele></trkpt>
   <trkpt lon="13.562008" lat="52.503075"><ele>39.0</ele></trkpt>
   <trkpt lon="13.561891" lat="52.503072"><ele>39.0</ele></trkpt>
   <trkpt lon="13.561832" lat="52.503073"><ele>39.0</ele></trkpt>
   <trkpt lon="13.561794" lat="52.503073"><ele>39.0</ele></trkpt>
   <trkpt lon="13.561646" lat="52.503075"><ele>39.0</ele></trkpt>
   <trkpt lon="13.561658" lat="52.503134"><ele>39.0</ele></trkpt>
   <trkpt lon="13.561662" lat="52.503196"><ele>39.0</ele></trkpt>
   <trkpt lon="13.561665" lat="52.503233"><ele>39.0</ele></trkpt>
   <trkpt lon="13.561679" lat="52.503384"><ele>39.0</ele></trkpt>
   <trkpt lon="13.561692" lat="52.503603"><ele>39.0</ele></trkpt>
   <trkpt lon="13.561691" lat="52.503632"><ele>39.0</ele></trkpt>
   <trkpt lon="13.561688" lat="52.503671"><ele>39.0</ele></trkpt>
   <trkpt lon="13.561658" lat="52.503849"><ele>38.75</ele></trkpt>
   <trkpt lon="13.561686" lat="52.504181"><ele>39.0</ele></trkpt>
   <trkpt lon="13.561562" lat="52.504184"><ele>39.0</ele></trkpt>
   <trkpt lon="13.561531" lat="52.504185"><ele>38.75</ele></trkpt>
   <trkpt lon="13.560957" lat="52.504199"><ele>38.0</ele></trkpt>
   <trkpt lon="13.560625" lat="52.504200"><ele>38.0</ele></trkpt>
   <trkpt lon="13.560543" lat="52.504166"><ele>38.0</ele></trkpt>
   <trkpt lon="13.560342" lat="52.504070"><ele>38.0</ele></trkpt>
   <trkpt lon="13.560288" lat="52.504034"><ele>38.0</ele></trkpt>
   <trkpt lon="13.560196" lat="52.503945"><ele>38.0</ele></trkpt>
   <trkpt lon="13.560174" lat="52.503893"><ele>38.0</ele></trkpt>
   <trkpt lon="13.560173" lat="52.503866"><ele>38.0</ele></trkpt>
   <trkpt lon="13.560168" lat="52.503795"><ele>38.0</ele></trkpt>
   <trkpt lon="13.560145" lat="52.503403"><ele>38.0</ele></trkpt>
   <trkpt lon="13.560144" lat="52.503392"><ele>38.0</ele></trkpt>
   <trkpt lon="13.560137" lat="52.503287"><ele>38.0</ele></trkpt>
   <trkpt lon="13.559984" lat="52.503239"><ele>38.0</ele></trkpt>
   <trkpt lon="13.559581" lat="52.503029"><ele>38.0</ele></trkpt>
   <trkpt lon="13.559088" lat="52.502770"><ele>38.0</ele></trkpt>
   <trkpt lon="13.558427" lat="52.502458"><ele>38.0</ele></trkpt>
   <trkpt lon="13.558114" lat="52.502308"><ele>38.0</ele></trkpt>
   <trkpt lon="13.557951" lat="52.502230"><ele>38.0</ele></trkpt>
   <trkpt lon="13.557613" lat="52.502080"><ele>38.0</ele></trkpt>
   <trkpt lon="13.557503" lat="52.502032"><ele>38.0</ele></trkpt>
   <trkpt lon="13.557275" lat="52.501931"><ele>38.0</ele></trkpt>
   <trkpt lon="13.557225" lat="52.501909"><ele>38.0</ele></trkpt>
   <trkpt lon="13.557157" lat="52.501880"><ele>38.0</ele></trkpt>
   <trkpt lon="13.556931" lat="52.501785"><ele>37.75</ele></trkpt>
   <trkpt lon="13.556653" lat="52.501672"><ele>37.0</ele></trkpt>
   <trkpt lon="13.556434" lat="52.501582"><ele>37.75</ele></trkpt>
   <trkpt lon="13.555693" lat="52.501293"><ele>37.25</ele></trkpt>
   <trkpt lon="13.555651" lat="52.501277"><ele>37.0</ele></trkpt>
   <trkpt lon="13.555116" lat="52.501073"><ele>37.0</ele></trkpt>
   <trkpt lon="13.554937" lat="52.501008"><ele>37.0</ele></trkpt>
   <trkpt lon="13.554814" lat="52.500965"><ele>37.0</ele></trkpt>
   <trkpt lon="13.554781" lat="52.500954"><ele>37.0</ele></trkpt>
   <trkpt lon="13.554516" lat="52.500862"><ele>37.0</ele></trkpt>
   <trkpt lon="13.554148" lat="52.500735"><ele>37.0</ele></trkpt>
   <trkpt lon="13.553977" lat="52.500676"><ele>37.0</ele></trkpt>
   <trkpt lon="13.553547" lat="52.500542"><ele>37.0</ele></trkpt>
   <trkpt lon="13.552662" lat="52.500265"><ele>37.0</ele></trkpt>
   <trkpt lon="13.552568" lat="52.500235"><ele>37.0</ele></trkpt>
   <trkpt lon="13.552499" lat="52.500217"><ele>37.0</ele></trkpt>
   <trkpt lon="13.550193" lat="52.499602"><ele>37.0</ele></trkpt>
   <trkpt lon="13.549620" lat="52.499462"><ele>37.0</ele></trkpt>
   <trkpt lon="13.549205" lat="52.499360"><ele>37.0</ele></trkpt>
   <trkpt lon="13.548127" lat="52.499096"><ele>37.0</ele></trkpt>
   <trkpt lon="13.548043" lat="52.499076"><ele>37.0</ele></trkpt>
   <trkpt lon="13.547961" lat="52.499056"><ele>37.0</ele></trkpt>
   <trkpt lon="13.546959" lat="52.498815"><ele>37.25</ele></trkpt>
   <trkpt lon="13.546095" lat="52.498608"><ele>37.0</ele></trkpt>
   <trkpt lon="13.545902" lat="52.498561"><ele>37.0</ele></trkpt>
   <trkpt lon="13.545606" lat="52.498490"><ele>37.0</ele></trkpt>
   <trkpt lon="13.545272" lat="52.498410"><ele>37.0</ele></trkpt>
   <trkpt lon="13.545255" lat="52.498406"><ele>37.0</ele></trkpt>
   <trkpt lon="13.544754" lat="52.498285"><ele>37.0</ele></trkpt>
   <trkpt lon="13.544357" lat="52.498190"><ele>37.25</ele></trkpt>
   <trkpt lon="13.544149" lat="52.498140"><ele>38.0</ele></trkpt>
   <trkpt lon="13.544114" lat="52.498185"><ele>38.25</ele></trkpt>
   <trkpt lon="13.544038" lat="52.498275"><ele>38.25</ele></trkpt>
   <trkpt lon="13.543774" lat="52.498636"><ele>38.25</ele></trkpt>
   <trkpt lon="13.543703" lat="52.498662"><ele>38.5</ele></trkpt>
   <trkpt lon="13.543633" lat="52.498665"><ele>38.5</ele></trkpt>
   <trkpt lon="13.543558" lat="52.498657"><ele>39.25</ele></trkpt>
   <trkpt lon="13.543121" lat="52.498589"><ele>40.5</ele></trkpt>
   <trkpt lon="13.543063" lat="52.498581"><ele>39.75</ele></trkpt>
   <trkpt lon="13.542633" lat="52.498517"><ele>40.0</ele></trkpt>
   <trkpt lon="13.542091" lat="52.498418"><ele>40.0</ele></trkpt>
   <trkpt lon="13.541725" lat="52.498362"><ele>38.75</ele></trkpt>
   <trkpt lon="13.541147" lat="52.498224"><ele>38.25</ele></trkpt>
   <trkpt lon="13.540549" lat="52.498068"><ele>38.0</ele></trkpt>
   <trkpt lon="13.540572" lat="52.498029"><ele>37.75</ele></trkpt>
   <trkpt lon="13.540574" lat="52.497995"><ele>38.0</ele></trkpt>
   <trkpt lon="13.540536" lat="52.497839"><ele>38.0</ele></trkpt>
   <trkpt lon="13.540446" lat="52.497674"><ele>38.25</ele></trkpt>
   <trkpt lon="13.540415" lat="52.497574"><ele>38.5</ele></trkpt>
   <trkpt lon="13.540409" lat="52.497213"><ele>39.5</ele></trkpt>
   <trkpt lon="13.540388" lat="52.497097"><ele>39.25</ele></trkpt>
   <trkpt lon="13.540378" lat="52.497041"><ele>39.0</ele></trkpt>
   <trkpt lon="13.540276" lat="52.496341"><ele>38.0</ele></trkpt>
   <trkpt lon="13.540274" lat="52.496326"><ele>38.0</ele></trkpt>
   <trkpt lon="13.540186" lat="52.496119"><ele>38.0</ele></trkpt>
   <trkpt lon="13.540178" lat="52.496055"><ele>38.0</ele></trkpt>
   <trkpt lon="13.540168" lat="52.495982"><ele>38.0</ele></trkpt>
   <trkpt lon="13.540147" lat="52.495825"><ele>38.0</ele></trkpt>
   <trkpt lon="13.540135" lat="52.495734"><ele>38.0</ele></trkpt>
   <trkpt lon="13.540101" lat="52.495484"><ele>37.75</ele></trkpt>
   <trkpt lon="13.540059" lat="52.495163"><ele>37.75</ele></trkpt>
   <trkpt lon="13.540049" lat="52.495079"><ele>37.75</ele></trkpt>
   <trkpt lon="13.540028" lat="52.494938"><ele>37.75</ele></trkpt>
   <trkpt lon="13.540003" lat="52.494765"><ele>37.75</ele></trkpt>
   <trkpt lon="13.539972" lat="52.494552"><ele>37.75</ele></trkpt>
   <trkpt lon="13.539941" lat="52.494343"><ele>38.0</ele></trkpt>
   <trkpt lon="13.539919" lat="52.494192"><ele>38.0</ele></trkpt>
   <trkpt lon="13.539917" lat="52.494176"><ele>38.0</ele></trkpt>
   <trkpt lon="13.539898" lat="52.494050"><ele>38.0</ele></trkpt>
   <trkpt lon="13.539893" lat="52.494015"><ele>38.0</ele></trkpt>
   <trkpt lon="13.539887" lat="52.493972"><ele>38.0</ele></trkpt>
   <trkpt lon="13.539882" lat="52.493939"><ele>38.0</ele></trkpt>
   <trkpt lon="13.539838" lat="52.493634"><ele>38.0</ele></trkpt>
   <trkpt lon="13.539828" lat="52.493569"><ele>38.0</ele></trkpt>
   <trkpt lon="13.539825" lat="52.493549"><ele>38.0</ele></trkpt>
   <trkpt lon="13.539812" lat="52.493459"><ele>38.0</ele></trkpt>
   <trkpt lon="13.539802" lat="52.493387"><ele>38.0</ele></trkpt>
   <trkpt lon="13.539774" lat="52.493196"><ele>37.75</ele></trkpt>
   <trkpt lon="13.539765" lat="52.493138"><ele>37.75</ele></trkpt>
   <trkpt lon="13.539762" lat="52.493086"><ele>37.75</ele></trkpt>
   <trkpt lon="13.539744" lat="52.492880"><ele>37.75</ele></trkpt>
   <trkpt lon="13.539726" lat="52.492745"><ele>37.75</ele></trkpt>
   <trkpt lon="13.539721" lat="52.492699"><ele>37.75</ele></trkpt>
   <trkpt lon="13.539700" lat="52.492564"><ele>37.75</ele></trkpt>
   <trkpt lon="13.539692" lat="52.492512"><ele>37.75</ele></trkpt>
   <trkpt lon="13.539652" lat="52.492201"><ele>37.0</ele></trkpt>
   <trkpt lon="13.539646" lat="52.492153"><ele>37.0</ele></trkpt>
   <trkpt lon="13.539638" lat="52.492087"><ele>37.0</ele></trkpt>
   <trkpt lon="13.539635" lat="52.492069"><ele>37.0</ele></trkpt>
   <trkpt lon="13.539630" lat="52.492034"><ele>37.0</ele></trkpt>
   <trkpt lon="13.539602" lat="52.491841"><ele>37.25</ele></trkpt>
   <trkpt lon="13.539589" lat="52.491762"><ele>37.0</ele></trkpt>
   <trkpt lon="13.539583" lat="52.491724"><ele>37.0</ele></trkpt>
   <trkpt lon="13.539576" lat="52.491678"><ele>37.0</ele></trkpt>
   <trkpt lon="13.539549" lat="52.491501"><ele>37.0</ele></trkpt>
   <trkpt lon="13.539538" lat="52.491433"><ele>37.0</ele></trkpt>
   <trkpt lon="13.539512" lat="52.491263"><ele>37.0</ele></trkpt>
   <trkpt lon="13.539499" lat="52.491171"><ele>37.0</ele></trkpt>
   <trkpt lon="13.539490" lat="52.491110"><ele>37.0</ele></trkpt>
   <trkpt lon="13.539486" lat="52.491079"><ele>37.0</ele></trkpt>
   <trkpt lon="13.539450" lat="52.490833"><ele>37.0</ele></trkpt>
   <trkpt lon="13.539449" lat="52.490826"><ele>37.0</ele></trkpt>
   <trkpt lon="13.539423" lat="52.490645"><ele>37.0</ele></trkpt>
   <trkpt lon="13.539415" lat="52.490591"><ele>37.0</ele></trkpt>
   <trkpt lon="13.539398" lat="52.490472"><ele>37.0</ele></trkpt>
   <trkpt lon="13.539392" lat="52.490431"><ele>37.0</ele></trkpt>
   <trkpt lon="13.539379" lat="52.490342"><ele>37.0</ele></trkpt>
   <trkpt lon="13.539347" lat="52.490126"><ele>37.0</ele></trkpt>
   <trkpt lon="13.539343" lat="52.490095"><ele>37.0</ele></trkpt>
   <trkpt lon="13.539341" lat="52.490081"><ele>37.0</ele></trkpt>
   <trkpt lon="13.539308" lat="52.489856"><ele>37.0</ele></trkpt>
   <trkpt lon="13.539303" lat="52.489818"><ele>37.0</ele></trkpt>
   <trkpt lon="13.539286" lat="52.489702"><ele>37.0</ele></trkpt>
   <trkpt lon="13.539282" lat="52.489669"><ele>37.0</ele></trkpt>
   <trkpt lon="13.539282" lat="52.489653"><ele>37.0</ele></trkpt>
   <trkpt lon="13.539274" lat="52.489594"><ele>37.0</ele></trkpt>
   <trkpt lon="13.539253" lat="52.489443"><ele>37.0</ele></trkpt>
   <trkpt lon="13.539245" lat="52.489385"><ele>37.0</ele></trkpt>
   <trkpt lon="13.539231" lat="52.489293"><ele>37.0</ele></trkpt>
   <trkpt lon="13.539223" lat="52.489231"><ele>37.0</ele></trkpt>
   <trkpt lon="13.539215" lat="52.489176"><ele>37.0</ele></trkpt>
   <trkpt lon="13.539211" lat="52.489153"><ele>37.0</ele></trkpt>
   <trkpt lon="13.539196" lat="52.489052"><ele>37.0</ele></trkpt>
   <trkpt lon="13.539177" lat="52.488930"><ele>37.0</ele></trkpt>
   <trkpt lon="13.539153" lat="52.488749"><ele>36.75</ele></trkpt>
   <trkpt lon="13.539126" lat="52.488559"><ele>36.75</ele></trkpt>
   <trkpt lon="13.539085" lat="52.488274"><ele>37.0</ele></trkpt>
   <trkpt lon="13.539080" lat="52.488243"><ele>37.0</ele></trkpt>
   <trkpt lon="13.539057" lat="52.488081"><ele>37.0</ele></trkpt>
   <trkpt lon="13.539051" lat="52.488038"><ele>36.75</ele></trkpt>
   <trkpt lon="13.539027" lat="52.487872"><ele>36.5</ele></trkpt>
   <trkpt lon="13.539022" lat="52.487838"><ele>36.5</ele></trkpt>
   <trkpt lon="13.539012" lat="52.487771"><ele>36.25</ele></trkpt>
   <trkpt lon="13.538978" lat="52.487537"><ele>36.25</ele></trkpt>
   <trkpt lon="13.538934" lat="52.487231"><ele>36.0</ele></trkpt>
   <trkpt lon="13.538902" lat="52.487016"><ele>36.0</ele></trkpt>
   <trkpt lon="13.538888" lat="52.486909"><ele>36.0</ele></trkpt>
   <trkpt lon="13.538868" lat="52.486753"><ele>36.0</ele></trkpt>
   <trkpt lon="13.538856" lat="52.486657"><ele>36.0</ele></trkpt>
   <trkpt lon="13.538849" lat="52.486607"><ele>36.0</ele></trkpt>
   <trkpt lon="13.538835" lat="52.486497"><ele>36.0</ele></trkpt>
   <trkpt lon="13.538827" lat="52.486401"><ele>36.0</ele></trkpt>
   <trkpt lon="13.538821" lat="52.486319"><ele>36.0</ele></trkpt>
   <trkpt lon="13.538815" lat="52.486247"><ele>36.0</ele></trkpt>
   <trkpt lon="13.538766" lat="52.486144"><ele>36.0</ele></trkpt>
   <trkpt lon="13.538736" lat="52.486098"><ele>36.0</ele></trkpt>
   <trkpt lon="13.538700" lat="52.486081"><ele>36.0</ele></trkpt>
   <trkpt lon="13.538567" lat="52.486030"><ele>36.0</ele></trkpt>
   <trkpt lon="13.538461" lat="52.486002"><ele>36.0</ele></trkpt>
   <trkpt lon="13.538375" lat="52.485979"><ele>36.0</ele></trkpt>
   <trkpt lon="13.537905" lat="52.485854"><ele>35.75</ele></trkpt>
   <trkpt lon="13.537791" lat="52.485825"><ele>36.0</ele></trkpt>
   <trkpt lon="13.537501" lat="52.485754"><ele>36.0</ele></trkpt>
   <trkpt lon="13.537419" lat="52.485733"><ele>36.0</ele></trkpt>
   <trkpt lon="13.537338" lat="52.485712"><ele>36.25</ele></trkpt>
   <trkpt lon="13.537134" lat="52.485659"><ele>36.25</ele></trkpt>
   <trkpt lon="13.537073" lat="52.485644"><ele>36.25</ele></trkpt>
   <trkpt lon="13.536988" lat="52.485622"><ele>36.0</ele></trkpt>
   <trkpt lon="13.536647" lat="52.485536"><ele>36.0</ele></trkpt>
   <trkpt lon="13.536486" lat="52.485496"><ele>36.0</ele></trkpt>
   <trkpt lon="13.536397" lat="52.485473"><ele>36.0</ele></trkpt>
   <trkpt lon="13.536337" lat="52.485458"><ele>36.0</ele></trkpt>
   <trkpt lon="13.536034" lat="52.485380"><ele>36.25</ele></trkpt>
   <trkpt lon="13.536019" lat="52.485376"><ele>36.25</ele></trkpt>
   <trkpt lon="13.535866" lat="52.485337"><ele>36.0</ele></trkpt>
   <trkpt lon="13.535755" lat="52.485309"><ele>36.0</ele></trkpt>
   <trkpt lon="13.535655" lat="52.485283"><ele>36.0</ele></trkpt>
   <trkpt lon="13.535335" lat="52.485201"><ele>36.0</ele></trkpt>
   <trkpt lon="13.535288" lat="52.485189"><ele>36.0</ele></trkpt>
   <trkpt lon="13.535112" lat="52.485143"><ele>36.25</ele></trkpt>
   <trkpt lon="13.534758" lat="52.485053"><ele>36.0</ele></trkpt>
   <trkpt lon="13.534577" lat="52.484998"><ele>36.0</ele></trkpt>
   <trkpt lon="13.534518" lat="52.484981"><ele>36.0</ele></trkpt>
   <trkpt lon="13.534416" lat="52.484947"><ele>36.0</ele></trkpt>
   <trkpt lon="13.534084" lat="52.484833"><ele>36.0</ele></trkpt>
   <trkpt lon="13.534020" lat="52.484806"><ele>36.0</ele></trkpt>
   <trkpt lon="13.533923" lat="52.484765"><ele>36.0</ele></trkpt>
   <trkpt lon="13.533738" lat="52.484675"><ele>36.0</ele></trkpt>
   <trkpt lon="13.533724" lat="52.484668"><ele>36.0</ele></trkpt>
   <trkpt lon="13.533719" lat="52.484666"><ele>36.0</ele></trkpt>
   <trkpt lon="13.533643" lat="52.484629"><ele>36.0</ele></trkpt>
   <trkpt lon="13.533538" lat="52.484578"><ele>36.0</ele></trkpt>
   <trkpt lon="13.533377" lat="52.484506"><ele>36.0</ele></trkpt>
   <trkpt lon="13.533203" lat="52.484429"><ele>36.0</ele></trkpt>
   <trkpt lon="13.532943" lat="52.484339"><ele>36.0</ele></trkpt>
   <trkpt lon="13.532934" lat="52.484335"><ele>36.0</ele></trkpt>
   <trkpt lon="13.532754" lat="52.484272"><ele>36.0</ele></trkpt>
   <trkpt lon="13.532692" lat="52.484257"><ele>36.0</ele></trkpt>
   <trkpt lon="13.532449" lat="52.484194"><ele>36.0</ele></trkpt>
   <trkpt lon="13.532105" lat="52.484109"><ele>36.0</ele></trkpt>
   <trkpt lon="13.532047" lat="52.484095"><ele>36.0</ele></trkpt>
   <trkpt lon="13.531993" lat="52.484082"><ele>36.0</ele></trkpt>
   <trkpt lon="13.531953" lat="52.484073"><ele>36.0</ele></trkpt>
   <trkpt lon="13.531911" lat="52.484063"><ele>36.0</ele></trkpt>
   <trkpt lon="13.531737" lat="52.484022"><ele>36.0</ele></trkpt>
   <trkpt lon="13.531420" lat="52.483947"><ele>36.0</ele></trkpt>
   <trkpt lon="13.531349" lat="52.483930"><ele>35.75</ele></trkpt>
   <trkpt lon="13.531242" lat="52.483904"><ele>35.75</ele></trkpt>
   <trkpt lon="13.530780" lat="52.483794"><ele>36.0</ele></trkpt>
   <trkpt lon="13.530707" lat="52.483777"><ele>36.0</ele></trkpt>
   <trkpt lon="13.530028" lat="52.483615"><ele>35.75</ele></trkpt>
   <trkpt lon="13.529823" lat="52.483566"><ele>35.75</ele></trkpt>
   <trkpt lon="13.529817" lat="52.483565"><ele>35.75</ele></trkpt>
   <trkpt lon="13.529552" lat="52.483502"><ele>36.5</ele></trkpt>
   <trkpt lon="13.529441" lat="52.483475"><ele>36.75</ele></trkpt>
   <trkpt lon="13.529359" lat="52.483456"><ele>36.75</ele></trkpt>
   <trkpt lon="13.528562" lat="52.483266"><ele>36.75</ele></trkpt>
   <trkpt lon="13.528295" lat="52.483202"><ele>37.0</ele></trkpt>
   <trkpt lon="13.528075" lat="52.483150"><ele>37.0</ele></trkpt>
   <trkpt lon="13.527610" lat="52.483039"><ele>36.0</ele></trkpt>
   <trkpt lon="13.527522" lat="52.483017"><ele>36.0</ele></trkpt>
   <trkpt lon="13.527342" lat="52.482974"><ele>36.0</ele></trkpt>
   <trkpt lon="13.527192" lat="52.482938"><ele>36.0</ele></trkpt>
   <trkpt lon="13.527048" lat="52.482904"><ele>36.0</ele></trkpt>
   <trkpt lon="13.526808" lat="52.482846"><ele>36.0</ele></trkpt>
   <trkpt lon="13.526751" lat="52.482833"><ele>36.0</ele></trkpt>
   <trkpt lon="13.526603" lat="52.482797"><ele>36.0</ele></trkpt>
   <trkpt lon="13.526596" lat="52.482795"><ele>36.0</ele></trkpt>
   <trkpt lon="13.526468" lat="52.482766"><ele>36.0</ele></trkpt>
   <trkpt lon="13.526283" lat="52.482723"><ele>36.0</ele></trkpt>
   <trkpt lon="13.526225" lat="52.482715"><ele>36.0</ele></trkpt>
   <trkpt lon="13.526140" lat="52.482715"><ele>36.0</ele></trkpt>
   <trkpt lon="13.526032" lat="52.482724"><ele>36.0</ele></trkpt>
   <trkpt lon="13.525963" lat="52.482731"><ele>36.0</ele></trkpt>
   <trkpt lon="13.525929" lat="52.482734"><ele>36.0</ele></trkpt>
   <trkpt lon="13.525810" lat="52.482749"><ele>36.0</ele></trkpt>
   <trkpt lon="13.525746" lat="52.482757"><ele>36.0</ele></trkpt>
   <trkpt lon="13.525704" lat="52.482762"><ele>36.0</ele></trkpt>
   <trkpt lon="13.525599" lat="52.482776"><ele>36.0</ele></trkpt>
   <trkpt lon="13.525582" lat="52.482718"><ele>36.0</ele></trkpt>
   <trkpt lon="13.525571" lat="52.482682"><ele>36.0</ele></trkpt>
   <trkpt lon="13.525553" lat="52.482628"><ele>36.0</ele></trkpt>
   <trkpt lon="13.525442" lat="52.482500"><ele>36.0</ele></trkpt>
   <trkpt lon="13.525383" lat="52.482310"><ele>36.0</ele></trkpt>
   <trkpt lon="13.525363" lat="52.482246"><ele>36.0</ele></trkpt>
   <trkpt lon="13.525353" lat="52.482210"><ele>36.0</ele></trkpt>
   <trkpt lon="13.525323" lat="52.482101"><ele>36.0</ele></trkpt>
   <trkpt lon="13.525316" lat="52.482080"><ele>36.0</ele></trkpt>
   <trkpt lon="13.525203" lat="52.481731"><ele>36.0</ele></trkpt>
   <trkpt lon="13.525179" lat="52.481654"><ele>36.0</ele></trkpt>
   <trkpt lon="13.525141" lat="52.481535"><ele>37.0</ele></trkpt>
   <trkpt lon="13.525108" lat="52.481429"><ele>38.25</ele></trkpt>
   <trkpt lon="13.525047" lat="52.481231"><ele>37.25</ele></trkpt>
   <trkpt lon="13.525000" lat="52.481068"><ele>35.75</ele></trkpt>
   <trkpt lon="13.524989" lat="52.480876"><ele>35.75</ele></trkpt>
   <trkpt lon="13.524950" lat="52.480437"><ele>36.0</ele></trkpt>
   <trkpt lon="13.524948" lat="52.480410"><ele>36.0</ele></trkpt>
   <trkpt lon="13.524942" lat="52.480298"><ele>36.0</ele></trkpt>
   <trkpt lon="13.524936" lat="52.480232"><ele>36.0</ele></trkpt>
   <trkpt lon="13.524918" lat="52.480174"><ele>36.0</ele></trkpt>
   <trkpt lon="13.524911" lat="52.480151"><ele>36.0</ele></trkpt>
   <trkpt lon="13.524730" lat="52.479620"><ele>36.0</ele></trkpt>
   <trkpt lon="13.524713" lat="52.479573"><ele>36.0</ele></trkpt>
   <trkpt lon="13.524645" lat="52.479358"><ele>36.0</ele></trkpt>
   <trkpt lon="13.524485" lat="52.478849"><ele>35.0</ele></trkpt>
   <trkpt lon="13.524484" lat="52.478830"><ele>35.0</ele></trkpt>
   <trkpt lon="13.524431" lat="52.478652"><ele>35.0</ele></trkpt>
   <trkpt lon="13.524423" lat="52.478626"><ele>35.0</ele></trkpt>
   <trkpt lon="13.524379" lat="52.478643"><ele>35.0</ele></trkpt>
   <trkpt lon="13.524366" lat="52.478648"><ele>35.0</ele></trkpt>
   <trkpt lon="13.524295" lat="52.478675"><ele>35.0</ele></trkpt>
   <trkpt lon="13.524084" lat="52.478768"><ele>35.0</ele></trkpt>
   <trkpt lon="13.524030" lat="52.478769"><ele>35.0</ele></trkpt>
   <trkpt lon="13.523943" lat="52.478757"><ele>35.0</ele></trkpt>
   <trkpt lon="13.523915" lat="52.478753"><ele>35.0</ele></trkpt>
   <trkpt lon="13.523704" lat="52.478846"><ele>35.0</ele></trkpt>
   <trkpt lon="13.523644" lat="52.478872"><ele>35.0</ele></trkpt>
   <trkpt lon="13.523578" lat="52.478901"><ele>35.0</ele></trkpt>
   <trkpt lon="13.523150" lat="52.479090"><ele>35.0</ele></trkpt>
   <trkpt lon="13.522546" lat="52.479356"><ele>35.0</ele></trkpt>
   <trkpt lon="13.522478" lat="52.479386"><ele>35.0</ele></trkpt>
   <trkpt lon="13.522382" lat="52.479428"><ele>35.0</ele></trkpt>
   <trkpt lon="13.521562" lat="52.479789"><ele>35.0</ele></trkpt>
   <trkpt lon="13.521489" lat="52.479821"><ele>35.0</ele></trkpt>
   <trkpt lon="13.521397" lat="52.479862"><ele>35.0</ele></trkpt>
   <trkpt lon="13.521019" lat="52.480028"><ele>35.0</ele></trkpt>
   <trkpt lon="13.520596" lat="52.480215"><ele>35.0</ele></trkpt>
   <trkpt lon="13.520507" lat="52.480254"><ele>35.0</ele></trkpt>
   <trkpt lon="13.520443" lat="52.480282"><ele>35.0</ele></trkpt>
   <trkpt lon="13.519604" lat="52.480651"><ele>35.0</ele></trkpt>
   <trkpt lon="13.519508" lat="52.480693"><ele>35.0</ele></trkpt>
   <trkpt lon="13.519170" lat="52.480842"><ele>35.0</ele></trkpt>
   <trkpt lon="13.518223" lat="52.481259"><ele>35.0</ele></trkpt>
   <trkpt lon="13.518142" lat="52.481295"><ele>35.0</ele></trkpt>
   <trkpt lon="13.518068" lat="52.481328"><ele>35.0</ele></trkpt>
   <trkpt lon="13.517202" lat="52.481709"><ele>35.0</ele></trkpt>
   <trkpt lon="13.517119" lat="52.481745"><ele>35.0</ele></trkpt>
   <trkpt lon="13.517034" lat="52.481783"><ele>35.25</ele></trkpt>
   <trkpt lon="13.517021" lat="52.481773"><ele>35.25</ele></trkpt>
   <trkpt lon="13.516981" lat="52.481738"><ele>35.0</ele></trkpt>
   <trkpt lon="13.516961" lat="52.481721"><ele>35.0</ele></trkpt>
   <trkpt lon="13.516684" lat="52.481491"><ele>35.25</ele></trkpt>
   <trkpt lon="13.515785" lat="52.480741"><ele>34.75</ele></trkpt>
   <trkpt lon="13.515769" lat="52.480728"><ele>34.75</ele></trkpt>
   <trkpt lon="13.515439" lat="52.480447"><ele>34.0</ele></trkpt>
   <trkpt lon="13.515268" lat="52.480302"><ele>33.75</ele></trkpt>
   <trkpt lon="13.515081" lat="52.480143"><ele>34.25</ele></trkpt>
   <trkpt lon="13.514815" lat="52.479917"><ele>35.0</ele></trkpt>
   <trkpt lon="13.514748" lat="52.479855"><ele>35.0</ele></trkpt>
   <trkpt lon="13.514618" lat="52.479734"><ele>34.5</ele></trkpt>
   <trkpt lon="13.514570" lat="52.479690"><ele>34.25</ele></trkpt>
   <trkpt lon="13.514158" lat="52.479344"><ele>34.0</ele></trkpt>
   <trkpt lon="13.513545" lat="52.478832"><ele>35.0</ele></trkpt>
   <trkpt lon="13.513497" lat="52.478793"><ele>35.0</ele></trkpt>
   <trkpt lon="13.513451" lat="52.478753"><ele>35.0</ele></trkpt>
   <trkpt lon="13.513443" lat="52.478747"><ele>35.0</ele></trkpt>
   <trkpt lon="13.512648" lat="52.478075"><ele>34.0</ele></trkpt>
   <trkpt lon="13.512604" lat="52.478037"><ele>34.0</ele></trkpt>
   <trkpt lon="13.512598" lat="52.478032"><ele>34.0</ele></trkpt>
   <trkpt lon="13.512544" lat="52.477984"><ele>34.25</ele></trkpt>
   <trkpt lon="13.512500" lat="52.477948"><ele>34.25</ele></trkpt>
   <trkpt lon="13.512152" lat="52.477660"><ele>34.25</ele></trkpt>
   <trkpt lon="13.511997" lat="52.477518"><ele>34.75</ele></trkpt>
   <trkpt lon="13.511843" lat="52.477330"><ele>35.0</ele></trkpt>
   <trkpt lon="13.511729" lat="52.477280"><ele>35.0</ele></trkpt>
   <trkpt lon="13.511810" lat="52.477196"><ele>35.0</ele></trkpt>
   <trkpt lon="13.511848" lat="52.477158"><ele>35.0</ele></trkpt>
   <trkpt lon="13.511870" lat="52.477120"><ele>35.0</ele></trkpt>
   <trkpt lon="13.511896" lat="52.477054"><ele>35.0</ele></trkpt>
   <trkpt lon="13.511707" lat="52.476796"><ele>35.25</ele></trkpt>
   <trkpt lon="13.511633" lat="52.476695"><ele>35.0</ele></trkpt>
   <trkpt lon="13.511576" lat="52.476616"><ele>35.0</ele></trkpt>
   <trkpt lon="13.511570" lat="52.476608"><ele>35.0</ele></trkpt>
   <trkpt lon="13.511295" lat="52.476231"><ele>35.0</ele></trkpt>
   <trkpt lon="13.511271" lat="52.476185"><ele>35.0</ele></trkpt>
   <trkpt lon="13.511191" lat="52.476027"><ele>35.0</ele></trkpt>
   <trkpt lon="13.511140" lat="52.475927"><ele>35.0</ele></trkpt>
   <trkpt lon="13.511113" lat="52.475873"><ele>35.0</ele></trkpt>
   <trkpt lon="13.511244" lat="52.475513"><ele>35.0</ele></trkpt>
   <trkpt lon="13.511207" lat="52.475460"><ele>35.0</ele></trkpt>
   <trkpt lon="13.509983" lat="52.475280"><ele>35.0</ele></trkpt>
   <trkpt lon="13.508915" lat="52.475123"><ele>35.0</ele></trkpt>
   <trkpt lon="13.508620" lat="52.475081"><ele>35.0</ele></trkpt>
   <trkpt lon="13.508483" lat="52.475058"><ele>35.0</ele></trkpt>
   <trkpt lon="13.507785" lat="52.474957"><ele>35.0</ele></trkpt>
   <trkpt lon="13.507645" lat="52.474934"><ele>35.0</ele></trkpt>
   <trkpt lon="13.507527" lat="52.475047"><ele>35.0</ele></trkpt>
   <trkpt lon="13.507512" lat="52.475059"><ele>35.0</ele></trkpt>
   <trkpt lon="13.507122" lat="52.475399"><ele>35.0</ele></trkpt>
   <trkpt lon="13.505933" lat="52.476522"><ele>34.75</ele></trkpt>
   <trkpt lon="13.505909" lat="52.476544"><ele>34.75</ele></trkpt>
   <trkpt lon="13.504670" lat="52.477675"><ele>35.0</ele></trkpt>
   <trkpt lon="13.504624" lat="52.477719"><ele>35.0</ele></trkpt>
   <trkpt lon="13.504392" lat="52.477931"><ele>35.0</ele></trkpt>
   <trkpt lon="13.504238" lat="52.478108"><ele>35.0</ele></trkpt>
   <trkpt lon="13.504169" lat="52.478202"><ele>35.0</ele></trkpt>
   <trkpt lon="13.504108" lat="52.478299"><ele>35.0</ele></trkpt>
   <trkpt lon="13.503144" lat="52.480062"><ele>35.5</ele></trkpt>
   <trkpt lon="13.502895" lat="52.480507"><ele>35.0</ele></trkpt>
   <trkpt lon="13.502591" lat="52.481068"><ele>35.5</ele></trkpt>
   <trkpt lon="13.502291" lat="52.481613"><ele>35.75</ele></trkpt>
   <trkpt lon="13.502151" lat="52.481929"><ele>35.0</ele></trkpt>
   <trkpt lon="13.502120" lat="52.482013"><ele>35.0</ele></trkpt>
   <trkpt lon="13.501988" lat="52.482285"><ele>35.0</ele></trkpt>
   <trkpt lon="13.501862" lat="52.482497"><ele>35.0</ele></trkpt>
   <trkpt lon="13.501806" lat="52.482574"><ele>35.0</ele></trkpt>
   <trkpt lon="13.501749" lat="52.482650"><ele>35.0</ele></trkpt>
   <trkpt lon="13.501478" lat="52.482980"><ele>35.0</ele></trkpt>
   <trkpt lon="13.501443" lat="52.483021"><ele>35.0</ele></trkpt>
   <trkpt lon="13.501411" lat="52.483052"><ele>35.0</ele></trkpt>
   <trkpt lon="13.501356" lat="52.483105"><ele>35.0</ele></trkpt>
   <trkpt lon="13.501251" lat="52.483201"><ele>35.0</ele></trkpt>
   <trkpt lon="13.501211" lat="52.483239"><ele>35.0</ele></trkpt>
   <trkpt lon="13.501199" lat="52.483250"><ele>35.0</ele></trkpt>
   <trkpt lon="13.501172" lat="52.483274"><ele>35.0</ele></trkpt>
   <trkpt lon="13.500767" lat="52.483626"><ele>35.0</ele></trkpt>
   <trkpt lon="13.500073" lat="52.484234"><ele>35.0</ele></trkpt>
   <trkpt lon="13.499833" lat="52.484455"><ele>35.0</ele></trkpt>
   <trkpt lon="13.498989" lat="52.485271"><ele>35.0</ele></trkpt>
   <trkpt lon="13.498699" lat="52.485553"><ele>35.75</ele></trkpt>
   <trkpt lon="13.498550" lat="52.485714"><ele>36.0</ele></trkpt>
   <trkpt lon="13.498519" lat="52.485748"><ele>36.0</ele></trkpt>
   <trkpt lon="13.498458" lat="52.485815"><ele>36.0</ele></trkpt>
   <trkpt lon="13.498357" lat="52.485913"><ele>36.25</ele></trkpt>
   <trkpt lon="13.498124" lat="52.486109"><ele>36.75</ele></trkpt>
   <trkpt lon="13.497628" lat="52.486579"><ele>35.5</ele></trkpt>
   <trkpt lon="13.497214" lat="52.486978"><ele>36.75</ele></trkpt>
   <trkpt lon="13.496468" lat="52.487722"><ele>36.0</ele></trkpt>
   <trkpt lon="13.496448" lat="52.487742"><ele>36.0</ele></trkpt>
   <trkpt lon="13.496345" lat="52.487844"><ele>35.75</ele></trkpt>
   <trkpt lon="13.496188" lat="52.488001"><ele>35.0</ele></trkpt>
   <trkpt lon="13.496111" lat="52.488068"><ele>35.0</ele></trkpt>
   <trkpt lon="13.496025" lat="52.488147"><ele>35.0</ele></trkpt>
   <trkpt lon="13.495790" lat="52.488353"><ele>35.0</ele></trkpt>
   <trkpt lon="13.494947" lat="52.489157"><ele>35.0</ele></trkpt>
   <trkpt lon="13.494896" lat="52.489206"><ele>35.0</ele></trkpt>
   <trkpt lon="13.494119" lat="52.489953"><ele>35.0</ele></trkpt>
   <trkpt lon="13.492331" lat="52.491672"><ele>35.0</ele></trkpt>
   <trkpt lon="13.492160" lat="52.491850"><ele>35.0</ele></trkpt>
   <trkpt lon="13.492044" lat="52.491975"><ele>35.0</ele></trkpt>
   <trkpt lon="13.491800" lat="52.492198"><ele>35.0</ele></trkpt>
   <trkpt lon="13.491734" lat="52.492257"><ele>35.0</ele></trkpt>
   <trkpt lon="13.491724" lat="52.492266"><ele>35.0</ele></trkpt>
   <trkpt lon="13.491300" lat="52.492666"><ele>35.0</ele></trkpt>
   <trkpt lon="13.491283" lat="52.492681"><ele>35.0</ele></trkpt>
   <trkpt lon="13.491150" lat="52.492807"><ele>35.0</ele></trkpt>
   <trkpt lon="13.490896" lat="52.493033"><ele>35.0</ele></trkpt>
   <trkpt lon="13.490837" lat="52.493086"><ele>35.0</ele></trkpt>
   <trkpt lon="13.490644" lat="52.493268"><ele>35.0</ele></trkpt>
   <trkpt lon="13.490610" lat="52.493300"><ele>35.0</ele></trkpt>
   <trkpt lon="13.490433" lat="52.493466"><ele>35.0</ele></trkpt>
   <trkpt lon="13.490346" lat="52.493550"><ele>35.0</ele></trkpt>
   <trkpt lon="13.490224" lat="52.493665"><ele>35.0</ele></trkpt>
   <trkpt lon="13.490134" lat="52.493749"><ele>35.0</ele></trkpt>
   <trkpt lon="13.489930" lat="52.493942"><ele>35.0</ele></trkpt>
   <trkpt lon="13.489235" lat="52.494560"><ele>35.0</ele></trkpt>
   <trkpt lon="13.488649" lat="52.495113"><ele>35.0</ele></trkpt>
   <trkpt lon="13.488032" lat="52.495704"><ele>35.0</ele></trkpt>
   <trkpt lon="13.487931" lat="52.495774"><ele>35.0</ele></trkpt>
   <trkpt lon="13.487820" lat="52.495838"><ele>35.0</ele></trkpt>
   <trkpt lon="13.487216" lat="52.496119"><ele>35.0</ele></trkpt>
   <trkpt lon="13.486608" lat="52.496406"><ele>35.0</ele></trkpt>
   <trkpt lon="13.486162" lat="52.496615"><ele>35.0</ele></trkpt>
   <trkpt lon="13.485983" lat="52.496699"><ele>35.0</ele></trkpt>
   <trkpt lon="13.486044" lat="52.496750"><ele>35.0</ele></trkpt>
   <trkpt lon="13.485864" lat="52.496825"><ele>35.0</ele></trkpt>
   <trkpt lon="13.485830" lat="52.496840"><ele>35.0</ele></trkpt>
   <trkpt lon="13.485811" lat="52.496848"><ele>35.0</ele></trkpt>
   <trkpt lon="13.485791" lat="52.496874"><ele>35.0</ele></trkpt>
   <trkpt lon="13.485591" lat="52.496938"><ele>35.0</ele></trkpt>
   <trkpt lon="13.485520" lat="52.496971"><ele>35.0</ele></trkpt>
   <trkpt lon="13.485085" lat="52.497173"><ele>35.0</ele></trkpt>
   <trkpt lon="13.484625" lat="52.497388"><ele>35.0</ele></trkpt>
   <trkpt lon="13.484516" lat="52.497439"><ele>35.0</ele></trkpt>
   <trkpt lon="13.484361" lat="52.497509"><ele>35.0</ele></trkpt>
   <trkpt lon="13.483599" lat="52.497861"><ele>35.0</ele></trkpt>
   <trkpt lon="13.483161" lat="52.498060"><ele>35.25</ele></trkpt>
   <trkpt lon="13.482928" lat="52.498169"><ele>35.25</ele></trkpt>
   <trkpt lon="13.482769" lat="52.498245"><ele>35.5</ele></trkpt>
   <trkpt lon="13.482636" lat="52.498305"><ele>35.25</ele></trkpt>
   <trkpt lon="13.482574" lat="52.498334"><ele>35.25</ele></trkpt>
   <trkpt lon="13.482512" lat="52.498362"><ele>35.0</ele></trkpt>
   <trkpt lon="13.482439" lat="52.498395"><ele>35.0</ele></trkpt>
   <trkpt lon="13.482287" lat="52.498465"><ele>35.25</ele></trkpt>
   <trkpt lon="13.482155" lat="52.498526"><ele>35.5</ele></trkpt>
   <trkpt lon="13.482076" lat="52.498562"><ele>35.25</ele></trkpt>
   <trkpt lon="13.482016" lat="52.498589"><ele>35.0</ele></trkpt>
   <trkpt lon="13.481963" lat="52.498613"><ele>35.0</ele></trkpt>
   <trkpt lon="13.481800" lat="52.498688"><ele>35.0</ele></trkpt>
   <trkpt lon="13.481708" lat="52.498731"><ele>35.0</ele></trkpt>
   <trkpt lon="13.481642" lat="52.498762"><ele>35.0</ele></trkpt>
   <trkpt lon="13.481565" lat="52.498798"><ele>35.0</ele></trkpt>
   <trkpt lon="13.481475" lat="52.498841"><ele>35.0</ele></trkpt>
   <trkpt lon="13.481349" lat="52.498900"><ele>35.0</ele></trkpt>
   <trkpt lon="13.481107" lat="52.499013"><ele>35.0</ele></trkpt>
   <trkpt lon="13.480962" lat="52.499080"><ele>35.0</ele></trkpt>
   <trkpt lon="13.480917" lat="52.499088"><ele>35.0</ele></trkpt>
   <trkpt lon="13.480886" lat="52.499102"><ele>35.0</ele></trkpt>
   <trkpt lon="13.480838" lat="52.499127"><ele>35.0</ele></trkpt>
   <trkpt lon="13.480740" lat="52.499172"><ele>35.0</ele></trkpt>
   <trkpt lon="13.480701" lat="52.499148"><ele>35.0</ele></trkpt>
   <trkpt lon="13.480575" lat="52.499210"><ele>35.0</ele></trkpt>
   <trkpt lon="13.480481" lat="52.499251"><ele>35.0</ele></trkpt>
   <trkpt lon="13.480428" lat="52.499275"><ele>35.0</ele></trkpt>
   <trkpt lon="13.479815" lat="52.499537"><ele>35.0</ele></trkpt>
   <trkpt lon="13.478410" lat="52.500182"><ele>35.0</ele></trkpt>
   <trkpt lon="13.477926" lat="52.500402"><ele>35.0</ele></trkpt>
   <trkpt lon="13.477183" lat="52.500737"><ele>34.75</ele></trkpt>
   <trkpt lon="13.476829" lat="52.500876"><ele>34.0</ele></trkpt>
   <trkpt lon="13.476639" lat="52.500962"><ele>34.25</ele></trkpt>
   <trkpt lon="13.476461" lat="52.501043"><ele>34.0</ele></trkpt>
   <trkpt lon="13.476131" lat="52.501194"><ele>34.25</ele></trkpt>
   <trkpt lon="13.475753" lat="52.501368"><ele>34.5</ele></trkpt>
   <trkpt lon="13.475621" lat="52.501429"><ele>34.25</ele></trkpt>
   <trkpt lon="13.475571" lat="52.501452"><ele>34.25</ele></trkpt>
   <trkpt lon="13.475520" lat="52.501475"><ele>34.25</ele></trkpt>
   <trkpt lon="13.475333" lat="52.501538"><ele>34.0</ele></trkpt>
   <trkpt lon="13.475286" lat="52.501549"><ele>34.0</ele></trkpt>
   <trkpt lon="13.475209" lat="52.501561"><ele>34.0</ele></trkpt>
   <trkpt lon="13.475225" lat="52.501600"><ele>34.0</ele></trkpt>
   <trkpt lon="13.475233" lat="52.501622"><ele>34.0</ele></trkpt>
   <trkpt lon="13.475241" lat="52.501641"><ele>34.0</ele></trkpt>
   <trkpt lon="13.475258" lat="52.501682"><ele>34.0</ele></trkpt>
   <trkpt lon="13.475280" lat="52.501729"><ele>34.0</ele></trkpt>
   <trkpt lon="13.475348" lat="52.501873"><ele>34.0</ele></trkpt>
   <trkpt lon="13.475400" lat="52.501979"><ele>34.0</ele></trkpt>
   <trkpt lon="13.475418" lat="52.502021"><ele>34.25</ele></trkpt>
   <trkpt lon="13.475473" lat="52.502142"><ele>34.25</ele></trkpt>
   <trkpt lon="13.475496" lat="52.502195"><ele>34.25</ele></trkpt>
   <trkpt lon="13.475509" lat="52.502239"><ele>34.25</ele></trkpt>
   <trkpt lon="13.475529" lat="52.502363"><ele>34.0</ele></trkpt>
   <trkpt lon="13.475543" lat="52.502462"><ele>34.0</ele></trkpt>
   <trkpt lon="13.475545" lat="52.502487"><ele>34.0</ele></trkpt>
   <trkpt lon="13.475546" lat="52.502517"><ele>34.0</ele></trkpt>
   <trkpt lon="13.475545" lat="52.502528"><ele>34.0</ele></trkpt>
   <trkpt lon="13.475524" lat="52.502599"><ele>34.5</ele></trkpt>
   <trkpt lon="13.475495" lat="52.502635"><ele>34.5</ele></trkpt>
   <trkpt lon="13.475454" lat="52.502666"><ele>34.75</ele></trkpt>
   <trkpt lon="13.475439" lat="52.502675"><ele>34.75</ele></trkpt>
   <trkpt lon="13.475394" lat="52.502695"><ele>35.0</ele></trkpt>
   <trkpt lon="13.475318" lat="52.502715"><ele>35.0</ele></trkpt>
   <trkpt lon="13.475271" lat="52.502725"><ele>35.0</ele></trkpt>
   <trkpt lon="13.475154" lat="52.502767"><ele>35.0</ele></trkpt>
   <trkpt lon="13.475000" lat="52.502822"><ele>35.0</ele></trkpt>
   <trkpt lon="13.474689" lat="52.502888"><ele>35.0</ele></trkpt>
   <trkpt lon="13.474199" lat="52.502986"><ele>35.0</ele></trkpt>
   <trkpt lon="13.474010" lat="52.503021"><ele>35.0</ele></trkpt>
   <trkpt lon="13.473959" lat="52.503031"><ele>35.0</ele></trkpt>
   <trkpt lon="13.473736" lat="52.503068"><ele>35.0</ele></trkpt>
   <trkpt lon="13.473602" lat="52.503075"><ele>35.0</ele></trkpt>
   <trkpt lon="13.473550" lat="52.503076"><ele>35.0</ele></trkpt>
   <trkpt lon="13.473366" lat="52.503111"><ele>35.0</ele></trkpt>
   <trkpt lon="13.473316" lat="52.503121"><ele>35.0</ele></trkpt>
   <trkpt lon="13.473164" lat="52.503158"><ele>35.0</ele></trkpt>
   <trkpt lon="13.473101" lat="52.503182"><ele>35.0</ele></trkpt>
   <trkpt lon="13.473018" lat="52.503229"><ele>35.0</ele></trkpt>
   <trkpt lon="13.472948" lat="52.503281"><ele>35.0</ele></trkpt>
   <trkpt lon="13.472861" lat="52.503365"><ele>35.0</ele></trkpt>
   <trkpt lon="13.472730" lat="52.503525"><ele>35.0</ele></trkpt>
   <trkpt lon="13.472351" lat="52.504001"><ele>35.0</ele></trkpt>
   <trkpt lon="13.472255" lat="52.504123"><ele>35.0</ele></trkpt>
   <trkpt lon="13.472122" lat="52.504272"><ele>35.0</ele></trkpt>
   <trkpt lon="13.471740" lat="52.504709"><ele>35.0</ele></trkpt>
   <trkpt lon="13.471490" lat="52.504987"><ele>35.0</ele></trkpt>
   <trkpt lon="13.471456" lat="52.505022"><ele>35.0</ele></trkpt>
   <trkpt lon="13.471400" lat="52.505080"><ele>35.0</ele></trkpt>
   <trkpt lon="13.471362" lat="52.505121"><ele>35.0</ele></trkpt>
   <trkpt lon="13.471237" lat="52.505249"><ele>35.5</ele></trkpt>
   <trkpt lon="13.471227" lat="52.505260"><ele>35.5</ele></trkpt>
   <trkpt lon="13.470917" lat="52.505581"><ele>35.25</ele></trkpt>
   <trkpt lon="13.470715" lat="52.505791"><ele>35.0</ele></trkpt>
   <trkpt lon="13.470450" lat="52.506065"><ele>35.75</ele></trkpt>
   <trkpt lon="13.470394" lat="52.506124"><ele>36.0</ele></trkpt>
   <trkpt lon="13.470339" lat="52.506161"><ele>36.0</ele></trkpt>
   <trkpt lon="13.470292" lat="52.506194"><ele>36.0</ele></trkpt>
   <trkpt lon="13.470216" lat="52.506229"><ele>36.0</ele></trkpt>
   <trkpt lon="13.470133" lat="52.506266"><ele>36.0</ele></trkpt>
   <trkpt lon="13.470067" lat="52.506294"><ele>36.0</ele></trkpt>
   <trkpt lon="13.469774" lat="52.506420"><ele>36.0</ele></trkpt>
   <trkpt lon="13.469741" lat="52.506434"><ele>36.0</ele></trkpt>
   <trkpt lon="13.469598" lat="52.506498"><ele>36.0</ele></trkpt>
   <trkpt lon="13.469498" lat="52.506544"><ele>36.0</ele></trkpt>
   <trkpt lon="13.469338" lat="52.506616"><ele>36.0</ele></trkpt>
   <trkpt lon="13.469104" lat="52.506721"><ele>36.0</ele></trkpt>
   <trkpt lon="13.468929" lat="52.506800"><ele>36.0</ele></trkpt>
   <trkpt lon="13.468595" lat="52.506956"><ele>36.0</ele></trkpt>
   <trkpt lon="13.468565" lat="52.506973"><ele>36.0</ele></trkpt>
   <trkpt lon="13.468397" lat="52.507069"><ele>36.0</ele></trkpt>
   <trkpt lon="13.468338" lat="52.507106"><ele>36.0</ele></trkpt>
   <trkpt lon="13.468314" lat="52.507123"><ele>36.0</ele></trkpt>
   <trkpt lon="13.468299" lat="52.507116"><ele>36.0</ele></trkpt>
   <trkpt lon="13.468205" lat="52.507069"><ele>36.0</ele></trkpt>
   <trkpt lon="13.468185" lat="52.507059"><ele>36.0</ele></trkpt>
   <trkpt lon="13.468088" lat="52.507049"><ele>36.0</ele></trkpt>
   <trkpt lon="13.467691" lat="52.507147"><ele>36.0</ele></trkpt>
   <trkpt lon="13.466860" lat="52.507344"><ele>36.0</ele></trkpt>
   <trkpt lon="13.466735" lat="52.507374"><ele>36.0</ele></trkpt>
   <trkpt lon="13.466164" lat="52.507510"><ele>35.75</ele></trkpt>
   <trkpt lon="13.465802" lat="52.507598"><ele>36.0</ele></trkpt>
   <trkpt lon="13.465635" lat="52.507640"><ele>36.0</ele></trkpt>
   <trkpt lon="13.465576" lat="52.507654"><ele>36.0</ele></trkpt>
   <trkpt lon="13.465395" lat="52.507697"><ele>36.0</ele></trkpt>
   <trkpt lon="13.465250" lat="52.507732"><ele>36.0</ele></trkpt>
   <trkpt lon="13.465213" lat="52.507740"><ele>36.0</ele></trkpt>
   <trkpt lon="13.465154" lat="52.507754"><ele>36.0</ele></trkpt>
   <trkpt lon="13.464996" lat="52.507794"><ele>36.0</ele></trkpt>
   <trkpt lon="13.464613" lat="52.507889"><ele>36.0</ele></trkpt>
   <trkpt lon="13.464188" lat="52.507989"><ele>36.0</ele></trkpt>
   <trkpt lon="13.463640" lat="52.508117"><ele>36.0</ele></trkpt>
   <trkpt lon="13.463287" lat="52.508199"><ele>36.0</ele></trkpt>
   <trkpt lon="13.463160" lat="52.508230"><ele>36.0</ele></trkpt>
   <trkpt lon="13.462290" lat="52.508438"><ele>36.0</ele></trkpt>
   <trkpt lon="13.461439" lat="52.508639"><ele>36.0</ele></trkpt>
   <trkpt lon="13.461321" lat="52.508667"><ele>36.0</ele></trkpt>
   <trkpt lon="13.461229" lat="52.508689"><ele>36.0</ele></trkpt>
   <trkpt lon="13.460892" lat="52.508768"><ele>36.0</ele></trkpt>
   <trkpt lon="13.460174" lat="52.508937"><ele>35.0</ele></trkpt>
   <trkpt lon="13.460119" lat="52.508950"><ele>35.0</ele></trkpt>
   <trkpt lon="13.459985" lat="52.508982"><ele>35.0</ele></trkpt>
   <trkpt lon="13.459864" lat="52.509011"><ele>35.25</ele></trkpt>
   <trkpt lon="13.459801" lat="52.509026"><ele>35.25</ele></trkpt>
   <trkpt lon="13.459101" lat="52.509196"><ele>35.0</ele></trkpt>
   <trkpt lon="13.458697" lat="52.509293"><ele>35.5</ele></trkpt>
   <trkpt lon="13.458541" lat="52.509331"><ele>35.25</ele></trkpt>
   <trkpt lon="13.457970" lat="52.509469"><ele>35.0</ele></trkpt>
   <trkpt lon="13.457869" lat="52.509494"><ele>34.75</ele></trkpt>
   <trkpt lon="13.457766" lat="52.509519"><ele>35.0</ele></trkpt>
   <trkpt lon="13.456985" lat="52.509709"><ele>35.0</ele></trkpt>
   <trkpt lon="13.456350" lat="52.509872"><ele>35.0</ele></trkpt>
   <trkpt lon="13.456181" lat="52.509916"><ele>35.0</ele></trkpt>
   <trkpt lon="13.456039" lat="52.509950"><ele>35.0</ele></trkpt>
   <trkpt lon="13.455348" lat="52.510077"><ele>35.0</ele></trkpt>
   <trkpt lon="13.455220" lat="52.510099"><ele>35.25</ele></trkpt>
   <trkpt lon="13.455102" lat="52.510120"><ele>35.75</ele></trkpt>
   <trkpt lon="13.454199" lat="52.510287"><ele>36.0</ele></trkpt>
   <trkpt lon="13.454131" lat="52.510299"><ele>36.0</ele></trkpt>
   <trkpt lon="13.453707" lat="52.510377"><ele>36.0</ele></trkpt>
   <trkpt lon="13.453588" lat="52.510399"><ele>36.0</ele></trkpt>
   <trkpt lon="13.453394" lat="52.510434"><ele>36.0</ele></trkpt>
   <trkpt lon="13.453194" lat="52.510471"><ele>36.0</ele></trkpt>
   <trkpt lon="13.453020" lat="52.510503"><ele>36.0</ele></trkpt>
   <trkpt lon="13.452841" lat="52.510536"><ele>36.0</ele></trkpt>
   <trkpt lon="13.452520" lat="52.510595"><ele>36.0</ele></trkpt>
   <trkpt lon="13.452316" lat="52.510633"><ele>36.0</ele></trkpt>
   <trkpt lon="13.452200" lat="52.510654"><ele>36.0</ele></trkpt>
   <trkpt lon="13.452159" lat="52.510662"><ele>36.0</ele></trkpt>
   <trkpt lon="13.451983" lat="52.510694"><ele>36.75</ele></trkpt>
   <trkpt lon="13.451919" lat="52.510706"><ele>37.0</ele></trkpt>
   <trkpt lon="13.451744" lat="52.510738"><ele>37.0</ele></trkpt>
   <trkpt lon="13.451682" lat="52.510749"><ele>37.0</ele></trkpt>
   <trkpt lon="13.451609" lat="52.510762"><ele>36.75</ele></trkpt>
   <trkpt lon="13.451467" lat="52.510788"><ele>36.25</ele></trkpt>
   <trkpt lon="13.451428" lat="52.510795"><ele>36.25</ele></trkpt>
   <trkpt lon="13.451405" lat="52.510799"><ele>36.0</ele></trkpt>
   <trkpt lon="13.450971" lat="52.510878"><ele>36.0</ele></trkpt>
   <trkpt lon="13.450857" lat="52.510908"><ele>36.0</ele></trkpt>
   <trkpt lon="13.450607" lat="52.510954"><ele>36.0</ele></trkpt>
   <trkpt lon="13.450601" lat="52.510956"><ele>36.0</ele></trkpt>
   <trkpt lon="13.450550" lat="52.510965"><ele>36.0</ele></trkpt>
   <trkpt lon="13.450013" lat="52.511065"><ele>36.0</ele></trkpt>
   <trkpt lon="13.449937" lat="52.511067"><ele>36.0</ele></trkpt>
   <trkpt lon="13.449444" lat="52.511157"><ele>36.0</ele></trkpt>
   <trkpt lon="13.449293" lat="52.511184"><ele>36.0</ele></trkpt>
   <trkpt lon="13.449179" lat="52.511205"><ele>36.0</ele></trkpt>
   <trkpt lon="13.449028" lat="52.511232"><ele>36.0</ele></trkpt>
   <trkpt lon="13.448909" lat="52.511252"><ele>36.0</ele></trkpt>
   <trkpt lon="13.448739" lat="52.511264"><ele>36.0</ele></trkpt>
   <trkpt lon="13.448693" lat="52.511267"><ele>36.0</ele></trkpt>
   <trkpt lon="13.448175" lat="52.511302"><ele>36.0</ele></trkpt>
   <trkpt lon="13.447799" lat="52.511327"><ele>36.0</ele></trkpt>
   <trkpt lon="13.447687" lat="52.511334"><ele>36.0</ele></trkpt>
   <trkpt lon="13.447220" lat="52.511365"><ele>36.0</ele></trkpt>
   <trkpt lon="13.446881" lat="52.511386"><ele>36.0</ele></trkpt>
   <trkpt lon="13.446745" lat="52.511390"><ele>36.0</ele></trkpt>
   <trkpt lon="13.446568" lat="52.511389"><ele>36.0</ele></trkpt>
   <trkpt lon="13.446334" lat="52.511381"><ele>36.0</ele></trkpt>
   <trkpt lon="13.446224" lat="52.511379"><ele>36.0</ele></trkpt>
   <trkpt lon="13.445560" lat="52.511362"><ele>36.0</ele></trkpt>
   <trkpt lon="13.444871" lat="52.511346"><ele>36.0</ele></trkpt>
   <trkpt lon="13.444781" lat="52.511352"><ele>36.0</ele></trkpt>
   <trkpt lon="13.444693" lat="52.511370"><ele>36.0</ele></trkpt>
   <trkpt lon="13.444632" lat="52.511396"><ele>36.0</ele></trkpt>
   <trkpt lon="13.444527" lat="52.511440"><ele>36.0</ele></trkpt>
   <trkpt lon="13.444342" lat="52.511517"><ele>35.75</ele></trkpt>
   <trkpt lon="13.444092" lat="52.511622"><ele>35.75</ele></trkpt>
   <trkpt lon="13.444074" lat="52.511629"><ele>35.75</ele></trkpt>
   <trkpt lon="13.443843" lat="52.511730"><ele>35.75</ele></trkpt>
   <trkpt lon="13.443582" lat="52.511845"><ele>35.0</ele></trkpt>
   <trkpt lon="13.443437" lat="52.511916"><ele>35.0</ele></trkpt>
   <trkpt lon="13.443408" lat="52.511954"><ele>35.0</ele></trkpt>
   <trkpt lon="13.443394" lat="52.511976"><ele>35.0</ele></trkpt>
   <trkpt lon="13.443371" lat="52.512037"><ele>35.0</ele></trkpt>
   <trkpt lon="13.443224" lat="52.512040"><ele>35.25</ele></trkpt>
   <trkpt lon="13.443152" lat="52.512053"><ele>35.25</ele></trkpt>
   <trkpt lon="13.443070" lat="52.512080"><ele>35.25</ele></trkpt>
   <trkpt lon="13.442854" lat="52.512160"><ele>35.0</ele></trkpt>
   <trkpt lon="13.442649" lat="52.512256"><ele>35.0</ele></trkpt>
   <trkpt lon="13.442247" lat="52.512493"><ele>35.0</ele></trkpt>
   <trkpt lon="13.441078" lat="52.513170"><ele>35.0</ele></trkpt>
   <trkpt lon="13.440730" lat="52.513372"><ele>35.0</ele></trkpt>
   <trkpt lon="13.440577" lat="52.513459"><ele>35.0</ele></trkpt>
   <trkpt lon="13.439929" lat="52.513829"><ele>35.0</ele></trkpt>
   <trkpt lon="13.439903" lat="52.513845"><ele>35.0</ele></trkpt>
   <trkpt lon="13.439879" lat="52.513860"><ele>35.0</ele></trkpt>
   <trkpt lon="13.439753" lat="52.513932"><ele>35.0</ele></trkpt>
   <trkpt lon="13.439659" lat="52.513984"><ele>35.0</ele></trkpt>
   <trkpt lon="13.439511" lat="52.514058"><ele>35.0</ele></trkpt>
   <trkpt lon="13.439479" lat="52.514072"><ele>35.0</ele></trkpt>
   <trkpt lon="13.439444" lat="52.514088"><ele>35.0</ele></trkpt>
   <trkpt lon="13.439026" lat="52.514262"><ele>35.0</ele></trkpt>
   <trkpt lon="13.438763" lat="52.514376"><ele>35.0</ele></trkpt>
   <trkpt lon="13.438456" lat="52.514510"><ele>35.0</ele></trkpt>
   <trkpt lon="13.438311" lat="52.514576"><ele>35.0</ele></trkpt>
   <trkpt lon="13.437516" lat="52.514908"><ele>35.0</ele></trkpt>
   <trkpt lon="13.436520" lat="52.515332"><ele>35.0</ele></trkpt>
   <trkpt lon="13.436351" lat="52.515408"><ele>35.0</ele></trkpt>
   <trkpt lon="13.436284" lat="52.515426"><ele>35.0</ele></trkpt>
   <trkpt lon="13.436209" lat="52.515436"><ele>35.25</ele></trkpt>
   <trkpt lon="13.436134" lat="52.515430"><ele>35.25</ele></trkpt>
   <trkpt lon="13.436072" lat="52.515391"><ele>35.5</ele></trkpt>
   <trkpt lon="13.435955" lat="52.515240"><ele>35.75</ele></trkpt>
   <trkpt lon="13.435870" lat="52.515141"><ele>35.5</ele></trkpt>
   <trkpt lon="13.435662" lat="52.514908"><ele>35.0</ele></trkpt>
   <trkpt lon="13.435567" lat="52.514793"><ele>35.0</ele></trkpt>
   <trkpt lon="13.435527" lat="52.514760"><ele>35.0</ele></trkpt>
   <trkpt lon="13.435462" lat="52.514734"><ele>35.0</ele></trkpt>
   <trkpt lon="13.435388" lat="52.514724"><ele>35.0</ele></trkpt>
   <trkpt lon="13.435253" lat="52.514736"><ele>35.0</ele></trkpt>
   <trkpt lon="13.435221" lat="52.514740"><ele>35.25</ele></trkpt>
   <trkpt lon="13.435035" lat="52.514763"><ele>35.75</ele></trkpt>
   <trkpt lon="13.434737" lat="52.514800"><ele>36.0</ele></trkpt>
   <trkpt lon="13.433900" lat="52.514906"><ele>36.0</ele></trkpt>
   <trkpt lon="13.433835" lat="52.514914"><ele>36.0</ele></trkpt>
   <trkpt lon="13.432512" lat="52.515081"><ele>35.25</ele></trkpt>
   <trkpt lon="13.432382" lat="52.515097"><ele>35.5</ele></trkpt>
   <trkpt lon="13.432243" lat="52.515115"><ele>35.75</ele></trkpt>
   <trkpt lon="13.432163" lat="52.515124"><ele>35.75</ele></trkpt>
   <trkpt lon="13.432128" lat="52.515128"><ele>35.5</ele></trkpt>
   <trkpt lon="13.431964" lat="52.515148"><ele>35.0</ele></trkpt>
   <trkpt lon="13.431784" lat="52.515169"><ele>35.25</ele></trkpt>
   <trkpt lon="13.431742" lat="52.515173"><ele>35.25</ele></trkpt>
   <trkpt lon="13.431691" lat="52.515179"><ele>35.5</ele></trkpt>
   <trkpt lon="13.431454" lat="52.515212"><ele>35.75</ele></trkpt>
   <trkpt lon="13.431255" lat="52.515239"><ele>36.0</ele></trkpt>
   <trkpt lon="13.430973" lat="52.515277"><ele>36.0</ele></trkpt>
   <trkpt lon="13.430849" lat="52.515292"><ele>35.75</ele></trkpt>
   <trkpt lon="13.430734" lat="52.515306"><ele>36.0</ele></trkpt>
   <trkpt lon="13.430317" lat="52.515360"><ele>36.0</ele></trkpt>
   <trkpt lon="13.429153" lat="52.515510"><ele>35.0</ele></trkpt>
   <trkpt lon="13.429017" lat="52.515527"><ele>35.0</ele></trkpt>
   <trkpt lon="13.428891" lat="52.515543"><ele>35.0</ele></trkpt>
   <trkpt lon="13.428778" lat="52.515558"><ele>35.0</ele></trkpt>
   <trkpt lon="13.428034" lat="52.515653"><ele>35.25</ele></trkpt>
   <trkpt lon="13.427550" lat="52.515715"><ele>35.0</ele></trkpt>
   <trkpt lon="13.427027" lat="52.515776"><ele>35.0</ele></trkpt>
   <trkpt lon="13.426954" lat="52.515784"><ele>35.0</ele></trkpt>
   <trkpt lon="13.426885" lat="52.515792"><ele>35.0</ele></trkpt>
   <trkpt lon="13.426867" lat="52.515794"><ele>35.0</ele></trkpt>
   <trkpt lon="13.426713" lat="52.515812"><ele>35.0</ele></trkpt>
   <trkpt lon="13.426674" lat="52.515817"><ele>35.0</ele></trkpt>
   <trkpt lon="13.426340" lat="52.515858"><ele>35.0</ele></trkpt>
   <trkpt lon="13.426303" lat="52.515863"><ele>35.0</ele></trkpt>
   <trkpt lon="13.426218" lat="52.515770"><ele>34.75</ele></trkpt>
   <trkpt lon="13.426189" lat="52.515737"><ele>35.0</ele></trkpt>
   <trkpt lon="13.425588" lat="52.515071"><ele>35.0</ele></trkpt>
   <trkpt lon="13.425456" lat="52.514924"><ele>35.0</ele></trkpt>
   <trkpt lon="13.425188" lat="52.514633"><ele>35.0</ele></trkpt>
   <trkpt lon="13.425051" lat="52.514479"><ele>35.0</ele></trkpt>
   <trkpt lon="13.424839" lat="52.514242"><ele>35.0</ele></trkpt>
   <trkpt lon="13.424703" lat="52.514117"><ele>35.0</ele></trkpt>
   <trkpt lon="13.424638" lat="52.514058"><ele>35.0</ele></trkpt>
   <trkpt lon="13.424291" lat="52.513692"><ele>35.0</ele></trkpt>
   <trkpt lon="13.424278" lat="52.513679"><ele>35.0</ele></trkpt>
   <trkpt lon="13.424259" lat="52.513660"><ele>35.0</ele></trkpt>
   <trkpt lon="13.424147" lat="52.513548"><ele>35.0</ele></trkpt>
   <trkpt lon="13.424010" lat="52.513599"><ele>35.0</ele></trkpt>
   <trkpt lon="13.423375" lat="52.513816"><ele>35.0</ele></trkpt>
   <trkpt lon="13.423347" lat="52.513826"><ele>35.0</ele></trkpt>
   <trkpt lon="13.422783" lat="52.514006"><ele>34.25</ele></trkpt>
   <trkpt lon="13.422692" lat="52.514038"><ele>34.25</ele></trkpt>
   <trkpt lon="13.422496" lat="52.514106"><ele>34.0</ele></trkpt>
   <trkpt lon="13.419683" lat="52.515079"><ele>35.0</ele></trkpt>
   <trkpt lon="13.419610" lat="52.515104"><ele>35.0</ele></trkpt>
   <trkpt lon="13.419507" lat="52.515139"><ele>35.0</ele></trkpt>
   <trkpt lon="13.419429" lat="52.515165"><ele>35.0</ele></trkpt>
   <trkpt lon="13.419279" lat="52.515216"><ele>35.0</ele></trkpt>
   <trkpt lon="13.418923" lat="52.515338"><ele>35.5</ele></trkpt>
   <trkpt lon="13.418435" lat="52.515510"><ele>36.0</ele></trkpt>
   <trkpt lon="13.418380" lat="52.515529"><ele>36.0</ele></trkpt>
   <trkpt lon="13.418222" lat="52.515578"><ele>36.0</ele></trkpt>
   <trkpt lon="13.418049" lat="52.515634"><ele>36.0</ele></trkpt>
   <trkpt lon="13.417901" lat="52.515675"><ele>36.0</ele></trkpt>
   <trkpt lon="13.417571" lat="52.515734"><ele>36.0</ele></trkpt>
   <trkpt lon="13.417220" lat="52.515793"><ele>35.0</ele></trkpt>
   <trkpt lon="13.416868" lat="52.515830"><ele>35.0</ele></trkpt>
   <trkpt lon="13.416613" lat="52.515847"><ele>35.0</ele></trkpt>
   <trkpt lon="13.416215" lat="52.515864"><ele>35.0</ele></trkpt>
   <trkpt lon="13.415560" lat="52.515858"><ele>35.0</ele></trkpt>
   <trkpt lon="13.415151" lat="52.515835"><ele>35.0</ele></trkpt>
   <trkpt lon="13.414984" lat="52.515826"><ele>35.0</ele></trkpt>
   <trkpt lon="13.414710" lat="52.515812"><ele>35.0</ele></trkpt>
   <trkpt lon="13.414493" lat="52.515801"><ele>35.0</ele></trkpt>
   <trkpt lon="13.413889" lat="52.515759"><ele>35.0</ele></trkpt>
   <trkpt lon="13.413406" lat="52.515757"><ele>35.0</ele></trkpt>
   <trkpt lon="13.413053" lat="52.515775"><ele>35.0</ele></trkpt>
   <trkpt lon="13.412830" lat="52.515762"><ele>35.0</ele></trkpt>
   <trkpt lon="13.412584" lat="52.515796"><ele>35.0</ele></trkpt>
   <trkpt lon="13.412528" lat="52.515804"><ele>35.0</ele></trkpt>
   <trkpt lon="13.412325" lat="52.515834"><ele>35.0</ele></trkpt>
   <trkpt lon="13.412073" lat="52.515871"><ele>35.0</ele></trkpt>
   <trkpt lon="13.411999" lat="52.515882"><ele>35.0</ele></trkpt>
   <trkpt lon="13.410887" lat="52.516047"><ele>35.0</ele></trkpt>
   <trkpt lon="13.410763" lat="52.516069"><ele>35.0</ele></trkpt>
   <trkpt lon="13.410594" lat="52.516097"><ele>35.0</ele></trkpt>
   <trkpt lon="13.410529" lat="52.516107"><ele>35.0</ele></trkpt>
   <trkpt lon="13.409796" lat="52.516221"><ele>35.0</ele></trkpt>
   <trkpt lon="13.409505" lat="52.516254"><ele>35.0</ele></trkpt>
   <trkpt lon="13.409247" lat="52.516286"><ele>35.25</ele></trkpt>
   <trkpt lon="13.408977" lat="52.516323"><ele>35.25</ele></trkpt>
   <trkpt lon="13.408908" lat="52.516337"><ele>35.0</ele></trkpt>
   <trkpt lon="13.408798" lat="52.516360"><ele>35.25</ele></trkpt>
   <trkpt lon="13.408828" lat="52.516401"><ele>35.0</ele></trkpt>
   <trkpt lon="13.408903" lat="52.516479"><ele>35.25</ele></trkpt>
   <trkpt lon="13.409081" lat="52.516661"><ele>35.25</ele></trkpt>
   <trkpt lon="13.409122" lat="52.516734"><ele>35.0</ele></trkpt>
   <trkpt lon="13.409144" lat="52.516797"><ele>35.0</ele></trkpt>
   <trkpt lon="13.409151" lat="52.516880"><ele>35.0</ele></trkpt>
   <trkpt lon="13.409123" lat="52.516985"><ele>35.0</ele></trkpt>
   <trkpt lon="13.409083" lat="52.517069"><ele>35.0</ele></trkpt>
   <trkpt lon="13.408963" lat="52.517203"><ele>35.0</ele></trkpt>
   <trkpt lon="13.408847" lat="52.517305"><ele>35.0</ele></trkpt>
   <trkpt lon="13.408794" lat="52.517340"><ele>35.0</ele></trkpt>
   <trkpt lon="13.408759" lat="52.517372"><ele>35.0</ele></trkpt>
   <trkpt lon="13.408730" lat="52.517404"><ele>35.0</ele></trkpt>
   <trkpt lon="13.408632" lat="52.517472"><ele>35.0</ele></trkpt>
   <trkpt lon="13.408502" lat="52.517561"><ele>35.0</ele></trkpt>
   <trkpt lon="13.408479" lat="52.517580"><ele>35.0</ele></trkpt>
   <trkpt lon="13.408341" lat="52.517620"><ele>35.0</ele></trkpt>
   <trkpt lon="13.407903" lat="52.517937"><ele>35.25</ele></trkpt>
   <trkpt lon="13.407720" lat="52.518055"><ele>35.0</ele></trkpt>
   <trkpt lon="13.407436" lat="52.518264"><ele>35.0</ele></trkpt>
   <trkpt lon="13.407396" lat="52.518293"><ele>35.0</ele></trkpt>
   <trkpt lon="13.407226" lat="52.518421"><ele>35.25</ele></trkpt>
   <trkpt lon="13.407079" lat="52.518525"><ele>35.25</ele></trkpt>
   <trkpt lon="13.406743" lat="52.518748"><ele>35.0</ele></trkpt>
   <trkpt lon="13.406571" lat="52.518816"><ele>35.0</ele></trkpt>
   <trkpt lon="13.406551" lat="52.518832"><ele>35.0</ele></trkpt>
   <trkpt lon="13.406458" lat="52.518900"><ele>35.0</ele></trkpt>
   <trkpt lon="13.406356" lat="52.518971"><ele>35.25</ele></trkpt>
   <trkpt lon="13.406205" lat="52.519078"><ele>35.0</ele></trkpt>
   <trkpt lon="13.406027" lat="52.519202"><ele>35.0</ele></trkpt>
   <trkpt lon="13.405912" lat="52.519284"><ele>35.0</ele></trkpt>
   <trkpt lon="13.405868" lat="52.519315"><ele>35.0</ele></trkpt>
   <trkpt lon="13.405759" lat="52.519392"><ele>35.0</ele></trkpt>
   <trkpt lon="13.405675" lat="52.519518"><ele>35.25</ele></trkpt>
   <trkpt lon="13.405163" lat="52.519878"><ele>35.25</ele></trkpt>
   <trkpt lon="13.405129" lat="52.519905"><ele>35.25</ele></trkpt>
   <trkpt lon="13.404987" lat="52.520013"><ele>35.0</ele></trkpt>
   <trkpt lon="13.404855" lat="52.520128"><ele>35.25</ele></trkpt>
   <trkpt lon="13.404817" lat="52.520155"><ele>35.25</ele></trkpt>
   <trkpt lon="13.404806" lat="52.520163"><ele>35.25</ele></trkpt>
   <trkpt lon="13.404646" lat="52.520280"><ele>35.0</ele></trkpt>
   <trkpt lon="13.404559" lat="52.520345"><ele>35.0</ele></trkpt>
   <trkpt lon="13.404346" lat="52.520501"><ele>35.5</ele></trkpt>
   <trkpt lon="13.404251" lat="52.520573"><ele>35.25</ele></trkpt>
   <trkpt lon="13.404063" lat="52.520715"><ele>35.0</ele></trkpt>
   <trkpt lon="13.403887" lat="52.520848"><ele>35.0</ele></trkpt>
   <trkpt lon="13.403591" lat="52.521073"><ele>35.0</ele></trkpt>
   <trkpt lon="13.403242" lat="52.521337"><ele>35.0</ele></trkpt>
   <trkpt lon="13.403211" lat="52.521366"><ele>35.0</ele></trkpt>
   <trkpt lon="13.403103" lat="52.521458"><ele>35.0</ele></trkpt>
   <trkpt lon="13.402990" lat="52.521422"><ele>35.0</ele></trkpt>
   <trkpt lon="13.402948" lat="52.521409"><ele>35.0</ele></trkpt>
   <trkpt lon="13.402859" lat="52.521379"><ele>35.0</ele></trkpt>
   <trkpt lon="13.402732" lat="52.521338"><ele>35.0</ele></trkpt>
   <trkpt lon="13.402668" lat="52.521317"><ele>35.0</ele></trkpt>
   <trkpt lon="13.402354" lat="52.521213"><ele>35.0</ele></trkpt>
   <trkpt lon="13.402022" lat="52.521104"><ele>35.0</ele></trkpt>
   <trkpt lon="13.401533" lat="52.520942"><ele>35.0</ele></trkpt>
   <trkpt lon="13.401187" lat="52.520827"><ele>35.0</ele></trkpt>
   <trkpt lon="13.401046" lat="52.520781"><ele>34.75</ele></trkpt>
   <trkpt lon="13.401004" lat="52.520776"><ele>34.75</ele></trkpt>
   <trkpt lon="13.400948" lat="52.520801"><ele>34.75</ele></trkpt>
   <trkpt lon="13.400892" lat="52.520764"><ele>34.25</ele></trkpt>
   <trkpt lon="13.400837" lat="52.520744"><ele>34.0</ele></trkpt>
   <trkpt lon="13.400810" lat="52.520735"><ele>33.5</ele></trkpt>
   <trkpt lon="13.400386" lat="52.520564"></trkpt>
   <trkpt lon="13.399934" lat="52.520385"><ele>33.5</ele></trkpt>
   <trkpt lon="13.399949" lat="52.520174"><ele>35.0</ele></trkpt>
   <trkpt lon="13.399993" lat="52.519999"><ele>34.75</ele></trkpt>
  </trkseg>
 </trk>
</gpx>
