<?xml version="1.0" encoding="UTF-8"?>
<gpx version="1.1" creator="BRouter paired review" xmlns="http://www.topografix.com/GPX/1/1">
<trk><name>Route B</name><trkseg>
<trkpt lat="52.519999" lon="13.399993"><ele>34.75</ele></trkpt>
<trkpt lat="52.520174" lon="13.399949"><ele>35.0</ele></trkpt>
<trkpt lat="52.520385" lon="13.399934"><ele>33.5</ele></trkpt>
<trkpt lat="52.520564" lon="13.400386"></trkpt>
<trkpt lat="52.520735" lon="13.400810"><ele>33.5</ele></trkpt>
<trkpt lat="52.520744" lon="13.400837"><ele>34.0</ele></trkpt>
<trkpt lat="52.520764" lon="13.400892"><ele>34.25</ele></trkpt>
<trkpt lat="52.520801" lon="13.400948"><ele>34.75</ele></trkpt>
<trkpt lat="52.520776" lon="13.401004"><ele>34.75</ele></trkpt>
<trkpt lat="52.520781" lon="13.401046"><ele>34.75</ele></trkpt>
<trkpt lat="52.520827" lon="13.401187"><ele>35.0</ele></trkpt>
<trkpt lat="52.520942" lon="13.401533"><ele>35.0</ele></trkpt>
<trkpt lat="52.521104" lon="13.402022"><ele>35.0</ele></trkpt>
<trkpt lat="52.521213" lon="13.402354"><ele>35.0</ele></trkpt>
<trkpt lat="52.521317" lon="13.402668"><ele>35.0</ele></trkpt>
<trkpt lat="52.521338" lon="13.402732"><ele>35.0</ele></trkpt>
<trkpt lat="52.521379" lon="13.402859"><ele>35.0</ele></trkpt>
<trkpt lat="52.521409" lon="13.402948"><ele>35.0</ele></trkpt>
<trkpt lat="52.521422" lon="13.402990"><ele>35.0</ele></trkpt>
<trkpt lat="52.521458" lon="13.403103"><ele>35.0</ele></trkpt>
<trkpt lat="52.521518" lon="13.403280"><ele>35.0</ele></trkpt>
<trkpt lat="52.521545" lon="13.403364"><ele>35.0</ele></trkpt>
<trkpt lat="52.521625" lon="13.403607"><ele>35.0</ele></trkpt>
<trkpt lat="52.521794" lon="13.404128"><ele>36.0</ele></trkpt>
<trkpt lat="52.521839" lon="13.404267"><ele>36.0</ele></trkpt>
<trkpt lat="52.521892" lon="13.404423"><ele>36.0</ele></trkpt>
<trkpt lat="52.521922" lon="13.404486"><ele>36.0</ele></trkpt>
<trkpt lat="52.521960" lon="13.404517"><ele>36.0</ele></trkpt>
<trkpt lat="52.521988" lon="13.404712"><ele>36.0</ele></trkpt>
<trkpt lat="52.521992" lon="13.404738"><ele>36.0</ele></trkpt>
<trkpt lat="52.522022" lon="13.404838"><ele>36.0</ele></trkpt>
<trkpt lat="52.522059" lon="13.404955"><ele>36.0</ele></trkpt>
<trkpt lat="52.522088" lon="13.405045"><ele>36.0</ele></trkpt>
<trkpt lat="52.522183" lon="13.405300"><ele>36.0</ele></trkpt>
<trkpt lat="52.522237" lon="13.405431"><ele>36.0</ele></trkpt>
<trkpt lat="52.522254" lon="13.405473"><ele>36.0</ele></trkpt>
<trkpt lat="52.522356" lon="13.405720"><ele>36.0</ele></trkpt>
<trkpt lat="52.522655" lon="13.406322"><ele>36.25</ele></trkpt>
<trkpt lat="52.522699" lon="13.406408"><ele>36.25</ele></trkpt>
<trkpt lat="52.522731" lon="13.406473"><ele>36.25</ele></trkpt>
<trkpt lat="52.522752" lon="13.406513"><ele>36.25</ele></trkpt>
<trkpt lat="52.522896" lon="13.406807"><ele>37.0</ele></trkpt>
<trkpt lat="52.522947" lon="13.406877"><ele>37.0</ele></trkpt>
<trkpt lat="52.523002" lon="13.406937"><ele>37.0</ele></trkpt>
<trkpt lat="52.523047" lon="13.406969"><ele>36.75</ele></trkpt>
<trkpt lat="52.523075" lon="13.406986"><ele>37.0</ele></trkpt>
<trkpt lat="52.523192" lon="13.407062"><ele>37.0</ele></trkpt>
<trkpt lat="52.523366" lon="13.407161"><ele>37.0</ele></trkpt>
<trkpt lat="52.523422" lon="13.407197"><ele>37.0</ele></trkpt>
<trkpt lat="52.523490" lon="13.407234"><ele>37.0</ele></trkpt>
<trkpt lat="52.523773" lon="13.407383"><ele>36.75</ele></trkpt>
<trkpt lat="52.524456" lon="13.407891"><ele>36.0</ele></trkpt>
<trkpt lat="52.524522" lon="13.407914"><ele>36.0</ele></trkpt>
<trkpt lat="52.524486" lon="13.408007"><ele>36.0</ele></trkpt>
<trkpt lat="52.524472" lon="13.408052"><ele>36.0</ele></trkpt>
<trkpt lat="52.524245" lon="13.408736"><ele>36.0</ele></trkpt>
<trkpt lat="52.524208" lon="13.408849"><ele>36.0</ele></trkpt>
<trkpt lat="52.524185" lon="13.408916"><ele>36.0</ele></trkpt>
<trkpt lat="52.524155" lon="13.409008"><ele>36.0</ele></trkpt>
<trkpt lat="52.524145" lon="13.409037"><ele>36.0</ele></trkpt>
<trkpt lat="52.524110" lon="13.409142"><ele>36.0</ele></trkpt>
<trkpt lat="52.524019" lon="13.409385"><ele>36.0</ele></trkpt>
<trkpt lat="52.524012" lon="13.409436"><ele>36.0</ele></trkpt>
<trkpt lat="52.523986" lon="13.409623"><ele>36.0</ele></trkpt>
<trkpt lat="52.523966" lon="13.409807"><ele>36.0</ele></trkpt>
<trkpt lat="52.523957" lon="13.409996"><ele>36.0</ele></trkpt>
<trkpt lat="52.523919" lon="13.410723"><ele>36.5</ele></trkpt>
<trkpt lat="52.523911" lon="13.410996"><ele>37.0</ele></trkpt>
<trkpt lat="52.523903" lon="13.411347"><ele>37.0</ele></trkpt>
<trkpt lat="52.523901" lon="13.411439"><ele>37.0</ele></trkpt>
<trkpt lat="52.523895" lon="13.411736"><ele>37.0</ele></trkpt>
<trkpt lat="52.523894" lon="13.411904"><ele>37.0</ele></trkpt>
<trkpt lat="52.523894" lon="13.411962"><ele>37.0</ele></trkpt>
<trkpt lat="52.523893" lon="13.412065"><ele>37.0</ele></trkpt>
<trkpt lat="52.523893" lon="13.412151"><ele>37.0</ele></trkpt>
<trkpt lat="52.523864" lon="13.412333"><ele>37.0</ele></trkpt>
<trkpt lat="52.523843" lon="13.412378"><ele>37.0</ele></trkpt>
<trkpt lat="52.523700" lon="13.412682"><ele>37.0</ele></trkpt>
<trkpt lat="52.523665" lon="13.412760"><ele>37.0</ele></trkpt>
<trkpt lat="52.523506" lon="13.413107"><ele>37.0</ele></trkpt>
<trkpt lat="52.523310" lon="13.413528"><ele>37.0</ele></trkpt>
<trkpt lat="52.523265" lon="13.413624"><ele>37.0</ele></trkpt>
<trkpt lat="52.523240" lon="13.413678"><ele>37.0</ele></trkpt>
<trkpt lat="52.523169" lon="13.413830"><ele>37.0</ele></trkpt>
<trkpt lat="52.523106" lon="13.413966"><ele>37.0</ele></trkpt>
<trkpt lat="52.522865" lon="13.414481"><ele>37.0</ele></trkpt>
<trkpt lat="52.522721" lon="13.414797"><ele>37.0</ele></trkpt>
<trkpt lat="52.522604" lon="13.415045"><ele>37.0</ele></trkpt>
<trkpt lat="52.522584" lon="13.415088"><ele>37.0</ele></trkpt>
<trkpt lat="52.522555" lon="13.415147"><ele>37.0</ele></trkpt>
<trkpt lat="52.522532" lon="13.415193"><ele>37.0</ele></trkpt>
<trkpt lat="52.522516" lon="13.415226"><ele>37.0</ele></trkpt>
<trkpt lat="52.522500" lon="13.415259"><ele>37.0</ele></trkpt>
<trkpt lat="52.522494" lon="13.415271"><ele>37.0</ele></trkpt>
<trkpt lat="52.522436" lon="13.415398"><ele>37.0</ele></trkpt>
<trkpt lat="52.522245" lon="13.415814"><ele>37.0</ele></trkpt>
<trkpt lat="52.522125" lon="13.416073"><ele>37.0</ele></trkpt>
<trkpt lat="52.522101" lon="13.416124"><ele>37.0</ele></trkpt>
<trkpt lat="52.522034" lon="13.416265"><ele>37.0</ele></trkpt>
<trkpt lat="52.521894" lon="13.416535"><ele>37.0</ele></trkpt>
<trkpt lat="52.521870" lon="13.416613"><ele>37.0</ele></trkpt>
<trkpt lat="52.521835" lon="13.416728"><ele>37.0</ele></trkpt>
<trkpt lat="52.521811" lon="13.416806"><ele>37.0</ele></trkpt>
<trkpt lat="52.521693" lon="13.417199"><ele>36.75</ele></trkpt>
<trkpt lat="52.521483" lon="13.417891"><ele>36.25</ele></trkpt>
<trkpt lat="52.521275" lon="13.418580"><ele>36.0</ele></trkpt>
<trkpt lat="52.521108" lon="13.419129"><ele>36.0</ele></trkpt>
<trkpt lat="52.521023" lon="13.419411"><ele>36.0</ele></trkpt>
<trkpt lat="52.520950" lon="13.419651"><ele>36.0</ele></trkpt>
<trkpt lat="52.520276" lon="13.421879"><ele>36.0</ele></trkpt>
<trkpt lat="52.520198" lon="13.422138"><ele>36.0</ele></trkpt>
<trkpt lat="52.520180" lon="13.422198"><ele>36.0</ele></trkpt>
<trkpt lat="52.520135" lon="13.422345"><ele>36.0</ele></trkpt>
<trkpt lat="52.520122" lon="13.422389"><ele>36.0</ele></trkpt>
<trkpt lat="52.520107" lon="13.422438"><ele>36.0</ele></trkpt>
<trkpt lat="52.520064" lon="13.422581"><ele>36.0</ele></trkpt>
<trkpt lat="52.519893" lon="13.423146"><ele>36.0</ele></trkpt>
<trkpt lat="52.519884" lon="13.423174"><ele>36.0</ele></trkpt>
<trkpt lat="52.519849" lon="13.423290"><ele>36.0</ele></trkpt>
<trkpt lat="52.519326" lon="13.425008"><ele>36.0</ele></trkpt>
<trkpt lat="52.519255" lon="13.425243"><ele>36.0</ele></trkpt>
<trkpt lat="52.519186" lon="13.425471"><ele>36.0</ele></trkpt>
<trkpt lat="52.519018" lon="13.426029"><ele>36.0</ele></trkpt>
<trkpt lat="52.518955" lon="13.426269"><ele>36.0</ele></trkpt>
<trkpt lat="52.518870" lon="13.426617"><ele>36.0</ele></trkpt>
<trkpt lat="52.518809" lon="13.426822"><ele>36.0</ele></trkpt>
<trkpt lat="52.518717" lon="13.426834"><ele>36.0</ele></trkpt>
<trkpt lat="52.518655" lon="13.426971"><ele>36.0</ele></trkpt>
<trkpt lat="52.518580" lon="13.427095"><ele>36.0</ele></trkpt>
<trkpt lat="52.518538" lon="13.427181"><ele>36.0</ele></trkpt>
<trkpt lat="52.518503" lon="13.427254"><ele>36.0</ele></trkpt>
<trkpt lat="52.518388" lon="13.427432"><ele>36.0</ele></trkpt>
<trkpt lat="52.518301" lon="13.427547"><ele>36.0</ele></trkpt>
<trkpt lat="52.518226" lon="13.427622"><ele>36.0</ele></trkpt>
<trkpt lat="52.518167" lon="13.427665"><ele>36.0</ele></trkpt>
<trkpt lat="52.518135" lon="13.427816"><ele>36.0</ele></trkpt>
<trkpt lat="52.518107" lon="13.427940"><ele>36.0</ele></trkpt>
<trkpt lat="52.518072" lon="13.428108"><ele>36.0</ele></trkpt>
<trkpt lat="52.518036" lon="13.428281"><ele>36.0</ele></trkpt>
<trkpt lat="52.517996" lon="13.428463"><ele>36.0</ele></trkpt>
<trkpt lat="52.518045" lon="13.428634"><ele>36.0</ele></trkpt>
<trkpt lat="52.518075" lon="13.428773"><ele>36.0</ele></trkpt>
<trkpt lat="52.518118" lon="13.429089"><ele>36.0</ele></trkpt>
<trkpt lat="52.518125" lon="13.429197"><ele>36.0</ele></trkpt>
<trkpt lat="52.518143" lon="13.429477"><ele>36.0</ele></trkpt>
<trkpt lat="52.518057" lon="13.430421"><ele>35.75</ele></trkpt>
<trkpt lat="52.518032" lon="13.430658"><ele>36.0</ele></trkpt>
<trkpt lat="52.517978" lon="13.431179"><ele>36.0</ele></trkpt>
<trkpt lat="52.517833" lon="13.432577"><ele>36.0</ele></trkpt>
<trkpt lat="52.517836" lon="13.432663"><ele>36.0</ele></trkpt>
<trkpt lat="52.517832" lon="13.432703"><ele>36.0</ele></trkpt>
<trkpt lat="52.517817" lon="13.432911"><ele>35.75</ele></trkpt>
<trkpt lat="52.517802" lon="13.433125"><ele>36.0</ele></trkpt>
<trkpt lat="52.517798" lon="13.433161"><ele>36.0</ele></trkpt>
<trkpt lat="52.517757" lon="13.433256"><ele>36.0</ele></trkpt>
<trkpt lat="52.517728" lon="13.433512"><ele>36.0</ele></trkpt>
<trkpt lat="52.517708" lon="13.433632"><ele>36.0</ele></trkpt>
<trkpt lat="52.517436" lon="13.436285"><ele>35.0</ele></trkpt>
<trkpt lat="52.517430" lon="13.436358"><ele>35.0</ele></trkpt>
<trkpt lat="52.517424" lon="13.436399"><ele>35.0</ele></trkpt>
<trkpt lat="52.517406" lon="13.436512"><ele>35.0</ele></trkpt>
<trkpt lat="52.517400" lon="13.436581"><ele>35.0</ele></trkpt>
<trkpt lat="52.517214" lon="13.438442"><ele>35.5</ele></trkpt>
<trkpt lat="52.517097" lon="13.439601"><ele>35.25</ele></trkpt>
<trkpt lat="52.517135" lon="13.439713"><ele>35.25</ele></trkpt>
<trkpt lat="52.517066" lon="13.440386"><ele>35.5</ele></trkpt>
<trkpt lat="52.517050" lon="13.440540"><ele>35.75</ele></trkpt>
<trkpt lat="52.517033" lon="13.440725"><ele>35.75</ele></trkpt>
<trkpt lat="52.517020" lon="13.440868"><ele>35.75</ele></trkpt>
<trkpt lat="52.516977" lon="13.441309"><ele>36.0</ele></trkpt>
<trkpt lat="52.516914" lon="13.441438"><ele>36.0</ele></trkpt>
<trkpt lat="52.516883" lon="13.441715"><ele>36.0</ele></trkpt>
<trkpt lat="52.516795" lon="13.442638"><ele>36.0</ele></trkpt>
<trkpt lat="52.516750" lon="13.443077"><ele>36.0</ele></trkpt>
<trkpt lat="52.516568" lon="13.444893"><ele>36.0</ele></trkpt>
<trkpt lat="52.516463" lon="13.445903"><ele>36.5</ele></trkpt>
<trkpt lat="52.516477" lon="13.446053"><ele>36.0</ele></trkpt>
<trkpt lat="52.516457" lon="13.446268"><ele>36.0</ele></trkpt>
<trkpt lat="52.516419" lon="13.446346"><ele>36.0</ele></trkpt>
<trkpt lat="52.516416" lon="13.446382"><ele>36.0</ele></trkpt>
<trkpt lat="52.516151" lon="13.449017"><ele>37.0</ele></trkpt>
<trkpt lat="52.516010" lon="13.450394"><ele>37.0</ele></trkpt>
<trkpt lat="52.515813" lon="13.452359"><ele>37.0</ele></trkpt>
<trkpt lat="52.515820" lon="13.452487"><ele>37.0</ele></trkpt>
<trkpt lat="52.515800" lon="13.452688"><ele>37.0</ele></trkpt>
<trkpt lat="52.515813" lon="13.452789"><ele>37.0</ele></trkpt>
<trkpt lat="52.515745" lon="13.453509"><ele>37.0</ele></trkpt>
<trkpt lat="52.515739" lon="13.453565"><ele>37.0</ele></trkpt>
<trkpt lat="52.515726" lon="13.453689"><ele>37.0</ele></trkpt>
<trkpt lat="52.515713" lon="13.453807"><ele>37.0</ele></trkpt>
<trkpt lat="52.515707" lon="13.453866"><ele>37.0</ele></trkpt>
<trkpt lat="52.515680" lon="13.454121"><ele>37.0</ele></trkpt>
<trkpt lat="52.515673" lon="13.454191"><ele>37.0</ele></trkpt>
<trkpt lat="52.515661" lon="13.454302"><ele>37.0</ele></trkpt>
<trkpt lat="52.515648" lon="13.454423"><ele>37.0</ele></trkpt>
<trkpt lat="52.515643" lon="13.454469"><ele>36.75</ele></trkpt>
<trkpt lat="52.515608" lon="13.454697"><ele>36.75</ele></trkpt>
<trkpt lat="52.515563" lon="13.454881"><ele>36.75</ele></trkpt>
<trkpt lat="52.515371" lon="13.456853"><ele>37.0</ele></trkpt>
<trkpt lat="52.515345" lon="13.457116"><ele>37.0</ele></trkpt>
<trkpt lat="52.515356" lon="13.457207"><ele>37.0</ele></trkpt>
<trkpt lat="52.515339" lon="13.457374"><ele>37.0</ele></trkpt>
<trkpt lat="52.515324" lon="13.457496"><ele>37.0</ele></trkpt>
<trkpt lat="52.515287" lon="13.457565"><ele>37.0</ele></trkpt>
<trkpt lat="52.515271" lon="13.457731"><ele>37.0</ele></trkpt>
<trkpt lat="52.515073" lon="13.459780"><ele>37.0</ele></trkpt>
<trkpt lat="52.515086" lon="13.459882"><ele>37.0</ele></trkpt>
<trkpt lat="52.515084" lon="13.459908"><ele>37.0</ele></trkpt>
<trkpt lat="52.515082" lon="13.459920"><ele>37.0</ele></trkpt>
<trkpt lat="52.515063" lon="13.460098"><ele>37.0</ele></trkpt>
<trkpt lat="52.515044" lon="13.460279"><ele>37.0</ele></trkpt>
<trkpt lat="52.515041" lon="13.460311"><ele>37.0</ele></trkpt>
<trkpt lat="52.515056" lon="13.460359"><ele>37.0</ele></trkpt>
<trkpt lat="52.514863" lon="13.462376"><ele>37.0</ele></trkpt>
<trkpt lat="52.514849" lon="13.462518"><ele>37.0</ele></trkpt>
<trkpt lat="52.514765" lon="13.463310"><ele>37.0</ele></trkpt>
<trkpt lat="52.514689" lon="13.464074"><ele>37.0</ele></trkpt>
<trkpt lat="52.514659" lon="13.464193"><ele>37.0</ele></trkpt>
<trkpt lat="52.514643" lon="13.464333"><ele>37.0</ele></trkpt>
<trkpt lat="52.514626" lon="13.464487"><ele>37.0</ele></trkpt>
<trkpt lat="52.514606" lon="13.464633"><ele>37.0</ele></trkpt>
<trkpt lat="52.514608" lon="13.464722"><ele>37.0</ele></trkpt>
<trkpt lat="52.514608" lon="13.464851"><ele>37.0</ele></trkpt>
<trkpt lat="52.514490" lon="13.465996"><ele>36.75</ele></trkpt>
<trkpt lat="52.514488" lon="13.466013"><ele>36.75</ele></trkpt>
<trkpt lat="52.514478" lon="13.466126"><ele>37.0</ele></trkpt>
<trkpt lat="52.514462" lon="13.466296"><ele>37.0</ele></trkpt>
<trkpt lat="52.514386" lon="13.467069"><ele>37.0</ele></trkpt>
<trkpt lat="52.514382" lon="13.467114"><ele>37.0</ele></trkpt>
<trkpt lat="52.514358" lon="13.467217"><ele>37.0</ele></trkpt>
<trkpt lat="52.514349" lon="13.467288"><ele>37.0</ele></trkpt>
<trkpt lat="52.514346" lon="13.467319"><ele>37.0</ele></trkpt>
<trkpt lat="52.514329" lon="13.467454"><ele>37.0</ele></trkpt>
<trkpt lat="52.514315" lon="13.467587"><ele>37.0</ele></trkpt>
<trkpt lat="52.514312" lon="13.467622"><ele>37.0</ele></trkpt>
<trkpt lat="52.514309" lon="13.467646"><ele>37.0</ele></trkpt>
<trkpt lat="52.514319" lon="13.467763"><ele>37.0</ele></trkpt>
<trkpt lat="52.514251" lon="13.468374"><ele>37.0</ele></trkpt>
<trkpt lat="52.514212" lon="13.468761"><ele>36.5</ele></trkpt>
<trkpt lat="52.514182" lon="13.469039"><ele>36.0</ele></trkpt>
<trkpt lat="52.514160" lon="13.469258"><ele>36.25</ele></trkpt>
<trkpt lat="52.514132" lon="13.469540"><ele>37.0</ele></trkpt>
<trkpt lat="52.514125" lon="13.469617"><ele>37.0</ele></trkpt>
<trkpt lat="52.514025" lon="13.470621"><ele>37.0</ele></trkpt>
<trkpt lat="52.514014" lon="13.470724"><ele>37.0</ele></trkpt>
<trkpt lat="52.513934" lon="13.471524"><ele>37.0</ele></trkpt>
<trkpt lat="52.513899" lon="13.471665"><ele>37.0</ele></trkpt>
<trkpt lat="52.513862" lon="13.471782"><ele>36.5</ele></trkpt>
<trkpt lat="52.513854" lon="13.471831"><ele>36.25</ele></trkpt>
<trkpt lat="52.513732" lon="13.472980"><ele>37.0</ele></trkpt>
<trkpt lat="52.513737" lon="13.473096"><ele>37.0</ele></trkpt>
<trkpt lat="52.513733" lon="13.473145"><ele>37.0</ele></trkpt>
<trkpt lat="52.513718" lon="13.473355"><ele>37.0</ele></trkpt>
<trkpt lat="52.513705" lon="13.473547"><ele>37.0</ele></trkpt>
<trkpt lat="52.513701" lon="13.473582"><ele>37.0</ele></trkpt>
<trkpt lat="52.513697" lon="13.473633"><ele>37.0</ele></trkpt>
<trkpt lat="52.513663" lon="13.473720"><ele>37.0</ele></trkpt>
<trkpt lat="52.513575" lon="13.474499"><ele>36.75</ele></trkpt>
<trkpt lat="52.513553" lon="13.474608"><ele>36.5</ele></trkpt>
<trkpt lat="52.513530" lon="13.474825"><ele>36.5</ele></trkpt>
<trkpt lat="52.513534" lon="13.474891"><ele>36.5</ele></trkpt>
<trkpt lat="52.513510" lon="13.475132"><ele>37.5</ele></trkpt>
<trkpt lat="52.513482" lon="13.475424"><ele>37.75</ele></trkpt>
<trkpt lat="52.513484" lon="13.475605"><ele>37.25</ele></trkpt>
<trkpt lat="52.513417" lon="13.476247"><ele>37.25</ele></trkpt>
<trkpt lat="52.513369" lon="13.476411"><ele>37.0</ele></trkpt>
<trkpt lat="52.513352" lon="13.476585"><ele>37.0</ele></trkpt>
<trkpt lat="52.513344" lon="13.476651"><ele>37.0</ele></trkpt>
<trkpt lat="52.513343" lon="13.476674"><ele>37.0</ele></trkpt>
<trkpt lat="52.513339" lon="13.476749"><ele>37.0</ele></trkpt>
<trkpt lat="52.513337" lon="13.476786"><ele>36.75</ele></trkpt>
<trkpt lat="52.513334" lon="13.476842"><ele>37.0</ele></trkpt>
<trkpt lat="52.513329" lon="13.476934"><ele>37.0</ele></trkpt>
<trkpt lat="52.513323" lon="13.477003"><ele>37.0</ele></trkpt>
<trkpt lat="52.513300" lon="13.477262"><ele>37.0</ele></trkpt>
<trkpt lat="52.513204" lon="13.478249"><ele>38.0</ele></trkpt>
<trkpt lat="52.512857" lon="13.481700"><ele>38.0</ele></trkpt>
<trkpt lat="52.512849" lon="13.481768"><ele>38.0</ele></trkpt>
<trkpt lat="52.512793" lon="13.482277"><ele>38.0</ele></trkpt>
<trkpt lat="52.512735" lon="13.482788"><ele>37.75</ele></trkpt>
<trkpt lat="52.512711" lon="13.482988"><ele>37.75</ele></trkpt>
<trkpt lat="52.512610" lon="13.484021"><ele>38.0</ele></trkpt>
<trkpt lat="52.512599" lon="13.484128"><ele>38.0</ele></trkpt>
<trkpt lat="52.512595" lon="13.484169"><ele>38.0</ele></trkpt>
<trkpt lat="52.512599" lon="13.484214"><ele>38.0</ele></trkpt>
<trkpt lat="52.512590" lon="13.484302"><ele>38.0</ele></trkpt>
<trkpt lat="52.512581" lon="13.484394"><ele>38.0</ele></trkpt>
<trkpt lat="52.512564" lon="13.484476"><ele>38.0</ele></trkpt>
<trkpt lat="52.512542" lon="13.484707"><ele>38.0</ele></trkpt>
<trkpt lat="52.512503" lon="13.485100"><ele>38.0</ele></trkpt>
<trkpt lat="52.512465" lon="13.485477"><ele>38.0</ele></trkpt>
<trkpt lat="52.512264" lon="13.487435"><ele>38.0</ele></trkpt>
<trkpt lat="52.512126" lon="13.488760"><ele>38.0</ele></trkpt>
<trkpt lat="52.512045" lon="13.489270"><ele>38.0</ele></trkpt>
<trkpt lat="52.512025" lon="13.489391"><ele>38.0</ele></trkpt>
<trkpt lat="52.512009" lon="13.489489"><ele>38.0</ele></trkpt>
<trkpt lat="52.511988" lon="13.489564"><ele>38.0</ele></trkpt>
<trkpt lat="52.512063" lon="13.489809"><ele>38.0</ele></trkpt>
<trkpt lat="52.512054" lon="13.489889"><ele>38.0</ele></trkpt>
<trkpt lat="52.512011" lon="13.490328"><ele>38.0</ele></trkpt>
<trkpt lat="52.511978" lon="13.490669"><ele>38.0</ele></trkpt>
<trkpt lat="52.511959" lon="13.490850"><ele>38.0</ele></trkpt>
<trkpt lat="52.511953" lon="13.490906"><ele>38.0</ele></trkpt>
<trkpt lat="52.511917" lon="13.491255"><ele>38.0</ele></trkpt>
<trkpt lat="52.511894" lon="13.491485"><ele>38.25</ele></trkpt>
<trkpt lat="52.511887" lon="13.491553"><ele>38.5</ele></trkpt>
<trkpt lat="52.511877" lon="13.491648"><ele>38.5</ele></trkpt>
<trkpt lat="52.511862" lon="13.491808"><ele>38.75</ele></trkpt>
<trkpt lat="52.511772" lon="13.492707"><ele>39.0</ele></trkpt>
<trkpt lat="52.511769" lon="13.492751"><ele>39.0</ele></trkpt>
<trkpt lat="52.511762" lon="13.492814"><ele>39.0</ele></trkpt>
<trkpt lat="52.511738" lon="13.493107"><ele>39.0</ele></trkpt>
<trkpt lat="52.511711" lon="13.493425"><ele>39.25</ele></trkpt>
<trkpt lat="52.511671" lon="13.493914"><ele>40.0</ele></trkpt>
<trkpt lat="52.511657" lon="13.494096"><ele>40.75</ele></trkpt>
<trkpt lat="52.511447" lon="13.496749"><ele>45.0</ele></trkpt>
<trkpt lat="52.511359" lon="13.497754"><ele>40.75</ele></trkpt>
<trkpt lat="52.511169" lon="13.499804"><ele>39.0</ele></trkpt>
<trkpt lat="52.511098" lon="13.500434"><ele>38.75</ele></trkpt>
<trkpt lat="52.511063" lon="13.500726"><ele>38.75</ele></trkpt>
<trkpt lat="52.511002" lon="13.501225"><ele>39.25</ele></trkpt>
<trkpt lat="52.510965" lon="13.501507"><ele>41.25</ele></trkpt>
<trkpt lat="52.510878" lon="13.502163"><ele>43.0</ele></trkpt>
<trkpt lat="52.510803" lon="13.502825"><ele>42.5</ele></trkpt>
<trkpt lat="52.510709" lon="13.503830"><ele>41.0</ele></trkpt>
<trkpt lat="52.510669" lon="13.504333"><ele>41.0</ele></trkpt>
<trkpt lat="52.510642" lon="13.504635"><ele>40.25</ele></trkpt>
<trkpt lat="52.510609" lon="13.505038"><ele>40.0</ele></trkpt>
<trkpt lat="52.510587" lon="13.505396"><ele>40.0</ele></trkpt>
<trkpt lat="52.510576" lon="13.505567"><ele>40.0</ele></trkpt>
<trkpt lat="52.510571" lon="13.505641"><ele>40.0</ele></trkpt>
<trkpt lat="52.510427" lon="13.508028"><ele>40.0</ele></trkpt>
<trkpt lat="52.510406" lon="13.508370"><ele>40.0</ele></trkpt>
<trkpt lat="52.510390" lon="13.508633"><ele>40.0</ele></trkpt>
<trkpt lat="52.510233" lon="13.511271"><ele>40.0</ele></trkpt>
<trkpt lat="52.510188" lon="13.512021"><ele>40.0</ele></trkpt>
<trkpt lat="52.510099" lon="13.512007"><ele>40.0</ele></trkpt>
<trkpt lat="52.510077" lon="13.512161"><ele>40.0</ele></trkpt>
<trkpt lat="52.510056" lon="13.512392"><ele>40.0</ele></trkpt>
<trkpt lat="52.510049" lon="13.512477"><ele>40.0</ele></trkpt>
<trkpt lat="52.510028" lon="13.512559"><ele>40.0</ele></trkpt>
<trkpt lat="52.510013" lon="13.512651"><ele>40.0</ele></trkpt>
<trkpt lat="52.510013" lon="13.512724"><ele>40.0</ele></trkpt>
<trkpt lat="52.510011" lon="13.512803"><ele>40.0</ele></trkpt>
<trkpt lat="52.509958" lon="13.513284"><ele>39.75</ele></trkpt>
<trkpt lat="52.509924" lon="13.513591"><ele>39.5</ele></trkpt>
<trkpt lat="52.509827" lon="13.514353"><ele>40.0</ele></trkpt>
<trkpt lat="52.509775" lon="13.514798"><ele>40.0</ele></trkpt>
<trkpt lat="52.509598" lon="13.516708"><ele>39.25</ele></trkpt>
<trkpt lat="52.509546" lon="13.517267"><ele>38.5</ele></trkpt>
<trkpt lat="52.509485" lon="13.517628"><ele>39.25</ele></trkpt>
<trkpt lat="52.509431" lon="13.517841"><ele>39.75</ele></trkpt>
<trkpt lat="52.509366" lon="13.518049"><ele>39.5</ele></trkpt>
<trkpt lat="52.509255" lon="13.518351"><ele>40.0</ele></trkpt>
<trkpt lat="52.509294" lon="13.518427"><ele>40.0</ele></trkpt>
<trkpt lat="52.509378" lon="13.518531"><ele>40.5</ele></trkpt>
<trkpt lat="52.509350" lon="13.518694"><ele>40.25</ele></trkpt>
<trkpt lat="52.509352" lon="13.518791"><ele>40.0</ele></trkpt>
<trkpt lat="52.509353" lon="13.518929"><ele>40.0</ele></trkpt>
<trkpt lat="52.509354" lon="13.518979"><ele>40.0</ele></trkpt>
<trkpt lat="52.509353" lon="13.519183"><ele>40.0</ele></trkpt>
<trkpt lat="52.509358" lon="13.519299"><ele>40.0</ele></trkpt>
<trkpt lat="52.509376" lon="13.519395"><ele>40.0</ele></trkpt>
<trkpt lat="52.509264" lon="13.519619"><ele>40.0</ele></trkpt>
<trkpt lat="52.509236" lon="13.519661"><ele>40.0</ele></trkpt>
<trkpt lat="52.509299" lon="13.519774"><ele>40.25</ele></trkpt>
<trkpt lat="52.509356" lon="13.519928"><ele>40.0</ele></trkpt>
<trkpt lat="52.509401" lon="13.520099"><ele>40.0</ele></trkpt>
<trkpt lat="52.509436" lon="13.520273"><ele>40.0</ele></trkpt>
<trkpt lat="52.509467" lon="13.520474"><ele>39.75</ele></trkpt>
<trkpt lat="52.509467" lon="13.520615"><ele>39.75</ele></trkpt>
<trkpt lat="52.509476" lon="13.520998"><ele>39.75</ele></trkpt>
<trkpt lat="52.509513" lon="13.521933"><ele>40.0</ele></trkpt>
<trkpt lat="52.509520" lon="13.522109"><ele>40.0</ele></trkpt>
<trkpt lat="52.509540" lon="13.522484"><ele>40.5</ele></trkpt>
<trkpt lat="52.509612" lon="13.523214"><ele>40.0</ele></trkpt>
<trkpt lat="52.509629" lon="13.523358"><ele>40.0</ele></trkpt>
<trkpt lat="52.509658" lon="13.523574"><ele>40.0</ele></trkpt>
<trkpt lat="52.509749" lon="13.524269"><ele>40.0</ele></trkpt>
<trkpt lat="52.509832" lon="13.524904"><ele>41.0</ele></trkpt>
<trkpt lat="52.509839" lon="13.524962"><ele>41.0</ele></trkpt>
<trkpt lat="52.509898" lon="13.525381"><ele>41.0</ele></trkpt>
<trkpt lat="52.509987" lon="13.526036"><ele>41.0</ele></trkpt>
<trkpt lat="52.509997" lon="13.526333"><ele>41.0</ele></trkpt>
<trkpt lat="52.510102" lon="13.527402"><ele>41.0</ele></trkpt>
<trkpt lat="52.510166" lon="13.528557"><ele>41.5</ele></trkpt>
<trkpt lat="52.510188" lon="13.529361"><ele>41.75</ele></trkpt>
<trkpt lat="52.510198" lon="13.530129"><ele>42.0</ele></trkpt>
<trkpt lat="52.510200" lon="13.530249"><ele>42.0</ele></trkpt>
<trkpt lat="52.510200" lon="13.530303"><ele>42.0</ele></trkpt>
<trkpt lat="52.510198" lon="13.530690"><ele>41.75</ele></trkpt>
<trkpt lat="52.510197" lon="13.530789"><ele>41.75</ele></trkpt>
<trkpt lat="52.510198" lon="13.530888"><ele>41.75</ele></trkpt>
<trkpt lat="52.510173" lon="13.531821"><ele>42.0</ele></trkpt>
<trkpt lat="52.510166" lon="13.531917"><ele>42.0</ele></trkpt>
<trkpt lat="52.510157" lon="13.531968"><ele>42.0</ele></trkpt>
<trkpt lat="52.510149" lon="13.532167"><ele>42.0</ele></trkpt>
<trkpt lat="52.510144" lon="13.532305"><ele>42.0</ele></trkpt>
<trkpt lat="52.510156" lon="13.532736"><ele>42.0</ele></trkpt>
<trkpt lat="52.510102" lon="13.534055"><ele>42.0</ele></trkpt>
<trkpt lat="52.510014" lon="13.536250"><ele>41.0</ele></trkpt>
<trkpt lat="52.509968" lon="13.537412"><ele>41.5</ele></trkpt>
<trkpt lat="52.509908" lon="13.538673"><ele>41.25</ele></trkpt>
<trkpt lat="52.509845" lon="13.540037"><ele>42.0</ele></trkpt>
<trkpt lat="52.509822" lon="13.540330"><ele>41.75</ele></trkpt>
<trkpt lat="52.509810" lon="13.540586"><ele>41.25</ele></trkpt>
<trkpt lat="52.509808" lon="13.540895"><ele>41.25</ele></trkpt>
<trkpt lat="52.509795" lon="13.541269"><ele>42.0</ele></trkpt>
<trkpt lat="52.509759" lon="13.542149"><ele>42.0</ele></trkpt>
<trkpt lat="52.509729" lon="13.542854"><ele>42.0</ele></trkpt>
<trkpt lat="52.509672" lon="13.544134"><ele>42.75</ele></trkpt>
<trkpt lat="52.509651" lon="13.544425"><ele>42.5</ele></trkpt>
<trkpt lat="52.509627" lon="13.544608"><ele>42.25</ele></trkpt>
<trkpt lat="52.509556" lon="13.544858"><ele>41.5</ele></trkpt>
<trkpt lat="52.509567" lon="13.544867"><ele>41.5</ele></trkpt>
<trkpt lat="52.509599" lon="13.544897"><ele>41.75</ele></trkpt>
<trkpt lat="52.509628" lon="13.544924"><ele>41.75</ele></trkpt>
<trkpt lat="52.509653" lon="13.544949"><ele>41.75</ele></trkpt>
<trkpt lat="52.509581" lon="13.546297"><ele>41.5</ele></trkpt>
<trkpt lat="52.509538" lon="13.546309"><ele>41.75</ele></trkpt>
<trkpt lat="52.509511" lon="13.546328"><ele>41.75</ele></trkpt>
<trkpt lat="52.509483" lon="13.546348"><ele>41.75</ele></trkpt>
<trkpt lat="52.509469" lon="13.546357"><ele>41.75</ele></trkpt>
<trkpt lat="52.509507" lon="13.546557"><ele>41.25</ele></trkpt>
<trkpt lat="52.509521" lon="13.546775"><ele>41.0</ele></trkpt>
<trkpt lat="52.509501" lon="13.547194"><ele>41.0</ele></trkpt>
<trkpt lat="52.509474" lon="13.547502"><ele>40.0</ele></trkpt>
<trkpt lat="52.509417" lon="13.548115"><ele>40.0</ele></trkpt>
<trkpt lat="52.509351" lon="13.548769"><ele>40.25</ele></trkpt>
<trkpt lat="52.509312" lon="13.549351"><ele>40.5</ele></trkpt>
<trkpt lat="52.509275" lon="13.549900"><ele>40.25</ele></trkpt>
<trkpt lat="52.509243" lon="13.550385"><ele>41.0</ele></trkpt>
<trkpt lat="52.509236" lon="13.550489"><ele>40.75</ele></trkpt>
<trkpt lat="52.509197" lon="13.550990"><ele>41.5</ele></trkpt>
<trkpt lat="52.509150" lon="13.551458"><ele>42.0</ele></trkpt>
<trkpt lat="52.509073" lon="13.552119"><ele>41.25</ele></trkpt>
<trkpt lat="52.509080" lon="13.552199"><ele>41.25</ele></trkpt>
<trkpt lat="52.509000" lon="13.552928"><ele>41.0</ele></trkpt>
<trkpt lat="52.508992" lon="13.553019"><ele>41.25</ele></trkpt>
<trkpt lat="52.508980" lon="13.553134"><ele>41.25</ele></trkpt>
<trkpt lat="52.509031" lon="13.553174"><ele>41.5</ele></trkpt>
<trkpt lat="52.509145" lon="13.553285"><ele>41.75</ele></trkpt>
<trkpt lat="52.509324" lon="13.553519"><ele>42.5</ele></trkpt>
<trkpt lat="52.509380" lon="13.553563"><ele>42.75</ele></trkpt>
<trkpt lat="52.509426" lon="13.553584"><ele>42.75</ele></trkpt>
<trkpt lat="52.509447" lon="13.553595"><ele>43.0</ele></trkpt>
<trkpt lat="52.509467" lon="13.553606"><ele>43.0</ele></trkpt>
<trkpt lat="52.509523" lon="13.553617"><ele>43.25</ele></trkpt>
<trkpt lat="52.509571" lon="13.553627"><ele>43.5</ele></trkpt>
<trkpt lat="52.509672" lon="13.553648"><ele>43.75</ele></trkpt>
<trkpt lat="52.509836" lon="13.553683"><ele>44.75</ele></trkpt>
<trkpt lat="52.510155" lon="13.553752"><ele>46.75</ele></trkpt>
<trkpt lat="52.510331" lon="13.553792"><ele>47.25</ele></trkpt>
<trkpt lat="52.510429" lon="13.553813"><ele>47.5</ele></trkpt>
<trkpt lat="52.510485" lon="13.553814"><ele>47.75</ele></trkpt>
<trkpt lat="52.510538" lon="13.553815"><ele>47.75</ele></trkpt>
<trkpt lat="52.511491" lon="13.554016"><ele>49.0</ele></trkpt>
<trkpt lat="52.511959" lon="13.554128"><ele>49.0</ele></trkpt>
<trkpt lat="52.512052" lon="13.554149"><ele>49.0</ele></trkpt>
<trkpt lat="52.512470" lon="13.554235"><ele>49.0</ele></trkpt>
<trkpt lat="52.512499" lon="13.554241"><ele>49.0</ele></trkpt>
<trkpt lat="52.512492" lon="13.554331"><ele>49.0</ele></trkpt>
<trkpt lat="52.512522" lon="13.554337"><ele>49.0</ele></trkpt>
<trkpt lat="52.512623" lon="13.554359"><ele>49.25</ele></trkpt>
<trkpt lat="52.512910" lon="13.554420"><ele>50.0</ele></trkpt>
<trkpt lat="52.512939" lon="13.554452"><ele>50.0</ele></trkpt>
<trkpt lat="52.512978" lon="13.554458"><ele>50.0</ele></trkpt>
<trkpt lat="52.512996" lon="13.554479"><ele>50.0</ele></trkpt>
<trkpt lat="52.513037" lon="13.554488"><ele>50.0</ele></trkpt>
<trkpt lat="52.513115" lon="13.554508"><ele>50.0</ele></trkpt>
<trkpt lat="52.513153" lon="13.554517"><ele>50.0</ele></trkpt>
<trkpt lat="52.513217" lon="13.554532"><ele>50.0</ele></trkpt>
<trkpt lat="52.513413" lon="13.554580"><ele>49.5</ele></trkpt>
<trkpt lat="52.513477" lon="13.554595"><ele>49.25</ele></trkpt>
<trkpt lat="52.513508" lon="13.554603"><ele>49.25</ele></trkpt>
<trkpt lat="52.513605" lon="13.554587"><ele>49.0</ele></trkpt>
<trkpt lat="52.513726" lon="13.554649"><ele>48.5</ele></trkpt>
<trkpt lat="52.513781" lon="13.554663"><ele>48.25</ele></trkpt>
<trkpt lat="52.513884" lon="13.554686"><ele>48.0</ele></trkpt>
<trkpt lat="52.514064" lon="13.554726"><ele>48.0</ele></trkpt>
<trkpt lat="52.514234" lon="13.554764"><ele>48.0</ele></trkpt>
<trkpt lat="52.514418" lon="13.554804"><ele>48.0</ele></trkpt>
<trkpt lat="52.514586" lon="13.554837"><ele>48.0</ele></trkpt>
<trkpt lat="52.514656" lon="13.554854"><ele>48.25</ele></trkpt>
<trkpt lat="52.514890" lon="13.554910"><ele>48.75</ele></trkpt>
<trkpt lat="52.515129" lon="13.554961"><ele>49.0</ele></trkpt>
<trkpt lat="52.515310" lon="13.555001"><ele>49.0</ele></trkpt>
<trkpt lat="52.515351" lon="13.555011"><ele>49.0</ele></trkpt>
<trkpt lat="52.515524" lon="13.555048"><ele>49.0</ele></trkpt>
<trkpt lat="52.515596" lon="13.555063"><ele>49.0</ele></trkpt>
<trkpt lat="52.515704" lon="13.555088"><ele>49.25</ele></trkpt>
<trkpt lat="52.515702" lon="13.555122"><ele>49.25</ele></trkpt>
<trkpt lat="52.515698" lon="13.555156"><ele>49.5</ele></trkpt>
<trkpt lat="52.515680" lon="13.555383"><ele>49.5</ele></trkpt>
<trkpt lat="52.515647" lon="13.555787"><ele>49.0</ele></trkpt>
<trkpt lat="52.515638" lon="13.555884"><ele>49.0</ele></trkpt>
<trkpt lat="52.515628" lon="13.556025"><ele>49.0</ele></trkpt>
<trkpt lat="52.515607" lon="13.556279"><ele>49.0</ele></trkpt>
<trkpt lat="52.515602" lon="13.556344"><ele>48.75</ele></trkpt>
<trkpt lat="52.515569" lon="13.556767"><ele>49.0</ele></trkpt>
<trkpt lat="52.515554" lon="13.556986"><ele>49.0</ele></trkpt>
<trkpt lat="52.515548" lon="13.557044"><ele>49.0</ele></trkpt>
<trkpt lat="52.515543" lon="13.557111"><ele>49.0</ele></trkpt>
<trkpt lat="52.515528" lon="13.557271"><ele>49.0</ele></trkpt>
<trkpt lat="52.515513" lon="13.557471"><ele>49.75</ele></trkpt>
<trkpt lat="52.515502" lon="13.557603"><ele>49.75</ele></trkpt>
<trkpt lat="52.515487" lon="13.557799"><ele>49.75</ele></trkpt>
<trkpt lat="52.515474" lon="13.557966"><ele>50.0</ele></trkpt>
<trkpt lat="52.515455" lon="13.558191"><ele>50.25</ele></trkpt>
<trkpt lat="52.515449" lon="13.558261"><ele>50.25</ele></trkpt>
<trkpt lat="52.515433" lon="13.558457"><ele>50.75</ele></trkpt>
<trkpt lat="52.515432" lon="13.558466"><ele>50.75</ele></trkpt>
<trkpt lat="52.515422" lon="13.558585"><ele>50.75</ele></trkpt>
<trkpt lat="52.515414" lon="13.558688"><ele>51.0</ele></trkpt>
<trkpt lat="52.515401" lon="13.558837"><ele>51.0</ele></trkpt>
<trkpt lat="52.515387" lon="13.559014"><ele>51.0</ele></trkpt>
<trkpt lat="52.515382" lon="13.559079"><ele>51.0</ele></trkpt>
<trkpt lat="52.515366" lon="13.559271"><ele>51.0</ele></trkpt>
<trkpt lat="52.515481" lon="13.559301"><ele>51.0</ele></trkpt>
<trkpt lat="52.515557" lon="13.559324"><ele>51.0</ele></trkpt>
<trkpt lat="52.515617" lon="13.559350"><ele>51.0</ele></trkpt>
<trkpt lat="52.515628" lon="13.559357"><ele>51.0</ele></trkpt>
<trkpt lat="52.515661" lon="13.559378"><ele>51.0</ele></trkpt>
<trkpt lat="52.515688" lon="13.559395"><ele>51.0</ele></trkpt>
<trkpt lat="52.515812" lon="13.559503"><ele>51.0</ele></trkpt>
<trkpt lat="52.515837" lon="13.559528"><ele>51.0</ele></trkpt>
<trkpt lat="52.515875" lon="13.559567"><ele>51.0</ele></trkpt>
<trkpt lat="52.515932" lon="13.559625"><ele>51.0</ele></trkpt>
<trkpt lat="52.516047" lon="13.559743"><ele>51.0</ele></trkpt>
<trkpt lat="52.516072" lon="13.559769"><ele>51.0</ele></trkpt>
<trkpt lat="52.516116" lon="13.559814"><ele>51.0</ele></trkpt>
<trkpt lat="52.516204" lon="13.559904"><ele>51.0</ele></trkpt>
<trkpt lat="52.516252" lon="13.559952"><ele>51.0</ele></trkpt>
<trkpt lat="52.516303" lon="13.560005"><ele>51.0</ele></trkpt>
<trkpt lat="52.516327" lon="13.560029"><ele>51.0</ele></trkpt>
<trkpt lat="52.516354" lon="13.560056"><ele>51.0</ele></trkpt>
<trkpt lat="52.516433" lon="13.560137"><ele>51.0</ele></trkpt>
<trkpt lat="52.516440" lon="13.560145"><ele>51.0</ele></trkpt>
<trkpt lat="52.516478" lon="13.560183"><ele>51.0</ele></trkpt>
<trkpt lat="52.516525" lon="13.560231"><ele>51.0</ele></trkpt>
<trkpt lat="52.516628" lon="13.560336"><ele>51.0</ele></trkpt>
<trkpt lat="52.516634" lon="13.560342"><ele>51.0</ele></trkpt>
<trkpt lat="52.516689" lon="13.560398"><ele>50.75</ele></trkpt>
<trkpt lat="52.516745" lon="13.560456"><ele>51.0</ele></trkpt>
<trkpt lat="52.516784" lon="13.560495"><ele>51.0</ele></trkpt>
<trkpt lat="52.516842" lon="13.560551"><ele>51.0</ele></trkpt>
<trkpt lat="52.516919" lon="13.560626"><ele>51.0</ele></trkpt>
<trkpt lat="52.516937" lon="13.560644"><ele>51.0</ele></trkpt>
<trkpt lat="52.517020" lon="13.560726"><ele>51.0</ele></trkpt>
<trkpt lat="52.517039" lon="13.560744"><ele>51.0</ele></trkpt>
<trkpt lat="52.517120" lon="13.560824"><ele>51.0</ele></trkpt>
<trkpt lat="52.517202" lon="13.560915"><ele>50.75</ele></trkpt>
<trkpt lat="52.517429" lon="13.561147"><ele>51.0</ele></trkpt>
<trkpt lat="52.517461" lon="13.561179"><ele>51.0</ele></trkpt>
<trkpt lat="52.517487" lon="13.561207"><ele>51.0</ele></trkpt>
<trkpt lat="52.517517" lon="13.561237"><ele>51.0</ele></trkpt>
<trkpt lat="52.517579" lon="13.561300"><ele>51.0</ele></trkpt>
<trkpt lat="52.517602" lon="13.561324"><ele>51.0</ele></trkpt>
<trkpt lat="52.517622" lon="13.561345"><ele>51.0</ele></trkpt>
<trkpt lat="52.517657" lon="13.561380"><ele>51.0</ele></trkpt>
<trkpt lat="52.517718" lon="13.561443"><ele>51.0</ele></trkpt>
<trkpt lat="52.517739" lon="13.561465"><ele>51.0</ele></trkpt>
<trkpt lat="52.517765" lon="13.561491"><ele>51.25</ele></trkpt>
<trkpt lat="52.517870" lon="13.561589"><ele>51.25</ele></trkpt>
<trkpt lat="52.517934" lon="13.561654"><ele>51.25</ele></trkpt>
<trkpt lat="52.518011" lon="13.561735"><ele>51.25</ele></trkpt>
<trkpt lat="52.518040" lon="13.561766"><ele>51.25</ele></trkpt>
<trkpt lat="52.518085" lon="13.561813"><ele>51.5</ele></trkpt>
<trkpt lat="52.518140" lon="13.561868"><ele>51.5</ele></trkpt>
<trkpt lat="52.518214" lon="13.561944"><ele>51.75</ele></trkpt>
<trkpt lat="52.518279" lon="13.562005"><ele>52.0</ele></trkpt>
<trkpt lat="52.518294" lon="13.562021"><ele>52.0</ele></trkpt>
<trkpt lat="52.518354" lon="13.562081"><ele>51.75</ele></trkpt>
<trkpt lat="52.518395" lon="13.562122"><ele>51.75</ele></trkpt>
<trkpt lat="52.518429" lon="13.562155"><ele>51.75</ele></trkpt>
<trkpt lat="52.518504" lon="13.562230"><ele>52.0</ele></trkpt>
<trkpt lat="52.518533" lon="13.562259"><ele>52.0</ele></trkpt>
<trkpt lat="52.518571" lon="13.562297"><ele>52.0</ele></trkpt>
<trkpt lat="52.518600" lon="13.562327"><ele>52.0</ele></trkpt>
<trkpt lat="52.518724" lon="13.562452"><ele>52.0</ele></trkpt>
<trkpt lat="52.518809" lon="13.562524"><ele>52.0</ele></trkpt>
<trkpt lat="52.518872" lon="13.562574"><ele>52.0</ele></trkpt>
<trkpt lat="52.518971" lon="13.562653"><ele>52.0</ele></trkpt>
<trkpt lat="52.519047" lon="13.562697"><ele>52.0</ele></trkpt>
<trkpt lat="52.518918" lon="13.563398"><ele>52.0</ele></trkpt>
<trkpt lat="52.518879" lon="13.563643"><ele>52.0</ele></trkpt>
<trkpt lat="52.518877" lon="13.563659"><ele>52.0</ele></trkpt>
<trkpt lat="52.518874" lon="13.563679"><ele>52.0</ele></trkpt>
<trkpt lat="52.518869" lon="13.563736"><ele>52.0</ele></trkpt>
<trkpt lat="52.518862" lon="13.563838"><ele>52.0</ele></trkpt>
<trkpt lat="52.518852" lon="13.564015"><ele>52.0</ele></trkpt>
<trkpt lat="52.518850" lon="13.564094"><ele>52.0</ele></trkpt>
<trkpt lat="52.518975" lon="13.564124"><ele>52.0</ele></trkpt>
<trkpt lat="52.519173" lon="13.564202"><ele>52.0</ele></trkpt>
<trkpt lat="52.519349" lon="13.564238"><ele>52.25</ele></trkpt>
<trkpt lat="52.519441" lon="13.564233"><ele>52.0</ele></trkpt>
<trkpt lat="52.519818" lon="13.564327"><ele>53.0</ele></trkpt>
<trkpt lat="52.520487" lon="13.564468"><ele>52.75</ele></trkpt>
<trkpt lat="52.521123" lon="13.564613"><ele>53.0</ele></trkpt>
<trkpt lat="52.521533" lon="13.564707"><ele>53.5</ele></trkpt>
<trkpt lat="52.522128" lon="13.564827"><ele>53.75</ele></trkpt>
<trkpt lat="52.522162" lon="13.564834"><ele>53.75</ele></trkpt>
<trkpt lat="52.522216" lon="13.564845"><ele>53.75</ele></trkpt>
<trkpt lat="52.522280" lon="13.564859"><ele>54.0</ele></trkpt>
<trkpt lat="52.522347" lon="13.564874"><ele>54.0</ele></trkpt>
<trkpt lat="52.522403" lon="13.564886"><ele>54.0</ele></trkpt>
<trkpt lat="52.523133" lon="13.565053"><ele>53.75</ele></trkpt>
<trkpt lat="52.523638" lon="13.565166"><ele>54.0</ele></trkpt>
<trkpt lat="52.524566" lon="13.565372"><ele>54.5</ele></trkpt>
<trkpt lat="52.524697" lon="13.565444"><ele>54.75</ele></trkpt>
<trkpt lat="52.524976" lon="13.565496"><ele>55.0</ele></trkpt>
<trkpt lat="52.525005" lon="13.565496"><ele>55.0</ele></trkpt>
<trkpt lat="52.525049" lon="13.565501"><ele>55.0</ele></trkpt>
<trkpt lat="52.525081" lon="13.565505"><ele>54.75</ele></trkpt>
<trkpt lat="52.525151" lon="13.565510"><ele>55.0</ele></trkpt>
<trkpt lat="52.525180" lon="13.565510"><ele>55.0</ele></trkpt>
<trkpt lat="52.525221" lon="13.565510"><ele>55.0</ele></trkpt>
<trkpt lat="52.525242" lon="13.565514"><ele>55.0</ele></trkpt>
<trkpt lat="52.525303" lon="13.565527"><ele>55.0</ele></trkpt>
<trkpt lat="52.525418" lon="13.565593"><ele>55.0</ele></trkpt>
<trkpt lat="52.525624" lon="13.565633"><ele>55.0</ele></trkpt>
<trkpt lat="52.525695" lon="13.565627"><ele>55.5</ele></trkpt>
<trkpt lat="52.526933" lon="13.565899"><ele>56.5</ele></trkpt>
<trkpt lat="52.526970" lon="13.565907"><ele>56.5</ele></trkpt>
<trkpt lat="52.527012" lon="13.565916"><ele>56.5</ele></trkpt>
<trkpt lat="52.527371" lon="13.565985"><ele>56.5</ele></trkpt>
<trkpt lat="52.527735" lon="13.566027"><ele>56.0</ele></trkpt>
<trkpt lat="52.527840" lon="13.566030"><ele>56.0</ele></trkpt>
<trkpt lat="52.528065" lon="13.566042"><ele>56.0</ele></trkpt>
<trkpt lat="52.528316" lon="13.566023"><ele>56.0</ele></trkpt>
<trkpt lat="52.528438" lon="13.566052"><ele>56.0</ele></trkpt>
<trkpt lat="52.528921" lon="13.565970"><ele>56.0</ele></trkpt>
<trkpt lat="52.528942" lon="13.565963"><ele>56.0</ele></trkpt>
<trkpt lat="52.528995" lon="13.565946"><ele>56.0</ele></trkpt>
<trkpt lat="52.529047" lon="13.565927"><ele>56.25</ele></trkpt>
<trkpt lat="52.529131" lon="13.565898"><ele>56.5</ele></trkpt>
<trkpt lat="52.529168" lon="13.565879"><ele>56.75</ele></trkpt>
<trkpt lat="52.529207" lon="13.565866"><ele>56.75</ele></trkpt>
<trkpt lat="52.529233" lon="13.565861"><ele>56.75</ele></trkpt>
<trkpt lat="52.529322" lon="13.565843"><ele>56.75</ele></trkpt>
<trkpt lat="52.529424" lon="13.565857"><ele>56.75</ele></trkpt>
<trkpt lat="52.529599" lon="13.565823"><ele>57.5</ele></trkpt>
<trkpt lat="52.529669" lon="13.565793"><ele>57.75</ele></trkpt>
<trkpt lat="52.529702" lon="13.565775"><ele>57.75</ele></trkpt>
<trkpt lat="52.529915" lon="13.565731"><ele>58.25</ele></trkpt>
<trkpt lat="52.530113" lon="13.565693"><ele>58.25</ele></trkpt>
<trkpt lat="52.530293" lon="13.565670"><ele>58.25</ele></trkpt>
<trkpt lat="52.530666" lon="13.565655"><ele>58.0</ele></trkpt>
<trkpt lat="52.530802" lon="13.565663"><ele>58.0</ele></trkpt>
<trkpt lat="52.530967" lon="13.565674"><ele>58.0</ele></trkpt>
<trkpt lat="52.531221" lon="13.565718"><ele>58.0</ele></trkpt>
<trkpt lat="52.531642" lon="13.565808"><ele>57.0</ele></trkpt>
<trkpt lat="52.532409" lon="13.565977"><ele>55.0</ele></trkpt>
<trkpt lat="52.533146" lon="13.566139"><ele>53.75</ele></trkpt>
<trkpt lat="52.533584" lon="13.566245"><ele>53.0</ele></trkpt>
<trkpt lat="52.533918" lon="13.566351"><ele>53.0</ele></trkpt>
<trkpt lat="52.534189" lon="13.566442"><ele>52.75</ele></trkpt>
<trkpt lat="52.534216" lon="13.566453"><ele>52.75</ele></trkpt>
<trkpt lat="52.534340" lon="13.566508"><ele>52.5</ele></trkpt>
<trkpt lat="52.534449" lon="13.566551"><ele>52.5</ele></trkpt>
<trkpt lat="52.534475" lon="13.566562"><ele>52.5</ele></trkpt>
<trkpt lat="52.534559" lon="13.566604"><ele>52.25</ele></trkpt>
<trkpt lat="52.534669" lon="13.566696"><ele>52.0</ele></trkpt>
<trkpt lat="52.534763" lon="13.566752"><ele>52.0</ele></trkpt>
<trkpt lat="52.534877" lon="13.566817"><ele>52.0</ele></trkpt>
<trkpt lat="52.534944" lon="13.566820"><ele>52.0</ele></trkpt>
<trkpt lat="52.535148" lon="13.566949"><ele>52.0</ele></trkpt>
<trkpt lat="52.535769" lon="13.567359"><ele>52.0</ele></trkpt>
<trkpt lat="52.537304" lon="13.568381"><ele>52.5</ele></trkpt>
<trkpt lat="52.537816" lon="13.568715"><ele>53.5</ele></trkpt>
<trkpt lat="52.537911" lon="13.568766"><ele>53.75</ele></trkpt>
<trkpt lat="52.537935" lon="13.568780"><ele>53.75</ele></trkpt>
<trkpt lat="52.538066" lon="13.568855"><ele>53.75</ele></trkpt>
<trkpt lat="52.538203" lon="13.568934"><ele>54.0</ele></trkpt>
<trkpt lat="52.538224" lon="13.568946"><ele>54.0</ele></trkpt>
<trkpt lat="52.538442" lon="13.569069"><ele>54.0</ele></trkpt>
<trkpt lat="52.538462" lon="13.569088"><ele>54.0</ele></trkpt>
<trkpt lat="52.538639" lon="13.569179"><ele>54.0</ele></trkpt>
<trkpt lat="52.538694" lon="13.569207"><ele>54.25</ele></trkpt>
<trkpt lat="52.538746" lon="13.569234"><ele>54.25</ele></trkpt>
<trkpt lat="52.538860" lon="13.569395"><ele>54.75</ele></trkpt>
<trkpt lat="52.538906" lon="13.569412"><ele>55.0</ele></trkpt>
<trkpt lat="52.538993" lon="13.569444"><ele>55.0</ele></trkpt>
<trkpt lat="52.539071" lon="13.569474"><ele>54.75</ele></trkpt>
<trkpt lat="52.539129" lon="13.569495"><ele>54.75</ele></trkpt>
<trkpt lat="52.539199" lon="13.569521"><ele>54.75</ele></trkpt>
<trkpt lat="52.539270" lon="13.569548"><ele>54.75</ele></trkpt>
<trkpt lat="52.539343" lon="13.569575"><ele>54.75</ele></trkpt>
<trkpt lat="52.539465" lon="13.569621"><ele>55.0</ele></trkpt>
<trkpt lat="52.539624" lon="13.569672"><ele>55.0</ele></trkpt>
<trkpt lat="52.539695" lon="13.569694"><ele>55.0</ele></trkpt>
<trkpt lat="52.539768" lon="13.569718"><ele>55.0</ele></trkpt>
<trkpt lat="52.539841" lon="13.569741"><ele>55.0</ele></trkpt>
<trkpt lat="52.539913" lon="13.569763"><ele>55.0</ele></trkpt>
<trkpt lat="52.539974" lon="13.569783"><ele>55.0</ele></trkpt>
<trkpt lat="52.540179" lon="13.569848"><ele>55.0</ele></trkpt>
<trkpt lat="52.540261" lon="13.569818"><ele>55.0</ele></trkpt>
<trkpt lat="52.540589" lon="13.569918"><ele>56.0</ele></trkpt>
<trkpt lat="52.540619" lon="13.569922"><ele>56.0</ele></trkpt>
<trkpt lat="52.540701" lon="13.569937"><ele>56.0</ele></trkpt>
<trkpt lat="52.540762" lon="13.569949"><ele>56.0</ele></trkpt>
<trkpt lat="52.540820" lon="13.569957"><ele>56.0</ele></trkpt>
<trkpt lat="52.540853" lon="13.569963"><ele>56.0</ele></trkpt>
<trkpt lat="52.541061" lon="13.570035"><ele>55.75</ele></trkpt>
<trkpt lat="52.541099" lon="13.570075"><ele>55.75</ele></trkpt>
<trkpt lat="52.541231" lon="13.570122"><ele>56.25</ele></trkpt>
<trkpt lat="52.541345" lon="13.570160"><ele>56.75</ele></trkpt>
<trkpt lat="52.541421" lon="13.570152"><ele>57.0</ele></trkpt>
<trkpt lat="52.542045" lon="13.570363"><ele>58.0</ele></trkpt>
<trkpt lat="52.542562" lon="13.570525"><ele>59.0</ele></trkpt>
<trkpt lat="52.542754" lon="13.570636"><ele>59.0</ele></trkpt>
<trkpt lat="52.543092" lon="13.570751"><ele>60.0</ele></trkpt>
<trkpt lat="52.543163" lon="13.570766"><ele>60.0</ele></trkpt>
<trkpt lat="52.543186" lon="13.570771"><ele>60.0</ele></trkpt>
<trkpt lat="52.543287" lon="13.570779"><ele>60.0</ele></trkpt>
<trkpt lat="52.543369" lon="13.570784"><ele>60.0</ele></trkpt>
<trkpt lat="52.543391" lon="13.570792"><ele>60.0</ele></trkpt>
<trkpt lat="52.543459" lon="13.570823"><ele>60.25</ele></trkpt>
<trkpt lat="52.543536" lon="13.570878"><ele>60.5</ele></trkpt>
<trkpt lat="52.543762" lon="13.570947"><ele>60.75</ele></trkpt>
<trkpt lat="52.543860" lon="13.570961"><ele>60.75</ele></trkpt>
<trkpt lat="52.544219" lon="13.571135"><ele>61.0</ele></trkpt>
<trkpt lat="52.544475" lon="13.571242"><ele>61.0</ele></trkpt>
<trkpt lat="52.544511" lon="13.571258"><ele>61.0</ele></trkpt>
<trkpt lat="52.544567" lon="13.571280"><ele>61.0</ele></trkpt>
<trkpt lat="52.544896" lon="13.571394"><ele>60.75</ele></trkpt>
<trkpt lat="52.545881" lon="13.571712"><ele>59.75</ele></trkpt>
<trkpt lat="52.545929" lon="13.571726"><ele>60.0</ele></trkpt>
<trkpt lat="52.545994" lon="13.571742"><ele>60.0</ele></trkpt>
<trkpt lat="52.546043" lon="13.571754"><ele>60.0</ele></trkpt>
<trkpt lat="52.546140" lon="13.571779"><ele>60.0</ele></trkpt>
<trkpt lat="52.546177" lon="13.571789"><ele>60.0</ele></trkpt>
<trkpt lat="52.546285" lon="13.571817"><ele>60.0</ele></trkpt>
<trkpt lat="52.546356" lon="13.571835"><ele>60.0</ele></trkpt>
<trkpt lat="52.546421" lon="13.571852"><ele>59.75</ele></trkpt>
<trkpt lat="52.546469" lon="13.571865"><ele>59.75</ele></trkpt>
<trkpt lat="52.546791" lon="13.571964"><ele>58.75</ele></trkpt>
<trkpt lat="52.546861" lon="13.572011"><ele>58.75</ele></trkpt>
<trkpt lat="52.547041" lon="13.572062"><ele>58.25</ele></trkpt>
<trkpt lat="52.547068" lon="13.572070"><ele>58.25</ele></trkpt>
<trkpt lat="52.547168" lon="13.572062"><ele>58.0</ele></trkpt>
<trkpt lat="52.547266" lon="13.572095"><ele>57.75</ele></trkpt>
<trkpt lat="52.547338" lon="13.572076"><ele>57.75</ele></trkpt>
<trkpt lat="52.547588" lon="13.572145"><ele>57.0</ele></trkpt>
<trkpt lat="52.547851" lon="13.572108"><ele>56.5</ele></trkpt>
<trkpt lat="52.549493" lon="13.572650"><ele>53.25</ele></trkpt>
<trkpt lat="52.549650" lon="13.572690"><ele>53.0</ele></trkpt>
<trkpt lat="52.549846" lon="13.572754"><ele>53.0</ele></trkpt>
<trkpt lat="52.550039" lon="13.572750"><ele>53.0</ele></trkpt>
<trkpt lat="52.550112" lon="13.572750"><ele>53.0</ele></trkpt>
<trkpt lat="52.550262" lon="13.572810"><ele>53.0</ele></trkpt>
<trkpt lat="52.550497" lon="13.572890"><ele>53.0</ele></trkpt>
<trkpt lat="52.550747" lon="13.572977"><ele>52.5</ele></trkpt>
<trkpt lat="52.551157" lon="13.573118"><ele>52.75</ele></trkpt>
<trkpt lat="52.552073" lon="13.573434"><ele>54.25</ele></trkpt>
<trkpt lat="52.552259" lon="13.573498"><ele>55.0</ele></trkpt>
<trkpt lat="52.552373" lon="13.573538"><ele>55.0</ele></trkpt>
<trkpt lat="52.552527" lon="13.573594"><ele>55.0</ele></trkpt>
<trkpt lat="52.553585" lon="13.573978"><ele>57.75</ele></trkpt>
<trkpt lat="52.554307" lon="13.574241"><ele>59.5</ele></trkpt>
<trkpt lat="52.554435" lon="13.574287"><ele>59.75</ele></trkpt>
<trkpt lat="52.554706" lon="13.574381"><ele>60.0</ele></trkpt>
<trkpt lat="52.554929" lon="13.574462"><ele>60.5</ele></trkpt>
<trkpt lat="52.554954" lon="13.574470"><ele>60.75</ele></trkpt>
<trkpt lat="52.554985" lon="13.574481"><ele>60.75</ele></trkpt>
<trkpt lat="52.555118" lon="13.574529"><ele>61.0</ele></trkpt>
<trkpt lat="52.555210" lon="13.574563"><ele>61.0</ele></trkpt>
<trkpt lat="52.555316" lon="13.574602"><ele>61.0</ele></trkpt>
<trkpt lat="52.555357" lon="13.574616"><ele>61.0</ele></trkpt>
<trkpt lat="52.555527" lon="13.574679"><ele>61.0</ele></trkpt>
<trkpt lat="52.555663" lon="13.574730"><ele>60.5</ele></trkpt>
<trkpt lat="52.555725" lon="13.574753"><ele>60.25</ele></trkpt>
<trkpt lat="52.556559" lon="13.575064"><ele>59.25</ele></trkpt>
<trkpt lat="52.558065" lon="13.575611"><ele>57.0</ele></trkpt>
<trkpt lat="52.558127" lon="13.575633"><ele>57.0</ele></trkpt>
<trkpt lat="52.558159" lon="13.575645"><ele>57.0</ele></trkpt>
<trkpt lat="52.558247" lon="13.575677"><ele>57.0</ele></trkpt>
<trkpt lat="52.558369" lon="13.575716"><ele>57.0</ele></trkpt>
<trkpt lat="52.558553" lon="13.575776"><ele>57.25</ele></trkpt>
<trkpt lat="52.558718" lon="13.575818"><ele>56.5</ele></trkpt>
<trkpt lat="52.558882" lon="13.575833"><ele>56.0</ele></trkpt>
<trkpt lat="52.559123" lon="13.575819"><ele>56.0</ele></trkpt>
<trkpt lat="52.559361" lon="13.575740"><ele>56.0</ele></trkpt>
<trkpt lat="52.559638" lon="13.575564"><ele>56.0</ele></trkpt>
<trkpt lat="52.559785" lon="13.575438"><ele>55.75</ele></trkpt>
<trkpt lat="52.559897" lon="13.575329"><ele>55.25</ele></trkpt>
<trkpt lat="52.560096" lon="13.575097"><ele>55.0</ele></trkpt>
<trkpt lat="52.560162" lon="13.574994"><ele>54.75</ele></trkpt>
<trkpt lat="52.560248" lon="13.574835"><ele>54.75</ele></trkpt>
<trkpt lat="52.560325" lon="13.574655"><ele>54.75</ele></trkpt>
<trkpt lat="52.560385" lon="13.574494"><ele>55.0</ele></trkpt>
<trkpt lat="52.560464" lon="13.574227"><ele>55.0</ele></trkpt>
<trkpt lat="52.560475" lon="13.574171"><ele>55.0</ele></trkpt>
<trkpt lat="52.560521" lon="13.573923"><ele>54.75</ele></trkpt>
<trkpt lat="52.560554" lon="13.573665"><ele>54.0</ele></trkpt>
<trkpt lat="52.560640" lon="13.572610"><ele>54.0</ele></trkpt>
<trkpt lat="52.560675" lon="13.572143"><ele>53.0</ele></trkpt>
<trkpt lat="52.560690" lon="13.571895"><ele>53.5</ele></trkpt>
<trkpt lat="52.560753" lon="13.570897"><ele>53.25</ele></trkpt>
<trkpt lat="52.560783" lon="13.570244"><ele>53.0</ele></trkpt>
<trkpt lat="52.560807" lon="13.569638"><ele>53.0</ele></trkpt>
<trkpt lat="52.560809" lon="13.569592"><ele>53.0</ele></trkpt>
<trkpt lat="52.560810" lon="13.569570"><ele>53.0</ele></trkpt>
<trkpt lat="52.560813" lon="13.569492"><ele>53.0</ele></trkpt>
<trkpt lat="52.560816" lon="13.569410"><ele>53.0</ele></trkpt>
<trkpt lat="52.560818" lon="13.569382"><ele>53.0</ele></trkpt>
<trkpt lat="52.560820" lon="13.569322"><ele>53.0</ele></trkpt>
<trkpt lat="52.560823" lon="13.569265"><ele>53.0</ele></trkpt>
<trkpt lat="52.560824" lon="13.569228"><ele>53.0</ele></trkpt>
<trkpt lat="52.560918" lon="13.566766"><ele>52.75</ele></trkpt>
<trkpt lat="52.560955" lon="13.566208"><ele>53.0</ele></trkpt>
<trkpt lat="52.561048" lon="13.565261"><ele>54.0</ele></trkpt>
<trkpt lat="52.561096" lon="13.564821"><ele>54.0</ele></trkpt>
<trkpt lat="52.561141" lon="13.564481"><ele>53.75</ele></trkpt>
<trkpt lat="52.561153" lon="13.564390"><ele>53.75</ele></trkpt>
<trkpt lat="52.561196" lon="13.564100"><ele>54.0</ele></trkpt>
<trkpt lat="52.561252" lon="13.563721"><ele>54.0</ele></trkpt>
<trkpt lat="52.561298" lon="13.563468"><ele>54.0</ele></trkpt>
<trkpt lat="52.561358" lon="13.563155"><ele>54.0</ele></trkpt>
<trkpt lat="52.561366" lon="13.563113"><ele>54.0</ele></trkpt>
<trkpt lat="52.561410" lon="13.562868"><ele>54.0</ele></trkpt>
<trkpt lat="52.561522" lon="13.562545"><ele>54.0</ele></trkpt>
<trkpt lat="52.561631" lon="13.562228"><ele>54.75</ele></trkpt>
<trkpt lat="52.561821" lon="13.561776"><ele>54.75</ele></trkpt>
<trkpt lat="52.561925" lon="13.561481"><ele>55.0</ele></trkpt>
<trkpt lat="52.562188" lon="13.560511"><ele>55.0</ele></trkpt>
<trkpt lat="52.562234" lon="13.560359"><ele>55.0</ele></trkpt>
<trkpt lat="52.562323" lon="13.560040"><ele>55.0</ele></trkpt>
<trkpt lat="52.562651" lon="13.559010"><ele>54.25</ele></trkpt>
<trkpt lat="52.562731" lon="13.558757"><ele>54.25</ele></trkpt>
<trkpt lat="52.562834" lon="13.558443"><ele>53.5</ele></trkpt>
<trkpt lat="52.562885" lon="13.558283"><ele>53.75</ele></trkpt>
<trkpt lat="52.563029" lon="13.557851"><ele>53.5</ele></trkpt>
<trkpt lat="52.563599" lon="13.556075"><ele>54.0</ele></trkpt>
<trkpt lat="52.563746" lon="13.555683"><ele>54.0</ele></trkpt>
<trkpt lat="52.563797" lon="13.555522"><ele>54.0</ele></trkpt>
<trkpt lat="52.563923" lon="13.555125"><ele>53.75</ele></trkpt>
<trkpt lat="52.563973" lon="13.554964"><ele>54.0</ele></trkpt>
<trkpt lat="52.564074" lon="13.554642"><ele>54.0</ele></trkpt>
<trkpt lat="52.564195" lon="13.554255"><ele>54.5</ele></trkpt>
<trkpt lat="52.563996" lon="13.554086"><ele>54.25</ele></trkpt>
<trkpt lat="52.563926" lon="13.554026"><ele>54.0</ele></trkpt>
<trkpt lat="52.563868" lon="13.553976"><ele>54.0</ele></trkpt>
<trkpt lat="52.563540" lon="13.553696"><ele>54.0</ele></trkpt>
<trkpt lat="52.563344" lon="13.553528"><ele>54.0</ele></trkpt>
<trkpt lat="52.563284" lon="13.553476"><ele>54.0</ele></trkpt>
<trkpt lat="52.563218" lon="13.553419"><ele>54.0</ele></trkpt>
<trkpt lat="52.563259" lon="13.553322"><ele>54.0</ele></trkpt>
<trkpt lat="52.563287" lon="13.553253"><ele>54.0</ele></trkpt>
<trkpt lat="52.563832" lon="13.551935"><ele>54.0</ele></trkpt>
<trkpt lat="52.563855" lon="13.551880"><ele>54.0</ele></trkpt>
<trkpt lat="52.564018" lon="13.551492"><ele>54.0</ele></trkpt>
<trkpt lat="52.564115" lon="13.551260"><ele>54.0</ele></trkpt>
<trkpt lat="52.564414" lon="13.550513"><ele>54.0</ele></trkpt>
<trkpt lat="52.564864" lon="13.549446"><ele>54.75</ele></trkpt>
<trkpt lat="52.564890" lon="13.549373"><ele>55.0</ele></trkpt>
<trkpt lat="52.564909" lon="13.549322"><ele>55.0</ele></trkpt>
<trkpt lat="52.564944" lon="13.549238"><ele>55.0</ele></trkpt>
<trkpt lat="52.565393" lon="13.548137"><ele>52.75</ele></trkpt>
<trkpt lat="52.565491" lon="13.547890"><ele>52.5</ele></trkpt>
<trkpt lat="52.565531" lon="13.547793"><ele>53.5</ele></trkpt>
<trkpt lat="52.565611" lon="13.547612"><ele>54.5</ele></trkpt>
<trkpt lat="52.565697" lon="13.547417"><ele>55.0</ele></trkpt>
<trkpt lat="52.566704" lon="13.544961"><ele>55.0</ele></trkpt>
<trkpt lat="52.566867" lon="13.544568"><ele>55.0</ele></trkpt>
<trkpt lat="52.566912" lon="13.544451"><ele>55.0</ele></trkpt>
<trkpt lat="52.566948" lon="13.544357"><ele>55.0</ele></trkpt>
<trkpt lat="52.566958" lon="13.544331"><ele>55.0</ele></trkpt>
<trkpt lat="52.567826" lon="13.543150"><ele>55.0</ele></trkpt>
<trkpt lat="52.568022" lon="13.542905"><ele>55.75</ele></trkpt>
<trkpt lat="52.568234" lon="13.542649"><ele>56.0</ele></trkpt>
<trkpt lat="52.568333" lon="13.542529"><ele>56.0</ele></trkpt>
<trkpt lat="52.568414" lon="13.542480"><ele>56.25</ele></trkpt>
<trkpt lat="52.568442" lon="13.542491"><ele>56.25</ele></trkpt>
<trkpt lat="52.568479" lon="13.542521"><ele>56.5</ele></trkpt>
<trkpt lat="52.568505" lon="13.542430"><ele>56.5</ele></trkpt>
<trkpt lat="52.568551" lon="13.542274"><ele>56.75</ele></trkpt>
<trkpt lat="52.568597" lon="13.542119"><ele>56.5</ele></trkpt>
<trkpt lat="52.568605" lon="13.542091"><ele>56.5</ele></trkpt>
<trkpt lat="52.568750" lon="13.541588"><ele>57.0</ele></trkpt>
<trkpt lat="52.568769" lon="13.541529"><ele>57.0</ele></trkpt>
<trkpt lat="52.568788" lon="13.541471"><ele>57.0</ele></trkpt>
<trkpt lat="52.568832" lon="13.541327"><ele>56.75</ele></trkpt>
<trkpt lat="52.568856" lon="13.541251"><ele>56.5</ele></trkpt>
<trkpt lat="52.568983" lon="13.540808"><ele>56.5</ele></trkpt>
<trkpt lat="52.569256" lon="13.539856"><ele>56.25</ele></trkpt>
<trkpt lat="52.569314" lon="13.539662"><ele>56.25</ele></trkpt>
<trkpt lat="52.569322" lon="13.539635"><ele>56.25</ele></trkpt>
<trkpt lat="52.569362" lon="13.539498"><ele>56.0</ele></trkpt>
<trkpt lat="52.569418" lon="13.539307"><ele>55.75</ele></trkpt>
<trkpt lat="52.569514" lon="13.538993"><ele>56.25</ele></trkpt>
<trkpt lat="52.569570" lon="13.538791"><ele>56.25</ele></trkpt>
<trkpt lat="52.569606" lon="13.538668"><ele>56.0</ele></trkpt>
<trkpt lat="52.569645" lon="13.538554"><ele>55.75</ele></trkpt>
<trkpt lat="52.569715" lon="13.538394"><ele>55.75</ele></trkpt>
<trkpt lat="52.569767" lon="13.538453"><ele>56.0</ele></trkpt>
<trkpt lat="52.569812" lon="13.538484"><ele>56.25</ele></trkpt>
<trkpt lat="52.569880" lon="13.538527"><ele>56.5</ele></trkpt>
<trkpt lat="52.570535" lon="13.538935"><ele>56.5</ele></trkpt>
<trkpt lat="52.570798" lon="13.539083"><ele>55.0</ele></trkpt>
<trkpt lat="52.571156" lon="13.539270"><ele>55.0</ele></trkpt>
<trkpt lat="52.571224" lon="13.539288"><ele>55.0</ele></trkpt>
<trkpt lat="52.571394" lon="13.539384"><ele>55.0</ele></trkpt>
<trkpt lat="52.571440" lon="13.539408"><ele>55.0</ele></trkpt>
<trkpt lat="52.573289" lon="13.540371"><ele>56.25</ele></trkpt>
<trkpt lat="52.573342" lon="13.540388"><ele>56.25</ele></trkpt>
<trkpt lat="52.574552" lon="13.541061"><ele>60.25</ele></trkpt>
<trkpt lat="52.574994" lon="13.539230"><ele>61.0</ele></trkpt>
<trkpt lat="52.575194" lon="13.538433"><ele>61.5</ele></trkpt>
<trkpt lat="52.575232" lon="13.538334"><ele>61.75</ele></trkpt>
<trkpt lat="52.575286" lon="13.538224"><ele>62.0</ele></trkpt>
<trkpt lat="52.575574" lon="13.537351"><ele>61.75</ele></trkpt>
<trkpt lat="52.575644" lon="13.537109"><ele>61.25</ele></trkpt>
<trkpt lat="52.575714" lon="13.536823"><ele>60.5</ele></trkpt>
<trkpt lat="52.575804" lon="13.536551"><ele>59.75</ele></trkpt>
<trkpt lat="52.575927" lon="13.536294"><ele>60.0</ele></trkpt>
<trkpt lat="52.576176" lon="13.535549"><ele>60.0</ele></trkpt>
<trkpt lat="52.576274" lon="13.535206"><ele>59.5</ele></trkpt>
<trkpt lat="52.576304" lon="13.535033"><ele>59.0</ele></trkpt>
<trkpt lat="52.576388" lon="13.534530"><ele>58.25</ele></trkpt>
<trkpt lat="52.578258" lon="13.535573"><ele>60.0</ele></trkpt>
<trkpt lat="52.579906" lon="13.536489"><ele>62.25</ele></trkpt>
<trkpt lat="52.580070" lon="13.535583"><ele>62.0</ele></trkpt>
<trkpt lat="52.580135" lon="13.535245"><ele>62.0</ele></trkpt>
<trkpt lat="52.580241" lon="13.534684"><ele>61.75</ele></trkpt>
<trkpt lat="52.580384" lon="13.533925"><ele>61.0</ele></trkpt>
<trkpt lat="52.580400" lon="13.533843"><ele>61.0</ele></trkpt>
<trkpt lat="52.580454" lon="13.533506"><ele>61.0</ele></trkpt>
<trkpt lat="52.580501" lon="13.533231"><ele>61.0</ele></trkpt>
<trkpt lat="52.580661" lon="13.532375"><ele>61.0</ele></trkpt>
<trkpt lat="52.580739" lon="13.531965"><ele>60.5</ele></trkpt>
<trkpt lat="52.580837" lon="13.531440"><ele>61.0</ele></trkpt>
<trkpt lat="52.580944" lon="13.530868"><ele>61.0</ele></trkpt>
<trkpt lat="52.580969" lon="13.530734"><ele>60.75</ele></trkpt>
<trkpt lat="52.581077" lon="13.530140"><ele>60.75</ele></trkpt>
<trkpt lat="52.581792" lon="13.530560"><ele>60.5</ele></trkpt>
<trkpt lat="52.581823" lon="13.530579"><ele>60.25</ele></trkpt>
<trkpt lat="52.582964" lon="13.531279"><ele>60.0</ele></trkpt>
<trkpt lat="52.584077" lon="13.531962"><ele>62.0</ele></trkpt>
<trkpt lat="52.584433" lon="13.532181"><ele>62.75</ele></trkpt>
<trkpt lat="52.584685" lon="13.532335"><ele>63.0</ele></trkpt>
<trkpt lat="52.584043" lon="13.531012"><ele>61.5</ele></trkpt>
<trkpt lat="52.583955" lon="13.530824"><ele>61.0</ele></trkpt>
<trkpt lat="52.583738" lon="13.530369"><ele>61.0</ele></trkpt>
<trkpt lat="52.583314" lon="13.529488"><ele>60.75</ele></trkpt>
<trkpt lat="52.582919" lon="13.528677"><ele>60.5</ele></trkpt>
<trkpt lat="52.582796" lon="13.528415"><ele>60.0</ele></trkpt>
<trkpt lat="52.582648" lon="13.528119"><ele>60.25</ele></trkpt>
<trkpt lat="52.581807" lon="13.526366"><ele>59.0</ele></trkpt>
<trkpt lat="52.581635" lon="13.526008"><ele>59.5</ele></trkpt>
<trkpt lat="52.578756" lon="13.520021"><ele>55.5</ele></trkpt>
<trkpt lat="52.578805" lon="13.519867"><ele>55.25</ele></trkpt>
<trkpt lat="52.578831" lon="13.519783"><ele>55.0</ele></trkpt>
<trkpt lat="52.578636" lon="13.519690"><ele>55.0</ele></trkpt>
<trkpt lat="52.578602" lon="13.519673"><ele>55.0</ele></trkpt>
<trkpt lat="52.578478" lon="13.519613"><ele>55.0</ele></trkpt>
<trkpt lat="52.578414" lon="13.519580"><ele>55.0</ele></trkpt>
<trkpt lat="52.578336" lon="13.519537"><ele>55.0</ele></trkpt>
<trkpt lat="52.578239" lon="13.519485"><ele>55.0</ele></trkpt>
<trkpt lat="52.578072" lon="13.519399"><ele>54.75</ele></trkpt>
<trkpt lat="52.577486" lon="13.519096"><ele>54.0</ele></trkpt>
<trkpt lat="52.577327" lon="13.519013"><ele>54.5</ele></trkpt>
<trkpt lat="52.577155" lon="13.518980"><ele>55.0</ele></trkpt>
<trkpt lat="52.576794" lon="13.518910"><ele>54.75</ele></trkpt>
<trkpt lat="52.576676" lon="13.518887"><ele>55.0</ele></trkpt>
<trkpt lat="52.576349" lon="13.518813"><ele>55.0</ele></trkpt>
<trkpt lat="52.576335" lon="13.518809"><ele>55.0</ele></trkpt>
<trkpt lat="52.576317" lon="13.518801"><ele>55.25</ele></trkpt>
<trkpt lat="52.576181" lon="13.518735"><ele>55.5</ele></trkpt>
<trkpt lat="52.576013" lon="13.518643"><ele>56.0</ele></trkpt>
<trkpt lat="52.575855" lon="13.518556"><ele>56.25</ele></trkpt>
<trkpt lat="52.575826" lon="13.518540"><ele>56.5</ele></trkpt>
<trkpt lat="52.575702" lon="13.518469"><ele>57.0</ele></trkpt>
<trkpt lat="52.575550" lon="13.518384"><ele>57.0</ele></trkpt>
<trkpt lat="52.575520" lon="13.518367"><ele>57.0</ele></trkpt>
<trkpt lat="52.575441" lon="13.518324"><ele>57.25</ele></trkpt>
<trkpt lat="52.575169" lon="13.518172"><ele>58.25</ele></trkpt>
<trkpt lat="52.575138" lon="13.518155"><ele>58.25</ele></trkpt>
<trkpt lat="52.575098" lon="13.518133"><ele>58.25</ele></trkpt>
<trkpt lat="52.574968" lon="13.518061"><ele>58.0</ele></trkpt>
<trkpt lat="52.574958" lon="13.518056"><ele>58.0</ele></trkpt>
<trkpt lat="52.574831" lon="13.518019"><ele>58.5</ele></trkpt>
<trkpt lat="52.574869" lon="13.517772"><ele>59.0</ele></trkpt>
<trkpt lat="52.574904" lon="13.517605"><ele>59.0</ele></trkpt>
<trkpt lat="52.575009" lon="13.517160"><ele>59.0</ele></trkpt>
<trkpt lat="52.575159" lon="13.516524"><ele>59.0</ele></trkpt>
<trkpt lat="52.575203" lon="13.516337"><ele>59.0</ele></trkpt>
<trkpt lat="52.575253" lon="13.516087"><ele>59.0</ele></trkpt>
<trkpt lat="52.575351" lon="13.515586"><ele>60.0</ele></trkpt>
<trkpt lat="52.575418" lon="13.515116"><ele>59.5</ele></trkpt>
<trkpt lat="52.575423" lon="13.514970"><ele>59.25</ele></trkpt>
<trkpt lat="52.575417" lon="13.514865"><ele>59.0</ele></trkpt>
<trkpt lat="52.575400" lon="13.514750"><ele>58.5</ele></trkpt>
<trkpt lat="52.575331" lon="13.514311"><ele>59.25</ele></trkpt>
<trkpt lat="52.575302" lon="13.514131"><ele>59.75</ele></trkpt>
<trkpt lat="52.575297" lon="13.513909"><ele>59.75</ele></trkpt>
<trkpt lat="52.575308" lon="13.513793"><ele>60.0</ele></trkpt>
<trkpt lat="52.575333" lon="13.513489"><ele>60.0</ele></trkpt>
<trkpt lat="52.575335" lon="13.513385"><ele>60.0</ele></trkpt>
<trkpt lat="52.575337" lon="13.513322"><ele>60.0</ele></trkpt>
<trkpt lat="52.575345" lon="13.512976"><ele>60.0</ele></trkpt>
<trkpt lat="52.575345" lon="13.512947"><ele>60.0</ele></trkpt>
<trkpt lat="52.575353" lon="13.512608"><ele>59.5</ele></trkpt>
<trkpt lat="52.575361" lon="13.512278"><ele>59.25</ele></trkpt>
<trkpt lat="52.575366" lon="13.512038"><ele>59.25</ele></trkpt>
<trkpt lat="52.575374" lon="13.511777"><ele>59.25</ele></trkpt>
<trkpt lat="52.575397" lon="13.511071"><ele>58.75</ele></trkpt>
<trkpt lat="52.575416" lon="13.510572"><ele>59.25</ele></trkpt>
<trkpt lat="52.575424" lon="13.510349"><ele>59.5</ele></trkpt>
<trkpt lat="52.575432" lon="13.510070"><ele>59.0</ele></trkpt>
<trkpt lat="52.575442" lon="13.509704"><ele>58.5</ele></trkpt>
<trkpt lat="52.575446" lon="13.509493"><ele>58.75</ele></trkpt>
<trkpt lat="52.575449" lon="13.509346"><ele>59.0</ele></trkpt>
<trkpt lat="52.575474" lon="13.508500"><ele>58.25</ele></trkpt>
<trkpt lat="52.575476" lon="13.508365"><ele>58.25</ele></trkpt>
<trkpt lat="52.575483" lon="13.508184"><ele>58.25</ele></trkpt>
<trkpt lat="52.575514" lon="13.507161"><ele>58.0</ele></trkpt>
<trkpt lat="52.575521" lon="13.507002"><ele>58.0</ele></trkpt>
<trkpt lat="52.575526" lon="13.506840"><ele>58.0</ele></trkpt>
<trkpt lat="52.575550" lon="13.506114"><ele>57.0</ele></trkpt>
<trkpt lat="52.575557" lon="13.505956"><ele>57.0</ele></trkpt>
<trkpt lat="52.575564" lon="13.505788"><ele>57.0</ele></trkpt>
<trkpt lat="52.575579" lon="13.505429"><ele>57.0</ele></trkpt>
<trkpt lat="52.575595" lon="13.505053"><ele>57.0</ele></trkpt>
<trkpt lat="52.575622" lon="13.504420"><ele>57.0</ele></trkpt>
<trkpt lat="52.575627" lon="13.504292"><ele>57.0</ele></trkpt>
<trkpt lat="52.575643" lon="13.504157"><ele>57.0</ele></trkpt>
<trkpt lat="52.575662" lon="13.503999"><ele>57.0</ele></trkpt>
<trkpt lat="52.575708" lon="13.503753"><ele>57.0</ele></trkpt>
<trkpt lat="52.575770" lon="13.503550"><ele>56.75</ele></trkpt>
<trkpt lat="52.575804" lon="13.503439"><ele>56.75</ele></trkpt>
<trkpt lat="52.575850" lon="13.503287"><ele>57.0</ele></trkpt>
<trkpt lat="52.575903" lon="13.503137"><ele>57.0</ele></trkpt>
<trkpt lat="52.575920" lon="13.503081"><ele>57.0</ele></trkpt>
<trkpt lat="52.576009" lon="13.502811"><ele>57.0</ele></trkpt>
<trkpt lat="52.576568" lon="13.501417"><ele>56.0</ele></trkpt>
<trkpt lat="52.576594" lon="13.501351"><ele>55.75</ele></trkpt>
<trkpt lat="52.576876" lon="13.500620"><ele>54.0</ele></trkpt>
<trkpt lat="52.577086" lon="13.500063"><ele>53.0</ele></trkpt>
<trkpt lat="52.577327" lon="13.499424"><ele>53.0</ele></trkpt>
<trkpt lat="52.577377" lon="13.499242"><ele>53.5</ele></trkpt>
<trkpt lat="52.577485" lon="13.498754"><ele>52.5</ele></trkpt>
<trkpt lat="52.577555" lon="13.498278"><ele>52.75</ele></trkpt>
<trkpt lat="52.577587" lon="13.497974"><ele>53.5</ele></trkpt>
<trkpt lat="52.577593" lon="13.497505"><ele>54.0</ele></trkpt>
<trkpt lat="52.577494" lon="13.495754"><ele>51.0</ele></trkpt>
<trkpt lat="52.577455" lon="13.495067"><ele>52.0</ele></trkpt>
<trkpt lat="52.577330" lon="13.492917"><ele>52.5</ele></trkpt>
<trkpt lat="52.577271" lon="13.491799"><ele>50.5</ele></trkpt>
<trkpt lat="52.577184" lon="13.490048"><ele>50.0</ele></trkpt>
<trkpt lat="52.577168" lon="13.489727"><ele>49.75</ele></trkpt>
<trkpt lat="52.577163" lon="13.489633"><ele>49.75</ele></trkpt>
<trkpt lat="52.577125" lon="13.488790"><ele>49.0</ele></trkpt>
<trkpt lat="52.577136" lon="13.488460"><ele>49.5</ele></trkpt>
<trkpt lat="52.577229" lon="13.486918"><ele>50.0</ele></trkpt>
<trkpt lat="52.577233" lon="13.486853"><ele>50.25</ele></trkpt>
<trkpt lat="52.577254" lon="13.486484"><ele>50.75</ele></trkpt>
<trkpt lat="52.577303" lon="13.485679"><ele>51.75</ele></trkpt>
<trkpt lat="52.577392" lon="13.484110"><ele>53.5</ele></trkpt>
<trkpt lat="52.577386" lon="13.483866"><ele>54.0</ele></trkpt>
<trkpt lat="52.577353" lon="13.483561"><ele>53.75</ele></trkpt>
<trkpt lat="52.577351" lon="13.483540"><ele>53.5</ele></trkpt>
<trkpt lat="52.577348" lon="13.483500"><ele>53.5</ele></trkpt>
<trkpt lat="52.577343" lon="13.483456"><ele>53.25</ele></trkpt>
<trkpt lat="52.577335" lon="13.483368"><ele>53.0</ele></trkpt>
<trkpt lat="52.577479" lon="13.483336"><ele>53.0</ele></trkpt>
<trkpt lat="52.577518" lon="13.483325"><ele>53.0</ele></trkpt>
<trkpt lat="52.577617" lon="13.483295"><ele>53.5</ele></trkpt>
<trkpt lat="52.577653" lon="13.483284"><ele>53.5</ele></trkpt>
<trkpt lat="52.577687" lon="13.483274"><ele>53.5</ele></trkpt>
<trkpt lat="52.577769" lon="13.483249"><ele>53.75</ele></trkpt>
<trkpt lat="52.577837" lon="13.483227"><ele>54.0</ele></trkpt>
<trkpt lat="52.578236" lon="13.483107"><ele>53.75</ele></trkpt>
<trkpt lat="52.578355" lon="13.483068"><ele>53.75</ele></trkpt>
<trkpt lat="52.578454" lon="13.483035"><ele>54.0</ele></trkpt>
<trkpt lat="52.578633" lon="13.482979"><ele>54.0</ele></trkpt>
<trkpt lat="52.578706" lon="13.482956"><ele>54.0</ele></trkpt>
<trkpt lat="52.578810" lon="13.482923"><ele>54.0</ele></trkpt>
<trkpt lat="52.578999" lon="13.482864"><ele>54.0</ele></trkpt>
<trkpt lat="52.579062" lon="13.482844"><ele>54.0</ele></trkpt>
<trkpt lat="52.579254" lon="13.482784"><ele>54.0</ele></trkpt>
<trkpt lat="52.579290" lon="13.482774"><ele>54.0</ele></trkpt>
<trkpt lat="52.579544" lon="13.482722"><ele>54.0</ele></trkpt>
<trkpt lat="52.579670" lon="13.482726"><ele>54.0</ele></trkpt>
<trkpt lat="52.579743" lon="13.482735"><ele>54.0</ele></trkpt>
<trkpt lat="52.579849" lon="13.482748"><ele>54.0</ele></trkpt>
<trkpt lat="52.579869" lon="13.482751"><ele>54.0</ele></trkpt>
<trkpt lat="52.580117" lon="13.482781"><ele>54.0</ele></trkpt>
<trkpt lat="52.580246" lon="13.482798"><ele>54.0</ele></trkpt>
<trkpt lat="52.580486" lon="13.482828"><ele>54.5</ele></trkpt>
<trkpt lat="52.580562" lon="13.482839"><ele>55.0</ele></trkpt>
<trkpt lat="52.580671" lon="13.482854"><ele>55.0</ele></trkpt>
<trkpt lat="52.580784" lon="13.482868"><ele>55.0</ele></trkpt>
<trkpt lat="52.580827" lon="13.482874"><ele>55.0</ele></trkpt>
<trkpt lat="52.581054" lon="13.482903"><ele>55.0</ele></trkpt>
<trkpt lat="52.581106" lon="13.482910"><ele>55.0</ele></trkpt>
<trkpt lat="52.581317" lon="13.482939"><ele>55.0</ele></trkpt>
<trkpt lat="52.581348" lon="13.482943"><ele>55.0</ele></trkpt>
<trkpt lat="52.581558" lon="13.482971"><ele>55.0</ele></trkpt>
<trkpt lat="52.581707" lon="13.482991"><ele>55.0</ele></trkpt>
<trkpt lat="52.581737" lon="13.482996"><ele>55.0</ele></trkpt>
<trkpt lat="52.581899" lon="13.483020"><ele>55.0</ele></trkpt>
<trkpt lat="52.581983" lon="13.483033"><ele>55.0</ele></trkpt>
<trkpt lat="52.582075" lon="13.483047"><ele>55.0</ele></trkpt>
<trkpt lat="52.582212" lon="13.483068"><ele>55.0</ele></trkpt>
<trkpt lat="52.582297" lon="13.483085"><ele>55.0</ele></trkpt>
<trkpt lat="52.582444" lon="13.483127"><ele>55.25</ele></trkpt>
<trkpt lat="52.582611" lon="13.483175"><ele>55.5</ele></trkpt>
<trkpt lat="52.582719" lon="13.483201"><ele>55.75</ele></trkpt>
<trkpt lat="52.582746" lon="13.483207"><ele>55.75</ele></trkpt>
<trkpt lat="52.582853" lon="13.483233"><ele>55.75</ele></trkpt>
<trkpt lat="52.582895" lon="13.483247"><ele>55.5</ele></trkpt>
<trkpt lat="52.582921" lon="13.483256"><ele>55.5</ele></trkpt>
<trkpt lat="52.582968" lon="13.483273"><ele>55.25</ele></trkpt>
<trkpt lat="52.583002" lon="13.483090"><ele>55.75</ele></trkpt>
<trkpt lat="52.583012" lon="13.483039"><ele>56.0</ele></trkpt>
<trkpt lat="52.583021" lon="13.482992"><ele>56.0</ele></trkpt>
<trkpt lat="52.583175" lon="13.482190"><ele>55.5</ele></trkpt>
<trkpt lat="52.583248" lon="13.481810"><ele>55.0</ele></trkpt>
<trkpt lat="52.583354" lon="13.481257"><ele>54.25</ele></trkpt>
<trkpt lat="52.583478" lon="13.480608"><ele>53.5</ele></trkpt>
<trkpt lat="52.583530" lon="13.480342"><ele>53.0</ele></trkpt>
<trkpt lat="52.583743" lon="13.479254"><ele>51.5</ele></trkpt>
<trkpt lat="52.583881" lon="13.478528"><ele>50.75</ele></trkpt>
<trkpt lat="52.583970" lon="13.477963"><ele>51.25</ele></trkpt>
<trkpt lat="52.584040" lon="13.477376"><ele>51.5</ele></trkpt>
<trkpt lat="52.584227" lon="13.475423"><ele>51.0</ele></trkpt>
<trkpt lat="52.584241" lon="13.475138"><ele>50.75</ele></trkpt>
<trkpt lat="52.584240" lon="13.474944"><ele>50.5</ele></trkpt>
<trkpt lat="52.584228" lon="13.474750"><ele>50.0</ele></trkpt>
<trkpt lat="52.584198" lon="13.474486"><ele>50.0</ele></trkpt>
<trkpt lat="52.584158" lon="13.474222"><ele>49.75</ele></trkpt>
<trkpt lat="52.583747" lon="13.471496"><ele>50.0</ele></trkpt>
<trkpt lat="52.583639" lon="13.470853"><ele>49.75</ele></trkpt>
<trkpt lat="52.583574" lon="13.470521"><ele>49.75</ele></trkpt>
<trkpt lat="52.583502" lon="13.470196"><ele>49.25</ele></trkpt>
<trkpt lat="52.583499" lon="13.470181"><ele>49.25</ele></trkpt>
<trkpt lat="52.583455" lon="13.469973"><ele>49.5</ele></trkpt>
<trkpt lat="52.583414" lon="13.469735"><ele>49.0</ele></trkpt>
<trkpt lat="52.583369" lon="13.469386"><ele>50.0</ele></trkpt>
<trkpt lat="52.583267" lon="13.468354"><ele>49.0</ele></trkpt>
<trkpt lat="52.583245" lon="13.467899"><ele>49.0</ele></trkpt>
<trkpt lat="52.583246" lon="13.467719"><ele>49.0</ele></trkpt>
<trkpt lat="52.583258" lon="13.467547"><ele>49.0</ele></trkpt>
<trkpt lat="52.583297" lon="13.467251"><ele>49.0</ele></trkpt>
<trkpt lat="52.583710" lon="13.464570"><ele>49.5</ele></trkpt>
<trkpt lat="52.583718" lon="13.464518"><ele>49.5</ele></trkpt>
<trkpt lat="52.583822" lon="13.463932"><ele>49.25</ele></trkpt>
<trkpt lat="52.583954" lon="13.463347"><ele>49.5</ele></trkpt>
<trkpt lat="52.584094" lon="13.462836"><ele>49.25</ele></trkpt>
<trkpt lat="52.584302" lon="13.462195"><ele>49.5</ele></trkpt>
<trkpt lat="52.584457" lon="13.461781"><ele>50.5</ele></trkpt>
<trkpt lat="52.584705" lon="13.461186"><ele>51.0</ele></trkpt>
<trkpt lat="52.584734" lon="13.461119"><ele>51.0</ele></trkpt>
<trkpt lat="52.584834" lon="13.460872"><ele>51.5</ele></trkpt>
<trkpt lat="52.584949" lon="13.460600"><ele>51.75</ele></trkpt>
<trkpt lat="52.585111" lon="13.460219"><ele>51.5</ele></trkpt>
<trkpt lat="52.585370" lon="13.459710"><ele>52.0</ele></trkpt>
<trkpt lat="52.585604" lon="13.459337"><ele>52.0</ele></trkpt>
<trkpt lat="52.586050" lon="13.458721"><ele>52.0</ele></trkpt>
<trkpt lat="52.586086" lon="13.458670"><ele>52.0</ele></trkpt>
<trkpt lat="52.586752" lon="13.457753"><ele>51.5</ele></trkpt>
<trkpt lat="52.587368" lon="13.456911"><ele>50.25</ele></trkpt>
<trkpt lat="52.587557" lon="13.456644"><ele>50.0</ele></trkpt>
<trkpt lat="52.587742" lon="13.456385"><ele>50.0</ele></trkpt>
<trkpt lat="52.587984" lon="13.456051"><ele>50.0</ele></trkpt>
<trkpt lat="52.588041" lon="13.455973"><ele>50.0</ele></trkpt>
<trkpt lat="52.588276" lon="13.455649"><ele>49.25</ele></trkpt>
<trkpt lat="52.588450" lon="13.455413"><ele>49.25</ele></trkpt>
<trkpt lat="52.588532" lon="13.455302"><ele>49.25</ele></trkpt>
<trkpt lat="52.588602" lon="13.455207"><ele>49.0</ele></trkpt>
<trkpt lat="52.588767" lon="13.454985"><ele>49.0</ele></trkpt>
<trkpt lat="52.589162" lon="13.454433"><ele>49.0</ele></trkpt>
<trkpt lat="52.589387" lon="13.454109"><ele>48.0</ele></trkpt>
<trkpt lat="52.589861" lon="13.453426"><ele>47.75</ele></trkpt>
<trkpt lat="52.589875" lon="13.453373"><ele>48.0</ele></trkpt>
<trkpt lat="52.589879" lon="13.453344"><ele>48.0</ele></trkpt>
<trkpt lat="52.589886" lon="13.453311"><ele>48.0</ele></trkpt>
<trkpt lat="52.589893" lon="13.453259"><ele>48.0</ele></trkpt>
<trkpt lat="52.589909" lon="13.453147"><ele>48.0</ele></trkpt>
<trkpt lat="52.589998" lon="13.453163"><ele>48.0</ele></trkpt>
<trkpt lat="52.590029" lon="13.453169"><ele>47.75</ele></trkpt>
<trkpt lat="52.590100" lon="13.453181"><ele>48.0</ele></trkpt>
<trkpt lat="52.590123" lon="13.453185"><ele>48.0</ele></trkpt>
<trkpt lat="52.590406" lon="13.453259"><ele>48.0</ele></trkpt>
<trkpt lat="52.590587" lon="13.453306"><ele>47.75</ele></trkpt>
<trkpt lat="52.590845" lon="13.453379"><ele>47.75</ele></trkpt>
<trkpt lat="52.591204" lon="13.453491"><ele>48.0</ele></trkpt>
<trkpt lat="52.591275" lon="13.453509"><ele>48.0</ele></trkpt>
<trkpt lat="52.591387" lon="13.453539"><ele>48.0</ele></trkpt>
<trkpt lat="52.591380" lon="13.453418"><ele>48.0</ele></trkpt>
<trkpt lat="52.591375" lon="13.453339"><ele>48.0</ele></trkpt>
<trkpt lat="52.591374" lon="13.453286"><ele>47.75</ele></trkpt>
<trkpt lat="52.591372" lon="13.453233"><ele>47.75</ele></trkpt>
<trkpt lat="52.591347" lon="13.452618"><ele>47.75</ele></trkpt>
<trkpt lat="52.591342" lon="13.452483"><ele>47.75</ele></trkpt>
<trkpt lat="52.591335" lon="13.452345"><ele>47.75</ele></trkpt>
<trkpt lat="52.591320" lon="13.452002"><ele>47.75</ele></trkpt>
<trkpt lat="52.591294" lon="13.451427"><ele>48.0</ele></trkpt>
<trkpt lat="52.591263" lon="13.450821"><ele>48.0</ele></trkpt>
<trkpt lat="52.591235" lon="13.450399"><ele>48.0</ele></trkpt>
<trkpt lat="52.591158" lon="13.449702"><ele>47.75</ele></trkpt>
<trkpt lat="52.591060" lon="13.448875"><ele>47.0</ele></trkpt>
<trkpt lat="52.590989" lon="13.448292"><ele>47.0</ele></trkpt>
<trkpt lat="52.590926" lon="13.447757"><ele>47.0</ele></trkpt>
<trkpt lat="52.590859" lon="13.447195"><ele>47.0</ele></trkpt>
<trkpt lat="52.590822" lon="13.446877"><ele>47.0</ele></trkpt>
<trkpt lat="52.590806" lon="13.446739"><ele>47.0</ele></trkpt>
<trkpt lat="52.590760" lon="13.446360"><ele>47.0</ele></trkpt>
<trkpt lat="52.590743" lon="13.446220"><ele>47.0</ele></trkpt>
<trkpt lat="52.590715" lon="13.445985"><ele>47.0</ele></trkpt>
<trkpt lat="52.590623" lon="13.445219"><ele>46.75</ele></trkpt>
<trkpt lat="52.590483" lon="13.444009"><ele>46.0</ele></trkpt>
<trkpt lat="52.590472" lon="13.443842"><ele>46.0</ele></trkpt>
<trkpt lat="52.590473" lon="13.443706"><ele>46.0</ele></trkpt>
<trkpt lat="52.590485" lon="13.443571"><ele>46.0</ele></trkpt>
<trkpt lat="52.590504" lon="13.443399"><ele>46.0</ele></trkpt>
<trkpt lat="52.590547" lon="13.443243"><ele>46.0</ele></trkpt>
<trkpt lat="52.590601" lon="13.443090"><ele>46.5</ele></trkpt>
<trkpt lat="52.590833" lon="13.442510"><ele>45.0</ele></trkpt>
<trkpt lat="52.590851" lon="13.442463"><ele>45.0</ele></trkpt>
<trkpt lat="52.590892" lon="13.442359"><ele>45.5</ele></trkpt>
<trkpt lat="52.590900" lon="13.442338"><ele>45.5</ele></trkpt>
<trkpt lat="52.590919" lon="13.442288"><ele>45.75</ele></trkpt>
<trkpt lat="52.590943" lon="13.442227"><ele>45.75</ele></trkpt>
<trkpt lat="52.590962" lon="13.442177"><ele>46.0</ele></trkpt>
<trkpt lat="52.591073" lon="13.441860"><ele>46.0</ele></trkpt>
<trkpt lat="52.591255" lon="13.441361"><ele>46.0</ele></trkpt>
<trkpt lat="52.591422" lon="13.440864"><ele>47.25</ele></trkpt>
<trkpt lat="52.591637" lon="13.440107"><ele>46.75</ele></trkpt>
<trkpt lat="52.591652" lon="13.440050"><ele>46.25</ele></trkpt>
<trkpt lat="52.591762" lon="13.439594"><ele>46.25</ele></trkpt>
<trkpt lat="52.591856" lon="13.439158"><ele>46.25</ele></trkpt>
<trkpt lat="52.591874" lon="13.439073"><ele>46.25</ele></trkpt>
<trkpt lat="52.591934" lon="13.438799"><ele>45.5</ele></trkpt>
<trkpt lat="52.591941" lon="13.438764"><ele>45.5</ele></trkpt>
<trkpt lat="52.591959" lon="13.438674"><ele>45.0</ele></trkpt>
<trkpt lat="52.591966" lon="13.438642"><ele>45.0</ele></trkpt>
<trkpt lat="52.592029" lon="13.438355"><ele>43.5</ele></trkpt>
<trkpt lat="52.592037" lon="13.438319"><ele>43.75</ele></trkpt>
<trkpt lat="52.592080" lon="13.438122"><ele>45.0</ele></trkpt>
<trkpt lat="52.592258" lon="13.437305"><ele>45.75</ele></trkpt>
<trkpt lat="52.592263" lon="13.437281"><ele>45.75</ele></trkpt>
<trkpt lat="52.592307" lon="13.437118"><ele>45.75</ele></trkpt>
<trkpt lat="52.592349" lon="13.436991"><ele>45.75</ele></trkpt>
<trkpt lat="52.592369" lon="13.436943"><ele>45.75</ele></trkpt>
<trkpt lat="52.592424" lon="13.436815"><ele>45.75</ele></trkpt>
<trkpt lat="52.592459" lon="13.436757"><ele>45.75</ele></trkpt>
<trkpt lat="52.592536" lon="13.436669"><ele>46.0</ele></trkpt>
<trkpt lat="52.592513" lon="13.436500"><ele>46.5</ele></trkpt>
<trkpt lat="52.592496" lon="13.436463"><ele>46.5</ele></trkpt>
<trkpt lat="52.592470" lon="13.436401"><ele>46.5</ele></trkpt>
<trkpt lat="52.592453" lon="13.436314"><ele>46.75</ele></trkpt>
<trkpt lat="52.592317" lon="13.436033"><ele>47.0</ele></trkpt>
<trkpt lat="52.592184" lon="13.435735"><ele>46.75</ele></trkpt>
<trkpt lat="52.592132" lon="13.435618"><ele>46.75</ele></trkpt>
<trkpt lat="52.592032" lon="13.435398"><ele>47.5</ele></trkpt>
<trkpt lat="52.591844" lon="13.434990"><ele>48.0</ele></trkpt>
<trkpt lat="52.591602" lon="13.434466"><ele>46.75</ele></trkpt>
<trkpt lat="52.591486" lon="13.434213"><ele>47.75</ele></trkpt>
<trkpt lat="52.591125" lon="13.433420"><ele>47.25</ele></trkpt>
<trkpt lat="52.590417" lon="13.431877"><ele>47.0</ele></trkpt>
<trkpt lat="52.590327" lon="13.431681"><ele>47.75</ele></trkpt>
<trkpt lat="52.590151" lon="13.431297"><ele>47.0</ele></trkpt>
<trkpt lat="52.590141" lon="13.431260"><ele>47.0</ele></trkpt>
<trkpt lat="52.590132" lon="13.431169"><ele>47.0</ele></trkpt>
<trkpt lat="52.590132" lon="13.431045"><ele>47.0</ele></trkpt>
<trkpt lat="52.590142" lon="13.430982"><ele>47.0</ele></trkpt>
<trkpt lat="52.590146" lon="13.430940"><ele>47.0</ele></trkpt>
<trkpt lat="52.590129" lon="13.430767"><ele>47.0</ele></trkpt>
<trkpt lat="52.590031" lon="13.430734"><ele>46.75</ele></trkpt>
<trkpt lat="52.589862" lon="13.430678"><ele>47.0</ele></trkpt>
<trkpt lat="52.589830" lon="13.430667"><ele>47.0</ele></trkpt>
<trkpt lat="52.589798" lon="13.430656"><ele>47.0</ele></trkpt>
<trkpt lat="52.589767" lon="13.430645"><ele>47.0</ele></trkpt>
<trkpt lat="52.589731" lon="13.430632"><ele>47.0</ele></trkpt>
<trkpt lat="52.589672" lon="13.430612"><ele>46.75</ele></trkpt>
<trkpt lat="52.589563" lon="13.430576"><ele>46.75</ele></trkpt>
<trkpt lat="52.589240" lon="13.430471"><ele>47.0</ele></trkpt>
<trkpt lat="52.589141" lon="13.430432"><ele>46.75</ele></trkpt>
<trkpt lat="52.588732" lon="13.430272"><ele>46.0</ele></trkpt>
<trkpt lat="52.588650" lon="13.430245"><ele>46.0</ele></trkpt>
<trkpt lat="52.588596" lon="13.430227"><ele>46.0</ele></trkpt>
<trkpt lat="52.588607" lon="13.430137"><ele>46.0</ele></trkpt>
<trkpt lat="52.588613" lon="13.430092"><ele>46.0</ele></trkpt>
<trkpt lat="52.588618" lon="13.430056"><ele>46.0</ele></trkpt>
<trkpt lat="52.588626" lon="13.429990"><ele>46.0</ele></trkpt>
<trkpt lat="52.588659" lon="13.429738"><ele>46.0</ele></trkpt>
<trkpt lat="52.588641" lon="13.429610"><ele>46.0</ele></trkpt>
<trkpt lat="52.588598" lon="13.429508"><ele>46.0</ele></trkpt>
<trkpt lat="52.588582" lon="13.429445"><ele>46.0</ele></trkpt>
<trkpt lat="52.588552" lon="13.429356"><ele>46.0</ele></trkpt>
<trkpt lat="52.588505" lon="13.429254"><ele>46.0</ele></trkpt>
<trkpt lat="52.588411" lon="13.429075"><ele>46.0</ele></trkpt>
<trkpt lat="52.588300" lon="13.428861"><ele>46.0</ele></trkpt>
<trkpt lat="52.588213" lon="13.428696"><ele>46.0</ele></trkpt>
<trkpt lat="52.588115" lon="13.428508"><ele>46.0</ele></trkpt>
<trkpt lat="52.588006" lon="13.428300"><ele>46.0</ele></trkpt>
<trkpt lat="52.587999" lon="13.428285"><ele>46.0</ele></trkpt>
<trkpt lat="52.587760" lon="13.427826"><ele>46.0</ele></trkpt>
<trkpt lat="52.587621" lon="13.427566"><ele>46.0</ele></trkpt>
<trkpt lat="52.587556" lon="13.427445"><ele>46.0</ele></trkpt>
<trkpt lat="52.587455" lon="13.427253"><ele>46.0</ele></trkpt>
<trkpt lat="52.587405" lon="13.427153"><ele>46.0</ele></trkpt>
<trkpt lat="52.587390" lon="13.427124"><ele>46.0</ele></trkpt>
<trkpt lat="52.587312" lon="13.426974"><ele>46.0</ele></trkpt>
<trkpt lat="52.586991" lon="13.426364"><ele>45.75</ele></trkpt>
<trkpt lat="52.586840" lon="13.426074"><ele>46.0</ele></trkpt>
<trkpt lat="52.586674" lon="13.425758"><ele>46.0</ele></trkpt>
<trkpt lat="52.586511" lon="13.425443"><ele>46.0</ele></trkpt>
<trkpt lat="52.586417" lon="13.425241"><ele>46.0</ele></trkpt>
<trkpt lat="52.586357" lon="13.425093"><ele>46.0</ele></trkpt>
<trkpt lat="52.586223" lon="13.424665"><ele>46.0</ele></trkpt>
<trkpt lat="52.585923" lon="13.423683"><ele>45.75</ele></trkpt>
<trkpt lat="52.585875" lon="13.423525"><ele>46.0</ele></trkpt>
<trkpt lat="52.585829" lon="13.423377"><ele>46.0</ele></trkpt>
<trkpt lat="52.585605" lon="13.422643"><ele>46.0</ele></trkpt>
<trkpt lat="52.585526" lon="13.422386"><ele>46.0</ele></trkpt>
<trkpt lat="52.585508" lon="13.422327"><ele>46.0</ele></trkpt>
<trkpt lat="52.585437" lon="13.422091"><ele>46.0</ele></trkpt>
<trkpt lat="52.585428" lon="13.422063"><ele>46.0</ele></trkpt>
<trkpt lat="52.585292" lon="13.421608"><ele>46.0</ele></trkpt>
<trkpt lat="52.585271" lon="13.421539"><ele>46.0</ele></trkpt>
<trkpt lat="52.585100" lon="13.420972"><ele>46.0</ele></trkpt>
<trkpt lat="52.584811" lon="13.420022"><ele>45.25</ele></trkpt>
<trkpt lat="52.584771" lon="13.419891"><ele>45.0</ele></trkpt>
<trkpt lat="52.584557" lon="13.419187"><ele>45.25</ele></trkpt>
<trkpt lat="52.584333" lon="13.418452"><ele>45.0</ele></trkpt>
<trkpt lat="52.584286" lon="13.418299"><ele>45.0</ele></trkpt>
<trkpt lat="52.584260" lon="13.418214"><ele>45.0</ele></trkpt>
<trkpt lat="52.584168" lon="13.417913"><ele>45.5</ele></trkpt>
<trkpt lat="52.584087" lon="13.417646"><ele>45.5</ele></trkpt>
<trkpt lat="52.584031" lon="13.417466"><ele>45.5</ele></trkpt>
<trkpt lat="52.583916" lon="13.417090"><ele>45.0</ele></trkpt>
<trkpt lat="52.583869" lon="13.416935"><ele>45.0</ele></trkpt>
<trkpt lat="52.583843" lon="13.416848"><ele>45.0</ele></trkpt>
<trkpt lat="52.583618" lon="13.416113"><ele>45.0</ele></trkpt>
<trkpt lat="52.583591" lon="13.416024"><ele>45.0</ele></trkpt>
<trkpt lat="52.583421" lon="13.415452"><ele>45.0</ele></trkpt>
<trkpt lat="52.583195" lon="13.414684"><ele>44.0</ele></trkpt>
<trkpt lat="52.583141" lon="13.414501"><ele>44.0</ele></trkpt>
<trkpt lat="52.583076" lon="13.414548"><ele>44.0</ele></trkpt>
<trkpt lat="52.582908" lon="13.414669"><ele>44.0</ele></trkpt>
<trkpt lat="52.582769" lon="13.414774"><ele>44.0</ele></trkpt>
<trkpt lat="52.582571" lon="13.414920"><ele>44.0</ele></trkpt>
<trkpt lat="52.582261" lon="13.415160"><ele>43.75</ele></trkpt>
<trkpt lat="52.581870" lon="13.415463"><ele>44.0</ele></trkpt>
<trkpt lat="52.581849" lon="13.415359"><ele>44.0</ele></trkpt>
<trkpt lat="52.581630" lon="13.414616"><ele>43.25</ele></trkpt>
<trkpt lat="52.581554" lon="13.414358"><ele>44.0</ele></trkpt>
<trkpt lat="52.581523" lon="13.414253"><ele>44.0</ele></trkpt>
<trkpt lat="52.581631" lon="13.414171"><ele>44.0</ele></trkpt>
<trkpt lat="52.581669" lon="13.414142"><ele>44.0</ele></trkpt>
<trkpt lat="52.582435" lon="13.413559"><ele>44.0</ele></trkpt>
<trkpt lat="52.582707" lon="13.413351"><ele>44.0</ele></trkpt>
<trkpt lat="52.582721" lon="13.413340"><ele>44.0</ele></trkpt>
<trkpt lat="52.582790" lon="13.413284"><ele>44.0</ele></trkpt>
<trkpt lat="52.582664" lon="13.412861"><ele>44.0</ele></trkpt>
<trkpt lat="52.582628" lon="13.412742"><ele>44.0</ele></trkpt>
<trkpt lat="52.582538" lon="13.412472"><ele>44.0</ele></trkpt>
<trkpt lat="52.582459" lon="13.412211"><ele>44.0</ele></trkpt>
<trkpt lat="52.582439" lon="13.412142"><ele>44.0</ele></trkpt>
<trkpt lat="52.582373" lon="13.411918"><ele>44.5</ele></trkpt>
<trkpt lat="52.582287" lon="13.411633"><ele>45.0</ele></trkpt>
<trkpt lat="52.582234" lon="13.411429"><ele>45.0</ele></trkpt>
<trkpt lat="52.582208" lon="13.411254"><ele>45.0</ele></trkpt>
<trkpt lat="52.582070" lon="13.409964"><ele>45.0</ele></trkpt>
<trkpt lat="52.582027" lon="13.409548"><ele>45.0</ele></trkpt>
<trkpt lat="52.581932" lon="13.408641"><ele>44.75</ele></trkpt>
<trkpt lat="52.581923" lon="13.408550"><ele>44.75</ele></trkpt>
<trkpt lat="52.581854" lon="13.407883"><ele>44.5</ele></trkpt>
<trkpt lat="52.581824" lon="13.407588"><ele>44.5</ele></trkpt>
<trkpt lat="52.581789" lon="13.407242"><ele>44.25</ele></trkpt>
<trkpt lat="52.581760" lon="13.406960"><ele>44.25</ele></trkpt>
<trkpt lat="52.581676" lon="13.406151"><ele>44.0</ele></trkpt>
<trkpt lat="52.581624" lon="13.405629"><ele>44.0</ele></trkpt>
<trkpt lat="52.581599" lon="13.405380"><ele>44.0</ele></trkpt>
<trkpt lat="52.581515" lon="13.404545"><ele>44.0</ele></trkpt>
<trkpt lat="52.581507" lon="13.404463"><ele>44.0</ele></trkpt>
<trkpt lat="52.581485" lon="13.404244"><ele>44.0</ele></trkpt>
<trkpt lat="52.581483" lon="13.404219"><ele>44.0</ele></trkpt>
<trkpt lat="52.581366" lon="13.404212"><ele>44.0</ele></trkpt>
<trkpt lat="52.581326" lon="13.404209"><ele>44.0</ele></trkpt>
<trkpt lat="52.581167" lon="13.404190"><ele>44.0</ele></trkpt>
<trkpt lat="52.581081" lon="13.404140"><ele>44.0</ele></trkpt>
<trkpt lat="52.581000" lon="13.404037"><ele>44.0</ele></trkpt>
<trkpt lat="52.580974" lon="13.403971"><ele>44.0</ele></trkpt>
<trkpt lat="52.580936" lon="13.403823"><ele>44.0</ele></trkpt>
<trkpt lat="52.580922" lon="13.403753"><ele>44.0</ele></trkpt>
<trkpt lat="52.580914" lon="13.403705"><ele>44.0</ele></trkpt>
<trkpt lat="52.580898" lon="13.403615"><ele>44.0</ele></trkpt>
<trkpt lat="52.580758" lon="13.402828"><ele>44.0</ele></trkpt>
<trkpt lat="52.580708" lon="13.402541"><ele>44.0</ele></trkpt>
<trkpt lat="52.580691" lon="13.402445"><ele>44.0</ele></trkpt>
<trkpt lat="52.580652" lon="13.402226"><ele>44.0</ele></trkpt>
<trkpt lat="52.580640" lon="13.402160"><ele>44.0</ele></trkpt>
<trkpt lat="52.580555" lon="13.401675"><ele>43.75</ele></trkpt>
<trkpt lat="52.580494" lon="13.401325"><ele>43.75</ele></trkpt>
<trkpt lat="52.580481" lon="13.401228"><ele>43.5</ele></trkpt>
<trkpt lat="52.580459" lon="13.401021"><ele>43.75</ele></trkpt>
<trkpt lat="52.580452" lon="13.400956"><ele>43.75</ele></trkpt>
<trkpt lat="52.580445" lon="13.400886"><ele>43.75</ele></trkpt>
<trkpt lat="52.580423" lon="13.400672"><ele>44.0</ele></trkpt>
<trkpt lat="52.580409" lon="13.400527"><ele>44.0</ele></trkpt>
<trkpt lat="52.580378" lon="13.400237"><ele>44.0</ele></trkpt>
<trkpt lat="52.580352" lon="13.399950"><ele>44.0</ele></trkpt>
<trkpt lat="52.580345" lon="13.399871"><ele>44.0</ele></trkpt>
<trkpt lat="52.580324" lon="13.399670"><ele>44.0</ele></trkpt>
<trkpt lat="52.580299" lon="13.399521"><ele>44.0</ele></trkpt>
<trkpt lat="52.580254" lon="13.399368"><ele>44.25</ele></trkpt>
<trkpt lat="52.580155" lon="13.399106"><ele>44.5</ele></trkpt>
<trkpt lat="52.579996" lon="13.398692"><ele>44.0</ele></trkpt>
<trkpt lat="52.579912" lon="13.398506"><ele>44.0</ele></trkpt>
<trkpt lat="52.579874" lon="13.398423"><ele>44.0</ele></trkpt>
<trkpt lat="52.579844" lon="13.398348"><ele>44.0</ele></trkpt>
<trkpt lat="52.579818" lon="13.398310"><ele>44.0</ele></trkpt>
<trkpt lat="52.579785" lon="13.398282"><ele>44.0</ele></trkpt>
<trkpt lat="52.579668" lon="13.398235"><ele>44.0</ele></trkpt>
<trkpt lat="52.579554" lon="13.398222"><ele>44.0</ele></trkpt>
<trkpt lat="52.579400" lon="13.398227"><ele>44.0</ele></trkpt>
<trkpt lat="52.579333" lon="13.398227"><ele>44.0</ele></trkpt>
<trkpt lat="52.579286" lon="13.398228"><ele>44.0</ele></trkpt>
<trkpt lat="52.579169" lon="13.398229"><ele>43.75</ele></trkpt>
<trkpt lat="52.578637" lon="13.398235"><ele>44.0</ele></trkpt>
<trkpt lat="52.578537" lon="13.398237"><ele>44.0</ele></trkpt>
<trkpt lat="52.578114" lon="13.398248"><ele>44.0</ele></trkpt>
<trkpt lat="52.577929" lon="13.398253"><ele>44.0</ele></trkpt>
<trkpt lat="52.577568" lon="13.398260"><ele>43.25</ele></trkpt>
<trkpt lat="52.577425" lon="13.398265"><ele>43.0</ele></trkpt>
<trkpt lat="52.576980" lon="13.398281"><ele>43.0</ele></trkpt>
<trkpt lat="52.576935" lon="13.398283"><ele>43.0</ele></trkpt>
<trkpt lat="52.576830" lon="13.398287"><ele>43.0</ele></trkpt>
<trkpt lat="52.576734" lon="13.398298"><ele>43.0</ele></trkpt>
<trkpt lat="52.576594" lon="13.398341"><ele>43.0</ele></trkpt>
<trkpt lat="52.576255" lon="13.398469"><ele>43.0</ele></trkpt>
<trkpt lat="52.576126" lon="13.398521"><ele>43.0</ele></trkpt>
<trkpt lat="52.576082" lon="13.398539"><ele>43.0</ele></trkpt>
<trkpt lat="52.575850" lon="13.398636"><ele>43.0</ele></trkpt>
<trkpt lat="52.574466" lon="13.399170"><ele>42.0</ele></trkpt>
<trkpt lat="52.574314" lon="13.399214"><ele>42.0</ele></trkpt>
<trkpt lat="52.574224" lon="13.399221"><ele>42.0</ele></trkpt>
<trkpt lat="52.574152" lon="13.399213"><ele>42.0</ele></trkpt>
<trkpt lat="52.573944" lon="13.399153"><ele>42.0</ele></trkpt>
<trkpt lat="52.573849" lon="13.399126"><ele>42.0</ele></trkpt>
<trkpt lat="52.573796" lon="13.399110"><ele>42.0</ele></trkpt>
<trkpt lat="52.573493" lon="13.399015"><ele>42.0</ele></trkpt>
<trkpt lat="52.573384" lon="13.398982"><ele>42.0</ele></trkpt>
<trkpt lat="52.573113" lon="13.398895"><ele>42.0</ele></trkpt>
<trkpt lat="52.572155" lon="13.398558"><ele>41.0</ele></trkpt>
<trkpt lat="52.571814" lon="13.398446"><ele>41.25</ele></trkpt>
<trkpt lat="52.571716" lon="13.398382"><ele>41.0</ele></trkpt>
<trkpt lat="52.571691" lon="13.398366"><ele>41.0</ele></trkpt>
<trkpt lat="52.571470" lon="13.398269"><ele>41.0</ele></trkpt>
<trkpt lat="52.571267" lon="13.398192"><ele>41.0</ele></trkpt>
<trkpt lat="52.571233" lon="13.398179"><ele>41.0</ele></trkpt>
<trkpt lat="52.571160" lon="13.398160"><ele>41.0</ele></trkpt>
<trkpt lat="52.571075" lon="13.398223"><ele>40.5</ele></trkpt>
<trkpt lat="52.571045" lon="13.398250"><ele>40.5</ele></trkpt>
<trkpt lat="52.571009" lon="13.398262"><ele>40.25</ele></trkpt>
<trkpt lat="52.570969" lon="13.398285"></trkpt>
<trkpt lat="52.570900" lon="13.398358"><ele>40.25</ele></trkpt>
<trkpt lat="52.570833" lon="13.398452"><ele>40.25</ele></trkpt>
<trkpt lat="52.570695" lon="13.398674"><ele>41.0</ele></trkpt>
<trkpt lat="52.570602" lon="13.398829"><ele>41.0</ele></trkpt>
<trkpt lat="52.570593" lon="13.398812"><ele>41.0</ele></trkpt>
<trkpt lat="52.570529" lon="13.398689"><ele>41.0</ele></trkpt>
<trkpt lat="52.570504" lon="13.398647"><ele>41.0</ele></trkpt>
<trkpt lat="52.570467" lon="13.398608"><ele>41.0</ele></trkpt>
<trkpt lat="52.570430" lon="13.398583"><ele>41.0</ele></trkpt>
<trkpt lat="52.570327" lon="13.398562"><ele>41.0</ele></trkpt>
<trkpt lat="52.569358" lon="13.398498"><ele>41.25</ele></trkpt>
<trkpt lat="52.569283" lon="13.398495"><ele>41.5</ele></trkpt>
<trkpt lat="52.569217" lon="13.398489"><ele>41.75</ele></trkpt>
<trkpt lat="52.569174" lon="13.398474"><ele>41.75</ele></trkpt>
<trkpt lat="52.568847" lon="13.398308"><ele>42.0</ele></trkpt>
<trkpt lat="52.568690" lon="13.398224"><ele>42.0</ele></trkpt>
<trkpt lat="52.567502" lon="13.397454"><ele>42.0</ele></trkpt>
<trkpt lat="52.567322" lon="13.397341"><ele>42.0</ele></trkpt>
<trkpt lat="52.567241" lon="13.397293"><ele>41.75</ele></trkpt>
<trkpt lat="52.567176" lon="13.397266"><ele>42.0</ele></trkpt>
<trkpt lat="52.567140" lon="13.397272"><ele>42.25</ele></trkpt>
<trkpt lat="52.567105" lon="13.397295"><ele>42.25</ele></trkpt>
<trkpt lat="52.567096" lon="13.397308"><ele>42.25</ele></trkpt>
<trkpt lat="52.567043" lon="13.397384"><ele>42.5</ele></trkpt>
<trkpt lat="52.566858" lon="13.397136"><ele>43.0</ele></trkpt>
<trkpt lat="52.566793" lon="13.397043"><ele>43.0</ele></trkpt>
<trkpt lat="52.566655" lon="13.396846"><ele>43.0</ele></trkpt>
<trkpt lat="52.566602" lon="13.396770"><ele>43.0</ele></trkpt>
<trkpt lat="52.566573" lon="13.396728"><ele>43.0</ele></trkpt>
<trkpt lat="52.566496" lon="13.396618"><ele>43.0</ele></trkpt>
<trkpt lat="52.566378" lon="13.396452"><ele>43.0</ele></trkpt>
<trkpt lat="52.566161" lon="13.396137"><ele>42.25</ele></trkpt>
<trkpt lat="52.566134" lon="13.396098"><ele>42.0</ele></trkpt>
<trkpt lat="52.566051" lon="13.395979"><ele>42.25</ele></trkpt>
<trkpt lat="52.565989" lon="13.395885"><ele>42.25</ele></trkpt>
<trkpt lat="52.565924" lon="13.395788"><ele>42.25</ele></trkpt>
<trkpt lat="52.565894" lon="13.395744"><ele>42.0</ele></trkpt>
<trkpt lat="52.565751" lon="13.395531"><ele>42.0</ele></trkpt>
<trkpt lat="52.565557" lon="13.395241"><ele>42.0</ele></trkpt>
<trkpt lat="52.565501" lon="13.395161"><ele>42.0</ele></trkpt>
<trkpt lat="52.565343" lon="13.394920"><ele>42.0</ele></trkpt>
<trkpt lat="52.565192" lon="13.394627"><ele>42.0</ele></trkpt>
<trkpt lat="52.565182" lon="13.394608"><ele>42.0</ele></trkpt>
<trkpt lat="52.565009" lon="13.394275"><ele>42.0</ele></trkpt>
<trkpt lat="52.564926" lon="13.394118"><ele>42.0</ele></trkpt>
<trkpt lat="52.564795" lon="13.393867"><ele>42.0</ele></trkpt>
<trkpt lat="52.564758" lon="13.393796"><ele>42.0</ele></trkpt>
<trkpt lat="52.564665" lon="13.393625"><ele>42.75</ele></trkpt>
<trkpt lat="52.564510" lon="13.393341"><ele>43.75</ele></trkpt>
<trkpt lat="52.564478" lon="13.393282"><ele>43.0</ele></trkpt>
<trkpt lat="52.564440" lon="13.393212"><ele>42.5</ele></trkpt>
<trkpt lat="52.564380" lon="13.393094"><ele>42.0</ele></trkpt>
<trkpt lat="52.564361" lon="13.393057"><ele>42.0</ele></trkpt>
<trkpt lat="52.564344" lon="13.393026"><ele>42.0</ele></trkpt>
<trkpt lat="52.564249" lon="13.392845"><ele>42.0</ele></trkpt>
<trkpt lat="52.564192" lon="13.392736"><ele>42.0</ele></trkpt>
<trkpt lat="52.564163" lon="13.392680"><ele>42.0</ele></trkpt>
<trkpt lat="52.564108" lon="13.392576"><ele>42.0</ele></trkpt>
<trkpt lat="52.563857" lon="13.392101"><ele>41.0</ele></trkpt>
<trkpt lat="52.563800" lon="13.391993"><ele>41.25</ele></trkpt>
<trkpt lat="52.563777" lon="13.391949"><ele>41.25</ele></trkpt>
<trkpt lat="52.563749" lon="13.391895"><ele>41.5</ele></trkpt>
<trkpt lat="52.563559" lon="13.391532"><ele>41.0</ele></trkpt>
<trkpt lat="52.563530" lon="13.391478"><ele>41.0</ele></trkpt>
<trkpt lat="52.563449" lon="13.391327"><ele>41.0</ele></trkpt>
<trkpt lat="52.563354" lon="13.391154"><ele>41.0</ele></trkpt>
<trkpt lat="52.563341" lon="13.391129"><ele>41.0</ele></trkpt>
<trkpt lat="52.563282" lon="13.391022"><ele>41.0</ele></trkpt>
<trkpt lat="52.563181" lon="13.390830"><ele>41.0</ele></trkpt>
<trkpt lat="52.563060" lon="13.390601"><ele>41.0</ele></trkpt>
<trkpt lat="52.562970" lon="13.390465"><ele>41.0</ele></trkpt>
<trkpt lat="52.562595" lon="13.389941"><ele>41.0</ele></trkpt>
<trkpt lat="52.562279" lon="13.389540"><ele>41.0</ele></trkpt>
<trkpt lat="52.562027" lon="13.389275"><ele>41.0</ele></trkpt>
<trkpt lat="52.561942" lon="13.389187"><ele>41.0</ele></trkpt>
<trkpt lat="52.561778" lon="13.389013"><ele>41.0</ele></trkpt>
<trkpt lat="52.561603" lon="13.388828"><ele>41.0</ele></trkpt>
<trkpt lat="52.561071" lon="13.388290"><ele>41.0</ele></trkpt>
<trkpt lat="52.561037" lon="13.388255"><ele>41.0</ele></trkpt>
<trkpt lat="52.560687" lon="13.387919"><ele>41.0</ele></trkpt>
<trkpt lat="52.560645" lon="13.387879"><ele>41.0</ele></trkpt>
<trkpt lat="52.560627" lon="13.387862"><ele>41.0</ele></trkpt>
<trkpt lat="52.560549" lon="13.387786"><ele>41.0</ele></trkpt>
<trkpt lat="52.560315" lon="13.387570"><ele>41.0</ele></trkpt>
<trkpt lat="52.560288" lon="13.387546"><ele>41.0</ele></trkpt>
<trkpt lat="52.560252" lon="13.387516"><ele>41.0</ele></trkpt>
<trkpt lat="52.560175" lon="13.387454"><ele>41.0</ele></trkpt>
<trkpt lat="52.559993" lon="13.387306"><ele>41.0</ele></trkpt>
<trkpt lat="52.559880" lon="13.387213"><ele>41.0</ele></trkpt>
<trkpt lat="52.559784" lon="13.387134"><ele>41.0</ele></trkpt>
<trkpt lat="52.559671" lon="13.387040"><ele>41.0</ele></trkpt>
<trkpt lat="52.559425" lon="13.386833"><ele>41.0</ele></trkpt>
<trkpt lat="52.559282" lon="13.386712"><ele>41.0</ele></trkpt>
<trkpt lat="52.559196" lon="13.386639"><ele>41.0</ele></trkpt>
<trkpt lat="52.559075" lon="13.386536"><ele>41.0</ele></trkpt>
<trkpt lat="52.558826" lon="13.386285"><ele>41.0</ele></trkpt>
<trkpt lat="52.558788" lon="13.386255"><ele>41.0</ele></trkpt>
<trkpt lat="52.558707" lon="13.386196"><ele>41.0</ele></trkpt>
<trkpt lat="52.558615" lon="13.386130"><ele>41.0</ele></trkpt>
<trkpt lat="52.558506" lon="13.386051"><ele>41.0</ele></trkpt>
<trkpt lat="52.558308" lon="13.385909"><ele>41.0</ele></trkpt>
<trkpt lat="52.558232" lon="13.385854"><ele>41.0</ele></trkpt>
<trkpt lat="52.557880" lon="13.385598"><ele>41.0</ele></trkpt>
<trkpt lat="52.557670" lon="13.385445"><ele>40.5</ele></trkpt>
<trkpt lat="52.557632" lon="13.385418"><ele>40.25</ele></trkpt>
<trkpt lat="52.557190" lon="13.385105"><ele>40.5</ele></trkpt>
<trkpt lat="52.557061" lon="13.385014"><ele>40.25</ele></trkpt>
<trkpt lat="52.556938" lon="13.384925"><ele>40.0</ele></trkpt>
<trkpt lat="52.556893" lon="13.384892"><ele>40.0</ele></trkpt>
<trkpt lat="52.556544" lon="13.384633"><ele>40.0</ele></trkpt>
<trkpt lat="52.556293" lon="13.384447"><ele>40.0</ele></trkpt>
<trkpt lat="52.556173" lon="13.384357"><ele>40.0</ele></trkpt>
<trkpt lat="52.556137" lon="13.384328"><ele>40.0</ele></trkpt>
<trkpt lat="52.556030" lon="13.384244"><ele>40.0</ele></trkpt>
<trkpt lat="52.555904" lon="13.384154"><ele>40.0</ele></trkpt>
<trkpt lat="52.555875" lon="13.384134"><ele>40.0</ele></trkpt>
<trkpt lat="52.555762" lon="13.384054"><ele>40.0</ele></trkpt>
<trkpt lat="52.555693" lon="13.384009"><ele>40.0</ele></trkpt>
<trkpt lat="52.555642" lon="13.383973"><ele>40.0</ele></trkpt>
<trkpt lat="52.555305" lon="13.383745"><ele>39.75</ele></trkpt>
<trkpt lat="52.555147" lon="13.383636"><ele>40.0</ele></trkpt>
<trkpt lat="52.555115" lon="13.383613"><ele>40.0</ele></trkpt>
<trkpt lat="52.555058" lon="13.383572"><ele>40.0</ele></trkpt>
<trkpt lat="52.554964" lon="13.383504"><ele>40.0</ele></trkpt>
<trkpt lat="52.554879" lon="13.383441"><ele>40.0</ele></trkpt>
<trkpt lat="52.554687" lon="13.383297"><ele>40.0</ele></trkpt>
<trkpt lat="52.554394" lon="13.383081"><ele>40.0</ele></trkpt>
<trkpt lat="52.554377" lon="13.383070"><ele>40.0</ele></trkpt>
<trkpt lat="52.553819" lon="13.382677"><ele>40.0</ele></trkpt>
<trkpt lat="52.553220" lon="13.382256"><ele>40.0</ele></trkpt>
<trkpt lat="52.552987" lon="13.382092"><ele>40.0</ele></trkpt>
<trkpt lat="52.552895" lon="13.382024"><ele>40.0</ele></trkpt>
<trkpt lat="52.552799" lon="13.381952"><ele>40.0</ele></trkpt>
<trkpt lat="52.552654" lon="13.381801"><ele>40.0</ele></trkpt>
<trkpt lat="52.552558" lon="13.381700"><ele>40.0</ele></trkpt>
<trkpt lat="52.552479" lon="13.381585"><ele>40.0</ele></trkpt>
<trkpt lat="52.552447" lon="13.381538"><ele>40.0</ele></trkpt>
<trkpt lat="52.552366" lon="13.381405"><ele>40.0</ele></trkpt>
<trkpt lat="52.552270" lon="13.381248"><ele>40.0</ele></trkpt>
<trkpt lat="52.552200" lon="13.381139"><ele>40.0</ele></trkpt>
<trkpt lat="52.551873" lon="13.380616"><ele>40.0</ele></trkpt>
<trkpt lat="52.551527" lon="13.380066"><ele>40.0</ele></trkpt>
<trkpt lat="52.551363" lon="13.379804"><ele>40.0</ele></trkpt>
<trkpt lat="52.550969" lon="13.379176"><ele>40.0</ele></trkpt>
<trkpt lat="52.550729" lon="13.378794"><ele>40.0</ele></trkpt>
<trkpt lat="52.550625" lon="13.378627"><ele>40.0</ele></trkpt>
<trkpt lat="52.550556" lon="13.378515"><ele>40.0</ele></trkpt>
<trkpt lat="52.550548" lon="13.378503"><ele>40.0</ele></trkpt>
<trkpt lat="52.550486" lon="13.378404"><ele>40.0</ele></trkpt>
<trkpt lat="52.550383" lon="13.378237"><ele>40.0</ele></trkpt>
<trkpt lat="52.550301" lon="13.378105"><ele>40.0</ele></trkpt>
<trkpt lat="52.550154" lon="13.377868"><ele>39.5</ele></trkpt>
<trkpt lat="52.550015" lon="13.377640"><ele>39.0</ele></trkpt>
<trkpt lat="52.549333" lon="13.376543"><ele>39.0</ele></trkpt>
<trkpt lat="52.549238" lon="13.376398"><ele>39.0</ele></trkpt>
<trkpt lat="52.549207" lon="13.376351"><ele>38.75</ele></trkpt>
<trkpt lat="52.549150" lon="13.376261"><ele>38.5</ele></trkpt>
<trkpt lat="52.549093" lon="13.376172"><ele>38.0</ele></trkpt>
<trkpt lat="52.548970" lon="13.375978"><ele>38.0</ele></trkpt>
<trkpt lat="52.548780" lon="13.375679"><ele>38.0</ele></trkpt>
<trkpt lat="52.548380" lon="13.375028"><ele>38.0</ele></trkpt>
<trkpt lat="52.548341" lon="13.374966"><ele>38.0</ele></trkpt>
<trkpt lat="52.547920" lon="13.374264"><ele>38.0</ele></trkpt>
<trkpt lat="52.547850" lon="13.374146"><ele>38.0</ele></trkpt>
<trkpt lat="52.547793" lon="13.374054"><ele>38.0</ele></trkpt>
<trkpt lat="52.547736" lon="13.373960"><ele>38.0</ele></trkpt>
<trkpt lat="52.547717" lon="13.373930"><ele>38.0</ele></trkpt>
<trkpt lat="52.547645" lon="13.373820"><ele>37.75</ele></trkpt>
<trkpt lat="52.547573" lon="13.373712"><ele>37.25</ele></trkpt>
<trkpt lat="52.547552" lon="13.373678"><ele>37.0</ele></trkpt>
<trkpt lat="52.547499" lon="13.373591"><ele>37.0</ele></trkpt>
<trkpt lat="52.547282" lon="13.373244"><ele>37.0</ele></trkpt>
<trkpt lat="52.547255" lon="13.373200"><ele>37.0</ele></trkpt>
<trkpt lat="52.547014" lon="13.372814"><ele>37.0</ele></trkpt>
<trkpt lat="52.546727" lon="13.372352"><ele>35.75</ele></trkpt>
<trkpt lat="52.546623" lon="13.372186"><ele>35.5</ele></trkpt>
<trkpt lat="52.546603" lon="13.372152"><ele>35.75</ele></trkpt>
<trkpt lat="52.546264" lon="13.371602"><ele>37.0</ele></trkpt>
<trkpt lat="52.546177" lon="13.371461"><ele>37.0</ele></trkpt>
<trkpt lat="52.546158" lon="13.371432"><ele>37.0</ele></trkpt>
<trkpt lat="52.546101" lon="13.371335"><ele>37.0</ele></trkpt>
<trkpt lat="52.546049" lon="13.371251"><ele>37.0</ele></trkpt>
<trkpt lat="52.545738" lon="13.370741"><ele>37.0</ele></trkpt>
<trkpt lat="52.545688" lon="13.370678"><ele>37.0</ele></trkpt>
<trkpt lat="52.545610" lon="13.370611"><ele>37.0</ele></trkpt>
<trkpt lat="52.545561" lon="13.370583"><ele>37.0</ele></trkpt>
<trkpt lat="52.545536" lon="13.370500"><ele>37.0</ele></trkpt>
<trkpt lat="52.545488" lon="13.370455"><ele>37.0</ele></trkpt>
<trkpt lat="52.545456" lon="13.370442"><ele>37.0</ele></trkpt>
<trkpt lat="52.545431" lon="13.370429"><ele>37.0</ele></trkpt>
<trkpt lat="52.545403" lon="13.370404"><ele>37.0</ele></trkpt>
<trkpt lat="52.545386" lon="13.370365"><ele>37.0</ele></trkpt>
<trkpt lat="52.545323" lon="13.370332"><ele>37.0</ele></trkpt>
<trkpt lat="52.545285" lon="13.370312"><ele>37.0</ele></trkpt>
<trkpt lat="52.545259" lon="13.370298"><ele>37.0</ele></trkpt>
<trkpt lat="52.545219" lon="13.370278"><ele>37.0</ele></trkpt>
<trkpt lat="52.545156" lon="13.370247"><ele>37.25</ele></trkpt>
<trkpt lat="52.545125" lon="13.370260"><ele>37.5</ele></trkpt>
<trkpt lat="52.544877" lon="13.370105"><ele>37.5</ele></trkpt>
<trkpt lat="52.544841" lon="13.370078"><ele>37.5</ele></trkpt>
<trkpt lat="52.544794" lon="13.370044"><ele>37.25</ele></trkpt>
<trkpt lat="52.544786" lon="13.370038"><ele>37.25</ele></trkpt>
<trkpt lat="52.544703" lon="13.369977"><ele>37.0</ele></trkpt>
<trkpt lat="52.544660" lon="13.369910"><ele>37.0</ele></trkpt>
<trkpt lat="52.544645" lon="13.369900"><ele>37.0</ele></trkpt>
<trkpt lat="52.544592" lon="13.369868"><ele>37.0</ele></trkpt>
<trkpt lat="52.544583" lon="13.369862"><ele>37.25</ele></trkpt>
<trkpt lat="52.544561" lon="13.369847"><ele>37.25</ele></trkpt>
<trkpt lat="52.544513" lon="13.369827"><ele>37.25</ele></trkpt>
<trkpt lat="52.544400" lon="13.369741"><ele>37.0</ele></trkpt>
<trkpt lat="52.544298" lon="13.369661"><ele>37.0</ele></trkpt>
<trkpt lat="52.544111" lon="13.369543"><ele>37.0</ele></trkpt>
<trkpt lat="52.543980" lon="13.369522"><ele>37.0</ele></trkpt>
<trkpt lat="52.543527" lon="13.369556"><ele>37.25</ele></trkpt>
<trkpt lat="52.543508" lon="13.369556"><ele>37.25</ele></trkpt>
<trkpt lat="52.543291" lon="13.369558"><ele>37.0</ele></trkpt>
<trkpt lat="52.543034" lon="13.369570"><ele>37.0</ele></trkpt>
<trkpt lat="52.542868" lon="13.369596"><ele>37.0</ele></trkpt>
<trkpt lat="52.542771" lon="13.369611"><ele>37.0</ele></trkpt>
<trkpt lat="52.542384" lon="13.369664"><ele>37.0</ele></trkpt>
<trkpt lat="52.542085" lon="13.369687"><ele>37.0</ele></trkpt>
<trkpt lat="52.542041" lon="13.369691"><ele>37.0</ele></trkpt>
<trkpt lat="52.542028" lon="13.369692"><ele>37.0</ele></trkpt>
<trkpt lat="52.541946" lon="13.369669"><ele>37.0</ele></trkpt>
<trkpt lat="52.541845" lon="13.369608"><ele>36.75</ele></trkpt>
<trkpt lat="52.541792" lon="13.369556"><ele>36.5</ele></trkpt>
<trkpt lat="52.541773" lon="13.369530"><ele>36.5</ele></trkpt>
<trkpt lat="52.541731" lon="13.369473"><ele>36.25</ele></trkpt>
<trkpt lat="52.541696" lon="13.369400"><ele>36.0</ele></trkpt>
<trkpt lat="52.541615" lon="13.369228"><ele>36.5</ele></trkpt>
<trkpt lat="52.541539" lon="13.369063"><ele>36.25</ele></trkpt>
<trkpt lat="52.541513" lon="13.368988"><ele>36.0</ele></trkpt>
<trkpt lat="52.541367" lon="13.368661"><ele>36.0</ele></trkpt>
<trkpt lat="52.541313" lon="13.368577"><ele>36.0</ele></trkpt>
<trkpt lat="52.541293" lon="13.368534"><ele>36.0</ele></trkpt>
<trkpt lat="52.541261" lon="13.368466"><ele>36.0</ele></trkpt>
<trkpt lat="52.541233" lon="13.368410"><ele>36.0</ele></trkpt>
<trkpt lat="52.541159" lon="13.368251"><ele>36.0</ele></trkpt>
<trkpt lat="52.541127" lon="13.368181"><ele>35.75</ele></trkpt>
<trkpt lat="52.541093" lon="13.368096"><ele>35.75</ele></trkpt>
<trkpt lat="52.541077" lon="13.368061"><ele>35.75</ele></trkpt>
<trkpt lat="52.540950" lon="13.367806"><ele>35.0</ele></trkpt>
<trkpt lat="52.540942" lon="13.367768"><ele>35.0</ele></trkpt>
<trkpt lat="52.540911" lon="13.367701"><ele>35.0</ele></trkpt>
<trkpt lat="52.540891" lon="13.367661"><ele>35.0</ele></trkpt>
<trkpt lat="52.540877" lon="13.367648"><ele>35.0</ele></trkpt>
<trkpt lat="52.540805" lon="13.367490"><ele>34.75</ele></trkpt>
<trkpt lat="52.540690" lon="13.367249"><ele>34.5</ele></trkpt>
<trkpt lat="52.540220" lon="13.366256"><ele>34.0</ele></trkpt>
<trkpt lat="52.539332" lon="13.364379"><ele>34.0</ele></trkpt>
<trkpt lat="52.539305" lon="13.364323"><ele>34.0</ele></trkpt>
<trkpt lat="52.538554" lon="13.362734"><ele>34.0</ele></trkpt>
<trkpt lat="52.538540" lon="13.362705"><ele>34.0</ele></trkpt>
<trkpt lat="52.538524" lon="13.362671"><ele>34.0</ele></trkpt>
<trkpt lat="52.538136" lon="13.361850"><ele>35.0</ele></trkpt>
<trkpt lat="52.538101" lon="13.361777"><ele>35.5</ele></trkpt>
<trkpt lat="52.537987" lon="13.361527"><ele>36.0</ele></trkpt>
<trkpt lat="52.537911" lon="13.361360"><ele>36.25</ele></trkpt>
<trkpt lat="52.537906" lon="13.361348"><ele>36.25</ele></trkpt>
<trkpt lat="52.537840" lon="13.361208"><ele>36.25</ele></trkpt>
<trkpt lat="52.537748" lon="13.361013"></trkpt>
<trkpt lat="52.537484" lon="13.360453"><ele>36.25</ele></trkpt>
<trkpt lat="52.537425" lon="13.360328"><ele>36.0</ele></trkpt>
<trkpt lat="52.537356" lon="13.360201"><ele>36.25</ele></trkpt>
<trkpt lat="52.537257" lon="13.360026"><ele>37.25</ele></trkpt>
<trkpt lat="52.537236" lon="13.359982"><ele>37.5</ele></trkpt>
<trkpt lat="52.536829" lon="13.359111"><ele>35.5</ele></trkpt>
<trkpt lat="52.536251" lon="13.357862"><ele>35.0</ele></trkpt>
<trkpt lat="52.536074" lon="13.357497"><ele>38.75</ele></trkpt>
<trkpt lat="52.536053" lon="13.357486"><ele>38.75</ele></trkpt>
<trkpt lat="52.535964" lon="13.357442"><ele>38.25</ele></trkpt>
<trkpt lat="52.535877" lon="13.357554"><ele>38.0</ele></trkpt>
<trkpt lat="52.535855" lon="13.357574"><ele>38.0</ele></trkpt>
<trkpt lat="52.535839" lon="13.357587"><ele>38.0</ele></trkpt>
<trkpt lat="52.535770" lon="13.357645"><ele>38.0</ele></trkpt>
<trkpt lat="52.535473" lon="13.357895"><ele>37.75</ele></trkpt>
<trkpt lat="52.535314" lon="13.358028"><ele>37.0</ele></trkpt>
<trkpt lat="52.534824" lon="13.358440"><ele>37.0</ele></trkpt>
<trkpt lat="52.534802" lon="13.358458"><ele>37.0</ele></trkpt>
<trkpt lat="52.534742" lon="13.358510"><ele>37.0</ele></trkpt>
<trkpt lat="52.534711" lon="13.358537"><ele>37.0</ele></trkpt>
<trkpt lat="52.534674" lon="13.358570"><ele>37.0</ele></trkpt>
<trkpt lat="52.534664" lon="13.358579"><ele>37.0</ele></trkpt>
<trkpt lat="52.534629" lon="13.358608"><ele>37.0</ele></trkpt>
<trkpt lat="52.534615" lon="13.358620"><ele>37.0</ele></trkpt>
<trkpt lat="52.534589" lon="13.358642"><ele>37.0</ele></trkpt>
<trkpt lat="52.534478" lon="13.358737"><ele>37.0</ele></trkpt>
<trkpt lat="52.534385" lon="13.358816"><ele>36.75</ele></trkpt>
<trkpt lat="52.534354" lon="13.358842"><ele>36.5</ele></trkpt>
<trkpt lat="52.534189" lon="13.358982"><ele>36.25</ele></trkpt>
<trkpt lat="52.534040" lon="13.359109"><ele>36.25</ele></trkpt>
<trkpt lat="52.533915" lon="13.359215"><ele>36.0</ele></trkpt>
<trkpt lat="52.533862" lon="13.359261"><ele>35.75</ele></trkpt>
<trkpt lat="52.533813" lon="13.359301"><ele>35.75</ele></trkpt>
<trkpt lat="52.533770" lon="13.359337"><ele>35.75</ele></trkpt>
<trkpt lat="52.533723" lon="13.359374"><ele>35.75</ele></trkpt>
<trkpt lat="52.533663" lon="13.359424"><ele>35.75</ele></trkpt>
<trkpt lat="52.533515" lon="13.359543"><ele>36.0</ele></trkpt>
<trkpt lat="52.533496" lon="13.359558"><ele>36.0</ele></trkpt>
<trkpt lat="52.533387" lon="13.359646"><ele>36.0</ele></trkpt>
<trkpt lat="52.533313" lon="13.359711"><ele>36.0</ele></trkpt>
<trkpt lat="52.533199" lon="13.359811"><ele>36.0</ele></trkpt>
<trkpt lat="52.533154" lon="13.359851"><ele>36.0</ele></trkpt>
<trkpt lat="52.533044" lon="13.359942"><ele>36.0</ele></trkpt>
<trkpt lat="52.532892" lon="13.360069"><ele>35.75</ele></trkpt>
<trkpt lat="52.532799" lon="13.360147"><ele>35.25</ele></trkpt>
<trkpt lat="52.532706" lon="13.360221"><ele>35.0</ele></trkpt>
<trkpt lat="52.532635" lon="13.360278"><ele>35.0</ele></trkpt>
<trkpt lat="52.532625" lon="13.360286"><ele>35.0</ele></trkpt>
<trkpt lat="52.532423" lon="13.360448"><ele>35.0</ele></trkpt>
<trkpt lat="52.532400" lon="13.360467"><ele>35.0</ele></trkpt>
<trkpt lat="52.532336" lon="13.360518"><ele>35.0</ele></trkpt>
<trkpt lat="52.532312" lon="13.360538"><ele>35.0</ele></trkpt>
<trkpt lat="52.532264" lon="13.360577"><ele>35.0</ele></trkpt>
<trkpt lat="52.531954" lon="13.360847"><ele>34.75</ele></trkpt>
<trkpt lat="52.531559" lon="13.361185"><ele>35.0</ele></trkpt>
<trkpt lat="52.531469" lon="13.361262"><ele>35.0</ele></trkpt>
<trkpt lat="52.531378" lon="13.361339"><ele>35.0</ele></trkpt>
<trkpt lat="52.531331" lon="13.361379"><ele>35.0</ele></trkpt>
<trkpt lat="52.531150" lon="13.361530"><ele>34.75</ele></trkpt>
<trkpt lat="52.531089" lon="13.361581"><ele>35.0</ele></trkpt>
<trkpt lat="52.530945" lon="13.361702"><ele>34.75</ele></trkpt>
<trkpt lat="52.530828" lon="13.361801"><ele>35.0</ele></trkpt>
<trkpt lat="52.530747" lon="13.361869"><ele>35.0</ele></trkpt>
<trkpt lat="52.530593" lon="13.361998"><ele>35.0</ele></trkpt>
<trkpt lat="52.530403" lon="13.362157"><ele>35.0</ele></trkpt>
<trkpt lat="52.530395" lon="13.362163"><ele>35.0</ele></trkpt>
<trkpt lat="52.530312" lon="13.362233"><ele>34.75</ele></trkpt>
<trkpt lat="52.530275" lon="13.362264"><ele>34.75</ele></trkpt>
<trkpt lat="52.530240" lon="13.362293"><ele>34.75</ele></trkpt>
<trkpt lat="52.530180" lon="13.362344"><ele>34.5</ele></trkpt>
<trkpt lat="52.530149" lon="13.362369"><ele>34.5</ele></trkpt>
<trkpt lat="52.530042" lon="13.362460"><ele>34.75</ele></trkpt>
<trkpt lat="52.530032" lon="13.362469"><ele>34.75</ele></trkpt>
<trkpt lat="52.529936" lon="13.362550"><ele>34.75</ele></trkpt>
<trkpt lat="52.529864" lon="13.362612"><ele>34.75</ele></trkpt>
<trkpt lat="52.529829" lon="13.362641"><ele>34.75</ele></trkpt>
<trkpt lat="52.529696" lon="13.362751"><ele>35.0</ele></trkpt>
<trkpt lat="52.529326" lon="13.363059"><ele>35.0</ele></trkpt>
<trkpt lat="52.528833" lon="13.363471"><ele>35.0</ele></trkpt>
<trkpt lat="52.528517" lon="13.363738"><ele>35.0</ele></trkpt>
<trkpt lat="52.528406" lon="13.363832"><ele>35.0</ele></trkpt>
<trkpt lat="52.528384" lon="13.363851"><ele>35.0</ele></trkpt>
<trkpt lat="52.528343" lon="13.363886"><ele>35.0</ele></trkpt>
<trkpt lat="52.528325" lon="13.363901"><ele>35.0</ele></trkpt>
<trkpt lat="52.528293" lon="13.363927"><ele>35.0</ele></trkpt>
<trkpt lat="52.528274" lon="13.363944"><ele>35.0</ele></trkpt>
<trkpt lat="52.528144" lon="13.364053"><ele>35.0</ele></trkpt>
<trkpt lat="52.528115" lon="13.364077"><ele>35.0</ele></trkpt>
<trkpt lat="52.527982" lon="13.364189"><ele>35.0</ele></trkpt>
<trkpt lat="52.527835" lon="13.364259"><ele>35.0</ele></trkpt>
<trkpt lat="52.527707" lon="13.364265"><ele>35.0</ele></trkpt>
<trkpt lat="52.527653" lon="13.364255"><ele>35.0</ele></trkpt>
<trkpt lat="52.527605" lon="13.364235"><ele>35.0</ele></trkpt>
<trkpt lat="52.527465" lon="13.364137"><ele>35.0</ele></trkpt>
<trkpt lat="52.527347" lon="13.364039"><ele>35.5</ele></trkpt>
<trkpt lat="52.527263" lon="13.364020"><ele>35.75</ele></trkpt>
<trkpt lat="52.527190" lon="13.364040"><ele>36.0</ele></trkpt>
<trkpt lat="52.527079" lon="13.364131"><ele>36.0</ele></trkpt>
<trkpt lat="52.527055" lon="13.364152"><ele>36.0</ele></trkpt>
<trkpt lat="52.526906" lon="13.364278"><ele>36.0</ele></trkpt>
<trkpt lat="52.526862" lon="13.364315"><ele>36.0</ele></trkpt>
<trkpt lat="52.526745" lon="13.364411"><ele>36.0</ele></trkpt>
<trkpt lat="52.526675" lon="13.364465"><ele>36.0</ele></trkpt>
<trkpt lat="52.526597" lon="13.364530"><ele>36.0</ele></trkpt>
<trkpt lat="52.526377" lon="13.364712"><ele>36.0</ele></trkpt>
<trkpt lat="52.526368" lon="13.364719"><ele>36.0</ele></trkpt>
<trkpt lat="52.526293" lon="13.364782"><ele>36.0</ele></trkpt>
<trkpt lat="52.526227" lon="13.364836"><ele>36.0</ele></trkpt>
<trkpt lat="52.526210" lon="13.364850"><ele>36.0</ele></trkpt>
<trkpt lat="52.526039" lon="13.364991"><ele>36.0</ele></trkpt>
<trkpt lat="52.525927" lon="13.365083"><ele>36.0</ele></trkpt>
<trkpt lat="52.525861" lon="13.365138"><ele>36.0</ele></trkpt>
<trkpt lat="52.525849" lon="13.365148"><ele>36.0</ele></trkpt>
<trkpt lat="52.525745" lon="13.365234"><ele>36.0</ele></trkpt>
<trkpt lat="52.525639" lon="13.365324"><ele>36.0</ele></trkpt>
<trkpt lat="52.525462" lon="13.365472"><ele>35.75</ele></trkpt>
<trkpt lat="52.525434" lon="13.365497"><ele>35.75</ele></trkpt>
<trkpt lat="52.525375" lon="13.365607"><ele>36.0</ele></trkpt>
<trkpt lat="52.525337" lon="13.365679"><ele>36.0</ele></trkpt>
<trkpt lat="52.525313" lon="13.365723"><ele>36.0</ele></trkpt>
<trkpt lat="52.525265" lon="13.365814"><ele>35.75</ele></trkpt>
<trkpt lat="52.525190" lon="13.365955"><ele>35.25</ele></trkpt>
<trkpt lat="52.525152" lon="13.365984"><ele>35.25</ele></trkpt>
<trkpt lat="52.525041" lon="13.366058"><ele>35.0</ele></trkpt>
<trkpt lat="52.524951" lon="13.366099"><ele>35.0</ele></trkpt>
<trkpt lat="52.524694" lon="13.366120"><ele>34.75</ele></trkpt>
<trkpt lat="52.524633" lon="13.366125"><ele>34.5</ele></trkpt>
<trkpt lat="52.524600" lon="13.366127"><ele>34.5</ele></trkpt>
<trkpt lat="52.524561" lon="13.366130"><ele>34.25</ele></trkpt>
<trkpt lat="52.524539" lon="13.366132"><ele>34.25</ele></trkpt>
<trkpt lat="52.524203" lon="13.366157"><ele>34.0</ele></trkpt>
<trkpt lat="52.524046" lon="13.366169"><ele>34.0</ele></trkpt>
<trkpt lat="52.523929" lon="13.366178"><ele>34.0</ele></trkpt>
<trkpt lat="52.523824" lon="13.366181"><ele>34.0</ele></trkpt>
<trkpt lat="52.523751" lon="13.366182"><ele>34.0</ele></trkpt>
<trkpt lat="52.523386" lon="13.366191"><ele>34.0</ele></trkpt>
<trkpt lat="52.523268" lon="13.366194"><ele>34.0</ele></trkpt>
<trkpt lat="52.523268" lon="13.366219"><ele>34.0</ele></trkpt>
<trkpt lat="52.523269" lon="13.366306"><ele>34.0</ele></trkpt>
<trkpt lat="52.523269" lon="13.366352"><ele>34.0</ele></trkpt>
<trkpt lat="52.523269" lon="13.366390"><ele>34.0</ele></trkpt>
<trkpt lat="52.523270" lon="13.367021"><ele>34.75</ele></trkpt>
<trkpt lat="52.523270" lon="13.367101"><ele>35.0</ele></trkpt>
<trkpt lat="52.523271" lon="13.367228"><ele>35.0</ele></trkpt>
<trkpt lat="52.523270" lon="13.367343"><ele>35.0</ele></trkpt>
<trkpt lat="52.523266" lon="13.368134"><ele>35.0</ele></trkpt>
<trkpt lat="52.523266" lon="13.368245"><ele>35.0</ele></trkpt>
<trkpt lat="52.523250" lon="13.368245"><ele>35.0</ele></trkpt>
<trkpt lat="52.523194" lon="13.368245"><ele>35.25</ele></trkpt>
<trkpt lat="52.523145" lon="13.368245"><ele>35.25</ele></trkpt>
<trkpt lat="52.522965" lon="13.368245"><ele>35.75</ele></trkpt>
<trkpt lat="52.522637" lon="13.368246"><ele>36.5</ele></trkpt>
<trkpt lat="52.522604" lon="13.368259"><ele>36.5</ele></trkpt>
<trkpt lat="52.522518" lon="13.368295"><ele>36.75</ele></trkpt>
<trkpt lat="52.522459" lon="13.368196"><ele>36.75</ele></trkpt>
<trkpt lat="52.522428" lon="13.368158"><ele>36.75</ele></trkpt>
<trkpt lat="52.522382" lon="13.368117"><ele>36.75</ele></trkpt>
<trkpt lat="52.522318" lon="13.368040"><ele>37.0</ele></trkpt>
<trkpt lat="52.522194" lon="13.368200"><ele>35.5</ele></trkpt>
<trkpt lat="52.522180" lon="13.368226"><ele>35.25</ele></trkpt>
<trkpt lat="52.522157" lon="13.368270"><ele>34.75</ele></trkpt>
<trkpt lat="52.521592" lon="13.369266"><ele>34.75</ele></trkpt>
<trkpt lat="52.521583" lon="13.369284"><ele>35.0</ele></trkpt>
<trkpt lat="52.521505" lon="13.369427"><ele>36.75</ele></trkpt>
<trkpt lat="52.521489" lon="13.369457"><ele>36.75</ele></trkpt>
<trkpt lat="52.521267" lon="13.369864"><ele>36.0</ele></trkpt>
<trkpt lat="52.521160" lon="13.370060"><ele>35.75</ele></trkpt>
<trkpt lat="52.520986" lon="13.370379"><ele>35.0</ele></trkpt>
<trkpt lat="52.520921" lon="13.370499"><ele>35.0</ele></trkpt>
<trkpt lat="52.520746" lon="13.370816"><ele>35.0</ele></trkpt>
<trkpt lat="52.520717" lon="13.370865"><ele>35.0</ele></trkpt>
<trkpt lat="52.520676" lon="13.370865"><ele>35.0</ele></trkpt>
<trkpt lat="52.519646" lon="13.370864"><ele>35.0</ele></trkpt>
<trkpt lat="52.519570" lon="13.370864"><ele>35.0</ele></trkpt>
<trkpt lat="52.519509" lon="13.370864"><ele>35.0</ele></trkpt>
<trkpt lat="52.519401" lon="13.370864"><ele>34.75</ele></trkpt>
<trkpt lat="52.519331" lon="13.370863"><ele>34.5</ele></trkpt>
<trkpt lat="52.517908" lon="13.370847"><ele>34.0</ele></trkpt>
<trkpt lat="52.517875" lon="13.370847"><ele>34.0</ele></trkpt>
<trkpt lat="52.517779" lon="13.370813"><ele>34.0</ele></trkpt>
<trkpt lat="52.517779" lon="13.370982"><ele>34.0</ele></trkpt>
<trkpt lat="52.517778" lon="13.371258"><ele>34.0</ele></trkpt>
<trkpt lat="52.517777" lon="13.371671"><ele>34.0</ele></trkpt>
<trkpt lat="52.517771" lon="13.372955"><ele>34.0</ele></trkpt>
<trkpt lat="52.517770" lon="13.373334"><ele>34.0</ele></trkpt>
<trkpt lat="52.517769" lon="13.373645"><ele>34.0</ele></trkpt>
<trkpt lat="52.517765" lon="13.374418"><ele>34.0</ele></trkpt>
<trkpt lat="52.517764" lon="13.374567"><ele>34.0</ele></trkpt>
<trkpt lat="52.517764" lon="13.374759"><ele>34.0</ele></trkpt>
<trkpt lat="52.517764" lon="13.374891"><ele>34.0</ele></trkpt>
<trkpt lat="52.517763" lon="13.375399"><ele>34.0</ele></trkpt>
<trkpt lat="52.517759" lon="13.376500"><ele>35.0</ele></trkpt>
<trkpt lat="52.517759" lon="13.376686"><ele>35.0</ele></trkpt>
<trkpt lat="52.517759" lon="13.376766"><ele>35.0</ele></trkpt>
<trkpt lat="52.517758" lon="13.376834"><ele>35.0</ele></trkpt>
<trkpt lat="52.517782" lon="13.376970"><ele>35.0</ele></trkpt>
<trkpt lat="52.517809" lon="13.377109"><ele>35.0</ele></trkpt>
<trkpt lat="52.517834" lon="13.377203"><ele>35.0</ele></trkpt>
<trkpt lat="52.517869" lon="13.377403"><ele>35.0</ele></trkpt>
<trkpt lat="52.517932" lon="13.378316"><ele>34.0</ele></trkpt>
<trkpt lat="52.518059" lon="13.380179"><ele>34.0</ele></trkpt>
<trkpt lat="52.518060" lon="13.380269"><ele>34.0</ele></trkpt>
<trkpt lat="52.518063" lon="13.380310"><ele>34.0</ele></trkpt>
<trkpt lat="52.518071" lon="13.380449"><ele>34.0</ele></trkpt>
<trkpt lat="52.518008" lon="13.380460"><ele>34.0</ele></trkpt>
<trkpt lat="52.517987" lon="13.380464"><ele>34.0</ele></trkpt>
<trkpt lat="52.517625" lon="13.380534"><ele>34.0</ele></trkpt>
<trkpt lat="52.517386" lon="13.380580"><ele>34.0</ele></trkpt>
<trkpt lat="52.517150" lon="13.380625"><ele>34.0</ele></trkpt>
<trkpt lat="52.517126" lon="13.380630"><ele>34.0</ele></trkpt>
<trkpt lat="52.517085" lon="13.380637"><ele>34.0</ele></trkpt>
<trkpt lat="52.516772" lon="13.380696"><ele>34.0</ele></trkpt>
<trkpt lat="52.516706" lon="13.380710"><ele>34.0</ele></trkpt>
<trkpt lat="52.516619" lon="13.380735"><ele>34.0</ele></trkpt>
<trkpt lat="52.516488" lon="13.380795"><ele>34.0</ele></trkpt>
<trkpt lat="52.516346" lon="13.380859"><ele>34.0</ele></trkpt>
<trkpt lat="52.516271" lon="13.380892"><ele>34.0</ele></trkpt>
<trkpt lat="52.516231" lon="13.380911"><ele>34.0</ele></trkpt>
<trkpt lat="52.516210" lon="13.380920"><ele>34.0</ele></trkpt>
<trkpt lat="52.516094" lon="13.380982"><ele>34.0</ele></trkpt>
<trkpt lat="52.515710" lon="13.381185"><ele>34.0</ele></trkpt>
<trkpt lat="52.515293" lon="13.381406"><ele>34.0</ele></trkpt>
<trkpt lat="52.515250" lon="13.381428"><ele>34.0</ele></trkpt>
<trkpt lat="52.515232" lon="13.381437"><ele>34.0</ele></trkpt>
<trkpt lat="52.515133" lon="13.381489"><ele>34.0</ele></trkpt>
<trkpt lat="52.515157" lon="13.381671"><ele>34.0</ele></trkpt>
<trkpt lat="52.515170" lon="13.381815"><ele>34.0</ele></trkpt>
<trkpt lat="52.515192" lon="13.382141"><ele>34.0</ele></trkpt>
<trkpt lat="52.515203" lon="13.382302"><ele>33.75</ele></trkpt>
<trkpt lat="52.515258" lon="13.383132"><ele>33.0</ele></trkpt>
<trkpt lat="52.515266" lon="13.383239"><ele>33.0</ele></trkpt>
<trkpt lat="52.515270" lon="13.383309"><ele>33.0</ele></trkpt>
<trkpt lat="52.515334" lon="13.384259"><ele>33.25</ele></trkpt>
<trkpt lat="52.515334" lon="13.384265"><ele>33.25</ele></trkpt>
<trkpt lat="52.515338" lon="13.384327"><ele>33.5</ele></trkpt>
<trkpt lat="52.515342" lon="13.384388"><ele>33.75</ele></trkpt>
<trkpt lat="52.515349" lon="13.384499"><ele>34.0</ele></trkpt>
<trkpt lat="52.515359" lon="13.384647"><ele>34.0</ele></trkpt>
<trkpt lat="52.515421" lon="13.385594"><ele>34.0</ele></trkpt>
<trkpt lat="52.515433" lon="13.385774"><ele>34.0</ele></trkpt>
<trkpt lat="52.515437" lon="13.385837"><ele>34.0</ele></trkpt>
<trkpt lat="52.515451" lon="13.386058"><ele>34.0</ele></trkpt>
<trkpt lat="52.515463" lon="13.386229"><ele>34.0</ele></trkpt>
<trkpt lat="52.515466" lon="13.386289"><ele>34.0</ele></trkpt>
<trkpt lat="52.515484" lon="13.386561"><ele>34.0</ele></trkpt>
<trkpt lat="52.515495" lon="13.386728"><ele>34.0</ele></trkpt>
<trkpt lat="52.515514" lon="13.387020"><ele>34.0</ele></trkpt>
<trkpt lat="52.515519" lon="13.387104"><ele>34.0</ele></trkpt>
<trkpt lat="52.515538" lon="13.387393"><ele>34.0</ele></trkpt>
<trkpt lat="52.515553" lon="13.387620"><ele>34.0</ele></trkpt>
<trkpt lat="52.515565" lon="13.387819"><ele>33.75</ele></trkpt>
<trkpt lat="52.515586" lon="13.388136"><ele>34.0</ele></trkpt>
<trkpt lat="52.515599" lon="13.388339"><ele>34.0</ele></trkpt>
<trkpt lat="52.515627" lon="13.388776"><ele>34.0</ele></trkpt>
<trkpt lat="52.515631" lon="13.388831"><ele>34.0</ele></trkpt>
<trkpt lat="52.515636" lon="13.388906"><ele>34.0</ele></trkpt>
<trkpt lat="52.515644" lon="13.389037"><ele>34.0</ele></trkpt>
<trkpt lat="52.515653" lon="13.389179"><ele>34.0</ele></trkpt>
<trkpt lat="52.515659" lon="13.389264"><ele>34.0</ele></trkpt>
<trkpt lat="52.515694" lon="13.389849"><ele>34.0</ele></trkpt>
<trkpt lat="52.515750" lon="13.390782"><ele>34.0</ele></trkpt>
<trkpt lat="52.515751" lon="13.390806"><ele>34.0</ele></trkpt>
<trkpt lat="52.515756" lon="13.390915"><ele>34.0</ele></trkpt>
<trkpt lat="52.515764" lon="13.391107"><ele>34.0</ele></trkpt>
<trkpt lat="52.515766" lon="13.391132"><ele>34.0</ele></trkpt>
<trkpt lat="52.515785" lon="13.391426"><ele>34.0</ele></trkpt>
<trkpt lat="52.515850" lon="13.392473"><ele>34.0</ele></trkpt>
<trkpt lat="52.515864" lon="13.392698"><ele>34.0</ele></trkpt>
<trkpt lat="52.515867" lon="13.392745"><ele>34.0</ele></trkpt>
<trkpt lat="52.515875" lon="13.392869"><ele>34.0</ele></trkpt>
<trkpt lat="52.515803" lon="13.392883"><ele>34.0</ele></trkpt>
<trkpt lat="52.515090" lon="13.393010"><ele>34.0</ele></trkpt>
<trkpt lat="52.515080" lon="13.393012"><ele>34.0</ele></trkpt>
<trkpt lat="52.515062" lon="13.393015"><ele>34.0</ele></trkpt>
<trkpt lat="52.514999" lon="13.393028"><ele>34.0</ele></trkpt>
<trkpt lat="52.515007" lon="13.393149"><ele>33.75</ele></trkpt>
<trkpt lat="52.515009" lon="13.393184"><ele>33.75</ele></trkpt>
<trkpt lat="52.515021" lon="13.393412"><ele>33.75</ele></trkpt>
<trkpt lat="52.515100" lon="13.394627"><ele>34.0</ele></trkpt>
<trkpt lat="52.515105" lon="13.394711"><ele>34.0</ele></trkpt>
<trkpt lat="52.515132" lon="13.395113"><ele>34.0</ele></trkpt>
<trkpt lat="52.515157" lon="13.395520"><ele>34.0</ele></trkpt>
<trkpt lat="52.515170" lon="13.395714"><ele>34.0</ele></trkpt>
<trkpt lat="52.515231" lon="13.396676"><ele>34.0</ele></trkpt>
<trkpt lat="52.515236" lon="13.396757"><ele>34.0</ele></trkpt>
<trkpt lat="52.515316" lon="13.396740"><ele>34.0</ele></trkpt>
<trkpt lat="52.515356" lon="13.396730"><ele>34.0</ele></trkpt>
<trkpt lat="52.515389" lon="13.396723"><ele>34.0</ele></trkpt>
<trkpt lat="52.515475" lon="13.396703"><ele>34.0</ele></trkpt>
<trkpt lat="52.515593" lon="13.396676"><ele>34.0</ele></trkpt>
<trkpt lat="52.515685" lon="13.396655"><ele>34.0</ele></trkpt>
<trkpt lat="52.516063" lon="13.396570"><ele>34.0</ele></trkpt>
<trkpt lat="52.516243" lon="13.396532"><ele>34.0</ele></trkpt>
<trkpt lat="52.516315" lon="13.396517"><ele>34.25</ele></trkpt>
<trkpt lat="52.516393" lon="13.396502"><ele>34.25</ele></trkpt>
<trkpt lat="52.516563" lon="13.396468"><ele>34.25</ele></trkpt>
<trkpt lat="52.517017" lon="13.396379"><ele>34.0</ele></trkpt>
<trkpt lat="52.517091" lon="13.396363"><ele>34.0</ele></trkpt>
<trkpt lat="52.517341" lon="13.396313"><ele>34.0</ele></trkpt>
<trkpt lat="52.517353" lon="13.396310"><ele>34.0</ele></trkpt>
<trkpt lat="52.517378" lon="13.396305"><ele>34.0</ele></trkpt>
<trkpt lat="52.517422" lon="13.396297"><ele>34.0</ele></trkpt>
<trkpt lat="52.517532" lon="13.396274"><ele>34.0</ele></trkpt>
<trkpt lat="52.517597" lon="13.396260"><ele>34.0</ele></trkpt>
<trkpt lat="52.517624" lon="13.396254"><ele>34.0</ele></trkpt>
<trkpt lat="52.517693" lon="13.396240"><ele>34.0</ele></trkpt>
<trkpt lat="52.517878" lon="13.396203"><ele>34.0</ele></trkpt>
<trkpt lat="52.518328" lon="13.396114"><ele>34.0</ele></trkpt>
<trkpt lat="52.518358" lon="13.396108"><ele>34.0</ele></trkpt>
<trkpt lat="52.518446" lon="13.396090"><ele>34.0</ele></trkpt>
<trkpt lat="52.518508" lon="13.396078"><ele>34.0</ele></trkpt>
<trkpt lat="52.518549" lon="13.396069"><ele>34.0</ele></trkpt>
<trkpt lat="52.518709" lon="13.396037"><ele>34.0</ele></trkpt>
<trkpt lat="52.518744" lon="13.396030"><ele>34.0</ele></trkpt>
<trkpt lat="52.518815" lon="13.396033"><ele>34.0</ele></trkpt>
<trkpt lat="52.518836" lon="13.396049"><ele>34.0</ele></trkpt>
<trkpt lat="52.518857" lon="13.396077"><ele>34.0</ele></trkpt>
<trkpt lat="52.518894" lon="13.396167"><ele>34.0</ele></trkpt>
<trkpt lat="52.519094" lon="13.396683"><ele>34.75</ele></trkpt>
<trkpt lat="52.519118" lon="13.396745"><ele>34.75</ele></trkpt>
<trkpt lat="52.519165" lon="13.396885"><ele>34.75</ele></trkpt>
<trkpt lat="52.519237" lon="13.397109"><ele>34.5</ele></trkpt>
<trkpt lat="52.519272" lon="13.397210"><ele>33.75</ele></trkpt>
<trkpt lat="52.519296" lon="13.397282"><ele>33.25</ele></trkpt>
<trkpt lat="52.519301" lon="13.397295"><ele>33.0</ele></trkpt>
<trkpt lat="52.519403" lon="13.397578"><ele>32.5</ele></trkpt>
<trkpt lat="52.519436" lon="13.397665"><ele>33.5</ele></trkpt>
<trkpt lat="52.519469" lon="13.397751"><ele>34.5</ele></trkpt>
<trkpt lat="52.519514" lon="13.397871"><ele>34.25</ele></trkpt>
<trkpt lat="52.519594" lon="13.398079"><ele>34.0</ele></trkpt>
<trkpt lat="52.519853" lon="13.398729"><ele>34.25</ele></trkpt>
<trkpt lat="52.520032" lon="13.399192"><ele>34.0</ele></trkpt>
<trkpt lat="52.520212" lon="13.399573"><ele>34.75</ele></trkpt>
<trkpt lat="52.520332" lon="13.399821"><ele>34.25</ele></trkpt>
<trkpt lat="52.520385" lon="13.399934"><ele>33.5</ele></trkpt>
<trkpt lat="52.520174" lon="13.399949"><ele>35.0</ele></trkpt>
<trkpt lat="52.519999" lon="13.399993"><ele>34.75</ele></trkpt>
</trkseg></trk></gpx>
